Assembly_name	Original_file_name	taxid	num_SCG_hits	uniq_SCG_hits	perc_comp	perc_redund
GCF_000259405.1	/home/bacte/bacillus_amr/06_phylogeny/proteins_unique/GCF_000259405.1.faa	NA	118	117	99.16	0.84
GCF_000262385.1	/home/bacte/bacillus_amr/06_phylogeny/proteins_unique/GCF_000262385.1.faa	NA	117	116	98.32	0.84
GCF_000385965.2	/home/bacte/bacillus_amr/06_phylogeny/proteins_unique/GCF_000385965.2.faa	NA	116	116	97.48	0.00
GCF_000444215.1	/home/bacte/bacillus_amr/06_phylogeny/proteins_unique/GCF_000444215.1.faa	NA	117	116	98.32	0.84
GCF_000465655.1	/home/bacte/bacillus_amr/06_phylogeny/proteins_unique/GCF_000465655.1.faa	NA	118	117	99.16	0.84
GCF_000706705.1	/home/bacte/bacillus_amr/06_phylogeny/proteins_unique/GCF_000706705.1.faa	NA	119	119	100.00	0.00
GCF_000786145.2	/home/bacte/bacillus_amr/06_phylogeny/proteins_unique/GCF_000786145.2.faa	NA	118	117	99.16	0.84
GCF_000817575.1	/home/bacte/bacillus_amr/06_phylogeny/proteins_unique/GCF_000817575.1.faa	NA	118	117	99.16	0.84
GCF_000833005.1	/home/bacte/bacillus_amr/06_phylogeny/proteins_unique/GCF_000833005.1.faa	NA	118	117	99.16	0.84
GCF_000875875.2	/home/bacte/bacillus_amr/06_phylogeny/proteins_unique/GCF_000875875.2.faa	NA	118	117	99.16	0.84
GCF_000931375.1	/home/bacte/bacillus_amr/06_phylogeny/proteins_unique/GCF_000931375.1.faa	NA	119	118	100.00	0.84
GCF_000960265.2	/home/bacte/bacillus_amr/06_phylogeny/proteins_unique/GCF_000960265.2.faa	NA	118	117	99.16	0.84
GCF_001017635.1	/home/bacte/bacillus_amr/06_phylogeny/proteins_unique/GCF_001017635.1.faa	NA	117	117	98.32	0.00
GCF_001023595.1	/home/bacte/bacillus_amr/06_phylogeny/proteins_unique/GCF_001023595.1.faa	NA	118	117	99.16	0.84
GCF_001029865.1	/home/bacte/bacillus_amr/06_phylogeny/proteins_unique/GCF_001029865.1.faa	NA	119	119	100.00	0.00
GCF_001029875.1	/home/bacte/bacillus_amr/06_phylogeny/proteins_unique/GCF_001029875.1.faa	NA	119	118	100.00	1.68
GCF_001175005.1	/home/bacte/bacillus_amr/06_phylogeny/proteins_unique/GCF_001175005.1.faa	NA	118	117	99.16	0.84
GCF_001275045.2	/home/bacte/bacillus_amr/06_phylogeny/proteins_unique/GCF_001275045.2.faa	NA	119	117	100.00	1.68
GCF_001278635.1	/home/bacte/bacillus_amr/06_phylogeny/proteins_unique/GCF_001278635.1.faa	NA	118	116	99.16	1.68
GCF_001431285.1	/home/bacte/bacillus_amr/06_phylogeny/proteins_unique/GCF_001431285.1.faa	NA	118	117	99.16	0.84
GCF_001461835.1	/home/bacte/bacillus_amr/06_phylogeny/proteins_unique/GCF_001461835.1.faa	NA	119	118	100.00	0.84
GCF_001469675.1	/home/bacte/bacillus_amr/06_phylogeny/proteins_unique/GCF_001469675.1.faa	NA	118	117	99.16	0.84
GCF_001517185.1	/home/bacte/bacillus_amr/06_phylogeny/proteins_unique/GCF_001517185.1.faa	NA	118	117	99.16	0.84
GCF_001578205.1	/home/bacte/bacillus_amr/06_phylogeny/proteins_unique/GCF_001578205.1.faa	NA	119	118	100.00	0.84
GCF_001579695.1	/home/bacte/bacillus_amr/06_phylogeny/proteins_unique/GCF_001579695.1.faa	NA	119	117	100.00	1.68
GCF_001593395.2	/home/bacte/bacillus_amr/06_phylogeny/proteins_unique/GCF_001593395.2.faa	NA	118	117	99.16	0.84
GCF_001604995.1	/home/bacte/bacillus_amr/06_phylogeny/proteins_unique/GCF_001604995.1.faa	NA	119	119	100.00	0.00
GCF_001617995.1	/home/bacte/bacillus_amr/06_phylogeny/proteins_unique/GCF_001617995.1.faa	NA	118	117	99.16	0.84
GCF_001625135.1	/home/bacte/bacillus_amr/06_phylogeny/proteins_unique/GCF_001625135.1.faa	NA	119	119	100.00	0.00
GCF_001678165.1	/home/bacte/bacillus_amr/06_phylogeny/proteins_unique/GCF_001678165.1.faa	NA	113	113	94.96	0.00
GCF_001679765.1	/home/bacte/bacillus_amr/06_phylogeny/proteins_unique/GCF_001679765.1.faa	NA	118	118	99.16	0.00
GCF_001685645.1	/home/bacte/bacillus_amr/06_phylogeny/proteins_unique/GCF_001685645.1.faa	NA	118	117	99.16	0.84
GCF_001756265.1	/home/bacte/bacillus_amr/06_phylogeny/proteins_unique/GCF_001756265.1.faa	NA	119	117	100.00	1.68
GCF_001757675.1	/home/bacte/bacillus_amr/06_phylogeny/proteins_unique/GCF_001757675.1.faa	NA	119	119	100.00	0.00
GCF_001757685.1	/home/bacte/bacillus_amr/06_phylogeny/proteins_unique/GCF_001757685.1.faa	NA	119	119	100.00	0.00
GCF_001757695.1	/home/bacte/bacillus_amr/06_phylogeny/proteins_unique/GCF_001757695.1.faa	NA	119	118	100.00	0.84
GCF_001757745.1	/home/bacte/bacillus_amr/06_phylogeny/proteins_unique/GCF_001757745.1.faa	NA	119	119	100.00	0.00
GCF_001757785.1	/home/bacte/bacillus_amr/06_phylogeny/proteins_unique/GCF_001757785.1.faa	NA	119	117	100.00	1.68
GCF_001757825.1	/home/bacte/bacillus_amr/06_phylogeny/proteins_unique/GCF_001757825.1.faa	NA	119	117	100.00	1.68
GCF_001757835.1	/home/bacte/bacillus_amr/06_phylogeny/proteins_unique/GCF_001757835.1.faa	NA	119	118	100.00	0.84
GCF_001757845.1	/home/bacte/bacillus_amr/06_phylogeny/proteins_unique/GCF_001757845.1.faa	NA	119	118	100.00	0.84
GCF_001757875.1	/home/bacte/bacillus_amr/06_phylogeny/proteins_unique/GCF_001757875.1.faa	NA	119	117	100.00	1.68
GCF_001757905.1	/home/bacte/bacillus_amr/06_phylogeny/proteins_unique/GCF_001757905.1.faa	NA	119	117	100.00	1.68
GCF_001757915.1	/home/bacte/bacillus_amr/06_phylogeny/proteins_unique/GCF_001757915.1.faa	NA	119	117	100.00	1.68
GCF_001757935.1	/home/bacte/bacillus_amr/06_phylogeny/proteins_unique/GCF_001757935.1.faa	NA	119	117	100.00	1.68
GCF_001757965.1	/home/bacte/bacillus_amr/06_phylogeny/proteins_unique/GCF_001757965.1.faa	NA	119	117	100.00	1.68
GCF_001757985.1	/home/bacte/bacillus_amr/06_phylogeny/proteins_unique/GCF_001757985.1.faa	NA	119	117	100.00	1.68
GCF_001757995.1	/home/bacte/bacillus_amr/06_phylogeny/proteins_unique/GCF_001757995.1.faa	NA	119	118	100.00	0.84
GCF_001758015.1	/home/bacte/bacillus_amr/06_phylogeny/proteins_unique/GCF_001758015.1.faa	NA	119	117	100.00	1.68
GCF_001855755.1	/home/bacte/bacillus_amr/06_phylogeny/proteins_unique/GCF_001855755.1.faa	NA	119	117	100.00	1.68
GCF_001866745.1	/home/bacte/bacillus_amr/06_phylogeny/proteins_unique/GCF_001866745.1.faa	NA	118	116	99.16	1.68
GCF_001874385.1	/home/bacte/bacillus_amr/06_phylogeny/proteins_unique/GCF_001874385.1.faa	NA	118	117	99.16	0.84
GCF_001876545.1	/home/bacte/bacillus_amr/06_phylogeny/proteins_unique/GCF_001876545.1.faa	NA	119	114	100.00	4.20
GCF_001876555.1	/home/bacte/bacillus_amr/06_phylogeny/proteins_unique/GCF_001876555.1.faa	NA	119	116	100.00	2.52
GCF_001876575.1	/home/bacte/bacillus_amr/06_phylogeny/proteins_unique/GCF_001876575.1.faa	NA	119	116	100.00	2.52
GCF_001876655.1	/home/bacte/bacillus_amr/06_phylogeny/proteins_unique/GCF_001876655.1.faa	NA	119	117	100.00	1.68
GCF_001880125.1	/home/bacte/bacillus_amr/06_phylogeny/proteins_unique/GCF_001880125.1.faa	NA	119	119	100.00	0.00
GCF_002068155.1	/home/bacte/bacillus_amr/06_phylogeny/proteins_unique/GCF_002068155.1.faa	NA	119	118	100.00	0.84
GCF_002072695.1	/home/bacte/bacillus_amr/06_phylogeny/proteins_unique/GCF_002072695.1.faa	NA	118	117	99.16	0.84
GCF_002072735.1	/home/bacte/bacillus_amr/06_phylogeny/proteins_unique/GCF_002072735.1.faa	NA	119	119	100.00	0.00
GCF_002105595.1	/home/bacte/bacillus_amr/06_phylogeny/proteins_unique/GCF_002105595.1.faa	NA	118	117	99.16	0.84
GCF_002117165.1	/home/bacte/bacillus_amr/06_phylogeny/proteins_unique/GCF_002117165.1.faa	NA	118	117	99.16	0.84
GCF_002142595.1	/home/bacte/bacillus_amr/06_phylogeny/proteins_unique/GCF_002142595.1.faa	NA	119	119	100.00	0.00
GCF_002146655.1	/home/bacte/bacillus_amr/06_phylogeny/proteins_unique/GCF_002146655.1.faa	NA	119	118	100.00	0.84
GCF_002192235.1	/home/bacte/bacillus_amr/06_phylogeny/proteins_unique/GCF_002192235.1.faa	NA	118	117	99.16	0.84
GCF_002204665.1	/home/bacte/bacillus_amr/06_phylogeny/proteins_unique/GCF_002204665.1.faa	NA	118	117	99.16	0.84
GCF_002205715.1	/home/bacte/bacillus_amr/06_phylogeny/proteins_unique/GCF_002205715.1.faa	NA	118	117	99.16	0.84
GCF_002211235.1	/home/bacte/bacillus_amr/06_phylogeny/proteins_unique/GCF_002211235.1.faa	NA	119	118	100.00	0.84
GCF_002214765.1	/home/bacte/bacillus_amr/06_phylogeny/proteins_unique/GCF_002214765.1.faa	NA	119	118	100.00	0.84
GCF_002216755.1	/home/bacte/bacillus_amr/06_phylogeny/proteins_unique/GCF_002216755.1.faa	NA	118	117	99.16	0.84
GCF_002224345.1	/home/bacte/bacillus_amr/06_phylogeny/proteins_unique/GCF_002224345.1.faa	NA	119	119	100.00	0.00
GCF_002243495.1	/home/bacte/bacillus_amr/06_phylogeny/proteins_unique/GCF_002243495.1.faa	NA	119	118	100.00	0.84
GCF_002277775.1	/home/bacte/bacillus_amr/06_phylogeny/proteins_unique/GCF_002277775.1.faa	NA	119	119	100.00	0.00
GCF_002550055.1	/home/bacte/bacillus_amr/06_phylogeny/proteins_unique/GCF_002550055.1.faa	NA	119	118	100.00	0.84
GCF_002550185.1	/home/bacte/bacillus_amr/06_phylogeny/proteins_unique/GCF_002550185.1.faa	NA	119	119	100.00	0.00
GCF_002550215.1	/home/bacte/bacillus_amr/06_phylogeny/proteins_unique/GCF_002550215.1.faa	NA	118	118	99.16	0.00
GCF_002550225.1	/home/bacte/bacillus_amr/06_phylogeny/proteins_unique/GCF_002550225.1.faa	NA	119	119	100.00	0.00
GCF_002550355.1	/home/bacte/bacillus_amr/06_phylogeny/proteins_unique/GCF_002550355.1.faa	NA	119	117	100.00	1.68
GCF_002550475.1	/home/bacte/bacillus_amr/06_phylogeny/proteins_unique/GCF_002550475.1.faa	NA	119	119	100.00	0.00
GCF_002550525.1	/home/bacte/bacillus_amr/06_phylogeny/proteins_unique/GCF_002550525.1.faa	NA	119	117	100.00	1.68
GCF_002550685.1	/home/bacte/bacillus_amr/06_phylogeny/proteins_unique/GCF_002550685.1.faa	NA	119	116	100.00	2.52
GCF_002550725.1	/home/bacte/bacillus_amr/06_phylogeny/proteins_unique/GCF_002550725.1.faa	NA	119	117	100.00	1.68
GCF_002550925.1	/home/bacte/bacillus_amr/06_phylogeny/proteins_unique/GCF_002550925.1.faa	NA	119	117	100.00	1.68
GCF_002551565.1	/home/bacte/bacillus_amr/06_phylogeny/proteins_unique/GCF_002551565.1.faa	NA	119	117	100.00	1.68
GCF_002551705.1	/home/bacte/bacillus_amr/06_phylogeny/proteins_unique/GCF_002551705.1.faa	NA	119	117	100.00	1.68
GCF_002551775.1	/home/bacte/bacillus_amr/06_phylogeny/proteins_unique/GCF_002551775.1.faa	NA	119	119	100.00	0.00
GCF_002551815.1	/home/bacte/bacillus_amr/06_phylogeny/proteins_unique/GCF_002551815.1.faa	NA	119	119	100.00	0.00
GCF_002551895.1	/home/bacte/bacillus_amr/06_phylogeny/proteins_unique/GCF_002551895.1.faa	NA	119	119	100.00	0.00
GCF_002552035.1	/home/bacte/bacillus_amr/06_phylogeny/proteins_unique/GCF_002552035.1.faa	NA	119	117	100.00	1.68
GCF_002552045.1	/home/bacte/bacillus_amr/06_phylogeny/proteins_unique/GCF_002552045.1.faa	NA	119	119	100.00	0.00
GCF_002552055.1	/home/bacte/bacillus_amr/06_phylogeny/proteins_unique/GCF_002552055.1.faa	NA	119	118	100.00	0.84
GCF_002552125.1	/home/bacte/bacillus_amr/06_phylogeny/proteins_unique/GCF_002552125.1.faa	NA	119	117	100.00	1.68
GCF_002552245.1	/home/bacte/bacillus_amr/06_phylogeny/proteins_unique/GCF_002552245.1.faa	NA	119	118	100.00	0.84
GCF_002552335.1	/home/bacte/bacillus_amr/06_phylogeny/proteins_unique/GCF_002552335.1.faa	NA	119	119	100.00	0.00
GCF_002552395.1	/home/bacte/bacillus_amr/06_phylogeny/proteins_unique/GCF_002552395.1.faa	NA	119	119	100.00	0.00
GCF_002552545.1	/home/bacte/bacillus_amr/06_phylogeny/proteins_unique/GCF_002552545.1.faa	NA	119	117	100.00	1.68
GCF_002552615.1	/home/bacte/bacillus_amr/06_phylogeny/proteins_unique/GCF_002552615.1.faa	NA	119	116	100.00	2.52
GCF_002552675.1	/home/bacte/bacillus_amr/06_phylogeny/proteins_unique/GCF_002552675.1.faa	NA	119	117	100.00	1.68
GCF_002552785.1	/home/bacte/bacillus_amr/06_phylogeny/proteins_unique/GCF_002552785.1.faa	NA	119	118	100.00	0.84
GCF_002552915.1	/home/bacte/bacillus_amr/06_phylogeny/proteins_unique/GCF_002552915.1.faa	NA	119	119	100.00	0.00
GCF_002552975.1	/home/bacte/bacillus_amr/06_phylogeny/proteins_unique/GCF_002552975.1.faa	NA	119	117	100.00	1.68
GCF_002552985.1	/home/bacte/bacillus_amr/06_phylogeny/proteins_unique/GCF_002552985.1.faa	NA	119	119	100.00	0.00
GCF_002552995.1	/home/bacte/bacillus_amr/06_phylogeny/proteins_unique/GCF_002552995.1.faa	NA	119	119	100.00	0.00
GCF_002553055.1	/home/bacte/bacillus_amr/06_phylogeny/proteins_unique/GCF_002553055.1.faa	NA	119	119	100.00	0.00
GCF_002553105.1	/home/bacte/bacillus_amr/06_phylogeny/proteins_unique/GCF_002553105.1.faa	NA	119	118	100.00	1.68
GCF_002553115.1	/home/bacte/bacillus_amr/06_phylogeny/proteins_unique/GCF_002553115.1.faa	NA	119	117	100.00	1.68
GCF_002553315.1	/home/bacte/bacillus_amr/06_phylogeny/proteins_unique/GCF_002553315.1.faa	NA	119	119	100.00	0.00
GCF_002553325.1	/home/bacte/bacillus_amr/06_phylogeny/proteins_unique/GCF_002553325.1.faa	NA	119	118	100.00	0.84
GCF_002553375.1	/home/bacte/bacillus_amr/06_phylogeny/proteins_unique/GCF_002553375.1.faa	NA	119	117	100.00	1.68
GCF_002554865.1	/home/bacte/bacillus_amr/06_phylogeny/proteins_unique/GCF_002554865.1.faa	NA	119	118	100.00	0.84
GCF_002555155.1	/home/bacte/bacillus_amr/06_phylogeny/proteins_unique/GCF_002555155.1.faa	NA	119	118	100.00	0.84
GCF_002555265.1	/home/bacte/bacillus_amr/06_phylogeny/proteins_unique/GCF_002555265.1.faa	NA	119	119	100.00	0.00
GCF_002555305.1	/home/bacte/bacillus_amr/06_phylogeny/proteins_unique/GCF_002555305.1.faa	NA	119	118	100.00	0.84
GCF_002555385.1	/home/bacte/bacillus_amr/06_phylogeny/proteins_unique/GCF_002555385.1.faa	NA	119	118	100.00	0.84
GCF_002555545.1	/home/bacte/bacillus_amr/06_phylogeny/proteins_unique/GCF_002555545.1.faa	NA	119	118	100.00	0.84
GCF_002555585.1	/home/bacte/bacillus_amr/06_phylogeny/proteins_unique/GCF_002555585.1.faa	NA	119	118	100.00	0.84
GCF_002555615.1	/home/bacte/bacillus_amr/06_phylogeny/proteins_unique/GCF_002555615.1.faa	NA	119	117	100.00	1.68
GCF_002555685.1	/home/bacte/bacillus_amr/06_phylogeny/proteins_unique/GCF_002555685.1.faa	NA	119	117	100.00	1.68
GCF_002555735.1	/home/bacte/bacillus_amr/06_phylogeny/proteins_unique/GCF_002555735.1.faa	NA	119	118	100.00	0.84
GCF_002555785.1	/home/bacte/bacillus_amr/06_phylogeny/proteins_unique/GCF_002555785.1.faa	NA	119	118	100.00	0.84
GCF_002555905.1	/home/bacte/bacillus_amr/06_phylogeny/proteins_unique/GCF_002555905.1.faa	NA	119	117	100.00	1.68
GCF_002555915.1	/home/bacte/bacillus_amr/06_phylogeny/proteins_unique/GCF_002555915.1.faa	NA	119	117	100.00	1.68
GCF_002555945.1	/home/bacte/bacillus_amr/06_phylogeny/proteins_unique/GCF_002555945.1.faa	NA	119	118	100.00	0.84
GCF_002555955.1	/home/bacte/bacillus_amr/06_phylogeny/proteins_unique/GCF_002555955.1.faa	NA	119	117	100.00	1.68
GCF_002556085.1	/home/bacte/bacillus_amr/06_phylogeny/proteins_unique/GCF_002556085.1.faa	NA	119	119	100.00	0.00
GCF_002556205.1	/home/bacte/bacillus_amr/06_phylogeny/proteins_unique/GCF_002556205.1.faa	NA	119	118	100.00	0.84
GCF_002556235.1	/home/bacte/bacillus_amr/06_phylogeny/proteins_unique/GCF_002556235.1.faa	NA	119	117	100.00	1.68
GCF_002556265.1	/home/bacte/bacillus_amr/06_phylogeny/proteins_unique/GCF_002556265.1.faa	NA	119	118	100.00	0.84
GCF_002556385.1	/home/bacte/bacillus_amr/06_phylogeny/proteins_unique/GCF_002556385.1.faa	NA	115	114	96.64	0.84
GCF_002556425.1	/home/bacte/bacillus_amr/06_phylogeny/proteins_unique/GCF_002556425.1.faa	NA	119	117	100.00	1.68
GCF_002556825.1	/home/bacte/bacillus_amr/06_phylogeny/proteins_unique/GCF_002556825.1.faa	NA	119	118	100.00	0.84
GCF_002556885.1	/home/bacte/bacillus_amr/06_phylogeny/proteins_unique/GCF_002556885.1.faa	NA	119	118	100.00	0.84
GCF_002556905.1	/home/bacte/bacillus_amr/06_phylogeny/proteins_unique/GCF_002556905.1.faa	NA	119	118	100.00	0.84
GCF_002556945.1	/home/bacte/bacillus_amr/06_phylogeny/proteins_unique/GCF_002556945.1.faa	NA	119	117	100.00	1.68
GCF_002556955.1	/home/bacte/bacillus_amr/06_phylogeny/proteins_unique/GCF_002556955.1.faa	NA	119	117	100.00	1.68
GCF_002557045.1	/home/bacte/bacillus_amr/06_phylogeny/proteins_unique/GCF_002557045.1.faa	NA	119	117	100.00	1.68
GCF_002557225.1	/home/bacte/bacillus_amr/06_phylogeny/proteins_unique/GCF_002557225.1.faa	NA	119	117	100.00	1.68
GCF_002557385.1	/home/bacte/bacillus_amr/06_phylogeny/proteins_unique/GCF_002557385.1.faa	NA	119	117	100.00	1.68
GCF_002557465.1	/home/bacte/bacillus_amr/06_phylogeny/proteins_unique/GCF_002557465.1.faa	NA	116	115	97.48	0.84
GCF_002557475.1	/home/bacte/bacillus_amr/06_phylogeny/proteins_unique/GCF_002557475.1.faa	NA	119	119	100.00	0.00
GCF_002557855.1	/home/bacte/bacillus_amr/06_phylogeny/proteins_unique/GCF_002557855.1.faa	NA	119	117	100.00	1.68
GCF_002557865.1	/home/bacte/bacillus_amr/06_phylogeny/proteins_unique/GCF_002557865.1.faa	NA	119	117	100.00	1.68
GCF_002558005.1	/home/bacte/bacillus_amr/06_phylogeny/proteins_unique/GCF_002558005.1.faa	NA	71	71	59.66	0.00
GCF_002558075.1	/home/bacte/bacillus_amr/06_phylogeny/proteins_unique/GCF_002558075.1.faa	NA	119	119	100.00	0.00
GCF_002558095.1	/home/bacte/bacillus_amr/06_phylogeny/proteins_unique/GCF_002558095.1.faa	NA	62	62	52.10	0.00
GCF_002558235.1	/home/bacte/bacillus_amr/06_phylogeny/proteins_unique/GCF_002558235.1.faa	NA	119	117	100.00	1.68
GCF_002558335.1	/home/bacte/bacillus_amr/06_phylogeny/proteins_unique/GCF_002558335.1.faa	NA	119	119	100.00	0.00
GCF_002558375.1	/home/bacte/bacillus_amr/06_phylogeny/proteins_unique/GCF_002558375.1.faa	NA	2	2	1.68	0.00
GCF_002558385.1	/home/bacte/bacillus_amr/06_phylogeny/proteins_unique/GCF_002558385.1.faa	NA	119	117	100.00	1.68
GCF_002558525.1	/home/bacte/bacillus_amr/06_phylogeny/proteins_unique/GCF_002558525.1.faa	NA	119	118	100.00	0.84
GCF_002558545.1	/home/bacte/bacillus_amr/06_phylogeny/proteins_unique/GCF_002558545.1.faa	NA	119	119	100.00	0.00
GCF_002558635.1	/home/bacte/bacillus_amr/06_phylogeny/proteins_unique/GCF_002558635.1.faa	NA	119	118	100.00	0.84
GCF_002558815.1	/home/bacte/bacillus_amr/06_phylogeny/proteins_unique/GCF_002558815.1.faa	NA	119	119	100.00	0.00
GCF_002558915.1	/home/bacte/bacillus_amr/06_phylogeny/proteins_unique/GCF_002558915.1.faa	NA	119	118	100.00	1.68
GCF_002558995.1	/home/bacte/bacillus_amr/06_phylogeny/proteins_unique/GCF_002558995.1.faa	NA	119	119	100.00	0.00
GCF_002559035.1	/home/bacte/bacillus_amr/06_phylogeny/proteins_unique/GCF_002559035.1.faa	NA	119	119	100.00	0.00
GCF_002559215.1	/home/bacte/bacillus_amr/06_phylogeny/proteins_unique/GCF_002559215.1.faa	NA	119	118	100.00	0.84
GCF_002559275.1	/home/bacte/bacillus_amr/06_phylogeny/proteins_unique/GCF_002559275.1.faa	NA	119	119	100.00	0.00
GCF_002559295.1	/home/bacte/bacillus_amr/06_phylogeny/proteins_unique/GCF_002559295.1.faa	NA	119	119	100.00	0.00
GCF_002559355.1	/home/bacte/bacillus_amr/06_phylogeny/proteins_unique/GCF_002559355.1.faa	NA	119	119	100.00	0.00
GCF_002559645.1	/home/bacte/bacillus_amr/06_phylogeny/proteins_unique/GCF_002559645.1.faa	NA	119	118	100.00	0.84
GCF_002559825.1	/home/bacte/bacillus_amr/06_phylogeny/proteins_unique/GCF_002559825.1.faa	NA	119	119	100.00	0.00
GCF_002559945.1	/home/bacte/bacillus_amr/06_phylogeny/proteins_unique/GCF_002559945.1.faa	NA	119	119	100.00	0.00
GCF_002560105.1	/home/bacte/bacillus_amr/06_phylogeny/proteins_unique/GCF_002560105.1.faa	NA	119	117	100.00	1.68
GCF_002560145.1	/home/bacte/bacillus_amr/06_phylogeny/proteins_unique/GCF_002560145.1.faa	NA	119	119	100.00	0.00
GCF_002560475.1	/home/bacte/bacillus_amr/06_phylogeny/proteins_unique/GCF_002560475.1.faa	NA	119	119	100.00	0.00
GCF_002560575.1	/home/bacte/bacillus_amr/06_phylogeny/proteins_unique/GCF_002560575.1.faa	NA	119	119	100.00	0.00
GCF_002560605.1	/home/bacte/bacillus_amr/06_phylogeny/proteins_unique/GCF_002560605.1.faa	NA	119	118	100.00	1.68
GCF_002560645.1	/home/bacte/bacillus_amr/06_phylogeny/proteins_unique/GCF_002560645.1.faa	NA	119	119	100.00	0.00
GCF_002560815.1	/home/bacte/bacillus_amr/06_phylogeny/proteins_unique/GCF_002560815.1.faa	NA	119	118	100.00	1.68
GCF_002561375.1	/home/bacte/bacillus_amr/06_phylogeny/proteins_unique/GCF_002561375.1.faa	NA	119	118	100.00	1.68
GCF_002561435.1	/home/bacte/bacillus_amr/06_phylogeny/proteins_unique/GCF_002561435.1.faa	NA	119	119	100.00	0.00
GCF_002561585.1	/home/bacte/bacillus_amr/06_phylogeny/proteins_unique/GCF_002561585.1.faa	NA	119	119	100.00	0.00
GCF_002561665.1	/home/bacte/bacillus_amr/06_phylogeny/proteins_unique/GCF_002561665.1.faa	NA	119	119	100.00	0.00
GCF_002561725.1	/home/bacte/bacillus_amr/06_phylogeny/proteins_unique/GCF_002561725.1.faa	NA	119	119	100.00	0.00
GCF_002561735.1	/home/bacte/bacillus_amr/06_phylogeny/proteins_unique/GCF_002561735.1.faa	NA	118	117	99.16	0.84
GCF_002561875.1	/home/bacte/bacillus_amr/06_phylogeny/proteins_unique/GCF_002561875.1.faa	NA	118	117	99.16	0.84
GCF_002562045.1	/home/bacte/bacillus_amr/06_phylogeny/proteins_unique/GCF_002562045.1.faa	NA	119	117	100.00	1.68
GCF_002562295.1	/home/bacte/bacillus_amr/06_phylogeny/proteins_unique/GCF_002562295.1.faa	NA	119	119	100.00	0.00
GCF_002562345.1	/home/bacte/bacillus_amr/06_phylogeny/proteins_unique/GCF_002562345.1.faa	NA	119	119	100.00	0.00
GCF_002562415.1	/home/bacte/bacillus_amr/06_phylogeny/proteins_unique/GCF_002562415.1.faa	NA	119	119	100.00	0.00
GCF_002562915.1	/home/bacte/bacillus_amr/06_phylogeny/proteins_unique/GCF_002562915.1.faa	NA	119	118	100.00	0.84
GCF_002563045.1	/home/bacte/bacillus_amr/06_phylogeny/proteins_unique/GCF_002563045.1.faa	NA	119	118	100.00	1.68
GCF_002563145.1	/home/bacte/bacillus_amr/06_phylogeny/proteins_unique/GCF_002563145.1.faa	NA	119	119	100.00	0.00
GCF_002563235.1	/home/bacte/bacillus_amr/06_phylogeny/proteins_unique/GCF_002563235.1.faa	NA	119	118	100.00	0.84
GCF_002563275.1	/home/bacte/bacillus_amr/06_phylogeny/proteins_unique/GCF_002563275.1.faa	NA	119	119	100.00	0.00
GCF_002564695.1	/home/bacte/bacillus_amr/06_phylogeny/proteins_unique/GCF_002564695.1.faa	NA	119	119	100.00	0.00
GCF_002564885.1	/home/bacte/bacillus_amr/06_phylogeny/proteins_unique/GCF_002564885.1.faa	NA	119	119	100.00	0.00
GCF_002565025.1	/home/bacte/bacillus_amr/06_phylogeny/proteins_unique/GCF_002565025.1.faa	NA	119	119	100.00	0.00
GCF_002565085.1	/home/bacte/bacillus_amr/06_phylogeny/proteins_unique/GCF_002565085.1.faa	NA	119	118	100.00	0.84
GCF_002565195.1	/home/bacte/bacillus_amr/06_phylogeny/proteins_unique/GCF_002565195.1.faa	NA	119	118	100.00	1.68
GCF_002565455.1	/home/bacte/bacillus_amr/06_phylogeny/proteins_unique/GCF_002565455.1.faa	NA	119	119	100.00	0.00
GCF_002565505.1	/home/bacte/bacillus_amr/06_phylogeny/proteins_unique/GCF_002565505.1.faa	NA	119	119	100.00	0.00
GCF_002565765.1	/home/bacte/bacillus_amr/06_phylogeny/proteins_unique/GCF_002565765.1.faa	NA	119	119	100.00	0.00
GCF_002566325.1	/home/bacte/bacillus_amr/06_phylogeny/proteins_unique/GCF_002566325.1.faa	NA	119	118	100.00	0.84
GCF_002566425.1	/home/bacte/bacillus_amr/06_phylogeny/proteins_unique/GCF_002566425.1.faa	NA	119	119	100.00	0.00
GCF_002566505.1	/home/bacte/bacillus_amr/06_phylogeny/proteins_unique/GCF_002566505.1.faa	NA	119	118	100.00	0.84
GCF_002566535.1	/home/bacte/bacillus_amr/06_phylogeny/proteins_unique/GCF_002566535.1.faa	NA	119	118	100.00	0.84
GCF_002566555.1	/home/bacte/bacillus_amr/06_phylogeny/proteins_unique/GCF_002566555.1.faa	NA	119	119	100.00	0.00
GCF_002566605.1	/home/bacte/bacillus_amr/06_phylogeny/proteins_unique/GCF_002566605.1.faa	NA	119	118	100.00	0.84
GCF_002566645.1	/home/bacte/bacillus_amr/06_phylogeny/proteins_unique/GCF_002566645.1.faa	NA	119	118	100.00	1.68
GCF_002566755.1	/home/bacte/bacillus_amr/06_phylogeny/proteins_unique/GCF_002566755.1.faa	NA	119	118	100.00	0.84
GCF_002566845.1	/home/bacte/bacillus_amr/06_phylogeny/proteins_unique/GCF_002566845.1.faa	NA	119	119	100.00	0.00
GCF_002566935.1	/home/bacte/bacillus_amr/06_phylogeny/proteins_unique/GCF_002566935.1.faa	NA	119	119	100.00	0.00
GCF_002567065.1	/home/bacte/bacillus_amr/06_phylogeny/proteins_unique/GCF_002567065.1.faa	NA	119	119	100.00	0.00
GCF_002567265.1	/home/bacte/bacillus_amr/06_phylogeny/proteins_unique/GCF_002567265.1.faa	NA	119	118	100.00	1.68
GCF_002567295.1	/home/bacte/bacillus_amr/06_phylogeny/proteins_unique/GCF_002567295.1.faa	NA	119	119	100.00	0.00
GCF_002567375.1	/home/bacte/bacillus_amr/06_phylogeny/proteins_unique/GCF_002567375.1.faa	NA	119	118	100.00	0.84
GCF_002567675.1	/home/bacte/bacillus_amr/06_phylogeny/proteins_unique/GCF_002567675.1.faa	NA	119	119	100.00	0.00
GCF_002567745.1	/home/bacte/bacillus_amr/06_phylogeny/proteins_unique/GCF_002567745.1.faa	NA	119	119	100.00	0.00
GCF_002567785.1	/home/bacte/bacillus_amr/06_phylogeny/proteins_unique/GCF_002567785.1.faa	NA	119	119	100.00	0.00
GCF_002567875.1	/home/bacte/bacillus_amr/06_phylogeny/proteins_unique/GCF_002567875.1.faa	NA	119	119	100.00	0.00
GCF_002567905.1	/home/bacte/bacillus_amr/06_phylogeny/proteins_unique/GCF_002567905.1.faa	NA	119	118	100.00	1.68
GCF_002567955.1	/home/bacte/bacillus_amr/06_phylogeny/proteins_unique/GCF_002567955.1.faa	NA	119	118	100.00	1.68
GCF_002568175.1	/home/bacte/bacillus_amr/06_phylogeny/proteins_unique/GCF_002568175.1.faa	NA	119	119	100.00	0.00
GCF_002568265.1	/home/bacte/bacillus_amr/06_phylogeny/proteins_unique/GCF_002568265.1.faa	NA	119	119	100.00	0.00
GCF_002568425.1	/home/bacte/bacillus_amr/06_phylogeny/proteins_unique/GCF_002568425.1.faa	NA	119	119	100.00	0.00
GCF_002568525.1	/home/bacte/bacillus_amr/06_phylogeny/proteins_unique/GCF_002568525.1.faa	NA	119	118	100.00	1.68
GCF_002568595.1	/home/bacte/bacillus_amr/06_phylogeny/proteins_unique/GCF_002568595.1.faa	NA	119	118	100.00	1.68
GCF_002568725.1	/home/bacte/bacillus_amr/06_phylogeny/proteins_unique/GCF_002568725.1.faa	NA	119	117	100.00	1.68
GCF_002568745.1	/home/bacte/bacillus_amr/06_phylogeny/proteins_unique/GCF_002568745.1.faa	NA	119	117	100.00	1.68
GCF_002568765.1	/home/bacte/bacillus_amr/06_phylogeny/proteins_unique/GCF_002568765.1.faa	NA	119	117	100.00	1.68
GCF_002568825.1	/home/bacte/bacillus_amr/06_phylogeny/proteins_unique/GCF_002568825.1.faa	NA	119	118	100.00	0.84
GCF_002569035.1	/home/bacte/bacillus_amr/06_phylogeny/proteins_unique/GCF_002569035.1.faa	NA	119	118	100.00	0.84
GCF_002569175.1	/home/bacte/bacillus_amr/06_phylogeny/proteins_unique/GCF_002569175.1.faa	NA	119	117	100.00	1.68
GCF_002569295.1	/home/bacte/bacillus_amr/06_phylogeny/proteins_unique/GCF_002569295.1.faa	NA	119	118	100.00	0.84
GCF_002569325.1	/home/bacte/bacillus_amr/06_phylogeny/proteins_unique/GCF_002569325.1.faa	NA	119	118	100.00	0.84
GCF_002569465.1	/home/bacte/bacillus_amr/06_phylogeny/proteins_unique/GCF_002569465.1.faa	NA	119	117	100.00	1.68
GCF_002569565.1	/home/bacte/bacillus_amr/06_phylogeny/proteins_unique/GCF_002569565.1.faa	NA	119	117	100.00	1.68
GCF_002569595.1	/home/bacte/bacillus_amr/06_phylogeny/proteins_unique/GCF_002569595.1.faa	NA	119	119	100.00	0.00
GCF_002569665.1	/home/bacte/bacillus_amr/06_phylogeny/proteins_unique/GCF_002569665.1.faa	NA	119	118	100.00	0.84
GCF_002569715.1	/home/bacte/bacillus_amr/06_phylogeny/proteins_unique/GCF_002569715.1.faa	NA	119	118	100.00	0.84
GCF_002569835.1	/home/bacte/bacillus_amr/06_phylogeny/proteins_unique/GCF_002569835.1.faa	NA	119	117	100.00	1.68
GCF_002569895.1	/home/bacte/bacillus_amr/06_phylogeny/proteins_unique/GCF_002569895.1.faa	NA	119	118	100.00	0.84
GCF_002569985.1	/home/bacte/bacillus_amr/06_phylogeny/proteins_unique/GCF_002569985.1.faa	NA	119	118	100.00	0.84
GCF_002570065.1	/home/bacte/bacillus_amr/06_phylogeny/proteins_unique/GCF_002570065.1.faa	NA	119	118	100.00	0.84
GCF_002570105.1	/home/bacte/bacillus_amr/06_phylogeny/proteins_unique/GCF_002570105.1.faa	NA	119	116	100.00	2.52
GCF_002570115.1	/home/bacte/bacillus_amr/06_phylogeny/proteins_unique/GCF_002570115.1.faa	NA	119	118	100.00	0.84
GCF_002570155.1	/home/bacte/bacillus_amr/06_phylogeny/proteins_unique/GCF_002570155.1.faa	NA	119	118	100.00	0.84
GCF_002570165.1	/home/bacte/bacillus_amr/06_phylogeny/proteins_unique/GCF_002570165.1.faa	NA	119	118	100.00	0.84
GCF_002570265.1	/home/bacte/bacillus_amr/06_phylogeny/proteins_unique/GCF_002570265.1.faa	NA	119	119	100.00	0.00
GCF_002570305.1	/home/bacte/bacillus_amr/06_phylogeny/proteins_unique/GCF_002570305.1.faa	NA	119	118	100.00	0.84
GCF_002570335.1	/home/bacte/bacillus_amr/06_phylogeny/proteins_unique/GCF_002570335.1.faa	NA	119	119	100.00	0.00
GCF_002570345.1	/home/bacte/bacillus_amr/06_phylogeny/proteins_unique/GCF_002570345.1.faa	NA	119	118	100.00	0.84
GCF_002570385.1	/home/bacte/bacillus_amr/06_phylogeny/proteins_unique/GCF_002570385.1.faa	NA	119	118	100.00	0.84
GCF_002570405.1	/home/bacte/bacillus_amr/06_phylogeny/proteins_unique/GCF_002570405.1.faa	NA	119	117	100.00	1.68
GCF_002570485.1	/home/bacte/bacillus_amr/06_phylogeny/proteins_unique/GCF_002570485.1.faa	NA	119	118	100.00	0.84
GCF_002571105.1	/home/bacte/bacillus_amr/06_phylogeny/proteins_unique/GCF_002571105.1.faa	NA	118	118	99.16	0.00
GCF_002571195.1	/home/bacte/bacillus_amr/06_phylogeny/proteins_unique/GCF_002571195.1.faa	NA	119	119	100.00	0.00
GCF_002571225.1	/home/bacte/bacillus_amr/06_phylogeny/proteins_unique/GCF_002571225.1.faa	NA	119	119	100.00	0.00
GCF_002571435.1	/home/bacte/bacillus_amr/06_phylogeny/proteins_unique/GCF_002571435.1.faa	NA	119	118	100.00	0.84
GCF_002571675.1	/home/bacte/bacillus_amr/06_phylogeny/proteins_unique/GCF_002571675.1.faa	NA	119	118	100.00	0.84
GCF_002571825.1	/home/bacte/bacillus_amr/06_phylogeny/proteins_unique/GCF_002571825.1.faa	NA	119	117	100.00	1.68
GCF_002571845.1	/home/bacte/bacillus_amr/06_phylogeny/proteins_unique/GCF_002571845.1.faa	NA	119	117	100.00	1.68
GCF_002572005.1	/home/bacte/bacillus_amr/06_phylogeny/proteins_unique/GCF_002572005.1.faa	NA	119	118	100.00	0.84
GCF_002572035.1	/home/bacte/bacillus_amr/06_phylogeny/proteins_unique/GCF_002572035.1.faa	NA	119	117	100.00	1.68
GCF_002572045.1	/home/bacte/bacillus_amr/06_phylogeny/proteins_unique/GCF_002572045.1.faa	NA	119	117	100.00	2.52
GCF_002572225.1	/home/bacte/bacillus_amr/06_phylogeny/proteins_unique/GCF_002572225.1.faa	NA	119	118	100.00	0.84
GCF_002572235.1	/home/bacte/bacillus_amr/06_phylogeny/proteins_unique/GCF_002572235.1.faa	NA	119	118	100.00	0.84
GCF_002572245.1	/home/bacte/bacillus_amr/06_phylogeny/proteins_unique/GCF_002572245.1.faa	NA	119	117	100.00	1.68
GCF_002572415.1	/home/bacte/bacillus_amr/06_phylogeny/proteins_unique/GCF_002572415.1.faa	NA	119	118	100.00	0.84
GCF_002572455.1	/home/bacte/bacillus_amr/06_phylogeny/proteins_unique/GCF_002572455.1.faa	NA	119	118	100.00	0.84
GCF_002574125.1	/home/bacte/bacillus_amr/06_phylogeny/proteins_unique/GCF_002574125.1.faa	NA	119	119	100.00	0.00
GCF_002574325.1	/home/bacte/bacillus_amr/06_phylogeny/proteins_unique/GCF_002574325.1.faa	NA	119	119	100.00	0.00
GCF_002574495.1	/home/bacte/bacillus_amr/06_phylogeny/proteins_unique/GCF_002574495.1.faa	NA	119	118	100.00	0.84
GCF_002574545.1	/home/bacte/bacillus_amr/06_phylogeny/proteins_unique/GCF_002574545.1.faa	NA	119	118	100.00	0.84
GCF_002574575.1	/home/bacte/bacillus_amr/06_phylogeny/proteins_unique/GCF_002574575.1.faa	NA	119	118	100.00	1.68
GCF_002574595.1	/home/bacte/bacillus_amr/06_phylogeny/proteins_unique/GCF_002574595.1.faa	NA	119	118	100.00	0.84
GCF_002574675.1	/home/bacte/bacillus_amr/06_phylogeny/proteins_unique/GCF_002574675.1.faa	NA	119	118	100.00	0.84
GCF_002575215.1	/home/bacte/bacillus_amr/06_phylogeny/proteins_unique/GCF_002575215.1.faa	NA	119	118	100.00	1.68
GCF_002575305.1	/home/bacte/bacillus_amr/06_phylogeny/proteins_unique/GCF_002575305.1.faa	NA	119	118	100.00	0.84
GCF_002575365.1	/home/bacte/bacillus_amr/06_phylogeny/proteins_unique/GCF_002575365.1.faa	NA	119	118	100.00	0.84
GCF_002575445.1	/home/bacte/bacillus_amr/06_phylogeny/proteins_unique/GCF_002575445.1.faa	NA	119	119	100.00	0.00
GCF_002575515.1	/home/bacte/bacillus_amr/06_phylogeny/proteins_unique/GCF_002575515.1.faa	NA	119	119	100.00	0.00
GCF_002575645.1	/home/bacte/bacillus_amr/06_phylogeny/proteins_unique/GCF_002575645.1.faa	NA	119	118	100.00	1.68
GCF_002575895.1	/home/bacte/bacillus_amr/06_phylogeny/proteins_unique/GCF_002575895.1.faa	NA	119	119	100.00	0.00
GCF_002575925.1	/home/bacte/bacillus_amr/06_phylogeny/proteins_unique/GCF_002575925.1.faa	NA	118	118	99.16	0.00
GCF_002576395.1	/home/bacte/bacillus_amr/06_phylogeny/proteins_unique/GCF_002576395.1.faa	NA	119	119	100.00	0.00
GCF_002576405.1	/home/bacte/bacillus_amr/06_phylogeny/proteins_unique/GCF_002576405.1.faa	NA	119	118	100.00	1.68
GCF_002576565.1	/home/bacte/bacillus_amr/06_phylogeny/proteins_unique/GCF_002576565.1.faa	NA	119	118	100.00	0.84
GCF_002576585.1	/home/bacte/bacillus_amr/06_phylogeny/proteins_unique/GCF_002576585.1.faa	NA	118	118	99.16	0.00
GCF_002576665.1	/home/bacte/bacillus_amr/06_phylogeny/proteins_unique/GCF_002576665.1.faa	NA	119	119	100.00	0.00
GCF_002576725.1	/home/bacte/bacillus_amr/06_phylogeny/proteins_unique/GCF_002576725.1.faa	NA	119	111	100.00	6.72
GCF_002576755.1	/home/bacte/bacillus_amr/06_phylogeny/proteins_unique/GCF_002576755.1.faa	NA	119	119	100.00	0.00
GCF_002577025.1	/home/bacte/bacillus_amr/06_phylogeny/proteins_unique/GCF_002577025.1.faa	NA	119	119	100.00	0.00
GCF_002577195.1	/home/bacte/bacillus_amr/06_phylogeny/proteins_unique/GCF_002577195.1.faa	NA	119	119	100.00	0.00
GCF_002577285.1	/home/bacte/bacillus_amr/06_phylogeny/proteins_unique/GCF_002577285.1.faa	NA	119	119	100.00	0.00
GCF_002577365.1	/home/bacte/bacillus_amr/06_phylogeny/proteins_unique/GCF_002577365.1.faa	NA	119	118	100.00	0.84
GCF_002577445.1	/home/bacte/bacillus_amr/06_phylogeny/proteins_unique/GCF_002577445.1.faa	NA	119	118	100.00	1.68
GCF_002577525.1	/home/bacte/bacillus_amr/06_phylogeny/proteins_unique/GCF_002577525.1.faa	NA	119	118	100.00	1.68
GCF_002577605.1	/home/bacte/bacillus_amr/06_phylogeny/proteins_unique/GCF_002577605.1.faa	NA	119	118	100.00	0.84
GCF_002577625.1	/home/bacte/bacillus_amr/06_phylogeny/proteins_unique/GCF_002577625.1.faa	NA	119	119	100.00	0.00
GCF_002577655.1	/home/bacte/bacillus_amr/06_phylogeny/proteins_unique/GCF_002577655.1.faa	NA	119	112	100.00	5.88
GCF_002577745.1	/home/bacte/bacillus_amr/06_phylogeny/proteins_unique/GCF_002577745.1.faa	NA	119	118	100.00	0.84
GCF_002577805.1	/home/bacte/bacillus_amr/06_phylogeny/proteins_unique/GCF_002577805.1.faa	NA	119	119	100.00	0.00
GCF_002577835.1	/home/bacte/bacillus_amr/06_phylogeny/proteins_unique/GCF_002577835.1.faa	NA	119	119	100.00	0.00
GCF_002578625.1	/home/bacte/bacillus_amr/06_phylogeny/proteins_unique/GCF_002578625.1.faa	NA	119	119	100.00	0.00
GCF_002579445.1	/home/bacte/bacillus_amr/06_phylogeny/proteins_unique/GCF_002579445.1.faa	NA	119	117	100.00	1.68
GCF_002579775.1	/home/bacte/bacillus_amr/06_phylogeny/proteins_unique/GCF_002579775.1.faa	NA	119	117	100.00	1.68
GCF_002579865.1	/home/bacte/bacillus_amr/06_phylogeny/proteins_unique/GCF_002579865.1.faa	NA	119	118	100.00	0.84
GCF_002579895.1	/home/bacte/bacillus_amr/06_phylogeny/proteins_unique/GCF_002579895.1.faa	NA	119	116	100.00	2.52
GCF_002579945.1	/home/bacte/bacillus_amr/06_phylogeny/proteins_unique/GCF_002579945.1.faa	NA	119	119	100.00	0.00
GCF_002580235.1	/home/bacte/bacillus_amr/06_phylogeny/proteins_unique/GCF_002580235.1.faa	NA	119	119	100.00	0.00
GCF_002580335.1	/home/bacte/bacillus_amr/06_phylogeny/proteins_unique/GCF_002580335.1.faa	NA	119	118	100.00	0.84
GCF_002580565.1	/home/bacte/bacillus_amr/06_phylogeny/proteins_unique/GCF_002580565.1.faa	NA	119	118	100.00	0.84
GCF_002580575.1	/home/bacte/bacillus_amr/06_phylogeny/proteins_unique/GCF_002580575.1.faa	NA	119	117	100.00	1.68
GCF_002580595.1	/home/bacte/bacillus_amr/06_phylogeny/proteins_unique/GCF_002580595.1.faa	NA	119	118	100.00	0.84
GCF_002580895.1	/home/bacte/bacillus_amr/06_phylogeny/proteins_unique/GCF_002580895.1.faa	NA	119	118	100.00	0.84
GCF_002580975.1	/home/bacte/bacillus_amr/06_phylogeny/proteins_unique/GCF_002580975.1.faa	NA	119	118	100.00	0.84
GCF_002581055.1	/home/bacte/bacillus_amr/06_phylogeny/proteins_unique/GCF_002581055.1.faa	NA	119	119	100.00	0.00
GCF_002581125.1	/home/bacte/bacillus_amr/06_phylogeny/proteins_unique/GCF_002581125.1.faa	NA	119	117	100.00	1.68
GCF_002581205.1	/home/bacte/bacillus_amr/06_phylogeny/proteins_unique/GCF_002581205.1.faa	NA	119	117	100.00	1.68
GCF_002581285.1	/home/bacte/bacillus_amr/06_phylogeny/proteins_unique/GCF_002581285.1.faa	NA	119	117	100.00	1.68
GCF_002581675.1	/home/bacte/bacillus_amr/06_phylogeny/proteins_unique/GCF_002581675.1.faa	NA	119	116	100.00	2.52
GCF_002581955.1	/home/bacte/bacillus_amr/06_phylogeny/proteins_unique/GCF_002581955.1.faa	NA	119	118	100.00	0.84
GCF_002582025.1	/home/bacte/bacillus_amr/06_phylogeny/proteins_unique/GCF_002582025.1.faa	NA	119	118	100.00	0.84
GCF_002582335.1	/home/bacte/bacillus_amr/06_phylogeny/proteins_unique/GCF_002582335.1.faa	NA	119	118	100.00	1.68
GCF_002582485.1	/home/bacte/bacillus_amr/06_phylogeny/proteins_unique/GCF_002582485.1.faa	NA	119	117	100.00	1.68
GCF_002582715.1	/home/bacte/bacillus_amr/06_phylogeny/proteins_unique/GCF_002582715.1.faa	NA	119	117	100.00	1.68
GCF_002583065.1	/home/bacte/bacillus_amr/06_phylogeny/proteins_unique/GCF_002583065.1.faa	NA	119	119	100.00	0.00
GCF_002583235.1	/home/bacte/bacillus_amr/06_phylogeny/proteins_unique/GCF_002583235.1.faa	NA	119	119	100.00	0.00
GCF_002583505.1	/home/bacte/bacillus_amr/06_phylogeny/proteins_unique/GCF_002583505.1.faa	NA	119	117	100.00	1.68
GCF_002583515.1	/home/bacte/bacillus_amr/06_phylogeny/proteins_unique/GCF_002583515.1.faa	NA	119	119	100.00	0.00
GCF_002583535.1	/home/bacte/bacillus_amr/06_phylogeny/proteins_unique/GCF_002583535.1.faa	NA	119	119	100.00	0.00
GCF_002583735.1	/home/bacte/bacillus_amr/06_phylogeny/proteins_unique/GCF_002583735.1.faa	NA	119	118	100.00	0.84
GCF_002583885.1	/home/bacte/bacillus_amr/06_phylogeny/proteins_unique/GCF_002583885.1.faa	NA	119	119	100.00	0.00
GCF_002584075.1	/home/bacte/bacillus_amr/06_phylogeny/proteins_unique/GCF_002584075.1.faa	NA	119	118	100.00	0.84
GCF_002584345.1	/home/bacte/bacillus_amr/06_phylogeny/proteins_unique/GCF_002584345.1.faa	NA	119	119	100.00	0.00
GCF_002584635.1	/home/bacte/bacillus_amr/06_phylogeny/proteins_unique/GCF_002584635.1.faa	NA	119	112	100.00	6.72
GCF_002585315.1	/home/bacte/bacillus_amr/06_phylogeny/proteins_unique/GCF_002585315.1.faa	NA	119	117	100.00	1.68
GCF_002585395.1	/home/bacte/bacillus_amr/06_phylogeny/proteins_unique/GCF_002585395.1.faa	NA	119	117	100.00	1.68
GCF_002585635.1	/home/bacte/bacillus_amr/06_phylogeny/proteins_unique/GCF_002585635.1.faa	NA	119	117	100.00	1.68
GCF_002586285.1	/home/bacte/bacillus_amr/06_phylogeny/proteins_unique/GCF_002586285.1.faa	NA	119	119	100.00	0.00
GCF_002588695.1	/home/bacte/bacillus_amr/06_phylogeny/proteins_unique/GCF_002588695.1.faa	NA	119	116	100.00	2.52
GCF_002588885.1	/home/bacte/bacillus_amr/06_phylogeny/proteins_unique/GCF_002588885.1.faa	NA	119	117	100.00	1.68
GCF_002589195.1	/home/bacte/bacillus_amr/06_phylogeny/proteins_unique/GCF_002589195.1.faa	NA	119	117	100.00	1.68
GCF_002589295.1	/home/bacte/bacillus_amr/06_phylogeny/proteins_unique/GCF_002589295.1.faa	NA	119	118	100.00	0.84
GCF_002589305.1	/home/bacte/bacillus_amr/06_phylogeny/proteins_unique/GCF_002589305.1.faa	NA	119	118	100.00	0.84
GCF_002589505.1	/home/bacte/bacillus_amr/06_phylogeny/proteins_unique/GCF_002589505.1.faa	NA	118	117	99.16	0.84
GCF_002589695.1	/home/bacte/bacillus_amr/06_phylogeny/proteins_unique/GCF_002589695.1.faa	NA	119	119	100.00	0.00
GCF_002741745.1	/home/bacte/bacillus_amr/06_phylogeny/proteins_unique/GCF_002741745.1.faa	NA	118	118	99.16	0.00
GCF_002835205.1	/home/bacte/bacillus_amr/06_phylogeny/proteins_unique/GCF_002835205.1.faa	NA	118	117	99.16	0.84
GCF_002849425.1	/home/bacte/bacillus_amr/06_phylogeny/proteins_unique/GCF_002849425.1.faa	NA	119	118	100.00	0.84
GCF_002914545.1	/home/bacte/bacillus_amr/06_phylogeny/proteins_unique/GCF_002914545.1.faa	NA	119	119	100.00	0.00
GCF_002993735.1	/home/bacte/bacillus_amr/06_phylogeny/proteins_unique/GCF_002993735.1.faa	NA	119	117	100.00	1.68
GCF_002993745.1	/home/bacte/bacillus_amr/06_phylogeny/proteins_unique/GCF_002993745.1.faa	NA	119	119	100.00	0.00
GCF_002993765.1	/home/bacte/bacillus_amr/06_phylogeny/proteins_unique/GCF_002993765.1.faa	NA	119	115	100.00	3.36
GCF_002998055.1	/home/bacte/bacillus_amr/06_phylogeny/proteins_unique/GCF_002998055.1.faa	NA	119	118	100.00	0.84
GCF_002998135.1	/home/bacte/bacillus_amr/06_phylogeny/proteins_unique/GCF_002998135.1.faa	NA	119	118	100.00	0.84
GCF_002998315.1	/home/bacte/bacillus_amr/06_phylogeny/proteins_unique/GCF_002998315.1.faa	NA	119	118	100.00	0.84
GCF_002998365.1	/home/bacte/bacillus_amr/06_phylogeny/proteins_unique/GCF_002998365.1.faa	NA	119	118	100.00	0.84
GCF_002998455.1	/home/bacte/bacillus_amr/06_phylogeny/proteins_unique/GCF_002998455.1.faa	NA	119	118	100.00	0.84
GCF_002998465.1	/home/bacte/bacillus_amr/06_phylogeny/proteins_unique/GCF_002998465.1.faa	NA	119	119	100.00	0.00
GCF_002998615.1	/home/bacte/bacillus_amr/06_phylogeny/proteins_unique/GCF_002998615.1.faa	NA	119	119	100.00	0.00
GCF_002998675.1	/home/bacte/bacillus_amr/06_phylogeny/proteins_unique/GCF_002998675.1.faa	NA	119	118	100.00	0.84
GCF_002998735.1	/home/bacte/bacillus_amr/06_phylogeny/proteins_unique/GCF_002998735.1.faa	NA	119	118	100.00	0.84
GCF_002998855.1	/home/bacte/bacillus_amr/06_phylogeny/proteins_unique/GCF_002998855.1.faa	NA	119	118	100.00	0.84
GCF_002998985.1	/home/bacte/bacillus_amr/06_phylogeny/proteins_unique/GCF_002998985.1.faa	NA	119	119	100.00	0.00
GCF_003004355.1	/home/bacte/bacillus_amr/06_phylogeny/proteins_unique/GCF_003004355.1.faa	NA	119	118	100.00	0.84
GCF_003012025.1	/home/bacte/bacillus_amr/06_phylogeny/proteins_unique/GCF_003012025.1.faa	NA	118	117	99.16	0.84
GCF_003034105.1	/home/bacte/bacillus_amr/06_phylogeny/proteins_unique/GCF_003034105.1.faa	NA	119	119	100.00	0.00
GCF_003046665.1	/home/bacte/bacillus_amr/06_phylogeny/proteins_unique/GCF_003046665.1.faa	NA	118	118	99.16	0.00
GCF_003064485.1	/home/bacte/bacillus_amr/06_phylogeny/proteins_unique/GCF_003064485.1.faa	NA	119	119	100.00	0.00
GCF_003150715.1	/home/bacte/bacillus_amr/06_phylogeny/proteins_unique/GCF_003150715.1.faa	NA	119	119	100.00	0.00
GCF_003150855.1	/home/bacte/bacillus_amr/06_phylogeny/proteins_unique/GCF_003150855.1.faa	NA	118	117	99.16	0.84
GCF_003160715.1	/home/bacte/bacillus_amr/06_phylogeny/proteins_unique/GCF_003160715.1.faa	NA	119	119	100.00	0.00
GCF_003171815.2	/home/bacte/bacillus_amr/06_phylogeny/proteins_unique/GCF_003171815.2.faa	NA	119	117	100.00	1.68
GCF_003285085.1	/home/bacte/bacillus_amr/06_phylogeny/proteins_unique/GCF_003285085.1.faa	NA	118	117	99.16	0.84
GCF_003355115.1	/home/bacte/bacillus_amr/06_phylogeny/proteins_unique/GCF_003355115.1.faa	NA	119	118	100.00	0.84
GCF_003429225.1	/home/bacte/bacillus_amr/06_phylogeny/proteins_unique/GCF_003429225.1.faa	NA	119	118	100.00	0.84
GCF_003429245.1	/home/bacte/bacillus_amr/06_phylogeny/proteins_unique/GCF_003429245.1.faa	NA	119	118	100.00	0.84
GCF_003431885.1	/home/bacte/bacillus_amr/06_phylogeny/proteins_unique/GCF_003431885.1.faa	NA	118	117	99.16	0.84
GCF_003660145.1	/home/bacte/bacillus_amr/06_phylogeny/proteins_unique/GCF_003660145.1.faa	NA	119	118	100.00	0.84
GCF_003854915.1	/home/bacte/bacillus_amr/06_phylogeny/proteins_unique/GCF_003854915.1.faa	NA	118	117	99.16	0.84
GCF_003860445.1	/home/bacte/bacillus_amr/06_phylogeny/proteins_unique/GCF_003860445.1.faa	NA	118	117	99.16	0.84
GCF_003868675.1	/home/bacte/bacillus_amr/06_phylogeny/proteins_unique/GCF_003868675.1.faa	NA	117	116	98.32	0.84
GCF_003931545.1	/home/bacte/bacillus_amr/06_phylogeny/proteins_unique/GCF_003931545.1.faa	NA	119	118	100.00	0.84
GCF_003946895.1	/home/bacte/bacillus_amr/06_phylogeny/proteins_unique/GCF_003946895.1.faa	NA	118	117	99.16	0.84
GCF_003985025.1	/home/bacte/bacillus_amr/06_phylogeny/proteins_unique/GCF_003985025.1.faa	NA	119	119	100.00	0.00
GCF_003986895.1	/home/bacte/bacillus_amr/06_phylogeny/proteins_unique/GCF_003986895.1.faa	NA	118	116	99.16	1.68
GCF_004006435.1	/home/bacte/bacillus_amr/06_phylogeny/proteins_unique/GCF_004006435.1.faa	NA	119	119	100.00	0.00
GCF_004009895.1	/home/bacte/bacillus_amr/06_phylogeny/proteins_unique/GCF_004009895.1.faa	NA	118	117	99.16	0.84
GCF_004022305.1	/home/bacte/bacillus_amr/06_phylogeny/proteins_unique/GCF_004022305.1.faa	NA	119	119	100.00	0.00
GCF_004103875.1	/home/bacte/bacillus_amr/06_phylogeny/proteins_unique/GCF_004103875.1.faa	NA	119	119	100.00	0.00
GCF_004103895.1	/home/bacte/bacillus_amr/06_phylogeny/proteins_unique/GCF_004103895.1.faa	NA	119	119	100.00	0.00
GCF_004124315.2	/home/bacte/bacillus_amr/06_phylogeny/proteins_unique/GCF_004124315.2.faa	NA	119	118	100.00	0.84
GCF_004294525.1	/home/bacte/bacillus_amr/06_phylogeny/proteins_unique/GCF_004294525.1.faa	NA	118	113	99.16	4.20
GCF_004294535.1	/home/bacte/bacillus_amr/06_phylogeny/proteins_unique/GCF_004294535.1.faa	NA	119	119	100.00	0.00
GCF_004294565.1	/home/bacte/bacillus_amr/06_phylogeny/proteins_unique/GCF_004294565.1.faa	NA	119	119	100.00	0.00
GCF_004367815.1	/home/bacte/bacillus_amr/06_phylogeny/proteins_unique/GCF_004367815.1.faa	NA	119	119	100.00	0.00
GCF_004367825.2	/home/bacte/bacillus_amr/06_phylogeny/proteins_unique/GCF_004367825.2.faa	NA	119	117	100.00	1.68
GCF_004563755.2	/home/bacte/bacillus_amr/06_phylogeny/proteins_unique/GCF_004563755.2.faa	NA	119	119	100.00	0.00
GCF_004804245.1	/home/bacte/bacillus_amr/06_phylogeny/proteins_unique/GCF_004804245.1.faa	NA	118	117	99.16	0.84
GCF_005848985.1	/home/bacte/bacillus_amr/06_phylogeny/proteins_unique/GCF_005848985.1.faa	NA	119	119	100.00	0.00
GCF_005849145.1	/home/bacte/bacillus_amr/06_phylogeny/proteins_unique/GCF_005849145.1.faa	NA	119	119	100.00	0.00
GCF_005849435.1	/home/bacte/bacillus_amr/06_phylogeny/proteins_unique/GCF_005849435.1.faa	NA	119	118	100.00	0.84
GCF_006151815.1	/home/bacte/bacillus_amr/06_phylogeny/proteins_unique/GCF_006151815.1.faa	NA	119	119	100.00	0.00
GCF_006349585.1	/home/bacte/bacillus_amr/06_phylogeny/proteins_unique/GCF_006349585.1.faa	NA	119	119	100.00	0.00
GCF_006349645.1	/home/bacte/bacillus_amr/06_phylogeny/proteins_unique/GCF_006349645.1.faa	NA	119	118	100.00	0.84
GCF_006349665.1	/home/bacte/bacillus_amr/06_phylogeny/proteins_unique/GCF_006349665.1.faa	NA	119	118	100.00	0.84
GCF_006349675.1	/home/bacte/bacillus_amr/06_phylogeny/proteins_unique/GCF_006349675.1.faa	NA	119	119	100.00	0.00
GCF_006349695.2	/home/bacte/bacillus_amr/06_phylogeny/proteins_unique/GCF_006349695.2.faa	NA	119	119	100.00	0.00
GCF_006349715.2	/home/bacte/bacillus_amr/06_phylogeny/proteins_unique/GCF_006349715.2.faa	NA	119	119	100.00	0.00
GCF_006349735.2	/home/bacte/bacillus_amr/06_phylogeny/proteins_unique/GCF_006349735.2.faa	NA	119	119	100.00	0.00
GCF_006349775.1	/home/bacte/bacillus_amr/06_phylogeny/proteins_unique/GCF_006349775.1.faa	NA	119	119	100.00	0.00
GCF_006351595.1	/home/bacte/bacillus_amr/06_phylogeny/proteins_unique/GCF_006351595.1.faa	NA	118	117	99.16	0.84
GCF_006351615.1	/home/bacte/bacillus_amr/06_phylogeny/proteins_unique/GCF_006351615.1.faa	NA	118	117	99.16	0.84
GCF_006351625.1	/home/bacte/bacillus_amr/06_phylogeny/proteins_unique/GCF_006351625.1.faa	NA	118	117	99.16	0.84
GCF_006351665.1	/home/bacte/bacillus_amr/06_phylogeny/proteins_unique/GCF_006351665.1.faa	NA	118	117	99.16	0.84
GCF_006351675.1	/home/bacte/bacillus_amr/06_phylogeny/proteins_unique/GCF_006351675.1.faa	NA	118	117	99.16	0.84
GCF_006351695.1	/home/bacte/bacillus_amr/06_phylogeny/proteins_unique/GCF_006351695.1.faa	NA	118	115	99.16	2.52
GCF_006351705.1	/home/bacte/bacillus_amr/06_phylogeny/proteins_unique/GCF_006351705.1.faa	NA	118	117	99.16	0.84
GCF_006489275.1	/home/bacte/bacillus_amr/06_phylogeny/proteins_unique/GCF_006489275.1.faa	NA	117	115	98.32	1.68
GCF_006494425.1	/home/bacte/bacillus_amr/06_phylogeny/proteins_unique/GCF_006494425.1.faa	NA	119	119	100.00	0.00
GCF_006965525.1	/home/bacte/bacillus_amr/06_phylogeny/proteins_unique/GCF_006965525.1.faa	NA	118	117	99.16	0.84
GCF_007097215.1	/home/bacte/bacillus_amr/06_phylogeny/proteins_unique/GCF_007097215.1.faa	NA	118	117	99.16	0.84
GCF_008244765.1	/home/bacte/bacillus_amr/06_phylogeny/proteins_unique/GCF_008244765.1.faa	NA	119	118	100.00	0.84
GCF_008367895.1	/home/bacte/bacillus_amr/06_phylogeny/proteins_unique/GCF_008367895.1.faa	NA	118	117	99.16	0.84
GCF_009193045.1	/home/bacte/bacillus_amr/06_phylogeny/proteins_unique/GCF_009193045.1.faa	NA	118	117	99.16	0.84
GCF_009683055.1	/home/bacte/bacillus_amr/06_phylogeny/proteins_unique/GCF_009683055.1.faa	NA	118	111	99.16	5.88
GCF_009683125.1	/home/bacte/bacillus_amr/06_phylogeny/proteins_unique/GCF_009683125.1.faa	NA	118	117	99.16	0.84
GCF_009683155.1	/home/bacte/bacillus_amr/06_phylogeny/proteins_unique/GCF_009683155.1.faa	NA	118	117	99.16	0.84
GCF_009996865.1	/home/bacte/bacillus_amr/06_phylogeny/proteins_unique/GCF_009996865.1.faa	NA	118	116	99.16	1.68
GCF_010671715.1	/home/bacte/bacillus_amr/06_phylogeny/proteins_unique/GCF_010671715.1.faa	NA	118	116	99.16	1.68
GCF_011043745.1	/home/bacte/bacillus_amr/06_phylogeny/proteins_unique/GCF_011043745.1.faa	NA	118	117	99.16	0.84
GCF_011065565.1	/home/bacte/bacillus_amr/06_phylogeny/proteins_unique/GCF_011065565.1.faa	NA	118	116	99.16	1.68
GCF_011065615.1	/home/bacte/bacillus_amr/06_phylogeny/proteins_unique/GCF_011065615.1.faa	NA	118	117	99.16	0.84
GCF_011066015.1	/home/bacte/bacillus_amr/06_phylogeny/proteins_unique/GCF_011066015.1.faa	NA	118	117	99.16	0.84
GCF_011066025.1	/home/bacte/bacillus_amr/06_phylogeny/proteins_unique/GCF_011066025.1.faa	NA	119	117	100.00	1.68
GCF_011066055.1	/home/bacte/bacillus_amr/06_phylogeny/proteins_unique/GCF_011066055.1.faa	NA	118	117	99.16	0.84
GCF_011066075.1	/home/bacte/bacillus_amr/06_phylogeny/proteins_unique/GCF_011066075.1.faa	NA	118	117	99.16	0.84
GCF_011075175.1	/home/bacte/bacillus_amr/06_phylogeny/proteins_unique/GCF_011075175.1.faa	NA	118	116	99.16	1.68
GCF_011100445.1	/home/bacte/bacillus_amr/06_phylogeny/proteins_unique/GCF_011100445.1.faa	NA	118	117	99.16	0.84
GCF_011317125.1	/home/bacte/bacillus_amr/06_phylogeny/proteins_unique/GCF_011317125.1.faa	NA	118	117	99.16	0.84
GCF_011317145.1	/home/bacte/bacillus_amr/06_phylogeny/proteins_unique/GCF_011317145.1.faa	NA	119	119	100.00	0.00
GCF_011421515.1	/home/bacte/bacillus_amr/06_phylogeny/proteins_unique/GCF_011421515.1.faa	NA	118	117	99.16	0.84
GCF_011751555.1	/home/bacte/bacillus_amr/06_phylogeny/proteins_unique/GCF_011751555.1.faa	NA	119	119	100.00	0.00
GCF_011751575.1	/home/bacte/bacillus_amr/06_phylogeny/proteins_unique/GCF_011751575.1.faa	NA	119	119	100.00	0.00
GCF_011751595.1	/home/bacte/bacillus_amr/06_phylogeny/proteins_unique/GCF_011751595.1.faa	NA	119	119	100.00	0.00
GCF_011754125.1	/home/bacte/bacillus_amr/06_phylogeny/proteins_unique/GCF_011754125.1.faa	NA	118	117	99.16	1.68
GCF_011765645.1	/home/bacte/bacillus_amr/06_phylogeny/proteins_unique/GCF_011765645.1.faa	NA	119	119	100.00	0.00
GCF_011765855.1	/home/bacte/bacillus_amr/06_phylogeny/proteins_unique/GCF_011765855.1.faa	NA	119	119	100.00	0.00
GCF_011800395.1	/home/bacte/bacillus_amr/06_phylogeny/proteins_unique/GCF_011800395.1.faa	NA	119	118	100.00	0.84
GCF_011800505.1	/home/bacte/bacillus_amr/06_phylogeny/proteins_unique/GCF_011800505.1.faa	NA	119	119	100.00	0.00
GCF_011800725.1	/home/bacte/bacillus_amr/06_phylogeny/proteins_unique/GCF_011800725.1.faa	NA	118	117	99.16	0.84
GCF_011800745.1	/home/bacte/bacillus_amr/06_phylogeny/proteins_unique/GCF_011800745.1.faa	NA	119	119	100.00	0.00
GCF_012225885.1	/home/bacte/bacillus_amr/06_phylogeny/proteins_unique/GCF_012225885.1.faa	NA	119	119	100.00	0.00
GCF_012226065.1	/home/bacte/bacillus_amr/06_phylogeny/proteins_unique/GCF_012226065.1.faa	NA	118	116	99.16	1.68
GCF_012648205.1	/home/bacte/bacillus_amr/06_phylogeny/proteins_unique/GCF_012648205.1.faa	NA	119	119	100.00	0.00
GCF_012935315.1	/home/bacte/bacillus_amr/06_phylogeny/proteins_unique/GCF_012935315.1.faa	NA	118	117	99.16	0.84
GCF_012935335.1	/home/bacte/bacillus_amr/06_phylogeny/proteins_unique/GCF_012935335.1.faa	NA	119	119	100.00	0.00
GCF_013122275.1	/home/bacte/bacillus_amr/06_phylogeny/proteins_unique/GCF_013122275.1.faa	NA	118	116	99.16	1.68
GCF_013133865.1	/home/bacte/bacillus_amr/06_phylogeny/proteins_unique/GCF_013133865.1.faa	NA	119	118	100.00	0.84
GCF_013141905.1	/home/bacte/bacillus_amr/06_phylogeny/proteins_unique/GCF_013141905.1.faa	NA	119	119	100.00	0.00
GCF_013201465.1	/home/bacte/bacillus_amr/06_phylogeny/proteins_unique/GCF_013201465.1.faa	NA	118	117	99.16	0.84
GCF_013284455.2	/home/bacte/bacillus_amr/06_phylogeny/proteins_unique/GCF_013284455.2.faa	NA	119	119	100.00	0.00
GCF_013284475.1	/home/bacte/bacillus_amr/06_phylogeny/proteins_unique/GCF_013284475.1.faa	NA	118	117	99.16	0.84
GCF_013284545.1	/home/bacte/bacillus_amr/06_phylogeny/proteins_unique/GCF_013284545.1.faa	NA	118	117	99.16	0.84
GCF_013284555.1	/home/bacte/bacillus_amr/06_phylogeny/proteins_unique/GCF_013284555.1.faa	NA	118	117	99.16	0.84
GCF_013284575.1	/home/bacte/bacillus_amr/06_phylogeny/proteins_unique/GCF_013284575.1.faa	NA	118	117	99.16	0.84
GCF_013284625.1	/home/bacte/bacillus_amr/06_phylogeny/proteins_unique/GCF_013284625.1.faa	NA	118	117	99.16	0.84
GCF_013284655.1	/home/bacte/bacillus_amr/06_phylogeny/proteins_unique/GCF_013284655.1.faa	NA	118	117	99.16	0.84
GCF_013284725.1	/home/bacte/bacillus_amr/06_phylogeny/proteins_unique/GCF_013284725.1.faa	NA	118	117	99.16	0.84
GCF_013284745.1	/home/bacte/bacillus_amr/06_phylogeny/proteins_unique/GCF_013284745.1.faa	NA	118	117	99.16	0.84
GCF_013284765.1	/home/bacte/bacillus_amr/06_phylogeny/proteins_unique/GCF_013284765.1.faa	NA	118	117	99.16	0.84
GCF_013284775.1	/home/bacte/bacillus_amr/06_phylogeny/proteins_unique/GCF_013284775.1.faa	NA	118	117	99.16	0.84
GCF_013284785.2	/home/bacte/bacillus_amr/06_phylogeny/proteins_unique/GCF_013284785.2.faa	NA	118	117	99.16	0.84
GCF_013284825.1	/home/bacte/bacillus_amr/06_phylogeny/proteins_unique/GCF_013284825.1.faa	NA	118	116	99.16	1.68
GCF_013285045.1	/home/bacte/bacillus_amr/06_phylogeny/proteins_unique/GCF_013285045.1.faa	NA	118	117	99.16	0.84
GCF_013285055.1	/home/bacte/bacillus_amr/06_phylogeny/proteins_unique/GCF_013285055.1.faa	NA	118	117	99.16	0.84
GCF_013285085.2	/home/bacte/bacillus_amr/06_phylogeny/proteins_unique/GCF_013285085.2.faa	NA	118	117	99.16	0.84
GCF_013285105.1	/home/bacte/bacillus_amr/06_phylogeny/proteins_unique/GCF_013285105.1.faa	NA	118	117	99.16	0.84
GCF_013305505.1	/home/bacte/bacillus_amr/06_phylogeny/proteins_unique/GCF_013305505.1.faa	NA	118	116	99.16	1.68
GCF_013332435.1	/home/bacte/bacillus_amr/06_phylogeny/proteins_unique/GCF_013332435.1.faa	NA	119	119	100.00	0.00
GCF_013332455.1	/home/bacte/bacillus_amr/06_phylogeny/proteins_unique/GCF_013332455.1.faa	NA	119	119	100.00	0.00
GCF_013347105.1	/home/bacte/bacillus_amr/06_phylogeny/proteins_unique/GCF_013347105.1.faa	NA	119	119	100.00	0.00
GCF_013348705.1	/home/bacte/bacillus_amr/06_phylogeny/proteins_unique/GCF_013348705.1.faa	NA	118	117	99.16	0.84
GCF_013391605.1	/home/bacte/bacillus_amr/06_phylogeny/proteins_unique/GCF_013391605.1.faa	NA	119	118	100.00	0.84
GCF_013391615.1	/home/bacte/bacillus_amr/06_phylogeny/proteins_unique/GCF_013391615.1.faa	NA	119	118	100.00	0.84
GCF_013875015.1	/home/bacte/bacillus_amr/06_phylogeny/proteins_unique/GCF_013875015.1.faa	NA	118	117	99.16	0.84
GCF_014046405.1	/home/bacte/bacillus_amr/06_phylogeny/proteins_unique/GCF_014046405.1.faa	NA	119	119	100.00	0.00
GCF_014211995.1	/home/bacte/bacillus_amr/06_phylogeny/proteins_unique/GCF_014211995.1.faa	NA	117	116	98.32	0.84
GCF_014219005.1	/home/bacte/bacillus_amr/06_phylogeny/proteins_unique/GCF_014219005.1.faa	NA	119	119	100.00	0.00
GCF_014495825.1	/home/bacte/bacillus_amr/06_phylogeny/proteins_unique/GCF_014495825.1.faa	NA	118	117	99.16	0.84
GCF_014534715.1	/home/bacte/bacillus_amr/06_phylogeny/proteins_unique/GCF_014534715.1.faa	NA	118	117	99.16	0.84
GCF_014534735.1	/home/bacte/bacillus_amr/06_phylogeny/proteins_unique/GCF_014534735.1.faa	NA	118	117	99.16	0.84
GCF_014805495.1	/home/bacte/bacillus_amr/06_phylogeny/proteins_unique/GCF_014805495.1.faa	NA	119	119	100.00	0.00
GCF_014856585.1	/home/bacte/bacillus_amr/06_phylogeny/proteins_unique/GCF_014856585.1.faa	NA	119	119	100.00	0.00
GCF_014982505.1	/home/bacte/bacillus_amr/06_phylogeny/proteins_unique/GCF_014982505.1.faa	NA	118	117	99.16	0.84
GCF_015160895.1	/home/bacte/bacillus_amr/06_phylogeny/proteins_unique/GCF_015160895.1.faa	NA	119	119	100.00	0.00
GCF_015354255.1	/home/bacte/bacillus_amr/06_phylogeny/proteins_unique/GCF_015354255.1.faa	NA	118	117	99.16	0.84
GCF_015689015.1	/home/bacte/bacillus_amr/06_phylogeny/proteins_unique/GCF_015689015.1.faa	NA	119	119	100.00	0.00
GCF_015845455.1	/home/bacte/bacillus_amr/06_phylogeny/proteins_unique/GCF_015845455.1.faa	NA	119	118	100.00	0.84
GCF_016106735.1	/home/bacte/bacillus_amr/06_phylogeny/proteins_unique/GCF_016106735.1.faa	NA	118	117	99.16	2.52
GCF_016766595.1	/home/bacte/bacillus_amr/06_phylogeny/proteins_unique/GCF_016766595.1.faa	NA	118	117	99.16	0.84
GCF_016767255.1	/home/bacte/bacillus_amr/06_phylogeny/proteins_unique/GCF_016767255.1.faa	NA	119	119	100.00	0.00
GCF_016767285.1	/home/bacte/bacillus_amr/06_phylogeny/proteins_unique/GCF_016767285.1.faa	NA	119	119	100.00	0.00
GCF_016767295.1	/home/bacte/bacillus_amr/06_phylogeny/proteins_unique/GCF_016767295.1.faa	NA	119	119	100.00	0.00
GCF_016767335.1	/home/bacte/bacillus_amr/06_phylogeny/proteins_unique/GCF_016767335.1.faa	NA	119	119	100.00	0.00
GCF_016767355.1	/home/bacte/bacillus_amr/06_phylogeny/proteins_unique/GCF_016767355.1.faa	NA	119	118	100.00	0.84
GCF_016772005.1	/home/bacte/bacillus_amr/06_phylogeny/proteins_unique/GCF_016772005.1.faa	NA	118	117	99.16	0.84
GCF_016772025.1	/home/bacte/bacillus_amr/06_phylogeny/proteins_unique/GCF_016772025.1.faa	NA	118	117	99.16	0.84
GCF_016834435.1	/home/bacte/bacillus_amr/06_phylogeny/proteins_unique/GCF_016834435.1.faa	NA	118	117	99.16	0.84
GCF_017356065.1	/home/bacte/bacillus_amr/06_phylogeny/proteins_unique/GCF_017356065.1.faa	NA	119	119	100.00	0.00
GCF_017498755.1	/home/bacte/bacillus_amr/06_phylogeny/proteins_unique/GCF_017498755.1.faa	NA	119	118	100.00	0.84
GCF_017498775.1	/home/bacte/bacillus_amr/06_phylogeny/proteins_unique/GCF_017498775.1.faa	NA	119	119	100.00	0.00
GCF_017824715.1	/home/bacte/bacillus_amr/06_phylogeny/proteins_unique/GCF_017824715.1.faa	NA	118	117	99.16	0.84
GCF_018101255.1	/home/bacte/bacillus_amr/06_phylogeny/proteins_unique/GCF_018101255.1.faa	NA	119	119	100.00	0.00
GCF_018101275.1	/home/bacte/bacillus_amr/06_phylogeny/proteins_unique/GCF_018101275.1.faa	NA	119	118	100.00	0.84
GCF_018101295.1	/home/bacte/bacillus_amr/06_phylogeny/proteins_unique/GCF_018101295.1.faa	NA	118	117	99.16	0.84
GCF_018101335.1	/home/bacte/bacillus_amr/06_phylogeny/proteins_unique/GCF_018101335.1.faa	NA	119	118	100.00	0.84
GCF_018221535.1	/home/bacte/bacillus_amr/06_phylogeny/proteins_unique/GCF_018221535.1.faa	NA	119	118	100.00	0.84
GCF_018343515.1	/home/bacte/bacillus_amr/06_phylogeny/proteins_unique/GCF_018343515.1.faa	NA	118	115	99.16	2.52
GCF_018343615.1	/home/bacte/bacillus_amr/06_phylogeny/proteins_unique/GCF_018343615.1.faa	NA	119	117	100.00	1.68
GCF_018343715.1	/home/bacte/bacillus_amr/06_phylogeny/proteins_unique/GCF_018343715.1.faa	NA	118	114	99.16	3.36
GCF_018361345.1	/home/bacte/bacillus_amr/06_phylogeny/proteins_unique/GCF_018361345.1.faa	NA	115	115	96.64	0.00
GCF_018390475.2	/home/bacte/bacillus_amr/06_phylogeny/proteins_unique/GCF_018390475.2.faa	NA	119	118	100.00	0.84
GCF_018729275.1	/home/bacte/bacillus_amr/06_phylogeny/proteins_unique/GCF_018729275.1.faa	NA	119	119	100.00	0.00
GCF_018729285.1	/home/bacte/bacillus_amr/06_phylogeny/proteins_unique/GCF_018729285.1.faa	NA	118	117	99.16	0.84
GCF_018729415.1	/home/bacte/bacillus_amr/06_phylogeny/proteins_unique/GCF_018729415.1.faa	NA	118	117	99.16	0.84
GCF_019039215.1	/home/bacte/bacillus_amr/06_phylogeny/proteins_unique/GCF_019039215.1.faa	NA	118	114	99.16	4.20
GCF_019091205.1	/home/bacte/bacillus_amr/06_phylogeny/proteins_unique/GCF_019091205.1.faa	NA	119	118	100.00	0.84
GCF_019149305.1	/home/bacte/bacillus_amr/06_phylogeny/proteins_unique/GCF_019149305.1.faa	NA	119	119	100.00	0.00
GCF_019163475.1	/home/bacte/bacillus_amr/06_phylogeny/proteins_unique/GCF_019163475.1.faa	NA	118	117	99.16	0.84
GCF_019164215.1	/home/bacte/bacillus_amr/06_phylogeny/proteins_unique/GCF_019164215.1.faa	NA	119	119	100.00	0.00
GCF_019464595.1	/home/bacte/bacillus_amr/06_phylogeny/proteins_unique/GCF_019464595.1.faa	NA	118	117	99.16	0.84
GCF_019598985.1	/home/bacte/bacillus_amr/06_phylogeny/proteins_unique/GCF_019598985.1.faa	NA	116	115	97.48	0.84
GCF_019599585.1	/home/bacte/bacillus_amr/06_phylogeny/proteins_unique/GCF_019599585.1.faa	NA	119	118	100.00	0.84
GCF_019603335.1	/home/bacte/bacillus_amr/06_phylogeny/proteins_unique/GCF_019603335.1.faa	NA	118	117	99.16	0.84
GCF_019738955.1	/home/bacte/bacillus_amr/06_phylogeny/proteins_unique/GCF_019738955.1.faa	NA	119	118	100.00	0.84
GCF_020177005.1	/home/bacte/bacillus_amr/06_phylogeny/proteins_unique/GCF_020177005.1.faa	NA	118	117	99.16	0.84
GCF_020179025.1	/home/bacte/bacillus_amr/06_phylogeny/proteins_unique/GCF_020179025.1.faa	NA	119	119	100.00	0.00
GCF_020179095.1	/home/bacte/bacillus_amr/06_phylogeny/proteins_unique/GCF_020179095.1.faa	NA	119	118	100.00	0.84
GCF_020179775.1	/home/bacte/bacillus_amr/06_phylogeny/proteins_unique/GCF_020179775.1.faa	NA	118	117	99.16	0.84
GCF_020179855.1	/home/bacte/bacillus_amr/06_phylogeny/proteins_unique/GCF_020179855.1.faa	NA	118	117	99.16	0.84
GCF_020179885.1	/home/bacte/bacillus_amr/06_phylogeny/proteins_unique/GCF_020179885.1.faa	NA	118	117	99.16	0.84
GCF_020551885.1	/home/bacte/bacillus_amr/06_phylogeny/proteins_unique/GCF_020551885.1.faa	NA	119	119	100.00	0.00
GCF_020551965.1	/home/bacte/bacillus_amr/06_phylogeny/proteins_unique/GCF_020551965.1.faa	NA	118	117	99.16	0.84
GCF_020667855.1	/home/bacte/bacillus_amr/06_phylogeny/proteins_unique/GCF_020667855.1.faa	NA	119	119	100.00	0.00
GCF_020682985.1	/home/bacte/bacillus_amr/06_phylogeny/proteins_unique/GCF_020682985.1.faa	NA	119	119	100.00	0.00
GCF_020685165.1	/home/bacte/bacillus_amr/06_phylogeny/proteins_unique/GCF_020685165.1.faa	NA	119	118	100.00	0.84
GCF_020685215.1	/home/bacte/bacillus_amr/06_phylogeny/proteins_unique/GCF_020685215.1.faa	NA	118	117	99.16	0.84
GCF_020686785.1	/home/bacte/bacillus_amr/06_phylogeny/proteins_unique/GCF_020686785.1.faa	NA	119	116	100.00	2.52
GCF_020686805.1	/home/bacte/bacillus_amr/06_phylogeny/proteins_unique/GCF_020686805.1.faa	NA	119	116	100.00	2.52
GCF_020686825.1	/home/bacte/bacillus_amr/06_phylogeny/proteins_unique/GCF_020686825.1.faa	NA	119	116	100.00	2.52
GCF_020686845.1	/home/bacte/bacillus_amr/06_phylogeny/proteins_unique/GCF_020686845.1.faa	NA	119	116	100.00	2.52
GCF_020708615.1	/home/bacte/bacillus_amr/06_phylogeny/proteins_unique/GCF_020708615.1.faa	NA	119	119	100.00	0.00
GCF_020861635.1	/home/bacte/bacillus_amr/06_phylogeny/proteins_unique/GCF_020861635.1.faa	NA	118	117	99.16	0.84
GCF_020907785.1	/home/bacte/bacillus_amr/06_phylogeny/proteins_unique/GCF_020907785.1.faa	NA	118	107	99.16	10.92
GCF_020908045.1	/home/bacte/bacillus_amr/06_phylogeny/proteins_unique/GCF_020908045.1.faa	NA	119	118	100.00	0.84
GCF_020911825.1	/home/bacte/bacillus_amr/06_phylogeny/proteins_unique/GCF_020911825.1.faa	NA	118	117	99.16	0.84
GCF_021202875.1	/home/bacte/bacillus_amr/06_phylogeny/proteins_unique/GCF_021202875.1.faa	NA	118	117	99.16	0.84
GCF_021228895.1	/home/bacte/bacillus_amr/06_phylogeny/proteins_unique/GCF_021228895.1.faa	NA	118	116	99.16	1.68
GCF_021555035.1	/home/bacte/bacillus_amr/06_phylogeny/proteins_unique/GCF_021555035.1.faa	NA	119	119	100.00	0.00
GCF_022370935.1	/home/bacte/bacillus_amr/06_phylogeny/proteins_unique/GCF_022370935.1.faa	NA	118	117	99.16	0.84
GCF_022385235.1	/home/bacte/bacillus_amr/06_phylogeny/proteins_unique/GCF_022385235.1.faa	NA	118	117	99.16	0.84
GCF_022488425.1	/home/bacte/bacillus_amr/06_phylogeny/proteins_unique/GCF_022488425.1.faa	NA	118	117	99.16	0.84
GCF_022647025.1	/home/bacte/bacillus_amr/06_phylogeny/proteins_unique/GCF_022647025.1.faa	NA	119	119	100.00	0.00
GCF_022758335.1	/home/bacte/bacillus_amr/06_phylogeny/proteins_unique/GCF_022758335.1.faa	NA	119	118	100.00	0.84
GCF_022803025.1	/home/bacte/bacillus_amr/06_phylogeny/proteins_unique/GCF_022803025.1.faa	NA	119	119	100.00	0.00
GCF_022819205.1	/home/bacte/bacillus_amr/06_phylogeny/proteins_unique/GCF_022819205.1.faa	NA	119	119	100.00	0.00
GCF_022952805.1	/home/bacte/bacillus_amr/06_phylogeny/proteins_unique/GCF_022952805.1.faa	NA	119	118	100.00	0.84
GCF_022953115.1	/home/bacte/bacillus_amr/06_phylogeny/proteins_unique/GCF_022953115.1.faa	NA	119	118	100.00	0.84
GCF_023115375.1	/home/bacte/bacillus_amr/06_phylogeny/proteins_unique/GCF_023115375.1.faa	NA	118	117	99.16	0.84
GCF_023195455.1	/home/bacte/bacillus_amr/06_phylogeny/proteins_unique/GCF_023195455.1.faa	NA	119	117	100.00	1.68
GCF_023614045.1	/home/bacte/bacillus_amr/06_phylogeny/proteins_unique/GCF_023614045.1.faa	NA	118	118	99.16	0.00
GCF_023920485.1	/home/bacte/bacillus_amr/06_phylogeny/proteins_unique/GCF_023920485.1.faa	NA	119	117	100.00	1.68
GCF_024125385.1	/home/bacte/bacillus_amr/06_phylogeny/proteins_unique/GCF_024125385.1.faa	NA	118	117	99.16	0.84
GCF_024125405.1	/home/bacte/bacillus_amr/06_phylogeny/proteins_unique/GCF_024125405.1.faa	NA	118	117	99.16	0.84
GCF_024259405.1	/home/bacte/bacillus_amr/06_phylogeny/proteins_unique/GCF_024259405.1.faa	NA	118	117	99.16	0.84
GCF_024259785.1	/home/bacte/bacillus_amr/06_phylogeny/proteins_unique/GCF_024259785.1.faa	NA	119	119	100.00	0.00
GCF_024266645.1	/home/bacte/bacillus_amr/06_phylogeny/proteins_unique/GCF_024266645.1.faa	NA	119	119	100.00	0.00
GCF_024297165.1	/home/bacte/bacillus_amr/06_phylogeny/proteins_unique/GCF_024297165.1.faa	NA	119	117	100.00	1.68
GCF_024320765.1	/home/bacte/bacillus_amr/06_phylogeny/proteins_unique/GCF_024320765.1.faa	NA	119	119	100.00	0.00
GCF_024453785.1	/home/bacte/bacillus_amr/06_phylogeny/proteins_unique/GCF_024453785.1.faa	NA	118	117	99.16	0.84
GCF_024464535.1	/home/bacte/bacillus_amr/06_phylogeny/proteins_unique/GCF_024464535.1.faa	NA	119	118	100.00	0.84
GCF_024494765.1	/home/bacte/bacillus_amr/06_phylogeny/proteins_unique/GCF_024494765.1.faa	NA	119	118	100.00	0.84
GCF_024494775.1	/home/bacte/bacillus_amr/06_phylogeny/proteins_unique/GCF_024494775.1.faa	NA	119	119	100.00	0.00
GCF_024494825.1	/home/bacte/bacillus_amr/06_phylogeny/proteins_unique/GCF_024494825.1.faa	NA	119	118	100.00	0.84
GCF_024494845.1	/home/bacte/bacillus_amr/06_phylogeny/proteins_unique/GCF_024494845.1.faa	NA	119	118	100.00	0.84
GCF_024494865.1	/home/bacte/bacillus_amr/06_phylogeny/proteins_unique/GCF_024494865.1.faa	NA	119	117	100.00	1.68
GCF_024494965.1	/home/bacte/bacillus_amr/06_phylogeny/proteins_unique/GCF_024494965.1.faa	NA	119	119	100.00	0.00
GCF_024494995.1	/home/bacte/bacillus_amr/06_phylogeny/proteins_unique/GCF_024494995.1.faa	NA	119	117	100.00	1.68
GCF_024495005.1	/home/bacte/bacillus_amr/06_phylogeny/proteins_unique/GCF_024495005.1.faa	NA	119	118	100.00	0.84
GCF_024495135.1	/home/bacte/bacillus_amr/06_phylogeny/proteins_unique/GCF_024495135.1.faa	NA	119	116	100.00	2.52
GCF_024497995.1	/home/bacte/bacillus_amr/06_phylogeny/proteins_unique/GCF_024497995.1.faa	NA	119	119	100.00	0.00
GCF_024498015.1	/home/bacte/bacillus_amr/06_phylogeny/proteins_unique/GCF_024498015.1.faa	NA	119	117	100.00	1.68
GCF_024498035.1	/home/bacte/bacillus_amr/06_phylogeny/proteins_unique/GCF_024498035.1.faa	NA	119	117	100.00	1.68
GCF_024498055.1	/home/bacte/bacillus_amr/06_phylogeny/proteins_unique/GCF_024498055.1.faa	NA	119	118	100.00	0.84
GCF_024498095.1	/home/bacte/bacillus_amr/06_phylogeny/proteins_unique/GCF_024498095.1.faa	NA	119	118	100.00	0.84
GCF_024702005.1	/home/bacte/bacillus_amr/06_phylogeny/proteins_unique/GCF_024702005.1.faa	NA	119	117	100.00	1.68
GCF_024706235.1	/home/bacte/bacillus_amr/06_phylogeny/proteins_unique/GCF_024706235.1.faa	NA	119	119	100.00	0.00
GCF_024741115.1	/home/bacte/bacillus_amr/06_phylogeny/proteins_unique/GCF_024741115.1.faa	NA	119	117	100.00	1.68
GCF_024917135.1	/home/bacte/bacillus_amr/06_phylogeny/proteins_unique/GCF_024917135.1.faa	NA	118	117	99.16	0.84
GCF_025000225.1	/home/bacte/bacillus_amr/06_phylogeny/proteins_unique/GCF_025000225.1.faa	NA	119	119	100.00	0.00
GCF_025309755.1	/home/bacte/bacillus_amr/06_phylogeny/proteins_unique/GCF_025309755.1.faa	NA	119	118	100.00	0.84
GCF_025833795.1	/home/bacte/bacillus_amr/06_phylogeny/proteins_unique/GCF_025833795.1.faa	NA	119	118	100.00	0.84
GCF_025857215.1	/home/bacte/bacillus_amr/06_phylogeny/proteins_unique/GCF_025857215.1.faa	NA	118	117	99.16	0.84
GCF_025917635.1	/home/bacte/bacillus_amr/06_phylogeny/proteins_unique/GCF_025917635.1.faa	NA	118	117	99.16	0.84
GCF_025942125.1	/home/bacte/bacillus_amr/06_phylogeny/proteins_unique/GCF_025942125.1.faa	NA	119	118	100.00	0.84
GCF_025960305.1	/home/bacte/bacillus_amr/06_phylogeny/proteins_unique/GCF_025960305.1.faa	NA	119	119	100.00	0.00
GCF_026066475.1	/home/bacte/bacillus_amr/06_phylogeny/proteins_unique/GCF_026066475.1.faa	NA	119	118	100.00	0.84
GCF_026131695.1	/home/bacte/bacillus_amr/06_phylogeny/proteins_unique/GCF_026131695.1.faa	NA	119	118	100.00	0.84
GCF_026194235.1	/home/bacte/bacillus_amr/06_phylogeny/proteins_unique/GCF_026194235.1.faa	NA	118	116	99.16	1.68
GCF_026221135.1	/home/bacte/bacillus_amr/06_phylogeny/proteins_unique/GCF_026221135.1.faa	NA	119	119	100.00	0.00
GCF_026241745.1	/home/bacte/bacillus_amr/06_phylogeny/proteins_unique/GCF_026241745.1.faa	NA	118	117	99.16	0.84
GCF_026242165.1	/home/bacte/bacillus_amr/06_phylogeny/proteins_unique/GCF_026242165.1.faa	NA	118	117	99.16	0.84
GCF_026275485.1	/home/bacte/bacillus_amr/06_phylogeny/proteins_unique/GCF_026275485.1.faa	NA	118	117	99.16	0.84
GCF_026420705.1	/home/bacte/bacillus_amr/06_phylogeny/proteins_unique/GCF_026420705.1.faa	NA	118	117	99.16	0.84
GCF_026540655.1	/home/bacte/bacillus_amr/06_phylogeny/proteins_unique/GCF_026540655.1.faa	NA	119	119	100.00	0.00
GCF_026540675.1	/home/bacte/bacillus_amr/06_phylogeny/proteins_unique/GCF_026540675.1.faa	NA	119	119	100.00	0.00
GCF_026672655.1	/home/bacte/bacillus_amr/06_phylogeny/proteins_unique/GCF_026672655.1.faa	NA	119	117	100.00	1.68
GCF_026719365.1	/home/bacte/bacillus_amr/06_phylogeny/proteins_unique/GCF_026719365.1.faa	NA	118	117	99.16	0.84
GCF_026967595.1	/home/bacte/bacillus_amr/06_phylogeny/proteins_unique/GCF_026967595.1.faa	NA	119	119	100.00	0.00
GCF_027853835.1	/home/bacte/bacillus_amr/06_phylogeny/proteins_unique/GCF_027853835.1.faa	NA	118	117	99.16	0.84
GCF_027857035.1	/home/bacte/bacillus_amr/06_phylogeny/proteins_unique/GCF_027857035.1.faa	NA	118	117	99.16	0.84
GCF_028401745.1	/home/bacte/bacillus_amr/06_phylogeny/proteins_unique/GCF_028401745.1.faa	NA	119	118	100.00	0.84
GCF_028728315.1	/home/bacte/bacillus_amr/06_phylogeny/proteins_unique/GCF_028728315.1.faa	NA	119	118	100.00	0.84
GCF_028751175.1	/home/bacte/bacillus_amr/06_phylogeny/proteins_unique/GCF_028751175.1.faa	NA	118	115	99.16	3.36
GCF_028821655.1	/home/bacte/bacillus_amr/06_phylogeny/proteins_unique/GCF_028821655.1.faa	NA	119	119	100.00	0.00
GCF_029016665.1	/home/bacte/bacillus_amr/06_phylogeny/proteins_unique/GCF_029016665.1.faa	NA	118	117	99.16	0.84
GCF_029211445.1	/home/bacte/bacillus_amr/06_phylogeny/proteins_unique/GCF_029211445.1.faa	NA	119	118	100.00	0.84
GCF_029215565.1	/home/bacte/bacillus_amr/06_phylogeny/proteins_unique/GCF_029215565.1.faa	NA	118	117	99.16	0.84
GCF_029282585.1	/home/bacte/bacillus_amr/06_phylogeny/proteins_unique/GCF_029282585.1.faa	NA	118	112	99.16	5.04
GCF_029289385.1	/home/bacte/bacillus_amr/06_phylogeny/proteins_unique/GCF_029289385.1.faa	NA	119	118	100.00	0.84
GCF_029536185.1	/home/bacte/bacillus_amr/06_phylogeny/proteins_unique/GCF_029536185.1.faa	NA	119	119	100.00	0.00
GCF_029541525.1	/home/bacte/bacillus_amr/06_phylogeny/proteins_unique/GCF_029541525.1.faa	NA	119	118	100.00	0.84
GCF_029623775.1	/home/bacte/bacillus_amr/06_phylogeny/proteins_unique/GCF_029623775.1.faa	NA	119	118	100.00	0.84
GCF_029636745.1	/home/bacte/bacillus_amr/06_phylogeny/proteins_unique/GCF_029636745.1.faa	NA	118	117	99.16	0.84
GCF_029772985.1	/home/bacte/bacillus_amr/06_phylogeny/proteins_unique/GCF_029772985.1.faa	NA	118	118	99.16	0.00
GCF_029846455.1	/home/bacte/bacillus_amr/06_phylogeny/proteins_unique/GCF_029846455.1.faa	NA	116	115	97.48	0.84
GCF_029910295.1	/home/bacte/bacillus_amr/06_phylogeny/proteins_unique/GCF_029910295.1.faa	NA	118	117	99.16	0.84
GCF_029958265.1	/home/bacte/bacillus_amr/06_phylogeny/proteins_unique/GCF_029958265.1.faa	NA	119	117	100.00	1.68
GCF_030028255.1	/home/bacte/bacillus_amr/06_phylogeny/proteins_unique/GCF_030028255.1.faa	NA	118	117	99.16	0.84
GCF_030053655.1	/home/bacte/bacillus_amr/06_phylogeny/proteins_unique/GCF_030053655.1.faa	NA	115	115	96.64	0.00
GCF_030053795.1	/home/bacte/bacillus_amr/06_phylogeny/proteins_unique/GCF_030053795.1.faa	NA	118	118	99.16	0.00
GCF_030123145.1	/home/bacte/bacillus_amr/06_phylogeny/proteins_unique/GCF_030123145.1.faa	NA	119	119	100.00	0.00
GCF_030123185.1	/home/bacte/bacillus_amr/06_phylogeny/proteins_unique/GCF_030123185.1.faa	NA	119	118	100.00	0.84
GCF_030123205.1	/home/bacte/bacillus_amr/06_phylogeny/proteins_unique/GCF_030123205.1.faa	NA	119	119	100.00	0.00
GCF_030123305.1	/home/bacte/bacillus_amr/06_phylogeny/proteins_unique/GCF_030123305.1.faa	NA	118	117	99.16	0.84
GCF_030166595.1	/home/bacte/bacillus_amr/06_phylogeny/proteins_unique/GCF_030166595.1.faa	NA	119	119	100.00	0.00
GCF_030209735.1	/home/bacte/bacillus_amr/06_phylogeny/proteins_unique/GCF_030209735.1.faa	NA	119	118	100.00	0.84
GCF_030252385.1	/home/bacte/bacillus_amr/06_phylogeny/proteins_unique/GCF_030252385.1.faa	NA	118	117	99.16	0.84
GCF_030284405.1	/home/bacte/bacillus_amr/06_phylogeny/proteins_unique/GCF_030284405.1.faa	NA	119	117	100.00	1.68
GCF_030284525.1	/home/bacte/bacillus_amr/06_phylogeny/proteins_unique/GCF_030284525.1.faa	NA	118	118	99.16	0.00
GCF_030284565.1	/home/bacte/bacillus_amr/06_phylogeny/proteins_unique/GCF_030284565.1.faa	NA	118	117	99.16	0.84
GCF_030284665.1	/home/bacte/bacillus_amr/06_phylogeny/proteins_unique/GCF_030284665.1.faa	NA	118	117	99.16	0.84
GCF_030284675.1	/home/bacte/bacillus_amr/06_phylogeny/proteins_unique/GCF_030284675.1.faa	NA	119	118	100.00	0.84
GCF_030285945.1	/home/bacte/bacillus_amr/06_phylogeny/proteins_unique/GCF_030285945.1.faa	NA	118	118	99.16	0.00
GCF_030292055.1	/home/bacte/bacillus_amr/06_phylogeny/proteins_unique/GCF_030292055.1.faa	NA	119	119	100.00	0.00
GCF_030348245.1	/home/bacte/bacillus_amr/06_phylogeny/proteins_unique/GCF_030348245.1.faa	NA	117	117	98.32	0.00
GCF_030348305.1	/home/bacte/bacillus_amr/06_phylogeny/proteins_unique/GCF_030348305.1.faa	NA	118	117	99.16	0.84
GCF_030378485.1	/home/bacte/bacillus_amr/06_phylogeny/proteins_unique/GCF_030378485.1.faa	NA	118	116	99.16	1.68
GCF_030412285.1	/home/bacte/bacillus_amr/06_phylogeny/proteins_unique/GCF_030412285.1.faa	NA	119	119	100.00	0.00
GCF_030544925.1	/home/bacte/bacillus_amr/06_phylogeny/proteins_unique/GCF_030544925.1.faa	NA	118	117	99.16	0.84
GCF_030550855.1	/home/bacte/bacillus_amr/06_phylogeny/proteins_unique/GCF_030550855.1.faa	NA	118	117	99.16	0.84
GCF_030676795.1	/home/bacte/bacillus_amr/06_phylogeny/proteins_unique/GCF_030676795.1.faa	NA	118	117	99.16	0.84
GCF_030704265.1	/home/bacte/bacillus_amr/06_phylogeny/proteins_unique/GCF_030704265.1.faa	NA	118	117	99.16	0.84
GCF_030757775.1	/home/bacte/bacillus_amr/06_phylogeny/proteins_unique/GCF_030757775.1.faa	NA	119	119	100.00	0.00
GCF_030851295.1	/home/bacte/bacillus_amr/06_phylogeny/proteins_unique/GCF_030851295.1.faa	NA	119	119	100.00	0.00
GCF_030863625.1	/home/bacte/bacillus_amr/06_phylogeny/proteins_unique/GCF_030863625.1.faa	NA	119	119	100.00	0.00
GCF_031001775.1	/home/bacte/bacillus_amr/06_phylogeny/proteins_unique/GCF_031001775.1.faa	NA	119	119	100.00	0.00
GCF_031118725.1	/home/bacte/bacillus_amr/06_phylogeny/proteins_unique/GCF_031118725.1.faa	NA	118	117	99.16	0.84
GCF_031216075.1	/home/bacte/bacillus_amr/06_phylogeny/proteins_unique/GCF_031216075.1.faa	NA	119	119	100.00	0.00
GCF_031324045.1	/home/bacte/bacillus_amr/06_phylogeny/proteins_unique/GCF_031324045.1.faa	NA	119	117	100.00	1.68
GCF_031324265.1	/home/bacte/bacillus_amr/06_phylogeny/proteins_unique/GCF_031324265.1.faa	NA	118	117	99.16	0.84
GCF_031460235.1	/home/bacte/bacillus_amr/06_phylogeny/proteins_unique/GCF_031460235.1.faa	NA	118	117	99.16	0.84
GCF_031834575.1	/home/bacte/bacillus_amr/06_phylogeny/proteins_unique/GCF_031834575.1.faa	NA	119	118	100.00	0.84
GCF_031883715.1	/home/bacte/bacillus_amr/06_phylogeny/proteins_unique/GCF_031883715.1.faa	NA	118	117	99.16	0.84
GCF_032291985.1	/home/bacte/bacillus_amr/06_phylogeny/proteins_unique/GCF_032291985.1.faa	NA	118	117	99.16	0.84
GCF_032461565.1	/home/bacte/bacillus_amr/06_phylogeny/proteins_unique/GCF_032461565.1.faa	NA	119	119	100.00	0.00
GCF_032461585.1	/home/bacte/bacillus_amr/06_phylogeny/proteins_unique/GCF_032461585.1.faa	NA	118	117	99.16	0.84
GCF_032461625.1	/home/bacte/bacillus_amr/06_phylogeny/proteins_unique/GCF_032461625.1.faa	NA	118	117	99.16	0.84
GCF_032461835.1	/home/bacte/bacillus_amr/06_phylogeny/proteins_unique/GCF_032461835.1.faa	NA	119	119	100.00	0.00
GCF_032763365.1	/home/bacte/bacillus_amr/06_phylogeny/proteins_unique/GCF_032763365.1.faa	NA	119	119	100.00	0.00
GCF_032918205.1	/home/bacte/bacillus_amr/06_phylogeny/proteins_unique/GCF_032918205.1.faa	NA	118	117	99.16	0.84
GCF_032930055.1	/home/bacte/bacillus_amr/06_phylogeny/proteins_unique/GCF_032930055.1.faa	NA	118	117	99.16	0.84
GCF_032933215.1	/home/bacte/bacillus_amr/06_phylogeny/proteins_unique/GCF_032933215.1.faa	NA	118	117	99.16	0.84
GCF_033100155.1	/home/bacte/bacillus_amr/06_phylogeny/proteins_unique/GCF_033100155.1.faa	NA	119	119	100.00	0.00
GCF_033194635.1	/home/bacte/bacillus_amr/06_phylogeny/proteins_unique/GCF_033194635.1.faa	NA	118	116	99.16	1.68
GCF_033449965.1	/home/bacte/bacillus_amr/06_phylogeny/proteins_unique/GCF_033449965.1.faa	NA	110	106	92.44	4.20
GCF_033452345.1	/home/bacte/bacillus_amr/06_phylogeny/proteins_unique/GCF_033452345.1.faa	NA	119	119	100.00	0.00
GCF_033798645.1	/home/bacte/bacillus_amr/06_phylogeny/proteins_unique/GCF_033798645.1.faa	NA	116	115	97.48	0.84
GCF_033949325.1	/home/bacte/bacillus_amr/06_phylogeny/proteins_unique/GCF_033949325.1.faa	NA	119	119	100.00	0.00
GCF_033949375.1	/home/bacte/bacillus_amr/06_phylogeny/proteins_unique/GCF_033949375.1.faa	NA	118	117	99.16	0.84
GCF_034045075.1	/home/bacte/bacillus_amr/06_phylogeny/proteins_unique/GCF_034045075.1.faa	NA	119	118	100.00	0.84
GCF_034054115.1	/home/bacte/bacillus_amr/06_phylogeny/proteins_unique/GCF_034054115.1.faa	NA	119	119	100.00	0.00
GCF_034060585.1	/home/bacte/bacillus_amr/06_phylogeny/proteins_unique/GCF_034060585.1.faa	NA	118	117	99.16	0.84
GCF_034061945.1	/home/bacte/bacillus_amr/06_phylogeny/proteins_unique/GCF_034061945.1.faa	NA	118	117	99.16	0.84
GCF_035064525.1	/home/bacte/bacillus_amr/06_phylogeny/proteins_unique/GCF_035064525.1.faa	NA	119	119	100.00	0.00
GCF_035064545.1	/home/bacte/bacillus_amr/06_phylogeny/proteins_unique/GCF_035064545.1.faa	NA	119	116	100.00	2.52
GCF_035065055.1	/home/bacte/bacillus_amr/06_phylogeny/proteins_unique/GCF_035065055.1.faa	NA	119	119	100.00	0.00
GCF_035065085.1	/home/bacte/bacillus_amr/06_phylogeny/proteins_unique/GCF_035065085.1.faa	NA	119	118	100.00	0.84
GCF_035658255.2	/home/bacte/bacillus_amr/06_phylogeny/proteins_unique/GCF_035658255.2.faa	NA	118	117	99.16	0.84
GCF_035726865.1	/home/bacte/bacillus_amr/06_phylogeny/proteins_unique/GCF_035726865.1.faa	NA	118	117	99.16	0.84
GCF_035807355.1	/home/bacte/bacillus_amr/06_phylogeny/proteins_unique/GCF_035807355.1.faa	NA	119	118	100.00	0.84
GCF_035807415.1	/home/bacte/bacillus_amr/06_phylogeny/proteins_unique/GCF_035807415.1.faa	NA	119	118	100.00	0.84
GCF_035807435.1	/home/bacte/bacillus_amr/06_phylogeny/proteins_unique/GCF_035807435.1.faa	NA	119	118	100.00	0.84
GCF_035807455.1	/home/bacte/bacillus_amr/06_phylogeny/proteins_unique/GCF_035807455.1.faa	NA	118	116	99.16	1.68
GCF_035807515.1	/home/bacte/bacillus_amr/06_phylogeny/proteins_unique/GCF_035807515.1.faa	NA	119	118	100.00	0.84
GCF_035808035.1	/home/bacte/bacillus_amr/06_phylogeny/proteins_unique/GCF_035808035.1.faa	NA	118	117	99.16	0.84
GCF_035808075.1	/home/bacte/bacillus_amr/06_phylogeny/proteins_unique/GCF_035808075.1.faa	NA	118	117	99.16	0.84
GCF_036289505.1	/home/bacte/bacillus_amr/06_phylogeny/proteins_unique/GCF_036289505.1.faa	NA	119	119	100.00	0.00
GCF_036323435.1	/home/bacte/bacillus_amr/06_phylogeny/proteins_unique/GCF_036323435.1.faa	NA	118	117	99.16	0.84
GCF_036348295.1	/home/bacte/bacillus_amr/06_phylogeny/proteins_unique/GCF_036348295.1.faa	NA	119	119	100.00	0.00
GCF_036348315.1	/home/bacte/bacillus_amr/06_phylogeny/proteins_unique/GCF_036348315.1.faa	NA	119	119	100.00	0.00
GCF_036348335.1	/home/bacte/bacillus_amr/06_phylogeny/proteins_unique/GCF_036348335.1.faa	NA	119	118	100.00	0.84
GCF_036348355.1	/home/bacte/bacillus_amr/06_phylogeny/proteins_unique/GCF_036348355.1.faa	NA	118	116	99.16	1.68
GCF_036348375.1	/home/bacte/bacillus_amr/06_phylogeny/proteins_unique/GCF_036348375.1.faa	NA	119	119	100.00	0.00
GCF_036351855.1	/home/bacte/bacillus_amr/06_phylogeny/proteins_unique/GCF_036351855.1.faa	NA	119	119	100.00	0.00
GCF_036351915.1	/home/bacte/bacillus_amr/06_phylogeny/proteins_unique/GCF_036351915.1.faa	NA	119	119	100.00	0.00
GCF_036408805.1	/home/bacte/bacillus_amr/06_phylogeny/proteins_unique/GCF_036408805.1.faa	NA	119	119	100.00	0.00
GCF_036408815.1	/home/bacte/bacillus_amr/06_phylogeny/proteins_unique/GCF_036408815.1.faa	NA	119	119	100.00	0.00
GCF_036408835.1	/home/bacte/bacillus_amr/06_phylogeny/proteins_unique/GCF_036408835.1.faa	NA	119	119	100.00	0.00
GCF_036408975.1	/home/bacte/bacillus_amr/06_phylogeny/proteins_unique/GCF_036408975.1.faa	NA	119	119	100.00	0.00
GCF_036541465.1	/home/bacte/bacillus_amr/06_phylogeny/proteins_unique/GCF_036541465.1.faa	NA	118	116	99.16	1.68
GCF_036621155.1	/home/bacte/bacillus_amr/06_phylogeny/proteins_unique/GCF_036621155.1.faa	NA	119	118	100.00	0.84
GCF_036621195.1	/home/bacte/bacillus_amr/06_phylogeny/proteins_unique/GCF_036621195.1.faa	NA	119	118	100.00	0.84
GCF_036621215.1	/home/bacte/bacillus_amr/06_phylogeny/proteins_unique/GCF_036621215.1.faa	NA	119	119	100.00	0.00
GCF_036621235.1	/home/bacte/bacillus_amr/06_phylogeny/proteins_unique/GCF_036621235.1.faa	NA	119	119	100.00	0.00
GCF_036621255.1	/home/bacte/bacillus_amr/06_phylogeny/proteins_unique/GCF_036621255.1.faa	NA	119	119	100.00	0.00
GCF_036621275.1	/home/bacte/bacillus_amr/06_phylogeny/proteins_unique/GCF_036621275.1.faa	NA	119	119	100.00	0.00
GCF_036621295.1	/home/bacte/bacillus_amr/06_phylogeny/proteins_unique/GCF_036621295.1.faa	NA	119	118	100.00	0.84
GCF_036621315.1	/home/bacte/bacillus_amr/06_phylogeny/proteins_unique/GCF_036621315.1.faa	NA	119	119	100.00	0.00
GCF_036621335.1	/home/bacte/bacillus_amr/06_phylogeny/proteins_unique/GCF_036621335.1.faa	NA	119	119	100.00	0.00
GCF_036621355.1	/home/bacte/bacillus_amr/06_phylogeny/proteins_unique/GCF_036621355.1.faa	NA	119	118	100.00	0.84
GCF_036621365.1	/home/bacte/bacillus_amr/06_phylogeny/proteins_unique/GCF_036621365.1.faa	NA	119	119	100.00	0.00
GCF_036621395.1	/home/bacte/bacillus_amr/06_phylogeny/proteins_unique/GCF_036621395.1.faa	NA	119	118	100.00	0.84
GCF_036961785.1	/home/bacte/bacillus_amr/06_phylogeny/proteins_unique/GCF_036961785.1.faa	NA	118	116	99.16	1.68
GCF_036961825.1	/home/bacte/bacillus_amr/06_phylogeny/proteins_unique/GCF_036961825.1.faa	NA	118	117	99.16	0.84
GCF_036961945.1	/home/bacte/bacillus_amr/06_phylogeny/proteins_unique/GCF_036961945.1.faa	NA	119	118	100.00	0.84
GCF_036961965.1	/home/bacte/bacillus_amr/06_phylogeny/proteins_unique/GCF_036961965.1.faa	NA	118	113	99.16	4.20
GCF_036962035.1	/home/bacte/bacillus_amr/06_phylogeny/proteins_unique/GCF_036962035.1.faa	NA	119	113	100.00	6.72
GCF_036962085.1	/home/bacte/bacillus_amr/06_phylogeny/proteins_unique/GCF_036962085.1.faa	NA	119	118	100.00	0.84
GCF_036962145.1	/home/bacte/bacillus_amr/06_phylogeny/proteins_unique/GCF_036962145.1.faa	NA	118	111	99.16	5.88
GCF_036962185.1	/home/bacte/bacillus_amr/06_phylogeny/proteins_unique/GCF_036962185.1.faa	NA	119	119	100.00	0.00
GCF_036962205.1	/home/bacte/bacillus_amr/06_phylogeny/proteins_unique/GCF_036962205.1.faa	NA	119	119	100.00	0.00
GCF_036962225.1	/home/bacte/bacillus_amr/06_phylogeny/proteins_unique/GCF_036962225.1.faa	NA	119	119	100.00	0.00
GCF_036962245.1	/home/bacte/bacillus_amr/06_phylogeny/proteins_unique/GCF_036962245.1.faa	NA	119	117	100.00	1.68
GCF_036962265.1	/home/bacte/bacillus_amr/06_phylogeny/proteins_unique/GCF_036962265.1.faa	NA	118	117	99.16	0.84
GCF_036962285.1	/home/bacte/bacillus_amr/06_phylogeny/proteins_unique/GCF_036962285.1.faa	NA	119	116	100.00	2.52
GCF_036962425.1	/home/bacte/bacillus_amr/06_phylogeny/proteins_unique/GCF_036962425.1.faa	NA	119	118	100.00	0.84
GCF_036962445.1	/home/bacte/bacillus_amr/06_phylogeny/proteins_unique/GCF_036962445.1.faa	NA	119	118	100.00	0.84
GCF_036962485.1	/home/bacte/bacillus_amr/06_phylogeny/proteins_unique/GCF_036962485.1.faa	NA	118	117	99.16	0.84
GCF_036962545.1	/home/bacte/bacillus_amr/06_phylogeny/proteins_unique/GCF_036962545.1.faa	NA	119	118	100.00	0.84
GCF_036962565.1	/home/bacte/bacillus_amr/06_phylogeny/proteins_unique/GCF_036962565.1.faa	NA	119	117	100.00	1.68
GCF_036962605.1	/home/bacte/bacillus_amr/06_phylogeny/proteins_unique/GCF_036962605.1.faa	NA	119	119	100.00	0.00
GCF_036962685.1	/home/bacte/bacillus_amr/06_phylogeny/proteins_unique/GCF_036962685.1.faa	NA	118	114	99.16	3.36
GCF_036962705.1	/home/bacte/bacillus_amr/06_phylogeny/proteins_unique/GCF_036962705.1.faa	NA	118	111	99.16	6.72
GCF_036962825.1	/home/bacte/bacillus_amr/06_phylogeny/proteins_unique/GCF_036962825.1.faa	NA	119	119	100.00	0.00
GCF_036962865.1	/home/bacte/bacillus_amr/06_phylogeny/proteins_unique/GCF_036962865.1.faa	NA	119	118	100.00	0.84
GCF_036962945.1	/home/bacte/bacillus_amr/06_phylogeny/proteins_unique/GCF_036962945.1.faa	NA	118	117	99.16	0.84
GCF_036962985.1	/home/bacte/bacillus_amr/06_phylogeny/proteins_unique/GCF_036962985.1.faa	NA	118	117	99.16	0.84
GCF_036963045.1	/home/bacte/bacillus_amr/06_phylogeny/proteins_unique/GCF_036963045.1.faa	NA	119	119	100.00	0.00
GCF_036963145.1	/home/bacte/bacillus_amr/06_phylogeny/proteins_unique/GCF_036963145.1.faa	NA	119	117	100.00	1.68
GCF_036963165.1	/home/bacte/bacillus_amr/06_phylogeny/proteins_unique/GCF_036963165.1.faa	NA	119	118	100.00	0.84
GCF_036963185.1	/home/bacte/bacillus_amr/06_phylogeny/proteins_unique/GCF_036963185.1.faa	NA	118	117	99.16	0.84
GCF_036963205.1	/home/bacte/bacillus_amr/06_phylogeny/proteins_unique/GCF_036963205.1.faa	NA	118	117	99.16	0.84
GCF_036963225.1	/home/bacte/bacillus_amr/06_phylogeny/proteins_unique/GCF_036963225.1.faa	NA	119	117	100.00	1.68
GCF_036963245.1	/home/bacte/bacillus_amr/06_phylogeny/proteins_unique/GCF_036963245.1.faa	NA	119	117	100.00	1.68
GCF_036963285.1	/home/bacte/bacillus_amr/06_phylogeny/proteins_unique/GCF_036963285.1.faa	NA	119	118	100.00	0.84
GCF_036963325.1	/home/bacte/bacillus_amr/06_phylogeny/proteins_unique/GCF_036963325.1.faa	NA	119	118	100.00	0.84
GCF_036963345.1	/home/bacte/bacillus_amr/06_phylogeny/proteins_unique/GCF_036963345.1.faa	NA	119	117	100.00	1.68
GCF_036963425.1	/home/bacte/bacillus_amr/06_phylogeny/proteins_unique/GCF_036963425.1.faa	NA	118	117	99.16	0.84
GCF_036963465.1	/home/bacte/bacillus_amr/06_phylogeny/proteins_unique/GCF_036963465.1.faa	NA	118	117	99.16	0.84
GCF_036963545.1	/home/bacte/bacillus_amr/06_phylogeny/proteins_unique/GCF_036963545.1.faa	NA	119	118	100.00	0.84
GCF_036963585.1	/home/bacte/bacillus_amr/06_phylogeny/proteins_unique/GCF_036963585.1.faa	NA	119	119	100.00	0.00
GCF_036964705.1	/home/bacte/bacillus_amr/06_phylogeny/proteins_unique/GCF_036964705.1.faa	NA	119	119	100.00	0.00
GCF_036964795.1	/home/bacte/bacillus_amr/06_phylogeny/proteins_unique/GCF_036964795.1.faa	NA	118	117	99.16	0.84
GCF_036964805.1	/home/bacte/bacillus_amr/06_phylogeny/proteins_unique/GCF_036964805.1.faa	NA	119	118	100.00	0.84
GCF_036964885.1	/home/bacte/bacillus_amr/06_phylogeny/proteins_unique/GCF_036964885.1.faa	NA	119	117	100.00	1.68
GCF_036964945.1	/home/bacte/bacillus_amr/06_phylogeny/proteins_unique/GCF_036964945.1.faa	NA	119	118	100.00	0.84
GCF_036964965.1	/home/bacte/bacillus_amr/06_phylogeny/proteins_unique/GCF_036964965.1.faa	NA	119	117	100.00	1.68
GCF_036965045.1	/home/bacte/bacillus_amr/06_phylogeny/proteins_unique/GCF_036965045.1.faa	NA	119	112	100.00	6.72
GCF_036965085.1	/home/bacte/bacillus_amr/06_phylogeny/proteins_unique/GCF_036965085.1.faa	NA	118	113	99.16	5.04
GCF_036965165.1	/home/bacte/bacillus_amr/06_phylogeny/proteins_unique/GCF_036965165.1.faa	NA	118	112	99.16	5.88
GCF_036965225.1	/home/bacte/bacillus_amr/06_phylogeny/proteins_unique/GCF_036965225.1.faa	NA	118	113	99.16	5.88
GCF_036965365.1	/home/bacte/bacillus_amr/06_phylogeny/proteins_unique/GCF_036965365.1.faa	NA	119	118	100.00	0.84
GCF_036965505.1	/home/bacte/bacillus_amr/06_phylogeny/proteins_unique/GCF_036965505.1.faa	NA	119	119	100.00	0.00
GCF_036965725.1	/home/bacte/bacillus_amr/06_phylogeny/proteins_unique/GCF_036965725.1.faa	NA	119	119	100.00	0.00
GCF_036965825.1	/home/bacte/bacillus_amr/06_phylogeny/proteins_unique/GCF_036965825.1.faa	NA	119	119	100.00	0.00
GCF_036965865.1	/home/bacte/bacillus_amr/06_phylogeny/proteins_unique/GCF_036965865.1.faa	NA	118	117	99.16	0.84
GCF_036965885.1	/home/bacte/bacillus_amr/06_phylogeny/proteins_unique/GCF_036965885.1.faa	NA	118	117	99.16	0.84
GCF_036965905.1	/home/bacte/bacillus_amr/06_phylogeny/proteins_unique/GCF_036965905.1.faa	NA	118	117	99.16	0.84
GCF_036965965.1	/home/bacte/bacillus_amr/06_phylogeny/proteins_unique/GCF_036965965.1.faa	NA	119	117	100.00	1.68
GCF_036966005.1	/home/bacte/bacillus_amr/06_phylogeny/proteins_unique/GCF_036966005.1.faa	NA	119	118	100.00	0.84
GCF_036966045.1	/home/bacte/bacillus_amr/06_phylogeny/proteins_unique/GCF_036966045.1.faa	NA	119	118	100.00	0.84
GCF_036966065.1	/home/bacte/bacillus_amr/06_phylogeny/proteins_unique/GCF_036966065.1.faa	NA	119	116	100.00	2.52
GCF_036966125.1	/home/bacte/bacillus_amr/06_phylogeny/proteins_unique/GCF_036966125.1.faa	NA	119	119	100.00	0.00
GCF_036966145.1	/home/bacte/bacillus_amr/06_phylogeny/proteins_unique/GCF_036966145.1.faa	NA	118	117	99.16	0.84
GCF_036966165.1	/home/bacte/bacillus_amr/06_phylogeny/proteins_unique/GCF_036966165.1.faa	NA	118	117	99.16	0.84
GCF_036966185.1	/home/bacte/bacillus_amr/06_phylogeny/proteins_unique/GCF_036966185.1.faa	NA	118	117	99.16	0.84
GCF_036966225.1	/home/bacte/bacillus_amr/06_phylogeny/proteins_unique/GCF_036966225.1.faa	NA	118	115	99.16	2.52
GCF_036966245.1	/home/bacte/bacillus_amr/06_phylogeny/proteins_unique/GCF_036966245.1.faa	NA	119	117	100.00	1.68
GCF_036966285.1	/home/bacte/bacillus_amr/06_phylogeny/proteins_unique/GCF_036966285.1.faa	NA	119	119	100.00	0.00
GCF_036966305.1	/home/bacte/bacillus_amr/06_phylogeny/proteins_unique/GCF_036966305.1.faa	NA	119	118	100.00	0.84
GCF_036966325.1	/home/bacte/bacillus_amr/06_phylogeny/proteins_unique/GCF_036966325.1.faa	NA	118	117	99.16	0.84
GCF_036966345.1	/home/bacte/bacillus_amr/06_phylogeny/proteins_unique/GCF_036966345.1.faa	NA	119	118	100.00	0.84
GCF_036966385.1	/home/bacte/bacillus_amr/06_phylogeny/proteins_unique/GCF_036966385.1.faa	NA	118	117	99.16	0.84
GCF_036966405.1	/home/bacte/bacillus_amr/06_phylogeny/proteins_unique/GCF_036966405.1.faa	NA	119	119	100.00	0.00
GCF_036966425.1	/home/bacte/bacillus_amr/06_phylogeny/proteins_unique/GCF_036966425.1.faa	NA	119	117	100.00	1.68
GCF_036966445.1	/home/bacte/bacillus_amr/06_phylogeny/proteins_unique/GCF_036966445.1.faa	NA	119	119	100.00	0.00
GCF_036966465.1	/home/bacte/bacillus_amr/06_phylogeny/proteins_unique/GCF_036966465.1.faa	NA	119	118	100.00	0.84
GCF_036966585.1	/home/bacte/bacillus_amr/06_phylogeny/proteins_unique/GCF_036966585.1.faa	NA	119	119	100.00	0.00
GCF_036966605.1	/home/bacte/bacillus_amr/06_phylogeny/proteins_unique/GCF_036966605.1.faa	NA	119	118	100.00	0.84
GCF_036966625.1	/home/bacte/bacillus_amr/06_phylogeny/proteins_unique/GCF_036966625.1.faa	NA	119	118	100.00	0.84
GCF_036966645.1	/home/bacte/bacillus_amr/06_phylogeny/proteins_unique/GCF_036966645.1.faa	NA	119	118	100.00	0.84
GCF_036966665.1	/home/bacte/bacillus_amr/06_phylogeny/proteins_unique/GCF_036966665.1.faa	NA	118	117	99.16	1.68
GCF_036966685.1	/home/bacte/bacillus_amr/06_phylogeny/proteins_unique/GCF_036966685.1.faa	NA	119	117	100.00	1.68
GCF_036966705.1	/home/bacte/bacillus_amr/06_phylogeny/proteins_unique/GCF_036966705.1.faa	NA	119	119	100.00	0.00
GCF_036966745.1	/home/bacte/bacillus_amr/06_phylogeny/proteins_unique/GCF_036966745.1.faa	NA	119	118	100.00	0.84
GCF_036966765.1	/home/bacte/bacillus_amr/06_phylogeny/proteins_unique/GCF_036966765.1.faa	NA	119	119	100.00	0.00
GCF_036966785.1	/home/bacte/bacillus_amr/06_phylogeny/proteins_unique/GCF_036966785.1.faa	NA	119	118	100.00	0.84
GCF_036966825.1	/home/bacte/bacillus_amr/06_phylogeny/proteins_unique/GCF_036966825.1.faa	NA	118	116	99.16	1.68
GCF_036966845.1	/home/bacte/bacillus_amr/06_phylogeny/proteins_unique/GCF_036966845.1.faa	NA	119	118	100.00	0.84
GCF_036966865.1	/home/bacte/bacillus_amr/06_phylogeny/proteins_unique/GCF_036966865.1.faa	NA	119	118	100.00	0.84
GCF_036966885.1	/home/bacte/bacillus_amr/06_phylogeny/proteins_unique/GCF_036966885.1.faa	NA	119	119	100.00	0.00
GCF_036966905.1	/home/bacte/bacillus_amr/06_phylogeny/proteins_unique/GCF_036966905.1.faa	NA	119	119	100.00	0.00
GCF_036966925.1	/home/bacte/bacillus_amr/06_phylogeny/proteins_unique/GCF_036966925.1.faa	NA	119	118	100.00	0.84
GCF_036966945.1	/home/bacte/bacillus_amr/06_phylogeny/proteins_unique/GCF_036966945.1.faa	NA	119	118	100.00	0.84
GCF_036966965.1	/home/bacte/bacillus_amr/06_phylogeny/proteins_unique/GCF_036966965.1.faa	NA	119	119	100.00	0.00
GCF_036967005.1	/home/bacte/bacillus_amr/06_phylogeny/proteins_unique/GCF_036967005.1.faa	NA	117	116	98.32	0.84
GCF_036967025.1	/home/bacte/bacillus_amr/06_phylogeny/proteins_unique/GCF_036967025.1.faa	NA	119	119	100.00	0.00
GCF_036967045.1	/home/bacte/bacillus_amr/06_phylogeny/proteins_unique/GCF_036967045.1.faa	NA	119	118	100.00	0.84
GCF_036967065.1	/home/bacte/bacillus_amr/06_phylogeny/proteins_unique/GCF_036967065.1.faa	NA	118	117	99.16	0.84
GCF_036967085.1	/home/bacte/bacillus_amr/06_phylogeny/proteins_unique/GCF_036967085.1.faa	NA	118	117	99.16	0.84
GCF_036967105.1	/home/bacte/bacillus_amr/06_phylogeny/proteins_unique/GCF_036967105.1.faa	NA	119	119	100.00	0.00
GCF_036967125.1	/home/bacte/bacillus_amr/06_phylogeny/proteins_unique/GCF_036967125.1.faa	NA	119	119	100.00	0.00
GCF_036967145.1	/home/bacte/bacillus_amr/06_phylogeny/proteins_unique/GCF_036967145.1.faa	NA	118	117	99.16	0.84
GCF_037026705.1	/home/bacte/bacillus_amr/06_phylogeny/proteins_unique/GCF_037026705.1.faa	NA	119	119	100.00	0.00
GCF_037027085.1	/home/bacte/bacillus_amr/06_phylogeny/proteins_unique/GCF_037027085.1.faa	NA	119	119	100.00	0.00
GCF_037027125.1	/home/bacte/bacillus_amr/06_phylogeny/proteins_unique/GCF_037027125.1.faa	NA	119	119	100.00	0.00
GCF_037094735.1	/home/bacte/bacillus_amr/06_phylogeny/proteins_unique/GCF_037094735.1.faa	NA	118	117	99.16	0.84
GCF_037094765.1	/home/bacte/bacillus_amr/06_phylogeny/proteins_unique/GCF_037094765.1.faa	NA	119	118	100.00	0.84
GCF_037094775.1	/home/bacte/bacillus_amr/06_phylogeny/proteins_unique/GCF_037094775.1.faa	NA	119	119	100.00	0.00
GCF_037094785.1	/home/bacte/bacillus_amr/06_phylogeny/proteins_unique/GCF_037094785.1.faa	NA	119	117	100.00	1.68
GCF_037095775.1	/home/bacte/bacillus_amr/06_phylogeny/proteins_unique/GCF_037095775.1.faa	NA	118	117	99.16	0.84
GCF_037104495.1	/home/bacte/bacillus_amr/06_phylogeny/proteins_unique/GCF_037104495.1.faa	NA	119	119	100.00	0.00
GCF_037414965.1	/home/bacte/bacillus_amr/06_phylogeny/proteins_unique/GCF_037414965.1.faa	NA	119	119	100.00	0.00
GCF_037907685.1	/home/bacte/bacillus_amr/06_phylogeny/proteins_unique/GCF_037907685.1.faa	NA	119	119	100.00	0.00
GCF_037907705.1	/home/bacte/bacillus_amr/06_phylogeny/proteins_unique/GCF_037907705.1.faa	NA	119	119	100.00	0.00
GCF_037997165.1	/home/bacte/bacillus_amr/06_phylogeny/proteins_unique/GCF_037997165.1.faa	NA	118	118	99.16	0.00
GCF_038069635.2	/home/bacte/bacillus_amr/06_phylogeny/proteins_unique/GCF_038069635.2.faa	NA	119	119	100.00	0.00
GCF_038442665.1	/home/bacte/bacillus_amr/06_phylogeny/proteins_unique/GCF_038442665.1.faa	NA	118	118	99.16	0.00
GCF_038561975.1	/home/bacte/bacillus_amr/06_phylogeny/proteins_unique/GCF_038561975.1.faa	NA	119	119	100.00	0.00
GCF_039519175.1	/home/bacte/bacillus_amr/06_phylogeny/proteins_unique/GCF_039519175.1.faa	NA	119	118	100.00	0.84
GCF_039619305.1	/home/bacte/bacillus_amr/06_phylogeny/proteins_unique/GCF_039619305.1.faa	NA	119	119	100.00	0.00
GCF_039671235.1	/home/bacte/bacillus_amr/06_phylogeny/proteins_unique/GCF_039671235.1.faa	NA	119	119	100.00	0.00
GCF_039680825.1	/home/bacte/bacillus_amr/06_phylogeny/proteins_unique/GCF_039680825.1.faa	NA	119	118	100.00	1.68
GCF_039851945.1	/home/bacte/bacillus_amr/06_phylogeny/proteins_unique/GCF_039851945.1.faa	NA	118	117	99.16	0.84
GCF_039851955.1	/home/bacte/bacillus_amr/06_phylogeny/proteins_unique/GCF_039851955.1.faa	NA	118	117	99.16	0.84
GCF_040151235.1	/home/bacte/bacillus_amr/06_phylogeny/proteins_unique/GCF_040151235.1.faa	NA	118	117	99.16	0.84
GCF_040151275.1	/home/bacte/bacillus_amr/06_phylogeny/proteins_unique/GCF_040151275.1.faa	NA	119	119	100.00	0.00
GCF_040151295.1	/home/bacte/bacillus_amr/06_phylogeny/proteins_unique/GCF_040151295.1.faa	NA	119	119	100.00	0.00
GCF_040151315.1	/home/bacte/bacillus_amr/06_phylogeny/proteins_unique/GCF_040151315.1.faa	NA	119	119	100.00	0.00
GCF_040151435.1	/home/bacte/bacillus_amr/06_phylogeny/proteins_unique/GCF_040151435.1.faa	NA	119	119	100.00	0.00
GCF_040194375.1	/home/bacte/bacillus_amr/06_phylogeny/proteins_unique/GCF_040194375.1.faa	NA	118	117	99.16	0.84
GCF_040256795.1	/home/bacte/bacillus_amr/06_phylogeny/proteins_unique/GCF_040256795.1.faa	NA	119	119	100.00	0.00
GCF_040408265.1	/home/bacte/bacillus_amr/06_phylogeny/proteins_unique/GCF_040408265.1.faa	NA	118	117	99.16	0.84
GCF_040492265.1	/home/bacte/bacillus_amr/06_phylogeny/proteins_unique/GCF_040492265.1.faa	NA	119	119	100.00	0.00
GCF_040492315.1	/home/bacte/bacillus_amr/06_phylogeny/proteins_unique/GCF_040492315.1.faa	NA	119	118	100.00	0.84
GCF_040492355.1	/home/bacte/bacillus_amr/06_phylogeny/proteins_unique/GCF_040492355.1.faa	NA	119	118	100.00	0.84
GCF_040492375.1	/home/bacte/bacillus_amr/06_phylogeny/proteins_unique/GCF_040492375.1.faa	NA	119	111	100.00	6.72
GCF_040492395.1	/home/bacte/bacillus_amr/06_phylogeny/proteins_unique/GCF_040492395.1.faa	NA	119	118	100.00	0.84
GCF_040492415.1	/home/bacte/bacillus_amr/06_phylogeny/proteins_unique/GCF_040492415.1.faa	NA	118	117	99.16	0.84
GCF_040492435.1	/home/bacte/bacillus_amr/06_phylogeny/proteins_unique/GCF_040492435.1.faa	NA	119	117	100.00	1.68
GCF_040492535.1	/home/bacte/bacillus_amr/06_phylogeny/proteins_unique/GCF_040492535.1.faa	NA	119	118	100.00	0.84
GCF_040492555.1	/home/bacte/bacillus_amr/06_phylogeny/proteins_unique/GCF_040492555.1.faa	NA	119	119	100.00	0.00
GCF_040492615.1	/home/bacte/bacillus_amr/06_phylogeny/proteins_unique/GCF_040492615.1.faa	NA	119	118	100.00	0.84
GCF_040492735.1	/home/bacte/bacillus_amr/06_phylogeny/proteins_unique/GCF_040492735.1.faa	NA	119	118	100.00	0.84
GCF_040492755.1	/home/bacte/bacillus_amr/06_phylogeny/proteins_unique/GCF_040492755.1.faa	NA	119	118	100.00	0.84
GCF_040492795.1	/home/bacte/bacillus_amr/06_phylogeny/proteins_unique/GCF_040492795.1.faa	NA	119	118	100.00	0.84
GCF_040492835.1	/home/bacte/bacillus_amr/06_phylogeny/proteins_unique/GCF_040492835.1.faa	NA	119	118	100.00	0.84
GCF_040492895.1	/home/bacte/bacillus_amr/06_phylogeny/proteins_unique/GCF_040492895.1.faa	NA	119	118	100.00	0.84
GCF_040712045.1	/home/bacte/bacillus_amr/06_phylogeny/proteins_unique/GCF_040712045.1.faa	NA	118	117	99.16	0.84
GCF_040712055.1	/home/bacte/bacillus_amr/06_phylogeny/proteins_unique/GCF_040712055.1.faa	NA	118	117	99.16	0.84
GCF_040712065.1	/home/bacte/bacillus_amr/06_phylogeny/proteins_unique/GCF_040712065.1.faa	NA	118	116	99.16	1.68
GCF_040712115.1	/home/bacte/bacillus_amr/06_phylogeny/proteins_unique/GCF_040712115.1.faa	NA	118	117	99.16	0.84
GCF_040712125.1	/home/bacte/bacillus_amr/06_phylogeny/proteins_unique/GCF_040712125.1.faa	NA	118	117	99.16	0.84
GCF_040712135.1	/home/bacte/bacillus_amr/06_phylogeny/proteins_unique/GCF_040712135.1.faa	NA	118	117	99.16	0.84
GCF_040712175.1	/home/bacte/bacillus_amr/06_phylogeny/proteins_unique/GCF_040712175.1.faa	NA	119	119	100.00	0.00
GCF_040712195.1	/home/bacte/bacillus_amr/06_phylogeny/proteins_unique/GCF_040712195.1.faa	NA	118	117	99.16	0.84
GCF_040712205.1	/home/bacte/bacillus_amr/06_phylogeny/proteins_unique/GCF_040712205.1.faa	NA	119	118	100.00	0.84
GCF_040712215.1	/home/bacte/bacillus_amr/06_phylogeny/proteins_unique/GCF_040712215.1.faa	NA	118	117	99.16	0.84
GCF_040712225.1	/home/bacte/bacillus_amr/06_phylogeny/proteins_unique/GCF_040712225.1.faa	NA	119	118	100.00	0.84
GCF_040712235.1	/home/bacte/bacillus_amr/06_phylogeny/proteins_unique/GCF_040712235.1.faa	NA	118	117	99.16	0.84
GCF_040712255.1	/home/bacte/bacillus_amr/06_phylogeny/proteins_unique/GCF_040712255.1.faa	NA	119	119	100.00	0.00
GCF_040712265.1	/home/bacte/bacillus_amr/06_phylogeny/proteins_unique/GCF_040712265.1.faa	NA	119	119	100.00	0.00
GCF_040712275.1	/home/bacte/bacillus_amr/06_phylogeny/proteins_unique/GCF_040712275.1.faa	NA	119	119	100.00	0.00
GCF_040829845.1	/home/bacte/bacillus_amr/06_phylogeny/proteins_unique/GCF_040829845.1.faa	NA	119	117	100.00	1.68
GCF_040829855.1	/home/bacte/bacillus_amr/06_phylogeny/proteins_unique/GCF_040829855.1.faa	NA	119	119	100.00	0.00
GCF_040893075.1	/home/bacte/bacillus_amr/06_phylogeny/proteins_unique/GCF_040893075.1.faa	NA	119	118	100.00	0.84
GCF_040937925.1	/home/bacte/bacillus_amr/06_phylogeny/proteins_unique/GCF_040937925.1.faa	NA	118	118	99.16	0.00
GCF_040965915.1	/home/bacte/bacillus_amr/06_phylogeny/proteins_unique/GCF_040965915.1.faa	NA	119	118	100.00	0.84
GCF_040984565.1	/home/bacte/bacillus_amr/06_phylogeny/proteins_unique/GCF_040984565.1.faa	NA	118	117	99.16	0.84
GCF_041023695.1	/home/bacte/bacillus_amr/06_phylogeny/proteins_unique/GCF_041023695.1.faa	NA	119	119	100.00	0.00
GCF_041153445.1	/home/bacte/bacillus_amr/06_phylogeny/proteins_unique/GCF_041153445.1.faa	NA	119	119	100.00	0.00
GCF_041222785.1	/home/bacte/bacillus_amr/06_phylogeny/proteins_unique/GCF_041222785.1.faa	NA	119	119	100.00	0.00
GCF_041224885.1	/home/bacte/bacillus_amr/06_phylogeny/proteins_unique/GCF_041224885.1.faa	NA	119	118	100.00	0.84
GCF_041344815.1	/home/bacte/bacillus_amr/06_phylogeny/proteins_unique/GCF_041344815.1.faa	NA	118	118	99.16	0.00
GCF_041360755.1	/home/bacte/bacillus_amr/06_phylogeny/proteins_unique/GCF_041360755.1.faa	NA	119	119	100.00	0.00
GCF_041366395.1	/home/bacte/bacillus_amr/06_phylogeny/proteins_unique/GCF_041366395.1.faa	NA	119	119	100.00	0.00
GCF_041385545.1	/home/bacte/bacillus_amr/06_phylogeny/proteins_unique/GCF_041385545.1.faa	NA	119	119	100.00	0.00
GCF_041514415.1	/home/bacte/bacillus_amr/06_phylogeny/proteins_unique/GCF_041514415.1.faa	NA	119	119	100.00	0.00
GCF_041729945.1	/home/bacte/bacillus_amr/06_phylogeny/proteins_unique/GCF_041729945.1.faa	NA	118	117	99.16	0.84
GCF_041947055.1	/home/bacte/bacillus_amr/06_phylogeny/proteins_unique/GCF_041947055.1.faa	NA	118	116	99.16	1.68
GCF_041947065.1	/home/bacte/bacillus_amr/06_phylogeny/proteins_unique/GCF_041947065.1.faa	NA	118	117	99.16	0.84
GCF_041949825.1	/home/bacte/bacillus_amr/06_phylogeny/proteins_unique/GCF_041949825.1.faa	NA	118	117	99.16	0.84
GCF_041950475.1	/home/bacte/bacillus_amr/06_phylogeny/proteins_unique/GCF_041950475.1.faa	NA	118	117	99.16	0.84
GCF_042296235.1	/home/bacte/bacillus_amr/06_phylogeny/proteins_unique/GCF_042296235.1.faa	NA	118	117	99.16	0.84
GCF_042465255.1	/home/bacte/bacillus_amr/06_phylogeny/proteins_unique/GCF_042465255.1.faa	NA	118	117	99.16	0.84
GCF_042611165.1	/home/bacte/bacillus_amr/06_phylogeny/proteins_unique/GCF_042611165.1.faa	NA	118	117	99.16	0.84
GCF_042611185.1	/home/bacte/bacillus_amr/06_phylogeny/proteins_unique/GCF_042611185.1.faa	NA	119	119	100.00	0.00
GCF_042863285.1	/home/bacte/bacillus_amr/06_phylogeny/proteins_unique/GCF_042863285.1.faa	NA	119	115	100.00	4.20
GCF_044130245.1	/home/bacte/bacillus_amr/06_phylogeny/proteins_unique/GCF_044130245.1.faa	NA	119	119	100.00	0.00
GCF_044357885.1	/home/bacte/bacillus_amr/06_phylogeny/proteins_unique/GCF_044357885.1.faa	NA	118	117	99.16	0.84
GCF_044385035.1	/home/bacte/bacillus_amr/06_phylogeny/proteins_unique/GCF_044385035.1.faa	NA	116	115	97.48	0.84
GCF_044498105.1	/home/bacte/bacillus_amr/06_phylogeny/proteins_unique/GCF_044498105.1.faa	NA	119	118	100.00	0.84
GCF_044626275.1	/home/bacte/bacillus_amr/06_phylogeny/proteins_unique/GCF_044626275.1.faa	NA	119	118	100.00	0.84
GCF_044626315.1	/home/bacte/bacillus_amr/06_phylogeny/proteins_unique/GCF_044626315.1.faa	NA	119	116	100.00	2.52
GCF_044626335.1	/home/bacte/bacillus_amr/06_phylogeny/proteins_unique/GCF_044626335.1.faa	NA	119	119	100.00	0.00
GCF_044626375.1	/home/bacte/bacillus_amr/06_phylogeny/proteins_unique/GCF_044626375.1.faa	NA	119	119	100.00	0.00
GCF_044628115.1	/home/bacte/bacillus_amr/06_phylogeny/proteins_unique/GCF_044628115.1.faa	NA	119	119	100.00	0.00
GCF_044751405.1	/home/bacte/bacillus_amr/06_phylogeny/proteins_unique/GCF_044751405.1.faa	NA	119	118	100.00	0.84
GCF_044783125.1	/home/bacte/bacillus_amr/06_phylogeny/proteins_unique/GCF_044783125.1.faa	NA	119	119	100.00	0.00
GCF_044881275.1	/home/bacte/bacillus_amr/06_phylogeny/proteins_unique/GCF_044881275.1.faa	NA	116	115	97.48	0.84
GCF_044901645.1	/home/bacte/bacillus_amr/06_phylogeny/proteins_unique/GCF_044901645.1.faa	NA	117	116	98.32	0.84
GCF_044901705.1	/home/bacte/bacillus_amr/06_phylogeny/proteins_unique/GCF_044901705.1.faa	NA	118	118	99.16	0.00
GCF_044901725.1	/home/bacte/bacillus_amr/06_phylogeny/proteins_unique/GCF_044901725.1.faa	NA	117	116	98.32	0.84
GCF_044901785.1	/home/bacte/bacillus_amr/06_phylogeny/proteins_unique/GCF_044901785.1.faa	NA	118	117	99.16	0.84
GCF_044905085.1	/home/bacte/bacillus_amr/06_phylogeny/proteins_unique/GCF_044905085.1.faa	NA	118	117	99.16	0.84
GCF_045276195.1	/home/bacte/bacillus_amr/06_phylogeny/proteins_unique/GCF_045276195.1.faa	NA	118	117	99.16	0.84
GCF_045277765.1	/home/bacte/bacillus_amr/06_phylogeny/proteins_unique/GCF_045277765.1.faa	NA	119	119	100.00	0.00
GCF_045278795.1	/home/bacte/bacillus_amr/06_phylogeny/proteins_unique/GCF_045278795.1.faa	NA	119	118	100.00	0.84
GCF_045291565.1	/home/bacte/bacillus_amr/06_phylogeny/proteins_unique/GCF_045291565.1.faa	NA	119	119	100.00	0.00
GCF_045348155.1	/home/bacte/bacillus_amr/06_phylogeny/proteins_unique/GCF_045348155.1.faa	NA	119	118	100.00	0.84
GCF_045924905.1	/home/bacte/bacillus_amr/06_phylogeny/proteins_unique/GCF_045924905.1.faa	NA	119	119	100.00	0.00
GCF_045924925.1	/home/bacte/bacillus_amr/06_phylogeny/proteins_unique/GCF_045924925.1.faa	NA	118	117	99.16	0.84
GCF_045925855.1	/home/bacte/bacillus_amr/06_phylogeny/proteins_unique/GCF_045925855.1.faa	NA	118	117	99.16	0.84
GCF_046101815.1	/home/bacte/bacillus_amr/06_phylogeny/proteins_unique/GCF_046101815.1.faa	NA	118	117	99.16	0.84
GCF_046267865.1	/home/bacte/bacillus_amr/06_phylogeny/proteins_unique/GCF_046267865.1.faa	NA	118	117	99.16	0.84
GCF_046269165.1	/home/bacte/bacillus_amr/06_phylogeny/proteins_unique/GCF_046269165.1.faa	NA	119	119	100.00	0.00
GCF_046619435.1	/home/bacte/bacillus_amr/06_phylogeny/proteins_unique/GCF_046619435.1.faa	NA	119	117	100.00	1.68
GCF_046619495.1	/home/bacte/bacillus_amr/06_phylogeny/proteins_unique/GCF_046619495.1.faa	NA	119	118	100.00	0.84
GCF_046619505.1	/home/bacte/bacillus_amr/06_phylogeny/proteins_unique/GCF_046619505.1.faa	NA	119	117	100.00	1.68
GCF_046619515.1	/home/bacte/bacillus_amr/06_phylogeny/proteins_unique/GCF_046619515.1.faa	NA	119	119	100.00	0.00
GCF_046628085.1	/home/bacte/bacillus_amr/06_phylogeny/proteins_unique/GCF_046628085.1.faa	NA	119	118	100.00	0.84
GCF_046628115.1	/home/bacte/bacillus_amr/06_phylogeny/proteins_unique/GCF_046628115.1.faa	NA	119	118	100.00	0.84
GCF_047273435.1	/home/bacte/bacillus_amr/06_phylogeny/proteins_unique/GCF_047273435.1.faa	NA	118	118	99.16	0.00
GCF_047300835.1	/home/bacte/bacillus_amr/06_phylogeny/proteins_unique/GCF_047300835.1.faa	NA	118	117	99.16	0.84
GCF_047300865.1	/home/bacte/bacillus_amr/06_phylogeny/proteins_unique/GCF_047300865.1.faa	NA	118	117	99.16	0.84
GCF_047302535.1	/home/bacte/bacillus_amr/06_phylogeny/proteins_unique/GCF_047302535.1.faa	NA	119	119	100.00	0.00
GCF_047302545.1	/home/bacte/bacillus_amr/06_phylogeny/proteins_unique/GCF_047302545.1.faa	NA	119	119	100.00	0.00
GCF_047302555.1	/home/bacte/bacillus_amr/06_phylogeny/proteins_unique/GCF_047302555.1.faa	NA	118	117	99.16	0.84
GCF_047305475.1	/home/bacte/bacillus_amr/06_phylogeny/proteins_unique/GCF_047305475.1.faa	NA	119	118	100.00	0.84
GCF_047314745.1	/home/bacte/bacillus_amr/06_phylogeny/proteins_unique/GCF_047314745.1.faa	NA	118	117	99.16	0.84
GCF_047444815.1	/home/bacte/bacillus_amr/06_phylogeny/proteins_unique/GCF_047444815.1.faa	NA	119	119	100.00	0.00
GCF_047444915.1	/home/bacte/bacillus_amr/06_phylogeny/proteins_unique/GCF_047444915.1.faa	NA	119	119	100.00	0.00
GCF_047780485.1	/home/bacte/bacillus_amr/06_phylogeny/proteins_unique/GCF_047780485.1.faa	NA	118	117	99.16	0.84
GCF_047947095.1	/home/bacte/bacillus_amr/06_phylogeny/proteins_unique/GCF_047947095.1.faa	NA	118	117	99.16	0.84
GCF_047977995.1	/home/bacte/bacillus_amr/06_phylogeny/proteins_unique/GCF_047977995.1.faa	NA	119	117	100.00	1.68
GCF_048013385.1	/home/bacte/bacillus_amr/06_phylogeny/proteins_unique/GCF_048013385.1.faa	NA	118	117	99.16	0.84
GCF_048053935.1	/home/bacte/bacillus_amr/06_phylogeny/proteins_unique/GCF_048053935.1.faa	NA	119	118	100.00	0.84
GCF_048053955.1	/home/bacte/bacillus_amr/06_phylogeny/proteins_unique/GCF_048053955.1.faa	NA	119	119	100.00	0.00
GCF_048054015.1	/home/bacte/bacillus_amr/06_phylogeny/proteins_unique/GCF_048054015.1.faa	NA	119	119	100.00	0.00
GCF_048054055.1	/home/bacte/bacillus_amr/06_phylogeny/proteins_unique/GCF_048054055.1.faa	NA	119	119	100.00	0.00
GCF_048288325.1	/home/bacte/bacillus_amr/06_phylogeny/proteins_unique/GCF_048288325.1.faa	NA	118	117	99.16	0.84
GCF_048288335.1	/home/bacte/bacillus_amr/06_phylogeny/proteins_unique/GCF_048288335.1.faa	NA	118	117	99.16	0.84
GCF_048585445.1	/home/bacte/bacillus_amr/06_phylogeny/proteins_unique/GCF_048585445.1.faa	NA	118	117	99.16	0.84
GCF_049059085.1	/home/bacte/bacillus_amr/06_phylogeny/proteins_unique/GCF_049059085.1.faa	NA	119	119	100.00	0.00
GCF_049059145.1	/home/bacte/bacillus_amr/06_phylogeny/proteins_unique/GCF_049059145.1.faa	NA	118	117	99.16	0.84
GCF_049059205.1	/home/bacte/bacillus_amr/06_phylogeny/proteins_unique/GCF_049059205.1.faa	NA	118	117	99.16	0.84
GCF_049059225.1	/home/bacte/bacillus_amr/06_phylogeny/proteins_unique/GCF_049059225.1.faa	NA	118	117	99.16	0.84
GCF_049059245.1	/home/bacte/bacillus_amr/06_phylogeny/proteins_unique/GCF_049059245.1.faa	NA	118	117	99.16	0.84
GCF_049059285.1	/home/bacte/bacillus_amr/06_phylogeny/proteins_unique/GCF_049059285.1.faa	NA	119	118	100.00	0.84
GCF_049059325.1	/home/bacte/bacillus_amr/06_phylogeny/proteins_unique/GCF_049059325.1.faa	NA	119	119	100.00	0.00
GCF_049059365.1	/home/bacte/bacillus_amr/06_phylogeny/proteins_unique/GCF_049059365.1.faa	NA	118	117	99.16	0.84
GCF_049059385.1	/home/bacte/bacillus_amr/06_phylogeny/proteins_unique/GCF_049059385.1.faa	NA	118	117	99.16	0.84
GCF_049059425.1	/home/bacte/bacillus_amr/06_phylogeny/proteins_unique/GCF_049059425.1.faa	NA	118	117	99.16	0.84
GCF_049059505.1	/home/bacte/bacillus_amr/06_phylogeny/proteins_unique/GCF_049059505.1.faa	NA	118	117	99.16	0.84
GCF_049059525.1	/home/bacte/bacillus_amr/06_phylogeny/proteins_unique/GCF_049059525.1.faa	NA	118	117	99.16	0.84
GCF_049060485.1	/home/bacte/bacillus_amr/06_phylogeny/proteins_unique/GCF_049060485.1.faa	NA	118	117	99.16	0.84
GCF_049537935.1	/home/bacte/bacillus_amr/06_phylogeny/proteins_unique/GCF_049537935.1.faa	NA	118	117	99.16	0.84
GCF_049542595.1	/home/bacte/bacillus_amr/06_phylogeny/proteins_unique/GCF_049542595.1.faa	NA	119	118	100.00	0.84
GCF_049544895.1	/home/bacte/bacillus_amr/06_phylogeny/proteins_unique/GCF_049544895.1.faa	NA	118	117	99.16	0.84
GCF_049801175.1	/home/bacte/bacillus_amr/06_phylogeny/proteins_unique/GCF_049801175.1.faa	NA	119	117	100.00	1.68
GCF_049803375.1	/home/bacte/bacillus_amr/06_phylogeny/proteins_unique/GCF_049803375.1.faa	NA	119	118	100.00	0.84
GCF_049803395.1	/home/bacte/bacillus_amr/06_phylogeny/proteins_unique/GCF_049803395.1.faa	NA	118	117	99.16	0.84
GCF_049810385.1	/home/bacte/bacillus_amr/06_phylogeny/proteins_unique/GCF_049810385.1.faa	NA	118	117	99.16	0.84
GCF_049819585.1	/home/bacte/bacillus_amr/06_phylogeny/proteins_unique/GCF_049819585.1.faa	NA	118	117	99.16	0.84
GCF_049860545.1	/home/bacte/bacillus_amr/06_phylogeny/proteins_unique/GCF_049860545.1.faa	NA	118	118	99.16	0.00
GCF_049942705.1	/home/bacte/bacillus_amr/06_phylogeny/proteins_unique/GCF_049942705.1.faa	NA	118	117	99.16	0.84
GCF_049944735.1	/home/bacte/bacillus_amr/06_phylogeny/proteins_unique/GCF_049944735.1.faa	NA	118	117	99.16	0.84
GCF_049949115.1	/home/bacte/bacillus_amr/06_phylogeny/proteins_unique/GCF_049949115.1.faa	NA	119	119	100.00	0.00
GCF_049990405.1	/home/bacte/bacillus_amr/06_phylogeny/proteins_unique/GCF_049990405.1.faa	NA	119	117	100.00	1.68
GCF_050017575.1	/home/bacte/bacillus_amr/06_phylogeny/proteins_unique/GCF_050017575.1.faa	NA	119	119	100.00	0.00
GCF_050106615.1	/home/bacte/bacillus_amr/06_phylogeny/proteins_unique/GCF_050106615.1.faa	NA	118	117	99.16	0.84
GCF_050209365.1	/home/bacte/bacillus_amr/06_phylogeny/proteins_unique/GCF_050209365.1.faa	NA	118	117	99.16	0.84
GCF_050210255.1	/home/bacte/bacillus_amr/06_phylogeny/proteins_unique/GCF_050210255.1.faa	NA	118	117	99.16	0.84
GCF_050210445.1	/home/bacte/bacillus_amr/06_phylogeny/proteins_unique/GCF_050210445.1.faa	NA	119	118	100.00	0.84
GCF_050410745.1	/home/bacte/bacillus_amr/06_phylogeny/proteins_unique/GCF_050410745.1.faa	NA	118	117	99.16	0.84
GCF_050445505.1	/home/bacte/bacillus_amr/06_phylogeny/proteins_unique/GCF_050445505.1.faa	NA	118	117	99.16	0.84
GCF_050445545.1	/home/bacte/bacillus_amr/06_phylogeny/proteins_unique/GCF_050445545.1.faa	NA	119	117	100.00	1.68
GCF_050445565.1	/home/bacte/bacillus_amr/06_phylogeny/proteins_unique/GCF_050445565.1.faa	NA	118	117	99.16	0.84
GCF_050445615.1	/home/bacte/bacillus_amr/06_phylogeny/proteins_unique/GCF_050445615.1.faa	NA	119	113	100.00	5.04
GCF_050462765.1	/home/bacte/bacillus_amr/06_phylogeny/proteins_unique/GCF_050462765.1.faa	NA	119	118	100.00	0.84
GCF_050464625.1	/home/bacte/bacillus_amr/06_phylogeny/proteins_unique/GCF_050464625.1.faa	NA	119	119	100.00	0.00
GCF_050510835.1	/home/bacte/bacillus_amr/06_phylogeny/proteins_unique/GCF_050510835.1.faa	NA	119	119	100.00	0.00
GCF_050510875.1	/home/bacte/bacillus_amr/06_phylogeny/proteins_unique/GCF_050510875.1.faa	NA	119	119	100.00	0.00
GCF_050574115.1	/home/bacte/bacillus_amr/06_phylogeny/proteins_unique/GCF_050574115.1.faa	NA	119	118	100.00	0.84
GCF_050821995.1	/home/bacte/bacillus_amr/06_phylogeny/proteins_unique/GCF_050821995.1.faa	NA	118	117	99.16	0.84
GCF_050858825.1	/home/bacte/bacillus_amr/06_phylogeny/proteins_unique/GCF_050858825.1.faa	NA	119	119	100.00	0.00
GCF_050858875.1	/home/bacte/bacillus_amr/06_phylogeny/proteins_unique/GCF_050858875.1.faa	NA	119	119	100.00	0.00
GCF_050908125.1	/home/bacte/bacillus_amr/06_phylogeny/proteins_unique/GCF_050908125.1.faa	NA	118	117	99.16	0.84
GCF_050909115.1	/home/bacte/bacillus_amr/06_phylogeny/proteins_unique/GCF_050909115.1.faa	NA	118	117	99.16	0.84
GCF_051027385.1	/home/bacte/bacillus_amr/06_phylogeny/proteins_unique/GCF_051027385.1.faa	NA	119	119	100.00	0.00
GCF_051027395.1	/home/bacte/bacillus_amr/06_phylogeny/proteins_unique/GCF_051027395.1.faa	NA	119	119	100.00	0.00
GCF_051027415.1	/home/bacte/bacillus_amr/06_phylogeny/proteins_unique/GCF_051027415.1.faa	NA	119	119	100.00	0.00
GCF_051175615.1	/home/bacte/bacillus_amr/06_phylogeny/proteins_unique/GCF_051175615.1.faa	NA	118	117	99.16	0.84
GCF_051192595.1	/home/bacte/bacillus_amr/06_phylogeny/proteins_unique/GCF_051192595.1.faa	NA	119	119	100.00	0.00
GCF_051472655.1	/home/bacte/bacillus_amr/06_phylogeny/proteins_unique/GCF_051472655.1.faa	NA	117	116	98.32	0.84
GCF_051486545.1	/home/bacte/bacillus_amr/06_phylogeny/proteins_unique/GCF_051486545.1.faa	NA	119	119	100.00	0.00
GCF_051487145.1	/home/bacte/bacillus_amr/06_phylogeny/proteins_unique/GCF_051487145.1.faa	NA	119	119	100.00	0.00
GCF_051487275.1	/home/bacte/bacillus_amr/06_phylogeny/proteins_unique/GCF_051487275.1.faa	NA	119	119	100.00	0.00
GCF_051487365.1	/home/bacte/bacillus_amr/06_phylogeny/proteins_unique/GCF_051487365.1.faa	NA	119	119	100.00	0.00
GCF_051487605.1	/home/bacte/bacillus_amr/06_phylogeny/proteins_unique/GCF_051487605.1.faa	NA	119	119	100.00	0.00
GCF_051549775.1	/home/bacte/bacillus_amr/06_phylogeny/proteins_unique/GCF_051549775.1.faa	NA	118	117	99.16	0.84
GCF_051550235.1	/home/bacte/bacillus_amr/06_phylogeny/proteins_unique/GCF_051550235.1.faa	NA	119	119	100.00	0.00
GCF_051810305.1	/home/bacte/bacillus_amr/06_phylogeny/proteins_unique/GCF_051810305.1.faa	NA	117	115	98.32	1.68
GCF_051853135.1	/home/bacte/bacillus_amr/06_phylogeny/proteins_unique/GCF_051853135.1.faa	NA	118	114	99.16	3.36
GCF_051858235.2	/home/bacte/bacillus_amr/06_phylogeny/proteins_unique/GCF_051858235.2.faa	NA	119	119	100.00	0.00
GCF_051904015.1	/home/bacte/bacillus_amr/06_phylogeny/proteins_unique/GCF_051904015.1.faa	NA	119	119	100.00	0.00
GCF_051904025.1	/home/bacte/bacillus_amr/06_phylogeny/proteins_unique/GCF_051904025.1.faa	NA	119	119	100.00	0.00
GCF_051908735.1	/home/bacte/bacillus_amr/06_phylogeny/proteins_unique/GCF_051908735.1.faa	NA	119	119	100.00	0.00
GCF_051935925.1	/home/bacte/bacillus_amr/06_phylogeny/proteins_unique/GCF_051935925.1.faa	NA	118	117	99.16	0.84
GCF_052044605.1	/home/bacte/bacillus_amr/06_phylogeny/proteins_unique/GCF_052044605.1.faa	NA	119	119	100.00	0.00
GCF_052044835.1	/home/bacte/bacillus_amr/06_phylogeny/proteins_unique/GCF_052044835.1.faa	NA	119	119	100.00	0.00
GCF_052044955.1	/home/bacte/bacillus_amr/06_phylogeny/proteins_unique/GCF_052044955.1.faa	NA	119	119	100.00	0.00
GCF_052045225.1	/home/bacte/bacillus_amr/06_phylogeny/proteins_unique/GCF_052045225.1.faa	NA	118	117	99.16	0.84
GCF_052045475.1	/home/bacte/bacillus_amr/06_phylogeny/proteins_unique/GCF_052045475.1.faa	NA	118	117	99.16	0.84
GCF_052045575.1	/home/bacte/bacillus_amr/06_phylogeny/proteins_unique/GCF_052045575.1.faa	NA	119	119	100.00	0.00
GCF_052076155.1	/home/bacte/bacillus_amr/06_phylogeny/proteins_unique/GCF_052076155.1.faa	NA	118	117	99.16	0.84
GCF_052113145.1	/home/bacte/bacillus_amr/06_phylogeny/proteins_unique/GCF_052113145.1.faa	NA	118	117	99.16	0.84
GCF_052113405.1	/home/bacte/bacillus_amr/06_phylogeny/proteins_unique/GCF_052113405.1.faa	NA	119	119	100.00	0.00
GCF_052180195.1	/home/bacte/bacillus_amr/06_phylogeny/proteins_unique/GCF_052180195.1.faa	NA	119	118	100.00	0.84
GCF_052229975.1	/home/bacte/bacillus_amr/06_phylogeny/proteins_unique/GCF_052229975.1.faa	NA	118	117	99.16	0.84
GCF_052259025.1	/home/bacte/bacillus_amr/06_phylogeny/proteins_unique/GCF_052259025.1.faa	NA	119	118	100.00	0.84
GCF_052535915.1	/home/bacte/bacillus_amr/06_phylogeny/proteins_unique/GCF_052535915.1.faa	NA	118	117	99.16	0.84
GCF_052542035.1	/home/bacte/bacillus_amr/06_phylogeny/proteins_unique/GCF_052542035.1.faa	NA	119	119	100.00	0.00
GCF_052542115.1	/home/bacte/bacillus_amr/06_phylogeny/proteins_unique/GCF_052542115.1.faa	NA	119	119	100.00	0.00
GCF_052568175.1	/home/bacte/bacillus_amr/06_phylogeny/proteins_unique/GCF_052568175.1.faa	NA	118	117	99.16	0.84
GCF_052568205.1	/home/bacte/bacillus_amr/06_phylogeny/proteins_unique/GCF_052568205.1.faa	NA	118	117	99.16	0.84
GCF_052585365.1	/home/bacte/bacillus_amr/06_phylogeny/proteins_unique/GCF_052585365.1.faa	NA	117	117	98.32	0.00
GCF_052585385.1	/home/bacte/bacillus_amr/06_phylogeny/proteins_unique/GCF_052585385.1.faa	NA	118	118	99.16	0.00
GCF_052591155.1	/home/bacte/bacillus_amr/06_phylogeny/proteins_unique/GCF_052591155.1.faa	NA	116	116	97.48	0.00
GCF_052601275.1	/home/bacte/bacillus_amr/06_phylogeny/proteins_unique/GCF_052601275.1.faa	NA	119	119	100.00	0.00
GCF_052682215.1	/home/bacte/bacillus_amr/06_phylogeny/proteins_unique/GCF_052682215.1.faa	NA	119	118	100.00	0.84
GCF_052692055.1	/home/bacte/bacillus_amr/06_phylogeny/proteins_unique/GCF_052692055.1.faa	NA	119	118	100.00	0.84
GCF_052692675.1	/home/bacte/bacillus_amr/06_phylogeny/proteins_unique/GCF_052692675.1.faa	NA	117	116	98.32	0.84
GCF_052692685.1	/home/bacte/bacillus_amr/06_phylogeny/proteins_unique/GCF_052692685.1.faa	NA	117	116	98.32	0.84
GCF_052693045.1	/home/bacte/bacillus_amr/06_phylogeny/proteins_unique/GCF_052693045.1.faa	NA	119	119	100.00	0.00
GCF_052806235.1	/home/bacte/bacillus_amr/06_phylogeny/proteins_unique/GCF_052806235.1.faa	NA	119	119	100.00	0.00
GCF_052828465.1	/home/bacte/bacillus_amr/06_phylogeny/proteins_unique/GCF_052828465.1.faa	NA	119	119	100.00	0.00
GCF_052922385.1	/home/bacte/bacillus_amr/06_phylogeny/proteins_unique/GCF_052922385.1.faa	NA	118	117	99.16	0.84
GCF_052977405.1	/home/bacte/bacillus_amr/06_phylogeny/proteins_unique/GCF_052977405.1.faa	NA	118	117	99.16	0.84
GCF_053291865.1	/home/bacte/bacillus_amr/06_phylogeny/proteins_unique/GCF_053291865.1.faa	NA	119	118	100.00	0.84
GCF_053291885.1	/home/bacte/bacillus_amr/06_phylogeny/proteins_unique/GCF_053291885.1.faa	NA	119	119	100.00	0.00
GCF_053291905.1	/home/bacte/bacillus_amr/06_phylogeny/proteins_unique/GCF_053291905.1.faa	NA	119	119	100.00	0.00
GCF_053470225.1	/home/bacte/bacillus_amr/06_phylogeny/proteins_unique/GCF_053470225.1.faa	NA	118	117	99.16	0.84
GCF_053470245.1	/home/bacte/bacillus_amr/06_phylogeny/proteins_unique/GCF_053470245.1.faa	NA	118	117	99.16	0.84
GCF_053545315.1	/home/bacte/bacillus_amr/06_phylogeny/proteins_unique/GCF_053545315.1.faa	NA	118	117	99.16	0.84
GCF_053569555.1	/home/bacte/bacillus_amr/06_phylogeny/proteins_unique/GCF_053569555.1.faa	NA	117	115	98.32	1.68
GCF_053570865.1	/home/bacte/bacillus_amr/06_phylogeny/proteins_unique/GCF_053570865.1.faa	NA	117	115	98.32	1.68
GCF_053570905.1	/home/bacte/bacillus_amr/06_phylogeny/proteins_unique/GCF_053570905.1.faa	NA	119	118	100.00	0.84
GCF_053570985.1	/home/bacte/bacillus_amr/06_phylogeny/proteins_unique/GCF_053570985.1.faa	NA	118	118	99.16	0.00
GCF_053571025.1	/home/bacte/bacillus_amr/06_phylogeny/proteins_unique/GCF_053571025.1.faa	NA	118	117	99.16	0.84
GCF_053663195.1	/home/bacte/bacillus_amr/06_phylogeny/proteins_unique/GCF_053663195.1.faa	NA	118	117	99.16	0.84
GCF_053663335.1	/home/bacte/bacillus_amr/06_phylogeny/proteins_unique/GCF_053663335.1.faa	NA	118	117	99.16	0.84
GCF_053663355.1	/home/bacte/bacillus_amr/06_phylogeny/proteins_unique/GCF_053663355.1.faa	NA	118	117	99.16	0.84
GCF_053663395.1	/home/bacte/bacillus_amr/06_phylogeny/proteins_unique/GCF_053663395.1.faa	NA	118	117	99.16	0.84
GCF_053663455.1	/home/bacte/bacillus_amr/06_phylogeny/proteins_unique/GCF_053663455.1.faa	NA	118	117	99.16	0.84
GCF_053750075.1	/home/bacte/bacillus_amr/06_phylogeny/proteins_unique/GCF_053750075.1.faa	NA	118	117	99.16	0.84
GCF_053750095.1	/home/bacte/bacillus_amr/06_phylogeny/proteins_unique/GCF_053750095.1.faa	NA	118	117	99.16	0.84
GCF_053847225.1	/home/bacte/bacillus_amr/06_phylogeny/proteins_unique/GCF_053847225.1.faa	NA	118	117	99.16	0.84
GCF_053852075.1	/home/bacte/bacillus_amr/06_phylogeny/proteins_unique/GCF_053852075.1.faa	NA	119	119	100.00	0.00
GCF_053894975.1	/home/bacte/bacillus_amr/06_phylogeny/proteins_unique/GCF_053894975.1.faa	NA	119	116	100.00	2.52
GCF_053895045.1	/home/bacte/bacillus_amr/06_phylogeny/proteins_unique/GCF_053895045.1.faa	NA	118	118	99.16	0.00
GCF_054054465.1	/home/bacte/bacillus_amr/06_phylogeny/proteins_unique/GCF_054054465.1.faa	NA	119	119	100.00	0.00
GCF_054073805.1	/home/bacte/bacillus_amr/06_phylogeny/proteins_unique/GCF_054073805.1.faa	NA	119	118	100.00	0.84
GCF_054165805.1	/home/bacte/bacillus_amr/06_phylogeny/proteins_unique/GCF_054165805.1.faa	NA	118	117	99.16	0.84
GCF_054182705.1	/home/bacte/bacillus_amr/06_phylogeny/proteins_unique/GCF_054182705.1.faa	NA	119	117	100.00	1.68
GCF_054182725.1	/home/bacte/bacillus_amr/06_phylogeny/proteins_unique/GCF_054182725.1.faa	NA	119	118	100.00	0.84
GCF_054226265.1	/home/bacte/bacillus_amr/06_phylogeny/proteins_unique/GCF_054226265.1.faa	NA	118	117	99.16	0.84
GCF_054456595.1	/home/bacte/bacillus_amr/06_phylogeny/proteins_unique/GCF_054456595.1.faa	NA	119	119	100.00	0.00
GCF_054461375.1	/home/bacte/bacillus_amr/06_phylogeny/proteins_unique/GCF_054461375.1.faa	NA	119	118	100.00	0.84
GCF_054462015.1	/home/bacte/bacillus_amr/06_phylogeny/proteins_unique/GCF_054462015.1.faa	NA	119	119	100.00	0.00
GCF_054552515.1	/home/bacte/bacillus_amr/06_phylogeny/proteins_unique/GCF_054552515.1.faa	NA	118	118	99.16	0.00
GCF_054552535.1	/home/bacte/bacillus_amr/06_phylogeny/proteins_unique/GCF_054552535.1.faa	NA	118	118	99.16	0.00
GCF_054552595.1	/home/bacte/bacillus_amr/06_phylogeny/proteins_unique/GCF_054552595.1.faa	NA	118	118	99.16	0.00
GCF_054552615.1	/home/bacte/bacillus_amr/06_phylogeny/proteins_unique/GCF_054552615.1.faa	NA	118	118	99.16	0.00
GCF_054570475.1	/home/bacte/bacillus_amr/06_phylogeny/proteins_unique/GCF_054570475.1.faa	NA	119	118	100.00	0.84
GCF_054816535.1	/home/bacte/bacillus_amr/06_phylogeny/proteins_unique/GCF_054816535.1.faa	NA	118	117	99.16	0.84
GCF_054850045.1	/home/bacte/bacillus_amr/06_phylogeny/proteins_unique/GCF_054850045.1.faa	NA	118	117	99.16	0.84
GCF_054850195.1	/home/bacte/bacillus_amr/06_phylogeny/proteins_unique/GCF_054850195.1.faa	NA	119	119	100.00	0.00
GCF_054889435.1	/home/bacte/bacillus_amr/06_phylogeny/proteins_unique/GCF_054889435.1.faa	NA	118	117	99.16	0.84
GCF_054900515.1	/home/bacte/bacillus_amr/06_phylogeny/proteins_unique/GCF_054900515.1.faa	NA	118	117	99.16	0.84
GCF_054954805.1	/home/bacte/bacillus_amr/06_phylogeny/proteins_unique/GCF_054954805.1.faa	NA	118	117	99.16	0.84
GCF_054966515.1	/home/bacte/bacillus_amr/06_phylogeny/proteins_unique/GCF_054966515.1.faa	NA	118	117	99.16	0.84
GCF_055229245.1	/home/bacte/bacillus_amr/06_phylogeny/proteins_unique/GCF_055229245.1.faa	NA	119	119	100.00	0.00
GCF_055326565.1	/home/bacte/bacillus_amr/06_phylogeny/proteins_unique/GCF_055326565.1.faa	NA	119	119	100.00	0.00
GCF_055326625.1	/home/bacte/bacillus_amr/06_phylogeny/proteins_unique/GCF_055326625.1.faa	NA	119	112	100.00	5.88
GCF_055378645.1	/home/bacte/bacillus_amr/06_phylogeny/proteins_unique/GCF_055378645.1.faa	NA	119	119	100.00	0.00
GCF_055378935.1	/home/bacte/bacillus_amr/06_phylogeny/proteins_unique/GCF_055378935.1.faa	NA	119	119	100.00	0.00
GCF_055475255.1	/home/bacte/bacillus_amr/06_phylogeny/proteins_unique/GCF_055475255.1.faa	NA	118	117	99.16	0.84
GCF_055690625.1	/home/bacte/bacillus_amr/06_phylogeny/proteins_unique/GCF_055690625.1.faa	NA	118	117	99.16	0.84
GCF_055690645.1	/home/bacte/bacillus_amr/06_phylogeny/proteins_unique/GCF_055690645.1.faa	NA	118	117	99.16	0.84
GCF_055690665.1	/home/bacte/bacillus_amr/06_phylogeny/proteins_unique/GCF_055690665.1.faa	NA	118	117	99.16	0.84
GCF_055690685.1	/home/bacte/bacillus_amr/06_phylogeny/proteins_unique/GCF_055690685.1.faa	NA	119	119	100.00	0.00
GCF_055709905.1	/home/bacte/bacillus_amr/06_phylogeny/proteins_unique/GCF_055709905.1.faa	NA	118	117	99.16	0.84
GCF_055793445.1	/home/bacte/bacillus_amr/06_phylogeny/proteins_unique/GCF_055793445.1.faa	NA	119	118	100.00	0.84
GCF_055801795.1	/home/bacte/bacillus_amr/06_phylogeny/proteins_unique/GCF_055801795.1.faa	NA	119	119	100.00	0.00
GCF_055825275.1	/home/bacte/bacillus_amr/06_phylogeny/proteins_unique/GCF_055825275.1.faa	NA	119	119	100.00	0.00
GCF_056008865.1	/home/bacte/bacillus_amr/06_phylogeny/proteins_unique/GCF_056008865.1.faa	NA	118	117	99.16	0.84
GCF_056033845.1	/home/bacte/bacillus_amr/06_phylogeny/proteins_unique/GCF_056033845.1.faa	NA	119	118	100.00	0.84
GCF_056033865.1	/home/bacte/bacillus_amr/06_phylogeny/proteins_unique/GCF_056033865.1.faa	NA	117	117	98.32	0.00
GCF_056033885.1	/home/bacte/bacillus_amr/06_phylogeny/proteins_unique/GCF_056033885.1.faa	NA	119	119	100.00	0.00
GCF_056033925.1	/home/bacte/bacillus_amr/06_phylogeny/proteins_unique/GCF_056033925.1.faa	NA	119	119	100.00	0.00
GCF_056098965.1	/home/bacte/bacillus_amr/06_phylogeny/proteins_unique/GCF_056098965.1.faa	NA	119	118	100.00	0.84
GCF_056156505.1	/home/bacte/bacillus_amr/06_phylogeny/proteins_unique/GCF_056156505.1.faa	NA	118	118	99.16	0.00
GCF_056312695.1	/home/bacte/bacillus_amr/06_phylogeny/proteins_unique/GCF_056312695.1.faa	NA	118	117	99.16	0.84
GCF_056377955.1	/home/bacte/bacillus_amr/06_phylogeny/proteins_unique/GCF_056377955.1.faa	NA	119	119	100.00	0.00
GCF_056395645.1	/home/bacte/bacillus_amr/06_phylogeny/proteins_unique/GCF_056395645.1.faa	NA	119	117	100.00	1.68
GCF_056396765.1	/home/bacte/bacillus_amr/06_phylogeny/proteins_unique/GCF_056396765.1.faa	NA	116	115	97.48	0.84
GCF_056396785.1	/home/bacte/bacillus_amr/06_phylogeny/proteins_unique/GCF_056396785.1.faa	NA	118	118	99.16	0.00
GCF_056396905.1	/home/bacte/bacillus_amr/06_phylogeny/proteins_unique/GCF_056396905.1.faa	NA	118	118	99.16	0.00
GCF_056397025.1	/home/bacte/bacillus_amr/06_phylogeny/proteins_unique/GCF_056397025.1.faa	NA	119	119	100.00	0.00
GCF_056398025.1	/home/bacte/bacillus_amr/06_phylogeny/proteins_unique/GCF_056398025.1.faa	NA	118	117	99.16	0.84
GCF_056398845.1	/home/bacte/bacillus_amr/06_phylogeny/proteins_unique/GCF_056398845.1.faa	NA	119	118	100.00	0.84
GCF_056399205.1	/home/bacte/bacillus_amr/06_phylogeny/proteins_unique/GCF_056399205.1.faa	NA	119	119	100.00	0.00
GCF_056399565.1	/home/bacte/bacillus_amr/06_phylogeny/proteins_unique/GCF_056399565.1.faa	NA	118	117	99.16	0.84
GCF_056401715.1	/home/bacte/bacillus_amr/06_phylogeny/proteins_unique/GCF_056401715.1.faa	NA	119	118	100.00	0.84
GCF_056413905.1	/home/bacte/bacillus_amr/06_phylogeny/proteins_unique/GCF_056413905.1.faa	NA	118	117	99.16	0.84
GCF_056428825.1	/home/bacte/bacillus_amr/06_phylogeny/proteins_unique/GCF_056428825.1.faa	NA	119	118	100.00	0.84
GCF_056428865.1	/home/bacte/bacillus_amr/06_phylogeny/proteins_unique/GCF_056428865.1.faa	NA	119	118	100.00	0.84
GCF_056431345.1	/home/bacte/bacillus_amr/06_phylogeny/proteins_unique/GCF_056431345.1.faa	NA	119	118	100.00	0.84
GCF_056437605.1	/home/bacte/bacillus_amr/06_phylogeny/proteins_unique/GCF_056437605.1.faa	NA	118	117	99.16	0.84
GCF_056491305.1	/home/bacte/bacillus_amr/06_phylogeny/proteins_unique/GCF_056491305.1.faa	NA	118	118	99.16	0.00
GCF_056491345.1	/home/bacte/bacillus_amr/06_phylogeny/proteins_unique/GCF_056491345.1.faa	NA	119	118	100.00	0.84
GCF_056491365.1	/home/bacte/bacillus_amr/06_phylogeny/proteins_unique/GCF_056491365.1.faa	NA	119	118	100.00	0.84
GCF_056491385.1	/home/bacte/bacillus_amr/06_phylogeny/proteins_unique/GCF_056491385.1.faa	NA	119	118	100.00	0.84
GCF_056491405.1	/home/bacte/bacillus_amr/06_phylogeny/proteins_unique/GCF_056491405.1.faa	NA	118	117	99.16	0.84
GCF_056519215.1	/home/bacte/bacillus_amr/06_phylogeny/proteins_unique/GCF_056519215.1.faa	NA	119	119	100.00	0.00
GCF_056521245.1	/home/bacte/bacillus_amr/06_phylogeny/proteins_unique/GCF_056521245.1.faa	NA	119	118	100.00	0.84
GCF_056640695.1	/home/bacte/bacillus_amr/06_phylogeny/proteins_unique/GCF_056640695.1.faa	NA	118	117	99.16	0.84
GCF_056674955.1	/home/bacte/bacillus_amr/06_phylogeny/proteins_unique/GCF_056674955.1.faa	NA	118	116	99.16	1.68
GCF_056711665.1	/home/bacte/bacillus_amr/06_phylogeny/proteins_unique/GCF_056711665.1.faa	NA	119	117	100.00	1.68
GCF_056725985.1	/home/bacte/bacillus_amr/06_phylogeny/proteins_unique/GCF_056725985.1.faa	NA	118	117	99.16	0.84
GCF_056775555.1	/home/bacte/bacillus_amr/06_phylogeny/proteins_unique/GCF_056775555.1.faa	NA	119	119	100.00	0.00
GCF_056777085.1	/home/bacte/bacillus_amr/06_phylogeny/proteins_unique/GCF_056777085.1.faa	NA	119	119	100.00	0.00
GCF_056784195.1	/home/bacte/bacillus_amr/06_phylogeny/proteins_unique/GCF_056784195.1.faa	NA	119	119	100.00	0.00
GCF_056832985.1	/home/bacte/bacillus_amr/06_phylogeny/proteins_unique/GCF_056832985.1.faa	NA	119	119	100.00	0.00
GCF_056958415.1	/home/bacte/bacillus_amr/06_phylogeny/proteins_unique/GCF_056958415.1.faa	NA	119	118	100.00	0.84
GCF_057096045.1	/home/bacte/bacillus_amr/06_phylogeny/proteins_unique/GCF_057096045.1.faa	NA	118	117	99.16	0.84
GCF_057162765.1	/home/bacte/bacillus_amr/06_phylogeny/proteins_unique/GCF_057162765.1.faa	NA	118	117	99.16	0.84
GCF_057175425.1	/home/bacte/bacillus_amr/06_phylogeny/proteins_unique/GCF_057175425.1.faa	NA	118	117	99.16	0.84
GCF_057220775.1	/home/bacte/bacillus_amr/06_phylogeny/proteins_unique/GCF_057220775.1.faa	NA	118	117	99.16	0.84
GCF_057321065.1	/home/bacte/bacillus_amr/06_phylogeny/proteins_unique/GCF_057321065.1.faa	NA	119	119	100.00	0.00
GCF_057333855.1	/home/bacte/bacillus_amr/06_phylogeny/proteins_unique/GCF_057333855.1.faa	NA	119	119	100.00	0.00
GCF_057334035.1	/home/bacte/bacillus_amr/06_phylogeny/proteins_unique/GCF_057334035.1.faa	NA	119	119	100.00	0.00
GCF_057334055.1	/home/bacte/bacillus_amr/06_phylogeny/proteins_unique/GCF_057334055.1.faa	NA	119	119	100.00	0.00
GCF_057334135.1	/home/bacte/bacillus_amr/06_phylogeny/proteins_unique/GCF_057334135.1.faa	NA	119	119	100.00	0.00
GCF_057334155.1	/home/bacte/bacillus_amr/06_phylogeny/proteins_unique/GCF_057334155.1.faa	NA	112	111	94.12	0.84
GCF_057334235.1	/home/bacte/bacillus_amr/06_phylogeny/proteins_unique/GCF_057334235.1.faa	NA	119	119	100.00	0.00
GCF_057334255.1	/home/bacte/bacillus_amr/06_phylogeny/proteins_unique/GCF_057334255.1.faa	NA	118	117	99.16	0.84
GCF_057334335.1	/home/bacte/bacillus_amr/06_phylogeny/proteins_unique/GCF_057334335.1.faa	NA	119	119	100.00	0.00
GCF_057334475.1	/home/bacte/bacillus_amr/06_phylogeny/proteins_unique/GCF_057334475.1.faa	NA	119	119	100.00	0.00
GCF_057334495.1	/home/bacte/bacillus_amr/06_phylogeny/proteins_unique/GCF_057334495.1.faa	NA	119	119	100.00	0.00
GCF_057334575.1	/home/bacte/bacillus_amr/06_phylogeny/proteins_unique/GCF_057334575.1.faa	NA	119	119	100.00	0.00
GCF_057334615.1	/home/bacte/bacillus_amr/06_phylogeny/proteins_unique/GCF_057334615.1.faa	NA	119	119	100.00	0.00
GCF_057334635.1	/home/bacte/bacillus_amr/06_phylogeny/proteins_unique/GCF_057334635.1.faa	NA	118	117	99.16	0.84
GCF_057654735.1	/home/bacte/bacillus_amr/06_phylogeny/proteins_unique/GCF_057654735.1.faa	NA	118	116	99.16	1.68
GCF_057676625.1	/home/bacte/bacillus_amr/06_phylogeny/proteins_unique/GCF_057676625.1.faa	NA	119	119	100.00	0.00
GCF_057814095.1	/home/bacte/bacillus_amr/06_phylogeny/proteins_unique/GCF_057814095.1.faa	NA	119	116	100.00	2.52
GCF_057814315.1	/home/bacte/bacillus_amr/06_phylogeny/proteins_unique/GCF_057814315.1.faa	NA	119	116	100.00	2.52
GCF_058067225.1	/home/bacte/bacillus_amr/06_phylogeny/proteins_unique/GCF_058067225.1.faa	NA	119	119	100.00	0.00
GCF_058091895.1	/home/bacte/bacillus_amr/06_phylogeny/proteins_unique/GCF_058091895.1.faa	NA	119	118	100.00	0.84
GCF_058137905.1	/home/bacte/bacillus_amr/06_phylogeny/proteins_unique/GCF_058137905.1.faa	NA	118	118	99.16	0.00
GCF_058167685.1	/home/bacte/bacillus_amr/06_phylogeny/proteins_unique/GCF_058167685.1.faa	NA	118	117	99.16	0.84
GCF_058182495.1	/home/bacte/bacillus_amr/06_phylogeny/proteins_unique/GCF_058182495.1.faa	NA	119	119	100.00	0.00
GCF_058215615.1	/home/bacte/bacillus_amr/06_phylogeny/proteins_unique/GCF_058215615.1.faa	NA	118	118	99.16	0.00
GCF_058215645.1	/home/bacte/bacillus_amr/06_phylogeny/proteins_unique/GCF_058215645.1.faa	NA	111	111	93.28	0.00
GCF_058215675.1	/home/bacte/bacillus_amr/06_phylogeny/proteins_unique/GCF_058215675.1.faa	NA	106	106	89.08	0.00
GCF_058320775.1	/home/bacte/bacillus_amr/06_phylogeny/proteins_unique/GCF_058320775.1.faa	NA	118	117	99.16	0.84
GCF_058629295.1	/home/bacte/bacillus_amr/06_phylogeny/proteins_unique/GCF_058629295.1.faa	NA	119	119	100.00	0.00
GCF_058629315.1	/home/bacte/bacillus_amr/06_phylogeny/proteins_unique/GCF_058629315.1.faa	NA	119	118	100.00	0.84
GCF_058629395.1	/home/bacte/bacillus_amr/06_phylogeny/proteins_unique/GCF_058629395.1.faa	NA	118	117	99.16	0.84
GCF_058629415.1	/home/bacte/bacillus_amr/06_phylogeny/proteins_unique/GCF_058629415.1.faa	NA	119	117	100.00	1.68
GCF_058629435.1	/home/bacte/bacillus_amr/06_phylogeny/proteins_unique/GCF_058629435.1.faa	NA	118	116	99.16	1.68
GCF_058731845.1	/home/bacte/bacillus_amr/06_phylogeny/proteins_unique/GCF_058731845.1.faa	NA	119	118	100.00	0.84
GCF_058932585.1	/home/bacte/bacillus_amr/06_phylogeny/proteins_unique/GCF_058932585.1.faa	NA	119	118	100.00	0.84
GCF_059078195.1	/home/bacte/bacillus_amr/06_phylogeny/proteins_unique/GCF_059078195.1.faa	NA	119	118	100.00	0.84
GCF_059078255.1	/home/bacte/bacillus_amr/06_phylogeny/proteins_unique/GCF_059078255.1.faa	NA	118	117	99.16	0.84
GCF_059147195.1	/home/bacte/bacillus_amr/06_phylogeny/proteins_unique/GCF_059147195.1.faa	NA	118	117	99.16	0.84
GCF_059147205.1	/home/bacte/bacillus_amr/06_phylogeny/proteins_unique/GCF_059147205.1.faa	NA	118	117	99.16	0.84
GCF_059379545.1	/home/bacte/bacillus_amr/06_phylogeny/proteins_unique/GCF_059379545.1.faa	NA	119	119	100.00	0.00
GCF_059547565.1	/home/bacte/bacillus_amr/06_phylogeny/proteins_unique/GCF_059547565.1.faa	NA	119	119	100.00	0.00
GCF_059547635.1	/home/bacte/bacillus_amr/06_phylogeny/proteins_unique/GCF_059547635.1.faa	NA	118	117	99.16	0.84
GCF_059618005.1	/home/bacte/bacillus_amr/06_phylogeny/proteins_unique/GCF_059618005.1.faa	NA	118	117	99.16	0.84
GCF_059629335.1	/home/bacte/bacillus_amr/06_phylogeny/proteins_unique/GCF_059629335.1.faa	NA	118	115	99.16	2.52
GCF_059718295.1	/home/bacte/bacillus_amr/06_phylogeny/proteins_unique/GCF_059718295.1.faa	NA	119	119	100.00	0.00
GCF_059740395.1	/home/bacte/bacillus_amr/06_phylogeny/proteins_unique/GCF_059740395.1.faa	NA	119	119	100.00	0.00
GCF_059740425.1	/home/bacte/bacillus_amr/06_phylogeny/proteins_unique/GCF_059740425.1.faa	NA	117	116	98.32	0.84
GCF_059759445.1	/home/bacte/bacillus_amr/06_phylogeny/proteins_unique/GCF_059759445.1.faa	NA	118	117	99.16	0.84
GCF_059760185.1	/home/bacte/bacillus_amr/06_phylogeny/proteins_unique/GCF_059760185.1.faa	NA	119	119	100.00	0.00
GCF_059801065.1	/home/bacte/bacillus_amr/06_phylogeny/proteins_unique/GCF_059801065.1.faa	NA	119	119	100.00	0.00
GCF_059814295.1	/home/bacte/bacillus_amr/06_phylogeny/proteins_unique/GCF_059814295.1.faa	NA	119	118	100.00	0.84
GCF_059814325.1	/home/bacte/bacillus_amr/06_phylogeny/proteins_unique/GCF_059814325.1.faa	NA	119	119	100.00	0.00
GCF_059814395.1	/home/bacte/bacillus_amr/06_phylogeny/proteins_unique/GCF_059814395.1.faa	NA	119	119	100.00	0.00
GCF_059818205.1	/home/bacte/bacillus_amr/06_phylogeny/proteins_unique/GCF_059818205.1.faa	NA	119	119	100.00	0.00
GCF_059818275.1	/home/bacte/bacillus_amr/06_phylogeny/proteins_unique/GCF_059818275.1.faa	NA	119	118	100.00	0.84
GCF_059818285.1	/home/bacte/bacillus_amr/06_phylogeny/proteins_unique/GCF_059818285.1.faa	NA	119	119	100.00	0.00
GCF_059958735.1	/home/bacte/bacillus_amr/06_phylogeny/proteins_unique/GCF_059958735.1.faa	NA	117	116	98.32	0.84
GCF_059958745.1	/home/bacte/bacillus_amr/06_phylogeny/proteins_unique/GCF_059958745.1.faa	NA	118	117	99.16	0.84
GCF_059958825.1	/home/bacte/bacillus_amr/06_phylogeny/proteins_unique/GCF_059958825.1.faa	NA	89	89	74.79	0.00
GCF_059975615.1	/home/bacte/bacillus_amr/06_phylogeny/proteins_unique/GCF_059975615.1.faa	NA	119	118	100.00	0.84
GCF_059981775.1	/home/bacte/bacillus_amr/06_phylogeny/proteins_unique/GCF_059981775.1.faa	NA	118	117	99.16	0.84
GCF_060019415.1	/home/bacte/bacillus_amr/06_phylogeny/proteins_unique/GCF_060019415.1.faa	NA	119	118	100.00	0.84
GCF_060038125.1	/home/bacte/bacillus_amr/06_phylogeny/proteins_unique/GCF_060038125.1.faa	NA	119	118	100.00	0.84
GCF_060059705.1	/home/bacte/bacillus_amr/06_phylogeny/proteins_unique/GCF_060059705.1.faa	NA	118	117	99.16	0.84
GCF_060082625.1	/home/bacte/bacillus_amr/06_phylogeny/proteins_unique/GCF_060082625.1.faa	NA	118	117	99.16	0.84
GCF_060123785.1	/home/bacte/bacillus_amr/06_phylogeny/proteins_unique/GCF_060123785.1.faa	NA	118	117	99.16	0.84
GCF_060145795.1	/home/bacte/bacillus_amr/06_phylogeny/proteins_unique/GCF_060145795.1.faa	NA	118	117	99.16	0.84
GCF_060145825.1	/home/bacte/bacillus_amr/06_phylogeny/proteins_unique/GCF_060145825.1.faa	NA	118	117	99.16	1.68
GCF_060228485.1	/home/bacte/bacillus_amr/06_phylogeny/proteins_unique/GCF_060228485.1.faa	NA	119	118	100.00	0.84
GCF_060371815.1	/home/bacte/bacillus_amr/06_phylogeny/proteins_unique/GCF_060371815.1.faa	NA	119	119	100.00	0.00
GCF_060371845.1	/home/bacte/bacillus_amr/06_phylogeny/proteins_unique/GCF_060371845.1.faa	NA	119	119	100.00	0.00
GCF_060371875.1	/home/bacte/bacillus_amr/06_phylogeny/proteins_unique/GCF_060371875.1.faa	NA	119	118	100.00	0.84
GCF_060371935.1	/home/bacte/bacillus_amr/06_phylogeny/proteins_unique/GCF_060371935.1.faa	NA	119	119	100.00	0.00
GCF_060371975.1	/home/bacte/bacillus_amr/06_phylogeny/proteins_unique/GCF_060371975.1.faa	NA	119	119	100.00	0.00
GCF_060371995.1	/home/bacte/bacillus_amr/06_phylogeny/proteins_unique/GCF_060371995.1.faa	NA	119	117	100.00	1.68
GCF_060372075.1	/home/bacte/bacillus_amr/06_phylogeny/proteins_unique/GCF_060372075.1.faa	NA	119	117	100.00	1.68
GCF_060372085.1	/home/bacte/bacillus_amr/06_phylogeny/proteins_unique/GCF_060372085.1.faa	NA	119	118	100.00	0.84
GCF_060372155.1	/home/bacte/bacillus_amr/06_phylogeny/proteins_unique/GCF_060372155.1.faa	NA	119	118	100.00	0.84
GCF_060372195.1	/home/bacte/bacillus_amr/06_phylogeny/proteins_unique/GCF_060372195.1.faa	NA	119	117	100.00	1.68
GCF_060372215.1	/home/bacte/bacillus_amr/06_phylogeny/proteins_unique/GCF_060372215.1.faa	NA	119	118	100.00	0.84
GCF_060372285.1	/home/bacte/bacillus_amr/06_phylogeny/proteins_unique/GCF_060372285.1.faa	NA	119	117	100.00	1.68
GCF_060435285.1	/home/bacte/bacillus_amr/06_phylogeny/proteins_unique/GCF_060435285.1.faa	NA	119	118	100.00	0.84
GCF_060484235.1	/home/bacte/bacillus_amr/06_phylogeny/proteins_unique/GCF_060484235.1.faa	NA	119	117	100.00	1.68
GCF_060484255.1	/home/bacte/bacillus_amr/06_phylogeny/proteins_unique/GCF_060484255.1.faa	NA	118	118	99.16	0.00
GCF_060484315.1	/home/bacte/bacillus_amr/06_phylogeny/proteins_unique/GCF_060484315.1.faa	NA	119	119	100.00	0.00
GCF_060591375.1	/home/bacte/bacillus_amr/06_phylogeny/proteins_unique/GCF_060591375.1.faa	NA	118	117	99.16	0.84
GCF_060594815.1	/home/bacte/bacillus_amr/06_phylogeny/proteins_unique/GCF_060594815.1.faa	NA	118	116	99.16	1.68
GCF_060807305.1	/home/bacte/bacillus_amr/06_phylogeny/proteins_unique/GCF_060807305.1.faa	NA	118	116	99.16	1.68
GCF_060947105.1	/home/bacte/bacillus_amr/06_phylogeny/proteins_unique/GCF_060947105.1.faa	NA	119	119	100.00	0.00
GCF_060992135.1	/home/bacte/bacillus_amr/06_phylogeny/proteins_unique/GCF_060992135.1.faa	NA	119	119	100.00	0.00
GCF_060993455.1	/home/bacte/bacillus_amr/06_phylogeny/proteins_unique/GCF_060993455.1.faa	NA	119	118	100.00	0.84
GCF_061073905.1	/home/bacte/bacillus_amr/06_phylogeny/proteins_unique/GCF_061073905.1.faa	NA	118	117	99.16	0.84
GCF_061143345.1	/home/bacte/bacillus_amr/06_phylogeny/proteins_unique/GCF_061143345.1.faa	NA	119	119	100.00	0.00
GCF_061144305.1	/home/bacte/bacillus_amr/06_phylogeny/proteins_unique/GCF_061144305.1.faa	NA	119	119	100.00	0.00
GCF_061144365.1	/home/bacte/bacillus_amr/06_phylogeny/proteins_unique/GCF_061144365.1.faa	NA	119	119	100.00	0.00
GCF_061144405.1	/home/bacte/bacillus_amr/06_phylogeny/proteins_unique/GCF_061144405.1.faa	NA	119	119	100.00	0.00
GCF_061208445.1	/home/bacte/bacillus_amr/06_phylogeny/proteins_unique/GCF_061208445.1.faa	NA	119	117	100.00	1.68
GCF_061230955.1	/home/bacte/bacillus_amr/06_phylogeny/proteins_unique/GCF_061230955.1.faa	NA	118	118	99.16	0.00
GCF_061231015.1	/home/bacte/bacillus_amr/06_phylogeny/proteins_unique/GCF_061231015.1.faa	NA	118	118	99.16	0.00
GCF_061231035.1	/home/bacte/bacillus_amr/06_phylogeny/proteins_unique/GCF_061231035.1.faa	NA	118	118	99.16	0.00
GCF_061231135.1	/home/bacte/bacillus_amr/06_phylogeny/proteins_unique/GCF_061231135.1.faa	NA	119	119	100.00	0.00
GCF_061232475.1	/home/bacte/bacillus_amr/06_phylogeny/proteins_unique/GCF_061232475.1.faa	NA	119	119	100.00	0.00
GCF_061232545.1	/home/bacte/bacillus_amr/06_phylogeny/proteins_unique/GCF_061232545.1.faa	NA	119	119	100.00	0.00
GCF_061232575.1	/home/bacte/bacillus_amr/06_phylogeny/proteins_unique/GCF_061232575.1.faa	NA	119	119	100.00	0.00
GCF_061541425.1	/home/bacte/bacillus_amr/06_phylogeny/proteins_unique/GCF_061541425.1.faa	NA	111	110	93.28	0.84
GCF_061541925.1	/home/bacte/bacillus_amr/06_phylogeny/proteins_unique/GCF_061541925.1.faa	NA	112	112	94.12	0.00
GCF_061541955.1	/home/bacte/bacillus_amr/06_phylogeny/proteins_unique/GCF_061541955.1.faa	NA	119	119	100.00	0.00
GCF_903970865.1	/home/bacte/bacillus_amr/06_phylogeny/proteins_unique/GCF_903970865.1.faa	NA	119	119	100.00	0.00
GCF_903970875.1	/home/bacte/bacillus_amr/06_phylogeny/proteins_unique/GCF_903970875.1.faa	NA	119	117	100.00	1.68
GCF_903971065.1	/home/bacte/bacillus_amr/06_phylogeny/proteins_unique/GCF_903971065.1.faa	NA	119	117	100.00	1.68
GCF_904841115.1	/home/bacte/bacillus_amr/06_phylogeny/proteins_unique/GCF_904841115.1.faa	NA	117	116	98.32	0.84
GCF_904842145.1	/home/bacte/bacillus_amr/06_phylogeny/proteins_unique/GCF_904842145.1.faa	NA	118	117	99.16	0.84
GCF_949767885.1	/home/bacte/bacillus_amr/06_phylogeny/proteins_unique/GCF_949767885.1.faa	NA	119	117	100.00	1.68
GCF_949767925.1	/home/bacte/bacillus_amr/06_phylogeny/proteins_unique/GCF_949767925.1.faa	NA	119	117	100.00	1.68
GCF_949768135.1	/home/bacte/bacillus_amr/06_phylogeny/proteins_unique/GCF_949768135.1.faa	NA	119	118	100.00	0.84
GCF_949768215.1	/home/bacte/bacillus_amr/06_phylogeny/proteins_unique/GCF_949768215.1.faa	NA	118	117	99.16	0.84
GCF_964264945.1	/home/bacte/bacillus_amr/06_phylogeny/proteins_unique/GCF_964264945.1.faa	NA	119	119	100.00	0.00
GCF_977015195.1	/home/bacte/bacillus_amr/06_phylogeny/proteins_unique/GCF_977015195.1.faa	NA	118	117	99.16	0.84
GCF_977015285.1	/home/bacte/bacillus_amr/06_phylogeny/proteins_unique/GCF_977015285.1.faa	NA	118	117	99.16	0.84
GCF_977015325.1	/home/bacte/bacillus_amr/06_phylogeny/proteins_unique/GCF_977015325.1.faa	NA	119	119	100.00	0.00
GCF_977015355.1	/home/bacte/bacillus_amr/06_phylogeny/proteins_unique/GCF_977015355.1.faa	NA	118	117	99.16	0.84
GCF_977015415.1	/home/bacte/bacillus_amr/06_phylogeny/proteins_unique/GCF_977015415.1.faa	NA	119	119	100.00	0.00
GCF_977015475.1	/home/bacte/bacillus_amr/06_phylogeny/proteins_unique/GCF_977015475.1.faa	NA	118	117	99.16	0.84
GCF_977015505.1	/home/bacte/bacillus_amr/06_phylogeny/proteins_unique/GCF_977015505.1.faa	NA	118	118	99.16	0.00
GCF_977015535.1	/home/bacte/bacillus_amr/06_phylogeny/proteins_unique/GCF_977015535.1.faa	NA	118	117	99.16	0.84
GCF_977015745.1	/home/bacte/bacillus_amr/06_phylogeny/proteins_unique/GCF_977015745.1.faa	NA	119	119	100.00	0.00
GCF_977016005.1	/home/bacte/bacillus_amr/06_phylogeny/proteins_unique/GCF_977016005.1.faa	NA	119	119	100.00	0.00
GCF_977016065.1	/home/bacte/bacillus_amr/06_phylogeny/proteins_unique/GCF_977016065.1.faa	NA	119	119	100.00	0.00
GCF_979253805.1	/home/bacte/bacillus_amr/06_phylogeny/proteins_unique/GCF_979253805.1.faa	NA	119	118	100.00	0.84
GCF_979889575.1	/home/bacte/bacillus_amr/06_phylogeny/proteins_unique/GCF_979889575.1.faa	NA	118	117	99.16	0.84
GCF_979893815.1	/home/bacte/bacillus_amr/06_phylogeny/proteins_unique/GCF_979893815.1.faa	NA	119	118	100.00	0.84
GCF_979895345.1	/home/bacte/bacillus_amr/06_phylogeny/proteins_unique/GCF_979895345.1.faa	NA	119	118	100.00	0.84
GCF_979901285.1	/home/bacte/bacillus_amr/06_phylogeny/proteins_unique/GCF_979901285.1.faa	NA	119	118	100.00	0.84
GCF_979901685.1	/home/bacte/bacillus_amr/06_phylogeny/proteins_unique/GCF_979901685.1.faa	NA	118	117	99.16	0.84
GCF_979902625.1	/home/bacte/bacillus_amr/06_phylogeny/proteins_unique/GCF_979902625.1.faa	NA	118	117	99.16	0.84
GCF_979908215.1	/home/bacte/bacillus_amr/06_phylogeny/proteins_unique/GCF_979908215.1.faa	NA	119	118	100.00	0.84
GCF_979912685.1	/home/bacte/bacillus_amr/06_phylogeny/proteins_unique/GCF_979912685.1.faa	NA	118	117	99.16	0.84
GCF_979914115.1	/home/bacte/bacillus_amr/06_phylogeny/proteins_unique/GCF_979914115.1.faa	NA	118	117	99.16	0.84
GCF_979914865.1	/home/bacte/bacillus_amr/06_phylogeny/proteins_unique/GCF_979914865.1.faa	NA	118	117	99.16	0.84
GCF_979925135.1	/home/bacte/bacillus_amr/06_phylogeny/proteins_unique/GCF_979925135.1.faa	NA	119	119	100.00	0.00
GCF_979925865.1	/home/bacte/bacillus_amr/06_phylogeny/proteins_unique/GCF_979925865.1.faa	NA	119	116	100.00	2.52
GCF_979930925.1	/home/bacte/bacillus_amr/06_phylogeny/proteins_unique/GCF_979930925.1.faa	NA	119	118	100.00	0.84
GCF_979932065.1	/home/bacte/bacillus_amr/06_phylogeny/proteins_unique/GCF_979932065.1.faa	NA	119	118	100.00	0.84
GCF_982398145.1	/home/bacte/bacillus_amr/06_phylogeny/proteins_unique/GCF_982398145.1.faa	NA	119	119	100.00	0.00
GCF_984799155.1	/home/bacte/bacillus_amr/06_phylogeny/proteins_unique/GCF_984799155.1.faa	NA	119	117	100.00	3.36
GCF_984799205.1	/home/bacte/bacillus_amr/06_phylogeny/proteins_unique/GCF_984799205.1.faa	NA	118	117	99.16	0.84
GCF_986269535.1	/home/bacte/bacillus_amr/06_phylogeny/proteins_unique/GCF_986269535.1.faa	NA	119	119	100.00	0.00
