Assembly_Accession	File	Num_contigs	Total_length	Min_length	Average_length	Max_length	N50	GC_percent
GCF_011751575.1	/home/bacte/bacillus_amr/01_genomes/ncbi_dataset/ncbi_dataset/data/GCF_011751575.1/GCF_011751575.1_ASM1175157v1_genomic.fna	76	5371297	212	70675.0	602182	200390	35.30
GCF_011751595.1	/home/bacte/bacillus_amr/01_genomes/ncbi_dataset/ncbi_dataset/data/GCF_011751595.1/GCF_011751595.1_ASM1175159v1_genomic.fna	106	5760676	249	54346.0	603918	160637	34.96
GCF_044626275.1	/home/bacte/bacillus_amr/01_genomes/ncbi_dataset/ncbi_dataset/data/GCF_044626275.1/GCF_044626275.1_ASM4462627v1_genomic.fna	94	5828502	1002	62005.3	401838	151832	35.09
GCF_001029865.1	/home/bacte/bacillus_amr/01_genomes/ncbi_dataset/ncbi_dataset/data/GCF_001029865.1/GCF_001029865.1_RIT380_V1_genomic.fna	85	3972159	290	46731.3	236176	98293	41.02
GCF_002741745.1	/home/bacte/bacillus_amr/01_genomes/ncbi_dataset/ncbi_dataset/data/GCF_002741745.1/GCF_002741745.1_ASM274174v1_genomic.fna	1	3765752	3765752	3765752.0	3765752	3765752	41.52
GCF_003064485.1	/home/bacte/bacillus_amr/01_genomes/ncbi_dataset/ncbi_dataset/data/GCF_003064485.1/GCF_003064485.1_ASM306448v1_genomic.fna	69	3628062	248	52580.6	638158	234390	41.43
GCF_003160715.1	/home/bacte/bacillus_amr/01_genomes/ncbi_dataset/ncbi_dataset/data/GCF_003160715.1/GCF_003160715.1_ASM316071v1_genomic.fna	130	3688424	202	28372.5	407598	128930	41.36
GCF_004563755.2	/home/bacte/bacillus_amr/01_genomes/ncbi_dataset/ncbi_dataset/data/GCF_004563755.2/GCF_004563755.2_ASM456375v2_genomic.fna	1	3867833	3867833	3867833.0	3867833	3867833	41.34
GCF_005849435.1	/home/bacte/bacillus_amr/01_genomes/ncbi_dataset/ncbi_dataset/data/GCF_005849435.1/GCF_005849435.1_ASM584943v1_genomic.fna	2	3891368	10920	1945684.0	3880448	3880448	41.30
GCF_013391605.1	/home/bacte/bacillus_amr/01_genomes/ncbi_dataset/ncbi_dataset/data/GCF_013391605.1/GCF_013391605.1_ASM1339160v1_genomic.fna	23	3794141	200	164962.7	1943801	1943801	41.17
GCF_013391615.1	/home/bacte/bacillus_amr/01_genomes/ncbi_dataset/ncbi_dataset/data/GCF_013391615.1/GCF_013391615.1_ASM1339161v1_genomic.fna	42	3737950	200	88998.8	805135	344151	41.22
GCF_015160895.1	/home/bacte/bacillus_amr/01_genomes/ncbi_dataset/ncbi_dataset/data/GCF_015160895.1/GCF_015160895.1_ASM1516089v1_genomic.fna	1	3763717	3763717	3763717.0	3763717	3763717	41.32
GCF_015689015.1	/home/bacte/bacillus_amr/01_genomes/ncbi_dataset/ncbi_dataset/data/GCF_015689015.1/GCF_015689015.1_ASM1568901v1_genomic.fna	1	3718493	3718493	3718493.0	3718493	3718493	41.42
GCF_019164215.1	/home/bacte/bacillus_amr/01_genomes/ncbi_dataset/ncbi_dataset/data/GCF_019164215.1/GCF_019164215.1_ASM1916421v1_genomic.fna	1	3763082	3763082	3763082.0	3763082	3763082	41.36
GCF_022803025.1	/home/bacte/bacillus_amr/01_genomes/ncbi_dataset/ncbi_dataset/data/GCF_022803025.1/GCF_022803025.1_ASM2280302v1_genomic.fna	79	3824497	228	48411.4	664959	233237	41.31
GCF_022819205.1	/home/bacte/bacillus_amr/01_genomes/ncbi_dataset/ncbi_dataset/data/GCF_022819205.1/GCF_022819205.1_ASM2281920v1_genomic.fna	1	3767351	3767351	3767351.0	3767351	3767351	41.15
GCF_028821655.1	/home/bacte/bacillus_amr/01_genomes/ncbi_dataset/ncbi_dataset/data/GCF_028821655.1/GCF_028821655.1_ASM2882165v1_genomic.fna	21	3695387	600	175970.8	859281	667480	41.28
GCF_030166595.1	/home/bacte/bacillus_amr/01_genomes/ncbi_dataset/ncbi_dataset/data/GCF_030166595.1/GCF_030166595.1_ASM3016659v1_genomic.fna	1	3753708	3753708	3753708.0	3753708	3753708	41.37
GCF_035807355.1	/home/bacte/bacillus_amr/01_genomes/ncbi_dataset/ncbi_dataset/data/GCF_035807355.1/GCF_035807355.1_ASM3580735v1_genomic.fna	17	3638085	694	214005.0	832140	515700	41.34
GCF_036348295.1	/home/bacte/bacillus_amr/01_genomes/ncbi_dataset/ncbi_dataset/data/GCF_036348295.1/GCF_036348295.1_ASM3634829v1_genomic.fna	45	3693039	202	82067.5	900597	356649	41.22
GCF_036348315.1	/home/bacte/bacillus_amr/01_genomes/ncbi_dataset/ncbi_dataset/data/GCF_036348315.1/GCF_036348315.1_ASM3634831v1_genomic.fna	48	3693680	202	76951.7	900597	356649	41.22
GCF_036348375.1	/home/bacte/bacillus_amr/01_genomes/ncbi_dataset/ncbi_dataset/data/GCF_036348375.1/GCF_036348375.1_ASM3634837v1_genomic.fna	47	3696957	202	78658.7	900597	356649	41.21
GCF_036351855.1	/home/bacte/bacillus_amr/01_genomes/ncbi_dataset/ncbi_dataset/data/GCF_036351855.1/GCF_036351855.1_ASM3635185v1_genomic.fna	44	3693926	202	83952.9	900597	356649	41.22
GCF_036351915.1	/home/bacte/bacillus_amr/01_genomes/ncbi_dataset/ncbi_dataset/data/GCF_036351915.1/GCF_036351915.1_ASM3635191v1_genomic.fna	36	3691887	213	102552.4	900597	356649	41.21
GCF_036962605.1	/home/bacte/bacillus_amr/01_genomes/ncbi_dataset/ncbi_dataset/data/GCF_036962605.1/GCF_036962605.1_ASM3696260v1_genomic.fna	25	3717001	4853	148680.0	645437	410052	41.15
GCF_036962825.1	/home/bacte/bacillus_amr/01_genomes/ncbi_dataset/ncbi_dataset/data/GCF_036962825.1/GCF_036962825.1_ASM3696282v1_genomic.fna	81	3656134	1148	45137.5	395212	86573	41.28
GCF_036963585.1	/home/bacte/bacillus_amr/01_genomes/ncbi_dataset/ncbi_dataset/data/GCF_036963585.1/GCF_036963585.1_ASM3696358v1_genomic.fna	33	3656494	1582	110802.8	675996	195231	41.23
GCF_036965705.1	/home/bacte/bacillus_amr/01_genomes/ncbi_dataset/ncbi_dataset/data/GCF_036965705.1/GCF_036965705.1_ASM3696570v1_genomic.fna	438	3516738	989	8029.1	47788	12395	41.50
GCF_036965725.1	/home/bacte/bacillus_amr/01_genomes/ncbi_dataset/ncbi_dataset/data/GCF_036965725.1/GCF_036965725.1_ASM3696572v1_genomic.fna	34	3763583	1198	110693.6	406955	235352	41.03
GCF_036966305.1	/home/bacte/bacillus_amr/01_genomes/ncbi_dataset/ncbi_dataset/data/GCF_036966305.1/GCF_036966305.1_ASM3696630v1_genomic.fna	35	3709681	1436	105990.9	393798	159759	41.16
GCF_036966705.1	/home/bacte/bacillus_amr/01_genomes/ncbi_dataset/ncbi_dataset/data/GCF_036966705.1/GCF_036966705.1_ASM3696670v1_genomic.fna	50	3698823	1466	73976.5	466668	136561	41.25
GCF_036966905.1	/home/bacte/bacillus_amr/01_genomes/ncbi_dataset/ncbi_dataset/data/GCF_036966905.1/GCF_036966905.1_ASM3696690v1_genomic.fna	108	3685164	1005	34121.9	167067	58077	41.24
GCF_036966965.1	/home/bacte/bacillus_amr/01_genomes/ncbi_dataset/ncbi_dataset/data/GCF_036966965.1/GCF_036966965.1_ASM3696696v1_genomic.fna	245	3615554	1077	14757.4	81546	28615	41.38
GCF_037094765.1	/home/bacte/bacillus_amr/01_genomes/ncbi_dataset/ncbi_dataset/data/GCF_037094765.1/GCF_037094765.1_JJ61_genomic.fna	1	3775200	3775200	3775200.0	3775200	3775200	41.38
GCF_037094775.1	/home/bacte/bacillus_amr/01_genomes/ncbi_dataset/ncbi_dataset/data/GCF_037094775.1/GCF_037094775.1_JJ1138_genomic.fna	1	3789245	3789245	3789245.0	3789245	3789245	41.37
GCF_039671235.1	/home/bacte/bacillus_amr/01_genomes/ncbi_dataset/ncbi_dataset/data/GCF_039671235.1/GCF_039671235.1_ASM3967123v1_genomic.fna	1	3747098	3747098	3747098.0	3747098	3747098	41.35
GCF_040492265.1	/home/bacte/bacillus_amr/01_genomes/ncbi_dataset/ncbi_dataset/data/GCF_040492265.1/GCF_040492265.1_ASM4049226v1_genomic.fna	30	3660342	1438	122011.4	596461	189867	41.26
GCF_040492555.1	/home/bacte/bacillus_amr/01_genomes/ncbi_dataset/ncbi_dataset/data/GCF_040492555.1/GCF_040492555.1_ASM4049255v1_genomic.fna	108	3612224	951	33446.5	166420	71587	41.44
GCF_040492615.1	/home/bacte/bacillus_amr/01_genomes/ncbi_dataset/ncbi_dataset/data/GCF_040492615.1/GCF_040492615.1_ASM4049261v1_genomic.fna	131	3714742	1048	28356.8	151351	48232	41.24
GCF_045924905.1	/home/bacte/bacillus_amr/01_genomes/ncbi_dataset/ncbi_dataset/data/GCF_045924905.1/GCF_045924905.1_ASM4592490v1_genomic.fna	2	3761991	6415	1880995.5	3755576	3755576	41.38
GCF_047444915.1	/home/bacte/bacillus_amr/01_genomes/ncbi_dataset/ncbi_dataset/data/GCF_047444915.1/GCF_047444915.1_ASM4744491v1_genomic.fna	22	3875739	334	176170.0	1014724	679144	41.08
GCF_049949115.1	/home/bacte/bacillus_amr/01_genomes/ncbi_dataset/ncbi_dataset/data/GCF_049949115.1/GCF_049949115.1_ASM4994911v1_genomic.fna	1	3679424	3679424	3679424.0	3679424	3679424	41.48
GCF_050858825.1	/home/bacte/bacillus_amr/01_genomes/ncbi_dataset/ncbi_dataset/data/GCF_050858825.1/GCF_050858825.1_ASM5085882v1_genomic.fna	1	3710663	3710663	3710663.0	3710663	3710663	41.45
GCF_054461375.1	/home/bacte/bacillus_amr/01_genomes/ncbi_dataset/ncbi_dataset/data/GCF_054461375.1/GCF_054461375.1_ASM5446137v1_genomic.fna	1	3697828	3697828	3697828.0	3697828	3697828	41.43
GCF_054552595.1	/home/bacte/bacillus_amr/01_genomes/ncbi_dataset/ncbi_dataset/data/GCF_054552595.1/GCF_054552595.1_ASM5455259v1_genomic.fna	1	3809820	3809820	3809820.0	3809820	3809820	41.33
GCF_059379545.1	/home/bacte/bacillus_amr/01_genomes/ncbi_dataset/ncbi_dataset/data/GCF_059379545.1/GCF_059379545.1_ASM5937954v1_genomic.fna	1	3777436	3777436	3777436.0	3777436	3777436	41.38
GCF_059814325.1	/home/bacte/bacillus_amr/01_genomes/ncbi_dataset/ncbi_dataset/data/GCF_059814325.1/GCF_059814325.1_ASM5981432v1_genomic.fna	47	3692969	508	78573.8	584949	306820	41.30
GCF_061231135.1	/home/bacte/bacillus_amr/01_genomes/ncbi_dataset/ncbi_dataset/data/GCF_061231135.1/GCF_061231135.1_ASM6123113v1_genomic.fna	1	3809991	3809991	3809991.0	3809991	3809991	41.34
GCF_979925135.1	/home/bacte/bacillus_amr/01_genomes/ncbi_dataset/ncbi_dataset/data/GCF_979925135.1/GCF_979925135.1_SRL571_genomic.fna	1	3816522	3816522	3816522.0	3816522	3816522	41.29
GCF_986269535.1	/home/bacte/bacillus_amr/01_genomes/ncbi_dataset/ncbi_dataset/data/GCF_986269535.1/GCF_986269535.1_iCore35_v1_genomic.fna	48	3738146	334	77878.0	391013	160420	41.19
GCF_000817575.1	/home/bacte/bacillus_amr/01_genomes/ncbi_dataset/ncbi_dataset/data/GCF_000817575.1/GCF_000817575.1_ASM81757v1_genomic.fna	3	3987635	1127	1329211.7	3984966	3984966	45.75
GCF_001278635.1	/home/bacte/bacillus_amr/01_genomes/ncbi_dataset/ncbi_dataset/data/GCF_001278635.1/GCF_001278635.1_ASM127863v1_genomic.fna	86	4173094	204	48524.3	605481	287634	45.83
GCF_001431285.1	/home/bacte/bacillus_amr/01_genomes/ncbi_dataset/ncbi_dataset/data/GCF_001431285.1/GCF_001431285.1_ASM143128v1_genomic.fna	29	3978182	492	137178.7	987166	539889	46.02
GCF_001617995.1	/home/bacte/bacillus_amr/01_genomes/ncbi_dataset/ncbi_dataset/data/GCF_001617995.1/GCF_001617995.1_ASM161799v1_genomic.fna	16	3958833	10158	247427.1	701147	437306	46.42
GCF_001866745.1	/home/bacte/bacillus_amr/01_genomes/ncbi_dataset/ncbi_dataset/data/GCF_001866745.1/GCF_001866745.1_ASM186674v1_genomic.fna	16	3926774	275	245423.4	1173031	1000668	46.12
GCF_001874385.1	/home/bacte/bacillus_amr/01_genomes/ncbi_dataset/ncbi_dataset/data/GCF_001874385.1/GCF_001874385.1_ASM187438v1_genomic.fna	1	3957164	3957164	3957164.0	3957164	3957164	46.44
GCF_003868675.1	/home/bacte/bacillus_amr/01_genomes/ncbi_dataset/ncbi_dataset/data/GCF_003868675.1/GCF_003868675.1_ASM386867v1_genomic.fna	1	4009619	4009619	4009619.0	4009619	4009619	45.92
GCF_004804245.1	/home/bacte/bacillus_amr/01_genomes/ncbi_dataset/ncbi_dataset/data/GCF_004804245.1/GCF_004804245.1_ASM480424v1_genomic.fna	15	3883546	1212	258903.1	1092059	1011907	46.41
GCF_011754125.1	/home/bacte/bacillus_amr/01_genomes/ncbi_dataset/ncbi_dataset/data/GCF_011754125.1/GCF_011754125.1_ASM1175412v1_genomic.fna	11	4113229	5868	373929.9	1050139	675513	46.34
GCF_017824715.1	/home/bacte/bacillus_amr/01_genomes/ncbi_dataset/ncbi_dataset/data/GCF_017824715.1/GCF_017824715.1_ASM1782471v1_genomic.fna	52	4013009	227	77173.3	639158	447055	46.25
GCF_020179775.1	/home/bacte/bacillus_amr/01_genomes/ncbi_dataset/ncbi_dataset/data/GCF_020179775.1/GCF_020179775.1_ASM2017977v1_genomic.fna	58	4214966	569	72671.8	386901	161226	45.76
GCF_023115375.1	/home/bacte/bacillus_amr/01_genomes/ncbi_dataset/ncbi_dataset/data/GCF_023115375.1/GCF_023115375.1_ASM2311537v1_genomic.fna	1	3915550	3915550	3915550.0	3915550	3915550	46.47
GCF_030284565.1	/home/bacte/bacillus_amr/01_genomes/ncbi_dataset/ncbi_dataset/data/GCF_030284565.1/GCF_030284565.1_ASM3028456v1_genomic.fna	1	3954222	3954222	3954222.0	3954222	3954222	46.58
GCF_032918205.1	/home/bacte/bacillus_amr/01_genomes/ncbi_dataset/ncbi_dataset/data/GCF_032918205.1/GCF_032918205.1_ASM3291820v1_genomic.fna	1	3933863	3933863	3933863.0	3933863	3933863	46.50
GCF_032930055.1	/home/bacte/bacillus_amr/01_genomes/ncbi_dataset/ncbi_dataset/data/GCF_032930055.1/GCF_032930055.1_ASM3293005v1_genomic.fna	1	3929978	3929978	3929978.0	3929978	3929978	46.50
GCF_032933215.1	/home/bacte/bacillus_amr/01_genomes/ncbi_dataset/ncbi_dataset/data/GCF_032933215.1/GCF_032933215.1_ASM3293321v1_genomic.fna	1	3931318	3931318	3931318.0	3931318	3931318	46.50
GCF_035726865.1	/home/bacte/bacillus_amr/01_genomes/ncbi_dataset/ncbi_dataset/data/GCF_035726865.1/GCF_035726865.1_ASM3572686v1_genomic.fna	14	3952335	1162	282309.6	1102354	582848	46.39
GCF_040151235.1	/home/bacte/bacillus_amr/01_genomes/ncbi_dataset/ncbi_dataset/data/GCF_040151235.1/GCF_040151235.1_ASM4015123v1_genomic.fna	48	3968135	500	82669.5	1101185	996342	46.25
GCF_041947055.1	/home/bacte/bacillus_amr/01_genomes/ncbi_dataset/ncbi_dataset/data/GCF_041947055.1/GCF_041947055.1_ASM4194705v1_genomic.fna	5	3965760	659	793152.0	3909444	3909444	46.58
GCF_041947065.1	/home/bacte/bacillus_amr/01_genomes/ncbi_dataset/ncbi_dataset/data/GCF_041947065.1/GCF_041947065.1_ASM4194706v1_genomic.fna	10	3871036	371	387103.6	3855457	3855457	46.37
GCF_042611165.1	/home/bacte/bacillus_amr/01_genomes/ncbi_dataset/ncbi_dataset/data/GCF_042611165.1/GCF_042611165.1_ASM4261116v1_genomic.fna	21	3864218	1025	184010.4	1057270	468814	46.38
GCF_046267865.1	/home/bacte/bacillus_amr/01_genomes/ncbi_dataset/ncbi_dataset/data/GCF_046267865.1/GCF_046267865.1_ASM4626786v1_genomic.fna	1	3928046	3928046	3928046.0	3928046	3928046	46.59
GCF_047780485.1	/home/bacte/bacillus_amr/01_genomes/ncbi_dataset/ncbi_dataset/data/GCF_047780485.1/GCF_047780485.1_ASM4778048v1_genomic.fna	43	3871373	234	90031.9	720976	356027	46.50
GCF_049060485.1	/home/bacte/bacillus_amr/01_genomes/ncbi_dataset/ncbi_dataset/data/GCF_049060485.1/GCF_049060485.1_ASM4906048v1_genomic.fna	43	3871373	234	90031.9	720976	356027	46.50
GCF_050410745.1	/home/bacte/bacillus_amr/01_genomes/ncbi_dataset/ncbi_dataset/data/GCF_050410745.1/GCF_050410745.1_Bacillus_amyloliquefaciens_BR160_V1.0_genomic.fna	1	3932140	3932140	3932140.0	3932140	3932140	46.63
GCF_051853135.1	/home/bacte/bacillus_amr/01_genomes/ncbi_dataset/ncbi_dataset/data/GCF_051853135.1/GCF_051853135.1_ASM5185313v1_genomic.fna	1	4662442	4662442	4662442.0	4662442	4662442	46.68
GCF_052692675.1	/home/bacte/bacillus_amr/01_genomes/ncbi_dataset/ncbi_dataset/data/GCF_052692675.1/GCF_052692675.1_ASM5269267v1_genomic.fna	1	3974299	3974299	3974299.0	3974299	3974299	46.55
GCF_053750095.1	/home/bacte/bacillus_amr/01_genomes/ncbi_dataset/ncbi_dataset/data/GCF_053750095.1/GCF_053750095.1_ASM5375009v1_genomic.fna	1	4041589	4041589	4041589.0	4041589	4041589	46.32
GCF_054226265.1	/home/bacte/bacillus_amr/01_genomes/ncbi_dataset/ncbi_dataset/data/GCF_054226265.1/GCF_054226265.1_ASM5422626v1_genomic.fna	12	3923219	1013	326934.9	2106998	2106998	46.47
GCF_054816535.1	/home/bacte/bacillus_amr/01_genomes/ncbi_dataset/ncbi_dataset/data/GCF_054816535.1/GCF_054816535.1_ASM5481653v1_genomic.fna	1	3980777	3980777	3980777.0	3980777	3980777	46.46
GCF_056312695.1	/home/bacte/bacillus_amr/01_genomes/ncbi_dataset/ncbi_dataset/data/GCF_056312695.1/GCF_056312695.1_ASM5631269v1_genomic.fna	1	4006786	4006786	4006786.0	4006786	4006786	45.99
GCF_060123785.1	/home/bacte/bacillus_amr/01_genomes/ncbi_dataset/ncbi_dataset/data/GCF_060123785.1/GCF_060123785.1_ASM6012378v1_genomic.fna	1	3899897	3899897	3899897.0	3899897	3899897	46.44
GCF_060594815.1	/home/bacte/bacillus_amr/01_genomes/ncbi_dataset/ncbi_dataset/data/GCF_060594815.1/GCF_060594815.1_ASM6059481v1_genomic.fna	55	3875844	575	70469.9	569804	237180	46.45
GCF_060807305.1	/home/bacte/bacillus_amr/01_genomes/ncbi_dataset/ncbi_dataset/data/GCF_060807305.1/GCF_060807305.1_ASM6080730v1_genomic.fna	24	4043370	1384	168473.8	619631	296442	46.33
GCF_977015505.1	/home/bacte/bacillus_amr/01_genomes/ncbi_dataset/ncbi_dataset/data/GCF_977015505.1/GCF_977015505.1_BSCM_109_assembly_genomic.fna	3	3815679	8456	1271893.0	3713310	3713310	46.27
GCF_000465655.1	/home/bacte/bacillus_amr/01_genomes/ncbi_dataset/ncbi_dataset/data/GCF_000465655.1/GCF_000465655.1_GS_De_Novo_Assembly_genomic.fna	59	4222588	243	71569.3	875911	539727	45.72
GCF_001029875.1	/home/bacte/bacillus_amr/01_genomes/ncbi_dataset/ncbi_dataset/data/GCF_001029875.1/GCF_001029875.1_RIT_375_V1_genomic.fna	62	5677918	389	91579.3	781586	197704	34.93
GCF_002550475.1	/home/bacte/bacillus_amr/01_genomes/ncbi_dataset/ncbi_dataset/data/GCF_002550475.1/GCF_002550475.1_ASM255047v1_genomic.fna	71	5561486	215	78330.8	506818	214447	35.11
GCF_002566425.1	/home/bacte/bacillus_amr/01_genomes/ncbi_dataset/ncbi_dataset/data/GCF_002566425.1/GCF_002566425.1_ASM256642v1_genomic.fna	330	5915630	200	17926.2	262727	50579	34.90
GCF_038069635.2	/home/bacte/bacillus_amr/01_genomes/ncbi_dataset/ncbi_dataset/data/GCF_038069635.2/GCF_038069635.2_ASM3806963v2_genomic.fna	1	5200120	5200120	5200120.0	5200120	5200120	35.48
GCF_030285945.1	/home/bacte/bacillus_amr/01_genomes/ncbi_dataset/ncbi_dataset/data/GCF_030285945.1/GCF_030285945.1_ASM3028594v1_genomic.fna	4	5218944	9872	1304736.0	4913320	4913320	35.54
GCF_017498775.1	/home/bacte/bacillus_amr/01_genomes/ncbi_dataset/ncbi_dataset/data/GCF_017498775.1/GCF_017498775.1_ASM1749877v1_genomic.fna	98	5176505	515	52821.5	464983	215683	35.35
GCF_039519175.1	/home/bacte/bacillus_amr/01_genomes/ncbi_dataset/ncbi_dataset/data/GCF_039519175.1/GCF_039519175.1_ASM3951917v1_genomic.fna	2	4292910	17976	2146455.0	4274934	4274934	43.17
GCF_002243495.1	/home/bacte/bacillus_amr/01_genomes/ncbi_dataset/ncbi_dataset/data/GCF_002243495.1/GCF_002243495.1_ASM224349v1_genomic.fna	1	4325818	4325818	4325818.0	4325818	4325818	43.27
GCF_002998055.1	/home/bacte/bacillus_amr/01_genomes/ncbi_dataset/ncbi_dataset/data/GCF_002998055.1/GCF_002998055.1_ASM299805v1_genomic.fna	13	4153751	4777	319519.3	1636870	679098	43.28
GCF_002998135.1	/home/bacte/bacillus_amr/01_genomes/ncbi_dataset/ncbi_dataset/data/GCF_002998135.1/GCF_002998135.1_ASM299813v1_genomic.fna	18	4123307	1287	229072.6	785641	565935	43.30
GCF_029541525.1	/home/bacte/bacillus_amr/01_genomes/ncbi_dataset/ncbi_dataset/data/GCF_029541525.1/GCF_029541525.1_ASM2954152v1_genomic.fna	1	4155911	4155911	4155911.0	4155911	4155911	43.35
GCF_030284675.1	/home/bacte/bacillus_amr/01_genomes/ncbi_dataset/ncbi_dataset/data/GCF_030284675.1/GCF_030284675.1_ASM3028467v1_genomic.fna	12	4073008	1415	339417.3	2108731	2108731	43.23
GCF_031834575.1	/home/bacte/bacillus_amr/01_genomes/ncbi_dataset/ncbi_dataset/data/GCF_031834575.1/GCF_031834575.1_ASM3183457v1_genomic.fna	18	4182405	383	232355.8	946821	555961	43.24
GCF_044751405.1	/home/bacte/bacillus_amr/01_genomes/ncbi_dataset/ncbi_dataset/data/GCF_044751405.1/GCF_044751405.1_ASM4475140v1_genomic.fna	3	4043452	1342	1347817.3	4039118	4039118	43.36
GCF_050574115.1	/home/bacte/bacillus_amr/01_genomes/ncbi_dataset/ncbi_dataset/data/GCF_050574115.1/GCF_050574115.1_ASM5057411v1_genomic.fna	1	4155134	4155134	4155134.0	4155134	4155134	43.38
GCF_054054465.1	/home/bacte/bacillus_amr/01_genomes/ncbi_dataset/ncbi_dataset/data/GCF_054054465.1/GCF_054054465.1_ASM5405446v1_genomic.fna	29	4174279	1009	143940.7	1001635	821135	42.98
GCF_045278795.1	/home/bacte/bacillus_amr/01_genomes/ncbi_dataset/ncbi_dataset/data/GCF_045278795.1/GCF_045278795.1_ASM4527879v1_genomic.fna	1	4083597	4083597	4083597.0	4083597	4083597	43.36
GCF_000385965.2	/home/bacte/bacillus_amr/01_genomes/ncbi_dataset/ncbi_dataset/data/GCF_000385965.2/GCF_000385965.2_ASM38596v2_genomic.fna	1	4064321	4064321	4064321.0	4064321	4064321	43.41
GCF_040194375.1	/home/bacte/bacillus_amr/01_genomes/ncbi_dataset/ncbi_dataset/data/GCF_040194375.1/GCF_040194375.1_ASM4019437v1_genomic.fna	37	3821630	206	103287.3	1073109	995572	46.63
GCF_004124315.2	/home/bacte/bacillus_amr/01_genomes/ncbi_dataset/ncbi_dataset/data/GCF_004124315.2/GCF_004124315.2_ASM412431v2_genomic.fna	1	4125766	4125766	4125766.0	4125766	4125766	44.22
GCF_032461835.1	/home/bacte/bacillus_amr/01_genomes/ncbi_dataset/ncbi_dataset/data/GCF_032461835.1/GCF_032461835.1_ASM3246183v1_genomic.fna	35	4191332	225	119752.3	1469561	434032	44.12
GCF_018390475.2	/home/bacte/bacillus_amr/01_genomes/ncbi_dataset/ncbi_dataset/data/GCF_018390475.2/GCF_018390475.2_ASM1839047v2_genomic.fna	2	4297452	8566	2148726.0	4288886	4288886	44.01
GCF_057814095.1	/home/bacte/bacillus_amr/01_genomes/ncbi_dataset/ncbi_dataset/data/GCF_057814095.1/GCF_057814095.1_ASM5781409v1_genomic.fna	187	4674742	203	24998.6	419341	109066	41.66
GCF_001579695.1	/home/bacte/bacillus_amr/01_genomes/ncbi_dataset/ncbi_dataset/data/GCF_001579695.1/GCF_001579695.1_ASM157969v1_genomic.fna	126	5386583	511	42750.7	307306	91419	35.04
GCF_001678165.1	/home/bacte/bacillus_amr/01_genomes/ncbi_dataset/ncbi_dataset/data/GCF_001678165.1/GCF_001678165.1_ASM167816v1_genomic.fna	54	6404077	1513	118594.0	808055	285332	34.81
GCF_002214765.1	/home/bacte/bacillus_amr/01_genomes/ncbi_dataset/ncbi_dataset/data/GCF_002214765.1/GCF_002214765.1_ASM221476v1_genomic.fna	1	5358595	5358595	5358595.0	5358595	5358595	35.27
GCF_002551775.1	/home/bacte/bacillus_amr/01_genomes/ncbi_dataset/ncbi_dataset/data/GCF_002551775.1/GCF_002551775.1_ASM255177v1_genomic.fna	60	5792959	207	96549.3	938953	325901	34.75
GCF_002552045.1	/home/bacte/bacillus_amr/01_genomes/ncbi_dataset/ncbi_dataset/data/GCF_002552045.1/GCF_002552045.1_ASM255204v1_genomic.fna	155	5268183	200	33988.3	368126	97694	35.32
GCF_002552335.1	/home/bacte/bacillus_amr/01_genomes/ncbi_dataset/ncbi_dataset/data/GCF_002552335.1/GCF_002552335.1_ASM255233v1_genomic.fna	175	6002298	205	34298.8	453419	91850	34.76
GCF_002552995.1	/home/bacte/bacillus_amr/01_genomes/ncbi_dataset/ncbi_dataset/data/GCF_002552995.1/GCF_002552995.1_ASM255299v1_genomic.fna	264	5906770	200	22374.1	695984	324638	34.78
GCF_002553095.1	/home/bacte/bacillus_amr/01_genomes/ncbi_dataset/ncbi_dataset/data/GCF_002553095.1/GCF_002553095.1_ASM255309v1_genomic.fna	564	6256101	203	11092.4	818992	212352	34.86
GCF_002558375.1	/home/bacte/bacillus_amr/01_genomes/ncbi_dataset/ncbi_dataset/data/GCF_002558375.1/GCF_002558375.1_ASM255837v1_genomic.fna	109	5770616	210	52941.4	555095	167687	34.78
GCF_002559035.1	/home/bacte/bacillus_amr/01_genomes/ncbi_dataset/ncbi_dataset/data/GCF_002559035.1/GCF_002559035.1_ASM255903v1_genomic.fna	86	5828541	203	67773.7	773874	282661	34.76
GCF_002559215.1	/home/bacte/bacillus_amr/01_genomes/ncbi_dataset/ncbi_dataset/data/GCF_002559215.1/GCF_002559215.1_ASM255921v1_genomic.fna	131	5098664	206	38921.1	413923	136394	35.53
GCF_002559275.1	/home/bacte/bacillus_amr/01_genomes/ncbi_dataset/ncbi_dataset/data/GCF_002559275.1/GCF_002559275.1_ASM255927v1_genomic.fna	56	5743244	203	102557.9	851664	508013	34.92
GCF_002559355.1	/home/bacte/bacillus_amr/01_genomes/ncbi_dataset/ncbi_dataset/data/GCF_002559355.1/GCF_002559355.1_ASM255935v1_genomic.fna	77	6087535	216	79058.9	756693	331863	34.78
GCF_002559645.1	/home/bacte/bacillus_amr/01_genomes/ncbi_dataset/ncbi_dataset/data/GCF_002559645.1/GCF_002559645.1_ASM255964v1_genomic.fna	176	6097096	205	34642.6	335331	95015	34.73
GCF_002559945.1	/home/bacte/bacillus_amr/01_genomes/ncbi_dataset/ncbi_dataset/data/GCF_002559945.1/GCF_002559945.1_ASM255994v1_genomic.fna	233	6122598	200	26277.2	304659	79419	34.64
GCF_002560105.1	/home/bacte/bacillus_amr/01_genomes/ncbi_dataset/ncbi_dataset/data/GCF_002560105.1/GCF_002560105.1_ASM256010v1_genomic.fna	96	5998491	207	62484.3	1102971	203899	34.75
GCF_002560145.1	/home/bacte/bacillus_amr/01_genomes/ncbi_dataset/ncbi_dataset/data/GCF_002560145.1/GCF_002560145.1_ASM256014v1_genomic.fna	120	5978089	200	49817.4	496601	194129	35.02
GCF_002560475.1	/home/bacte/bacillus_amr/01_genomes/ncbi_dataset/ncbi_dataset/data/GCF_002560475.1/GCF_002560475.1_ASM256047v1_genomic.fna	159	5820591	202	36607.5	379403	99849	35.04
GCF_002561725.1	/home/bacte/bacillus_amr/01_genomes/ncbi_dataset/ncbi_dataset/data/GCF_002561725.1/GCF_002561725.1_ASM256172v1_genomic.fna	499	6038600	200	12101.4	192763	39419	34.85
GCF_002562345.1	/home/bacte/bacillus_amr/01_genomes/ncbi_dataset/ncbi_dataset/data/GCF_002562345.1/GCF_002562345.1_ASM256234v1_genomic.fna	114	6017920	207	52788.8	604048	210368	34.71
GCF_002563235.1	/home/bacte/bacillus_amr/01_genomes/ncbi_dataset/ncbi_dataset/data/GCF_002563235.1/GCF_002563235.1_ASM256323v1_genomic.fna	170	5833255	207	34313.3	354098	84605	34.78
GCF_002564695.1	/home/bacte/bacillus_amr/01_genomes/ncbi_dataset/ncbi_dataset/data/GCF_002564695.1/GCF_002564695.1_ASM256469v1_genomic.fna	147	6153896	201	41863.2	567352	167894	34.69
GCF_002564885.1	/home/bacte/bacillus_amr/01_genomes/ncbi_dataset/ncbi_dataset/data/GCF_002564885.1/GCF_002564885.1_ASM256488v1_genomic.fna	158	6060332	203	38356.5	391620	112087	34.70
GCF_002565025.1	/home/bacte/bacillus_amr/01_genomes/ncbi_dataset/ncbi_dataset/data/GCF_002565025.1/GCF_002565025.1_ASM256502v1_genomic.fna	146	5953061	200	40774.4	405331	143770	34.73
GCF_002565455.1	/home/bacte/bacillus_amr/01_genomes/ncbi_dataset/ncbi_dataset/data/GCF_002565455.1/GCF_002565455.1_ASM256545v1_genomic.fna	184	4679567	200	25432.4	174438	58152	35.93
GCF_002565505.1	/home/bacte/bacillus_amr/01_genomes/ncbi_dataset/ncbi_dataset/data/GCF_002565505.1/GCF_002565505.1_ASM256550v1_genomic.fna	83	5767281	205	69485.3	753579	209797	34.83
GCF_002565765.1	/home/bacte/bacillus_amr/01_genomes/ncbi_dataset/ncbi_dataset/data/GCF_002565765.1/GCF_002565765.1_ASM256576v1_genomic.fna	94	5955484	205	63356.2	1122815	242576	35.04
GCF_002566535.1	/home/bacte/bacillus_amr/01_genomes/ncbi_dataset/ncbi_dataset/data/GCF_002566535.1/GCF_002566535.1_ASM256653v1_genomic.fna	112	5759538	221	51424.4	476415	156643	35.05
GCF_002566605.1	/home/bacte/bacillus_amr/01_genomes/ncbi_dataset/ncbi_dataset/data/GCF_002566605.1/GCF_002566605.1_ASM256660v1_genomic.fna	111	5793240	207	52191.4	935260	169199	34.86
GCF_002566755.1	/home/bacte/bacillus_amr/01_genomes/ncbi_dataset/ncbi_dataset/data/GCF_002566755.1/GCF_002566755.1_ASM256675v1_genomic.fna	173	5852839	201	33831.4	343980	117734	34.82
GCF_002566845.1	/home/bacte/bacillus_amr/01_genomes/ncbi_dataset/ncbi_dataset/data/GCF_002566845.1/GCF_002566845.1_ASM256684v1_genomic.fna	103	4789675	213	46501.7	255802	105380	35.98
GCF_002567065.1	/home/bacte/bacillus_amr/01_genomes/ncbi_dataset/ncbi_dataset/data/GCF_002567065.1/GCF_002567065.1_ASM256706v1_genomic.fna	382	6043045	200	15819.5	220608	48308	34.84
GCF_002567375.1	/home/bacte/bacillus_amr/01_genomes/ncbi_dataset/ncbi_dataset/data/GCF_002567375.1/GCF_002567375.1_ASM256737v1_genomic.fna	226	5876175	203	26000.8	508951	84297	34.75
GCF_002567675.1	/home/bacte/bacillus_amr/01_genomes/ncbi_dataset/ncbi_dataset/data/GCF_002567675.1/GCF_002567675.1_ASM256767v1_genomic.fna	72	5980966	200	83069.0	1036030	596347	34.66
GCF_002567745.1	/home/bacte/bacillus_amr/01_genomes/ncbi_dataset/ncbi_dataset/data/GCF_002567745.1/GCF_002567745.1_ASM256774v1_genomic.fna	99	5779753	212	58381.3	624763	149478	35.06
GCF_002567785.1	/home/bacte/bacillus_amr/01_genomes/ncbi_dataset/ncbi_dataset/data/GCF_002567785.1/GCF_002567785.1_ASM256778v1_genomic.fna	167	4790353	206	28684.7	161982	60439	35.99
GCF_002568265.1	/home/bacte/bacillus_amr/01_genomes/ncbi_dataset/ncbi_dataset/data/GCF_002568265.1/GCF_002568265.1_ASM256826v1_genomic.fna	86	5689097	207	66152.3	1086712	250479	34.83
GCF_002568425.1	/home/bacte/bacillus_amr/01_genomes/ncbi_dataset/ncbi_dataset/data/GCF_002568425.1/GCF_002568425.1_ASM256842v1_genomic.fna	125	5804066	205	46432.5	433089	141834	34.98
GCF_002570485.1	/home/bacte/bacillus_amr/01_genomes/ncbi_dataset/ncbi_dataset/data/GCF_002570485.1/GCF_002570485.1_ASM257048v1_genomic.fna	198	5681951	203	28696.7	433970	147463	35.22
GCF_002571195.1	/home/bacte/bacillus_amr/01_genomes/ncbi_dataset/ncbi_dataset/data/GCF_002571195.1/GCF_002571195.1_ASM257119v1_genomic.fna	155	6060772	204	39101.8	625149	134575	34.95
GCF_002575215.1	/home/bacte/bacillus_amr/01_genomes/ncbi_dataset/ncbi_dataset/data/GCF_002575215.1/GCF_002575215.1_ASM257521v1_genomic.fna	477	6057757	200	12699.7	240677	38876	34.73
GCF_002575515.1	/home/bacte/bacillus_amr/01_genomes/ncbi_dataset/ncbi_dataset/data/GCF_002575515.1/GCF_002575515.1_ASM257551v1_genomic.fna	109	5843742	202	53612.3	995258	224161	34.77
GCF_002576275.1	/home/bacte/bacillus_amr/01_genomes/ncbi_dataset/ncbi_dataset/data/GCF_002576275.1/GCF_002576275.1_ASM257627v1_genomic.fna	535	5993491	201	11202.8	352070	125582	34.70
GCF_002576395.1	/home/bacte/bacillus_amr/01_genomes/ncbi_dataset/ncbi_dataset/data/GCF_002576395.1/GCF_002576395.1_ASM257639v1_genomic.fna	374	5764293	203	15412.5	316081	75724	34.99
GCF_002576725.1	/home/bacte/bacillus_amr/01_genomes/ncbi_dataset/ncbi_dataset/data/GCF_002576725.1/GCF_002576725.1_ASM257672v1_genomic.fna	57	6767387	209	118726.1	1063800	385351	34.34
GCF_002577285.1	/home/bacte/bacillus_amr/01_genomes/ncbi_dataset/ncbi_dataset/data/GCF_002577285.1/GCF_002577285.1_ASM257728v1_genomic.fna	94	6084381	207	64727.5	1092093	303923	34.78
GCF_002577365.1	/home/bacte/bacillus_amr/01_genomes/ncbi_dataset/ncbi_dataset/data/GCF_002577365.1/GCF_002577365.1_ASM257736v1_genomic.fna	235	5664261	203	24103.2	334065	66652	35.15
GCF_002577745.1	/home/bacte/bacillus_amr/01_genomes/ncbi_dataset/ncbi_dataset/data/GCF_002577745.1/GCF_002577745.1_ASM257774v1_genomic.fna	114	5486552	203	48127.6	715020	151745	35.22
GCF_002583515.1	/home/bacte/bacillus_amr/01_genomes/ncbi_dataset/ncbi_dataset/data/GCF_002583515.1/GCF_002583515.1_ASM258351v1_genomic.fna	103	4781546	200	46422.8	287146	123689	36.02
GCF_002583535.1	/home/bacte/bacillus_amr/01_genomes/ncbi_dataset/ncbi_dataset/data/GCF_002583535.1/GCF_002583535.1_ASM258353v1_genomic.fna	118	6184419	200	52410.3	583626	199839	34.73
GCF_002584075.1	/home/bacte/bacillus_amr/01_genomes/ncbi_dataset/ncbi_dataset/data/GCF_002584075.1/GCF_002584075.1_ASM258407v1_genomic.fna	95	5860623	205	61690.8	433358	254538	35.00
GCF_002584345.1	/home/bacte/bacillus_amr/01_genomes/ncbi_dataset/ncbi_dataset/data/GCF_002584345.1/GCF_002584345.1_ASM258434v1_genomic.fna	75	5604577	202	74727.7	714845	517083	34.90
GCF_002586285.1	/home/bacte/bacillus_amr/01_genomes/ncbi_dataset/ncbi_dataset/data/GCF_002586285.1/GCF_002586285.1_ASM258628v1_genomic.fna	111	5974106	201	53820.8	767185	198849	34.65
GCF_004022305.1	/home/bacte/bacillus_amr/01_genomes/ncbi_dataset/ncbi_dataset/data/GCF_004022305.1/GCF_004022305.1_ASM402230v1_genomic.fna	3	5744144	14806	1914714.7	5230609	5230609	35.02
GCF_006151815.1	/home/bacte/bacillus_amr/01_genomes/ncbi_dataset/ncbi_dataset/data/GCF_006151815.1/GCF_006151815.1_ASM615181v1_genomic.fna	52	5768955	577	110941.4	860900	307045	34.94
GCF_006349585.1	/home/bacte/bacillus_amr/01_genomes/ncbi_dataset/ncbi_dataset/data/GCF_006349585.1/GCF_006349585.1_ASM634958v1_genomic.fna	102	5319678	500	52153.7	689114	246002	35.15
GCF_006349695.2	/home/bacte/bacillus_amr/01_genomes/ncbi_dataset/ncbi_dataset/data/GCF_006349695.2/GCF_006349695.2_ASM634969v2_genomic.fna	363	6195299	202	17066.9	222763	83582	34.70
GCF_006349715.2	/home/bacte/bacillus_amr/01_genomes/ncbi_dataset/ncbi_dataset/data/GCF_006349715.2/GCF_006349715.2_ASM634971v2_genomic.fna	3	5885310	93775	1961770.0	5310791	5310791	35.01
GCF_006349735.2	/home/bacte/bacillus_amr/01_genomes/ncbi_dataset/ncbi_dataset/data/GCF_006349735.2/GCF_006349735.2_ASM634973v2_genomic.fna	3	5751928	12241	1917309.3	5268018	5268018	35.10
GCF_006349775.1	/home/bacte/bacillus_amr/01_genomes/ncbi_dataset/ncbi_dataset/data/GCF_006349775.1/GCF_006349775.1_ASM634977v1_genomic.fna	42	5604011	551	133428.8	1161955	489606	34.91
GCF_011751555.1	/home/bacte/bacillus_amr/01_genomes/ncbi_dataset/ncbi_dataset/data/GCF_011751555.1/GCF_011751555.1_ASM1175155v1_genomic.fna	76	5946596	308	78244.7	1097192	289615	34.94
GCF_013284455.2	/home/bacte/bacillus_amr/01_genomes/ncbi_dataset/ncbi_dataset/data/GCF_013284455.2/GCF_013284455.2_ASM1328445v2_genomic.fna	4	5739795	11143	1434948.8	5183312	5183312	35.12
GCF_015845455.1	/home/bacte/bacillus_amr/01_genomes/ncbi_dataset/ncbi_dataset/data/GCF_015845455.1/GCF_015845455.1_ASM1584545v1_genomic.fna	44	5941878	549	135042.7	1129195	357710	34.96
GCF_017356065.1	/home/bacte/bacillus_amr/01_genomes/ncbi_dataset/ncbi_dataset/data/GCF_017356065.1/GCF_017356065.1_ASM1735606v1_genomic.fna	198	5945881	515	30029.7	203937	65078	34.79
GCF_018221535.1	/home/bacte/bacillus_amr/01_genomes/ncbi_dataset/ncbi_dataset/data/GCF_018221535.1/GCF_018221535.1_ASM1822153v1_genomic.fna	21	5331257	956	253869.4	1167662	725529	35.01
GCF_024494765.1	/home/bacte/bacillus_amr/01_genomes/ncbi_dataset/ncbi_dataset/data/GCF_024494765.1/GCF_024494765.1_ASM2449476v1_genomic.fna	495	6379386	201	12887.6	196254	49485	34.72
GCF_024494775.1	/home/bacte/bacillus_amr/01_genomes/ncbi_dataset/ncbi_dataset/data/GCF_024494775.1/GCF_024494775.1_ASM2449477v1_genomic.fna	465	6235661	203	13410.0	296836	83465	35.32
GCF_024494785.1	/home/bacte/bacillus_amr/01_genomes/ncbi_dataset/ncbi_dataset/data/GCF_024494785.1/GCF_024494785.1_ASM2449478v1_genomic.fna	542	6395910	201	11800.6	223274	51338	34.74
GCF_024494825.1	/home/bacte/bacillus_amr/01_genomes/ncbi_dataset/ncbi_dataset/data/GCF_024494825.1/GCF_024494825.1_ASM2449482v1_genomic.fna	165	5259025	203	31872.9	700716	233077	35.20
GCF_024494845.1	/home/bacte/bacillus_amr/01_genomes/ncbi_dataset/ncbi_dataset/data/GCF_024494845.1/GCF_024494845.1_ASM2449484v1_genomic.fna	464	6235249	203	13438.0	284506	83284	35.32
GCF_024494865.1	/home/bacte/bacillus_amr/01_genomes/ncbi_dataset/ncbi_dataset/data/GCF_024494865.1/GCF_024494865.1_ASM2449486v1_genomic.fna	167	5572188	202	33366.4	946538	178576	35.29
GCF_024494885.1	/home/bacte/bacillus_amr/01_genomes/ncbi_dataset/ncbi_dataset/data/GCF_024494885.1/GCF_024494885.1_ASM2449488v1_genomic.fna	508	6227890	201	12259.6	284506	57948	35.32
GCF_024494905.1	/home/bacte/bacillus_amr/01_genomes/ncbi_dataset/ncbi_dataset/data/GCF_024494905.1/GCF_024494905.1_ASM2449490v1_genomic.fna	998	6190262	202	6202.7	103967	23266	35.38
GCF_024494915.1	/home/bacte/bacillus_amr/01_genomes/ncbi_dataset/ncbi_dataset/data/GCF_024494915.1/GCF_024494915.1_ASM2449491v1_genomic.fna	650	6356975	202	9780.0	229972	54808	35.35
GCF_024494965.1	/home/bacte/bacillus_amr/01_genomes/ncbi_dataset/ncbi_dataset/data/GCF_024494965.1/GCF_024494965.1_ASM2449496v1_genomic.fna	477	6331229	201	13273.0	267360	49769	34.73
GCF_024494985.1	/home/bacte/bacillus_amr/01_genomes/ncbi_dataset/ncbi_dataset/data/GCF_024494985.1/GCF_024494985.1_ASM2449498v1_genomic.fna	570	6350547	201	11141.3	229675	35491	34.74
GCF_024494995.1	/home/bacte/bacillus_amr/01_genomes/ncbi_dataset/ncbi_dataset/data/GCF_024494995.1/GCF_024494995.1_ASM2449499v1_genomic.fna	232	6318798	204	27236.2	436786	100843	34.74
GCF_024495005.1	/home/bacte/bacillus_amr/01_genomes/ncbi_dataset/ncbi_dataset/data/GCF_024495005.1/GCF_024495005.1_ASM2449500v1_genomic.fna	492	6381521	201	12970.6	197714	49463	34.73
GCF_024495135.1	/home/bacte/bacillus_amr/01_genomes/ncbi_dataset/ncbi_dataset/data/GCF_024495135.1/GCF_024495135.1_ASM2449513v1_genomic.fna	302	5685785	201	18827.1	391579	126214	35.29
GCF_024495215.1	/home/bacte/bacillus_amr/01_genomes/ncbi_dataset/ncbi_dataset/data/GCF_024495215.1/GCF_024495215.1_ASM2449521v1_genomic.fna	733	6258409	201	8538.1	203142	29306	35.31
GCF_024495245.1	/home/bacte/bacillus_amr/01_genomes/ncbi_dataset/ncbi_dataset/data/GCF_024495245.1/GCF_024495245.1_ASM2449524v1_genomic.fna	544	6448250	201	11853.4	223274	52202	34.73
GCF_024495265.1	/home/bacte/bacillus_amr/01_genomes/ncbi_dataset/ncbi_dataset/data/GCF_024495265.1/GCF_024495265.1_ASM2449526v1_genomic.fna	1120	6337801	200	5658.8	109512	16735	34.81
GCF_024495395.1	/home/bacte/bacillus_amr/01_genomes/ncbi_dataset/ncbi_dataset/data/GCF_024495395.1/GCF_024495395.1_ASM2449539v1_genomic.fna	1059	6284959	202	5934.8	100243	17660	34.80
GCF_024498115.1	/home/bacte/bacillus_amr/01_genomes/ncbi_dataset/ncbi_dataset/data/GCF_024498115.1/GCF_024498115.1_ASM2449811v1_genomic.fna	1025	6334101	202	6179.6	123148	20325	34.80
GCF_025000225.1	/home/bacte/bacillus_amr/01_genomes/ncbi_dataset/ncbi_dataset/data/GCF_025000225.1/GCF_025000225.1_ASM2500022v1_genomic.fna	63	5828069	300	92509.0	704244	260755	34.88
GCF_029289385.1	/home/bacte/bacillus_amr/01_genomes/ncbi_dataset/ncbi_dataset/data/GCF_029289385.1/GCF_029289385.1_ASM2928938v1_genomic.fna	36	5842177	1227	162282.7	1021543	573946	34.86
GCF_030348245.1	/home/bacte/bacillus_amr/01_genomes/ncbi_dataset/ncbi_dataset/data/GCF_030348245.1/GCF_030348245.1_ASM3034824v1_genomic.fna	7	5281980	6607	754568.6	4512118	4512118	35.59
GCF_030412285.1	/home/bacte/bacillus_amr/01_genomes/ncbi_dataset/ncbi_dataset/data/GCF_030412285.1/GCF_030412285.1_ASM3041228v1_genomic.fna	22	5569359	2286	253152.7	1100025	668640	34.95
GCF_031216075.1	/home/bacte/bacillus_amr/01_genomes/ncbi_dataset/ncbi_dataset/data/GCF_031216075.1/GCF_031216075.1_ASM3121607v1_genomic.fna	6	5765658	7380	960943.0	5250910	5250910	35.15
GCF_033452345.1	/home/bacte/bacillus_amr/01_genomes/ncbi_dataset/ncbi_dataset/data/GCF_033452345.1/GCF_033452345.1_ASM3345234v1_genomic.fna	5	5839438	6868	1167887.6	5267048	5267048	34.99
GCF_035064965.1	/home/bacte/bacillus_amr/01_genomes/ncbi_dataset/ncbi_dataset/data/GCF_035064965.1/GCF_035064965.1_ASM3506496v1_genomic.fna	547	5851021	278	10696.6	765684	302765	35.04
GCF_035065085.1	/home/bacte/bacillus_amr/01_genomes/ncbi_dataset/ncbi_dataset/data/GCF_035065085.1/GCF_035065085.1_ASM3506508v1_genomic.fna	90	5404062	380	60045.1	877427	570163	35.26
GCF_036408805.1	/home/bacte/bacillus_amr/01_genomes/ncbi_dataset/ncbi_dataset/data/GCF_036408805.1/GCF_036408805.1_ASM3640880v1_genomic.fna	10	5971997	636	597199.7	3132845	3132845	34.87
GCF_036408815.1	/home/bacte/bacillus_amr/01_genomes/ncbi_dataset/ncbi_dataset/data/GCF_036408815.1/GCF_036408815.1_ASM3640881v1_genomic.fna	26	5703810	445	219377.3	2919379	2919379	35.05
GCF_036408835.1	/home/bacte/bacillus_amr/01_genomes/ncbi_dataset/ncbi_dataset/data/GCF_036408835.1/GCF_036408835.1_ASM3640883v1_genomic.fna	21	5704039	367	271620.9	3782769	3782769	35.12
GCF_036621155.1	/home/bacte/bacillus_amr/01_genomes/ncbi_dataset/ncbi_dataset/data/GCF_036621155.1/GCF_036621155.1_ASM3662115v1_genomic.fna	55	5232160	210	95130.2	1652684	609215	35.07
GCF_036621195.1	/home/bacte/bacillus_amr/01_genomes/ncbi_dataset/ncbi_dataset/data/GCF_036621195.1/GCF_036621195.1_ASM3662119v1_genomic.fna	130	5275460	210	40580.5	1653395	609215	35.28
GCF_036621235.1	/home/bacte/bacillus_amr/01_genomes/ncbi_dataset/ncbi_dataset/data/GCF_036621235.1/GCF_036621235.1_ASM3662123v1_genomic.fna	64	5640143	204	88127.2	735230	377536	35.03
GCF_036621395.1	/home/bacte/bacillus_amr/01_genomes/ncbi_dataset/ncbi_dataset/data/GCF_036621395.1/GCF_036621395.1_N._retusa_B11.1_genomic.fna	49	5232427	210	106784.2	1656215	1143912	35.07
GCF_037104495.1	/home/bacte/bacillus_amr/01_genomes/ncbi_dataset/ncbi_dataset/data/GCF_037104495.1/GCF_037104495.1_ASM3710449v1_genomic.fna	3	5778208	71238	1926069.3	5405065	5405065	35.11
GCF_040151315.1	/home/bacte/bacillus_amr/01_genomes/ncbi_dataset/ncbi_dataset/data/GCF_040151315.1/GCF_040151315.1_ASM4015131v1_genomic.fna	23	5371595	562	233547.6	1744221	1041860	35.04
GCF_040742715.1	/home/bacte/bacillus_amr/01_genomes/ncbi_dataset/ncbi_dataset/data/GCF_040742715.1/GCF_040742715.1_ASM4074271v1_genomic.fna	806	5683730	200	7051.8	253458	50870	35.28
GCF_040937925.1	/home/bacte/bacillus_amr/01_genomes/ncbi_dataset/ncbi_dataset/data/GCF_040937925.1/GCF_040937925.1_ASM4093792v1_genomic.fna	4	5806667	69647	1451666.8	5331157	5331157	35.08
GCF_041366395.1	/home/bacte/bacillus_amr/01_genomes/ncbi_dataset/ncbi_dataset/data/GCF_041366395.1/GCF_041366395.1_ASM4136639v1_genomic.fna	29	5710512	554	196914.2	1814688	688244	34.93
GCF_044783125.1	/home/bacte/bacillus_amr/01_genomes/ncbi_dataset/ncbi_dataset/data/GCF_044783125.1/GCF_044783125.1_ASM4478312v1_genomic.fna	35	5343750	1133	152678.6	977449	324403	35.03
GCF_048053955.1	/home/bacte/bacillus_amr/01_genomes/ncbi_dataset/ncbi_dataset/data/GCF_048053955.1/GCF_048053955.1_ASM4805395v1_genomic.fna	34	5488921	869	161438.9	587051	337229	34.94
GCF_050510835.1	/home/bacte/bacillus_amr/01_genomes/ncbi_dataset/ncbi_dataset/data/GCF_050510835.1/GCF_050510835.1_ASM5051083v1_genomic.fna	42	4883650	546	116277.4	887884	400575	35.37
GCF_050510875.1	/home/bacte/bacillus_amr/01_genomes/ncbi_dataset/ncbi_dataset/data/GCF_050510875.1/GCF_050510875.1_ASM5051087v1_genomic.fna	55	5631616	527	102393.0	1128493	274732	34.80
GCF_052601275.1	/home/bacte/bacillus_amr/01_genomes/ncbi_dataset/ncbi_dataset/data/GCF_052601275.1/GCF_052601275.1_ASM5260127v1_genomic.fna	3	5774463	146511	1924821.0	5374240	5374240	28.83
GCF_053291905.1	/home/bacte/bacillus_amr/01_genomes/ncbi_dataset/ncbi_dataset/data/GCF_053291905.1/GCF_053291905.1_ASM5329190v1_genomic.fna	2	5786006	486585	2893003.0	5299421	5299421	35.08
GCF_053894975.1	/home/bacte/bacillus_amr/01_genomes/ncbi_dataset/ncbi_dataset/data/GCF_053894975.1/GCF_053894975.1_ASM5389497v1_genomic.fna	215	5336834	1624	24822.5	190700	43922	34.98
GCF_054182725.1	/home/bacte/bacillus_amr/01_genomes/ncbi_dataset/ncbi_dataset/data/GCF_054182725.1/GCF_054182725.1_ASM5418272v1_genomic.fna	64	5403645	573	84432.0	529962	185621	35.13
GCF_054850195.1	/home/bacte/bacillus_amr/01_genomes/ncbi_dataset/ncbi_dataset/data/GCF_054850195.1/GCF_054850195.1_G5_genomic.fna	1	5389775	5389775	5389775.0	5389775	5389775	35.34
GCF_055793445.1	/home/bacte/bacillus_amr/01_genomes/ncbi_dataset/ncbi_dataset/data/GCF_055793445.1/GCF_055793445.1_ASM5579344v1_genomic.fna	6	5905554	14475	984259.0	5331939	5331939	35.16
GCF_056428825.1	/home/bacte/bacillus_amr/01_genomes/ncbi_dataset/ncbi_dataset/data/GCF_056428825.1/GCF_056428825.1_ASM5642882v1_genomic.fna	49	5683164	538	115982.9	665259	320191	35.00
GCF_056428865.1	/home/bacte/bacillus_amr/01_genomes/ncbi_dataset/ncbi_dataset/data/GCF_056428865.1/GCF_056428865.1_ASM5642886v1_genomic.fna	52	5683245	538	109293.2	665274	319613	35.00
GCF_056431345.1	/home/bacte/bacillus_amr/01_genomes/ncbi_dataset/ncbi_dataset/data/GCF_056431345.1/GCF_056431345.1_ASM5643134v1_genomic.fna	36	5703351	546	158426.4	1374988	738863	35.03
GCF_056521245.1	/home/bacte/bacillus_amr/01_genomes/ncbi_dataset/ncbi_dataset/data/GCF_056521245.1/GCF_056521245.1_ASM5652124v1_genomic.fna	5	5778106	3166	1155621.2	5369045	5369045	35.21
GCF_056674915.1	/home/bacte/bacillus_amr/01_genomes/ncbi_dataset/ncbi_dataset/data/GCF_056674915.1/GCF_056674915.1_ASM5667491v1_genomic.fna	878	5733760	209	6530.5	781267	490487	35.44
GCF_057334035.1	/home/bacte/bacillus_amr/01_genomes/ncbi_dataset/ncbi_dataset/data/GCF_057334035.1/GCF_057334035.1_ASM5733403v1_genomic.fna	46	5826049	602	126653.2	679179	506008	34.86
GCF_058067225.1	/home/bacte/bacillus_amr/01_genomes/ncbi_dataset/ncbi_dataset/data/GCF_058067225.1/GCF_058067225.1_ASM5806722v1_genomic.fna	2	5523600	195272	2761800.0	5328328	5328328	35.29
GCF_059078195.1	/home/bacte/bacillus_amr/01_genomes/ncbi_dataset/ncbi_dataset/data/GCF_059078195.1/GCF_059078195.1_ASM5907819v1_genomic.fna	114	5349814	201	46928.2	496518	147004	35.17
GCF_059740395.1	/home/bacte/bacillus_amr/01_genomes/ncbi_dataset/ncbi_dataset/data/GCF_059740395.1/GCF_059740395.1_ASM5974039v1_genomic.fna	3	5679281	14222	1893093.7	5158085	5158085	35.04
GCF_059814295.1	/home/bacte/bacillus_amr/01_genomes/ncbi_dataset/ncbi_dataset/data/GCF_059814295.1/GCF_059814295.1_ASM5981429v1_genomic.fna	124	5669434	502	45721.2	448238	180061	35.13
GCF_059814395.1	/home/bacte/bacillus_amr/01_genomes/ncbi_dataset/ncbi_dataset/data/GCF_059814395.1/GCF_059814395.1_ASM5981439v1_genomic.fna	50	5550626	515	111012.5	612207	355804	34.90
GCF_059975615.1	/home/bacte/bacillus_amr/01_genomes/ncbi_dataset/ncbi_dataset/data/GCF_059975615.1/GCF_059975615.1_ASM5997561v1_genomic.fna	53	5250643	521	99068.7	798143	600800	35.15
GCF_060992135.1	/home/bacte/bacillus_amr/01_genomes/ncbi_dataset/ncbi_dataset/data/GCF_060992135.1/GCF_060992135.1_ASM6099213v1_genomic.fna	56	5976608	506	106725.1	1078612	584361	34.87
GCF_061143345.1	/home/bacte/bacillus_amr/01_genomes/ncbi_dataset/ncbi_dataset/data/GCF_061143345.1/GCF_061143345.1_ASM6114334v1_genomic.fna	55	5026553	1230	91391.9	961614	271007	35.24
GCF_061541925.1	/home/bacte/bacillus_amr/01_genomes/ncbi_dataset/ncbi_dataset/data/GCF_061541925.1/GCF_061541925.1_ASM61541925v1_genomic.fna	70	4888573	1035	69836.8	452959	161940	35.08
GCF_061541955.1	/home/bacte/bacillus_amr/01_genomes/ncbi_dataset/ncbi_dataset/data/GCF_061541955.1/GCF_061541955.1_ASM61541955v1_genomic.fna	50	5025525	1230	100510.5	995142	207733	35.24
GCF_002224345.1	/home/bacte/bacillus_amr/01_genomes/ncbi_dataset/ncbi_dataset/data/GCF_002224345.1/GCF_002224345.1_ASM222434v1_genomic.fna	4	6047547	9105	1511886.8	5312355	5312355	34.99
GCF_006494425.1	/home/bacte/bacillus_amr/01_genomes/ncbi_dataset/ncbi_dataset/data/GCF_006494425.1/GCF_006494425.1_ASM649442v1_genomic.fna	42	5566342	261	132532.0	1785042	1474247	35.23
GCF_036289505.1	/home/bacte/bacillus_amr/01_genomes/ncbi_dataset/ncbi_dataset/data/GCF_036289505.1/GCF_036289505.1_ASM3628950v1_genomic.fna	119	4465826	328	37527.9	210869	91059	46.15
GCF_979925865.1	/home/bacte/bacillus_amr/01_genomes/ncbi_dataset/ncbi_dataset/data/GCF_979925865.1/GCF_979925865.1_SRL544_genomic.fna	1	4658033	4658033	4658033.0	4658033	4658033	42.41
GCF_013179555.1	/home/bacte/bacillus_amr/01_genomes/ncbi_dataset/ncbi_dataset/data/GCF_013179555.1/GCF_013179555.1_ASM1317955v1_genomic.fna	636	4678913	508	7356.8	57358	13382	42.36
GCF_004006435.1	/home/bacte/bacillus_amr/01_genomes/ncbi_dataset/ncbi_dataset/data/GCF_004006435.1/GCF_004006435.1_ASM400643v1_genomic.fna	1	4154245	4154245	4154245.0	4154245	4154245	43.81
GCF_002914545.1	/home/bacte/bacillus_amr/01_genomes/ncbi_dataset/ncbi_dataset/data/GCF_002914545.1/GCF_002914545.1_ASM291454v1_genomic.fna	61	4074281	206	66791.5	489411	231172	43.77
GCF_002993735.1	/home/bacte/bacillus_amr/01_genomes/ncbi_dataset/ncbi_dataset/data/GCF_002993735.1/GCF_002993735.1_ASM299373v1_genomic.fna	139	4132653	208	29731.3	576791	318503	43.73
GCF_002993745.1	/home/bacte/bacillus_amr/01_genomes/ncbi_dataset/ncbi_dataset/data/GCF_002993745.1/GCF_002993745.1_ASM299374v1_genomic.fna	52	4094877	225	78747.6	792993	445353	43.70
GCF_002993765.1	/home/bacte/bacillus_amr/01_genomes/ncbi_dataset/ncbi_dataset/data/GCF_002993765.1/GCF_002993765.1_ASM299376v1_genomic.fna	175	4152643	254	23729.4	540858	332339	43.73
GCF_013347105.1	/home/bacte/bacillus_amr/01_genomes/ncbi_dataset/ncbi_dataset/data/GCF_013347105.1/GCF_013347105.1_ASM1334710v1_genomic.fna	1	4248134	4248134	4248134.0	4248134	4248134	43.57
GCF_016767255.1	/home/bacte/bacillus_amr/01_genomes/ncbi_dataset/ncbi_dataset/data/GCF_016767255.1/GCF_016767255.1_ASM1676725v1_genomic.fna	9	4206058	20565	467339.8	1253246	1062574	43.54
GCF_016767285.1	/home/bacte/bacillus_amr/01_genomes/ncbi_dataset/ncbi_dataset/data/GCF_016767285.1/GCF_016767285.1_ASM1676728v1_genomic.fna	10	4054787	7538	405478.7	1127642	637969	43.81
GCF_016767295.1	/home/bacte/bacillus_amr/01_genomes/ncbi_dataset/ncbi_dataset/data/GCF_016767295.1/GCF_016767295.1_ASM1676729v1_genomic.fna	11	4212585	55502	382962.3	1106307	425140	43.51
GCF_016767335.1	/home/bacte/bacillus_amr/01_genomes/ncbi_dataset/ncbi_dataset/data/GCF_016767335.1/GCF_016767335.1_ASM1676733v1_genomic.fna	12	4283396	55502	356949.7	1105254	425277	43.44
GCF_018729275.1	/home/bacte/bacillus_amr/01_genomes/ncbi_dataset/ncbi_dataset/data/GCF_018729275.1/GCF_018729275.1_ASM1872927v1_genomic.fna	3	4141192	582195	1380397.3	2036593	1522404	43.88
GCF_019149305.1	/home/bacte/bacillus_amr/01_genomes/ncbi_dataset/ncbi_dataset/data/GCF_019149305.1/GCF_019149305.1_ASM1914930v1_genomic.fna	63	4141101	204	65731.8	1061563	603924	43.72
GCF_020682985.1	/home/bacte/bacillus_amr/01_genomes/ncbi_dataset/ncbi_dataset/data/GCF_020682985.1/GCF_020682985.1_ASM2068298v1_genomic.fna	29	4058484	404	139947.7	1061248	525368	43.81
GCF_020685165.1	/home/bacte/bacillus_amr/01_genomes/ncbi_dataset/ncbi_dataset/data/GCF_020685165.1/GCF_020685165.1_ASM2068516v1_genomic.fna	54	4143685	249	76734.9	787391	504381	43.69
GCF_024266645.1	/home/bacte/bacillus_amr/01_genomes/ncbi_dataset/ncbi_dataset/data/GCF_024266645.1/GCF_024266645.1_ASM2426664v1_genomic.fna	1	4280526	4280526	4280526.0	4280526	4280526	43.51
GCF_024706235.1	/home/bacte/bacillus_amr/01_genomes/ncbi_dataset/ncbi_dataset/data/GCF_024706235.1/GCF_024706235.1_ASM2470623v1_genomic.fna	64	4048647	518	63260.1	390247	180125	43.76
GCF_026967595.1	/home/bacte/bacillus_amr/01_genomes/ncbi_dataset/ncbi_dataset/data/GCF_026967595.1/GCF_026967595.1_ASM2696759v1_genomic.fna	2	4404030	203589	2202015.0	4200441	4200441	43.36
GCF_030123205.1	/home/bacte/bacillus_amr/01_genomes/ncbi_dataset/ncbi_dataset/data/GCF_030123205.1/GCF_030123205.1_ASM3012320v1_genomic.fna	1	4252134	4252134	4252134.0	4252134	4252134	43.56
GCF_030292055.1	/home/bacte/bacillus_amr/01_genomes/ncbi_dataset/ncbi_dataset/data/GCF_030292055.1/GCF_030292055.1_ASM3029205v1_genomic.fna	2	4223135	72056	2111567.5	4151079	4151079	43.60
GCF_031001775.1	/home/bacte/bacillus_amr/01_genomes/ncbi_dataset/ncbi_dataset/data/GCF_031001775.1/GCF_031001775.1_ASM3100177v1_genomic.fna	25	4020151	208	160806.0	2091350	2091350	43.86
GCF_032763365.1	/home/bacte/bacillus_amr/01_genomes/ncbi_dataset/ncbi_dataset/data/GCF_032763365.1/GCF_032763365.1_ASM3276336v1_genomic.fna	1	4155130	4155130	4155130.0	4155130	4155130	43.77
GCF_040256795.1	/home/bacte/bacillus_amr/01_genomes/ncbi_dataset/ncbi_dataset/data/GCF_040256795.1/GCF_040256795.1_ASM4025679v1_genomic.fna	1	4214739	4214739	4214739.0	4214739	4214739	42.54
GCF_041222785.1	/home/bacte/bacillus_amr/01_genomes/ncbi_dataset/ncbi_dataset/data/GCF_041222785.1/GCF_041222785.1_ASM4122278v1_genomic.fna	1	4220890	4220890	4220890.0	4220890	4220890	43.51
GCF_044628115.1	/home/bacte/bacillus_amr/01_genomes/ncbi_dataset/ncbi_dataset/data/GCF_044628115.1/GCF_044628115.1_ASM4462811v1_genomic.fna	6	4113353	679	685558.8	4099614	4099614	43.67
GCF_044901705.1	/home/bacte/bacillus_amr/01_genomes/ncbi_dataset/ncbi_dataset/data/GCF_044901705.1/GCF_044901705.1_ASM4490170v1_genomic.fna	41	3771800	1756	91995.1	305503	130181	43.56
GCF_052585365.1	/home/bacte/bacillus_amr/01_genomes/ncbi_dataset/ncbi_dataset/data/GCF_052585365.1/GCF_052585365.1_ASM5258536v1_genomic.fna	5	4175679	4876	835135.8	1755084	1752347	43.85
GCF_052585385.1	/home/bacte/bacillus_amr/01_genomes/ncbi_dataset/ncbi_dataset/data/GCF_052585385.1/GCF_052585385.1_ASM5258538v1_genomic.fna	6	4252782	7608	708797.0	2059443	1451214	43.81
GCF_052693045.1	/home/bacte/bacillus_amr/01_genomes/ncbi_dataset/ncbi_dataset/data/GCF_052693045.1/GCF_052693045.1_ASM5269304v1_genomic.fna	47	4151379	310	88327.2	525638	262906	43.74
GCF_053570985.1	/home/bacte/bacillus_amr/01_genomes/ncbi_dataset/ncbi_dataset/data/GCF_053570985.1/GCF_053570985.1_ASM5357098v1_genomic.fna	32	4118414	520	128700.4	655511	322557	43.71
GCF_056519215.1	/home/bacte/bacillus_amr/01_genomes/ncbi_dataset/ncbi_dataset/data/GCF_056519215.1/GCF_056519215.1_ASM5651921v1_genomic.fna	1	4072052	4072052	4072052.0	4072052	4072052	43.90
GCF_057334235.1	/home/bacte/bacillus_amr/01_genomes/ncbi_dataset/ncbi_dataset/data/GCF_057334235.1/GCF_057334235.1_ASM5733423v1_genomic.fna	51	4017260	345	78769.8	366034	196697	43.77
GCF_057334495.1	/home/bacte/bacillus_amr/01_genomes/ncbi_dataset/ncbi_dataset/data/GCF_057334495.1/GCF_057334495.1_ASM5733449v1_genomic.fna	21	4039768	2567	192369.9	958150	448424	43.77
GCF_057334575.1	/home/bacte/bacillus_amr/01_genomes/ncbi_dataset/ncbi_dataset/data/GCF_057334575.1/GCF_057334575.1_ASM5733457v1_genomic.fna	29	4023388	702	138737.5	542910	370876	43.77
GCF_058091895.1	/home/bacte/bacillus_amr/01_genomes/ncbi_dataset/ncbi_dataset/data/GCF_058091895.1/GCF_058091895.1_ASM5809189v1_genomic.fna	29	4012661	501	138367.6	812620	436142	43.85
GCF_058932585.1	/home/bacte/bacillus_amr/01_genomes/ncbi_dataset/ncbi_dataset/data/GCF_058932585.1/GCF_058932585.1_ASM5893258v1_genomic.fna	6	4150462	1363	691743.7	4139025	4139025	43.62
GCF_059547565.1	/home/bacte/bacillus_amr/01_genomes/ncbi_dataset/ncbi_dataset/data/GCF_059547565.1/GCF_059547565.1_ASM5954756v1_genomic.fna	1	4072191	4072191	4072191.0	4072191	4072191	43.90
GCF_059818285.1	/home/bacte/bacillus_amr/01_genomes/ncbi_dataset/ncbi_dataset/data/GCF_059818285.1/GCF_059818285.1_ASM5981828v1_genomic.fna	43	4101869	301	95392.3	726807	328224	43.52
GCF_059958825.1	/home/bacte/bacillus_amr/01_genomes/ncbi_dataset/ncbi_dataset/data/GCF_059958825.1/GCF_059958825.1_ASM5995882v1_genomic.fna	1	4058008	4058008	4058008.0	4058008	4058008	43.79
GCF_019598985.1	/home/bacte/bacillus_amr/01_genomes/ncbi_dataset/ncbi_dataset/data/GCF_019598985.1/GCF_019598985.1_ASM1959898v1_genomic.fna	1	4136264	4136264	4136264.0	4136264	4136264	44.06
GCF_047302545.1	/home/bacte/bacillus_amr/01_genomes/ncbi_dataset/ncbi_dataset/data/GCF_047302545.1/GCF_047302545.1_SY67.1.0_genomic.fna	1	4245627	4245627	4245627.0	4245627	4245627	43.96
GCF_051487605.1	/home/bacte/bacillus_amr/01_genomes/ncbi_dataset/ncbi_dataset/data/GCF_051487605.1/GCF_051487605.1_ASM5148760v1_genomic.fna	31	4355302	1005	140493.6	990057	413661	43.47
GCF_979912685.1	/home/bacte/bacillus_amr/01_genomes/ncbi_dataset/ncbi_dataset/data/GCF_979912685.1/GCF_979912685.1_SRL369_genomic.fna	1	5063601	5063601	5063601.0	5063601	5063601	45.99
GCF_001876545.1	/home/bacte/bacillus_amr/01_genomes/ncbi_dataset/ncbi_dataset/data/GCF_001876545.1/GCF_001876545.1_ASM187654v1_genomic.fna	228	4445448	519	19497.6	197960	60032	45.60
GCF_001876555.1	/home/bacte/bacillus_amr/01_genomes/ncbi_dataset/ncbi_dataset/data/GCF_001876555.1/GCF_001876555.1_ASM187655v1_genomic.fna	143	4448760	515	31110.2	322436	88085	45.63
GCF_001876575.1	/home/bacte/bacillus_amr/01_genomes/ncbi_dataset/ncbi_dataset/data/GCF_001876575.1/GCF_001876575.1_ASM187657v1_genomic.fna	279	4432724	504	15887.9	262471	54920	45.60
GCF_001876655.1	/home/bacte/bacillus_amr/01_genomes/ncbi_dataset/ncbi_dataset/data/GCF_001876655.1/GCF_001876655.1_ASM187665v1_genomic.fna	209	4441195	511	21249.7	288290	76140	45.62
GCF_020686785.1	/home/bacte/bacillus_amr/01_genomes/ncbi_dataset/ncbi_dataset/data/GCF_020686785.1/GCF_020686785.1_ASM2068678v1_genomic.fna	44	4176915	209	94929.9	664416	392587	46.19
GCF_020686805.1	/home/bacte/bacillus_amr/01_genomes/ncbi_dataset/ncbi_dataset/data/GCF_020686805.1/GCF_020686805.1_ASM2068680v1_genomic.fna	43	4173111	231	97049.1	664416	392589	46.20
GCF_020686825.1	/home/bacte/bacillus_amr/01_genomes/ncbi_dataset/ncbi_dataset/data/GCF_020686825.1/GCF_020686825.1_ASM2068682v1_genomic.fna	34	4171409	222	122688.5	664416	392589	46.20
GCF_020686845.1	/home/bacte/bacillus_amr/01_genomes/ncbi_dataset/ncbi_dataset/data/GCF_020686845.1/GCF_020686845.1_ASM2068684v1_genomic.fna	46	4178715	233	90841.6	664416	392589	46.18
GCF_029958265.1	/home/bacte/bacillus_amr/01_genomes/ncbi_dataset/ncbi_dataset/data/GCF_029958265.1/GCF_029958265.1_ASM2995826v1_genomic.fna	17	4113603	1171	241976.6	1294376	1039846	46.19
GCF_030284405.1	/home/bacte/bacillus_amr/01_genomes/ncbi_dataset/ncbi_dataset/data/GCF_030284405.1/GCF_030284405.1_ASM3028440v1_genomic.fna	1	4238379	4238379	4238379.0	4238379	4238379	46.21
GCF_046619435.1	/home/bacte/bacillus_amr/01_genomes/ncbi_dataset/ncbi_dataset/data/GCF_046619435.1/GCF_046619435.1_ASM4661943v1_genomic.fna	1	4332882	4332882	4332882.0	4332882	4332882	45.85
GCF_046619505.1	/home/bacte/bacillus_amr/01_genomes/ncbi_dataset/ncbi_dataset/data/GCF_046619505.1/GCF_046619505.1_ASM4661950v1_genomic.fna	1	4332882	4332882	4332882.0	4332882	4332882	45.85
GCF_049801175.1	/home/bacte/bacillus_amr/01_genomes/ncbi_dataset/ncbi_dataset/data/GCF_049801175.1/GCF_049801175.1_ASM4980117v1_genomic.fna	28	4363473	237	155838.3	1849917	878209	45.82
GCF_049990405.1	/home/bacte/bacillus_amr/01_genomes/ncbi_dataset/ncbi_dataset/data/GCF_049990405.1/GCF_049990405.1_ASM4999040v1_genomic.fna	1	4294578	4294578	4294578.0	4294578	4294578	46.22
GCF_051810305.1	/home/bacte/bacillus_amr/01_genomes/ncbi_dataset/ncbi_dataset/data/GCF_051810305.1/GCF_051810305.1_ASM5181030v1_genomic.fna	25	4163385	1048	166535.4	665390	425636	46.08
GCF_054182705.1	/home/bacte/bacillus_amr/01_genomes/ncbi_dataset/ncbi_dataset/data/GCF_054182705.1/GCF_054182705.1_ASM5418270v1_genomic.fna	3	4180775	461	1393591.7	4179775	4179775	46.13
GCF_060484235.1	/home/bacte/bacillus_amr/01_genomes/ncbi_dataset/ncbi_dataset/data/GCF_060484235.1/GCF_060484235.1_ASM6048423v1_genomic.fna	1	4302815	4302815	4302815.0	4302815	4302815	46.00
GCF_061208445.1	/home/bacte/bacillus_amr/01_genomes/ncbi_dataset/ncbi_dataset/data/GCF_061208445.1/GCF_061208445.1_ASM6120844v1_genomic.fna	25	4230796	255	169231.8	1823396	1045727	46.05
GCF_903970875.1	/home/bacte/bacillus_amr/01_genomes/ncbi_dataset/ncbi_dataset/data/GCF_903970875.1/GCF_903970875.1_ASM90397087v1_genomic.fna	80	4252220	126	53152.8	669387	238213	46.06
GCF_949767885.1	/home/bacte/bacillus_amr/01_genomes/ncbi_dataset/ncbi_dataset/data/GCF_949767885.1/GCF_949767885.1_IT-74MI3_genomic.fna	18	4238935	203	235496.4	2308045	2308045	45.92
GCF_050445615.1	/home/bacte/bacillus_amr/01_genomes/ncbi_dataset/ncbi_dataset/data/GCF_050445615.1/GCF_050445615.1_ASM5044561v1_genomic.fna	27	4299957	208	159257.7	1779861	946917	41.07
GCF_057334155.1	/home/bacte/bacillus_amr/01_genomes/ncbi_dataset/ncbi_dataset/data/GCF_057334155.1/GCF_057334155.1_ASM5733415v1_genomic.fna	75	6039515	1636	80526.9	830614	187857	35.39
GCF_060019415.1	/home/bacte/bacillus_amr/01_genomes/ncbi_dataset/ncbi_dataset/data/GCF_060019415.1/GCF_060019415.1_ASM6001941v1_genomic.fna	33	4129727	255	125143.2	865465	584112	43.41
GCF_000931375.1	/home/bacte/bacillus_amr/01_genomes/ncbi_dataset/ncbi_dataset/data/GCF_000931375.1/GCF_000931375.1_ASM93137v1_genomic.fna	106	5785403	514	54579.3	884434	149872	35.18
GCF_001757785.1	/home/bacte/bacillus_amr/01_genomes/ncbi_dataset/ncbi_dataset/data/GCF_001757785.1/GCF_001757785.1_ASM175778v1_genomic.fna	113	5613531	500	49677.3	831649	185548	35.25
GCF_001757825.1	/home/bacte/bacillus_amr/01_genomes/ncbi_dataset/ncbi_dataset/data/GCF_001757825.1/GCF_001757825.1_ASM175782v1_genomic.fna	79	5581833	531	70656.1	1013504	314995	35.23
GCF_001757835.1	/home/bacte/bacillus_amr/01_genomes/ncbi_dataset/ncbi_dataset/data/GCF_001757835.1/GCF_001757835.1_ASM175783v1_genomic.fna	156	5851729	529	37511.1	397483	202284	35.16
GCF_001757845.1	/home/bacte/bacillus_amr/01_genomes/ncbi_dataset/ncbi_dataset/data/GCF_001757845.1/GCF_001757845.1_ASM175784v1_genomic.fna	144	5846892	516	40603.4	430304	147421	35.15
GCF_001757875.1	/home/bacte/bacillus_amr/01_genomes/ncbi_dataset/ncbi_dataset/data/GCF_001757875.1/GCF_001757875.1_ASM175787v1_genomic.fna	128	5674772	506	44334.2	751570	263228	35.25
GCF_001757905.1	/home/bacte/bacillus_amr/01_genomes/ncbi_dataset/ncbi_dataset/data/GCF_001757905.1/GCF_001757905.1_ASM175790v1_genomic.fna	105	5625374	533	53575.0	787595	215904	35.21
GCF_001757915.1	/home/bacte/bacillus_amr/01_genomes/ncbi_dataset/ncbi_dataset/data/GCF_001757915.1/GCF_001757915.1_ASM175791v1_genomic.fna	117	5644579	502	48244.3	1068979	206599	35.20
GCF_001757935.1	/home/bacte/bacillus_amr/01_genomes/ncbi_dataset/ncbi_dataset/data/GCF_001757935.1/GCF_001757935.1_ASM175793v1_genomic.fna	137	5597134	500	40855.0	534566	151313	35.24
GCF_001757965.1	/home/bacte/bacillus_amr/01_genomes/ncbi_dataset/ncbi_dataset/data/GCF_001757965.1/GCF_001757965.1_ASM175796v1_genomic.fna	118	5631989	523	47728.7	1050767	209669	35.22
GCF_001757985.1	/home/bacte/bacillus_amr/01_genomes/ncbi_dataset/ncbi_dataset/data/GCF_001757985.1/GCF_001757985.1_ASM175798v1_genomic.fna	126	5675247	502	45041.6	433621	185520	35.24
GCF_001757995.1	/home/bacte/bacillus_amr/01_genomes/ncbi_dataset/ncbi_dataset/data/GCF_001757995.1/GCF_001757995.1_ASM175799v1_genomic.fna	143	5823728	525	40725.4	475284	162273	35.15
GCF_001758015.1	/home/bacte/bacillus_amr/01_genomes/ncbi_dataset/ncbi_dataset/data/GCF_001758015.1/GCF_001758015.1_ASM175801v1_genomic.fna	146	5642420	516	38646.7	786275	157988	35.22
GCF_001855755.1	/home/bacte/bacillus_amr/01_genomes/ncbi_dataset/ncbi_dataset/data/GCF_001855755.1/GCF_001855755.1_ASM185575v1_genomic.fna	150	5589181	507	37261.2	625978	118151	35.25
GCF_024297165.1	/home/bacte/bacillus_amr/01_genomes/ncbi_dataset/ncbi_dataset/data/GCF_024297165.1/GCF_024297165.1_ASM2429716v1_genomic.fna	14	4919367	26930	351383.4	1339548	1275388	35.21
GCF_024498035.1	/home/bacte/bacillus_amr/01_genomes/ncbi_dataset/ncbi_dataset/data/GCF_024498035.1/GCF_024498035.1_ASM2449803v1_genomic.fna	217	5801149	203	26733.4	624791	172489	35.14
GCF_024498055.1	/home/bacte/bacillus_amr/01_genomes/ncbi_dataset/ncbi_dataset/data/GCF_024498055.1/GCF_024498055.1_ASM2449805v1_genomic.fna	364	5938098	201	16313.5	596264	90474	35.29
GCF_024498095.1	/home/bacte/bacillus_amr/01_genomes/ncbi_dataset/ncbi_dataset/data/GCF_024498095.1/GCF_024498095.1_ASM2449809v1_genomic.fna	203	5677125	202	27966.1	624618	142538	35.26
GCF_050209365.1	/home/bacte/bacillus_amr/01_genomes/ncbi_dataset/ncbi_dataset/data/GCF_050209365.1/GCF_050209365.1_ASM5020936v1_genomic.fna	6	5968817	7964	994802.8	5298370	5298370	35.32
GCF_050210445.1	/home/bacte/bacillus_amr/01_genomes/ncbi_dataset/ncbi_dataset/data/GCF_050210445.1/GCF_050210445.1_ASM5021044v1_genomic.fna	3	5911531	53996	1970510.3	5253156	5253156	35.32
GCF_037027125.1	/home/bacte/bacillus_amr/01_genomes/ncbi_dataset/ncbi_dataset/data/GCF_037027125.1/GCF_037027125.1_ASM3702712v1_genomic.fna	139	5862887	1123	42179.0	323921	90163	35.18
GCF_040492435.1	/home/bacte/bacillus_amr/01_genomes/ncbi_dataset/ncbi_dataset/data/GCF_040492435.1/GCF_040492435.1_ASM4049243v1_genomic.fna	161	5608460	995	34835.2	167503	74592	35.25
GCF_047444815.1	/home/bacte/bacillus_amr/01_genomes/ncbi_dataset/ncbi_dataset/data/GCF_047444815.1/GCF_047444815.1_LABIM_L53_Bac_nitr_genomic.fna	36	5671654	330	157545.9	5190595	5190595	35.13
GCF_060371845.1	/home/bacte/bacillus_amr/01_genomes/ncbi_dataset/ncbi_dataset/data/GCF_060371845.1/GCF_060371845.1_ASM6037184v1_genomic.fna	6	6196278	9922	1032713.0	5243989	5243989	35.30
GCF_045348155.1	/home/bacte/bacillus_amr/01_genomes/ncbi_dataset/ncbi_dataset/data/GCF_045348155.1/GCF_045348155.1_ASM4534815v1_genomic.fna	1	5284054	5284054	5284054.0	5284054	5284054	35.50
GCF_048053935.1	/home/bacte/bacillus_amr/01_genomes/ncbi_dataset/ncbi_dataset/data/GCF_048053935.1/GCF_048053935.1_ASM4805393v1_genomic.fna	65	5333093	504	82047.6	529216	182747	35.35
GCF_002068155.1	/home/bacte/bacillus_amr/01_genomes/ncbi_dataset/ncbi_dataset/data/GCF_002068155.1/GCF_002068155.1_ASM206815v1_genomic.fna	1	4352468	4352468	4352468.0	4352468	4352468	45.94
GCF_002849425.1	/home/bacte/bacillus_amr/01_genomes/ncbi_dataset/ncbi_dataset/data/GCF_002849425.1/GCF_002849425.1_ASM284942v1_genomic.fna	58	4566040	300	78724.8	2270471	1056939	45.50
GCF_003171815.2	/home/bacte/bacillus_amr/01_genomes/ncbi_dataset/ncbi_dataset/data/GCF_003171815.2/GCF_003171815.2_ASM317181v2_genomic.fna	1	4317835	4317835	4317835.0	4317835	4317835	45.94
GCF_019738955.1	/home/bacte/bacillus_amr/01_genomes/ncbi_dataset/ncbi_dataset/data/GCF_019738955.1/GCF_019738955.1_ASM1973895v1_genomic.fna	30	4316254	358	143875.1	957063	442858	45.85
GCF_022952805.1	/home/bacte/bacillus_amr/01_genomes/ncbi_dataset/ncbi_dataset/data/GCF_022952805.1/GCF_022952805.1_ASM2295280v1_genomic.fna	27	4351328	420	161160.3	1069923	399602	45.87
GCF_022953115.1	/home/bacte/bacillus_amr/01_genomes/ncbi_dataset/ncbi_dataset/data/GCF_022953115.1/GCF_022953115.1_ASM2295311v1_genomic.fna	24	4452800	517	185533.3	1116286	756180	45.55
GCF_024464535.1	/home/bacte/bacillus_amr/01_genomes/ncbi_dataset/ncbi_dataset/data/GCF_024464535.1/GCF_024464535.1_ASM2446453v1_genomic.fna	34	4245453	225	124866.3	967078	503829	45.92
GCF_025833795.1	/home/bacte/bacillus_amr/01_genomes/ncbi_dataset/ncbi_dataset/data/GCF_025833795.1/GCF_025833795.1_ASM2583379v1_genomic.fna	78	4550690	208	58342.2	705518	456496	45.85
GCF_026066475.1	/home/bacte/bacillus_amr/01_genomes/ncbi_dataset/ncbi_dataset/data/GCF_026066475.1/GCF_026066475.1_ASM2606647v1_genomic.fna	21	4318292	365	205633.0	1190310	1064468	45.86
GCF_026672655.1	/home/bacte/bacillus_amr/01_genomes/ncbi_dataset/ncbi_dataset/data/GCF_026672655.1/GCF_026672655.1_ASM2667265v1_genomic.fna	25	4495932	512	179837.3	1251137	572916	45.64
GCF_040965915.1	/home/bacte/bacillus_amr/01_genomes/ncbi_dataset/ncbi_dataset/data/GCF_040965915.1/GCF_040965915.1_ASM4096591v1_genomic.fna	15	4468621	4590	297908.1	1134406	758476	45.56
GCF_044498105.1	/home/bacte/bacillus_amr/01_genomes/ncbi_dataset/ncbi_dataset/data/GCF_044498105.1/GCF_044498105.1_ASM4449810v1_genomic.fna	1	4376831	4376831	4376831.0	4376831	4376831	44.47
GCF_050445545.1	/home/bacte/bacillus_amr/01_genomes/ncbi_dataset/ncbi_dataset/data/GCF_050445545.1/GCF_050445545.1_ASM5044554v1_genomic.fna	103	4320646	210	41948.0	2277079	2277079	45.85
GCF_050462765.1	/home/bacte/bacillus_amr/01_genomes/ncbi_dataset/ncbi_dataset/data/GCF_050462765.1/GCF_050462765.1_ASM5046276v1_genomic.fna	50	4526523	581	90530.5	570341	279410	45.60
GCF_052692055.1	/home/bacte/bacillus_amr/01_genomes/ncbi_dataset/ncbi_dataset/data/GCF_052692055.1/GCF_052692055.1_ASM5269205v1_genomic.fna	39	4276246	582	109647.3	412324	194027	45.90
GCF_059818275.1	/home/bacte/bacillus_amr/01_genomes/ncbi_dataset/ncbi_dataset/data/GCF_059818275.1/GCF_059818275.1_ASM5981827v1_genomic.fna	28	4317412	333	154193.3	959037	571955	45.80
GCF_060228485.1	/home/bacte/bacillus_amr/01_genomes/ncbi_dataset/ncbi_dataset/data/GCF_060228485.1/GCF_060228485.1_ASM6022848v1_genomic.fna	57	4298489	202	75412.1	863499	476094	45.92
GCF_979930925.1	/home/bacte/bacillus_amr/01_genomes/ncbi_dataset/ncbi_dataset/data/GCF_979930925.1/GCF_979930925.1_SRL656_genomic.fna	1	4297526	4297526	4297526.0	4297526	4297526	45.95
GCF_979932065.1	/home/bacte/bacillus_amr/01_genomes/ncbi_dataset/ncbi_dataset/data/GCF_979932065.1/GCF_979932065.1_SRL658_genomic.fna	1	4297526	4297526	4297526.0	4297526	4297526	45.95
GCF_037027085.1	/home/bacte/bacillus_amr/01_genomes/ncbi_dataset/ncbi_dataset/data/GCF_037027085.1/GCF_037027085.1_ASM3702708v1_genomic.fna	2	5364179	26501	2682089.5	5337678	5337678	35.52
GCF_037907705.1	/home/bacte/bacillus_amr/01_genomes/ncbi_dataset/ncbi_dataset/data/GCF_037907705.1/GCF_037907705.1_ASM3790770v1_genomic.fna	37	5245928	1072	141781.8	1135265	736640	35.36
GCF_026221135.1	/home/bacte/bacillus_amr/01_genomes/ncbi_dataset/ncbi_dataset/data/GCF_026221135.1/GCF_026221135.1_ASM2622113v1_genomic.fna	28	5493110	1280	196182.5	1521286	397909	35.23
GCF_052828465.1	/home/bacte/bacillus_amr/01_genomes/ncbi_dataset/ncbi_dataset/data/GCF_052828465.1/GCF_052828465.1_ASM5282846v1_genomic.fna	28	5619544	1024	200698.0	4794387	4794387	35.10
GCF_005848985.1	/home/bacte/bacillus_amr/01_genomes/ncbi_dataset/ncbi_dataset/data/GCF_005848985.1/GCF_005848985.1_ASM584898v1_genomic.fna	1	5319903	5319903	5319903.0	5319903	5319903	35.49
GCF_013133865.1	/home/bacte/bacillus_amr/01_genomes/ncbi_dataset/ncbi_dataset/data/GCF_013133865.1/GCF_013133865.1_ASM1313386v1_genomic.fna	47	5396335	626	114815.6	714748	377198	35.33
GCF_024497995.1	/home/bacte/bacillus_amr/01_genomes/ncbi_dataset/ncbi_dataset/data/GCF_024497995.1/GCF_024497995.1_ASM2449799v1_genomic.fna	156	5476267	200	35104.3	615715	182028	35.25
GCF_024702005.1	/home/bacte/bacillus_amr/01_genomes/ncbi_dataset/ncbi_dataset/data/GCF_024702005.1/GCF_024702005.1_ASM2470200v1_genomic.fna	32	5425773	2056	169555.4	1625238	767544	35.24
GCF_024741115.1	/home/bacte/bacillus_amr/01_genomes/ncbi_dataset/ncbi_dataset/data/GCF_024741115.1/GCF_024741115.1_ASM2474111v1_genomic.fna	370	5261973	2023	14221.5	160403	23320	35.23
GCF_036964805.1	/home/bacte/bacillus_amr/01_genomes/ncbi_dataset/ncbi_dataset/data/GCF_036964805.1/GCF_036964805.1_ASM3696480v1_genomic.fna	43	5406686	266	125736.9	1404531	802924	35.35
GCF_048054055.1	/home/bacte/bacillus_amr/01_genomes/ncbi_dataset/ncbi_dataset/data/GCF_048054055.1/GCF_048054055.1_ASM4805405v1_genomic.fna	82	5417036	203	66061.4	495151	232097	35.22
GCF_053852075.1	/home/bacte/bacillus_amr/01_genomes/ncbi_dataset/ncbi_dataset/data/GCF_053852075.1/GCF_053852075.1_ASM5385207v1_genomic.fna	3	5394496	49202	1798165.3	5272322	5272322	35.51
GCF_059760185.1	/home/bacte/bacillus_amr/01_genomes/ncbi_dataset/ncbi_dataset/data/GCF_059760185.1/GCF_059760185.1_ASM5976018v1_genomic.fna	1	5131989	5131989	5131989.0	5131989	5131989	35.55
GCF_036408975.1	/home/bacte/bacillus_amr/01_genomes/ncbi_dataset/ncbi_dataset/data/GCF_036408975.1/GCF_036408975.1_ASM3640897v1_genomic.fna	18	5660637	437	314479.8	4998172	4998172	35.24
GCF_002550685.1	/home/bacte/bacillus_amr/01_genomes/ncbi_dataset/ncbi_dataset/data/GCF_002550685.1/GCF_002550685.1_ASM255068v1_genomic.fna	264	5524615	209	20926.6	594334	61929	35.38
GCF_002553115.1	/home/bacte/bacillus_amr/01_genomes/ncbi_dataset/ncbi_dataset/data/GCF_002553115.1/GCF_002553115.1_ASM255311v1_genomic.fna	225	5655638	205	25136.2	500491	115265	35.41
GCF_002555545.1	/home/bacte/bacillus_amr/01_genomes/ncbi_dataset/ncbi_dataset/data/GCF_002555545.1/GCF_002555545.1_ASM255554v1_genomic.fna	324	5675319	208	17516.4	206709	59007	35.44
GCF_002555615.1	/home/bacte/bacillus_amr/01_genomes/ncbi_dataset/ncbi_dataset/data/GCF_002555615.1/GCF_002555615.1_ASM255561v1_genomic.fna	299	5684401	205	19011.4	330124	68949	35.24
GCF_002555685.1	/home/bacte/bacillus_amr/01_genomes/ncbi_dataset/ncbi_dataset/data/GCF_002555685.1/GCF_002555685.1_ASM255568v1_genomic.fna	171	5805784	201	33952.0	665126	147159	35.26
GCF_002555785.1	/home/bacte/bacillus_amr/01_genomes/ncbi_dataset/ncbi_dataset/data/GCF_002555785.1/GCF_002555785.1_ASM255578v1_genomic.fna	238	5595470	202	23510.4	308442	91003	35.36
GCF_002556205.1	/home/bacte/bacillus_amr/01_genomes/ncbi_dataset/ncbi_dataset/data/GCF_002556205.1/GCF_002556205.1_ASM255620v1_genomic.fna	327	5587466	201	17087.1	179913	45709	35.35
GCF_002556235.1	/home/bacte/bacillus_amr/01_genomes/ncbi_dataset/ncbi_dataset/data/GCF_002556235.1/GCF_002556235.1_ASM255623v1_genomic.fna	199	5634527	210	28314.2	924633	112372	35.37
GCF_002556385.1	/home/bacte/bacillus_amr/01_genomes/ncbi_dataset/ncbi_dataset/data/GCF_002556385.1/GCF_002556385.1_ASM255638v1_genomic.fna	238	5732941	203	24088.0	820127	148299	35.37
GCF_002557385.1	/home/bacte/bacillus_amr/01_genomes/ncbi_dataset/ncbi_dataset/data/GCF_002557385.1/GCF_002557385.1_ASM255738v1_genomic.fna	200	5619311	201	28096.6	453392	122144	35.39
GCF_002557465.1	/home/bacte/bacillus_amr/01_genomes/ncbi_dataset/ncbi_dataset/data/GCF_002557465.1/GCF_002557465.1_ASM255746v1_genomic.fna	206	5603220	203	27200.1	622727	121789	35.41
GCF_002568765.1	/home/bacte/bacillus_amr/01_genomes/ncbi_dataset/ncbi_dataset/data/GCF_002568765.1/GCF_002568765.1_ASM256876v1_genomic.fna	200	5627638	201	28138.2	959248	122188	35.42
GCF_002569565.1	/home/bacte/bacillus_amr/01_genomes/ncbi_dataset/ncbi_dataset/data/GCF_002569565.1/GCF_002569565.1_ASM256956v1_genomic.fna	205	5577644	209	27208.0	499884	157281	35.38
GCF_002569875.1	/home/bacte/bacillus_amr/01_genomes/ncbi_dataset/ncbi_dataset/data/GCF_002569875.1/GCF_002569875.1_ASM256987v1_genomic.fna	516	5550496	200	10756.8	331380	76760	35.32
GCF_002569985.1	/home/bacte/bacillus_amr/01_genomes/ncbi_dataset/ncbi_dataset/data/GCF_002569985.1/GCF_002569985.1_ASM256998v1_genomic.fna	240	5488723	201	22869.7	424106	81662	35.41
GCF_002571845.1	/home/bacte/bacillus_amr/01_genomes/ncbi_dataset/ncbi_dataset/data/GCF_002571845.1/GCF_002571845.1_ASM257184v1_genomic.fna	192	5593122	200	29130.8	801059	137807	35.40
GCF_002579385.1	/home/bacte/bacillus_amr/01_genomes/ncbi_dataset/ncbi_dataset/data/GCF_002579385.1/GCF_002579385.1_ASM257938v1_genomic.fna	568	5698202	200	10032.0	218490	70950	35.37
GCF_002581285.1	/home/bacte/bacillus_amr/01_genomes/ncbi_dataset/ncbi_dataset/data/GCF_002581285.1/GCF_002581285.1_ASM258128v1_genomic.fna	209	5649678	203	27032.0	472908	116266	35.37
GCF_002582165.1	/home/bacte/bacillus_amr/01_genomes/ncbi_dataset/ncbi_dataset/data/GCF_002582165.1/GCF_002582165.1_ASM258216v1_genomic.fna	773	5825791	200	7536.6	403803	61121	35.33
GCF_002582485.1	/home/bacte/bacillus_amr/01_genomes/ncbi_dataset/ncbi_dataset/data/GCF_002582485.1/GCF_002582485.1_ASM258248v1_genomic.fna	385	5888184	204	15294.0	223057	46347	35.30
GCF_002583735.1	/home/bacte/bacillus_amr/01_genomes/ncbi_dataset/ncbi_dataset/data/GCF_002583735.1/GCF_002583735.1_ASM258373v1_genomic.fna	170	5537602	205	32574.1	659651	160115	35.38
GCF_002588885.1	/home/bacte/bacillus_amr/01_genomes/ncbi_dataset/ncbi_dataset/data/GCF_002588885.1/GCF_002588885.1_ASM258888v1_genomic.fna	399	5540686	200	13886.4	347924	42953	35.39
GCF_002589505.1	/home/bacte/bacillus_amr/01_genomes/ncbi_dataset/ncbi_dataset/data/GCF_002589505.1/GCF_002589505.1_ASM258950v1_genomic.fna	331	5439389	205	16433.2	171869	53423	35.38
GCF_036962245.1	/home/bacte/bacillus_amr/01_genomes/ncbi_dataset/ncbi_dataset/data/GCF_036962245.1/GCF_036962245.1_ASM3696224v1_genomic.fna	254	5757670	987	22668.0	323030	50371	35.25
GCF_036963145.1	/home/bacte/bacillus_amr/01_genomes/ncbi_dataset/ncbi_dataset/data/GCF_036963145.1/GCF_036963145.1_ASM3696314v1_genomic.fna	185	5659008	1041	30589.2	521391	87084	35.39
GCF_036963565.1	/home/bacte/bacillus_amr/01_genomes/ncbi_dataset/ncbi_dataset/data/GCF_036963565.1/GCF_036963565.1_ASM3696356v1_genomic.fna	810	4742802	984	5855.3	111521	10750	35.53
GCF_040492325.1	/home/bacte/bacillus_amr/01_genomes/ncbi_dataset/ncbi_dataset/data/GCF_040492325.1/GCF_040492325.1_ASM4049232v1_genomic.fna	625	4972234	915	7955.6	125708	16268	35.73
GCF_040829845.1	/home/bacte/bacillus_amr/01_genomes/ncbi_dataset/ncbi_dataset/data/GCF_040829845.1/GCF_040829845.1_ASM4082984v1_genomic.fna	102	5622098	504	55118.6	1098534	334888	35.43
GCF_050210255.1	/home/bacte/bacillus_amr/01_genomes/ncbi_dataset/ncbi_dataset/data/GCF_050210255.1/GCF_050210255.1_ASM5021025v1_genomic.fna	8	5544785	10362	693098.1	5150794	5150794	35.62
GCF_060371875.1	/home/bacte/bacillus_amr/01_genomes/ncbi_dataset/ncbi_dataset/data/GCF_060371875.1/GCF_060371875.1_ASM6037187v1_genomic.fna	18	5394313	1139	299684.1	4321921	4321921	35.63
GCF_060371995.1	/home/bacte/bacillus_amr/01_genomes/ncbi_dataset/ncbi_dataset/data/GCF_060371995.1/GCF_060371995.1_ASM6037199v1_genomic.fna	8	5785665	8933	723208.1	5330185	5330185	35.55
GCF_060372075.1	/home/bacte/bacillus_amr/01_genomes/ncbi_dataset/ncbi_dataset/data/GCF_060372075.1/GCF_060372075.1_ASM6037207v1_genomic.fna	8	5838230	9589	729778.8	5392503	5392503	35.58
GCF_060372085.1	/home/bacte/bacillus_amr/01_genomes/ncbi_dataset/ncbi_dataset/data/GCF_060372085.1/GCF_060372085.1_ASM6037208v1_genomic.fna	6	5430823	10366	905137.2	5125169	5125169	35.61
GCF_060372155.1	/home/bacte/bacillus_amr/01_genomes/ncbi_dataset/ncbi_dataset/data/GCF_060372155.1/GCF_060372155.1_ASM6037215v1_genomic.fna	6	5421070	10365	903511.7	5125121	5125121	35.63
GCF_060372195.1	/home/bacte/bacillus_amr/01_genomes/ncbi_dataset/ncbi_dataset/data/GCF_060372195.1/GCF_060372195.1_ASM6037219v1_genomic.fna	8	5794119	8183	724264.9	5325430	5325430	35.57
GCF_060372215.1	/home/bacte/bacillus_amr/01_genomes/ncbi_dataset/ncbi_dataset/data/GCF_060372215.1/GCF_060372215.1_ASM6037221v1_genomic.fna	5	5345747	10366	1069149.4	5125153	5125153	35.65
GCF_060372285.1	/home/bacte/bacillus_amr/01_genomes/ncbi_dataset/ncbi_dataset/data/GCF_060372285.1/GCF_060372285.1_ASM6037228v1_genomic.fna	8	5795839	8183	724479.9	5327151	5327151	35.57
GCF_001578205.1	/home/bacte/bacillus_amr/01_genomes/ncbi_dataset/ncbi_dataset/data/GCF_001578205.1/GCF_001578205.1_ASM157820v1_genomic.fna	2	3878815	91229	1939407.5	3787586	3787586	41.43
GCF_002998365.1	/home/bacte/bacillus_amr/01_genomes/ncbi_dataset/ncbi_dataset/data/GCF_002998365.1/GCF_002998365.1_ASM299836v1_genomic.fna	22	3697756	963	168079.8	629001	355283	41.60
GCF_003034105.1	/home/bacte/bacillus_amr/01_genomes/ncbi_dataset/ncbi_dataset/data/GCF_003034105.1/GCF_003034105.1_ASM303410v1_genomic.fna	29	3684250	504	127043.1	1779774	1029461	41.91
GCF_003985025.1	/home/bacte/bacillus_amr/01_genomes/ncbi_dataset/ncbi_dataset/data/GCF_003985025.1/GCF_003985025.1_ASM398502v1_genomic.fna	61	3672922	307	60211.8	411592	151079	41.54
GCF_018101255.1	/home/bacte/bacillus_amr/01_genomes/ncbi_dataset/ncbi_dataset/data/GCF_018101255.1/GCF_018101255.1_ASM1810125v1_genomic.fna	33	3801654	500	115201.6	517236	343779	41.39
GCF_020179025.1	/home/bacte/bacillus_amr/01_genomes/ncbi_dataset/ncbi_dataset/data/GCF_020179025.1/GCF_020179025.1_ASM2017902v1_genomic.fna	33	3645212	538	110461.0	518257	247559	41.25
GCF_020908045.1	/home/bacte/bacillus_amr/01_genomes/ncbi_dataset/ncbi_dataset/data/GCF_020908045.1/GCF_020908045.1_ASM2090804v1_genomic.fna	39	3667574	267	94040.4	984535	292184	41.61
GCF_022758335.1	/home/bacte/bacillus_amr/01_genomes/ncbi_dataset/ncbi_dataset/data/GCF_022758335.1/GCF_022758335.1_ASM2275833v1_genomic.fna	17	3640519	1597	214148.2	1799065	951831	41.60
GCF_029623775.1	/home/bacte/bacillus_amr/01_genomes/ncbi_dataset/ncbi_dataset/data/GCF_029623775.1/GCF_029623775.1_ASM2962377v1_genomic.fna	24	3607672	767	150319.7	880473	439008	41.76
GCF_035064525.1	/home/bacte/bacillus_amr/01_genomes/ncbi_dataset/ncbi_dataset/data/GCF_035064525.1/GCF_035064525.1_ASM3506452v1_genomic.fna	15	3642418	1139	242827.9	947613	891319	41.46
GCF_036965825.1	/home/bacte/bacillus_amr/01_genomes/ncbi_dataset/ncbi_dataset/data/GCF_036965825.1/GCF_036965825.1_ASM3696582v1_genomic.fna	50	3696671	1168	73933.4	344899	177308	41.39
GCF_036966005.1	/home/bacte/bacillus_amr/01_genomes/ncbi_dataset/ncbi_dataset/data/GCF_036966005.1/GCF_036966005.1_ASM3696600v1_genomic.fna	64	3702953	998	57858.6	299425	105985	41.51
GCF_036966065.1	/home/bacte/bacillus_amr/01_genomes/ncbi_dataset/ncbi_dataset/data/GCF_036966065.1/GCF_036966065.1_ASM3696606v1_genomic.fna	115	3665127	986	31870.7	210019	49918	41.52
GCF_036966445.1	/home/bacte/bacillus_amr/01_genomes/ncbi_dataset/ncbi_dataset/data/GCF_036966445.1/GCF_036966445.1_ASM3696644v1_genomic.fna	51	3625194	1031	71082.2	319801	128825	41.32
GCF_036966585.1	/home/bacte/bacillus_amr/01_genomes/ncbi_dataset/ncbi_dataset/data/GCF_036966585.1/GCF_036966585.1_ASM3696658v1_genomic.fna	48	3746882	1101	78060.0	425630	188650	41.32
GCF_036966625.1	/home/bacte/bacillus_amr/01_genomes/ncbi_dataset/ncbi_dataset/data/GCF_036966625.1/GCF_036966625.1_ASM3696662v1_genomic.fna	34	3665674	1097	107813.9	387627	192616	41.59
GCF_036966665.1	/home/bacte/bacillus_amr/01_genomes/ncbi_dataset/ncbi_dataset/data/GCF_036966665.1/GCF_036966665.1_ASM3696666v1_genomic.fna	26	3690383	1036	141937.8	576825	335825	41.53
GCF_036966825.1	/home/bacte/bacillus_amr/01_genomes/ncbi_dataset/ncbi_dataset/data/GCF_036966825.1/GCF_036966825.1_ASM3696682v1_genomic.fna	245	3607236	1001	14723.4	148882	29357	41.48
GCF_036966845.1	/home/bacte/bacillus_amr/01_genomes/ncbi_dataset/ncbi_dataset/data/GCF_036966845.1/GCF_036966845.1_ASM3696684v1_genomic.fna	38	3797399	994	99931.6	457722	187559	41.30
GCF_036966885.1	/home/bacte/bacillus_amr/01_genomes/ncbi_dataset/ncbi_dataset/data/GCF_036966885.1/GCF_036966885.1_ASM3696688v1_genomic.fna	61	3746959	1046	61425.6	319661	145443	41.07
GCF_036966925.1	/home/bacte/bacillus_amr/01_genomes/ncbi_dataset/ncbi_dataset/data/GCF_036966925.1/GCF_036966925.1_ASM3696692v1_genomic.fna	38	3799717	1164	99992.6	566177	267541	41.31
GCF_036967065.1	/home/bacte/bacillus_amr/01_genomes/ncbi_dataset/ncbi_dataset/data/GCF_036967065.1/GCF_036967065.1_ASM3696706v1_genomic.fna	284	3554473	997	12515.8	86368	24253	41.79
GCF_036967105.1	/home/bacte/bacillus_amr/01_genomes/ncbi_dataset/ncbi_dataset/data/GCF_036967105.1/GCF_036967105.1_ASM3696710v1_genomic.fna	231	3581138	983	15502.8	104309	26009	41.38
GCF_040492735.1	/home/bacte/bacillus_amr/01_genomes/ncbi_dataset/ncbi_dataset/data/GCF_040492735.1/GCF_040492735.1_ASM4049273v1_genomic.fna	24	3713652	1083	154735.5	851699	368818	41.51
GCF_040712205.1	/home/bacte/bacillus_amr/01_genomes/ncbi_dataset/ncbi_dataset/data/GCF_040712205.1/GCF_040712205.1_JJ950_genomic.fna	1	3738908	3738908	3738908.0	3738908	3738908	41.62
GCF_040712255.1	/home/bacte/bacillus_amr/01_genomes/ncbi_dataset/ncbi_dataset/data/GCF_040712255.1/GCF_040712255.1_JJ1622_genomic.fna	2	3705623	7383	1852811.5	3698240	3698240	41.43
GCF_040712265.1	/home/bacte/bacillus_amr/01_genomes/ncbi_dataset/ncbi_dataset/data/GCF_040712265.1/GCF_040712265.1_JJ1368_genomic.fna	3	3890802	7383	1296934.0	3821053	3821053	41.29
GCF_040829855.1	/home/bacte/bacillus_amr/01_genomes/ncbi_dataset/ncbi_dataset/data/GCF_040829855.1/GCF_040829855.1_ASM4082985v1_genomic.fna	43	3821255	639	88866.4	695002	289126	41.43
GCF_040893075.1	/home/bacte/bacillus_amr/01_genomes/ncbi_dataset/ncbi_dataset/data/GCF_040893075.1/GCF_040893075.1_ASM4089307v1_genomic.fna	1	3699913	3699913	3699913.0	3699913	3699913	41.71
GCF_046269165.1	/home/bacte/bacillus_amr/01_genomes/ncbi_dataset/ncbi_dataset/data/GCF_046269165.1/GCF_046269165.1_ASM4626916v1_genomic.fna	111	3789783	200	34142.2	634915	97169	41.60
GCF_053570905.1	/home/bacte/bacillus_amr/01_genomes/ncbi_dataset/ncbi_dataset/data/GCF_053570905.1/GCF_053570905.1_ASM5357090v1_genomic.fna	25	3715579	541	148623.2	722934	569685	41.52
GCF_057676625.1	/home/bacte/bacillus_amr/01_genomes/ncbi_dataset/ncbi_dataset/data/GCF_057676625.1/GCF_057676625.1_ASM5767662v1_genomic.fna	15	3655675	1110	243711.7	1513691	908660	41.94
GCF_060038125.1	/home/bacte/bacillus_amr/01_genomes/ncbi_dataset/ncbi_dataset/data/GCF_060038125.1/GCF_060038125.1_CFBP9299_genomic.fna	1	3754587	3754587	3754587.0	3754587	3754587	41.67
GCF_964264945.1	/home/bacte/bacillus_amr/01_genomes/ncbi_dataset/ncbi_dataset/data/GCF_964264945.1/GCF_964264945.1_UMR5557-BPJM79_genomic.fna	32	3822036	246	119438.6	837159	545146	41.33
GCF_002998315.1	/home/bacte/bacillus_amr/01_genomes/ncbi_dataset/ncbi_dataset/data/GCF_002998315.1/GCF_002998315.1_ASM299831v1_genomic.fna	13	3730128	843	286932.9	1498885	985365	41.48
GCF_003660145.1	/home/bacte/bacillus_amr/01_genomes/ncbi_dataset/ncbi_dataset/data/GCF_003660145.1/GCF_003660145.1_ASM366014v1_genomic.fna	1	3672548	3672548	3672548.0	3672548	3672548	41.61
GCF_008244765.1	/home/bacte/bacillus_amr/01_genomes/ncbi_dataset/ncbi_dataset/data/GCF_008244765.1/GCF_008244765.1_ASM824476v1_genomic.fna	1	3786744	3786744	3786744.0	3786744	3786744	41.66
GCF_016767355.1	/home/bacte/bacillus_amr/01_genomes/ncbi_dataset/ncbi_dataset/data/GCF_016767355.1/GCF_016767355.1_ASM1676735v1_genomic.fna	8	3634331	62716	454291.4	937504	908774	41.60
GCF_018101275.1	/home/bacte/bacillus_amr/01_genomes/ncbi_dataset/ncbi_dataset/data/GCF_018101275.1/GCF_018101275.1_ASM1810127v1_genomic.fna	16	3662671	707	228916.9	879049	833674	41.67
GCF_018101295.1	/home/bacte/bacillus_amr/01_genomes/ncbi_dataset/ncbi_dataset/data/GCF_018101295.1/GCF_018101295.1_ASM1810129v1_genomic.fna	37	3664210	558	99032.7	386368	239501	41.68
GCF_018101335.1	/home/bacte/bacillus_amr/01_genomes/ncbi_dataset/ncbi_dataset/data/GCF_018101335.1/GCF_018101335.1_ASM1810133v1_genomic.fna	23	3670235	502	159575.4	985892	873639	41.68
GCF_018361345.1	/home/bacte/bacillus_amr/01_genomes/ncbi_dataset/ncbi_dataset/data/GCF_018361345.1/GCF_018361345.1_ASM1836134v1_genomic.fna	46	3659546	210	79555.3	511975	243847	41.67
GCF_019599585.1	/home/bacte/bacillus_amr/01_genomes/ncbi_dataset/ncbi_dataset/data/GCF_019599585.1/GCF_019599585.1_ASM1959958v1_genomic.fna	32	3697986	271	115562.1	948926	352590	41.58
GCF_020179095.1	/home/bacte/bacillus_amr/01_genomes/ncbi_dataset/ncbi_dataset/data/GCF_020179095.1/GCF_020179095.1_ASM2017909v1_genomic.fna	19	3832643	547	201718.1	1918539	1918539	41.28
GCF_023089635.1	/home/bacte/bacillus_amr/01_genomes/ncbi_dataset/ncbi_dataset/data/GCF_023089635.1/GCF_023089635.1_ASM2308963v1_genomic.fna	760	3955550	201	5204.7	970469	917501	42.23
GCF_023195455.1	/home/bacte/bacillus_amr/01_genomes/ncbi_dataset/ncbi_dataset/data/GCF_023195455.1/GCF_023195455.1_ASM2319545v1_genomic.fna	20	3747727	843	187386.4	846865	329374	41.48
GCF_025309755.1	/home/bacte/bacillus_amr/01_genomes/ncbi_dataset/ncbi_dataset/data/GCF_025309755.1/GCF_025309755.1_ASM2530975v1_genomic.fna	1	3751152	3751152	3751152.0	3751152	3751152	41.51
GCF_029211445.1	/home/bacte/bacillus_amr/01_genomes/ncbi_dataset/ncbi_dataset/data/GCF_029211445.1/GCF_029211445.1_ASM2921144v1_genomic.fna	13	3677242	807	282864.8	1015474	958560	41.61
GCF_035807415.1	/home/bacte/bacillus_amr/01_genomes/ncbi_dataset/ncbi_dataset/data/GCF_035807415.1/GCF_035807415.1_ASM3580741v1_genomic.fna	54	3745253	517	69356.5	438961	193640	41.53
GCF_035807435.1	/home/bacte/bacillus_amr/01_genomes/ncbi_dataset/ncbi_dataset/data/GCF_035807435.1/GCF_035807435.1_ASM3580743v1_genomic.fna	25	3749814	572	149992.6	1625540	838079	41.55
GCF_035807515.1	/home/bacte/bacillus_amr/01_genomes/ncbi_dataset/ncbi_dataset/data/GCF_035807515.1/GCF_035807515.1_ASM3580751v1_genomic.fna	22	3751210	591	170509.5	1015389	937952	41.55
GCF_036348335.1	/home/bacte/bacillus_amr/01_genomes/ncbi_dataset/ncbi_dataset/data/GCF_036348335.1/GCF_036348335.1_ASM3634833v1_genomic.fna	19	3710170	226	195272.1	1816339	1000500	41.47
GCF_036961945.1	/home/bacte/bacillus_amr/01_genomes/ncbi_dataset/ncbi_dataset/data/GCF_036961945.1/GCF_036961945.1_ASM3696194v1_genomic.fna	139	3815653	1004	27450.7	164729	78576	41.47
GCF_036962085.1	/home/bacte/bacillus_amr/01_genomes/ncbi_dataset/ncbi_dataset/data/GCF_036962085.1/GCF_036962085.1_ASM3696208v1_genomic.fna	48	3773623	1225	78617.1	656304	172964	40.84
GCF_036962445.1	/home/bacte/bacillus_amr/01_genomes/ncbi_dataset/ncbi_dataset/data/GCF_036962445.1/GCF_036962445.1_ASM3696244v1_genomic.fna	43	3843283	1161	89378.7	477843	167639	41.19
GCF_036962545.1	/home/bacte/bacillus_amr/01_genomes/ncbi_dataset/ncbi_dataset/data/GCF_036962545.1/GCF_036962545.1_ASM3696254v1_genomic.fna	204	3640104	1003	17843.6	104628	39159	41.47
GCF_036962865.1	/home/bacte/bacillus_amr/01_genomes/ncbi_dataset/ncbi_dataset/data/GCF_036962865.1/GCF_036962865.1_ASM3696286v1_genomic.fna	100	3768387	987	37683.9	286824	104646	41.55
GCF_036963545.1	/home/bacte/bacillus_amr/01_genomes/ncbi_dataset/ncbi_dataset/data/GCF_036963545.1/GCF_036963545.1_ASM3696354v1_genomic.fna	136	3817899	986	28072.8	165046	68712	41.46
GCF_036965965.1	/home/bacte/bacillus_amr/01_genomes/ncbi_dataset/ncbi_dataset/data/GCF_036965965.1/GCF_036965965.1_ASM3696596v1_genomic.fna	89	3745188	1020	42080.8	301964	83663	41.57
GCF_036966045.1	/home/bacte/bacillus_amr/01_genomes/ncbi_dataset/ncbi_dataset/data/GCF_036966045.1/GCF_036966045.1_ASM3696604v1_genomic.fna	15	3651399	4827	243426.6	1007236	847104	41.61
GCF_036966345.1	/home/bacte/bacillus_amr/01_genomes/ncbi_dataset/ncbi_dataset/data/GCF_036966345.1/GCF_036966345.1_ASM3696634v1_genomic.fna	36	3875783	1633	107660.6	856108	232519	41.27
GCF_036966405.1	/home/bacte/bacillus_amr/01_genomes/ncbi_dataset/ncbi_dataset/data/GCF_036966405.1/GCF_036966405.1_ASM3696640v1_genomic.fna	260	3841016	987	14773.1	92950	32584	41.47
GCF_036966685.1	/home/bacte/bacillus_amr/01_genomes/ncbi_dataset/ncbi_dataset/data/GCF_036966685.1/GCF_036966685.1_ASM3696668v1_genomic.fna	70	3698658	1340	52838.0	233792	127045	41.60
GCF_036966745.1	/home/bacte/bacillus_amr/01_genomes/ncbi_dataset/ncbi_dataset/data/GCF_036966745.1/GCF_036966745.1_ASM3696674v1_genomic.fna	48	3653993	1157	76124.9	363478	153107	41.53
GCF_036966785.1	/home/bacte/bacillus_amr/01_genomes/ncbi_dataset/ncbi_dataset/data/GCF_036966785.1/GCF_036966785.1_ASM3696678v1_genomic.fna	33	3694215	1607	111945.9	622153	230415	41.57
GCF_036966865.1	/home/bacte/bacillus_amr/01_genomes/ncbi_dataset/ncbi_dataset/data/GCF_036966865.1/GCF_036966865.1_ASM3696686v1_genomic.fna	91	3737809	1003	41074.8	287362	82212	41.57
GCF_036966945.1	/home/bacte/bacillus_amr/01_genomes/ncbi_dataset/ncbi_dataset/data/GCF_036966945.1/GCF_036966945.1_ASM3696694v1_genomic.fna	13	3683221	4364	283324.7	1034583	868186	41.59
GCF_036967005.1	/home/bacte/bacillus_amr/01_genomes/ncbi_dataset/ncbi_dataset/data/GCF_036967005.1/GCF_036967005.1_ASM3696700v1_genomic.fna	126	3683469	1063	29233.9	169783	60728	41.47
GCF_037094785.1	/home/bacte/bacillus_amr/01_genomes/ncbi_dataset/ncbi_dataset/data/GCF_037094785.1/GCF_037094785.1_JJ1041_genomic.fna	1	3813095	3813095	3813095.0	3813095	3813095	41.60
GCF_040492315.1	/home/bacte/bacillus_amr/01_genomes/ncbi_dataset/ncbi_dataset/data/GCF_040492315.1/GCF_040492315.1_ASM4049231v1_genomic.fna	148	3806501	1054	25719.6	178137	66650	41.49
GCF_040492375.1	/home/bacte/bacillus_amr/01_genomes/ncbi_dataset/ncbi_dataset/data/GCF_040492375.1/GCF_040492375.1_ASM4049237v1_genomic.fna	228	4150391	983	18203.5	2049268	423317	40.98
GCF_040492755.1	/home/bacte/bacillus_amr/01_genomes/ncbi_dataset/ncbi_dataset/data/GCF_040492755.1/GCF_040492755.1_ASM4049275v1_genomic.fna	182	3709333	1001	20381.0	147580	56475	41.76
GCF_040492795.1	/home/bacte/bacillus_amr/01_genomes/ncbi_dataset/ncbi_dataset/data/GCF_040492795.1/GCF_040492795.1_ASM4049279v1_genomic.fna	141	3651160	1025	25894.8	139876	57981	41.78
GCF_040492835.1	/home/bacte/bacillus_amr/01_genomes/ncbi_dataset/ncbi_dataset/data/GCF_040492835.1/GCF_040492835.1_ASM4049283v1_genomic.fna	134	3662656	1032	27333.3	181017	64487	41.75
GCF_040492895.1	/home/bacte/bacillus_amr/01_genomes/ncbi_dataset/ncbi_dataset/data/GCF_040492895.1/GCF_040492895.1_ASM4049289v1_genomic.fna	151	3630940	1010	24046.0	164743	47340	41.80
GCF_040712225.1	/home/bacte/bacillus_amr/01_genomes/ncbi_dataset/ncbi_dataset/data/GCF_040712225.1/GCF_040712225.1_JJ1244_genomic.fna	1	3700883	3700883	3700883.0	3700883	3700883	41.76
GCF_049542595.1	/home/bacte/bacillus_amr/01_genomes/ncbi_dataset/ncbi_dataset/data/GCF_049542595.1/GCF_049542595.1_ASM4954259v1_genomic.fna	9	3686322	4738	409591.3	1922558	1922558	41.61
GCF_053291865.1	/home/bacte/bacillus_amr/01_genomes/ncbi_dataset/ncbi_dataset/data/GCF_053291865.1/GCF_053291865.1_ASM5329186v1_genomic.fna	1	3663256	3663256	3663256.0	3663256	3663256	41.72
GCF_053543735.1	/home/bacte/bacillus_amr/01_genomes/ncbi_dataset/ncbi_dataset/data/GCF_053543735.1/GCF_053543735.1_ASM5354373v1_genomic.fna	1086	3600504	286	3315.4	125865	6307	41.57
GCF_054073805.1	/home/bacte/bacillus_amr/01_genomes/ncbi_dataset/ncbi_dataset/data/GCF_054073805.1/GCF_054073805.1_ASM5407380v1_genomic.fna	9	3702580	532	411397.8	3693458	3693458	41.64
GCF_056098965.1	/home/bacte/bacillus_amr/01_genomes/ncbi_dataset/ncbi_dataset/data/GCF_056098965.1/GCF_056098965.1_ASM5609896v1_genomic.fna	39	3840292	219	98469.0	1048218	606324	41.49
GCF_056958415.1	/home/bacte/bacillus_amr/01_genomes/ncbi_dataset/ncbi_dataset/data/GCF_056958415.1/GCF_056958415.1_ASM5695841v1_genomic.fna	41	3656685	213	89187.4	972492	953413	41.48
GCF_058731845.1	/home/bacte/bacillus_amr/01_genomes/ncbi_dataset/ncbi_dataset/data/GCF_058731845.1/GCF_058731845.1_ASM5873184v1_genomic.fna	31	3686133	208	118907.5	924550	865336	41.49
GCF_060435285.1	/home/bacte/bacillus_amr/01_genomes/ncbi_dataset/ncbi_dataset/data/GCF_060435285.1/GCF_060435285.1_ASM6043528v1_genomic.fna	16	3630148	843	226884.3	990143	507702	41.69
GCF_060993455.1	/home/bacte/bacillus_amr/01_genomes/ncbi_dataset/ncbi_dataset/data/GCF_060993455.1/GCF_060993455.1_ASM6099345v1_genomic.fna	16	3630148	843	226884.3	990143	507702	41.69
GCF_000444215.1	/home/bacte/bacillus_amr/01_genomes/ncbi_dataset/ncbi_dataset/data/GCF_000444215.1/GCF_000444215.1_BacSafVK_genomic.fna	39	3683090	213	94438.2	667920	261765	41.62
GCF_024453785.1	/home/bacte/bacillus_amr/01_genomes/ncbi_dataset/ncbi_dataset/data/GCF_024453785.1/GCF_024453785.1_ASM2445378v1_genomic.fna	1	4020075	4020075	4020075.0	4020075	4020075	46.15
GCF_055475255.1	/home/bacte/bacillus_amr/01_genomes/ncbi_dataset/ncbi_dataset/data/GCF_055475255.1/GCF_055475255.1_ASM5547525v1_genomic.fna	1	3856933	3856933	3856933.0	3856933	3856933	46.36
GCF_056008865.1	/home/bacte/bacillus_amr/01_genomes/ncbi_dataset/ncbi_dataset/data/GCF_056008865.1/GCF_056008865.1_ASM5600886v1_genomic.fna	1	3856933	3856933	3856933.0	3856933	3856933	46.36
GCF_059958735.1	/home/bacte/bacillus_amr/01_genomes/ncbi_dataset/ncbi_dataset/data/GCF_059958735.1/GCF_059958735.1_ASM5995873v1_genomic.fna	1	3856933	3856933	3856933.0	3856933	3856933	46.36
GCF_059958745.1	/home/bacte/bacillus_amr/01_genomes/ncbi_dataset/ncbi_dataset/data/GCF_059958745.1/GCF_059958745.1_ASM5995874v1_genomic.fna	1	3867700	3867700	3867700.0	3867700	3867700	46.37
GCF_031324045.1	/home/bacte/bacillus_amr/01_genomes/ncbi_dataset/ncbi_dataset/data/GCF_031324045.1/GCF_031324045.1_ASM3132404v1_genomic.fna	59	4673031	200	79203.9	3051631	3051631	45.46
GCF_056399565.1	/home/bacte/bacillus_amr/01_genomes/ncbi_dataset/ncbi_dataset/data/GCF_056399565.1/GCF_056399565.1_ASM5639956v1_genomic.fna	25	3769664	1053	150786.6	801699	569417	46.27
GCF_056399205.1	/home/bacte/bacillus_amr/01_genomes/ncbi_dataset/ncbi_dataset/data/GCF_056399205.1/GCF_056399205.1_ASM5639920v1_genomic.fna	85	5778234	350	67979.2	789582	459688	35.11
GCF_056398845.1	/home/bacte/bacillus_amr/01_genomes/ncbi_dataset/ncbi_dataset/data/GCF_056398845.1/GCF_056398845.1_ASM5639884v1_genomic.fna	311	5941159	1051	19103.4	139357	33330	34.72
GCF_056398025.1	/home/bacte/bacillus_amr/01_genomes/ncbi_dataset/ncbi_dataset/data/GCF_056398025.1/GCF_056398025.1_ASM5639802v1_genomic.fna	32	3793303	1080	118540.7	801490	569261	46.25
GCF_056397985.1	/home/bacte/bacillus_amr/01_genomes/ncbi_dataset/ncbi_dataset/data/GCF_056397985.1/GCF_056397985.1_ASM5639798v1_genomic.fna	842	5743441	1008	6821.2	184853	12692	34.80
GCF_056397025.1	/home/bacte/bacillus_amr/01_genomes/ncbi_dataset/ncbi_dataset/data/GCF_056397025.1/GCF_056397025.1_ASM5639702v1_genomic.fna	108	5992189	516	55483.2	415636	101943	34.76
GCF_056396905.1	/home/bacte/bacillus_amr/01_genomes/ncbi_dataset/ncbi_dataset/data/GCF_056396905.1/GCF_056396905.1_ASM5639690v1_genomic.fna	298	5936015	1016	19919.5	225241	33150	34.77
GCF_056396785.1	/home/bacte/bacillus_amr/01_genomes/ncbi_dataset/ncbi_dataset/data/GCF_056396785.1/GCF_056396785.1_ASM5639678v1_genomic.fna	128	6283810	304	49092.3	919282	196868	35.11
GCF_056396765.1	/home/bacte/bacillus_amr/01_genomes/ncbi_dataset/ncbi_dataset/data/GCF_056396765.1/GCF_056396765.1_ASM5639676v1_genomic.fna	317	5380588	318	16973.5	178065	36606	35.49
GCF_056396725.1	/home/bacte/bacillus_amr/01_genomes/ncbi_dataset/ncbi_dataset/data/GCF_056396725.1/GCF_056396725.1_ASM5639672v1_genomic.fna	1539	5718345	302	3715.6	57188	6894	35.17
GCF_014534735.1	/home/bacte/bacillus_amr/01_genomes/ncbi_dataset/ncbi_dataset/data/GCF_014534735.1/GCF_014534735.1_ASM1453473v1_genomic.fna	26	3753774	255	144375.9	1379303	978074	46.37
GCF_056395645.1	/home/bacte/bacillus_amr/01_genomes/ncbi_dataset/ncbi_dataset/data/GCF_056395645.1/GCF_056395645.1_ASM5639564v1_genomic.fna	79	5799769	321	73414.8	1128139	616140	34.89
GCF_052682215.1	/home/bacte/bacillus_amr/01_genomes/ncbi_dataset/ncbi_dataset/data/GCF_052682215.1/GCF_052682215.1_ASM5268221v1_genomic.fna	1	6311226	6311226	6311226.0	6311226	6311226	35.00
GCF_014534715.1	/home/bacte/bacillus_amr/01_genomes/ncbi_dataset/ncbi_dataset/data/GCF_014534715.1/GCF_014534715.1_ASM1453471v1_genomic.fna	24	3884306	209	161846.1	994855	644677	46.56
GCF_052045575.1	/home/bacte/bacillus_amr/01_genomes/ncbi_dataset/ncbi_dataset/data/GCF_052045575.1/GCF_052045575.1_ASM5204557v1_genomic.fna	54	3850320	344	71302.2	564667	260918	40.96
GCF_052045475.1	/home/bacte/bacillus_amr/01_genomes/ncbi_dataset/ncbi_dataset/data/GCF_052045475.1/GCF_052045475.1_ASM5204547v1_genomic.fna	29	4041380	316	139357.9	1007830	602812	46.38
GCF_052045225.1	/home/bacte/bacillus_amr/01_genomes/ncbi_dataset/ncbi_dataset/data/GCF_052045225.1/GCF_052045225.1_ASM5204522v1_genomic.fna	34	4041503	309	118867.7	1007830	602812	46.38
GCF_052044955.1	/home/bacte/bacillus_amr/01_genomes/ncbi_dataset/ncbi_dataset/data/GCF_052044955.1/GCF_052044955.1_ASM5204495v1_genomic.fna	31	3745450	332	120821.0	804038	498445	41.23
GCF_052044835.1	/home/bacte/bacillus_amr/01_genomes/ncbi_dataset/ncbi_dataset/data/GCF_052044835.1/GCF_052044835.1_ASM5204483v1_genomic.fna	119	6284914	302	52814.4	587550	242192	34.65
GCF_052044605.1	/home/bacte/bacillus_amr/01_genomes/ncbi_dataset/ncbi_dataset/data/GCF_052044605.1/GCF_052044605.1_ASM5204460v1_genomic.fna	36	3723718	311	103436.6	571277	274727	41.24
GCF_047305475.1	/home/bacte/bacillus_amr/01_genomes/ncbi_dataset/ncbi_dataset/data/GCF_047305475.1/GCF_047305475.1_ASM4730547v1_genomic.fna	4	5544404	9240	1386101.0	5186045	5186045	35.26
GCF_000259405.1	/home/bacte/bacillus_amr/01_genomes/ncbi_dataset/ncbi_dataset/data/GCF_000259405.1/GCF_000259405.1_ASM25940v1_genomic.fna	1	3899657	3899657	3899657.0	3899657	3899657	46.64
GCF_042296235.1	/home/bacte/bacillus_amr/01_genomes/ncbi_dataset/ncbi_dataset/data/GCF_042296235.1/GCF_042296235.1_ASM4229623v1_genomic.fna	1	4088362	4088362	4088362.0	4088362	4088362	46.32
GCF_979253805.1	/home/bacte/bacillus_amr/01_genomes/ncbi_dataset/ncbi_dataset/data/GCF_979253805.1/GCF_979253805.1_AC266_genomic.fna	278	5693088	78	20478.7	1441927	722301	35.27
GCF_002558005.1	/home/bacte/bacillus_amr/01_genomes/ncbi_dataset/ncbi_dataset/data/GCF_002558005.1/GCF_002558005.1_ASM255800v1_genomic.fna	134	5909231	207	44098.7	597068	289383	34.81
GCF_002561435.1	/home/bacte/bacillus_amr/01_genomes/ncbi_dataset/ncbi_dataset/data/GCF_002561435.1/GCF_002561435.1_ASM256143v1_genomic.fna	174	5010794	204	28797.7	609986	67325	35.42
GCF_002561875.1	/home/bacte/bacillus_amr/01_genomes/ncbi_dataset/ncbi_dataset/data/GCF_002561875.1/GCF_002561875.1_ASM256187v1_genomic.fna	89	5702307	200	64070.9	582583	322616	39.83
GCF_002558095.1	/home/bacte/bacillus_amr/01_genomes/ncbi_dataset/ncbi_dataset/data/GCF_002558095.1/GCF_002558095.1_ASM255809v1_genomic.fna	178	4875525	200	27390.6	351799	52853	35.60
GCF_002560575.1	/home/bacte/bacillus_amr/01_genomes/ncbi_dataset/ncbi_dataset/data/GCF_002560575.1/GCF_002560575.1_ASM256057v1_genomic.fna	187	5262581	201	28142.1	573462	108397	35.39
GCF_002584635.1	/home/bacte/bacillus_amr/01_genomes/ncbi_dataset/ncbi_dataset/data/GCF_002584635.1/GCF_002584635.1_ASM258463v1_genomic.fna	119	6170817	203	51855.6	537766	273984	38.42
GCF_002583065.1	/home/bacte/bacillus_amr/01_genomes/ncbi_dataset/ncbi_dataset/data/GCF_002583065.1/GCF_002583065.1_ASM258306v1_genomic.fna	94	5071897	203	53956.4	953835	192071	35.42
GCF_002577655.1	/home/bacte/bacillus_amr/01_genomes/ncbi_dataset/ncbi_dataset/data/GCF_002577655.1/GCF_002577655.1_ASM257765v1_genomic.fna	230	5258052	201	22861.1	201544	47274	35.29
GCF_002577195.1	/home/bacte/bacillus_amr/01_genomes/ncbi_dataset/ncbi_dataset/data/GCF_002577195.1/GCF_002577195.1_ASM257719v1_genomic.fna	159	4634545	205	29148.1	226698	64447	33.11
GCF_002574545.1	/home/bacte/bacillus_amr/01_genomes/ncbi_dataset/ncbi_dataset/data/GCF_002574545.1/GCF_002574545.1_ASM257454v1_genomic.fna	91	4392053	219	48264.3	267023	110944	33.10
GCF_002571225.1	/home/bacte/bacillus_amr/01_genomes/ncbi_dataset/ncbi_dataset/data/GCF_002571225.1/GCF_002571225.1_ASM257122v1_genomic.fna	170	5734319	203	33731.3	415264	69521	35.05
GCF_002566505.1	/home/bacte/bacillus_amr/01_genomes/ncbi_dataset/ncbi_dataset/data/GCF_002566505.1/GCF_002566505.1_ASM256650v1_genomic.fna	61	5055293	218	82873.7	642360	250872	33.11
GCF_002551815.1	/home/bacte/bacillus_amr/01_genomes/ncbi_dataset/ncbi_dataset/data/GCF_002551815.1/GCF_002551815.1_ASM255181v1_genomic.fna	169	4968296	200	29398.2	364803	60847	35.60
GCF_052180195.1	/home/bacte/bacillus_amr/01_genomes/ncbi_dataset/ncbi_dataset/data/GCF_052180195.1/GCF_052180195.1_ASM5218019v1_genomic.fna	1	4459415	4459415	4459415.0	4459415	4459415	33.30
GCF_056033925.1	/home/bacte/bacillus_amr/01_genomes/ncbi_dataset/ncbi_dataset/data/GCF_056033925.1/GCF_056033925.1_ASM5603392v1_genomic.fna	3	4094482	10773	1364827.3	4072906	4072906	43.81
GCF_051550235.1	/home/bacte/bacillus_amr/01_genomes/ncbi_dataset/ncbi_dataset/data/GCF_051550235.1/GCF_051550235.1_ASM5155023v1_genomic.fna	25	3980254	756	159210.2	768512	294377	43.82
GCF_001679765.1	/home/bacte/bacillus_amr/01_genomes/ncbi_dataset/ncbi_dataset/data/GCF_001679765.1/GCF_001679765.1_ASM167976v1_genomic.fna	1	5113413	5113413	5113413.0	5113413	5113413	35.07
GCF_029536185.1	/home/bacte/bacillus_amr/01_genomes/ncbi_dataset/ncbi_dataset/data/GCF_029536185.1/GCF_029536185.1_ASM2953618v1_genomic.fna	1	4132583	4132583	4132583.0	4132583	4132583	43.89
GCF_004367815.1	/home/bacte/bacillus_amr/01_genomes/ncbi_dataset/ncbi_dataset/data/GCF_004367815.1/GCF_004367815.1_ASM436781v1_genomic.fna	51	5779374	539	113321.1	851358	377201	35.01
GCF_004367825.2	/home/bacte/bacillus_amr/01_genomes/ncbi_dataset/ncbi_dataset/data/GCF_004367825.2/GCF_004367825.2_ASM436782v2_genomic.fna	51	5661597	1288	111011.7	899272	421235	34.86
GCF_028728315.1	/home/bacte/bacillus_amr/01_genomes/ncbi_dataset/ncbi_dataset/data/GCF_028728315.1/GCF_028728315.1_ASM2872831v1_genomic.fna	4	5665044	58947	1416261.0	5252559	5252559	35.45
GCF_054456595.1	/home/bacte/bacillus_amr/01_genomes/ncbi_dataset/ncbi_dataset/data/GCF_054456595.1/GCF_054456595.1_ASM5445659v1_genomic.fna	1	4126734	4126734	4126734.0	4126734	4126734	43.79
GCF_054900515.1	/home/bacte/bacillus_amr/01_genomes/ncbi_dataset/ncbi_dataset/data/GCF_054900515.1/GCF_054900515.1_ASM5490051v1_genomic.fna	2	3857479	147242	1928739.5	3710237	3710237	46.01
GCF_054570475.1	/home/bacte/bacillus_amr/01_genomes/ncbi_dataset/ncbi_dataset/data/GCF_054570475.1/GCF_054570475.1_ASM5457047v1_genomic.fna	40	5169516	505	129237.9	1239536	567838	35.81
GCF_006349675.1	/home/bacte/bacillus_amr/01_genomes/ncbi_dataset/ncbi_dataset/data/GCF_006349675.1/GCF_006349675.1_ASM634967v1_genomic.fna	40	5150560	478	128764.0	1208821	589852	35.17
GCF_006349665.1	/home/bacte/bacillus_amr/01_genomes/ncbi_dataset/ncbi_dataset/data/GCF_006349665.1/GCF_006349665.1_ASM634966v1_genomic.fna	50	5190752	517	103815.0	960569	302092	35.34
GCF_036541465.1	/home/bacte/bacillus_amr/01_genomes/ncbi_dataset/ncbi_dataset/data/GCF_036541465.1/GCF_036541465.1_CFBP9009_genomic.fna	54	5684090	330	105260.9	1004136	342187	40.07
GCF_053545315.1	/home/bacte/bacillus_amr/01_genomes/ncbi_dataset/ncbi_dataset/data/GCF_053545315.1/GCF_053545315.1_ASM5354531v1_genomic.fna	13	3730861	1426	286989.3	1997852	1997852	46.38
GCF_003355115.1	/home/bacte/bacillus_amr/01_genomes/ncbi_dataset/ncbi_dataset/data/GCF_003355115.1/GCF_003355115.1_ASM335511v1_genomic.fna	1	5806513	5806513	5806513.0	5806513	5806513	35.09
GCF_003429245.1	/home/bacte/bacillus_amr/01_genomes/ncbi_dataset/ncbi_dataset/data/GCF_003429245.1/GCF_003429245.1_ASM342924v1_genomic.fna	1	5914775	5914775	5914775.0	5914775	5914775	34.71
GCF_035065055.1	/home/bacte/bacillus_amr/01_genomes/ncbi_dataset/ncbi_dataset/data/GCF_035065055.1/GCF_035065055.1_ASM3506505v1_genomic.fna	52	5306532	383	102048.7	788529	451841	35.07
GCF_003429225.1	/home/bacte/bacillus_amr/01_genomes/ncbi_dataset/ncbi_dataset/data/GCF_003429225.1/GCF_003429225.1_ASM342922v1_genomic.fna	1	5915788	5915788	5915788.0	5915788	5915788	34.71
GCF_011800395.1	/home/bacte/bacillus_amr/01_genomes/ncbi_dataset/ncbi_dataset/data/GCF_011800395.1/GCF_011800395.1_ASM1180039v1_genomic.fna	30	3722775	201	124092.5	876523	564880	41.27
GCF_011066025.1	/home/bacte/bacillus_amr/01_genomes/ncbi_dataset/ncbi_dataset/data/GCF_011066025.1/GCF_011066025.1_ASM1106602v1_genomic.fna	158	5846201	204	37001.3	593957	141426	34.95
GCF_011066075.1	/home/bacte/bacillus_amr/01_genomes/ncbi_dataset/ncbi_dataset/data/GCF_011066075.1/GCF_011066075.1_ASM1106607v1_genomic.fna	52	3970167	215	76349.4	796683	542448	46.37
GCF_011066015.1	/home/bacte/bacillus_amr/01_genomes/ncbi_dataset/ncbi_dataset/data/GCF_011066015.1/GCF_011066015.1_ASM1106601v1_genomic.fna	59	4068806	203	68962.8	659942	339198	46.27
GCF_011066055.1	/home/bacte/bacillus_amr/01_genomes/ncbi_dataset/ncbi_dataset/data/GCF_011066055.1/GCF_011066055.1_ASM1106605v1_genomic.fna	50	4069651	215	81393.0	797020	559334	46.27
GCF_011800725.1	/home/bacte/bacillus_amr/01_genomes/ncbi_dataset/ncbi_dataset/data/GCF_011800725.1/GCF_011800725.1_ASM1180072v1_genomic.fna	70	4013079	203	57329.7	531296	499184	46.30
GCF_013305505.1	/home/bacte/bacillus_amr/01_genomes/ncbi_dataset/ncbi_dataset/data/GCF_013305505.1/GCF_013305505.1_ASM1330550v1_genomic.fna	61	4198232	203	68823.5	938536	354041	45.83
GCF_011065615.1	/home/bacte/bacillus_amr/01_genomes/ncbi_dataset/ncbi_dataset/data/GCF_011065615.1/GCF_011065615.1_ASM1106561v1_genomic.fna	308	3972196	206	12896.7	1083982	996524	46.45
GCF_011065565.1	/home/bacte/bacillus_amr/01_genomes/ncbi_dataset/ncbi_dataset/data/GCF_011065565.1/GCF_011065565.1_ASM1106556v1_genomic.fna	83	3908635	206	47092.0	1084468	996284	46.49
GCF_011800505.1	/home/bacte/bacillus_amr/01_genomes/ncbi_dataset/ncbi_dataset/data/GCF_011800505.1/GCF_011800505.1_ASM1180050v1_genomic.fna	104	5734037	202	55135.0	876274	239839	34.87
GCF_011075175.1	/home/bacte/bacillus_amr/01_genomes/ncbi_dataset/ncbi_dataset/data/GCF_011075175.1/GCF_011075175.1_ASM1107517v1_genomic.fna	73	4199360	203	57525.5	644951	293409	45.84
GCF_056033885.1	/home/bacte/bacillus_amr/01_genomes/ncbi_dataset/ncbi_dataset/data/GCF_056033885.1/GCF_056033885.1_ASM5603388v1_genomic.fna	5	4212652	945	842530.4	2109275	2109275	43.70
GCF_056033865.1	/home/bacte/bacillus_amr/01_genomes/ncbi_dataset/ncbi_dataset/data/GCF_056033865.1/GCF_056033865.1_ASM5603386v1_genomic.fna	29	5438544	2275	187536.0	1346660	769149	35.20
GCF_019039215.1	/home/bacte/bacillus_amr/01_genomes/ncbi_dataset/ncbi_dataset/data/GCF_019039215.1/GCF_019039215.1_ASM1903921v1_genomic.fna	9	4546172	1114	505130.2	3166002	3166002	38.33
GCF_018343715.1	/home/bacte/bacillus_amr/01_genomes/ncbi_dataset/ncbi_dataset/data/GCF_018343715.1/GCF_018343715.1_ASM1834371v1_genomic.fna	9	4767936	2281	529770.7	1561428	1391012	37.07
GCF_018343615.1	/home/bacte/bacillus_amr/01_genomes/ncbi_dataset/ncbi_dataset/data/GCF_018343615.1/GCF_018343615.1_ASM1834361v1_genomic.fna	13	4423788	5368	340291.4	2217108	2217108	36.70
GCF_018343515.1	/home/bacte/bacillus_amr/01_genomes/ncbi_dataset/ncbi_dataset/data/GCF_018343515.1/GCF_018343515.1_ASM1834351v1_genomic.fna	15	4739423	1155	315961.5	823560	580208	38.59
GCF_002998455.1	/home/bacte/bacillus_amr/01_genomes/ncbi_dataset/ncbi_dataset/data/GCF_002998455.1/GCF_002998455.1_ASM299845v1_genomic.fna	22	3570267	1029	162284.9	500617	440267	41.84
GCF_002998675.1	/home/bacte/bacillus_amr/01_genomes/ncbi_dataset/ncbi_dataset/data/GCF_002998675.1/GCF_002998675.1_ASM299867v1_genomic.fna	18	3676222	844	204234.6	943358	395194	41.64
GCF_019091365.1	/home/bacte/bacillus_amr/01_genomes/ncbi_dataset/ncbi_dataset/data/GCF_019091365.1/GCF_019091365.1_ASM1909136v1_genomic.fna	501	3893306	214	7771.1	1017647	936783	41.13
GCF_019091225.1	/home/bacte/bacillus_amr/01_genomes/ncbi_dataset/ncbi_dataset/data/GCF_019091225.1/GCF_019091225.1_ASM1909122v1_genomic.fna	660	4498021	228	6815.2	2312843	2312843	45.79
GCF_019091205.1	/home/bacte/bacillus_amr/01_genomes/ncbi_dataset/ncbi_dataset/data/GCF_019091205.1/GCF_019091205.1_ASM1909120v1_genomic.fna	365	5817638	202	15938.7	947873	603252	35.33
GCF_019091155.1	/home/bacte/bacillus_amr/01_genomes/ncbi_dataset/ncbi_dataset/data/GCF_019091155.1/GCF_019091155.1_ASM1909115v1_genomic.fna	644	4073835	219	6325.8	1230456	1012143	46.04
GCF_026540675.1	/home/bacte/bacillus_amr/01_genomes/ncbi_dataset/ncbi_dataset/data/GCF_026540675.1/GCF_026540675.1_ASM2654067v1_genomic.fna	72	5863158	222	81432.8	578648	258841	34.87
GCF_039680825.1	/home/bacte/bacillus_amr/01_genomes/ncbi_dataset/ncbi_dataset/data/GCF_039680825.1/GCF_039680825.1_ASM3968082v1_genomic.fna	19	6099937	433	321049.3	2626451	2134626	35.03
GCF_026540655.1	/home/bacte/bacillus_amr/01_genomes/ncbi_dataset/ncbi_dataset/data/GCF_026540655.1/GCF_026540655.1_ASM2654065v1_genomic.fna	93	6099596	202	65587.1	1252036	290146	34.70
GCF_055825275.1	/home/bacte/bacillus_amr/01_genomes/ncbi_dataset/ncbi_dataset/data/GCF_055825275.1/GCF_055825275.1_ASM5582527v1_genomic.fna	49	5811235	206	118596.6	3723044	3723044	35.01
GCF_028751175.1	/home/bacte/bacillus_amr/01_genomes/ncbi_dataset/ncbi_dataset/data/GCF_028751175.1/GCF_028751175.1_ASM2875117v1_genomic.fna	2	5478137	338562	2739068.5	5139575	5139575	35.38
GCF_033194635.1	/home/bacte/bacillus_amr/01_genomes/ncbi_dataset/ncbi_dataset/data/GCF_033194635.1/GCF_033194635.1_ASM3319463v1_genomic.fna	50	4000682	230	80013.6	577972	261000	46.25
GCF_032461625.1	/home/bacte/bacillus_amr/01_genomes/ncbi_dataset/ncbi_dataset/data/GCF_032461625.1/GCF_032461625.1_ASM3246162v1_genomic.fna	94	4440413	205	47238.4	1115955	554846	45.68
GCF_032461565.1	/home/bacte/bacillus_amr/01_genomes/ncbi_dataset/ncbi_dataset/data/GCF_032461565.1/GCF_032461565.1_ASM3246156v1_genomic.fna	135	4506847	209	33384.1	211354	105633	46.13
GCF_035064545.1	/home/bacte/bacillus_amr/01_genomes/ncbi_dataset/ncbi_dataset/data/GCF_035064545.1/GCF_035064545.1_ASM3506454v1_genomic.fna	33	5958133	1720	180549.5	1183048	938801	37.51
GCF_032461585.1	/home/bacte/bacillus_amr/01_genomes/ncbi_dataset/ncbi_dataset/data/GCF_032461585.1/GCF_032461585.1_ASM3246158v1_genomic.fna	54	4417661	200	81808.5	1670545	1021727	45.65
GCF_949767925.1	/home/bacte/bacillus_amr/01_genomes/ncbi_dataset/ncbi_dataset/data/GCF_949767925.1/GCF_949767925.1_IT-13CA1_genomic.fna	54	4327181	241	80133.0	751017	209792	45.75
GCF_949768135.1	/home/bacte/bacillus_amr/01_genomes/ncbi_dataset/ncbi_dataset/data/GCF_949768135.1/GCF_949768135.1_IT-79MI2_genomic.fna	139	5451465	202	39219.2	656260	177970	35.44
GCF_036964885.1	/home/bacte/bacillus_amr/01_genomes/ncbi_dataset/ncbi_dataset/data/GCF_036964885.1/GCF_036964885.1_ASM3696488v1_genomic.fna	61	4656643	1048	76338.4	446137	147003	41.13
GCF_036965845.1	/home/bacte/bacillus_amr/01_genomes/ncbi_dataset/ncbi_dataset/data/GCF_036965845.1/GCF_036965845.1_ASM3696584v1_genomic.fna	459	4906404	991	10689.3	164760	19929	35.49
GCF_036965225.1	/home/bacte/bacillus_amr/01_genomes/ncbi_dataset/ncbi_dataset/data/GCF_036965225.1/GCF_036965225.1_ASM3696522v1_genomic.fna	349	5123824	991	14681.4	137970	27370	37.73
GCF_036965125.1	/home/bacte/bacillus_amr/01_genomes/ncbi_dataset/ncbi_dataset/data/GCF_036965125.1/GCF_036965125.1_ASM3696512v1_genomic.fna	545	5187434	987	9518.2	87826	16266	37.77
GCF_036965165.1	/home/bacte/bacillus_amr/01_genomes/ncbi_dataset/ncbi_dataset/data/GCF_036965165.1/GCF_036965165.1_ASM3696516v1_genomic.fna	306	4960127	988	16209.6	190481	32631	37.45
GCF_036965085.1	/home/bacte/bacillus_amr/01_genomes/ncbi_dataset/ncbi_dataset/data/GCF_036965085.1/GCF_036965085.1_ASM3696508v1_genomic.fna	156	5164826	1034	33107.9	305132	74722	37.72
GCF_036965045.1	/home/bacte/bacillus_amr/01_genomes/ncbi_dataset/ncbi_dataset/data/GCF_036965045.1/GCF_036965045.1_ASM3696504v1_genomic.fna	75	5075276	1024	67670.3	358346	132625	37.75
GCF_036962705.1	/home/bacte/bacillus_amr/01_genomes/ncbi_dataset/ncbi_dataset/data/GCF_036962705.1/GCF_036962705.1_ASM3696270v1_genomic.fna	90	5201597	1024	57795.5	356660	141122	37.43
GCF_036962685.1	/home/bacte/bacillus_amr/01_genomes/ncbi_dataset/ncbi_dataset/data/GCF_036962685.1/GCF_036962685.1_ASM3696268v1_genomic.fna	101	4798040	1051	47505.3	294228	95521	37.84
GCF_036967045.1	/home/bacte/bacillus_amr/01_genomes/ncbi_dataset/ncbi_dataset/data/GCF_036967045.1/GCF_036967045.1_ASM3696704v1_genomic.fna	56	4748797	1092	84799.9	621893	195128	40.95
GCF_036962145.1	/home/bacte/bacillus_amr/01_genomes/ncbi_dataset/ncbi_dataset/data/GCF_036962145.1/GCF_036962145.1_ASM3696214v1_genomic.fna	271	4662364	1002	17204.3	94403	29381	38.37
GCF_036962035.1	/home/bacte/bacillus_amr/01_genomes/ncbi_dataset/ncbi_dataset/data/GCF_036962035.1/GCF_036962035.1_ASM3696203v1_genomic.fna	162	5204585	1056	32127.1	236195	66843	37.71
GCF_036963405.1	/home/bacte/bacillus_amr/01_genomes/ncbi_dataset/ncbi_dataset/data/GCF_036963405.1/GCF_036963405.1_ASM3696340v1_genomic.fna	592	5499246	983	9289.3	97256	19635	35.22
GCF_040492475.1	/home/bacte/bacillus_amr/01_genomes/ncbi_dataset/ncbi_dataset/data/GCF_040492475.1/GCF_040492475.1_ASM4049247v1_genomic.fna	649	3981329	986	6134.6	41911	9926	47.12
GCF_036962185.1	/home/bacte/bacillus_amr/01_genomes/ncbi_dataset/ncbi_dataset/data/GCF_036962185.1/GCF_036962185.1_ASM3696218v1_genomic.fna	139	4447867	1005	31999.0	251566	62904	36.30
GCF_036962285.1	/home/bacte/bacillus_amr/01_genomes/ncbi_dataset/ncbi_dataset/data/GCF_036962285.1/GCF_036962285.1_ASM3696228v1_genomic.fna	238	4527350	992	19022.5	206102	31656	37.47
GCF_036962205.1	/home/bacte/bacillus_amr/01_genomes/ncbi_dataset/ncbi_dataset/data/GCF_036962205.1/GCF_036962205.1_ASM3696220v1_genomic.fna	244	4118987	984	16881.1	187388	37461	33.21
GCF_036963165.1	/home/bacte/bacillus_amr/01_genomes/ncbi_dataset/ncbi_dataset/data/GCF_036963165.1/GCF_036963165.1_ASM3696316v1_genomic.fna	137	4465528	1141	32595.1	198272	55277	46.04
GCF_036964945.1	/home/bacte/bacillus_amr/01_genomes/ncbi_dataset/ncbi_dataset/data/GCF_036964945.1/GCF_036964945.1_ASM3696494v1_genomic.fna	106	6113391	1112	57673.5	277209	133056	34.72
GCF_036963345.1	/home/bacte/bacillus_amr/01_genomes/ncbi_dataset/ncbi_dataset/data/GCF_036963345.1/GCF_036963345.1_ASM3696334v1_genomic.fna	436	5343967	1004	12256.8	104619	23148	35.02
GCF_036963225.1	/home/bacte/bacillus_amr/01_genomes/ncbi_dataset/ncbi_dataset/data/GCF_036963225.1/GCF_036963225.1_ASM3696322v1_genomic.fna	269	5540722	1000	20597.5	228515	45852	35.14
GCF_036963045.1	/home/bacte/bacillus_amr/01_genomes/ncbi_dataset/ncbi_dataset/data/GCF_036963045.1/GCF_036963045.1_ASM3696304v1_genomic.fna	269	4709739	983	17508.3	170495	30998	35.82
GCF_040492395.1	/home/bacte/bacillus_amr/01_genomes/ncbi_dataset/ncbi_dataset/data/GCF_040492395.1/GCF_040492395.1_ASM4049239v1_genomic.fna	195	5764071	993	29559.3	331007	66308	35.14
GCF_053663355.1	/home/bacte/bacillus_amr/01_genomes/ncbi_dataset/ncbi_dataset/data/GCF_053663355.1/GCF_053663355.1_ASM5366335v1_genomic.fna	13	3935600	526	302738.5	1080370	1048883	46.55
GCF_053663195.1	/home/bacte/bacillus_amr/01_genomes/ncbi_dataset/ncbi_dataset/data/GCF_053663195.1/GCF_053663195.1_ASM5366319v1_genomic.fna	18	3879778	325	215543.2	1096532	998485	46.52
GCF_053663455.1	/home/bacte/bacillus_amr/01_genomes/ncbi_dataset/ncbi_dataset/data/GCF_053663455.1/GCF_053663455.1_ASM5366345v1_genomic.fna	19	3946557	512	207713.5	1014698	727417	46.22
GCF_053663395.1	/home/bacte/bacillus_amr/01_genomes/ncbi_dataset/ncbi_dataset/data/GCF_053663395.1/GCF_053663395.1_ASM5366339v1_genomic.fna	14	3850142	1124	275010.1	1087352	994445	46.53
GCF_030284525.1	/home/bacte/bacillus_amr/01_genomes/ncbi_dataset/ncbi_dataset/data/GCF_030284525.1/GCF_030284525.1_ASM3028452v1_genomic.fna	1	3861105	3861105	3861105.0	3861105	3861105	46.20
GCF_020708615.1	/home/bacte/bacillus_amr/01_genomes/ncbi_dataset/ncbi_dataset/data/GCF_020708615.1/GCF_020708615.1_ASM2070861v1_genomic.fna	29	4069186	625	140316.8	1116021	429891	43.50
GCF_047977995.1	/home/bacte/bacillus_amr/01_genomes/ncbi_dataset/ncbi_dataset/data/GCF_047977995.1/GCF_047977995.1_ASM4797799v1_genomic.fna	14	5707807	7280	407700.5	860562	651963	35.13
GCF_002998615.1	/home/bacte/bacillus_amr/01_genomes/ncbi_dataset/ncbi_dataset/data/GCF_002998615.1/GCF_002998615.1_ASM299861v1_genomic.fna	17	3688268	1031	216956.9	759677	427372	41.69
GCF_003004355.1	/home/bacte/bacillus_amr/01_genomes/ncbi_dataset/ncbi_dataset/data/GCF_003004355.1/GCF_003004355.1_ASM300435v1_genomic.fna	13	3628483	767	279114.1	1604391	923973	41.84
GCF_053613335.1	/home/bacte/bacillus_amr/01_genomes/ncbi_dataset/ncbi_dataset/data/GCF_053613335.1/GCF_053613335.1_ASM5361333v1_genomic.fna	1721	5358683	500	3113.7	2018498	1011932	46.36
GCF_030209735.1	/home/bacte/bacillus_amr/01_genomes/ncbi_dataset/ncbi_dataset/data/GCF_030209735.1/GCF_030209735.1_ASM3020973v1_genomic.fna	19	3638498	1390	191499.9	892848	764156	41.66
GCF_903971065.1	/home/bacte/bacillus_amr/01_genomes/ncbi_dataset/ncbi_dataset/data/GCF_903971065.1/GCF_903971065.1_ASM90397106v1_genomic.fna	249	5492996	126	22060.2	296734	97952	35.23
GCF_903970865.1	/home/bacte/bacillus_amr/01_genomes/ncbi_dataset/ncbi_dataset/data/GCF_903970865.1/GCF_903970865.1_ASM90397086v1_genomic.fna	181	5630258	126	31106.4	683941	154552	35.04
GCF_056711665.1	/home/bacte/bacillus_amr/01_genomes/ncbi_dataset/ncbi_dataset/data/GCF_056711665.1/GCF_056711665.1_ASM5671166v1_genomic.fna	108	5563333	202	51512.3	669140	495109	35.68
GCF_052259025.1	/home/bacte/bacillus_amr/01_genomes/ncbi_dataset/ncbi_dataset/data/GCF_052259025.1/GCF_052259025.1_ASM5225902v1_genomic.fna	11	5400073	256	490915.7	1641668	1385737	35.52
GCF_030757775.1	/home/bacte/bacillus_amr/01_genomes/ncbi_dataset/ncbi_dataset/data/GCF_030757775.1/GCF_030757775.1_ASM3075777v1_genomic.fna	43	5139851	202	119531.4	1527009	782215	35.32
GCF_026719365.1	/home/bacte/bacillus_amr/01_genomes/ncbi_dataset/ncbi_dataset/data/GCF_026719365.1/GCF_026719365.1_ASM2671936v1_genomic.fna	17	3876138	1102	228008.1	1099584	1001253	46.52
GCF_027853835.1	/home/bacte/bacillus_amr/01_genomes/ncbi_dataset/ncbi_dataset/data/GCF_027853835.1/GCF_027853835.1_ASM2785383v1_genomic.fna	18	3963815	855	220211.9	1095682	1001253	46.56
GCF_026420705.1	/home/bacte/bacillus_amr/01_genomes/ncbi_dataset/ncbi_dataset/data/GCF_026420705.1/GCF_026420705.1_ASM2642070v1_genomic.fna	16	3974004	1049	248375.3	1102005	959803	46.35
GCF_002998465.1	/home/bacte/bacillus_amr/01_genomes/ncbi_dataset/ncbi_dataset/data/GCF_002998465.1/GCF_002998465.1_ASM299846v1_genomic.fna	18	3632907	1024	201828.2	1054098	485965	41.79
GCF_002998735.1	/home/bacte/bacillus_amr/01_genomes/ncbi_dataset/ncbi_dataset/data/GCF_002998735.1/GCF_002998735.1_ASM299873v1_genomic.fna	13	3681961	1163	283227.8	983361	535767	41.72
GCF_056401855.1	/home/bacte/bacillus_amr/01_genomes/ncbi_dataset/ncbi_dataset/data/GCF_056401855.1/GCF_056401855.1_ASM5640185v1_genomic.fna	1380	5295471	500	3837.3	88995	8452	35.37
GCF_056401715.1	/home/bacte/bacillus_amr/01_genomes/ncbi_dataset/ncbi_dataset/data/GCF_056401715.1/GCF_056401715.1_ASM5640171v1_genomic.fna	68	5544841	508	81541.8	451875	232967	35.28
GCF_007097215.1	/home/bacte/bacillus_amr/01_genomes/ncbi_dataset/ncbi_dataset/data/GCF_007097215.1/GCF_007097215.1_ASM709721v1_genomic.fna	41	3886130	245	94783.7	618356	438841	46.57
GCF_003046665.1	/home/bacte/bacillus_amr/01_genomes/ncbi_dataset/ncbi_dataset/data/GCF_003046665.1/GCF_003046665.1_ASM304666v1_genomic.fna	95	4035078	301	42474.5	648909	148488	43.49
GCF_041360755.1	/home/bacte/bacillus_amr/01_genomes/ncbi_dataset/ncbi_dataset/data/GCF_041360755.1/GCF_041360755.1_ASM4136075v1_genomic.fna	43	6105564	506	141989.9	1176256	432154	34.69
GCF_026131695.1	/home/bacte/bacillus_amr/01_genomes/ncbi_dataset/ncbi_dataset/data/GCF_026131695.1/GCF_026131695.1_ASM2613169v1_genomic.fna	11	3590437	994	326403.4	1796852	1796852	41.75
GCF_013141905.1	/home/bacte/bacillus_amr/01_genomes/ncbi_dataset/ncbi_dataset/data/GCF_013141905.1/GCF_013141905.1_ASM1314190v1_genomic.fna	120	4050649	527	33755.4	261348	84319	43.41
GCF_984799155.1	/home/bacte/bacillus_amr/01_genomes/ncbi_dataset/ncbi_dataset/data/GCF_984799155.1/GCF_984799155.1_SRL337_genomic.fna	1	4654916	4654916	4654916.0	4654916	4654916	42.92
GCF_984799205.1	/home/bacte/bacillus_amr/01_genomes/ncbi_dataset/ncbi_dataset/data/GCF_984799205.1/GCF_984799205.1_SRL543_genomic.fna	1	4954057	4954057	4954057.0	4954057	4954057	46.06
GCF_033449965.1	/home/bacte/bacillus_amr/01_genomes/ncbi_dataset/ncbi_dataset/data/GCF_033449965.1/GCF_033449965.1_ASM3344996v1_genomic.fna	2	4606419	5796	2303209.5	4600623	4600623	38.38
GCF_056033845.1	/home/bacte/bacillus_amr/01_genomes/ncbi_dataset/ncbi_dataset/data/GCF_056033845.1/GCF_056033845.1_ASM5603384v1_genomic.fna	8	5925164	4645	740645.5	5265854	5265854	34.96
GCF_004103875.1	/home/bacte/bacillus_amr/01_genomes/ncbi_dataset/ncbi_dataset/data/GCF_004103875.1/GCF_004103875.1_ASM410387v1_genomic.fna	1	4202080	4202080	4202080.0	4202080	4202080	43.53
GCF_030851295.1	/home/bacte/bacillus_amr/01_genomes/ncbi_dataset/ncbi_dataset/data/GCF_030851295.1/GCF_030851295.1_ASM3085129v1_genomic.fna	14	4009084	4208	286363.1	961598	704946	43.66
GCF_017498755.1	/home/bacte/bacillus_amr/01_genomes/ncbi_dataset/ncbi_dataset/data/GCF_017498755.1/GCF_017498755.1_ASM1749875v1_genomic.fna	123	5590783	226	45453.5	540068	122955	35.55
GCF_052113405.1	/home/bacte/bacillus_amr/01_genomes/ncbi_dataset/ncbi_dataset/data/GCF_052113405.1/GCF_052113405.1_ASM5211340v1_genomic.fna	96	5987367	302	62368.4	678282	209806	34.75
GCF_052113145.1	/home/bacte/bacillus_amr/01_genomes/ncbi_dataset/ncbi_dataset/data/GCF_052113145.1/GCF_052113145.1_ASM5211314v1_genomic.fna	53	3784230	358	71400.6	801699	568884	46.32
GCF_053663335.1	/home/bacte/bacillus_amr/01_genomes/ncbi_dataset/ncbi_dataset/data/GCF_053663335.1/GCF_053663335.1_ASM5366333v1_genomic.fna	14	3870357	640	276454.1	1083925	1006259	46.54
GCF_049059085.1	/home/bacte/bacillus_amr/01_genomes/ncbi_dataset/ncbi_dataset/data/GCF_049059085.1/GCF_049059085.1_ASM4905908v1_genomic.fna	13	3674929	1598	282686.8	976343	879230	41.27
GCF_049059525.1	/home/bacte/bacillus_amr/01_genomes/ncbi_dataset/ncbi_dataset/data/GCF_049059525.1/GCF_049059525.1_ASM4905952v1_genomic.fna	9	3887638	1429	431959.8	2059822	2059822	46.43
GCF_049059385.1	/home/bacte/bacillus_amr/01_genomes/ncbi_dataset/ncbi_dataset/data/GCF_049059385.1/GCF_049059385.1_ASM4905938v1_genomic.fna	14	3887823	1341	277701.6	1131197	1011854	46.43
GCF_049059365.1	/home/bacte/bacillus_amr/01_genomes/ncbi_dataset/ncbi_dataset/data/GCF_049059365.1/GCF_049059365.1_ASM4905936v1_genomic.fna	14	3889735	1341	277838.2	2020090	2020090	46.43
GCF_049059145.1	/home/bacte/bacillus_amr/01_genomes/ncbi_dataset/ncbi_dataset/data/GCF_049059145.1/GCF_049059145.1_ASM4905914v1_genomic.fna	12	3887828	1429	323985.7	2060077	2060077	46.43
GCF_049059325.1	/home/bacte/bacillus_amr/01_genomes/ncbi_dataset/ncbi_dataset/data/GCF_049059325.1/GCF_049059325.1_ASM4905932v1_genomic.fna	12	4045282	1014	337106.8	2114660	2114660	43.64
GCF_049059225.1	/home/bacte/bacillus_amr/01_genomes/ncbi_dataset/ncbi_dataset/data/GCF_049059225.1/GCF_049059225.1_ASM4905922v1_genomic.fna	10	3888508	1429	388850.8	2059604	2059604	46.43
GCF_049059205.1	/home/bacte/bacillus_amr/01_genomes/ncbi_dataset/ncbi_dataset/data/GCF_049059205.1/GCF_049059205.1_ASM4905920v1_genomic.fna	10	3889118	1341	388911.8	2059821	2059821	46.44
GCF_049059245.1	/home/bacte/bacillus_amr/01_genomes/ncbi_dataset/ncbi_dataset/data/GCF_049059245.1/GCF_049059245.1_ASM4905924v1_genomic.fna	9	3887769	1429	431974.3	2060051	2060051	46.43
GCF_049059285.1	/home/bacte/bacillus_amr/01_genomes/ncbi_dataset/ncbi_dataset/data/GCF_049059285.1/GCF_049059285.1_ASM4905928v1_genomic.fna	13	3846041	1568	295849.3	993241	988011	41.45
GCF_049059505.1	/home/bacte/bacillus_amr/01_genomes/ncbi_dataset/ncbi_dataset/data/GCF_049059505.1/GCF_049059505.1_ASM4905950v1_genomic.fna	11	3888707	1053	353518.8	2058689	2058689	46.43
GCF_049059425.1	/home/bacte/bacillus_amr/01_genomes/ncbi_dataset/ncbi_dataset/data/GCF_049059425.1/GCF_049059425.1_ASM4905942v1_genomic.fna	9	3886301	1341	431811.2	2058858	2058858	46.43
GCF_002211235.1	/home/bacte/bacillus_amr/01_genomes/ncbi_dataset/ncbi_dataset/data/GCF_002211235.1/GCF_002211235.1_ASM221123v1_genomic.fna	24	4216713	600	175696.4	1302054	447231	43.62
GCF_051904025.1	/home/bacte/bacillus_amr/01_genomes/ncbi_dataset/ncbi_dataset/data/GCF_051904025.1/GCF_051904025.1_ASM5190402v1_genomic.fna	1	4148993	4148993	4148993.0	4148993	4148993	43.96
GCF_057333855.1	/home/bacte/bacillus_amr/01_genomes/ncbi_dataset/ncbi_dataset/data/GCF_057333855.1/GCF_057333855.1_ASM5733385v1_genomic.fna	25	3987871	366	159514.8	1255942	404198	43.94
GCF_057334055.1	/home/bacte/bacillus_amr/01_genomes/ncbi_dataset/ncbi_dataset/data/GCF_057334055.1/GCF_057334055.1_ASM5733405v1_genomic.fna	26	4023527	369	154751.0	877934	304709	43.87
GCF_060484255.1	/home/bacte/bacillus_amr/01_genomes/ncbi_dataset/ncbi_dataset/data/GCF_060484255.1/GCF_060484255.1_ASM6048425v1_genomic.fna	1	4059947	4059947	4059947.0	4059947	4059947	43.89
GCF_060484315.1	/home/bacte/bacillus_amr/01_genomes/ncbi_dataset/ncbi_dataset/data/GCF_060484315.1/GCF_060484315.1_ASM6048431v1_genomic.fna	3	4108075	70118	1369358.3	3519767	3519767	43.91
GCF_061541425.1	/home/bacte/bacillus_amr/01_genomes/ncbi_dataset/ncbi_dataset/data/GCF_061541425.1/GCF_061541425.1_ASM61541425v1_genomic.fna	30	4055220	2252	135174.0	521872	185504	43.78
GCF_029772985.1	/home/bacte/bacillus_amr/01_genomes/ncbi_dataset/ncbi_dataset/data/GCF_029772985.1/GCF_029772985.1_ASM2977298v1_genomic.fna	1	4282228	4282228	4282228.0	4282228	4282228	43.66
GCF_020551885.1	/home/bacte/bacillus_amr/01_genomes/ncbi_dataset/ncbi_dataset/data/GCF_020551885.1/GCF_020551885.1_ASM2055188v1_genomic.fna	24	4090980	207	170457.5	2082069	2082069	43.83
GCF_050017575.1	/home/bacte/bacillus_amr/01_genomes/ncbi_dataset/ncbi_dataset/data/GCF_050017575.1/GCF_050017575.1_ASM5001757v1_genomic.fna	23	4357733	208	189466.7	2185229	2185229	43.14
GCF_056777085.1	/home/bacte/bacillus_amr/01_genomes/ncbi_dataset/ncbi_dataset/data/GCF_056777085.1/GCF_056777085.1_ASM5677708v1_genomic.fna	44	4142054	221	94137.6	2121329	2121329	43.84
GCF_059818205.1	/home/bacte/bacillus_amr/01_genomes/ncbi_dataset/ncbi_dataset/data/GCF_059818205.1/GCF_059818205.1_ASM5981820v1_genomic.fna	32	4034008	317	126062.8	837327	509178	43.74
GCF_001604995.1	/home/bacte/bacillus_amr/01_genomes/ncbi_dataset/ncbi_dataset/data/GCF_001604995.1/GCF_001604995.1_ASM160499v1_genomic.fna	1	4195195	4195195	4195195.0	4195195	4195195	43.55
GCF_002072735.1	/home/bacte/bacillus_amr/01_genomes/ncbi_dataset/ncbi_dataset/data/GCF_002072735.1/GCF_002072735.1_ASM207273v1_genomic.fna	1	4072961	4072961	4072961.0	4072961	4072961	43.77
GCF_002142595.1	/home/bacte/bacillus_amr/01_genomes/ncbi_dataset/ncbi_dataset/data/GCF_002142595.1/GCF_002142595.1_ASM214259v1_genomic.fna	1	3923177	3923177	3923177.0	3923177	3923177	44.08
GCF_002277775.1	/home/bacte/bacillus_amr/01_genomes/ncbi_dataset/ncbi_dataset/data/GCF_002277775.1/GCF_002277775.1_ASM227777v1_genomic.fna	19	4271280	637	224804.2	1047133	964698	43.27
GCF_004103895.1	/home/bacte/bacillus_amr/01_genomes/ncbi_dataset/ncbi_dataset/data/GCF_004103895.1/GCF_004103895.1_ASM410389v1_genomic.fna	10	3980593	202	398059.3	3972156	3972156	43.71
GCF_004294535.1	/home/bacte/bacillus_amr/01_genomes/ncbi_dataset/ncbi_dataset/data/GCF_004294535.1/GCF_004294535.1_ASM429453v1_genomic.fna	21	4059431	525	193306.2	1127476	1061166	43.76
GCF_004294565.1	/home/bacte/bacillus_amr/01_genomes/ncbi_dataset/ncbi_dataset/data/GCF_004294565.1/GCF_004294565.1_ASM429456v1_genomic.fna	22	4060396	551	184563.5	2070070	2070070	43.75
GCF_005849145.1	/home/bacte/bacillus_amr/01_genomes/ncbi_dataset/ncbi_dataset/data/GCF_005849145.1/GCF_005849145.1_ASM584914v1_genomic.fna	1	4073059	4073059	4073059.0	4073059	4073059	43.77
GCF_011765645.1	/home/bacte/bacillus_amr/01_genomes/ncbi_dataset/ncbi_dataset/data/GCF_011765645.1/GCF_011765645.1_ASM1176564v1_genomic.fna	1	4142132	4142132	4142132.0	4142132	4142132	43.47
GCF_012935335.1	/home/bacte/bacillus_amr/01_genomes/ncbi_dataset/ncbi_dataset/data/GCF_012935335.1/GCF_012935335.1_ASM1293533v1_genomic.fna	19	4119465	1075	216813.9	1141350	1049484	43.64
GCF_014046405.1	/home/bacte/bacillus_amr/01_genomes/ncbi_dataset/ncbi_dataset/data/GCF_014046405.1/GCF_014046405.1_ASM1404640v1_genomic.fna	19	4095178	566	215535.7	1047190	1025467	43.65
GCF_014219005.1	/home/bacte/bacillus_amr/01_genomes/ncbi_dataset/ncbi_dataset/data/GCF_014219005.1/GCF_014219005.1_ASM1421900v1_genomic.fna	27	4072554	235	150835.3	1073524	1059907	43.71
GCF_014805495.1	/home/bacte/bacillus_amr/01_genomes/ncbi_dataset/ncbi_dataset/data/GCF_014805495.1/GCF_014805495.1_ASM1480549v1_genomic.fna	20	4001755	515	200087.8	737639	441117	43.78
GCF_014856585.1	/home/bacte/bacillus_amr/01_genomes/ncbi_dataset/ncbi_dataset/data/GCF_014856585.1/GCF_014856585.1_ASM1485658v1_genomic.fna	120	4050649	527	33755.4	261348	84319	43.41
GCF_021555035.1	/home/bacte/bacillus_amr/01_genomes/ncbi_dataset/ncbi_dataset/data/GCF_021555035.1/GCF_021555035.1_ASM2155503v1_genomic.fna	33	4134229	200	125279.7	1048420	1021562	43.44
GCF_022647025.1	/home/bacte/bacillus_amr/01_genomes/ncbi_dataset/ncbi_dataset/data/GCF_022647025.1/GCF_022647025.1_ASM2264702v1_genomic.fna	2	4402437	136400	2201218.5	4266037	4266037	42.88
GCF_023614045.1	/home/bacte/bacillus_amr/01_genomes/ncbi_dataset/ncbi_dataset/data/GCF_023614045.1/GCF_023614045.1_ASM2361404v1_genomic.fna	18	4205065	538	233614.7	890300	710578	43.44
GCF_024259785.1	/home/bacte/bacillus_amr/01_genomes/ncbi_dataset/ncbi_dataset/data/GCF_024259785.1/GCF_024259785.1_ASM2425978v1_genomic.fna	13	4067561	1050	312889.3	1064576	1046314	43.68
GCF_030053655.1	/home/bacte/bacillus_amr/01_genomes/ncbi_dataset/ncbi_dataset/data/GCF_030053655.1/GCF_030053655.1_ASM3005365v1_genomic.fna	1	4331506	4331506	4331506.0	4331506	4331506	43.18
GCF_030053795.1	/home/bacte/bacillus_amr/01_genomes/ncbi_dataset/ncbi_dataset/data/GCF_030053795.1/GCF_030053795.1_ASM3005379v1_genomic.fna	1	4215653	4215653	4215653.0	4215653	4215653	43.51
GCF_030123145.1	/home/bacte/bacillus_amr/01_genomes/ncbi_dataset/ncbi_dataset/data/GCF_030123145.1/GCF_030123145.1_ASM3012314v1_genomic.fna	1	4237328	4237328	4237328.0	4237328	4237328	43.49
GCF_030863625.1	/home/bacte/bacillus_amr/01_genomes/ncbi_dataset/ncbi_dataset/data/GCF_030863625.1/GCF_030863625.1_ASM3086362v1_genomic.fna	1	3908079	3908079	3908079.0	3908079	3908079	43.82
GCF_033100155.1	/home/bacte/bacillus_amr/01_genomes/ncbi_dataset/ncbi_dataset/data/GCF_033100155.1/GCF_033100155.1_ASM3310015v1_genomic.fna	1	4093049	4093049	4093049.0	4093049	4093049	43.63
GCF_033949325.1	/home/bacte/bacillus_amr/01_genomes/ncbi_dataset/ncbi_dataset/data/GCF_033949325.1/GCF_033949325.1_ASM3394932v1_genomic.fna	104	3998558	200	38447.7	700711	428280	43.83
GCF_034054115.1	/home/bacte/bacillus_amr/01_genomes/ncbi_dataset/ncbi_dataset/data/GCF_034054115.1/GCF_034054115.1_ASM3405411v1_genomic.fna	1	4211317	4211317	4211317.0	4211317	4211317	43.51
GCF_036962225.1	/home/bacte/bacillus_amr/01_genomes/ncbi_dataset/ncbi_dataset/data/GCF_036962225.1/GCF_036962225.1_ASM3696222v1_genomic.fna	37	4295939	1362	116106.5	977688	350456	43.34
GCF_036965365.1	/home/bacte/bacillus_amr/01_genomes/ncbi_dataset/ncbi_dataset/data/GCF_036965365.1/GCF_036965365.1_ASM3696536v1_genomic.fna	20	4064636	1026	203231.8	1068411	616078	43.68
GCF_036966285.1	/home/bacte/bacillus_amr/01_genomes/ncbi_dataset/ncbi_dataset/data/GCF_036966285.1/GCF_036966285.1_ASM3696628v1_genomic.fna	36	4082033	1013	113389.8	1081711	645643	43.55
GCF_036966605.1	/home/bacte/bacillus_amr/01_genomes/ncbi_dataset/ncbi_dataset/data/GCF_036966605.1/GCF_036966605.1_ASM3696660v1_genomic.fna	13	4076264	1660	313558.8	1069590	895936	43.63
GCF_036966765.1	/home/bacte/bacillus_amr/01_genomes/ncbi_dataset/ncbi_dataset/data/GCF_036966765.1/GCF_036966765.1_ASM3696676v1_genomic.fna	28	4071571	1514	145413.3	789578	474666	43.53
GCF_037026705.1	/home/bacte/bacillus_amr/01_genomes/ncbi_dataset/ncbi_dataset/data/GCF_037026705.1/GCF_037026705.1_ASM3702670v1_genomic.fna	71	4138429	251	58287.7	342576	173899	43.31
GCF_037997165.1	/home/bacte/bacillus_amr/01_genomes/ncbi_dataset/ncbi_dataset/data/GCF_037997165.1/GCF_037997165.1_ASM3799716v1_genomic.fna	1	4215642	4215642	4215642.0	4215642	4215642	43.51
GCF_038442665.1	/home/bacte/bacillus_amr/01_genomes/ncbi_dataset/ncbi_dataset/data/GCF_038442665.1/GCF_038442665.1_YB-187_genome_genomic.fna	1	4215643	4215643	4215643.0	4215643	4215643	43.51
GCF_040151275.1	/home/bacte/bacillus_amr/01_genomes/ncbi_dataset/ncbi_dataset/data/GCF_040151275.1/GCF_040151275.1_ASM4015127v1_genomic.fna	20	4012310	569	200615.5	1047927	1006753	43.70
GCF_040712175.1	/home/bacte/bacillus_amr/01_genomes/ncbi_dataset/ncbi_dataset/data/GCF_040712175.1/GCF_040712175.1_JM553_genomic.fna	1	4075940	4075940	4075940.0	4075940	4075940	43.88
GCF_041153445.1	/home/bacte/bacillus_amr/01_genomes/ncbi_dataset/ncbi_dataset/data/GCF_041153445.1/GCF_041153445.1_ASM4115344v1_genomic.fna	11	4004109	4942	364009.9	2043102	2043102	43.75
GCF_041224885.1	/home/bacte/bacillus_amr/01_genomes/ncbi_dataset/ncbi_dataset/data/GCF_041224885.1/GCF_041224885.1_ASM4122488v1_genomic.fna	34	4165574	514	122516.9	864330	558088	43.37
GCF_041344815.1	/home/bacte/bacillus_amr/01_genomes/ncbi_dataset/ncbi_dataset/data/GCF_041344815.1/GCF_041344815.1_ASM4134481v1_genomic.fna	1	4180244	4180244	4180244.0	4180244	4180244	43.51
GCF_041385545.1	/home/bacte/bacillus_amr/01_genomes/ncbi_dataset/ncbi_dataset/data/GCF_041385545.1/GCF_041385545.1_ASM4138554v1_genomic.fna	82	4115652	591	50190.9	438459	100581	43.43
GCF_041514415.1	/home/bacte/bacillus_amr/01_genomes/ncbi_dataset/ncbi_dataset/data/GCF_041514415.1/GCF_041514415.1_ASM4151441v1_genomic.fna	1	4083451	4083451	4083451.0	4083451	4083451	43.83
GCF_042611185.1	/home/bacte/bacillus_amr/01_genomes/ncbi_dataset/ncbi_dataset/data/GCF_042611185.1/GCF_042611185.1_ASM4261118v1_genomic.fna	14	3969729	1562	283552.1	1060147	1016735	43.68
GCF_044130245.1	/home/bacte/bacillus_amr/01_genomes/ncbi_dataset/ncbi_dataset/data/GCF_044130245.1/GCF_044130245.1_ASM4413024v1_genomic.fna	21	4154262	550	197822.0	1162456	1065295	43.64
GCF_045277765.1	/home/bacte/bacillus_amr/01_genomes/ncbi_dataset/ncbi_dataset/data/GCF_045277765.1/GCF_045277765.1_ASM4527776v1_genomic.fna	1	4168801	4168801	4168801.0	4168801	4168801	40.50
GCF_045291565.1	/home/bacte/bacillus_amr/01_genomes/ncbi_dataset/ncbi_dataset/data/GCF_045291565.1/GCF_045291565.1_ASM4529156v1_genomic.fna	1	4089583	4089583	4089583.0	4089583	4089583	43.82
GCF_047273435.1	/home/bacte/bacillus_amr/01_genomes/ncbi_dataset/ncbi_dataset/data/GCF_047273435.1/GCF_047273435.1_ASM4727343v1_genomic.fna	1	4572713	4572713	4572713.0	4572713	4572713	43.60
GCF_047302535.1	/home/bacte/bacillus_amr/01_genomes/ncbi_dataset/ncbi_dataset/data/GCF_047302535.1/GCF_047302535.1_SY83.1.0_genomic.fna	1	4117990	4117990	4117990.0	4117990	4117990	43.80
GCF_049803375.1	/home/bacte/bacillus_amr/01_genomes/ncbi_dataset/ncbi_dataset/data/GCF_049803375.1/GCF_049803375.1_ASM4980337v1_genomic.fna	37	4002262	203	108169.2	1182839	1068001	43.59
GCF_051192595.1	/home/bacte/bacillus_amr/01_genomes/ncbi_dataset/ncbi_dataset/data/GCF_051192595.1/GCF_051192595.1_ASM5119259v1_genomic.fna	22	4074393	205	185199.7	1087158	1066606	43.64
GCF_051486545.1	/home/bacte/bacillus_amr/01_genomes/ncbi_dataset/ncbi_dataset/data/GCF_051486545.1/GCF_051486545.1_ASM5148654v1_genomic.fna	19	4188149	1714	220428.9	1056085	690617	43.44
GCF_051487145.1	/home/bacte/bacillus_amr/01_genomes/ncbi_dataset/ncbi_dataset/data/GCF_051487145.1/GCF_051487145.1_ASM5148714v1_genomic.fna	15	4098172	1045	273211.5	1104961	1076748	43.44
GCF_051487275.1	/home/bacte/bacillus_amr/01_genomes/ncbi_dataset/ncbi_dataset/data/GCF_051487275.1/GCF_051487275.1_ASM5148727v1_genomic.fna	18	4175265	1361	231959.2	1056085	874751	43.45
GCF_051487365.1	/home/bacte/bacillus_amr/01_genomes/ncbi_dataset/ncbi_dataset/data/GCF_051487365.1/GCF_051487365.1_ASM5148736v1_genomic.fna	19	4102810	1622	215937.4	1053886	690690	43.62
GCF_051858235.2	/home/bacte/bacillus_amr/01_genomes/ncbi_dataset/ncbi_dataset/data/GCF_051858235.2/GCF_051858235.2_ASM5185823v3_genomic.fna	2	4119921	9324	2059960.5	4110597	4110597	43.61
GCF_051908735.1	/home/bacte/bacillus_amr/01_genomes/ncbi_dataset/ncbi_dataset/data/GCF_051908735.1/GCF_051908735.1_ASM5190873v1_genomic.fna	2	4137114	1279	2068557.0	4135835	4135835	43.73
GCF_052591155.1	/home/bacte/bacillus_amr/01_genomes/ncbi_dataset/ncbi_dataset/data/GCF_052591155.1/GCF_052591155.1_ASM5259115v1_genomic.fna	2	4047779	8528	2023889.5	4039251	4039251	43.86
GCF_052806235.1	/home/bacte/bacillus_amr/01_genomes/ncbi_dataset/ncbi_dataset/data/GCF_052806235.1/GCF_052806235.1_ASM5280623v1_genomic.fna	16	4029479	258	251842.4	1080866	1038001	43.66
GCF_053291885.1	/home/bacte/bacillus_amr/01_genomes/ncbi_dataset/ncbi_dataset/data/GCF_053291885.1/GCF_053291885.1_ASM5329188v1_genomic.fna	1	4217970	4217970	4217970.0	4217970	4217970	43.54
GCF_053895045.1	/home/bacte/bacillus_amr/01_genomes/ncbi_dataset/ncbi_dataset/data/GCF_053895045.1/GCF_053895045.1_ASM5389504v1_genomic.fna	85	4629911	1503	54469.5	482298	309000	43.93
GCF_054462015.1	/home/bacte/bacillus_amr/01_genomes/ncbi_dataset/ncbi_dataset/data/GCF_054462015.1/GCF_054462015.1_ASM5446201v1_genomic.fna	6	4177814	50494	696302.3	1981951	1167889	43.58
GCF_054552515.1	/home/bacte/bacillus_amr/01_genomes/ncbi_dataset/ncbi_dataset/data/GCF_054552515.1/GCF_054552515.1_ASM5455251v1_genomic.fna	2	4182468	4570	2091234.0	4177898	4177898	43.59
GCF_054552535.1	/home/bacte/bacillus_amr/01_genomes/ncbi_dataset/ncbi_dataset/data/GCF_054552535.1/GCF_054552535.1_ASM5455253v1_genomic.fna	2	4182502	5244	2091251.0	4177258	4177258	43.59
GCF_054552615.1	/home/bacte/bacillus_amr/01_genomes/ncbi_dataset/ncbi_dataset/data/GCF_054552615.1/GCF_054552615.1_ASM5455261v1_genomic.fna	2	4183553	5656	2091776.5	4177897	4177897	43.59
GCF_055229245.1	/home/bacte/bacillus_amr/01_genomes/ncbi_dataset/ncbi_dataset/data/GCF_055229245.1/GCF_055229245.1_ASM5522924v1_genomic.fna	102	3958996	244	38813.7	369496	103591	43.48
GCF_055326565.1	/home/bacte/bacillus_amr/01_genomes/ncbi_dataset/ncbi_dataset/data/GCF_055326565.1/GCF_055326565.1_ASM5532656v1_genomic.fna	76	4059792	502	53418.3	333745	152404	43.36
GCF_055326625.1	/home/bacte/bacillus_amr/01_genomes/ncbi_dataset/ncbi_dataset/data/GCF_055326625.1/GCF_055326625.1_ASM5532662v1_genomic.fna	499	4341256	500	8699.9	333745	137585	43.62
GCF_055378645.1	/home/bacte/bacillus_amr/01_genomes/ncbi_dataset/ncbi_dataset/data/GCF_055378645.1/GCF_055378645.1_ASM5537864v1_genomic.fna	4	4184065	5820	1046016.3	4043434	4043434	43.36
GCF_055378935.1	/home/bacte/bacillus_amr/01_genomes/ncbi_dataset/ncbi_dataset/data/GCF_055378935.1/GCF_055378935.1_ASM5537893v1_genomic.fna	3	4191244	5820	1397081.3	4120809	4120809	43.38
GCF_055690685.1	/home/bacte/bacillus_amr/01_genomes/ncbi_dataset/ncbi_dataset/data/GCF_055690685.1/GCF_055690685.1_ASM5569068v1_genomic.fna	1	4177895	4177895	4177895.0	4177895	4177895	43.57
GCF_055801795.1	/home/bacte/bacillus_amr/01_genomes/ncbi_dataset/ncbi_dataset/data/GCF_055801795.1/GCF_055801795.1_ASM5580179v1_genomic.fna	1	4123886	4123886	4123886.0	4123886	4123886	43.79
GCF_056156505.1	/home/bacte/bacillus_amr/01_genomes/ncbi_dataset/ncbi_dataset/data/GCF_056156505.1/GCF_056156505.1_ASM5615650v1_genomic.fna	12	4173813	604	347817.8	2222919	2222919	43.42
GCF_056377955.1	/home/bacte/bacillus_amr/01_genomes/ncbi_dataset/ncbi_dataset/data/GCF_056377955.1/GCF_056377955.1_ASM5637795v1_genomic.fna	26	4101732	200	157758.9	1096246	1063461	43.67
GCF_056674935.1	/home/bacte/bacillus_amr/01_genomes/ncbi_dataset/ncbi_dataset/data/GCF_056674935.1/GCF_056674935.1_ASM5667493v1_genomic.fna	596	4088061	203	6859.2	54326	13858	43.61
GCF_056784195.1	/home/bacte/bacillus_amr/01_genomes/ncbi_dataset/ncbi_dataset/data/GCF_056784195.1/GCF_056784195.1_ASM5678419v1_genomic.fna	1	4190755	4190755	4190755.0	4190755	4190755	43.57
GCF_057334135.1	/home/bacte/bacillus_amr/01_genomes/ncbi_dataset/ncbi_dataset/data/GCF_057334135.1/GCF_057334135.1_ASM5733413v1_genomic.fna	41	4122937	405	100559.4	824993	342664	43.60
GCF_057334335.1	/home/bacte/bacillus_amr/01_genomes/ncbi_dataset/ncbi_dataset/data/GCF_057334335.1/GCF_057334335.1_ASM5733433v1_genomic.fna	40	4123209	405	103080.2	824993	342664	43.60
GCF_057334475.1	/home/bacte/bacillus_amr/01_genomes/ncbi_dataset/ncbi_dataset/data/GCF_057334475.1/GCF_057334475.1_ASM5733447v1_genomic.fna	11	4104455	3834	373132.3	1074154	1058100	43.64
GCF_057334615.1	/home/bacte/bacillus_amr/01_genomes/ncbi_dataset/ncbi_dataset/data/GCF_057334615.1/GCF_057334615.1_ASM5733461v1_genomic.fna	41	4122766	405	100555.3	824993	342664	43.60
GCF_058137905.1	/home/bacte/bacillus_amr/01_genomes/ncbi_dataset/ncbi_dataset/data/GCF_058137905.1/GCF_058137905.1_ASM5813790v1_genomic.fna	1	4086129	4086129	4086129.0	4086129	4086129	43.79
GCF_058182495.1	/home/bacte/bacillus_amr/01_genomes/ncbi_dataset/ncbi_dataset/data/GCF_058182495.1/GCF_058182495.1_ASM5818249v1_genomic.fna	1	4084082	4084082	4084082.0	4084082	4084082	43.81
GCF_058629295.1	/home/bacte/bacillus_amr/01_genomes/ncbi_dataset/ncbi_dataset/data/GCF_058629295.1/GCF_058629295.1_ASM5862929v1_genomic.fna	200	4330386	231	21651.9	1104576	466147	43.45
GCF_058629315.1	/home/bacte/bacillus_amr/01_genomes/ncbi_dataset/ncbi_dataset/data/GCF_058629315.1/GCF_058629315.1_ASM5862931v1_genomic.fna	58	4191304	209	72263.9	1053826	1034991	43.43
GCF_059801065.1	/home/bacte/bacillus_amr/01_genomes/ncbi_dataset/ncbi_dataset/data/GCF_059801065.1/GCF_059801065.1_ASM5980106v1_genomic.fna	3	4196826	6787	1398942.0	4125422	4125422	43.37
GCF_060371815.1	/home/bacte/bacillus_amr/01_genomes/ncbi_dataset/ncbi_dataset/data/GCF_060371815.1/GCF_060371815.1_ASM6037181v1_genomic.fna	3	4139959	6610	1379986.3	4005730	4005730	43.57
GCF_060371935.1	/home/bacte/bacillus_amr/01_genomes/ncbi_dataset/ncbi_dataset/data/GCF_060371935.1/GCF_060371935.1_ASM6037193v1_genomic.fna	8	3949504	800	493688.0	1625494	1059377	43.63
GCF_060371975.1	/home/bacte/bacillus_amr/01_genomes/ncbi_dataset/ncbi_dataset/data/GCF_060371975.1/GCF_060371975.1_ASM6037197v1_genomic.fna	2	4012340	6610	2006170.0	4005730	4005730	43.82
GCF_061230955.1	/home/bacte/bacillus_amr/01_genomes/ncbi_dataset/ncbi_dataset/data/GCF_061230955.1/GCF_061230955.1_ASM6123095v1_genomic.fna	2	4182468	4570	2091234.0	4177898	4177898	43.59
GCF_061231015.1	/home/bacte/bacillus_amr/01_genomes/ncbi_dataset/ncbi_dataset/data/GCF_061231015.1/GCF_061231015.1_ASM6123101v1_genomic.fna	2	4182502	5244	2091251.0	4177258	4177258	43.59
GCF_061231035.1	/home/bacte/bacillus_amr/01_genomes/ncbi_dataset/ncbi_dataset/data/GCF_061231035.1/GCF_061231035.1_ASM6123103v1_genomic.fna	2	4183553	5656	2091776.5	4177897	4177897	43.59
GCF_977015325.1	/home/bacte/bacillus_amr/01_genomes/ncbi_dataset/ncbi_dataset/data/GCF_977015325.1/GCF_977015325.1_BSCM_023_assembly_genomic.fna	2	4170242	110707	2085121.0	4059535	4059535	43.66
GCF_977015415.1	/home/bacte/bacillus_amr/01_genomes/ncbi_dataset/ncbi_dataset/data/GCF_977015415.1/GCF_977015415.1_BSCM_089_assembly_genomic.fna	2	4396715	128110	2198357.5	4268605	4268605	43.28
GCF_977015745.1	/home/bacte/bacillus_amr/01_genomes/ncbi_dataset/ncbi_dataset/data/GCF_977015745.1/GCF_977015745.1_BSCM_076_assembly_genomic.fna	2	4169378	34835	2084689.0	4134543	4134543	43.74
GCF_977016005.1	/home/bacte/bacillus_amr/01_genomes/ncbi_dataset/ncbi_dataset/data/GCF_977016005.1/GCF_977016005.1_BSCM_087_assembly_genomic.fna	2	4131976	37598	2065988.0	4094378	4094378	43.74
GCF_977016065.1	/home/bacte/bacillus_amr/01_genomes/ncbi_dataset/ncbi_dataset/data/GCF_977016065.1/GCF_977016065.1_BSCM_097_assembly_genomic.fna	2	4148863	35538	2074431.5	4113325	4113325	43.77
GCF_001625135.1	/home/bacte/bacillus_amr/01_genomes/ncbi_dataset/ncbi_dataset/data/GCF_001625135.1/GCF_001625135.1_ASM162513v1_genomic.fna	28	4119571	210	147127.5	851014	429960	43.72
GCF_003931545.1	/home/bacte/bacillus_amr/01_genomes/ncbi_dataset/ncbi_dataset/data/GCF_003931545.1/GCF_003931545.1_ASM393154v1_genomic.fna	43	4009488	331	93243.9	1065088	1036577	43.79
GCF_011317145.1	/home/bacte/bacillus_amr/01_genomes/ncbi_dataset/ncbi_dataset/data/GCF_011317145.1/GCF_011317145.1_ASM1131714v1_genomic.fna	47	4121943	203	87700.9	1140720	1063829	43.50
GCF_011800745.1	/home/bacte/bacillus_amr/01_genomes/ncbi_dataset/ncbi_dataset/data/GCF_011800745.1/GCF_011800745.1_ASM1180074v1_genomic.fna	16	4090640	1049	255665.0	1067105	1036774	43.66
GCF_012648205.1	/home/bacte/bacillus_amr/01_genomes/ncbi_dataset/ncbi_dataset/data/GCF_012648205.1/GCF_012648205.1_ASM1264820v1_genomic.fna	1	4059834	4059834	4059834.0	4059834	4059834	43.85
GCF_013332455.1	/home/bacte/bacillus_amr/01_genomes/ncbi_dataset/ncbi_dataset/data/GCF_013332455.1/GCF_013332455.1_ASM1333245v1_genomic.fna	22	4084062	276	185639.2	1059163	1042180	43.63
GCF_039619305.1	/home/bacte/bacillus_amr/01_genomes/ncbi_dataset/ncbi_dataset/data/GCF_039619305.1/GCF_039619305.1_ASM3961930v1_genomic.fna	1	4086124	4086124	4086124.0	4086124	4086124	43.81
GCF_041023695.1	/home/bacte/bacillus_amr/01_genomes/ncbi_dataset/ncbi_dataset/data/GCF_041023695.1/GCF_041023695.1_ASM4102369v1_genomic.fna	12	4071622	1592	339301.8	1038473	629767	43.66
GCF_049860545.1	/home/bacte/bacillus_amr/01_genomes/ncbi_dataset/ncbi_dataset/data/GCF_049860545.1/GCF_049860545.1_ASM4986054v1_genomic.fna	2	4295485	84215	2147742.5	4211270	4211270	43.34
GCF_051904015.1	/home/bacte/bacillus_amr/01_genomes/ncbi_dataset/ncbi_dataset/data/GCF_051904015.1/GCF_051904015.1_ASM5190401v1_genomic.fna	1	4703957	4703957	4703957.0	4703957	4703957	43.82
GCF_000706705.1	/home/bacte/bacillus_amr/01_genomes/ncbi_dataset/ncbi_dataset/data/GCF_000706705.1/GCF_000706705.1_ASM70670v1_genomic.fna	1	4039155	4039155	4039155.0	4039155	4039155	43.85
GCF_012225885.1	/home/bacte/bacillus_amr/01_genomes/ncbi_dataset/ncbi_dataset/data/GCF_012225885.1/GCF_012225885.1_ASM1222588v1_genomic.fna	1	4012371	4012371	4012371.0	4012371	4012371	43.74
GCF_013332435.1	/home/bacte/bacillus_amr/01_genomes/ncbi_dataset/ncbi_dataset/data/GCF_013332435.1/GCF_013332435.1_ASM1333243v1_genomic.fna	46	3927651	303	85383.7	970146	476949	43.97
GCF_050858875.1	/home/bacte/bacillus_amr/01_genomes/ncbi_dataset/ncbi_dataset/data/GCF_050858875.1/GCF_050858875.1_ASM5085887v1_genomic.fna	1	4015220	4015220	4015220.0	4015220	4015220	44.02
GCF_058215615.1	/home/bacte/bacillus_amr/01_genomes/ncbi_dataset/ncbi_dataset/data/GCF_058215615.1/GCF_058215615.1_ASM5821561v1_genomic.fna	1	4012234	4012234	4012234.0	4012234	4012234	43.74
GCF_058215645.1	/home/bacte/bacillus_amr/01_genomes/ncbi_dataset/ncbi_dataset/data/GCF_058215645.1/GCF_058215645.1_ASM5821564v1_genomic.fna	1	4011010	4011010	4011010.0	4011010	4011010	43.73
GCF_058215675.1	/home/bacte/bacillus_amr/01_genomes/ncbi_dataset/ncbi_dataset/data/GCF_058215675.1/GCF_058215675.1_ASM5821567v1_genomic.fna	1	4011089	4011089	4011089.0	4011089	4011089	43.73
GCF_001017635.1	/home/bacte/bacillus_amr/01_genomes/ncbi_dataset/ncbi_dataset/data/GCF_001017635.1/GCF_001017635.1_ASM101763v1_genomic.fna	10	6784135	7129	678413.5	5675007	5675007	34.89
GCF_001757675.1	/home/bacte/bacillus_amr/01_genomes/ncbi_dataset/ncbi_dataset/data/GCF_001757675.1/GCF_001757675.1_ASM175767v1_genomic.fna	30	5359363	554	178645.4	1211163	773380	35.06
GCF_001757685.1	/home/bacte/bacillus_amr/01_genomes/ncbi_dataset/ncbi_dataset/data/GCF_001757685.1/GCF_001757685.1_ASM175768v1_genomic.fna	43	5356766	502	124576.0	1819375	1123256	35.06
GCF_001757695.1	/home/bacte/bacillus_amr/01_genomes/ncbi_dataset/ncbi_dataset/data/GCF_001757695.1/GCF_001757695.1_ASM175769v1_genomic.fna	60	5347504	542	89125.1	587122	245124	35.08
GCF_001757745.1	/home/bacte/bacillus_amr/01_genomes/ncbi_dataset/ncbi_dataset/data/GCF_001757745.1/GCF_001757745.1_ASM175774v1_genomic.fna	63	6008382	515	95371.1	945193	327022	34.78
GCF_002550055.1	/home/bacte/bacillus_amr/01_genomes/ncbi_dataset/ncbi_dataset/data/GCF_002550055.1/GCF_002550055.1_ASM255005v1_genomic.fna	152	6164715	203	40557.3	367860	172471	34.67
GCF_002550185.1	/home/bacte/bacillus_amr/01_genomes/ncbi_dataset/ncbi_dataset/data/GCF_002550185.1/GCF_002550185.1_ASM255018v1_genomic.fna	145	5879059	206	40545.2	438704	125791	34.81
GCF_002550215.1	/home/bacte/bacillus_amr/01_genomes/ncbi_dataset/ncbi_dataset/data/GCF_002550215.1/GCF_002550215.1_ASM255021v1_genomic.fna	387	6105600	200	15776.7	372434	73406	35.01
GCF_002551895.1	/home/bacte/bacillus_amr/01_genomes/ncbi_dataset/ncbi_dataset/data/GCF_002551895.1/GCF_002551895.1_ASM255189v1_genomic.fna	107	5903196	201	55170.1	864577	157075	34.84
GCF_002552035.1	/home/bacte/bacillus_amr/01_genomes/ncbi_dataset/ncbi_dataset/data/GCF_002552035.1/GCF_002552035.1_ASM255203v1_genomic.fna	154	5964703	206	38731.8	388721	122845	34.76
GCF_002552245.1	/home/bacte/bacillus_amr/01_genomes/ncbi_dataset/ncbi_dataset/data/GCF_002552245.1/GCF_002552245.1_ASM255224v1_genomic.fna	262	6265430	206	23913.9	265431	66201	34.70
GCF_002552395.1	/home/bacte/bacillus_amr/01_genomes/ncbi_dataset/ncbi_dataset/data/GCF_002552395.1/GCF_002552395.1_ASM255239v1_genomic.fna	93	6302729	200	67771.3	1197645	266550	34.74
GCF_002552915.1	/home/bacte/bacillus_amr/01_genomes/ncbi_dataset/ncbi_dataset/data/GCF_002552915.1/GCF_002552915.1_ASM255291v1_genomic.fna	126	6039093	200	47929.3	776717	131271	34.86
GCF_002552985.1	/home/bacte/bacillus_amr/01_genomes/ncbi_dataset/ncbi_dataset/data/GCF_002552985.1/GCF_002552985.1_ASM255298v1_genomic.fna	168	6160538	207	36669.9	351135	102173	34.65
GCF_002553055.1	/home/bacte/bacillus_amr/01_genomes/ncbi_dataset/ncbi_dataset/data/GCF_002553055.1/GCF_002553055.1_ASM255305v1_genomic.fna	124	6085840	201	49079.4	498924	172930	34.74
GCF_002553105.1	/home/bacte/bacillus_amr/01_genomes/ncbi_dataset/ncbi_dataset/data/GCF_002553105.1/GCF_002553105.1_ASM255310v1_genomic.fna	87	5995414	204	68912.8	628351	215887	34.90
GCF_002553315.1	/home/bacte/bacillus_amr/01_genomes/ncbi_dataset/ncbi_dataset/data/GCF_002553315.1/GCF_002553315.1_ASM255331v1_genomic.fna	227	6251002	206	27537.5	349972	77946	34.82
GCF_002558075.1	/home/bacte/bacillus_amr/01_genomes/ncbi_dataset/ncbi_dataset/data/GCF_002558075.1/GCF_002558075.1_ASM255807v1_genomic.fna	116	5929364	203	51115.2	597121	162064	34.79
GCF_002558235.1	/home/bacte/bacillus_amr/01_genomes/ncbi_dataset/ncbi_dataset/data/GCF_002558235.1/GCF_002558235.1_ASM255823v1_genomic.fna	164	6259421	206	38167.2	386827	160832	34.65
GCF_002558335.1	/home/bacte/bacillus_amr/01_genomes/ncbi_dataset/ncbi_dataset/data/GCF_002558335.1/GCF_002558335.1_ASM255833v1_genomic.fna	158	6292044	202	39823.1	659299	167261	34.64
GCF_002558385.1	/home/bacte/bacillus_amr/01_genomes/ncbi_dataset/ncbi_dataset/data/GCF_002558385.1/GCF_002558385.1_ASM255838v1_genomic.fna	217	6138536	200	28288.2	243557	78821	34.68
GCF_002558525.1	/home/bacte/bacillus_amr/01_genomes/ncbi_dataset/ncbi_dataset/data/GCF_002558525.1/GCF_002558525.1_ASM255852v1_genomic.fna	374	6705616	202	17929.5	245497	66354	34.96
GCF_002558545.1	/home/bacte/bacillus_amr/01_genomes/ncbi_dataset/ncbi_dataset/data/GCF_002558545.1/GCF_002558545.1_ASM255854v1_genomic.fna	80	5594011	206	69925.1	689293	247719	34.92
GCF_002558635.1	/home/bacte/bacillus_amr/01_genomes/ncbi_dataset/ncbi_dataset/data/GCF_002558635.1/GCF_002558635.1_ASM255863v1_genomic.fna	108	5839434	207	54068.8	827917	177070	34.84
GCF_002558815.1	/home/bacte/bacillus_amr/01_genomes/ncbi_dataset/ncbi_dataset/data/GCF_002558815.1/GCF_002558815.1_ASM255881v1_genomic.fna	181	6373109	203	35210.5	320594	113699	34.67
GCF_002558915.1	/home/bacte/bacillus_amr/01_genomes/ncbi_dataset/ncbi_dataset/data/GCF_002558915.1/GCF_002558915.1_ASM255891v1_genomic.fna	163	6052136	200	37129.7	868189	176494	34.72
GCF_002558995.1	/home/bacte/bacillus_amr/01_genomes/ncbi_dataset/ncbi_dataset/data/GCF_002558995.1/GCF_002558995.1_ASM255899v1_genomic.fna	72	5441887	203	75581.8	508711	210229	35.14
GCF_002559295.1	/home/bacte/bacillus_amr/01_genomes/ncbi_dataset/ncbi_dataset/data/GCF_002559295.1/GCF_002559295.1_ASM255929v1_genomic.fna	104	6378306	206	61329.9	1091653	242318	34.82
GCF_002559825.1	/home/bacte/bacillus_amr/01_genomes/ncbi_dataset/ncbi_dataset/data/GCF_002559825.1/GCF_002559825.1_ASM255982v1_genomic.fna	146	6101693	203	41792.4	486243	166410	34.65
GCF_002560605.1	/home/bacte/bacillus_amr/01_genomes/ncbi_dataset/ncbi_dataset/data/GCF_002560605.1/GCF_002560605.1_ASM256060v1_genomic.fna	315	6093134	207	19343.3	264227	80543	34.71
GCF_002560645.1	/home/bacte/bacillus_amr/01_genomes/ncbi_dataset/ncbi_dataset/data/GCF_002560645.1/GCF_002560645.1_ASM256064v1_genomic.fna	169	6211040	218	36751.7	375047	109497	34.67
GCF_002560815.1	/home/bacte/bacillus_amr/01_genomes/ncbi_dataset/ncbi_dataset/data/GCF_002560815.1/GCF_002560815.1_ASM256081v1_genomic.fna	109	5868172	207	53836.4	420504	181881	34.91
GCF_002561375.1	/home/bacte/bacillus_amr/01_genomes/ncbi_dataset/ncbi_dataset/data/GCF_002561375.1/GCF_002561375.1_ASM256137v1_genomic.fna	169	5853046	207	34633.4	371750	115667	34.90
GCF_002561585.1	/home/bacte/bacillus_amr/01_genomes/ncbi_dataset/ncbi_dataset/data/GCF_002561585.1/GCF_002561585.1_ASM256158v1_genomic.fna	146	5936084	201	40658.1	306506	115406	34.71
GCF_002561665.1	/home/bacte/bacillus_amr/01_genomes/ncbi_dataset/ncbi_dataset/data/GCF_002561665.1/GCF_002561665.1_ASM256166v1_genomic.fna	192	6465077	200	33672.3	388374	118888	34.68
GCF_002561735.1	/home/bacte/bacillus_amr/01_genomes/ncbi_dataset/ncbi_dataset/data/GCF_002561735.1/GCF_002561735.1_ASM256173v1_genomic.fna	103	5969309	207	57954.5	868639	192193	34.90
GCF_002562045.1	/home/bacte/bacillus_amr/01_genomes/ncbi_dataset/ncbi_dataset/data/GCF_002562045.1/GCF_002562045.1_ASM256204v1_genomic.fna	179	6105078	206	34106.6	478221	110002	34.65
GCF_002562295.1	/home/bacte/bacillus_amr/01_genomes/ncbi_dataset/ncbi_dataset/data/GCF_002562295.1/GCF_002562295.1_ASM256229v1_genomic.fna	75	5785051	209	77134.0	892508	368016	34.94
GCF_002562415.1	/home/bacte/bacillus_amr/01_genomes/ncbi_dataset/ncbi_dataset/data/GCF_002562415.1/GCF_002562415.1_ASM256241v1_genomic.fna	77	5705198	200	74093.5	690196	328081	34.89
GCF_002562915.1	/home/bacte/bacillus_amr/01_genomes/ncbi_dataset/ncbi_dataset/data/GCF_002562915.1/GCF_002562915.1_ASM256291v1_genomic.fna	100	5915657	206	59156.6	832118	194256	34.79
GCF_002563045.1	/home/bacte/bacillus_amr/01_genomes/ncbi_dataset/ncbi_dataset/data/GCF_002563045.1/GCF_002563045.1_ASM256304v1_genomic.fna	128	5898871	207	46084.9	347058	140268	34.86
GCF_002563145.1	/home/bacte/bacillus_amr/01_genomes/ncbi_dataset/ncbi_dataset/data/GCF_002563145.1/GCF_002563145.1_ASM256314v1_genomic.fna	255	6178940	203	24231.1	320452	89607	34.64
GCF_002563275.1	/home/bacte/bacillus_amr/01_genomes/ncbi_dataset/ncbi_dataset/data/GCF_002563275.1/GCF_002563275.1_ASM256327v1_genomic.fna	194	6225824	206	32091.9	510091	82710	34.70
GCF_002565085.1	/home/bacte/bacillus_amr/01_genomes/ncbi_dataset/ncbi_dataset/data/GCF_002565085.1/GCF_002565085.1_ASM256508v1_genomic.fna	100	5607914	201	56079.1	511956	163115	34.92
GCF_002565195.1	/home/bacte/bacillus_amr/01_genomes/ncbi_dataset/ncbi_dataset/data/GCF_002565195.1/GCF_002565195.1_ASM256519v1_genomic.fna	90	6052164	204	67246.3	601964	228948	34.85
GCF_002566325.1	/home/bacte/bacillus_amr/01_genomes/ncbi_dataset/ncbi_dataset/data/GCF_002566325.1/GCF_002566325.1_ASM256632v1_genomic.fna	101	5930923	203	58722.0	826865	208831	34.88
GCF_002566555.1	/home/bacte/bacillus_amr/01_genomes/ncbi_dataset/ncbi_dataset/data/GCF_002566555.1/GCF_002566555.1_ASM256655v1_genomic.fna	175	6304386	204	36025.1	351857	121434	34.69
GCF_002566645.1	/home/bacte/bacillus_amr/01_genomes/ncbi_dataset/ncbi_dataset/data/GCF_002566645.1/GCF_002566645.1_ASM256664v1_genomic.fna	145	6107005	200	42117.3	391147	174161	34.71
GCF_002566935.1	/home/bacte/bacillus_amr/01_genomes/ncbi_dataset/ncbi_dataset/data/GCF_002566935.1/GCF_002566935.1_ASM256693v1_genomic.fna	140	6065795	207	43327.1	390484	161404	34.90
GCF_002567265.1	/home/bacte/bacillus_amr/01_genomes/ncbi_dataset/ncbi_dataset/data/GCF_002567265.1/GCF_002567265.1_ASM256726v1_genomic.fna	146	6323148	203	43309.2	679536	135287	34.88
GCF_002567295.1	/home/bacte/bacillus_amr/01_genomes/ncbi_dataset/ncbi_dataset/data/GCF_002567295.1/GCF_002567295.1_ASM256729v1_genomic.fna	87	5835355	203	67073.0	367264	208681	34.84
GCF_002567875.1	/home/bacte/bacillus_amr/01_genomes/ncbi_dataset/ncbi_dataset/data/GCF_002567875.1/GCF_002567875.1_ASM256787v1_genomic.fna	175	6212408	204	35499.5	370578	141429	34.67
GCF_002567905.1	/home/bacte/bacillus_amr/01_genomes/ncbi_dataset/ncbi_dataset/data/GCF_002567905.1/GCF_002567905.1_ASM256790v1_genomic.fna	132	5909277	200	44767.3	514799	186991	34.90
GCF_002567955.1	/home/bacte/bacillus_amr/01_genomes/ncbi_dataset/ncbi_dataset/data/GCF_002567955.1/GCF_002567955.1_ASM256795v1_genomic.fna	146	5976535	206	40935.2	590620	211056	34.89
GCF_002568175.1	/home/bacte/bacillus_amr/01_genomes/ncbi_dataset/ncbi_dataset/data/GCF_002568175.1/GCF_002568175.1_ASM256817v1_genomic.fna	194	6159910	206	31752.1	434506	102927	34.66
GCF_002568525.1	/home/bacte/bacillus_amr/01_genomes/ncbi_dataset/ncbi_dataset/data/GCF_002568525.1/GCF_002568525.1_ASM256852v1_genomic.fna	110	5946724	214	54061.1	614802	158869	34.91
GCF_002568595.1	/home/bacte/bacillus_amr/01_genomes/ncbi_dataset/ncbi_dataset/data/GCF_002568595.1/GCF_002568595.1_ASM256859v1_genomic.fna	309	6044710	200	19562.2	364144	60763	34.73
GCF_002570855.1	/home/bacte/bacillus_amr/01_genomes/ncbi_dataset/ncbi_dataset/data/GCF_002570855.1/GCF_002570855.1_ASM257085v1_genomic.fna	520	6180575	201	11885.7	107050	32326	34.67
GCF_002571105.1	/home/bacte/bacillus_amr/01_genomes/ncbi_dataset/ncbi_dataset/data/GCF_002571105.1/GCF_002571105.1_ASM257110v1_genomic.fna	408	6164111	202	15108.1	281176	66373	35.05
GCF_002574125.1	/home/bacte/bacillus_amr/01_genomes/ncbi_dataset/ncbi_dataset/data/GCF_002574125.1/GCF_002574125.1_ASM257412v1_genomic.fna	253	6076801	205	24019.0	348218	63701	34.65
GCF_002574325.1	/home/bacte/bacillus_amr/01_genomes/ncbi_dataset/ncbi_dataset/data/GCF_002574325.1/GCF_002574325.1_ASM257432v1_genomic.fna	182	6153481	206	33810.3	510409	111251	34.65
GCF_002574495.1	/home/bacte/bacillus_amr/01_genomes/ncbi_dataset/ncbi_dataset/data/GCF_002574495.1/GCF_002574495.1_ASM257449v1_genomic.fna	79	5888777	205	74541.5	1116376	239822	34.98
GCF_002574505.1	/home/bacte/bacillus_amr/01_genomes/ncbi_dataset/ncbi_dataset/data/GCF_002574505.1/GCF_002574505.1_ASM257450v1_genomic.fna	801	5856828	202	7311.9	126994	20213	34.93
GCF_002574575.1	/home/bacte/bacillus_amr/01_genomes/ncbi_dataset/ncbi_dataset/data/GCF_002574575.1/GCF_002574575.1_ASM257457v1_genomic.fna	265	5861289	202	22118.1	275402	71146	34.85
GCF_002574595.1	/home/bacte/bacillus_amr/01_genomes/ncbi_dataset/ncbi_dataset/data/GCF_002574595.1/GCF_002574595.1_ASM257459v1_genomic.fna	148	5922993	207	40020.2	355174	135409	34.87
GCF_002574675.1	/home/bacte/bacillus_amr/01_genomes/ncbi_dataset/ncbi_dataset/data/GCF_002574675.1/GCF_002574675.1_ASM257467v1_genomic.fna	147	6237387	201	42431.2	473605	149342	34.70
GCF_002575195.1	/home/bacte/bacillus_amr/01_genomes/ncbi_dataset/ncbi_dataset/data/GCF_002575195.1/GCF_002575195.1_ASM257519v1_genomic.fna	548	6020926	206	10987.1	235399	36491	34.75
GCF_002575305.1	/home/bacte/bacillus_amr/01_genomes/ncbi_dataset/ncbi_dataset/data/GCF_002575305.1/GCF_002575305.1_ASM257530v1_genomic.fna	135	6069838	203	44961.8	520359	108426	34.74
GCF_002575365.1	/home/bacte/bacillus_amr/01_genomes/ncbi_dataset/ncbi_dataset/data/GCF_002575365.1/GCF_002575365.1_ASM257536v1_genomic.fna	147	6144722	207	41800.8	685446	299540	34.74
GCF_002575445.1	/home/bacte/bacillus_amr/01_genomes/ncbi_dataset/ncbi_dataset/data/GCF_002575445.1/GCF_002575445.1_ASM257544v1_genomic.fna	130	6202526	207	47711.7	689544	182625	34.74
GCF_002575645.1	/home/bacte/bacillus_amr/01_genomes/ncbi_dataset/ncbi_dataset/data/GCF_002575645.1/GCF_002575645.1_ASM257564v1_genomic.fna	84	5950441	205	70838.6	765709	213993	34.82
GCF_002575895.1	/home/bacte/bacillus_amr/01_genomes/ncbi_dataset/ncbi_dataset/data/GCF_002575895.1/GCF_002575895.1_ASM257589v1_genomic.fna	87	5796494	201	66626.4	737241	182690	34.82
GCF_002575925.1	/home/bacte/bacillus_amr/01_genomes/ncbi_dataset/ncbi_dataset/data/GCF_002575925.1/GCF_002575925.1_ASM257592v1_genomic.fna	289	6223237	203	21533.7	196328	61793	34.67
GCF_002576055.1	/home/bacte/bacillus_amr/01_genomes/ncbi_dataset/ncbi_dataset/data/GCF_002576055.1/GCF_002576055.1_ASM257605v1_genomic.fna	565	5790132	200	10248.0	171732	29368	34.82
GCF_002576405.1	/home/bacte/bacillus_amr/01_genomes/ncbi_dataset/ncbi_dataset/data/GCF_002576405.1/GCF_002576405.1_ASM257640v1_genomic.fna	97	5916922	204	60999.2	602109	228939	34.91
GCF_002576565.1	/home/bacte/bacillus_amr/01_genomes/ncbi_dataset/ncbi_dataset/data/GCF_002576565.1/GCF_002576565.1_ASM257656v1_genomic.fna	451	5840157	201	12949.4	177094	36679	34.86
GCF_002576585.1	/home/bacte/bacillus_amr/01_genomes/ncbi_dataset/ncbi_dataset/data/GCF_002576585.1/GCF_002576585.1_ASM257658v1_genomic.fna	424	6153920	201	14514.0	254431	70464	35.04
GCF_002576665.1	/home/bacte/bacillus_amr/01_genomes/ncbi_dataset/ncbi_dataset/data/GCF_002576665.1/GCF_002576665.1_ASM257666v1_genomic.fna	174	6277239	203	36076.1	344527	149500	34.67
GCF_002576755.1	/home/bacte/bacillus_amr/01_genomes/ncbi_dataset/ncbi_dataset/data/GCF_002576755.1/GCF_002576755.1_ASM257675v1_genomic.fna	141	6030529	209	42769.7	585546	132012	34.73
GCF_002577025.1	/home/bacte/bacillus_amr/01_genomes/ncbi_dataset/ncbi_dataset/data/GCF_002577025.1/GCF_002577025.1_ASM257702v1_genomic.fna	166	6201854	207	37360.6	375160	128723	34.71
GCF_002577445.1	/home/bacte/bacillus_amr/01_genomes/ncbi_dataset/ncbi_dataset/data/GCF_002577445.1/GCF_002577445.1_ASM257744v1_genomic.fna	159	6091726	207	38312.7	873624	170828	34.73
GCF_002577525.1	/home/bacte/bacillus_amr/01_genomes/ncbi_dataset/ncbi_dataset/data/GCF_002577525.1/GCF_002577525.1_ASM257752v1_genomic.fna	78	5824769	217	74676.5	679627	371762	34.85
GCF_002577605.1	/home/bacte/bacillus_amr/01_genomes/ncbi_dataset/ncbi_dataset/data/GCF_002577605.1/GCF_002577605.1_ASM257760v1_genomic.fna	110	5717765	205	51979.7	241894	129357	34.89
GCF_002577625.1	/home/bacte/bacillus_amr/01_genomes/ncbi_dataset/ncbi_dataset/data/GCF_002577625.1/GCF_002577625.1_ASM257762v1_genomic.fna	166	6255908	203	37686.2	648585	105107	35.05
GCF_002577805.1	/home/bacte/bacillus_amr/01_genomes/ncbi_dataset/ncbi_dataset/data/GCF_002577805.1/GCF_002577805.1_ASM257780v1_genomic.fna	239	5875416	202	24583.3	457857	137347	34.82
GCF_002577835.1	/home/bacte/bacillus_amr/01_genomes/ncbi_dataset/ncbi_dataset/data/GCF_002577835.1/GCF_002577835.1_ASM257783v1_genomic.fna	162	5937636	205	36652.1	354696	127441	34.79
GCF_002578625.1	/home/bacte/bacillus_amr/01_genomes/ncbi_dataset/ncbi_dataset/data/GCF_002578625.1/GCF_002578625.1_ASM257862v1_genomic.fna	157	6186503	207	39404.5	1010564	131517	34.66
GCF_002583235.1	/home/bacte/bacillus_amr/01_genomes/ncbi_dataset/ncbi_dataset/data/GCF_002583235.1/GCF_002583235.1_ASM258323v1_genomic.fna	176	5994566	201	34060.0	323869	127988	34.90
GCF_002583505.1	/home/bacte/bacillus_amr/01_genomes/ncbi_dataset/ncbi_dataset/data/GCF_002583505.1/GCF_002583505.1_ASM258350v1_genomic.fna	158	6299488	204	39870.2	1391415	243079	34.77
GCF_002584855.1	/home/bacte/bacillus_amr/01_genomes/ncbi_dataset/ncbi_dataset/data/GCF_002584855.1/GCF_002584855.1_ASM258485v1_genomic.fna	797	6290651	200	7892.9	623508	158343	34.79
GCF_002584925.1	/home/bacte/bacillus_amr/01_genomes/ncbi_dataset/ncbi_dataset/data/GCF_002584925.1/GCF_002584925.1_ASM258492v1_genomic.fna	689	6199878	200	8998.4	210890	25685	34.66
GCF_002585315.1	/home/bacte/bacillus_amr/01_genomes/ncbi_dataset/ncbi_dataset/data/GCF_002585315.1/GCF_002585315.1_ASM258531v1_genomic.fna	154	5977100	207	38812.3	309067	106894	34.74
GCF_002585635.1	/home/bacte/bacillus_amr/01_genomes/ncbi_dataset/ncbi_dataset/data/GCF_002585635.1/GCF_002585635.1_ASM258563v1_genomic.fna	171	6272017	207	36678.5	386508	131476	34.67
GCF_002998855.1	/home/bacte/bacillus_amr/01_genomes/ncbi_dataset/ncbi_dataset/data/GCF_002998855.1/GCF_002998855.1_ASM299885v1_genomic.fna	87	5689472	10314	65396.2	374947	117430	35.07
GCF_003150715.1	/home/bacte/bacillus_amr/01_genomes/ncbi_dataset/ncbi_dataset/data/GCF_003150715.1/GCF_003150715.1_ASM315071v1_genomic.fna	96	5789681	347	60309.2	508466	192377	34.91
GCF_011765855.1	/home/bacte/bacillus_amr/01_genomes/ncbi_dataset/ncbi_dataset/data/GCF_011765855.1/GCF_011765855.1_ASM1176585v1_genomic.fna	92	6112031	2090	66435.1	648925	220282	34.72
GCF_014982505.1	/home/bacte/bacillus_amr/01_genomes/ncbi_dataset/ncbi_dataset/data/GCF_014982505.1/GCF_014982505.1_ASM1498250v1_genomic.fna	55	6031893	604	109670.8	1054274	310288	34.71
GCF_025209995.1	/home/bacte/bacillus_amr/01_genomes/ncbi_dataset/ncbi_dataset/data/GCF_025209995.1/GCF_025209995.1_ASM2520999v1_genomic.fna	522	6448925	200	12354.3	189533	50733	34.71
GCF_025210065.1	/home/bacte/bacillus_amr/01_genomes/ncbi_dataset/ncbi_dataset/data/GCF_025210065.1/GCF_025210065.1_ASM2521006v1_genomic.fna	526	6360972	200	12093.1	262019	46296	34.74
GCF_025210105.1	/home/bacte/bacillus_amr/01_genomes/ncbi_dataset/ncbi_dataset/data/GCF_025210105.1/GCF_025210105.1_ASM2521010v1_genomic.fna	537	6462707	200	12034.8	223166	58598	34.72
GCF_025960305.1	/home/bacte/bacillus_amr/01_genomes/ncbi_dataset/ncbi_dataset/data/GCF_025960305.1/GCF_025960305.1_ASM2596030v1_genomic.fna	1	5432867	5432867	5432867.0	5432867	5432867	35.37
GCF_028401745.1	/home/bacte/bacillus_amr/01_genomes/ncbi_dataset/ncbi_dataset/data/GCF_028401745.1/GCF_028401745.1_ASM2840174v1_genomic.fna	81	5375287	281	66361.6	580902	192714	35.12
GCF_034045075.1	/home/bacte/bacillus_amr/01_genomes/ncbi_dataset/ncbi_dataset/data/GCF_034045075.1/GCF_034045075.1_ASM3404507v1_genomic.fna	45	5836202	255	129693.4	1116470	537677	34.80
GCF_036621215.1	/home/bacte/bacillus_amr/01_genomes/ncbi_dataset/ncbi_dataset/data/GCF_036621215.1/GCF_036621215.1_ASM3662121v1_genomic.fna	74	5888931	207	79580.1	2206065	939514	34.78
GCF_036621255.1	/home/bacte/bacillus_amr/01_genomes/ncbi_dataset/ncbi_dataset/data/GCF_036621255.1/GCF_036621255.1_ASM3662125v1_genomic.fna	61	5886958	207	96507.5	2598362	939725	34.77
GCF_036621275.1	/home/bacte/bacillus_amr/01_genomes/ncbi_dataset/ncbi_dataset/data/GCF_036621275.1/GCF_036621275.1_ASM3662127v1_genomic.fna	107	5866026	202	54822.7	731287	213130	34.97
GCF_036621295.1	/home/bacte/bacillus_amr/01_genomes/ncbi_dataset/ncbi_dataset/data/GCF_036621295.1/GCF_036621295.1_ASM3662129v1_genomic.fna	60	6012182	212	100203.0	1410443	364505	34.87
GCF_036621315.1	/home/bacte/bacillus_amr/01_genomes/ncbi_dataset/ncbi_dataset/data/GCF_036621315.1/GCF_036621315.1_ASM3662131v1_genomic.fna	108	5924263	203	54854.3	731287	197138	34.94
GCF_036621335.1	/home/bacte/bacillus_amr/01_genomes/ncbi_dataset/ncbi_dataset/data/GCF_036621335.1/GCF_036621335.1_ASM3662133v1_genomic.fna	130	5984425	200	46034.0	915137	308108	34.76
GCF_036621355.1	/home/bacte/bacillus_amr/01_genomes/ncbi_dataset/ncbi_dataset/data/GCF_036621355.1/GCF_036621355.1_ASM3662135v1_genomic.fna	93	5953714	219	64018.4	612350	277413	34.96
GCF_036621365.1	/home/bacte/bacillus_amr/01_genomes/ncbi_dataset/ncbi_dataset/data/GCF_036621365.1/GCF_036621365.1_ASM3662136v1_genomic.fna	126	5984688	200	47497.5	915438	308108	34.76
GCF_036962385.1	/home/bacte/bacillus_amr/01_genomes/ncbi_dataset/ncbi_dataset/data/GCF_036962385.1/GCF_036962385.1_ASM3696238v1_genomic.fna	747	5677636	989	7600.6	86875	16443	35.11
GCF_036963325.1	/home/bacte/bacillus_amr/01_genomes/ncbi_dataset/ncbi_dataset/data/GCF_036963325.1/GCF_036963325.1_ASM3696332v1_genomic.fna	7	5975054	1587	853579.1	5298198	5298198	35.03
GCF_036964705.1	/home/bacte/bacillus_amr/01_genomes/ncbi_dataset/ncbi_dataset/data/GCF_036964705.1/GCF_036964705.1_ASM3696470v1_genomic.fna	341	5772060	1009	16926.9	153676	34957	34.87
GCF_036965505.1	/home/bacte/bacillus_amr/01_genomes/ncbi_dataset/ncbi_dataset/data/GCF_036965505.1/GCF_036965505.1_ASM3696550v1_genomic.fna	458	5568384	987	12158.0	145116	30514	35.12
GCF_036966025.1	/home/bacte/bacillus_amr/01_genomes/ncbi_dataset/ncbi_dataset/data/GCF_036966025.1/GCF_036966025.1_ASM3696602v1_genomic.fna	669	5783295	990	8644.7	97517	19333	35.30
GCF_036966125.1	/home/bacte/bacillus_amr/01_genomes/ncbi_dataset/ncbi_dataset/data/GCF_036966125.1/GCF_036966125.1_ASM3696612v1_genomic.fna	66	5542309	1192	83974.4	440523	200517	34.93
GCF_036966485.1	/home/bacte/bacillus_amr/01_genomes/ncbi_dataset/ncbi_dataset/data/GCF_036966485.1/GCF_036966485.1_ASM3696648v1_genomic.fna	706	5917698	993	8382.0	111234	17482	34.80
GCF_036966645.1	/home/bacte/bacillus_amr/01_genomes/ncbi_dataset/ncbi_dataset/data/GCF_036966645.1/GCF_036966645.1_ASM3696664v1_genomic.fna	298	6119881	994	20536.5	327873	58146	35.00
GCF_036967025.1	/home/bacte/bacillus_amr/01_genomes/ncbi_dataset/ncbi_dataset/data/GCF_036967025.1/GCF_036967025.1_ASM3696702v1_genomic.fna	456	5671104	994	12436.6	219275	27612	35.04
GCF_036967125.1	/home/bacte/bacillus_amr/01_genomes/ncbi_dataset/ncbi_dataset/data/GCF_036967125.1/GCF_036967125.1_ASM3696712v1_genomic.fna	436	5502694	984	12620.9	151067	27920	35.09
GCF_038561975.1	/home/bacte/bacillus_amr/01_genomes/ncbi_dataset/ncbi_dataset/data/GCF_038561975.1/GCF_038561975.1_ASM3856197v1_genomic.fna	19	5154208	509	271274.1	3861074	3861074	35.19
GCF_040151295.1	/home/bacte/bacillus_amr/01_genomes/ncbi_dataset/ncbi_dataset/data/GCF_040151295.1/GCF_040151295.1_ASM4015129v1_genomic.fna	29	5552286	580	191458.1	1942219	848289	34.93
GCF_040151435.1	/home/bacte/bacillus_amr/01_genomes/ncbi_dataset/ncbi_dataset/data/GCF_040151435.1/GCF_040151435.1_ASM4015143v1_genomic.fna	42	5802939	503	138165.2	1866804	1795151	34.75
GCF_040492495.1	/home/bacte/bacillus_amr/01_genomes/ncbi_dataset/ncbi_dataset/data/GCF_040492495.1/GCF_040492495.1_ASM4049249v1_genomic.fna	798	5811977	981	7283.2	84580	12795	35.07
GCF_040712275.1	/home/bacte/bacillus_amr/01_genomes/ncbi_dataset/ncbi_dataset/data/GCF_040712275.1/GCF_040712275.1_JJ1216_genomic.fna	4	5725314	8775	1431328.5	5363548	5363548	35.11
GCF_044626295.1	/home/bacte/bacillus_amr/01_genomes/ncbi_dataset/ncbi_dataset/data/GCF_044626295.1/GCF_044626295.1_ASM4462629v1_genomic.fna	675	6535046	200	9681.5	340500	67234	34.72
GCF_044626315.1	/home/bacte/bacillus_amr/01_genomes/ncbi_dataset/ncbi_dataset/data/GCF_044626315.1/GCF_044626315.1_ASM4462631v1_genomic.fna	321	6967727	1007	21706.3	539888	103283	34.63
GCF_044626335.1	/home/bacte/bacillus_amr/01_genomes/ncbi_dataset/ncbi_dataset/data/GCF_044626335.1/GCF_044626335.1_ASM4462633v1_genomic.fna	70	5878990	1010	83985.6	733641	210771	34.97
GCF_044626375.1	/home/bacte/bacillus_amr/01_genomes/ncbi_dataset/ncbi_dataset/data/GCF_044626375.1/GCF_044626375.1_ASM4462637v1_genomic.fna	35	5585396	1244	159582.7	951603	603910	34.98
GCF_046619495.1	/home/bacte/bacillus_amr/01_genomes/ncbi_dataset/ncbi_dataset/data/GCF_046619495.1/GCF_046619495.1_Pseudomonas_sp_MPB08_genomic.fna	4	5601693	33987	1400423.3	5226767	5226767	35.30
GCF_046619515.1	/home/bacte/bacillus_amr/01_genomes/ncbi_dataset/ncbi_dataset/data/GCF_046619515.1/GCF_046619515.1_ASM4661951v1_genomic.fna	1	5176446	5176446	5176446.0	5176446	5176446	35.45
GCF_046628085.1	/home/bacte/bacillus_amr/01_genomes/ncbi_dataset/ncbi_dataset/data/GCF_046628085.1/GCF_046628085.1_ASM4662808v1_genomic.fna	4	5601184	33995	1400296.0	5226250	5226250	35.29
GCF_046628115.1	/home/bacte/bacillus_amr/01_genomes/ncbi_dataset/ncbi_dataset/data/GCF_046628115.1/GCF_046628115.1_ASM4662811v1_genomic.fna	4	5611564	33995	1402891.0	5226646	5226646	35.29
GCF_048054015.1	/home/bacte/bacillus_amr/01_genomes/ncbi_dataset/ncbi_dataset/data/GCF_048054015.1/GCF_048054015.1_ASM4805401v1_genomic.fna	35	5372171	679	153490.6	1161524	639498	35.07
GCF_051027385.1	/home/bacte/bacillus_amr/01_genomes/ncbi_dataset/ncbi_dataset/data/GCF_051027385.1/GCF_051027385.1_ASM5102738v1_genomic.fna	2	5384107	145187	2692053.5	5238920	5238920	35.37
GCF_051027395.1	/home/bacte/bacillus_amr/01_genomes/ncbi_dataset/ncbi_dataset/data/GCF_051027395.1/GCF_051027395.1_ASM5102739v1_genomic.fna	2	5378524	99723	2689262.0	5278801	5278801	35.33
GCF_051027415.1	/home/bacte/bacillus_amr/01_genomes/ncbi_dataset/ncbi_dataset/data/GCF_051027415.1/GCF_051027415.1_ASM5102741v1_genomic.fna	4	6015257	45910	1503814.3	5238926	5238926	35.13
GCF_052542035.1	/home/bacte/bacillus_amr/01_genomes/ncbi_dataset/ncbi_dataset/data/GCF_052542035.1/GCF_052542035.1_ASM5254203v1_genomic.fna	247	6104134	512	24713.1	201312	57029	35.26
GCF_052542115.1	/home/bacte/bacillus_amr/01_genomes/ncbi_dataset/ncbi_dataset/data/GCF_052542115.1/GCF_052542115.1_ASM5254211v1_genomic.fna	45	5360027	598	119111.7	1912175	316743	35.06
GCF_056832985.1	/home/bacte/bacillus_amr/01_genomes/ncbi_dataset/ncbi_dataset/data/GCF_056832985.1/GCF_056832985.1_ASM5683298v1_genomic.fna	39	5912409	671	151600.2	1063386	378292	34.86
GCF_059718295.1	/home/bacte/bacillus_amr/01_genomes/ncbi_dataset/ncbi_dataset/data/GCF_059718295.1/GCF_059718295.1_ASM5971829v1_genomic.fna	85	5737711	202	67502.5	769231	420601	34.90
GCF_060947105.1	/home/bacte/bacillus_amr/01_genomes/ncbi_dataset/ncbi_dataset/data/GCF_060947105.1/GCF_060947105.1_ASM6094710v1_genomic.fna	41	5976494	506	145768.1	2032756	1284303	34.87
GCF_061144305.1	/home/bacte/bacillus_amr/01_genomes/ncbi_dataset/ncbi_dataset/data/GCF_061144305.1/GCF_061144305.1_ASM6114430v1_genomic.fna	210	6421071	518	30576.5	222759	93376	34.70
GCF_061144365.1	/home/bacte/bacillus_amr/01_genomes/ncbi_dataset/ncbi_dataset/data/GCF_061144365.1/GCF_061144365.1_ASM6114436v1_genomic.fna	227	6430711	518	28329.1	222759	94579	34.69
GCF_061144405.1	/home/bacte/bacillus_amr/01_genomes/ncbi_dataset/ncbi_dataset/data/GCF_061144405.1/GCF_061144405.1_ASM6114440v1_genomic.fna	235	6432795	518	27373.6	219530	94579	34.70
GCF_061232475.1	/home/bacte/bacillus_amr/01_genomes/ncbi_dataset/ncbi_dataset/data/GCF_061232475.1/GCF_061232475.1_ASM6123247v1_genomic.fna	14	6745408	5535	481814.9	5656995	5656995	34.89
GCF_061232545.1	/home/bacte/bacillus_amr/01_genomes/ncbi_dataset/ncbi_dataset/data/GCF_061232545.1/GCF_061232545.1_ASM6123254v1_genomic.fna	13	6752978	5535	519459.8	5739846	5739846	34.91
GCF_061232575.1	/home/bacte/bacillus_amr/01_genomes/ncbi_dataset/ncbi_dataset/data/GCF_061232575.1/GCF_061232575.1_ASM6123257v1_genomic.fna	13	6750072	5535	519236.3	5738182	5738182	34.96
GCF_979893815.1	/home/bacte/bacillus_amr/01_genomes/ncbi_dataset/ncbi_dataset/data/GCF_979893815.1/GCF_979893815.1_SRL218_genomic.fna	2	6079139	695888	3039569.5	5383251	5383251	34.97
GCF_979895345.1	/home/bacte/bacillus_amr/01_genomes/ncbi_dataset/ncbi_dataset/data/GCF_979895345.1/GCF_979895345.1_SRL215_genomic.fna	2	6079121	695888	3039560.5	5383233	5383233	34.97
GCF_979901285.1	/home/bacte/bacillus_amr/01_genomes/ncbi_dataset/ncbi_dataset/data/GCF_979901285.1/GCF_979901285.1_SRL224_genomic.fna	2	6079077	695888	3039538.5	5383189	5383189	34.97
GCF_979908215.1	/home/bacte/bacillus_amr/01_genomes/ncbi_dataset/ncbi_dataset/data/GCF_979908215.1/GCF_979908215.1_SRL368_genomic.fna	15	6669684	832	444645.6	5481315	5481315	34.97
GCF_001880125.1	/home/bacte/bacillus_amr/01_genomes/ncbi_dataset/ncbi_dataset/data/GCF_001880125.1/GCF_001880125.1_ASM188012v1_genomic.fna	225	6408259	200	28481.2	225851	99607	34.69
GCF_002146655.1	/home/bacte/bacillus_amr/01_genomes/ncbi_dataset/ncbi_dataset/data/GCF_002146655.1/GCF_002146655.1_ASM214665v1_genomic.fna	32	5620396	681	175637.4	945454	574378	35.14
GCF_001275045.2	/home/bacte/bacillus_amr/01_genomes/ncbi_dataset/ncbi_dataset/data/GCF_001275045.2/GCF_001275045.2_ASM127504v2_genomic.fna	38	5740808	505	151073.9	5165250	5165250	34.89
GCF_002550355.1	/home/bacte/bacillus_amr/01_genomes/ncbi_dataset/ncbi_dataset/data/GCF_002550355.1/GCF_002550355.1_ASM255035v1_genomic.fna	156	5991951	211	38409.9	304622	115727	34.89
GCF_002550525.1	/home/bacte/bacillus_amr/01_genomes/ncbi_dataset/ncbi_dataset/data/GCF_002550525.1/GCF_002550525.1_ASM255052v1_genomic.fna	93	5687732	209	61158.4	768403	279223	35.03
GCF_002550725.1	/home/bacte/bacillus_amr/01_genomes/ncbi_dataset/ncbi_dataset/data/GCF_002550725.1/GCF_002550725.1_ASM255072v1_genomic.fna	183	5838556	214	31904.7	599015	76808	34.95
GCF_002550925.1	/home/bacte/bacillus_amr/01_genomes/ncbi_dataset/ncbi_dataset/data/GCF_002550925.1/GCF_002550925.1_ASM255092v1_genomic.fna	268	6011826	200	22432.2	275687	82025	34.92
GCF_002551565.1	/home/bacte/bacillus_amr/01_genomes/ncbi_dataset/ncbi_dataset/data/GCF_002551565.1/GCF_002551565.1_ASM255156v1_genomic.fna	194	5895492	203	30389.1	691852	96628	34.92
GCF_002551705.1	/home/bacte/bacillus_amr/01_genomes/ncbi_dataset/ncbi_dataset/data/GCF_002551705.1/GCF_002551705.1_ASM255170v1_genomic.fna	119	5982889	205	50276.4	409151	181087	34.92
GCF_002552055.1	/home/bacte/bacillus_amr/01_genomes/ncbi_dataset/ncbi_dataset/data/GCF_002552055.1/GCF_002552055.1_ASM255205v1_genomic.fna	144	5992260	200	41612.9	329218	110503	34.93
GCF_002552125.1	/home/bacte/bacillus_amr/01_genomes/ncbi_dataset/ncbi_dataset/data/GCF_002552125.1/GCF_002552125.1_ASM255212v1_genomic.fna	196	5903789	201	30121.4	535751	151248	34.97
GCF_002552545.1	/home/bacte/bacillus_amr/01_genomes/ncbi_dataset/ncbi_dataset/data/GCF_002552545.1/GCF_002552545.1_ASM255254v1_genomic.fna	149	5915994	208	39704.7	375854	131044	34.93
GCF_002552615.1	/home/bacte/bacillus_amr/01_genomes/ncbi_dataset/ncbi_dataset/data/GCF_002552615.1/GCF_002552615.1_ASM255261v1_genomic.fna	142	5819519	208	40982.5	530583	144250	34.91
GCF_002552675.1	/home/bacte/bacillus_amr/01_genomes/ncbi_dataset/ncbi_dataset/data/GCF_002552675.1/GCF_002552675.1_ASM255267v1_genomic.fna	104	6053554	201	58207.3	740958	241733	34.98
GCF_002552785.1	/home/bacte/bacillus_amr/01_genomes/ncbi_dataset/ncbi_dataset/data/GCF_002552785.1/GCF_002552785.1_ASM255278v1_genomic.fna	436	6131846	205	14063.9	412554	135603	34.77
GCF_002552975.1	/home/bacte/bacillus_amr/01_genomes/ncbi_dataset/ncbi_dataset/data/GCF_002552975.1/GCF_002552975.1_ASM255297v1_genomic.fna	141	5928675	208	42047.3	561720	157212	34.96
GCF_002553325.1	/home/bacte/bacillus_amr/01_genomes/ncbi_dataset/ncbi_dataset/data/GCF_002553325.1/GCF_002553325.1_ASM255332v1_genomic.fna	112	5989380	202	53476.6	1450779	264107	34.88
GCF_002553375.1	/home/bacte/bacillus_amr/01_genomes/ncbi_dataset/ncbi_dataset/data/GCF_002553375.1/GCF_002553375.1_ASM255337v1_genomic.fna	141	5979176	201	42405.5	460471	186836	34.94
GCF_002554865.1	/home/bacte/bacillus_amr/01_genomes/ncbi_dataset/ncbi_dataset/data/GCF_002554865.1/GCF_002554865.1_ASM255486v1_genomic.fna	93	5420485	208	58284.8	354909	136329	35.10
GCF_002555585.1	/home/bacte/bacillus_amr/01_genomes/ncbi_dataset/ncbi_dataset/data/GCF_002555585.1/GCF_002555585.1_ASM255558v1_genomic.fna	202	6139271	200	30392.4	501246	105403	34.94
GCF_002555905.1	/home/bacte/bacillus_amr/01_genomes/ncbi_dataset/ncbi_dataset/data/GCF_002555905.1/GCF_002555905.1_ASM255590v1_genomic.fna	108	5953267	205	55122.8	416946	173105	34.93
GCF_002555915.1	/home/bacte/bacillus_amr/01_genomes/ncbi_dataset/ncbi_dataset/data/GCF_002555915.1/GCF_002555915.1_ASM255591v1_genomic.fna	164	5974930	203	36432.5	845544	117042	34.89
GCF_002555955.1	/home/bacte/bacillus_amr/01_genomes/ncbi_dataset/ncbi_dataset/data/GCF_002555955.1/GCF_002555955.1_ASM255595v1_genomic.fna	164	6184130	208	37708.1	633566	102195	34.84
GCF_002556265.1	/home/bacte/bacillus_amr/01_genomes/ncbi_dataset/ncbi_dataset/data/GCF_002556265.1/GCF_002556265.1_ASM255626v1_genomic.fna	154	6086086	203	39520.0	424665	108146	34.91
GCF_002556885.1	/home/bacte/bacillus_amr/01_genomes/ncbi_dataset/ncbi_dataset/data/GCF_002556885.1/GCF_002556885.1_ASM255688v1_genomic.fna	77	5853843	206	76023.9	649018	242977	34.93
GCF_002556945.1	/home/bacte/bacillus_amr/01_genomes/ncbi_dataset/ncbi_dataset/data/GCF_002556945.1/GCF_002556945.1_ASM255694v1_genomic.fna	132	6088780	206	46127.1	688327	132885	34.89
GCF_002556955.1	/home/bacte/bacillus_amr/01_genomes/ncbi_dataset/ncbi_dataset/data/GCF_002556955.1/GCF_002556955.1_ASM255695v1_genomic.fna	157	5894798	205	37546.5	570277	137981	34.97
GCF_002557045.1	/home/bacte/bacillus_amr/01_genomes/ncbi_dataset/ncbi_dataset/data/GCF_002557045.1/GCF_002557045.1_ASM255704v1_genomic.fna	104	5614076	206	53981.5	688878	169921	35.08
GCF_002557225.1	/home/bacte/bacillus_amr/01_genomes/ncbi_dataset/ncbi_dataset/data/GCF_002557225.1/GCF_002557225.1_ASM255722v1_genomic.fna	238	5971255	203	25089.3	420824	79347	34.92
GCF_002557865.1	/home/bacte/bacillus_amr/01_genomes/ncbi_dataset/ncbi_dataset/data/GCF_002557865.1/GCF_002557865.1_ASM255786v1_genomic.fna	134	5898734	201	44020.4	690081	143901	34.96
GCF_002568725.1	/home/bacte/bacillus_amr/01_genomes/ncbi_dataset/ncbi_dataset/data/GCF_002568725.1/GCF_002568725.1_ASM256872v1_genomic.fna	197	6016938	200	30542.8	399333	93525	34.94
GCF_002568745.1	/home/bacte/bacillus_amr/01_genomes/ncbi_dataset/ncbi_dataset/data/GCF_002568745.1/GCF_002568745.1_ASM256874v1_genomic.fna	291	6201084	205	21309.6	329691	108147	35.06
GCF_002568825.1	/home/bacte/bacillus_amr/01_genomes/ncbi_dataset/ncbi_dataset/data/GCF_002568825.1/GCF_002568825.1_ASM256882v1_genomic.fna	93	5978733	204	64287.5	539408	243323	34.96
GCF_002569035.1	/home/bacte/bacillus_amr/01_genomes/ncbi_dataset/ncbi_dataset/data/GCF_002569035.1/GCF_002569035.1_ASM256903v1_genomic.fna	142	6018537	206	42384.1	688287	156081	34.87
GCF_002569175.1	/home/bacte/bacillus_amr/01_genomes/ncbi_dataset/ncbi_dataset/data/GCF_002569175.1/GCF_002569175.1_ASM256917v1_genomic.fna	153	6007262	208	39263.2	491701	115429	34.87
GCF_002569295.1	/home/bacte/bacillus_amr/01_genomes/ncbi_dataset/ncbi_dataset/data/GCF_002569295.1/GCF_002569295.1_ASM256929v1_genomic.fna	111	5985864	201	53926.7	558609	151063	34.95
GCF_002569325.1	/home/bacte/bacillus_amr/01_genomes/ncbi_dataset/ncbi_dataset/data/GCF_002569325.1/GCF_002569325.1_ASM256932v1_genomic.fna	136	5526602	201	40636.8	508500	130529	34.96
GCF_002569445.1	/home/bacte/bacillus_amr/01_genomes/ncbi_dataset/ncbi_dataset/data/GCF_002569445.1/GCF_002569445.1_ASM256944v1_genomic.fna	520	6591505	200	12676.0	315754	60928	35.14
GCF_002569465.1	/home/bacte/bacillus_amr/01_genomes/ncbi_dataset/ncbi_dataset/data/GCF_002569465.1/GCF_002569465.1_ASM256946v1_genomic.fna	146	5932418	201	40633.0	506818	131397	34.90
GCF_002569835.1	/home/bacte/bacillus_amr/01_genomes/ncbi_dataset/ncbi_dataset/data/GCF_002569835.1/GCF_002569835.1_ASM256983v1_genomic.fna	157	5979761	205	38087.6	330055	140049	34.91
GCF_002569895.1	/home/bacte/bacillus_amr/01_genomes/ncbi_dataset/ncbi_dataset/data/GCF_002569895.1/GCF_002569895.1_ASM256989v1_genomic.fna	165	6112785	209	37047.2	429056	134444	34.92
GCF_002570065.1	/home/bacte/bacillus_amr/01_genomes/ncbi_dataset/ncbi_dataset/data/GCF_002570065.1/GCF_002570065.1_ASM257006v1_genomic.fna	283	5938609	203	20984.5	325351	56950	34.95
GCF_002570105.1	/home/bacte/bacillus_amr/01_genomes/ncbi_dataset/ncbi_dataset/data/GCF_002570105.1/GCF_002570105.1_ASM257010v1_genomic.fna	164	6433607	203	39229.3	423439	102440	34.60
GCF_002570115.1	/home/bacte/bacillus_amr/01_genomes/ncbi_dataset/ncbi_dataset/data/GCF_002570115.1/GCF_002570115.1_ASM257011v1_genomic.fna	107	6080795	203	56829.9	920113	198338	35.02
GCF_002570155.1	/home/bacte/bacillus_amr/01_genomes/ncbi_dataset/ncbi_dataset/data/GCF_002570155.1/GCF_002570155.1_ASM257015v1_genomic.fna	105	6054702	208	57663.8	579304	208300	34.93
GCF_002570165.1	/home/bacte/bacillus_amr/01_genomes/ncbi_dataset/ncbi_dataset/data/GCF_002570165.1/GCF_002570165.1_ASM257016v1_genomic.fna	122	5765350	203	47257.0	460111	173409	35.10
GCF_002570345.1	/home/bacte/bacillus_amr/01_genomes/ncbi_dataset/ncbi_dataset/data/GCF_002570345.1/GCF_002570345.1_ASM257034v1_genomic.fna	61	5553111	206	91034.6	1024223	303718	35.09
GCF_002570385.1	/home/bacte/bacillus_amr/01_genomes/ncbi_dataset/ncbi_dataset/data/GCF_002570385.1/GCF_002570385.1_ASM257038v1_genomic.fna	141	6111136	203	43341.4	496936	121952	34.93
GCF_002570405.1	/home/bacte/bacillus_amr/01_genomes/ncbi_dataset/ncbi_dataset/data/GCF_002570405.1/GCF_002570405.1_ASM257040v1_genomic.fna	106	5974798	203	56366.0	608340	204992	34.91
GCF_002571435.1	/home/bacte/bacillus_amr/01_genomes/ncbi_dataset/ncbi_dataset/data/GCF_002571435.1/GCF_002571435.1_ASM257143v1_genomic.fna	99	5977381	209	60377.6	687566	206720	34.87
GCF_002571675.1	/home/bacte/bacillus_amr/01_genomes/ncbi_dataset/ncbi_dataset/data/GCF_002571675.1/GCF_002571675.1_ASM257167v1_genomic.fna	84	5518534	217	65696.8	608045	177503	35.13
GCF_002571765.1	/home/bacte/bacillus_amr/01_genomes/ncbi_dataset/ncbi_dataset/data/GCF_002571765.1/GCF_002571765.1_ASM257176v1_genomic.fna	961	5840266	200	6077.3	539116	123122	35.05
GCF_002571825.1	/home/bacte/bacillus_amr/01_genomes/ncbi_dataset/ncbi_dataset/data/GCF_002571825.1/GCF_002571825.1_ASM257182v1_genomic.fna	134	6124632	208	45706.2	475483	173272	34.94
GCF_002572005.1	/home/bacte/bacillus_amr/01_genomes/ncbi_dataset/ncbi_dataset/data/GCF_002572005.1/GCF_002572005.1_ASM257200v1_genomic.fna	83	5495333	209	66208.8	429840	154711	35.13
GCF_002572035.1	/home/bacte/bacillus_amr/01_genomes/ncbi_dataset/ncbi_dataset/data/GCF_002572035.1/GCF_002572035.1_ASM257203v1_genomic.fna	103	5787649	208	56190.8	695230	215704	34.96
GCF_002572235.1	/home/bacte/bacillus_amr/01_genomes/ncbi_dataset/ncbi_dataset/data/GCF_002572235.1/GCF_002572235.1_ASM257223v1_genomic.fna	415	5940644	206	14314.8	223297	46168	34.89
GCF_002572245.1	/home/bacte/bacillus_amr/01_genomes/ncbi_dataset/ncbi_dataset/data/GCF_002572245.1/GCF_002572245.1_ASM257224v1_genomic.fna	364	5946674	200	16337.0	364079	61083	34.97
GCF_002572415.1	/home/bacte/bacillus_amr/01_genomes/ncbi_dataset/ncbi_dataset/data/GCF_002572415.1/GCF_002572415.1_ASM257241v1_genomic.fna	108	5998070	203	55537.7	454104	189704	34.95
GCF_002572455.1	/home/bacte/bacillus_amr/01_genomes/ncbi_dataset/ncbi_dataset/data/GCF_002572455.1/GCF_002572455.1_ASM257245v1_genomic.fna	186	6049278	207	32523.0	513239	101051	34.91
GCF_002579775.1	/home/bacte/bacillus_amr/01_genomes/ncbi_dataset/ncbi_dataset/data/GCF_002579775.1/GCF_002579775.1_ASM257977v1_genomic.fna	109	5917849	200	54292.2	690016	198573	34.98
GCF_002579895.1	/home/bacte/bacillus_amr/01_genomes/ncbi_dataset/ncbi_dataset/data/GCF_002579895.1/GCF_002579895.1_ASM257989v1_genomic.fna	150	5993870	201	39959.1	354846	111615	34.92
GCF_002580575.1	/home/bacte/bacillus_amr/01_genomes/ncbi_dataset/ncbi_dataset/data/GCF_002580575.1/GCF_002580575.1_ASM258057v1_genomic.fna	261	5782529	204	22155.3	258620	53911	34.95
GCF_002580895.1	/home/bacte/bacillus_amr/01_genomes/ncbi_dataset/ncbi_dataset/data/GCF_002580895.1/GCF_002580895.1_ASM258089v1_genomic.fna	156	6058581	214	38837.1	413352	109621	34.89
GCF_002580975.1	/home/bacte/bacillus_amr/01_genomes/ncbi_dataset/ncbi_dataset/data/GCF_002580975.1/GCF_002580975.1_ASM258097v1_genomic.fna	299	6208908	203	20765.6	273677	54462	34.88
GCF_002581125.1	/home/bacte/bacillus_amr/01_genomes/ncbi_dataset/ncbi_dataset/data/GCF_002581125.1/GCF_002581125.1_ASM258112v1_genomic.fna	149	5731090	208	38463.7	462104	141469	34.94
GCF_002581205.1	/home/bacte/bacillus_amr/01_genomes/ncbi_dataset/ncbi_dataset/data/GCF_002581205.1/GCF_002581205.1_ASM258120v1_genomic.fna	132	5938630	204	44989.6	409254	174235	34.91
GCF_002581675.1	/home/bacte/bacillus_amr/01_genomes/ncbi_dataset/ncbi_dataset/data/GCF_002581675.1/GCF_002581675.1_ASM258167v1_genomic.fna	329	6268921	203	19054.5	416823	87075	34.74
GCF_002581955.1	/home/bacte/bacillus_amr/01_genomes/ncbi_dataset/ncbi_dataset/data/GCF_002581955.1/GCF_002581955.1_ASM258195v1_genomic.fna	69	5596514	203	81108.9	655034	283325	35.12
GCF_002582025.1	/home/bacte/bacillus_amr/01_genomes/ncbi_dataset/ncbi_dataset/data/GCF_002582025.1/GCF_002582025.1_ASM258202v1_genomic.fna	188	5896276	204	31363.2	295500	91859	34.83
GCF_002582715.1	/home/bacte/bacillus_amr/01_genomes/ncbi_dataset/ncbi_dataset/data/GCF_002582715.1/GCF_002582715.1_ASM258271v1_genomic.fna	191	5965575	201	31233.4	580208	141227	34.97
GCF_002585395.1	/home/bacte/bacillus_amr/01_genomes/ncbi_dataset/ncbi_dataset/data/GCF_002585395.1/GCF_002585395.1_ASM258539v1_genomic.fna	164	5993285	201	36544.4	587194	163756	35.00
GCF_002588695.1	/home/bacte/bacillus_amr/01_genomes/ncbi_dataset/ncbi_dataset/data/GCF_002588695.1/GCF_002588695.1_ASM258869v1_genomic.fna	141	5891354	203	41782.7	587681	173335	34.94
GCF_002589195.1	/home/bacte/bacillus_amr/01_genomes/ncbi_dataset/ncbi_dataset/data/GCF_002589195.1/GCF_002589195.1_ASM258919v1_genomic.fna	137	5909802	208	43137.2	536157	141336	34.93
GCF_002589295.1	/home/bacte/bacillus_amr/01_genomes/ncbi_dataset/ncbi_dataset/data/GCF_002589295.1/GCF_002589295.1_ASM258929v1_genomic.fna	122	5988457	206	49085.7	383301	136671	34.97
GCF_002589305.1	/home/bacte/bacillus_amr/01_genomes/ncbi_dataset/ncbi_dataset/data/GCF_002589305.1/GCF_002589305.1_ASM258930v1_genomic.fna	263	6092499	205	23165.4	357841	61398	34.83
GCF_036961765.1	/home/bacte/bacillus_amr/01_genomes/ncbi_dataset/ncbi_dataset/data/GCF_036961765.1/GCF_036961765.1_ASM3696176v1_genomic.fna	929	5532259	989	5955.1	39044	8760	35.12
GCF_036962425.1	/home/bacte/bacillus_amr/01_genomes/ncbi_dataset/ncbi_dataset/data/GCF_036962425.1/GCF_036962425.1_ASM3696242v1_genomic.fna	268	5969758	1006	22275.2	286355	50099	34.95
GCF_036962565.1	/home/bacte/bacillus_amr/01_genomes/ncbi_dataset/ncbi_dataset/data/GCF_036962565.1/GCF_036962565.1_ASM3696256v1_genomic.fna	312	5386656	998	17264.9	368003	44156	35.07
GCF_036964725.1	/home/bacte/bacillus_amr/01_genomes/ncbi_dataset/ncbi_dataset/data/GCF_036964725.1/GCF_036964725.1_ASM3696472v1_genomic.fna	825	6276882	998	7608.3	84431	13586	35.07
GCF_036964965.1	/home/bacte/bacillus_amr/01_genomes/ncbi_dataset/ncbi_dataset/data/GCF_036964965.1/GCF_036964965.1_ASM3696496v1_genomic.fna	289	5796160	997	20055.9	243175	49767	35.06
GCF_036965025.1	/home/bacte/bacillus_amr/01_genomes/ncbi_dataset/ncbi_dataset/data/GCF_036965025.1/GCF_036965025.1_ASM3696502v1_genomic.fna	546	5712333	987	10462.1	151026	23394	35.27
GCF_036966085.1	/home/bacte/bacillus_amr/01_genomes/ncbi_dataset/ncbi_dataset/data/GCF_036966085.1/GCF_036966085.1_ASM3696608v1_genomic.fna	660	5740200	992	8697.3	81014	15386	35.00
GCF_036966245.1	/home/bacte/bacillus_amr/01_genomes/ncbi_dataset/ncbi_dataset/data/GCF_036966245.1/GCF_036966245.1_ASM3696624v1_genomic.fna	207	5912329	1082	28562.0	289577	68496	34.89
GCF_036966425.1	/home/bacte/bacillus_amr/01_genomes/ncbi_dataset/ncbi_dataset/data/GCF_036966425.1/GCF_036966425.1_ASM3696642v1_genomic.fna	480	5782812	989	12047.5	150318	32426	34.95
GCF_036966465.1	/home/bacte/bacillus_amr/01_genomes/ncbi_dataset/ncbi_dataset/data/GCF_036966465.1/GCF_036966465.1_ASM3696646v1_genomic.fna	220	5847087	1014	26577.7	473092	69563	34.94
GCF_036966545.1	/home/bacte/bacillus_amr/01_genomes/ncbi_dataset/ncbi_dataset/data/GCF_036966545.1/GCF_036966545.1_ASM3696654v1_genomic.fna	982	5184658	984	5279.7	75926	8599	35.27
GCF_040492355.1	/home/bacte/bacillus_amr/01_genomes/ncbi_dataset/ncbi_dataset/data/GCF_040492355.1/GCF_040492355.1_ASM4049235v1_genomic.fna	196	6028909	986	30759.7	291033	58562	34.98
GCF_040492515.1	/home/bacte/bacillus_amr/01_genomes/ncbi_dataset/ncbi_dataset/data/GCF_040492515.1/GCF_040492515.1_ASM4049251v1_genomic.fna	526	5642039	898	10726.3	98174	22670	35.22
GCF_040492715.1	/home/bacte/bacillus_amr/01_genomes/ncbi_dataset/ncbi_dataset/data/GCF_040492715.1/GCF_040492715.1_ASM4049271v1_genomic.fna	629	5527704	781	8788.1	102484	18526	35.17
GCF_042863285.1	/home/bacte/bacillus_amr/01_genomes/ncbi_dataset/ncbi_dataset/data/GCF_042863285.1/GCF_042863285.1_ASM4286328v1_genomic.fna	282	6714337	500	23809.7	1516046	356243	34.65
GCF_053570865.1	/home/bacte/bacillus_amr/01_genomes/ncbi_dataset/ncbi_dataset/data/GCF_053570865.1/GCF_053570865.1_ASM5357086v1_genomic.fna	68	5942577	554	87390.8	806095	208965	34.93
GCF_056491305.1	/home/bacte/bacillus_amr/01_genomes/ncbi_dataset/ncbi_dataset/data/GCF_056491305.1/GCF_056491305.1_ASM5649130v1_genomic.fna	12	6333207	6604	527767.3	5627724	5627724	35.50
GCF_056491345.1	/home/bacte/bacillus_amr/01_genomes/ncbi_dataset/ncbi_dataset/data/GCF_056491345.1/GCF_056491345.1_ASM5649134v1_genomic.fna	18	6351338	519	352852.1	5487243	5487243	35.49
GCF_056491365.1	/home/bacte/bacillus_amr/01_genomes/ncbi_dataset/ncbi_dataset/data/GCF_056491365.1/GCF_056491365.1_ASM5649136v1_genomic.fna	11	6281542	4449	571049.3	5490175	5490175	35.50
GCF_056491385.1	/home/bacte/bacillus_amr/01_genomes/ncbi_dataset/ncbi_dataset/data/GCF_056491385.1/GCF_056491385.1_ASM5649138v1_genomic.fna	13	6404841	5651	492680.1	5487277	5487277	35.50
GCF_056491405.1	/home/bacte/bacillus_amr/01_genomes/ncbi_dataset/ncbi_dataset/data/GCF_056491405.1/GCF_056491405.1_ASM5649140v1_genomic.fna	5	5889347	38144	1177869.4	5237478	5237478	35.17
GCF_057814315.1	/home/bacte/bacillus_amr/01_genomes/ncbi_dataset/ncbi_dataset/data/GCF_057814315.1/GCF_057814315.1_ASM5781431v1_genomic.fna	94	5914684	205	62922.2	840446	345095	35.07
GCF_006349645.1	/home/bacte/bacillus_amr/01_genomes/ncbi_dataset/ncbi_dataset/data/GCF_006349645.1/GCF_006349645.1_ASM634964v1_genomic.fna	68	5958606	450	87626.6	471379	236159	35.04
GCF_020667855.1	/home/bacte/bacillus_amr/01_genomes/ncbi_dataset/ncbi_dataset/data/GCF_020667855.1/GCF_020667855.1_ASM2066785v1_genomic.fna	2	5297566	638	2648783.0	5296928	5296928	35.22
GCF_037414965.1	/home/bacte/bacillus_amr/01_genomes/ncbi_dataset/ncbi_dataset/data/GCF_037414965.1/GCF_037414965.1_ASM3741496v1_genomic.fna	61	5660992	202	92803.1	665755	441632	35.05
GCF_050464625.1	/home/bacte/bacillus_amr/01_genomes/ncbi_dataset/ncbi_dataset/data/GCF_050464625.1/GCF_050464625.1_ASM5046462v1_genomic.fna	371	5566317	518	15003.5	145270	32286	35.24
GCF_056775555.1	/home/bacte/bacillus_amr/01_genomes/ncbi_dataset/ncbi_dataset/data/GCF_056775555.1/GCF_056775555.1_ASM5677555v1_genomic.fna	45	5582891	353	124064.2	1224370	825808	35.07
GCF_057321065.1	/home/bacte/bacillus_amr/01_genomes/ncbi_dataset/ncbi_dataset/data/GCF_057321065.1/GCF_057321065.1_ASM5732106v1_genomic.fna	40	5569334	512	139233.4	2775627	838108	35.11
GCF_982398145.1	/home/bacte/bacillus_amr/01_genomes/ncbi_dataset/ncbi_dataset/data/GCF_982398145.1/GCF_982398145.1_MHES12_v1_genomic.fna	40	5569334	512	139233.4	2775627	838108	35.11
GCF_023920485.1	/home/bacte/bacillus_amr/01_genomes/ncbi_dataset/ncbi_dataset/data/GCF_023920485.1/GCF_023920485.1_ASM2392048v1_genomic.fna	1	4115091	4115091	4115091.0	4115091	4115091	43.99
GCF_000786145.2	/home/bacte/bacillus_amr/01_genomes/ncbi_dataset/ncbi_dataset/data/GCF_000786145.2/GCF_000786145.2_ASM78614v2_genomic.fna	56	3986274	502	71183.5	1035983	602585	46.39
GCF_000833005.1	/home/bacte/bacillus_amr/01_genomes/ncbi_dataset/ncbi_dataset/data/GCF_000833005.1/GCF_000833005.1_ASM83300v1_genomic.fna	1	3905973	3905973	3905973.0	3905973	3905973	46.66
GCF_000875875.2	/home/bacte/bacillus_amr/01_genomes/ncbi_dataset/ncbi_dataset/data/GCF_000875875.2/GCF_000875875.2_ASM87587v2_genomic.fna	1	4006441	4006441	4006441.0	4006441	4006441	46.45
GCF_000960265.2	/home/bacte/bacillus_amr/01_genomes/ncbi_dataset/ncbi_dataset/data/GCF_000960265.2/GCF_000960265.2_ASM96026v2_genomic.fna	18	3888922	940	216051.2	1011654	383487	46.43
GCF_001023595.1	/home/bacte/bacillus_amr/01_genomes/ncbi_dataset/ncbi_dataset/data/GCF_001023595.1/GCF_001023595.1_ASM102359v1_genomic.fna	1	4009746	4009746	4009746.0	4009746	4009746	46.49
GCF_001175005.1	/home/bacte/bacillus_amr/01_genomes/ncbi_dataset/ncbi_dataset/data/GCF_001175005.1/GCF_001175005.1_Co1-6_genomic.fna	1	3922431	3922431	3922431.0	3922431	3922431	46.62
GCF_001461835.1	/home/bacte/bacillus_amr/01_genomes/ncbi_dataset/ncbi_dataset/data/GCF_001461835.1/GCF_001461835.1_ASM146183v1_genomic.fna	25	3928423	633	157136.9	797352	542517	46.45
GCF_001469675.1	/home/bacte/bacillus_amr/01_genomes/ncbi_dataset/ncbi_dataset/data/GCF_001469675.1/GCF_001469675.1_ASM146967v1_genomic.fna	2	3928789	1102171	1964394.5	2826618	2826618	46.50
GCF_001517185.1	/home/bacte/bacillus_amr/01_genomes/ncbi_dataset/ncbi_dataset/data/GCF_001517185.1/GCF_001517185.1_ASM151718v1_genomic.fna	19	3856242	938	202960.1	997502	385155	46.47
GCF_001593395.2	/home/bacte/bacillus_amr/01_genomes/ncbi_dataset/ncbi_dataset/data/GCF_001593395.2/GCF_001593395.2_ASM159339v2_genomic.fna	1	4167153	4167153	4167153.0	4167153	4167153	46.05
GCF_001685645.1	/home/bacte/bacillus_amr/01_genomes/ncbi_dataset/ncbi_dataset/data/GCF_001685645.1/GCF_001685645.1_ASM168564v1_genomic.fna	1	3929772	3929772	3929772.0	3929772	3929772	46.50
GCF_002072695.1	/home/bacte/bacillus_amr/01_genomes/ncbi_dataset/ncbi_dataset/data/GCF_002072695.1/GCF_002072695.1_ASM207269v1_genomic.fna	1	3929789	3929789	3929789.0	3929789	3929789	46.50
GCF_002105595.1	/home/bacte/bacillus_amr/01_genomes/ncbi_dataset/ncbi_dataset/data/GCF_002105595.1/GCF_002105595.1_ASM210559v1_genomic.fna	1	3963726	3963726	3963726.0	3963726	3963726	46.37
GCF_002117165.1	/home/bacte/bacillus_amr/01_genomes/ncbi_dataset/ncbi_dataset/data/GCF_002117165.1/GCF_002117165.1_ASM211716v1_genomic.fna	1	3929792	3929792	3929792.0	3929792	3929792	46.50
GCF_002192235.1	/home/bacte/bacillus_amr/01_genomes/ncbi_dataset/ncbi_dataset/data/GCF_002192235.1/GCF_002192235.1_ASM219223v1_genomic.fna	1	3929760	3929760	3929760.0	3929760	3929760	46.50
GCF_002204665.1	/home/bacte/bacillus_amr/01_genomes/ncbi_dataset/ncbi_dataset/data/GCF_002204665.1/GCF_002204665.1_ASM220466v1_genomic.fna	37	3905592	307	105556.5	1059515	642735	46.35
GCF_002205715.1	/home/bacte/bacillus_amr/01_genomes/ncbi_dataset/ncbi_dataset/data/GCF_002205715.1/GCF_002205715.1_ASM220571v1_genomic.fna	2	3900066	6983	1950033.0	3893083	3893083	46.70
GCF_002216755.1	/home/bacte/bacillus_amr/01_genomes/ncbi_dataset/ncbi_dataset/data/GCF_002216755.1/GCF_002216755.1_ASM221675v1_genomic.fna	3	4020691	2894	1340230.3	4013317	4013317	46.40
GCF_002835205.1	/home/bacte/bacillus_amr/01_genomes/ncbi_dataset/ncbi_dataset/data/GCF_002835205.1/GCF_002835205.1_ASM283520v1_genomic.fna	22	3990845	203	181402.0	2085242	2085242	46.45
GCF_003012025.1	/home/bacte/bacillus_amr/01_genomes/ncbi_dataset/ncbi_dataset/data/GCF_003012025.1/GCF_003012025.1_ASM301202v1_genomic.fna	29	4248631	510	146504.5	736700	509799	45.85
GCF_003150855.1	/home/bacte/bacillus_amr/01_genomes/ncbi_dataset/ncbi_dataset/data/GCF_003150855.1/GCF_003150855.1_ASM315085v2_genomic.fna	1	3913872	3913872	3913872.0	3913872	3913872	46.55
GCF_003285085.1	/home/bacte/bacillus_amr/01_genomes/ncbi_dataset/ncbi_dataset/data/GCF_003285085.1/GCF_003285085.1_ASM328508v1_genomic.fna	2	4321463	62485	2160731.5	4258978	4258978	45.70
GCF_003431885.1	/home/bacte/bacillus_amr/01_genomes/ncbi_dataset/ncbi_dataset/data/GCF_003431885.1/GCF_003431885.1_ASM343188v1_genomic.fna	1	3929745	3929745	3929745.0	3929745	3929745	46.50
GCF_003854915.1	/home/bacte/bacillus_amr/01_genomes/ncbi_dataset/ncbi_dataset/data/GCF_003854915.1/GCF_003854915.1_ASM385491v1_genomic.fna	1	4141063	4141063	4141063.0	4141063	4141063	46.12
GCF_003860445.1	/home/bacte/bacillus_amr/01_genomes/ncbi_dataset/ncbi_dataset/data/GCF_003860445.1/GCF_003860445.1_ASM386044v1_genomic.fna	1	4118468	4118468	4118468.0	4118468	4118468	46.47
GCF_003946895.1	/home/bacte/bacillus_amr/01_genomes/ncbi_dataset/ncbi_dataset/data/GCF_003946895.1/GCF_003946895.1_ASM394689v1_genomic.fna	31	3892659	303	125569.6	1091941	536353	46.42
GCF_003986895.1	/home/bacte/bacillus_amr/01_genomes/ncbi_dataset/ncbi_dataset/data/GCF_003986895.1/GCF_003986895.1_ASM398689v1_genomic.fna	35	4210155	275	120290.1	1585784	622732	45.85
GCF_004009895.1	/home/bacte/bacillus_amr/01_genomes/ncbi_dataset/ncbi_dataset/data/GCF_004009895.1/GCF_004009895.1_ASM400989v1_genomic.fna	1	3878921	3878921	3878921.0	3878921	3878921	46.47
GCF_004294525.1	/home/bacte/bacillus_amr/01_genomes/ncbi_dataset/ncbi_dataset/data/GCF_004294525.1/GCF_004294525.1_ASM429452v1_genomic.fna	449	4148556	425	9239.5	2039629	980387	46.39
GCF_006351595.1	/home/bacte/bacillus_amr/01_genomes/ncbi_dataset/ncbi_dataset/data/GCF_006351595.1/GCF_006351595.1_ASM635159v1_genomic.fna	20	3867857	641	193392.9	1065737	561718	46.66
GCF_006351615.1	/home/bacte/bacillus_amr/01_genomes/ncbi_dataset/ncbi_dataset/data/GCF_006351615.1/GCF_006351615.1_ASM635161v1_genomic.fna	40	3950573	429	98764.3	593302	280310	46.41
GCF_006351625.1	/home/bacte/bacillus_amr/01_genomes/ncbi_dataset/ncbi_dataset/data/GCF_006351625.1/GCF_006351625.1_ASM635162v1_genomic.fna	30	3866305	509	128876.8	766952	486485	46.39
GCF_006351665.1	/home/bacte/bacillus_amr/01_genomes/ncbi_dataset/ncbi_dataset/data/GCF_006351665.1/GCF_006351665.1_ASM635166v1_genomic.fna	29	3865047	503	133277.5	767050	428384	46.39
GCF_006351675.1	/home/bacte/bacillus_amr/01_genomes/ncbi_dataset/ncbi_dataset/data/GCF_006351675.1/GCF_006351675.1_ASM635167v1_genomic.fna	25	3833141	545	153325.6	1081391	981821	46.52
GCF_006351695.1	/home/bacte/bacillus_amr/01_genomes/ncbi_dataset/ncbi_dataset/data/GCF_006351695.1/GCF_006351695.1_ASM635169v1_genomic.fna	48	4044692	502	84264.4	987419	808279	46.21
GCF_006351705.1	/home/bacte/bacillus_amr/01_genomes/ncbi_dataset/ncbi_dataset/data/GCF_006351705.1/GCF_006351705.1_ASM635170v1_genomic.fna	33	3864301	508	117100.0	767050	397838	46.39
GCF_006489275.1	/home/bacte/bacillus_amr/01_genomes/ncbi_dataset/ncbi_dataset/data/GCF_006489275.1/GCF_006489275.1_ASM648927v1_genomic.fna	1	3888990	3888990	3888990.0	3888990	3888990	46.71
GCF_006965525.1	/home/bacte/bacillus_amr/01_genomes/ncbi_dataset/ncbi_dataset/data/GCF_006965525.1/GCF_006965525.1_ASM696552v1_genomic.fna	1	4063541	4063541	4063541.0	4063541	4063541	46.27
GCF_008367895.1	/home/bacte/bacillus_amr/01_genomes/ncbi_dataset/ncbi_dataset/data/GCF_008367895.1/GCF_008367895.1_ASM836789v1_genomic.fna	1	3915550	3915550	3915550.0	3915550	3915550	46.47
GCF_009193045.1	/home/bacte/bacillus_amr/01_genomes/ncbi_dataset/ncbi_dataset/data/GCF_009193045.1/GCF_009193045.1_ASM919304v1_genomic.fna	17	3931678	1140	231275.2	1053774	577576	46.39
GCF_009683055.1	/home/bacte/bacillus_amr/01_genomes/ncbi_dataset/ncbi_dataset/data/GCF_009683055.1/GCF_009683055.1_ASM968305v1_genomic.fna	287	3954962	219	13780.4	1078377	400785	46.31
GCF_009683125.1	/home/bacte/bacillus_amr/01_genomes/ncbi_dataset/ncbi_dataset/data/GCF_009683125.1/GCF_009683125.1_ASM968312v1_genomic.fna	38	3923596	215	103252.5	866069	721226	46.43
GCF_009683155.1	/home/bacte/bacillus_amr/01_genomes/ncbi_dataset/ncbi_dataset/data/GCF_009683155.1/GCF_009683155.1_ASM968315v1_genomic.fna	52	3977982	206	76499.7	864900	341123	46.37
GCF_009996865.1	/home/bacte/bacillus_amr/01_genomes/ncbi_dataset/ncbi_dataset/data/GCF_009996865.1/GCF_009996865.1_ASM999686v1_genomic.fna	14	4103502	1257	293107.3	1159480	1067828	45.98
GCF_010671715.1	/home/bacte/bacillus_amr/01_genomes/ncbi_dataset/ncbi_dataset/data/GCF_010671715.1/GCF_010671715.1_ASM1067171v1_genomic.fna	67	3960516	241	59112.2	755399	298519	46.34
GCF_011043745.1	/home/bacte/bacillus_amr/01_genomes/ncbi_dataset/ncbi_dataset/data/GCF_011043745.1/GCF_011043745.1_ASM1104374v1_genomic.fna	17	3894518	614	229089.3	1066257	992736	46.46
GCF_011100445.1	/home/bacte/bacillus_amr/01_genomes/ncbi_dataset/ncbi_dataset/data/GCF_011100445.1/GCF_011100445.1_ASM1110044v1_genomic.fna	1	3929583	3929583	3929583.0	3929583	3929583	46.50
GCF_011317125.1	/home/bacte/bacillus_amr/01_genomes/ncbi_dataset/ncbi_dataset/data/GCF_011317125.1/GCF_011317125.1_ASM1131712v1_genomic.fna	27	3907662	275	144728.2	2032688	2032688	46.51
GCF_011421515.1	/home/bacte/bacillus_amr/01_genomes/ncbi_dataset/ncbi_dataset/data/GCF_011421515.1/GCF_011421515.1_ASM1142151v1_genomic.fna	32	3908699	275	122146.8	1083238	1024542	46.52
GCF_012226065.1	/home/bacte/bacillus_amr/01_genomes/ncbi_dataset/ncbi_dataset/data/GCF_012226065.1/GCF_012226065.1_ASM1222606v1_genomic.fna	1	3889281	3889281	3889281.0	3889281	3889281	46.54
GCF_012935315.1	/home/bacte/bacillus_amr/01_genomes/ncbi_dataset/ncbi_dataset/data/GCF_012935315.1/GCF_012935315.1_ASM1293531v1_genomic.fna	57	4390708	416	77030.0	601640	229106	45.54
GCF_013122275.1	/home/bacte/bacillus_amr/01_genomes/ncbi_dataset/ncbi_dataset/data/GCF_013122275.1/GCF_013122275.1_ASM1312227v1_genomic.fna	1	4029600	4029600	4029600.0	4029600	4029600	46.51
GCF_013201465.1	/home/bacte/bacillus_amr/01_genomes/ncbi_dataset/ncbi_dataset/data/GCF_013201465.1/GCF_013201465.1_ASM1320146v1_genomic.fna	1	3908940	3908940	3908940.0	3908940	3908940	46.56
GCF_013284475.1	/home/bacte/bacillus_amr/01_genomes/ncbi_dataset/ncbi_dataset/data/GCF_013284475.1/GCF_013284475.1_ASM1328447v1_genomic.fna	34	3932265	206	115654.9	1071213	563859	46.43
GCF_013284545.1	/home/bacte/bacillus_amr/01_genomes/ncbi_dataset/ncbi_dataset/data/GCF_013284545.1/GCF_013284545.1_ASM1328454v1_genomic.fna	36	3874748	208	107631.9	766896	475102	46.37
GCF_013284555.1	/home/bacte/bacillus_amr/01_genomes/ncbi_dataset/ncbi_dataset/data/GCF_013284555.1/GCF_013284555.1_ASM1328455v1_genomic.fna	45	3871413	217	86031.4	713454	339955	46.36
GCF_013284575.1	/home/bacte/bacillus_amr/01_genomes/ncbi_dataset/ncbi_dataset/data/GCF_013284575.1/GCF_013284575.1_ASM1328457v1_genomic.fna	34	3825619	244	112518.2	941172	482295	46.67
GCF_013284625.1	/home/bacte/bacillus_amr/01_genomes/ncbi_dataset/ncbi_dataset/data/GCF_013284625.1/GCF_013284625.1_ASM1328462v1_genomic.fna	34	3883818	208	114229.9	1057271	468775	46.38
GCF_013284655.1	/home/bacte/bacillus_amr/01_genomes/ncbi_dataset/ncbi_dataset/data/GCF_013284655.1/GCF_013284655.1_ASM1328465v1_genomic.fna	41	3874124	208	94490.8	1057270	475063	46.36
GCF_013284725.1	/home/bacte/bacillus_amr/01_genomes/ncbi_dataset/ncbi_dataset/data/GCF_013284725.1/GCF_013284725.1_ASM1328472v1_genomic.fna	49	3891722	217	79422.9	769077	356004	46.32
GCF_013284745.1	/home/bacte/bacillus_amr/01_genomes/ncbi_dataset/ncbi_dataset/data/GCF_013284745.1/GCF_013284745.1_ASM1328474v1_genomic.fna	37	3878897	208	104835.1	1057271	428165	46.39
GCF_013284765.1	/home/bacte/bacillus_amr/01_genomes/ncbi_dataset/ncbi_dataset/data/GCF_013284765.1/GCF_013284765.1_ASM1328476v1_genomic.fna	48	3874949	217	80728.1	769077	475102	46.35
GCF_013284775.1	/home/bacte/bacillus_amr/01_genomes/ncbi_dataset/ncbi_dataset/data/GCF_013284775.1/GCF_013284775.1_ASM1328477v1_genomic.fna	33	3889067	208	117850.5	1057271	475102	46.36
GCF_013284785.2	/home/bacte/bacillus_amr/01_genomes/ncbi_dataset/ncbi_dataset/data/GCF_013284785.2/GCF_013284785.2_ASM1328478v2_genomic.fna	1	3922686	3922686	3922686.0	3922686	3922686	46.44
GCF_013284825.1	/home/bacte/bacillus_amr/01_genomes/ncbi_dataset/ncbi_dataset/data/GCF_013284825.1/GCF_013284825.1_ASM1328482v1_genomic.fna	34	3921211	206	115329.7	1071289	1032611	46.43
GCF_013285045.1	/home/bacte/bacillus_amr/01_genomes/ncbi_dataset/ncbi_dataset/data/GCF_013285045.1/GCF_013285045.1_ASM1328504v1_genomic.fna	36	4030371	226	111954.8	742952	451426	46.19
GCF_013285055.1	/home/bacte/bacillus_amr/01_genomes/ncbi_dataset/ncbi_dataset/data/GCF_013285055.1/GCF_013285055.1_ASM1328505v1_genomic.fna	33	3864359	201	117101.8	1057271	428160	46.40
GCF_013285085.2	/home/bacte/bacillus_amr/01_genomes/ncbi_dataset/ncbi_dataset/data/GCF_013285085.2/GCF_013285085.2_ASM1328508v2_genomic.fna	1	3916868	3916868	3916868.0	3916868	3916868	46.46
GCF_013285105.1	/home/bacte/bacillus_amr/01_genomes/ncbi_dataset/ncbi_dataset/data/GCF_013285105.1/GCF_013285105.1_ASM1328510v1_genomic.fna	41	4027596	261	98234.0	650035	451426	46.18
GCF_013348705.1	/home/bacte/bacillus_amr/01_genomes/ncbi_dataset/ncbi_dataset/data/GCF_013348705.1/GCF_013348705.1_ASM1334870v1_genomic.fna	1	3922134	3922134	3922134.0	3922134	3922134	46.45
GCF_013875015.1	/home/bacte/bacillus_amr/01_genomes/ncbi_dataset/ncbi_dataset/data/GCF_013875015.1/GCF_013875015.1_ASM1387501v1_genomic.fna	1	4191702	4191702	4191702.0	4191702	4191702	45.57
GCF_014211995.1	/home/bacte/bacillus_amr/01_genomes/ncbi_dataset/ncbi_dataset/data/GCF_014211995.1/GCF_014211995.1_ASM1421199v1_genomic.fna	1	3894648	3894648	3894648.0	3894648	3894648	46.64
GCF_014495825.1	/home/bacte/bacillus_amr/01_genomes/ncbi_dataset/ncbi_dataset/data/GCF_014495825.1/GCF_014495825.1_ASM1449582v1_genomic.fna	1	4068479	4068479	4068479.0	4068479	4068479	46.23
GCF_015354255.1	/home/bacte/bacillus_amr/01_genomes/ncbi_dataset/ncbi_dataset/data/GCF_015354255.1/GCF_015354255.1_ASM1535425v1_genomic.fna	18	3892736	277	216263.1	1092382	1012068	46.42
GCF_016106735.1	/home/bacte/bacillus_amr/01_genomes/ncbi_dataset/ncbi_dataset/data/GCF_016106735.1/GCF_016106735.1_ASM1610673v1_genomic.fna	40	4050672	223	101266.8	1047739	996972	46.35
GCF_016766595.1	/home/bacte/bacillus_amr/01_genomes/ncbi_dataset/ncbi_dataset/data/GCF_016766595.1/GCF_016766595.1_ASM1676659v1_genomic.fna	1	3940023	3940023	3940023.0	3940023	3940023	46.58
GCF_016772005.1	/home/bacte/bacillus_amr/01_genomes/ncbi_dataset/ncbi_dataset/data/GCF_016772005.1/GCF_016772005.1_ASM1677200v1_genomic.fna	7	3957523	59761	565360.4	1113870	1050804	46.37
GCF_016772025.1	/home/bacte/bacillus_amr/01_genomes/ncbi_dataset/ncbi_dataset/data/GCF_016772025.1/GCF_016772025.1_ASM1677202v1_genomic.fna	7	4047570	55051	578224.3	1137698	1078946	46.36
GCF_016834435.1	/home/bacte/bacillus_amr/01_genomes/ncbi_dataset/ncbi_dataset/data/GCF_016834435.1/GCF_016834435.1_ASM1683443v1_genomic.fna	1	4011788	4011788	4011788.0	4011788	4011788	46.41
GCF_018729285.1	/home/bacte/bacillus_amr/01_genomes/ncbi_dataset/ncbi_dataset/data/GCF_018729285.1/GCF_018729285.1_ASM1872928v1_genomic.fna	3	3910173	1025454	1303391.0	1572216	1312503	46.46
GCF_018729415.1	/home/bacte/bacillus_amr/01_genomes/ncbi_dataset/ncbi_dataset/data/GCF_018729415.1/GCF_018729415.1_ASM1872941v1_genomic.fna	3	4274841	1061319	1424947.0	1946482	1267040	45.82
GCF_019163475.1	/home/bacte/bacillus_amr/01_genomes/ncbi_dataset/ncbi_dataset/data/GCF_019163475.1/GCF_019163475.1_ASM1916347v1_genomic.fna	1	3973236	3973236	3973236.0	3973236	3973236	46.52
GCF_019464595.1	/home/bacte/bacillus_amr/01_genomes/ncbi_dataset/ncbi_dataset/data/GCF_019464595.1/GCF_019464595.1_ASM1946459v1_genomic.fna	1	3896799	3896799	3896799.0	3896799	3896799	46.65
GCF_019603335.1	/home/bacte/bacillus_amr/01_genomes/ncbi_dataset/ncbi_dataset/data/GCF_019603335.1/GCF_019603335.1_ASM1960333v1_genomic.fna	1	3926832	3926832	3926832.0	3926832	3926832	46.50
GCF_020177005.1	/home/bacte/bacillus_amr/01_genomes/ncbi_dataset/ncbi_dataset/data/GCF_020177005.1/GCF_020177005.1_ASM2017700v1_genomic.fna	34	4341411	505	127688.6	789342	341132	45.65
GCF_020179855.1	/home/bacte/bacillus_amr/01_genomes/ncbi_dataset/ncbi_dataset/data/GCF_020179855.1/GCF_020179855.1_ASM2017985v1_genomic.fna	34	4340599	505	127664.7	789342	341132	45.65
GCF_020179885.1	/home/bacte/bacillus_amr/01_genomes/ncbi_dataset/ncbi_dataset/data/GCF_020179885.1/GCF_020179885.1_ASM2017988v1_genomic.fna	32	4340492	505	135640.4	906626	341132	45.65
GCF_020551965.1	/home/bacte/bacillus_amr/01_genomes/ncbi_dataset/ncbi_dataset/data/GCF_020551965.1/GCF_020551965.1_ASM2055196v1_genomic.fna	44	3913948	255	88953.4	795995	644927	46.47
GCF_020685215.1	/home/bacte/bacillus_amr/01_genomes/ncbi_dataset/ncbi_dataset/data/GCF_020685215.1/GCF_020685215.1_ASM2068521v1_genomic.fna	50	3914316	235	78286.3	830221	528012	46.47
GCF_020861635.1	/home/bacte/bacillus_amr/01_genomes/ncbi_dataset/ncbi_dataset/data/GCF_020861635.1/GCF_020861635.1_ASM2086163v1_genomic.fna	28	3949216	461	141043.4	1075870	581457	46.32
GCF_020907785.1	/home/bacte/bacillus_amr/01_genomes/ncbi_dataset/ncbi_dataset/data/GCF_020907785.1/GCF_020907785.1_ASM2090778v1_genomic.fna	168	4020633	255	23932.3	2162881	2162881	46.47
GCF_020911825.1	/home/bacte/bacillus_amr/01_genomes/ncbi_dataset/ncbi_dataset/data/GCF_020911825.1/GCF_020911825.1_ASM2091182v1_genomic.fna	1	3904585	3904585	3904585.0	3904585	3904585	46.57
GCF_021202875.1	/home/bacte/bacillus_amr/01_genomes/ncbi_dataset/ncbi_dataset/data/GCF_021202875.1/GCF_021202875.1_ASM2120287v1_genomic.fna	14	4083790	1057	291699.3	1433457	1001505	45.96
GCF_021228895.1	/home/bacte/bacillus_amr/01_genomes/ncbi_dataset/ncbi_dataset/data/GCF_021228895.1/GCF_021228895.1_ASM2122889v1_genomic.fna	1	4240800	4240800	4240800.0	4240800	4240800	45.91
GCF_022370935.1	/home/bacte/bacillus_amr/01_genomes/ncbi_dataset/ncbi_dataset/data/GCF_022370935.1/GCF_022370935.1_ASM2237093v1_genomic.fna	3	3932768	3133	1310922.7	3923952	3923952	46.47
GCF_022385235.1	/home/bacte/bacillus_amr/01_genomes/ncbi_dataset/ncbi_dataset/data/GCF_022385235.1/GCF_022385235.1_ASM2238523v1_genomic.fna	2	3914377	8564	1957188.5	3905813	3905813	46.59
GCF_022488425.1	/home/bacte/bacillus_amr/01_genomes/ncbi_dataset/ncbi_dataset/data/GCF_022488425.1/GCF_022488425.1_ASM2248842v1_genomic.fna	1	4005132	4005132	4005132.0	4005132	4005132	46.54
GCF_024125385.1	/home/bacte/bacillus_amr/01_genomes/ncbi_dataset/ncbi_dataset/data/GCF_024125385.1/GCF_024125385.1_ASM2412538v1_genomic.fna	55	3948294	400	71787.2	507149	203932	46.31
GCF_024125405.1	/home/bacte/bacillus_amr/01_genomes/ncbi_dataset/ncbi_dataset/data/GCF_024125405.1/GCF_024125405.1_ASM2412540v1_genomic.fna	59	3948070	400	66916.4	507160	198087	46.32
GCF_024259405.1	/home/bacte/bacillus_amr/01_genomes/ncbi_dataset/ncbi_dataset/data/GCF_024259405.1/GCF_024259405.1_ASM2425940v1_genomic.fna	11	3893416	1154	353946.9	1103046	1012677	46.44
GCF_024917135.1	/home/bacte/bacillus_amr/01_genomes/ncbi_dataset/ncbi_dataset/data/GCF_024917135.1/GCF_024917135.1_ASM2491713v1_genomic.fna	1	3929846	3929846	3929846.0	3929846	3929846	46.50
GCF_025857215.1	/home/bacte/bacillus_amr/01_genomes/ncbi_dataset/ncbi_dataset/data/GCF_025857215.1/GCF_025857215.1_ASM2585721v1_genomic.fna	1	4035016	4035016	4035016.0	4035016	4035016	46.56
GCF_025917635.1	/home/bacte/bacillus_amr/01_genomes/ncbi_dataset/ncbi_dataset/data/GCF_025917635.1/GCF_025917635.1_ASM2591763v1_genomic.fna	1	4237170	4237170	4237170.0	4237170	4237170	45.85
GCF_026194235.1	/home/bacte/bacillus_amr/01_genomes/ncbi_dataset/ncbi_dataset/data/GCF_026194235.1/GCF_026194235.1_ASM2619423v1_genomic.fna	2	4140671	5142	2070335.5	4135529	4135529	46.10
GCF_026241745.1	/home/bacte/bacillus_amr/01_genomes/ncbi_dataset/ncbi_dataset/data/GCF_026241745.1/GCF_026241745.1_ASM2624174v1_genomic.fna	45	4016820	313	89262.7	843499	329070	46.09
GCF_026242165.1	/home/bacte/bacillus_amr/01_genomes/ncbi_dataset/ncbi_dataset/data/GCF_026242165.1/GCF_026242165.1_ASM2624216v1_genomic.fna	17	3876138	1102	228008.1	1099584	1001253	46.52
GCF_026275485.1	/home/bacte/bacillus_amr/01_genomes/ncbi_dataset/ncbi_dataset/data/GCF_026275485.1/GCF_026275485.1_ASM2627548v1_genomic.fna	16	3974004	1049	248375.3	1102005	959803	46.35
GCF_027857035.1	/home/bacte/bacillus_amr/01_genomes/ncbi_dataset/ncbi_dataset/data/GCF_027857035.1/GCF_027857035.1_ASM2785703v1_genomic.fna	2	4006887	20312	2003443.5	3986575	3986575	46.47
GCF_029016665.1	/home/bacte/bacillus_amr/01_genomes/ncbi_dataset/ncbi_dataset/data/GCF_029016665.1/GCF_029016665.1_ASM2901666v1_genomic.fna	1	4032733	4032733	4032733.0	4032733	4032733	46.42
GCF_029215565.1	/home/bacte/bacillus_amr/01_genomes/ncbi_dataset/ncbi_dataset/data/GCF_029215565.1/GCF_029215565.1_ASM2921556v1_genomic.fna	1	3929792	3929792	3929792.0	3929792	3929792	46.50
GCF_029282585.1	/home/bacte/bacillus_amr/01_genomes/ncbi_dataset/ncbi_dataset/data/GCF_029282585.1/GCF_029282585.1_ASM2928258v1_genomic.fna	1	4296610	4296610	4296610.0	4296610	4296610	45.85
GCF_029636745.1	/home/bacte/bacillus_amr/01_genomes/ncbi_dataset/ncbi_dataset/data/GCF_029636745.1/GCF_029636745.1_ASM2963674v1_genomic.fna	2	4173761	8439	2086880.5	4165322	4165322	46.09
GCF_029846455.1	/home/bacte/bacillus_amr/01_genomes/ncbi_dataset/ncbi_dataset/data/GCF_029846455.1/GCF_029846455.1_ASM2984645v1_genomic.fna	24	4071225	515	169634.4	1135289	1056657	45.88
GCF_029910295.1	/home/bacte/bacillus_amr/01_genomes/ncbi_dataset/ncbi_dataset/data/GCF_029910295.1/GCF_029910295.1_ASM2991029v1_genomic.fna	2	4068809	8564	2034404.5	4060245	4060245	46.32
GCF_030028255.1	/home/bacte/bacillus_amr/01_genomes/ncbi_dataset/ncbi_dataset/data/GCF_030028255.1/GCF_030028255.1_ASM3002825v1_genomic.fna	1	3858300	3858300	3858300.0	3858300	3858300	46.71
GCF_030123305.1	/home/bacte/bacillus_amr/01_genomes/ncbi_dataset/ncbi_dataset/data/GCF_030123305.1/GCF_030123305.1_ASM3012330v1_genomic.fna	1	3929586	3929586	3929586.0	3929586	3929586	46.50
GCF_030252385.1	/home/bacte/bacillus_amr/01_genomes/ncbi_dataset/ncbi_dataset/data/GCF_030252385.1/GCF_030252385.1_ASM3025238v1_genomic.fna	1	3929792	3929792	3929792.0	3929792	3929792	46.50
GCF_030284665.1	/home/bacte/bacillus_amr/01_genomes/ncbi_dataset/ncbi_dataset/data/GCF_030284665.1/GCF_030284665.1_ASM3028466v1_genomic.fna	14	4081504	1355	291536.0	2132726	2132726	46.35
GCF_030348305.1	/home/bacte/bacillus_amr/01_genomes/ncbi_dataset/ncbi_dataset/data/GCF_030348305.1/GCF_030348305.1_ASM3034830v1_genomic.fna	5	3945250	308	789050.0	3942687	3942687	46.53
GCF_030378485.1	/home/bacte/bacillus_amr/01_genomes/ncbi_dataset/ncbi_dataset/data/GCF_030378485.1/GCF_030378485.1_ASM3037848v1_genomic.fna	1	4181346	4181346	4181346.0	4181346	4181346	46.18
GCF_030544925.1	/home/bacte/bacillus_amr/01_genomes/ncbi_dataset/ncbi_dataset/data/GCF_030544925.1/GCF_030544925.1_ASM3054492v1_genomic.fna	2	3964552	8134	1982276.0	3956418	3956418	46.52
GCF_030550855.1	/home/bacte/bacillus_amr/01_genomes/ncbi_dataset/ncbi_dataset/data/GCF_030550855.1/GCF_030550855.1_ASM3055085v1_genomic.fna	98	4252682	200	43394.7	308192	168383	45.62
GCF_030676795.1	/home/bacte/bacillus_amr/01_genomes/ncbi_dataset/ncbi_dataset/data/GCF_030676795.1/GCF_030676795.1_ASM3067679v1_genomic.fna	26	4012827	207	154339.5	1354537	1072201	46.54
GCF_030704265.1	/home/bacte/bacillus_amr/01_genomes/ncbi_dataset/ncbi_dataset/data/GCF_030704265.1/GCF_030704265.1_ASM3070426v1_genomic.fna	1	3980773	3980773	3980773.0	3980773	3980773	46.46
GCF_031118725.1	/home/bacte/bacillus_amr/01_genomes/ncbi_dataset/ncbi_dataset/data/GCF_031118725.1/GCF_031118725.1_ASM3111872v1_genomic.fna	11	3919106	1094	356282.4	2072719	2072719	46.43
GCF_031324265.1	/home/bacte/bacillus_amr/01_genomes/ncbi_dataset/ncbi_dataset/data/GCF_031324265.1/GCF_031324265.1_ASM3132426v1_genomic.fna	16	4109255	242	256828.4	2438332	2438332	46.09
GCF_031460235.1	/home/bacte/bacillus_amr/01_genomes/ncbi_dataset/ncbi_dataset/data/GCF_031460235.1/GCF_031460235.1_ASM3146023v1_genomic.fna	21	3935018	524	187381.8	1442800	1238655	46.38
GCF_031883715.1	/home/bacte/bacillus_amr/01_genomes/ncbi_dataset/ncbi_dataset/data/GCF_031883715.1/GCF_031883715.1_ASM3188371v1_genomic.fna	1	4116231	4116231	4116231.0	4116231	4116231	46.21
GCF_032291985.1	/home/bacte/bacillus_amr/01_genomes/ncbi_dataset/ncbi_dataset/data/GCF_032291985.1/GCF_032291985.1_ASM3229198v1_genomic.fna	2	4143654	71675	2071827.0	4071979	4071979	45.92
GCF_033798645.1	/home/bacte/bacillus_amr/01_genomes/ncbi_dataset/ncbi_dataset/data/GCF_033798645.1/GCF_033798645.1_ASM3379864v1_genomic.fna	1	4027139	4027139	4027139.0	4027139	4027139	46.42
GCF_033949375.1	/home/bacte/bacillus_amr/01_genomes/ncbi_dataset/ncbi_dataset/data/GCF_033949375.1/GCF_033949375.1_ASM3394937v1_genomic.fna	49	3956613	201	80747.2	511627	337087	46.30
GCF_034060585.1	/home/bacte/bacillus_amr/01_genomes/ncbi_dataset/ncbi_dataset/data/GCF_034060585.1/GCF_034060585.1_ASM3406058v1_genomic.fna	1	3984866	3984866	3984866.0	3984866	3984866	46.45
GCF_034061945.1	/home/bacte/bacillus_amr/01_genomes/ncbi_dataset/ncbi_dataset/data/GCF_034061945.1/GCF_034061945.1_ASM3406194v1_genomic.fna	1	4046066	4046066	4046066.0	4046066	4046066	46.39
GCF_035658255.2	/home/bacte/bacillus_amr/01_genomes/ncbi_dataset/ncbi_dataset/data/GCF_035658255.2/GCF_035658255.2_ASM3565825v2_genomic.fna	1	3929793	3929793	3929793.0	3929793	3929793	46.50
GCF_035807455.1	/home/bacte/bacillus_amr/01_genomes/ncbi_dataset/ncbi_dataset/data/GCF_035807455.1/GCF_035807455.1_ASM3580745v1_genomic.fna	26	4198118	721	161466.1	1085978	573357	45.84
GCF_035808035.1	/home/bacte/bacillus_amr/01_genomes/ncbi_dataset/ncbi_dataset/data/GCF_035808035.1/GCF_035808035.1_ASM3580803v1_genomic.fna	28	3956781	849	141313.6	974818	335272	46.38
GCF_035808075.1	/home/bacte/bacillus_amr/01_genomes/ncbi_dataset/ncbi_dataset/data/GCF_035808075.1/GCF_035808075.1_ASM3580807v1_genomic.fna	11	3892229	1121	353839.0	2060944	2060944	46.43
GCF_036323435.1	/home/bacte/bacillus_amr/01_genomes/ncbi_dataset/ncbi_dataset/data/GCF_036323435.1/GCF_036323435.1_ASM3632343v1_genomic.fna	1	3957092	3957092	3957092.0	3957092	3957092	46.47
GCF_036348355.1	/home/bacte/bacillus_amr/01_genomes/ncbi_dataset/ncbi_dataset/data/GCF_036348355.1/GCF_036348355.1_ASM3634835v1_genomic.fna	23	3993252	254	173619.7	2101272	2101272	46.45
GCF_036961785.1	/home/bacte/bacillus_amr/01_genomes/ncbi_dataset/ncbi_dataset/data/GCF_036961785.1/GCF_036961785.1_ASM3696178v1_genomic.fna	117	4009291	1025	34267.4	331824	60064	46.25
GCF_036961825.1	/home/bacte/bacillus_amr/01_genomes/ncbi_dataset/ncbi_dataset/data/GCF_036961825.1/GCF_036961825.1_ASM3696182v1_genomic.fna	30	3904957	995	130165.2	691714	254644	46.49
GCF_036961965.1	/home/bacte/bacillus_amr/01_genomes/ncbi_dataset/ncbi_dataset/data/GCF_036961965.1/GCF_036961965.1_ASM3696196v1_genomic.fna	277	4086459	983	14752.6	176708	60353	45.79
GCF_036962265.1	/home/bacte/bacillus_amr/01_genomes/ncbi_dataset/ncbi_dataset/data/GCF_036962265.1/GCF_036962265.1_ASM3696226v1_genomic.fna	26	3914662	1021	150563.9	582181	361059	46.51
GCF_036962485.1	/home/bacte/bacillus_amr/01_genomes/ncbi_dataset/ncbi_dataset/data/GCF_036962485.1/GCF_036962485.1_ASM3696248v1_genomic.fna	26	3878400	1031	149169.2	977831	577628	46.38
GCF_036962945.1	/home/bacte/bacillus_amr/01_genomes/ncbi_dataset/ncbi_dataset/data/GCF_036962945.1/GCF_036962945.1_ASM3696294v1_genomic.fna	26	4131364	1357	158898.6	743064	330215	46.19
GCF_036962985.1	/home/bacte/bacillus_amr/01_genomes/ncbi_dataset/ncbi_dataset/data/GCF_036962985.1/GCF_036962985.1_ASM3696298v1_genomic.fna	39	4127401	1352	105830.8	744567	170543	46.19
GCF_036963185.1	/home/bacte/bacillus_amr/01_genomes/ncbi_dataset/ncbi_dataset/data/GCF_036963185.1/GCF_036963185.1_ASM3696318v1_genomic.fna	39	3909702	1208	100248.8	617513	259510	46.49
GCF_036963205.1	/home/bacte/bacillus_amr/01_genomes/ncbi_dataset/ncbi_dataset/data/GCF_036963205.1/GCF_036963205.1_ASM3696320v1_genomic.fna	57	3883109	1002	68124.7	327082	139776	46.53
GCF_036963425.1	/home/bacte/bacillus_amr/01_genomes/ncbi_dataset/ncbi_dataset/data/GCF_036963425.1/GCF_036963425.1_ASM3696342v1_genomic.fna	21	3870638	1341	184316.1	1089550	577631	46.39
GCF_036963465.1	/home/bacte/bacillus_amr/01_genomes/ncbi_dataset/ncbi_dataset/data/GCF_036963465.1/GCF_036963465.1_ASM3696346v1_genomic.fna	46	3901283	995	84810.5	357967	192430	46.47
GCF_036964795.1	/home/bacte/bacillus_amr/01_genomes/ncbi_dataset/ncbi_dataset/data/GCF_036964795.1/GCF_036964795.1_ASM3696479v1_genomic.fna	6	3914388	446	652398.0	3909258	3909258	46.52
GCF_036965865.1	/home/bacte/bacillus_amr/01_genomes/ncbi_dataset/ncbi_dataset/data/GCF_036965865.1/GCF_036965865.1_ASM3696586v1_genomic.fna	38	4125431	1131	108564.0	582241	237278	46.18
GCF_036965885.1	/home/bacte/bacillus_amr/01_genomes/ncbi_dataset/ncbi_dataset/data/GCF_036965885.1/GCF_036965885.1_ASM3696588v1_genomic.fna	30	3891408	1150	129713.6	702992	227215	46.42
GCF_036965905.1	/home/bacte/bacillus_amr/01_genomes/ncbi_dataset/ncbi_dataset/data/GCF_036965905.1/GCF_036965905.1_ASM3696590v1_genomic.fna	34	4125805	1241	121347.2	744617	216299	46.18
GCF_036966145.1	/home/bacte/bacillus_amr/01_genomes/ncbi_dataset/ncbi_dataset/data/GCF_036966145.1/GCF_036966145.1_ASM3696614v1_genomic.fna	26	4129158	1359	158813.8	742997	288103	46.18
GCF_036966165.1	/home/bacte/bacillus_amr/01_genomes/ncbi_dataset/ncbi_dataset/data/GCF_036966165.1/GCF_036966165.1_ASM3696616v1_genomic.fna	62	4037512	1153	65121.2	359809	155076	46.02
GCF_036966185.1	/home/bacte/bacillus_amr/01_genomes/ncbi_dataset/ncbi_dataset/data/GCF_036966185.1/GCF_036966185.1_ASM3696618v1_genomic.fna	16	3870767	1292	241922.9	1090104	938189	46.39
GCF_036966225.1	/home/bacte/bacillus_amr/01_genomes/ncbi_dataset/ncbi_dataset/data/GCF_036966225.1/GCF_036966225.1_ASM3696622v1_genomic.fna	162	4007359	1001	24736.8	713059	267662	45.95
GCF_036966325.1	/home/bacte/bacillus_amr/01_genomes/ncbi_dataset/ncbi_dataset/data/GCF_036966325.1/GCF_036966325.1_ASM3696632v1_genomic.fna	38	4127553	1131	108619.8	742996	167771	46.18
GCF_036966385.1	/home/bacte/bacillus_amr/01_genomes/ncbi_dataset/ncbi_dataset/data/GCF_036966385.1/GCF_036966385.1_ASM3696638v1_genomic.fna	138	3821097	1027	27689.1	151220	49663	46.56
GCF_036967085.1	/home/bacte/bacillus_amr/01_genomes/ncbi_dataset/ncbi_dataset/data/GCF_036967085.1/GCF_036967085.1_ASM3696708v1_genomic.fna	28	3868060	1290	138145.0	677014	383526	46.39
GCF_036967145.1	/home/bacte/bacillus_amr/01_genomes/ncbi_dataset/ncbi_dataset/data/GCF_036967145.1/GCF_036967145.1_ASM3696714v1_genomic.fna	10	3891458	1150	389145.8	2061313	2061313	46.43
GCF_037094735.1	/home/bacte/bacillus_amr/01_genomes/ncbi_dataset/ncbi_dataset/data/GCF_037094735.1/GCF_037094735.1_JJ334_genomic.fna	1	3924071	3924071	3924071.0	3924071	3924071	46.61
GCF_037095775.1	/home/bacte/bacillus_amr/01_genomes/ncbi_dataset/ncbi_dataset/data/GCF_037095775.1/GCF_037095775.1_ASM3709577v1_genomic.fna	22	4013767	511	182444.0	1036557	607087	46.32
GCF_039851945.1	/home/bacte/bacillus_amr/01_genomes/ncbi_dataset/ncbi_dataset/data/GCF_039851945.1/GCF_039851945.1_ASM3985194v1_genomic.fna	1	3929757	3929757	3929757.0	3929757	3929757	46.50
GCF_039851955.1	/home/bacte/bacillus_amr/01_genomes/ncbi_dataset/ncbi_dataset/data/GCF_039851955.1/GCF_039851955.1_ASM3985195v1_genomic.fna	2	4217652	16878	2108826.0	4200774	4200774	45.93
GCF_040408265.1	/home/bacte/bacillus_amr/01_genomes/ncbi_dataset/ncbi_dataset/data/GCF_040408265.1/GCF_040408265.1_ASM4040826v1_genomic.fna	83	4401892	315	53034.8	1021459	552354	45.59
GCF_040492415.1	/home/bacte/bacillus_amr/01_genomes/ncbi_dataset/ncbi_dataset/data/GCF_040492415.1/GCF_040492415.1_ASM4049241v1_genomic.fna	94	3817989	768	40616.9	329918	78845	46.71
GCF_040712045.1	/home/bacte/bacillus_amr/01_genomes/ncbi_dataset/ncbi_dataset/data/GCF_040712045.1/GCF_040712045.1_JM236_genomic.fna	1	4240609	4240609	4240609.0	4240609	4240609	46.03
GCF_040712055.1	/home/bacte/bacillus_amr/01_genomes/ncbi_dataset/ncbi_dataset/data/GCF_040712055.1/GCF_040712055.1_JM204_genomic.fna	1	3952550	3952550	3952550.0	3952550	3952550	46.55
GCF_040712065.1	/home/bacte/bacillus_amr/01_genomes/ncbi_dataset/ncbi_dataset/data/GCF_040712065.1/GCF_040712065.1_JM199_genomic.fna	1	4155876	4155876	4155876.0	4155876	4155876	46.02
GCF_040712115.1	/home/bacte/bacillus_amr/01_genomes/ncbi_dataset/ncbi_dataset/data/GCF_040712115.1/GCF_040712115.1_JJ747_genomic.fna	1	4229164	4229164	4229164.0	4229164	4229164	45.88
GCF_040712125.1	/home/bacte/bacillus_amr/01_genomes/ncbi_dataset/ncbi_dataset/data/GCF_040712125.1/GCF_040712125.1_JJ213_genomic.fna	1	3976216	3976216	3976216.0	3976216	3976216	46.49
GCF_040712135.1	/home/bacte/bacillus_amr/01_genomes/ncbi_dataset/ncbi_dataset/data/GCF_040712135.1/GCF_040712135.1_JJ1043_genomic.fna	1	3947929	3947929	3947929.0	3947929	3947929	46.59
GCF_040712195.1	/home/bacte/bacillus_amr/01_genomes/ncbi_dataset/ncbi_dataset/data/GCF_040712195.1/GCF_040712195.1_JJ951_genomic.fna	1	3929793	3929793	3929793.0	3929793	3929793	46.50
GCF_040712215.1	/home/bacte/bacillus_amr/01_genomes/ncbi_dataset/ncbi_dataset/data/GCF_040712215.1/GCF_040712215.1_JJ1284_genomic.fna	1	3995299	3995299	3995299.0	3995299	3995299	46.52
GCF_040712235.1	/home/bacte/bacillus_amr/01_genomes/ncbi_dataset/ncbi_dataset/data/GCF_040712235.1/GCF_040712235.1_JJ947_genomic.fna	2	3967231	8284	1983615.5	3958947	3958947	46.57
GCF_040984565.1	/home/bacte/bacillus_amr/01_genomes/ncbi_dataset/ncbi_dataset/data/GCF_040984565.1/GCF_040984565.1_ASM4098456v1_genomic.fna	42	4137933	558	98522.2	797708	606620	45.81
GCF_041729945.1	/home/bacte/bacillus_amr/01_genomes/ncbi_dataset/ncbi_dataset/data/GCF_041729945.1/GCF_041729945.1_ASM4172994v1_genomic.fna	2	3908054	8564	1954027.0	3899490	3899490	46.61
GCF_041949825.1	/home/bacte/bacillus_amr/01_genomes/ncbi_dataset/ncbi_dataset/data/GCF_041949825.1/GCF_041949825.1_ASM4194982v1_genomic.fna	123	4040390	212	32848.7	449839	258002	46.35
GCF_041950475.1	/home/bacte/bacillus_amr/01_genomes/ncbi_dataset/ncbi_dataset/data/GCF_041950475.1/GCF_041950475.1_ASM4195047v1_genomic.fna	1	3938104	3938104	3938104.0	3938104	3938104	46.50
GCF_042465255.1	/home/bacte/bacillus_amr/01_genomes/ncbi_dataset/ncbi_dataset/data/GCF_042465255.1/GCF_042465255.1_JM907_genomic.fna	1	3952541	3952541	3952541.0	3952541	3952541	46.55
GCF_044357885.1	/home/bacte/bacillus_amr/01_genomes/ncbi_dataset/ncbi_dataset/data/GCF_044357885.1/GCF_044357885.1_ASM4435788v1_genomic.fna	1	3913613	3913613	3913613.0	3913613	3913613	46.57
GCF_044385035.1	/home/bacte/bacillus_amr/01_genomes/ncbi_dataset/ncbi_dataset/data/GCF_044385035.1/GCF_044385035.1_ASM4438503v1_genomic.fna	71	3688350	551	51948.6	377854	86498	46.88
GCF_044881275.1	/home/bacte/bacillus_amr/01_genomes/ncbi_dataset/ncbi_dataset/data/GCF_044881275.1/GCF_044881275.1_ASM4488127v1_genomic.fna	75	3685685	554	49142.5	377855	86063	46.88
GCF_044901645.1	/home/bacte/bacillus_amr/01_genomes/ncbi_dataset/ncbi_dataset/data/GCF_044901645.1/GCF_044901645.1_ASM4490164v1_genomic.fna	79	3709880	219	46960.5	324688	114536	46.88
GCF_044901725.1	/home/bacte/bacillus_amr/01_genomes/ncbi_dataset/ncbi_dataset/data/GCF_044901725.1/GCF_044901725.1_ASM4490172v1_genomic.fna	73	3692353	547	50580.2	327589	114482	46.88
GCF_044901785.1	/home/bacte/bacillus_amr/01_genomes/ncbi_dataset/ncbi_dataset/data/GCF_044901785.1/GCF_044901785.1_ASM4490178v1_genomic.fna	82	3724446	219	45420.1	328041	114711	46.89
GCF_044905085.1	/home/bacte/bacillus_amr/01_genomes/ncbi_dataset/ncbi_dataset/data/GCF_044905085.1/GCF_044905085.1_ASM4490508v1_genomic.fna	1	4186033	4186033	4186033.0	4186033	4186033	45.96
GCF_045276195.1	/home/bacte/bacillus_amr/01_genomes/ncbi_dataset/ncbi_dataset/data/GCF_045276195.1/GCF_045276195.1_ASM4527619v1_genomic.fna	2	4091169	23363	2045584.5	4067806	4067806	46.52
GCF_045924925.1	/home/bacte/bacillus_amr/01_genomes/ncbi_dataset/ncbi_dataset/data/GCF_045924925.1/GCF_045924925.1_ASM4592492v1_genomic.fna	1	3974852	3974852	3974852.0	3974852	3974852	46.52
GCF_045925855.1	/home/bacte/bacillus_amr/01_genomes/ncbi_dataset/ncbi_dataset/data/GCF_045925855.1/GCF_045925855.1_ASM4592585v1_genomic.fna	2	4124354	35700	2062177.0	4088654	4088654	46.48
GCF_046101815.1	/home/bacte/bacillus_amr/01_genomes/ncbi_dataset/ncbi_dataset/data/GCF_046101815.1/GCF_046101815.1_ASM4610181v1_genomic.fna	2	4173586	129906	2086793.0	4043680	4043680	46.05
GCF_047300835.1	/home/bacte/bacillus_amr/01_genomes/ncbi_dataset/ncbi_dataset/data/GCF_047300835.1/GCF_047300835.1_ASM4730083v1_genomic.fna	1	3849010	3849010	3849010.0	3849010	3849010	46.73
GCF_047300865.1	/home/bacte/bacillus_amr/01_genomes/ncbi_dataset/ncbi_dataset/data/GCF_047300865.1/GCF_047300865.1_ASM4730086v1_genomic.fna	1	3939798	3939798	3939798.0	3939798	3939798	46.58
GCF_047302555.1	/home/bacte/bacillus_amr/01_genomes/ncbi_dataset/ncbi_dataset/data/GCF_047302555.1/GCF_047302555.1_SY54.1.0_genomic.fna	2	4044968	4968	2022484.0	4040000	4040000	46.29
GCF_047314745.1	/home/bacte/bacillus_amr/01_genomes/ncbi_dataset/ncbi_dataset/data/GCF_047314745.1/GCF_047314745.1_ASM4731474v1_genomic.fna	13	3890478	582	299267.5	2050687	2050687	46.43
GCF_047947095.1	/home/bacte/bacillus_amr/01_genomes/ncbi_dataset/ncbi_dataset/data/GCF_047947095.1/GCF_047947095.1_ASM4794709v1_genomic.fna	1	4141337	4141337	4141337.0	4141337	4141337	46.21
GCF_048013385.1	/home/bacte/bacillus_amr/01_genomes/ncbi_dataset/ncbi_dataset/data/GCF_048013385.1/GCF_048013385.1_ASM4801338v1_genomic.fna	1	4073650	4073650	4073650.0	4073650	4073650	46.23
GCF_048288325.1	/home/bacte/bacillus_amr/01_genomes/ncbi_dataset/ncbi_dataset/data/GCF_048288325.1/GCF_048288325.1_ASM4828832v1_genomic.fna	1	3968904	3968904	3968904.0	3968904	3968904	46.50
GCF_048288335.1	/home/bacte/bacillus_amr/01_genomes/ncbi_dataset/ncbi_dataset/data/GCF_048288335.1/GCF_048288335.1_ASM4828833v1_genomic.fna	1	3980669	3980669	3980669.0	3980669	3980669	46.47
GCF_048585445.1	/home/bacte/bacillus_amr/01_genomes/ncbi_dataset/ncbi_dataset/data/GCF_048585445.1/GCF_048585445.1_HNAAS02v1_genomic.fna	1	3947034	3947034	3947034.0	3947034	3947034	46.64
GCF_049537935.1	/home/bacte/bacillus_amr/01_genomes/ncbi_dataset/ncbi_dataset/data/GCF_049537935.1/GCF_049537935.1_ASM4953793v1_genomic.fna	13	3976009	4601	305846.8	1079640	1014386	46.42
GCF_049544895.1	/home/bacte/bacillus_amr/01_genomes/ncbi_dataset/ncbi_dataset/data/GCF_049544895.1/GCF_049544895.1_ASM4954489v1_genomic.fna	1	3935130	3935130	3935130.0	3935130	3935130	46.50
GCF_049803395.1	/home/bacte/bacillus_amr/01_genomes/ncbi_dataset/ncbi_dataset/data/GCF_049803395.1/GCF_049803395.1_ASM4980339v1_genomic.fna	37	4047641	232	109395.7	1104552	612824	46.25
GCF_049810385.1	/home/bacte/bacillus_amr/01_genomes/ncbi_dataset/ncbi_dataset/data/GCF_049810385.1/GCF_049810385.1_XZ3-6_genomic.fna	1	4068475	4068475	4068475.0	4068475	4068475	46.52
GCF_049819585.1	/home/bacte/bacillus_amr/01_genomes/ncbi_dataset/ncbi_dataset/data/GCF_049819585.1/GCF_049819585.1_ASM4981958v1_genomic.fna	1	3929792	3929792	3929792.0	3929792	3929792	46.50
GCF_049942705.1	/home/bacte/bacillus_amr/01_genomes/ncbi_dataset/ncbi_dataset/data/GCF_049942705.1/GCF_049942705.1_ASM4994270v1_genomic.fna	1	4013320	4013320	4013320.0	4013320	4013320	46.54
GCF_049944735.1	/home/bacte/bacillus_amr/01_genomes/ncbi_dataset/ncbi_dataset/data/GCF_049944735.1/GCF_049944735.1_ASM4994473v1_genomic.fna	46	4046530	206	87968.0	2032276	2032276	46.24
GCF_050106615.1	/home/bacte/bacillus_amr/01_genomes/ncbi_dataset/ncbi_dataset/data/GCF_050106615.1/GCF_050106615.1_ASM5010661v1_genomic.fna	54	3984114	510	73779.9	456849	170640	46.48
GCF_050445505.1	/home/bacte/bacillus_amr/01_genomes/ncbi_dataset/ncbi_dataset/data/GCF_050445505.1/GCF_050445505.1_ASM5044550v1_genomic.fna	26	3918628	232	150716.5	2055220	2055220	46.54
GCF_050445565.1	/home/bacte/bacillus_amr/01_genomes/ncbi_dataset/ncbi_dataset/data/GCF_050445565.1/GCF_050445565.1_ASM5044556v1_genomic.fna	44	4150201	200	94322.8	1575815	1088741	45.84
GCF_050821995.1	/home/bacte/bacillus_amr/01_genomes/ncbi_dataset/ncbi_dataset/data/GCF_050821995.1/GCF_050821995.1_ASM5082199v1_genomic.fna	1	3929750	3929750	3929750.0	3929750	3929750	46.50
GCF_050908125.1	/home/bacte/bacillus_amr/01_genomes/ncbi_dataset/ncbi_dataset/data/GCF_050908125.1/GCF_050908125.1_ASM5090812v1_genomic.fna	1	4000437	4000437	4000437.0	4000437	4000437	46.18
GCF_050909115.1	/home/bacte/bacillus_amr/01_genomes/ncbi_dataset/ncbi_dataset/data/GCF_050909115.1/GCF_050909115.1_ASM5090911v1_genomic.fna	1	3964992	3964992	3964992.0	3964992	3964992	46.60
GCF_051175615.1	/home/bacte/bacillus_amr/01_genomes/ncbi_dataset/ncbi_dataset/data/GCF_051175615.1/GCF_051175615.1_ASM5117561v1_genomic.fna	1	3935735	3935735	3935735.0	3935735	3935735	46.51
GCF_051472655.1	/home/bacte/bacillus_amr/01_genomes/ncbi_dataset/ncbi_dataset/data/GCF_051472655.1/GCF_051472655.1_ASM5147265v1_genomic.fna	1	3931880	3931880	3931880.0	3931880	3931880	46.55
GCF_051549775.1	/home/bacte/bacillus_amr/01_genomes/ncbi_dataset/ncbi_dataset/data/GCF_051549775.1/GCF_051549775.1_ASM5154977v1_genomic.fna	2	3908054	8564	1954027.0	3899490	3899490	46.61
GCF_051935925.1	/home/bacte/bacillus_amr/01_genomes/ncbi_dataset/ncbi_dataset/data/GCF_051935925.1/GCF_051935925.1_ASM5193592v1_genomic.fna	1	3929790	3929790	3929790.0	3929790	3929790	46.50
GCF_052076155.1	/home/bacte/bacillus_amr/01_genomes/ncbi_dataset/ncbi_dataset/data/GCF_052076155.1/GCF_052076155.1_ASM5207615v1_genomic.fna	1	3935130	3935130	3935130.0	3935130	3935130	46.50
GCF_052229975.1	/home/bacte/bacillus_amr/01_genomes/ncbi_dataset/ncbi_dataset/data/GCF_052229975.1/GCF_052229975.1_ASM5222997v1_genomic.fna	1	3948495	3948495	3948495.0	3948495	3948495	46.56
GCF_052535915.1	/home/bacte/bacillus_amr/01_genomes/ncbi_dataset/ncbi_dataset/data/GCF_052535915.1/GCF_052535915.1_ASM5253591v1_genomic.fna	11	3889832	1011	353621.1	2059914	2059914	46.44
GCF_052568175.1	/home/bacte/bacillus_amr/01_genomes/ncbi_dataset/ncbi_dataset/data/GCF_052568175.1/GCF_052568175.1_ASM5256817v1_genomic.fna	1	3974497	3974497	3974497.0	3974497	3974497	46.56
GCF_052568205.1	/home/bacte/bacillus_amr/01_genomes/ncbi_dataset/ncbi_dataset/data/GCF_052568205.1/GCF_052568205.1_ASM5256820v1_genomic.fna	1	3940719	3940719	3940719.0	3940719	3940719	46.49
GCF_052692685.1	/home/bacte/bacillus_amr/01_genomes/ncbi_dataset/ncbi_dataset/data/GCF_052692685.1/GCF_052692685.1_ASM5269268v1_genomic.fna	1	4263267	4263267	4263267.0	4263267	4263267	45.87
GCF_052922385.1	/home/bacte/bacillus_amr/01_genomes/ncbi_dataset/ncbi_dataset/data/GCF_052922385.1/GCF_052922385.1_ASM5292238v1_genomic.fna	26	3997489	484	153749.6	889206	342325	46.18
GCF_052977405.1	/home/bacte/bacillus_amr/01_genomes/ncbi_dataset/ncbi_dataset/data/GCF_052977405.1/GCF_052977405.1_ASM5297740v1_genomic.fna	38	3973918	232	104576.8	1244049	1034155	46.40
GCF_053470225.1	/home/bacte/bacillus_amr/01_genomes/ncbi_dataset/ncbi_dataset/data/GCF_053470225.1/GCF_053470225.1_ASM5347022v1_genomic.fna	45	4083634	201	90747.4	1043415	564984	46.05
GCF_053470245.1	/home/bacte/bacillus_amr/01_genomes/ncbi_dataset/ncbi_dataset/data/GCF_053470245.1/GCF_053470245.1_ASM5347024v1_genomic.fna	22	3908491	298	177658.7	1080032	1000639	46.46
GCF_053569555.1	/home/bacte/bacillus_amr/01_genomes/ncbi_dataset/ncbi_dataset/data/GCF_053569555.1/GCF_053569555.1_ASM5356955v1_genomic.fna	332	4251044	243	12804.3	203328	31886	45.58
GCF_053571025.1	/home/bacte/bacillus_amr/01_genomes/ncbi_dataset/ncbi_dataset/data/GCF_053571025.1/GCF_053571025.1_ASM5357102v1_genomic.fna	32	3916392	3349	122387.3	650763	314670	46.33
GCF_053750075.1	/home/bacte/bacillus_amr/01_genomes/ncbi_dataset/ncbi_dataset/data/GCF_053750075.1/GCF_053750075.1_ASM5375007v1_genomic.fna	1	3919829	3919829	3919829.0	3919829	3919829	46.55
GCF_053847225.1	/home/bacte/bacillus_amr/01_genomes/ncbi_dataset/ncbi_dataset/data/GCF_053847225.1/GCF_053847225.1_ASM5384722v1_genomic.fna	1	3935256	3935256	3935256.0	3935256	3935256	46.56
GCF_054165805.1	/home/bacte/bacillus_amr/01_genomes/ncbi_dataset/ncbi_dataset/data/GCF_054165805.1/GCF_054165805.1_ASM5416580v1_genomic.fna	1	4026014	4026014	4026014.0	4026014	4026014	46.50
GCF_054850045.1	/home/bacte/bacillus_amr/01_genomes/ncbi_dataset/ncbi_dataset/data/GCF_054850045.1/GCF_054850045.1_ASM5485004v1_genomic.fna	46	4033762	269	87690.5	1435244	989868	46.27
GCF_054889435.1	/home/bacte/bacillus_amr/01_genomes/ncbi_dataset/ncbi_dataset/data/GCF_054889435.1/GCF_054889435.1_ASM5488943v1_genomic.fna	3	4104031	8439	1368010.3	4018842	4018842	46.15
GCF_054954805.1	/home/bacte/bacillus_amr/01_genomes/ncbi_dataset/ncbi_dataset/data/GCF_054954805.1/GCF_054954805.1_ASM5495480v1_genomic.fna	1	3945646	3945646	3945646.0	3945646	3945646	46.61
GCF_054966515.1	/home/bacte/bacillus_amr/01_genomes/ncbi_dataset/ncbi_dataset/data/GCF_054966515.1/GCF_054966515.1_ASM5496651v1_genomic.fna	20	3886856	797	194342.8	1092066	1011864	46.42
GCF_055690625.1	/home/bacte/bacillus_amr/01_genomes/ncbi_dataset/ncbi_dataset/data/GCF_055690625.1/GCF_055690625.1_ASM5569062v1_genomic.fna	1	4062983	4062983	4062983.0	4062983	4062983	46.32
GCF_055690645.1	/home/bacte/bacillus_amr/01_genomes/ncbi_dataset/ncbi_dataset/data/GCF_055690645.1/GCF_055690645.1_ASM5569064v1_genomic.fna	2	3939387	7428	1969693.5	3931959	3931959	46.58
GCF_055690665.1	/home/bacte/bacillus_amr/01_genomes/ncbi_dataset/ncbi_dataset/data/GCF_055690665.1/GCF_055690665.1_ASM5569066v1_genomic.fna	1	4062997	4062997	4062997.0	4062997	4062997	46.32
GCF_055709905.1	/home/bacte/bacillus_amr/01_genomes/ncbi_dataset/ncbi_dataset/data/GCF_055709905.1/GCF_055709905.1_ASM5570990v1_genomic.fna	23	4026987	665	175086.4	1435254	989868	46.26
GCF_056413905.1	/home/bacte/bacillus_amr/01_genomes/ncbi_dataset/ncbi_dataset/data/GCF_056413905.1/GCF_056413905.1_ASM5641390v1_genomic.fna	1	4026017	4026017	4026017.0	4026017	4026017	46.50
GCF_056437605.1	/home/bacte/bacillus_amr/01_genomes/ncbi_dataset/ncbi_dataset/data/GCF_056437605.1/GCF_056437605.1_ASM5643760v1_genomic.fna	1	3929791	3929791	3929791.0	3929791	3929791	46.50
GCF_056640695.1	/home/bacte/bacillus_amr/01_genomes/ncbi_dataset/ncbi_dataset/data/GCF_056640695.1/GCF_056640695.1_ASM5664069v1_genomic.fna	1	3998688	3998688	3998688.0	3998688	3998688	46.57
GCF_056674955.1	/home/bacte/bacillus_amr/01_genomes/ncbi_dataset/ncbi_dataset/data/GCF_056674955.1/GCF_056674955.1_ASM5667495v1_genomic.fna	24	4118998	210	171624.9	2257208	2257208	46.01
GCF_056725985.1	/home/bacte/bacillus_amr/01_genomes/ncbi_dataset/ncbi_dataset/data/GCF_056725985.1/GCF_056725985.1_ASM5672598v1_genomic.fna	2	4001041	5891	2000520.5	3995150	3995150	46.63
GCF_057096045.1	/home/bacte/bacillus_amr/01_genomes/ncbi_dataset/ncbi_dataset/data/GCF_057096045.1/GCF_057096045.1_ASM5709604v1_genomic.fna	1	3916866	3916866	3916866.0	3916866	3916866	46.46
GCF_057162765.1	/home/bacte/bacillus_amr/01_genomes/ncbi_dataset/ncbi_dataset/data/GCF_057162765.1/GCF_057162765.1_ASM5716276v1_genomic.fna	24	3884877	437	161869.9	1091806	1011768	46.42
GCF_057175425.1	/home/bacte/bacillus_amr/01_genomes/ncbi_dataset/ncbi_dataset/data/GCF_057175425.1/GCF_057175425.1_ASM5717542v1_genomic.fna	1	4027104	4027104	4027104.0	4027104	4027104	46.59
GCF_057220775.1	/home/bacte/bacillus_amr/01_genomes/ncbi_dataset/ncbi_dataset/data/GCF_057220775.1/GCF_057220775.1_ASM5722077v1_genomic.fna	1	3979294	3979294	3979294.0	3979294	3979294	46.54
GCF_057334255.1	/home/bacte/bacillus_amr/01_genomes/ncbi_dataset/ncbi_dataset/data/GCF_057334255.1/GCF_057334255.1_ASM5733425v1_genomic.fna	26	3999880	641	153841.5	1064365	432846	46.21
GCF_057334635.1	/home/bacte/bacillus_amr/01_genomes/ncbi_dataset/ncbi_dataset/data/GCF_057334635.1/GCF_057334635.1_ASM5733463v1_genomic.fna	27	4003896	641	148292.4	1075775	927666	46.22
GCF_057654735.1	/home/bacte/bacillus_amr/01_genomes/ncbi_dataset/ncbi_dataset/data/GCF_057654735.1/GCF_057654735.1_ASM5765473v1_genomic.fna	1	4240819	4240819	4240819.0	4240819	4240819	45.91
GCF_058167685.1	/home/bacte/bacillus_amr/01_genomes/ncbi_dataset/ncbi_dataset/data/GCF_058167685.1/GCF_058167685.1_ASM5816768v1_genomic.fna	1	4138524	4138524	4138524.0	4138524	4138524	46.13
GCF_058320775.1	/home/bacte/bacillus_amr/01_genomes/ncbi_dataset/ncbi_dataset/data/GCF_058320775.1/GCF_058320775.1_ASM5832077v1_genomic.fna	16	3892196	1019	243262.3	2047148	2047148	46.43
GCF_058629395.1	/home/bacte/bacillus_amr/01_genomes/ncbi_dataset/ncbi_dataset/data/GCF_058629395.1/GCF_058629395.1_ASM5862939v1_genomic.fna	123	3929042	214	31943.4	591698	407145	46.52
GCF_058629415.1	/home/bacte/bacillus_amr/01_genomes/ncbi_dataset/ncbi_dataset/data/GCF_058629415.1/GCF_058629415.1_ASM5862941v1_genomic.fna	109	3967640	221	36400.4	881883	733465	46.40
GCF_058629435.1	/home/bacte/bacillus_amr/01_genomes/ncbi_dataset/ncbi_dataset/data/GCF_058629435.1/GCF_058629435.1_ASM5862943v1_genomic.fna	78	3987271	202	51118.9	1107640	1023766	46.30
GCF_059078255.1	/home/bacte/bacillus_amr/01_genomes/ncbi_dataset/ncbi_dataset/data/GCF_059078255.1/GCF_059078255.1_ASM5907825v1_genomic.fna	15	3886578	1714	259105.2	1098554	988522	46.45
GCF_059147195.1	/home/bacte/bacillus_amr/01_genomes/ncbi_dataset/ncbi_dataset/data/GCF_059147195.1/GCF_059147195.1_ASM5914719v1_genomic.fna	2	4229765	5812	2114882.5	4223953	4223953	45.97
GCF_059147205.1	/home/bacte/bacillus_amr/01_genomes/ncbi_dataset/ncbi_dataset/data/GCF_059147205.1/GCF_059147205.1_ASM5914720v1_genomic.fna	2	4222240	5493	2111120.0	4216747	4216747	45.94
GCF_059547635.1	/home/bacte/bacillus_amr/01_genomes/ncbi_dataset/ncbi_dataset/data/GCF_059547635.1/GCF_059547635.1_ASM5954763v1_genomic.fna	7	4128239	38601	589748.4	1951067	709068	46.15
GCF_059618005.1	/home/bacte/bacillus_amr/01_genomes/ncbi_dataset/ncbi_dataset/data/GCF_059618005.1/GCF_059618005.1_ASM5961800v1_genomic.fna	1	3951806	3951806	3951806.0	3951806	3951806	46.61
GCF_059629335.1	/home/bacte/bacillus_amr/01_genomes/ncbi_dataset/ncbi_dataset/data/GCF_059629335.1/GCF_059629335.1_ASM5962933v1_genomic.fna	230	3940024	218	17130.5	139078	31011	46.37
GCF_059740425.1	/home/bacte/bacillus_amr/01_genomes/ncbi_dataset/ncbi_dataset/data/GCF_059740425.1/GCF_059740425.1_ASM5974042v1_genomic.fna	2	4143683	71675	2071841.5	4072008	4072008	45.92
GCF_059759445.1	/home/bacte/bacillus_amr/01_genomes/ncbi_dataset/ncbi_dataset/data/GCF_059759445.1/GCF_059759445.1_ASM5975944v1_genomic.fna	2	3934690	4901	1967345.0	3929789	3929789	46.51
GCF_059981775.1	/home/bacte/bacillus_amr/01_genomes/ncbi_dataset/ncbi_dataset/data/GCF_059981775.1/GCF_059981775.1_ASM5998177v1_genomic.fna	1	3995581	3995581	3995581.0	3995581	3995581	46.55
GCF_060059705.1	/home/bacte/bacillus_amr/01_genomes/ncbi_dataset/ncbi_dataset/data/GCF_060059705.1/GCF_060059705.1_ASM6005970v1_genomic.fna	1	4033312	4033312	4033312.0	4033312	4033312	46.63
GCF_060082625.1	/home/bacte/bacillus_amr/01_genomes/ncbi_dataset/ncbi_dataset/data/GCF_060082625.1/GCF_060082625.1_ASM6008262v1_genomic.fna	1	4029161	4029161	4029161.0	4029161	4029161	46.50
GCF_060145795.1	/home/bacte/bacillus_amr/01_genomes/ncbi_dataset/ncbi_dataset/data/GCF_060145795.1/GCF_060145795.1_ASM6014579v1_genomic.fna	1	3929792	3929792	3929792.0	3929792	3929792	46.50
GCF_060145825.1	/home/bacte/bacillus_amr/01_genomes/ncbi_dataset/ncbi_dataset/data/GCF_060145825.1/GCF_060145825.1_ASM6014582v1_genomic.fna	1	4069580	4069580	4069580.0	4069580	4069580	46.53
GCF_060591375.1	/home/bacte/bacillus_amr/01_genomes/ncbi_dataset/ncbi_dataset/data/GCF_060591375.1/GCF_060591375.1_ASM6059137v1_genomic.fna	40	3746760	5367	93669.0	324488	207452	46.33
GCF_061073905.1	/home/bacte/bacillus_amr/01_genomes/ncbi_dataset/ncbi_dataset/data/GCF_061073905.1/GCF_061073905.1_ASM6107390v1_genomic.fna	23	3927219	749	170748.7	986144	582158	46.45
GCF_904841115.1	/home/bacte/bacillus_amr/01_genomes/ncbi_dataset/ncbi_dataset/data/GCF_904841115.1/GCF_904841115.1_ASM90484111v1_genomic.fna	2	4170345	219202	2085172.5	3951143	3951143	46.00
GCF_904842145.1	/home/bacte/bacillus_amr/01_genomes/ncbi_dataset/ncbi_dataset/data/GCF_904842145.1/GCF_904842145.1_ASM90484214v1_genomic.fna	2	4194482	221596	2097241.0	3972886	3972886	46.00
GCF_949768215.1	/home/bacte/bacillus_amr/01_genomes/ncbi_dataset/ncbi_dataset/data/GCF_949768215.1/GCF_949768215.1_IT-133MI5_genomic.fna	38	3853635	216	101411.4	1075540	882857	46.57
GCF_977015195.1	/home/bacte/bacillus_amr/01_genomes/ncbi_dataset/ncbi_dataset/data/GCF_977015195.1/GCF_977015195.1_BSCM_059_assembly_genomic.fna	5	4257385	25325	851477.0	4130188	4130188	46.03
GCF_977015285.1	/home/bacte/bacillus_amr/01_genomes/ncbi_dataset/ncbi_dataset/data/GCF_977015285.1/GCF_977015285.1_BSCM_099_assembly_genomic.fna	3	4278962	19996	1426320.7	4237384	4237384	45.79
GCF_977015355.1	/home/bacte/bacillus_amr/01_genomes/ncbi_dataset/ncbi_dataset/data/GCF_977015355.1/GCF_977015355.1_BSCM_013_assembly_genomic.fna	2	3958056	20467	1979028.0	3937589	3937589	46.61
GCF_977015475.1	/home/bacte/bacillus_amr/01_genomes/ncbi_dataset/ncbi_dataset/data/GCF_977015475.1/GCF_977015475.1_BSCM_075_assembly_genomic.fna	2	4058715	26010	2029357.5	4032705	4032705	46.40
GCF_977015535.1	/home/bacte/bacillus_amr/01_genomes/ncbi_dataset/ncbi_dataset/data/GCF_977015535.1/GCF_977015535.1_BSCM_101_assembly_genomic.fna	3	4125875	24051	1375291.7	4074818	4074818	46.42
GCF_979889575.1	/home/bacte/bacillus_amr/01_genomes/ncbi_dataset/ncbi_dataset/data/GCF_979889575.1/GCF_979889575.1_SRL163_genomic.fna	1	3990922	3990922	3990922.0	3990922	3990922	46.51
GCF_979901685.1	/home/bacte/bacillus_amr/01_genomes/ncbi_dataset/ncbi_dataset/data/GCF_979901685.1/GCF_979901685.1_SRL244_genomic.fna	1	3990806	3990806	3990806.0	3990806	3990806	46.51
GCF_979902625.1	/home/bacte/bacillus_amr/01_genomes/ncbi_dataset/ncbi_dataset/data/GCF_979902625.1/GCF_979902625.1_SRL221_genomic.fna	1	3990921	3990921	3990921.0	3990921	3990921	46.51
GCF_979914115.1	/home/bacte/bacillus_amr/01_genomes/ncbi_dataset/ncbi_dataset/data/GCF_979914115.1/GCF_979914115.1_SRL379_genomic.fna	1	3991280	3991280	3991280.0	3991280	3991280	46.51
GCF_979914865.1	/home/bacte/bacillus_amr/01_genomes/ncbi_dataset/ncbi_dataset/data/GCF_979914865.1/GCF_979914865.1_SRL374_genomic.fna	1	3987411	3987411	3987411.0	3987411	3987411	46.52
GCF_000262385.1	/home/bacte/bacillus_amr/01_genomes/ncbi_dataset/ncbi_dataset/data/GCF_000262385.1/GCF_000262385.1_ASM26238v1_genomic.fna	1	4238624	4238624	4238624.0	4238624	4238624	45.85
GCF_001756265.1	/home/bacte/bacillus_amr/01_genomes/ncbi_dataset/ncbi_dataset/data/GCF_001756265.1/GCF_001756265.1_ASM175626v1_genomic.fna	187	5857539	564	31323.7	346285	86053	35.02
GCF_002550225.1	/home/bacte/bacillus_amr/01_genomes/ncbi_dataset/ncbi_dataset/data/GCF_002550225.1/GCF_002550225.1_ASM255022v1_genomic.fna	314	5925901	209	18872.3	354361	61369	34.93
GCF_002555155.1	/home/bacte/bacillus_amr/01_genomes/ncbi_dataset/ncbi_dataset/data/GCF_002555155.1/GCF_002555155.1_ASM255515v1_genomic.fna	102	5862502	216	57475.5	406011	145754	35.07
GCF_002555265.1	/home/bacte/bacillus_amr/01_genomes/ncbi_dataset/ncbi_dataset/data/GCF_002555265.1/GCF_002555265.1_ASM255526v1_genomic.fna	139	5990230	200	43095.2	727008	209692	35.05
GCF_002555305.1	/home/bacte/bacillus_amr/01_genomes/ncbi_dataset/ncbi_dataset/data/GCF_002555305.1/GCF_002555305.1_ASM255530v1_genomic.fna	93	5535807	203	59524.8	504381	189093	35.35
GCF_002555385.1	/home/bacte/bacillus_amr/01_genomes/ncbi_dataset/ncbi_dataset/data/GCF_002555385.1/GCF_002555385.1_ASM255538v1_genomic.fna	443	6101045	204	13772.1	208057	61265	35.09
GCF_002555735.1	/home/bacte/bacillus_amr/01_genomes/ncbi_dataset/ncbi_dataset/data/GCF_002555735.1/GCF_002555735.1_ASM255573v1_genomic.fna	116	5988035	200	51621.0	592477	157445	35.03
GCF_002555945.1	/home/bacte/bacillus_amr/01_genomes/ncbi_dataset/ncbi_dataset/data/GCF_002555945.1/GCF_002555945.1_ASM255594v1_genomic.fna	124	6044329	200	48744.6	494723	138010	34.87
GCF_002556085.1	/home/bacte/bacillus_amr/01_genomes/ncbi_dataset/ncbi_dataset/data/GCF_002556085.1/GCF_002556085.1_ASM255608v1_genomic.fna	343	5529661	202	16121.5	219609	46651	35.27
GCF_002556425.1	/home/bacte/bacillus_amr/01_genomes/ncbi_dataset/ncbi_dataset/data/GCF_002556425.1/GCF_002556425.1_ASM255642v1_genomic.fna	119	5884781	210	49451.9	444913	184456	34.90
GCF_002556825.1	/home/bacte/bacillus_amr/01_genomes/ncbi_dataset/ncbi_dataset/data/GCF_002556825.1/GCF_002556825.1_ASM255682v1_genomic.fna	126	5939251	209	47136.9	670086	123666	35.06
GCF_002556905.1	/home/bacte/bacillus_amr/01_genomes/ncbi_dataset/ncbi_dataset/data/GCF_002556905.1/GCF_002556905.1_ASM255690v1_genomic.fna	117	5546264	202	47404.0	523409	153824	35.10
GCF_002557475.1	/home/bacte/bacillus_amr/01_genomes/ncbi_dataset/ncbi_dataset/data/GCF_002557475.1/GCF_002557475.1_ASM255747v1_genomic.fna	98	5369054	200	54786.3	475716	155827	35.19
GCF_002557675.1	/home/bacte/bacillus_amr/01_genomes/ncbi_dataset/ncbi_dataset/data/GCF_002557675.1/GCF_002557675.1_ASM255767v1_genomic.fna	882	5983484	200	6784.0	470933	144013	35.10
GCF_002557855.1	/home/bacte/bacillus_amr/01_genomes/ncbi_dataset/ncbi_dataset/data/GCF_002557855.1/GCF_002557855.1_ASM255785v1_genomic.fna	123	5975308	211	48579.7	433120	124685	34.88
GCF_002569595.1	/home/bacte/bacillus_amr/01_genomes/ncbi_dataset/ncbi_dataset/data/GCF_002569595.1/GCF_002569595.1_ASM256959v1_genomic.fna	271	5991849	200	22110.1	286601	72279	34.98
GCF_002569665.1	/home/bacte/bacillus_amr/01_genomes/ncbi_dataset/ncbi_dataset/data/GCF_002569665.1/GCF_002569665.1_ASM256966v1_genomic.fna	83	5723261	200	68955.0	694924	171263	34.94
GCF_002569715.1	/home/bacte/bacillus_amr/01_genomes/ncbi_dataset/ncbi_dataset/data/GCF_002569715.1/GCF_002569715.1_ASM256971v1_genomic.fna	161	6055543	206	37612.1	439272	104711	34.88
GCF_002570135.1	/home/bacte/bacillus_amr/01_genomes/ncbi_dataset/ncbi_dataset/data/GCF_002570135.1/GCF_002570135.1_ASM257013v1_genomic.fna	647	5341448	204	8255.7	114936	18317	35.14
GCF_002570265.1	/home/bacte/bacillus_amr/01_genomes/ncbi_dataset/ncbi_dataset/data/GCF_002570265.1/GCF_002570265.1_ASM257026v1_genomic.fna	101	5883116	205	58248.7	686992	183282	35.00
GCF_002570305.1	/home/bacte/bacillus_amr/01_genomes/ncbi_dataset/ncbi_dataset/data/GCF_002570305.1/GCF_002570305.1_ASM257030v1_genomic.fna	117	5727363	200	48951.8	378952	135265	35.02
GCF_002570335.1	/home/bacte/bacillus_amr/01_genomes/ncbi_dataset/ncbi_dataset/data/GCF_002570335.1/GCF_002570335.1_ASM257033v1_genomic.fna	96	5346679	210	55694.6	627259	172086	35.20
GCF_002572045.1	/home/bacte/bacillus_amr/01_genomes/ncbi_dataset/ncbi_dataset/data/GCF_002572045.1/GCF_002572045.1_ASM257204v1_genomic.fna	313	5784088	200	18479.5	253338	47955	34.91
GCF_002572225.1	/home/bacte/bacillus_amr/01_genomes/ncbi_dataset/ncbi_dataset/data/GCF_002572225.1/GCF_002572225.1_ASM257222v1_genomic.fna	201	5817721	201	28943.9	699470	165604	34.96
GCF_002579445.1	/home/bacte/bacillus_amr/01_genomes/ncbi_dataset/ncbi_dataset/data/GCF_002579445.1/GCF_002579445.1_ASM257944v1_genomic.fna	98	5860439	200	59800.4	550895	196124	34.88
GCF_002579865.1	/home/bacte/bacillus_amr/01_genomes/ncbi_dataset/ncbi_dataset/data/GCF_002579865.1/GCF_002579865.1_ASM257986v1_genomic.fna	102	5475240	200	53678.8	427714	191390	35.13
GCF_002579945.1	/home/bacte/bacillus_amr/01_genomes/ncbi_dataset/ncbi_dataset/data/GCF_002579945.1/GCF_002579945.1_ASM257994v1_genomic.fna	105	5732178	222	54592.2	288033	143696	35.07
GCF_002580235.1	/home/bacte/bacillus_amr/01_genomes/ncbi_dataset/ncbi_dataset/data/GCF_002580235.1/GCF_002580235.1_ASM258023v1_genomic.fna	92	5376368	210	58438.8	537880	142551	35.25
GCF_002580335.1	/home/bacte/bacillus_amr/01_genomes/ncbi_dataset/ncbi_dataset/data/GCF_002580335.1/GCF_002580335.1_ASM258033v1_genomic.fna	106	5525328	200	52125.7	388150	136155	35.15
GCF_002580565.1	/home/bacte/bacillus_amr/01_genomes/ncbi_dataset/ncbi_dataset/data/GCF_002580565.1/GCF_002580565.1_ASM258056v1_genomic.fna	231	6033248	200	26118.0	251897	69982	34.85
GCF_002580595.1	/home/bacte/bacillus_amr/01_genomes/ncbi_dataset/ncbi_dataset/data/GCF_002580595.1/GCF_002580595.1_ASM258059v1_genomic.fna	119	5615646	200	47190.3	569340	182617	35.13
GCF_002581055.1	/home/bacte/bacillus_amr/01_genomes/ncbi_dataset/ncbi_dataset/data/GCF_002581055.1/GCF_002581055.1_ASM258105v1_genomic.fna	100	5784172	200	57841.7	625780	246434	35.09
GCF_002582335.1	/home/bacte/bacillus_amr/01_genomes/ncbi_dataset/ncbi_dataset/data/GCF_002582335.1/GCF_002582335.1_ASM258233v1_genomic.fna	97	5929944	235	61133.4	694725	165786	34.94
GCF_002583885.1	/home/bacte/bacillus_amr/01_genomes/ncbi_dataset/ncbi_dataset/data/GCF_002583885.1/GCF_002583885.1_ASM258388v1_genomic.fna	287	5914914	204	20609.5	296506	67575	35.02
GCF_002589695.1	/home/bacte/bacillus_amr/01_genomes/ncbi_dataset/ncbi_dataset/data/GCF_002589695.1/GCF_002589695.1_ASM258969v1_genomic.fna	202	5672853	209	28083.4	371413	79340	35.07
GCF_002998985.1	/home/bacte/bacillus_amr/01_genomes/ncbi_dataset/ncbi_dataset/data/GCF_002998985.1/GCF_002998985.1_ASM299898v1_genomic.fna	47	5484064	1324	116682.2	1118633	583287	35.22
GCF_024320765.1	/home/bacte/bacillus_amr/01_genomes/ncbi_dataset/ncbi_dataset/data/GCF_024320765.1/GCF_024320765.1_ASM2432076v1_genomic.fna	31	5413851	1163	174640.4	832325	445301	35.17
GCF_024497975.1	/home/bacte/bacillus_amr/01_genomes/ncbi_dataset/ncbi_dataset/data/GCF_024497975.1/GCF_024497975.1_ASM2449797v1_genomic.fna	816	5758058	203	7056.4	177213	25068	35.15
GCF_024498015.1	/home/bacte/bacillus_amr/01_genomes/ncbi_dataset/ncbi_dataset/data/GCF_024498015.1/GCF_024498015.1_ASM2449801v1_genomic.fna	183	5804274	202	31717.3	642505	208861	35.04
GCF_030123185.1	/home/bacte/bacillus_amr/01_genomes/ncbi_dataset/ncbi_dataset/data/GCF_030123185.1/GCF_030123185.1_ASM3012318v1_genomic.fna	1	5391143	5391143	5391143.0	5391143	5391143	35.47
GCF_036963245.1	/home/bacte/bacillus_amr/01_genomes/ncbi_dataset/ncbi_dataset/data/GCF_036963245.1/GCF_036963245.1_ASM3696324v1_genomic.fna	266	5702135	986	21436.6	424808	58248	35.01
GCF_036963285.1	/home/bacte/bacillus_amr/01_genomes/ncbi_dataset/ncbi_dataset/data/GCF_036963285.1/GCF_036963285.1_ASM3696328v1_genomic.fna	270	5554639	1047	20572.7	225579	61988	35.04
GCF_037907685.1	/home/bacte/bacillus_amr/01_genomes/ncbi_dataset/ncbi_dataset/data/GCF_037907685.1/GCF_037907685.1_ASM3790768v1_genomic.fna	22	5592867	1389	254221.2	1309715	635050	35.07
GCF_040492535.1	/home/bacte/bacillus_amr/01_genomes/ncbi_dataset/ncbi_dataset/data/GCF_040492535.1/GCF_040492535.1_ASM4049253v1_genomic.fna	451	5677216	1005	12588.1	132669	24589	35.07
GCF_025942125.1	/home/bacte/bacillus_amr/01_genomes/ncbi_dataset/ncbi_dataset/data/GCF_025942125.1/GCF_025942125.1_ASM2594212v1_genomic.fna	59	3585150	213	60765.3	624432	188885	41.42
