Assembly_Accession	Protein id	Contig id	Start	Stop	Strand	Element symbol	Element name	Scope	Type	Subtype	Class	Subclass	Method	Target length	Reference sequence length	% Coverage of reference	% Identity to reference	Alignment length	Closest reference accession	Closest reference name	HMM accession	HMM description
GCF_000259405.1		NZ_AJST01000001.1	363729	364775	+	clbA	23S rRNA (adenine(2503)-C(8))-methyltransferase ClbA	core	AMR	AMR	LINCOSAMIDE/MACROLIDE/STREPTOGRAMIN	LINCOSAMIDE/MACROLIDE/STREPTOGRAMIN	BLASTX	349	349	100.00	96.85	349	WP_012116915.1	23S rRNA (adenine(2503)-C(8))-methyltransferase ClbA		
GCF_000259405.1		NZ_AJST01000001.1	2359878	2360396	-	satA	streptothricin N-acetyltransferase SatA	core	AMR	AMR	STREPTOTHRICIN	STREPTOTHRICIN	BLASTX	173	173	100.00	80.35	173	WP_003242546.1	streptothricin N-acetyltransferase SatA		
GCF_000262385.1		NC_017912.1	2771053	2771571	-	satA	streptothricin N-acetyltransferase SatA	core	AMR	AMR	STREPTOTHRICIN	STREPTOTHRICIN	BLASTX	173	173	100.00	79.77	173	WP_003242546.1	streptothricin N-acetyltransferase SatA		
GCF_000385965.2		NZ_CP011802.1	77395	78198	+	blaBAT	BAT family class D beta-lactamase	core	AMR	AMR	BETA-LACTAM	BETA-LACTAM	BLASTX	268	268	100.00	97.01	268	WP_003328240.1	class D beta-lactamase BAT-1		
GCF_000385965.2		NZ_CP011802.1	1438011	1438529	+	satA	streptothricin N-acetyltransferase SatA	core	AMR	AMR	STREPTOTHRICIN	STREPTOTHRICIN	BLASTX	173	173	100.00	80.35	173	WP_003242546.1	streptothricin N-acetyltransferase SatA		
GCF_000465655.1		NZ_AVQH01000012.1	442987	443505	-	satA	streptothricin N-acetyltransferase SatA	core	AMR	AMR	STREPTOTHRICIN	STREPTOTHRICIN	BLASTX	173	173	100.00	79.19	173	WP_003242546.1	streptothricin N-acetyltransferase SatA		
GCF_000706705.1		NZ_CP007409.1	263676	264593	+	mphK	macrolide 2'-phosphotransferase MphK	core	AMR	AMR	MACROLIDE	TELITHROMYCIN/TYLOSIN	BLASTX	306	306	100.00	98.37	306	WP_003246254.1	macrolide 2'-phosphotransferase MphK		
GCF_000706705.1		NZ_CP007409.1	568077	569561	-	vmlR	ABC-F type ribosomal protection protein VmlR	core	AMR	AMR	LINCOSAMIDE/PLEUROMUTILIN/STREPTOGRAMIN	LINCOMYCIN/TIAMULIN/VIRGINIAMYCIN M	BLASTX	495	547	90.31	97.58	495	WP_003234144.1	ABC-F type ribosomal protection protein VmlR		
GCF_000706705.1		NZ_CP007409.1	2539707	2540558	-	aadK	aminoglycoside 6-adenylyltransferase AadK	core	AMR	AMR	AMINOGLYCOSIDE	STREPTOMYCIN	BLASTX	284	284	100.00	97.54	284	WP_003229862.1	aminoglycoside 6-adenylyltransferase AadK		
GCF_000706705.1		NZ_CP007409.1	4010444	4010962	-	satA	streptothricin N-acetyltransferase SatA	core	AMR	AMR	STREPTOTHRICIN	STREPTOTHRICIN	BLASTX	173	173	100.00	90.17	173	WP_003242546.1	streptothricin N-acetyltransferase SatA		
GCF_000706705.1		NZ_CP007409.1	4012918	4014291	-	tet(L)	tetracycline efflux MFS transporter Tet(L)	core	AMR	AMR	TETRACYCLINE	TETRACYCLINE	EXACTX	458	458	100.00	100.00	458	WP_003242953.1	tetracycline efflux MFS transporter Tet(L)		
GCF_000786145.2		NZ_JRYS02000001.1	505267	505785	-	satA	streptothricin N-acetyltransferase SatA	core	AMR	AMR	STREPTOTHRICIN	STREPTOTHRICIN	BLASTX	173	173	100.00	79.19	173	WP_003242546.1	streptothricin N-acetyltransferase SatA		
GCF_000786145.2		NZ_JRYS02000001.1	951751	952797	-	clbA	23S rRNA (adenine(2503)-C(8))-methyltransferase ClbA	core	AMR	AMR	LINCOSAMIDE/MACROLIDE/STREPTOGRAMIN	LINCOSAMIDE/MACROLIDE/STREPTOGRAMIN	BLASTX	349	349	100.00	97.13	349	WP_012116915.1	23S rRNA (adenine(2503)-C(8))-methyltransferase ClbA		
GCF_000817575.1		NZ_KN723307.1	375129	375647	+	satA	streptothricin N-acetyltransferase SatA	core	AMR	AMR	STREPTOTHRICIN	STREPTOTHRICIN	BLASTX	173	173	100.00	79.19	173	WP_003242546.1	streptothricin N-acetyltransferase SatA		
GCF_000817575.1		NZ_KN723307.1	2389626	2390672	-	clbA	23S rRNA (adenine(2503)-C(8))-methyltransferase ClbA	core	AMR	AMR	LINCOSAMIDE/MACROLIDE/STREPTOGRAMIN	LINCOSAMIDE/MACROLIDE/STREPTOGRAMIN	BLASTX	349	349	100.00	99.43	349	WP_012116915.1	23S rRNA (adenine(2503)-C(8))-methyltransferase ClbA		
GCF_000833005.1		NZ_CP010556.1	506570	507616	+	clbA	23S rRNA (adenine(2503)-C(8))-methyltransferase ClbA	core	AMR	AMR	LINCOSAMIDE/MACROLIDE/STREPTOGRAMIN	LINCOSAMIDE/MACROLIDE/STREPTOGRAMIN	BLASTX	349	349	100.00	97.13	349	WP_012116915.1	23S rRNA (adenine(2503)-C(8))-methyltransferase ClbA		
GCF_000833005.1		NZ_CP010556.1	2548115	2548633	-	satA	streptothricin N-acetyltransferase SatA	core	AMR	AMR	STREPTOTHRICIN	STREPTOTHRICIN	BLASTX	173	173	100.00	78.61	173	WP_003242546.1	streptothricin N-acetyltransferase SatA		
GCF_000875875.2		NZ_CP029296.1	519137	520183	+	clbA	23S rRNA (adenine(2503)-C(8))-methyltransferase ClbA	core	AMR	AMR	LINCOSAMIDE/MACROLIDE/STREPTOGRAMIN	LINCOSAMIDE/MACROLIDE/STREPTOGRAMIN	BLASTX	349	349	100.00	99.14	349	WP_012116915.1	23S rRNA (adenine(2503)-C(8))-methyltransferase ClbA		
GCF_000875875.2		NZ_CP029296.1	2636576	2637094	-	satA	streptothricin N-acetyltransferase SatA	core	AMR	AMR	STREPTOTHRICIN	STREPTOTHRICIN	BLASTX	173	173	100.00	79.77	173	WP_003242546.1	streptothricin N-acetyltransferase SatA		
GCF_000931375.1		NZ_JYFS01000017.1	35934	36704	-	bla2	BcII family subclass B1 metallo-beta-lactamase	core	AMR	AMR	BETA-LACTAM	CARBAPENEM	BLASTX	257	257	100.00	96.89	257	WP_012261328.1	BcII family subclass B1 metallo-beta-lactamase		
GCF_000931375.1		NZ_JYFS01000054.1	83563	83976	-	fosB	FosB family fosfomycin resistance bacillithiol transferase	core	AMR	AMR	FOSFOMYCIN	FOSFOMYCIN	BLASTX	138	138	100.00	97.83	138	WP_063851229.1	FosB family fosfomycin resistance bacillithiol transferase		
GCF_000960265.2		NZ_JTKJ02000001.1	182378	183424	+	clbA	23S rRNA (adenine(2503)-C(8))-methyltransferase ClbA	core	AMR	AMR	LINCOSAMIDE/MACROLIDE/STREPTOGRAMIN	LINCOSAMIDE/MACROLIDE/STREPTOGRAMIN	BLASTX	349	349	100.00	99.43	349	WP_012116915.1	23S rRNA (adenine(2503)-C(8))-methyltransferase ClbA		
GCF_000960265.2		NZ_JTKJ02000012.1	372554	373072	+	satA	streptothricin N-acetyltransferase SatA	core	AMR	AMR	STREPTOTHRICIN	STREPTOTHRICIN	BLASTX	173	173	100.00	80.35	173	WP_003242546.1	streptothricin N-acetyltransferase SatA		
GCF_001017635.1		NZ_CP011349.1	47156	47707	+	satA	streptothricin N-acetyltransferase SatA	core	AMR	AMR	STREPTOTHRICIN	STREPTOTHRICIN	BLASTX	184	184	98.91	88.59	184	WP_000054744.1	streptothricin N-acetyltransferase SatA		
GCF_001017635.1		NZ_CP011349.1	662078	662491	-	fosB	FosBx1 family fosfomycin resistance bacillithiol transferase	core	AMR	AMR	FOSFOMYCIN	FOSFOMYCIN	BLASTX	138	138	100.00	99.28	138	WP_000943763.1	fosfomycin resistance bacillithiol transferase FosBx1		
GCF_001017635.1		NZ_CP011349.1	4899756	4900526	+	bla2	BcII family subclass B1 metallo-beta-lactamase	core	AMR	AMR	BETA-LACTAM	CARBAPENEM	BLASTX	257	257	100.00	92.61	257	WP_063839879.1	BcII family subclass B1 metallo-beta-lactamase		
GCF_001017635.1		NZ_CP011349.1	5087594	5088511	+	bla	class A beta-lactamase Bla1	core	AMR	AMR	BETA-LACTAM	BETA-LACTAM	BLASTX	306	306	100.00	96.08	306	WP_063842248.1	class A beta-lactamase Bla1		
GCF_001023595.1		NZ_CP011686.1	562633	563679	+	clbA	23S rRNA (adenine(2503)-C(8))-methyltransferase ClbA	core	AMR	AMR	LINCOSAMIDE/MACROLIDE/STREPTOGRAMIN	LINCOSAMIDE/MACROLIDE/STREPTOGRAMIN	BLASTX	349	349	100.00	99.71	349	WP_012116915.1	23S rRNA (adenine(2503)-C(8))-methyltransferase ClbA		
GCF_001023595.1		NZ_CP011686.1	2601725	2602243	-	satA	streptothricin N-acetyltransferase SatA	core	AMR	AMR	STREPTOTHRICIN	STREPTOTHRICIN	BLASTX	173	173	100.00	79.19	173	WP_003242546.1	streptothricin N-acetyltransferase SatA		
GCF_001029875.1		NZ_LDPG01000001.1	338850	339701	+	mleBCA	BCA family alpha/beta fold macrolide esterase	core	AMR	AMR	MACROLIDE	TYLOSIN	BLASTX	284	287	98.95	90.49	284	WP_000140039.1	BCA family alpha/beta fold macrolide esterase		
GCF_001029875.1		NZ_LDPG01000003.1	174873	175286	-	fosB	FosBx1 family fosfomycin resistance bacillithiol transferase	core	AMR	AMR	FOSFOMYCIN	FOSFOMYCIN	BLASTX	138	138	100.00	90.58	138	WP_000943763.1	fosfomycin resistance bacillithiol transferase FosBx1		
GCF_001029875.1		NZ_LDPG01000014.1	11251	12168	+	bla	class A beta-lactamase Bla1	core	AMR	AMR	BETA-LACTAM	BETA-LACTAM	BLASTX	306	306	100.00	95.75	306	WP_003171307.1	class A beta-lactamase Bla1		
GCF_001029875.1		NZ_LDPG01000023.1	82300	83067	+	bla2	BcII family subclass B1 metallo-beta-lactamase	core	AMR	AMR	BETA-LACTAM	CARBAPENEM	BLASTX	256	256	100.00	99.22	256	WP_000799223.1	BcII family subclass B1 metallo-beta-lactamase		
GCF_001175005.1		NZ_CVPA01000001.1	1739112	1739630	-	satA	streptothricin N-acetyltransferase SatA	core	AMR	AMR	STREPTOTHRICIN	STREPTOTHRICIN	BLASTX	173	173	100.00	80.35	173	WP_003242546.1	streptothricin N-acetyltransferase SatA		
GCF_001175005.1		NZ_CVPA01000001.1	3623481	3624527	+	clbA	23S rRNA (adenine(2503)-C(8))-methyltransferase ClbA	core	AMR	AMR	LINCOSAMIDE/MACROLIDE/STREPTOGRAMIN	LINCOSAMIDE/MACROLIDE/STREPTOGRAMIN	BLASTX	349	349	100.00	97.42	349	WP_012116915.1	23S rRNA (adenine(2503)-C(8))-methyltransferase ClbA		
GCF_001275045.2		NZ_LDKD02000001.1	1780006	1780554	+	satA	streptothricin N-acetyltransferase SatA	core	AMR	AMR	STREPTOTHRICIN	STREPTOTHRICIN	BLASTX	183	184	99.46	92.35	183	WP_000054744.1	streptothricin N-acetyltransferase SatA		
GCF_001275045.2		NZ_LDKD02000001.1	2262493	2263410	+	bla	class A beta-lactamase Bla1	core	AMR	AMR	BETA-LACTAM	BETA-LACTAM	BLASTX	306	306	100.00	93.14	306	WP_063842248.1	class A beta-lactamase Bla1		
GCF_001275045.2		NZ_LDKD02000001.1	2857975	2858745	-	bla2	BcII family subclass B1 metallo-beta-lactamase	core	AMR	AMR	BETA-LACTAM	CARBAPENEM	BLASTX	257	257	100.00	93.00	257	WP_012261328.1	BcII family subclass B1 metallo-beta-lactamase		
GCF_001275045.2		NZ_LDKD02000001.1	4684362	4685270	-	mphL	macrolide 2'-phosphotransferase MphL	core	AMR	AMR	MACROLIDE	MACROLIDE	BLASTX	303	303	100.00	99.67	303	WP_002047670.1	macrolide 2'-phosphotransferase MphL		
GCF_001275045.2		NZ_LDKD02000004.1	15909	16805	+	mphM	macrolide 2'-phosphotransferase MphM	core	AMR	AMR	MACROLIDE	MACROLIDE	BLASTX	299	299	100.00	93.65	299	WP_016078774.1	macrolide 2'-phosphotransferase MphM		
GCF_001278635.1		NZ_LJAU01000002.1	377165	377683	+	satA	streptothricin N-acetyltransferase SatA	core	AMR	AMR	STREPTOTHRICIN	STREPTOTHRICIN	BLASTX	173	173	100.00	79.19	173	WP_003242546.1	streptothricin N-acetyltransferase SatA		
GCF_001278635.1		NZ_LJAU01000029.1	69081	70127	+	clbA	23S rRNA (adenine(2503)-C(8))-methyltransferase ClbA	core	AMR	AMR	LINCOSAMIDE/MACROLIDE/STREPTOGRAMIN	LINCOSAMIDE/MACROLIDE/STREPTOGRAMIN	BLASTX	349	349	100.00	99.43	349	WP_012116915.1	23S rRNA (adenine(2503)-C(8))-methyltransferase ClbA		
GCF_001431285.1		NZ_LMAG01000024.1	104970	105488	+	satA	streptothricin N-acetyltransferase SatA	core	AMR	AMR	STREPTOTHRICIN	STREPTOTHRICIN	BLASTX	173	173	100.00	79.77	173	WP_003242546.1	streptothricin N-acetyltransferase SatA		
GCF_001431285.1		NZ_LMAG01000026.1	160209	161255	+	clbA	23S rRNA (adenine(2503)-C(8))-methyltransferase ClbA	core	AMR	AMR	LINCOSAMIDE/MACROLIDE/STREPTOGRAMIN	LINCOSAMIDE/MACROLIDE/STREPTOGRAMIN	BLASTX	349	349	100.00	97.42	349	WP_012116915.1	23S rRNA (adenine(2503)-C(8))-methyltransferase ClbA		
GCF_001461835.1		NZ_LLZA01000021.1	220241	220759	-	satA	streptothricin N-acetyltransferase SatA	core	AMR	AMR	STREPTOTHRICIN	STREPTOTHRICIN	BLASTX	173	173	100.00	78.61	173	WP_003242546.1	streptothricin N-acetyltransferase SatA		
GCF_001461835.1		NZ_LLZA01000024.1	379251	380297	+	clbA	23S rRNA (adenine(2503)-C(8))-methyltransferase ClbA	core	AMR	AMR	LINCOSAMIDE/MACROLIDE/STREPTOGRAMIN	LINCOSAMIDE/MACROLIDE/STREPTOGRAMIN	BLASTX	349	349	100.00	99.71	349	WP_012116915.1	23S rRNA (adenine(2503)-C(8))-methyltransferase ClbA		
GCF_001469675.1		NZ_LNTG01000002.1	373053	373571	+	satA	streptothricin N-acetyltransferase SatA	core	AMR	AMR	STREPTOTHRICIN	STREPTOTHRICIN	BLASTX	173	173	100.00	80.35	173	WP_003242546.1	streptothricin N-acetyltransferase SatA		
GCF_001469675.1		NZ_LNTG01000002.1	2387736	2388782	-	clbA	23S rRNA (adenine(2503)-C(8))-methyltransferase ClbA	core	AMR	AMR	LINCOSAMIDE/MACROLIDE/STREPTOGRAMIN	LINCOSAMIDE/MACROLIDE/STREPTOGRAMIN	BLASTX	349	349	100.00	99.43	349	WP_012116915.1	23S rRNA (adenine(2503)-C(8))-methyltransferase ClbA		
GCF_001517185.1		NZ_LQCL01000015.1	190672	191190	+	satA	streptothricin N-acetyltransferase SatA	core	AMR	AMR	STREPTOTHRICIN	STREPTOTHRICIN	BLASTX	173	173	100.00	78.61	173	WP_003242546.1	streptothricin N-acetyltransferase SatA		
GCF_001517185.1		NZ_LQCL01000017.1	130518	131564	+	clbA	23S rRNA (adenine(2503)-C(8))-methyltransferase ClbA	core	AMR	AMR	LINCOSAMIDE/MACROLIDE/STREPTOGRAMIN	LINCOSAMIDE/MACROLIDE/STREPTOGRAMIN	BLASTX	349	349	100.00	99.71	349	WP_012116915.1	23S rRNA (adenine(2503)-C(8))-methyltransferase ClbA		
GCF_001578205.1		NZ_CP011007.1	1235140	1235799	+	cat86	type A-6 chloramphenicol O-acetyltransferase Cat86	core	AMR	AMR	PHENICOL	CHLORAMPHENICOL	BLASTX	220	220	100.00	95.00	220	WP_050945244.1	type A-6 chloramphenicol O-acetyltransferase Cat86		
GCF_001578205.1		NZ_CP011007.1	2360747	2361532	-	blaBPU	BPU family class D beta-lactamase	core	AMR	AMR	BETA-LACTAM	BETA-LACTAM	BLASTX	262	262	100.00	95.42	262	WP_041816295.1	class D beta-lactamase BPU-1		
GCF_001579695.1		NZ_LSTW01000027.1	9429	9842	+	fosB	FosBx1 family fosfomycin resistance bacillithiol transferase	core	AMR	AMR	FOSFOMYCIN	FOSFOMYCIN	EXACTX	138	138	100.00	100.00	138	WP_000943772.1	FosBx1 family fosfomycin resistance bacillithiol transferase		
GCF_001579695.1		NZ_LSTW01000045.1	13498	14415	+	bla	class A beta-lactamase Bla1	core	AMR	AMR	BETA-LACTAM	BETA-LACTAM	BLASTX	306	306	100.00	96.73	306	WP_063842248.1	class A beta-lactamase Bla1		
GCF_001579695.1		NZ_LSTW01000069.1	33359	33910	+	satA	streptothricin N-acetyltransferase SatA	core	AMR	AMR	STREPTOTHRICIN	STREPTOTHRICIN	BLASTX	184	184	98.91	88.59	184	WP_000054744.1	streptothricin N-acetyltransferase SatA		
GCF_001579695.1		NZ_LSTW01000070.1	8464	9234	-	bla2	BcII family subclass B1 metallo-beta-lactamase	core	AMR	AMR	BETA-LACTAM	CARBAPENEM	BLASTX	257	257	100.00	94.55	257	WP_063839879.1	BcII family subclass B1 metallo-beta-lactamase		
GCF_001593395.2		NZ_CP015443.1	1466188	1467234	-	clbA	23S rRNA (adenine(2503)-C(8))-methyltransferase ClbA	core	AMR	AMR	LINCOSAMIDE/MACROLIDE/STREPTOGRAMIN	LINCOSAMIDE/MACROLIDE/STREPTOGRAMIN	BLASTX	349	349	100.00	99.43	349	WP_012116915.1	23S rRNA (adenine(2503)-C(8))-methyltransferase ClbA		
GCF_001593395.2		NZ_CP015443.1	3424170	3424688	+	satA	streptothricin N-acetyltransferase SatA	core	AMR	AMR	STREPTOTHRICIN	STREPTOTHRICIN	BLASTX	173	173	100.00	79.19	173	WP_003242546.1	streptothricin N-acetyltransferase SatA		
GCF_001604995.1		NZ_CP015004.1	275709	276626	+	mphK	macrolide 2'-phosphotransferase MphK	core	AMR	AMR	MACROLIDE	TELITHROMYCIN/TYLOSIN	EXACTX	306	306	100.00	100.00	306	WP_003246254.1	macrolide 2'-phosphotransferase MphK		
GCF_001604995.1		NZ_CP015004.1	584383	586023	-	vmlR	ABC-F type ribosomal protection protein VmlR	core	AMR	AMR	LINCOSAMIDE/PLEUROMUTILIN/STREPTOGRAMIN	LINCOMYCIN/TIAMULIN/VIRGINIAMYCIN M	EXACTX	547	547	100.00	100.00	547	WP_003234144.1	ABC-F type ribosomal protection protein VmlR		
GCF_001604995.1		NZ_CP015004.1	2715291	2716142	-	aadK	aminoglycoside 6-adenylyltransferase AadK	core	AMR	AMR	AMINOGLYCOSIDE	STREPTOMYCIN	EXACTX	284	284	100.00	100.00	284	WP_003229862.1	aminoglycoside 6-adenylyltransferase AadK		
GCF_001604995.1		NZ_CP015004.1	4164756	4165274	-	satA	streptothricin N-acetyltransferase SatA	core	AMR	AMR	STREPTOTHRICIN	STREPTOTHRICIN	EXACTX	173	173	100.00	100.00	173	WP_003242546.1	streptothricin N-acetyltransferase SatA		
GCF_001604995.1		NZ_CP015004.1	4167277	4168650	-	tet(L)	tetracycline efflux MFS transporter Tet(L)	core	AMR	AMR	TETRACYCLINE	TETRACYCLINE	EXACTX	458	458	100.00	100.00	458	WP_003242953.1	tetracycline efflux MFS transporter Tet(L)		
GCF_001617995.1		NZ_LMUC01000001.1	38044	38403	+	emrC	multidrug efflux transporter outer membrane subunit EmrC	plus	AMR	AMR	QUATERNARY AMMONIUM	QUATERNARY AMMONIUM	BLASTX	120	128	93.75	80.00	120	EAC4468893.1	multidrug efflux transporter outer membrane subunit EmrC		
GCF_001617995.1		NZ_LMUC01000004.1	388325	388843	+	satA	streptothricin N-acetyltransferase SatA	core	AMR	AMR	STREPTOTHRICIN	STREPTOTHRICIN	BLASTX	173	173	100.00	77.46	173	WP_003242546.1	streptothricin N-acetyltransferase SatA		
GCF_001617995.1		NZ_LMUC01000013.1	369711	370757	+	clbA	23S rRNA (adenine(2503)-C(8))-methyltransferase ClbA	core	AMR	AMR	LINCOSAMIDE/MACROLIDE/STREPTOGRAMIN	LINCOSAMIDE/MACROLIDE/STREPTOGRAMIN	BLASTX	349	349	100.00	99.43	349	WP_012116915.1	23S rRNA (adenine(2503)-C(8))-methyltransferase ClbA		
GCF_001625135.1		NZ_LVYH01000005.1	129124	129975	-	aadK	aminoglycoside 6-adenylyltransferase AadK	core	AMR	AMR	AMINOGLYCOSIDE	STREPTOMYCIN	BLASTX	284	284	100.00	97.18	284	WP_003229862.1	aminoglycoside 6-adenylyltransferase AadK		
GCF_001625135.1		NZ_LVYH01000008.1	151094	151612	-	satA	streptothricin N-acetyltransferase SatA	core	AMR	AMR	STREPTOTHRICIN	STREPTOTHRICIN	BLASTX	173	173	100.00	90.75	173	WP_003242546.1	streptothricin N-acetyltransferase SatA		
GCF_001625135.1		NZ_LVYH01000009.1	89316	90233	+	mphK	macrolide 2'-phosphotransferase MphK	core	AMR	AMR	MACROLIDE	TELITHROMYCIN/TYLOSIN	BLASTX	306	306	100.00	96.08	306	WP_003246254.1	macrolide 2'-phosphotransferase MphK		
GCF_001625135.1		NZ_LVYH01000015.1	12314	13936	-	vmlR	ABC-F type ribosomal protection protein VmlR	core	AMR	AMR	LINCOSAMIDE/PLEUROMUTILIN/STREPTOGRAMIN	LINCOMYCIN/TIAMULIN/VIRGINIAMYCIN M	BLASTX	541	547	98.90	95.38	541	WP_003234144.1	ABC-F type ribosomal protection protein VmlR		
GCF_001678165.1		NZ_LYVD01000005.1	486938	487351	+	fosB	FosBx1 family fosfomycin resistance bacillithiol transferase	core	AMR	AMR	FOSFOMYCIN	FOSFOMYCIN	BLASTX	138	138	100.00	97.83	138	WP_000943763.1	fosfomycin resistance bacillithiol transferase FosBx1		
GCF_001678165.1		NZ_LYVD01000007.1	141185	142102	+	bla	class A beta-lactamase Bla1	core	AMR	AMR	BETA-LACTAM	BETA-LACTAM	BLASTX	306	306	100.00	95.42	306	WP_063842248.1	class A beta-lactamase Bla1		
GCF_001678165.1		NZ_LYVD01000007.1	775883	776434	+	satA	streptothricin N-acetyltransferase SatA	core	AMR	AMR	STREPTOTHRICIN	STREPTOTHRICIN	BLASTX	184	184	98.91	89.67	184	WP_000054744.1	streptothricin N-acetyltransferase SatA		
GCF_001678165.1		NZ_LYVD01000008.1	102313	103164	-	mleBCB	BCB family alpha/beta fold macrolide esterase	core	AMR	AMR	MACROLIDE	TYLOSIN	BLASTX	284	287	100.00	97.91	287	WP_459076516.1	BCB family alpha/beta fold macrolide esterase		
GCF_001678165.1		NZ_LYVD01000008.1	212323	213093	-	bla2	BcII family subclass B1 metallo-beta-lactamase	core	AMR	AMR	BETA-LACTAM	CARBAPENEM	BLASTX	257	257	100.00	96.89	257	WP_063839879.1	BcII family subclass B1 metallo-beta-lactamase		
GCF_001678165.1		NZ_LYVD01000026.1	141599	142801	-	tet(45)	tetracycline efflux MFS transporter Tet(45)	core	AMR	AMR	TETRACYCLINE	TETRACYCLINE	PARTIALX	401	458	87.55	91.77	401	WP_063855885.1	tetracycline efflux MFS transporter Tet(45)		
GCF_001678165.1		NZ_LYVD01000033.1	1291	2238	-	blaIII	class A beta-lactamase BlaIII	core	AMR	AMR	BETA-LACTAM	BETA-LACTAM	BLASTX	316	316	100.00	95.57	316	WP_000497840.1	class A beta-lactamase BlaIII		
GCF_001678165.1		NZ_LYVD01000047.1	122599	123012	+	fosB	FosB family fosfomycin resistance bacillithiol transferase	core	AMR	AMR	FOSFOMYCIN	FOSFOMYCIN	BLASTX	138	138	100.00	99.28	138	WP_063851229.1	FosB family fosfomycin resistance bacillithiol transferase		
GCF_001679765.1		NZ_CP016285.1	1856655	1857068	+	fosB	FosBx1 family fosfomycin resistance bacillithiol transferase	core	AMR	AMR	FOSFOMYCIN	FOSFOMYCIN	BLASTX	138	138	100.00	97.83	138	WP_000943763.1	fosfomycin resistance bacillithiol transferase FosBx1		
GCF_001679765.1		NZ_CP016285.1	2338018	2338935	+	bla	class A beta-lactamase Bla1	core	AMR	AMR	BETA-LACTAM	BETA-LACTAM	BLASTX	306	306	100.00	98.04	306	WP_063842248.1	class A beta-lactamase Bla1		
GCF_001679765.1		NZ_CP016285.1	2934697	2935248	+	satA	streptothricin N-acetyltransferase SatA	core	AMR	AMR	STREPTOTHRICIN	STREPTOTHRICIN	BLASTX	184	184	98.91	89.13	184	WP_000054744.1	streptothricin N-acetyltransferase SatA		
GCF_001679765.1		NZ_CP016285.1	3153900	3154667	-	bla2	BcII family subclass B1 metallo-beta-lactamase	core	AMR	AMR	BETA-LACTAM	CARBAPENEM	BLASTX	256	256	100.00	91.80	256	WP_000799232.1	BcII family subclass B1 metallo-beta-lactamase		
GCF_001685645.1		NZ_CP016371.1	533919	534965	+	clbA	23S rRNA (adenine(2503)-C(8))-methyltransferase ClbA	core	AMR	AMR	LINCOSAMIDE/MACROLIDE/STREPTOGRAMIN	LINCOSAMIDE/MACROLIDE/STREPTOGRAMIN	BLASTX	349	349	100.00	99.43	349	WP_012116915.1	23S rRNA (adenine(2503)-C(8))-methyltransferase ClbA		
GCF_001685645.1		NZ_CP016371.1	2549395	2549913	-	satA	streptothricin N-acetyltransferase SatA	core	AMR	AMR	STREPTOTHRICIN	STREPTOTHRICIN	BLASTX	173	173	100.00	80.35	173	WP_003242546.1	streptothricin N-acetyltransferase SatA		
GCF_001756265.1		NZ_LXLK01000015.1	23821	24369	-	satA	streptothricin N-acetyltransferase SatA	core	AMR	AMR	STREPTOTHRICIN	STREPTOTHRICIN	BLASTX	183	184	98.91	79.78	183	WP_000054744.1	streptothricin N-acetyltransferase SatA		
GCF_001756265.1		NZ_LXLK01000029.1	6359	7306	-	blaIII	class A beta-lactamase BlaIII	core	AMR	AMR	BETA-LACTAM	BETA-LACTAM	BLASTX	316	316	100.00	91.14	316	WP_000497840.1	class A beta-lactamase BlaIII		
GCF_001756265.1		NZ_LXLK01000040.1	10010	10927	+	bla	class A beta-lactamase Bla1	core	AMR	AMR	BETA-LACTAM	BETA-LACTAM	BLASTX	306	306	100.00	90.52	306	WP_063842248.1	class A beta-lactamase Bla1		
GCF_001756265.1		NZ_LXLK01000058.1	15889	16740	+	mleBCA	BCA family alpha/beta fold macrolide esterase	core	AMR	AMR	MACROLIDE	TYLOSIN	BLASTX	284	287	98.95	95.07	284	WP_000140039.1	BCA family alpha/beta fold macrolide esterase		
GCF_001756265.1		NZ_LXLK01000087.1	322	1089	-	bla2	BcII family subclass B1 metallo-beta-lactamase	core	AMR	AMR	BETA-LACTAM	CARBAPENEM	BLASTX	256	256	100.00	94.14	256	WP_000799232.1	BcII family subclass B1 metallo-beta-lactamase		
GCF_001757675.1		NZ_LXLF01000014.1	118943	119860	+	bla	class A beta-lactamase Bla1	core	AMR	AMR	BETA-LACTAM	BETA-LACTAM	BLASTX	306	306	100.00	96.41	306	WP_063842248.1	class A beta-lactamase Bla1		
GCF_001757675.1		NZ_LXLF01000014.1	752956	753507	+	satA	streptothricin N-acetyltransferase SatA	core	AMR	AMR	STREPTOTHRICIN	STREPTOTHRICIN	BLASTX	184	184	98.91	89.13	184	WP_000054744.1	streptothricin N-acetyltransferase SatA		
GCF_001757675.1		NZ_LXLF01000015.1	862239	862652	+	fosB	FosBx1 family fosfomycin resistance bacillithiol transferase	core	AMR	AMR	FOSFOMYCIN	FOSFOMYCIN	BLASTX	138	138	100.00	97.83	138	WP_000943763.1	fosfomycin resistance bacillithiol transferase FosBx1		
GCF_001757675.1		NZ_LXLF01000016.1	210793	211563	-	bla2	BcII family subclass B1 metallo-beta-lactamase	core	AMR	AMR	BETA-LACTAM	CARBAPENEM	BLASTX	257	257	100.00	93.39	257	WP_063839879.1	BcII family subclass B1 metallo-beta-lactamase		
GCF_001757685.1		NZ_LXLG01000017.1	911250	911663	+	fosB	FosBx1 family fosfomycin resistance bacillithiol transferase	core	AMR	AMR	FOSFOMYCIN	FOSFOMYCIN	BLASTX	138	138	100.00	97.83	138	WP_000943763.1	fosfomycin resistance bacillithiol transferase FosBx1		
GCF_001757685.1		NZ_LXLG01000017.1	1378845	1379762	+	bla	class A beta-lactamase Bla1	core	AMR	AMR	BETA-LACTAM	BETA-LACTAM	BLASTX	306	306	100.00	96.41	306	WP_063842248.1	class A beta-lactamase Bla1		
GCF_001757685.1		NZ_LXLG01000020.1	18330	18881	+	satA	streptothricin N-acetyltransferase SatA	core	AMR	AMR	STREPTOTHRICIN	STREPTOTHRICIN	BLASTX	184	184	98.91	89.13	184	WP_000054744.1	streptothricin N-acetyltransferase SatA		
GCF_001757685.1		NZ_LXLG01000022.1	210793	211563	-	bla2	BcII family subclass B1 metallo-beta-lactamase	core	AMR	AMR	BETA-LACTAM	CARBAPENEM	BLASTX	257	257	100.00	93.39	257	WP_063839879.1	BcII family subclass B1 metallo-beta-lactamase		
GCF_001757695.1		NZ_LXLH01000019.1	42212	42625	+	fosB	FosBx1 family fosfomycin resistance bacillithiol transferase	core	AMR	AMR	FOSFOMYCIN	FOSFOMYCIN	BLASTX	138	138	100.00	99.28	138	WP_000943763.1	fosfomycin resistance bacillithiol transferase FosBx1		
GCF_001757695.1		NZ_LXLH01000024.1	13203	14120	+	bla	class A beta-lactamase Bla1	core	AMR	AMR	BETA-LACTAM	BETA-LACTAM	BLASTX	306	306	100.00	96.73	306	WP_063842248.1	class A beta-lactamase Bla1		
GCF_001757695.1		NZ_LXLH01000032.1	175119	175670	+	satA	streptothricin N-acetyltransferase SatA	core	AMR	AMR	STREPTOTHRICIN	STREPTOTHRICIN	BLASTX	184	184	98.91	88.04	184	WP_000054744.1	streptothricin N-acetyltransferase SatA		
GCF_001757695.1		NZ_LXLH01000033.1	87218	88069	-	mleBCB	BCB family alpha/beta fold macrolide esterase	core	AMR	AMR	MACROLIDE	TYLOSIN	BLASTX	284	287	100.00	98.61	287	WP_459076516.1	BCB family alpha/beta fold macrolide esterase		
GCF_001757695.1		NZ_LXLH01000033.1	212250	213020	-	bla2	BcII family subclass B1 metallo-beta-lactamase	core	AMR	AMR	BETA-LACTAM	CARBAPENEM	BLASTX	257	257	100.00	94.16	257	WP_063839879.1	BcII family subclass B1 metallo-beta-lactamase		
GCF_001757745.1		NZ_LXLI01000014.1	19889	20581	+	vanR-A	vancomycin resistance response regulator transcription factor VanR-A	core	AMR	AMR	GLYCOPEPTIDE	VANCOMYCIN	BLASTX	231	231	100.00	92.64	231	WP_063856721.1	vancomycin resistance response regulator transcription factor VanR-A		
GCF_001757745.1		NZ_LXLI01000014.1	20565	21725	+	vanS-Pt	vancomycin resistance histidine kinase VanS-Pt	core	AMR	AMR	GLYCOPEPTIDE	VANCOMYCIN	BLASTX	387	388	99.74	90.70	387	WP_063856742.1	vancomycin resistance histidine kinase VanS-Pt		
GCF_001757745.1		NZ_LXLI01000018.1	896523	896936	+	fosB	FosBx1 family fosfomycin resistance bacillithiol transferase	core	AMR	AMR	FOSFOMYCIN	FOSFOMYCIN	BLASTX	138	138	100.00	99.28	138	WP_000943763.1	fosfomycin resistance bacillithiol transferase FosBx1		
GCF_001757745.1		NZ_LXLI01000020.1	64576	65493	+	bla	class A beta-lactamase Bla1	core	AMR	AMR	BETA-LACTAM	BETA-LACTAM	BLASTX	306	306	100.00	96.08	306	WP_063842248.1	class A beta-lactamase Bla1		
GCF_001757745.1		NZ_LXLI01000024.1	20044	20595	+	satA	streptothricin N-acetyltransferase SatA	core	AMR	AMR	STREPTOTHRICIN	STREPTOTHRICIN	BLASTX	184	184	98.91	89.67	184	WP_000054744.1	streptothricin N-acetyltransferase SatA		
GCF_001757745.1		NZ_LXLI01000024.1	251280	252050	-	bla2	BcII family subclass B1 metallo-beta-lactamase	core	AMR	AMR	BETA-LACTAM	CARBAPENEM	BLASTX	257	257	100.00	92.61	257	WP_063839879.1	BcII family subclass B1 metallo-beta-lactamase		
GCF_001757785.1		NZ_LXLM01000028.1	54851	55768	+	bla	class A beta-lactamase Bla1	core	AMR	AMR	BETA-LACTAM	BETA-LACTAM	BLASTX	306	306	100.00	91.18	306	WP_063842248.1	class A beta-lactamase Bla1		
GCF_001757785.1		NZ_LXLM01000041.1	197514	198785	-	abaF	fosfomycin efflux MFS transporter AbaF	plus	AMR	AMR	FOSFOMYCIN	FOSFOMYCIN	BLASTX	424	429	98.83	86.32	424	ABO11759.2	fosfomycin efflux MFS transporter AbaF		
GCF_001757785.1		NZ_LXLM01000041.1	209345	210115	-	bla2	BcII family subclass B1 metallo-beta-lactamase	core	AMR	AMR	BETA-LACTAM	CARBAPENEM	BLASTX	257	257	100.00	94.94	257	WP_012261328.1	BcII family subclass B1 metallo-beta-lactamase		
GCF_001757825.1		NZ_LXLN01000029.1	49216	50133	+	bla	class A beta-lactamase Bla1	core	AMR	AMR	BETA-LACTAM	BETA-LACTAM	BLASTX	306	306	100.00	91.18	306	WP_063842248.1	class A beta-lactamase Bla1		
GCF_001757825.1		NZ_LXLN01000037.1	98999	100270	-	abaF	fosfomycin efflux MFS transporter AbaF	plus	AMR	AMR	FOSFOMYCIN	FOSFOMYCIN	BLASTX	424	429	98.83	86.32	424	ABO11759.2	fosfomycin efflux MFS transporter AbaF		
GCF_001757825.1		NZ_LXLN01000037.1	110838	111608	-	bla2	BcII family subclass B1 metallo-beta-lactamase	core	AMR	AMR	BETA-LACTAM	CARBAPENEM	BLASTX	257	257	100.00	94.94	257	WP_012261328.1	BcII family subclass B1 metallo-beta-lactamase		
GCF_001757835.1		NZ_LXLT01000026.1	177990	178907	+	bla	class A beta-lactamase Bla1	core	AMR	AMR	BETA-LACTAM	BETA-LACTAM	BLASTX	306	306	100.00	90.85	306	WP_003171307.1	class A beta-lactamase Bla1		
GCF_001757835.1		NZ_LXLT01000053.1	19910	20680	-	bla2	BcII family subclass B1 metallo-beta-lactamase	core	AMR	AMR	BETA-LACTAM	CARBAPENEM	BLASTX	257	257	100.00	93.00	257	WP_012261328.1	BcII family subclass B1 metallo-beta-lactamase		
GCF_001757845.1		NZ_LXLU01000029.1	223895	224812	+	bla	class A beta-lactamase Bla1	core	AMR	AMR	BETA-LACTAM	BETA-LACTAM	BLASTX	306	306	100.00	90.85	306	WP_003171307.1	class A beta-lactamase Bla1		
GCF_001757845.1		NZ_LXLU01000056.1	19910	20680	-	bla2	BcII family subclass B1 metallo-beta-lactamase	core	AMR	AMR	BETA-LACTAM	CARBAPENEM	BLASTX	257	257	100.00	93.00	257	WP_012261328.1	BcII family subclass B1 metallo-beta-lactamase		
GCF_001757875.1		NZ_LXLW01000022.1	81031	81948	+	bla	class A beta-lactamase Bla1	core	AMR	AMR	BETA-LACTAM	BETA-LACTAM	BLASTX	306	306	100.00	90.85	306	WP_063842248.1	class A beta-lactamase Bla1		
GCF_001757875.1		NZ_LXLW01000029.1	30304	31575	-	abaF	fosfomycin efflux MFS transporter AbaF	plus	AMR	AMR	FOSFOMYCIN	FOSFOMYCIN	BLASTX	424	429	98.83	86.32	424	ABO11759.2	fosfomycin efflux MFS transporter AbaF		
GCF_001757875.1		NZ_LXLW01000029.1	42137	42907	-	bla2	BcII family subclass B1 metallo-beta-lactamase	core	AMR	AMR	BETA-LACTAM	CARBAPENEM	BLASTX	257	257	100.00	94.94	257	WP_012261328.1	BcII family subclass B1 metallo-beta-lactamase		
GCF_001757905.1		NZ_LXLX01000029.1	17572	18489	+	bla	class A beta-lactamase Bla1	core	AMR	AMR	BETA-LACTAM	BETA-LACTAM	BLASTX	306	306	100.00	91.18	306	WP_063842248.1	class A beta-lactamase Bla1		
GCF_001757905.1		NZ_LXLX01000045.1	13325	14596	-	abaF	fosfomycin efflux MFS transporter AbaF	plus	AMR	AMR	FOSFOMYCIN	FOSFOMYCIN	BLASTX	424	429	98.83	86.08	424	ABO11759.2	fosfomycin efflux MFS transporter AbaF		
GCF_001757905.1		NZ_LXLX01000045.1	25208	25978	-	bla2	BcII family subclass B1 metallo-beta-lactamase	core	AMR	AMR	BETA-LACTAM	CARBAPENEM	BLASTX	257	257	100.00	95.33	257	WP_012261328.1	BcII family subclass B1 metallo-beta-lactamase		
GCF_001757915.1		NZ_LXLO01000031.1	46027	46944	+	bla	class A beta-lactamase Bla1	core	AMR	AMR	BETA-LACTAM	BETA-LACTAM	BLASTX	306	306	100.00	91.18	306	WP_063842248.1	class A beta-lactamase Bla1		
GCF_001757915.1		NZ_LXLO01000054.1	29769	31040	-	abaF	fosfomycin efflux MFS transporter AbaF	plus	AMR	AMR	FOSFOMYCIN	FOSFOMYCIN	BLASTX	424	429	98.83	86.32	424	ABO11759.2	fosfomycin efflux MFS transporter AbaF		
GCF_001757915.1		NZ_LXLO01000054.1	40639	41409	-	bla2	BcII family subclass B1 metallo-beta-lactamase	core	AMR	AMR	BETA-LACTAM	CARBAPENEM	BLASTX	257	257	100.00	95.33	257	WP_012261328.1	BcII family subclass B1 metallo-beta-lactamase		
GCF_001757935.1		NZ_LXLP01000039.1	10700	11617	+	bla	class A beta-lactamase Bla1	core	AMR	AMR	BETA-LACTAM	BETA-LACTAM	BLASTX	306	306	100.00	90.85	306	WP_063842248.1	class A beta-lactamase Bla1		
GCF_001757935.1		NZ_LXLP01000070.1	29552	30823	-	abaF	fosfomycin efflux MFS transporter AbaF	plus	AMR	AMR	FOSFOMYCIN	FOSFOMYCIN	BLASTX	424	429	98.83	86.32	424	ABO11759.2	fosfomycin efflux MFS transporter AbaF		
GCF_001757935.1		NZ_LXLP01000070.1	41385	42155	-	bla2	BcII family subclass B1 metallo-beta-lactamase	core	AMR	AMR	BETA-LACTAM	CARBAPENEM	BLASTX	257	257	100.00	94.94	257	WP_012261328.1	BcII family subclass B1 metallo-beta-lactamase		
GCF_001757965.1		NZ_LXLR01000031.1	48172	49089	+	bla	class A beta-lactamase Bla1	core	AMR	AMR	BETA-LACTAM	BETA-LACTAM	BLASTX	306	306	100.00	91.18	306	WP_063842248.1	class A beta-lactamase Bla1		
GCF_001757965.1		NZ_LXLR01000048.1	29768	31039	-	abaF	fosfomycin efflux MFS transporter AbaF	plus	AMR	AMR	FOSFOMYCIN	FOSFOMYCIN	BLASTX	424	429	98.83	86.32	424	ABO11759.2	fosfomycin efflux MFS transporter AbaF		
GCF_001757965.1		NZ_LXLR01000048.1	40638	41408	-	bla2	BcII family subclass B1 metallo-beta-lactamase	core	AMR	AMR	BETA-LACTAM	CARBAPENEM	BLASTX	257	257	100.00	95.33	257	WP_012261328.1	BcII family subclass B1 metallo-beta-lactamase		
GCF_001757985.1		NZ_LXLS01000028.1	48805	49722	+	bla	class A beta-lactamase Bla1	core	AMR	AMR	BETA-LACTAM	BETA-LACTAM	BLASTX	306	306	100.00	90.85	306	WP_063842248.1	class A beta-lactamase Bla1		
GCF_001757985.1		NZ_LXLS01000046.1	9175	10446	-	abaF	fosfomycin efflux MFS transporter AbaF	plus	AMR	AMR	FOSFOMYCIN	FOSFOMYCIN	BLASTX	424	429	98.83	86.32	424	ABO11759.2	fosfomycin efflux MFS transporter AbaF		
GCF_001757985.1		NZ_LXLS01000046.1	21008	21778	-	bla2	BcII family subclass B1 metallo-beta-lactamase	core	AMR	AMR	BETA-LACTAM	CARBAPENEM	BLASTX	257	257	100.00	94.94	257	WP_012261328.1	BcII family subclass B1 metallo-beta-lactamase		
GCF_001757995.1		NZ_LXLV01000031.1	46083	47000	+	bla	class A beta-lactamase Bla1	core	AMR	AMR	BETA-LACTAM	BETA-LACTAM	BLASTX	306	306	100.00	90.85	306	WP_003171307.1	class A beta-lactamase Bla1		
GCF_001757995.1		NZ_LXLV01000056.1	19910	20680	-	bla2	BcII family subclass B1 metallo-beta-lactamase	core	AMR	AMR	BETA-LACTAM	CARBAPENEM	BLASTX	257	257	100.00	93.00	257	WP_012261328.1	BcII family subclass B1 metallo-beta-lactamase		
GCF_001758015.1		NZ_LXLY01000039.1	54792	55709	+	bla	class A beta-lactamase Bla1	core	AMR	AMR	BETA-LACTAM	BETA-LACTAM	BLASTX	306	306	100.00	91.18	306	WP_063842248.1	class A beta-lactamase Bla1		
GCF_001758015.1		NZ_LXLY01000053.1	6220	7491	-	abaF	fosfomycin efflux MFS transporter AbaF	plus	AMR	AMR	FOSFOMYCIN	FOSFOMYCIN	BLASTX	424	429	98.83	86.08	424	ABO11759.2	fosfomycin efflux MFS transporter AbaF		
GCF_001758015.1		NZ_LXLY01000053.1	18103	18873	-	bla2	BcII family subclass B1 metallo-beta-lactamase	core	AMR	AMR	BETA-LACTAM	CARBAPENEM	BLASTX	257	257	100.00	95.33	257	WP_012261328.1	BcII family subclass B1 metallo-beta-lactamase		
GCF_001855755.1		NZ_LXLQ01000033.1	48717	49634	+	bla	class A beta-lactamase Bla1	core	AMR	AMR	BETA-LACTAM	BETA-LACTAM	BLASTX	306	306	100.00	90.85	306	WP_063842248.1	class A beta-lactamase Bla1		
GCF_001855755.1		NZ_LXLQ01000052.1	12022	13293	-	abaF	fosfomycin efflux MFS transporter AbaF	plus	AMR	AMR	FOSFOMYCIN	FOSFOMYCIN	BLASTX	424	429	98.83	86.32	424	ABO11759.2	fosfomycin efflux MFS transporter AbaF		
GCF_001855755.1		NZ_LXLQ01000052.1	22841	23611	-	bla2	BcII family subclass B1 metallo-beta-lactamase	core	AMR	AMR	BETA-LACTAM	CARBAPENEM	BLASTX	257	257	100.00	95.33	257	WP_012261328.1	BcII family subclass B1 metallo-beta-lactamase		
GCF_001866745.1		NZ_MOEA01000004.1	48454	49497	-	clbA	23S rRNA (adenine(2503)-C(8))-methyltransferase ClbA	core	AMR	AMR	LINCOSAMIDE/MACROLIDE/STREPTOGRAMIN	LINCOSAMIDE/MACROLIDE/STREPTOGRAMIN	BLASTX	348	349	99.71	92.82	348	WP_012116915.1	23S rRNA (adenine(2503)-C(8))-methyltransferase ClbA		
GCF_001866745.1		NZ_MOEA01000004.1	51245	51763	-	satA	streptothricin N-acetyltransferase SatA	core	AMR	AMR	STREPTOTHRICIN	STREPTOTHRICIN	BLASTX	173	173	100.00	82.08	173	WP_003242546.1	streptothricin N-acetyltransferase SatA		
GCF_001874385.1		NZ_CP017953.1	524208	525254	+	clbA	23S rRNA (adenine(2503)-C(8))-methyltransferase ClbA	core	AMR	AMR	LINCOSAMIDE/MACROLIDE/STREPTOGRAMIN	LINCOSAMIDE/MACROLIDE/STREPTOGRAMIN	BLASTX	349	349	100.00	97.42	349	WP_012116915.1	23S rRNA (adenine(2503)-C(8))-methyltransferase ClbA		
GCF_001874385.1		NZ_CP017953.1	2589552	2590070	-	satA	streptothricin N-acetyltransferase SatA	core	AMR	AMR	STREPTOTHRICIN	STREPTOTHRICIN	BLASTX	173	173	100.00	78.03	173	WP_003242546.1	streptothricin N-acetyltransferase SatA		
GCF_001876545.1		NZ_LWKC01000169.1	72494	73414	-	blaP	class A beta-lactamase BlaP	core	AMR	AMR	BETA-LACTAM	BETA-LACTAM	BLASTX	307	307	100.00	99.67	307	WP_003178584.1	class A beta-lactamase BlaP		
GCF_001876555.1		NZ_LWKD01000073.1	84162	85082	+	blaP	class A beta-lactamase BlaP	core	AMR	AMR	BETA-LACTAM	BETA-LACTAM	BLASTX	307	307	100.00	99.67	307	WP_003178584.1	class A beta-lactamase BlaP		
GCF_001876575.1		NZ_LWKE01000215.1	84162	85082	+	blaP	class A beta-lactamase BlaP	core	AMR	AMR	BETA-LACTAM	BETA-LACTAM	BLASTX	307	307	100.00	99.67	307	WP_003178584.1	class A beta-lactamase BlaP		
GCF_001876655.1		NZ_LWKF01000035.1	123539	124459	-	blaP	class A beta-lactamase BlaP	core	AMR	AMR	BETA-LACTAM	BETA-LACTAM	BLASTX	307	307	100.00	99.67	307	WP_003178584.1	class A beta-lactamase BlaP		
GCF_001880125.1		NZ_MOXR01000003.1	59999	60769	+	bla2	BcII family subclass B1 metallo-beta-lactamase	core	AMR	AMR	BETA-LACTAM	CARBAPENEM	BLASTX	257	257	100.00	92.61	257	WP_063839879.1	BcII family subclass B1 metallo-beta-lactamase		
GCF_001880125.1		NZ_MOXR01000012.1	67019	67570	+	satA	streptothricin N-acetyltransferase SatA	core	AMR	AMR	STREPTOTHRICIN	STREPTOTHRICIN	BLASTX	184	184	98.91	88.59	184	WP_000054744.1	streptothricin N-acetyltransferase SatA		
GCF_001880125.1		NZ_MOXR01000044.1	17643	18560	-	bla	class A beta-lactamase Bla1	core	AMR	AMR	BETA-LACTAM	BETA-LACTAM	BLASTX	306	306	100.00	96.08	306	WP_063842248.1	class A beta-lactamase Bla1		
GCF_001880125.1		NZ_MOXR01000071.1	5394	5807	+	fosB	FosBx1 family fosfomycin resistance bacillithiol transferase	core	AMR	AMR	FOSFOMYCIN	FOSFOMYCIN	BLASTX	138	138	100.00	99.28	138	WP_000943763.1	fosfomycin resistance bacillithiol transferase FosBx1		
GCF_002068155.1		NZ_CP020352.1	277111	278031	+	blaP	class A beta-lactamase BlaP	core	AMR	AMR	BETA-LACTAM	BETA-LACTAM	BLASTX	307	307	100.00	99.67	307	WP_023857755.1	class A beta-lactamase BlaP		
GCF_002068155.1		NZ_CP020352.1	2852722	2853582	+	erm(D)	23S rRNA (adenine(2058)-N(6))-methyltransferase Erm(D)	core	AMR	AMR	LINCOSAMIDE/MACROLIDE/STREPTOGRAMIN	ERYTHROMYCIN/LINCOSAMIDE/STREPTOGRAMIN	EXACTX	287	287	100.00	100.00	287	WP_025811090.1	23S rRNA (adenine(2058)-N(6))-methyltransferase Erm(D)		
GCF_002072695.1		NZ_CP020375.1	534249	535295	+	clbA	23S rRNA (adenine(2503)-C(8))-methyltransferase ClbA	core	AMR	AMR	LINCOSAMIDE/MACROLIDE/STREPTOGRAMIN	LINCOSAMIDE/MACROLIDE/STREPTOGRAMIN	BLASTX	349	349	100.00	99.43	349	WP_012116915.1	23S rRNA (adenine(2503)-C(8))-methyltransferase ClbA		
GCF_002072695.1		NZ_CP020375.1	2549720	2550238	-	satA	streptothricin N-acetyltransferase SatA	core	AMR	AMR	STREPTOTHRICIN	STREPTOTHRICIN	BLASTX	173	173	100.00	80.35	173	WP_003242546.1	streptothricin N-acetyltransferase SatA		
GCF_002072735.1		NZ_CP020367.1	266883	267800	+	mphK	macrolide 2'-phosphotransferase MphK	core	AMR	AMR	MACROLIDE	TELITHROMYCIN/TYLOSIN	BLASTX	306	306	100.00	97.71	306	WP_003246254.1	macrolide 2'-phosphotransferase MphK		
GCF_002072735.1		NZ_CP020367.1	590043	591065	-	vmlR	ABC-F type ribosomal protection protein VmlR	core	AMR	AMR	LINCOSAMIDE/PLEUROMUTILIN/STREPTOGRAMIN	LINCOMYCIN/TIAMULIN/VIRGINIAMYCIN M	PARTIALX	341	547	62.34	97.65	341	WP_003234144.1	ABC-F type ribosomal protection protein VmlR		
GCF_002072735.1		NZ_CP020367.1	2586398	2587249	-	aadK	aminoglycoside 6-adenylyltransferase AadK	core	AMR	AMR	AMINOGLYCOSIDE	STREPTOMYCIN	BLASTX	284	284	100.00	97.54	284	WP_003229862.1	aminoglycoside 6-adenylyltransferase AadK		
GCF_002072735.1		NZ_CP020367.1	4042643	4043161	-	satA	streptothricin N-acetyltransferase SatA	core	AMR	AMR	STREPTOTHRICIN	STREPTOTHRICIN	BLASTX	173	173	100.00	90.17	173	WP_003242546.1	streptothricin N-acetyltransferase SatA		
GCF_002072735.1		NZ_CP020367.1	4045117	4046490	-	tet(L)	tetracycline efflux MFS transporter Tet(L)	core	AMR	AMR	TETRACYCLINE	TETRACYCLINE	BLASTX	458	458	100.00	98.91	458	WP_003242953.1	tetracycline efflux MFS transporter Tet(L)		
GCF_002105595.1		NZ_CP020805.1	1042923	1043969	+	clbA	23S rRNA (adenine(2503)-C(8))-methyltransferase ClbA	core	AMR	AMR	LINCOSAMIDE/MACROLIDE/STREPTOGRAMIN	LINCOSAMIDE/MACROLIDE/STREPTOGRAMIN	EXACTX	349	349	100.00	100.00	349	WP_012116915.1	23S rRNA (adenine(2503)-C(8))-methyltransferase ClbA		
GCF_002105595.1		NZ_CP020805.1	3068485	3069003	-	satA	streptothricin N-acetyltransferase SatA	core	AMR	AMR	STREPTOTHRICIN	STREPTOTHRICIN	INTERNAL_STOP	173	173	100.00	78.61	173	WP_003242546.1	streptothricin N-acetyltransferase SatA		
GCF_002117165.1		NZ_CP011937.1	1381302	1381820	+	satA	streptothricin N-acetyltransferase SatA	core	AMR	AMR	STREPTOTHRICIN	STREPTOTHRICIN	BLASTX	173	173	100.00	80.35	173	WP_003242546.1	streptothricin N-acetyltransferase SatA		
GCF_002117165.1		NZ_CP011937.1	3396250	3397296	-	clbA	23S rRNA (adenine(2503)-C(8))-methyltransferase ClbA	core	AMR	AMR	LINCOSAMIDE/MACROLIDE/STREPTOGRAMIN	LINCOSAMIDE/MACROLIDE/STREPTOGRAMIN	BLASTX	349	349	100.00	99.43	349	WP_012116915.1	23S rRNA (adenine(2503)-C(8))-methyltransferase ClbA		
GCF_002142595.1		NZ_CP021169.1	265955	266872	+	mphK	macrolide 2'-phosphotransferase MphK	core	AMR	AMR	MACROLIDE	TELITHROMYCIN/TYLOSIN	BLASTX	306	306	100.00	97.06	306	WP_003246254.1	macrolide 2'-phosphotransferase MphK		
GCF_002142595.1		NZ_CP021169.1	577807	579450	-	vmlR	ABC-F type ribosomal protection protein VmlR	core	AMR	AMR	LINCOSAMIDE/PLEUROMUTILIN/STREPTOGRAMIN	LINCOMYCIN/TIAMULIN/VIRGINIAMYCIN M	BLASTX	548	547	100.00	99.27	548	WP_003234144.1	ABC-F type ribosomal protection protein VmlR		
GCF_002142595.1		NZ_CP021169.1	2506719	2507570	-	aadK	aminoglycoside 6-adenylyltransferase AadK	core	AMR	AMR	AMINOGLYCOSIDE	STREPTOMYCIN	BLASTX	284	284	100.00	98.94	284	WP_003229862.1	aminoglycoside 6-adenylyltransferase AadK		
GCF_002142595.1		NZ_CP021169.1	3892639	3893157	-	satA	streptothricin N-acetyltransferase SatA	core	AMR	AMR	STREPTOTHRICIN	STREPTOTHRICIN	BLASTX	173	173	100.00	90.75	173	WP_003242546.1	streptothricin N-acetyltransferase SatA		
GCF_002142595.1		NZ_CP021169.1	3895070	3896440	-	tet(L)	tetracycline efflux MFS transporter Tet(L)	core	AMR	AMR	TETRACYCLINE	TETRACYCLINE	BLASTX	457	458	99.78	98.91	457	WP_003242953.1	tetracycline efflux MFS transporter Tet(L)		
GCF_002146655.1		NZ_NFDB01000011.1	359607	360458	-	mleBCA	BCA family alpha/beta fold macrolide esterase	core	AMR	AMR	MACROLIDE	TYLOSIN	BLASTX	284	287	98.95	94.72	284	WP_000140039.1	BCA family alpha/beta fold macrolide esterase		
GCF_002146655.1		NZ_NFDB01000014.1	302270	303187	+	bla	class A beta-lactamase Bla1	core	AMR	AMR	BETA-LACTAM	BETA-LACTAM	BLASTX	306	306	100.00	91.83	306	WP_003171307.1	class A beta-lactamase Bla1		
GCF_002146655.1		NZ_NFDB01000017.1	101904	102452	-	satA	streptothricin N-acetyltransferase SatA	core	AMR	AMR	STREPTOTHRICIN	STREPTOTHRICIN	BLASTX	183	184	99.46	90.16	183	WP_000054744.1	streptothricin N-acetyltransferase SatA		
GCF_002146655.1		NZ_NFDB01000028.1	557917	558687	+	bla2	BcII family subclass B1 metallo-beta-lactamase	core	AMR	AMR	BETA-LACTAM	CARBAPENEM	BLASTX	257	257	100.00	92.22	257	WP_012261328.1	BcII family subclass B1 metallo-beta-lactamase		
GCF_002192235.1		NZ_CP021495.1	533972	535018	+	clbA	23S rRNA (adenine(2503)-C(8))-methyltransferase ClbA	core	AMR	AMR	LINCOSAMIDE/MACROLIDE/STREPTOGRAMIN	LINCOSAMIDE/MACROLIDE/STREPTOGRAMIN	BLASTX	349	349	100.00	99.43	349	WP_012116915.1	23S rRNA (adenine(2503)-C(8))-methyltransferase ClbA		
GCF_002192235.1		NZ_CP021495.1	2549427	2549945	-	satA	streptothricin N-acetyltransferase SatA	core	AMR	AMR	STREPTOTHRICIN	STREPTOTHRICIN	BLASTX	173	173	100.00	80.35	173	WP_003242546.1	streptothricin N-acetyltransferase SatA		
GCF_002204665.1		NZ_NITU01000001.1	537172	537690	-	satA	streptothricin N-acetyltransferase SatA	core	AMR	AMR	STREPTOTHRICIN	STREPTOTHRICIN	BLASTX	173	173	100.00	79.77	173	WP_003242546.1	streptothricin N-acetyltransferase SatA		
GCF_002204665.1		NZ_NITU01000026.1	36739	37785	+	clbA	23S rRNA (adenine(2503)-C(8))-methyltransferase ClbA	core	AMR	AMR	LINCOSAMIDE/MACROLIDE/STREPTOGRAMIN	LINCOSAMIDE/MACROLIDE/STREPTOGRAMIN	BLASTX	349	349	100.00	99.71	349	WP_012116915.1	23S rRNA (adenine(2503)-C(8))-methyltransferase ClbA		
GCF_002205715.1		NZ_CP021976.1	521548	522594	+	clbA	23S rRNA (adenine(2503)-C(8))-methyltransferase ClbA	core	AMR	AMR	LINCOSAMIDE/MACROLIDE/STREPTOGRAMIN	LINCOSAMIDE/MACROLIDE/STREPTOGRAMIN	BLASTX	349	349	100.00	97.42	349	WP_012116915.1	23S rRNA (adenine(2503)-C(8))-methyltransferase ClbA		
GCF_002205715.1		NZ_CP021976.1	2543075	2543593	-	satA	streptothricin N-acetyltransferase SatA	core	AMR	AMR	STREPTOTHRICIN	STREPTOTHRICIN	BLASTX	173	173	100.00	78.61	173	WP_003242546.1	streptothricin N-acetyltransferase SatA		
GCF_002211235.1		NZ_NKAK01000007.1	172362	173984	-	vmlR	ABC-F type ribosomal protection protein VmlR	core	AMR	AMR	LINCOSAMIDE/PLEUROMUTILIN/STREPTOGRAMIN	LINCOMYCIN/TIAMULIN/VIRGINIAMYCIN M	BLASTX	541	547	98.90	92.79	541	WP_003234144.1	ABC-F type ribosomal protection protein VmlR		
GCF_002211235.1		NZ_NKAK01000009.1	54628	55545	-	mphK	macrolide 2'-phosphotransferase MphK	core	AMR	AMR	MACROLIDE	TELITHROMYCIN/TYLOSIN	BLASTX	306	306	100.00	85.29	306	WP_003246254.1	macrolide 2'-phosphotransferase MphK		
GCF_002214765.1		NZ_CP017234.1	1964097	1964510	+	fosB	FosBx1 family fosfomycin resistance bacillithiol transferase	core	AMR	AMR	FOSFOMYCIN	FOSFOMYCIN	BLASTX	138	138	100.00	98.55	138	WP_000943763.1	fosfomycin resistance bacillithiol transferase FosBx1		
GCF_002214765.1		NZ_CP017234.1	2427866	2428783	+	bla	class A beta-lactamase Bla1	core	AMR	AMR	BETA-LACTAM	BETA-LACTAM	BLASTX	306	306	100.00	97.39	306	WP_063842248.1	class A beta-lactamase Bla1		
GCF_002214765.1		NZ_CP017234.1	3090087	3090638	+	satA	streptothricin N-acetyltransferase SatA	core	AMR	AMR	STREPTOTHRICIN	STREPTOTHRICIN	BLASTX	184	184	98.91	89.13	184	WP_000054744.1	streptothricin N-acetyltransferase SatA		
GCF_002214765.1		NZ_CP017234.1	3215095	3215946	-	mleBCB	BCB family alpha/beta fold macrolide esterase	core	AMR	AMR	MACROLIDE	TYLOSIN	BLASTX	284	287	100.00	98.26	287	WP_459076516.1	BCB family alpha/beta fold macrolide esterase		
GCF_002214765.1		NZ_CP017234.1	3319718	3320488	-	bla2	BcII family subclass B1 metallo-beta-lactamase	core	AMR	AMR	BETA-LACTAM	CARBAPENEM	BLASTX	257	257	100.00	93.39	257	WP_063839879.1	BcII family subclass B1 metallo-beta-lactamase		
GCF_002216755.1		NZ_CP022341.1	537088	538134	+	clbA	23S rRNA (adenine(2503)-C(8))-methyltransferase ClbA	core	AMR	AMR	LINCOSAMIDE/MACROLIDE/STREPTOGRAMIN	LINCOSAMIDE/MACROLIDE/STREPTOGRAMIN	BLASTX	349	349	100.00	97.13	349	WP_012116915.1	23S rRNA (adenine(2503)-C(8))-methyltransferase ClbA		
GCF_002216755.1		NZ_CP022341.1	2589183	2589701	-	satA	streptothricin N-acetyltransferase SatA	core	AMR	AMR	STREPTOTHRICIN	STREPTOTHRICIN	BLASTX	173	173	100.00	79.77	173	WP_003242546.1	streptothricin N-acetyltransferase SatA		
GCF_002224345.1		NZ_CP022445.1	1908506	1908919	+	fosB	FosBx1 family fosfomycin resistance bacillithiol transferase	core	AMR	AMR	FOSFOMYCIN	FOSFOMYCIN	BLASTX	138	138	100.00	97.83	138	WP_000943763.1	fosfomycin resistance bacillithiol transferase FosBx1		
GCF_002224345.1		NZ_CP022445.1	2426213	2427130	+	bla	class A beta-lactamase Bla1	core	AMR	AMR	BETA-LACTAM	BETA-LACTAM	BLASTX	306	306	100.00	94.77	306	WP_063842248.1	class A beta-lactamase Bla1		
GCF_002224345.1		NZ_CP022445.1	3085333	3085884	+	satA	streptothricin N-acetyltransferase SatA	core	AMR	AMR	STREPTOTHRICIN	STREPTOTHRICIN	BLASTX	184	184	98.91	90.22	184	WP_000054744.1	streptothricin N-acetyltransferase SatA		
GCF_002224345.1		NZ_CP022445.1	3348355	3349125	-	bla2	BcII family subclass B1 metallo-beta-lactamase	core	AMR	AMR	BETA-LACTAM	CARBAPENEM	BLASTX	257	257	100.00	92.61	257	WP_063839879.1	BcII family subclass B1 metallo-beta-lactamase		
GCF_002224345.1		NZ_CP022446.1	261757	263130	-	tet(45)	tetracycline efflux MFS transporter Tet(45)	core	AMR	AMR	TETRACYCLINE	TETRACYCLINE	BLASTX	458	458	100.00	91.48	458	WP_063855885.1	tetracycline efflux MFS transporter Tet(45)		
GCF_002224345.1		NZ_CP022446.1	515419	515835	-	fosB	FosB/FosD family fosfomycin resistance bacillithiol transferase	core	AMR	AMR	FOSFOMYCIN	FOSFOMYCIN	BLASTX	139	139	100.00	98.56	139	WP_000938987.1	fosfomycin resistance bacillithiol transferase FosB2		
GCF_002224345.1		NZ_CP022446.1	572889	573581	+	vanR-A	vancomycin resistance response regulator transcription factor VanR-A	core	AMR	AMR	GLYCOPEPTIDE	VANCOMYCIN	BLASTX	231	231	100.00	92.64	231	WP_063856721.1	vancomycin resistance response regulator transcription factor VanR-A		
GCF_002224345.1		NZ_CP022446.1	573565	574725	+	vanS-Pt	vancomycin resistance histidine kinase VanS-Pt	core	AMR	AMR	GLYCOPEPTIDE	VANCOMYCIN	BLASTX	387	388	99.74	90.44	387	WP_063856742.1	vancomycin resistance histidine kinase VanS-Pt		
GCF_002243495.1		NZ_CP022653.1	630491	631294	+	blaBAT	BAT family class D beta-lactamase	core	AMR	AMR	BETA-LACTAM	BETA-LACTAM	BLASTX	268	268	100.00	97.01	268	WP_003328240.1	class D beta-lactamase BAT-1		
GCF_002243495.1		NZ_CP022653.1	1982482	1983000	+	satA	streptothricin N-acetyltransferase SatA	core	AMR	AMR	STREPTOTHRICIN	STREPTOTHRICIN	BLASTX	173	173	100.00	79.77	173	WP_003242546.1	streptothricin N-acetyltransferase SatA		
GCF_002277775.1		NZ_NKJH01000001.1	36437	37810	+	tet(L)	tetracycline efflux MFS transporter Tet(L)	core	AMR	AMR	TETRACYCLINE	TETRACYCLINE	EXACTX	458	458	100.00	100.00	458	WP_003242953.1	tetracycline efflux MFS transporter Tet(L)		
GCF_002277775.1		NZ_NKJH01000001.1	39813	40331	+	satA	streptothricin N-acetyltransferase SatA	core	AMR	AMR	STREPTOTHRICIN	STREPTOTHRICIN	EXACTX	173	173	100.00	100.00	173	WP_003242546.1	streptothricin N-acetyltransferase SatA		
GCF_002277775.1		NZ_NKJH01000003.1	475855	476706	+	aadK	aminoglycoside 6-adenylyltransferase AadK	core	AMR	AMR	AMINOGLYCOSIDE	STREPTOMYCIN	EXACTX	284	284	100.00	100.00	284	WP_003229862.1	aminoglycoside 6-adenylyltransferase AadK		
GCF_002277775.1		NZ_NKJH01000004.1	259326	260243	-	mphK	macrolide 2'-phosphotransferase MphK	core	AMR	AMR	MACROLIDE	TELITHROMYCIN/TYLOSIN	EXACTX	306	306	100.00	100.00	306	WP_003246254.1	macrolide 2'-phosphotransferase MphK		
GCF_002277775.1		NZ_NKJH01000008.1	47435	49075	-	vmlR	ABC-F type ribosomal protection protein VmlR	core	AMR	AMR	LINCOSAMIDE/PLEUROMUTILIN/STREPTOGRAMIN	LINCOMYCIN/TIAMULIN/VIRGINIAMYCIN M	EXACTX	547	547	100.00	100.00	547	WP_003234144.1	ABC-F type ribosomal protection protein VmlR		
GCF_002550055.1		NZ_NVKI01000005.1	20950	21366	-	fosB	FosB/FosD family fosfomycin resistance bacillithiol transferase	core	AMR	AMR	FOSFOMYCIN	FOSFOMYCIN	BLASTX	139	139	100.00	99.28	139	WP_000938987.1	fosfomycin resistance bacillithiol transferase FosB2		
GCF_002550055.1		NZ_NVKI01000021.1	18288	18701	-	fosB	FosBx1 family fosfomycin resistance bacillithiol transferase	core	AMR	AMR	FOSFOMYCIN	FOSFOMYCIN	BLASTX	138	138	100.00	97.83	138	WP_000943763.1	fosfomycin resistance bacillithiol transferase FosBx1		
GCF_002550055.1		NZ_NVKI01000024.1	68903	69673	+	bla2	BcII family subclass B1 metallo-beta-lactamase	core	AMR	AMR	BETA-LACTAM	CARBAPENEM	BLASTX	257	257	100.00	91.83	257	WP_063839879.1	BcII family subclass B1 metallo-beta-lactamase		
GCF_002550055.1		NZ_NVKI01000024.1	183048	183899	+	mleBCB	BCB family alpha/beta fold macrolide esterase	core	AMR	AMR	MACROLIDE	TYLOSIN	BLASTX	284	287	100.00	98.26	287	WP_459076516.1	BCB family alpha/beta fold macrolide esterase		
GCF_002550055.1		NZ_NVKI01000032.1	52342	53715	+	tet(45)	tetracycline efflux MFS transporter Tet(45)	core	AMR	AMR	TETRACYCLINE	TETRACYCLINE	BLASTX	458	458	100.00	91.70	458	WP_063855885.1	tetracycline efflux MFS transporter Tet(45)		
GCF_002550055.1		NZ_NVKI01000034.1	6256	6948	+	vanR-A	vancomycin resistance response regulator transcription factor VanR-A	core	AMR	AMR	GLYCOPEPTIDE	VANCOMYCIN	BLASTX	231	231	100.00	93.51	231	WP_063856721.1	vancomycin resistance response regulator transcription factor VanR-A		
GCF_002550055.1		NZ_NVKI01000034.1	6935	8080	+	vanS-Pt	vancomycin resistance histidine kinase VanS-Pt	core	AMR	AMR	GLYCOPEPTIDE	VANCOMYCIN	BLASTX	382	386	98.96	90.58	382	WP_063856741.1	vancomycin resistance histidine kinase VanS-Pt		
GCF_002550055.1		NZ_NVKI01000047.1	101655	102572	-	bla	class A beta-lactamase Bla1	core	AMR	AMR	BETA-LACTAM	BETA-LACTAM	BLASTX	306	306	100.00	95.10	306	WP_063842248.1	class A beta-lactamase Bla1		
GCF_002550055.1		NZ_NVKI01000055.1	1326	1877	+	satA	streptothricin N-acetyltransferase SatA	core	AMR	AMR	STREPTOTHRICIN	STREPTOTHRICIN	BLASTX	184	184	98.91	89.67	184	WP_000054744.1	streptothricin N-acetyltransferase SatA		
GCF_002550055.1		NZ_NVKI01000113.1	1409	2260	-	mleBCB	BCB family alpha/beta fold macrolide esterase	core	AMR	AMR	MACROLIDE	TYLOSIN	BLASTX	284	287	100.00	91.29	287	WP_459076516.1	BCB family alpha/beta fold macrolide esterase		
GCF_002550185.1		NZ_NVKQ01000005.1	27187	27738	-	satA	streptothricin N-acetyltransferase SatA	core	AMR	AMR	STREPTOTHRICIN	STREPTOTHRICIN	BLASTX	184	184	98.91	89.13	184	WP_000054744.1	streptothricin N-acetyltransferase SatA		
GCF_002550185.1		NZ_NVKQ01000033.1	22877	23491	+	bla2	BcII family subclass B1 metallo-beta-lactamase	core	AMR	AMR	BETA-LACTAM	CARBAPENEM	PARTIALX	205	257	79.77	98.54	205	WP_063839879.1	BcII family subclass B1 metallo-beta-lactamase		
GCF_002550185.1		NZ_NVKQ01000044.1	26229	26642	-	fosB	FosBx1 family fosfomycin resistance bacillithiol transferase	core	AMR	AMR	FOSFOMYCIN	FOSFOMYCIN	BLASTX	138	138	100.00	99.28	138	WP_000943763.1	fosfomycin resistance bacillithiol transferase FosBx1		
GCF_002550185.1		NZ_NVKQ01000051.1	8671	9363	+	vanR-A	vancomycin resistance response regulator transcription factor VanR-A	core	AMR	AMR	GLYCOPEPTIDE	VANCOMYCIN	BLASTX	231	231	100.00	92.64	231	WP_063856721.1	vancomycin resistance response regulator transcription factor VanR-A		
GCF_002550185.1		NZ_NVKQ01000051.1	9365	10513	+	vanS-Pt	vancomycin resistance histidine kinase VanS-Pt	core	AMR	AMR	GLYCOPEPTIDE	VANCOMYCIN	BLASTX	383	386	99.22	90.08	383	WP_063856741.1	vancomycin resistance histidine kinase VanS-Pt		
GCF_002550185.1		NZ_NVKQ01000059.1	20037	20954	-	bla	class A beta-lactamase Bla1	core	AMR	AMR	BETA-LACTAM	BETA-LACTAM	BLASTX	306	306	100.00	96.08	306	WP_063842248.1	class A beta-lactamase Bla1		
GCF_002550215.1		NZ_NVKR01000001.1	66119	66889	-	bla2	BcII family subclass B1 metallo-beta-lactamase	core	AMR	AMR	BETA-LACTAM	CARBAPENEM	BLASTX	257	257	100.00	96.50	257	WP_063839879.1	BcII family subclass B1 metallo-beta-lactamase		
GCF_002550215.1		NZ_NVKR01000024.1	30652	31065	-	fosB	FosBx1 family fosfomycin resistance bacillithiol transferase	core	AMR	AMR	FOSFOMYCIN	FOSFOMYCIN	BLASTX	138	138	100.00	99.28	138	WP_000943763.1	fosfomycin resistance bacillithiol transferase FosBx1		
GCF_002550215.1		NZ_NVKR01000027.1	1972	2823	-	mleBCB	BCB family alpha/beta fold macrolide esterase	core	AMR	AMR	MACROLIDE	TYLOSIN	BLASTX	284	287	100.00	90.59	287	WP_459076516.1	BCB family alpha/beta fold macrolide esterase		
GCF_002550215.1		NZ_NVKR01000048.1	17089	17640	-	satA	streptothricin N-acetyltransferase SatA	core	AMR	AMR	STREPTOTHRICIN	STREPTOTHRICIN	BLASTX	184	184	98.91	87.50	184	WP_000054744.1	streptothricin N-acetyltransferase SatA		
GCF_002550215.1		NZ_NVKR01000168.1	19129	20046	-	bla	class A beta-lactamase Bla1	core	AMR	AMR	BETA-LACTAM	BETA-LACTAM	BLASTX	306	306	100.00	95.75	306	WP_063842248.1	class A beta-lactamase Bla1		
GCF_002550225.1		NZ_NVPQ01000011.1	1798	2745	-	blaIII	class A beta-lactamase BlaIII	core	AMR	AMR	BETA-LACTAM	BETA-LACTAM	BLASTX	316	316	100.00	91.46	316	WP_000497840.1	class A beta-lactamase BlaIII		
GCF_002550225.1		NZ_NVPQ01000024.1	9275	10126	+	mleBCA	BCA family alpha/beta fold macrolide esterase	core	AMR	AMR	MACROLIDE	TYLOSIN	BLASTX	284	287	98.95	94.72	284	WP_000140039.1	BCA family alpha/beta fold macrolide esterase		
GCF_002550225.1		NZ_NVPQ01000026.1	12232	12645	-	fosB	FosBx1 family fosfomycin resistance bacillithiol transferase	core	AMR	AMR	FOSFOMYCIN	FOSFOMYCIN	BLASTX	138	138	100.00	90.58	138	WP_000943763.1	fosfomycin resistance bacillithiol transferase FosBx1		
GCF_002550225.1		NZ_NVPQ01000039.1	19563	20330	-	bla2	BcII family subclass B1 metallo-beta-lactamase	core	AMR	AMR	BETA-LACTAM	CARBAPENEM	BLASTX	256	256	100.00	94.92	256	WP_000799232.1	BcII family subclass B1 metallo-beta-lactamase		
GCF_002550225.1		NZ_NVPQ01000124.1	8794	9345	+	satA	streptothricin N-acetyltransferase SatA	core	AMR	AMR	STREPTOTHRICIN	STREPTOTHRICIN	BLASTX	184	184	98.91	80.43	184	WP_000054744.1	streptothricin N-acetyltransferase SatA		
GCF_002550225.1		NZ_NVPQ01000192.1	3885	4916	+	vanS-Pt	vancomycin resistance histidine kinase VanS-Pt	core	AMR	AMR	GLYCOPEPTIDE	VANCOMYCIN	PARTIALX	344	386	89.12	90.99	344	WP_063856741.1	vancomycin resistance histidine kinase VanS-Pt		
GCF_002550225.1		NZ_NVPQ01000230.1	4559	5476	+	bla	class A beta-lactamase Bla1	core	AMR	AMR	BETA-LACTAM	BETA-LACTAM	BLASTX	306	306	100.00	92.81	306	WP_063842248.1	class A beta-lactamase Bla1		
GCF_002550355.1		NZ_NVNZ01000024.1	52678	53367	+	vanR-A	vancomycin resistance response regulator transcription factor VanR-A	core	AMR	AMR	GLYCOPEPTIDE	VANCOMYCIN	BLASTX	230	231	99.57	93.48	230	WP_063856721.1	vancomycin resistance response regulator transcription factor VanR-A		
GCF_002550355.1		NZ_NVNZ01000024.1	53351	54514	+	vanS-Pt	vancomycin resistance histidine kinase VanS-Pt	core	AMR	AMR	GLYCOPEPTIDE	VANCOMYCIN	BLASTX	388	386	100.00	90.98	388	WP_063856741.1	vancomycin resistance histidine kinase VanS-Pt		
GCF_002550355.1		NZ_NVNZ01000056.1	33948	34844	+	mphM	macrolide 2'-phosphotransferase MphM	core	AMR	AMR	MACROLIDE	MACROLIDE	BLASTX	299	299	100.00	93.98	299	WP_016078774.1	macrolide 2'-phosphotransferase MphM		
GCF_002550355.1		NZ_NVNZ01000059.1	8655	9572	+	bla	class A beta-lactamase Bla1	core	AMR	AMR	BETA-LACTAM	BETA-LACTAM	BLASTX	306	306	100.00	93.79	306	WP_063842248.1	class A beta-lactamase Bla1		
GCF_002550355.1		NZ_NVNZ01000076.1	1084	1629	+	satA	streptothricin N-acetyltransferase SatA	core	AMR	AMR	STREPTOTHRICIN	STREPTOTHRICIN	BLASTX	182	184	98.91	93.96	182	WP_000054744.1	streptothricin N-acetyltransferase SatA		
GCF_002550355.1		NZ_NVNZ01000086.1	31760	32530	+	bla2	BcII family subclass B1 metallo-beta-lactamase	core	AMR	AMR	BETA-LACTAM	CARBAPENEM	BLASTX	257	257	100.00	92.61	257	WP_012261328.1	BcII family subclass B1 metallo-beta-lactamase		
GCF_002550475.1		NZ_NVLX01000008.1	45923	46471	+	satA	streptothricin N-acetyltransferase SatA	core	AMR	AMR	STREPTOTHRICIN	STREPTOTHRICIN	BLASTX	183	184	99.46	90.16	183	WP_000054744.1	streptothricin N-acetyltransferase SatA		
GCF_002550475.1		NZ_NVLX01000012.1	115500	116417	+	bla	class A beta-lactamase Bla1	core	AMR	AMR	BETA-LACTAM	BETA-LACTAM	BLASTX	306	306	100.00	92.16	306	WP_003171307.1	class A beta-lactamase Bla1		
GCF_002550475.1		NZ_NVLX01000012.1	318684	319535	+	mleBCA	BCA family alpha/beta fold macrolide esterase	core	AMR	AMR	MACROLIDE	TYLOSIN	BLASTX	284	287	98.95	94.72	284	WP_000140039.1	BCA family alpha/beta fold macrolide esterase		
GCF_002550475.1		NZ_NVLX01000017.1	90428	91375	-	blaIII	class A beta-lactamase BlaIII	core	AMR	AMR	BETA-LACTAM	BETA-LACTAM	BLASTX	316	316	100.00	91.46	316	WP_000497840.1	class A beta-lactamase BlaIII		
GCF_002550525.1		NZ_NVOD01000006.1	370196	371113	-	bla	class A beta-lactamase Bla1	core	AMR	AMR	BETA-LACTAM	BETA-LACTAM	BLASTX	306	306	100.00	92.81	306	WP_063842248.1	class A beta-lactamase Bla1		
GCF_002550525.1		NZ_NVOD01000011.1	8421	9191	-	bla2	BcII family subclass B1 metallo-beta-lactamase	core	AMR	AMR	BETA-LACTAM	CARBAPENEM	BLASTX	257	257	100.00	92.61	257	WP_012261328.1	BcII family subclass B1 metallo-beta-lactamase		
GCF_002550525.1		NZ_NVOD01000015.1	754045	754953	-	mphL	macrolide 2'-phosphotransferase MphL	core	AMR	AMR	MACROLIDE	MACROLIDE	BLASTX	303	303	100.00	99.34	303	WP_002047670.1	macrolide 2'-phosphotransferase MphL		
GCF_002550525.1		NZ_NVOD01000027.1	18306	18854	-	satA	streptothricin N-acetyltransferase SatA	core	AMR	AMR	STREPTOTHRICIN	STREPTOTHRICIN	BLASTX	183	184	99.46	92.35	183	WP_000054744.1	streptothricin N-acetyltransferase SatA		
GCF_002550725.1		NZ_NVOM01000021.1	12092	13000	+	mphL	macrolide 2'-phosphotransferase MphL	core	AMR	AMR	MACROLIDE	MACROLIDE	BLASTX	303	303	100.00	99.01	303	WP_002047670.1	macrolide 2'-phosphotransferase MphL		
GCF_002550725.1		NZ_NVOM01000030.1	22507	23055	+	satA	streptothricin N-acetyltransferase SatA	core	AMR	AMR	STREPTOTHRICIN	STREPTOTHRICIN	BLASTX	183	184	99.46	93.44	183	WP_000054744.1	streptothricin N-acetyltransferase SatA		
GCF_002550725.1		NZ_NVOM01000073.1	44420	45190	-	bla2	BcII family subclass B1 metallo-beta-lactamase	core	AMR	AMR	BETA-LACTAM	CARBAPENEM	BLASTX	257	257	100.00	93.00	257	WP_012261328.1	BcII family subclass B1 metallo-beta-lactamase		
GCF_002550725.1		NZ_NVOM01000124.1	403	1320	-	bla	class A beta-lactamase Bla1	core	AMR	AMR	BETA-LACTAM	BETA-LACTAM	BLASTX	306	306	100.00	91.83	306	WP_063842248.1	class A beta-lactamase Bla1		
GCF_002550925.1		NZ_NVOU01000041.1	262840	263748	-	mphL	macrolide 2'-phosphotransferase MphL	core	AMR	AMR	MACROLIDE	MACROLIDE	BLASTX	303	303	100.00	99.01	303	WP_002047670.1	macrolide 2'-phosphotransferase MphL		
GCF_002550925.1		NZ_NVOU01000067.1	1153	1701	+	satA	streptothricin N-acetyltransferase SatA	core	AMR	AMR	STREPTOTHRICIN	STREPTOTHRICIN	BLASTX	183	184	99.46	93.44	183	WP_000054744.1	streptothricin N-acetyltransferase SatA		
GCF_002550925.1		NZ_NVOU01000162.1	398	1315	-	bla	class A beta-lactamase Bla1	core	AMR	AMR	BETA-LACTAM	BETA-LACTAM	BLASTX	306	306	100.00	91.83	306	WP_063842248.1	class A beta-lactamase Bla1		
GCF_002550925.1		NZ_NVOU01000192.1	56	826	-	bla2	BcII family subclass B1 metallo-beta-lactamase	core	AMR	AMR	BETA-LACTAM	CARBAPENEM	BLASTX	257	257	100.00	93.00	257	WP_012261328.1	BcII family subclass B1 metallo-beta-lactamase		
GCF_002551565.1		NZ_NVPB01000004.1	13325	14233	+	mphL	macrolide 2'-phosphotransferase MphL	core	AMR	AMR	MACROLIDE	MACROLIDE	BLASTX	303	303	100.00	99.01	303	WP_002047670.1	macrolide 2'-phosphotransferase MphL		
GCF_002551565.1		NZ_NVPB01000014.1	12605	13153	-	satA	streptothricin N-acetyltransferase SatA	core	AMR	AMR	STREPTOTHRICIN	STREPTOTHRICIN	BLASTX	183	184	99.46	93.44	183	WP_000054744.1	streptothricin N-acetyltransferase SatA		
GCF_002551565.1		NZ_NVPB01000072.1	9249	10166	+	bla	class A beta-lactamase Bla1	core	AMR	AMR	BETA-LACTAM	BETA-LACTAM	BLASTX	306	306	100.00	91.83	306	WP_063842248.1	class A beta-lactamase Bla1		
GCF_002551565.1		NZ_NVPB01000077.1	27	797	-	bla2	BcII family subclass B1 metallo-beta-lactamase	core	AMR	AMR	BETA-LACTAM	CARBAPENEM	BLASTX	257	257	100.00	93.00	257	WP_012261328.1	BcII family subclass B1 metallo-beta-lactamase		
GCF_002551705.1		NZ_NVPJ01000012.1	101088	101996	+	mphL	macrolide 2'-phosphotransferase MphL	core	AMR	AMR	MACROLIDE	MACROLIDE	EXACTX	303	303	100.00	100.00	303	WP_002047670.1	macrolide 2'-phosphotransferase MphL		
GCF_002551705.1		NZ_NVPJ01000014.1	18301	18849	-	satA	streptothricin N-acetyltransferase SatA	core	AMR	AMR	STREPTOTHRICIN	STREPTOTHRICIN	BLASTX	183	184	99.46	92.35	183	WP_000054744.1	streptothricin N-acetyltransferase SatA		
GCF_002551705.1		NZ_NVPJ01000025.1	37844	38761	-	bla	class A beta-lactamase Bla1	core	AMR	AMR	BETA-LACTAM	BETA-LACTAM	BLASTX	306	306	100.00	93.14	306	WP_063842248.1	class A beta-lactamase Bla1		
GCF_002551705.1		NZ_NVPJ01000045.1	284485	285255	+	bla2	BcII family subclass B1 metallo-beta-lactamase	core	AMR	AMR	BETA-LACTAM	CARBAPENEM	INTERNAL_STOP	257	257	100.00	92.61	257	WP_012261328.1	BcII family subclass B1 metallo-beta-lactamase		
GCF_002551705.1		NZ_NVPJ01000046.1	8634	9530	-	mphM	macrolide 2'-phosphotransferase MphM	core	AMR	AMR	MACROLIDE	MACROLIDE	BLASTX	299	299	100.00	95.99	299	WP_016078774.1	macrolide 2'-phosphotransferase MphM		
GCF_002551775.1		NZ_NVKM01000001.1	530906	531823	-	bla	class A beta-lactamase Bla1	core	AMR	AMR	BETA-LACTAM	BETA-LACTAM	BLASTX	306	306	100.00	96.41	306	WP_063842248.1	class A beta-lactamase Bla1		
GCF_002551775.1		NZ_NVKM01000005.1	4219	4911	+	vanR-A	vancomycin resistance response regulator transcription factor VanR-A	core	AMR	AMR	GLYCOPEPTIDE	VANCOMYCIN	BLASTX	231	231	100.00	93.07	231	WP_063856721.1	vancomycin resistance response regulator transcription factor VanR-A		
GCF_002551775.1		NZ_NVKM01000005.1	4919	6067	+	vanS-Pt	vancomycin resistance histidine kinase VanS-Pt	core	AMR	AMR	GLYCOPEPTIDE	VANCOMYCIN	BLASTX	383	386	99.22	91.12	383	WP_063856741.1	vancomycin resistance histidine kinase VanS-Pt		
GCF_002551775.1		NZ_NVKM01000007.1	74037	74807	+	bla2	BcII family subclass B1 metallo-beta-lactamase	core	AMR	AMR	BETA-LACTAM	CARBAPENEM	BLASTX	257	257	100.00	93.00	257	WP_063839879.1	BcII family subclass B1 metallo-beta-lactamase		
GCF_002551775.1		NZ_NVKM01000007.1	187645	188496	+	mleBCB	BCB family alpha/beta fold macrolide esterase	core	AMR	AMR	MACROLIDE	TYLOSIN	BLASTX	284	287	100.00	97.91	287	WP_459076516.1	BCB family alpha/beta fold macrolide esterase		
GCF_002551775.1		NZ_NVKM01000011.1	8795	9346	-	satA	streptothricin N-acetyltransferase SatA	core	AMR	AMR	STREPTOTHRICIN	STREPTOTHRICIN	BLASTX	184	184	98.91	88.59	184	WP_000054744.1	streptothricin N-acetyltransferase SatA		
GCF_002551775.1		NZ_NVKM01000014.1	116365	116778	-	fosB	FosBx1 family fosfomycin resistance bacillithiol transferase	core	AMR	AMR	FOSFOMYCIN	FOSFOMYCIN	BLASTX	138	138	100.00	98.55	138	WP_000943763.1	fosfomycin resistance bacillithiol transferase FosBx1		
GCF_002551895.1		NZ_NVKX01000003.1	4041	4958	+	bla	class A beta-lactamase Bla1	core	AMR	AMR	BETA-LACTAM	BETA-LACTAM	BLASTX	306	306	100.00	95.10	306	WP_063842248.1	class A beta-lactamase Bla1		
GCF_002551895.1		NZ_NVKX01000004.1	52403	53173	+	bla2	BcII family subclass B1 metallo-beta-lactamase	core	AMR	AMR	BETA-LACTAM	CARBAPENEM	BLASTX	257	257	100.00	93.00	257	WP_063839879.1	BcII family subclass B1 metallo-beta-lactamase		
GCF_002551895.1		NZ_NVKX01000004.1	162002	162853	+	mleBCB	BCB family alpha/beta fold macrolide esterase	core	AMR	AMR	MACROLIDE	TYLOSIN	BLASTX	284	287	100.00	98.26	287	WP_459076516.1	BCB family alpha/beta fold macrolide esterase		
GCF_002551895.1		NZ_NVKX01000013.1	18289	18702	-	fosB	FosBx1 family fosfomycin resistance bacillithiol transferase	core	AMR	AMR	FOSFOMYCIN	FOSFOMYCIN	BLASTX	138	138	100.00	97.83	138	WP_000943763.1	fosfomycin resistance bacillithiol transferase FosBx1		
GCF_002551895.1		NZ_NVKX01000029.1	31259	32206	+	blaIII	class A beta-lactamase BlaIII	core	AMR	AMR	BETA-LACTAM	BETA-LACTAM	BLASTX	316	316	100.00	95.57	316	WP_000497840.1	class A beta-lactamase BlaIII		
GCF_002551895.1		NZ_NVKX01000033.1	100240	100791	+	satA	streptothricin N-acetyltransferase SatA	core	AMR	AMR	STREPTOTHRICIN	STREPTOTHRICIN	BLASTX	184	184	98.91	89.67	184	WP_000054744.1	streptothricin N-acetyltransferase SatA		
GCF_002552035.1		NZ_NVLI01000030.1	169621	170538	-	bla	class A beta-lactamase Bla1	core	AMR	AMR	BETA-LACTAM	BETA-LACTAM	BLASTX	306	306	100.00	95.10	306	WP_063842248.1	class A beta-lactamase Bla1		
GCF_002552035.1		NZ_NVLI01000037.1	20094	20507	-	fosB	FosBx1 family fosfomycin resistance bacillithiol transferase	core	AMR	AMR	FOSFOMYCIN	FOSFOMYCIN	BLASTX	138	138	100.00	97.10	138	WP_000943763.1	fosfomycin resistance bacillithiol transferase FosBx1		
GCF_002552035.1		NZ_NVLI01000039.1	39908	40462	+	satA	streptothricin N-acetyltransferase SatA	core	AMR	AMR	STREPTOTHRICIN	STREPTOTHRICIN	BLASTX	185	184	99.46	86.49	185	WP_000054744.1	streptothricin N-acetyltransferase SatA		
GCF_002552035.1		NZ_NVLI01000049.1	24566	25336	+	bla2	BcII family subclass B1 metallo-beta-lactamase	core	AMR	AMR	BETA-LACTAM	CARBAPENEM	BLASTX	257	257	100.00	93.39	257	WP_063839879.1	BcII family subclass B1 metallo-beta-lactamase		
GCF_002552045.1		NZ_NVLK01000085.1	35974	36891	+	bla	class A beta-lactamase Bla1	core	AMR	AMR	BETA-LACTAM	BETA-LACTAM	BLASTX	306	306	100.00	90.85	306	WP_003171307.1	class A beta-lactamase Bla1		
GCF_002552055.1		NZ_NVNX01000005.1	164572	165408	+	mphL	macrolide 2'-phosphotransferase MphL	core	AMR	AMR	MACROLIDE	MACROLIDE	BLASTX	279	303	92.08	97.49	279	WP_002047670.1	macrolide 2'-phosphotransferase MphL		
GCF_002552055.1		NZ_NVNX01000009.1	30723	31493	-	bla2	BcII family subclass B1 metallo-beta-lactamase	core	AMR	AMR	BETA-LACTAM	CARBAPENEM	BLASTX	257	257	100.00	92.61	257	WP_063839879.1	BcII family subclass B1 metallo-beta-lactamase		
GCF_002552055.1		NZ_NVNX01000014.1	8958	9506	-	satA	streptothricin N-acetyltransferase SatA	core	AMR	AMR	STREPTOTHRICIN	STREPTOTHRICIN	BLASTX	183	184	99.46	92.35	183	WP_000054744.1	streptothricin N-acetyltransferase SatA		
GCF_002552055.1		NZ_NVNX01000056.1	49370	50530	-	vanS-Pt	vancomycin resistance histidine kinase VanS-Pt	core	AMR	AMR	GLYCOPEPTIDE	VANCOMYCIN	BLASTX	387	388	99.74	90.18	387	WP_063856742.1	vancomycin resistance histidine kinase VanS-Pt		
GCF_002552055.1		NZ_NVNX01000056.1	50514	51206	-	vanR-A	vancomycin resistance response regulator transcription factor VanR-A	core	AMR	AMR	GLYCOPEPTIDE	VANCOMYCIN	BLASTX	231	231	100.00	93.07	231	WP_063856721.1	vancomycin resistance response regulator transcription factor VanR-A		
GCF_002552055.1		NZ_NVNX01000069.1	9234	10151	+	bla	class A beta-lactamase Bla1	core	AMR	AMR	BETA-LACTAM	BETA-LACTAM	BLASTX	306	306	100.00	94.44	306	WP_063842248.1	class A beta-lactamase Bla1		
GCF_002552055.1		NZ_NVNX01000077.1	9080	9976	+	mphM	macrolide 2'-phosphotransferase MphM	core	AMR	AMR	MACROLIDE	MACROLIDE	BLASTX	299	299	100.00	94.31	299	WP_016078774.1	macrolide 2'-phosphotransferase MphM		
GCF_002552125.1		NZ_NVNY01000010.1	125066	125614	+	satA	streptothricin N-acetyltransferase SatA	core	AMR	AMR	STREPTOTHRICIN	STREPTOTHRICIN	BLASTX	183	184	99.46	93.99	183	WP_000054744.1	streptothricin N-acetyltransferase SatA		
GCF_002552125.1		NZ_NVNY01000011.1	9692	10609	+	bla	class A beta-lactamase Bla1	core	AMR	AMR	BETA-LACTAM	BETA-LACTAM	BLASTX	306	306	100.00	92.16	306	WP_063842248.1	class A beta-lactamase Bla1		
GCF_002552125.1		NZ_NVNY01000029.1	32124	33032	-	mphL	macrolide 2'-phosphotransferase MphL	core	AMR	AMR	MACROLIDE	MACROLIDE	BLASTX	303	303	100.00	99.67	303	WP_002047670.1	macrolide 2'-phosphotransferase MphL		
GCF_002552125.1		NZ_NVNY01000082.1	37150	37920	+	bla2	BcII family subclass B1 metallo-beta-lactamase	core	AMR	AMR	BETA-LACTAM	CARBAPENEM	BLASTX	257	257	100.00	93.00	257	WP_012261328.1	BcII family subclass B1 metallo-beta-lactamase		
GCF_002552245.1		NZ_NVLU01000010.1	38924	40297	+	tet(45)	tetracycline efflux MFS transporter Tet(45)	core	AMR	AMR	TETRACYCLINE	TETRACYCLINE	BLASTX	458	458	100.00	91.48	458	WP_063855885.1	tetracycline efflux MFS transporter Tet(45)		
GCF_002552245.1		NZ_NVLU01000036.1	6489	6902	+	fosB	FosBx1 family fosfomycin resistance bacillithiol transferase	core	AMR	AMR	FOSFOMYCIN	FOSFOMYCIN	BLASTX	138	138	100.00	97.83	138	WP_000943763.1	fosfomycin resistance bacillithiol transferase FosBx1		
GCF_002552245.1		NZ_NVLU01000038.1	8269	9186	+	bla	class A beta-lactamase Bla1	core	AMR	AMR	BETA-LACTAM	BETA-LACTAM	BLASTX	306	306	100.00	95.10	306	WP_063842248.1	class A beta-lactamase Bla1		
GCF_002552245.1		NZ_NVLU01000042.1	15284	16054	-	bla2	BcII family subclass B1 metallo-beta-lactamase	core	AMR	AMR	BETA-LACTAM	CARBAPENEM	BLASTX	257	257	100.00	96.50	257	WP_063839879.1	BcII family subclass B1 metallo-beta-lactamase		
GCF_002552245.1		NZ_NVLU01000046.1	11492	12334	-	mleBCB	BCB family alpha/beta fold macrolide esterase	core	AMR	AMR	MACROLIDE	TYLOSIN	BLASTX	281	287	97.91	91.10	281	WP_459076516.1	BCB family alpha/beta fold macrolide esterase		
GCF_002552245.1		NZ_NVLU01000060.1	7477	8637	-	vanS-Pt	vancomycin resistance histidine kinase VanS-Pt	core	AMR	AMR	GLYCOPEPTIDE	VANCOMYCIN	BLASTX	387	388	99.74	90.18	387	WP_063856742.1	vancomycin resistance histidine kinase VanS-Pt		
GCF_002552245.1		NZ_NVLU01000060.1	8621	9313	-	vanR-A	vancomycin resistance response regulator transcription factor VanR-A	core	AMR	AMR	GLYCOPEPTIDE	VANCOMYCIN	BLASTX	231	231	100.00	93.07	231	WP_063856721.1	vancomycin resistance response regulator transcription factor VanR-A		
GCF_002552245.1		NZ_NVLU01000098.1	5290	6141	-	mleBCB	BCB family alpha/beta fold macrolide esterase	core	AMR	AMR	MACROLIDE	TYLOSIN	BLASTX	284	287	100.00	98.26	287	WP_459076516.1	BCB family alpha/beta fold macrolide esterase		
GCF_002552245.1		NZ_NVLU01000100.1	14000	14416	-	fosB	FosB/FosD family fosfomycin resistance bacillithiol transferase	core	AMR	AMR	FOSFOMYCIN	FOSFOMYCIN	BLASTX	139	139	100.00	98.56	139	WP_000938987.1	fosfomycin resistance bacillithiol transferase FosB2		
GCF_002552245.1		NZ_NVLU01000111.1	25359	25910	+	satA	streptothricin N-acetyltransferase SatA	core	AMR	AMR	STREPTOTHRICIN	STREPTOTHRICIN	BLASTX	184	184	98.91	89.67	184	WP_000054744.1	streptothricin N-acetyltransferase SatA		
GCF_002552335.1		NZ_NVMB01000007.1	1	1239	+	tet(45)	tetracycline efflux MFS transporter Tet(45)	core	AMR	AMR	TETRACYCLINE	TETRACYCLINE	BLASTX	413	458	90.17	91.04	413	WP_063855885.1	tetracycline efflux MFS transporter Tet(45)		
GCF_002552335.1		NZ_NVMB01000009.1	92394	92945	-	satA	streptothricin N-acetyltransferase SatA	core	AMR	AMR	STREPTOTHRICIN	STREPTOTHRICIN	BLASTX	184	184	98.91	89.67	184	WP_000054744.1	streptothricin N-acetyltransferase SatA		
GCF_002552335.1		NZ_NVMB01000013.1	8433	8846	+	fosB	FosBx1 family fosfomycin resistance bacillithiol transferase	core	AMR	AMR	FOSFOMYCIN	FOSFOMYCIN	BLASTX	138	138	100.00	98.55	138	WP_000943763.1	fosfomycin resistance bacillithiol transferase FosBx1		
GCF_002552335.1		NZ_NVMB01000017.1	29709	30479	+	bla2	BcII family subclass B1 metallo-beta-lactamase	core	AMR	AMR	BETA-LACTAM	CARBAPENEM	BLASTX	257	257	100.00	93.00	257	WP_063839879.1	BcII family subclass B1 metallo-beta-lactamase		
GCF_002552335.1		NZ_NVMB01000017.1	143713	144564	+	mleBCB	BCB family alpha/beta fold macrolide esterase	core	AMR	AMR	MACROLIDE	TYLOSIN	BLASTX	284	287	100.00	98.26	287	WP_459076516.1	BCB family alpha/beta fold macrolide esterase		
GCF_002552335.1		NZ_NVMB01000030.1	6728	7420	+	vanR-A	vancomycin resistance response regulator transcription factor VanR-A	core	AMR	AMR	GLYCOPEPTIDE	VANCOMYCIN	BLASTX	231	231	100.00	93.07	231	WP_063856721.1	vancomycin resistance response regulator transcription factor VanR-A		
GCF_002552335.1		NZ_NVMB01000079.1	12952	13794	+	mleBCB	BCB family alpha/beta fold macrolide esterase	core	AMR	AMR	MACROLIDE	TYLOSIN	BLASTX	281	287	97.91	91.10	281	WP_459076516.1	BCB family alpha/beta fold macrolide esterase		
GCF_002552335.1		NZ_NVMB01000080.1	20113	21030	+	bla	class A beta-lactamase Bla1	core	AMR	AMR	BETA-LACTAM	BETA-LACTAM	BLASTX	306	306	100.00	96.08	306	WP_063842248.1	class A beta-lactamase Bla1		
GCF_002552335.1		NZ_NVMB01000100.1	1579	1995	+	fosB	FosB/FosD family fosfomycin resistance bacillithiol transferase	core	AMR	AMR	FOSFOMYCIN	FOSFOMYCIN	BLASTX	139	139	100.00	98.56	139	WP_000938987.1	fosfomycin resistance bacillithiol transferase FosB2		
GCF_002552395.1		NZ_NVMD01000007.1	851642	852055	+	fosB	FosBx1 family fosfomycin resistance bacillithiol transferase	core	AMR	AMR	FOSFOMYCIN	FOSFOMYCIN	BLASTX	138	138	100.00	97.83	138	WP_000943763.1	fosfomycin resistance bacillithiol transferase FosBx1		
GCF_002552395.1		NZ_NVMD01000015.1	40368	41285	+	bla	class A beta-lactamase Bla1	core	AMR	AMR	BETA-LACTAM	BETA-LACTAM	BLASTX	306	306	100.00	95.10	306	WP_063842248.1	class A beta-lactamase Bla1		
GCF_002552395.1		NZ_NVMD01000020.1	404802	405353	+	satA	streptothricin N-acetyltransferase SatA	core	AMR	AMR	STREPTOTHRICIN	STREPTOTHRICIN	BLASTX	184	184	98.91	89.67	184	WP_000054744.1	streptothricin N-acetyltransferase SatA		
GCF_002552395.1		NZ_NVMD01000021.1	43144	44517	+	tet(45)	tetracycline efflux MFS transporter Tet(45)	core	AMR	AMR	TETRACYCLINE	TETRACYCLINE	BLASTX	458	458	100.00	91.48	458	WP_063855885.1	tetracycline efflux MFS transporter Tet(45)		
GCF_002552395.1		NZ_NVMD01000023.1	99711	100562	-	mleBCB	BCB family alpha/beta fold macrolide esterase	core	AMR	AMR	MACROLIDE	TYLOSIN	BLASTX	284	287	100.00	98.26	287	WP_459076516.1	BCB family alpha/beta fold macrolide esterase		
GCF_002552395.1		NZ_NVMD01000023.1	213138	213908	-	bla2	BcII family subclass B1 metallo-beta-lactamase	core	AMR	AMR	BETA-LACTAM	CARBAPENEM	BLASTX	257	257	100.00	96.50	257	WP_063839879.1	BcII family subclass B1 metallo-beta-lactamase		
GCF_002552395.1		NZ_NVMD01000048.1	16364	17515	-	vanS-Pt	vancomycin resistance histidine kinase VanS-Pt	core	AMR	AMR	GLYCOPEPTIDE	VANCOMYCIN	BLASTX	384	386	99.48	90.10	384	WP_063856741.1	vancomycin resistance histidine kinase VanS-Pt		
GCF_002552395.1		NZ_NVMD01000048.1	17508	18200	-	vanR-A	vancomycin resistance response regulator transcription factor VanR-A	core	AMR	AMR	GLYCOPEPTIDE	VANCOMYCIN	BLASTX	231	231	100.00	93.07	231	WP_063856721.1	vancomycin resistance response regulator transcription factor VanR-A		
GCF_002552545.1		NZ_NVON01000002.1	12331	13239	+	mphL	macrolide 2'-phosphotransferase MphL	core	AMR	AMR	MACROLIDE	MACROLIDE	BLASTX	303	303	100.00	99.67	303	WP_002047670.1	macrolide 2'-phosphotransferase MphL		
GCF_002552545.1		NZ_NVON01000005.1	29442	30212	+	bla2	BcII family subclass B1 metallo-beta-lactamase	core	AMR	AMR	BETA-LACTAM	CARBAPENEM	BLASTX	257	257	100.00	93.00	257	WP_012261328.1	BcII family subclass B1 metallo-beta-lactamase		
GCF_002552545.1		NZ_NVON01000025.1	123213	123761	+	satA	streptothricin N-acetyltransferase SatA	core	AMR	AMR	STREPTOTHRICIN	STREPTOTHRICIN	BLASTX	183	184	99.46	93.99	183	WP_000054744.1	streptothricin N-acetyltransferase SatA		
GCF_002552545.1		NZ_NVON01000061.1	58506	59423	-	bla	class A beta-lactamase Bla1	core	AMR	AMR	BETA-LACTAM	BETA-LACTAM	BLASTX	306	306	100.00	92.16	306	WP_063842248.1	class A beta-lactamase Bla1		
GCF_002552615.1		NZ_NVOP01000011.1	266525	267433	+	mphL	macrolide 2'-phosphotransferase MphL	core	AMR	AMR	MACROLIDE	MACROLIDE	EXACTX	303	303	100.00	100.00	303	WP_002047670.1	macrolide 2'-phosphotransferase MphL		
GCF_002552615.1		NZ_NVOP01000024.1	25899	26447	-	satA	streptothricin N-acetyltransferase SatA	core	AMR	AMR	STREPTOTHRICIN	STREPTOTHRICIN	BLASTX	183	184	99.46	92.35	183	WP_000054744.1	streptothricin N-acetyltransferase SatA		
GCF_002552615.1		NZ_NVOP01000069.1	437	1207	-	bla2	BcII family subclass B1 metallo-beta-lactamase	core	AMR	AMR	BETA-LACTAM	CARBAPENEM	BLASTX	257	257	100.00	93.00	257	WP_012261328.1	BcII family subclass B1 metallo-beta-lactamase		
GCF_002552615.1		NZ_NVOP01000098.1	8988	9905	-	bla	class A beta-lactamase Bla1	core	AMR	AMR	BETA-LACTAM	BETA-LACTAM	BLASTX	306	306	100.00	92.81	306	WP_063842248.1	class A beta-lactamase Bla1		
GCF_002552675.1		NZ_NVOS01000001.1	164572	165408	+	mphL	macrolide 2'-phosphotransferase MphL	core	AMR	AMR	MACROLIDE	MACROLIDE	BLASTX	279	303	92.08	98.57	279	WP_002047670.1	macrolide 2'-phosphotransferase MphL		
GCF_002552675.1		NZ_NVOS01000020.1	279153	279923	+	bla2	BcII family subclass B1 metallo-beta-lactamase	core	AMR	AMR	BETA-LACTAM	CARBAPENEM	BLASTX	257	257	100.00	93.00	257	WP_063839879.1	BcII family subclass B1 metallo-beta-lactamase		
GCF_002552675.1		NZ_NVOS01000034.1	375686	376603	-	bla	class A beta-lactamase Bla1	core	AMR	AMR	BETA-LACTAM	BETA-LACTAM	BLASTX	306	306	100.00	94.44	306	WP_063842248.1	class A beta-lactamase Bla1		
GCF_002552675.1		NZ_NVOS01000047.1	22158	22850	+	vanR-A	vancomycin resistance response regulator transcription factor VanR-A	core	AMR	AMR	GLYCOPEPTIDE	VANCOMYCIN	BLASTX	231	231	100.00	93.07	231	WP_063856721.1	vancomycin resistance response regulator transcription factor VanR-A		
GCF_002552675.1		NZ_NVOS01000047.1	22834	23994	+	vanS-Pt	vancomycin resistance histidine kinase VanS-Pt	core	AMR	AMR	GLYCOPEPTIDE	VANCOMYCIN	BLASTX	387	388	99.74	90.18	387	WP_063856742.1	vancomycin resistance histidine kinase VanS-Pt		
GCF_002552675.1		NZ_NVOS01000048.1	63172	63720	-	satA	streptothricin N-acetyltransferase SatA	core	AMR	AMR	STREPTOTHRICIN	STREPTOTHRICIN	BLASTX	183	184	99.46	92.35	183	WP_000054744.1	streptothricin N-acetyltransferase SatA		
GCF_002552675.1		NZ_NVOS01000069.1	13876	14772	+	mphM	macrolide 2'-phosphotransferase MphM	core	AMR	AMR	MACROLIDE	MACROLIDE	BLASTX	299	299	100.00	94.31	299	WP_016078774.1	macrolide 2'-phosphotransferase MphM		
GCF_002552785.1		NZ_NVPE01000007.1	32126	33034	-	mphL	macrolide 2'-phosphotransferase MphL	core	AMR	AMR	MACROLIDE	MACROLIDE	EXACTX	303	303	100.00	100.00	303	WP_002047670.1	macrolide 2'-phosphotransferase MphL		
GCF_002552785.1		NZ_NVPE01000016.1	153600	154370	+	bla2	BcII family subclass B1 metallo-beta-lactamase	core	AMR	AMR	BETA-LACTAM	CARBAPENEM	BLASTX	257	257	100.00	93.00	257	WP_012261328.1	BcII family subclass B1 metallo-beta-lactamase		
GCF_002552785.1		NZ_NVPE01000020.1	37608	38156	+	satA	streptothricin N-acetyltransferase SatA	core	AMR	AMR	STREPTOTHRICIN	STREPTOTHRICIN	BLASTX	183	184	99.46	92.35	183	WP_000054744.1	streptothricin N-acetyltransferase SatA		
GCF_002552785.1		NZ_NVPE01000119.1	4709	5626	-	bla	class A beta-lactamase Bla1	core	AMR	AMR	BETA-LACTAM	BETA-LACTAM	BLASTX	306	306	100.00	93.14	306	WP_063842248.1	class A beta-lactamase Bla1		
GCF_002552785.1		NZ_NVPE01000139.1	1	531	+	blaIII	class A beta-lactamase BlaIII	core	AMR	AMR	BETA-LACTAM	BETA-LACTAM	PARTIAL_CONTIG_ENDX	177	316	56.01	91.53	177	WP_000497840.1	class A beta-lactamase BlaIII		
GCF_002552915.1		NZ_NVKK01000004.1	438516	439433	-	bla	class A beta-lactamase Bla1	core	AMR	AMR	BETA-LACTAM	BETA-LACTAM	BLASTX	306	306	100.00	95.10	306	WP_063842248.1	class A beta-lactamase Bla1		
GCF_002552915.1		NZ_NVKK01000005.1	23675	24526	+	mleBCB	BCB family alpha/beta fold macrolide esterase	core	AMR	AMR	MACROLIDE	TYLOSIN	BLASTX	284	287	100.00	98.61	287	WP_459076516.1	BCB family alpha/beta fold macrolide esterase		
GCF_002552915.1		NZ_NVKK01000031.1	94363	94776	-	fosB	FosBx1 family fosfomycin resistance bacillithiol transferase	core	AMR	AMR	FOSFOMYCIN	FOSFOMYCIN	BLASTX	138	138	100.00	98.55	138	WP_000943763.1	fosfomycin resistance bacillithiol transferase FosBx1		
GCF_002552915.1		NZ_NVKK01000033.1	8169	9179	-	tet(45)	tetracycline efflux MFS transporter Tet(45)	core	AMR	AMR	TETRACYCLINE	TETRACYCLINE	PARTIALX	337	458	73.58	92.58	337	WP_063855885.1	tetracycline efflux MFS transporter Tet(45)		
GCF_002552915.1		NZ_NVKK01000038.1	58264	58677	+	fosB	FosB family fosfomycin resistance bacillithiol transferase	core	AMR	AMR	FOSFOMYCIN	FOSFOMYCIN	BLASTX	138	138	100.00	98.55	138	WP_063851229.1	FosB family fosfomycin resistance bacillithiol transferase		
GCF_002552915.1		NZ_NVKK01000039.1	106296	107066	-	bla2	BcII family subclass B1 metallo-beta-lactamase	core	AMR	AMR	BETA-LACTAM	CARBAPENEM	BLASTX	257	257	100.00	96.50	257	WP_063839879.1	BcII family subclass B1 metallo-beta-lactamase		
GCF_002552915.1		NZ_NVKK01000055.1	12520	13071	-	satA	streptothricin N-acetyltransferase SatA	core	AMR	AMR	STREPTOTHRICIN	STREPTOTHRICIN	BLASTX	184	184	98.91	88.59	184	WP_000054744.1	streptothricin N-acetyltransferase SatA		
GCF_002552915.1		NZ_NVKK01000073.1	12523	13215	-	vanR-A	vancomycin resistance response regulator transcription factor VanR-A	core	AMR	AMR	GLYCOPEPTIDE	VANCOMYCIN	BLASTX	231	231	100.00	93.51	231	WP_063856721.1	vancomycin resistance response regulator transcription factor VanR-A		
GCF_002552975.1		NZ_NVPO01000020.1	266186	267094	+	mphL	macrolide 2'-phosphotransferase MphL	core	AMR	AMR	MACROLIDE	MACROLIDE	BLASTX	303	303	100.00	99.67	303	WP_002047670.1	macrolide 2'-phosphotransferase MphL		
GCF_002552975.1		NZ_NVPO01000025.1	291802	292572	+	bla2	BcII family subclass B1 metallo-beta-lactamase	core	AMR	AMR	BETA-LACTAM	CARBAPENEM	BLASTX	257	257	100.00	93.00	257	WP_012261328.1	BcII family subclass B1 metallo-beta-lactamase		
GCF_002552975.1		NZ_NVPO01000042.1	8677	9573	-	mphM	macrolide 2'-phosphotransferase MphM	core	AMR	AMR	MACROLIDE	MACROLIDE	BLASTX	299	299	100.00	95.99	299	WP_016078774.1	macrolide 2'-phosphotransferase MphM		
GCF_002552975.1		NZ_NVPO01000049.1	15751	16299	-	satA	streptothricin N-acetyltransferase SatA	core	AMR	AMR	STREPTOTHRICIN	STREPTOTHRICIN	BLASTX	183	184	99.46	93.99	183	WP_000054744.1	streptothricin N-acetyltransferase SatA		
GCF_002552975.1		NZ_NVPO01000138.1	11349	12266	+	bla	class A beta-lactamase Bla1	core	AMR	AMR	BETA-LACTAM	BETA-LACTAM	BLASTX	306	306	100.00	93.14	306	WP_063842248.1	class A beta-lactamase Bla1		
GCF_002552985.1		NZ_NVKY01000005.1	45960	46511	-	satA	streptothricin N-acetyltransferase SatA	core	AMR	AMR	STREPTOTHRICIN	STREPTOTHRICIN	BLASTX	184	184	98.91	88.59	184	WP_000054744.1	streptothricin N-acetyltransferase SatA		
GCF_002552985.1		NZ_NVKY01000032.1	9588	10505	+	bla	class A beta-lactamase Bla1	core	AMR	AMR	BETA-LACTAM	BETA-LACTAM	BLASTX	306	306	100.00	96.08	306	WP_063842248.1	class A beta-lactamase Bla1		
GCF_002552985.1		NZ_NVKY01000041.1	50603	51373	-	bla2	BcII family subclass B1 metallo-beta-lactamase	core	AMR	AMR	BETA-LACTAM	CARBAPENEM	BLASTX	257	257	100.00	96.89	257	WP_063839879.1	BcII family subclass B1 metallo-beta-lactamase		
GCF_002552985.1		NZ_NVKY01000057.1	23256	24629	-	tet(45)	tetracycline efflux MFS transporter Tet(45)	core	AMR	AMR	TETRACYCLINE	TETRACYCLINE	BLASTX	458	458	100.00	91.92	458	WP_063855885.1	tetracycline efflux MFS transporter Tet(45)		
GCF_002552985.1		NZ_NVKY01000064.1	118479	118892	+	fosB	FosBx1 family fosfomycin resistance bacillithiol transferase	core	AMR	AMR	FOSFOMYCIN	FOSFOMYCIN	BLASTX	138	138	100.00	99.28	138	WP_000943763.1	fosfomycin resistance bacillithiol transferase FosBx1		
GCF_002552985.1		NZ_NVKY01000118.1	1495	2346	+	mleBCB	BCB family alpha/beta fold macrolide esterase	core	AMR	AMR	MACROLIDE	TYLOSIN	BLASTX	284	287	100.00	90.59	287	WP_459076516.1	BCB family alpha/beta fold macrolide esterase		
GCF_002552985.1		NZ_NVKY01000156.1	9889	10836	+	blaIII	class A beta-lactamase BlaIII	core	AMR	AMR	BETA-LACTAM	BETA-LACTAM	BLASTX	316	316	100.00	95.57	316	WP_000497840.1	class A beta-lactamase BlaIII		
GCF_002552995.1		NZ_NVLA01000003.1	122020	123393	-	tet(45)	tetracycline efflux MFS transporter Tet(45)	core	AMR	AMR	TETRACYCLINE	TETRACYCLINE	BLASTX	458	458	100.00	91.70	458	WP_063855885.1	tetracycline efflux MFS transporter Tet(45)		
GCF_002552995.1		NZ_NVLA01000004.1	486780	487193	-	fosB	FosBx1 family fosfomycin resistance bacillithiol transferase	core	AMR	AMR	FOSFOMYCIN	FOSFOMYCIN	BLASTX	138	138	100.00	98.55	138	WP_000943763.1	fosfomycin resistance bacillithiol transferase FosBx1		
GCF_002552995.1		NZ_NVLA01000009.1	76326	77096	+	bla2	BcII family subclass B1 metallo-beta-lactamase	core	AMR	AMR	BETA-LACTAM	CARBAPENEM	BLASTX	257	257	100.00	94.55	257	WP_063839879.1	BcII family subclass B1 metallo-beta-lactamase		
GCF_002552995.1		NZ_NVLA01000009.1	297220	297771	-	satA	streptothricin N-acetyltransferase SatA	core	AMR	AMR	STREPTOTHRICIN	STREPTOTHRICIN	BLASTX	184	184	98.91	89.67	184	WP_000054744.1	streptothricin N-acetyltransferase SatA		
GCF_002552995.1		NZ_NVLA01000015.1	551368	552285	-	bla	class A beta-lactamase Bla1	core	AMR	AMR	BETA-LACTAM	BETA-LACTAM	BLASTX	306	306	100.00	96.41	306	WP_063842248.1	class A beta-lactamase Bla1		
GCF_002552995.1		NZ_NVLA01000023.1	7220	8380	-	vanS-Pt	vancomycin resistance histidine kinase VanS-Pt	core	AMR	AMR	GLYCOPEPTIDE	VANCOMYCIN	BLASTX	387	388	99.74	90.96	387	WP_063856742.1	vancomycin resistance histidine kinase VanS-Pt		
GCF_002552995.1		NZ_NVLA01000023.1	8364	9056	-	vanR-A	vancomycin resistance response regulator transcription factor VanR-A	core	AMR	AMR	GLYCOPEPTIDE	VANCOMYCIN	BLASTX	231	231	100.00	92.64	231	WP_063856721.1	vancomycin resistance response regulator transcription factor VanR-A		
GCF_002553055.1		NZ_NVLO01000012.1	32009	32560	+	satA	streptothricin N-acetyltransferase SatA	core	AMR	AMR	STREPTOTHRICIN	STREPTOTHRICIN	BLASTX	184	184	98.91	89.67	184	WP_000054744.1	streptothricin N-acetyltransferase SatA		
GCF_002553055.1		NZ_NVLO01000014.1	75548	76921	-	tet(45)	tetracycline efflux MFS transporter Tet(45)	core	AMR	AMR	TETRACYCLINE	TETRACYCLINE	BLASTX	458	458	100.00	91.48	458	WP_063855885.1	tetracycline efflux MFS transporter Tet(45)		
GCF_002553055.1		NZ_NVLO01000023.1	480222	480635	+	fosB	FosBx1 family fosfomycin resistance bacillithiol transferase	core	AMR	AMR	FOSFOMYCIN	FOSFOMYCIN	BLASTX	138	138	100.00	97.83	138	WP_000943763.1	fosfomycin resistance bacillithiol transferase FosBx1		
GCF_002553055.1		NZ_NVLO01000033.1	101262	102032	-	bla2	BcII family subclass B1 metallo-beta-lactamase	core	AMR	AMR	BETA-LACTAM	CARBAPENEM	BLASTX	257	257	100.00	94.16	257	WP_063839879.1	BcII family subclass B1 metallo-beta-lactamase		
GCF_002553055.1		NZ_NVLO01000070.1	41970	42887	+	bla	class A beta-lactamase Bla1	core	AMR	AMR	BETA-LACTAM	BETA-LACTAM	BLASTX	306	306	100.00	95.42	306	WP_063842248.1	class A beta-lactamase Bla1		
GCF_002553055.1		NZ_NVLO01000094.1	3891	4742	+	mleBCB	BCB family alpha/beta fold macrolide esterase	core	AMR	AMR	MACROLIDE	TYLOSIN	BLASTX	284	287	100.00	98.26	287	WP_459076516.1	BCB family alpha/beta fold macrolide esterase		
GCF_002553105.1		NZ_NVMF01000002.1	135078	135491	+	fosB	FosBx1 family fosfomycin resistance bacillithiol transferase	core	AMR	AMR	FOSFOMYCIN	FOSFOMYCIN	BLASTX	138	138	100.00	97.10	138	WP_000943763.1	fosfomycin resistance bacillithiol transferase FosBx1		
GCF_002553105.1		NZ_NVMF01000007.1	68663	69214	+	satA	streptothricin N-acetyltransferase SatA	core	AMR	AMR	STREPTOTHRICIN	STREPTOTHRICIN	BLASTX	184	184	98.91	89.67	184	WP_000054744.1	streptothricin N-acetyltransferase SatA		
GCF_002553105.1		NZ_NVMF01000007.1	325108	325620	-	bla2	BcII family subclass B1 metallo-beta-lactamase	core	AMR	AMR	BETA-LACTAM	CARBAPENEM	PARTIALX	171	257	66.54	91.81	171	WP_012261328.1	BcII family subclass B1 metallo-beta-lactamase		
GCF_002553105.1		NZ_NVMF01000045.1	2841	3758	+	bla	class A beta-lactamase Bla1	core	AMR	AMR	BETA-LACTAM	BETA-LACTAM	BLASTX	306	306	100.00	96.41	306	WP_063842248.1	class A beta-lactamase Bla1		
GCF_002553315.1		NZ_NVNF01000006.1	27433	28806	+	tet(45)	tetracycline efflux MFS transporter Tet(45)	core	AMR	AMR	TETRACYCLINE	TETRACYCLINE	BLASTX	458	458	100.00	91.48	458	WP_063855885.1	tetracycline efflux MFS transporter Tet(45)		
GCF_002553315.1		NZ_NVNF01000027.1	16231	17382	-	vanS-Pt	vancomycin resistance histidine kinase VanS-Pt	core	AMR	AMR	GLYCOPEPTIDE	VANCOMYCIN	BLASTX	384	386	99.48	90.10	384	WP_063856741.1	vancomycin resistance histidine kinase VanS-Pt		
GCF_002553315.1		NZ_NVNF01000027.1	17375	18067	-	vanR-A	vancomycin resistance response regulator transcription factor VanR-A	core	AMR	AMR	GLYCOPEPTIDE	VANCOMYCIN	BLASTX	231	231	100.00	93.51	231	WP_063856721.1	vancomycin resistance response regulator transcription factor VanR-A		
GCF_002553315.1		NZ_NVNF01000049.1	24272	24823	-	satA	streptothricin N-acetyltransferase SatA	core	AMR	AMR	STREPTOTHRICIN	STREPTOTHRICIN	BLASTX	184	184	98.91	89.67	184	WP_000054744.1	streptothricin N-acetyltransferase SatA		
GCF_002553315.1		NZ_NVNF01000051.1	5290	6141	-	mleBCB	BCB family alpha/beta fold macrolide esterase	core	AMR	AMR	MACROLIDE	TYLOSIN	BLASTX	284	287	100.00	98.26	287	WP_459076516.1	BCB family alpha/beta fold macrolide esterase		
GCF_002553315.1		NZ_NVNF01000061.1	27863	28276	-	fosB	FosBx1 family fosfomycin resistance bacillithiol transferase	core	AMR	AMR	FOSFOMYCIN	FOSFOMYCIN	BLASTX	138	138	100.00	97.83	138	WP_000943763.1	fosfomycin resistance bacillithiol transferase FosBx1		
GCF_002553315.1		NZ_NVNF01000118.1	30111	30881	-	bla2	BcII family subclass B1 metallo-beta-lactamase	core	AMR	AMR	BETA-LACTAM	CARBAPENEM	BLASTX	257	257	100.00	96.50	257	WP_063839879.1	BcII family subclass B1 metallo-beta-lactamase		
GCF_002553315.1		NZ_NVNF01000120.1	5265	6182	-	bla	class A beta-lactamase Bla1	core	AMR	AMR	BETA-LACTAM	BETA-LACTAM	BLASTX	306	306	100.00	95.10	306	WP_063842248.1	class A beta-lactamase Bla1		
GCF_002553325.1		NZ_NVOT01000001.1	553089	553997	-	mphL	macrolide 2'-phosphotransferase MphL	core	AMR	AMR	MACROLIDE	MACROLIDE	BLASTX	303	303	100.00	99.34	303	WP_002047670.1	macrolide 2'-phosphotransferase MphL		
GCF_002553325.1		NZ_NVOT01000006.1	291769	292539	+	bla2	BcII family subclass B1 metallo-beta-lactamase	core	AMR	AMR	BETA-LACTAM	CARBAPENEM	BLASTX	257	257	100.00	93.00	257	WP_012261328.1	BcII family subclass B1 metallo-beta-lactamase		
GCF_002553325.1		NZ_NVOT01000044.1	10464	11012	+	satA	streptothricin N-acetyltransferase SatA	core	AMR	AMR	STREPTOTHRICIN	STREPTOTHRICIN	BLASTX	183	184	99.46	92.35	183	WP_000054744.1	streptothricin N-acetyltransferase SatA		
GCF_002553325.1		NZ_NVOT01000062.1	1976	2893	-	bla	class A beta-lactamase Bla1	core	AMR	AMR	BETA-LACTAM	BETA-LACTAM	BLASTX	306	306	100.00	93.14	306	WP_063842248.1	class A beta-lactamase Bla1		
GCF_002553375.1		NZ_NVPC01000025.1	37506	38054	+	satA	streptothricin N-acetyltransferase SatA	core	AMR	AMR	STREPTOTHRICIN	STREPTOTHRICIN	BLASTX	183	184	99.46	92.35	183	WP_000054744.1	streptothricin N-acetyltransferase SatA		
GCF_002553375.1		NZ_NVPC01000029.1	284482	285252	+	bla2	BcII family subclass B1 metallo-beta-lactamase	core	AMR	AMR	BETA-LACTAM	CARBAPENEM	INTERNAL_STOP	257	257	100.00	92.61	257	WP_012261328.1	BcII family subclass B1 metallo-beta-lactamase		
GCF_002553375.1		NZ_NVPC01000060.1	159140	160048	-	mphL	macrolide 2'-phosphotransferase MphL	core	AMR	AMR	MACROLIDE	MACROLIDE	EXACTX	303	303	100.00	100.00	303	WP_002047670.1	macrolide 2'-phosphotransferase MphL		
GCF_002553375.1		NZ_NVPC01000062.1	9687	10604	+	bla	class A beta-lactamase Bla1	core	AMR	AMR	BETA-LACTAM	BETA-LACTAM	BLASTX	306	306	100.00	93.14	306	WP_063842248.1	class A beta-lactamase Bla1		
GCF_002554865.1		NZ_NUCE01000019.1	46007	46555	+	satA	streptothricin N-acetyltransferase SatA	core	AMR	AMR	STREPTOTHRICIN	STREPTOTHRICIN	BLASTX	183	184	99.46	92.35	183	WP_000054744.1	streptothricin N-acetyltransferase SatA		
GCF_002554865.1		NZ_NUCE01000036.1	62354	63190	+	mphL	macrolide 2'-phosphotransferase MphL	core	AMR	AMR	MACROLIDE	MACROLIDE	BLASTX	279	303	92.08	98.57	279	WP_002047670.1	macrolide 2'-phosphotransferase MphL		
GCF_002554865.1		NZ_NUCE01000042.1	9234	10151	+	bla	class A beta-lactamase Bla1	core	AMR	AMR	BETA-LACTAM	BETA-LACTAM	BLASTX	306	306	100.00	94.44	306	WP_063842248.1	class A beta-lactamase Bla1		
GCF_002554865.1		NZ_NUCE01000062.1	10153	10923	+	bla2	BcII family subclass B1 metallo-beta-lactamase	core	AMR	AMR	BETA-LACTAM	CARBAPENEM	BLASTX	257	257	100.00	93.00	257	WP_063839879.1	BcII family subclass B1 metallo-beta-lactamase		
GCF_002555155.1		NZ_NUDB01000006.1	365087	365500	+	fosB	FosBx1 family fosfomycin resistance bacillithiol transferase	core	AMR	AMR	FOSFOMYCIN	FOSFOMYCIN	BLASTX	138	138	100.00	94.20	138	WP_000943763.1	fosfomycin resistance bacillithiol transferase FosBx1		
GCF_002555155.1		NZ_NUDB01000011.1	67224	67772	-	satA	streptothricin N-acetyltransferase SatA	core	AMR	AMR	STREPTOTHRICIN	STREPTOTHRICIN	BLASTX	183	184	98.91	79.78	183	WP_000054744.1	streptothricin N-acetyltransferase SatA		
GCF_002555155.1		NZ_NUDB01000017.1	16687	17538	+	mleBCB	BCB family alpha/beta fold macrolide esterase	core	AMR	AMR	MACROLIDE	TYLOSIN	BLASTX	284	287	100.00	96.17	287	WP_459076516.1	BCB family alpha/beta fold macrolide esterase		
GCF_002555155.1		NZ_NUDB01000018.1	152594	153445	+	mleBCA	BCA family alpha/beta fold macrolide esterase	core	AMR	AMR	MACROLIDE	TYLOSIN	BLASTX	284	287	98.95	94.37	284	WP_000140039.1	BCA family alpha/beta fold macrolide esterase		
GCF_002555155.1		NZ_NUDB01000028.1	37997	38689	+	vanR-A	vancomycin resistance response regulator transcription factor VanR-A	core	AMR	AMR	GLYCOPEPTIDE	VANCOMYCIN	BLASTX	231	231	100.00	92.64	231	WP_063856721.1	vancomycin resistance response regulator transcription factor VanR-A		
GCF_002555155.1		NZ_NUDB01000028.1	38670	39833	+	vanS-Pt	vancomycin resistance histidine kinase VanS-Pt	core	AMR	AMR	GLYCOPEPTIDE	VANCOMYCIN	BLASTX	388	386	100.00	92.27	388	WP_063856741.1	vancomycin resistance histidine kinase VanS-Pt		
GCF_002555155.1		NZ_NUDB01000029.1	16795	17565	+	bla2	BcII family subclass B1 metallo-beta-lactamase	core	AMR	AMR	BETA-LACTAM	CARBAPENEM	BLASTX	257	257	100.00	95.72	257	WP_012261328.1	BcII family subclass B1 metallo-beta-lactamase		
GCF_002555265.1		NZ_NUDD01000008.1	6811	7728	-	bla	class A beta-lactamase Bla1	core	AMR	AMR	BETA-LACTAM	BETA-LACTAM	BLASTX	306	306	100.00	90.85	306	WP_003171307.1	class A beta-lactamase Bla1		
GCF_002555265.1		NZ_NUDD01000012.1	59317	60168	-	mleBCA	BCA family alpha/beta fold macrolide esterase	core	AMR	AMR	MACROLIDE	TYLOSIN	BLASTX	284	287	98.95	93.66	284	WP_000140039.1	BCA family alpha/beta fold macrolide esterase		
GCF_002555265.1		NZ_NUDD01000018.1	56187	56954	+	bla2	BcII family subclass B1 metallo-beta-lactamase	core	AMR	AMR	BETA-LACTAM	CARBAPENEM	BLASTX	256	256	100.00	92.19	256	WP_000799232.1	BcII family subclass B1 metallo-beta-lactamase		
GCF_002555265.1		NZ_NUDD01000021.1	39534	39887	-	fosB	FosB family fosfomycin resistance bacillithiol transferase	core	AMR	AMR	FOSFOMYCIN	FOSFOMYCIN	PARTIALX	118	138	85.51	95.76	118	WP_063851229.1	FosB family fosfomycin resistance bacillithiol transferase		
GCF_002555265.1		NZ_NUDD01000026.1	84515	84928	+	fosB	FosBx1 family fosfomycin resistance bacillithiol transferase	core	AMR	AMR	FOSFOMYCIN	FOSFOMYCIN	BLASTX	138	138	100.00	93.48	138	WP_000943763.1	fosfomycin resistance bacillithiol transferase FosBx1		
GCF_002555265.1		NZ_NUDD01000043.1	56196	56744	+	satA	streptothricin N-acetyltransferase SatA	core	AMR	AMR	STREPTOTHRICIN	STREPTOTHRICIN	BLASTX	183	184	98.91	79.78	183	WP_000054744.1	streptothricin N-acetyltransferase SatA		
GCF_002555305.1		NZ_NUDK01000002.1	180378	181229	-	mleBCB	BCB family alpha/beta fold macrolide esterase	core	AMR	AMR	MACROLIDE	TYLOSIN	BLASTX	284	287	100.00	96.17	287	WP_459076516.1	BCB family alpha/beta fold macrolide esterase		
GCF_002555305.1		NZ_NUDK01000002.1	268188	268958	-	bla2	BcII family subclass B1 metallo-beta-lactamase	core	AMR	AMR	BETA-LACTAM	CARBAPENEM	BLASTX	257	257	100.00	95.72	257	WP_012261328.1	BcII family subclass B1 metallo-beta-lactamase		
GCF_002555305.1		NZ_NUDK01000007.1	273407	274258	-	mleBCA	BCA family alpha/beta fold macrolide esterase	core	AMR	AMR	MACROLIDE	TYLOSIN	BLASTX	284	287	98.95	94.37	284	WP_000140039.1	BCA family alpha/beta fold macrolide esterase		
GCF_002555305.1		NZ_NUDK01000008.1	5237	6400	-	vanS-Pt	vancomycin resistance histidine kinase VanS-Pt	core	AMR	AMR	GLYCOPEPTIDE	VANCOMYCIN	BLASTX	388	386	100.00	92.53	388	WP_063856741.1	vancomycin resistance histidine kinase VanS-Pt		
GCF_002555305.1		NZ_NUDK01000008.1	6381	7073	-	vanR-A	vancomycin resistance response regulator transcription factor VanR-A	core	AMR	AMR	GLYCOPEPTIDE	VANCOMYCIN	BLASTX	231	231	100.00	92.64	231	WP_063856721.1	vancomycin resistance response regulator transcription factor VanR-A		
GCF_002555305.1		NZ_NUDK01000031.1	16151	16564	-	fosB	FosBx1 family fosfomycin resistance bacillithiol transferase	core	AMR	AMR	FOSFOMYCIN	FOSFOMYCIN	BLASTX	138	138	100.00	94.20	138	WP_000943763.1	fosfomycin resistance bacillithiol transferase FosBx1		
GCF_002555385.1		NZ_NUDL01000014.1	22756	23520	+	bla2	BcII family subclass B1 metallo-beta-lactamase	core	AMR	AMR	BETA-LACTAM	CARBAPENEM	BLASTX	255	257	99.22	94.51	255	WP_012261328.1	BcII family subclass B1 metallo-beta-lactamase		
GCF_002555385.1		NZ_NUDL01000019.1	6311	7207	-	mphM	macrolide 2'-phosphotransferase MphM	core	AMR	AMR	MACROLIDE	MACROLIDE	BLASTX	299	299	100.00	95.65	299	WP_016078774.1	macrolide 2'-phosphotransferase MphM		
GCF_002555385.1		NZ_NUDL01000020.1	3624	4562	-	blaIII	class A beta-lactamase BlaIII	core	AMR	AMR	BETA-LACTAM	BETA-LACTAM	BLASTX	313	316	100.00	90.51	316	WP_000497840.1	class A beta-lactamase BlaIII		
GCF_002555385.1		NZ_NUDL01000031.1	7241	7786	-	satA	streptothricin N-acetyltransferase SatA	core	AMR	AMR	STREPTOTHRICIN	STREPTOTHRICIN	BLASTX	182	184	98.91	92.31	182	WP_000054744.1	streptothricin N-acetyltransferase SatA		
GCF_002555385.1		NZ_NUDL01000060.1	41737	42588	-	mleBCA	BCA family alpha/beta fold macrolide esterase	core	AMR	AMR	MACROLIDE	TYLOSIN	BLASTX	284	287	98.95	94.01	284	WP_000140039.1	BCA family alpha/beta fold macrolide esterase		
GCF_002555385.1		NZ_NUDL01000113.1	7260	7613	-	fosB	FosB family fosfomycin resistance bacillithiol transferase	core	AMR	AMR	FOSFOMYCIN	FOSFOMYCIN	PARTIALX	118	138	85.51	95.76	118	WP_063851229.1	FosB family fosfomycin resistance bacillithiol transferase		
GCF_002555385.1		NZ_NUDL01000168.1	432	1349	-	bla	class A beta-lactamase Bla1	core	AMR	AMR	BETA-LACTAM	BETA-LACTAM	BLASTX	306	306	100.00	90.85	306	WP_003171307.1	class A beta-lactamase Bla1		
GCF_002555385.1		NZ_NUDL01000180.1	1338	1886	-	satA	streptothricin N-acetyltransferase SatA	core	AMR	AMR	STREPTOTHRICIN	STREPTOTHRICIN	BLASTX	183	184	98.91	79.78	183	WP_000054744.1	streptothricin N-acetyltransferase SatA		
GCF_002555545.1		NZ_NUDP01000269.1	11755	12795	+	clbA	23S rRNA (adenine(2503)-C(8))-methyltransferase ClbA	core	AMR	AMR	LINCOSAMIDE/MACROLIDE/STREPTOGRAMIN	LINCOSAMIDE/MACROLIDE/STREPTOGRAMIN	BLASTX	347	349	99.43	92.22	347	WP_012116915.1	23S rRNA (adenine(2503)-C(8))-methyltransferase ClbA		
GCF_002555585.1		NZ_NUDS01000012.1	48517	49065	-	satA	streptothricin N-acetyltransferase SatA	core	AMR	AMR	STREPTOTHRICIN	STREPTOTHRICIN	BLASTX	183	184	99.46	91.80	183	WP_000054744.1	streptothricin N-acetyltransferase SatA		
GCF_002555585.1		NZ_NUDS01000024.1	28100	28870	+	bla2	BcII family subclass B1 metallo-beta-lactamase	core	AMR	AMR	BETA-LACTAM	CARBAPENEM	BLASTX	257	257	100.00	93.00	257	WP_063839879.1	BcII family subclass B1 metallo-beta-lactamase		
GCF_002555585.1		NZ_NUDS01000039.1	8633	9325	+	vanR-A	vancomycin resistance response regulator transcription factor VanR-A	core	AMR	AMR	GLYCOPEPTIDE	VANCOMYCIN	BLASTX	231	231	100.00	93.07	231	WP_063856721.1	vancomycin resistance response regulator transcription factor VanR-A		
GCF_002555585.1		NZ_NUDS01000039.1	9309	10469	+	vanS-Pt	vancomycin resistance histidine kinase VanS-Pt	core	AMR	AMR	GLYCOPEPTIDE	VANCOMYCIN	BLASTX	387	388	99.74	90.18	387	WP_063856742.1	vancomycin resistance histidine kinase VanS-Pt		
GCF_002555585.1		NZ_NUDS01000045.1	18770	19666	+	mphM	macrolide 2'-phosphotransferase MphM	core	AMR	AMR	MACROLIDE	MACROLIDE	BLASTX	299	299	100.00	93.31	299	WP_016078774.1	macrolide 2'-phosphotransferase MphM		
GCF_002555585.1		NZ_NUDS01000052.1	582	1418	-	mphL	macrolide 2'-phosphotransferase MphL	core	AMR	AMR	MACROLIDE	MACROLIDE	BLASTX	279	303	92.08	98.21	279	WP_002047670.1	macrolide 2'-phosphotransferase MphL		
GCF_002555585.1		NZ_NUDS01000105.1	24330	25247	-	bla	class A beta-lactamase Bla1	core	AMR	AMR	BETA-LACTAM	BETA-LACTAM	BLASTX	306	306	100.00	94.44	306	WP_063842248.1	class A beta-lactamase Bla1		
GCF_002555615.1		NZ_NUDQ01000069.1	234	1274	-	clbA	23S rRNA (adenine(2503)-C(8))-methyltransferase ClbA	core	AMR	AMR	LINCOSAMIDE/MACROLIDE/STREPTOGRAMIN	LINCOSAMIDE/MACROLIDE/STREPTOGRAMIN	BLASTX	347	349	99.43	91.93	347	WP_012116915.1	23S rRNA (adenine(2503)-C(8))-methyltransferase ClbA		
GCF_002555735.1		NZ_NUEA01000003.1	159624	160037	-	fosB	FosBx1 family fosfomycin resistance bacillithiol transferase	core	AMR	AMR	FOSFOMYCIN	FOSFOMYCIN	BLASTX	138	138	100.00	93.48	138	WP_000943763.1	fosfomycin resistance bacillithiol transferase FosBx1		
GCF_002555735.1		NZ_NUEA01000005.1	56234	57001	+	bla2	BcII family subclass B1 metallo-beta-lactamase	core	AMR	AMR	BETA-LACTAM	CARBAPENEM	BLASTX	256	256	100.00	92.19	256	WP_000799232.1	BcII family subclass B1 metallo-beta-lactamase		
GCF_002555735.1		NZ_NUEA01000016.1	212674	213525	+	mleBCA	BCA family alpha/beta fold macrolide esterase	core	AMR	AMR	MACROLIDE	TYLOSIN	BLASTX	284	287	98.95	93.66	284	WP_000140039.1	BCA family alpha/beta fold macrolide esterase		
GCF_002555735.1		NZ_NUEA01000022.1	39534	39887	-	fosB	FosB family fosfomycin resistance bacillithiol transferase	core	AMR	AMR	FOSFOMYCIN	FOSFOMYCIN	PARTIALX	118	138	85.51	95.76	118	WP_063851229.1	FosB family fosfomycin resistance bacillithiol transferase		
GCF_002555735.1		NZ_NUEA01000106.1	6811	7728	-	bla	class A beta-lactamase Bla1	core	AMR	AMR	BETA-LACTAM	BETA-LACTAM	BLASTX	306	306	100.00	90.85	306	WP_003171307.1	class A beta-lactamase Bla1		
GCF_002555735.1		NZ_NUEA01000108.1	10269	10817	+	satA	streptothricin N-acetyltransferase SatA	core	AMR	AMR	STREPTOTHRICIN	STREPTOTHRICIN	BLASTX	183	184	98.91	79.78	183	WP_000054744.1	streptothricin N-acetyltransferase SatA		
GCF_002555785.1		NZ_NUDZ01000064.1	11755	12795	+	clbA	23S rRNA (adenine(2503)-C(8))-methyltransferase ClbA	core	AMR	AMR	LINCOSAMIDE/MACROLIDE/STREPTOGRAMIN	LINCOSAMIDE/MACROLIDE/STREPTOGRAMIN	BLASTX	347	349	99.43	92.22	347	WP_012116915.1	23S rRNA (adenine(2503)-C(8))-methyltransferase ClbA		
GCF_002555905.1		NZ_NUEF01000006.1	26673	27221	+	satA	streptothricin N-acetyltransferase SatA	core	AMR	AMR	STREPTOTHRICIN	STREPTOTHRICIN	BLASTX	183	184	99.46	93.99	183	WP_000054744.1	streptothricin N-acetyltransferase SatA		
GCF_002555905.1		NZ_NUEF01000039.1	13084	13992	+	mphL	macrolide 2'-phosphotransferase MphL	core	AMR	AMR	MACROLIDE	MACROLIDE	BLASTX	303	303	100.00	99.01	303	WP_002047670.1	macrolide 2'-phosphotransferase MphL		
GCF_002555905.1		NZ_NUEF01000042.1	60932	61849	+	bla	class A beta-lactamase Bla1	core	AMR	AMR	BETA-LACTAM	BETA-LACTAM	BLASTX	306	306	100.00	91.83	306	WP_063842248.1	class A beta-lactamase Bla1		
GCF_002555905.1		NZ_NUEF01000049.1	13661	14431	-	bla2	BcII family subclass B1 metallo-beta-lactamase	core	AMR	AMR	BETA-LACTAM	CARBAPENEM	BLASTX	257	257	100.00	93.00	257	WP_012261328.1	BcII family subclass B1 metallo-beta-lactamase		
GCF_002555915.1		NZ_NUEK01000001.1	285940	286848	+	mphL	macrolide 2'-phosphotransferase MphL	core	AMR	AMR	MACROLIDE	MACROLIDE	BLASTX	303	303	100.00	99.34	303	WP_002047670.1	macrolide 2'-phosphotransferase MphL		
GCF_002555915.1		NZ_NUEK01000023.1	19643	20413	+	bla2	BcII family subclass B1 metallo-beta-lactamase	core	AMR	AMR	BETA-LACTAM	CARBAPENEM	BLASTX	257	257	100.00	93.00	257	WP_012261328.1	BcII family subclass B1 metallo-beta-lactamase		
GCF_002555915.1		NZ_NUEK01000091.1	35398	35946	+	satA	streptothricin N-acetyltransferase SatA	core	AMR	AMR	STREPTOTHRICIN	STREPTOTHRICIN	BLASTX	183	184	99.46	92.35	183	WP_000054744.1	streptothricin N-acetyltransferase SatA		
GCF_002555915.1		NZ_NUEK01000110.1	11364	12281	+	bla	class A beta-lactamase Bla1	core	AMR	AMR	BETA-LACTAM	BETA-LACTAM	BLASTX	306	306	100.00	93.14	306	WP_063842248.1	class A beta-lactamase Bla1		
GCF_002555945.1		NZ_NUEL01000014.1	108757	109608	-	mleBCA	BCA family alpha/beta fold macrolide esterase	core	AMR	AMR	MACROLIDE	TYLOSIN	BLASTX	284	287	98.95	94.37	284	WP_000140039.1	BCA family alpha/beta fold macrolide esterase		
GCF_002555945.1		NZ_NUEL01000019.1	10323	11240	-	bla	class A beta-lactamase Bla1	core	AMR	AMR	BETA-LACTAM	BETA-LACTAM	BLASTX	306	306	100.00	90.85	306	WP_003171307.1	class A beta-lactamase Bla1		
GCF_002555945.1		NZ_NUEL01000020.1	98436	99203	-	bla2	BcII family subclass B1 metallo-beta-lactamase	core	AMR	AMR	BETA-LACTAM	CARBAPENEM	BLASTX	256	256	100.00	92.58	256	WP_000799232.1	BcII family subclass B1 metallo-beta-lactamase		
GCF_002555945.1		NZ_NUEL01000033.1	51168	51860	+	vanR-A	vancomycin resistance response regulator transcription factor VanR-A	core	AMR	AMR	GLYCOPEPTIDE	VANCOMYCIN	BLASTX	231	231	100.00	92.21	231	WP_063856721.1	vancomycin resistance response regulator transcription factor VanR-A		
GCF_002555945.1		NZ_NUEL01000039.1	25005	25553	-	satA	streptothricin N-acetyltransferase SatA	core	AMR	AMR	STREPTOTHRICIN	STREPTOTHRICIN	BLASTX	183	184	99.46	89.07	183	WP_000054744.1	streptothricin N-acetyltransferase SatA		
GCF_002555945.1		NZ_NUEL01000041.1	15933	16346	-	fosB	FosBx1 family fosfomycin resistance bacillithiol transferase	core	AMR	AMR	FOSFOMYCIN	FOSFOMYCIN	BLASTX	138	138	100.00	90.58	138	WP_000943763.1	fosfomycin resistance bacillithiol transferase FosBx1		
GCF_002555955.1		NZ_NUEH01000002.1	11977	12885	+	mphL	macrolide 2'-phosphotransferase MphL	core	AMR	AMR	MACROLIDE	MACROLIDE	EXACTX	303	303	100.00	100.00	303	WP_002047670.1	macrolide 2'-phosphotransferase MphL		
GCF_002555955.1		NZ_NUEH01000058.1	84101	84871	+	bla2	BcII family subclass B1 metallo-beta-lactamase	core	AMR	AMR	BETA-LACTAM	CARBAPENEM	BLASTX	257	257	100.00	93.00	257	WP_063839879.1	BcII family subclass B1 metallo-beta-lactamase		
GCF_002555955.1		NZ_NUEH01000069.1	2810	3727	+	bla	class A beta-lactamase Bla1	core	AMR	AMR	BETA-LACTAM	BETA-LACTAM	BLASTX	306	306	100.00	93.46	306	WP_063842248.1	class A beta-lactamase Bla1		
GCF_002555955.1		NZ_NUEH01000081.1	1656	2507	-	mleBCB	BCB family alpha/beta fold macrolide esterase	core	AMR	AMR	MACROLIDE	TYLOSIN	BLASTX	284	287	100.00	91.64	287	WP_459076516.1	BCB family alpha/beta fold macrolide esterase		
GCF_002555955.1		NZ_NUEH01000084.1	34619	35164	+	satA	streptothricin N-acetyltransferase SatA	core	AMR	AMR	STREPTOTHRICIN	STREPTOTHRICIN	BLASTX	182	184	98.91	92.86	182	WP_000054744.1	streptothricin N-acetyltransferase SatA		
GCF_002556085.1		NZ_NUEV01000003.1	72030	72881	+	mleBCA	BCA family alpha/beta fold macrolide esterase	core	AMR	AMR	MACROLIDE	TYLOSIN	BLASTX	284	287	98.95	93.31	284	WP_000140039.1	BCA family alpha/beta fold macrolide esterase		
GCF_002556085.1		NZ_NUEV01000044.1	39692	40609	+	bla	class A beta-lactamase Bla1	core	AMR	AMR	BETA-LACTAM	BETA-LACTAM	BLASTX	306	306	100.00	90.85	306	WP_003171307.1	class A beta-lactamase Bla1		
GCF_002556085.1		NZ_NUEV01000116.1	12223	12636	-	fosB	FosBx1 family fosfomycin resistance bacillithiol transferase	core	AMR	AMR	FOSFOMYCIN	FOSFOMYCIN	BLASTX	138	138	100.00	92.75	138	WP_000943763.1	fosfomycin resistance bacillithiol transferase FosBx1		
GCF_002556205.1		NZ_NUFE01000229.1	233	1273	-	clbA	23S rRNA (adenine(2503)-C(8))-methyltransferase ClbA	core	AMR	AMR	LINCOSAMIDE/MACROLIDE/STREPTOGRAMIN	LINCOSAMIDE/MACROLIDE/STREPTOGRAMIN	BLASTX	347	349	99.43	91.93	347	WP_012116915.1	23S rRNA (adenine(2503)-C(8))-methyltransferase ClbA		
GCF_002556265.1		NZ_NUFD01000016.1	130435	130980	+	satA	streptothricin N-acetyltransferase SatA	core	AMR	AMR	STREPTOTHRICIN	STREPTOTHRICIN	BLASTX	182	184	98.91	92.86	182	WP_000054744.1	streptothricin N-acetyltransferase SatA		
GCF_002556265.1		NZ_NUFD01000019.1	9283	10200	+	bla	class A beta-lactamase Bla1	core	AMR	AMR	BETA-LACTAM	BETA-LACTAM	BLASTX	306	306	100.00	93.79	306	WP_063842248.1	class A beta-lactamase Bla1		
GCF_002556265.1		NZ_NUFD01000043.1	261700	262608	-	mphL	macrolide 2'-phosphotransferase MphL	core	AMR	AMR	MACROLIDE	MACROLIDE	BLASTX	303	303	100.00	99.67	303	WP_002047670.1	macrolide 2'-phosphotransferase MphL		
GCF_002556265.1		NZ_NUFD01000080.1	16005	16775	-	bla2	BcII family subclass B1 metallo-beta-lactamase	core	AMR	AMR	BETA-LACTAM	CARBAPENEM	BLASTX	257	257	100.00	92.61	257	WP_063839879.1	BcII family subclass B1 metallo-beta-lactamase		
GCF_002556425.1		NZ_NUER01000020.1	60873	61790	+	bla	class A beta-lactamase Bla1	core	AMR	AMR	BETA-LACTAM	BETA-LACTAM	BLASTX	306	306	100.00	90.85	306	WP_063842248.1	class A beta-lactamase Bla1		
GCF_002556425.1		NZ_NUER01000029.1	24480	25427	+	blaIII	class A beta-lactamase BlaIII	core	AMR	AMR	BETA-LACTAM	BETA-LACTAM	BLASTX	316	316	100.00	91.14	316	WP_000497840.1	class A beta-lactamase BlaIII		
GCF_002556425.1		NZ_NUER01000033.1	96120	96971	-	mleBCA	BCA family alpha/beta fold macrolide esterase	core	AMR	AMR	MACROLIDE	TYLOSIN	BLASTX	284	287	98.95	95.07	284	WP_000140039.1	BCA family alpha/beta fold macrolide esterase		
GCF_002556425.1		NZ_NUER01000035.1	10484	11032	+	satA	streptothricin N-acetyltransferase SatA	core	AMR	AMR	STREPTOTHRICIN	STREPTOTHRICIN	BLASTX	183	184	98.91	79.78	183	WP_000054744.1	streptothricin N-acetyltransferase SatA		
GCF_002556425.1		NZ_NUER01000059.1	2971	3738	-	bla2	BcII family subclass B1 metallo-beta-lactamase	core	AMR	AMR	BETA-LACTAM	CARBAPENEM	BLASTX	256	256	100.00	94.14	256	WP_000799232.1	BcII family subclass B1 metallo-beta-lactamase		
GCF_002556825.1		NZ_NUAQ01000001.1	39893	40246	+	fosB	FosB family fosfomycin resistance bacillithiol transferase	core	AMR	AMR	FOSFOMYCIN	FOSFOMYCIN	PARTIALX	118	138	85.51	95.76	118	WP_063851229.1	FosB family fosfomycin resistance bacillithiol transferase		
GCF_002556825.1		NZ_NUAQ01000005.1	143058	143471	+	fosB	FosBx1 family fosfomycin resistance bacillithiol transferase	core	AMR	AMR	FOSFOMYCIN	FOSFOMYCIN	BLASTX	138	138	100.00	93.48	138	WP_000943763.1	fosfomycin resistance bacillithiol transferase FosBx1		
GCF_002556825.1		NZ_NUAQ01000013.1	6811	7728	-	bla	class A beta-lactamase Bla1	core	AMR	AMR	BETA-LACTAM	BETA-LACTAM	BLASTX	306	306	100.00	90.85	306	WP_003171307.1	class A beta-lactamase Bla1		
GCF_002556825.1		NZ_NUAQ01000018.1	56230	56778	+	satA	streptothricin N-acetyltransferase SatA	core	AMR	AMR	STREPTOTHRICIN	STREPTOTHRICIN	BLASTX	183	184	98.91	79.78	183	WP_000054744.1	streptothricin N-acetyltransferase SatA		
GCF_002556825.1		NZ_NUAQ01000060.1	7182	7949	-	bla2	BcII family subclass B1 metallo-beta-lactamase	core	AMR	AMR	BETA-LACTAM	CARBAPENEM	BLASTX	256	256	100.00	92.19	256	WP_000799232.1	BcII family subclass B1 metallo-beta-lactamase		
GCF_002556825.1		NZ_NUAQ01000075.1	8297	9148	-	mleBCA	BCA family alpha/beta fold macrolide esterase	core	AMR	AMR	MACROLIDE	TYLOSIN	BLASTX	284	287	98.95	93.66	284	WP_000140039.1	BCA family alpha/beta fold macrolide esterase		
GCF_002556885.1		NZ_NUAO01000004.1	117938	118486	+	satA	streptothricin N-acetyltransferase SatA	core	AMR	AMR	STREPTOTHRICIN	STREPTOTHRICIN	BLASTX	183	184	99.46	92.35	183	WP_000054744.1	streptothricin N-acetyltransferase SatA		
GCF_002556885.1		NZ_NUAO01000004.1	356630	357400	-	bla2	BcII family subclass B1 metallo-beta-lactamase	core	AMR	AMR	BETA-LACTAM	CARBAPENEM	BLASTX	257	257	100.00	93.00	257	WP_012261328.1	BcII family subclass B1 metallo-beta-lactamase		
GCF_002556885.1		NZ_NUAO01000021.1	121855	122772	-	bla	class A beta-lactamase Bla1	core	AMR	AMR	BETA-LACTAM	BETA-LACTAM	BLASTX	306	306	100.00	93.14	306	WP_063842248.1	class A beta-lactamase Bla1		
GCF_002556885.1		NZ_NUAO01000025.1	32126	33034	-	mphL	macrolide 2'-phosphotransferase MphL	core	AMR	AMR	MACROLIDE	MACROLIDE	BLASTX	303	303	100.00	99.67	303	WP_002047670.1	macrolide 2'-phosphotransferase MphL		
GCF_002556905.1		NZ_NUAT01000005.1	38261	39112	+	mleBCA	BCA family alpha/beta fold macrolide esterase	core	AMR	AMR	MACROLIDE	TYLOSIN	BLASTX	284	287	98.95	93.31	284	WP_000140039.1	BCA family alpha/beta fold macrolide esterase		
GCF_002556905.1		NZ_NUAT01000011.1	121169	121582	+	fosB	FosBx1 family fosfomycin resistance bacillithiol transferase	core	AMR	AMR	FOSFOMYCIN	FOSFOMYCIN	BLASTX	138	138	100.00	93.48	138	WP_000943763.1	fosfomycin resistance bacillithiol transferase FosBx1		
GCF_002556905.1		NZ_NUAT01000012.1	68305	69075	-	bla2	BcII family subclass B1 metallo-beta-lactamase	core	AMR	AMR	BETA-LACTAM	CARBAPENEM	BLASTX	257	257	100.00	95.72	257	WP_012261328.1	BcII family subclass B1 metallo-beta-lactamase		
GCF_002556905.1		NZ_NUAT01000051.1	50918	51835	+	bla	class A beta-lactamase Bla1	core	AMR	AMR	BETA-LACTAM	BETA-LACTAM	BLASTX	306	306	100.00	90.52	306	WP_003171307.1	class A beta-lactamase Bla1		
GCF_002556945.1		NZ_NUAW01000006.1	119364	119912	+	satA	streptothricin N-acetyltransferase SatA	core	AMR	AMR	STREPTOTHRICIN	STREPTOTHRICIN	BLASTX	183	184	99.46	92.35	183	WP_000054744.1	streptothricin N-acetyltransferase SatA		
GCF_002556945.1		NZ_NUAW01000028.1	291499	292269	+	bla2	BcII family subclass B1 metallo-beta-lactamase	core	AMR	AMR	BETA-LACTAM	CARBAPENEM	BLASTX	257	257	100.00	93.00	257	WP_012261328.1	BcII family subclass B1 metallo-beta-lactamase		
GCF_002556945.1		NZ_NUAW01000060.1	11015	11932	-	bla	class A beta-lactamase Bla1	core	AMR	AMR	BETA-LACTAM	BETA-LACTAM	BLASTX	306	306	100.00	93.14	306	WP_063842248.1	class A beta-lactamase Bla1		
GCF_002556945.1		NZ_NUAW01000063.1	32126	33034	-	mphL	macrolide 2'-phosphotransferase MphL	core	AMR	AMR	MACROLIDE	MACROLIDE	EXACTX	303	303	100.00	100.00	303	WP_002047670.1	macrolide 2'-phosphotransferase MphL		
GCF_002556955.1		NZ_NUAR01000005.1	26498	27394	+	mphM	macrolide 2'-phosphotransferase MphM	core	AMR	AMR	MACROLIDE	MACROLIDE	BLASTX	299	299	100.00	92.31	299	WP_016078774.1	macrolide 2'-phosphotransferase MphM		
GCF_002556955.1		NZ_NUAR01000010.1	276809	277579	+	bla2	BcII family subclass B1 metallo-beta-lactamase	core	AMR	AMR	BETA-LACTAM	CARBAPENEM	BLASTX	257	257	100.00	93.00	257	WP_012261328.1	BcII family subclass B1 metallo-beta-lactamase		
GCF_002556955.1		NZ_NUAR01000024.1	166615	167532	-	bla	class A beta-lactamase Bla1	core	AMR	AMR	BETA-LACTAM	BETA-LACTAM	BLASTX	306	306	100.00	93.14	306	WP_063842248.1	class A beta-lactamase Bla1		
GCF_002556955.1		NZ_NUAR01000025.1	16638	17186	-	satA	streptothricin N-acetyltransferase SatA	core	AMR	AMR	STREPTOTHRICIN	STREPTOTHRICIN	BLASTX	183	184	99.46	93.44	183	WP_000054744.1	streptothricin N-acetyltransferase SatA		
GCF_002556955.1		NZ_NUAR01000027.1	468243	469151	-	mphL	macrolide 2'-phosphotransferase MphL	core	AMR	AMR	MACROLIDE	MACROLIDE	EXACTX	303	303	100.00	100.00	303	WP_002047670.1	macrolide 2'-phosphotransferase MphL		
GCF_002557045.1		NZ_NUAX01000008.1	157657	158574	-	bla	class A beta-lactamase Bla1	core	AMR	AMR	BETA-LACTAM	BETA-LACTAM	BLASTX	306	306	100.00	93.14	306	WP_063842248.1	class A beta-lactamase Bla1		
GCF_002557045.1		NZ_NUAX01000009.1	276686	277456	+	bla2	BcII family subclass B1 metallo-beta-lactamase	core	AMR	AMR	BETA-LACTAM	CARBAPENEM	BLASTX	257	257	100.00	93.00	257	WP_012261328.1	BcII family subclass B1 metallo-beta-lactamase		
GCF_002557045.1		NZ_NUAX01000012.1	154536	155084	+	satA	streptothricin N-acetyltransferase SatA	core	AMR	AMR	STREPTOTHRICIN	STREPTOTHRICIN	BLASTX	183	184	99.46	91.80	183	WP_000054744.1	streptothricin N-acetyltransferase SatA		
GCF_002557045.1		NZ_NUAX01000016.1	175657	176565	-	mphL	macrolide 2'-phosphotransferase MphL	core	AMR	AMR	MACROLIDE	MACROLIDE	BLASTX	303	303	100.00	99.67	303	WP_002047670.1	macrolide 2'-phosphotransferase MphL		
GCF_002557225.1		NZ_NUBJ01000017.1	32125	33033	-	mphL	macrolide 2'-phosphotransferase MphL	core	AMR	AMR	MACROLIDE	MACROLIDE	BLASTX	303	303	100.00	99.67	303	WP_002047670.1	macrolide 2'-phosphotransferase MphL		
GCF_002557225.1		NZ_NUBJ01000031.1	96769	97539	-	bla2	BcII family subclass B1 metallo-beta-lactamase	core	AMR	AMR	BETA-LACTAM	CARBAPENEM	BLASTX	257	257	100.00	93.00	257	WP_012261328.1	BcII family subclass B1 metallo-beta-lactamase		
GCF_002557225.1		NZ_NUBJ01000058.1	31973	32521	-	satA	streptothricin N-acetyltransferase SatA	core	AMR	AMR	STREPTOTHRICIN	STREPTOTHRICIN	BLASTX	183	184	99.46	93.99	183	WP_000054744.1	streptothricin N-acetyltransferase SatA		
GCF_002557225.1		NZ_NUBJ01000159.1	1446	2363	+	bla	class A beta-lactamase Bla1	core	AMR	AMR	BETA-LACTAM	BETA-LACTAM	BLASTX	306	306	100.00	92.16	306	WP_063842248.1	class A beta-lactamase Bla1		
GCF_002557475.1		NZ_NUBW01000008.1	22246	22797	-	satA	streptothricin N-acetyltransferase SatA	core	AMR	AMR	STREPTOTHRICIN	STREPTOTHRICIN	BLASTX	184	184	98.91	89.67	184	WP_000054744.1	streptothricin N-acetyltransferase SatA		
GCF_002557475.1		NZ_NUBW01000033.1	87916	88767	-	mleBCA	BCA family alpha/beta fold macrolide esterase	core	AMR	AMR	MACROLIDE	TYLOSIN	BLASTX	284	287	98.95	94.37	284	WP_000140039.1	BCA family alpha/beta fold macrolide esterase		
GCF_002557475.1		NZ_NUBW01000039.1	18619	19389	+	bla2	BcII family subclass B1 metallo-beta-lactamase	core	AMR	AMR	BETA-LACTAM	CARBAPENEM	BLASTX	257	257	100.00	94.55	257	WP_012261328.1	BcII family subclass B1 metallo-beta-lactamase		
GCF_002557475.1		NZ_NUBW01000048.1	88948	89865	+	bla	class A beta-lactamase Bla1	core	AMR	AMR	BETA-LACTAM	BETA-LACTAM	BLASTX	306	306	100.00	93.14	306	WP_063842248.1	class A beta-lactamase Bla1		
GCF_002557855.1		NZ_NUAD01000013.1	85856	86707	+	mleBCA	BCA family alpha/beta fold macrolide esterase	core	AMR	AMR	MACROLIDE	TYLOSIN	BLASTX	284	287	98.95	95.07	284	WP_000140039.1	BCA family alpha/beta fold macrolide esterase		
GCF_002557855.1		NZ_NUAD01000021.1	6173	7090	-	bla	class A beta-lactamase Bla1	core	AMR	AMR	BETA-LACTAM	BETA-LACTAM	BLASTX	306	306	100.00	90.85	306	WP_063842248.1	class A beta-lactamase Bla1		
GCF_002557855.1		NZ_NUAD01000041.1	12926	13873	-	blaIII	class A beta-lactamase BlaIII	core	AMR	AMR	BETA-LACTAM	BETA-LACTAM	BLASTX	316	316	100.00	91.14	316	WP_000497840.1	class A beta-lactamase BlaIII		
GCF_002557855.1		NZ_NUAD01000051.1	33418	34185	-	bla2	BcII family subclass B1 metallo-beta-lactamase	core	AMR	AMR	BETA-LACTAM	CARBAPENEM	BLASTX	256	256	100.00	94.14	256	WP_000799232.1	BcII family subclass B1 metallo-beta-lactamase		
GCF_002557855.1		NZ_NUAD01000074.1	3906	4454	+	satA	streptothricin N-acetyltransferase SatA	core	AMR	AMR	STREPTOTHRICIN	STREPTOTHRICIN	BLASTX	183	184	98.91	78.14	183	WP_000054744.1	streptothricin N-acetyltransferase SatA		
GCF_002557865.1		NZ_NUAF01000011.1	45105	45653	+	satA	streptothricin N-acetyltransferase SatA	core	AMR	AMR	STREPTOTHRICIN	STREPTOTHRICIN	BLASTX	183	184	99.46	93.99	183	WP_000054744.1	streptothricin N-acetyltransferase SatA		
GCF_002557865.1		NZ_NUAF01000018.1	570109	571017	-	mphL	macrolide 2'-phosphotransferase MphL	core	AMR	AMR	MACROLIDE	MACROLIDE	BLASTX	303	303	100.00	99.67	303	WP_002047670.1	macrolide 2'-phosphotransferase MphL		
GCF_002557865.1		NZ_NUAF01000044.1	9691	10608	+	bla	class A beta-lactamase Bla1	core	AMR	AMR	BETA-LACTAM	BETA-LACTAM	BLASTX	306	306	100.00	92.16	306	WP_063842248.1	class A beta-lactamase Bla1		
GCF_002557865.1		NZ_NUAF01000098.1	97021	97791	-	bla2	BcII family subclass B1 metallo-beta-lactamase	core	AMR	AMR	BETA-LACTAM	CARBAPENEM	BLASTX	257	257	100.00	93.00	257	WP_012261328.1	BcII family subclass B1 metallo-beta-lactamase		
GCF_002558005.1		NZ_NTVM01000002.1	196967	197518	+	satA	streptothricin N-acetyltransferase SatA	core	AMR	AMR	STREPTOTHRICIN	STREPTOTHRICIN	BLASTX	184	184	98.91	89.67	184	WP_000054744.1	streptothricin N-acetyltransferase SatA		
GCF_002558005.1		NZ_NTVM01000002.1	453412	453924	-	bla2	BcII family subclass B1 metallo-beta-lactamase	core	AMR	AMR	BETA-LACTAM	CARBAPENEM	PARTIALX	171	257	66.54	91.81	171	WP_012261328.1	BcII family subclass B1 metallo-beta-lactamase		
GCF_002558005.1		NZ_NTVM01000006.1	135114	135527	+	fosB	FosBx1 family fosfomycin resistance bacillithiol transferase	core	AMR	AMR	FOSFOMYCIN	FOSFOMYCIN	BLASTX	138	138	100.00	97.10	138	WP_000943763.1	fosfomycin resistance bacillithiol transferase FosBx1		
GCF_002558005.1		NZ_NTVM01000045.1	84650	85567	-	bla	class A beta-lactamase Bla1	core	AMR	AMR	BETA-LACTAM	BETA-LACTAM	BLASTX	306	306	100.00	96.73	306	WP_063842248.1	class A beta-lactamase Bla1		
GCF_002558075.1		NZ_NTVS01000003.1	44425	44976	-	satA	streptothricin N-acetyltransferase SatA	core	AMR	AMR	STREPTOTHRICIN	STREPTOTHRICIN	BLASTX	184	184	98.91	89.13	184	WP_000054744.1	streptothricin N-acetyltransferase SatA		
GCF_002558075.1		NZ_NTVS01000016.1	13220	13990	-	bla2	BcII family subclass B1 metallo-beta-lactamase	core	AMR	AMR	BETA-LACTAM	CARBAPENEM	BLASTX	257	257	100.00	93.39	257	WP_063839879.1	BcII family subclass B1 metallo-beta-lactamase		
GCF_002558075.1		NZ_NTVS01000044.1	53278	54129	+	mleBCB	BCB family alpha/beta fold macrolide esterase	core	AMR	AMR	MACROLIDE	TYLOSIN	BLASTX	284	287	100.00	91.29	287	WP_459076516.1	BCB family alpha/beta fold macrolide esterase		
GCF_002558075.1		NZ_NTVS01000054.1	2693	3610	+	bla	class A beta-lactamase Bla1	core	AMR	AMR	BETA-LACTAM	BETA-LACTAM	BLASTX	306	306	100.00	95.42	306	WP_063842248.1	class A beta-lactamase Bla1		
GCF_002558075.1		NZ_NTVS01000065.1	796	1743	-	blaIII	class A beta-lactamase BlaIII	core	AMR	AMR	BETA-LACTAM	BETA-LACTAM	BLASTX	316	316	100.00	95.57	316	WP_000497840.1	class A beta-lactamase BlaIII		
GCF_002558075.1		NZ_NTVS01000073.1	18365	18778	-	fosB	FosBx1 family fosfomycin resistance bacillithiol transferase	core	AMR	AMR	FOSFOMYCIN	FOSFOMYCIN	BLASTX	138	138	100.00	98.55	138	WP_000943763.1	fosfomycin resistance bacillithiol transferase FosBx1		
GCF_002558235.1		NZ_NTVQ01000003.1	20090	20503	-	fosB	FosBx1 family fosfomycin resistance bacillithiol transferase	core	AMR	AMR	FOSFOMYCIN	FOSFOMYCIN	BLASTX	138	138	100.00	97.10	138	WP_000943763.1	fosfomycin resistance bacillithiol transferase FosBx1		
GCF_002558235.1		NZ_NTVQ01000021.1	73465	74235	+	bla2	BcII family subclass B1 metallo-beta-lactamase	core	AMR	AMR	BETA-LACTAM	CARBAPENEM	BLASTX	257	257	100.00	93.39	257	WP_063839879.1	BcII family subclass B1 metallo-beta-lactamase		
GCF_002558235.1		NZ_NTVQ01000026.1	101615	102532	-	bla	class A beta-lactamase Bla1	core	AMR	AMR	BETA-LACTAM	BETA-LACTAM	BLASTX	306	306	100.00	95.10	306	WP_063842248.1	class A beta-lactamase Bla1		
GCF_002558235.1		NZ_NTVQ01000033.1	98964	99518	+	satA	streptothricin N-acetyltransferase SatA	core	AMR	AMR	STREPTOTHRICIN	STREPTOTHRICIN	BLASTX	185	184	99.46	87.03	185	WP_000054744.1	streptothricin N-acetyltransferase SatA		
GCF_002558235.1		NZ_NTVQ01000045.1	19909	20805	-	mphM	macrolide 2'-phosphotransferase MphM	core	AMR	AMR	MACROLIDE	MACROLIDE	BLASTX	299	299	100.00	95.99	299	WP_016078774.1	macrolide 2'-phosphotransferase MphM		
GCF_002558235.1		NZ_NTVQ01000075.1	4204	4620	+	fosB	FosB/FosD family fosfomycin resistance bacillithiol transferase	core	AMR	AMR	FOSFOMYCIN	FOSFOMYCIN	BLASTX	139	139	100.00	95.68	139	WP_000938987.1	fosfomycin resistance bacillithiol transferase FosB2		
GCF_002558335.1		NZ_NTXO01000007.1	248502	249272	-	bla2	BcII family subclass B1 metallo-beta-lactamase	core	AMR	AMR	BETA-LACTAM	CARBAPENEM	BLASTX	257	257	100.00	96.50	257	WP_063839879.1	BcII family subclass B1 metallo-beta-lactamase		
GCF_002558335.1		NZ_NTXO01000008.1	564052	564465	+	fosB	FosBx1 family fosfomycin resistance bacillithiol transferase	core	AMR	AMR	FOSFOMYCIN	FOSFOMYCIN	BLASTX	138	138	100.00	99.28	138	WP_000943763.1	fosfomycin resistance bacillithiol transferase FosBx1		
GCF_002558335.1		NZ_NTXO01000023.1	68238	69155	-	bla	class A beta-lactamase Bla1	core	AMR	AMR	BETA-LACTAM	BETA-LACTAM	BLASTX	306	306	100.00	95.42	306	WP_063842248.1	class A beta-lactamase Bla1		
GCF_002558335.1		NZ_NTXO01000034.1	68664	70037	-	tet(45)	tetracycline efflux MFS transporter Tet(45)	core	AMR	AMR	TETRACYCLINE	TETRACYCLINE	BLASTX	458	458	100.00	91.05	458	WP_063855885.1	tetracycline efflux MFS transporter Tet(45)		
GCF_002558335.1		NZ_NTXO01000058.1	11977	12528	-	satA	streptothricin N-acetyltransferase SatA	core	AMR	AMR	STREPTOTHRICIN	STREPTOTHRICIN	BLASTX	184	184	98.91	88.59	184	WP_000054744.1	streptothricin N-acetyltransferase SatA		
GCF_002558335.1		NZ_NTXO01000070.1	21232	22380	-	vanS-Pt	vancomycin resistance histidine kinase VanS-Pt	core	AMR	AMR	GLYCOPEPTIDE	VANCOMYCIN	BLASTX	383	386	99.22	90.08	383	WP_063856741.1	vancomycin resistance histidine kinase VanS-Pt		
GCF_002558335.1		NZ_NTXO01000070.1	22388	23080	-	vanR-A	vancomycin resistance response regulator transcription factor VanR-A	core	AMR	AMR	GLYCOPEPTIDE	VANCOMYCIN	BLASTX	231	231	100.00	92.64	231	WP_063856721.1	vancomycin resistance response regulator transcription factor VanR-A		
GCF_002558335.1		NZ_NTXO01000124.1	5126	5977	-	mleBCB	BCB family alpha/beta fold macrolide esterase	core	AMR	AMR	MACROLIDE	TYLOSIN	BLASTX	284	287	100.00	90.94	287	WP_459076516.1	BCB family alpha/beta fold macrolide esterase		
GCF_002558375.1		NZ_NTXS01000014.1	87067	87984	+	bla	class A beta-lactamase Bla1	core	AMR	AMR	BETA-LACTAM	BETA-LACTAM	BLASTX	306	306	100.00	96.08	306	WP_063842248.1	class A beta-lactamase Bla1		
GCF_002558375.1		NZ_NTXS01000015.1	77262	78032	+	bla2	BcII family subclass B1 metallo-beta-lactamase	core	AMR	AMR	BETA-LACTAM	CARBAPENEM	BLASTX	257	257	100.00	94.94	257	WP_063839879.1	BcII family subclass B1 metallo-beta-lactamase		
GCF_002558375.1		NZ_NTXS01000015.1	188815	189666	+	mleBCB	BCB family alpha/beta fold macrolide esterase	core	AMR	AMR	MACROLIDE	TYLOSIN	BLASTX	284	287	100.00	98.26	287	WP_459076516.1	BCB family alpha/beta fold macrolide esterase		
GCF_002558375.1		NZ_NTXS01000015.1	303445	303996	-	satA	streptothricin N-acetyltransferase SatA	core	AMR	AMR	STREPTOTHRICIN	STREPTOTHRICIN	BLASTX	184	184	98.91	89.67	184	WP_000054744.1	streptothricin N-acetyltransferase SatA		
GCF_002558375.1		NZ_NTXS01000022.1	7186	8334	-	vanS-Pt	vancomycin resistance histidine kinase VanS-Pt	core	AMR	AMR	GLYCOPEPTIDE	VANCOMYCIN	BLASTX	383	386	99.22	90.86	383	WP_063856741.1	vancomycin resistance histidine kinase VanS-Pt		
GCF_002558375.1		NZ_NTXS01000022.1	8342	9034	-	vanR-A	vancomycin resistance response regulator transcription factor VanR-A	core	AMR	AMR	GLYCOPEPTIDE	VANCOMYCIN	BLASTX	231	231	100.00	93.07	231	WP_063856721.1	vancomycin resistance response regulator transcription factor VanR-A		
GCF_002558375.1		NZ_NTXS01000041.1	6194	7141	-	blaIII	class A beta-lactamase BlaIII	core	AMR	AMR	BETA-LACTAM	BETA-LACTAM	BLASTX	316	316	100.00	98.42	316	WP_000497840.1	class A beta-lactamase BlaIII		
GCF_002558375.1		NZ_NTXS01000058.1	22521	23894	-	tet(45)	tetracycline efflux MFS transporter Tet(45)	core	AMR	AMR	TETRACYCLINE	TETRACYCLINE	BLASTX	458	458	100.00	90.39	458	WP_063855885.1	tetracycline efflux MFS transporter Tet(45)		
GCF_002558375.1		NZ_NTXS01000067.1	2272	2685	-	fosB	FosBx1 family fosfomycin resistance bacillithiol transferase	core	AMR	AMR	FOSFOMYCIN	FOSFOMYCIN	BLASTX	138	138	100.00	98.55	138	WP_000943763.1	fosfomycin resistance bacillithiol transferase FosBx1		
GCF_002558385.1		NZ_NTXT01000003.1	114706	115557	-	mleBCB	BCB family alpha/beta fold macrolide esterase	core	AMR	AMR	MACROLIDE	TYLOSIN	BLASTX	284	287	100.00	98.26	287	WP_459076516.1	BCB family alpha/beta fold macrolide esterase		
GCF_002558385.1		NZ_NTXT01000033.1	25340	25753	+	fosB	FosBx1 family fosfomycin resistance bacillithiol transferase	core	AMR	AMR	FOSFOMYCIN	FOSFOMYCIN	BLASTX	138	138	100.00	97.83	138	WP_000943763.1	fosfomycin resistance bacillithiol transferase FosBx1		
GCF_002558385.1		NZ_NTXT01000058.1	15321	16091	-	bla2	BcII family subclass B1 metallo-beta-lactamase	core	AMR	AMR	BETA-LACTAM	CARBAPENEM	BLASTX	257	257	100.00	93.00	257	WP_063839879.1	BcII family subclass B1 metallo-beta-lactamase		
GCF_002558385.1		NZ_NTXT01000131.1	1520	2071	+	satA	streptothricin N-acetyltransferase SatA	core	AMR	AMR	STREPTOTHRICIN	STREPTOTHRICIN	BLASTX	184	184	98.91	89.67	184	WP_000054744.1	streptothricin N-acetyltransferase SatA		
GCF_002558385.1		NZ_NTXT01000143.1	8500	9417	+	bla	class A beta-lactamase Bla1	core	AMR	AMR	BETA-LACTAM	BETA-LACTAM	BLASTX	306	306	100.00	95.42	306	WP_063842248.1	class A beta-lactamase Bla1		
GCF_002558525.1		NZ_NTYF01000035.1	24066	24983	-	bla	class A beta-lactamase Bla1	core	AMR	AMR	BETA-LACTAM	BETA-LACTAM	BLASTX	306	306	100.00	95.42	306	WP_063842248.1	class A beta-lactamase Bla1		
GCF_002558525.1		NZ_NTYF01000036.1	28578	29132	+	satA	streptothricin N-acetyltransferase SatA	core	AMR	AMR	STREPTOTHRICIN	STREPTOTHRICIN	BLASTX	185	184	99.46	87.03	185	WP_000054744.1	streptothricin N-acetyltransferase SatA		
GCF_002558525.1		NZ_NTYF01000056.1	88347	88760	+	fosB	FosBx1 family fosfomycin resistance bacillithiol transferase	core	AMR	AMR	FOSFOMYCIN	FOSFOMYCIN	BLASTX	138	138	100.00	97.10	138	WP_000943763.1	fosfomycin resistance bacillithiol transferase FosBx1		
GCF_002558525.1		NZ_NTYF01000059.1	81242	82012	+	bla2	BcII family subclass B1 metallo-beta-lactamase	core	AMR	AMR	BETA-LACTAM	CARBAPENEM	BLASTX	257	257	100.00	93.00	257	WP_063839879.1	BcII family subclass B1 metallo-beta-lactamase		
GCF_002558545.1		NZ_NTYG01000008.1	38024	38794	+	bla2	BcII family subclass B1 metallo-beta-lactamase	core	AMR	AMR	BETA-LACTAM	CARBAPENEM	BLASTX	257	257	100.00	94.55	257	WP_063839879.1	BcII family subclass B1 metallo-beta-lactamase		
GCF_002558545.1		NZ_NTYG01000013.1	296623	297036	+	fosB	FosBx1 family fosfomycin resistance bacillithiol transferase	core	AMR	AMR	FOSFOMYCIN	FOSFOMYCIN	BLASTX	138	138	100.00	98.55	138	WP_000943763.1	fosfomycin resistance bacillithiol transferase FosBx1		
GCF_002558545.1		NZ_NTYG01000024.1	87136	88053	-	bla	class A beta-lactamase Bla1	core	AMR	AMR	BETA-LACTAM	BETA-LACTAM	BLASTX	306	306	100.00	95.42	306	WP_063842248.1	class A beta-lactamase Bla1		
GCF_002558545.1		NZ_NTYG01000031.1	10078	10629	-	satA	streptothricin N-acetyltransferase SatA	core	AMR	AMR	STREPTOTHRICIN	STREPTOTHRICIN	BLASTX	184	184	98.91	89.67	184	WP_000054744.1	streptothricin N-acetyltransferase SatA		
GCF_002558545.1		NZ_NTYG01000041.1	11758	12171	+	fosB	FosB family fosfomycin resistance bacillithiol transferase	core	AMR	AMR	FOSFOMYCIN	FOSFOMYCIN	BLASTX	138	138	100.00	92.75	138	WP_063851229.1	FosB family fosfomycin resistance bacillithiol transferase		
GCF_002558635.1		NZ_NTYO01000008.1	45438	45950	+	bla2	BcII family subclass B1 metallo-beta-lactamase	core	AMR	AMR	BETA-LACTAM	CARBAPENEM	PARTIALX	171	257	66.54	92.40	171	WP_012261328.1	BcII family subclass B1 metallo-beta-lactamase		
GCF_002558635.1		NZ_NTYO01000010.1	311227	311640	+	fosB	FosBx1 family fosfomycin resistance bacillithiol transferase	core	AMR	AMR	FOSFOMYCIN	FOSFOMYCIN	BLASTX	138	138	100.00	97.10	138	WP_000943763.1	fosfomycin resistance bacillithiol transferase FosBx1		
GCF_002558635.1		NZ_NTYO01000026.1	99997	100548	+	satA	streptothricin N-acetyltransferase SatA	core	AMR	AMR	STREPTOTHRICIN	STREPTOTHRICIN	BLASTX	184	184	98.91	89.67	184	WP_000054744.1	streptothricin N-acetyltransferase SatA		
GCF_002558635.1		NZ_NTYO01000057.1	14292	15209	-	bla	class A beta-lactamase Bla1	core	AMR	AMR	BETA-LACTAM	BETA-LACTAM	BLASTX	306	306	100.00	95.42	306	WP_063842248.1	class A beta-lactamase Bla1		
GCF_002558815.1		NZ_NTYX01000006.1	10940	11356	+	fosB	FosB/FosD family fosfomycin resistance bacillithiol transferase	core	AMR	AMR	FOSFOMYCIN	FOSFOMYCIN	BLASTX	139	139	100.00	99.28	139	WP_000938987.1	fosfomycin resistance bacillithiol transferase FosB2		
GCF_002558815.1		NZ_NTYX01000012.1	101644	102495	-	mleBCB	BCB family alpha/beta fold macrolide esterase	core	AMR	AMR	MACROLIDE	TYLOSIN	BLASTX	284	287	100.00	97.91	287	WP_459076516.1	BCB family alpha/beta fold macrolide esterase		
GCF_002558815.1		NZ_NTYX01000020.1	17094	17864	-	bla2	BcII family subclass B1 metallo-beta-lactamase	core	AMR	AMR	BETA-LACTAM	CARBAPENEM	INTERNAL_STOP	257	257	100.00	96.50	257	WP_063839879.1	BcII family subclass B1 metallo-beta-lactamase		
GCF_002558815.1		NZ_NTYX01000021.1	72674	73225	+	satA	streptothricin N-acetyltransferase SatA	core	AMR	AMR	STREPTOTHRICIN	STREPTOTHRICIN	BLASTX	184	184	98.91	89.67	184	WP_000054744.1	streptothricin N-acetyltransferase SatA		
GCF_002558815.1		NZ_NTYX01000032.1	160572	161489	-	bla	class A beta-lactamase Bla1	core	AMR	AMR	BETA-LACTAM	BETA-LACTAM	BLASTX	306	306	100.00	95.42	306	WP_063842248.1	class A beta-lactamase Bla1		
GCF_002558815.1		NZ_NTYX01000045.1	29853	31226	-	tet(45)	tetracycline efflux MFS transporter Tet(45)	core	AMR	AMR	TETRACYCLINE	TETRACYCLINE	BLASTX	458	458	100.00	90.83	458	WP_063855885.1	tetracycline efflux MFS transporter Tet(45)		
GCF_002558815.1		NZ_NTYX01000051.1	32278	32970	+	vanR-A	vancomycin resistance response regulator transcription factor VanR-A	core	AMR	AMR	GLYCOPEPTIDE	VANCOMYCIN	BLASTX	231	231	100.00	93.51	231	WP_063856721.1	vancomycin resistance response regulator transcription factor VanR-A		
GCF_002558815.1		NZ_NTYX01000051.1	32957	34102	+	vanS-Pt	vancomycin resistance histidine kinase VanS-Pt	core	AMR	AMR	GLYCOPEPTIDE	VANCOMYCIN	BLASTX	382	386	98.96	90.58	382	WP_063856741.1	vancomycin resistance histidine kinase VanS-Pt		
GCF_002558815.1		NZ_NTYX01000051.1	37818	38660	-	mleBCB	BCB family alpha/beta fold macrolide esterase	core	AMR	AMR	MACROLIDE	TYLOSIN	BLASTX	281	287	97.91	91.10	281	WP_459076516.1	BCB family alpha/beta fold macrolide esterase		
GCF_002558815.1		NZ_NTYX01000060.1	13091	13504	+	fosB	FosBx1 family fosfomycin resistance bacillithiol transferase	core	AMR	AMR	FOSFOMYCIN	FOSFOMYCIN	BLASTX	138	138	100.00	97.83	138	WP_000943763.1	fosfomycin resistance bacillithiol transferase FosBx1		
GCF_002558915.1		NZ_NTZD01000002.1	111576	112088	+	bla2	BcII family subclass B1 metallo-beta-lactamase	core	AMR	AMR	BETA-LACTAM	CARBAPENEM	PARTIALX	171	257	66.54	92.40	171	WP_012261328.1	BcII family subclass B1 metallo-beta-lactamase		
GCF_002558915.1		NZ_NTZD01000003.1	31115	32488	+	tet(45)	tetracycline efflux MFS transporter Tet(45)	core	AMR	AMR	TETRACYCLINE	TETRACYCLINE	BLASTX	458	458	100.00	91.48	458	WP_063855885.1	tetracycline efflux MFS transporter Tet(45)		
GCF_002558915.1		NZ_NTZD01000007.1	30974	31666	+	vanR-A	vancomycin resistance response regulator transcription factor VanR-A	core	AMR	AMR	GLYCOPEPTIDE	VANCOMYCIN	BLASTX	231	231	100.00	93.07	231	WP_063856721.1	vancomycin resistance response regulator transcription factor VanR-A		
GCF_002558915.1		NZ_NTZD01000011.1	17106	18023	+	bla	class A beta-lactamase Bla1	core	AMR	AMR	BETA-LACTAM	BETA-LACTAM	BLASTX	306	306	100.00	95.10	306	WP_063842248.1	class A beta-lactamase Bla1		
GCF_002558915.1		NZ_NTZD01000016.1	45838	46389	-	satA	streptothricin N-acetyltransferase SatA	core	AMR	AMR	STREPTOTHRICIN	STREPTOTHRICIN	BLASTX	184	184	98.91	89.67	184	WP_000054744.1	streptothricin N-acetyltransferase SatA		
GCF_002558915.1		NZ_NTZD01000021.1	118887	119300	-	fosB	FosBx1 family fosfomycin resistance bacillithiol transferase	core	AMR	AMR	FOSFOMYCIN	FOSFOMYCIN	BLASTX	138	138	100.00	99.28	138	WP_000943763.1	fosfomycin resistance bacillithiol transferase FosBx1		
GCF_002558995.1		NZ_NTZK01000005.1	219151	219702	-	satA	streptothricin N-acetyltransferase SatA	core	AMR	AMR	STREPTOTHRICIN	STREPTOTHRICIN	BLASTX	184	184	98.91	89.67	184	WP_000054744.1	streptothricin N-acetyltransferase SatA		
GCF_002558995.1		NZ_NTZK01000011.1	123322	124239	+	bla	class A beta-lactamase Bla1	core	AMR	AMR	BETA-LACTAM	BETA-LACTAM	BLASTX	306	306	100.00	95.42	306	WP_063842248.1	class A beta-lactamase Bla1		
GCF_002558995.1		NZ_NTZK01000014.1	135854	136267	-	fosB	FosBx1 family fosfomycin resistance bacillithiol transferase	core	AMR	AMR	FOSFOMYCIN	FOSFOMYCIN	BLASTX	138	138	100.00	99.28	138	WP_000943763.1	fosfomycin resistance bacillithiol transferase FosBx1		
GCF_002558995.1		NZ_NTZK01000025.1	38029	38799	+	bla2	BcII family subclass B1 metallo-beta-lactamase	core	AMR	AMR	BETA-LACTAM	CARBAPENEM	BLASTX	257	257	100.00	94.55	257	WP_063839879.1	BcII family subclass B1 metallo-beta-lactamase		
GCF_002559035.1		NZ_NTZR01000002.1	16244	17095	+	mleBCB	BCB family alpha/beta fold macrolide esterase	core	AMR	AMR	MACROLIDE	TYLOSIN	BLASTX	284	287	100.00	97.91	287	WP_459076516.1	BCB family alpha/beta fold macrolide esterase		
GCF_002559035.1		NZ_NTZR01000003.1	30228	31145	+	bla	class A beta-lactamase Bla1	core	AMR	AMR	BETA-LACTAM	BETA-LACTAM	BLASTX	306	306	100.00	96.08	306	WP_063842248.1	class A beta-lactamase Bla1		
GCF_002559035.1		NZ_NTZR01000010.1	233432	233845	+	fosB	FosBx1 family fosfomycin resistance bacillithiol transferase	core	AMR	AMR	FOSFOMYCIN	FOSFOMYCIN	BLASTX	138	138	100.00	99.28	138	WP_000943763.1	fosfomycin resistance bacillithiol transferase FosBx1		
GCF_002559035.1		NZ_NTZR01000014.1	9569	10120	-	satA	streptothricin N-acetyltransferase SatA	core	AMR	AMR	STREPTOTHRICIN	STREPTOTHRICIN	BLASTX	184	184	98.91	89.13	184	WP_000054744.1	streptothricin N-acetyltransferase SatA		
GCF_002559035.1		NZ_NTZR01000023.1	19266	20213	+	blaIII	class A beta-lactamase BlaIII	core	AMR	AMR	BETA-LACTAM	BETA-LACTAM	BLASTX	316	316	100.00	98.42	316	WP_000497840.1	class A beta-lactamase BlaIII		
GCF_002559035.1		NZ_NTZR01000026.1	94165	94935	-	bla2	BcII family subclass B1 metallo-beta-lactamase	core	AMR	AMR	BETA-LACTAM	CARBAPENEM	BLASTX	257	257	100.00	93.00	257	WP_063839879.1	BcII family subclass B1 metallo-beta-lactamase		
GCF_002559035.1		NZ_NTZR01000030.1	9540	10700	-	vanS-Pt	vancomycin resistance histidine kinase VanS-Pt	core	AMR	AMR	GLYCOPEPTIDE	VANCOMYCIN	BLASTX	387	388	99.74	90.70	387	WP_063856742.1	vancomycin resistance histidine kinase VanS-Pt		
GCF_002559035.1		NZ_NTZR01000030.1	10684	11376	-	vanR-A	vancomycin resistance response regulator transcription factor VanR-A	core	AMR	AMR	GLYCOPEPTIDE	VANCOMYCIN	BLASTX	231	231	100.00	93.07	231	WP_063856721.1	vancomycin resistance response regulator transcription factor VanR-A		
GCF_002559275.1		NZ_NTZC01000002.1	333766	334536	-	bla2	BcII family subclass B1 metallo-beta-lactamase	core	AMR	AMR	BETA-LACTAM	CARBAPENEM	BLASTX	257	257	100.00	94.55	257	WP_063839879.1	BcII family subclass B1 metallo-beta-lactamase		
GCF_002559275.1		NZ_NTZC01000003.1	391108	391521	-	fosB	FosBx1 family fosfomycin resistance bacillithiol transferase	core	AMR	AMR	FOSFOMYCIN	FOSFOMYCIN	BLASTX	138	138	100.00	99.28	138	WP_000943763.1	fosfomycin resistance bacillithiol transferase FosBx1		
GCF_002559275.1		NZ_NTZC01000007.1	13098	14045	+	blaIII	class A beta-lactamase BlaIII	core	AMR	AMR	BETA-LACTAM	BETA-LACTAM	BLASTX	316	316	100.00	95.57	316	WP_000497840.1	class A beta-lactamase BlaIII		
GCF_002559275.1		NZ_NTZC01000027.1	2776	3693	+	bla	class A beta-lactamase Bla1	core	AMR	AMR	BETA-LACTAM	BETA-LACTAM	BLASTX	306	306	100.00	96.08	306	WP_063842248.1	class A beta-lactamase Bla1		
GCF_002559295.1		NZ_NTYY01000004.1	80609	81160	+	satA	streptothricin N-acetyltransferase SatA	core	AMR	AMR	STREPTOTHRICIN	STREPTOTHRICIN	BLASTX	184	184	98.91	89.67	184	WP_000054744.1	streptothricin N-acetyltransferase SatA		
GCF_002559295.1		NZ_NTYY01000004.1	205223	206074	-	mleBCB	BCB family alpha/beta fold macrolide esterase	core	AMR	AMR	MACROLIDE	TYLOSIN	BLASTX	284	287	100.00	98.26	287	WP_459076516.1	BCB family alpha/beta fold macrolide esterase		
GCF_002559295.1		NZ_NTYY01000004.1	318677	319447	-	bla2	BcII family subclass B1 metallo-beta-lactamase	core	AMR	AMR	BETA-LACTAM	CARBAPENEM	BLASTX	257	257	100.00	96.50	257	WP_063839879.1	BcII family subclass B1 metallo-beta-lactamase		
GCF_002559295.1		NZ_NTYY01000008.1	240356	240769	-	fosB	FosBx1 family fosfomycin resistance bacillithiol transferase	core	AMR	AMR	FOSFOMYCIN	FOSFOMYCIN	BLASTX	138	138	100.00	97.83	138	WP_000943763.1	fosfomycin resistance bacillithiol transferase FosBx1		
GCF_002559295.1		NZ_NTYY01000011.1	42950	44323	+	tet(45)	tetracycline efflux MFS transporter Tet(45)	core	AMR	AMR	TETRACYCLINE	TETRACYCLINE	BLASTX	458	458	100.00	91.48	458	WP_063855885.1	tetracycline efflux MFS transporter Tet(45)		
GCF_002559295.1		NZ_NTYY01000017.1	40368	41285	+	bla	class A beta-lactamase Bla1	core	AMR	AMR	BETA-LACTAM	BETA-LACTAM	BLASTX	306	306	100.00	95.10	306	WP_063842248.1	class A beta-lactamase Bla1		
GCF_002559295.1		NZ_NTYY01000032.1	4244	4936	+	vanR-A	vancomycin resistance response regulator transcription factor VanR-A	core	AMR	AMR	GLYCOPEPTIDE	VANCOMYCIN	BLASTX	231	231	100.00	93.51	231	WP_063856721.1	vancomycin resistance response regulator transcription factor VanR-A		
GCF_002559295.1		NZ_NTYY01000032.1	4929	6080	+	vanS-Pt	vancomycin resistance histidine kinase VanS-Pt	core	AMR	AMR	GLYCOPEPTIDE	VANCOMYCIN	BLASTX	384	386	99.48	90.10	384	WP_063856741.1	vancomycin resistance histidine kinase VanS-Pt		
GCF_002559355.1		NZ_NTZI01000003.1	208621	209034	+	fosB	FosBx1 family fosfomycin resistance bacillithiol transferase	core	AMR	AMR	FOSFOMYCIN	FOSFOMYCIN	BLASTX	138	138	100.00	99.28	138	WP_000943763.1	fosfomycin resistance bacillithiol transferase FosBx1		
GCF_002559355.1		NZ_NTZI01000003.1	722072	722989	+	bla	class A beta-lactamase Bla1	core	AMR	AMR	BETA-LACTAM	BETA-LACTAM	BLASTX	306	306	100.00	96.08	306	WP_063842248.1	class A beta-lactamase Bla1		
GCF_002559355.1		NZ_NTZI01000006.1	380719	381489	+	bla2	BcII family subclass B1 metallo-beta-lactamase	core	AMR	AMR	BETA-LACTAM	CARBAPENEM	BLASTX	257	257	100.00	94.55	257	WP_063839879.1	BcII family subclass B1 metallo-beta-lactamase		
GCF_002559355.1		NZ_NTZI01000015.1	120349	121722	-	tet(45)	tetracycline efflux MFS transporter Tet(45)	core	AMR	AMR	TETRACYCLINE	TETRACYCLINE	BLASTX	458	458	100.00	91.48	458	WP_063855885.1	tetracycline efflux MFS transporter Tet(45)		
GCF_002559355.1		NZ_NTZI01000043.1	3856	5016	-	vanS-Pt	vancomycin resistance histidine kinase VanS-Pt	core	AMR	AMR	GLYCOPEPTIDE	VANCOMYCIN	BLASTX	387	388	99.74	90.44	387	WP_063856742.1	vancomycin resistance histidine kinase VanS-Pt		
GCF_002559355.1		NZ_NTZI01000043.1	5000	5692	-	vanR-A	vancomycin resistance response regulator transcription factor VanR-A	core	AMR	AMR	GLYCOPEPTIDE	VANCOMYCIN	BLASTX	231	231	100.00	93.07	231	WP_063856721.1	vancomycin resistance response regulator transcription factor VanR-A		
GCF_002559645.1		NZ_NTSW01000020.1	17712	18404	+	vanR-A	vancomycin resistance response regulator transcription factor VanR-A	core	AMR	AMR	GLYCOPEPTIDE	VANCOMYCIN	BLASTX	231	231	100.00	93.07	231	WP_063856721.1	vancomycin resistance response regulator transcription factor VanR-A		
GCF_002559645.1		NZ_NTSW01000020.1	18388	19548	+	vanS-Pt	vancomycin resistance histidine kinase VanS-Pt	core	AMR	AMR	GLYCOPEPTIDE	VANCOMYCIN	BLASTX	387	388	99.74	90.18	387	WP_063856742.1	vancomycin resistance histidine kinase VanS-Pt		
GCF_002559645.1		NZ_NTSW01000021.1	72439	73323	-	tet(45)	tetracycline efflux MFS transporter Tet(45)	core	AMR	AMR	TETRACYCLINE	TETRACYCLINE	PARTIALX	295	458	64.41	90.85	295	WP_063855885.1	tetracycline efflux MFS transporter Tet(45)		
GCF_002559645.1		NZ_NTSW01000036.1	73917	74687	+	bla2	BcII family subclass B1 metallo-beta-lactamase	core	AMR	AMR	BETA-LACTAM	CARBAPENEM	BLASTX	257	257	100.00	93.00	257	WP_063839879.1	BcII family subclass B1 metallo-beta-lactamase		
GCF_002559645.1		NZ_NTSW01000036.1	188732	189583	+	mleBCB	BCB family alpha/beta fold macrolide esterase	core	AMR	AMR	MACROLIDE	TYLOSIN	BLASTX	284	287	100.00	98.26	287	WP_459076516.1	BCB family alpha/beta fold macrolide esterase		
GCF_002559645.1		NZ_NTSW01000036.1	303364	303915	-	satA	streptothricin N-acetyltransferase SatA	core	AMR	AMR	STREPTOTHRICIN	STREPTOTHRICIN	BLASTX	184	184	98.91	89.67	184	WP_000054744.1	streptothricin N-acetyltransferase SatA		
GCF_002559645.1		NZ_NTSW01000057.1	35142	36059	-	bla	class A beta-lactamase Bla1	core	AMR	AMR	BETA-LACTAM	BETA-LACTAM	BLASTX	306	306	100.00	97.06	306	WP_063842248.1	class A beta-lactamase Bla1		
GCF_002559645.1		NZ_NTSW01000080.1	8454	8867	+	fosB	FosBx1 family fosfomycin resistance bacillithiol transferase	core	AMR	AMR	FOSFOMYCIN	FOSFOMYCIN	BLASTX	138	138	100.00	98.55	138	WP_000943763.1	fosfomycin resistance bacillithiol transferase FosBx1		
GCF_002559645.1		NZ_NTSW01000083.1	9713	10555	-	mleBCB	BCB family alpha/beta fold macrolide esterase	core	AMR	AMR	MACROLIDE	TYLOSIN	BLASTX	281	287	97.91	91.46	281	WP_459076516.1	BCB family alpha/beta fold macrolide esterase		
GCF_002559645.1		NZ_NTSW01000114.1	1519	1935	+	fosB	FosB/FosD family fosfomycin resistance bacillithiol transferase	core	AMR	AMR	FOSFOMYCIN	FOSFOMYCIN	BLASTX	139	139	100.00	98.56	139	WP_000938987.1	fosfomycin resistance bacillithiol transferase FosB2		
GCF_002559825.1		NZ_NTQD01000003.1	38582	39433	-	mleBCB	BCB family alpha/beta fold macrolide esterase	core	AMR	AMR	MACROLIDE	TYLOSIN	BLASTX	284	287	100.00	97.91	287	WP_459076516.1	BCB family alpha/beta fold macrolide esterase		
GCF_002559825.1		NZ_NTQD01000003.1	151506	152282	-	bla2	BcII family subclass B1 metallo-beta-lactamase	core	AMR	AMR	BETA-LACTAM	CARBAPENEM	BLASTX	259	257	100.00	93.05	259	WP_063839879.1	BcII family subclass B1 metallo-beta-lactamase		
GCF_002559825.1		NZ_NTQD01000010.1	60874	62076	+	tet(45)	tetracycline efflux MFS transporter Tet(45)	core	AMR	AMR	TETRACYCLINE	TETRACYCLINE	PARTIALX	401	458	87.55	91.02	401	WP_063855885.1	tetracycline efflux MFS transporter Tet(45)		
GCF_002559825.1		NZ_NTQD01000017.1	18288	18701	-	fosB	FosBx1 family fosfomycin resistance bacillithiol transferase	core	AMR	AMR	FOSFOMYCIN	FOSFOMYCIN	BLASTX	138	138	100.00	97.83	138	WP_000943763.1	fosfomycin resistance bacillithiol transferase FosBx1		
GCF_002559825.1		NZ_NTQD01000036.1	183830	184747	-	bla	class A beta-lactamase Bla1	core	AMR	AMR	BETA-LACTAM	BETA-LACTAM	BLASTX	306	306	100.00	94.77	306	WP_063842248.1	class A beta-lactamase Bla1		
GCF_002559825.1		NZ_NTQD01000041.1	28954	29505	-	satA	streptothricin N-acetyltransferase SatA	core	AMR	AMR	STREPTOTHRICIN	STREPTOTHRICIN	BLASTX	184	184	98.91	89.13	184	WP_000054744.1	streptothricin N-acetyltransferase SatA		
GCF_002559945.1		NZ_NTQI01000016.1	16178	16594	-	fosB	FosB/FosD family fosfomycin resistance bacillithiol transferase	core	AMR	AMR	FOSFOMYCIN	FOSFOMYCIN	BLASTX	139	139	100.00	98.56	139	WP_000938987.1	fosfomycin resistance bacillithiol transferase FosB2		
GCF_002559945.1		NZ_NTQI01000022.1	3391	4308	+	bla	class A beta-lactamase Bla1	core	AMR	AMR	BETA-LACTAM	BETA-LACTAM	BLASTX	306	306	100.00	97.06	306	WP_063842248.1	class A beta-lactamase Bla1		
GCF_002559945.1		NZ_NTQI01000027.1	3477	4850	-	tet(45)	tetracycline efflux MFS transporter Tet(45)	core	AMR	AMR	TETRACYCLINE	TETRACYCLINE	BLASTX	458	458	100.00	90.61	458	WP_063855885.1	tetracycline efflux MFS transporter Tet(45)		
GCF_002559945.1		NZ_NTQI01000047.1	16859	17272	-	fosB	FosBx1 family fosfomycin resistance bacillithiol transferase	core	AMR	AMR	FOSFOMYCIN	FOSFOMYCIN	BLASTX	138	138	100.00	99.28	138	WP_000943763.1	fosfomycin resistance bacillithiol transferase FosBx1		
GCF_002559945.1		NZ_NTQI01000060.1	2326	3096	-	bla2	BcII family subclass B1 metallo-beta-lactamase	core	AMR	AMR	BETA-LACTAM	CARBAPENEM	BLASTX	257	257	100.00	92.61	257	WP_063839879.1	BcII family subclass B1 metallo-beta-lactamase		
GCF_002559945.1		NZ_NTQI01000070.1	10369	11211	-	mleBCB	BCB family alpha/beta fold macrolide esterase	core	AMR	AMR	MACROLIDE	TYLOSIN	BLASTX	281	287	97.91	91.10	281	WP_459076516.1	BCB family alpha/beta fold macrolide esterase		
GCF_002559945.1		NZ_NTQI01000070.1	31114	31806	+	vanR-A	vancomycin resistance response regulator transcription factor VanR-A	core	AMR	AMR	GLYCOPEPTIDE	VANCOMYCIN	BLASTX	231	231	100.00	93.07	231	WP_063856721.1	vancomycin resistance response regulator transcription factor VanR-A		
GCF_002559945.1		NZ_NTQI01000070.1	31793	32950	+	vanS-Pt	vancomycin resistance histidine kinase VanS-Pt	core	AMR	AMR	GLYCOPEPTIDE	VANCOMYCIN	BLASTX	386	388	99.48	90.16	386	WP_063856742.1	vancomycin resistance histidine kinase VanS-Pt		
GCF_002560105.1		NZ_NTQR01000006.1	273778	274548	+	bla2	BcII family subclass B1 metallo-beta-lactamase	core	AMR	AMR	BETA-LACTAM	CARBAPENEM	BLASTX	257	257	100.00	93.39	257	WP_063839879.1	BcII family subclass B1 metallo-beta-lactamase		
GCF_002560105.1		NZ_NTQR01000009.1	341126	341539	-	fosB	FosBx1 family fosfomycin resistance bacillithiol transferase	core	AMR	AMR	FOSFOMYCIN	FOSFOMYCIN	BLASTX	138	138	100.00	99.28	138	WP_000943763.1	fosfomycin resistance bacillithiol transferase FosBx1		
GCF_002560105.1		NZ_NTQR01000028.1	31790	32707	+	bla	class A beta-lactamase Bla1	core	AMR	AMR	BETA-LACTAM	BETA-LACTAM	BLASTX	306	306	100.00	96.73	306	WP_063842248.1	class A beta-lactamase Bla1		
GCF_002560145.1		NZ_NTQT01000001.1	266115	266885	+	bla2	BcII family subclass B1 metallo-beta-lactamase	core	AMR	AMR	BETA-LACTAM	CARBAPENEM	BLASTX	257	257	100.00	95.33	257	WP_012261328.1	BcII family subclass B1 metallo-beta-lactamase		
GCF_002560145.1		NZ_NTQT01000008.1	8793	9344	+	satA	streptothricin N-acetyltransferase SatA	core	AMR	AMR	STREPTOTHRICIN	STREPTOTHRICIN	BLASTX	184	184	98.91	91.30	184	WP_000054744.1	streptothricin N-acetyltransferase SatA		
GCF_002560145.1		NZ_NTQT01000021.1	7200	7892	-	vanR-A	vancomycin resistance response regulator transcription factor VanR-A	core	AMR	AMR	GLYCOPEPTIDE	VANCOMYCIN	BLASTX	231	231	100.00	92.21	231	WP_063856721.1	vancomycin resistance response regulator transcription factor VanR-A		
GCF_002560145.1		NZ_NTQT01000023.1	55928	56779	-	mleBCB	BCB family alpha/beta fold macrolide esterase	core	AMR	AMR	MACROLIDE	TYLOSIN	BLASTX	284	287	100.00	91.64	287	WP_459076516.1	BCB family alpha/beta fold macrolide esterase		
GCF_002560145.1		NZ_NTQT01000029.1	55059	56432	+	tet(45)	tetracycline efflux MFS transporter Tet(45)	core	AMR	AMR	TETRACYCLINE	TETRACYCLINE	BLASTX	458	458	100.00	91.92	458	WP_063855885.1	tetracycline efflux MFS transporter Tet(45)		
GCF_002560145.1		NZ_NTQT01000038.1	57386	58303	+	bla	class A beta-lactamase Bla1	core	AMR	AMR	BETA-LACTAM	BETA-LACTAM	BLASTX	306	306	100.00	92.16	306	WP_003171307.1	class A beta-lactamase Bla1		
GCF_002560145.1		NZ_NTQT01000047.1	100918	101769	+	mleBCA	BCA family alpha/beta fold macrolide esterase	core	AMR	AMR	MACROLIDE	TYLOSIN	BLASTX	284	287	98.95	91.20	284	WP_000140039.1	BCA family alpha/beta fold macrolide esterase		
GCF_002560475.1		NZ_NTRK01000003.1	9887	10804	-	bla	class A beta-lactamase Bla1	core	AMR	AMR	BETA-LACTAM	BETA-LACTAM	BLASTX	306	306	100.00	92.81	306	WP_003171307.1	class A beta-lactamase Bla1		
GCF_002560475.1		NZ_NTRK01000010.1	7219	7911	-	vanR-A	vancomycin resistance response regulator transcription factor VanR-A	core	AMR	AMR	GLYCOPEPTIDE	VANCOMYCIN	BLASTX	231	231	100.00	92.21	231	WP_063856721.1	vancomycin resistance response regulator transcription factor VanR-A		
GCF_002560475.1		NZ_NTRK01000035.1	54614	55465	-	mleBCB	BCB family alpha/beta fold macrolide esterase	core	AMR	AMR	MACROLIDE	TYLOSIN	BLASTX	284	287	100.00	91.64	287	WP_459076516.1	BCB family alpha/beta fold macrolide esterase		
GCF_002560475.1		NZ_NTRK01000065.1	12667	13215	+	satA	streptothricin N-acetyltransferase SatA	core	AMR	AMR	STREPTOTHRICIN	STREPTOTHRICIN	BLASTX	183	184	98.91	79.23	183	WP_000054744.1	streptothricin N-acetyltransferase SatA		
GCF_002560475.1		NZ_NTRK01000070.1	54341	55111	-	bla2	BcII family subclass B1 metallo-beta-lactamase	core	AMR	AMR	BETA-LACTAM	CARBAPENEM	BLASTX	257	257	100.00	95.33	257	WP_012261328.1	BcII family subclass B1 metallo-beta-lactamase		
GCF_002560475.1		NZ_NTRK01000139.1	13677	14528	+	mleBCA	BCA family alpha/beta fold macrolide esterase	core	AMR	AMR	MACROLIDE	TYLOSIN	BLASTX	284	287	98.95	91.55	284	WP_000140039.1	BCA family alpha/beta fold macrolide esterase		
GCF_002560475.1		NZ_NTRK01000142.1	3	545	-	satA	streptothricin N-acetyltransferase SatA	core	AMR	AMR	STREPTOTHRICIN	STREPTOTHRICIN	BLASTX	181	184	97.28	91.71	181	WP_000054744.1	streptothricin N-acetyltransferase SatA		
GCF_002560605.1		NZ_NTRP01000018.1	4575	5948	+	tet(45)	tetracycline efflux MFS transporter Tet(45)	core	AMR	AMR	TETRACYCLINE	TETRACYCLINE	BLASTX	458	458	100.00	91.48	458	WP_063855885.1	tetracycline efflux MFS transporter Tet(45)		
GCF_002560605.1		NZ_NTRP01000045.1	29953	30645	+	vanR-A	vancomycin resistance response regulator transcription factor VanR-A	core	AMR	AMR	GLYCOPEPTIDE	VANCOMYCIN	BLASTX	231	231	100.00	93.07	231	WP_063856721.1	vancomycin resistance response regulator transcription factor VanR-A		
GCF_002560605.1		NZ_NTRP01000049.1	16403	17320	+	bla	class A beta-lactamase Bla1	core	AMR	AMR	BETA-LACTAM	BETA-LACTAM	BLASTX	306	306	100.00	95.10	306	WP_063842248.1	class A beta-lactamase Bla1		
GCF_002560605.1		NZ_NTRP01000055.1	118876	119289	-	fosB	FosBx1 family fosfomycin resistance bacillithiol transferase	core	AMR	AMR	FOSFOMYCIN	FOSFOMYCIN	BLASTX	138	138	100.00	99.28	138	WP_000943763.1	fosfomycin resistance bacillithiol transferase FosBx1		
GCF_002560605.1		NZ_NTRP01000084.1	6170	6721	-	satA	streptothricin N-acetyltransferase SatA	core	AMR	AMR	STREPTOTHRICIN	STREPTOTHRICIN	BLASTX	184	184	98.91	89.67	184	WP_000054744.1	streptothricin N-acetyltransferase SatA		
GCF_002560605.1		NZ_NTRP01000174.1	22332	22844	+	bla2	BcII family subclass B1 metallo-beta-lactamase	core	AMR	AMR	BETA-LACTAM	CARBAPENEM	PARTIALX	171	257	66.54	92.40	171	WP_012261328.1	BcII family subclass B1 metallo-beta-lactamase		
GCF_002560645.1		NZ_NTRS01000001.1	56601	57152	+	satA	streptothricin N-acetyltransferase SatA	core	AMR	AMR	STREPTOTHRICIN	STREPTOTHRICIN	BLASTX	184	184	98.91	89.67	184	WP_000054744.1	streptothricin N-acetyltransferase SatA		
GCF_002560645.1		NZ_NTRS01000002.1	18344	18757	-	fosB	FosBx1 family fosfomycin resistance bacillithiol transferase	core	AMR	AMR	FOSFOMYCIN	FOSFOMYCIN	BLASTX	138	138	100.00	97.83	138	WP_000943763.1	fosfomycin resistance bacillithiol transferase FosBx1		
GCF_002560645.1		NZ_NTRS01000003.1	2796	3713	+	bla	class A beta-lactamase Bla1	core	AMR	AMR	BETA-LACTAM	BETA-LACTAM	BLASTX	306	306	100.00	95.42	306	WP_063842248.1	class A beta-lactamase Bla1		
GCF_002560645.1		NZ_NTRS01000012.1	23294	24667	-	tet(45)	tetracycline efflux MFS transporter Tet(45)	core	AMR	AMR	TETRACYCLINE	TETRACYCLINE	BLASTX	458	458	100.00	90.83	458	WP_063855885.1	tetracycline efflux MFS transporter Tet(45)		
GCF_002560645.1		NZ_NTRS01000016.1	101644	102495	-	mleBCB	BCB family alpha/beta fold macrolide esterase	core	AMR	AMR	MACROLIDE	TYLOSIN	BLASTX	284	287	100.00	97.91	287	WP_459076516.1	BCB family alpha/beta fold macrolide esterase		
GCF_002560645.1		NZ_NTRS01000019.1	25012	25704	+	vanR-A	vancomycin resistance response regulator transcription factor VanR-A	core	AMR	AMR	GLYCOPEPTIDE	VANCOMYCIN	BLASTX	231	231	100.00	93.51	231	WP_063856721.1	vancomycin resistance response regulator transcription factor VanR-A		
GCF_002560645.1		NZ_NTRS01000019.1	25691	26836	+	vanS-Pt	vancomycin resistance histidine kinase VanS-Pt	core	AMR	AMR	GLYCOPEPTIDE	VANCOMYCIN	BLASTX	382	386	98.96	90.31	382	WP_063856741.1	vancomycin resistance histidine kinase VanS-Pt		
GCF_002560645.1		NZ_NTRS01000019.1	34185	35027	-	mleBCB	BCB family alpha/beta fold macrolide esterase	core	AMR	AMR	MACROLIDE	TYLOSIN	BLASTX	281	287	97.91	91.10	281	WP_459076516.1	BCB family alpha/beta fold macrolide esterase		
GCF_002560645.1		NZ_NTRS01000027.1	17094	17864	-	bla2	BcII family subclass B1 metallo-beta-lactamase	core	AMR	AMR	BETA-LACTAM	CARBAPENEM	BLASTX	257	257	100.00	96.89	257	WP_063839879.1	BcII family subclass B1 metallo-beta-lactamase		
GCF_002560645.1		NZ_NTRS01000055.1	36426	36842	-	fosB	FosB/FosD family fosfomycin resistance bacillithiol transferase	core	AMR	AMR	FOSFOMYCIN	FOSFOMYCIN	BLASTX	139	139	100.00	99.28	139	WP_000938987.1	fosfomycin resistance bacillithiol transferase FosB2		
GCF_002560815.1		NZ_NTSC01000025.1	2841	3758	+	bla	class A beta-lactamase Bla1	core	AMR	AMR	BETA-LACTAM	BETA-LACTAM	BLASTX	306	306	100.00	96.73	306	WP_063842248.1	class A beta-lactamase Bla1		
GCF_002560815.1		NZ_NTSC01000027.1	58816	59229	-	fosB	FosBx1 family fosfomycin resistance bacillithiol transferase	core	AMR	AMR	FOSFOMYCIN	FOSFOMYCIN	BLASTX	138	138	100.00	97.10	138	WP_000943763.1	fosfomycin resistance bacillithiol transferase FosBx1		
GCF_002560815.1		NZ_NTSC01000046.1	11589	12140	+	satA	streptothricin N-acetyltransferase SatA	core	AMR	AMR	STREPTOTHRICIN	STREPTOTHRICIN	BLASTX	184	184	98.91	89.67	184	WP_000054744.1	streptothricin N-acetyltransferase SatA		
GCF_002560815.1		NZ_NTSC01000047.1	7703	8215	+	bla2	BcII family subclass B1 metallo-beta-lactamase	core	AMR	AMR	BETA-LACTAM	CARBAPENEM	PARTIALX	171	257	66.54	91.81	171	WP_012261328.1	BcII family subclass B1 metallo-beta-lactamase		
GCF_002561375.1		NZ_NTUJ01000016.1	32968	33519	+	satA	streptothricin N-acetyltransferase SatA	core	AMR	AMR	STREPTOTHRICIN	STREPTOTHRICIN	BLASTX	184	184	98.91	89.67	184	WP_000054744.1	streptothricin N-acetyltransferase SatA		
GCF_002561375.1		NZ_NTUJ01000031.1	117617	118030	-	fosB	FosBx1 family fosfomycin resistance bacillithiol transferase	core	AMR	AMR	FOSFOMYCIN	FOSFOMYCIN	BLASTX	138	138	100.00	97.10	138	WP_000943763.1	fosfomycin resistance bacillithiol transferase FosBx1		
GCF_002561375.1		NZ_NTUJ01000065.1	14293	15210	-	bla	class A beta-lactamase Bla1	core	AMR	AMR	BETA-LACTAM	BETA-LACTAM	BLASTX	306	306	100.00	96.73	306	WP_063842248.1	class A beta-lactamase Bla1		
GCF_002561375.1		NZ_NTUJ01000107.1	7702	8214	+	bla2	BcII family subclass B1 metallo-beta-lactamase	core	AMR	AMR	BETA-LACTAM	CARBAPENEM	PARTIALX	171	257	66.54	91.81	171	WP_012261328.1	BcII family subclass B1 metallo-beta-lactamase		
GCF_002561585.1		NZ_NTVC01000007.1	50609	51022	-	fosB	FosBx1 family fosfomycin resistance bacillithiol transferase	core	AMR	AMR	FOSFOMYCIN	FOSFOMYCIN	BLASTX	138	138	100.00	97.83	138	WP_000943763.1	fosfomycin resistance bacillithiol transferase FosBx1		
GCF_002561585.1		NZ_NTVC01000009.1	223429	224199	-	bla2	BcII family subclass B1 metallo-beta-lactamase	core	AMR	AMR	BETA-LACTAM	CARBAPENEM	BLASTX	257	257	100.00	91.83	257	WP_063839879.1	BcII family subclass B1 metallo-beta-lactamase		
GCF_002561585.1		NZ_NTVC01000027.1	2805	3722	+	bla	class A beta-lactamase Bla1	core	AMR	AMR	BETA-LACTAM	BETA-LACTAM	BLASTX	306	306	100.00	95.42	306	WP_063842248.1	class A beta-lactamase Bla1		
GCF_002561585.1		NZ_NTVC01000050.1	79194	79745	+	satA	streptothricin N-acetyltransferase SatA	core	AMR	AMR	STREPTOTHRICIN	STREPTOTHRICIN	BLASTX	184	184	98.91	89.67	184	WP_000054744.1	streptothricin N-acetyltransferase SatA		
GCF_002561665.1		NZ_NTVZ01000011.1	4451	4864	+	fosB	FosB family fosfomycin resistance bacillithiol transferase	core	AMR	AMR	FOSFOMYCIN	FOSFOMYCIN	BLASTX	138	138	100.00	99.28	138	WP_063851229.1	FosB family fosfomycin resistance bacillithiol transferase		
GCF_002561665.1		NZ_NTVZ01000013.1	23685	24695	-	tet(45)	tetracycline efflux MFS transporter Tet(45)	core	AMR	AMR	TETRACYCLINE	TETRACYCLINE	PARTIALX	337	458	73.58	90.50	337	WP_063855885.1	tetracycline efflux MFS transporter Tet(45)		
GCF_002561665.1		NZ_NTVZ01000025.1	2639	3556	+	bla	class A beta-lactamase Bla1	core	AMR	AMR	BETA-LACTAM	BETA-LACTAM	BLASTX	306	306	100.00	95.42	306	WP_063842248.1	class A beta-lactamase Bla1		
GCF_002561665.1		NZ_NTVZ01000040.1	80888	81739	-	mleBCB	BCB family alpha/beta fold macrolide esterase	core	AMR	AMR	MACROLIDE	TYLOSIN	BLASTX	284	287	100.00	97.91	287	WP_459076516.1	BCB family alpha/beta fold macrolide esterase		
GCF_002561665.1		NZ_NTVZ01000060.1	16998	17768	-	bla2	BcII family subclass B1 metallo-beta-lactamase	core	AMR	AMR	BETA-LACTAM	CARBAPENEM	BLASTX	257	257	100.00	96.89	257	WP_063839879.1	BcII family subclass B1 metallo-beta-lactamase		
GCF_002561665.1		NZ_NTVZ01000082.1	13037	13450	+	fosB	FosBx1 family fosfomycin resistance bacillithiol transferase	core	AMR	AMR	FOSFOMYCIN	FOSFOMYCIN	BLASTX	138	138	100.00	97.83	138	WP_000943763.1	fosfomycin resistance bacillithiol transferase FosBx1		
GCF_002561665.1		NZ_NTVZ01000186.1	6771	7322	-	satA	streptothricin N-acetyltransferase SatA	core	AMR	AMR	STREPTOTHRICIN	STREPTOTHRICIN	BLASTX	184	184	98.91	89.67	184	WP_000054744.1	streptothricin N-acetyltransferase SatA		
GCF_002561725.1		NZ_NTWB01000062.1	12279	13049	+	bla2	BcII family subclass B1 metallo-beta-lactamase	core	AMR	AMR	BETA-LACTAM	CARBAPENEM	BLASTX	257	257	100.00	94.55	257	WP_063839879.1	BcII family subclass B1 metallo-beta-lactamase		
GCF_002561725.1		NZ_NTWB01000090.1	19671	20084	+	fosB	FosBx1 family fosfomycin resistance bacillithiol transferase	core	AMR	AMR	FOSFOMYCIN	FOSFOMYCIN	BLASTX	138	138	100.00	99.28	138	WP_000943763.1	fosfomycin resistance bacillithiol transferase FosBx1		
GCF_002561725.1		NZ_NTWB01000095.1	14559	15476	-	bla	class A beta-lactamase Bla1	core	AMR	AMR	BETA-LACTAM	BETA-LACTAM	BLASTX	306	306	100.00	96.08	306	WP_063842248.1	class A beta-lactamase Bla1		
GCF_002561725.1		NZ_NTWB01000123.1	3856	5016	-	vanS-Pt	vancomycin resistance histidine kinase VanS-Pt	core	AMR	AMR	GLYCOPEPTIDE	VANCOMYCIN	BLASTX	387	388	99.74	90.44	387	WP_063856742.1	vancomycin resistance histidine kinase VanS-Pt		
GCF_002561725.1		NZ_NTWB01000123.1	5000	5692	-	vanR-A	vancomycin resistance response regulator transcription factor VanR-A	core	AMR	AMR	GLYCOPEPTIDE	VANCOMYCIN	BLASTX	231	231	100.00	93.07	231	WP_063856721.1	vancomycin resistance response regulator transcription factor VanR-A		
GCF_002561725.1		NZ_NTWB01000212.1	1587	2960	+	tet(45)	tetracycline efflux MFS transporter Tet(45)	core	AMR	AMR	TETRACYCLINE	TETRACYCLINE	BLASTX	458	458	100.00	91.48	458	WP_063855885.1	tetracycline efflux MFS transporter Tet(45)		
GCF_002561735.1		NZ_NTWD01000002.1	21055	22428	-	tet(45)	tetracycline efflux MFS transporter Tet(45)	core	AMR	AMR	TETRACYCLINE	TETRACYCLINE	BLASTX	458	458	100.00	90.61	458	WP_063855885.1	tetracycline efflux MFS transporter Tet(45)		
GCF_002561735.1		NZ_NTWD01000006.1	236145	236915	-	bla2	BcII family subclass B1 metallo-beta-lactamase	core	AMR	AMR	BETA-LACTAM	CARBAPENEM	BLASTX	257	257	100.00	96.89	257	WP_063839879.1	BcII family subclass B1 metallo-beta-lactamase		
GCF_002561735.1		NZ_NTWD01000010.1	2681	3598	+	bla	class A beta-lactamase Bla1	core	AMR	AMR	BETA-LACTAM	BETA-LACTAM	BLASTX	306	306	100.00	96.08	306	WP_063842248.1	class A beta-lactamase Bla1		
GCF_002561735.1		NZ_NTWD01000014.1	360883	361296	-	fosB	FosBx1 family fosfomycin resistance bacillithiol transferase	core	AMR	AMR	FOSFOMYCIN	FOSFOMYCIN	BLASTX	138	138	100.00	99.28	138	WP_000943763.1	fosfomycin resistance bacillithiol transferase FosBx1		
GCF_002561735.1		NZ_NTWD01000026.1	143390	143941	+	satA	streptothricin N-acetyltransferase SatA	core	AMR	AMR	STREPTOTHRICIN	STREPTOTHRICIN	BLASTX	184	184	98.91	88.59	184	WP_000054744.1	streptothricin N-acetyltransferase SatA		
GCF_002561735.1		NZ_NTWD01000027.1	10281	10970	+	vanR-A	vancomycin resistance response regulator transcription factor VanR-A	core	AMR	AMR	GLYCOPEPTIDE	VANCOMYCIN	BLASTX	230	231	99.57	93.48	230	WP_063856721.1	vancomycin resistance response regulator transcription factor VanR-A		
GCF_002561735.1		NZ_NTWD01000027.1	10954	12117	+	vanS-Pt	vancomycin resistance histidine kinase VanS-Pt	core	AMR	AMR	GLYCOPEPTIDE	VANCOMYCIN	BLASTX	388	386	100.00	91.75	388	WP_063856741.1	vancomycin resistance histidine kinase VanS-Pt		
GCF_002561735.1		NZ_NTWD01000045.1	21773	22033	-	fosB	FosB family fosfomycin resistance bacillithiol transferase	core	AMR	AMR	FOSFOMYCIN	FOSFOMYCIN	PARTIALX	87	138	63.04	97.70	87	WP_063851229.1	FosB family fosfomycin resistance bacillithiol transferase		
GCF_002562045.1		NZ_NTVV01000018.1	61633	63006	+	tet(45)	tetracycline efflux MFS transporter Tet(45)	core	AMR	AMR	TETRACYCLINE	TETRACYCLINE	BLASTX	458	458	100.00	90.39	458	WP_063855885.1	tetracycline efflux MFS transporter Tet(45)		
GCF_002562045.1		NZ_NTVV01000027.1	52384	52935	+	satA	streptothricin N-acetyltransferase SatA	core	AMR	AMR	STREPTOTHRICIN	STREPTOTHRICIN	BLASTX	184	184	98.91	89.13	184	WP_000054744.1	streptothricin N-acetyltransferase SatA		
GCF_002562045.1		NZ_NTVV01000028.1	296994	297407	+	fosB	FosBx1 family fosfomycin resistance bacillithiol transferase	core	AMR	AMR	FOSFOMYCIN	FOSFOMYCIN	BLASTX	138	138	100.00	97.83	138	WP_000943763.1	fosfomycin resistance bacillithiol transferase FosBx1		
GCF_002562045.1		NZ_NTVV01000037.1	33615	34385	+	bla2	BcII family subclass B1 metallo-beta-lactamase	core	AMR	AMR	BETA-LACTAM	CARBAPENEM	BLASTX	257	257	100.00	94.55	257	WP_063839879.1	BcII family subclass B1 metallo-beta-lactamase		
GCF_002562045.1		NZ_NTVV01000128.1	5245	6162	-	bla	class A beta-lactamase Bla1	core	AMR	AMR	BETA-LACTAM	BETA-LACTAM	BLASTX	306	306	100.00	95.10	306	WP_063842248.1	class A beta-lactamase Bla1		
GCF_002562295.1		NZ_NTWN01000001.1	498426	498977	+	satA	streptothricin N-acetyltransferase SatA	core	AMR	AMR	STREPTOTHRICIN	STREPTOTHRICIN	BLASTX	184	184	98.91	89.67	184	WP_000054744.1	streptothricin N-acetyltransferase SatA		
GCF_002562295.1		NZ_NTWN01000012.1	152977	153894	+	bla	class A beta-lactamase Bla1	core	AMR	AMR	BETA-LACTAM	BETA-LACTAM	BLASTX	306	306	100.00	94.77	306	WP_063842248.1	class A beta-lactamase Bla1		
GCF_002562295.1		NZ_NTWN01000014.1	13386	14237	-	mleBCB	BCB family alpha/beta fold macrolide esterase	core	AMR	AMR	MACROLIDE	TYLOSIN	BLASTX	284	287	100.00	90.94	287	WP_459076516.1	BCB family alpha/beta fold macrolide esterase		
GCF_002562295.1		NZ_NTWN01000014.1	388514	388927	-	fosB	FosBx1 family fosfomycin resistance bacillithiol transferase	core	AMR	AMR	FOSFOMYCIN	FOSFOMYCIN	BLASTX	138	138	100.00	97.83	138	WP_000943763.1	fosfomycin resistance bacillithiol transferase FosBx1		
GCF_002562295.1		NZ_NTWN01000016.1	262729	263499	-	bla2	BcII family subclass B1 metallo-beta-lactamase	core	AMR	AMR	BETA-LACTAM	CARBAPENEM	BLASTX	257	257	100.00	96.50	257	WP_063839879.1	BcII family subclass B1 metallo-beta-lactamase		
GCF_002562345.1		NZ_NTWP01000004.1	269863	270633	+	bla2	BcII family subclass B1 metallo-beta-lactamase	core	AMR	AMR	BETA-LACTAM	CARBAPENEM	BLASTX	257	257	100.00	92.61	257	WP_063839879.1	BcII family subclass B1 metallo-beta-lactamase		
GCF_002562345.1		NZ_NTWP01000008.1	26496	26909	-	fosB	FosBx1 family fosfomycin resistance bacillithiol transferase	core	AMR	AMR	FOSFOMYCIN	FOSFOMYCIN	BLASTX	138	138	100.00	99.28	138	WP_000943763.1	fosfomycin resistance bacillithiol transferase FosBx1		
GCF_002562345.1		NZ_NTWP01000011.1	13586	14137	+	satA	streptothricin N-acetyltransferase SatA	core	AMR	AMR	STREPTOTHRICIN	STREPTOTHRICIN	BLASTX	184	184	98.91	88.04	184	WP_000054744.1	streptothricin N-acetyltransferase SatA		
GCF_002562345.1		NZ_NTWP01000015.1	198189	199106	-	bla	class A beta-lactamase Bla1	core	AMR	AMR	BETA-LACTAM	BETA-LACTAM	BLASTX	306	306	100.00	97.06	306	WP_063842248.1	class A beta-lactamase Bla1		
GCF_002562345.1		NZ_NTWP01000018.1	37049	38023	+	tet(45)	tetracycline efflux MFS transporter Tet(45)	core	AMR	AMR	TETRACYCLINE	TETRACYCLINE	PARTIALX	325	458	70.96	91.08	325	WP_063855885.1	tetracycline efflux MFS transporter Tet(45)		
GCF_002562345.1		NZ_NTWP01000040.1	9822	10985	-	vanS-Pt	vancomycin resistance histidine kinase VanS-Pt	core	AMR	AMR	GLYCOPEPTIDE	VANCOMYCIN	BLASTX	388	386	100.00	91.75	388	WP_063856741.1	vancomycin resistance histidine kinase VanS-Pt		
GCF_002562345.1		NZ_NTWP01000040.1	10969	11658	-	vanR-A	vancomycin resistance response regulator transcription factor VanR-A	core	AMR	AMR	GLYCOPEPTIDE	VANCOMYCIN	BLASTX	230	231	99.57	94.35	230	WP_063856721.1	vancomycin resistance response regulator transcription factor VanR-A		
GCF_002562345.1		NZ_NTWP01000054.1	27744	28691	+	blaIII	class A beta-lactamase BlaIII	core	AMR	AMR	BETA-LACTAM	BETA-LACTAM	BLASTX	316	316	100.00	95.57	316	WP_000497840.1	class A beta-lactamase BlaIII		
GCF_002562415.1		NZ_NTWS01000002.1	381228	381641	-	fosB	FosBx1 family fosfomycin resistance bacillithiol transferase	core	AMR	AMR	FOSFOMYCIN	FOSFOMYCIN	BLASTX	138	138	100.00	98.55	138	WP_000943763.1	fosfomycin resistance bacillithiol transferase FosBx1		
GCF_002562415.1		NZ_NTWS01000007.1	113593	114444	-	mleBCB	BCB family alpha/beta fold macrolide esterase	core	AMR	AMR	MACROLIDE	TYLOSIN	BLASTX	284	287	100.00	98.26	287	WP_459076516.1	BCB family alpha/beta fold macrolide esterase		
GCF_002562415.1		NZ_NTWS01000007.1	222723	223493	-	bla2	BcII family subclass B1 metallo-beta-lactamase	core	AMR	AMR	BETA-LACTAM	CARBAPENEM	BLASTX	257	257	100.00	94.55	257	WP_063839879.1	BcII family subclass B1 metallo-beta-lactamase		
GCF_002562415.1		NZ_NTWS01000018.1	10273	10824	-	satA	streptothricin N-acetyltransferase SatA	core	AMR	AMR	STREPTOTHRICIN	STREPTOTHRICIN	BLASTX	184	184	98.91	89.67	184	WP_000054744.1	streptothricin N-acetyltransferase SatA		
GCF_002562415.1		NZ_NTWS01000026.1	11701	12618	+	bla	class A beta-lactamase Bla1	core	AMR	AMR	BETA-LACTAM	BETA-LACTAM	BLASTX	306	306	100.00	95.10	306	WP_063842248.1	class A beta-lactamase Bla1		
GCF_002562415.1		NZ_NTWS01000041.1	19997	20410	-	fosB	FosB family fosfomycin resistance bacillithiol transferase	core	AMR	AMR	FOSFOMYCIN	FOSFOMYCIN	BLASTX	138	138	100.00	92.03	138	WP_063851229.1	FosB family fosfomycin resistance bacillithiol transferase		
GCF_002562915.1		NZ_NTSR01000012.1	96978	97490	+	bla2	BcII family subclass B1 metallo-beta-lactamase	core	AMR	AMR	BETA-LACTAM	CARBAPENEM	PARTIALX	171	257	66.54	92.40	171	WP_012261328.1	BcII family subclass B1 metallo-beta-lactamase		
GCF_002562915.1		NZ_NTSR01000015.1	37130	37681	-	satA	streptothricin N-acetyltransferase SatA	core	AMR	AMR	STREPTOTHRICIN	STREPTOTHRICIN	BLASTX	184	184	98.91	89.67	184	WP_000054744.1	streptothricin N-acetyltransferase SatA		
GCF_002562915.1		NZ_NTSR01000019.1	227656	228069	+	fosB	FosBx1 family fosfomycin resistance bacillithiol transferase	core	AMR	AMR	FOSFOMYCIN	FOSFOMYCIN	BLASTX	138	138	100.00	99.28	138	WP_000943763.1	fosfomycin resistance bacillithiol transferase FosBx1		
GCF_002562915.1		NZ_NTSR01000040.1	123746	124663	-	bla	class A beta-lactamase Bla1	core	AMR	AMR	BETA-LACTAM	BETA-LACTAM	BLASTX	306	306	100.00	95.10	306	WP_063842248.1	class A beta-lactamase Bla1		
GCF_002563045.1		NZ_NTSD01000008.1	2398	2910	-	bla2	BcII family subclass B1 metallo-beta-lactamase	core	AMR	AMR	BETA-LACTAM	CARBAPENEM	PARTIALX	171	257	66.54	91.81	171	WP_012261328.1	BcII family subclass B1 metallo-beta-lactamase		
GCF_002563045.1		NZ_NTSD01000017.1	50234	50647	-	fosB	FosBx1 family fosfomycin resistance bacillithiol transferase	core	AMR	AMR	FOSFOMYCIN	FOSFOMYCIN	BLASTX	138	138	100.00	97.10	138	WP_000943763.1	fosfomycin resistance bacillithiol transferase FosBx1		
GCF_002563045.1		NZ_NTSD01000036.1	84370	85287	-	bla	class A beta-lactamase Bla1	core	AMR	AMR	BETA-LACTAM	BETA-LACTAM	BLASTX	306	306	100.00	96.73	306	WP_063842248.1	class A beta-lactamase Bla1		
GCF_002563045.1		NZ_NTSD01000039.1	28458	29009	+	satA	streptothricin N-acetyltransferase SatA	core	AMR	AMR	STREPTOTHRICIN	STREPTOTHRICIN	BLASTX	184	184	98.91	89.67	184	WP_000054744.1	streptothricin N-acetyltransferase SatA		
GCF_002563145.1		NZ_NTSK01000006.1	1836	3209	-	tet(45)	tetracycline efflux MFS transporter Tet(45)	core	AMR	AMR	TETRACYCLINE	TETRACYCLINE	BLASTX	458	458	100.00	91.05	458	WP_063855885.1	tetracycline efflux MFS transporter Tet(45)		
GCF_002563145.1		NZ_NTSK01000011.1	6926	7477	-	satA	streptothricin N-acetyltransferase SatA	core	AMR	AMR	STREPTOTHRICIN	STREPTOTHRICIN	BLASTX	184	184	98.91	89.67	184	WP_000054744.1	streptothricin N-acetyltransferase SatA		
GCF_002563145.1		NZ_NTSK01000013.1	3626	4039	-	fosB	FosB family fosfomycin resistance bacillithiol transferase	core	AMR	AMR	FOSFOMYCIN	FOSFOMYCIN	BLASTX	138	138	100.00	99.28	138	WP_063851229.1	FosB family fosfomycin resistance bacillithiol transferase		
GCF_002563145.1		NZ_NTSK01000014.1	488	1339	+	mleBCB	BCB family alpha/beta fold macrolide esterase	core	AMR	AMR	MACROLIDE	TYLOSIN	BLASTX	284	287	100.00	97.91	287	WP_459076516.1	BCB family alpha/beta fold macrolide esterase		
GCF_002563145.1		NZ_NTSK01000044.1	2639	3556	+	bla	class A beta-lactamase Bla1	core	AMR	AMR	BETA-LACTAM	BETA-LACTAM	BLASTX	306	306	100.00	95.42	306	WP_063842248.1	class A beta-lactamase Bla1		
GCF_002563145.1		NZ_NTSK01000051.1	46570	47340	+	bla2	BcII family subclass B1 metallo-beta-lactamase	core	AMR	AMR	BETA-LACTAM	CARBAPENEM	BLASTX	257	257	100.00	96.89	257	WP_063839879.1	BcII family subclass B1 metallo-beta-lactamase		
GCF_002563145.1		NZ_NTSK01000065.1	9365	10312	+	blaIII	class A beta-lactamase BlaIII	core	AMR	AMR	BETA-LACTAM	BETA-LACTAM	BLASTX	316	316	100.00	95.57	316	WP_000497840.1	class A beta-lactamase BlaIII		
GCF_002563145.1		NZ_NTSK01000077.1	18345	18758	-	fosB	FosBx1 family fosfomycin resistance bacillithiol transferase	core	AMR	AMR	FOSFOMYCIN	FOSFOMYCIN	BLASTX	138	138	100.00	97.83	138	WP_000943763.1	fosfomycin resistance bacillithiol transferase FosBx1		
GCF_002563235.1		NZ_NTSN01000003.1	14526	15443	+	bla	class A beta-lactamase Bla1	core	AMR	AMR	BETA-LACTAM	BETA-LACTAM	BLASTX	306	306	100.00	96.08	306	WP_063842248.1	class A beta-lactamase Bla1		
GCF_002563235.1		NZ_NTSN01000012.1	29748	30518	+	bla2	BcII family subclass B1 metallo-beta-lactamase	core	AMR	AMR	BETA-LACTAM	CARBAPENEM	BLASTX	257	257	100.00	93.00	257	WP_063839879.1	BcII family subclass B1 metallo-beta-lactamase		
GCF_002563235.1		NZ_NTSN01000012.1	144576	145427	+	mleBCB	BCB family alpha/beta fold macrolide esterase	core	AMR	AMR	MACROLIDE	TYLOSIN	BLASTX	284	287	100.00	98.26	287	WP_459076516.1	BCB family alpha/beta fold macrolide esterase		
GCF_002563235.1		NZ_NTSN01000012.1	259176	259727	-	satA	streptothricin N-acetyltransferase SatA	core	AMR	AMR	STREPTOTHRICIN	STREPTOTHRICIN	BLASTX	184	184	98.91	89.67	184	WP_000054744.1	streptothricin N-acetyltransferase SatA		
GCF_002563235.1		NZ_NTSN01000031.1	32203	33576	+	tet(45)	tetracycline efflux MFS transporter Tet(45)	core	AMR	AMR	TETRACYCLINE	TETRACYCLINE	BLASTX	458	458	100.00	91.05	458	WP_063855885.1	tetracycline efflux MFS transporter Tet(45)		
GCF_002563235.1		NZ_NTSN01000048.1	2839	3531	+	vanR-A	vancomycin resistance response regulator transcription factor VanR-A	core	AMR	AMR	GLYCOPEPTIDE	VANCOMYCIN	BLASTX	231	231	100.00	93.07	231	WP_063856721.1	vancomycin resistance response regulator transcription factor VanR-A		
GCF_002563235.1		NZ_NTSN01000048.1	3515	4675	+	vanS-Pt	vancomycin resistance histidine kinase VanS-Pt	core	AMR	AMR	GLYCOPEPTIDE	VANCOMYCIN	BLASTX	387	388	99.74	90.18	387	WP_063856742.1	vancomycin resistance histidine kinase VanS-Pt		
GCF_002563235.1		NZ_NTSN01000055.1	4508	5350	-	mleBCB	BCB family alpha/beta fold macrolide esterase	core	AMR	AMR	MACROLIDE	TYLOSIN	BLASTX	281	287	97.91	91.10	281	WP_459076516.1	BCB family alpha/beta fold macrolide esterase		
GCF_002563235.1		NZ_NTSN01000089.1	32981	33394	-	fosB	FosBx1 family fosfomycin resistance bacillithiol transferase	core	AMR	AMR	FOSFOMYCIN	FOSFOMYCIN	BLASTX	138	138	100.00	98.55	138	WP_000943763.1	fosfomycin resistance bacillithiol transferase FosBx1		
GCF_002563235.1		NZ_NTSN01000114.1	1579	1995	+	fosB	FosB/FosD family fosfomycin resistance bacillithiol transferase	core	AMR	AMR	FOSFOMYCIN	FOSFOMYCIN	BLASTX	139	139	100.00	98.56	139	WP_000938987.1	fosfomycin resistance bacillithiol transferase FosB2		
GCF_002563275.1		NZ_NTSP01000022.1	32069	33271	+	tet(45)	tetracycline efflux MFS transporter Tet(45)	core	AMR	AMR	TETRACYCLINE	TETRACYCLINE	PARTIALX	401	458	87.55	91.77	401	WP_063855885.1	tetracycline efflux MFS transporter Tet(45)		
GCF_002563275.1		NZ_NTSP01000033.1	8763	9614	+	mleBCB	BCB family alpha/beta fold macrolide esterase	core	AMR	AMR	MACROLIDE	TYLOSIN	BLASTX	284	287	100.00	97.91	287	WP_459076516.1	BCB family alpha/beta fold macrolide esterase		
GCF_002563275.1		NZ_NTSP01000038.1	13037	13450	+	fosB	FosBx1 family fosfomycin resistance bacillithiol transferase	core	AMR	AMR	FOSFOMYCIN	FOSFOMYCIN	BLASTX	138	138	100.00	97.83	138	WP_000943763.1	fosfomycin resistance bacillithiol transferase FosBx1		
GCF_002563275.1		NZ_NTSP01000058.1	17095	17865	-	bla2	BcII family subclass B1 metallo-beta-lactamase	core	AMR	AMR	BETA-LACTAM	CARBAPENEM	BLASTX	257	257	100.00	96.89	257	WP_063839879.1	BcII family subclass B1 metallo-beta-lactamase		
GCF_002563275.1		NZ_NTSP01000072.1	942	1355	-	fosB	FosB family fosfomycin resistance bacillithiol transferase	core	AMR	AMR	FOSFOMYCIN	FOSFOMYCIN	BLASTX	138	138	100.00	99.28	138	WP_063851229.1	FosB family fosfomycin resistance bacillithiol transferase		
GCF_002563275.1		NZ_NTSP01000077.1	6771	7322	-	satA	streptothricin N-acetyltransferase SatA	core	AMR	AMR	STREPTOTHRICIN	STREPTOTHRICIN	BLASTX	184	184	98.91	89.67	184	WP_000054744.1	streptothricin N-acetyltransferase SatA		
GCF_002563275.1		NZ_NTSP01000085.1	2865	3782	+	bla	class A beta-lactamase Bla1	core	AMR	AMR	BETA-LACTAM	BETA-LACTAM	BLASTX	306	306	100.00	95.42	306	WP_063842248.1	class A beta-lactamase Bla1		
GCF_002564695.1		NZ_NUWH01000001.1	78977	79894	-	bla	class A beta-lactamase Bla1	core	AMR	AMR	BETA-LACTAM	BETA-LACTAM	BLASTX	306	306	100.00	96.73	306	WP_063842248.1	class A beta-lactamase Bla1		
GCF_002564695.1		NZ_NUWH01000003.1	26486	26899	-	fosB	FosBx1 family fosfomycin resistance bacillithiol transferase	core	AMR	AMR	FOSFOMYCIN	FOSFOMYCIN	BLASTX	138	138	100.00	99.28	138	WP_000943763.1	fosfomycin resistance bacillithiol transferase FosBx1		
GCF_002564695.1		NZ_NUWH01000006.1	3476	4423	-	blaIII	class A beta-lactamase BlaIII	core	AMR	AMR	BETA-LACTAM	BETA-LACTAM	BLASTX	316	316	100.00	95.57	316	WP_000497840.1	class A beta-lactamase BlaIII		
GCF_002564695.1		NZ_NUWH01000013.1	9740	10903	-	vanS-Pt	vancomycin resistance histidine kinase VanS-Pt	core	AMR	AMR	GLYCOPEPTIDE	VANCOMYCIN	BLASTX	388	386	100.00	91.49	388	WP_063856741.1	vancomycin resistance histidine kinase VanS-Pt		
GCF_002564695.1		NZ_NUWH01000013.1	10887	11576	-	vanR-A	vancomycin resistance response regulator transcription factor VanR-A	core	AMR	AMR	GLYCOPEPTIDE	VANCOMYCIN	BLASTX	230	231	99.57	94.35	230	WP_063856721.1	vancomycin resistance response regulator transcription factor VanR-A		
GCF_002564695.1		NZ_NUWH01000027.1	61721	62491	+	bla2	BcII family subclass B1 metallo-beta-lactamase	core	AMR	AMR	BETA-LACTAM	CARBAPENEM	BLASTX	257	257	100.00	92.61	257	WP_063839879.1	BcII family subclass B1 metallo-beta-lactamase		
GCF_002564885.1		NZ_NUXR01000014.1	74005	74775	+	bla2	BcII family subclass B1 metallo-beta-lactamase	core	AMR	AMR	BETA-LACTAM	CARBAPENEM	BLASTX	257	257	100.00	93.00	257	WP_063839879.1	BcII family subclass B1 metallo-beta-lactamase		
GCF_002564885.1		NZ_NUXR01000014.1	188813	189664	+	mleBCB	BCB family alpha/beta fold macrolide esterase	core	AMR	AMR	MACROLIDE	TYLOSIN	BLASTX	284	287	100.00	98.26	287	WP_459076516.1	BCB family alpha/beta fold macrolide esterase		
GCF_002564885.1		NZ_NUXR01000014.1	303445	303996	-	satA	streptothricin N-acetyltransferase SatA	core	AMR	AMR	STREPTOTHRICIN	STREPTOTHRICIN	BLASTX	184	184	98.91	89.67	184	WP_000054744.1	streptothricin N-acetyltransferase SatA		
GCF_002564885.1		NZ_NUXR01000021.1	16859	17272	-	fosB	FosBx1 family fosfomycin resistance bacillithiol transferase	core	AMR	AMR	FOSFOMYCIN	FOSFOMYCIN	BLASTX	138	138	100.00	98.55	138	WP_000943763.1	fosfomycin resistance bacillithiol transferase FosBx1		
GCF_002564885.1		NZ_NUXR01000023.1	12951	13793	+	mleBCB	BCB family alpha/beta fold macrolide esterase	core	AMR	AMR	MACROLIDE	TYLOSIN	BLASTX	281	287	97.91	91.10	281	WP_459076516.1	BCB family alpha/beta fold macrolide esterase		
GCF_002564885.1		NZ_NUXR01000069.1	6095	7252	-	vanS-Pt	vancomycin resistance histidine kinase VanS-Pt	core	AMR	AMR	GLYCOPEPTIDE	VANCOMYCIN	BLASTX	386	388	99.48	90.16	386	WP_063856742.1	vancomycin resistance histidine kinase VanS-Pt		
GCF_002564885.1		NZ_NUXR01000069.1	7239	7931	-	vanR-A	vancomycin resistance response regulator transcription factor VanR-A	core	AMR	AMR	GLYCOPEPTIDE	VANCOMYCIN	BLASTX	231	231	100.00	93.07	231	WP_063856721.1	vancomycin resistance response regulator transcription factor VanR-A		
GCF_002564885.1		NZ_NUXR01000090.1	15059	16432	+	tet(45)	tetracycline efflux MFS transporter Tet(45)	core	AMR	AMR	TETRACYCLINE	TETRACYCLINE	BLASTX	458	458	100.00	91.05	458	WP_063855885.1	tetracycline efflux MFS transporter Tet(45)		
GCF_002564885.1		NZ_NUXR01000093.1	1579	1995	+	fosB	FosB/FosD family fosfomycin resistance bacillithiol transferase	core	AMR	AMR	FOSFOMYCIN	FOSFOMYCIN	BLASTX	139	139	100.00	98.56	139	WP_000938987.1	fosfomycin resistance bacillithiol transferase FosB2		
GCF_002564885.1		NZ_NUXR01000149.1	45898	46815	-	bla	class A beta-lactamase Bla1	core	AMR	AMR	BETA-LACTAM	BETA-LACTAM	BLASTX	306	306	100.00	97.06	306	WP_063842248.1	class A beta-lactamase Bla1		
GCF_002565025.1		NZ_NUYE01000014.1	87382	87933	+	satA	streptothricin N-acetyltransferase SatA	core	AMR	AMR	STREPTOTHRICIN	STREPTOTHRICIN	BLASTX	184	184	98.91	89.67	184	WP_000054744.1	streptothricin N-acetyltransferase SatA		
GCF_002565025.1		NZ_NUYE01000022.1	114244	115014	-	bla2	BcII family subclass B1 metallo-beta-lactamase	core	AMR	AMR	BETA-LACTAM	CARBAPENEM	BLASTX	257	257	100.00	93.00	257	WP_063839879.1	BcII family subclass B1 metallo-beta-lactamase		
GCF_002565025.1		NZ_NUYE01000033.1	12492	13184	+	vanR-A	vancomycin resistance response regulator transcription factor VanR-A	core	AMR	AMR	GLYCOPEPTIDE	VANCOMYCIN	BLASTX	231	231	100.00	93.07	231	WP_063856721.1	vancomycin resistance response regulator transcription factor VanR-A		
GCF_002565025.1		NZ_NUYE01000033.1	13168	14328	+	vanS-Pt	vancomycin resistance histidine kinase VanS-Pt	core	AMR	AMR	GLYCOPEPTIDE	VANCOMYCIN	BLASTX	387	388	99.74	90.44	387	WP_063856742.1	vancomycin resistance histidine kinase VanS-Pt		
GCF_002565025.1		NZ_NUYE01000052.1	3501	4874	-	tet(45)	tetracycline efflux MFS transporter Tet(45)	core	AMR	AMR	TETRACYCLINE	TETRACYCLINE	BLASTX	458	458	100.00	91.05	458	WP_063855885.1	tetracycline efflux MFS transporter Tet(45)		
GCF_002565025.1		NZ_NUYE01000074.1	14564	15481	+	bla	class A beta-lactamase Bla1	core	AMR	AMR	BETA-LACTAM	BETA-LACTAM	BLASTX	306	306	100.00	96.08	306	WP_063842248.1	class A beta-lactamase Bla1		
GCF_002565025.1		NZ_NUYE01000093.1	9742	10155	+	fosB	FosBx1 family fosfomycin resistance bacillithiol transferase	core	AMR	AMR	FOSFOMYCIN	FOSFOMYCIN	BLASTX	138	138	100.00	98.55	138	WP_000943763.1	fosfomycin resistance bacillithiol transferase FosBx1		
GCF_002565025.1		NZ_NUYE01000109.1	3	584	+	mleBCB	BCB family alpha/beta fold macrolide esterase	core	AMR	AMR	MACROLIDE	TYLOSIN	PARTIAL_CONTIG_ENDX	194	287	67.60	95.88	194	WP_459076516.1	BCB family alpha/beta fold macrolide esterase		
GCF_002565085.1		NZ_NUYP01000010.1	18339	19256	-	bla	class A beta-lactamase Bla1	core	AMR	AMR	BETA-LACTAM	BETA-LACTAM	BLASTX	306	306	100.00	95.10	306	WP_063842248.1	class A beta-lactamase Bla1		
GCF_002565085.1		NZ_NUYP01000017.1	70629	71042	-	fosB	FosBx1 family fosfomycin resistance bacillithiol transferase	core	AMR	AMR	FOSFOMYCIN	FOSFOMYCIN	BLASTX	138	138	100.00	97.10	138	WP_000943763.1	fosfomycin resistance bacillithiol transferase FosBx1		
GCF_002565085.1		NZ_NUYP01000028.1	13130	13900	-	bla2	BcII family subclass B1 metallo-beta-lactamase	core	AMR	AMR	BETA-LACTAM	CARBAPENEM	BLASTX	257	257	100.00	93.39	257	WP_063839879.1	BcII family subclass B1 metallo-beta-lactamase		
GCF_002565085.1		NZ_NUYP01000031.1	7623	8177	-	satA	streptothricin N-acetyltransferase SatA	core	AMR	AMR	STREPTOTHRICIN	STREPTOTHRICIN	BLASTX	185	184	99.46	87.03	185	WP_000054744.1	streptothricin N-acetyltransferase SatA		
GCF_002565195.1		NZ_NUZE01000010.1	84650	85567	-	bla	class A beta-lactamase Bla1	core	AMR	AMR	BETA-LACTAM	BETA-LACTAM	BLASTX	306	306	100.00	96.73	306	WP_063842248.1	class A beta-lactamase Bla1		
GCF_002565195.1		NZ_NUZE01000019.1	7703	8215	+	bla2	BcII family subclass B1 metallo-beta-lactamase	core	AMR	AMR	BETA-LACTAM	CARBAPENEM	PARTIALX	171	257	66.54	91.81	171	WP_012261328.1	BcII family subclass B1 metallo-beta-lactamase		
GCF_002565195.1		NZ_NUZE01000019.1	264109	264660	-	satA	streptothricin N-acetyltransferase SatA	core	AMR	AMR	STREPTOTHRICIN	STREPTOTHRICIN	BLASTX	184	184	98.91	89.67	184	WP_000054744.1	streptothricin N-acetyltransferase SatA		
GCF_002565195.1		NZ_NUZE01000024.1	50280	50693	-	fosB	FosBx1 family fosfomycin resistance bacillithiol transferase	core	AMR	AMR	FOSFOMYCIN	FOSFOMYCIN	BLASTX	138	138	100.00	97.10	138	WP_000943763.1	fosfomycin resistance bacillithiol transferase FosBx1		
GCF_002565505.1		NZ_NUWR01000006.1	113148	113837	+	vanR-A	vancomycin resistance response regulator transcription factor VanR-A	core	AMR	AMR	GLYCOPEPTIDE	VANCOMYCIN	BLASTX	230	231	99.57	94.35	230	WP_063856721.1	vancomycin resistance response regulator transcription factor VanR-A		
GCF_002565505.1		NZ_NUWR01000006.1	113821	114984	+	vanS-Pt	vancomycin resistance histidine kinase VanS-Pt	core	AMR	AMR	GLYCOPEPTIDE	VANCOMYCIN	BLASTX	388	386	100.00	91.49	388	WP_063856741.1	vancomycin resistance histidine kinase VanS-Pt		
GCF_002565505.1		NZ_NUWR01000012.1	61721	62491	+	bla2	BcII family subclass B1 metallo-beta-lactamase	core	AMR	AMR	BETA-LACTAM	CARBAPENEM	BLASTX	257	257	100.00	92.61	257	WP_063839879.1	BcII family subclass B1 metallo-beta-lactamase		
GCF_002565505.1		NZ_NUWR01000017.1	97982	98899	-	bla	class A beta-lactamase Bla1	core	AMR	AMR	BETA-LACTAM	BETA-LACTAM	BLASTX	306	306	100.00	96.73	306	WP_063842248.1	class A beta-lactamase Bla1		
GCF_002565505.1		NZ_NUWR01000021.1	66916	68289	+	tet(45)	tetracycline efflux MFS transporter Tet(45)	core	AMR	AMR	TETRACYCLINE	TETRACYCLINE	BLASTX	458	458	100.00	90.83	458	WP_063855885.1	tetracycline efflux MFS transporter Tet(45)		
GCF_002565505.1		NZ_NUWR01000026.1	107565	107978	+	fosB	FosBx1 family fosfomycin resistance bacillithiol transferase	core	AMR	AMR	FOSFOMYCIN	FOSFOMYCIN	BLASTX	138	138	100.00	99.28	138	WP_000943763.1	fosfomycin resistance bacillithiol transferase FosBx1		
GCF_002565765.1		NZ_NUYI01000004.1	268150	268920	+	bla2	BcII family subclass B1 metallo-beta-lactamase	core	AMR	AMR	BETA-LACTAM	CARBAPENEM	BLASTX	257	257	100.00	95.33	257	WP_012261328.1	BcII family subclass B1 metallo-beta-lactamase		
GCF_002565765.1		NZ_NUYI01000010.1	22844	23536	+	vanR-A	vancomycin resistance response regulator transcription factor VanR-A	core	AMR	AMR	GLYCOPEPTIDE	VANCOMYCIN	BLASTX	231	231	100.00	92.21	231	WP_063856721.1	vancomycin resistance response regulator transcription factor VanR-A		
GCF_002565765.1		NZ_NUYI01000011.1	196518	197369	-	mleBCA	BCA family alpha/beta fold macrolide esterase	core	AMR	AMR	MACROLIDE	TYLOSIN	BLASTX	284	287	98.95	91.55	284	WP_000140039.1	BCA family alpha/beta fold macrolide esterase		
GCF_002565765.1		NZ_NUYI01000015.1	56871	57722	+	mleBCB	BCB family alpha/beta fold macrolide esterase	core	AMR	AMR	MACROLIDE	TYLOSIN	BLASTX	284	287	100.00	91.64	287	WP_459076516.1	BCB family alpha/beta fold macrolide esterase		
GCF_002565765.1		NZ_NUYI01000017.1	65389	65940	-	satA	streptothricin N-acetyltransferase SatA	core	AMR	AMR	STREPTOTHRICIN	STREPTOTHRICIN	BLASTX	184	184	98.91	91.30	184	WP_000054744.1	streptothricin N-acetyltransferase SatA		
GCF_002565765.1		NZ_NUYI01000039.1	26436	27809	+	tet(45)	tetracycline efflux MFS transporter Tet(45)	core	AMR	AMR	TETRACYCLINE	TETRACYCLINE	BLASTX	458	458	100.00	91.92	458	WP_063855885.1	tetracycline efflux MFS transporter Tet(45)		
GCF_002565765.1		NZ_NUYI01000044.1	5938	6855	-	bla	class A beta-lactamase Bla1	core	AMR	AMR	BETA-LACTAM	BETA-LACTAM	BLASTX	306	306	100.00	92.48	306	WP_003171307.1	class A beta-lactamase Bla1		
GCF_002566325.1		NZ_NUWX01000003.1	192860	193411	+	satA	streptothricin N-acetyltransferase SatA	core	AMR	AMR	STREPTOTHRICIN	STREPTOTHRICIN	BLASTX	184	184	98.91	88.59	184	WP_000054744.1	streptothricin N-acetyltransferase SatA		
GCF_002566325.1		NZ_NUWX01000003.1	476899	477669	-	bla2	BcII family subclass B1 metallo-beta-lactamase	core	AMR	AMR	BETA-LACTAM	CARBAPENEM	BLASTX	257	257	100.00	96.89	257	WP_063839879.1	BcII family subclass B1 metallo-beta-lactamase		
GCF_002566325.1		NZ_NUWX01000010.1	593815	594228	+	fosB	FosBx1 family fosfomycin resistance bacillithiol transferase	core	AMR	AMR	FOSFOMYCIN	FOSFOMYCIN	BLASTX	138	138	100.00	99.28	138	WP_000943763.1	fosfomycin resistance bacillithiol transferase FosBx1		
GCF_002566325.1		NZ_NUWX01000014.1	30730	31143	-	fosB	FosB family fosfomycin resistance bacillithiol transferase	core	AMR	AMR	FOSFOMYCIN	FOSFOMYCIN	BLASTX	138	138	100.00	99.28	138	WP_063851229.1	FosB family fosfomycin resistance bacillithiol transferase		
GCF_002566325.1		NZ_NUWX01000018.1	92969	93886	-	bla	class A beta-lactamase Bla1	core	AMR	AMR	BETA-LACTAM	BETA-LACTAM	BLASTX	306	306	100.00	96.08	306	WP_063842248.1	class A beta-lactamase Bla1		
GCF_002566325.1		NZ_NUWX01000021.1	1206	1895	+	vanR-A	vancomycin resistance response regulator transcription factor VanR-A	core	AMR	AMR	GLYCOPEPTIDE	VANCOMYCIN	BLASTX	230	231	99.57	93.48	230	WP_063856721.1	vancomycin resistance response regulator transcription factor VanR-A		
GCF_002566325.1		NZ_NUWX01000021.1	1879	3042	+	vanS-Pt	vancomycin resistance histidine kinase VanS-Pt	core	AMR	AMR	GLYCOPEPTIDE	VANCOMYCIN	BLASTX	388	386	100.00	91.75	388	WP_063856741.1	vancomycin resistance histidine kinase VanS-Pt		
GCF_002566325.1		NZ_NUWX01000050.1	53644	55017	+	tet(45)	tetracycline efflux MFS transporter Tet(45)	core	AMR	AMR	TETRACYCLINE	TETRACYCLINE	BLASTX	458	458	100.00	91.70	458	WP_063855885.1	tetracycline efflux MFS transporter Tet(45)		
GCF_002566325.1		NZ_NUWX01000061.1	4609	5460	+	mleBCB	BCB family alpha/beta fold macrolide esterase	core	AMR	AMR	MACROLIDE	TYLOSIN	BLASTX	284	287	100.00	90.59	287	WP_459076516.1	BCB family alpha/beta fold macrolide esterase		
GCF_002566425.1		NZ_NUXH01000044.1	28663	29214	+	satA	streptothricin N-acetyltransferase SatA	core	AMR	AMR	STREPTOTHRICIN	STREPTOTHRICIN	BLASTX	184	184	98.91	92.93	184	WP_000054744.1	streptothricin N-acetyltransferase SatA		
GCF_002566425.1		NZ_NUXH01000078.1	55441	56292	-	mleBCA	BCA family alpha/beta fold macrolide esterase	core	AMR	AMR	MACROLIDE	TYLOSIN	BLASTX	284	287	98.95	92.96	284	WP_000140039.1	BCA family alpha/beta fold macrolide esterase		
GCF_002566425.1		NZ_NUXH01000089.1	3566	4462	-	mphM	macrolide 2'-phosphotransferase MphM	core	AMR	AMR	MACROLIDE	MACROLIDE	BLASTX	299	299	100.00	99.00	299	WP_016078774.1	macrolide 2'-phosphotransferase MphM		
GCF_002566425.1		NZ_NUXH01000159.1	14970	15887	-	bla	class A beta-lactamase Bla1	core	AMR	AMR	BETA-LACTAM	BETA-LACTAM	BLASTX	306	306	100.00	95.10	306	WP_003171307.1	class A beta-lactamase Bla1		
GCF_002566425.1		NZ_NUXH01000162.1	3264	3956	+	vanR-A	vancomycin resistance response regulator transcription factor VanR-A	core	AMR	AMR	GLYCOPEPTIDE	VANCOMYCIN	BLASTX	231	231	100.00	92.21	231	WP_063856721.1	vancomycin resistance response regulator transcription factor VanR-A		
GCF_002566425.1		NZ_NUXH01000162.1	3949	5100	+	vanS-Pt	vancomycin resistance histidine kinase VanS-Pt	core	AMR	AMR	GLYCOPEPTIDE	VANCOMYCIN	BLASTX	384	386	99.48	90.10	384	WP_063856741.1	vancomycin resistance histidine kinase VanS-Pt		
GCF_002566535.1		NZ_NUXW01000001.1	30339	31712	+	tet(45)	tetracycline efflux MFS transporter Tet(45)	core	AMR	AMR	TETRACYCLINE	TETRACYCLINE	BLASTX	458	458	100.00	91.48	458	WP_063855885.1	tetracycline efflux MFS transporter Tet(45)		
GCF_002566535.1		NZ_NUXW01000008.1	210435	211205	-	bla2	BcII family subclass B1 metallo-beta-lactamase	core	AMR	AMR	BETA-LACTAM	CARBAPENEM	BLASTX	257	257	100.00	95.33	257	WP_012261328.1	BcII family subclass B1 metallo-beta-lactamase		
GCF_002566535.1		NZ_NUXW01000010.1	57143	57994	-	mleBCB	BCB family alpha/beta fold macrolide esterase	core	AMR	AMR	MACROLIDE	TYLOSIN	BLASTX	284	287	100.00	91.29	287	WP_459076516.1	BCB family alpha/beta fold macrolide esterase		
GCF_002566535.1		NZ_NUXW01000022.1	93808	94359	-	satA	streptothricin N-acetyltransferase SatA	core	AMR	AMR	STREPTOTHRICIN	STREPTOTHRICIN	BLASTX	184	184	98.91	91.30	184	WP_000054744.1	streptothricin N-acetyltransferase SatA		
GCF_002566535.1		NZ_NUXW01000031.1	96865	97716	+	mleBCA	BCA family alpha/beta fold macrolide esterase	core	AMR	AMR	MACROLIDE	TYLOSIN	BLASTX	284	287	98.95	91.55	284	WP_000140039.1	BCA family alpha/beta fold macrolide esterase		
GCF_002566535.1		NZ_NUXW01000054.1	57169	58086	+	bla	class A beta-lactamase Bla1	core	AMR	AMR	BETA-LACTAM	BETA-LACTAM	BLASTX	306	306	100.00	91.83	306	WP_003171307.1	class A beta-lactamase Bla1		
GCF_002566535.1		NZ_NUXW01000064.1	6341	7033	-	vanR-A	vancomycin resistance response regulator transcription factor VanR-A	core	AMR	AMR	GLYCOPEPTIDE	VANCOMYCIN	BLASTX	231	231	100.00	92.21	231	WP_063856721.1	vancomycin resistance response regulator transcription factor VanR-A		
GCF_002566555.1		NZ_NUYG01000009.1	167756	168169	+	fosB	FosBx1 family fosfomycin resistance bacillithiol transferase	core	AMR	AMR	FOSFOMYCIN	FOSFOMYCIN	BLASTX	138	138	100.00	99.28	138	WP_000943763.1	fosfomycin resistance bacillithiol transferase FosBx1		
GCF_002566555.1		NZ_NUYG01000034.1	23169	24116	-	blaIII	class A beta-lactamase BlaIII	core	AMR	AMR	BETA-LACTAM	BETA-LACTAM	BLASTX	316	316	100.00	95.57	316	WP_000497840.1	class A beta-lactamase BlaIII		
GCF_002566555.1		NZ_NUYG01000047.1	23736	25109	+	tet(45)	tetracycline efflux MFS transporter Tet(45)	core	AMR	AMR	TETRACYCLINE	TETRACYCLINE	BLASTX	458	458	100.00	91.92	458	WP_063855885.1	tetracycline efflux MFS transporter Tet(45)		
GCF_002566555.1		NZ_NUYG01000065.1	23074	23925	+	mleBCB	BCB family alpha/beta fold macrolide esterase	core	AMR	AMR	MACROLIDE	TYLOSIN	BLASTX	284	287	100.00	90.59	287	WP_459076516.1	BCB family alpha/beta fold macrolide esterase		
GCF_002566555.1		NZ_NUYG01000070.1	22569	23339	+	bla2	BcII family subclass B1 metallo-beta-lactamase	core	AMR	AMR	BETA-LACTAM	CARBAPENEM	BLASTX	257	257	100.00	96.89	257	WP_063839879.1	BcII family subclass B1 metallo-beta-lactamase		
GCF_002566555.1		NZ_NUYG01000073.1	24990	25907	-	bla	class A beta-lactamase Bla1	core	AMR	AMR	BETA-LACTAM	BETA-LACTAM	BLASTX	306	306	100.00	96.08	306	WP_063842248.1	class A beta-lactamase Bla1		
GCF_002566555.1		NZ_NUYG01000101.1	10986	11537	-	satA	streptothricin N-acetyltransferase SatA	core	AMR	AMR	STREPTOTHRICIN	STREPTOTHRICIN	BLASTX	184	184	98.91	88.59	184	WP_000054744.1	streptothricin N-acetyltransferase SatA		
GCF_002566605.1		NZ_NUYM01000008.1	13284	14054	-	bla2	BcII family subclass B1 metallo-beta-lactamase	core	AMR	AMR	BETA-LACTAM	CARBAPENEM	BLASTX	257	257	100.00	92.22	257	WP_063839879.1	BcII family subclass B1 metallo-beta-lactamase		
GCF_002566605.1		NZ_NUYM01000013.1	215788	216201	+	fosB	FosBx1 family fosfomycin resistance bacillithiol transferase	core	AMR	AMR	FOSFOMYCIN	FOSFOMYCIN	BLASTX	138	138	100.00	98.55	138	WP_000943763.1	fosfomycin resistance bacillithiol transferase FosBx1		
GCF_002566605.1		NZ_NUYM01000022.1	762	1613	+	mleBCB	BCB family alpha/beta fold macrolide esterase	core	AMR	AMR	MACROLIDE	TYLOSIN	BLASTX	284	287	100.00	98.26	287	WP_459076516.1	BCB family alpha/beta fold macrolide esterase		
GCF_002566605.1		NZ_NUYM01000022.1	114871	115422	-	satA	streptothricin N-acetyltransferase SatA	core	AMR	AMR	STREPTOTHRICIN	STREPTOTHRICIN	BLASTX	184	184	98.91	89.13	184	WP_000054744.1	streptothricin N-acetyltransferase SatA		
GCF_002566605.1		NZ_NUYM01000042.1	22866	23783	+	bla	class A beta-lactamase Bla1	core	AMR	AMR	BETA-LACTAM	BETA-LACTAM	BLASTX	306	306	100.00	96.73	306	WP_063842248.1	class A beta-lactamase Bla1		
GCF_002566645.1		NZ_NUYX01000011.1	70964	71515	+	satA	streptothricin N-acetyltransferase SatA	core	AMR	AMR	STREPTOTHRICIN	STREPTOTHRICIN	BLASTX	184	184	98.91	89.67	184	WP_000054744.1	streptothricin N-acetyltransferase SatA		
GCF_002566645.1		NZ_NUYX01000011.1	307789	308301	-	bla2	BcII family subclass B1 metallo-beta-lactamase	core	AMR	AMR	BETA-LACTAM	CARBAPENEM	PARTIALX	171	257	66.54	92.40	171	WP_012261328.1	BcII family subclass B1 metallo-beta-lactamase		
GCF_002566645.1		NZ_NUYX01000026.1	131059	131472	+	fosB	FosBx1 family fosfomycin resistance bacillithiol transferase	core	AMR	AMR	FOSFOMYCIN	FOSFOMYCIN	BLASTX	138	138	100.00	99.28	138	WP_000943763.1	fosfomycin resistance bacillithiol transferase FosBx1		
GCF_002566645.1		NZ_NUYX01000030.1	78951	80324	-	tet(45)	tetracycline efflux MFS transporter Tet(45)	core	AMR	AMR	TETRACYCLINE	TETRACYCLINE	BLASTX	458	458	100.00	91.48	458	WP_063855885.1	tetracycline efflux MFS transporter Tet(45)		
GCF_002566645.1		NZ_NUYX01000102.1	24761	25678	+	bla	class A beta-lactamase Bla1	core	AMR	AMR	BETA-LACTAM	BETA-LACTAM	BLASTX	306	306	100.00	95.10	306	WP_063842248.1	class A beta-lactamase Bla1		
GCF_002566645.1		NZ_NUYX01000109.1	8573	9733	-	vanS-Pt	vancomycin resistance histidine kinase VanS-Pt	core	AMR	AMR	GLYCOPEPTIDE	VANCOMYCIN	BLASTX	387	388	99.74	90.44	387	WP_063856742.1	vancomycin resistance histidine kinase VanS-Pt		
GCF_002566645.1		NZ_NUYX01000109.1	9717	10409	-	vanR-A	vancomycin resistance response regulator transcription factor VanR-A	core	AMR	AMR	GLYCOPEPTIDE	VANCOMYCIN	BLASTX	231	231	100.00	92.64	231	WP_063856721.1	vancomycin resistance response regulator transcription factor VanR-A		
GCF_002566755.1		NZ_NUZI01000002.1	31417	31968	+	satA	streptothricin N-acetyltransferase SatA	core	AMR	AMR	STREPTOTHRICIN	STREPTOTHRICIN	BLASTX	184	184	98.91	89.67	184	WP_000054744.1	streptothricin N-acetyltransferase SatA		
GCF_002566755.1		NZ_NUZI01000002.1	182446	183297	-	mleBCB	BCB family alpha/beta fold macrolide esterase	core	AMR	AMR	MACROLIDE	TYLOSIN	BLASTX	284	287	100.00	98.26	287	WP_459076516.1	BCB family alpha/beta fold macrolide esterase		
GCF_002566755.1		NZ_NUZI01000002.1	297113	297883	-	bla2	BcII family subclass B1 metallo-beta-lactamase	core	AMR	AMR	BETA-LACTAM	CARBAPENEM	BLASTX	257	257	100.00	93.00	257	WP_063839879.1	BcII family subclass B1 metallo-beta-lactamase		
GCF_002566755.1		NZ_NUZI01000031.1	16853	17266	-	fosB	FosBx1 family fosfomycin resistance bacillithiol transferase	core	AMR	AMR	FOSFOMYCIN	FOSFOMYCIN	BLASTX	138	138	100.00	98.55	138	WP_000943763.1	fosfomycin resistance bacillithiol transferase FosBx1		
GCF_002566755.1		NZ_NUZI01000038.1	26853	28226	+	tet(45)	tetracycline efflux MFS transporter Tet(45)	core	AMR	AMR	TETRACYCLINE	TETRACYCLINE	BLASTX	458	458	100.00	91.05	458	WP_063855885.1	tetracycline efflux MFS transporter Tet(45)		
GCF_002566755.1		NZ_NUZI01000070.1	1722	2138	+	fosB	FosB/FosD family fosfomycin resistance bacillithiol transferase	core	AMR	AMR	FOSFOMYCIN	FOSFOMYCIN	BLASTX	139	139	100.00	98.56	139	WP_000938987.1	fosfomycin resistance bacillithiol transferase FosB2		
GCF_002566755.1		NZ_NUZI01000073.1	4512	5354	-	mleBCB	BCB family alpha/beta fold macrolide esterase	core	AMR	AMR	MACROLIDE	TYLOSIN	BLASTX	281	287	97.91	91.10	281	WP_459076516.1	BCB family alpha/beta fold macrolide esterase		
GCF_002566755.1		NZ_NUZI01000105.1	8363	9280	+	bla	class A beta-lactamase Bla1	core	AMR	AMR	BETA-LACTAM	BETA-LACTAM	BLASTX	306	306	100.00	96.08	306	WP_063842248.1	class A beta-lactamase Bla1		
GCF_002566845.1		NZ_NUZN01000021.1	8036	9307	+	abaF	fosfomycin efflux MFS transporter AbaF	plus	AMR	AMR	FOSFOMYCIN	FOSFOMYCIN	BLASTX	424	429	98.83	85.38	424	ABO11759.2	fosfomycin efflux MFS transporter AbaF		
GCF_002566935.1		NZ_NUZR01000005.1	106908	107678	-	bla2	BcII family subclass B1 metallo-beta-lactamase	core	AMR	AMR	BETA-LACTAM	CARBAPENEM	BLASTX	257	257	100.00	96.89	257	WP_063839879.1	BcII family subclass B1 metallo-beta-lactamase		
GCF_002566935.1		NZ_NUZR01000008.1	220785	221198	-	fosB	FosBx1 family fosfomycin resistance bacillithiol transferase	core	AMR	AMR	FOSFOMYCIN	FOSFOMYCIN	BLASTX	138	138	100.00	99.28	138	WP_000943763.1	fosfomycin resistance bacillithiol transferase FosBx1		
GCF_002566935.1		NZ_NUZR01000013.1	208056	208607	+	satA	streptothricin N-acetyltransferase SatA	core	AMR	AMR	STREPTOTHRICIN	STREPTOTHRICIN	BLASTX	184	184	98.91	88.59	184	WP_000054744.1	streptothricin N-acetyltransferase SatA		
GCF_002566935.1		NZ_NUZR01000025.1	46694	48067	+	tet(45)	tetracycline efflux MFS transporter Tet(45)	core	AMR	AMR	TETRACYCLINE	TETRACYCLINE	BLASTX	458	458	100.00	90.61	458	WP_063855885.1	tetracycline efflux MFS transporter Tet(45)		
GCF_002566935.1		NZ_NUZR01000027.1	12767	13684	+	bla	class A beta-lactamase Bla1	core	AMR	AMR	BETA-LACTAM	BETA-LACTAM	BLASTX	306	306	100.00	95.75	306	WP_063842248.1	class A beta-lactamase Bla1		
GCF_002566935.1		NZ_NUZR01000056.1	6106	6957	+	mleBCB	BCB family alpha/beta fold macrolide esterase	core	AMR	AMR	MACROLIDE	TYLOSIN	BLASTX	284	287	100.00	90.59	287	WP_459076516.1	BCB family alpha/beta fold macrolide esterase		
GCF_002566935.1		NZ_NUZR01000084.1	3831	4994	-	vanS-Pt	vancomycin resistance histidine kinase VanS-Pt	core	AMR	AMR	GLYCOPEPTIDE	VANCOMYCIN	BLASTX	388	386	100.00	91.75	388	WP_063856741.1	vancomycin resistance histidine kinase VanS-Pt		
GCF_002566935.1		NZ_NUZR01000084.1	4978	5667	-	vanR-A	vancomycin resistance response regulator transcription factor VanR-A	core	AMR	AMR	GLYCOPEPTIDE	VANCOMYCIN	BLASTX	230	231	99.57	93.48	230	WP_063856721.1	vancomycin resistance response regulator transcription factor VanR-A		
GCF_002567065.1		NZ_NUZY01000022.1	11196	12113	+	bla	class A beta-lactamase Bla1	core	AMR	AMR	BETA-LACTAM	BETA-LACTAM	BLASTX	306	306	100.00	96.08	306	WP_063842248.1	class A beta-lactamase Bla1		
GCF_002567065.1		NZ_NUZY01000030.1	16792	17205	-	fosB	FosBx1 family fosfomycin resistance bacillithiol transferase	core	AMR	AMR	FOSFOMYCIN	FOSFOMYCIN	BLASTX	138	138	100.00	99.28	138	WP_000943763.1	fosfomycin resistance bacillithiol transferase FosBx1		
GCF_002567065.1		NZ_NUZY01000045.1	3856	5016	-	vanS-Pt	vancomycin resistance histidine kinase VanS-Pt	core	AMR	AMR	GLYCOPEPTIDE	VANCOMYCIN	BLASTX	387	388	99.74	90.44	387	WP_063856742.1	vancomycin resistance histidine kinase VanS-Pt		
GCF_002567065.1		NZ_NUZY01000045.1	5000	5692	-	vanR-A	vancomycin resistance response regulator transcription factor VanR-A	core	AMR	AMR	GLYCOPEPTIDE	VANCOMYCIN	BLASTX	231	231	100.00	93.07	231	WP_063856721.1	vancomycin resistance response regulator transcription factor VanR-A		
GCF_002567065.1		NZ_NUZY01000045.1	36196	37569	-	tet(45)	tetracycline efflux MFS transporter Tet(45)	core	AMR	AMR	TETRACYCLINE	TETRACYCLINE	BLASTX	458	458	100.00	91.48	458	WP_063855885.1	tetracycline efflux MFS transporter Tet(45)		
GCF_002567065.1		NZ_NUZY01000205.1	5409	6179	+	bla2	BcII family subclass B1 metallo-beta-lactamase	core	AMR	AMR	BETA-LACTAM	CARBAPENEM	BLASTX	257	257	100.00	94.55	257	WP_063839879.1	BcII family subclass B1 metallo-beta-lactamase		
GCF_002567265.1		NZ_NVCA01000013.1	6395	6946	-	satA	streptothricin N-acetyltransferase SatA	core	AMR	AMR	STREPTOTHRICIN	STREPTOTHRICIN	BLASTX	184	184	98.91	89.67	184	WP_000054744.1	streptothricin N-acetyltransferase SatA		
GCF_002567265.1		NZ_NVCA01000016.1	26665	28038	+	tet(45)	tetracycline efflux MFS transporter Tet(45)	core	AMR	AMR	TETRACYCLINE	TETRACYCLINE	BLASTX	458	458	100.00	91.48	458	WP_063855885.1	tetracycline efflux MFS transporter Tet(45)		
GCF_002567265.1		NZ_NVCA01000017.1	84857	85774	-	bla	class A beta-lactamase Bla1	core	AMR	AMR	BETA-LACTAM	BETA-LACTAM	BLASTX	306	306	100.00	95.10	306	WP_063842248.1	class A beta-lactamase Bla1		
GCF_002567265.1		NZ_NVCA01000024.1	135340	135753	-	fosB	FosBx1 family fosfomycin resistance bacillithiol transferase	core	AMR	AMR	FOSFOMYCIN	FOSFOMYCIN	BLASTX	138	138	100.00	97.83	138	WP_000943763.1	fosfomycin resistance bacillithiol transferase FosBx1		
GCF_002567265.1		NZ_NVCA01000028.1	97337	98188	+	mleBCB	BCB family alpha/beta fold macrolide esterase	core	AMR	AMR	MACROLIDE	TYLOSIN	BLASTX	284	287	100.00	98.26	287	WP_459076516.1	BCB family alpha/beta fold macrolide esterase		
GCF_002567265.1		NZ_NVCA01000070.1	15284	16054	-	bla2	BcII family subclass B1 metallo-beta-lactamase	core	AMR	AMR	BETA-LACTAM	CARBAPENEM	BLASTX	257	257	100.00	96.50	257	WP_063839879.1	BcII family subclass B1 metallo-beta-lactamase		
GCF_002567265.1		NZ_NVCA01000114.1	4507	5199	-	vanR-A	vancomycin resistance response regulator transcription factor VanR-A	core	AMR	AMR	GLYCOPEPTIDE	VANCOMYCIN	BLASTX	231	231	100.00	93.07	231	WP_063856721.1	vancomycin resistance response regulator transcription factor VanR-A		
GCF_002567295.1		NZ_NVCC01000013.1	18365	18778	-	fosB	FosBx1 family fosfomycin resistance bacillithiol transferase	core	AMR	AMR	FOSFOMYCIN	FOSFOMYCIN	BLASTX	138	138	100.00	98.55	138	WP_000943763.1	fosfomycin resistance bacillithiol transferase FosBx1		
GCF_002567295.1		NZ_NVCC01000017.1	2805	3722	+	bla	class A beta-lactamase Bla1	core	AMR	AMR	BETA-LACTAM	BETA-LACTAM	BLASTX	306	306	100.00	95.42	306	WP_063842248.1	class A beta-lactamase Bla1		
GCF_002567295.1		NZ_NVCC01000026.1	195172	195942	-	bla2	BcII family subclass B1 metallo-beta-lactamase	core	AMR	AMR	BETA-LACTAM	CARBAPENEM	BLASTX	257	257	100.00	93.77	257	WP_063839879.1	BcII family subclass B1 metallo-beta-lactamase		
GCF_002567295.1		NZ_NVCC01000039.1	11830	12381	-	satA	streptothricin N-acetyltransferase SatA	core	AMR	AMR	STREPTOTHRICIN	STREPTOTHRICIN	BLASTX	184	184	98.91	89.67	184	WP_000054744.1	streptothricin N-acetyltransferase SatA		
GCF_002567375.1		NZ_NVAJ01000038.1	47541	48311	+	bla2	BcII family subclass B1 metallo-beta-lactamase	core	AMR	AMR	BETA-LACTAM	CARBAPENEM	BLASTX	257	257	100.00	93.39	257	WP_063839879.1	BcII family subclass B1 metallo-beta-lactamase		
GCF_002567375.1		NZ_NVAJ01000043.1	15605	16522	-	bla	class A beta-lactamase Bla1	core	AMR	AMR	BETA-LACTAM	BETA-LACTAM	BLASTX	306	306	100.00	96.73	306	WP_063842248.1	class A beta-lactamase Bla1		
GCF_002567375.1		NZ_NVAJ01000052.1	30823	31674	-	mleBCB	BCB family alpha/beta fold macrolide esterase	core	AMR	AMR	MACROLIDE	TYLOSIN	BLASTX	284	287	100.00	91.29	287	WP_459076516.1	BCB family alpha/beta fold macrolide esterase		
GCF_002567375.1		NZ_NVAJ01000064.1	34712	35125	-	fosB	FosBx1 family fosfomycin resistance bacillithiol transferase	core	AMR	AMR	FOSFOMYCIN	FOSFOMYCIN	BLASTX	138	138	100.00	99.28	138	WP_000943763.1	fosfomycin resistance bacillithiol transferase FosBx1		
GCF_002567675.1		NZ_NVAY01000003.1	54117	55490	+	tet(45)	tetracycline efflux MFS transporter Tet(45)	core	AMR	AMR	TETRACYCLINE	TETRACYCLINE	BLASTX	458	458	100.00	91.92	458	WP_063855885.1	tetracycline efflux MFS transporter Tet(45)		
GCF_002567675.1		NZ_NVAY01000005.1	249170	249583	-	fosB	FosBx1 family fosfomycin resistance bacillithiol transferase	core	AMR	AMR	FOSFOMYCIN	FOSFOMYCIN	BLASTX	138	138	100.00	99.28	138	WP_000943763.1	fosfomycin resistance bacillithiol transferase FosBx1		
GCF_002567675.1		NZ_NVAY01000018.1	175440	176357	-	bla	class A beta-lactamase Bla1	core	AMR	AMR	BETA-LACTAM	BETA-LACTAM	BLASTX	306	306	100.00	96.08	306	WP_063842248.1	class A beta-lactamase Bla1		
GCF_002567675.1		NZ_NVAY01000023.1	2147	2839	+	vanR-A	vancomycin resistance response regulator transcription factor VanR-A	core	AMR	AMR	GLYCOPEPTIDE	VANCOMYCIN	BLASTX	231	231	100.00	93.07	231	WP_063856721.1	vancomycin resistance response regulator transcription factor VanR-A		
GCF_002567675.1		NZ_NVAY01000023.1	2823	3983	+	vanS-Pt	vancomycin resistance histidine kinase VanS-Pt	core	AMR	AMR	GLYCOPEPTIDE	VANCOMYCIN	BLASTX	387	388	99.74	90.18	387	WP_063856742.1	vancomycin resistance histidine kinase VanS-Pt		
GCF_002567675.1		NZ_NVAY01000028.1	17409	18251	+	mleBCB	BCB family alpha/beta fold macrolide esterase	core	AMR	AMR	MACROLIDE	TYLOSIN	BLASTX	281	287	97.91	91.10	281	WP_459076516.1	BCB family alpha/beta fold macrolide esterase		
GCF_002567675.1		NZ_NVAY01000031.1	35491	35907	-	fosB	FosB/FosD family fosfomycin resistance bacillithiol transferase	core	AMR	AMR	FOSFOMYCIN	FOSFOMYCIN	BLASTX	139	139	100.00	97.84	139	WP_000938987.1	fosfomycin resistance bacillithiol transferase FosB2		
GCF_002567675.1		NZ_NVAY01000033.1	76805	77575	+	bla2	BcII family subclass B1 metallo-beta-lactamase	core	AMR	AMR	BETA-LACTAM	CARBAPENEM	BLASTX	257	257	100.00	92.61	257	WP_063839879.1	BcII family subclass B1 metallo-beta-lactamase		
GCF_002567745.1		NZ_NVBC01000004.1	109048	109740	-	vanR-A	vancomycin resistance response regulator transcription factor VanR-A	core	AMR	AMR	GLYCOPEPTIDE	VANCOMYCIN	BLASTX	231	231	100.00	92.21	231	WP_063856721.1	vancomycin resistance response regulator transcription factor VanR-A		
GCF_002567745.1		NZ_NVBC01000009.1	13202	14053	+	mleBCB	BCB family alpha/beta fold macrolide esterase	core	AMR	AMR	MACROLIDE	TYLOSIN	BLASTX	284	287	100.00	91.64	287	WP_459076516.1	BCB family alpha/beta fold macrolide esterase		
GCF_002567745.1		NZ_NVBC01000016.1	34974	35825	+	mleBCA	BCA family alpha/beta fold macrolide esterase	core	AMR	AMR	MACROLIDE	TYLOSIN	BLASTX	284	287	98.95	91.55	284	WP_000140039.1	BCA family alpha/beta fold macrolide esterase		
GCF_002567745.1		NZ_NVBC01000032.1	142132	142902	-	bla2	BcII family subclass B1 metallo-beta-lactamase	core	AMR	AMR	BETA-LACTAM	CARBAPENEM	BLASTX	257	257	100.00	95.33	257	WP_012261328.1	BcII family subclass B1 metallo-beta-lactamase		
GCF_002567745.1		NZ_NVBC01000044.1	1320	1871	-	satA	streptothricin N-acetyltransferase SatA	core	AMR	AMR	STREPTOTHRICIN	STREPTOTHRICIN	BLASTX	184	184	98.91	91.30	184	WP_000054744.1	streptothricin N-acetyltransferase SatA		
GCF_002567745.1		NZ_NVBC01000049.1	5629	6543	-	bla	class A beta-lactamase Bla1	core	AMR	AMR	BETA-LACTAM	BETA-LACTAM	BLASTX	305	306	99.67	93.11	305	WP_003171307.1	class A beta-lactamase Bla1		
GCF_002567785.1		NZ_NVBD01000111.1	9830	11101	+	abaF	fosfomycin efflux MFS transporter AbaF	plus	AMR	AMR	FOSFOMYCIN	FOSFOMYCIN	BLASTX	424	429	98.83	85.38	424	ABO11759.2	fosfomycin efflux MFS transporter AbaF		
GCF_002567875.1		NZ_NVBT01000013.1	76871	78244	-	tet(45)	tetracycline efflux MFS transporter Tet(45)	core	AMR	AMR	TETRACYCLINE	TETRACYCLINE	BLASTX	458	458	100.00	91.70	458	WP_063855885.1	tetracycline efflux MFS transporter Tet(45)		
GCF_002567875.1		NZ_NVBT01000023.1	7515	8066	-	satA	streptothricin N-acetyltransferase SatA	core	AMR	AMR	STREPTOTHRICIN	STREPTOTHRICIN	BLASTX	184	184	98.91	89.67	184	WP_000054744.1	streptothricin N-acetyltransferase SatA		
GCF_002567875.1		NZ_NVBT01000029.1	2639	3556	+	bla	class A beta-lactamase Bla1	core	AMR	AMR	BETA-LACTAM	BETA-LACTAM	BLASTX	306	306	100.00	95.42	306	WP_063842248.1	class A beta-lactamase Bla1		
GCF_002567875.1		NZ_NVBT01000030.1	10940	11356	+	fosB	FosB/FosD family fosfomycin resistance bacillithiol transferase	core	AMR	AMR	FOSFOMYCIN	FOSFOMYCIN	BLASTX	139	139	100.00	99.28	139	WP_000938987.1	fosfomycin resistance bacillithiol transferase FosB2		
GCF_002567875.1		NZ_NVBT01000032.1	13037	13450	+	fosB	FosBx1 family fosfomycin resistance bacillithiol transferase	core	AMR	AMR	FOSFOMYCIN	FOSFOMYCIN	BLASTX	138	138	100.00	97.83	138	WP_000943763.1	fosfomycin resistance bacillithiol transferase FosBx1		
GCF_002567875.1		NZ_NVBT01000047.1	5423	6568	-	vanS-Pt	vancomycin resistance histidine kinase VanS-Pt	core	AMR	AMR	GLYCOPEPTIDE	VANCOMYCIN	BLASTX	382	386	98.96	90.58	382	WP_063856741.1	vancomycin resistance histidine kinase VanS-Pt		
GCF_002567875.1		NZ_NVBT01000047.1	6555	7247	-	vanR-A	vancomycin resistance response regulator transcription factor VanR-A	core	AMR	AMR	GLYCOPEPTIDE	VANCOMYCIN	BLASTX	231	231	100.00	93.51	231	WP_063856721.1	vancomycin resistance response regulator transcription factor VanR-A		
GCF_002567875.1		NZ_NVBT01000057.1	8763	9614	+	mleBCB	BCB family alpha/beta fold macrolide esterase	core	AMR	AMR	MACROLIDE	TYLOSIN	BLASTX	284	287	100.00	97.91	287	WP_459076516.1	BCB family alpha/beta fold macrolide esterase		
GCF_002567875.1		NZ_NVBT01000059.1	53453	54223	+	bla2	BcII family subclass B1 metallo-beta-lactamase	core	AMR	AMR	BETA-LACTAM	CARBAPENEM	BLASTX	257	257	100.00	96.89	257	WP_063839879.1	BcII family subclass B1 metallo-beta-lactamase		
GCF_002567905.1		NZ_NVBU01000006.1	135091	135504	+	fosB	FosBx1 family fosfomycin resistance bacillithiol transferase	core	AMR	AMR	FOSFOMYCIN	FOSFOMYCIN	BLASTX	138	138	100.00	97.10	138	WP_000943763.1	fosfomycin resistance bacillithiol transferase FosBx1		
GCF_002567905.1		NZ_NVBU01000019.1	28448	28999	+	satA	streptothricin N-acetyltransferase SatA	core	AMR	AMR	STREPTOTHRICIN	STREPTOTHRICIN	BLASTX	184	184	98.91	89.67	184	WP_000054744.1	streptothricin N-acetyltransferase SatA		
GCF_002567905.1		NZ_NVBU01000019.1	284889	285401	-	bla2	BcII family subclass B1 metallo-beta-lactamase	core	AMR	AMR	BETA-LACTAM	CARBAPENEM	PARTIALX	171	257	66.54	91.81	171	WP_012261328.1	BcII family subclass B1 metallo-beta-lactamase		
GCF_002567905.1		NZ_NVBU01000022.1	2841	3758	+	bla	class A beta-lactamase Bla1	core	AMR	AMR	BETA-LACTAM	BETA-LACTAM	BLASTX	306	306	100.00	96.73	306	WP_063842248.1	class A beta-lactamase Bla1		
GCF_002567955.1		NZ_NVBX01000006.1	135077	135490	+	fosB	FosBx1 family fosfomycin resistance bacillithiol transferase	core	AMR	AMR	FOSFOMYCIN	FOSFOMYCIN	BLASTX	138	138	100.00	97.10	138	WP_000943763.1	fosfomycin resistance bacillithiol transferase FosBx1		
GCF_002567955.1		NZ_NVBX01000017.1	196962	197513	+	satA	streptothricin N-acetyltransferase SatA	core	AMR	AMR	STREPTOTHRICIN	STREPTOTHRICIN	BLASTX	184	184	98.91	89.67	184	WP_000054744.1	streptothricin N-acetyltransferase SatA		
GCF_002567955.1		NZ_NVBX01000017.1	453405	453917	-	bla2	BcII family subclass B1 metallo-beta-lactamase	core	AMR	AMR	BETA-LACTAM	CARBAPENEM	PARTIALX	171	257	66.54	91.81	171	WP_012261328.1	BcII family subclass B1 metallo-beta-lactamase		
GCF_002567955.1		NZ_NVBX01000041.1	5839	6756	+	bla	class A beta-lactamase Bla1	core	AMR	AMR	BETA-LACTAM	BETA-LACTAM	BLASTX	306	306	100.00	96.73	306	WP_063842248.1	class A beta-lactamase Bla1		
GCF_002568175.1		NZ_NVBJ01000014.1	51945	53147	+	tet(45)	tetracycline efflux MFS transporter Tet(45)	core	AMR	AMR	TETRACYCLINE	TETRACYCLINE	PARTIALX	401	458	87.55	90.52	401	WP_063855885.1	tetracycline efflux MFS transporter Tet(45)		
GCF_002568175.1		NZ_NVBJ01000017.1	17114	17884	-	bla2	BcII family subclass B1 metallo-beta-lactamase	core	AMR	AMR	BETA-LACTAM	CARBAPENEM	BLASTX	257	257	100.00	96.89	257	WP_063839879.1	BcII family subclass B1 metallo-beta-lactamase		
GCF_002568175.1		NZ_NVBJ01000020.1	76300	77217	-	bla	class A beta-lactamase Bla1	core	AMR	AMR	BETA-LACTAM	BETA-LACTAM	BLASTX	306	306	100.00	95.42	306	WP_063842248.1	class A beta-lactamase Bla1		
GCF_002568175.1		NZ_NVBJ01000021.1	51278	51829	+	satA	streptothricin N-acetyltransferase SatA	core	AMR	AMR	STREPTOTHRICIN	STREPTOTHRICIN	BLASTX	184	184	98.91	89.67	184	WP_000054744.1	streptothricin N-acetyltransferase SatA		
GCF_002568175.1		NZ_NVBJ01000041.1	10957	11373	+	fosB	FosB/FosD family fosfomycin resistance bacillithiol transferase	core	AMR	AMR	FOSFOMYCIN	FOSFOMYCIN	BLASTX	139	139	100.00	99.28	139	WP_000938987.1	fosfomycin resistance bacillithiol transferase FosB2		
GCF_002568175.1		NZ_NVBJ01000055.1	488	1339	+	mleBCB	BCB family alpha/beta fold macrolide esterase	core	AMR	AMR	MACROLIDE	TYLOSIN	BLASTX	284	287	100.00	97.91	287	WP_459076516.1	BCB family alpha/beta fold macrolide esterase		
GCF_002568175.1		NZ_NVBJ01000059.1	12396	13238	+	mleBCB	BCB family alpha/beta fold macrolide esterase	core	AMR	AMR	MACROLIDE	TYLOSIN	BLASTX	281	287	97.91	91.10	281	WP_459076516.1	BCB family alpha/beta fold macrolide esterase		
GCF_002568175.1		NZ_NVBJ01000067.1	18344	18757	-	fosB	FosBx1 family fosfomycin resistance bacillithiol transferase	core	AMR	AMR	FOSFOMYCIN	FOSFOMYCIN	BLASTX	138	138	100.00	97.83	138	WP_000943763.1	fosfomycin resistance bacillithiol transferase FosBx1		
GCF_002568175.1		NZ_NVBJ01000098.1	3585	4730	-	vanS-Pt	vancomycin resistance histidine kinase VanS-Pt	core	AMR	AMR	GLYCOPEPTIDE	VANCOMYCIN	BLASTX	382	386	98.96	90.31	382	WP_063856741.1	vancomycin resistance histidine kinase VanS-Pt		
GCF_002568175.1		NZ_NVBJ01000098.1	4717	5409	-	vanR-A	vancomycin resistance response regulator transcription factor VanR-A	core	AMR	AMR	GLYCOPEPTIDE	VANCOMYCIN	BLASTX	231	231	100.00	93.51	231	WP_063856721.1	vancomycin resistance response regulator transcription factor VanR-A		
GCF_002568175.1		NZ_NVBJ01000143.1	9793	10740	+	blaIII	class A beta-lactamase BlaIII	core	AMR	AMR	BETA-LACTAM	BETA-LACTAM	BLASTX	316	316	100.00	95.57	316	WP_000497840.1	class A beta-lactamase BlaIII		
GCF_002568265.1		NZ_NVCG01000021.1	91399	91812	+	fosB	FosBx1 family fosfomycin resistance bacillithiol transferase	core	AMR	AMR	FOSFOMYCIN	FOSFOMYCIN	BLASTX	138	138	100.00	98.55	138	WP_000943763.1	fosfomycin resistance bacillithiol transferase FosBx1		
GCF_002568265.1		NZ_NVCG01000022.1	13243	14013	-	bla2	BcII family subclass B1 metallo-beta-lactamase	core	AMR	AMR	BETA-LACTAM	CARBAPENEM	BLASTX	257	257	100.00	94.94	257	WP_063839879.1	BcII family subclass B1 metallo-beta-lactamase		
GCF_002568265.1		NZ_NVCG01000023.1	84453	85370	-	bla	class A beta-lactamase Bla1	core	AMR	AMR	BETA-LACTAM	BETA-LACTAM	BLASTX	306	306	100.00	96.08	306	WP_063842248.1	class A beta-lactamase Bla1		
GCF_002568265.1		NZ_NVCG01000025.1	97700	98551	+	mleBCB	BCB family alpha/beta fold macrolide esterase	core	AMR	AMR	MACROLIDE	TYLOSIN	BLASTX	284	287	100.00	98.26	287	WP_459076516.1	BCB family alpha/beta fold macrolide esterase		
GCF_002568265.1		NZ_NVCG01000028.1	80497	81048	+	satA	streptothricin N-acetyltransferase SatA	core	AMR	AMR	STREPTOTHRICIN	STREPTOTHRICIN	BLASTX	184	184	98.91	89.67	184	WP_000054744.1	streptothricin N-acetyltransferase SatA		
GCF_002568265.1		NZ_NVCG01000041.1	6296	7243	-	blaIII	class A beta-lactamase BlaIII	core	AMR	AMR	BETA-LACTAM	BETA-LACTAM	BLASTX	316	316	100.00	98.42	316	WP_000497840.1	class A beta-lactamase BlaIII		
GCF_002568265.1		NZ_NVCG01000053.1	4022	4714	+	vanR-A	vancomycin resistance response regulator transcription factor VanR-A	core	AMR	AMR	GLYCOPEPTIDE	VANCOMYCIN	BLASTX	231	231	100.00	93.07	231	WP_063856721.1	vancomycin resistance response regulator transcription factor VanR-A		
GCF_002568265.1		NZ_NVCG01000053.1	4722	5870	+	vanS-Pt	vancomycin resistance histidine kinase VanS-Pt	core	AMR	AMR	GLYCOPEPTIDE	VANCOMYCIN	BLASTX	383	386	99.22	90.86	383	WP_063856741.1	vancomycin resistance histidine kinase VanS-Pt		
GCF_002568425.1		NZ_NVBI01000001.1	60382	61146	+	bla2	BcII family subclass B1 metallo-beta-lactamase	core	AMR	AMR	BETA-LACTAM	CARBAPENEM	BLASTX	255	257	99.22	92.55	255	WP_012261328.1	BcII family subclass B1 metallo-beta-lactamase		
GCF_002568425.1		NZ_NVBI01000022.1	91883	92734	-	mleBCB	BCB family alpha/beta fold macrolide esterase	core	AMR	AMR	MACROLIDE	TYLOSIN	BLASTX	284	287	100.00	91.64	287	WP_459076516.1	BCB family alpha/beta fold macrolide esterase		
GCF_002568425.1		NZ_NVBI01000036.1	5496	6410	-	bla	class A beta-lactamase Bla1	core	AMR	AMR	BETA-LACTAM	BETA-LACTAM	BLASTX	305	306	99.67	92.79	305	WP_003171307.1	class A beta-lactamase Bla1		
GCF_002568425.1		NZ_NVBI01000038.1	6155	6706	-	satA	streptothricin N-acetyltransferase SatA	core	AMR	AMR	STREPTOTHRICIN	STREPTOTHRICIN	BLASTX	184	184	98.91	91.30	184	WP_000054744.1	streptothricin N-acetyltransferase SatA		
GCF_002568425.1		NZ_NVBI01000111.1	12276	13127	+	mleBCA	BCA family alpha/beta fold macrolide esterase	core	AMR	AMR	MACROLIDE	TYLOSIN	BLASTX	284	287	98.95	91.90	284	WP_000140039.1	BCA family alpha/beta fold macrolide esterase		
GCF_002568425.1		NZ_NVBI01000117.1	21274	21966	-	vanR-A	vancomycin resistance response regulator transcription factor VanR-A	core	AMR	AMR	GLYCOPEPTIDE	VANCOMYCIN	BLASTX	231	231	100.00	92.21	231	WP_063856721.1	vancomycin resistance response regulator transcription factor VanR-A		
GCF_002568525.1		NZ_NVCF01000011.1	82765	83277	+	bla2	BcII family subclass B1 metallo-beta-lactamase	core	AMR	AMR	BETA-LACTAM	CARBAPENEM	PARTIALX	171	257	66.54	91.81	171	WP_012261328.1	BcII family subclass B1 metallo-beta-lactamase		
GCF_002568525.1		NZ_NVCF01000011.1	339171	339722	-	satA	streptothricin N-acetyltransferase SatA	core	AMR	AMR	STREPTOTHRICIN	STREPTOTHRICIN	BLASTX	184	184	98.91	89.67	184	WP_000054744.1	streptothricin N-acetyltransferase SatA		
GCF_002568525.1		NZ_NVCF01000014.1	3333	4250	+	bla	class A beta-lactamase Bla1	core	AMR	AMR	BETA-LACTAM	BETA-LACTAM	BLASTX	306	306	100.00	96.73	306	WP_063842248.1	class A beta-lactamase Bla1		
GCF_002568525.1		NZ_NVCF01000025.1	135089	135502	+	fosB	FosBx1 family fosfomycin resistance bacillithiol transferase	core	AMR	AMR	FOSFOMYCIN	FOSFOMYCIN	BLASTX	138	138	100.00	97.10	138	WP_000943763.1	fosfomycin resistance bacillithiol transferase FosBx1		
GCF_002568595.1		NZ_NVCP01000021.1	37551	38102	+	satA	streptothricin N-acetyltransferase SatA	core	AMR	AMR	STREPTOTHRICIN	STREPTOTHRICIN	BLASTX	184	184	98.91	89.67	184	WP_000054744.1	streptothricin N-acetyltransferase SatA		
GCF_002568595.1		NZ_NVCP01000024.1	2449	2961	-	bla2	BcII family subclass B1 metallo-beta-lactamase	core	AMR	AMR	BETA-LACTAM	CARBAPENEM	PARTIALX	171	257	66.54	92.40	171	WP_012261328.1	BcII family subclass B1 metallo-beta-lactamase		
GCF_002568595.1		NZ_NVCP01000045.1	7503	8195	+	vanR-A	vancomycin resistance response regulator transcription factor VanR-A	core	AMR	AMR	GLYCOPEPTIDE	VANCOMYCIN	BLASTX	231	231	100.00	93.07	231	WP_063856721.1	vancomycin resistance response regulator transcription factor VanR-A		
GCF_002568595.1		NZ_NVCP01000045.1	111098	112471	-	tet(45)	tetracycline efflux MFS transporter Tet(45)	core	AMR	AMR	TETRACYCLINE	TETRACYCLINE	BLASTX	458	458	100.00	91.48	458	WP_063855885.1	tetracycline efflux MFS transporter Tet(45)		
GCF_002568595.1		NZ_NVCP01000068.1	19940	20353	+	fosB	FosBx1 family fosfomycin resistance bacillithiol transferase	core	AMR	AMR	FOSFOMYCIN	FOSFOMYCIN	BLASTX	138	138	100.00	99.28	138	WP_000943763.1	fosfomycin resistance bacillithiol transferase FosBx1		
GCF_002568595.1		NZ_NVCP01000211.1	180	1097	-	bla	class A beta-lactamase Bla1	core	AMR	AMR	BETA-LACTAM	BETA-LACTAM	BLASTX	306	306	100.00	95.10	306	WP_063842248.1	class A beta-lactamase Bla1		
GCF_002568725.1		NZ_NVFM01000035.1	403	1320	-	bla	class A beta-lactamase Bla1	core	AMR	AMR	BETA-LACTAM	BETA-LACTAM	BLASTX	306	306	100.00	93.14	306	WP_063842248.1	class A beta-lactamase Bla1		
GCF_002568725.1		NZ_NVFM01000043.1	245596	246504	+	mphL	macrolide 2'-phosphotransferase MphL	core	AMR	AMR	MACROLIDE	MACROLIDE	BLASTX	303	303	100.00	99.67	303	WP_002047670.1	macrolide 2'-phosphotransferase MphL		
GCF_002568725.1		NZ_NVFM01000046.1	68954	69502	-	satA	streptothricin N-acetyltransferase SatA	core	AMR	AMR	STREPTOTHRICIN	STREPTOTHRICIN	BLASTX	183	184	99.46	93.44	183	WP_000054744.1	streptothricin N-acetyltransferase SatA		
GCF_002568725.1		NZ_NVFM01000047.1	7064	7477	-	fosB	FosB family fosfomycin resistance bacillithiol transferase	core	AMR	AMR	FOSFOMYCIN	FOSFOMYCIN	BLASTX	138	138	100.00	99.28	138	WP_063851229.1	FosB family fosfomycin resistance bacillithiol transferase		
GCF_002568725.1		NZ_NVFM01000132.1	5635	6408	-	bla2	BcII family subclass B1 metallo-beta-lactamase	core	AMR	AMR	BETA-LACTAM	CARBAPENEM	BLASTX	258	257	100.00	95.35	258	WP_063839879.1	BcII family subclass B1 metallo-beta-lactamase		
GCF_002568745.1		NZ_NVFS01000012.1	97140	97910	-	bla2	BcII family subclass B1 metallo-beta-lactamase	core	AMR	AMR	BETA-LACTAM	CARBAPENEM	INTERNAL_STOP	257	257	100.00	92.61	257	WP_012261328.1	BcII family subclass B1 metallo-beta-lactamase		
GCF_002568745.1		NZ_NVFS01000040.1	11311	12228	+	bla	class A beta-lactamase Bla1	core	AMR	AMR	BETA-LACTAM	BETA-LACTAM	BLASTX	306	306	100.00	93.14	306	WP_063842248.1	class A beta-lactamase Bla1		
GCF_002568745.1		NZ_NVFS01000076.1	32124	33032	-	mphL	macrolide 2'-phosphotransferase MphL	core	AMR	AMR	MACROLIDE	MACROLIDE	BLASTX	303	303	100.00	99.67	303	WP_002047670.1	macrolide 2'-phosphotransferase MphL		
GCF_002568745.1		NZ_NVFS01000088.1	16413	16961	-	satA	streptothricin N-acetyltransferase SatA	core	AMR	AMR	STREPTOTHRICIN	STREPTOTHRICIN	BLASTX	183	184	99.46	93.99	183	WP_000054744.1	streptothricin N-acetyltransferase SatA		
GCF_002568825.1		NZ_NVGG01000002.1	14380	15276	-	mphM	macrolide 2'-phosphotransferase MphM	core	AMR	AMR	MACROLIDE	MACROLIDE	BLASTX	299	299	100.00	93.31	299	WP_016078774.1	macrolide 2'-phosphotransferase MphM		
GCF_002568825.1		NZ_NVGG01000005.1	11272	12042	-	bla2	BcII family subclass B1 metallo-beta-lactamase	core	AMR	AMR	BETA-LACTAM	CARBAPENEM	BLASTX	257	257	100.00	93.00	257	WP_063839879.1	BcII family subclass B1 metallo-beta-lactamase		
GCF_002568825.1		NZ_NVGG01000014.1	9234	10151	+	bla	class A beta-lactamase Bla1	core	AMR	AMR	BETA-LACTAM	BETA-LACTAM	BLASTX	306	306	100.00	94.44	306	WP_063842248.1	class A beta-lactamase Bla1		
GCF_002568825.1		NZ_NVGG01000021.1	179604	180152	+	satA	streptothricin N-acetyltransferase SatA	core	AMR	AMR	STREPTOTHRICIN	STREPTOTHRICIN	BLASTX	183	184	99.46	92.35	183	WP_000054744.1	streptothricin N-acetyltransferase SatA		
GCF_002568825.1		NZ_NVGG01000024.1	22609	23301	+	vanR-A	vancomycin resistance response regulator transcription factor VanR-A	core	AMR	AMR	GLYCOPEPTIDE	VANCOMYCIN	BLASTX	231	231	100.00	93.07	231	WP_063856721.1	vancomycin resistance response regulator transcription factor VanR-A		
GCF_002568825.1		NZ_NVGG01000024.1	23285	24445	+	vanS-Pt	vancomycin resistance histidine kinase VanS-Pt	core	AMR	AMR	GLYCOPEPTIDE	VANCOMYCIN	BLASTX	387	388	99.74	90.18	387	WP_063856742.1	vancomycin resistance histidine kinase VanS-Pt		
GCF_002568825.1		NZ_NVGG01000038.1	164586	165422	+	mphL	macrolide 2'-phosphotransferase MphL	core	AMR	AMR	MACROLIDE	MACROLIDE	BLASTX	279	303	92.08	98.57	279	WP_002047670.1	macrolide 2'-phosphotransferase MphL		
GCF_002569035.1		NZ_NVEZ01000014.1	32126	33034	-	mphL	macrolide 2'-phosphotransferase MphL	core	AMR	AMR	MACROLIDE	MACROLIDE	EXACTX	303	303	100.00	100.00	303	WP_002047670.1	macrolide 2'-phosphotransferase MphL		
GCF_002569035.1		NZ_NVEZ01000025.1	119444	119992	+	satA	streptothricin N-acetyltransferase SatA	core	AMR	AMR	STREPTOTHRICIN	STREPTOTHRICIN	BLASTX	183	184	99.46	92.35	183	WP_000054744.1	streptothricin N-acetyltransferase SatA		
GCF_002569035.1		NZ_NVEZ01000048.1	36028	36798	-	bla2	BcII family subclass B1 metallo-beta-lactamase	core	AMR	AMR	BETA-LACTAM	CARBAPENEM	BLASTX	257	257	100.00	93.00	257	WP_012261328.1	BcII family subclass B1 metallo-beta-lactamase		
GCF_002569035.1		NZ_NVEZ01000072.1	2999	3916	+	bla	class A beta-lactamase Bla1	core	AMR	AMR	BETA-LACTAM	BETA-LACTAM	BLASTX	306	306	100.00	93.14	306	WP_063842248.1	class A beta-lactamase Bla1		
GCF_002569175.1		NZ_NVGM01000005.1	32123	33031	-	mphL	macrolide 2'-phosphotransferase MphL	core	AMR	AMR	MACROLIDE	MACROLIDE	BLASTX	303	303	100.00	99.34	303	WP_002047670.1	macrolide 2'-phosphotransferase MphL		
GCF_002569175.1		NZ_NVGM01000029.1	96630	97400	-	bla2	BcII family subclass B1 metallo-beta-lactamase	core	AMR	AMR	BETA-LACTAM	CARBAPENEM	BLASTX	257	257	100.00	93.00	257	WP_012261328.1	BcII family subclass B1 metallo-beta-lactamase		
GCF_002569175.1		NZ_NVGM01000031.1	119552	120100	+	satA	streptothricin N-acetyltransferase SatA	core	AMR	AMR	STREPTOTHRICIN	STREPTOTHRICIN	BLASTX	183	184	99.46	92.35	183	WP_000054744.1	streptothricin N-acetyltransferase SatA		
GCF_002569175.1		NZ_NVGM01000126.1	8548	9465	-	bla	class A beta-lactamase Bla1	core	AMR	AMR	BETA-LACTAM	BETA-LACTAM	BLASTX	306	306	100.00	93.14	306	WP_063842248.1	class A beta-lactamase Bla1		
GCF_002569295.1		NZ_NVHA01000009.1	59060	59605	+	satA	streptothricin N-acetyltransferase SatA	core	AMR	AMR	STREPTOTHRICIN	STREPTOTHRICIN	BLASTX	182	184	98.91	92.86	182	WP_000054744.1	streptothricin N-acetyltransferase SatA		
GCF_002569295.1		NZ_NVHA01000021.1	13394	14302	+	mphL	macrolide 2'-phosphotransferase MphL	core	AMR	AMR	MACROLIDE	MACROLIDE	EXACTX	303	303	100.00	100.00	303	WP_002047670.1	macrolide 2'-phosphotransferase MphL		
GCF_002569295.1		NZ_NVHA01000027.1	84184	84954	+	bla2	BcII family subclass B1 metallo-beta-lactamase	core	AMR	AMR	BETA-LACTAM	CARBAPENEM	BLASTX	257	257	100.00	93.00	257	WP_063839879.1	BcII family subclass B1 metallo-beta-lactamase		
GCF_002569295.1		NZ_NVHA01000030.1	9216	10133	+	bla	class A beta-lactamase Bla1	core	AMR	AMR	BETA-LACTAM	BETA-LACTAM	BLASTX	306	306	100.00	93.79	306	WP_063842248.1	class A beta-lactamase Bla1		
GCF_002569325.1		NZ_NVEX01000024.1	228921	229838	-	bla	class A beta-lactamase Bla1	core	AMR	AMR	BETA-LACTAM	BETA-LACTAM	BLASTX	306	306	100.00	92.16	306	WP_063842248.1	class A beta-lactamase Bla1		
GCF_002569325.1		NZ_NVEX01000034.1	12331	13239	+	mphL	macrolide 2'-phosphotransferase MphL	core	AMR	AMR	MACROLIDE	MACROLIDE	BLASTX	303	303	100.00	99.67	303	WP_002047670.1	macrolide 2'-phosphotransferase MphL		
GCF_002569325.1		NZ_NVEX01000131.1	37009	37557	+	satA	streptothricin N-acetyltransferase SatA	core	AMR	AMR	STREPTOTHRICIN	STREPTOTHRICIN	BLASTX	183	184	99.46	93.99	183	WP_000054744.1	streptothricin N-acetyltransferase SatA		
GCF_002569465.1		NZ_NVFR01000011.1	9691	10608	+	bla	class A beta-lactamase Bla1	core	AMR	AMR	BETA-LACTAM	BETA-LACTAM	BLASTX	306	306	100.00	92.16	306	WP_063842248.1	class A beta-lactamase Bla1		
GCF_002569465.1		NZ_NVFR01000014.1	11923	12831	+	mphL	macrolide 2'-phosphotransferase MphL	core	AMR	AMR	MACROLIDE	MACROLIDE	BLASTX	303	303	100.00	99.67	303	WP_002047670.1	macrolide 2'-phosphotransferase MphL		
GCF_002569465.1		NZ_NVFR01000015.1	3554	4324	-	bla2	BcII family subclass B1 metallo-beta-lactamase	core	AMR	AMR	BETA-LACTAM	CARBAPENEM	BLASTX	257	257	100.00	93.00	257	WP_012261328.1	BcII family subclass B1 metallo-beta-lactamase		
GCF_002569465.1		NZ_NVFR01000070.1	75256	75804	-	satA	streptothricin N-acetyltransferase SatA	core	AMR	AMR	STREPTOTHRICIN	STREPTOTHRICIN	BLASTX	183	184	99.46	93.99	183	WP_000054744.1	streptothricin N-acetyltransferase SatA		
GCF_002569595.1		NZ_NVFZ01000004.1	859	1212	+	fosB	FosB family fosfomycin resistance bacillithiol transferase	core	AMR	AMR	FOSFOMYCIN	FOSFOMYCIN	PARTIALX	118	138	85.51	95.76	118	WP_063851229.1	FosB family fosfomycin resistance bacillithiol transferase		
GCF_002569595.1		NZ_NVFZ01000011.1	10268	10816	+	satA	streptothricin N-acetyltransferase SatA	core	AMR	AMR	STREPTOTHRICIN	STREPTOTHRICIN	BLASTX	183	184	98.91	79.78	183	WP_000054744.1	streptothricin N-acetyltransferase SatA		
GCF_002569595.1		NZ_NVFZ01000035.1	14658	15509	+	mleBCA	BCA family alpha/beta fold macrolide esterase	core	AMR	AMR	MACROLIDE	TYLOSIN	BLASTX	284	287	98.95	93.66	284	WP_000140039.1	BCA family alpha/beta fold macrolide esterase		
GCF_002569595.1		NZ_NVFZ01000070.1	73037	73450	+	fosB	FosBx1 family fosfomycin resistance bacillithiol transferase	core	AMR	AMR	FOSFOMYCIN	FOSFOMYCIN	BLASTX	138	138	100.00	93.48	138	WP_000943763.1	fosfomycin resistance bacillithiol transferase FosBx1		
GCF_002569595.1		NZ_NVFZ01000125.1	38637	39554	+	bla	class A beta-lactamase Bla1	core	AMR	AMR	BETA-LACTAM	BETA-LACTAM	BLASTX	306	306	100.00	90.85	306	WP_003171307.1	class A beta-lactamase Bla1		
GCF_002569595.1		NZ_NVFZ01000126.1	20439	21206	+	bla2	BcII family subclass B1 metallo-beta-lactamase	core	AMR	AMR	BETA-LACTAM	CARBAPENEM	BLASTX	256	256	100.00	92.19	256	WP_000799232.1	BcII family subclass B1 metallo-beta-lactamase		
GCF_002569595.1		NZ_NVFZ01000242.1	2	628	-	blaIII	class A beta-lactamase BlaIII	core	AMR	AMR	BETA-LACTAM	BETA-LACTAM	PARTIAL_CONTIG_ENDX	209	316	66.14	90.91	209	WP_000497840.1	class A beta-lactamase BlaIII		
GCF_002569665.1		NZ_NVGF01000013.1	79338	79886	-	satA	streptothricin N-acetyltransferase SatA	core	AMR	AMR	STREPTOTHRICIN	STREPTOTHRICIN	BLASTX	183	184	98.91	79.23	183	WP_000054744.1	streptothricin N-acetyltransferase SatA		
GCF_002569665.1		NZ_NVGF01000014.1	25708	26475	-	bla2	BcII family subclass B1 metallo-beta-lactamase	core	AMR	AMR	BETA-LACTAM	CARBAPENEM	BLASTX	256	256	100.00	94.14	256	WP_000799232.1	BcII family subclass B1 metallo-beta-lactamase		
GCF_002569665.1		NZ_NVGF01000015.1	6197	7144	+	blaIII	class A beta-lactamase BlaIII	core	AMR	AMR	BETA-LACTAM	BETA-LACTAM	BLASTX	316	316	100.00	90.82	316	WP_000497840.1	class A beta-lactamase BlaIII		
GCF_002569665.1		NZ_NVGF01000021.1	8199	9050	+	mleBCA	BCA family alpha/beta fold macrolide esterase	core	AMR	AMR	MACROLIDE	TYLOSIN	BLASTX	284	287	98.95	95.07	284	WP_000140039.1	BCA family alpha/beta fold macrolide esterase		
GCF_002569665.1		NZ_NVGF01000035.1	235201	235752	+	satA	streptothricin N-acetyltransferase SatA	core	AMR	AMR	STREPTOTHRICIN	STREPTOTHRICIN	BLASTX	184	184	98.91	90.22	184	WP_000054744.1	streptothricin N-acetyltransferase SatA		
GCF_002569665.1		NZ_NVGF01000045.1	57597	58514	+	bla	class A beta-lactamase Bla1	core	AMR	AMR	BETA-LACTAM	BETA-LACTAM	BLASTX	306	306	100.00	90.85	306	WP_063842248.1	class A beta-lactamase Bla1		
GCF_002569715.1		NZ_NVGQ01000009.1	194067	194480	+	fosB	FosBx1 family fosfomycin resistance bacillithiol transferase	core	AMR	AMR	FOSFOMYCIN	FOSFOMYCIN	BLASTX	138	138	100.00	90.58	138	WP_000943763.1	fosfomycin resistance bacillithiol transferase FosBx1		
GCF_002569715.1		NZ_NVGQ01000043.1	28954	29805	-	mleBCA	BCA family alpha/beta fold macrolide esterase	core	AMR	AMR	MACROLIDE	TYLOSIN	BLASTX	284	287	98.95	94.72	284	WP_000140039.1	BCA family alpha/beta fold macrolide esterase		
GCF_002569715.1		NZ_NVGQ01000082.1	26270	26821	-	satA	streptothricin N-acetyltransferase SatA	core	AMR	AMR	STREPTOTHRICIN	STREPTOTHRICIN	BLASTX	184	184	98.91	80.43	184	WP_000054744.1	streptothricin N-acetyltransferase SatA		
GCF_002569715.1		NZ_NVGQ01000087.1	116492	117259	-	bla2	BcII family subclass B1 metallo-beta-lactamase	core	AMR	AMR	BETA-LACTAM	CARBAPENEM	BLASTX	256	256	100.00	94.53	256	WP_000799232.1	BcII family subclass B1 metallo-beta-lactamase		
GCF_002569715.1		NZ_NVGQ01000107.1	405	1322	-	bla	class A beta-lactamase Bla1	core	AMR	AMR	BETA-LACTAM	BETA-LACTAM	BLASTX	306	306	100.00	93.14	306	WP_063842248.1	class A beta-lactamase Bla1		
GCF_002569715.1		NZ_NVGQ01000114.1	11045	11992	+	blaIII	class A beta-lactamase BlaIII	core	AMR	AMR	BETA-LACTAM	BETA-LACTAM	BLASTX	316	316	100.00	91.46	316	WP_000497840.1	class A beta-lactamase BlaIII		
GCF_002569715.1		NZ_NVGQ01000119.1	10676	11368	+	vanR-A	vancomycin resistance response regulator transcription factor VanR-A	core	AMR	AMR	GLYCOPEPTIDE	VANCOMYCIN	BLASTX	231	231	100.00	92.21	231	WP_063856721.1	vancomycin resistance response regulator transcription factor VanR-A		
GCF_002569715.1		NZ_NVGQ01000119.1	11352	12512	+	vanS-Pt	vancomycin resistance histidine kinase VanS-Pt	core	AMR	AMR	GLYCOPEPTIDE	VANCOMYCIN	BLASTX	387	388	99.74	90.44	387	WP_063856742.1	vancomycin resistance histidine kinase VanS-Pt		
GCF_002569835.1		NZ_NVGZ01000010.1	13664	14434	-	bla2	BcII family subclass B1 metallo-beta-lactamase	core	AMR	AMR	BETA-LACTAM	CARBAPENEM	BLASTX	257	257	100.00	93.00	257	WP_012261328.1	BcII family subclass B1 metallo-beta-lactamase		
GCF_002569835.1		NZ_NVGZ01000018.1	11940	12848	+	mphL	macrolide 2'-phosphotransferase MphL	core	AMR	AMR	MACROLIDE	MACROLIDE	BLASTX	303	303	100.00	99.01	303	WP_002047670.1	macrolide 2'-phosphotransferase MphL		
GCF_002569835.1		NZ_NVGZ01000047.1	121044	121592	+	satA	streptothricin N-acetyltransferase SatA	core	AMR	AMR	STREPTOTHRICIN	STREPTOTHRICIN	BLASTX	183	184	99.46	93.44	183	WP_000054744.1	streptothricin N-acetyltransferase SatA		
GCF_002569835.1		NZ_NVGZ01000048.1	1432	2274	+	mleBCB	BCB family alpha/beta fold macrolide esterase	core	AMR	AMR	MACROLIDE	TYLOSIN	BLASTX	281	287	97.91	91.81	281	WP_459076516.1	BCB family alpha/beta fold macrolide esterase		
GCF_002569835.1		NZ_NVGZ01000119.1	60932	61849	+	bla	class A beta-lactamase Bla1	core	AMR	AMR	BETA-LACTAM	BETA-LACTAM	BLASTX	306	306	100.00	91.83	306	WP_063842248.1	class A beta-lactamase Bla1		
GCF_002569895.1		NZ_NVHC01000025.1	12008	12916	+	mphL	macrolide 2'-phosphotransferase MphL	core	AMR	AMR	MACROLIDE	MACROLIDE	BLASTX	303	303	100.00	99.67	303	WP_002047670.1	macrolide 2'-phosphotransferase MphL		
GCF_002569895.1		NZ_NVHC01000027.1	271823	272593	+	bla2	BcII family subclass B1 metallo-beta-lactamase	core	AMR	AMR	BETA-LACTAM	CARBAPENEM	BLASTX	257	257	100.00	92.61	257	WP_063839879.1	BcII family subclass B1 metallo-beta-lactamase		
GCF_002569895.1		NZ_NVHC01000047.1	130414	130959	+	satA	streptothricin N-acetyltransferase SatA	core	AMR	AMR	STREPTOTHRICIN	STREPTOTHRICIN	BLASTX	182	184	98.91	92.86	182	WP_000054744.1	streptothricin N-acetyltransferase SatA		
GCF_002569895.1		NZ_NVHC01000067.1	44915	45832	-	bla	class A beta-lactamase Bla1	core	AMR	AMR	BETA-LACTAM	BETA-LACTAM	BLASTX	306	306	100.00	93.79	306	WP_063842248.1	class A beta-lactamase Bla1		
GCF_002570065.1		NZ_NVHL01000007.1	92009	92845	+	mphL	macrolide 2'-phosphotransferase MphL	core	AMR	AMR	MACROLIDE	MACROLIDE	BLASTX	279	303	92.08	98.57	279	WP_002047670.1	macrolide 2'-phosphotransferase MphL		
GCF_002570065.1		NZ_NVHL01000040.1	27840	28388	+	satA	streptothricin N-acetyltransferase SatA	core	AMR	AMR	STREPTOTHRICIN	STREPTOTHRICIN	BLASTX	183	184	99.46	91.80	183	WP_000054744.1	streptothricin N-acetyltransferase SatA		
GCF_002570065.1		NZ_NVHL01000107.1	7582	8274	+	vanR-A	vancomycin resistance response regulator transcription factor VanR-A	core	AMR	AMR	GLYCOPEPTIDE	VANCOMYCIN	BLASTX	231	231	100.00	93.07	231	WP_063856721.1	vancomycin resistance response regulator transcription factor VanR-A		
GCF_002570065.1		NZ_NVHL01000107.1	8258	9418	+	vanS-Pt	vancomycin resistance histidine kinase VanS-Pt	core	AMR	AMR	GLYCOPEPTIDE	VANCOMYCIN	BLASTX	387	388	99.74	90.18	387	WP_063856742.1	vancomycin resistance histidine kinase VanS-Pt		
GCF_002570065.1		NZ_NVHL01000111.1	20277	21194	-	bla	class A beta-lactamase Bla1	core	AMR	AMR	BETA-LACTAM	BETA-LACTAM	BLASTX	306	306	100.00	94.44	306	WP_063842248.1	class A beta-lactamase Bla1		
GCF_002570065.1		NZ_NVHL01000162.1	9084	9854	-	bla2	BcII family subclass B1 metallo-beta-lactamase	core	AMR	AMR	BETA-LACTAM	CARBAPENEM	BLASTX	257	257	100.00	92.61	257	WP_063839879.1	BcII family subclass B1 metallo-beta-lactamase		
GCF_002570065.1		NZ_NVHL01000197.1	14214	15110	-	mphM	macrolide 2'-phosphotransferase MphM	core	AMR	AMR	MACROLIDE	MACROLIDE	BLASTX	299	299	100.00	92.98	299	WP_016078774.1	macrolide 2'-phosphotransferase MphM		
GCF_002570105.1		NZ_NVHM01000025.1	59302	60210	+	mphL	macrolide 2'-phosphotransferase MphL	core	AMR	AMR	MACROLIDE	MACROLIDE	EXACTX	303	303	100.00	100.00	303	WP_002047670.1	macrolide 2'-phosphotransferase MphL		
GCF_002570105.1		NZ_NVHM01000034.1	4099	5016	+	bla	class A beta-lactamase Bla1	core	AMR	AMR	BETA-LACTAM	BETA-LACTAM	BLASTX	306	306	100.00	93.14	306	WP_063842248.1	class A beta-lactamase Bla1		
GCF_002570105.1		NZ_NVHM01000055.1	49580	50128	-	satA	streptothricin N-acetyltransferase SatA	core	AMR	AMR	STREPTOTHRICIN	STREPTOTHRICIN	BLASTX	183	184	99.46	92.35	183	WP_000054744.1	streptothricin N-acetyltransferase SatA		
GCF_002570105.1		NZ_NVHM01000061.1	29406	30176	+	bla2	BcII family subclass B1 metallo-beta-lactamase	core	AMR	AMR	BETA-LACTAM	CARBAPENEM	BLASTX	257	257	100.00	93.00	257	WP_012261328.1	BcII family subclass B1 metallo-beta-lactamase		
GCF_002570115.1		NZ_NVHN01000001.1	9216	10133	+	bla	class A beta-lactamase Bla1	core	AMR	AMR	BETA-LACTAM	BETA-LACTAM	BLASTX	306	306	100.00	93.79	306	WP_063842248.1	class A beta-lactamase Bla1		
GCF_002570115.1		NZ_NVHN01000007.1	164570	165478	+	mphL	macrolide 2'-phosphotransferase MphL	core	AMR	AMR	MACROLIDE	MACROLIDE	EXACTX	303	303	100.00	100.00	303	WP_002047670.1	macrolide 2'-phosphotransferase MphL		
GCF_002570115.1		NZ_NVHN01000014.1	84184	84954	+	bla2	BcII family subclass B1 metallo-beta-lactamase	core	AMR	AMR	BETA-LACTAM	CARBAPENEM	BLASTX	257	257	100.00	93.00	257	WP_063839879.1	BcII family subclass B1 metallo-beta-lactamase		
GCF_002570115.1		NZ_NVHN01000028.1	7308	7853	-	satA	streptothricin N-acetyltransferase SatA	core	AMR	AMR	STREPTOTHRICIN	STREPTOTHRICIN	BLASTX	182	184	98.91	92.86	182	WP_000054744.1	streptothricin N-acetyltransferase SatA		
GCF_002570155.1		NZ_NVHP01000008.1	279381	280151	+	bla2	BcII family subclass B1 metallo-beta-lactamase	core	AMR	AMR	BETA-LACTAM	CARBAPENEM	BLASTX	257	257	100.00	93.00	257	WP_063839879.1	BcII family subclass B1 metallo-beta-lactamase		
GCF_002570155.1		NZ_NVHP01000011.1	63163	63711	-	satA	streptothricin N-acetyltransferase SatA	core	AMR	AMR	STREPTOTHRICIN	STREPTOTHRICIN	BLASTX	183	184	99.46	92.35	183	WP_000054744.1	streptothricin N-acetyltransferase SatA		
GCF_002570155.1		NZ_NVHP01000012.1	164586	165422	+	mphL	macrolide 2'-phosphotransferase MphL	core	AMR	AMR	MACROLIDE	MACROLIDE	BLASTX	279	303	92.08	98.21	279	WP_002047670.1	macrolide 2'-phosphotransferase MphL		
GCF_002570155.1		NZ_NVHP01000018.1	9093	10253	-	vanS-Pt	vancomycin resistance histidine kinase VanS-Pt	core	AMR	AMR	GLYCOPEPTIDE	VANCOMYCIN	BLASTX	387	388	99.74	90.18	387	WP_063856742.1	vancomycin resistance histidine kinase VanS-Pt		
GCF_002570155.1		NZ_NVHP01000018.1	10237	10929	-	vanR-A	vancomycin resistance response regulator transcription factor VanR-A	core	AMR	AMR	GLYCOPEPTIDE	VANCOMYCIN	BLASTX	231	231	100.00	93.07	231	WP_063856721.1	vancomycin resistance response regulator transcription factor VanR-A		
GCF_002570155.1		NZ_NVHP01000021.1	9240	10157	+	bla	class A beta-lactamase Bla1	core	AMR	AMR	BETA-LACTAM	BETA-LACTAM	BLASTX	306	306	100.00	94.44	306	WP_063842248.1	class A beta-lactamase Bla1		
GCF_002570155.1		NZ_NVHP01000024.1	14362	15258	-	mphM	macrolide 2'-phosphotransferase MphM	core	AMR	AMR	MACROLIDE	MACROLIDE	BLASTX	299	299	100.00	94.31	299	WP_016078774.1	macrolide 2'-phosphotransferase MphM		
GCF_002570155.1		NZ_NVHP01000092.1	33767	34606	-	mleBCB	BCB family alpha/beta fold macrolide esterase	core	AMR	AMR	MACROLIDE	TYLOSIN	BLASTX	280	287	97.56	90.71	280	WP_459076516.1	BCB family alpha/beta fold macrolide esterase		
GCF_002570165.1		NZ_NVHQ01000031.1	7821	8366	-	satA	streptothricin N-acetyltransferase SatA	core	AMR	AMR	STREPTOTHRICIN	STREPTOTHRICIN	BLASTX	182	184	98.91	92.86	182	WP_000054744.1	streptothricin N-acetyltransferase SatA		
GCF_002570165.1		NZ_NVHQ01000032.1	105261	106178	-	bla	class A beta-lactamase Bla1	core	AMR	AMR	BETA-LACTAM	BETA-LACTAM	BLASTX	306	306	100.00	93.79	306	WP_063842248.1	class A beta-lactamase Bla1		
GCF_002570165.1		NZ_NVHQ01000034.1	74479	75249	+	bla2	BcII family subclass B1 metallo-beta-lactamase	core	AMR	AMR	BETA-LACTAM	CARBAPENEM	BLASTX	257	257	100.00	93.00	257	WP_063839879.1	BcII family subclass B1 metallo-beta-lactamase		
GCF_002570165.1		NZ_NVHQ01000042.1	159096	160004	-	mphL	macrolide 2'-phosphotransferase MphL	core	AMR	AMR	MACROLIDE	MACROLIDE	EXACTX	303	303	100.00	100.00	303	WP_002047670.1	macrolide 2'-phosphotransferase MphL		
GCF_002570265.1		NZ_NVHV01000009.1	50755	51702	-	blaIII	class A beta-lactamase BlaIII	core	AMR	AMR	BETA-LACTAM	BETA-LACTAM	BLASTX	316	316	100.00	95.25	316	WP_000497840.1	class A beta-lactamase BlaIII		
GCF_002570265.1		NZ_NVHV01000014.1	84626	85039	+	fosB	FosBx1 family fosfomycin resistance bacillithiol transferase	core	AMR	AMR	FOSFOMYCIN	FOSFOMYCIN	BLASTX	138	138	100.00	93.48	138	WP_000943763.1	fosfomycin resistance bacillithiol transferase FosBx1		
GCF_002570265.1		NZ_NVHV01000025.1	58388	58675	-	fosB	FosB family fosfomycin resistance bacillithiol transferase	core	AMR	AMR	FOSFOMYCIN	FOSFOMYCIN	PARTIALX	96	138	69.57	95.83	96	WP_063851229.1	FosB family fosfomycin resistance bacillithiol transferase		
GCF_002570265.1		NZ_NVHV01000032.1	59317	60168	-	mleBCA	BCA family alpha/beta fold macrolide esterase	core	AMR	AMR	MACROLIDE	TYLOSIN	BLASTX	284	287	98.95	93.66	284	WP_000140039.1	BCA family alpha/beta fold macrolide esterase		
GCF_002570265.1		NZ_NVHV01000039.1	2154	2702	-	satA	streptothricin N-acetyltransferase SatA	core	AMR	AMR	STREPTOTHRICIN	STREPTOTHRICIN	BLASTX	183	184	98.91	79.78	183	WP_000054744.1	streptothricin N-acetyltransferase SatA		
GCF_002570265.1		NZ_NVHV01000044.1	40941	41858	+	bla	class A beta-lactamase Bla1	core	AMR	AMR	BETA-LACTAM	BETA-LACTAM	BLASTX	306	306	100.00	90.85	306	WP_003171307.1	class A beta-lactamase Bla1		
GCF_002570265.1		NZ_NVHV01000050.1	56187	56954	+	bla2	BcII family subclass B1 metallo-beta-lactamase	core	AMR	AMR	BETA-LACTAM	CARBAPENEM	BLASTX	256	256	100.00	92.19	256	WP_000799232.1	BcII family subclass B1 metallo-beta-lactamase		
GCF_002570305.1		NZ_NVHW01000014.1	109858	110775	-	bla	class A beta-lactamase Bla1	core	AMR	AMR	BETA-LACTAM	BETA-LACTAM	BLASTX	306	306	100.00	90.52	306	WP_003171307.1	class A beta-lactamase Bla1		
GCF_002570305.1		NZ_NVHW01000023.1	148159	149010	+	mleBCA	BCA family alpha/beta fold macrolide esterase	core	AMR	AMR	MACROLIDE	TYLOSIN	BLASTX	284	287	98.95	93.31	284	WP_000140039.1	BCA family alpha/beta fold macrolide esterase		
GCF_002570305.1		NZ_NVHW01000032.1	170944	171357	+	fosB	FosBx1 family fosfomycin resistance bacillithiol transferase	core	AMR	AMR	FOSFOMYCIN	FOSFOMYCIN	BLASTX	138	138	100.00	92.75	138	WP_000943763.1	fosfomycin resistance bacillithiol transferase FosBx1		
GCF_002570305.1		NZ_NVHW01000042.1	29992	30762	-	bla2	BcII family subclass B1 metallo-beta-lactamase	core	AMR	AMR	BETA-LACTAM	CARBAPENEM	BLASTX	257	257	100.00	93.77	257	WP_012261328.1	BcII family subclass B1 metallo-beta-lactamase		
GCF_002570335.1		NZ_NVHZ01000016.1	87908	88759	-	mleBCA	BCA family alpha/beta fold macrolide esterase	core	AMR	AMR	MACROLIDE	TYLOSIN	BLASTX	284	287	98.95	94.37	284	WP_000140039.1	BCA family alpha/beta fold macrolide esterase		
GCF_002570335.1		NZ_NVHZ01000017.1	18619	19389	+	bla2	BcII family subclass B1 metallo-beta-lactamase	core	AMR	AMR	BETA-LACTAM	CARBAPENEM	BLASTX	257	257	100.00	94.55	257	WP_012261328.1	BcII family subclass B1 metallo-beta-lactamase		
GCF_002570335.1		NZ_NVHZ01000024.1	105826	106743	-	bla	class A beta-lactamase Bla1	core	AMR	AMR	BETA-LACTAM	BETA-LACTAM	BLASTX	306	306	100.00	93.14	306	WP_063842248.1	class A beta-lactamase Bla1		
GCF_002570335.1		NZ_NVHZ01000049.1	24944	25495	-	satA	streptothricin N-acetyltransferase SatA	core	AMR	AMR	STREPTOTHRICIN	STREPTOTHRICIN	BLASTX	184	184	98.91	89.67	184	WP_000054744.1	streptothricin N-acetyltransferase SatA		
GCF_002570345.1		NZ_NVHY01000002.1	126649	127566	-	bla	class A beta-lactamase Bla1	core	AMR	AMR	BETA-LACTAM	BETA-LACTAM	BLASTX	306	306	100.00	93.14	306	WP_063842248.1	class A beta-lactamase Bla1		
GCF_002570345.1		NZ_NVHY01000003.1	291463	292233	+	bla2	BcII family subclass B1 metallo-beta-lactamase	core	AMR	AMR	BETA-LACTAM	CARBAPENEM	BLASTX	257	257	100.00	93.00	257	WP_012261328.1	BcII family subclass B1 metallo-beta-lactamase		
GCF_002570345.1		NZ_NVHY01000003.1	535737	536285	-	satA	streptothricin N-acetyltransferase SatA	core	AMR	AMR	STREPTOTHRICIN	STREPTOTHRICIN	BLASTX	183	184	99.46	92.35	183	WP_000054744.1	streptothricin N-acetyltransferase SatA		
GCF_002570345.1		NZ_NVHY01000007.1	286062	286970	+	mphL	macrolide 2'-phosphotransferase MphL	core	AMR	AMR	MACROLIDE	MACROLIDE	BLASTX	303	303	100.00	99.67	303	WP_002047670.1	macrolide 2'-phosphotransferase MphL		
GCF_002570385.1		NZ_NVIA01000011.1	148577	149347	+	bla2	BcII family subclass B1 metallo-beta-lactamase	core	AMR	AMR	BETA-LACTAM	CARBAPENEM	BLASTX	257	257	100.00	92.61	257	WP_063839879.1	BcII family subclass B1 metallo-beta-lactamase		
GCF_002570385.1		NZ_NVIA01000029.1	138923	139831	+	mphL	macrolide 2'-phosphotransferase MphL	core	AMR	AMR	MACROLIDE	MACROLIDE	BLASTX	303	303	100.00	99.67	303	WP_002047670.1	macrolide 2'-phosphotransferase MphL		
GCF_002570385.1		NZ_NVIA01000061.1	9283	10200	+	bla	class A beta-lactamase Bla1	core	AMR	AMR	BETA-LACTAM	BETA-LACTAM	BLASTX	306	306	100.00	93.79	306	WP_063842248.1	class A beta-lactamase Bla1		
GCF_002570385.1		NZ_NVIA01000083.1	45868	46413	+	satA	streptothricin N-acetyltransferase SatA	core	AMR	AMR	STREPTOTHRICIN	STREPTOTHRICIN	BLASTX	182	184	98.91	92.86	182	WP_000054744.1	streptothricin N-acetyltransferase SatA		
GCF_002570405.1		NZ_NVIB01000009.1	293041	293811	+	bla2	BcII family subclass B1 metallo-beta-lactamase	core	AMR	AMR	BETA-LACTAM	CARBAPENEM	BLASTX	257	257	100.00	93.00	257	WP_012261328.1	BcII family subclass B1 metallo-beta-lactamase		
GCF_002570405.1		NZ_NVIB01000012.1	68122	68670	-	satA	streptothricin N-acetyltransferase SatA	core	AMR	AMR	STREPTOTHRICIN	STREPTOTHRICIN	BLASTX	183	184	99.46	93.44	183	WP_000054744.1	streptothricin N-acetyltransferase SatA		
GCF_002570405.1		NZ_NVIB01000021.1	60932	61849	+	bla	class A beta-lactamase Bla1	core	AMR	AMR	BETA-LACTAM	BETA-LACTAM	BLASTX	306	306	100.00	91.83	306	WP_063842248.1	class A beta-lactamase Bla1		
GCF_002570405.1		NZ_NVIB01000024.1	12438	13346	+	mphL	macrolide 2'-phosphotransferase MphL	core	AMR	AMR	MACROLIDE	MACROLIDE	BLASTX	303	303	100.00	99.01	303	WP_002047670.1	macrolide 2'-phosphotransferase MphL		
GCF_002570405.1		NZ_NVIB01000050.1	3229	4125	+	mphM	macrolide 2'-phosphotransferase MphM	core	AMR	AMR	MACROLIDE	MACROLIDE	BLASTX	299	299	100.00	95.99	299	WP_016078774.1	macrolide 2'-phosphotransferase MphM		
GCF_002570485.1		NZ_NVDG01000028.1	21304	22074	+	bla2	BcII family subclass B1 metallo-beta-lactamase	core	AMR	AMR	BETA-LACTAM	CARBAPENEM	BLASTX	257	257	99.22	96.11	257	WP_012261328.1	BcII family subclass B1 metallo-beta-lactamase		
GCF_002570485.1		NZ_NVDG01000056.1	60277	60690	+	fosB	FosBx1 family fosfomycin resistance bacillithiol transferase	core	AMR	AMR	FOSFOMYCIN	FOSFOMYCIN	BLASTX	138	138	100.00	92.75	138	WP_000943763.1	fosfomycin resistance bacillithiol transferase FosBx1		
GCF_002571105.1		NZ_NVCX01000071.1	41856	42407	+	satA	streptothricin N-acetyltransferase SatA	core	AMR	AMR	STREPTOTHRICIN	STREPTOTHRICIN	BLASTX	184	184	98.91	87.50	184	WP_000054744.1	streptothricin N-acetyltransferase SatA		
GCF_002571105.1		NZ_NVCX01000100.1	30754	31167	-	fosB	FosBx1 family fosfomycin resistance bacillithiol transferase	core	AMR	AMR	FOSFOMYCIN	FOSFOMYCIN	BLASTX	138	138	100.00	99.28	138	WP_000943763.1	fosfomycin resistance bacillithiol transferase FosBx1		
GCF_002571105.1		NZ_NVCX01000202.1	2073	2924	-	mleBCB	BCB family alpha/beta fold macrolide esterase	core	AMR	AMR	MACROLIDE	TYLOSIN	BLASTX	284	287	100.00	90.59	287	WP_459076516.1	BCB family alpha/beta fold macrolide esterase		
GCF_002571105.1		NZ_NVCX01000228.1	18988	19905	-	bla	class A beta-lactamase Bla1	core	AMR	AMR	BETA-LACTAM	BETA-LACTAM	BLASTX	306	306	100.00	95.42	306	WP_063842248.1	class A beta-lactamase Bla1		
GCF_002571105.1		NZ_NVCX01000295.1	13139	13909	-	bla2	BcII family subclass B1 metallo-beta-lactamase	core	AMR	AMR	BETA-LACTAM	CARBAPENEM	BLASTX	257	257	100.00	96.50	257	WP_063839879.1	BcII family subclass B1 metallo-beta-lactamase		
GCF_002571195.1		NZ_NVDR01000001.1	54551	55402	-	mleBCB	BCB family alpha/beta fold macrolide esterase	core	AMR	AMR	MACROLIDE	TYLOSIN	BLASTX	284	287	100.00	91.64	287	WP_459076516.1	BCB family alpha/beta fold macrolide esterase		
GCF_002571195.1		NZ_NVDR01000003.1	54197	54967	-	bla2	BcII family subclass B1 metallo-beta-lactamase	core	AMR	AMR	BETA-LACTAM	CARBAPENEM	BLASTX	257	257	100.00	95.33	257	WP_012261328.1	BcII family subclass B1 metallo-beta-lactamase		
GCF_002571195.1		NZ_NVDR01000012.1	11850	12398	-	satA	streptothricin N-acetyltransferase SatA	core	AMR	AMR	STREPTOTHRICIN	STREPTOTHRICIN	BLASTX	183	184	98.91	79.23	183	WP_000054744.1	streptothricin N-acetyltransferase SatA		
GCF_002571195.1		NZ_NVDR01000017.1	6114	6806	-	vanR-A	vancomycin resistance response regulator transcription factor VanR-A	core	AMR	AMR	GLYCOPEPTIDE	VANCOMYCIN	BLASTX	231	231	100.00	92.21	231	WP_063856721.1	vancomycin resistance response regulator transcription factor VanR-A		
GCF_002571195.1		NZ_NVDR01000022.1	14873	15424	+	satA	streptothricin N-acetyltransferase SatA	core	AMR	AMR	STREPTOTHRICIN	STREPTOTHRICIN	BLASTX	184	184	98.91	91.30	184	WP_000054744.1	streptothricin N-acetyltransferase SatA		
GCF_002571195.1		NZ_NVDR01000034.1	13677	14528	+	mleBCA	BCA family alpha/beta fold macrolide esterase	core	AMR	AMR	MACROLIDE	TYLOSIN	BLASTX	284	287	98.95	91.55	284	WP_000140039.1	BCA family alpha/beta fold macrolide esterase		
GCF_002571195.1		NZ_NVDR01000092.1	9887	10804	-	bla	class A beta-lactamase Bla1	core	AMR	AMR	BETA-LACTAM	BETA-LACTAM	BLASTX	306	306	100.00	92.81	306	WP_003171307.1	class A beta-lactamase Bla1		
GCF_002571225.1		NZ_NVEC01000017.1	109535	110386	+	mleBCA	BCA family alpha/beta fold macrolide esterase	core	AMR	AMR	MACROLIDE	TYLOSIN	BLASTX	284	287	98.95	95.77	284	WP_000140039.1	BCA family alpha/beta fold macrolide esterase		
GCF_002571225.1		NZ_NVEC01000023.1	47905	48318	+	fosB	FosB family fosfomycin resistance bacillithiol transferase	core	AMR	AMR	FOSFOMYCIN	FOSFOMYCIN	BLASTX	138	138	100.00	99.28	138	WP_063851229.1	FosB family fosfomycin resistance bacillithiol transferase		
GCF_002571225.1		NZ_NVEC01000033.1	275	1192	-	bla	class A beta-lactamase Bla1	core	AMR	AMR	BETA-LACTAM	BETA-LACTAM	BLASTX	306	306	100.00	90.52	306	WP_003171307.1	class A beta-lactamase Bla1		
GCF_002571225.1		NZ_NVEC01000040.1	30683	31096	+	fosB	FosBx1 family fosfomycin resistance bacillithiol transferase	core	AMR	AMR	FOSFOMYCIN	FOSFOMYCIN	BLASTX	138	138	100.00	90.58	138	WP_000943763.1	fosfomycin resistance bacillithiol transferase FosBx1		
GCF_002571225.1		NZ_NVEC01000052.1	57234	58004	+	bla2	BcII family subclass B1 metallo-beta-lactamase	core	AMR	AMR	BETA-LACTAM	CARBAPENEM	BLASTX	257	257	100.00	91.83	257	WP_012261328.1	BcII family subclass B1 metallo-beta-lactamase		
GCF_002571225.1		NZ_NVEC01000055.1	26917	27609	+	vanR-A	vancomycin resistance response regulator transcription factor VanR-A	core	AMR	AMR	GLYCOPEPTIDE	VANCOMYCIN	BLASTX	231	231	100.00	92.64	231	WP_063856721.1	vancomycin resistance response regulator transcription factor VanR-A		
GCF_002571435.1		NZ_NVIC01000011.1	97181	97951	-	bla2	BcII family subclass B1 metallo-beta-lactamase	core	AMR	AMR	BETA-LACTAM	CARBAPENEM	BLASTX	257	257	100.00	93.00	257	WP_012261328.1	BcII family subclass B1 metallo-beta-lactamase		
GCF_002571435.1		NZ_NVIC01000015.1	32126	33034	-	mphL	macrolide 2'-phosphotransferase MphL	core	AMR	AMR	MACROLIDE	MACROLIDE	EXACTX	303	303	100.00	100.00	303	WP_002047670.1	macrolide 2'-phosphotransferase MphL		
GCF_002571435.1		NZ_NVIC01000045.1	35475	36023	+	satA	streptothricin N-acetyltransferase SatA	core	AMR	AMR	STREPTOTHRICIN	STREPTOTHRICIN	BLASTX	183	184	99.46	92.35	183	WP_000054744.1	streptothricin N-acetyltransferase SatA		
GCF_002571435.1		NZ_NVIC01000062.1	11015	11932	-	bla	class A beta-lactamase Bla1	core	AMR	AMR	BETA-LACTAM	BETA-LACTAM	BLASTX	306	306	100.00	93.14	306	WP_063842248.1	class A beta-lactamase Bla1		
GCF_002571675.1		NZ_NVIT01000002.1	144972	145889	-	bla	class A beta-lactamase Bla1	core	AMR	AMR	BETA-LACTAM	BETA-LACTAM	BLASTX	306	306	100.00	93.14	306	WP_063842248.1	class A beta-lactamase Bla1		
GCF_002571675.1		NZ_NVIT01000003.1	97096	97866	-	bla2	BcII family subclass B1 metallo-beta-lactamase	core	AMR	AMR	BETA-LACTAM	CARBAPENEM	BLASTX	257	257	100.00	93.00	257	WP_012261328.1	BcII family subclass B1 metallo-beta-lactamase		
GCF_002571675.1		NZ_NVIT01000017.1	13449	14357	+	mphL	macrolide 2'-phosphotransferase MphL	core	AMR	AMR	MACROLIDE	MACROLIDE	BLASTX	303	303	100.00	99.34	303	WP_002047670.1	macrolide 2'-phosphotransferase MphL		
GCF_002571675.1		NZ_NVIT01000036.1	8128	8676	-	satA	streptothricin N-acetyltransferase SatA	core	AMR	AMR	STREPTOTHRICIN	STREPTOTHRICIN	BLASTX	183	184	99.46	93.99	183	WP_000054744.1	streptothricin N-acetyltransferase SatA		
GCF_002571825.1		NZ_NVJN01000003.1	92055	92891	+	mphL	macrolide 2'-phosphotransferase MphL	core	AMR	AMR	MACROLIDE	MACROLIDE	BLASTX	279	303	92.08	98.21	279	WP_002047670.1	macrolide 2'-phosphotransferase MphL		
GCF_002571825.1		NZ_NVJN01000025.1	33395	34165	-	bla2	BcII family subclass B1 metallo-beta-lactamase	core	AMR	AMR	BETA-LACTAM	CARBAPENEM	BLASTX	257	257	100.00	93.00	257	WP_063839879.1	BcII family subclass B1 metallo-beta-lactamase		
GCF_002571825.1		NZ_NVJN01000043.1	63106	63654	-	satA	streptothricin N-acetyltransferase SatA	core	AMR	AMR	STREPTOTHRICIN	STREPTOTHRICIN	BLASTX	183	184	99.46	92.35	183	WP_000054744.1	streptothricin N-acetyltransferase SatA		
GCF_002571825.1		NZ_NVJN01000053.1	77237	78154	-	bla	class A beta-lactamase Bla1	core	AMR	AMR	BETA-LACTAM	BETA-LACTAM	BLASTX	306	306	100.00	94.44	306	WP_063842248.1	class A beta-lactamase Bla1		
GCF_002571825.1		NZ_NVJN01000056.1	15088	15930	+	mphM	macrolide 2'-phosphotransferase MphM	core	AMR	AMR	MACROLIDE	MACROLIDE	BLASTX	281	299	93.98	96.09	281	WP_016078774.1	macrolide 2'-phosphotransferase MphM		
GCF_002571825.1		NZ_NVJN01000062.1	12184	12939	+	mphM	macrolide 2'-phosphotransferase MphM	core	AMR	AMR	MACROLIDE	MACROLIDE	PARTIAL_CONTIG_ENDX	252	299	85.28	92.16	255	WP_016078774.1	macrolide 2'-phosphotransferase MphM		
GCF_002571825.1		NZ_NVJN01000073.1	7952	8644	+	vanR-A	vancomycin resistance response regulator transcription factor VanR-A	core	AMR	AMR	GLYCOPEPTIDE	VANCOMYCIN	BLASTX	231	231	100.00	93.07	231	WP_063856721.1	vancomycin resistance response regulator transcription factor VanR-A		
GCF_002571825.1		NZ_NVJN01000073.1	8628	9788	+	vanS-Pt	vancomycin resistance histidine kinase VanS-Pt	core	AMR	AMR	GLYCOPEPTIDE	VANCOMYCIN	BLASTX	387	388	99.74	90.18	387	WP_063856742.1	vancomycin resistance histidine kinase VanS-Pt		
GCF_002572005.1		NZ_NVJC01000004.1	262644	263480	-	mphL	macrolide 2'-phosphotransferase MphL	core	AMR	AMR	MACROLIDE	MACROLIDE	BLASTX	279	303	92.08	98.57	279	WP_002047670.1	macrolide 2'-phosphotransferase MphL		
GCF_002572005.1		NZ_NVJC01000006.1	100768	101685	-	bla	class A beta-lactamase Bla1	core	AMR	AMR	BETA-LACTAM	BETA-LACTAM	BLASTX	306	306	100.00	94.44	306	WP_063842248.1	class A beta-lactamase Bla1		
GCF_002572005.1		NZ_NVJC01000012.1	27902	28672	-	bla2	BcII family subclass B1 metallo-beta-lactamase	core	AMR	AMR	BETA-LACTAM	CARBAPENEM	BLASTX	257	257	100.00	93.00	257	WP_063839879.1	BcII family subclass B1 metallo-beta-lactamase		
GCF_002572005.1		NZ_NVJC01000019.1	63154	63702	-	satA	streptothricin N-acetyltransferase SatA	core	AMR	AMR	STREPTOTHRICIN	STREPTOTHRICIN	BLASTX	183	184	99.46	92.35	183	WP_000054744.1	streptothricin N-acetyltransferase SatA		
GCF_002572035.1		NZ_NVIZ01000001.1	436877	437785	-	mphL	macrolide 2'-phosphotransferase MphL	core	AMR	AMR	MACROLIDE	MACROLIDE	BLASTX	303	303	100.00	99.67	303	WP_002047670.1	macrolide 2'-phosphotransferase MphL		
GCF_002572035.1		NZ_NVIZ01000002.1	119451	119999	+	satA	streptothricin N-acetyltransferase SatA	core	AMR	AMR	STREPTOTHRICIN	STREPTOTHRICIN	BLASTX	183	184	99.46	92.35	183	WP_000054744.1	streptothricin N-acetyltransferase SatA		
GCF_002572035.1		NZ_NVIZ01000005.1	394812	395729	-	bla	class A beta-lactamase Bla1	core	AMR	AMR	BETA-LACTAM	BETA-LACTAM	BLASTX	306	306	100.00	93.14	306	WP_063842248.1	class A beta-lactamase Bla1		
GCF_002572035.1		NZ_NVIZ01000008.1	212769	213539	-	bla2	BcII family subclass B1 metallo-beta-lactamase	core	AMR	AMR	BETA-LACTAM	CARBAPENEM	BLASTX	257	257	100.00	93.00	257	WP_012261328.1	BcII family subclass B1 metallo-beta-lactamase		
GCF_002572045.1		NZ_NVJF01000114.1	2971	3738	-	bla2	BcII family subclass B1 metallo-beta-lactamase	core	AMR	AMR	BETA-LACTAM	CARBAPENEM	BLASTX	256	256	100.00	94.14	256	WP_000799232.1	BcII family subclass B1 metallo-beta-lactamase		
GCF_002572045.1		NZ_NVJF01000137.1	17255	18202	+	blaIII	class A beta-lactamase BlaIII	core	AMR	AMR	BETA-LACTAM	BETA-LACTAM	BLASTX	316	316	100.00	90.82	316	WP_000497840.1	class A beta-lactamase BlaIII		
GCF_002572045.1		NZ_NVJF01000154.1	15917	16768	+	mleBCA	BCA family alpha/beta fold macrolide esterase	core	AMR	AMR	MACROLIDE	TYLOSIN	BLASTX	284	287	98.95	95.07	284	WP_000140039.1	BCA family alpha/beta fold macrolide esterase		
GCF_002572045.1		NZ_NVJF01000178.1	371	1288	-	bla	class A beta-lactamase Bla1	core	AMR	AMR	BETA-LACTAM	BETA-LACTAM	BLASTX	306	306	100.00	90.85	306	WP_063842248.1	class A beta-lactamase Bla1		
GCF_002572045.1		NZ_NVJF01000186.1	1672	2220	-	satA	streptothricin N-acetyltransferase SatA	core	AMR	AMR	STREPTOTHRICIN	STREPTOTHRICIN	BLASTX	183	184	98.91	78.14	183	WP_000054744.1	streptothricin N-acetyltransferase SatA		
GCF_002572225.1		NZ_NVIK01000006.1	8199	9050	+	mleBCA	BCA family alpha/beta fold macrolide esterase	core	AMR	AMR	MACROLIDE	TYLOSIN	BLASTX	284	287	98.95	95.07	284	WP_000140039.1	BCA family alpha/beta fold macrolide esterase		
GCF_002572225.1		NZ_NVIK01000011.1	79407	79955	-	satA	streptothricin N-acetyltransferase SatA	core	AMR	AMR	STREPTOTHRICIN	STREPTOTHRICIN	BLASTX	183	184	98.91	79.23	183	WP_000054744.1	streptothricin N-acetyltransferase SatA		
GCF_002572225.1		NZ_NVIK01000023.1	8017	8934	-	bla	class A beta-lactamase Bla1	core	AMR	AMR	BETA-LACTAM	BETA-LACTAM	BLASTX	306	306	100.00	90.85	306	WP_063842248.1	class A beta-lactamase Bla1		
GCF_002572225.1		NZ_NVIK01000034.1	6451	7398	+	blaIII	class A beta-lactamase BlaIII	core	AMR	AMR	BETA-LACTAM	BETA-LACTAM	BLASTX	316	316	100.00	90.82	316	WP_000497840.1	class A beta-lactamase BlaIII		
GCF_002572225.1		NZ_NVIK01000037.1	176915	177466	+	satA	streptothricin N-acetyltransferase SatA	core	AMR	AMR	STREPTOTHRICIN	STREPTOTHRICIN	BLASTX	184	184	98.91	90.22	184	WP_000054744.1	streptothricin N-acetyltransferase SatA		
GCF_002572225.1		NZ_NVIK01000041.1	25567	26334	-	bla2	BcII family subclass B1 metallo-beta-lactamase	core	AMR	AMR	BETA-LACTAM	CARBAPENEM	BLASTX	256	256	100.00	94.14	256	WP_000799232.1	BcII family subclass B1 metallo-beta-lactamase		
GCF_002572235.1		NZ_NVIN01000024.1	55184	56092	+	mphL	macrolide 2'-phosphotransferase MphL	core	AMR	AMR	MACROLIDE	MACROLIDE	EXACTX	303	303	100.00	100.00	303	WP_002047670.1	macrolide 2'-phosphotransferase MphL		
GCF_002572235.1		NZ_NVIN01000052.1	13871	14419	-	satA	streptothricin N-acetyltransferase SatA	core	AMR	AMR	STREPTOTHRICIN	STREPTOTHRICIN	BLASTX	183	184	99.46	92.35	183	WP_000054744.1	streptothricin N-acetyltransferase SatA		
GCF_002572235.1		NZ_NVIN01000202.1	444	1361	-	bla	class A beta-lactamase Bla1	core	AMR	AMR	BETA-LACTAM	BETA-LACTAM	BLASTX	306	306	100.00	93.14	306	WP_063842248.1	class A beta-lactamase Bla1		
GCF_002572235.1		NZ_NVIN01000225.1	3843	4613	+	bla2	BcII family subclass B1 metallo-beta-lactamase	core	AMR	AMR	BETA-LACTAM	CARBAPENEM	BLASTX	257	257	100.00	93.00	257	WP_012261328.1	BcII family subclass B1 metallo-beta-lactamase		
GCF_002572245.1		NZ_NVIP01000022.1	56541	57449	-	mphL	macrolide 2'-phosphotransferase MphL	core	AMR	AMR	MACROLIDE	MACROLIDE	EXACTX	303	303	100.00	100.00	303	WP_002047670.1	macrolide 2'-phosphotransferase MphL		
GCF_002572245.1		NZ_NVIP01000131.1	2787	3335	+	satA	streptothricin N-acetyltransferase SatA	core	AMR	AMR	STREPTOTHRICIN	STREPTOTHRICIN	BLASTX	183	184	99.46	92.35	183	WP_000054744.1	streptothricin N-acetyltransferase SatA		
GCF_002572245.1		NZ_NVIP01000171.1	846	1742	-	mphM	macrolide 2'-phosphotransferase MphM	core	AMR	AMR	MACROLIDE	MACROLIDE	BLASTX	299	299	100.00	95.99	299	WP_016078774.1	macrolide 2'-phosphotransferase MphM		
GCF_002572245.1		NZ_NVIP01000174.1	485	1402	-	bla	class A beta-lactamase Bla1	core	AMR	AMR	BETA-LACTAM	BETA-LACTAM	BLASTX	306	306	100.00	93.14	306	WP_063842248.1	class A beta-lactamase Bla1		
GCF_002572245.1		NZ_NVIP01000198.1	6170	6940	+	bla2	BcII family subclass B1 metallo-beta-lactamase	core	AMR	AMR	BETA-LACTAM	CARBAPENEM	INTERNAL_STOP	257	257	100.00	92.61	257	WP_012261328.1	BcII family subclass B1 metallo-beta-lactamase		
GCF_002572415.1		NZ_NVJR01000001.1	278275	279183	+	mphL	macrolide 2'-phosphotransferase MphL	core	AMR	AMR	MACROLIDE	MACROLIDE	EXACTX	303	303	100.00	100.00	303	WP_002047670.1	macrolide 2'-phosphotransferase MphL		
GCF_002572415.1		NZ_NVJR01000019.1	128467	129012	+	satA	streptothricin N-acetyltransferase SatA	core	AMR	AMR	STREPTOTHRICIN	STREPTOTHRICIN	BLASTX	182	184	98.91	92.86	182	WP_000054744.1	streptothricin N-acetyltransferase SatA		
GCF_002572415.1		NZ_NVJR01000041.1	73744	74514	+	bla2	BcII family subclass B1 metallo-beta-lactamase	core	AMR	AMR	BETA-LACTAM	CARBAPENEM	BLASTX	257	257	100.00	93.00	257	WP_063839879.1	BcII family subclass B1 metallo-beta-lactamase		
GCF_002572415.1		NZ_NVJR01000049.1	64918	65835	+	bla	class A beta-lactamase Bla1	core	AMR	AMR	BETA-LACTAM	BETA-LACTAM	BLASTX	306	306	100.00	93.79	306	WP_063842248.1	class A beta-lactamase Bla1		
GCF_002572455.1		NZ_NVJU01000012.1	67712	68260	-	satA	streptothricin N-acetyltransferase SatA	core	AMR	AMR	STREPTOTHRICIN	STREPTOTHRICIN	BLASTX	183	184	99.46	92.90	183	WP_000054744.1	streptothricin N-acetyltransferase SatA		
GCF_002572455.1		NZ_NVJU01000050.1	3586	4503	+	bla	class A beta-lactamase Bla1	core	AMR	AMR	BETA-LACTAM	BETA-LACTAM	BLASTX	306	306	100.00	94.77	306	WP_063842248.1	class A beta-lactamase Bla1		
GCF_002572455.1		NZ_NVJU01000069.1	24315	25004	+	vanR-A	vancomycin resistance response regulator transcription factor VanR-A	core	AMR	AMR	GLYCOPEPTIDE	VANCOMYCIN	BLASTX	230	231	99.57	93.48	230	WP_063856721.1	vancomycin resistance response regulator transcription factor VanR-A		
GCF_002572455.1		NZ_NVJU01000069.1	24988	26151	+	vanS-Pt	vancomycin resistance histidine kinase VanS-Pt	core	AMR	AMR	GLYCOPEPTIDE	VANCOMYCIN	BLASTX	388	386	100.00	91.24	388	WP_063856741.1	vancomycin resistance histidine kinase VanS-Pt		
GCF_002572455.1		NZ_NVJU01000104.1	12450	13220	-	bla2	BcII family subclass B1 metallo-beta-lactamase	core	AMR	AMR	BETA-LACTAM	CARBAPENEM	BLASTX	257	257	100.00	92.61	257	WP_012261328.1	BcII family subclass B1 metallo-beta-lactamase		
GCF_002572455.1		NZ_NVJU01000127.1	477	1328	+	mleBCB	BCB family alpha/beta fold macrolide esterase	core	AMR	AMR	MACROLIDE	TYLOSIN	BLASTX	284	287	100.00	90.94	287	WP_459076516.1	BCB family alpha/beta fold macrolide esterase		
GCF_002574125.1		NZ_NUFJ01000005.1	16128	16541	-	fosB	FosBx1 family fosfomycin resistance bacillithiol transferase	core	AMR	AMR	FOSFOMYCIN	FOSFOMYCIN	BLASTX	138	138	100.00	99.28	138	WP_000943763.1	fosfomycin resistance bacillithiol transferase FosBx1		
GCF_002574125.1		NZ_NUFJ01000058.1	4243	4935	+	vanR-A	vancomycin resistance response regulator transcription factor VanR-A	core	AMR	AMR	GLYCOPEPTIDE	VANCOMYCIN	BLASTX	231	231	100.00	93.07	231	WP_063856721.1	vancomycin resistance response regulator transcription factor VanR-A		
GCF_002574125.1		NZ_NUFJ01000058.1	4919	6064	+	vanS-Pt	vancomycin resistance histidine kinase VanS-Pt	core	AMR	AMR	GLYCOPEPTIDE	VANCOMYCIN	BLASTX	382	388	98.45	90.58	382	WP_063856742.1	vancomycin resistance histidine kinase VanS-Pt		
GCF_002574125.1		NZ_NUFJ01000062.1	19259	20029	-	bla2	BcII family subclass B1 metallo-beta-lactamase	core	AMR	AMR	BETA-LACTAM	CARBAPENEM	BLASTX	257	257	100.00	96.89	257	WP_063839879.1	BcII family subclass B1 metallo-beta-lactamase		
GCF_002574125.1		NZ_NUFJ01000093.1	19184	20557	+	tet(45)	tetracycline efflux MFS transporter Tet(45)	core	AMR	AMR	TETRACYCLINE	TETRACYCLINE	BLASTX	458	458	100.00	91.48	458	WP_063855885.1	tetracycline efflux MFS transporter Tet(45)		
GCF_002574125.1		NZ_NUFJ01000122.1	6849	7400	-	satA	streptothricin N-acetyltransferase SatA	core	AMR	AMR	STREPTOTHRICIN	STREPTOTHRICIN	BLASTX	184	184	98.91	89.13	184	WP_000054744.1	streptothricin N-acetyltransferase SatA		
GCF_002574125.1		NZ_NUFJ01000144.1	8468	9385	+	bla	class A beta-lactamase Bla1	core	AMR	AMR	BETA-LACTAM	BETA-LACTAM	BLASTX	306	306	100.00	96.08	306	WP_063842248.1	class A beta-lactamase Bla1		
GCF_002574125.1		NZ_NUFJ01000173.1	5145	5996	-	mleBCB	BCB family alpha/beta fold macrolide esterase	core	AMR	AMR	MACROLIDE	TYLOSIN	BLASTX	284	287	100.00	97.91	287	WP_459076516.1	BCB family alpha/beta fold macrolide esterase		
GCF_002574325.1		NZ_NUGB01000004.1	172511	173062	+	satA	streptothricin N-acetyltransferase SatA	core	AMR	AMR	STREPTOTHRICIN	STREPTOTHRICIN	BLASTX	184	184	98.91	89.67	184	WP_000054744.1	streptothricin N-acetyltransferase SatA		
GCF_002574325.1		NZ_NUGB01000008.1	21492	21905	-	fosB	FosB family fosfomycin resistance bacillithiol transferase	core	AMR	AMR	FOSFOMYCIN	FOSFOMYCIN	BLASTX	138	138	100.00	99.28	138	WP_063851229.1	FosB family fosfomycin resistance bacillithiol transferase		
GCF_002574325.1		NZ_NUGB01000012.1	94923	95840	-	bla	class A beta-lactamase Bla1	core	AMR	AMR	BETA-LACTAM	BETA-LACTAM	BLASTX	306	306	100.00	95.42	306	WP_063842248.1	class A beta-lactamase Bla1		
GCF_002574325.1		NZ_NUGB01000022.1	18344	18757	-	fosB	FosBx1 family fosfomycin resistance bacillithiol transferase	core	AMR	AMR	FOSFOMYCIN	FOSFOMYCIN	BLASTX	138	138	100.00	97.83	138	WP_000943763.1	fosfomycin resistance bacillithiol transferase FosBx1		
GCF_002574325.1		NZ_NUGB01000036.1	18536	19636	-	tet(45)	tetracycline efflux MFS transporter Tet(45)	core	AMR	AMR	TETRACYCLINE	TETRACYCLINE	PARTIALX	367	458	80.13	91.01	367	WP_063855885.1	tetracycline efflux MFS transporter Tet(45)		
GCF_002574325.1		NZ_NUGB01000042.1	101644	102495	-	mleBCB	BCB family alpha/beta fold macrolide esterase	core	AMR	AMR	MACROLIDE	TYLOSIN	BLASTX	284	287	100.00	97.91	287	WP_459076516.1	BCB family alpha/beta fold macrolide esterase		
GCF_002574325.1		NZ_NUGB01000049.1	15029	15799	+	bla2	BcII family subclass B1 metallo-beta-lactamase	core	AMR	AMR	BETA-LACTAM	CARBAPENEM	BLASTX	257	257	100.00	96.89	257	WP_063839879.1	BcII family subclass B1 metallo-beta-lactamase		
GCF_002574495.1		NZ_NUGS01000002.1	122807	123724	-	bla	class A beta-lactamase Bla1	core	AMR	AMR	BETA-LACTAM	BETA-LACTAM	BLASTX	306	306	100.00	95.10	306	WP_063842248.1	class A beta-lactamase Bla1		
GCF_002574495.1		NZ_NUGS01000005.1	24430	24981	-	satA	streptothricin N-acetyltransferase SatA	core	AMR	AMR	STREPTOTHRICIN	STREPTOTHRICIN	BLASTX	184	184	98.91	89.67	184	WP_000054744.1	streptothricin N-acetyltransferase SatA		
GCF_002574495.1		NZ_NUGS01000006.1	8220	9593	-	tet(45)	tetracycline efflux MFS transporter Tet(45)	core	AMR	AMR	TETRACYCLINE	TETRACYCLINE	BLASTX	458	458	100.00	91.48	458	WP_063855885.1	tetracycline efflux MFS transporter Tet(45)		
GCF_002574495.1		NZ_NUGS01000007.1	99972	100385	-	fosB	FosBx1 family fosfomycin resistance bacillithiol transferase	core	AMR	AMR	FOSFOMYCIN	FOSFOMYCIN	BLASTX	138	138	100.00	97.83	138	WP_000943763.1	fosfomycin resistance bacillithiol transferase FosBx1		
GCF_002574495.1		NZ_NUGS01000008.1	70923	71774	-	mleBCB	BCB family alpha/beta fold macrolide esterase	core	AMR	AMR	MACROLIDE	TYLOSIN	BLASTX	284	287	100.00	98.26	287	WP_459076516.1	BCB family alpha/beta fold macrolide esterase		
GCF_002574495.1		NZ_NUGS01000008.1	184448	185218	-	bla2	BcII family subclass B1 metallo-beta-lactamase	core	AMR	AMR	BETA-LACTAM	CARBAPENEM	BLASTX	257	257	100.00	96.50	257	WP_063839879.1	BcII family subclass B1 metallo-beta-lactamase		
GCF_002574495.1		NZ_NUGS01000027.1	69433	70125	+	vanR-A	vancomycin resistance response regulator transcription factor VanR-A	core	AMR	AMR	GLYCOPEPTIDE	VANCOMYCIN	BLASTX	231	231	100.00	93.07	231	WP_063856721.1	vancomycin resistance response regulator transcription factor VanR-A		
GCF_002574575.1		NZ_NUGY01000025.1	84131	85048	-	bla	class A beta-lactamase Bla1	core	AMR	AMR	BETA-LACTAM	BETA-LACTAM	BLASTX	306	306	100.00	96.73	306	WP_063842248.1	class A beta-lactamase Bla1		
GCF_002574575.1		NZ_NUGY01000032.1	25419	25832	+	fosB	FosBx1 family fosfomycin resistance bacillithiol transferase	core	AMR	AMR	FOSFOMYCIN	FOSFOMYCIN	BLASTX	138	138	100.00	97.10	138	WP_000943763.1	fosfomycin resistance bacillithiol transferase FosBx1		
GCF_002574575.1		NZ_NUGY01000066.1	7702	8214	+	bla2	BcII family subclass B1 metallo-beta-lactamase	core	AMR	AMR	BETA-LACTAM	CARBAPENEM	PARTIALX	171	257	66.54	91.81	171	WP_012261328.1	BcII family subclass B1 metallo-beta-lactamase		
GCF_002574575.1		NZ_NUGY01000097.1	90430	90981	-	satA	streptothricin N-acetyltransferase SatA	core	AMR	AMR	STREPTOTHRICIN	STREPTOTHRICIN	BLASTX	184	184	98.91	89.67	184	WP_000054744.1	streptothricin N-acetyltransferase SatA		
GCF_002574595.1		NZ_NUGZ01000011.1	87184	88101	-	bla	class A beta-lactamase Bla1	core	AMR	AMR	BETA-LACTAM	BETA-LACTAM	BLASTX	306	306	100.00	95.42	306	WP_063842248.1	class A beta-lactamase Bla1		
GCF_002574595.1		NZ_NUGZ01000018.1	75796	76347	+	satA	streptothricin N-acetyltransferase SatA	core	AMR	AMR	STREPTOTHRICIN	STREPTOTHRICIN	BLASTX	184	184	98.91	89.67	184	WP_000054744.1	streptothricin N-acetyltransferase SatA		
GCF_002574595.1		NZ_NUGZ01000018.1	202785	203636	-	mleBCB	BCB family alpha/beta fold macrolide esterase	core	AMR	AMR	MACROLIDE	TYLOSIN	BLASTX	284	287	100.00	98.26	287	WP_459076516.1	BCB family alpha/beta fold macrolide esterase		
GCF_002574595.1		NZ_NUGZ01000021.1	81912	82682	-	bla2	BcII family subclass B1 metallo-beta-lactamase	core	AMR	AMR	BETA-LACTAM	CARBAPENEM	BLASTX	257	257	100.00	93.00	257	WP_063839879.1	BcII family subclass B1 metallo-beta-lactamase		
GCF_002574595.1		NZ_NUGZ01000031.1	46685	47098	+	fosB	FosBx1 family fosfomycin resistance bacillithiol transferase	core	AMR	AMR	FOSFOMYCIN	FOSFOMYCIN	BLASTX	138	138	100.00	97.83	138	WP_000943763.1	fosfomycin resistance bacillithiol transferase FosBx1		
GCF_002574595.1		NZ_NUGZ01000054.1	47113	48060	+	blaIII	class A beta-lactamase BlaIII	core	AMR	AMR	BETA-LACTAM	BETA-LACTAM	BLASTX	316	316	100.00	95.57	316	WP_000497840.1	class A beta-lactamase BlaIII		
GCF_002574675.1		NZ_NUGW01000009.1	454904	455317	+	fosB	FosBx1 family fosfomycin resistance bacillithiol transferase	core	AMR	AMR	FOSFOMYCIN	FOSFOMYCIN	BLASTX	138	138	100.00	97.83	138	WP_000943763.1	fosfomycin resistance bacillithiol transferase FosBx1		
GCF_002574675.1		NZ_NUGW01000020.1	53704	54474	+	bla2	BcII family subclass B1 metallo-beta-lactamase	core	AMR	AMR	BETA-LACTAM	CARBAPENEM	BLASTX	257	257	100.00	94.55	257	WP_063839879.1	BcII family subclass B1 metallo-beta-lactamase		
GCF_002574675.1		NZ_NUGW01000021.1	68354	69727	-	tet(45)	tetracycline efflux MFS transporter Tet(45)	core	AMR	AMR	TETRACYCLINE	TETRACYCLINE	BLASTX	458	458	100.00	91.27	458	WP_063855885.1	tetracycline efflux MFS transporter Tet(45)		
GCF_002574675.1		NZ_NUGW01000028.1	3824	4675	+	mleBCB	BCB family alpha/beta fold macrolide esterase	core	AMR	AMR	MACROLIDE	TYLOSIN	BLASTX	284	287	100.00	98.26	287	WP_459076516.1	BCB family alpha/beta fold macrolide esterase		
GCF_002574675.1		NZ_NUGW01000032.1	56141	56692	+	satA	streptothricin N-acetyltransferase SatA	core	AMR	AMR	STREPTOTHRICIN	STREPTOTHRICIN	BLASTX	184	184	98.91	89.67	184	WP_000054744.1	streptothricin N-acetyltransferase SatA		
GCF_002574675.1		NZ_NUGW01000039.1	12136	12828	+	vanR-A	vancomycin resistance response regulator transcription factor VanR-A	core	AMR	AMR	GLYCOPEPTIDE	VANCOMYCIN	BLASTX	231	231	100.00	93.07	231	WP_063856721.1	vancomycin resistance response regulator transcription factor VanR-A		
GCF_002574675.1		NZ_NUGW01000039.1	12812	13972	+	vanS-Pt	vancomycin resistance histidine kinase VanS-Pt	core	AMR	AMR	GLYCOPEPTIDE	VANCOMYCIN	BLASTX	387	388	99.74	90.18	387	WP_063856742.1	vancomycin resistance histidine kinase VanS-Pt		
GCF_002574675.1		NZ_NUGW01000060.1	42134	43051	+	bla	class A beta-lactamase Bla1	core	AMR	AMR	BETA-LACTAM	BETA-LACTAM	BLASTX	306	306	100.00	95.42	306	WP_063842248.1	class A beta-lactamase Bla1		
GCF_002574675.1		NZ_NUGW01000071.1	1722	2138	+	fosB	FosB/FosD family fosfomycin resistance bacillithiol transferase	core	AMR	AMR	FOSFOMYCIN	FOSFOMYCIN	BLASTX	139	139	100.00	98.56	139	WP_000938987.1	fosfomycin resistance bacillithiol transferase FosB2		
GCF_002575215.1		NZ_NUHP01000043.1	45619	46032	+	fosB	FosBx1 family fosfomycin resistance bacillithiol transferase	core	AMR	AMR	FOSFOMYCIN	FOSFOMYCIN	BLASTX	138	138	100.00	99.28	138	WP_000943763.1	fosfomycin resistance bacillithiol transferase FosBx1		
GCF_002575215.1		NZ_NUHP01000062.1	14044	14556	+	bla2	BcII family subclass B1 metallo-beta-lactamase	core	AMR	AMR	BETA-LACTAM	CARBAPENEM	PARTIALX	171	257	66.54	92.40	171	WP_012261328.1	BcII family subclass B1 metallo-beta-lactamase		
GCF_002575215.1		NZ_NUHP01000086.1	8777	9694	+	bla	class A beta-lactamase Bla1	core	AMR	AMR	BETA-LACTAM	BETA-LACTAM	BLASTX	306	306	100.00	95.10	306	WP_063842248.1	class A beta-lactamase Bla1		
GCF_002575215.1		NZ_NUHP01000189.1	5972	6523	-	satA	streptothricin N-acetyltransferase SatA	core	AMR	AMR	STREPTOTHRICIN	STREPTOTHRICIN	BLASTX	184	184	98.91	89.67	184	WP_000054744.1	streptothricin N-acetyltransferase SatA		
GCF_002575215.1		NZ_NUHP01000192.1	6931	7623	+	vanR-A	vancomycin resistance response regulator transcription factor VanR-A	core	AMR	AMR	GLYCOPEPTIDE	VANCOMYCIN	BLASTX	231	231	100.00	93.07	231	WP_063856721.1	vancomycin resistance response regulator transcription factor VanR-A		
GCF_002575215.1		NZ_NUHP01000262.1	135	1340	-	tet(45)	tetracycline efflux MFS transporter Tet(45)	core	AMR	AMR	TETRACYCLINE	TETRACYCLINE	PARTIALX	402	458	87.77	90.55	402	WP_063855885.1	tetracycline efflux MFS transporter Tet(45)		
GCF_002575305.1		NZ_NUHS01000005.1	46683	47096	+	fosB	FosBx1 family fosfomycin resistance bacillithiol transferase	core	AMR	AMR	FOSFOMYCIN	FOSFOMYCIN	BLASTX	138	138	100.00	99.28	138	WP_000943763.1	fosfomycin resistance bacillithiol transferase FosBx1		
GCF_002575305.1		NZ_NUHS01000006.1	15308	16204	-	mphM	macrolide 2'-phosphotransferase MphM	core	AMR	AMR	MACROLIDE	MACROLIDE	BLASTX	299	299	100.00	94.98	299	WP_016078774.1	macrolide 2'-phosphotransferase MphM		
GCF_002575305.1		NZ_NUHS01000032.1	12757	13674	+	bla	class A beta-lactamase Bla1	core	AMR	AMR	BETA-LACTAM	BETA-LACTAM	BLASTX	306	306	100.00	95.75	306	WP_063842248.1	class A beta-lactamase Bla1		
GCF_002575305.1		NZ_NUHS01000034.1	40257	41027	-	bla2	BcII family subclass B1 metallo-beta-lactamase	core	AMR	AMR	BETA-LACTAM	CARBAPENEM	BLASTX	257	257	100.00	96.89	257	WP_063839879.1	BcII family subclass B1 metallo-beta-lactamase		
GCF_002575305.1		NZ_NUHS01000049.1	3476	4423	-	blaIII	class A beta-lactamase BlaIII	core	AMR	AMR	BETA-LACTAM	BETA-LACTAM	BLASTX	316	316	100.00	95.25	316	WP_000497840.1	class A beta-lactamase BlaIII		
GCF_002575305.1		NZ_NUHS01000055.1	15883	16434	+	satA	streptothricin N-acetyltransferase SatA	core	AMR	AMR	STREPTOTHRICIN	STREPTOTHRICIN	BLASTX	184	184	98.91	88.59	184	WP_000054744.1	streptothricin N-acetyltransferase SatA		
GCF_002575365.1		NZ_NUHU01000001.1	46689	47102	+	fosB	FosBx1 family fosfomycin resistance bacillithiol transferase	core	AMR	AMR	FOSFOMYCIN	FOSFOMYCIN	BLASTX	138	138	100.00	99.28	138	WP_000943763.1	fosfomycin resistance bacillithiol transferase FosBx1		
GCF_002575365.1		NZ_NUHU01000002.1	53971	54741	+	bla2	BcII family subclass B1 metallo-beta-lactamase	core	AMR	AMR	BETA-LACTAM	CARBAPENEM	BLASTX	257	257	100.00	96.89	257	WP_063839879.1	BcII family subclass B1 metallo-beta-lactamase		
GCF_002575365.1		NZ_NUHU01000007.1	12757	13674	+	bla	class A beta-lactamase Bla1	core	AMR	AMR	BETA-LACTAM	BETA-LACTAM	BLASTX	306	306	100.00	95.75	306	WP_063842248.1	class A beta-lactamase Bla1		
GCF_002575365.1		NZ_NUHU01000015.1	37261	38157	+	mphM	macrolide 2'-phosphotransferase MphM	core	AMR	AMR	MACROLIDE	MACROLIDE	BLASTX	299	299	100.00	94.98	299	WP_016078774.1	macrolide 2'-phosphotransferase MphM		
GCF_002575365.1		NZ_NUHU01000096.1	3046	3993	-	blaIII	class A beta-lactamase BlaIII	core	AMR	AMR	BETA-LACTAM	BETA-LACTAM	BLASTX	316	316	100.00	95.25	316	WP_000497840.1	class A beta-lactamase BlaIII		
GCF_002575365.1		NZ_NUHU01000140.1	15796	16347	+	satA	streptothricin N-acetyltransferase SatA	core	AMR	AMR	STREPTOTHRICIN	STREPTOTHRICIN	BLASTX	184	184	98.91	88.59	184	WP_000054744.1	streptothricin N-acetyltransferase SatA		
GCF_002575445.1		NZ_NUHZ01000006.1	18288	18701	-	fosB	FosBx1 family fosfomycin resistance bacillithiol transferase	core	AMR	AMR	FOSFOMYCIN	FOSFOMYCIN	BLASTX	138	138	100.00	97.83	138	WP_000943763.1	fosfomycin resistance bacillithiol transferase FosBx1		
GCF_002575445.1		NZ_NUHZ01000022.1	43883	44653	+	bla2	BcII family subclass B1 metallo-beta-lactamase	core	AMR	AMR	BETA-LACTAM	CARBAPENEM	BLASTX	257	257	100.00	91.83	257	WP_063839879.1	BcII family subclass B1 metallo-beta-lactamase		
GCF_002575445.1		NZ_NUHZ01000022.1	157963	158814	+	mleBCB	BCB family alpha/beta fold macrolide esterase	core	AMR	AMR	MACROLIDE	TYLOSIN	BLASTX	284	287	100.00	98.26	287	WP_459076516.1	BCB family alpha/beta fold macrolide esterase		
GCF_002575445.1		NZ_NUHZ01000022.1	287524	288075	-	satA	streptothricin N-acetyltransferase SatA	core	AMR	AMR	STREPTOTHRICIN	STREPTOTHRICIN	BLASTX	184	184	98.91	89.67	184	WP_000054744.1	streptothricin N-acetyltransferase SatA		
GCF_002575445.1		NZ_NUHZ01000026.1	42289	42705	-	fosB	FosB/FosD family fosfomycin resistance bacillithiol transferase	core	AMR	AMR	FOSFOMYCIN	FOSFOMYCIN	BLASTX	139	139	100.00	99.28	139	WP_000938987.1	fosfomycin resistance bacillithiol transferase FosB2		
GCF_002575445.1		NZ_NUHZ01000026.1	86374	87066	+	vanR-A	vancomycin resistance response regulator transcription factor VanR-A	core	AMR	AMR	GLYCOPEPTIDE	VANCOMYCIN	BLASTX	231	231	100.00	93.51	231	WP_063856721.1	vancomycin resistance response regulator transcription factor VanR-A		
GCF_002575445.1		NZ_NUHZ01000026.1	87053	88198	+	vanS-Pt	vancomycin resistance histidine kinase VanS-Pt	core	AMR	AMR	GLYCOPEPTIDE	VANCOMYCIN	BLASTX	382	386	98.96	90.58	382	WP_063856741.1	vancomycin resistance histidine kinase VanS-Pt		
GCF_002575445.1		NZ_NUHZ01000036.1	2639	3556	+	bla	class A beta-lactamase Bla1	core	AMR	AMR	BETA-LACTAM	BETA-LACTAM	BLASTX	306	306	100.00	95.10	306	WP_063842248.1	class A beta-lactamase Bla1		
GCF_002575445.1		NZ_NUHZ01000039.1	138004	139377	-	tet(45)	tetracycline efflux MFS transporter Tet(45)	core	AMR	AMR	TETRACYCLINE	TETRACYCLINE	BLASTX	458	458	100.00	91.48	458	WP_063855885.1	tetracycline efflux MFS transporter Tet(45)		
GCF_002575515.1		NZ_NUIC01000005.1	85474	86025	+	satA	streptothricin N-acetyltransferase SatA	core	AMR	AMR	STREPTOTHRICIN	STREPTOTHRICIN	BLASTX	184	184	98.91	89.67	184	WP_000054744.1	streptothricin N-acetyltransferase SatA		
GCF_002575515.1		NZ_NUIC01000006.1	209073	209486	+	fosB	FosBx1 family fosfomycin resistance bacillithiol transferase	core	AMR	AMR	FOSFOMYCIN	FOSFOMYCIN	BLASTX	138	138	100.00	98.55	138	WP_000943763.1	fosfomycin resistance bacillithiol transferase FosBx1		
GCF_002575515.1		NZ_NUIC01000020.1	20753	22126	+	tet(45)	tetracycline efflux MFS transporter Tet(45)	core	AMR	AMR	TETRACYCLINE	TETRACYCLINE	BLASTX	458	458	100.00	91.70	458	WP_063855885.1	tetracycline efflux MFS transporter Tet(45)		
GCF_002575515.1		NZ_NUIC01000028.1	22271	23188	+	bla	class A beta-lactamase Bla1	core	AMR	AMR	BETA-LACTAM	BETA-LACTAM	BLASTX	306	306	100.00	96.41	306	WP_063842248.1	class A beta-lactamase Bla1		
GCF_002575515.1		NZ_NUIC01000030.1	81912	82682	-	bla2	BcII family subclass B1 metallo-beta-lactamase	core	AMR	AMR	BETA-LACTAM	CARBAPENEM	BLASTX	257	257	100.00	94.55	257	WP_063839879.1	BcII family subclass B1 metallo-beta-lactamase		
GCF_002575515.1		NZ_NUIC01000039.1	19995	20687	+	vanR-A	vancomycin resistance response regulator transcription factor VanR-A	core	AMR	AMR	GLYCOPEPTIDE	VANCOMYCIN	BLASTX	231	231	100.00	92.64	231	WP_063856721.1	vancomycin resistance response regulator transcription factor VanR-A		
GCF_002575515.1		NZ_NUIC01000039.1	20671	21831	+	vanS-Pt	vancomycin resistance histidine kinase VanS-Pt	core	AMR	AMR	GLYCOPEPTIDE	VANCOMYCIN	BLASTX	387	388	99.74	90.96	387	WP_063856742.1	vancomycin resistance histidine kinase VanS-Pt		
GCF_002575645.1		NZ_NUII01000015.1	47818	48231	-	fosB	FosBx1 family fosfomycin resistance bacillithiol transferase	core	AMR	AMR	FOSFOMYCIN	FOSFOMYCIN	BLASTX	138	138	100.00	97.10	138	WP_000943763.1	fosfomycin resistance bacillithiol transferase FosBx1		
GCF_002575645.1		NZ_NUII01000016.1	425913	426464	+	satA	streptothricin N-acetyltransferase SatA	core	AMR	AMR	STREPTOTHRICIN	STREPTOTHRICIN	BLASTX	184	184	98.91	89.67	184	WP_000054744.1	streptothricin N-acetyltransferase SatA		
GCF_002575645.1		NZ_NUII01000016.1	682347	682859	-	bla2	BcII family subclass B1 metallo-beta-lactamase	core	AMR	AMR	BETA-LACTAM	CARBAPENEM	PARTIALX	171	257	66.54	91.81	171	WP_012261328.1	BcII family subclass B1 metallo-beta-lactamase		
GCF_002575645.1		NZ_NUII01000018.1	84646	85563	-	bla	class A beta-lactamase Bla1	core	AMR	AMR	BETA-LACTAM	BETA-LACTAM	BLASTX	306	306	100.00	96.73	306	WP_063842248.1	class A beta-lactamase Bla1		
GCF_002575895.1		NZ_NUJC01000002.1	70896	71747	-	mleBCB	BCB family alpha/beta fold macrolide esterase	core	AMR	AMR	MACROLIDE	TYLOSIN	BLASTX	284	287	100.00	98.26	287	WP_459076516.1	BCB family alpha/beta fold macrolide esterase		
GCF_002575895.1		NZ_NUJC01000002.1	179769	180539	-	bla2	BcII family subclass B1 metallo-beta-lactamase	core	AMR	AMR	BETA-LACTAM	CARBAPENEM	BLASTX	257	257	100.00	96.50	257	WP_063839879.1	BcII family subclass B1 metallo-beta-lactamase		
GCF_002575895.1		NZ_NUJC01000010.1	132318	132869	-	satA	streptothricin N-acetyltransferase SatA	core	AMR	AMR	STREPTOTHRICIN	STREPTOTHRICIN	BLASTX	184	184	98.91	89.67	184	WP_000054744.1	streptothricin N-acetyltransferase SatA		
GCF_002575895.1		NZ_NUJC01000013.1	2805	3722	+	bla	class A beta-lactamase Bla1	core	AMR	AMR	BETA-LACTAM	BETA-LACTAM	BLASTX	306	306	100.00	95.10	306	WP_063842248.1	class A beta-lactamase Bla1		
GCF_002575895.1		NZ_NUJC01000016.1	33322	34218	-	mphM	macrolide 2'-phosphotransferase MphM	core	AMR	AMR	MACROLIDE	MACROLIDE	BLASTX	299	299	100.00	93.98	299	WP_016078774.1	macrolide 2'-phosphotransferase MphM		
GCF_002575895.1		NZ_NUJC01000017.1	190043	190456	+	fosB	FosBx1 family fosfomycin resistance bacillithiol transferase	core	AMR	AMR	FOSFOMYCIN	FOSFOMYCIN	BLASTX	138	138	100.00	97.83	138	WP_000943763.1	fosfomycin resistance bacillithiol transferase FosBx1		
GCF_002575925.1		NZ_NUJE01000011.1	8757	9608	+	mleBCB	BCB family alpha/beta fold macrolide esterase	core	AMR	AMR	MACROLIDE	TYLOSIN	BLASTX	284	287	100.00	97.91	287	WP_459076516.1	BCB family alpha/beta fold macrolide esterase		
GCF_002575925.1		NZ_NUJE01000044.1	11143	11913	-	bla2	BcII family subclass B1 metallo-beta-lactamase	core	AMR	AMR	BETA-LACTAM	CARBAPENEM	BLASTX	257	257	100.00	96.89	257	WP_063839879.1	BcII family subclass B1 metallo-beta-lactamase		
GCF_002575925.1		NZ_NUJE01000055.1	3892	4734	+	mleBCB	BCB family alpha/beta fold macrolide esterase	core	AMR	AMR	MACROLIDE	TYLOSIN	BLASTX	281	287	97.91	91.10	281	WP_459076516.1	BCB family alpha/beta fold macrolide esterase		
GCF_002575925.1		NZ_NUJE01000055.1	8450	9595	-	vanS-Pt	vancomycin resistance histidine kinase VanS-Pt	core	AMR	AMR	GLYCOPEPTIDE	VANCOMYCIN	BLASTX	382	386	98.96	90.58	382	WP_063856741.1	vancomycin resistance histidine kinase VanS-Pt		
GCF_002575925.1		NZ_NUJE01000055.1	9582	10274	-	vanR-A	vancomycin resistance response regulator transcription factor VanR-A	core	AMR	AMR	GLYCOPEPTIDE	VANCOMYCIN	BLASTX	231	231	100.00	93.51	231	WP_063856721.1	vancomycin resistance response regulator transcription factor VanR-A		
GCF_002575925.1		NZ_NUJE01000066.1	56123	56674	+	satA	streptothricin N-acetyltransferase SatA	core	AMR	AMR	STREPTOTHRICIN	STREPTOTHRICIN	BLASTX	184	184	98.91	89.67	184	WP_000054744.1	streptothricin N-acetyltransferase SatA		
GCF_002575925.1		NZ_NUJE01000068.1	32096	33469	+	tet(45)	tetracycline efflux MFS transporter Tet(45)	core	AMR	AMR	TETRACYCLINE	TETRACYCLINE	BLASTX	458	458	100.00	92.36	458	WP_063855885.1	tetracycline efflux MFS transporter Tet(45)		
GCF_002575925.1		NZ_NUJE01000094.1	11125	11541	+	fosB	FosB/FosD family fosfomycin resistance bacillithiol transferase	core	AMR	AMR	FOSFOMYCIN	FOSFOMYCIN	BLASTX	139	139	100.00	99.28	139	WP_000938987.1	fosfomycin resistance bacillithiol transferase FosB2		
GCF_002575925.1		NZ_NUJE01000120.1	2638	3555	+	bla	class A beta-lactamase Bla1	core	AMR	AMR	BETA-LACTAM	BETA-LACTAM	BLASTX	306	306	100.00	95.42	306	WP_063842248.1	class A beta-lactamase Bla1		
GCF_002575925.1		NZ_NUJE01000165.1	18342	18755	-	fosB	FosBx1 family fosfomycin resistance bacillithiol transferase	core	AMR	AMR	FOSFOMYCIN	FOSFOMYCIN	BLASTX	138	138	100.00	97.83	138	WP_000943763.1	fosfomycin resistance bacillithiol transferase FosBx1		
GCF_002576395.1		NZ_NUKO01000009.1	37014	38387	+	tet(45)	tetracycline efflux MFS transporter Tet(45)	core	AMR	AMR	TETRACYCLINE	TETRACYCLINE	BLASTX	458	458	100.00	91.48	458	WP_063855885.1	tetracycline efflux MFS transporter Tet(45)		
GCF_002576395.1		NZ_NUKO01000076.1	11643	12413	-	bla2	BcII family subclass B1 metallo-beta-lactamase	core	AMR	AMR	BETA-LACTAM	CARBAPENEM	BLASTX	257	257	100.00	92.22	257	WP_063839879.1	BcII family subclass B1 metallo-beta-lactamase		
GCF_002576395.1		NZ_NUKO01000089.1	57466	58155	+	vanR-A	vancomycin resistance response regulator transcription factor VanR-A	core	AMR	AMR	GLYCOPEPTIDE	VANCOMYCIN	BLASTX	230	231	99.57	94.35	230	WP_063856721.1	vancomycin resistance response regulator transcription factor VanR-A		
GCF_002576395.1		NZ_NUKO01000089.1	58139	59302	+	vanS-Pt	vancomycin resistance histidine kinase VanS-Pt	core	AMR	AMR	GLYCOPEPTIDE	VANCOMYCIN	BLASTX	388	386	100.00	91.49	388	WP_063856741.1	vancomycin resistance histidine kinase VanS-Pt		
GCF_002576395.1		NZ_NUKO01000105.1	1438	2355	-	bla	class A beta-lactamase Bla1	core	AMR	AMR	BETA-LACTAM	BETA-LACTAM	BLASTX	306	306	100.00	96.08	306	WP_063842248.1	class A beta-lactamase Bla1		
GCF_002576395.1		NZ_NUKO01000121.1	16865	17278	-	fosB	FosBx1 family fosfomycin resistance bacillithiol transferase	core	AMR	AMR	FOSFOMYCIN	FOSFOMYCIN	BLASTX	138	138	100.00	99.28	138	WP_000943763.1	fosfomycin resistance bacillithiol transferase FosBx1		
GCF_002576405.1		NZ_NUKP01000016.1	136718	137230	+	bla2	BcII family subclass B1 metallo-beta-lactamase	core	AMR	AMR	BETA-LACTAM	CARBAPENEM	PARTIALX	171	257	66.54	91.81	171	WP_012261328.1	BcII family subclass B1 metallo-beta-lactamase		
GCF_002576405.1		NZ_NUKP01000016.1	393069	393620	-	satA	streptothricin N-acetyltransferase SatA	core	AMR	AMR	STREPTOTHRICIN	STREPTOTHRICIN	BLASTX	184	184	98.91	89.67	184	WP_000054744.1	streptothricin N-acetyltransferase SatA		
GCF_002576405.1		NZ_NUKP01000018.1	135091	135504	+	fosB	FosBx1 family fosfomycin resistance bacillithiol transferase	core	AMR	AMR	FOSFOMYCIN	FOSFOMYCIN	BLASTX	138	138	100.00	97.10	138	WP_000943763.1	fosfomycin resistance bacillithiol transferase FosBx1		
GCF_002576405.1		NZ_NUKP01000046.1	2841	3758	+	bla	class A beta-lactamase Bla1	core	AMR	AMR	BETA-LACTAM	BETA-LACTAM	BLASTX	306	306	100.00	96.73	306	WP_063842248.1	class A beta-lactamase Bla1		
GCF_002576565.1		NZ_NULA01000110.1	5239	5652	+	fosB	FosBx1 family fosfomycin resistance bacillithiol transferase	core	AMR	AMR	FOSFOMYCIN	FOSFOMYCIN	BLASTX	138	138	100.00	96.38	138	WP_000943763.1	fosfomycin resistance bacillithiol transferase FosBx1		
GCF_002576565.1		NZ_NULA01000148.1	12954	13505	-	satA	streptothricin N-acetyltransferase SatA	core	AMR	AMR	STREPTOTHRICIN	STREPTOTHRICIN	BLASTX	184	184	98.91	89.67	184	WP_000054744.1	streptothricin N-acetyltransferase SatA		
GCF_002576565.1		NZ_NULA01000162.1	8797	9309	+	bla2	BcII family subclass B1 metallo-beta-lactamase	core	AMR	AMR	BETA-LACTAM	CARBAPENEM	PARTIALX	171	257	66.54	92.40	171	WP_012261328.1	BcII family subclass B1 metallo-beta-lactamase		
GCF_002576565.1		NZ_NULA01000205.1	4040	4957	+	bla	class A beta-lactamase Bla1	core	AMR	AMR	BETA-LACTAM	BETA-LACTAM	BLASTX	306	306	100.00	95.42	306	WP_063842248.1	class A beta-lactamase Bla1		
GCF_002576585.1		NZ_NUIK01000021.1	34401	35171	-	bla2	BcII family subclass B1 metallo-beta-lactamase	core	AMR	AMR	BETA-LACTAM	CARBAPENEM	BLASTX	257	257	100.00	96.50	257	WP_063839879.1	BcII family subclass B1 metallo-beta-lactamase		
GCF_002576585.1		NZ_NUIK01000037.1	1382	1933	+	satA	streptothricin N-acetyltransferase SatA	core	AMR	AMR	STREPTOTHRICIN	STREPTOTHRICIN	BLASTX	184	184	98.91	87.50	184	WP_000054744.1	streptothricin N-acetyltransferase SatA		
GCF_002576585.1		NZ_NUIK01000068.1	2105	2956	-	mleBCB	BCB family alpha/beta fold macrolide esterase	core	AMR	AMR	MACROLIDE	TYLOSIN	BLASTX	284	287	100.00	90.59	287	WP_459076516.1	BCB family alpha/beta fold macrolide esterase		
GCF_002576585.1		NZ_NUIK01000218.1	14441	15358	+	bla	class A beta-lactamase Bla1	core	AMR	AMR	BETA-LACTAM	BETA-LACTAM	BLASTX	306	306	100.00	95.42	306	WP_063842248.1	class A beta-lactamase Bla1		
GCF_002576585.1		NZ_NUIK01000274.1	30786	31199	-	fosB	FosBx1 family fosfomycin resistance bacillithiol transferase	core	AMR	AMR	FOSFOMYCIN	FOSFOMYCIN	BLASTX	138	138	100.00	99.28	138	WP_000943763.1	fosfomycin resistance bacillithiol transferase FosBx1		
GCF_002576665.1		NZ_NUIV01000004.1	54045	55055	+	tet(45)	tetracycline efflux MFS transporter Tet(45)	core	AMR	AMR	TETRACYCLINE	TETRACYCLINE	PARTIALX	337	458	73.58	90.50	337	WP_063855885.1	tetracycline efflux MFS transporter Tet(45)		
GCF_002576665.1		NZ_NUIV01000020.1	32655	33068	+	fosB	FosB family fosfomycin resistance bacillithiol transferase	core	AMR	AMR	FOSFOMYCIN	FOSFOMYCIN	BLASTX	138	138	100.00	99.28	138	WP_063851229.1	FosB family fosfomycin resistance bacillithiol transferase		
GCF_002576665.1		NZ_NUIV01000045.1	17094	17864	-	bla2	BcII family subclass B1 metallo-beta-lactamase	core	AMR	AMR	BETA-LACTAM	CARBAPENEM	BLASTX	257	257	100.00	96.89	257	WP_063839879.1	BcII family subclass B1 metallo-beta-lactamase		
GCF_002576665.1		NZ_NUIV01000057.1	223047	223964	-	bla	class A beta-lactamase Bla1	core	AMR	AMR	BETA-LACTAM	BETA-LACTAM	BLASTX	306	306	100.00	95.42	306	WP_063842248.1	class A beta-lactamase Bla1		
GCF_002576665.1		NZ_NUIV01000070.1	56565	57116	+	satA	streptothricin N-acetyltransferase SatA	core	AMR	AMR	STREPTOTHRICIN	STREPTOTHRICIN	BLASTX	184	184	98.91	89.67	184	WP_000054744.1	streptothricin N-acetyltransferase SatA		
GCF_002576665.1		NZ_NUIV01000075.1	18344	18757	-	fosB	FosBx1 family fosfomycin resistance bacillithiol transferase	core	AMR	AMR	FOSFOMYCIN	FOSFOMYCIN	BLASTX	138	138	100.00	97.83	138	WP_000943763.1	fosfomycin resistance bacillithiol transferase FosBx1		
GCF_002576665.1		NZ_NUIV01000093.1	8763	9614	+	mleBCB	BCB family alpha/beta fold macrolide esterase	core	AMR	AMR	MACROLIDE	TYLOSIN	BLASTX	284	287	100.00	97.91	287	WP_459076516.1	BCB family alpha/beta fold macrolide esterase		
GCF_002576725.1		NZ_NUJB01000006.1	332691	333104	-	fosB	FosBx1 family fosfomycin resistance bacillithiol transferase	core	AMR	AMR	FOSFOMYCIN	FOSFOMYCIN	BLASTX	138	138	100.00	99.28	138	WP_000943763.1	fosfomycin resistance bacillithiol transferase FosBx1		
GCF_002576725.1		NZ_NUJB01000013.1	99311	100228	-	bla	class A beta-lactamase Bla1	core	AMR	AMR	BETA-LACTAM	BETA-LACTAM	BLASTX	306	306	100.00	96.08	306	WP_063842248.1	class A beta-lactamase Bla1		
GCF_002576725.1		NZ_NUJB01000016.1	230077	230628	+	satA	streptothricin N-acetyltransferase SatA	core	AMR	AMR	STREPTOTHRICIN	STREPTOTHRICIN	BLASTX	184	184	98.91	89.67	184	WP_000054744.1	streptothricin N-acetyltransferase SatA		
GCF_002576725.1		NZ_NUJB01000016.1	452528	453298	-	bla2	BcII family subclass B1 metallo-beta-lactamase	core	AMR	AMR	BETA-LACTAM	CARBAPENEM	BLASTX	257	257	100.00	93.39	257	WP_063839879.1	BcII family subclass B1 metallo-beta-lactamase		
GCF_002576725.1		NZ_NUJB01000040.1	5190	6137	+	blaIII	class A beta-lactamase BlaIII	core	AMR	AMR	BETA-LACTAM	BETA-LACTAM	BLASTX	316	316	100.00	95.57	316	WP_000497840.1	class A beta-lactamase BlaIII		
GCF_002576755.1		NZ_NUJF01000013.1	47210	47980	+	bla2	BcII family subclass B1 metallo-beta-lactamase	core	AMR	AMR	BETA-LACTAM	CARBAPENEM	BLASTX	257	257	100.00	96.89	257	WP_063839879.1	BcII family subclass B1 metallo-beta-lactamase		
GCF_002576755.1		NZ_NUJF01000027.1	120458	121009	+	satA	streptothricin N-acetyltransferase SatA	core	AMR	AMR	STREPTOTHRICIN	STREPTOTHRICIN	BLASTX	184	184	98.91	89.67	184	WP_000054744.1	streptothricin N-acetyltransferase SatA		
GCF_002576755.1		NZ_NUJF01000030.1	87178	88095	-	bla	class A beta-lactamase Bla1	core	AMR	AMR	BETA-LACTAM	BETA-LACTAM	BLASTX	306	306	100.00	95.42	306	WP_063842248.1	class A beta-lactamase Bla1		
GCF_002576755.1		NZ_NUJF01000037.1	8512	8925	+	fosB	FosBx1 family fosfomycin resistance bacillithiol transferase	core	AMR	AMR	FOSFOMYCIN	FOSFOMYCIN	BLASTX	138	138	100.00	98.55	138	WP_000943763.1	fosfomycin resistance bacillithiol transferase FosBx1		
GCF_002576755.1		NZ_NUJF01000080.1	1240	1653	+	fosB	FosB family fosfomycin resistance bacillithiol transferase	core	AMR	AMR	FOSFOMYCIN	FOSFOMYCIN	BLASTX	138	138	100.00	97.10	138	WP_063851229.1	FosB family fosfomycin resistance bacillithiol transferase		
GCF_002577025.1		NZ_NUKV01000004.1	8763	9614	+	mleBCB	BCB family alpha/beta fold macrolide esterase	core	AMR	AMR	MACROLIDE	TYLOSIN	BLASTX	284	287	100.00	98.26	287	WP_459076516.1	BCB family alpha/beta fold macrolide esterase		
GCF_002577025.1		NZ_NUKV01000017.1	40522	41073	-	satA	streptothricin N-acetyltransferase SatA	core	AMR	AMR	STREPTOTHRICIN	STREPTOTHRICIN	BLASTX	184	184	98.91	89.13	184	WP_000054744.1	streptothricin N-acetyltransferase SatA		
GCF_002577025.1		NZ_NUKV01000018.1	45490	45903	+	fosB	FosBx1 family fosfomycin resistance bacillithiol transferase	core	AMR	AMR	FOSFOMYCIN	FOSFOMYCIN	BLASTX	138	138	100.00	97.83	138	WP_000943763.1	fosfomycin resistance bacillithiol transferase FosBx1		
GCF_002577025.1		NZ_NUKV01000040.1	99502	100272	-	bla2	BcII family subclass B1 metallo-beta-lactamase	core	AMR	AMR	BETA-LACTAM	CARBAPENEM	BLASTX	257	257	100.00	96.50	257	WP_063839879.1	BcII family subclass B1 metallo-beta-lactamase		
GCF_002577025.1		NZ_NUKV01000052.1	2868	3785	+	bla	class A beta-lactamase Bla1	core	AMR	AMR	BETA-LACTAM	BETA-LACTAM	BLASTX	306	306	100.00	95.42	306	WP_063842248.1	class A beta-lactamase Bla1		
GCF_002577025.1		NZ_NUKV01000106.1	4445	4858	+	fosB	FosB family fosfomycin resistance bacillithiol transferase	core	AMR	AMR	FOSFOMYCIN	FOSFOMYCIN	BLASTX	138	138	100.00	99.28	138	WP_063851229.1	FosB family fosfomycin resistance bacillithiol transferase		
GCF_002577285.1		NZ_NULK01000011.1	258661	259074	-	fosB	FosBx1 family fosfomycin resistance bacillithiol transferase	core	AMR	AMR	FOSFOMYCIN	FOSFOMYCIN	BLASTX	138	138	100.00	99.28	138	WP_000943763.1	fosfomycin resistance bacillithiol transferase FosBx1		
GCF_002577285.1		NZ_NULK01000014.1	92276	92827	+	satA	streptothricin N-acetyltransferase SatA	core	AMR	AMR	STREPTOTHRICIN	STREPTOTHRICIN	BLASTX	184	184	98.91	89.67	184	WP_000054744.1	streptothricin N-acetyltransferase SatA		
GCF_002577285.1		NZ_NULK01000014.1	323372	324142	-	bla2	BcII family subclass B1 metallo-beta-lactamase	core	AMR	AMR	BETA-LACTAM	CARBAPENEM	BLASTX	257	257	100.00	94.55	257	WP_063839879.1	BcII family subclass B1 metallo-beta-lactamase		
GCF_002577285.1		NZ_NULK01000043.1	3581	4741	-	vanS-Pt	vancomycin resistance histidine kinase VanS-Pt	core	AMR	AMR	GLYCOPEPTIDE	VANCOMYCIN	BLASTX	387	388	99.74	90.44	387	WP_063856742.1	vancomycin resistance histidine kinase VanS-Pt		
GCF_002577285.1		NZ_NULK01000043.1	4725	5417	-	vanR-A	vancomycin resistance response regulator transcription factor VanR-A	core	AMR	AMR	GLYCOPEPTIDE	VANCOMYCIN	BLASTX	231	231	100.00	93.07	231	WP_063856721.1	vancomycin resistance response regulator transcription factor VanR-A		
GCF_002577285.1		NZ_NULK01000082.1	82525	83898	+	tet(45)	tetracycline efflux MFS transporter Tet(45)	core	AMR	AMR	TETRACYCLINE	TETRACYCLINE	BLASTX	458	458	100.00	90.83	458	WP_063855885.1	tetracycline efflux MFS transporter Tet(45)		
GCF_002577285.1		NZ_NULK01000085.1	3869	4786	+	bla	class A beta-lactamase Bla1	core	AMR	AMR	BETA-LACTAM	BETA-LACTAM	BLASTX	306	306	100.00	96.08	306	WP_063842248.1	class A beta-lactamase Bla1		
GCF_002577285.1		NZ_NULK01000090.1	21283	22230	+	blaIII	class A beta-lactamase BlaIII	core	AMR	AMR	BETA-LACTAM	BETA-LACTAM	BLASTX	316	316	100.00	95.57	316	WP_000497840.1	class A beta-lactamase BlaIII		
GCF_002577365.1		NZ_NULO01000069.1	11840	12757	+	bla	class A beta-lactamase Bla1	core	AMR	AMR	BETA-LACTAM	BETA-LACTAM	BLASTX	306	306	100.00	90.85	306	WP_003171307.1	class A beta-lactamase Bla1		
GCF_002577365.1		NZ_NULO01000121.1	8932	9702	-	bla2	BcII family subclass B1 metallo-beta-lactamase	core	AMR	AMR	BETA-LACTAM	CARBAPENEM	BLASTX	257	257	100.00	93.00	257	WP_012261328.1	BcII family subclass B1 metallo-beta-lactamase		
GCF_002577445.1		NZ_NULS01000003.1	391967	392380	+	fosB	FosBx1 family fosfomycin resistance bacillithiol transferase	core	AMR	AMR	FOSFOMYCIN	FOSFOMYCIN	BLASTX	138	138	100.00	99.28	138	WP_000943763.1	fosfomycin resistance bacillithiol transferase FosBx1		
GCF_002577445.1		NZ_NULS01000017.1	8828	9340	+	bla2	BcII family subclass B1 metallo-beta-lactamase	core	AMR	AMR	BETA-LACTAM	CARBAPENEM	PARTIALX	171	257	66.54	92.40	171	WP_012261328.1	BcII family subclass B1 metallo-beta-lactamase		
GCF_002577445.1		NZ_NULS01000021.1	91978	93351	-	tet(45)	tetracycline efflux MFS transporter Tet(45)	core	AMR	AMR	TETRACYCLINE	TETRACYCLINE	BLASTX	458	458	100.00	91.48	458	WP_063855885.1	tetracycline efflux MFS transporter Tet(45)		
GCF_002577445.1		NZ_NULS01000036.1	34838	35389	-	satA	streptothricin N-acetyltransferase SatA	core	AMR	AMR	STREPTOTHRICIN	STREPTOTHRICIN	BLASTX	184	184	98.91	89.67	184	WP_000054744.1	streptothricin N-acetyltransferase SatA		
GCF_002577445.1		NZ_NULS01000048.1	17106	18023	+	bla	class A beta-lactamase Bla1	core	AMR	AMR	BETA-LACTAM	BETA-LACTAM	BLASTX	306	306	100.00	95.10	306	WP_063842248.1	class A beta-lactamase Bla1		
GCF_002577445.1		NZ_NULS01000054.1	9782	10474	-	vanR-A	vancomycin resistance response regulator transcription factor VanR-A	core	AMR	AMR	GLYCOPEPTIDE	VANCOMYCIN	BLASTX	231	231	100.00	93.07	231	WP_063856721.1	vancomycin resistance response regulator transcription factor VanR-A		
GCF_002577525.1		NZ_NULW01000005.1	7703	8215	+	bla2	BcII family subclass B1 metallo-beta-lactamase	core	AMR	AMR	BETA-LACTAM	CARBAPENEM	PARTIALX	171	257	66.54	91.81	171	WP_012261328.1	BcII family subclass B1 metallo-beta-lactamase		
GCF_002577525.1		NZ_NULW01000005.1	263929	264480	-	satA	streptothricin N-acetyltransferase SatA	core	AMR	AMR	STREPTOTHRICIN	STREPTOTHRICIN	BLASTX	184	184	98.91	89.67	184	WP_000054744.1	streptothricin N-acetyltransferase SatA		
GCF_002577525.1		NZ_NULW01000009.1	459562	459975	-	fosB	FosBx1 family fosfomycin resistance bacillithiol transferase	core	AMR	AMR	FOSFOMYCIN	FOSFOMYCIN	BLASTX	138	138	100.00	97.10	138	WP_000943763.1	fosfomycin resistance bacillithiol transferase FosBx1		
GCF_002577525.1		NZ_NULW01000022.1	3333	4250	+	bla	class A beta-lactamase Bla1	core	AMR	AMR	BETA-LACTAM	BETA-LACTAM	BLASTX	306	306	100.00	96.73	306	WP_063842248.1	class A beta-lactamase Bla1		
GCF_002577605.1		NZ_NUMA01000001.1	31024	31437	+	fosB	FosBx1 family fosfomycin resistance bacillithiol transferase	core	AMR	AMR	FOSFOMYCIN	FOSFOMYCIN	BLASTX	138	138	100.00	97.10	138	WP_000943763.1	fosfomycin resistance bacillithiol transferase FosBx1		
GCF_002577605.1		NZ_NUMA01000012.1	84354	85124	-	bla2	BcII family subclass B1 metallo-beta-lactamase	core	AMR	AMR	BETA-LACTAM	CARBAPENEM	BLASTX	257	257	100.00	93.39	257	WP_063839879.1	BcII family subclass B1 metallo-beta-lactamase		
GCF_002577605.1		NZ_NUMA01000027.1	37613	38530	+	bla	class A beta-lactamase Bla1	core	AMR	AMR	BETA-LACTAM	BETA-LACTAM	BLASTX	306	306	100.00	95.10	306	WP_063842248.1	class A beta-lactamase Bla1		
GCF_002577605.1		NZ_NUMA01000044.1	128409	128963	+	satA	streptothricin N-acetyltransferase SatA	core	AMR	AMR	STREPTOTHRICIN	STREPTOTHRICIN	BLASTX	185	184	99.46	87.03	185	WP_000054744.1	streptothricin N-acetyltransferase SatA		
GCF_002577625.1		NZ_NUMD01000004.1	28260	28811	-	satA	streptothricin N-acetyltransferase SatA	core	AMR	AMR	STREPTOTHRICIN	STREPTOTHRICIN	BLASTX	184	184	98.91	89.67	184	WP_000054744.1	streptothricin N-acetyltransferase SatA		
GCF_002577625.1		NZ_NUMD01000016.1	2639	3556	+	bla	class A beta-lactamase Bla1	core	AMR	AMR	BETA-LACTAM	BETA-LACTAM	BLASTX	306	306	100.00	95.42	306	WP_063842248.1	class A beta-lactamase Bla1		
GCF_002577625.1		NZ_NUMD01000018.1	14014	14784	+	bla2	BcII family subclass B1 metallo-beta-lactamase	core	AMR	AMR	BETA-LACTAM	CARBAPENEM	BLASTX	257	257	100.00	93.00	257	WP_063839879.1	BcII family subclass B1 metallo-beta-lactamase		
GCF_002577625.1		NZ_NUMD01000024.1	11613	12029	+	fosB	FosB/FosD family fosfomycin resistance bacillithiol transferase	core	AMR	AMR	FOSFOMYCIN	FOSFOMYCIN	BLASTX	139	139	100.00	99.28	139	WP_000938987.1	fosfomycin resistance bacillithiol transferase FosB2		
GCF_002577625.1		NZ_NUMD01000030.1	63117	64490	+	tet(45)	tetracycline efflux MFS transporter Tet(45)	core	AMR	AMR	TETRACYCLINE	TETRACYCLINE	BLASTX	458	458	100.00	91.05	458	WP_063855885.1	tetracycline efflux MFS transporter Tet(45)		
GCF_002577625.1		NZ_NUMD01000050.1	7961	8653	+	vanR-A	vancomycin resistance response regulator transcription factor VanR-A	core	AMR	AMR	GLYCOPEPTIDE	VANCOMYCIN	BLASTX	231	231	100.00	93.51	231	WP_063856721.1	vancomycin resistance response regulator transcription factor VanR-A		
GCF_002577625.1		NZ_NUMD01000050.1	8640	9785	+	vanS-Pt	vancomycin resistance histidine kinase VanS-Pt	core	AMR	AMR	GLYCOPEPTIDE	VANCOMYCIN	BLASTX	382	386	98.96	90.58	382	WP_063856741.1	vancomycin resistance histidine kinase VanS-Pt		
GCF_002577625.1		NZ_NUMD01000062.1	21453	22046	-	mleBCB	BCB family alpha/beta fold macrolide esterase	core	AMR	AMR	MACROLIDE	TYLOSIN	PARTIAL_CONTIG_ENDX	198	287	68.99	90.40	198	WP_459076516.1	BCB family alpha/beta fold macrolide esterase		
GCF_002577625.1		NZ_NUMD01000117.1	5317	6168	-	mleBCB	BCB family alpha/beta fold macrolide esterase	core	AMR	AMR	MACROLIDE	TYLOSIN	BLASTX	284	287	100.00	98.26	287	WP_459076516.1	BCB family alpha/beta fold macrolide esterase		
GCF_002577625.1		NZ_NUMD01000161.1	46685	47098	+	fosB	FosBx1 family fosfomycin resistance bacillithiol transferase	core	AMR	AMR	FOSFOMYCIN	FOSFOMYCIN	BLASTX	138	138	100.00	97.83	138	WP_000943763.1	fosfomycin resistance bacillithiol transferase FosBx1		
GCF_002577805.1		NZ_NUMI01000012.1	151608	152021	+	fosB	FosBx1 family fosfomycin resistance bacillithiol transferase	core	AMR	AMR	FOSFOMYCIN	FOSFOMYCIN	BLASTX	138	138	100.00	97.83	138	WP_000943763.1	fosfomycin resistance bacillithiol transferase FosBx1		
GCF_002577805.1		NZ_NUMI01000027.1	35172	36089	-	bla	class A beta-lactamase Bla1	core	AMR	AMR	BETA-LACTAM	BETA-LACTAM	BLASTX	306	306	100.00	95.10	306	WP_063842248.1	class A beta-lactamase Bla1		
GCF_002577805.1		NZ_NUMI01000035.1	64820	65590	+	bla2	BcII family subclass B1 metallo-beta-lactamase	core	AMR	AMR	BETA-LACTAM	CARBAPENEM	BLASTX	257	257	100.00	91.83	257	WP_063839879.1	BcII family subclass B1 metallo-beta-lactamase		
GCF_002577805.1		NZ_NUMI01000035.1	176896	177747	+	mleBCB	BCB family alpha/beta fold macrolide esterase	core	AMR	AMR	MACROLIDE	TYLOSIN	BLASTX	284	287	100.00	98.26	287	WP_459076516.1	BCB family alpha/beta fold macrolide esterase		
GCF_002577805.1		NZ_NUMI01000051.1	36515	37066	-	satA	streptothricin N-acetyltransferase SatA	core	AMR	AMR	STREPTOTHRICIN	STREPTOTHRICIN	BLASTX	184	184	98.91	89.67	184	WP_000054744.1	streptothricin N-acetyltransferase SatA		
GCF_002577835.1		NZ_NUMJ01000015.1	78434	79204	-	bla2	BcII family subclass B1 metallo-beta-lactamase	core	AMR	AMR	BETA-LACTAM	CARBAPENEM	BLASTX	257	257	100.00	93.00	257	WP_063839879.1	BcII family subclass B1 metallo-beta-lactamase		
GCF_002577835.1		NZ_NUMJ01000016.1	23980	24831	-	mleBCB	BCB family alpha/beta fold macrolide esterase	core	AMR	AMR	MACROLIDE	TYLOSIN	BLASTX	284	287	100.00	91.29	287	WP_459076516.1	BCB family alpha/beta fold macrolide esterase		
GCF_002577835.1		NZ_NUMJ01000016.1	126371	127288	-	bla	class A beta-lactamase Bla1	core	AMR	AMR	BETA-LACTAM	BETA-LACTAM	BLASTX	306	306	100.00	95.42	306	WP_063842248.1	class A beta-lactamase Bla1		
GCF_002577835.1		NZ_NUMJ01000033.1	44066	45013	+	blaIII	class A beta-lactamase BlaIII	core	AMR	AMR	BETA-LACTAM	BETA-LACTAM	BLASTX	316	316	100.00	95.57	316	WP_000497840.1	class A beta-lactamase BlaIII		
GCF_002577835.1		NZ_NUMJ01000034.1	19121	19672	-	satA	streptothricin N-acetyltransferase SatA	core	AMR	AMR	STREPTOTHRICIN	STREPTOTHRICIN	BLASTX	184	184	98.91	89.67	184	WP_000054744.1	streptothricin N-acetyltransferase SatA		
GCF_002577835.1		NZ_NUMJ01000048.1	18287	18700	-	fosB	FosBx1 family fosfomycin resistance bacillithiol transferase	core	AMR	AMR	FOSFOMYCIN	FOSFOMYCIN	BLASTX	138	138	100.00	97.83	138	WP_000943763.1	fosfomycin resistance bacillithiol transferase FosBx1		
GCF_002577835.1		NZ_NUMJ01000088.1	474	1325	+	mleBCB	BCB family alpha/beta fold macrolide esterase	core	AMR	AMR	MACROLIDE	TYLOSIN	BLASTX	284	287	100.00	98.26	287	WP_459076516.1	BCB family alpha/beta fold macrolide esterase		
GCF_002578625.1		NZ_NUMX01000002.1	317160	317711	+	satA	streptothricin N-acetyltransferase SatA	core	AMR	AMR	STREPTOTHRICIN	STREPTOTHRICIN	BLASTX	184	184	98.91	89.13	184	WP_000054744.1	streptothricin N-acetyltransferase SatA		
GCF_002578625.1		NZ_NUMX01000025.1	89939	91312	-	tet(45)	tetracycline efflux MFS transporter Tet(45)	core	AMR	AMR	TETRACYCLINE	TETRACYCLINE	BLASTX	458	458	100.00	91.92	458	WP_063855885.1	tetracycline efflux MFS transporter Tet(45)		
GCF_002578625.1		NZ_NUMX01000028.1	17393	18244	+	mleBCB	BCB family alpha/beta fold macrolide esterase	core	AMR	AMR	MACROLIDE	TYLOSIN	BLASTX	284	287	100.00	98.26	287	WP_459076516.1	BCB family alpha/beta fold macrolide esterase		
GCF_002578625.1		NZ_NUMX01000033.1	77002	77919	-	bla	class A beta-lactamase Bla1	core	AMR	AMR	BETA-LACTAM	BETA-LACTAM	BLASTX	306	306	100.00	96.08	306	WP_063842248.1	class A beta-lactamase Bla1		
GCF_002578625.1		NZ_NUMX01000043.1	848638	849051	+	fosB	FosBx1 family fosfomycin resistance bacillithiol transferase	core	AMR	AMR	FOSFOMYCIN	FOSFOMYCIN	BLASTX	138	138	100.00	99.28	138	WP_000943763.1	fosfomycin resistance bacillithiol transferase FosBx1		
GCF_002578625.1		NZ_NUMX01000049.1	46151	46765	+	bla2	BcII family subclass B1 metallo-beta-lactamase	core	AMR	AMR	BETA-LACTAM	CARBAPENEM	PARTIALX	205	257	79.77	98.54	205	WP_063839879.1	BcII family subclass B1 metallo-beta-lactamase		
GCF_002578625.1		NZ_NUMX01000054.1	21762	22454	+	vanR-A	vancomycin resistance response regulator transcription factor VanR-A	core	AMR	AMR	GLYCOPEPTIDE	VANCOMYCIN	BLASTX	231	231	100.00	92.64	231	WP_063856721.1	vancomycin resistance response regulator transcription factor VanR-A		
GCF_002578625.1		NZ_NUMX01000054.1	22456	23604	+	vanS-Pt	vancomycin resistance histidine kinase VanS-Pt	core	AMR	AMR	GLYCOPEPTIDE	VANCOMYCIN	BLASTX	383	386	99.22	90.34	383	WP_063856741.1	vancomycin resistance histidine kinase VanS-Pt		
GCF_002579445.1		NZ_NUQY01000008.1	42990	43937	+	blaIII	class A beta-lactamase BlaIII	core	AMR	AMR	BETA-LACTAM	BETA-LACTAM	BLASTX	316	316	100.00	91.14	316	WP_000497840.1	class A beta-lactamase BlaIII		
GCF_002579445.1		NZ_NUQY01000015.1	207155	208006	+	mleBCA	BCA family alpha/beta fold macrolide esterase	core	AMR	AMR	MACROLIDE	TYLOSIN	BLASTX	284	287	98.95	95.07	284	WP_000140039.1	BCA family alpha/beta fold macrolide esterase		
GCF_002579445.1		NZ_NUQY01000023.1	57932	58849	+	bla	class A beta-lactamase Bla1	core	AMR	AMR	BETA-LACTAM	BETA-LACTAM	BLASTX	306	306	100.00	91.18	306	WP_063842248.1	class A beta-lactamase Bla1		
GCF_002579445.1		NZ_NUQY01000033.1	10484	11032	+	satA	streptothricin N-acetyltransferase SatA	core	AMR	AMR	STREPTOTHRICIN	STREPTOTHRICIN	BLASTX	183	184	98.91	77.60	183	WP_000054744.1	streptothricin N-acetyltransferase SatA		
GCF_002579445.1		NZ_NUQY01000046.1	13112	13879	-	bla2	BcII family subclass B1 metallo-beta-lactamase	core	AMR	AMR	BETA-LACTAM	CARBAPENEM	BLASTX	256	256	100.00	94.14	256	WP_000799232.1	BcII family subclass B1 metallo-beta-lactamase		
GCF_002579775.1		NZ_NURB01000010.1	99386	100156	-	bla2	BcII family subclass B1 metallo-beta-lactamase	core	AMR	AMR	BETA-LACTAM	CARBAPENEM	BLASTX	257	257	100.00	93.00	257	WP_012261328.1	BcII family subclass B1 metallo-beta-lactamase		
GCF_002579775.1		NZ_NURB01000013.1	7959	8855	-	mphM	macrolide 2'-phosphotransferase MphM	core	AMR	AMR	MACROLIDE	MACROLIDE	BLASTX	299	299	100.00	93.65	299	WP_016078774.1	macrolide 2'-phosphotransferase MphM		
GCF_002579775.1		NZ_NURB01000018.1	9249	10166	+	bla	class A beta-lactamase Bla1	core	AMR	AMR	BETA-LACTAM	BETA-LACTAM	BLASTX	306	306	100.00	93.14	306	WP_063842248.1	class A beta-lactamase Bla1		
GCF_002579775.1		NZ_NURB01000032.1	18336	18884	-	satA	streptothricin N-acetyltransferase SatA	core	AMR	AMR	STREPTOTHRICIN	STREPTOTHRICIN	BLASTX	183	184	99.46	93.99	183	WP_000054744.1	streptothricin N-acetyltransferase SatA		
GCF_002579775.1		NZ_NURB01000042.1	165553	166461	+	mphL	macrolide 2'-phosphotransferase MphL	core	AMR	AMR	MACROLIDE	MACROLIDE	BLASTX	303	303	100.00	99.67	303	WP_002047670.1	macrolide 2'-phosphotransferase MphL		
GCF_002579865.1		NZ_NURD01000003.1	15260	16177	-	bla	class A beta-lactamase Bla1	core	AMR	AMR	BETA-LACTAM	BETA-LACTAM	BLASTX	306	306	100.00	90.52	306	WP_003171307.1	class A beta-lactamase Bla1		
GCF_002579865.1		NZ_NURD01000007.1	216080	216850	+	bla2	BcII family subclass B1 metallo-beta-lactamase	core	AMR	AMR	BETA-LACTAM	CARBAPENEM	BLASTX	257	257	100.00	94.94	257	WP_012261328.1	BcII family subclass B1 metallo-beta-lactamase		
GCF_002579865.1		NZ_NURD01000019.1	131622	132473	-	mleBCA	BCA family alpha/beta fold macrolide esterase	core	AMR	AMR	MACROLIDE	TYLOSIN	BLASTX	284	287	98.95	93.31	284	WP_000140039.1	BCA family alpha/beta fold macrolide esterase		
GCF_002579865.1		NZ_NURD01000028.1	215376	215789	-	fosB	FosBx1 family fosfomycin resistance bacillithiol transferase	core	AMR	AMR	FOSFOMYCIN	FOSFOMYCIN	BLASTX	138	138	100.00	93.48	138	WP_000943763.1	fosfomycin resistance bacillithiol transferase FosBx1		
GCF_002579895.1		NZ_NURE01000008.1	8590	9507	+	bla	class A beta-lactamase Bla1	core	AMR	AMR	BETA-LACTAM	BETA-LACTAM	BLASTX	306	306	100.00	93.79	306	WP_063842248.1	class A beta-lactamase Bla1		
GCF_002579895.1		NZ_NURE01000029.1	7870	8415	-	satA	streptothricin N-acetyltransferase SatA	core	AMR	AMR	STREPTOTHRICIN	STREPTOTHRICIN	BLASTX	182	184	98.91	93.96	182	WP_000054744.1	streptothricin N-acetyltransferase SatA		
GCF_002579895.1		NZ_NURE01000039.1	163692	164600	+	mphL	macrolide 2'-phosphotransferase MphL	core	AMR	AMR	MACROLIDE	MACROLIDE	BLASTX	303	303	100.00	99.67	303	WP_002047670.1	macrolide 2'-phosphotransferase MphL		
GCF_002579895.1		NZ_NURE01000111.1	11930	12697	+	bla2	BcII family subclass B1 metallo-beta-lactamase	core	AMR	AMR	BETA-LACTAM	CARBAPENEM	BLASTX	256	257	99.61	93.36	256	WP_012261328.1	BcII family subclass B1 metallo-beta-lactamase		
GCF_002579945.1		NZ_NURG01000002.1	166370	166783	-	fosB	FosBx1 family fosfomycin resistance bacillithiol transferase	core	AMR	AMR	FOSFOMYCIN	FOSFOMYCIN	BLASTX	138	138	100.00	96.38	138	WP_000943763.1	fosfomycin resistance bacillithiol transferase FosBx1		
GCF_002579945.1		NZ_NURG01000003.1	4775	5626	-	mleBCA	BCA family alpha/beta fold macrolide esterase	core	AMR	AMR	MACROLIDE	TYLOSIN	BLASTX	284	287	98.95	93.66	284	WP_000140039.1	BCA family alpha/beta fold macrolide esterase		
GCF_002579945.1		NZ_NURG01000012.1	116873	117820	-	blaIII	class A beta-lactamase BlaIII	core	AMR	AMR	BETA-LACTAM	BETA-LACTAM	BLASTX	316	316	100.00	95.57	316	WP_000497840.1	class A beta-lactamase BlaIII		
GCF_002579945.1		NZ_NURG01000013.1	59979	60332	+	fosB	FosB family fosfomycin resistance bacillithiol transferase	core	AMR	AMR	FOSFOMYCIN	FOSFOMYCIN	PARTIALX	118	138	85.51	96.61	118	WP_063851229.1	FosB family fosfomycin resistance bacillithiol transferase		
GCF_002579945.1		NZ_NURG01000017.1	21571	22488	-	bla	class A beta-lactamase Bla1	core	AMR	AMR	BETA-LACTAM	BETA-LACTAM	BLASTX	306	306	100.00	90.52	306	WP_003171307.1	class A beta-lactamase Bla1		
GCF_002580235.1		NZ_NURM01000004.1	199936	200349	-	fosB	FosBx1 family fosfomycin resistance bacillithiol transferase	core	AMR	AMR	FOSFOMYCIN	FOSFOMYCIN	BLASTX	138	138	100.00	96.38	138	WP_000943763.1	fosfomycin resistance bacillithiol transferase FosBx1		
GCF_002580235.1		NZ_NURM01000010.1	181930	182781	+	mleBCA	BCA family alpha/beta fold macrolide esterase	core	AMR	AMR	MACROLIDE	TYLOSIN	BLASTX	284	287	98.95	93.66	284	WP_000140039.1	BCA family alpha/beta fold macrolide esterase		
GCF_002580235.1		NZ_NURM01000025.1	50758	51675	+	bla	class A beta-lactamase Bla1	core	AMR	AMR	BETA-LACTAM	BETA-LACTAM	BLASTX	306	306	100.00	91.18	306	WP_003171307.1	class A beta-lactamase Bla1		
GCF_002580235.1		NZ_NURM01000032.1	5344	6108	+	bla2	BcII family subclass B1 metallo-beta-lactamase	core	AMR	AMR	BETA-LACTAM	CARBAPENEM	BLASTX	255	257	99.22	93.73	255	WP_012261328.1	BcII family subclass B1 metallo-beta-lactamase		
GCF_002580335.1		NZ_NURR01000021.1	66383	66796	-	fosB	FosBx1 family fosfomycin resistance bacillithiol transferase	core	AMR	AMR	FOSFOMYCIN	FOSFOMYCIN	BLASTX	138	138	100.00	93.48	138	WP_000943763.1	fosfomycin resistance bacillithiol transferase FosBx1		
GCF_002580335.1		NZ_NURR01000022.1	185119	185970	-	mleBCA	BCA family alpha/beta fold macrolide esterase	core	AMR	AMR	MACROLIDE	TYLOSIN	BLASTX	284	287	98.95	93.31	284	WP_000140039.1	BCA family alpha/beta fold macrolide esterase		
GCF_002580335.1		NZ_NURR01000029.1	216418	217188	+	bla2	BcII family subclass B1 metallo-beta-lactamase	core	AMR	AMR	BETA-LACTAM	CARBAPENEM	BLASTX	257	257	100.00	94.94	257	WP_012261328.1	BcII family subclass B1 metallo-beta-lactamase		
GCF_002580335.1		NZ_NURR01000061.1	10866	11783	+	bla	class A beta-lactamase Bla1	core	AMR	AMR	BETA-LACTAM	BETA-LACTAM	BLASTX	306	306	100.00	90.52	306	WP_003171307.1	class A beta-lactamase Bla1		
GCF_002580565.1		NZ_NURY01000036.1	36179	36592	-	fosB	FosBx1 family fosfomycin resistance bacillithiol transferase	core	AMR	AMR	FOSFOMYCIN	FOSFOMYCIN	BLASTX	138	138	100.00	90.58	138	WP_000943763.1	fosfomycin resistance bacillithiol transferase FosBx1		
GCF_002580565.1		NZ_NURY01000042.1	31710	32561	+	mleBCA	BCA family alpha/beta fold macrolide esterase	core	AMR	AMR	MACROLIDE	TYLOSIN	BLASTX	284	287	98.95	94.37	284	WP_000140039.1	BCA family alpha/beta fold macrolide esterase		
GCF_002580565.1		NZ_NURY01000058.1	117727	118419	+	vanR-A	vancomycin resistance response regulator transcription factor VanR-A	core	AMR	AMR	GLYCOPEPTIDE	VANCOMYCIN	BLASTX	231	231	100.00	92.21	231	WP_063856721.1	vancomycin resistance response regulator transcription factor VanR-A		
GCF_002580565.1		NZ_NURY01000068.1	10215	10982	-	bla2	BcII family subclass B1 metallo-beta-lactamase	core	AMR	AMR	BETA-LACTAM	CARBAPENEM	BLASTX	256	256	100.00	92.58	256	WP_000799232.1	BcII family subclass B1 metallo-beta-lactamase		
GCF_002580565.1		NZ_NURY01000083.1	12223	12771	-	satA	streptothricin N-acetyltransferase SatA	core	AMR	AMR	STREPTOTHRICIN	STREPTOTHRICIN	BLASTX	183	184	99.46	89.07	183	WP_000054744.1	streptothricin N-acetyltransferase SatA		
GCF_002580565.1		NZ_NURY01000103.1	24011	24928	+	bla	class A beta-lactamase Bla1	core	AMR	AMR	BETA-LACTAM	BETA-LACTAM	BLASTX	306	306	100.00	90.85	306	WP_003171307.1	class A beta-lactamase Bla1		
GCF_002580575.1		NZ_NURZ01000034.1	143446	144354	+	mphL	macrolide 2'-phosphotransferase MphL	core	AMR	AMR	MACROLIDE	MACROLIDE	BLASTX	303	303	100.00	99.67	303	WP_002047670.1	macrolide 2'-phosphotransferase MphL		
GCF_002580575.1		NZ_NURZ01000040.1	5000	5917	-	bla	class A beta-lactamase Bla1	core	AMR	AMR	BETA-LACTAM	BETA-LACTAM	BLASTX	306	306	100.00	93.14	306	WP_063842248.1	class A beta-lactamase Bla1		
GCF_002580575.1		NZ_NURZ01000041.1	11451	12221	-	bla2	BcII family subclass B1 metallo-beta-lactamase	core	AMR	AMR	BETA-LACTAM	CARBAPENEM	BLASTX	257	257	100.00	93.00	257	WP_012261328.1	BcII family subclass B1 metallo-beta-lactamase		
GCF_002580575.1		NZ_NURZ01000068.1	14223	14771	-	satA	streptothricin N-acetyltransferase SatA	core	AMR	AMR	STREPTOTHRICIN	STREPTOTHRICIN	BLASTX	183	184	99.46	92.35	183	WP_000054744.1	streptothricin N-acetyltransferase SatA		
GCF_002580595.1		NZ_NUSC01000003.1	67007	67420	-	fosB	FosBx1 family fosfomycin resistance bacillithiol transferase	core	AMR	AMR	FOSFOMYCIN	FOSFOMYCIN	BLASTX	138	138	100.00	93.48	138	WP_000943763.1	fosfomycin resistance bacillithiol transferase FosBx1		
GCF_002580595.1		NZ_NUSC01000016.1	68319	69089	-	bla2	BcII family subclass B1 metallo-beta-lactamase	core	AMR	AMR	BETA-LACTAM	CARBAPENEM	BLASTX	257	257	100.00	95.33	257	WP_012261328.1	BcII family subclass B1 metallo-beta-lactamase		
GCF_002580595.1		NZ_NUSC01000032.1	54050	54967	+	bla	class A beta-lactamase Bla1	core	AMR	AMR	BETA-LACTAM	BETA-LACTAM	BLASTX	306	306	100.00	90.52	306	WP_003171307.1	class A beta-lactamase Bla1		
GCF_002580595.1		NZ_NUSC01000033.1	131732	132583	-	mleBCA	BCA family alpha/beta fold macrolide esterase	core	AMR	AMR	MACROLIDE	TYLOSIN	BLASTX	284	287	98.95	93.31	284	WP_000140039.1	BCA family alpha/beta fold macrolide esterase		
GCF_002580895.1		NZ_NUSN01000007.1	6455	7306	+	mleBCB	BCB family alpha/beta fold macrolide esterase	core	AMR	AMR	MACROLIDE	TYLOSIN	BLASTX	284	287	100.00	90.94	287	WP_459076516.1	BCB family alpha/beta fold macrolide esterase		
GCF_002580895.1		NZ_NUSN01000028.1	90273	91190	-	bla	class A beta-lactamase Bla1	core	AMR	AMR	BETA-LACTAM	BETA-LACTAM	BLASTX	306	306	100.00	94.77	306	WP_063842248.1	class A beta-lactamase Bla1		
GCF_002580895.1		NZ_NUSN01000034.1	41406	41960	+	satA	streptothricin N-acetyltransferase SatA	core	AMR	AMR	STREPTOTHRICIN	STREPTOTHRICIN	BLASTX	185	184	99.46	90.81	185	WP_000054744.1	streptothricin N-acetyltransferase SatA		
GCF_002580895.1		NZ_NUSN01000035.1	279819	280589	+	bla2	BcII family subclass B1 metallo-beta-lactamase	core	AMR	AMR	BETA-LACTAM	CARBAPENEM	BLASTX	257	257	100.00	92.22	257	WP_012261328.1	BcII family subclass B1 metallo-beta-lactamase		
GCF_002580975.1		NZ_NUSO01000034.1	32095	33003	-	mphL	macrolide 2'-phosphotransferase MphL	core	AMR	AMR	MACROLIDE	MACROLIDE	BLASTX	303	303	100.00	99.01	303	WP_002047670.1	macrolide 2'-phosphotransferase MphL		
GCF_002580975.1		NZ_NUSO01000072.1	17334	18104	+	bla2	BcII family subclass B1 metallo-beta-lactamase	core	AMR	AMR	BETA-LACTAM	CARBAPENEM	BLASTX	257	257	100.00	93.00	257	WP_012261328.1	BcII family subclass B1 metallo-beta-lactamase		
GCF_002580975.1		NZ_NUSO01000095.1	3829	4680	-	mleBCB	BCB family alpha/beta fold macrolide esterase	core	AMR	AMR	MACROLIDE	TYLOSIN	BLASTX	284	287	100.00	90.59	287	WP_459076516.1	BCB family alpha/beta fold macrolide esterase		
GCF_002580975.1		NZ_NUSO01000122.1	8410	8958	-	satA	streptothricin N-acetyltransferase SatA	core	AMR	AMR	STREPTOTHRICIN	STREPTOTHRICIN	BLASTX	183	184	99.46	91.80	183	WP_000054744.1	streptothricin N-acetyltransferase SatA		
GCF_002580975.1		NZ_NUSO01000173.1	2410	3306	-	mphM	macrolide 2'-phosphotransferase MphM	core	AMR	AMR	MACROLIDE	MACROLIDE	BLASTX	299	299	100.00	95.65	299	WP_016078774.1	macrolide 2'-phosphotransferase MphM		
GCF_002580975.1		NZ_NUSO01000194.1	7275	8192	-	bla	class A beta-lactamase Bla1	core	AMR	AMR	BETA-LACTAM	BETA-LACTAM	BLASTX	306	306	100.00	94.77	306	WP_063842248.1	class A beta-lactamase Bla1		
GCF_002580975.1		NZ_NUSO01000195.1	14544	14957	-	fosB	FosB family fosfomycin resistance bacillithiol transferase	core	AMR	AMR	FOSFOMYCIN	FOSFOMYCIN	BLASTX	138	138	100.00	92.75	138	WP_063851229.1	FosB family fosfomycin resistance bacillithiol transferase		
GCF_002581055.1		NZ_NUSP01000004.1	41802	42215	-	fosB	FosBx1 family fosfomycin resistance bacillithiol transferase	core	AMR	AMR	FOSFOMYCIN	FOSFOMYCIN	BLASTX	138	138	100.00	94.93	138	WP_000943763.1	fosfomycin resistance bacillithiol transferase FosBx1		
GCF_002581055.1		NZ_NUSP01000008.1	133706	134557	+	mleBCA	BCA family alpha/beta fold macrolide esterase	core	AMR	AMR	MACROLIDE	TYLOSIN	BLASTX	284	287	98.95	93.66	284	WP_000140039.1	BCA family alpha/beta fold macrolide esterase		
GCF_002581055.1		NZ_NUSP01000012.1	51293	52063	+	bla2	BcII family subclass B1 metallo-beta-lactamase	core	AMR	AMR	BETA-LACTAM	CARBAPENEM	BLASTX	257	257	100.00	94.55	257	WP_012261328.1	BcII family subclass B1 metallo-beta-lactamase		
GCF_002581055.1		NZ_NUSP01000017.1	17417	18334	-	bla	class A beta-lactamase Bla1	core	AMR	AMR	BETA-LACTAM	BETA-LACTAM	BLASTX	306	306	100.00	92.16	306	WP_003171307.1	class A beta-lactamase Bla1		
GCF_002581125.1		NZ_NUST01000001.1	198681	199589	-	mphL	macrolide 2'-phosphotransferase MphL	core	AMR	AMR	MACROLIDE	MACROLIDE	EXACTX	303	303	100.00	100.00	303	WP_002047670.1	macrolide 2'-phosphotransferase MphL		
GCF_002581125.1		NZ_NUST01000036.1	37455	38003	+	satA	streptothricin N-acetyltransferase SatA	core	AMR	AMR	STREPTOTHRICIN	STREPTOTHRICIN	BLASTX	183	184	99.46	92.35	183	WP_000054744.1	streptothricin N-acetyltransferase SatA		
GCF_002581125.1		NZ_NUST01000044.1	11342	12259	+	bla	class A beta-lactamase Bla1	core	AMR	AMR	BETA-LACTAM	BETA-LACTAM	BLASTX	306	306	100.00	93.14	306	WP_063842248.1	class A beta-lactamase Bla1		
GCF_002581125.1		NZ_NUST01000056.1	30960	31730	-	bla2	BcII family subclass B1 metallo-beta-lactamase	core	AMR	AMR	BETA-LACTAM	CARBAPENEM	BLASTX	257	257	100.00	93.00	257	WP_012261328.1	BcII family subclass B1 metallo-beta-lactamase		
GCF_002581205.1		NZ_NUSU01000008.1	284362	285132	+	bla2	BcII family subclass B1 metallo-beta-lactamase	core	AMR	AMR	BETA-LACTAM	CARBAPENEM	INTERNAL_STOP	257	257	100.00	92.61	257	WP_012261328.1	BcII family subclass B1 metallo-beta-lactamase		
GCF_002581205.1		NZ_NUSU01000025.1	101086	101994	+	mphL	macrolide 2'-phosphotransferase MphL	core	AMR	AMR	MACROLIDE	MACROLIDE	EXACTX	303	303	100.00	100.00	303	WP_002047670.1	macrolide 2'-phosphotransferase MphL		
GCF_002581205.1		NZ_NUSU01000032.1	9249	10166	+	bla	class A beta-lactamase Bla1	core	AMR	AMR	BETA-LACTAM	BETA-LACTAM	BLASTX	306	306	100.00	93.14	306	WP_063842248.1	class A beta-lactamase Bla1		
GCF_002581205.1		NZ_NUSU01000039.1	50585	51133	+	satA	streptothricin N-acetyltransferase SatA	core	AMR	AMR	STREPTOTHRICIN	STREPTOTHRICIN	BLASTX	183	184	99.46	92.35	183	WP_000054744.1	streptothricin N-acetyltransferase SatA		
GCF_002581675.1		NZ_NUSL01000004.1	235886	236656	+	bla2	BcII family subclass B1 metallo-beta-lactamase	core	AMR	AMR	BETA-LACTAM	CARBAPENEM	BLASTX	257	257	100.00	92.61	257	WP_012261328.1	BcII family subclass B1 metallo-beta-lactamase		
GCF_002581675.1		NZ_NUSL01000051.1	3586	4503	+	bla	class A beta-lactamase Bla1	core	AMR	AMR	BETA-LACTAM	BETA-LACTAM	BLASTX	306	306	100.00	94.77	306	WP_063842248.1	class A beta-lactamase Bla1		
GCF_002581675.1		NZ_NUSL01000130.1	4535	5698	-	vanS-Pt	vancomycin resistance histidine kinase VanS-Pt	core	AMR	AMR	GLYCOPEPTIDE	VANCOMYCIN	BLASTX	388	386	100.00	91.24	388	WP_063856741.1	vancomycin resistance histidine kinase VanS-Pt		
GCF_002581675.1		NZ_NUSL01000130.1	5682	6371	-	vanR-A	vancomycin resistance response regulator transcription factor VanR-A	core	AMR	AMR	GLYCOPEPTIDE	VANCOMYCIN	BLASTX	230	231	99.57	93.48	230	WP_063856721.1	vancomycin resistance response regulator transcription factor VanR-A		
GCF_002581675.1		NZ_NUSL01000156.1	2087	2938	-	mleBCB	BCB family alpha/beta fold macrolide esterase	core	AMR	AMR	MACROLIDE	TYLOSIN	BLASTX	284	287	100.00	90.94	287	WP_459076516.1	BCB family alpha/beta fold macrolide esterase		
GCF_002581675.1		NZ_NUSL01000167.1	443	991	+	satA	streptothricin N-acetyltransferase SatA	core	AMR	AMR	STREPTOTHRICIN	STREPTOTHRICIN	BLASTX	183	184	99.46	92.90	183	WP_000054744.1	streptothricin N-acetyltransferase SatA		
GCF_002581955.1		NZ_NUSZ01000002.1	364331	365248	-	bla	class A beta-lactamase Bla1	core	AMR	AMR	BETA-LACTAM	BETA-LACTAM	BLASTX	306	306	100.00	93.14	306	WP_063842248.1	class A beta-lactamase Bla1		
GCF_002581955.1		NZ_NUSZ01000007.1	117882	118430	+	satA	streptothricin N-acetyltransferase SatA	core	AMR	AMR	STREPTOTHRICIN	STREPTOTHRICIN	BLASTX	183	184	99.46	92.35	183	WP_000054744.1	streptothricin N-acetyltransferase SatA		
GCF_002581955.1		NZ_NUSZ01000007.1	361915	362685	-	bla2	BcII family subclass B1 metallo-beta-lactamase	core	AMR	AMR	BETA-LACTAM	CARBAPENEM	BLASTX	257	257	100.00	93.00	257	WP_012261328.1	BcII family subclass B1 metallo-beta-lactamase		
GCF_002581955.1		NZ_NUSZ01000010.1	328075	328983	-	mphL	macrolide 2'-phosphotransferase MphL	core	AMR	AMR	MACROLIDE	MACROLIDE	BLASTX	303	303	100.00	99.67	303	WP_002047670.1	macrolide 2'-phosphotransferase MphL		
GCF_002582025.1		NZ_NUTA01000002.1	13791	14699	+	mphL	macrolide 2'-phosphotransferase MphL	core	AMR	AMR	MACROLIDE	MACROLIDE	EXACTX	303	303	100.00	100.00	303	WP_002047670.1	macrolide 2'-phosphotransferase MphL		
GCF_002582025.1		NZ_NUTA01000025.1	10427	10975	+	satA	streptothricin N-acetyltransferase SatA	core	AMR	AMR	STREPTOTHRICIN	STREPTOTHRICIN	BLASTX	183	184	99.46	92.35	183	WP_000054744.1	streptothricin N-acetyltransferase SatA		
GCF_002582025.1		NZ_NUTA01000029.1	20854	21624	-	bla2	BcII family subclass B1 metallo-beta-lactamase	core	AMR	AMR	BETA-LACTAM	CARBAPENEM	BLASTX	257	257	100.00	93.00	257	WP_012261328.1	BcII family subclass B1 metallo-beta-lactamase		
GCF_002582025.1		NZ_NUTA01000060.1	11013	11930	-	bla	class A beta-lactamase Bla1	core	AMR	AMR	BETA-LACTAM	BETA-LACTAM	BLASTX	306	306	100.00	93.14	306	WP_063842248.1	class A beta-lactamase Bla1		
GCF_002582335.1		NZ_NUTJ01000021.1	8017	8934	-	bla	class A beta-lactamase Bla1	core	AMR	AMR	BETA-LACTAM	BETA-LACTAM	BLASTX	306	306	100.00	90.85	306	WP_063842248.1	class A beta-lactamase Bla1		
GCF_002582335.1		NZ_NUTJ01000024.1	55164	55931	+	bla2	BcII family subclass B1 metallo-beta-lactamase	core	AMR	AMR	BETA-LACTAM	CARBAPENEM	BLASTX	256	256	100.00	94.14	256	WP_000799232.1	BcII family subclass B1 metallo-beta-lactamase		
GCF_002582335.1		NZ_NUTJ01000029.1	50676	51227	-	satA	streptothricin N-acetyltransferase SatA	core	AMR	AMR	STREPTOTHRICIN	STREPTOTHRICIN	BLASTX	184	184	98.91	90.22	184	WP_000054744.1	streptothricin N-acetyltransferase SatA		
GCF_002582335.1		NZ_NUTJ01000032.1	8199	9050	+	mleBCA	BCA family alpha/beta fold macrolide esterase	core	AMR	AMR	MACROLIDE	TYLOSIN	BLASTX	284	287	98.95	95.07	284	WP_000140039.1	BCA family alpha/beta fold macrolide esterase		
GCF_002582335.1		NZ_NUTJ01000047.1	16617	17564	-	blaIII	class A beta-lactamase BlaIII	core	AMR	AMR	BETA-LACTAM	BETA-LACTAM	BLASTX	316	316	100.00	90.82	316	WP_000497840.1	class A beta-lactamase BlaIII		
GCF_002582335.1		NZ_NUTJ01000055.1	19103	19651	-	satA	streptothricin N-acetyltransferase SatA	core	AMR	AMR	STREPTOTHRICIN	STREPTOTHRICIN	BLASTX	183	184	98.91	79.23	183	WP_000054744.1	streptothricin N-acetyltransferase SatA		
GCF_002582715.1		NZ_NUTR01000002.1	567100	568008	-	mphL	macrolide 2'-phosphotransferase MphL	core	AMR	AMR	MACROLIDE	MACROLIDE	BLASTX	303	303	100.00	99.67	303	WP_002047670.1	macrolide 2'-phosphotransferase MphL		
GCF_002582715.1		NZ_NUTR01000042.1	75263	75811	-	satA	streptothricin N-acetyltransferase SatA	core	AMR	AMR	STREPTOTHRICIN	STREPTOTHRICIN	BLASTX	183	184	99.46	93.99	183	WP_000054744.1	streptothricin N-acetyltransferase SatA		
GCF_002582715.1		NZ_NUTR01000043.1	9691	10608	+	bla	class A beta-lactamase Bla1	core	AMR	AMR	BETA-LACTAM	BETA-LACTAM	BLASTX	306	306	100.00	92.16	306	WP_063842248.1	class A beta-lactamase Bla1		
GCF_002582715.1		NZ_NUTR01000072.1	29369	30139	+	bla2	BcII family subclass B1 metallo-beta-lactamase	core	AMR	AMR	BETA-LACTAM	CARBAPENEM	BLASTX	257	257	100.00	93.00	257	WP_012261328.1	BcII family subclass B1 metallo-beta-lactamase		
GCF_002583235.1		NZ_NUOV01000005.1	70134	70985	-	mleBCB	BCB family alpha/beta fold macrolide esterase	core	AMR	AMR	MACROLIDE	TYLOSIN	BLASTX	284	287	100.00	98.26	287	WP_459076516.1	BCB family alpha/beta fold macrolide esterase		
GCF_002583235.1		NZ_NUOV01000005.1	183354	184130	-	bla2	BcII family subclass B1 metallo-beta-lactamase	core	AMR	AMR	BETA-LACTAM	CARBAPENEM	BLASTX	259	257	100.00	93.05	259	WP_063839879.1	BcII family subclass B1 metallo-beta-lactamase		
GCF_002583235.1		NZ_NUOV01000012.1	121456	122373	-	bla	class A beta-lactamase Bla1	core	AMR	AMR	BETA-LACTAM	BETA-LACTAM	BLASTX	306	306	100.00	95.42	306	WP_063842248.1	class A beta-lactamase Bla1		
GCF_002583235.1		NZ_NUOV01000027.1	112093	112506	+	fosB	FosBx1 family fosfomycin resistance bacillithiol transferase	core	AMR	AMR	FOSFOMYCIN	FOSFOMYCIN	BLASTX	138	138	100.00	97.83	138	WP_000943763.1	fosfomycin resistance bacillithiol transferase FosBx1		
GCF_002583235.1		NZ_NUOV01000032.1	21323	22270	+	blaIII	class A beta-lactamase BlaIII	core	AMR	AMR	BETA-LACTAM	BETA-LACTAM	BLASTX	316	316	100.00	95.57	316	WP_000497840.1	class A beta-lactamase BlaIII		
GCF_002583235.1		NZ_NUOV01000052.1	19140	19691	-	satA	streptothricin N-acetyltransferase SatA	core	AMR	AMR	STREPTOTHRICIN	STREPTOTHRICIN	BLASTX	184	184	98.91	89.13	184	WP_000054744.1	streptothricin N-acetyltransferase SatA		
GCF_002583505.1		NZ_NUPM01000006.1	465222	465635	-	fosB	FosBx1 family fosfomycin resistance bacillithiol transferase	core	AMR	AMR	FOSFOMYCIN	FOSFOMYCIN	BLASTX	138	138	100.00	97.83	138	WP_000943763.1	fosfomycin resistance bacillithiol transferase FosBx1		
GCF_002583505.1		NZ_NUPM01000009.1	80083	80634	+	satA	streptothricin N-acetyltransferase SatA	core	AMR	AMR	STREPTOTHRICIN	STREPTOTHRICIN	BLASTX	184	184	98.91	89.67	184	WP_000054744.1	streptothricin N-acetyltransferase SatA		
GCF_002583505.1		NZ_NUPM01000013.1	8620	9312	-	vanR-A	vancomycin resistance response regulator transcription factor VanR-A	core	AMR	AMR	GLYCOPEPTIDE	VANCOMYCIN	BLASTX	231	231	100.00	93.07	231	WP_063856721.1	vancomycin resistance response regulator transcription factor VanR-A		
GCF_002583505.1		NZ_NUPM01000021.1	26718	28091	+	tet(45)	tetracycline efflux MFS transporter Tet(45)	core	AMR	AMR	TETRACYCLINE	TETRACYCLINE	BLASTX	458	458	100.00	91.48	458	WP_063855885.1	tetracycline efflux MFS transporter Tet(45)		
GCF_002583505.1		NZ_NUPM01000023.1	34627	35397	+	bla2	BcII family subclass B1 metallo-beta-lactamase	core	AMR	AMR	BETA-LACTAM	CARBAPENEM	BLASTX	257	257	100.00	96.50	257	WP_063839879.1	BcII family subclass B1 metallo-beta-lactamase		
GCF_002583505.1		NZ_NUPM01000023.1	147973	148824	+	mleBCB	BCB family alpha/beta fold macrolide esterase	core	AMR	AMR	MACROLIDE	TYLOSIN	BLASTX	284	287	100.00	98.26	287	WP_459076516.1	BCB family alpha/beta fold macrolide esterase		
GCF_002583505.1		NZ_NUPM01000025.1	40345	41262	+	bla	class A beta-lactamase Bla1	core	AMR	AMR	BETA-LACTAM	BETA-LACTAM	BLASTX	306	306	100.00	95.10	306	WP_063842248.1	class A beta-lactamase Bla1		
GCF_002583515.1		NZ_NUPQ01000068.1	204	1475	-	abaF	fosfomycin efflux MFS transporter AbaF	plus	AMR	AMR	FOSFOMYCIN	FOSFOMYCIN	BLASTX	424	429	98.83	85.61	424	ABO11759.2	fosfomycin efflux MFS transporter AbaF		
GCF_002583535.1		NZ_NUPR01000002.1	149000	149413	+	fosB	FosBx1 family fosfomycin resistance bacillithiol transferase	core	AMR	AMR	FOSFOMYCIN	FOSFOMYCIN	BLASTX	138	138	100.00	99.28	138	WP_000943763.1	fosfomycin resistance bacillithiol transferase FosBx1		
GCF_002583535.1		NZ_NUPR01000007.1	53261	54424	-	vanS-Pt	vancomycin resistance histidine kinase VanS-Pt	core	AMR	AMR	GLYCOPEPTIDE	VANCOMYCIN	BLASTX	388	386	100.00	91.75	388	WP_063856741.1	vancomycin resistance histidine kinase VanS-Pt		
GCF_002583535.1		NZ_NUPR01000007.1	54408	55097	-	vanR-A	vancomycin resistance response regulator transcription factor VanR-A	core	AMR	AMR	GLYCOPEPTIDE	VANCOMYCIN	BLASTX	230	231	99.57	94.35	230	WP_063856721.1	vancomycin resistance response regulator transcription factor VanR-A		
GCF_002583535.1		NZ_NUPR01000025.1	54164	54934	+	bla2	BcII family subclass B1 metallo-beta-lactamase	core	AMR	AMR	BETA-LACTAM	CARBAPENEM	BLASTX	257	257	100.00	92.22	257	WP_063839879.1	BcII family subclass B1 metallo-beta-lactamase		
GCF_002583535.1		NZ_NUPR01000029.1	41104	42477	+	tet(45)	tetracycline efflux MFS transporter Tet(45)	core	AMR	AMR	TETRACYCLINE	TETRACYCLINE	BLASTX	458	458	100.00	91.05	458	WP_063855885.1	tetracycline efflux MFS transporter Tet(45)		
GCF_002583535.1		NZ_NUPR01000110.1	23896	24450	+	satA	streptothricin N-acetyltransferase SatA	core	AMR	AMR	STREPTOTHRICIN	STREPTOTHRICIN	BLASTX	185	184	99.46	88.11	185	WP_000054744.1	streptothricin N-acetyltransferase SatA		
GCF_002583535.1		NZ_NUPR01000111.1	3354	4301	-	blaIII	class A beta-lactamase BlaIII	core	AMR	AMR	BETA-LACTAM	BETA-LACTAM	BLASTX	316	316	100.00	95.57	316	WP_000497840.1	class A beta-lactamase BlaIII		
GCF_002583535.1		NZ_NUPR01000116.1	16097	17014	-	bla	class A beta-lactamase Bla1	core	AMR	AMR	BETA-LACTAM	BETA-LACTAM	BLASTX	306	306	100.00	96.41	306	WP_063842248.1	class A beta-lactamase Bla1		
GCF_002583885.1		NZ_NUTO01000010.1	16874	17287	-	fosB	FosBx1 family fosfomycin resistance bacillithiol transferase	core	AMR	AMR	FOSFOMYCIN	FOSFOMYCIN	BLASTX	138	138	100.00	95.65	138	WP_000943763.1	fosfomycin resistance bacillithiol transferase FosBx1		
GCF_002583885.1		NZ_NUTO01000023.1	34960	35313	-	fosB	FosB family fosfomycin resistance bacillithiol transferase	core	AMR	AMR	FOSFOMYCIN	FOSFOMYCIN	PARTIALX	118	138	85.51	95.76	118	WP_063851229.1	FosB family fosfomycin resistance bacillithiol transferase		
GCF_002583885.1		NZ_NUTO01000043.1	26329	27180	+	mleBCA	BCA family alpha/beta fold macrolide esterase	core	AMR	AMR	MACROLIDE	TYLOSIN	BLASTX	284	287	98.95	94.01	284	WP_000140039.1	BCA family alpha/beta fold macrolide esterase		
GCF_002583885.1		NZ_NUTO01000051.1	36485	37255	-	bla2	BcII family subclass B1 metallo-beta-lactamase	core	AMR	AMR	BETA-LACTAM	CARBAPENEM	BLASTX	257	257	100.00	94.94	257	WP_012261328.1	BcII family subclass B1 metallo-beta-lactamase		
GCF_002583885.1		NZ_NUTO01000121.1	5579	6526	-	blaIII	class A beta-lactamase BlaIII	core	AMR	AMR	BETA-LACTAM	BETA-LACTAM	BLASTX	316	316	100.00	95.57	316	WP_000497840.1	class A beta-lactamase BlaIII		
GCF_002583885.1		NZ_NUTO01000172.1	3369	4286	+	bla	class A beta-lactamase Bla1	core	AMR	AMR	BETA-LACTAM	BETA-LACTAM	BLASTX	306	306	100.00	90.52	306	WP_003171307.1	class A beta-lactamase Bla1		
GCF_002584075.1		NZ_NUNS01000006.1	200383	201234	+	mleBCB	BCB family alpha/beta fold macrolide esterase	core	AMR	AMR	MACROLIDE	TYLOSIN	BLASTX	284	287	100.00	91.64	287	WP_459076516.1	BCB family alpha/beta fold macrolide esterase		
GCF_002584075.1		NZ_NUNS01000010.1	60360	61124	+	bla2	BcII family subclass B1 metallo-beta-lactamase	core	AMR	AMR	BETA-LACTAM	CARBAPENEM	BLASTX	255	257	99.22	92.16	255	WP_012261328.1	BcII family subclass B1 metallo-beta-lactamase		
GCF_002584075.1		NZ_NUNS01000026.1	138963	139814	+	mleBCA	BCA family alpha/beta fold macrolide esterase	core	AMR	AMR	MACROLIDE	TYLOSIN	BLASTX	284	287	98.95	91.55	284	WP_000140039.1	BCA family alpha/beta fold macrolide esterase		
GCF_002584075.1		NZ_NUNS01000040.1	29934	31307	+	tet(45)	tetracycline efflux MFS transporter Tet(45)	core	AMR	AMR	TETRACYCLINE	TETRACYCLINE	BLASTX	458	458	100.00	91.05	458	WP_063855885.1	tetracycline efflux MFS transporter Tet(45)		
GCF_002584075.1		NZ_NUNS01000090.1	32705	33619	+	bla	class A beta-lactamase Bla1	core	AMR	AMR	BETA-LACTAM	BETA-LACTAM	BLASTX	305	306	99.67	91.48	305	WP_003171307.1	class A beta-lactamase Bla1		
GCF_002584345.1		NZ_NUOH01000006.1	335624	336037	-	fosB	FosBx1 family fosfomycin resistance bacillithiol transferase	core	AMR	AMR	FOSFOMYCIN	FOSFOMYCIN	BLASTX	138	138	100.00	99.28	138	WP_000943763.1	fosfomycin resistance bacillithiol transferase FosBx1		
GCF_002584345.1		NZ_NUOH01000011.1	13098	14045	+	blaIII	class A beta-lactamase BlaIII	core	AMR	AMR	BETA-LACTAM	BETA-LACTAM	BLASTX	316	316	100.00	95.57	316	WP_000497840.1	class A beta-lactamase BlaIII		
GCF_002584345.1		NZ_NUOH01000016.1	380398	381168	+	bla2	BcII family subclass B1 metallo-beta-lactamase	core	AMR	AMR	BETA-LACTAM	CARBAPENEM	BLASTX	257	257	100.00	94.55	257	WP_063839879.1	BcII family subclass B1 metallo-beta-lactamase		
GCF_002584345.1		NZ_NUOH01000040.1	3549	4466	+	bla	class A beta-lactamase Bla1	core	AMR	AMR	BETA-LACTAM	BETA-LACTAM	BLASTX	306	306	100.00	96.08	306	WP_063842248.1	class A beta-lactamase Bla1		
GCF_002585315.1		NZ_NUNI01000033.1	66086	66640	-	satA	streptothricin N-acetyltransferase SatA	core	AMR	AMR	STREPTOTHRICIN	STREPTOTHRICIN	BLASTX	185	184	99.46	86.49	185	WP_000054744.1	streptothricin N-acetyltransferase SatA		
GCF_002585315.1		NZ_NUNI01000038.1	154896	155309	+	fosB	FosBx1 family fosfomycin resistance bacillithiol transferase	core	AMR	AMR	FOSFOMYCIN	FOSFOMYCIN	BLASTX	138	138	100.00	97.10	138	WP_000943763.1	fosfomycin resistance bacillithiol transferase FosBx1		
GCF_002585315.1		NZ_NUNI01000042.1	43410	44327	-	bla	class A beta-lactamase Bla1	core	AMR	AMR	BETA-LACTAM	BETA-LACTAM	BLASTX	306	306	100.00	95.10	306	WP_063842248.1	class A beta-lactamase Bla1		
GCF_002585315.1		NZ_NUNI01000045.1	84181	84951	-	bla2	BcII family subclass B1 metallo-beta-lactamase	core	AMR	AMR	BETA-LACTAM	CARBAPENEM	BLASTX	257	257	100.00	93.39	257	WP_063839879.1	BcII family subclass B1 metallo-beta-lactamase		
GCF_002585395.1		NZ_NUTQ01000002.1	65924	66694	+	bla2	BcII family subclass B1 metallo-beta-lactamase	core	AMR	AMR	BETA-LACTAM	CARBAPENEM	BLASTX	257	257	100.00	93.00	257	WP_012261328.1	BcII family subclass B1 metallo-beta-lactamase		
GCF_002585395.1		NZ_NUTQ01000009.1	12331	13239	+	mphL	macrolide 2'-phosphotransferase MphL	core	AMR	AMR	MACROLIDE	MACROLIDE	BLASTX	303	303	100.00	99.34	303	WP_002047670.1	macrolide 2'-phosphotransferase MphL		
GCF_002585395.1		NZ_NUTQ01000011.1	125085	125633	+	satA	streptothricin N-acetyltransferase SatA	core	AMR	AMR	STREPTOTHRICIN	STREPTOTHRICIN	BLASTX	183	184	99.46	93.99	183	WP_000054744.1	streptothricin N-acetyltransferase SatA		
GCF_002585395.1		NZ_NUTQ01000055.1	37288	38205	-	bla	class A beta-lactamase Bla1	core	AMR	AMR	BETA-LACTAM	BETA-LACTAM	BLASTX	306	306	100.00	92.16	306	WP_063842248.1	class A beta-lactamase Bla1		
GCF_002585635.1		NZ_NUNW01000015.1	106131	106901	-	bla2	BcII family subclass B1 metallo-beta-lactamase	core	AMR	AMR	BETA-LACTAM	CARBAPENEM	BLASTX	257	257	100.00	93.39	257	WP_063839879.1	BcII family subclass B1 metallo-beta-lactamase		
GCF_002585635.1		NZ_NUNW01000024.1	20090	20503	-	fosB	FosBx1 family fosfomycin resistance bacillithiol transferase	core	AMR	AMR	FOSFOMYCIN	FOSFOMYCIN	BLASTX	138	138	100.00	97.10	138	WP_000943763.1	fosfomycin resistance bacillithiol transferase FosBx1		
GCF_002585635.1		NZ_NUNW01000028.1	134639	135193	-	satA	streptothricin N-acetyltransferase SatA	core	AMR	AMR	STREPTOTHRICIN	STREPTOTHRICIN	BLASTX	185	184	99.46	86.49	185	WP_000054744.1	streptothricin N-acetyltransferase SatA		
GCF_002585635.1		NZ_NUNW01000042.1	28784	29701	+	bla	class A beta-lactamase Bla1	core	AMR	AMR	BETA-LACTAM	BETA-LACTAM	BLASTX	306	306	100.00	95.10	306	WP_063842248.1	class A beta-lactamase Bla1		
GCF_002586285.1		NZ_NUPV01000009.1	87217	87768	+	satA	streptothricin N-acetyltransferase SatA	core	AMR	AMR	STREPTOTHRICIN	STREPTOTHRICIN	BLASTX	184	184	98.91	89.67	184	WP_000054744.1	streptothricin N-acetyltransferase SatA		
GCF_002586285.1		NZ_NUPV01000009.1	201516	202367	-	mleBCB	BCB family alpha/beta fold macrolide esterase	core	AMR	AMR	MACROLIDE	TYLOSIN	BLASTX	284	287	100.00	98.26	287	WP_459076516.1	BCB family alpha/beta fold macrolide esterase		
GCF_002586285.1		NZ_NUPV01000009.1	316416	317186	-	bla2	BcII family subclass B1 metallo-beta-lactamase	core	AMR	AMR	BETA-LACTAM	CARBAPENEM	BLASTX	257	257	100.00	93.00	257	WP_063839879.1	BcII family subclass B1 metallo-beta-lactamase		
GCF_002586285.1		NZ_NUPV01000019.1	114300	114713	-	fosB	FosBx1 family fosfomycin resistance bacillithiol transferase	core	AMR	AMR	FOSFOMYCIN	FOSFOMYCIN	BLASTX	138	138	100.00	98.55	138	WP_000943763.1	fosfomycin resistance bacillithiol transferase FosBx1		
GCF_002586285.1		NZ_NUPV01000023.1	6094	7242	-	vanS-Pt	vancomycin resistance histidine kinase VanS-Pt	core	AMR	AMR	GLYCOPEPTIDE	VANCOMYCIN	BLASTX	383	386	99.22	90.60	383	WP_063856741.1	vancomycin resistance histidine kinase VanS-Pt		
GCF_002586285.1		NZ_NUPV01000023.1	7274	7966	-	vanR-A	vancomycin resistance response regulator transcription factor VanR-A	core	AMR	AMR	GLYCOPEPTIDE	VANCOMYCIN	BLASTX	231	231	100.00	93.07	231	WP_063856721.1	vancomycin resistance response regulator transcription factor VanR-A		
GCF_002586285.1		NZ_NUPV01000038.1	21405	22352	+	blaIII	class A beta-lactamase BlaIII	core	AMR	AMR	BETA-LACTAM	BETA-LACTAM	BLASTX	316	316	100.00	95.57	316	WP_000497840.1	class A beta-lactamase BlaIII		
GCF_002586285.1		NZ_NUPV01000045.1	2755	3672	+	bla	class A beta-lactamase Bla1	core	AMR	AMR	BETA-LACTAM	BETA-LACTAM	BLASTX	306	306	100.00	96.08	306	WP_063842248.1	class A beta-lactamase Bla1		
GCF_002588695.1		NZ_NUTW01000009.1	277770	278537	+	bla2	BcII family subclass B1 metallo-beta-lactamase	core	AMR	AMR	BETA-LACTAM	CARBAPENEM	BLASTX	256	257	99.61	93.75	256	WP_012261328.1	BcII family subclass B1 metallo-beta-lactamase		
GCF_002588695.1		NZ_NUTW01000037.1	12469	13017	-	satA	streptothricin N-acetyltransferase SatA	core	AMR	AMR	STREPTOTHRICIN	STREPTOTHRICIN	BLASTX	183	184	99.46	93.44	183	WP_000054744.1	streptothricin N-acetyltransferase SatA		
GCF_002588695.1		NZ_NUTW01000064.1	38907	39824	-	bla	class A beta-lactamase Bla1	core	AMR	AMR	BETA-LACTAM	BETA-LACTAM	BLASTX	306	306	100.00	93.46	306	WP_063842248.1	class A beta-lactamase Bla1		
GCF_002588695.1		NZ_NUTW01000068.1	7359	8255	-	mphM	macrolide 2'-phosphotransferase MphM	core	AMR	AMR	MACROLIDE	MACROLIDE	BLASTX	299	299	100.00	93.98	299	WP_016078774.1	macrolide 2'-phosphotransferase MphM		
GCF_002589195.1		NZ_NUUA01000009.1	175505	176413	-	mphL	macrolide 2'-phosphotransferase MphL	core	AMR	AMR	MACROLIDE	MACROLIDE	BLASTX	303	303	100.00	99.67	303	WP_002047670.1	macrolide 2'-phosphotransferase MphL		
GCF_002589195.1		NZ_NUUA01000011.1	292878	293648	+	bla2	BcII family subclass B1 metallo-beta-lactamase	core	AMR	AMR	BETA-LACTAM	CARBAPENEM	BLASTX	257	257	100.00	92.61	257	WP_012261328.1	BcII family subclass B1 metallo-beta-lactamase		
GCF_002589195.1		NZ_NUUA01000014.1	111772	112689	-	bla	class A beta-lactamase Bla1	core	AMR	AMR	BETA-LACTAM	BETA-LACTAM	BLASTX	306	306	100.00	92.16	306	WP_063842248.1	class A beta-lactamase Bla1		
GCF_002589195.1		NZ_NUUA01000027.1	37007	37555	+	satA	streptothricin N-acetyltransferase SatA	core	AMR	AMR	STREPTOTHRICIN	STREPTOTHRICIN	BLASTX	183	184	99.46	93.99	183	WP_000054744.1	streptothricin N-acetyltransferase SatA		
GCF_002589295.1		NZ_NUUB01000001.1	105309	106226	-	bla	class A beta-lactamase Bla1	core	AMR	AMR	BETA-LACTAM	BETA-LACTAM	BLASTX	306	306	100.00	93.79	306	WP_063842248.1	class A beta-lactamase Bla1		
GCF_002589295.1		NZ_NUUB01000005.1	164571	165479	+	mphL	macrolide 2'-phosphotransferase MphL	core	AMR	AMR	MACROLIDE	MACROLIDE	EXACTX	303	303	100.00	100.00	303	WP_002047670.1	macrolide 2'-phosphotransferase MphL		
GCF_002589295.1		NZ_NUUB01000025.1	11161	11931	-	bla2	BcII family subclass B1 metallo-beta-lactamase	core	AMR	AMR	BETA-LACTAM	CARBAPENEM	BLASTX	257	257	100.00	93.00	257	WP_063839879.1	BcII family subclass B1 metallo-beta-lactamase		
GCF_002589295.1		NZ_NUUB01000053.1	59016	59561	+	satA	streptothricin N-acetyltransferase SatA	core	AMR	AMR	STREPTOTHRICIN	STREPTOTHRICIN	BLASTX	182	184	98.91	92.86	182	WP_000054744.1	streptothricin N-acetyltransferase SatA		
GCF_002589305.1		NZ_NUUK01000033.1	29366	30136	+	bla2	BcII family subclass B1 metallo-beta-lactamase	core	AMR	AMR	BETA-LACTAM	CARBAPENEM	BLASTX	257	257	100.00	93.00	257	WP_012261328.1	BcII family subclass B1 metallo-beta-lactamase		
GCF_002589305.1		NZ_NUUK01000067.1	101217	102125	-	mphL	macrolide 2'-phosphotransferase MphL	core	AMR	AMR	MACROLIDE	MACROLIDE	BLASTX	303	303	100.00	99.34	303	WP_002047670.1	macrolide 2'-phosphotransferase MphL		
GCF_002589305.1		NZ_NUUK01000074.1	15409	15957	+	satA	streptothricin N-acetyltransferase SatA	core	AMR	AMR	STREPTOTHRICIN	STREPTOTHRICIN	BLASTX	183	184	99.46	92.35	183	WP_000054744.1	streptothricin N-acetyltransferase SatA		
GCF_002589305.1		NZ_NUUK01000168.1	5370	6287	-	bla	class A beta-lactamase Bla1	core	AMR	AMR	BETA-LACTAM	BETA-LACTAM	BLASTX	306	306	100.00	93.14	306	WP_063842248.1	class A beta-lactamase Bla1		
GCF_002589695.1		NZ_NUUP01000025.1	21877	22824	+	blaIII	class A beta-lactamase BlaIII	core	AMR	AMR	BETA-LACTAM	BETA-LACTAM	BLASTX	316	316	100.00	95.57	316	WP_000497840.1	class A beta-lactamase BlaIII		
GCF_002589695.1		NZ_NUUP01000039.1	44223	44636	-	fosB	FosBx1 family fosfomycin resistance bacillithiol transferase	core	AMR	AMR	FOSFOMYCIN	FOSFOMYCIN	BLASTX	138	138	100.00	96.38	138	WP_000943763.1	fosfomycin resistance bacillithiol transferase FosBx1		
GCF_002589695.1		NZ_NUUP01000044.1	91461	91814	+	fosB	FosB family fosfomycin resistance bacillithiol transferase	core	AMR	AMR	FOSFOMYCIN	FOSFOMYCIN	PARTIALX	118	138	85.51	96.61	118	WP_063851229.1	FosB family fosfomycin resistance bacillithiol transferase		
GCF_002589695.1		NZ_NUUP01000086.1	10671	11522	-	mleBCA	BCA family alpha/beta fold macrolide esterase	core	AMR	AMR	MACROLIDE	TYLOSIN	BLASTX	284	287	98.95	93.66	284	WP_000140039.1	BCA family alpha/beta fold macrolide esterase		
GCF_002589695.1		NZ_NUUP01000101.1	10110	11027	+	bla	class A beta-lactamase Bla1	core	AMR	AMR	BETA-LACTAM	BETA-LACTAM	BLASTX	306	306	100.00	91.50	306	WP_003171307.1	class A beta-lactamase Bla1		
GCF_002835205.1		NZ_PIWI01000018.1	352493	353539	+	clbA	23S rRNA (adenine(2503)-C(8))-methyltransferase ClbA	core	AMR	AMR	LINCOSAMIDE/MACROLIDE/STREPTOGRAMIN	LINCOSAMIDE/MACROLIDE/STREPTOGRAMIN	BLASTX	349	349	100.00	97.42	349	WP_012116915.1	23S rRNA (adenine(2503)-C(8))-methyltransferase ClbA		
GCF_002835205.1		NZ_PIWI01000022.1	374614	375132	+	satA	streptothricin N-acetyltransferase SatA	core	AMR	AMR	STREPTOTHRICIN	STREPTOTHRICIN	BLASTX	173	173	100.00	78.03	173	WP_003242546.1	streptothricin N-acetyltransferase SatA		
GCF_002849425.1		NZ_MUEI01000001.1	1840155	1841015	+	erm(D)	23S rRNA (adenine(2058)-N(6))-methyltransferase Erm(D)	core	AMR	AMR	LINCOSAMIDE/MACROLIDE/STREPTOGRAMIN	ERYTHROMYCIN/LINCOSAMIDE/STREPTOGRAMIN	EXACTX	287	287	100.00	100.00	287	WP_025811090.1	23S rRNA (adenine(2058)-N(6))-methyltransferase Erm(D)		
GCF_002849425.1		NZ_MUEI01000003.1	394968	395888	-	blaP	class A beta-lactamase BlaP	core	AMR	AMR	BETA-LACTAM	BETA-LACTAM	BLASTX	307	307	100.00	99.67	307	WP_023857755.1	class A beta-lactamase BlaP		
GCF_002849425.1		NZ_MUEI01000008.1	38924	39580	+	catA1	type A-1 chloramphenicol O-acetyltransferase	core	AMR	AMR	PHENICOL	CHLORAMPHENICOL	EXACTX	219	219	100.00	100.00	219	WP_000412211.1	type A-1 chloramphenicol O-acetyltransferase		
GCF_002914545.1		NZ_MLCY01000002.1	362299	362817	+	satA	streptothricin N-acetyltransferase SatA	core	AMR	AMR	STREPTOTHRICIN	STREPTOTHRICIN	BLASTX	173	173	100.00	79.77	173	WP_003242546.1	streptothricin N-acetyltransferase SatA		
GCF_002914545.1		NZ_MLCY01000010.1	115387	116292	-	mphK	macrolide 2'-phosphotransferase MphK	core	AMR	AMR	MACROLIDE	TELITHROMYCIN/TYLOSIN	BLASTX	302	306	98.69	86.09	302	WP_003246254.1	macrolide 2'-phosphotransferase MphK		
GCF_002993735.1		NZ_PVXD01000001.1	479246	479620	+	emrC	multidrug efflux transporter outer membrane subunit EmrC	plus	AMR	AMR	QUATERNARY AMMONIUM	QUATERNARY AMMONIUM	BLASTX	125	128	97.66	80.00	125	EAC4468893.1	multidrug efflux transporter outer membrane subunit EmrC		
GCF_002993735.1		NZ_PVXD01000003.1	170261	171058	-	blaBSU	BSU family class D beta-lactamase	core	AMR	AMR	BETA-LACTAM	BETA-LACTAM	BLASTX	266	267	99.63	90.60	266	WP_003235647.1	class D beta-lactamase BSU-1		
GCF_002993735.1		NZ_PVXD01000010.1	57545	58450	-	mphK	macrolide 2'-phosphotransferase MphK	core	AMR	AMR	MACROLIDE	TELITHROMYCIN/TYLOSIN	BLASTX	302	306	98.69	84.44	302	WP_003246254.1	macrolide 2'-phosphotransferase MphK		
GCF_002993735.1		NZ_PVXD01000011.1	8493	9011	+	satA	streptothricin N-acetyltransferase SatA	core	AMR	AMR	STREPTOTHRICIN	STREPTOTHRICIN	BLASTX	173	173	100.00	78.03	173	WP_003242546.1	streptothricin N-acetyltransferase SatA		
GCF_002993745.1		NZ_PVXA01000009.1	116713	117618	-	mphK	macrolide 2'-phosphotransferase MphK	core	AMR	AMR	MACROLIDE	TELITHROMYCIN/TYLOSIN	BLASTX	302	306	98.69	86.09	302	WP_003246254.1	macrolide 2'-phosphotransferase MphK		
GCF_002993765.1		NZ_PVXC01000010.1	116713	117618	-	mphK	macrolide 2'-phosphotransferase MphK	core	AMR	AMR	MACROLIDE	TELITHROMYCIN/TYLOSIN	BLASTX	302	306	98.69	86.09	302	WP_003246254.1	macrolide 2'-phosphotransferase MphK		
GCF_002993765.1		NZ_PVXC01000040.1	2	517	+	blaTEM	TEM family class A beta-lactamase	core	AMR	AMR	BETA-LACTAM	BETA-LACTAM	PARTIAL_CONTIG_ENDX	172	286	60.14	99.42	172	WP_000027050.1	broad-spectrum class A beta-lactamase TEM-116		
GCF_002998055.1		NZ_PVQM01000001.1	482194	482712	+	satA	streptothricin N-acetyltransferase SatA	core	AMR	AMR	STREPTOTHRICIN	STREPTOTHRICIN	BLASTX	173	173	100.00	80.35	173	WP_003242546.1	streptothricin N-acetyltransferase SatA		
GCF_002998055.1		NZ_PVQM01000004.1	27979	28779	-	blaBAT	BAT family class D beta-lactamase	core	AMR	AMR	BETA-LACTAM	BETA-LACTAM	BLASTX	267	268	99.63	96.63	267	WP_003328240.1	class D beta-lactamase BAT-1		
GCF_002998135.1		NZ_PVQO01000003.1	463482	464000	+	satA	streptothricin N-acetyltransferase SatA	core	AMR	AMR	STREPTOTHRICIN	STREPTOTHRICIN	BLASTX	173	173	100.00	80.92	173	WP_003242546.1	streptothricin N-acetyltransferase SatA		
GCF_002998135.1		NZ_PVQO01000006.1	279258	280061	+	blaBAT	BAT family class D beta-lactamase	core	AMR	AMR	BETA-LACTAM	BETA-LACTAM	BLASTX	268	268	100.00	97.01	268	WP_003328240.1	class D beta-lactamase BAT-1		
GCF_002998365.1		NZ_PVQT01000002.1	383279	384064	+	blaBPU	BPU family class D beta-lactamase	core	AMR	AMR	BETA-LACTAM	BETA-LACTAM	BLASTX	262	262	100.00	95.80	262	WP_041816295.1	class D beta-lactamase BPU-1		
GCF_002998365.1		NZ_PVQT01000006.1	281476	282135	-	cat86	type A-6 chloramphenicol O-acetyltransferase Cat86	core	AMR	AMR	PHENICOL	CHLORAMPHENICOL	BLASTX	220	220	100.00	96.36	220	WP_050945244.1	type A-6 chloramphenicol O-acetyltransferase Cat86		
GCF_002998455.1		NZ_PVQY01000001.1	374763	375548	+	blaBPU	BPU family class D beta-lactamase	core	AMR	AMR	BETA-LACTAM	BETA-LACTAM	BLASTX	262	262	100.00	94.27	262	WP_041816295.1	class D beta-lactamase BPU-1		
GCF_002998465.1		NZ_PVQZ01000002.1	377352	378137	-	blaBPU	BPU family class D beta-lactamase	core	AMR	AMR	BETA-LACTAM	BETA-LACTAM	BLASTX	262	262	100.00	90.46	262	WP_041816295.1	class D beta-lactamase BPU-1		
GCF_002998675.1		NZ_PVRC01000004.1	124954	125739	-	blaBPU	BPU family class D beta-lactamase	core	AMR	AMR	BETA-LACTAM	BETA-LACTAM	BLASTX	262	262	100.00	94.27	262	WP_041816295.1	class D beta-lactamase BPU-1		
GCF_002998735.1		NZ_PVRH01000005.1	269163	269948	+	blaBPU	BPU family class D beta-lactamase	core	AMR	AMR	BETA-LACTAM	BETA-LACTAM	BLASTX	262	262	100.00	95.04	262	WP_041816295.1	class D beta-lactamase BPU-1		
GCF_002998855.1		NZ_PVRM01000007.1	117139	117552	-	fosB	FosBx1 family fosfomycin resistance bacillithiol transferase	core	AMR	AMR	FOSFOMYCIN	FOSFOMYCIN	BLASTX	138	138	100.00	97.10	138	WP_000943763.1	fosfomycin resistance bacillithiol transferase FosBx1		
GCF_002998855.1		NZ_PVRM01000028.1	25018	25569	-	satA	streptothricin N-acetyltransferase SatA	core	AMR	AMR	STREPTOTHRICIN	STREPTOTHRICIN	BLASTX	184	184	98.91	89.67	184	WP_000054744.1	streptothricin N-acetyltransferase SatA		
GCF_002998855.1		NZ_PVRM01000049.1	15634	16146	-	bla2	BcII family subclass B1 metallo-beta-lactamase	core	AMR	AMR	BETA-LACTAM	CARBAPENEM	INTERNAL_STOP	171	257	66.54	91.81	171	WP_012261328.1	BcII family subclass B1 metallo-beta-lactamase		
GCF_002998985.1		NZ_PVRU01000002.1	618752	619165	+	fosB	FosBx1 family fosfomycin resistance bacillithiol transferase	core	AMR	AMR	FOSFOMYCIN	FOSFOMYCIN	BLASTX	138	138	100.00	93.48	138	WP_000943763.1	fosfomycin resistance bacillithiol transferase FosBx1		
GCF_002998985.1		NZ_PVRU01000003.1	52688	53452	+	bla2	BcII family subclass B1 metallo-beta-lactamase	core	AMR	AMR	BETA-LACTAM	CARBAPENEM	BLASTX	255	257	99.22	94.12	255	WP_012261328.1	BcII family subclass B1 metallo-beta-lactamase		
GCF_002998985.1		NZ_PVRU01000006.1	307692	308609	+	bla	class A beta-lactamase Bla1	core	AMR	AMR	BETA-LACTAM	BETA-LACTAM	BLASTX	306	306	100.00	91.18	306	WP_063842248.1	class A beta-lactamase Bla1		
GCF_002998985.1		NZ_PVRU01000007.1	59493	60344	-	mleBCA	BCA family alpha/beta fold macrolide esterase	core	AMR	AMR	MACROLIDE	TYLOSIN	BLASTX	284	287	98.95	94.37	284	WP_000140039.1	BCA family alpha/beta fold macrolide esterase		
GCF_003004355.1		NZ_PVWY01000001.1	334392	335051	+	cat86	type A-6 chloramphenicol O-acetyltransferase Cat86	core	AMR	AMR	PHENICOL	CHLORAMPHENICOL	BLASTX	220	220	100.00	91.36	220	WP_050945244.1	type A-6 chloramphenicol O-acetyltransferase Cat86		
GCF_003004355.1		NZ_PVWY01000001.1	1460273	1461058	-	blaBPU	BPU family class D beta-lactamase	core	AMR	AMR	BETA-LACTAM	BETA-LACTAM	BLASTX	262	262	100.00	94.27	262	WP_041816295.1	class D beta-lactamase BPU-1		
GCF_003012025.1		NZ_PVHM01000007.1	631016	631534	-	satA	streptothricin N-acetyltransferase SatA	core	AMR	AMR	STREPTOTHRICIN	STREPTOTHRICIN	BLASTX	173	173	100.00	79.77	173	WP_003242546.1	streptothricin N-acetyltransferase SatA		
GCF_003034105.1		NZ_MULS01000002.1	370808	371593	+	blaBPU	BPU family class D beta-lactamase	core	AMR	AMR	BETA-LACTAM	BETA-LACTAM	BLASTX	262	262	100.00	94.27	262	WP_041816295.1	class D beta-lactamase BPU-1		
GCF_003034105.1		NZ_MULS01000002.1	1488414	1489073	-	cat86	type A-6 chloramphenicol O-acetyltransferase Cat86	core	AMR	AMR	PHENICOL	CHLORAMPHENICOL	BLASTX	220	220	100.00	91.36	220	WP_050945244.1	type A-6 chloramphenicol O-acetyltransferase Cat86		
GCF_003046665.1		NZ_PZKP01000015.1	109612	110529	-	mphK	macrolide 2'-phosphotransferase MphK	core	AMR	AMR	MACROLIDE	TELITHROMYCIN/TYLOSIN	BLASTX	306	306	100.00	98.37	306	WP_003246254.1	macrolide 2'-phosphotransferase MphK		
GCF_003046665.1		NZ_PZKP01000022.1	25352	25870	-	satA	streptothricin N-acetyltransferase SatA	core	AMR	AMR	STREPTOTHRICIN	STREPTOTHRICIN	BLASTX	173	173	100.00	94.80	173	WP_003242546.1	streptothricin N-acetyltransferase SatA		
GCF_003046665.1		NZ_PZKP01000024.1	28764	30404	+	vmlR	ABC-F type ribosomal protection protein VmlR	core	AMR	AMR	LINCOSAMIDE/PLEUROMUTILIN/STREPTOGRAMIN	LINCOMYCIN/TIAMULIN/VIRGINIAMYCIN M	BLASTX	547	547	100.00	99.09	547	WP_003234144.1	ABC-F type ribosomal protection protein VmlR		
GCF_003046665.1		NZ_PZKP01000091.1	214518	215369	-	aadK	aminoglycoside 6-adenylyltransferase AadK	core	AMR	AMR	AMINOGLYCOSIDE	STREPTOMYCIN	BLASTX	284	284	100.00	98.59	284	WP_003229862.1	aminoglycoside 6-adenylyltransferase AadK		
GCF_003064485.1		NZ_QCWN01000006.1	233641	234297	+	cat86	type A-6 chloramphenicol O-acetyltransferase Cat86	core	AMR	AMR	PHENICOL	CHLORAMPHENICOL	BLASTX	219	220	100.00	90.91	220	WP_050945244.1	type A-6 chloramphenicol O-acetyltransferase Cat86		
GCF_003150715.1		NZ_QGGE01000008.1	38	889	+	mleBCB	BCB family alpha/beta fold macrolide esterase	core	AMR	AMR	MACROLIDE	TYLOSIN	BLASTX	284	287	100.00	91.99	287	WP_459076516.1	BCB family alpha/beta fold macrolide esterase		
GCF_003150715.1		NZ_QGGE01000040.1	140200	140613	-	fosB	FosBx1 family fosfomycin resistance bacillithiol transferase	core	AMR	AMR	FOSFOMYCIN	FOSFOMYCIN	BLASTX	138	138	100.00	99.28	138	WP_000943763.1	fosfomycin resistance bacillithiol transferase FosBx1		
GCF_003150715.1		NZ_QGGE01000071.1	176635	177405	-	bla2	BcII family subclass B1 metallo-beta-lactamase	core	AMR	AMR	BETA-LACTAM	CARBAPENEM	BLASTX	257	257	100.00	96.89	257	WP_063839879.1	BcII family subclass B1 metallo-beta-lactamase		
GCF_003150715.1		NZ_QGGE01000074.1	35396	36313	-	bla	class A beta-lactamase Bla1	core	AMR	AMR	BETA-LACTAM	BETA-LACTAM	BLASTX	306	306	100.00	96.08	306	WP_063842248.1	class A beta-lactamase Bla1		
GCF_003150715.1		NZ_QGGE01000083.1	15315	15866	-	satA	streptothricin N-acetyltransferase SatA	core	AMR	AMR	STREPTOTHRICIN	STREPTOTHRICIN	BLASTX	184	184	98.91	89.67	184	WP_000054744.1	streptothricin N-acetyltransferase SatA		
GCF_003150855.1		NZ_CP029473.1	1401190	1402236	-	clbA	23S rRNA (adenine(2503)-C(8))-methyltransferase ClbA	core	AMR	AMR	LINCOSAMIDE/MACROLIDE/STREPTOGRAMIN	LINCOSAMIDE/MACROLIDE/STREPTOGRAMIN	BLASTX	349	349	100.00	97.42	349	WP_012116915.1	23S rRNA (adenine(2503)-C(8))-methyltransferase ClbA		
GCF_003150855.1		NZ_CP029473.1	3280662	3281180	+	satA	streptothricin N-acetyltransferase SatA	core	AMR	AMR	STREPTOTHRICIN	STREPTOTHRICIN	BLASTX	173	173	100.00	78.03	173	WP_003242546.1	streptothricin N-acetyltransferase SatA		
GCF_003160715.1		NZ_QGGD01000109.1	2	658	+	cat86	type A-6 chloramphenicol O-acetyltransferase Cat86	core	AMR	AMR	PHENICOL	CHLORAMPHENICOL	BLASTX	219	220	100.00	90.91	220	WP_050945244.1	type A-6 chloramphenicol O-acetyltransferase Cat86		
GCF_003171815.2		NZ_CP068988.1	303023	303943	+	blaP	class A beta-lactamase BlaP	core	AMR	AMR	BETA-LACTAM	BETA-LACTAM	EXACTX	307	307	100.00	100.00	307	WP_023857755.1	class A beta-lactamase BlaP		
GCF_003171815.2		NZ_CP068988.1	2853886	2854746	+	erm(D)	23S rRNA (adenine(2058)-N(6))-methyltransferase Erm(D)	core	AMR	AMR	LINCOSAMIDE/MACROLIDE/STREPTOGRAMIN	ERYTHROMYCIN/LINCOSAMIDE/STREPTOGRAMIN	BLASTX	287	287	100.00	98.95	287	WP_003183781.1	23S rRNA (adenine(2058)-N(6))-methyltransferase Erm(D)		
GCF_003285085.1		NZ_CP030150.1	576939	577985	+	clbA	23S rRNA (adenine(2503)-C(8))-methyltransferase ClbA	core	AMR	AMR	LINCOSAMIDE/MACROLIDE/STREPTOGRAMIN	LINCOSAMIDE/MACROLIDE/STREPTOGRAMIN	BLASTX	349	349	100.00	99.43	349	WP_012116915.1	23S rRNA (adenine(2503)-C(8))-methyltransferase ClbA		
GCF_003285085.1		NZ_CP030150.1	2807300	2807818	-	satA	streptothricin N-acetyltransferase SatA	core	AMR	AMR	STREPTOTHRICIN	STREPTOTHRICIN	BLASTX	173	173	100.00	79.19	173	WP_003242546.1	streptothricin N-acetyltransferase SatA		
GCF_003355115.1		NZ_CP031292.1	567451	568140	+	vanR-A	vancomycin resistance response regulator transcription factor VanR-A	core	AMR	AMR	GLYCOPEPTIDE	VANCOMYCIN	BLASTX	230	231	99.57	93.48	230	WP_063856721.1	vancomycin resistance response regulator transcription factor VanR-A		
GCF_003355115.1		NZ_CP031292.1	568124	569287	+	vanS-Pt	vancomycin resistance histidine kinase VanS-Pt	core	AMR	AMR	GLYCOPEPTIDE	VANCOMYCIN	BLASTX	388	386	100.00	91.24	388	WP_063856741.1	vancomycin resistance histidine kinase VanS-Pt		
GCF_003355115.1		NZ_CP031292.1	2499325	2500242	+	bla	class A beta-lactamase Bla1	core	AMR	AMR	BETA-LACTAM	BETA-LACTAM	BLASTX	306	306	100.00	94.12	306	WP_063842248.1	class A beta-lactamase Bla1		
GCF_003355115.1		NZ_CP031292.1	3071079	3071627	+	satA	streptothricin N-acetyltransferase SatA	core	AMR	AMR	STREPTOTHRICIN	STREPTOTHRICIN	BLASTX	183	184	99.46	93.44	183	WP_000054744.1	streptothricin N-acetyltransferase SatA		
GCF_003355115.1		NZ_CP031292.1	3379928	3380698	-	bla2	BcII family subclass B1 metallo-beta-lactamase	core	AMR	AMR	BETA-LACTAM	CARBAPENEM	BLASTX	257	257	100.00	93.77	257	WP_012261328.1	BcII family subclass B1 metallo-beta-lactamase		
GCF_003355115.1		NZ_CP031292.1	5506164	5507015	+	mleBCB	BCB family alpha/beta fold macrolide esterase	core	AMR	AMR	MACROLIDE	TYLOSIN	INTERNAL_STOP	284	287	100.00	90.59	287	WP_459076516.1	BCB family alpha/beta fold macrolide esterase		
GCF_003429225.1		NZ_CP031749.1	1954340	1954753	+	fosB	FosBx1 family fosfomycin resistance bacillithiol transferase	core	AMR	AMR	FOSFOMYCIN	FOSFOMYCIN	BLASTX	138	138	100.00	97.10	138	WP_000943763.1	fosfomycin resistance bacillithiol transferase FosBx1		
GCF_003429225.1		NZ_CP031749.1	2712481	2713398	+	bla	class A beta-lactamase Bla1	core	AMR	AMR	BETA-LACTAM	BETA-LACTAM	BLASTX	306	306	100.00	95.10	306	WP_063842248.1	class A beta-lactamase Bla1		
GCF_003429225.1		NZ_CP031749.1	3307626	3308177	+	satA	streptothricin N-acetyltransferase SatA	core	AMR	AMR	STREPTOTHRICIN	STREPTOTHRICIN	BLASTX	184	184	98.91	89.67	184	WP_000054744.1	streptothricin N-acetyltransferase SatA		
GCF_003429225.1		NZ_CP031749.1	3845250	3845762	-	bla2	BcII family subclass B1 metallo-beta-lactamase	core	AMR	AMR	BETA-LACTAM	CARBAPENEM	PARTIALX	171	257	66.54	91.81	171	WP_012261328.1	BcII family subclass B1 metallo-beta-lactamase		
GCF_003429245.1		NZ_CP031748.1	1953639	1954052	+	fosB	FosBx1 family fosfomycin resistance bacillithiol transferase	core	AMR	AMR	FOSFOMYCIN	FOSFOMYCIN	BLASTX	138	138	100.00	97.10	138	WP_000943763.1	fosfomycin resistance bacillithiol transferase FosBx1		
GCF_003429245.1		NZ_CP031748.1	2722823	2723740	+	bla	class A beta-lactamase Bla1	core	AMR	AMR	BETA-LACTAM	BETA-LACTAM	BLASTX	306	306	100.00	95.10	306	WP_063842248.1	class A beta-lactamase Bla1		
GCF_003429245.1		NZ_CP031748.1	3306774	3307325	+	satA	streptothricin N-acetyltransferase SatA	core	AMR	AMR	STREPTOTHRICIN	STREPTOTHRICIN	BLASTX	184	184	98.91	89.67	184	WP_000054744.1	streptothricin N-acetyltransferase SatA		
GCF_003429245.1		NZ_CP031748.1	3844242	3844754	-	bla2	BcII family subclass B1 metallo-beta-lactamase	core	AMR	AMR	BETA-LACTAM	CARBAPENEM	PARTIALX	171	257	66.54	91.81	171	WP_012261328.1	BcII family subclass B1 metallo-beta-lactamase		
GCF_003431885.1		NZ_CP014838.1	533710	534756	+	clbA	23S rRNA (adenine(2503)-C(8))-methyltransferase ClbA	core	AMR	AMR	LINCOSAMIDE/MACROLIDE/STREPTOGRAMIN	LINCOSAMIDE/MACROLIDE/STREPTOGRAMIN	BLASTX	349	349	100.00	99.43	349	WP_012116915.1	23S rRNA (adenine(2503)-C(8))-methyltransferase ClbA		
GCF_003431885.1		NZ_CP014838.1	2549186	2549704	-	satA	streptothricin N-acetyltransferase SatA	core	AMR	AMR	STREPTOTHRICIN	STREPTOTHRICIN	BLASTX	173	173	100.00	80.35	173	WP_003242546.1	streptothricin N-acetyltransferase SatA		
GCF_003854915.1		NZ_CP033967.1	88146	89192	-	clbA	23S rRNA (adenine(2503)-C(8))-methyltransferase ClbA	core	AMR	AMR	LINCOSAMIDE/MACROLIDE/STREPTOGRAMIN	LINCOSAMIDE/MACROLIDE/STREPTOGRAMIN	BLASTX	349	349	100.00	99.43	349	WP_012116915.1	23S rRNA (adenine(2503)-C(8))-methyltransferase ClbA		
GCF_003854915.1		NZ_CP033967.1	663958	664317	+	emrC	multidrug efflux transporter outer membrane subunit EmrC	plus	AMR	AMR	QUATERNARY AMMONIUM	QUATERNARY AMMONIUM	BLASTX	120	128	93.75	80.00	120	EAC4468893.1	multidrug efflux transporter outer membrane subunit EmrC		
GCF_003854915.1		NZ_CP033967.1	2053995	2054513	+	satA	streptothricin N-acetyltransferase SatA	core	AMR	AMR	STREPTOTHRICIN	STREPTOTHRICIN	BLASTX	173	173	100.00	78.61	173	WP_003242546.1	streptothricin N-acetyltransferase SatA		
GCF_003860445.1		NZ_CP034176.1	534050	535096	+	clbA	23S rRNA (adenine(2503)-C(8))-methyltransferase ClbA	core	AMR	AMR	LINCOSAMIDE/MACROLIDE/STREPTOGRAMIN	LINCOSAMIDE/MACROLIDE/STREPTOGRAMIN	BLASTX	349	349	100.00	99.71	349	WP_012116915.1	23S rRNA (adenine(2503)-C(8))-methyltransferase ClbA		
GCF_003860445.1		NZ_CP034176.1	2667233	2667751	-	satA	streptothricin N-acetyltransferase SatA	core	AMR	AMR	STREPTOTHRICIN	STREPTOTHRICIN	BLASTX	173	173	100.00	78.61	173	WP_003242546.1	streptothricin N-acetyltransferase SatA		
GCF_003868675.1		NZ_CP032146.1	514694	515212	+	satA	streptothricin N-acetyltransferase SatA	core	AMR	AMR	STREPTOTHRICIN	STREPTOTHRICIN	BLASTX	173	173	100.00	83.82	173	WP_003242546.1	streptothricin N-acetyltransferase SatA		
GCF_003868675.1		NZ_CP032146.1	516962	518005	+	clbA	23S rRNA (adenine(2503)-C(8))-methyltransferase ClbA	core	AMR	AMR	LINCOSAMIDE/MACROLIDE/STREPTOGRAMIN	LINCOSAMIDE/MACROLIDE/STREPTOGRAMIN	BLASTX	348	349	99.71	92.24	348	WP_012116915.1	23S rRNA (adenine(2503)-C(8))-methyltransferase ClbA		
GCF_003931545.1		NZ_RRZE01000001.1	38245	38763	+	satA	streptothricin N-acetyltransferase SatA	core	AMR	AMR	STREPTOTHRICIN	STREPTOTHRICIN	BLASTX	173	173	100.00	93.06	173	WP_003242546.1	streptothricin N-acetyltransferase SatA		
GCF_003931545.1		NZ_RRZE01000002.1	469204	470055	+	aadK	aminoglycoside 6-adenylyltransferase AadK	core	AMR	AMR	AMINOGLYCOSIDE	STREPTOMYCIN	BLASTX	284	284	100.00	97.89	284	WP_003229862.1	aminoglycoside 6-adenylyltransferase AadK		
GCF_003931545.1		NZ_RRZE01000005.1	29001	30641	+	vmlR	ABC-F type ribosomal protection protein VmlR	core	AMR	AMR	LINCOSAMIDE/PLEUROMUTILIN/STREPTOGRAMIN	LINCOMYCIN/TIAMULIN/VIRGINIAMYCIN M	BLASTX	547	547	100.00	98.72	547	WP_003234144.1	ABC-F type ribosomal protection protein VmlR		
GCF_003931545.1		NZ_RRZE01000006.1	110495	111403	-	mphK	macrolide 2'-phosphotransferase MphK	core	AMR	AMR	MACROLIDE	TELITHROMYCIN/TYLOSIN	BLASTX	303	306	99.02	99.01	303	WP_003246254.1	macrolide 2'-phosphotransferase MphK		
GCF_003946895.1		NZ_RPOD01000002.1	207884	208402	-	satA	streptothricin N-acetyltransferase SatA	core	AMR	AMR	STREPTOTHRICIN	STREPTOTHRICIN	BLASTX	173	173	100.00	80.35	173	WP_003242546.1	streptothricin N-acetyltransferase SatA		
GCF_003946895.1		NZ_RPOD01000007.1	172569	173615	+	clbA	23S rRNA (adenine(2503)-C(8))-methyltransferase ClbA	core	AMR	AMR	LINCOSAMIDE/MACROLIDE/STREPTOGRAMIN	LINCOSAMIDE/MACROLIDE/STREPTOGRAMIN	BLASTX	349	349	100.00	99.43	349	WP_012116915.1	23S rRNA (adenine(2503)-C(8))-methyltransferase ClbA		
GCF_003985025.1		NZ_RWKR01000001.1	85399	86184	-	blaBPU	BPU family class D beta-lactamase	core	AMR	AMR	BETA-LACTAM	BETA-LACTAM	BLASTX	262	262	100.00	93.89	262	WP_041816295.1	class D beta-lactamase BPU-1		
GCF_003985025.1		NZ_RWKR01000008.1	130736	131395	+	cat86	type A-6 chloramphenicol O-acetyltransferase Cat86	core	AMR	AMR	PHENICOL	CHLORAMPHENICOL	BLASTX	220	220	100.00	94.55	220	WP_050945244.1	type A-6 chloramphenicol O-acetyltransferase Cat86		
GCF_003986895.1		NZ_RRZG01000002.1	203166	203684	-	satA	streptothricin N-acetyltransferase SatA	core	AMR	AMR	STREPTOTHRICIN	STREPTOTHRICIN	BLASTX	173	173	100.00	79.19	173	WP_003242546.1	streptothricin N-acetyltransferase SatA		
GCF_003986895.1		NZ_RRZG01000005.1	393170	394216	+	clbA	23S rRNA (adenine(2503)-C(8))-methyltransferase ClbA	core	AMR	AMR	LINCOSAMIDE/MACROLIDE/STREPTOGRAMIN	LINCOSAMIDE/MACROLIDE/STREPTOGRAMIN	BLASTX	349	349	100.00	99.43	349	WP_012116915.1	23S rRNA (adenine(2503)-C(8))-methyltransferase ClbA		
GCF_004006435.1		NZ_CP029364.1	84120	84638	-	satA	streptothricin N-acetyltransferase SatA	core	AMR	AMR	STREPTOTHRICIN	STREPTOTHRICIN	BLASTX	173	173	100.00	79.77	173	WP_003242546.1	streptothricin N-acetyltransferase SatA		
GCF_004006435.1		NZ_CP029364.1	1741688	1742593	-	mphK	macrolide 2'-phosphotransferase MphK	core	AMR	AMR	MACROLIDE	TELITHROMYCIN/TYLOSIN	BLASTX	302	306	98.69	85.10	302	WP_003246254.1	macrolide 2'-phosphotransferase MphK		
GCF_004009895.1		NZ_ML136952.1	1957357	1957875	-	satA	streptothricin N-acetyltransferase SatA	core	AMR	AMR	STREPTOTHRICIN	STREPTOTHRICIN	BLASTX	173	173	100.00	80.35	173	WP_003242546.1	streptothricin N-acetyltransferase SatA		
GCF_004009895.1		NZ_ML136952.1	3825470	3826516	+	clbA	23S rRNA (adenine(2503)-C(8))-methyltransferase ClbA	core	AMR	AMR	LINCOSAMIDE/MACROLIDE/STREPTOGRAMIN	LINCOSAMIDE/MACROLIDE/STREPTOGRAMIN	BLASTX	349	349	100.00	99.43	349	WP_012116915.1	23S rRNA (adenine(2503)-C(8))-methyltransferase ClbA		
GCF_004022305.1		NZ_SAUQ01000001.1	1864318	1864731	+	fosB	FosBx1 family fosfomycin resistance bacillithiol transferase	core	AMR	AMR	FOSFOMYCIN	FOSFOMYCIN	BLASTX	138	138	100.00	98.55	138	WP_000943763.1	fosfomycin resistance bacillithiol transferase FosBx1		
GCF_004022305.1		NZ_SAUQ01000001.1	2330592	2331509	+	bla	class A beta-lactamase Bla1	core	AMR	AMR	BETA-LACTAM	BETA-LACTAM	BLASTX	306	306	100.00	96.08	306	WP_063842248.1	class A beta-lactamase Bla1		
GCF_004022305.1		NZ_SAUQ01000001.1	2973717	2974268	+	satA	streptothricin N-acetyltransferase SatA	core	AMR	AMR	STREPTOTHRICIN	STREPTOTHRICIN	BLASTX	184	184	98.91	89.67	184	WP_000054744.1	streptothricin N-acetyltransferase SatA		
GCF_004022305.1		NZ_SAUQ01000001.1	3205370	3206140	-	bla2	BcII family subclass B1 metallo-beta-lactamase	core	AMR	AMR	BETA-LACTAM	CARBAPENEM	BLASTX	257	257	100.00	94.55	257	WP_063839879.1	BcII family subclass B1 metallo-beta-lactamase		
GCF_004103875.1		NZ_CP033064.1	267300	268217	+	mphK	macrolide 2'-phosphotransferase MphK	core	AMR	AMR	MACROLIDE	TELITHROMYCIN/TYLOSIN	BLASTX	306	306	100.00	99.02	306	WP_003246254.1	macrolide 2'-phosphotransferase MphK		
GCF_004103875.1		NZ_CP033064.1	582512	584152	-	vmlR	ABC-F type ribosomal protection protein VmlR	core	AMR	AMR	LINCOSAMIDE/PLEUROMUTILIN/STREPTOGRAMIN	LINCOMYCIN/TIAMULIN/VIRGINIAMYCIN M	BLASTX	547	547	100.00	98.35	547	WP_003234144.1	ABC-F type ribosomal protection protein VmlR		
GCF_004103875.1		NZ_CP033064.1	2693317	2694168	-	aadK	aminoglycoside 6-adenylyltransferase AadK	core	AMR	AMR	AMINOGLYCOSIDE	STREPTOMYCIN	BLASTX	284	284	100.00	98.59	284	WP_003229862.1	aminoglycoside 6-adenylyltransferase AadK		
GCF_004103875.1		NZ_CP033064.1	4172825	4173343	-	satA	streptothricin N-acetyltransferase SatA	core	AMR	AMR	STREPTOTHRICIN	STREPTOTHRICIN	BLASTX	173	173	100.00	93.64	173	WP_003242546.1	streptothricin N-acetyltransferase SatA		
GCF_004103895.1		NZ_MZZI01000001.1	229083	230000	+	mphK	macrolide 2'-phosphotransferase MphK	core	AMR	AMR	MACROLIDE	TELITHROMYCIN/TYLOSIN	BLASTX	306	306	100.00	99.35	306	WP_003246254.1	macrolide 2'-phosphotransferase MphK		
GCF_004103895.1		NZ_MZZI01000001.1	539908	541548	-	vmlR	ABC-F type ribosomal protection protein VmlR	core	AMR	AMR	LINCOSAMIDE/PLEUROMUTILIN/STREPTOGRAMIN	LINCOMYCIN/TIAMULIN/VIRGINIAMYCIN M	BLASTX	547	547	100.00	98.90	547	WP_003234144.1	ABC-F type ribosomal protection protein VmlR		
GCF_004103895.1		NZ_MZZI01000001.1	2488754	2489605	-	aadK	aminoglycoside 6-adenylyltransferase AadK	core	AMR	AMR	AMINOGLYCOSIDE	STREPTOMYCIN	BLASTX	284	284	100.00	97.89	284	WP_003229862.1	aminoglycoside 6-adenylyltransferase AadK		
GCF_004103895.1		NZ_MZZI01000001.1	3929531	3930049	-	satA	streptothricin N-acetyltransferase SatA	core	AMR	AMR	STREPTOTHRICIN	STREPTOTHRICIN	BLASTX	173	173	100.00	91.91	173	WP_003242546.1	streptothricin N-acetyltransferase SatA		
GCF_004124315.2		NZ_CP096889.1	299493	300401	+	mphK	macrolide 2'-phosphotransferase MphK	core	AMR	AMR	MACROLIDE	TELITHROMYCIN/TYLOSIN	BLASTX	303	306	99.02	89.11	303	WP_003246254.1	macrolide 2'-phosphotransferase MphK		
GCF_004124315.2		NZ_CP096889.1	635389	637029	-	vmlR	ABC-F type ribosomal protection protein VmlR	core	AMR	AMR	LINCOSAMIDE/PLEUROMUTILIN/STREPTOGRAMIN	LINCOMYCIN/TIAMULIN/VIRGINIAMYCIN M	BLASTX	547	547	100.00	92.32	547	WP_003234144.1	ABC-F type ribosomal protection protein VmlR		
GCF_004124315.2		NZ_CP096889.1	3661506	3662306	+	blaBSU	BSU family class D beta-lactamase	core	AMR	AMR	BETA-LACTAM	BETA-LACTAM	BLASTX	267	267	100.00	93.26	267	WP_003235647.1	class D beta-lactamase BSU-1		
GCF_004294525.1		NZ_SHOC01000001.1	339911	340429	+	satA	streptothricin N-acetyltransferase SatA	core	AMR	AMR	STREPTOTHRICIN	STREPTOTHRICIN	BLASTX	173	173	100.00	79.19	173	WP_003242546.1	streptothricin N-acetyltransferase SatA		
GCF_004294525.1		NZ_SHOC01000057.1	2	565	-	aadK	aminoglycoside 6-adenylyltransferase AadK	core	AMR	AMR	AMINOGLYCOSIDE	STREPTOMYCIN	PARTIAL_CONTIG_ENDX	188	284	66.20	97.34	188	WP_003229862.1	aminoglycoside 6-adenylyltransferase AadK		
GCF_004294535.1		NZ_SHOD01000001.1	689274	690125	-	aadK	aminoglycoside 6-adenylyltransferase AadK	core	AMR	AMR	AMINOGLYCOSIDE	STREPTOMYCIN	BLASTX	284	284	100.00	98.59	284	WP_003229862.1	aminoglycoside 6-adenylyltransferase AadK		
GCF_004294535.1		NZ_SHOD01000005.1	212520	214163	-	vmlR	ABC-F type ribosomal protection protein VmlR	core	AMR	AMR	LINCOSAMIDE/PLEUROMUTILIN/STREPTOGRAMIN	LINCOMYCIN/TIAMULIN/VIRGINIAMYCIN M	BLASTX	548	547	100.00	98.91	548	WP_003234144.1	ABC-F type ribosomal protection protein VmlR		
GCF_004294535.1		NZ_SHOD01000006.1	108614	109531	-	mphK	macrolide 2'-phosphotransferase MphK	core	AMR	AMR	MACROLIDE	TELITHROMYCIN/TYLOSIN	BLASTX	306	306	100.00	97.06	306	WP_003246254.1	macrolide 2'-phosphotransferase MphK		
GCF_004294565.1		NZ_SHOB01000001.1	1631868	1632719	-	aadK	aminoglycoside 6-adenylyltransferase AadK	core	AMR	AMR	AMINOGLYCOSIDE	STREPTOMYCIN	BLASTX	284	284	100.00	98.59	284	WP_003229862.1	aminoglycoside 6-adenylyltransferase AadK		
GCF_004294565.1		NZ_SHOB01000004.1	29102	30745	+	vmlR	ABC-F type ribosomal protection protein VmlR	core	AMR	AMR	LINCOSAMIDE/PLEUROMUTILIN/STREPTOGRAMIN	LINCOMYCIN/TIAMULIN/VIRGINIAMYCIN M	BLASTX	548	547	100.00	98.91	548	WP_003234144.1	ABC-F type ribosomal protection protein VmlR		
GCF_004294565.1		NZ_SHOB01000005.1	108614	109531	-	mphK	macrolide 2'-phosphotransferase MphK	core	AMR	AMR	MACROLIDE	TELITHROMYCIN/TYLOSIN	BLASTX	306	306	100.00	97.06	306	WP_003246254.1	macrolide 2'-phosphotransferase MphK		
GCF_004367815.1		NZ_SJAR01000001.1	65904	66455	+	satA	streptothricin N-acetyltransferase SatA	core	AMR	AMR	STREPTOTHRICIN	STREPTOTHRICIN	BLASTX	184	184	100.00	99.46	184	WP_000054744.1	streptothricin N-acetyltransferase SatA		
GCF_004367815.1		NZ_SJAR01000001.1	350136	350903	-	bla2	BcII family subclass B1 metallo-beta-lactamase	core	AMR	AMR	BETA-LACTAM	CARBAPENEM	BLASTX	256	256	100.00	98.83	256	WP_000799223.1	BcII family subclass B1 metallo-beta-lactamase		
GCF_004367815.1		NZ_SJAR01000003.1	337392	338252	-	mleBCA	BCA family alpha/beta fold macrolide esterase	core	AMR	AMR	MACROLIDE	TYLOSIN	BLASTX	287	287	100.00	94.43	287	WP_000140039.1	BCA family alpha/beta fold macrolide esterase		
GCF_004367815.1		NZ_SJAR01000011.1	107870	108787	-	bla	class A beta-lactamase Bla1	core	AMR	AMR	BETA-LACTAM	BETA-LACTAM	BLASTX	306	306	100.00	94.44	306	WP_003171307.1	class A beta-lactamase Bla1		
GCF_004367825.2		NZ_SJAS02000011.1	564544	564957	+	fosB	FosBx1 family fosfomycin resistance bacillithiol transferase	core	AMR	AMR	FOSFOMYCIN	FOSFOMYCIN	BLASTX	138	138	100.00	99.28	138	WP_000943763.1	fosfomycin resistance bacillithiol transferase FosBx1		
GCF_004367825.2		NZ_SJAS02000016.1	15022	15939	+	bla	class A beta-lactamase Bla1	core	AMR	AMR	BETA-LACTAM	BETA-LACTAM	BLASTX	306	306	100.00	97.06	306	WP_063842248.1	class A beta-lactamase Bla1		
GCF_004367825.2		NZ_SJAS02000023.1	81287	81838	+	satA	streptothricin N-acetyltransferase SatA	core	AMR	AMR	STREPTOTHRICIN	STREPTOTHRICIN	BLASTX	184	184	98.91	89.67	184	WP_000054744.1	streptothricin N-acetyltransferase SatA		
GCF_004367825.2		NZ_SJAS02000023.1	326944	327456	-	bla2	BcII family subclass B1 metallo-beta-lactamase	core	AMR	AMR	BETA-LACTAM	CARBAPENEM	PARTIALX	171	257	66.54	92.40	171	WP_012261328.1	BcII family subclass B1 metallo-beta-lactamase		
GCF_004563755.2		NZ_CP043559.1	1173032	1173691	+	cat86	type A-6 chloramphenicol O-acetyltransferase Cat86	core	AMR	AMR	PHENICOL	CHLORAMPHENICOL	BLASTX	220	220	100.00	90.91	220	WP_050945244.1	type A-6 chloramphenicol O-acetyltransferase Cat86		
GCF_004804245.1		NZ_SSNF01000003.1	372303	372821	+	satA	streptothricin N-acetyltransferase SatA	core	AMR	AMR	STREPTOTHRICIN	STREPTOTHRICIN	BLASTX	173	173	100.00	80.35	173	WP_003242546.1	streptothricin N-acetyltransferase SatA		
GCF_004804245.1		NZ_SSNF01000004.1	361924	362970	+	clbA	23S rRNA (adenine(2503)-C(8))-methyltransferase ClbA	core	AMR	AMR	LINCOSAMIDE/MACROLIDE/STREPTOGRAMIN	LINCOSAMIDE/MACROLIDE/STREPTOGRAMIN	BLASTX	349	349	100.00	99.43	349	WP_012116915.1	23S rRNA (adenine(2503)-C(8))-methyltransferase ClbA		
GCF_005848985.1		NZ_CP040515.1	2096220	2096987	+	bla2	BcII family subclass B1 metallo-beta-lactamase	core	AMR	AMR	BETA-LACTAM	CARBAPENEM	BLASTX	256	256	100.00	96.09	256	WP_000799232.1	BcII family subclass B1 metallo-beta-lactamase		
GCF_005848985.1		NZ_CP040515.1	2727905	2728765	-	mleBCA	BCA family alpha/beta fold macrolide esterase	core	AMR	AMR	MACROLIDE	TYLOSIN	BLASTX	287	287	100.00	94.08	287	WP_000140039.1	BCA family alpha/beta fold macrolide esterase		
GCF_005848985.1		NZ_CP040515.1	2900256	2901173	-	bla	class A beta-lactamase Bla1	core	AMR	AMR	BETA-LACTAM	BETA-LACTAM	BLASTX	306	306	100.00	92.48	306	WP_003171307.1	class A beta-lactamase Bla1		
GCF_005848985.1		NZ_CP040515.1	3332499	3332912	-	fosB	FosBx1 family fosfomycin resistance bacillithiol transferase	core	AMR	AMR	FOSFOMYCIN	FOSFOMYCIN	BLASTX	138	138	100.00	91.30	138	WP_000943763.1	fosfomycin resistance bacillithiol transferase FosBx1		
GCF_005849145.1		NZ_CP040528.1	266499	267416	+	mphK	macrolide 2'-phosphotransferase MphK	core	AMR	AMR	MACROLIDE	TELITHROMYCIN/TYLOSIN	BLASTX	306	306	100.00	97.71	306	WP_003246254.1	macrolide 2'-phosphotransferase MphK		
GCF_005849145.1		NZ_CP040528.1	589663	590685	-	vmlR	ABC-F type ribosomal protection protein VmlR	core	AMR	AMR	LINCOSAMIDE/PLEUROMUTILIN/STREPTOGRAMIN	LINCOMYCIN/TIAMULIN/VIRGINIAMYCIN M	PARTIALX	341	547	62.34	97.65	341	WP_003234144.1	ABC-F type ribosomal protection protein VmlR		
GCF_005849145.1		NZ_CP040528.1	2586041	2586892	-	aadK	aminoglycoside 6-adenylyltransferase AadK	core	AMR	AMR	AMINOGLYCOSIDE	STREPTOMYCIN	BLASTX	284	284	100.00	97.54	284	WP_003229862.1	aminoglycoside 6-adenylyltransferase AadK		
GCF_005849145.1		NZ_CP040528.1	4042352	4042870	-	satA	streptothricin N-acetyltransferase SatA	core	AMR	AMR	STREPTOTHRICIN	STREPTOTHRICIN	BLASTX	173	173	100.00	90.17	173	WP_003242546.1	streptothricin N-acetyltransferase SatA		
GCF_005849145.1		NZ_CP040528.1	4044826	4046199	-	tet(L)	tetracycline efflux MFS transporter Tet(L)	core	AMR	AMR	TETRACYCLINE	TETRACYCLINE	BLASTX	458	458	100.00	98.91	458	WP_003242953.1	tetracycline efflux MFS transporter Tet(L)		
GCF_006151815.1		NZ_VDDR01000001.1	322693	323463	+	bla2	BcII family subclass B1 metallo-beta-lactamase	core	AMR	AMR	BETA-LACTAM	CARBAPENEM	BLASTX	257	257	100.00	93.00	257	WP_063839879.1	BcII family subclass B1 metallo-beta-lactamase		
GCF_006151815.1		NZ_VDDR01000001.1	643510	644061	-	satA	streptothricin N-acetyltransferase SatA	core	AMR	AMR	STREPTOTHRICIN	STREPTOTHRICIN	BLASTX	184	184	98.91	90.22	184	WP_000054744.1	streptothricin N-acetyltransferase SatA		
GCF_006151815.1		NZ_VDDR01000009.1	101774	102691	+	bla	class A beta-lactamase Bla1	core	AMR	AMR	BETA-LACTAM	BETA-LACTAM	BLASTX	306	306	100.00	97.71	306	WP_063842248.1	class A beta-lactamase Bla1		
GCF_006151815.1		NZ_VDDR01000018.1	45180	45593	+	fosB	FosBx1 family fosfomycin resistance bacillithiol transferase	core	AMR	AMR	FOSFOMYCIN	FOSFOMYCIN	BLASTX	138	138	100.00	97.83	138	WP_000943763.1	fosfomycin resistance bacillithiol transferase FosBx1		
GCF_006349585.1		NZ_VEPT01000002.1	416610	417527	-	bla	class A beta-lactamase Bla1	core	AMR	AMR	BETA-LACTAM	BETA-LACTAM	BLASTX	306	306	100.00	97.71	306	WP_063842248.1	class A beta-lactamase Bla1		
GCF_006349585.1		NZ_VEPT01000004.1	44513	45283	-	bla2	BcII family subclass B1 metallo-beta-lactamase	core	AMR	AMR	BETA-LACTAM	CARBAPENEM	BLASTX	257	257	100.00	93.39	257	WP_063839879.1	BcII family subclass B1 metallo-beta-lactamase		
GCF_006349585.1		NZ_VEPT01000012.1	140185	140736	+	satA	streptothricin N-acetyltransferase SatA	core	AMR	AMR	STREPTOTHRICIN	STREPTOTHRICIN	BLASTX	184	184	98.91	89.13	184	WP_000054744.1	streptothricin N-acetyltransferase SatA		
GCF_006349585.1		NZ_VEPT01000018.1	46767	47180	-	fosB	FosBx1 family fosfomycin resistance bacillithiol transferase	core	AMR	AMR	FOSFOMYCIN	FOSFOMYCIN	BLASTX	138	138	100.00	98.55	138	WP_000943763.1	fosfomycin resistance bacillithiol transferase FosBx1		
GCF_006349645.1		NZ_VEPW01000004.1	93330	94190	-	mleBCA	BCA family alpha/beta fold macrolide esterase	core	AMR	AMR	MACROLIDE	TYLOSIN	EXACTX	287	287	100.00	100.00	287	WP_000140039.1	BCA family alpha/beta fold macrolide esterase		
GCF_006349645.1		NZ_VEPW01000005.1	231758	232171	+	fosB	FosBx1 family fosfomycin resistance bacillithiol transferase	core	AMR	AMR	FOSFOMYCIN	FOSFOMYCIN	BLASTX	138	138	100.00	90.58	138	WP_000943763.1	fosfomycin resistance bacillithiol transferase FosBx1		
GCF_006349645.1		NZ_VEPW01000006.1	265591	266361	+	bla2	BcII family subclass B1 metallo-beta-lactamase	core	AMR	AMR	BETA-LACTAM	CARBAPENEM	BLASTX	257	257	100.00	91.44	257	WP_063839879.1	BcII family subclass B1 metallo-beta-lactamase		
GCF_006349645.1		NZ_VEPW01000021.1	15403	15954	-	satA	streptothricin N-acetyltransferase SatA	core	AMR	AMR	STREPTOTHRICIN	STREPTOTHRICIN	BLASTX	184	184	98.91	87.50	184	WP_000054744.1	streptothricin N-acetyltransferase SatA		
GCF_006349645.1		NZ_VEPW01000027.1	51640	52557	+	bla	class A beta-lactamase Bla1	core	AMR	AMR	BETA-LACTAM	BETA-LACTAM	BLASTX	306	306	100.00	92.16	306	WP_003171307.1	class A beta-lactamase Bla1		
GCF_006349665.1		NZ_VEPX01000001.1	94996	95763	+	bla2	BcII family subclass B1 metallo-beta-lactamase	core	AMR	AMR	BETA-LACTAM	CARBAPENEM	BLASTX	256	256	100.00	96.48	256	WP_000799232.1	BcII family subclass B1 metallo-beta-lactamase		
GCF_006349665.1		NZ_VEPX01000001.1	730916	731776	-	mleBCA	BCA family alpha/beta fold macrolide esterase	core	AMR	AMR	MACROLIDE	TYLOSIN	BLASTX	287	287	100.00	94.08	287	WP_000140039.1	BCA family alpha/beta fold macrolide esterase		
GCF_006349665.1		NZ_VEPX01000001.1	904143	905060	-	bla	class A beta-lactamase Bla1	core	AMR	AMR	BETA-LACTAM	BETA-LACTAM	BLASTX	306	306	100.00	93.79	306	WP_003171307.1	class A beta-lactamase Bla1		
GCF_006349665.1		NZ_VEPX01000002.1	318168	318581	-	fosB	FosBx1 family fosfomycin resistance bacillithiol transferase	core	AMR	AMR	FOSFOMYCIN	FOSFOMYCIN	BLASTX	138	138	100.00	90.58	138	WP_000943763.1	fosfomycin resistance bacillithiol transferase FosBx1		
GCF_006349675.1		NZ_VEPY01000001.1	54845	55762	+	bla	class A beta-lactamase Bla1	core	AMR	AMR	BETA-LACTAM	BETA-LACTAM	BLASTX	306	306	100.00	97.06	306	WP_063842248.1	class A beta-lactamase Bla1		
GCF_006349675.1		NZ_VEPY01000001.1	235142	236002	+	mleBCA	BCA family alpha/beta fold macrolide esterase	core	AMR	AMR	MACROLIDE	TYLOSIN	BLASTX	287	287	100.00	96.17	287	WP_000140039.1	BCA family alpha/beta fold macrolide esterase		
GCF_006349675.1		NZ_VEPY01000001.1	924883	925650	-	bla2	BcII family subclass B1 metallo-beta-lactamase	core	AMR	AMR	BETA-LACTAM	CARBAPENEM	BLASTX	256	256	100.00	98.44	256	WP_000799223.1	BcII family subclass B1 metallo-beta-lactamase		
GCF_006349695.2		NZ_VEPS02000003.1	59384	60154	+	bla2	BcII family subclass B1 metallo-beta-lactamase	core	AMR	AMR	BETA-LACTAM	CARBAPENEM	BLASTX	257	257	100.00	92.61	257	WP_063839879.1	BcII family subclass B1 metallo-beta-lactamase		
GCF_006349695.2		NZ_VEPS02000010.1	67112	67663	-	satA	streptothricin N-acetyltransferase SatA	core	AMR	AMR	STREPTOTHRICIN	STREPTOTHRICIN	BLASTX	184	184	98.91	88.59	184	WP_000054744.1	streptothricin N-acetyltransferase SatA		
GCF_006349695.2		NZ_VEPS02000046.1	21911	22828	+	bla	class A beta-lactamase Bla1	core	AMR	AMR	BETA-LACTAM	BETA-LACTAM	BLASTX	306	306	100.00	96.08	306	WP_063842248.1	class A beta-lactamase Bla1		
GCF_006349695.2		NZ_VEPS02000068.1	16810	17223	-	fosB	FosBx1 family fosfomycin resistance bacillithiol transferase	core	AMR	AMR	FOSFOMYCIN	FOSFOMYCIN	BLASTX	138	138	100.00	99.28	138	WP_000943763.1	fosfomycin resistance bacillithiol transferase FosBx1		
GCF_006349715.2		NZ_CP085498.1	1766394	1767245	+	mleBCB	BCB family alpha/beta fold macrolide esterase	core	AMR	AMR	MACROLIDE	TYLOSIN	BLASTX	284	287	100.00	91.99	287	WP_459076516.1	BCB family alpha/beta fold macrolide esterase		
GCF_006349715.2		NZ_CP085498.1	1913141	1913554	+	fosB	FosBx1 family fosfomycin resistance bacillithiol transferase	core	AMR	AMR	FOSFOMYCIN	FOSFOMYCIN	BLASTX	138	138	100.00	99.28	138	WP_000943763.1	fosfomycin resistance bacillithiol transferase FosBx1		
GCF_006349715.2		NZ_CP085498.1	2401845	2402762	+	bla	class A beta-lactamase Bla1	core	AMR	AMR	BETA-LACTAM	BETA-LACTAM	BLASTX	306	306	100.00	96.08	306	WP_063842248.1	class A beta-lactamase Bla1		
GCF_006349715.2		NZ_CP085498.1	3326335	3327105	-	bla2	BcII family subclass B1 metallo-beta-lactamase	core	AMR	AMR	BETA-LACTAM	CARBAPENEM	BLASTX	257	257	100.00	92.22	257	WP_063839879.1	BcII family subclass B1 metallo-beta-lactamase		
GCF_006349735.2		NZ_CP085501.1	556830	557381	+	satA	streptothricin N-acetyltransferase SatA	core	AMR	AMR	STREPTOTHRICIN	STREPTOTHRICIN	BLASTX	184	184	98.91	89.13	184	WP_000054744.1	streptothricin N-acetyltransferase SatA		
GCF_006349735.2		NZ_CP085501.1	808288	809058	-	bla2	BcII family subclass B1 metallo-beta-lactamase	core	AMR	AMR	BETA-LACTAM	CARBAPENEM	BLASTX	257	257	100.00	93.77	257	WP_063839879.1	BcII family subclass B1 metallo-beta-lactamase		
GCF_006349735.2		NZ_CP085501.1	4683318	4683731	+	fosB	FosBx1 family fosfomycin resistance bacillithiol transferase	core	AMR	AMR	FOSFOMYCIN	FOSFOMYCIN	BLASTX	138	138	100.00	99.28	138	WP_000943763.1	fosfomycin resistance bacillithiol transferase FosBx1		
GCF_006349735.2		NZ_CP085501.1	5063835	5064686	+	mleBCB	BCB family alpha/beta fold macrolide esterase	core	AMR	AMR	MACROLIDE	TYLOSIN	BLASTX	284	287	100.00	91.64	287	WP_459076516.1	BCB family alpha/beta fold macrolide esterase		
GCF_006349735.2		NZ_CP085501.1	5161260	5162177	+	bla	class A beta-lactamase Bla1	core	AMR	AMR	BETA-LACTAM	BETA-LACTAM	BLASTX	306	306	100.00	96.73	306	WP_063842248.1	class A beta-lactamase Bla1		
GCF_006349775.1		NZ_VEPQ01000001.1	378345	379115	+	bla2	BcII family subclass B1 metallo-beta-lactamase	core	AMR	AMR	BETA-LACTAM	CARBAPENEM	BLASTX	257	257	100.00	92.61	257	WP_063839879.1	BcII family subclass B1 metallo-beta-lactamase		
GCF_006349775.1		NZ_VEPQ01000001.1	602247	602798	-	satA	streptothricin N-acetyltransferase SatA	core	AMR	AMR	STREPTOTHRICIN	STREPTOTHRICIN	BLASTX	184	184	98.91	89.67	184	WP_000054744.1	streptothricin N-acetyltransferase SatA		
GCF_006349775.1		NZ_VEPQ01000002.1	286797	287210	-	fosB	FosBx1 family fosfomycin resistance bacillithiol transferase	core	AMR	AMR	FOSFOMYCIN	FOSFOMYCIN	BLASTX	138	138	100.00	99.28	138	WP_000943763.1	fosfomycin resistance bacillithiol transferase FosBx1		
GCF_006349775.1		NZ_VEPQ01000006.1	119862	120779	-	bla	class A beta-lactamase Bla1	core	AMR	AMR	BETA-LACTAM	BETA-LACTAM	BLASTX	306	306	100.00	96.08	306	WP_063842248.1	class A beta-lactamase Bla1		
GCF_006349775.1		NZ_VEPQ01000012.1	20772	21719	+	blaIII	class A beta-lactamase BlaIII	core	AMR	AMR	BETA-LACTAM	BETA-LACTAM	BLASTX	316	316	100.00	95.57	316	WP_000497840.1	class A beta-lactamase BlaIII		
GCF_006351595.1		NZ_VEWU01000002.1	196684	197202	-	satA	streptothricin N-acetyltransferase SatA	core	AMR	AMR	STREPTOTHRICIN	STREPTOTHRICIN	BLASTX	173	173	100.00	78.03	173	WP_003242546.1	streptothricin N-acetyltransferase SatA		
GCF_006351615.1		NZ_VEWV01000006.1	38497	39015	-	satA	streptothricin N-acetyltransferase SatA	core	AMR	AMR	STREPTOTHRICIN	STREPTOTHRICIN	BLASTX	173	173	100.00	79.19	173	WP_003242546.1	streptothricin N-acetyltransferase SatA		
GCF_006351615.1		NZ_VEWV01000009.1	52951	53997	-	clbA	23S rRNA (adenine(2503)-C(8))-methyltransferase ClbA	core	AMR	AMR	LINCOSAMIDE/MACROLIDE/STREPTOGRAMIN	LINCOSAMIDE/MACROLIDE/STREPTOGRAMIN	BLASTX	349	349	100.00	99.71	349	WP_012116915.1	23S rRNA (adenine(2503)-C(8))-methyltransferase ClbA		
GCF_006351625.1		NZ_VEWW01000004.1	60263	61309	-	clbA	23S rRNA (adenine(2503)-C(8))-methyltransferase ClbA	core	AMR	AMR	LINCOSAMIDE/MACROLIDE/STREPTOGRAMIN	LINCOSAMIDE/MACROLIDE/STREPTOGRAMIN	EXACTX	349	349	100.00	100.00	349	WP_012116915.1	23S rRNA (adenine(2503)-C(8))-methyltransferase ClbA		
GCF_006351665.1		NZ_VEWZ01000004.1	367140	368186	+	clbA	23S rRNA (adenine(2503)-C(8))-methyltransferase ClbA	core	AMR	AMR	LINCOSAMIDE/MACROLIDE/STREPTOGRAMIN	LINCOSAMIDE/MACROLIDE/STREPTOGRAMIN	EXACTX	349	349	100.00	100.00	349	WP_012116915.1	23S rRNA (adenine(2503)-C(8))-methyltransferase ClbA		
GCF_006351675.1		NZ_VEWT01000003.1	196415	196933	-	satA	streptothricin N-acetyltransferase SatA	core	AMR	AMR	STREPTOTHRICIN	STREPTOTHRICIN	BLASTX	173	173	100.00	79.77	173	WP_003242546.1	streptothricin N-acetyltransferase SatA		
GCF_006351675.1		NZ_VEWT01000006.1	21029	22075	-	clbA	23S rRNA (adenine(2503)-C(8))-methyltransferase ClbA	core	AMR	AMR	LINCOSAMIDE/MACROLIDE/STREPTOGRAMIN	LINCOSAMIDE/MACROLIDE/STREPTOGRAMIN	BLASTX	349	349	100.00	97.42	349	WP_012116915.1	23S rRNA (adenine(2503)-C(8))-methyltransferase ClbA		
GCF_006351695.1		NZ_VEWY01000002.1	371424	371942	+	satA	streptothricin N-acetyltransferase SatA	core	AMR	AMR	STREPTOTHRICIN	STREPTOTHRICIN	BLASTX	173	173	100.00	80.35	173	WP_003242546.1	streptothricin N-acetyltransferase SatA		
GCF_006351695.1		NZ_VEWY01000004.1	18841	19887	-	clbA	23S rRNA (adenine(2503)-C(8))-methyltransferase ClbA	core	AMR	AMR	LINCOSAMIDE/MACROLIDE/STREPTOGRAMIN	LINCOSAMIDE/MACROLIDE/STREPTOGRAMIN	BLASTX	349	349	100.00	97.42	349	WP_012116915.1	23S rRNA (adenine(2503)-C(8))-methyltransferase ClbA		
GCF_006351705.1		NZ_VEWX01000004.1	28951	29997	-	clbA	23S rRNA (adenine(2503)-C(8))-methyltransferase ClbA	core	AMR	AMR	LINCOSAMIDE/MACROLIDE/STREPTOGRAMIN	LINCOSAMIDE/MACROLIDE/STREPTOGRAMIN	EXACTX	349	349	100.00	100.00	349	WP_012116915.1	23S rRNA (adenine(2503)-C(8))-methyltransferase ClbA		
GCF_006489275.1		NZ_CP041145.1	538010	539056	+	clbA	23S rRNA (adenine(2503)-C(8))-methyltransferase ClbA	core	AMR	AMR	LINCOSAMIDE/MACROLIDE/STREPTOGRAMIN	LINCOSAMIDE/MACROLIDE/STREPTOGRAMIN	BLASTX	349	349	100.00	99.71	349	WP_012116915.1	23S rRNA (adenine(2503)-C(8))-methyltransferase ClbA		
GCF_006489275.1		NZ_CP041145.1	2540509	2541027	-	satA	streptothricin N-acetyltransferase SatA	core	AMR	AMR	STREPTOTHRICIN	STREPTOTHRICIN	BLASTX	173	173	100.00	78.61	173	WP_003242546.1	streptothricin N-acetyltransferase SatA		
GCF_006494425.1		NZ_VHIV01000001.1	187255	187947	+	vanR-A	vancomycin resistance response regulator transcription factor VanR-A	core	AMR	AMR	GLYCOPEPTIDE	VANCOMYCIN	BLASTX	231	231	100.00	93.94	231	WP_063856721.1	vancomycin resistance response regulator transcription factor VanR-A		
GCF_006494425.1		NZ_VHIV01000001.1	187928	189097	+	vanS-Pt	vancomycin resistance histidine kinase VanS-Pt	core	AMR	AMR	GLYCOPEPTIDE	VANCOMYCIN	BLASTX	390	386	100.00	90.77	390	WP_063856741.1	vancomycin resistance histidine kinase VanS-Pt		
GCF_006494425.1		NZ_VHIV01000001.1	1665706	1666623	+	bla	class A beta-lactamase Bla1	core	AMR	AMR	BETA-LACTAM	BETA-LACTAM	BLASTX	306	306	100.00	91.83	306	WP_003171307.1	class A beta-lactamase Bla1		
GCF_006494425.1		NZ_VHIV01000002.1	1416702	1417472	+	bla2	BcII family subclass B1 metallo-beta-lactamase	core	AMR	AMR	BETA-LACTAM	CARBAPENEM	BLASTX	257	257	100.00	94.55	257	WP_063839879.1	BcII family subclass B1 metallo-beta-lactamase		
GCF_006494425.1		NZ_VHIV01000003.1	109075	109935	+	mleBCA	BCA family alpha/beta fold macrolide esterase	core	AMR	AMR	MACROLIDE	TYLOSIN	BLASTX	287	287	100.00	95.47	287	WP_000140039.1	BCA family alpha/beta fold macrolide esterase		
GCF_006494425.1		NZ_VHIV01000005.1	85053	85904	+	mleBCB	BCB family alpha/beta fold macrolide esterase	core	AMR	AMR	MACROLIDE	TYLOSIN	BLASTX	284	287	100.00	98.26	287	WP_459076516.1	BCB family alpha/beta fold macrolide esterase		
GCF_006965525.1		NZ_CP041361.1	550075	551121	+	clbA	23S rRNA (adenine(2503)-C(8))-methyltransferase ClbA	core	AMR	AMR	LINCOSAMIDE/MACROLIDE/STREPTOGRAMIN	LINCOSAMIDE/MACROLIDE/STREPTOGRAMIN	BLASTX	349	349	100.00	97.42	349	WP_012116915.1	23S rRNA (adenine(2503)-C(8))-methyltransferase ClbA		
GCF_006965525.1		NZ_CP041361.1	2715066	2715584	-	satA	streptothricin N-acetyltransferase SatA	core	AMR	AMR	STREPTOTHRICIN	STREPTOTHRICIN	BLASTX	173	173	100.00	80.35	173	WP_003242546.1	streptothricin N-acetyltransferase SatA		
GCF_007097215.1		NZ_VJXZ01000002.1	195292	195810	-	satA	streptothricin N-acetyltransferase SatA	core	AMR	AMR	STREPTOTHRICIN	STREPTOTHRICIN	BLASTX	173	173	100.00	78.03	173	WP_003242546.1	streptothricin N-acetyltransferase SatA		
GCF_007097215.1		NZ_VJXZ01000007.1	172689	173735	+	clbA	23S rRNA (adenine(2503)-C(8))-methyltransferase ClbA	core	AMR	AMR	LINCOSAMIDE/MACROLIDE/STREPTOGRAMIN	LINCOSAMIDE/MACROLIDE/STREPTOGRAMIN	BLASTX	349	349	100.00	97.13	349	WP_012116915.1	23S rRNA (adenine(2503)-C(8))-methyltransferase ClbA		
GCF_008244765.1		NZ_CP043404.1	322467	323126	-	cat86	type A-6 chloramphenicol O-acetyltransferase Cat86	core	AMR	AMR	PHENICOL	CHLORAMPHENICOL	BLASTX	220	220	100.00	93.64	220	WP_050945244.1	type A-6 chloramphenicol O-acetyltransferase Cat86		
GCF_008367895.1		NZ_CP043546.1	539696	540742	+	clbA	23S rRNA (adenine(2503)-C(8))-methyltransferase ClbA	core	AMR	AMR	LINCOSAMIDE/MACROLIDE/STREPTOGRAMIN	LINCOSAMIDE/MACROLIDE/STREPTOGRAMIN	EXACTX	349	349	100.00	100.00	349	WP_012116915.1	23S rRNA (adenine(2503)-C(8))-methyltransferase ClbA		
GCF_009193045.1		NZ_VIQN01000003.1	373802	374320	+	satA	streptothricin N-acetyltransferase SatA	core	AMR	AMR	STREPTOTHRICIN	STREPTOTHRICIN	BLASTX	173	173	100.00	79.19	173	WP_003242546.1	streptothricin N-acetyltransferase SatA		
GCF_009193045.1		NZ_VIQN01000004.1	354059	355105	+	clbA	23S rRNA (adenine(2503)-C(8))-methyltransferase ClbA	core	AMR	AMR	LINCOSAMIDE/MACROLIDE/STREPTOGRAMIN	LINCOSAMIDE/MACROLIDE/STREPTOGRAMIN	BLASTX	349	349	100.00	99.43	349	WP_012116915.1	23S rRNA (adenine(2503)-C(8))-methyltransferase ClbA		
GCF_009683055.1		NZ_WKLB01000003.1	349638	350684	+	clbA	23S rRNA (adenine(2503)-C(8))-methyltransferase ClbA	core	AMR	AMR	LINCOSAMIDE/MACROLIDE/STREPTOGRAMIN	LINCOSAMIDE/MACROLIDE/STREPTOGRAMIN	BLASTX	349	349	100.00	97.42	349	WP_012116915.1	23S rRNA (adenine(2503)-C(8))-methyltransferase ClbA		
GCF_009683055.1		NZ_WKLB01000005.1	195223	195741	-	satA	streptothricin N-acetyltransferase SatA	core	AMR	AMR	STREPTOTHRICIN	STREPTOTHRICIN	BLASTX	173	173	100.00	78.03	173	WP_003242546.1	streptothricin N-acetyltransferase SatA		
GCF_009683125.1		NZ_WKKU01000002.1	131937	132455	+	satA	streptothricin N-acetyltransferase SatA	core	AMR	AMR	STREPTOTHRICIN	STREPTOTHRICIN	BLASTX	173	173	100.00	78.03	173	WP_003242546.1	streptothricin N-acetyltransferase SatA		
GCF_009683125.1		NZ_WKKU01000010.1	50078	51124	-	clbA	23S rRNA (adenine(2503)-C(8))-methyltransferase ClbA	core	AMR	AMR	LINCOSAMIDE/MACROLIDE/STREPTOGRAMIN	LINCOSAMIDE/MACROLIDE/STREPTOGRAMIN	BLASTX	349	349	100.00	97.42	349	WP_012116915.1	23S rRNA (adenine(2503)-C(8))-methyltransferase ClbA		
GCF_009683155.1		NZ_WKKV01000005.1	131937	132455	+	satA	streptothricin N-acetyltransferase SatA	core	AMR	AMR	STREPTOTHRICIN	STREPTOTHRICIN	BLASTX	173	173	100.00	78.03	173	WP_003242546.1	streptothricin N-acetyltransferase SatA		
GCF_009683155.1		NZ_WKKV01000010.1	50078	51124	-	clbA	23S rRNA (adenine(2503)-C(8))-methyltransferase ClbA	core	AMR	AMR	LINCOSAMIDE/MACROLIDE/STREPTOGRAMIN	LINCOSAMIDE/MACROLIDE/STREPTOGRAMIN	BLASTX	349	349	100.00	97.42	349	WP_012116915.1	23S rRNA (adenine(2503)-C(8))-methyltransferase ClbA		
GCF_009996865.1		NZ_JAADAB010000002.1	700363	700881	-	satA	streptothricin N-acetyltransferase SatA	core	AMR	AMR	STREPTOTHRICIN	STREPTOTHRICIN	BLASTX	173	173	100.00	78.03	173	WP_003242546.1	streptothricin N-acetyltransferase SatA		
GCF_009996865.1		NZ_JAADAB010000004.1	368737	369783	+	clbA	23S rRNA (adenine(2503)-C(8))-methyltransferase ClbA	core	AMR	AMR	LINCOSAMIDE/MACROLIDE/STREPTOGRAMIN	LINCOSAMIDE/MACROLIDE/STREPTOGRAMIN	BLASTX	349	349	100.00	99.14	349	WP_012116915.1	23S rRNA (adenine(2503)-C(8))-methyltransferase ClbA		
GCF_010671715.1		NZ_JAAHBR010000012.1	84228	85274	+	clbA	23S rRNA (adenine(2503)-C(8))-methyltransferase ClbA	core	AMR	AMR	LINCOSAMIDE/MACROLIDE/STREPTOGRAMIN	LINCOSAMIDE/MACROLIDE/STREPTOGRAMIN	BLASTX	349	349	100.00	99.43	349	WP_012116915.1	23S rRNA (adenine(2503)-C(8))-methyltransferase ClbA		
GCF_010671715.1		NZ_JAAHBR010000030.1	363907	364425	+	satA	streptothricin N-acetyltransferase SatA	core	AMR	AMR	STREPTOTHRICIN	STREPTOTHRICIN	BLASTX	173	173	100.00	79.19	173	WP_003242546.1	streptothricin N-acetyltransferase SatA		
GCF_011043745.1		NZ_JAAKXX010000010.1	374267	374785	+	satA	streptothricin N-acetyltransferase SatA	core	AMR	AMR	STREPTOTHRICIN	STREPTOTHRICIN	BLASTX	173	173	100.00	77.46	173	WP_003242546.1	streptothricin N-acetyltransferase SatA		
GCF_011043745.1		NZ_JAAKXX010000013.1	50162	51208	-	clbA	23S rRNA (adenine(2503)-C(8))-methyltransferase ClbA	core	AMR	AMR	LINCOSAMIDE/MACROLIDE/STREPTOGRAMIN	LINCOSAMIDE/MACROLIDE/STREPTOGRAMIN	BLASTX	349	349	100.00	97.42	349	WP_012116915.1	23S rRNA (adenine(2503)-C(8))-methyltransferase ClbA		
GCF_011065565.1		NZ_JAAMNX010000003.1	372141	372659	+	satA	streptothricin N-acetyltransferase SatA	core	AMR	AMR	STREPTOTHRICIN	STREPTOTHRICIN	BLASTX	173	173	100.00	80.92	173	WP_003242546.1	streptothricin N-acetyltransferase SatA		
GCF_011065615.1		NZ_JAAMNY010000003.1	372458	372976	+	satA	streptothricin N-acetyltransferase SatA	core	AMR	AMR	STREPTOTHRICIN	STREPTOTHRICIN	BLASTX	173	173	100.00	80.92	173	WP_003242546.1	streptothricin N-acetyltransferase SatA		
GCF_011066015.1		NZ_JAAMNL010000003.1	195392	195910	-	satA	streptothricin N-acetyltransferase SatA	core	AMR	AMR	STREPTOTHRICIN	STREPTOTHRICIN	BLASTX	173	173	100.00	78.61	173	WP_003242546.1	streptothricin N-acetyltransferase SatA		
GCF_011066015.1		NZ_JAAMNL010000013.1	25402	26448	-	clbA	23S rRNA (adenine(2503)-C(8))-methyltransferase ClbA	core	AMR	AMR	LINCOSAMIDE/MACROLIDE/STREPTOGRAMIN	LINCOSAMIDE/MACROLIDE/STREPTOGRAMIN	BLASTX	349	349	100.00	99.71	349	WP_012116915.1	23S rRNA (adenine(2503)-C(8))-methyltransferase ClbA		
GCF_011066025.1		NZ_JAAMNK010000007.1	122850	123398	+	satA	streptothricin N-acetyltransferase SatA	core	AMR	AMR	STREPTOTHRICIN	STREPTOTHRICIN	BLASTX	183	184	99.46	93.44	183	WP_000054744.1	streptothricin N-acetyltransferase SatA		
GCF_011066025.1		NZ_JAAMNK010000008.1	221805	222722	-	bla	class A beta-lactamase Bla1	core	AMR	AMR	BETA-LACTAM	BETA-LACTAM	BLASTX	306	306	100.00	93.14	306	WP_063842248.1	class A beta-lactamase Bla1		
GCF_011066025.1		NZ_JAAMNK010000032.1	26484	27254	+	bla2	BcII family subclass B1 metallo-beta-lactamase	core	AMR	AMR	BETA-LACTAM	CARBAPENEM	BLASTX	257	257	100.00	93.00	257	WP_012261328.1	BcII family subclass B1 metallo-beta-lactamase		
GCF_011066025.1		NZ_JAAMNK010000034.1	11985	12893	+	mphL	macrolide 2'-phosphotransferase MphL	core	AMR	AMR	MACROLIDE	MACROLIDE	BLASTX	303	303	100.00	99.67	303	WP_002047670.1	macrolide 2'-phosphotransferase MphL		
GCF_011066055.1		NZ_JAAMNM010000003.1	195379	195897	-	satA	streptothricin N-acetyltransferase SatA	core	AMR	AMR	STREPTOTHRICIN	STREPTOTHRICIN	BLASTX	173	173	100.00	78.61	173	WP_003242546.1	streptothricin N-acetyltransferase SatA		
GCF_011066055.1		NZ_JAAMNM010000007.1	172820	173866	+	clbA	23S rRNA (adenine(2503)-C(8))-methyltransferase ClbA	core	AMR	AMR	LINCOSAMIDE/MACROLIDE/STREPTOGRAMIN	LINCOSAMIDE/MACROLIDE/STREPTOGRAMIN	BLASTX	349	349	100.00	99.71	349	WP_012116915.1	23S rRNA (adenine(2503)-C(8))-methyltransferase ClbA		
GCF_011066075.1		NZ_JAAMNN010000003.1	220048	220566	-	satA	streptothricin N-acetyltransferase SatA	core	AMR	AMR	STREPTOTHRICIN	STREPTOTHRICIN	BLASTX	173	173	100.00	78.61	173	WP_003242546.1	streptothricin N-acetyltransferase SatA		
GCF_011066075.1		NZ_JAAMNN010000007.1	25410	26456	-	clbA	23S rRNA (adenine(2503)-C(8))-methyltransferase ClbA	core	AMR	AMR	LINCOSAMIDE/MACROLIDE/STREPTOGRAMIN	LINCOSAMIDE/MACROLIDE/STREPTOGRAMIN	BLASTX	349	349	100.00	99.71	349	WP_012116915.1	23S rRNA (adenine(2503)-C(8))-methyltransferase ClbA		
GCF_011075175.1		NZ_JAALLJ010000006.1	203248	203766	-	satA	streptothricin N-acetyltransferase SatA	core	AMR	AMR	STREPTOTHRICIN	STREPTOTHRICIN	BLASTX	173	173	100.00	79.19	173	WP_003242546.1	streptothricin N-acetyltransferase SatA		
GCF_011075175.1		NZ_JAALLJ010000007.1	55182	56228	-	clbA	23S rRNA (adenine(2503)-C(8))-methyltransferase ClbA	core	AMR	AMR	LINCOSAMIDE/MACROLIDE/STREPTOGRAMIN	LINCOSAMIDE/MACROLIDE/STREPTOGRAMIN	BLASTX	349	349	100.00	99.43	349	WP_012116915.1	23S rRNA (adenine(2503)-C(8))-methyltransferase ClbA		
GCF_011100445.1		NZ_CP049741.1	533756	534802	+	clbA	23S rRNA (adenine(2503)-C(8))-methyltransferase ClbA	core	AMR	AMR	LINCOSAMIDE/MACROLIDE/STREPTOGRAMIN	LINCOSAMIDE/MACROLIDE/STREPTOGRAMIN	BLASTX	349	349	100.00	99.43	349	WP_012116915.1	23S rRNA (adenine(2503)-C(8))-methyltransferase ClbA		
GCF_011100445.1		NZ_CP049741.1	2549025	2549543	-	satA	streptothricin N-acetyltransferase SatA	core	AMR	AMR	STREPTOTHRICIN	STREPTOTHRICIN	BLASTX	173	173	100.00	80.35	173	WP_003242546.1	streptothricin N-acetyltransferase SatA		
GCF_011317125.1		NZ_WOVK01000003.1	50256	51302	-	clbA	23S rRNA (adenine(2503)-C(8))-methyltransferase ClbA	core	AMR	AMR	LINCOSAMIDE/MACROLIDE/STREPTOGRAMIN	LINCOSAMIDE/MACROLIDE/STREPTOGRAMIN	BLASTX	349	349	100.00	97.42	349	WP_012116915.1	23S rRNA (adenine(2503)-C(8))-methyltransferase ClbA		
GCF_011317145.1		NZ_WOVJ01000001.1	429975	430826	+	aadK	aminoglycoside 6-adenylyltransferase AadK	core	AMR	AMR	AMINOGLYCOSIDE	STREPTOMYCIN	BLASTX	284	284	100.00	98.59	284	WP_003229862.1	aminoglycoside 6-adenylyltransferase AadK		
GCF_011317145.1		NZ_WOVJ01000002.1	38221	38739	+	satA	streptothricin N-acetyltransferase SatA	core	AMR	AMR	STREPTOTHRICIN	STREPTOTHRICIN	BLASTX	173	173	100.00	94.22	173	WP_003242546.1	streptothricin N-acetyltransferase SatA		
GCF_011317145.1		NZ_WOVJ01000005.1	188148	189791	-	vmlR	ABC-F type ribosomal protection protein VmlR	core	AMR	AMR	LINCOSAMIDE/PLEUROMUTILIN/STREPTOGRAMIN	LINCOMYCIN/TIAMULIN/VIRGINIAMYCIN M	BLASTX	548	547	100.00	99.27	548	WP_003234144.1	ABC-F type ribosomal protection protein VmlR		
GCF_011317145.1		NZ_WOVJ01000006.1	91647	92564	+	mphK	macrolide 2'-phosphotransferase MphK	core	AMR	AMR	MACROLIDE	TELITHROMYCIN/TYLOSIN	BLASTX	306	306	100.00	99.35	306	WP_003246254.1	macrolide 2'-phosphotransferase MphK		
GCF_011421515.1		NZ_WOYD01000004.1	50256	51302	-	clbA	23S rRNA (adenine(2503)-C(8))-methyltransferase ClbA	core	AMR	AMR	LINCOSAMIDE/MACROLIDE/STREPTOGRAMIN	LINCOSAMIDE/MACROLIDE/STREPTOGRAMIN	BLASTX	349	349	100.00	97.42	349	WP_012116915.1	23S rRNA (adenine(2503)-C(8))-methyltransferase ClbA		
GCF_011751555.1		NZ_JAAAWR010000004.1	374837	375250	-	fosB	FosBx1 family fosfomycin resistance bacillithiol transferase	core	AMR	AMR	FOSFOMYCIN	FOSFOMYCIN	BLASTX	138	138	100.00	98.55	138	WP_000943763.1	fosfomycin resistance bacillithiol transferase FosBx1		
GCF_011751555.1		NZ_JAAAWR010000006.1	69800	70357	+	satA	streptothricin N-acetyltransferase SatA	core	AMR	AMR	STREPTOTHRICIN	STREPTOTHRICIN	BLASTX	186	184	100.00	88.17	186	WP_000054744.1	streptothricin N-acetyltransferase SatA		
GCF_011751555.1		NZ_JAAAWR010000007.1	91999	92916	-	bla	class A beta-lactamase Bla1	core	AMR	AMR	BETA-LACTAM	BETA-LACTAM	BLASTX	306	306	100.00	97.06	306	WP_063842248.1	class A beta-lactamase Bla1		
GCF_011751555.1		NZ_JAAAWR010000015.1	73858	74628	+	bla2	BcII family subclass B1 metallo-beta-lactamase	core	AMR	AMR	BETA-LACTAM	CARBAPENEM	BLASTX	257	257	100.00	96.50	257	WP_063839879.1	BcII family subclass B1 metallo-beta-lactamase		
GCF_011751555.1		NZ_JAAAWR010000016.1	58299	59672	+	tet(45)	tetracycline efflux MFS transporter Tet(45)	core	AMR	AMR	TETRACYCLINE	TETRACYCLINE	BLASTX	458	458	100.00	91.48	458	WP_063855885.1	tetracycline efflux MFS transporter Tet(45)		
GCF_011751555.1		NZ_JAAAWR010000021.1	30742	31158	-	fosB	FosB/FosD family fosfomycin resistance bacillithiol transferase	core	AMR	AMR	FOSFOMYCIN	FOSFOMYCIN	BLASTX	139	139	100.00	99.28	139	WP_000938987.1	fosfomycin resistance bacillithiol transferase FosB2		
GCF_011751555.1		NZ_JAAAWR010000043.1	3620	4471	-	mleBCB	BCB family alpha/beta fold macrolide esterase	core	AMR	AMR	MACROLIDE	TYLOSIN	BLASTX	284	287	100.00	91.64	287	WP_459076516.1	BCB family alpha/beta fold macrolide esterase		
GCF_011751555.1		NZ_JAAAWR010000044.1	159	851	+	vanR-A	vancomycin resistance response regulator transcription factor VanR-A	core	AMR	AMR	GLYCOPEPTIDE	VANCOMYCIN	BLASTX	231	231	100.00	93.07	231	WP_063856721.1	vancomycin resistance response regulator transcription factor VanR-A		
GCF_011751555.1		NZ_JAAAWR010000044.1	835	1995	+	vanS-Pt	vancomycin resistance histidine kinase VanS-Pt	core	AMR	AMR	GLYCOPEPTIDE	VANCOMYCIN	BLASTX	387	388	99.74	90.18	387	WP_063856742.1	vancomycin resistance histidine kinase VanS-Pt		
GCF_011751575.1		NZ_JAAAWQ010000005.1	28744	29436	+	vanR-A	vancomycin resistance response regulator transcription factor VanR-A	core	AMR	AMR	GLYCOPEPTIDE	VANCOMYCIN	BLASTX	231	231	100.00	92.64	231	WP_063856721.1	vancomycin resistance response regulator transcription factor VanR-A		
GCF_011751575.1		NZ_JAAAWQ010000005.1	29420	30580	+	vanS-Pt	vancomycin resistance histidine kinase VanS-Pt	core	AMR	AMR	GLYCOPEPTIDE	VANCOMYCIN	BLASTX	387	388	99.74	90.96	387	WP_063856742.1	vancomycin resistance histidine kinase VanS-Pt		
GCF_011751575.1		NZ_JAAAWQ010000006.1	91013	91783	+	bla2	BcII family subclass B1 metallo-beta-lactamase	core	AMR	AMR	BETA-LACTAM	CARBAPENEM	BLASTX	257	257	100.00	93.00	257	WP_012261328.1	BcII family subclass B1 metallo-beta-lactamase		
GCF_011751575.1		NZ_JAAAWQ010000010.1	64725	65576	-	mleBCA	BCA family alpha/beta fold macrolide esterase	core	AMR	AMR	MACROLIDE	TYLOSIN	BLASTX	284	287	98.95	94.37	284	WP_000140039.1	BCA family alpha/beta fold macrolide esterase		
GCF_011751575.1		NZ_JAAAWQ010000034.1	2969	3886	-	bla	class A beta-lactamase Bla1	core	AMR	AMR	BETA-LACTAM	BETA-LACTAM	BLASTX	306	306	100.00	94.44	306	WP_003171307.1	class A beta-lactamase Bla1		
GCF_011751595.1		NZ_JAAAWS010000003.1	87117	87665	-	satA	streptothricin N-acetyltransferase SatA	core	AMR	AMR	STREPTOTHRICIN	STREPTOTHRICIN	BLASTX	183	184	99.46	92.90	183	WP_000054744.1	streptothricin N-acetyltransferase SatA		
GCF_011751595.1		NZ_JAAAWS010000005.1	167989	168753	-	bla2	BcII family subclass B1 metallo-beta-lactamase	core	AMR	AMR	BETA-LACTAM	CARBAPENEM	BLASTX	255	257	99.22	93.33	255	WP_012261328.1	BcII family subclass B1 metallo-beta-lactamase		
GCF_011751595.1		NZ_JAAAWS010000010.1	21746	22663	+	bla	class A beta-lactamase Bla1	core	AMR	AMR	BETA-LACTAM	BETA-LACTAM	BLASTX	306	306	100.00	92.48	306	WP_003171307.1	class A beta-lactamase Bla1		
GCF_011751595.1		NZ_JAAAWS010000022.1	70865	71716	+	mleBCA	BCA family alpha/beta fold macrolide esterase	core	AMR	AMR	MACROLIDE	TYLOSIN	BLASTX	284	287	98.95	94.01	284	WP_000140039.1	BCA family alpha/beta fold macrolide esterase		
GCF_011754125.1		NZ_WODE01000006.1	409545	410063	+	satA	streptothricin N-acetyltransferase SatA	core	AMR	AMR	STREPTOTHRICIN	STREPTOTHRICIN	BLASTX	173	173	100.00	79.77	173	WP_003242546.1	streptothricin N-acetyltransferase SatA		
GCF_011765645.1		NZ_CP050319.1	34476	35849	+	tet(L)	tetracycline efflux MFS transporter Tet(L)	core	AMR	AMR	TETRACYCLINE	TETRACYCLINE	EXACTX	458	458	100.00	100.00	458	WP_063856081.1	tetracycline efflux MFS transporter Tet(L)		
GCF_011765645.1		NZ_CP050319.1	37832	38350	+	satA	streptothricin N-acetyltransferase SatA	core	AMR	AMR	STREPTOTHRICIN	STREPTOTHRICIN	BLASTX	173	173	100.00	90.17	173	WP_003242546.1	streptothricin N-acetyltransferase SatA		
GCF_011765645.1		NZ_CP050319.1	1528371	1529222	+	aadK	aminoglycoside 6-adenylyltransferase AadK	core	AMR	AMR	AMINOGLYCOSIDE	STREPTOMYCIN	BLASTX	284	284	100.00	97.89	284	WP_003229862.1	aminoglycoside 6-adenylyltransferase AadK		
GCF_011765645.1		NZ_CP050319.1	3619549	3621189	+	vmlR	ABC-F type ribosomal protection protein VmlR	core	AMR	AMR	LINCOSAMIDE/PLEUROMUTILIN/STREPTOGRAMIN	LINCOMYCIN/TIAMULIN/VIRGINIAMYCIN M	BLASTX	547	547	100.00	98.54	547	WP_003234144.1	ABC-F type ribosomal protection protein VmlR		
GCF_011765645.1		NZ_CP050319.1	3925397	3926314	-	mphK	macrolide 2'-phosphotransferase MphK	core	AMR	AMR	MACROLIDE	TELITHROMYCIN/TYLOSIN	BLASTX	306	306	100.00	97.71	306	WP_003246254.1	macrolide 2'-phosphotransferase MphK		
GCF_011765855.1		NZ_JAASGY010000012.1	3926	5086	-	vanS-Pt	vancomycin resistance histidine kinase VanS-Pt	core	AMR	AMR	GLYCOPEPTIDE	VANCOMYCIN	BLASTX	387	388	99.74	91.47	387	WP_063856742.1	vancomycin resistance histidine kinase VanS-Pt		
GCF_011765855.1		NZ_JAASGY010000012.1	5070	5762	-	vanR-A	vancomycin resistance response regulator transcription factor VanR-A	core	AMR	AMR	GLYCOPEPTIDE	VANCOMYCIN	BLASTX	231	231	100.00	92.64	231	WP_063856721.1	vancomycin resistance response regulator transcription factor VanR-A		
GCF_011765855.1		NZ_JAASGY010000017.1	93675	94592	-	bla	class A beta-lactamase Bla1	core	AMR	AMR	BETA-LACTAM	BETA-LACTAM	BLASTX	306	306	100.00	96.73	306	WP_063842248.1	class A beta-lactamase Bla1		
GCF_011765855.1		NZ_JAASGY010000029.1	7630	8481	+	mleBCB	BCB family alpha/beta fold macrolide esterase	core	AMR	AMR	MACROLIDE	TYLOSIN	BLASTX	284	287	100.00	91.29	287	WP_459076516.1	BCB family alpha/beta fold macrolide esterase		
GCF_011765855.1		NZ_JAASGY010000047.1	4495	5442	-	blaIII	class A beta-lactamase BlaIII	core	AMR	AMR	BETA-LACTAM	BETA-LACTAM	BLASTX	316	316	100.00	98.73	316	WP_000497840.1	class A beta-lactamase BlaIII		
GCF_011765855.1		NZ_JAASGY010000080.1	70929	71699	+	bla2	BcII family subclass B1 metallo-beta-lactamase	core	AMR	AMR	BETA-LACTAM	CARBAPENEM	BLASTX	257	257	100.00	92.22	257	WP_063839879.1	BcII family subclass B1 metallo-beta-lactamase		
GCF_011765855.1		NZ_JAASGY010000089.1	221399	221812	-	fosB	FosBx1 family fosfomycin resistance bacillithiol transferase	core	AMR	AMR	FOSFOMYCIN	FOSFOMYCIN	BLASTX	138	138	100.00	98.55	138	WP_000943763.1	fosfomycin resistance bacillithiol transferase FosBx1		
GCF_011765855.1		NZ_JAASGY010000091.1	45275	46648	+	tet(45)	tetracycline efflux MFS transporter Tet(45)	core	AMR	AMR	TETRACYCLINE	TETRACYCLINE	BLASTX	458	458	100.00	91.05	458	WP_063855885.1	tetracycline efflux MFS transporter Tet(45)		
GCF_011800505.1		NZ_JAALFZ010000007.1	210331	210744	+	fosB	FosBx1 family fosfomycin resistance bacillithiol transferase	core	AMR	AMR	FOSFOMYCIN	FOSFOMYCIN	BLASTX	138	138	100.00	99.28	138	WP_000943763.1	fosfomycin resistance bacillithiol transferase FosBx1		
GCF_011800505.1		NZ_JAALFZ010000012.1	48583	49500	+	bla	class A beta-lactamase Bla1	core	AMR	AMR	BETA-LACTAM	BETA-LACTAM	BLASTX	306	306	100.00	97.06	306	WP_063842248.1	class A beta-lactamase Bla1		
GCF_011800505.1		NZ_JAALFZ010000019.1	3217	3987	-	bla2	BcII family subclass B1 metallo-beta-lactamase	core	AMR	AMR	BETA-LACTAM	CARBAPENEM	BLASTX	257	257	100.00	92.22	257	WP_063839879.1	BcII family subclass B1 metallo-beta-lactamase		
GCF_011800505.1		NZ_JAALFZ010000031.1	7929	8876	+	blaIII	class A beta-lactamase BlaIII	core	AMR	AMR	BETA-LACTAM	BETA-LACTAM	BLASTX	316	316	100.00	95.25	316	WP_000497840.1	class A beta-lactamase BlaIII		
GCF_011800725.1		NZ_JAANHO010000002.1	201716	202234	-	satA	streptothricin N-acetyltransferase SatA	core	AMR	AMR	STREPTOTHRICIN	STREPTOTHRICIN	BLASTX	173	173	100.00	79.19	173	WP_003242546.1	streptothricin N-acetyltransferase SatA		
GCF_011800745.1		NZ_QRFZ01000005.1	92248	93165	+	mphK	macrolide 2'-phosphotransferase MphK	core	AMR	AMR	MACROLIDE	TELITHROMYCIN/TYLOSIN	BLASTX	306	306	100.00	98.69	306	WP_003246254.1	macrolide 2'-phosphotransferase MphK		
GCF_011800745.1		NZ_QRFZ01000007.1	185309	186949	-	vmlR	ABC-F type ribosomal protection protein VmlR	core	AMR	AMR	LINCOSAMIDE/PLEUROMUTILIN/STREPTOGRAMIN	LINCOMYCIN/TIAMULIN/VIRGINIAMYCIN M	BLASTX	547	547	100.00	98.35	547	WP_003234144.1	ABC-F type ribosomal protection protein VmlR		
GCF_011800745.1		NZ_QRFZ01000011.1	596939	597790	-	aadK	aminoglycoside 6-adenylyltransferase AadK	core	AMR	AMR	AMINOGLYCOSIDE	STREPTOMYCIN	BLASTX	284	284	100.00	98.94	284	WP_003229862.1	aminoglycoside 6-adenylyltransferase AadK		
GCF_011800745.1		NZ_QRFZ01000013.1	331791	332309	-	satA	streptothricin N-acetyltransferase SatA	core	AMR	AMR	STREPTOTHRICIN	STREPTOTHRICIN	BLASTX	173	173	100.00	89.60	173	WP_003242546.1	streptothricin N-acetyltransferase SatA		
GCF_011800745.1		NZ_QRFZ01000013.1	334315	335688	-	tet(L)	tetracycline efflux MFS transporter Tet(L)	core	AMR	AMR	TETRACYCLINE	TETRACYCLINE	BLASTX	458	458	100.00	98.91	458	WP_063856081.1	tetracycline efflux MFS transporter Tet(L)		
GCF_012225885.1		NZ_CP048852.1	259735	260637	+	mphK	macrolide 2'-phosphotransferase MphK	core	AMR	AMR	MACROLIDE	TELITHROMYCIN/TYLOSIN	BLASTX	301	306	98.37	88.37	301	WP_003246254.1	macrolide 2'-phosphotransferase MphK		
GCF_012225885.1		NZ_CP048852.1	544349	544867	+	satA	streptothricin N-acetyltransferase SatA	core	AMR	AMR	STREPTOTHRICIN	STREPTOTHRICIN	BLASTX	173	173	100.00	84.97	173	WP_003242546.1	streptothricin N-acetyltransferase SatA		
GCF_012225885.1		NZ_CP048852.1	578657	580297	-	vmlR	ABC-F type ribosomal protection protein VmlR	core	AMR	AMR	LINCOSAMIDE/PLEUROMUTILIN/STREPTOGRAMIN	LINCOMYCIN/TIAMULIN/VIRGINIAMYCIN M	BLASTX	547	547	100.00	90.49	547	WP_003234144.1	ABC-F type ribosomal protection protein VmlR		
GCF_012226065.1		NZ_CP050462.1	2498665	2499183	-	satA	streptothricin N-acetyltransferase SatA	core	AMR	AMR	STREPTOTHRICIN	STREPTOTHRICIN	BLASTX	173	173	100.00	80.35	173	WP_003242546.1	streptothricin N-acetyltransferase SatA		
GCF_012648205.1		NZ_CP051465.1	275303	276220	+	mphK	macrolide 2'-phosphotransferase MphK	core	AMR	AMR	MACROLIDE	TELITHROMYCIN/TYLOSIN	EXACTX	306	306	100.00	100.00	306	WP_003246254.1	macrolide 2'-phosphotransferase MphK		
GCF_012648205.1		NZ_CP051465.1	580610	582250	-	vmlR	ABC-F type ribosomal protection protein VmlR	core	AMR	AMR	LINCOSAMIDE/PLEUROMUTILIN/STREPTOGRAMIN	LINCOMYCIN/TIAMULIN/VIRGINIAMYCIN M	BLASTX	547	547	100.00	98.35	547	WP_003234144.1	ABC-F type ribosomal protection protein VmlR		
GCF_012648205.1		NZ_CP051465.1	2576135	2576986	-	aadK	aminoglycoside 6-adenylyltransferase AadK	core	AMR	AMR	AMINOGLYCOSIDE	STREPTOMYCIN	BLASTX	284	284	100.00	98.24	284	WP_003229862.1	aminoglycoside 6-adenylyltransferase AadK		
GCF_012648205.1		NZ_CP051465.1	4026199	4026717	-	satA	streptothricin N-acetyltransferase SatA	core	AMR	AMR	STREPTOTHRICIN	STREPTOTHRICIN	BLASTX	173	173	100.00	90.17	173	WP_003242546.1	streptothricin N-acetyltransferase SatA		
GCF_012648205.1		NZ_CP051465.1	4028760	4030133	-	tet(L)	tetracycline efflux MFS transporter Tet(L)	core	AMR	AMR	TETRACYCLINE	TETRACYCLINE	BLASTX	458	458	100.00	99.34	458	WP_003242953.1	tetracycline efflux MFS transporter Tet(L)		
GCF_012935315.1		NZ_JABBYI010000002.1	102474	102992	+	satA	streptothricin N-acetyltransferase SatA	core	AMR	AMR	STREPTOTHRICIN	STREPTOTHRICIN	BLASTX	173	173	100.00	79.19	173	WP_003242546.1	streptothricin N-acetyltransferase SatA		
GCF_012935335.1		NZ_JABBYF010000001.1	609211	610062	-	aadK	aminoglycoside 6-adenylyltransferase AadK	core	AMR	AMR	AMINOGLYCOSIDE	STREPTOMYCIN	BLASTX	284	284	100.00	97.54	284	WP_003229862.1	aminoglycoside 6-adenylyltransferase AadK		
GCF_012935335.1		NZ_JABBYF010000002.1	1006223	1006741	-	satA	streptothricin N-acetyltransferase SatA	core	AMR	AMR	STREPTOTHRICIN	STREPTOTHRICIN	BLASTX	173	173	100.00	90.17	173	WP_003242546.1	streptothricin N-acetyltransferase SatA		
GCF_012935335.1		NZ_JABBYF010000002.1	1008747	1010120	-	tet(L)	tetracycline efflux MFS transporter Tet(L)	core	AMR	AMR	TETRACYCLINE	TETRACYCLINE	BLASTX	458	458	100.00	98.69	458	WP_063856081.1	tetracycline efflux MFS transporter Tet(L)		
GCF_012935335.1		NZ_JABBYF010000006.1	197266	198906	-	vmlR	ABC-F type ribosomal protection protein VmlR	core	AMR	AMR	LINCOSAMIDE/PLEUROMUTILIN/STREPTOGRAMIN	LINCOMYCIN/TIAMULIN/VIRGINIAMYCIN M	BLASTX	547	547	100.00	98.90	547	WP_003234144.1	ABC-F type ribosomal protection protein VmlR		
GCF_012935335.1		NZ_JABBYF010000007.1	108138	109055	-	mphK	macrolide 2'-phosphotransferase MphK	core	AMR	AMR	MACROLIDE	TELITHROMYCIN/TYLOSIN	BLASTX	306	306	100.00	98.69	306	WP_003246254.1	macrolide 2'-phosphotransferase MphK		
GCF_013122275.1		NZ_CP053377.1	558011	559057	+	clbA	23S rRNA (adenine(2503)-C(8))-methyltransferase ClbA	core	AMR	AMR	LINCOSAMIDE/MACROLIDE/STREPTOGRAMIN	LINCOSAMIDE/MACROLIDE/STREPTOGRAMIN	BLASTX	349	349	100.00	97.42	349	WP_012116915.1	23S rRNA (adenine(2503)-C(8))-methyltransferase ClbA		
GCF_013122275.1		NZ_CP053377.1	2608670	2609188	-	satA	streptothricin N-acetyltransferase SatA	core	AMR	AMR	STREPTOTHRICIN	STREPTOTHRICIN	BLASTX	173	173	100.00	78.03	173	WP_003242546.1	streptothricin N-acetyltransferase SatA		
GCF_013133865.1		NZ_JABGBK010000001.1	230104	230517	+	fosB	FosBx1 family fosfomycin resistance bacillithiol transferase	core	AMR	AMR	FOSFOMYCIN	FOSFOMYCIN	BLASTX	138	138	100.00	90.58	138	WP_000943763.1	fosfomycin resistance bacillithiol transferase FosBx1		
GCF_013133865.1		NZ_JABGBK010000001.1	616001	616918	+	bla	class A beta-lactamase Bla1	core	AMR	AMR	BETA-LACTAM	BETA-LACTAM	BLASTX	306	306	100.00	94.77	306	WP_003171307.1	class A beta-lactamase Bla1		
GCF_013133865.1		NZ_JABGBK010000004.1	204253	205020	+	bla2	BcII family subclass B1 metallo-beta-lactamase	core	AMR	AMR	BETA-LACTAM	CARBAPENEM	BLASTX	256	256	100.00	99.61	256	WP_000799232.1	BcII family subclass B1 metallo-beta-lactamase		
GCF_013133865.1		NZ_JABGBK010000004.1	461875	462429	-	satA	streptothricin N-acetyltransferase SatA	core	AMR	AMR	STREPTOTHRICIN	STREPTOTHRICIN	BLASTX	185	184	99.46	89.73	185	WP_000054744.1	streptothricin N-acetyltransferase SatA		
GCF_013133865.1		NZ_JABGBK010000007.1	183278	184138	-	mleBCA	BCA family alpha/beta fold macrolide esterase	core	AMR	AMR	MACROLIDE	TYLOSIN	BLASTX	287	287	100.00	98.95	287	WP_000140039.1	BCA family alpha/beta fold macrolide esterase		
GCF_013141905.1		NZ_SSNO01000079.1	30662	31513	-	aadK	aminoglycoside 6-adenylyltransferase AadK	core	AMR	AMR	AMINOGLYCOSIDE	STREPTOMYCIN	BLASTX	284	284	100.00	97.54	284	WP_003229862.1	aminoglycoside 6-adenylyltransferase AadK		
GCF_013141905.1		NZ_SSNO01000105.1	49127	50767	-	vmlR	ABC-F type ribosomal protection protein VmlR	core	AMR	AMR	LINCOSAMIDE/PLEUROMUTILIN/STREPTOGRAMIN	LINCOMYCIN/TIAMULIN/VIRGINIAMYCIN M	INTERNAL_STOP	547	547	100.00	97.81	547	WP_003234144.1	ABC-F type ribosomal protection protein VmlR		
GCF_013141905.1		NZ_SSNO01000114.1	87890	88408	-	satA	streptothricin N-acetyltransferase SatA	core	AMR	AMR	STREPTOTHRICIN	STREPTOTHRICIN	BLASTX	173	173	100.00	93.06	173	WP_003242546.1	streptothricin N-acetyltransferase SatA		
GCF_013141905.1		NZ_SSNO01000119.1	97079	97606	+	mphK	macrolide 2'-phosphotransferase MphK	core	AMR	AMR	MACROLIDE	TELITHROMYCIN/TYLOSIN	PARTIALX	176	306	57.52	99.43	176	WP_003246254.1	macrolide 2'-phosphotransferase MphK		
GCF_013201465.1		NZ_CP053764.1	2545819	2546337	-	satA	streptothricin N-acetyltransferase SatA	core	AMR	AMR	STREPTOTHRICIN	STREPTOTHRICIN	BLASTX	173	173	100.00	79.77	173	WP_003242546.1	streptothricin N-acetyltransferase SatA		
GCF_013284455.2		NZ_CP085506.1	1879698	1880111	+	fosB	FosBx1 family fosfomycin resistance bacillithiol transferase	core	AMR	AMR	FOSFOMYCIN	FOSFOMYCIN	BLASTX	138	138	100.00	97.83	138	WP_000943763.1	fosfomycin resistance bacillithiol transferase FosBx1		
GCF_013284455.2		NZ_CP085506.1	2374552	2375469	+	bla	class A beta-lactamase Bla1	core	AMR	AMR	BETA-LACTAM	BETA-LACTAM	BLASTX	306	306	100.00	96.08	306	WP_063842248.1	class A beta-lactamase Bla1		
GCF_013284455.2		NZ_CP085506.1	2991821	2992372	+	satA	streptothricin N-acetyltransferase SatA	core	AMR	AMR	STREPTOTHRICIN	STREPTOTHRICIN	BLASTX	184	184	98.91	90.22	184	WP_000054744.1	streptothricin N-acetyltransferase SatA		
GCF_013284455.2		NZ_CP085507.1	25262	26209	-	blaIII	class A beta-lactamase BlaIII	core	AMR	AMR	BETA-LACTAM	BETA-LACTAM	BLASTX	316	316	100.00	93.99	316	WP_000497840.1	class A beta-lactamase BlaIII		
GCF_013284475.1		NZ_JABSVG010000002.1	384920	385438	+	satA	streptothricin N-acetyltransferase SatA	core	AMR	AMR	STREPTOTHRICIN	STREPTOTHRICIN	BLASTX	173	173	100.00	79.77	173	WP_003242546.1	streptothricin N-acetyltransferase SatA		
GCF_013284475.1		NZ_JABSVG010000005.1	50151	51197	-	clbA	23S rRNA (adenine(2503)-C(8))-methyltransferase ClbA	core	AMR	AMR	LINCOSAMIDE/MACROLIDE/STREPTOGRAMIN	LINCOSAMIDE/MACROLIDE/STREPTOGRAMIN	BLASTX	349	349	100.00	97.42	349	WP_012116915.1	23S rRNA (adenine(2503)-C(8))-methyltransferase ClbA		
GCF_013284545.1		NZ_JABSVI010000004.1	366995	368041	+	clbA	23S rRNA (adenine(2503)-C(8))-methyltransferase ClbA	core	AMR	AMR	LINCOSAMIDE/MACROLIDE/STREPTOGRAMIN	LINCOSAMIDE/MACROLIDE/STREPTOGRAMIN	EXACTX	349	349	100.00	100.00	349	WP_012116915.1	23S rRNA (adenine(2503)-C(8))-methyltransferase ClbA		
GCF_013284555.1		NZ_JABSVJ010000007.1	181131	182177	+	clbA	23S rRNA (adenine(2503)-C(8))-methyltransferase ClbA	core	AMR	AMR	LINCOSAMIDE/MACROLIDE/STREPTOGRAMIN	LINCOSAMIDE/MACROLIDE/STREPTOGRAMIN	EXACTX	349	349	100.00	100.00	349	WP_012116915.1	23S rRNA (adenine(2503)-C(8))-methyltransferase ClbA		
GCF_013284575.1		NZ_JABSVH010000005.1	198665	199183	-	satA	streptothricin N-acetyltransferase SatA	core	AMR	AMR	STREPTOTHRICIN	STREPTOTHRICIN	BLASTX	173	173	100.00	80.35	173	WP_003242546.1	streptothricin N-acetyltransferase SatA		
GCF_013284625.1		NZ_JABSVK010000004.1	366995	368041	+	clbA	23S rRNA (adenine(2503)-C(8))-methyltransferase ClbA	core	AMR	AMR	LINCOSAMIDE/MACROLIDE/STREPTOGRAMIN	LINCOSAMIDE/MACROLIDE/STREPTOGRAMIN	EXACTX	349	349	100.00	100.00	349	WP_012116915.1	23S rRNA (adenine(2503)-C(8))-methyltransferase ClbA		
GCF_013284655.1		NZ_JABSVN010000005.1	181445	182491	+	clbA	23S rRNA (adenine(2503)-C(8))-methyltransferase ClbA	core	AMR	AMR	LINCOSAMIDE/MACROLIDE/STREPTOGRAMIN	LINCOSAMIDE/MACROLIDE/STREPTOGRAMIN	EXACTX	349	349	100.00	100.00	349	WP_012116915.1	23S rRNA (adenine(2503)-C(8))-methyltransferase ClbA		
GCF_013284725.1		NZ_JABSVQ010000006.1	60136	61182	-	clbA	23S rRNA (adenine(2503)-C(8))-methyltransferase ClbA	core	AMR	AMR	LINCOSAMIDE/MACROLIDE/STREPTOGRAMIN	LINCOSAMIDE/MACROLIDE/STREPTOGRAMIN	EXACTX	349	349	100.00	100.00	349	WP_012116915.1	23S rRNA (adenine(2503)-C(8))-methyltransferase ClbA		
GCF_013284745.1		NZ_JABSVS010000003.1	60125	61171	-	clbA	23S rRNA (adenine(2503)-C(8))-methyltransferase ClbA	core	AMR	AMR	LINCOSAMIDE/MACROLIDE/STREPTOGRAMIN	LINCOSAMIDE/MACROLIDE/STREPTOGRAMIN	EXACTX	349	349	100.00	100.00	349	WP_012116915.1	23S rRNA (adenine(2503)-C(8))-methyltransferase ClbA		
GCF_013284765.1		NZ_JABSVR010000006.1	181385	182431	+	clbA	23S rRNA (adenine(2503)-C(8))-methyltransferase ClbA	core	AMR	AMR	LINCOSAMIDE/MACROLIDE/STREPTOGRAMIN	LINCOSAMIDE/MACROLIDE/STREPTOGRAMIN	EXACTX	349	349	100.00	100.00	349	WP_012116915.1	23S rRNA (adenine(2503)-C(8))-methyltransferase ClbA		
GCF_013284775.1		NZ_JABSVT010000004.1	366995	368041	+	clbA	23S rRNA (adenine(2503)-C(8))-methyltransferase ClbA	core	AMR	AMR	LINCOSAMIDE/MACROLIDE/STREPTOGRAMIN	LINCOSAMIDE/MACROLIDE/STREPTOGRAMIN	EXACTX	349	349	100.00	100.00	349	WP_012116915.1	23S rRNA (adenine(2503)-C(8))-methyltransferase ClbA		
GCF_013284785.2		NZ_CP085505.1	539225	540271	+	clbA	23S rRNA (adenine(2503)-C(8))-methyltransferase ClbA	core	AMR	AMR	LINCOSAMIDE/MACROLIDE/STREPTOGRAMIN	LINCOSAMIDE/MACROLIDE/STREPTOGRAMIN	EXACTX	349	349	100.00	100.00	349	WP_012116915.1	23S rRNA (adenine(2503)-C(8))-methyltransferase ClbA		
GCF_013284825.1		NZ_JABSVV010000003.1	195201	195719	-	satA	streptothricin N-acetyltransferase SatA	core	AMR	AMR	STREPTOTHRICIN	STREPTOTHRICIN	BLASTX	173	173	100.00	79.77	173	WP_003242546.1	streptothricin N-acetyltransferase SatA		
GCF_013284825.1		NZ_JABSVV010000004.1	393628	394674	+	clbA	23S rRNA (adenine(2503)-C(8))-methyltransferase ClbA	core	AMR	AMR	LINCOSAMIDE/MACROLIDE/STREPTOGRAMIN	LINCOSAMIDE/MACROLIDE/STREPTOGRAMIN	BLASTX	349	349	100.00	97.42	349	WP_012116915.1	23S rRNA (adenine(2503)-C(8))-methyltransferase ClbA		
GCF_013285045.1		NZ_JABSVX010000002.1	336377	336895	-	satA	streptothricin N-acetyltransferase SatA	core	AMR	AMR	STREPTOTHRICIN	STREPTOTHRICIN	BLASTX	173	173	100.00	79.77	173	WP_003242546.1	streptothricin N-acetyltransferase SatA		
GCF_013285055.1		NZ_JABSVW010000003.1	60121	61167	-	clbA	23S rRNA (adenine(2503)-C(8))-methyltransferase ClbA	core	AMR	AMR	LINCOSAMIDE/MACROLIDE/STREPTOGRAMIN	LINCOSAMIDE/MACROLIDE/STREPTOGRAMIN	EXACTX	349	349	100.00	100.00	349	WP_012116915.1	23S rRNA (adenine(2503)-C(8))-methyltransferase ClbA		
GCF_013285085.2		NZ_CP085504.1	539285	540331	+	clbA	23S rRNA (adenine(2503)-C(8))-methyltransferase ClbA	core	AMR	AMR	LINCOSAMIDE/MACROLIDE/STREPTOGRAMIN	LINCOSAMIDE/MACROLIDE/STREPTOGRAMIN	EXACTX	349	349	100.00	100.00	349	WP_012116915.1	23S rRNA (adenine(2503)-C(8))-methyltransferase ClbA		
GCF_013285105.1		NZ_JABSVY010000001.1	313139	313657	+	satA	streptothricin N-acetyltransferase SatA	core	AMR	AMR	STREPTOTHRICIN	STREPTOTHRICIN	BLASTX	173	173	100.00	79.77	173	WP_003242546.1	streptothricin N-acetyltransferase SatA		
GCF_013305505.1		NZ_JABTVK010000005.1	62473	62991	+	satA	streptothricin N-acetyltransferase SatA	core	AMR	AMR	STREPTOTHRICIN	STREPTOTHRICIN	BLASTX	173	173	100.00	79.19	173	WP_003242546.1	streptothricin N-acetyltransferase SatA		
GCF_013305505.1		NZ_JABTVK010000006.1	172458	173504	+	clbA	23S rRNA (adenine(2503)-C(8))-methyltransferase ClbA	core	AMR	AMR	LINCOSAMIDE/MACROLIDE/STREPTOGRAMIN	LINCOSAMIDE/MACROLIDE/STREPTOGRAMIN	BLASTX	349	349	100.00	99.43	349	WP_012116915.1	23S rRNA (adenine(2503)-C(8))-methyltransferase ClbA		
GCF_013332435.1		NZ_JABMIY010000007.1	106197	107099	-	mphK	macrolide 2'-phosphotransferase MphK	core	AMR	AMR	MACROLIDE	TELITHROMYCIN/TYLOSIN	BLASTX	301	306	98.37	87.71	301	WP_003246254.1	macrolide 2'-phosphotransferase MphK		
GCF_013332435.1		NZ_JABMIY010000008.1	155005	155523	+	satA	streptothricin N-acetyltransferase SatA	core	AMR	AMR	STREPTOTHRICIN	STREPTOTHRICIN	BLASTX	173	173	100.00	83.82	173	WP_003242546.1	streptothricin N-acetyltransferase SatA		
GCF_013332435.1		NZ_JABMIY010000015.1	30317	31957	+	vmlR	ABC-F type ribosomal protection protein VmlR	core	AMR	AMR	LINCOSAMIDE/PLEUROMUTILIN/STREPTOGRAMIN	LINCOMYCIN/TIAMULIN/VIRGINIAMYCIN M	BLASTX	547	547	100.00	91.22	547	WP_003234144.1	ABC-F type ribosomal protection protein VmlR		
GCF_013332455.1		NZ_JABMIX010000001.1	1019030	1019548	-	satA	streptothricin N-acetyltransferase SatA	core	AMR	AMR	STREPTOTHRICIN	STREPTOTHRICIN	BLASTX	173	173	100.00	91.91	173	WP_003242546.1	streptothricin N-acetyltransferase SatA		
GCF_013332455.1		NZ_JABMIX010000001.1	1021550	1022923	-	tet(L)	tetracycline efflux MFS transporter Tet(L)	core	AMR	AMR	TETRACYCLINE	TETRACYCLINE	BLASTX	458	458	100.00	99.56	458	WP_063856081.1	tetracycline efflux MFS transporter Tet(L)		
GCF_013332455.1		NZ_JABMIX010000002.1	600388	601239	-	aadK	aminoglycoside 6-adenylyltransferase AadK	core	AMR	AMR	AMINOGLYCOSIDE	STREPTOMYCIN	BLASTX	284	284	100.00	98.24	284	WP_003229862.1	aminoglycoside 6-adenylyltransferase AadK		
GCF_013332455.1		NZ_JABMIX010000004.1	96740	97657	+	mphK	macrolide 2'-phosphotransferase MphK	core	AMR	AMR	MACROLIDE	TELITHROMYCIN/TYLOSIN	BLASTX	306	306	100.00	98.37	306	WP_003246254.1	macrolide 2'-phosphotransferase MphK		
GCF_013332455.1		NZ_JABMIX010000004.1	435193	436833	-	vmlR	ABC-F type ribosomal protection protein VmlR	core	AMR	AMR	LINCOSAMIDE/PLEUROMUTILIN/STREPTOGRAMIN	LINCOMYCIN/TIAMULIN/VIRGINIAMYCIN M	BLASTX	547	547	100.00	98.72	547	WP_003234144.1	ABC-F type ribosomal protection protein VmlR		
GCF_013347105.1		NZ_CP054584.1	266485	267390	+	mphK	macrolide 2'-phosphotransferase MphK	core	AMR	AMR	MACROLIDE	TELITHROMYCIN/TYLOSIN	BLASTX	302	306	98.69	84.77	302	WP_003246254.1	macrolide 2'-phosphotransferase MphK		
GCF_013347105.1		NZ_CP054584.1	1933089	1933607	+	satA	streptothricin N-acetyltransferase SatA	core	AMR	AMR	STREPTOTHRICIN	STREPTOTHRICIN	BLASTX	173	173	100.00	79.77	173	WP_003242546.1	streptothricin N-acetyltransferase SatA		
GCF_013348705.1		NZ_CP054714.1	539439	540485	+	clbA	23S rRNA (adenine(2503)-C(8))-methyltransferase ClbA	core	AMR	AMR	LINCOSAMIDE/MACROLIDE/STREPTOGRAMIN	LINCOSAMIDE/MACROLIDE/STREPTOGRAMIN	EXACTX	349	349	100.00	100.00	349	WP_012116915.1	23S rRNA (adenine(2503)-C(8))-methyltransferase ClbA		
GCF_013348705.1		NZ_CP054714.1	1026117	1026896	+	ant(9)-Ia	aminoglycoside nucleotidyltransferase ANT(9)-Ia	core	AMR	AMR	AMINOGLYCOSIDE	SPECTINOMYCIN	EXACTX	260	260	100.00	100.00	260	WP_000067268.1	aminoglycoside nucleotidyltransferase ANT(9)-Ia		
GCF_013348705.1		NZ_CP054714.1	1454776	1455567	-	aph(3')-IIIa	aminoglycoside O-phosphotransferase APH(3')-IIIa	core	AMR	AMR	AMINOGLYCOSIDE	AMIKACIN/KANAMYCIN	EXACTX	264	264	100.00	100.00	264	WP_001096887.1	aminoglycoside O-phosphotransferase APH(3')-IIIa		
GCF_013875015.1		NZ_CP059405.1	424958	425476	-	satA	streptothricin N-acetyltransferase SatA	core	AMR	AMR	STREPTOTHRICIN	STREPTOTHRICIN	BLASTX	173	173	100.00	79.19	173	WP_003242546.1	streptothricin N-acetyltransferase SatA		
GCF_013875015.1		NZ_CP059405.1	2407316	2408362	+	clbA	23S rRNA (adenine(2503)-C(8))-methyltransferase ClbA	core	AMR	AMR	LINCOSAMIDE/MACROLIDE/STREPTOGRAMIN	LINCOSAMIDE/MACROLIDE/STREPTOGRAMIN	BLASTX	349	349	100.00	97.71	349	WP_012116915.1	23S rRNA (adenine(2503)-C(8))-methyltransferase ClbA		
GCF_014046405.1		NZ_QOQS01000001.1	44836	45354	+	satA	streptothricin N-acetyltransferase SatA	core	AMR	AMR	STREPTOTHRICIN	STREPTOTHRICIN	BLASTX	173	173	100.00	91.91	173	WP_003242546.1	streptothricin N-acetyltransferase SatA		
GCF_014046405.1		NZ_QOQS01000003.1	467779	468630	+	aadK	aminoglycoside 6-adenylyltransferase AadK	core	AMR	AMR	AMINOGLYCOSIDE	STREPTOMYCIN	BLASTX	284	284	100.00	97.54	284	WP_003229862.1	aminoglycoside 6-adenylyltransferase AadK		
GCF_014046405.1		NZ_QOQS01000006.1	29144	30787	+	vmlR	ABC-F type ribosomal protection protein VmlR	core	AMR	AMR	LINCOSAMIDE/PLEUROMUTILIN/STREPTOGRAMIN	LINCOMYCIN/TIAMULIN/VIRGINIAMYCIN M	BLASTX	548	547	100.00	99.45	548	WP_003234144.1	ABC-F type ribosomal protection protein VmlR		
GCF_014046405.1		NZ_QOQS01000007.1	110068	110976	-	mphK	macrolide 2'-phosphotransferase MphK	core	AMR	AMR	MACROLIDE	TELITHROMYCIN/TYLOSIN	BLASTX	303	306	99.02	98.68	303	WP_003246254.1	macrolide 2'-phosphotransferase MphK		
GCF_014211995.1		NZ_CP060085.1	1374075	1374593	+	satA	streptothricin N-acetyltransferase SatA	core	AMR	AMR	STREPTOTHRICIN	STREPTOTHRICIN	BLASTX	173	173	100.00	80.35	173	WP_003242546.1	streptothricin N-acetyltransferase SatA		
GCF_014211995.1		NZ_CP060085.1	3370035	3371081	-	clbA	23S rRNA (adenine(2503)-C(8))-methyltransferase ClbA	core	AMR	AMR	LINCOSAMIDE/MACROLIDE/STREPTOGRAMIN	LINCOSAMIDE/MACROLIDE/STREPTOGRAMIN	BLASTX	349	349	100.00	96.85	349	WP_012116915.1	23S rRNA (adenine(2503)-C(8))-methyltransferase ClbA		
GCF_014219005.1		NZ_JABUKD010000001.1	437394	438245	+	aadK	aminoglycoside 6-adenylyltransferase AadK	core	AMR	AMR	AMINOGLYCOSIDE	STREPTOMYCIN	BLASTX	284	284	100.00	98.59	284	WP_003229862.1	aminoglycoside 6-adenylyltransferase AadK		
GCF_014219005.1		NZ_JABUKD010000004.1	29076	30719	+	vmlR	ABC-F type ribosomal protection protein VmlR	core	AMR	AMR	LINCOSAMIDE/PLEUROMUTILIN/STREPTOGRAMIN	LINCOMYCIN/TIAMULIN/VIRGINIAMYCIN M	BLASTX	548	547	100.00	98.91	548	WP_003234144.1	ABC-F type ribosomal protection protein VmlR		
GCF_014219005.1		NZ_JABUKD010000004.1	345139	346056	-	mphK	macrolide 2'-phosphotransferase MphK	core	AMR	AMR	MACROLIDE	TELITHROMYCIN/TYLOSIN	BLASTX	306	306	100.00	97.39	306	WP_003246254.1	macrolide 2'-phosphotransferase MphK		
GCF_014495825.1		NZ_CP061087.1	558420	559466	+	clbA	23S rRNA (adenine(2503)-C(8))-methyltransferase ClbA	core	AMR	AMR	LINCOSAMIDE/MACROLIDE/STREPTOGRAMIN	LINCOSAMIDE/MACROLIDE/STREPTOGRAMIN	BLASTX	349	349	100.00	98.85	349	WP_012116915.1	23S rRNA (adenine(2503)-C(8))-methyltransferase ClbA		
GCF_014495825.1		NZ_CP061087.1	2651888	2652406	-	satA	streptothricin N-acetyltransferase SatA	core	AMR	AMR	STREPTOTHRICIN	STREPTOTHRICIN	BLASTX	173	173	100.00	79.19	173	WP_003242546.1	streptothricin N-acetyltransferase SatA		
GCF_014534715.1		NZ_JACVSQ010000002.1	365688	366206	+	satA	streptothricin N-acetyltransferase SatA	core	AMR	AMR	STREPTOTHRICIN	STREPTOTHRICIN	BLASTX	173	173	100.00	79.77	173	WP_003242546.1	streptothricin N-acetyltransferase SatA		
GCF_014534715.1		NZ_JACVSQ010000004.1	359398	360444	+	clbA	23S rRNA (adenine(2503)-C(8))-methyltransferase ClbA	core	AMR	AMR	LINCOSAMIDE/MACROLIDE/STREPTOGRAMIN	LINCOSAMIDE/MACROLIDE/STREPTOGRAMIN	BLASTX	349	349	100.00	97.42	349	WP_012116915.1	23S rRNA (adenine(2503)-C(8))-methyltransferase ClbA		
GCF_014534735.1		NZ_JACVSR010000004.1	353394	353912	+	satA	streptothricin N-acetyltransferase SatA	core	AMR	AMR	STREPTOTHRICIN	STREPTOTHRICIN	BLASTX	173	173	100.00	84.97	173	WP_003242546.1	streptothricin N-acetyltransferase SatA		
GCF_014805495.1		NZ_JACERQ010000003.1	36838	37689	-	aadK	aminoglycoside 6-adenylyltransferase AadK	core	AMR	AMR	AMINOGLYCOSIDE	STREPTOMYCIN	BLASTX	284	284	100.00	98.24	284	WP_003229862.1	aminoglycoside 6-adenylyltransferase AadK		
GCF_014805495.1		NZ_JACERQ010000004.1	29110	30750	+	vmlR	ABC-F type ribosomal protection protein VmlR	core	AMR	AMR	LINCOSAMIDE/PLEUROMUTILIN/STREPTOGRAMIN	LINCOMYCIN/TIAMULIN/VIRGINIAMYCIN M	BLASTX	547	547	100.00	98.35	547	WP_003234144.1	ABC-F type ribosomal protection protein VmlR		
GCF_014805495.1		NZ_JACERQ010000004.1	337929	338846	-	mphK	macrolide 2'-phosphotransferase MphK	core	AMR	AMR	MACROLIDE	TELITHROMYCIN/TYLOSIN	BLASTX	306	306	100.00	98.69	306	WP_003246254.1	macrolide 2'-phosphotransferase MphK		
GCF_014805495.1		NZ_JACERQ010000010.1	57314	57832	-	satA	streptothricin N-acetyltransferase SatA	core	AMR	AMR	STREPTOTHRICIN	STREPTOTHRICIN	BLASTX	173	173	100.00	90.17	173	WP_003242546.1	streptothricin N-acetyltransferase SatA		
GCF_014805495.1		NZ_JACERQ010000010.1	59818	61191	-	tet(L)	tetracycline efflux MFS transporter Tet(L)	core	AMR	AMR	TETRACYCLINE	TETRACYCLINE	BLASTX	458	458	100.00	98.91	458	WP_063856081.1	tetracycline efflux MFS transporter Tet(L)		
GCF_014856585.1		NZ_VXJD01000079.1	30662	31513	-	aadK	aminoglycoside 6-adenylyltransferase AadK	core	AMR	AMR	AMINOGLYCOSIDE	STREPTOMYCIN	BLASTX	284	284	100.00	97.54	284	WP_003229862.1	aminoglycoside 6-adenylyltransferase AadK		
GCF_014856585.1		NZ_VXJD01000105.1	49127	50767	-	vmlR	ABC-F type ribosomal protection protein VmlR	core	AMR	AMR	LINCOSAMIDE/PLEUROMUTILIN/STREPTOGRAMIN	LINCOMYCIN/TIAMULIN/VIRGINIAMYCIN M	INTERNAL_STOP	547	547	100.00	97.81	547	WP_003234144.1	ABC-F type ribosomal protection protein VmlR		
GCF_014856585.1		NZ_VXJD01000114.1	87890	88408	-	satA	streptothricin N-acetyltransferase SatA	core	AMR	AMR	STREPTOTHRICIN	STREPTOTHRICIN	BLASTX	173	173	100.00	93.06	173	WP_003242546.1	streptothricin N-acetyltransferase SatA		
GCF_014856585.1		NZ_VXJD01000119.1	97079	97606	+	mphK	macrolide 2'-phosphotransferase MphK	core	AMR	AMR	MACROLIDE	TELITHROMYCIN/TYLOSIN	PARTIALX	176	306	57.52	99.43	176	WP_003246254.1	macrolide 2'-phosphotransferase MphK		
GCF_014982505.1		NZ_JADCKT010000002.1	378926	379843	-	bla	class A beta-lactamase Bla1	core	AMR	AMR	BETA-LACTAM	BETA-LACTAM	BLASTX	306	306	100.00	99.02	306	WP_063842248.1	class A beta-lactamase Bla1		
GCF_014982505.1		NZ_JADCKT010000003.1	111557	111970	-	fosB	FosBx1 family fosfomycin resistance bacillithiol transferase	core	AMR	AMR	FOSFOMYCIN	FOSFOMYCIN	BLASTX	138	138	100.00	98.55	138	WP_000943763.1	fosfomycin resistance bacillithiol transferase FosBx1		
GCF_014982505.1		NZ_JADCKT010000005.1	221114	222487	-	tet(45)	tetracycline efflux MFS transporter Tet(45)	core	AMR	AMR	TETRACYCLINE	TETRACYCLINE	BLASTX	458	458	100.00	91.05	458	WP_063855885.1	tetracycline efflux MFS transporter Tet(45)		
GCF_014982505.1		NZ_JADCKT010000012.1	147857	148708	-	mleBCB	BCB family alpha/beta fold macrolide esterase	core	AMR	AMR	MACROLIDE	TYLOSIN	BLASTX	284	287	100.00	98.26	287	WP_459076516.1	BCB family alpha/beta fold macrolide esterase		
GCF_014982505.1		NZ_JADCKT010000016.1	77994	78764	-	bla2	BcII family subclass B1 metallo-beta-lactamase	core	AMR	AMR	BETA-LACTAM	CARBAPENEM	BLASTX	257	257	100.00	93.00	257	WP_063839879.1	BcII family subclass B1 metallo-beta-lactamase		
GCF_014982505.1		NZ_JADCKT010000034.1	3695	4387	+	vanR-A	vancomycin resistance response regulator transcription factor VanR-A	core	AMR	AMR	GLYCOPEPTIDE	VANCOMYCIN	BLASTX	231	231	100.00	93.07	231	WP_063856721.1	vancomycin resistance response regulator transcription factor VanR-A		
GCF_014982505.1		NZ_JADCKT010000034.1	4371	5531	+	vanS-Pt	vancomycin resistance histidine kinase VanS-Pt	core	AMR	AMR	GLYCOPEPTIDE	VANCOMYCIN	BLASTX	387	388	99.74	90.18	387	WP_063856742.1	vancomycin resistance histidine kinase VanS-Pt		
GCF_015354255.1		NZ_JADKYN010000003.1	567794	568312	-	satA	streptothricin N-acetyltransferase SatA	core	AMR	AMR	STREPTOTHRICIN	STREPTOTHRICIN	BLASTX	173	173	100.00	80.35	173	WP_003242546.1	streptothricin N-acetyltransferase SatA		
GCF_015354255.1		NZ_JADKYN010000004.1	361825	362871	+	clbA	23S rRNA (adenine(2503)-C(8))-methyltransferase ClbA	core	AMR	AMR	LINCOSAMIDE/MACROLIDE/STREPTOGRAMIN	LINCOSAMIDE/MACROLIDE/STREPTOGRAMIN	BLASTX	349	349	100.00	99.43	349	WP_012116915.1	23S rRNA (adenine(2503)-C(8))-methyltransferase ClbA		
GCF_015689015.1		NZ_CP065040.1	1183854	1184513	+	cat86	type A-6 chloramphenicol O-acetyltransferase Cat86	core	AMR	AMR	PHENICOL	CHLORAMPHENICOL	BLASTX	220	220	100.00	90.45	220	WP_050945244.1	type A-6 chloramphenicol O-acetyltransferase Cat86		
GCF_015845455.1		NZ_LDHN01000004.1	101085	101498	-	fosB	FosBx1 family fosfomycin resistance bacillithiol transferase	core	AMR	AMR	FOSFOMYCIN	FOSFOMYCIN	BLASTX	138	138	100.00	97.83	138	WP_000943763.1	fosfomycin resistance bacillithiol transferase FosBx1		
GCF_015845455.1		NZ_LDHN01000031.1	96157	96708	-	satA	streptothricin N-acetyltransferase SatA	core	AMR	AMR	STREPTOTHRICIN	STREPTOTHRICIN	BLASTX	184	184	98.91	88.04	184	WP_000054744.1	streptothricin N-acetyltransferase SatA		
GCF_015845455.1		NZ_LDHN01000033.1	18783	19730	+	blaIII	class A beta-lactamase BlaIII	core	AMR	AMR	BETA-LACTAM	BETA-LACTAM	BLASTX	316	316	100.00	95.57	316	WP_000497840.1	class A beta-lactamase BlaIII		
GCF_015845455.1		NZ_LDHN01000036.1	114006	114776	-	bla2	BcII family subclass B1 metallo-beta-lactamase	core	AMR	AMR	BETA-LACTAM	CARBAPENEM	BLASTX	257	257	100.00	93.39	257	WP_063839879.1	BcII family subclass B1 metallo-beta-lactamase		
GCF_015845455.1		NZ_LDHN01000042.1	57080	58453	+	tet(45)	tetracycline efflux MFS transporter Tet(45)	core	AMR	AMR	TETRACYCLINE	TETRACYCLINE	BLASTX	458	458	100.00	91.27	458	WP_063855885.1	tetracycline efflux MFS transporter Tet(45)		
GCF_015845455.1		NZ_LDHN01000043.1	5952	6869	+	bla	class A beta-lactamase Bla1	core	AMR	AMR	BETA-LACTAM	BETA-LACTAM	BLASTX	306	306	100.00	94.44	306	WP_063842248.1	class A beta-lactamase Bla1		
GCF_016106735.1		NZ_VVIS01000005.1	141991	142509	+	satA	streptothricin N-acetyltransferase SatA	core	AMR	AMR	STREPTOTHRICIN	STREPTOTHRICIN	BLASTX	173	173	100.00	79.77	173	WP_003242546.1	streptothricin N-acetyltransferase SatA		
GCF_016766595.1		NZ_CP068563.1	2550751	2551269	-	satA	streptothricin N-acetyltransferase SatA	core	AMR	AMR	STREPTOTHRICIN	STREPTOTHRICIN	BLASTX	173	173	100.00	80.35	173	WP_003242546.1	streptothricin N-acetyltransferase SatA		
GCF_016767255.1		NZ_JAEACK010000004.1	89836	90741	+	mphK	macrolide 2'-phosphotransferase MphK	core	AMR	AMR	MACROLIDE	TELITHROMYCIN/TYLOSIN	BLASTX	302	306	98.69	85.43	302	WP_003246254.1	macrolide 2'-phosphotransferase MphK		
GCF_016767285.1		NZ_JAEACL010000001.1	45974	46771	+	blaBSU	BSU family class D beta-lactamase	core	AMR	AMR	BETA-LACTAM	BETA-LACTAM	BLASTX	266	267	99.63	90.23	266	WP_003235647.1	class D beta-lactamase BSU-1		
GCF_016767285.1		NZ_JAEACL010000003.1	106540	107445	+	mphK	macrolide 2'-phosphotransferase MphK	core	AMR	AMR	MACROLIDE	TELITHROMYCIN/TYLOSIN	BLASTX	302	306	98.69	85.10	302	WP_003246254.1	macrolide 2'-phosphotransferase MphK		
GCF_016767295.1		NZ_JAEACJ010000004.1	88803	89708	+	mphK	macrolide 2'-phosphotransferase MphK	core	AMR	AMR	MACROLIDE	TELITHROMYCIN/TYLOSIN	BLASTX	302	306	98.69	85.43	302	WP_003246254.1	macrolide 2'-phosphotransferase MphK		
GCF_016767335.1		NZ_JAEACI010000004.1	88929	89834	+	mphK	macrolide 2'-phosphotransferase MphK	core	AMR	AMR	MACROLIDE	TELITHROMYCIN/TYLOSIN	BLASTX	302	306	98.69	85.43	302	WP_003246254.1	macrolide 2'-phosphotransferase MphK		
GCF_016772005.1		NZ_JAEACN010000007.1	592679	593197	-	satA	streptothricin N-acetyltransferase SatA	core	AMR	AMR	STREPTOTHRICIN	STREPTOTHRICIN	BLASTX	173	173	100.00	79.77	173	WP_003242546.1	streptothricin N-acetyltransferase SatA		
GCF_016772025.1		NZ_JAEACM010000007.1	750651	751169	-	satA	streptothricin N-acetyltransferase SatA	core	AMR	AMR	STREPTOTHRICIN	STREPTOTHRICIN	BLASTX	173	173	100.00	79.77	173	WP_003242546.1	streptothricin N-acetyltransferase SatA		
GCF_016834435.1		NZ_CP069214.1	524989	526035	+	clbA	23S rRNA (adenine(2503)-C(8))-methyltransferase ClbA	core	AMR	AMR	LINCOSAMIDE/MACROLIDE/STREPTOGRAMIN	LINCOSAMIDE/MACROLIDE/STREPTOGRAMIN	BLASTX	349	349	100.00	99.43	349	WP_012116915.1	23S rRNA (adenine(2503)-C(8))-methyltransferase ClbA		
GCF_016834435.1		NZ_CP069214.1	2587759	2588277	-	satA	streptothricin N-acetyltransferase SatA	core	AMR	AMR	STREPTOTHRICIN	STREPTOTHRICIN	BLASTX	173	173	100.00	79.19	173	WP_003242546.1	streptothricin N-acetyltransferase SatA		
GCF_017356065.1		NZ_JAFNAY010000002.1	184133	184984	-	mleBCB	BCB family alpha/beta fold macrolide esterase	core	AMR	AMR	MACROLIDE	TYLOSIN	BLASTX	284	287	100.00	97.91	287	WP_459076516.1	BCB family alpha/beta fold macrolide esterase		
GCF_017356065.1		NZ_JAFNAY010000021.1	6443	7360	-	bla	class A beta-lactamase Bla1	core	AMR	AMR	BETA-LACTAM	BETA-LACTAM	EXACTX	306	306	100.00	100.00	306	WP_063842248.1	class A beta-lactamase Bla1		
GCF_017356065.1		NZ_JAFNAY010000027.1	58071	59444	+	tet(45)	tetracycline efflux MFS transporter Tet(45)	core	AMR	AMR	TETRACYCLINE	TETRACYCLINE	BLASTX	458	458	100.00	91.48	458	WP_063855885.1	tetracycline efflux MFS transporter Tet(45)		
GCF_017356065.1		NZ_JAFNAY010000069.1	8465	8878	+	fosB	FosBx1 family fosfomycin resistance bacillithiol transferase	core	AMR	AMR	FOSFOMYCIN	FOSFOMYCIN	BLASTX	138	138	100.00	98.55	138	WP_000943763.1	fosfomycin resistance bacillithiol transferase FosBx1		
GCF_017356065.1		NZ_JAFNAY010000082.1	3364	4134	+	bla2	BcII family subclass B1 metallo-beta-lactamase	core	AMR	AMR	BETA-LACTAM	CARBAPENEM	BLASTX	257	257	100.00	93.00	257	WP_063839879.1	BcII family subclass B1 metallo-beta-lactamase		
GCF_017356065.1		NZ_JAFNAY010000108.1	6804	7751	+	blaIII	class A beta-lactamase BlaIII	core	AMR	AMR	BETA-LACTAM	BETA-LACTAM	BLASTX	316	316	100.00	98.10	316	WP_000497840.1	class A beta-lactamase BlaIII		
GCF_017356065.1		NZ_JAFNAY010000144.1	4282	5433	-	vanS-Pt	vancomycin resistance histidine kinase VanS-Pt	core	AMR	AMR	GLYCOPEPTIDE	VANCOMYCIN	BLASTX	384	386	99.48	90.10	384	WP_063856741.1	vancomycin resistance histidine kinase VanS-Pt		
GCF_017356065.1		NZ_JAFNAY010000144.1	5426	6118	-	vanR-A	vancomycin resistance response regulator transcription factor VanR-A	core	AMR	AMR	GLYCOPEPTIDE	VANCOMYCIN	BLASTX	231	231	100.00	93.07	231	WP_063856721.1	vancomycin resistance response regulator transcription factor VanR-A		
GCF_017498755.1		NZ_JAGDQK010000002.1	44720	45412	+	vanR-F	vancomycin resistance response regulator transcription factor VanR-F	core	AMR	AMR	GLYCOPEPTIDE	VANCOMYCIN	BLASTX	231	231	100.00	96.10	231	WP_006285581.1	vancomycin resistance response regulator transcription factor VanR-F		
GCF_017498755.1		NZ_JAGDQK010000002.1	45408	46502	+	vanS-F	vancomycin resistance histidine kinase VanS-F	core	AMR	AMR	GLYCOPEPTIDE	VANCOMYCIN	BLASTX	365	365	100.00	95.34	365	WP_006285582.1	vancomycin resistance histidine kinase VanS-F		
GCF_017498775.1		NZ_JAGDQJ010000056.1	5680	6093	-	fosB	FosB family fosfomycin resistance bacillithiol transferase	core	AMR	AMR	FOSFOMYCIN	FOSFOMYCIN	BLASTX	138	138	100.00	96.38	138	WP_063851229.1	FosB family fosfomycin resistance bacillithiol transferase		
GCF_017824715.1		NZ_JAFLWZ010000008.1	25076	26122	-	clbA	23S rRNA (adenine(2503)-C(8))-methyltransferase ClbA	core	AMR	AMR	LINCOSAMIDE/MACROLIDE/STREPTOGRAMIN	LINCOSAMIDE/MACROLIDE/STREPTOGRAMIN	BLASTX	349	349	100.00	99.43	349	WP_012116915.1	23S rRNA (adenine(2503)-C(8))-methyltransferase ClbA		
GCF_018101255.1		NZ_JACYYO010000002.1	361898	362683	+	blaBPU	BPU family class D beta-lactamase	core	AMR	AMR	BETA-LACTAM	BETA-LACTAM	BLASTX	262	262	100.00	96.95	262	WP_041816295.1	class D beta-lactamase BPU-1		
GCF_018101255.1		NZ_JACYYO010000003.1	138452	139111	-	cat86	type A-6 chloramphenicol O-acetyltransferase Cat86	core	AMR	AMR	PHENICOL	CHLORAMPHENICOL	BLASTX	220	220	100.00	94.09	220	WP_050945244.1	type A-6 chloramphenicol O-acetyltransferase Cat86		
GCF_018101275.1		NZ_JACYYP010000001.1	575431	576084	-	cat86	type A-6 chloramphenicol O-acetyltransferase Cat86	core	AMR	AMR	PHENICOL	CHLORAMPHENICOL	BLASTX	218	220	99.09	90.37	218	WP_050945244.1	type A-6 chloramphenicol O-acetyltransferase Cat86		
GCF_018101295.1		NZ_JACYYQ010000004.1	128246	128899	-	cat86	type A-6 chloramphenicol O-acetyltransferase Cat86	core	AMR	AMR	PHENICOL	CHLORAMPHENICOL	BLASTX	218	220	99.09	90.37	218	WP_050945244.1	type A-6 chloramphenicol O-acetyltransferase Cat86		
GCF_018101335.1		NZ_JACYYR010000001.1	303088	303741	+	cat86	type A-6 chloramphenicol O-acetyltransferase Cat86	core	AMR	AMR	PHENICOL	CHLORAMPHENICOL	BLASTX	218	220	99.09	90.37	218	WP_050945244.1	type A-6 chloramphenicol O-acetyltransferase Cat86		
GCF_018221535.1		NZ_PHKT01000003.1	477916	478329	-	fosB	FosBx1 family fosfomycin resistance bacillithiol transferase	core	AMR	AMR	FOSFOMYCIN	FOSFOMYCIN	BLASTX	138	138	100.00	99.28	138	WP_000943763.1	fosfomycin resistance bacillithiol transferase FosBx1		
GCF_018221535.1		NZ_PHKT01000004.1	63537	64088	+	satA	streptothricin N-acetyltransferase SatA	core	AMR	AMR	STREPTOTHRICIN	STREPTOTHRICIN	BLASTX	184	184	98.91	89.67	184	WP_000054744.1	streptothricin N-acetyltransferase SatA		
GCF_018221535.1		NZ_PHKT01000004.1	312298	312810	-	bla2	BcII family subclass B1 metallo-beta-lactamase	core	AMR	AMR	BETA-LACTAM	CARBAPENEM	PARTIALX	171	257	66.54	92.40	171	WP_012261328.1	BcII family subclass B1 metallo-beta-lactamase		
GCF_018221535.1		NZ_PHKT01000009.1	171141	172058	-	bla	class A beta-lactamase Bla1	core	AMR	AMR	BETA-LACTAM	BETA-LACTAM	BLASTX	306	306	100.00	95.75	306	WP_063842248.1	class A beta-lactamase Bla1		
GCF_018390475.2		NZ_JAHBMK020000001.1	282955	283863	+	mphK	macrolide 2'-phosphotransferase MphK	core	AMR	AMR	MACROLIDE	TELITHROMYCIN/TYLOSIN	BLASTX	303	306	99.02	89.11	303	WP_003246254.1	macrolide 2'-phosphotransferase MphK		
GCF_018390475.2		NZ_JAHBMK020000001.1	637331	638953	-	vmlR	ABC-F type ribosomal protection protein VmlR	core	AMR	AMR	LINCOSAMIDE/PLEUROMUTILIN/STREPTOGRAMIN	LINCOMYCIN/TIAMULIN/VIRGINIAMYCIN M	BLASTX	541	547	98.90	93.35	541	WP_003234144.1	ABC-F type ribosomal protection protein VmlR		
GCF_018729275.1		NZ_JAHHQB010000001.1	493461	494258	-	blaBSU	BSU family class D beta-lactamase	core	AMR	AMR	BETA-LACTAM	BETA-LACTAM	BLASTX	266	267	99.63	90.23	266	WP_003235647.1	class D beta-lactamase BSU-1		
GCF_018729275.1		NZ_JAHHQB010000003.1	330020	330925	-	mphK	macrolide 2'-phosphotransferase MphK	core	AMR	AMR	MACROLIDE	TELITHROMYCIN/TYLOSIN	BLASTX	302	306	98.69	85.43	302	WP_003246254.1	macrolide 2'-phosphotransferase MphK		
GCF_018729285.1		NZ_JAHHQC010000001.1	330775	331821	-	clbA	23S rRNA (adenine(2503)-C(8))-methyltransferase ClbA	core	AMR	AMR	LINCOSAMIDE/MACROLIDE/STREPTOGRAMIN	LINCOSAMIDE/MACROLIDE/STREPTOGRAMIN	EXACTX	349	349	100.00	100.00	349	WP_012116915.1	23S rRNA (adenine(2503)-C(8))-methyltransferase ClbA		
GCF_018729415.1		NZ_JAHHQD010000002.1	391549	392067	+	satA	streptothricin N-acetyltransferase SatA	core	AMR	AMR	STREPTOTHRICIN	STREPTOTHRICIN	BLASTX	173	173	100.00	79.19	173	WP_003242546.1	streptothricin N-acetyltransferase SatA		
GCF_019091205.1		NZ_JAGXJT010000005.1	159488	160252	+	bla2	BcII family subclass B1 metallo-beta-lactamase	core	AMR	AMR	BETA-LACTAM	CARBAPENEM	BLASTX	255	257	99.22	96.08	255	WP_012261328.1	BcII family subclass B1 metallo-beta-lactamase		
GCF_019091205.1		NZ_JAGXJT010000006.1	109374	110225	+	mleBCA	BCA family alpha/beta fold macrolide esterase	core	AMR	AMR	MACROLIDE	TYLOSIN	BLASTX	284	287	98.95	93.66	284	WP_000140039.1	BCA family alpha/beta fold macrolide esterase		
GCF_019091205.1		NZ_JAGXJT010000007.1	213093	214010	+	bla	class A beta-lactamase Bla1	core	AMR	AMR	BETA-LACTAM	BETA-LACTAM	BLASTX	306	306	100.00	92.81	306	WP_063842248.1	class A beta-lactamase Bla1		
GCF_019149305.1		NZ_JAFEMG010000062.1	89828	90733	+	mphK	macrolide 2'-phosphotransferase MphK	core	AMR	AMR	MACROLIDE	TELITHROMYCIN/TYLOSIN	BLASTX	302	306	98.69	85.43	302	WP_003246254.1	macrolide 2'-phosphotransferase MphK		
GCF_019163475.1		NZ_CP075055.1	527997	529043	+	clbA	23S rRNA (adenine(2503)-C(8))-methyltransferase ClbA	core	AMR	AMR	LINCOSAMIDE/MACROLIDE/STREPTOGRAMIN	LINCOSAMIDE/MACROLIDE/STREPTOGRAMIN	BLASTX	349	349	100.00	99.71	349	WP_012116915.1	23S rRNA (adenine(2503)-C(8))-methyltransferase ClbA		
GCF_019163475.1		NZ_CP075055.1	2569096	2569614	-	satA	streptothricin N-acetyltransferase SatA	core	AMR	AMR	STREPTOTHRICIN	STREPTOTHRICIN	BLASTX	173	173	100.00	78.61	173	WP_003242546.1	streptothricin N-acetyltransferase SatA		
GCF_019598985.1		NZ_CP080644.1	272952	273869	+	mphK	macrolide 2'-phosphotransferase MphK	core	AMR	AMR	MACROLIDE	TELITHROMYCIN/TYLOSIN	BLASTX	306	306	100.00	80.72	306	WP_003246254.1	macrolide 2'-phosphotransferase MphK		
GCF_019598985.1		NZ_CP080644.1	594854	596476	-	vmlR	ABC-F type ribosomal protection protein VmlR	core	AMR	AMR	LINCOSAMIDE/PLEUROMUTILIN/STREPTOGRAMIN	LINCOMYCIN/TIAMULIN/VIRGINIAMYCIN M	BLASTX	541	547	98.90	93.72	541	WP_003234144.1	ABC-F type ribosomal protection protein VmlR		
GCF_019598985.1		NZ_CP080644.1	1092313	1092651	+	satA	streptothricin N-acetyltransferase SatA	core	AMR	AMR	STREPTOTHRICIN	STREPTOTHRICIN	PARTIALX	113	173	65.32	87.61	113	WP_003242546.1	streptothricin N-acetyltransferase SatA		
GCF_019598985.1		NZ_CP080644.1	3632078	3632878	+	blaBSU	BSU family class D beta-lactamase	core	AMR	AMR	BETA-LACTAM	BETA-LACTAM	BLASTX	267	267	100.00	97.75	267	WP_003235647.1	class D beta-lactamase BSU-1		
GCF_019603335.1		NZ_CP080760.1	530878	531924	+	clbA	23S rRNA (adenine(2503)-C(8))-methyltransferase ClbA	core	AMR	AMR	LINCOSAMIDE/MACROLIDE/STREPTOGRAMIN	LINCOSAMIDE/MACROLIDE/STREPTOGRAMIN	BLASTX	349	349	100.00	99.43	349	WP_012116915.1	23S rRNA (adenine(2503)-C(8))-methyltransferase ClbA		
GCF_019603335.1		NZ_CP080760.1	2546354	2546872	-	satA	streptothricin N-acetyltransferase SatA	core	AMR	AMR	STREPTOTHRICIN	STREPTOTHRICIN	BLASTX	173	173	100.00	80.35	173	WP_003242546.1	streptothricin N-acetyltransferase SatA		
GCF_019738955.1		NZ_JAIKUX010000005.1	46521	47441	+	blaP	class A beta-lactamase BlaP	core	AMR	AMR	BETA-LACTAM	BETA-LACTAM	EXACTX	307	307	100.00	100.00	307	WP_023857755.1	class A beta-lactamase BlaP		
GCF_019738955.1		NZ_JAIKUX010000006.1	217042	217902	+	erm(D)	23S rRNA (adenine(2058)-N(6))-methyltransferase Erm(D)	core	AMR	AMR	LINCOSAMIDE/MACROLIDE/STREPTOGRAMIN	ERYTHROMYCIN/LINCOSAMIDE/STREPTOGRAMIN	BLASTX	287	287	100.00	99.65	287	WP_003183781.1	23S rRNA (adenine(2058)-N(6))-methyltransferase Erm(D)		
GCF_020177005.1		NZ_JAIUDC010000001.1	313194	313712	+	satA	streptothricin N-acetyltransferase SatA	core	AMR	AMR	STREPTOTHRICIN	STREPTOTHRICIN	BLASTX	173	173	100.00	79.19	173	WP_003242546.1	streptothricin N-acetyltransferase SatA		
GCF_020179025.1		NZ_JAHWCU010000001.1	300226	300885	+	cat86	type A-6 chloramphenicol O-acetyltransferase Cat86	core	AMR	AMR	PHENICOL	CHLORAMPHENICOL	BLASTX	220	220	100.00	94.09	220	WP_050945244.1	type A-6 chloramphenicol O-acetyltransferase Cat86		
GCF_020179025.1		NZ_JAHWCU010000014.1	38792	39577	-	blaBPU	BPU family class D beta-lactamase	core	AMR	AMR	BETA-LACTAM	BETA-LACTAM	BLASTX	262	262	100.00	98.85	262	WP_041816295.1	class D beta-lactamase BPU-1		
GCF_020179775.1		NZ_JAIONG010000007.1	59432	59950	+	satA	streptothricin N-acetyltransferase SatA	core	AMR	AMR	STREPTOTHRICIN	STREPTOTHRICIN	BLASTX	173	173	100.00	78.61	173	WP_003242546.1	streptothricin N-acetyltransferase SatA		
GCF_020179775.1		NZ_JAIONG010000015.1	41178	42224	+	clbA	23S rRNA (adenine(2503)-C(8))-methyltransferase ClbA	core	AMR	AMR	LINCOSAMIDE/MACROLIDE/STREPTOGRAMIN	LINCOSAMIDE/MACROLIDE/STREPTOGRAMIN	BLASTX	349	349	100.00	97.99	349	WP_012116915.1	23S rRNA (adenine(2503)-C(8))-methyltransferase ClbA		
GCF_020179855.1		NZ_JAIUDD010000001.1	475631	476149	-	satA	streptothricin N-acetyltransferase SatA	core	AMR	AMR	STREPTOTHRICIN	STREPTOTHRICIN	BLASTX	173	173	100.00	79.19	173	WP_003242546.1	streptothricin N-acetyltransferase SatA		
GCF_020179885.1		NZ_JAIUDB010000001.1	313194	313712	+	satA	streptothricin N-acetyltransferase SatA	core	AMR	AMR	STREPTOTHRICIN	STREPTOTHRICIN	BLASTX	173	173	100.00	79.19	173	WP_003242546.1	streptothricin N-acetyltransferase SatA		
GCF_020551885.1		NZ_JAJCUA010000001.1	1648878	1649729	-	aadK	aminoglycoside 6-adenylyltransferase AadK	core	AMR	AMR	AMINOGLYCOSIDE	STREPTOMYCIN	BLASTX	284	284	100.00	94.37	284	WP_003229862.1	aminoglycoside 6-adenylyltransferase AadK		
GCF_020551885.1		NZ_JAJCUA010000002.1	43804	45177	+	tet(L)	tetracycline efflux MFS transporter Tet(L)	core	AMR	AMR	TETRACYCLINE	TETRACYCLINE	BLASTX	458	458	100.00	96.07	458	WP_003242953.1	tetracycline efflux MFS transporter Tet(L)		
GCF_020551885.1		NZ_JAJCUA010000002.1	47201	47719	+	satA	streptothricin N-acetyltransferase SatA	core	AMR	AMR	STREPTOTHRICIN	STREPTOTHRICIN	BLASTX	173	173	100.00	98.84	173	WP_003242546.1	streptothricin N-acetyltransferase SatA		
GCF_020551885.1		NZ_JAJCUA010000003.1	28519	30156	+	vmlR	ABC-F type ribosomal protection protein VmlR	core	AMR	AMR	LINCOSAMIDE/PLEUROMUTILIN/STREPTOGRAMIN	LINCOMYCIN/TIAMULIN/VIRGINIAMYCIN M	BLASTX	546	547	99.82	95.60	546	WP_003234144.1	ABC-F type ribosomal protection protein VmlR		
GCF_020551885.1		NZ_JAJCUA010000003.1	352591	353508	-	mphK	macrolide 2'-phosphotransferase MphK	core	AMR	AMR	MACROLIDE	TELITHROMYCIN/TYLOSIN	BLASTX	306	306	100.00	90.85	306	WP_003246254.1	macrolide 2'-phosphotransferase MphK		
GCF_020551965.1		NZ_JAJCTE010000001.1	742323	742841	-	satA	streptothricin N-acetyltransferase SatA	core	AMR	AMR	STREPTOTHRICIN	STREPTOTHRICIN	BLASTX	173	173	100.00	77.46	173	WP_003242546.1	streptothricin N-acetyltransferase SatA		
GCF_020551965.1		NZ_JAJCTE010000009.1	55194	56240	-	clbA	23S rRNA (adenine(2503)-C(8))-methyltransferase ClbA	core	AMR	AMR	LINCOSAMIDE/MACROLIDE/STREPTOGRAMIN	LINCOSAMIDE/MACROLIDE/STREPTOGRAMIN	BLASTX	349	349	100.00	99.43	349	WP_012116915.1	23S rRNA (adenine(2503)-C(8))-methyltransferase ClbA		
GCF_020667855.1		NZ_JAIUDN010000001.1	1907918	1908331	+	fosB	FosBx1 family fosfomycin resistance bacillithiol transferase	core	AMR	AMR	FOSFOMYCIN	FOSFOMYCIN	BLASTX	138	138	100.00	90.58	138	WP_000943763.1	fosfomycin resistance bacillithiol transferase FosBx1		
GCF_020667855.1		NZ_JAIUDN010000001.1	2401391	2402308	+	bla	class A beta-lactamase Bla1	core	AMR	AMR	BETA-LACTAM	BETA-LACTAM	BLASTX	306	306	100.00	92.48	306	WP_003171307.1	class A beta-lactamase Bla1		
GCF_020667855.1		NZ_JAIUDN010000001.1	2462565	2463257	+	vanR-A	vancomycin resistance response regulator transcription factor VanR-A	core	AMR	AMR	GLYCOPEPTIDE	VANCOMYCIN	BLASTX	231	231	100.00	91.77	231	WP_063856721.1	vancomycin resistance response regulator transcription factor VanR-A		
GCF_020667855.1		NZ_JAIUDN010000001.1	2649489	2650349	+	mleBCA	BCA family alpha/beta fold macrolide esterase	core	AMR	AMR	MACROLIDE	TYLOSIN	EXACTX	287	287	100.00	100.00	287	WP_000140039.1	BCA family alpha/beta fold macrolide esterase		
GCF_020667855.1		NZ_JAIUDN010000001.1	3051677	3052231	+	satA	streptothricin N-acetyltransferase SatA	core	AMR	AMR	STREPTOTHRICIN	STREPTOTHRICIN	BLASTX	185	184	99.46	90.81	185	WP_000054744.1	streptothricin N-acetyltransferase SatA		
GCF_020667855.1		NZ_JAIUDN010000001.1	3346477	3347247	-	bla2	BcII family subclass B1 metallo-beta-lactamase	core	AMR	AMR	BETA-LACTAM	CARBAPENEM	BLASTX	257	257	100.00	91.44	257	WP_063839879.1	BcII family subclass B1 metallo-beta-lactamase		
GCF_020682985.1		NZ_JAJEJN010000008.1	115027	115932	-	mphK	macrolide 2'-phosphotransferase MphK	core	AMR	AMR	MACROLIDE	TELITHROMYCIN/TYLOSIN	BLASTX	302	306	98.69	85.43	302	WP_003246254.1	macrolide 2'-phosphotransferase MphK		
GCF_020685165.1		NZ_JAJERC010000005.1	355258	356163	-	mphK	macrolide 2'-phosphotransferase MphK	core	AMR	AMR	MACROLIDE	TELITHROMYCIN/TYLOSIN	BLASTX	302	306	98.69	84.11	302	WP_003246254.1	macrolide 2'-phosphotransferase MphK		
GCF_020685165.1		NZ_JAJERC010000009.1	10101	10562	+	satA	streptothricin N-acetyltransferase SatA	core	AMR	AMR	STREPTOTHRICIN	STREPTOTHRICIN	PARTIALX	154	173	89.02	80.52	154	WP_003242546.1	streptothricin N-acetyltransferase SatA		
GCF_020685215.1		NZ_JAJERE010000002.1	53155	53673	+	satA	streptothricin N-acetyltransferase SatA	core	AMR	AMR	STREPTOTHRICIN	STREPTOTHRICIN	BLASTX	173	173	100.00	77.46	173	WP_003242546.1	streptothricin N-acetyltransferase SatA		
GCF_020685215.1		NZ_JAJERE010000009.1	81715	82761	+	clbA	23S rRNA (adenine(2503)-C(8))-methyltransferase ClbA	core	AMR	AMR	LINCOSAMIDE/MACROLIDE/STREPTOGRAMIN	LINCOSAMIDE/MACROLIDE/STREPTOGRAMIN	BLASTX	349	349	100.00	99.43	349	WP_012116915.1	23S rRNA (adenine(2503)-C(8))-methyltransferase ClbA		
GCF_020686785.1		NZ_JAJCTJ010000006.1	89193	90113	+	blaP	class A beta-lactamase BlaP	core	AMR	AMR	BETA-LACTAM	BETA-LACTAM	EXACTX	307	307	100.00	100.00	307	WP_003178584.1	class A beta-lactamase BlaP		
GCF_020686805.1		NZ_JAJCTK010000006.1	272455	273375	-	blaP	class A beta-lactamase BlaP	core	AMR	AMR	BETA-LACTAM	BETA-LACTAM	EXACTX	307	307	100.00	100.00	307	WP_003178584.1	class A beta-lactamase BlaP		
GCF_020686825.1		NZ_JAJCTL010000006.1	272455	273375	-	blaP	class A beta-lactamase BlaP	core	AMR	AMR	BETA-LACTAM	BETA-LACTAM	EXACTX	307	307	100.00	100.00	307	WP_003178584.1	class A beta-lactamase BlaP		
GCF_020686845.1		NZ_JAJCTM010000006.1	89193	90113	+	blaP	class A beta-lactamase BlaP	core	AMR	AMR	BETA-LACTAM	BETA-LACTAM	EXACTX	307	307	100.00	100.00	307	WP_003178584.1	class A beta-lactamase BlaP		
GCF_020708615.1		NZ_JAJFDG010000007.1	94268	95173	+	mphK	macrolide 2'-phosphotransferase MphK	core	AMR	AMR	MACROLIDE	TELITHROMYCIN/TYLOSIN	BLASTX	302	306	98.69	82.78	302	WP_003246254.1	macrolide 2'-phosphotransferase MphK		
GCF_020861635.1		NZ_JAJIBB010000002.1	216644	217162	-	satA	streptothricin N-acetyltransferase SatA	core	AMR	AMR	STREPTOTHRICIN	STREPTOTHRICIN	BLASTX	173	173	100.00	79.19	173	WP_003242546.1	streptothricin N-acetyltransferase SatA		
GCF_020861635.1		NZ_JAJIBB010000005.1	348173	349219	+	clbA	23S rRNA (adenine(2503)-C(8))-methyltransferase ClbA	core	AMR	AMR	LINCOSAMIDE/MACROLIDE/STREPTOGRAMIN	LINCOSAMIDE/MACROLIDE/STREPTOGRAMIN	BLASTX	349	349	100.00	98.57	349	WP_012116915.1	23S rRNA (adenine(2503)-C(8))-methyltransferase ClbA		
GCF_020907785.1		NZ_JAJJMX010000001.1	1792679	1793197	-	satA	streptothricin N-acetyltransferase SatA	core	AMR	AMR	STREPTOTHRICIN	STREPTOTHRICIN	BLASTX	173	173	100.00	80.35	173	WP_003242546.1	streptothricin N-acetyltransferase SatA		
GCF_020911825.1		NZ_CP087137.1	531032	532078	+	clbA	23S rRNA (adenine(2503)-C(8))-methyltransferase ClbA	core	AMR	AMR	LINCOSAMIDE/MACROLIDE/STREPTOGRAMIN	LINCOSAMIDE/MACROLIDE/STREPTOGRAMIN	BLASTX	349	349	100.00	97.13	349	WP_012116915.1	23S rRNA (adenine(2503)-C(8))-methyltransferase ClbA		
GCF_021202875.1		NZ_JAGTWM010000004.1	373215	373733	+	satA	streptothricin N-acetyltransferase SatA	core	AMR	AMR	STREPTOTHRICIN	STREPTOTHRICIN	BLASTX	173	173	100.00	80.35	173	WP_003242546.1	streptothricin N-acetyltransferase SatA		
GCF_021228895.1		NZ_CP089310.1	565152	566198	+	clbA	23S rRNA (adenine(2503)-C(8))-methyltransferase ClbA	core	AMR	AMR	LINCOSAMIDE/MACROLIDE/STREPTOGRAMIN	LINCOSAMIDE/MACROLIDE/STREPTOGRAMIN	BLASTX	349	349	100.00	99.43	349	WP_012116915.1	23S rRNA (adenine(2503)-C(8))-methyltransferase ClbA		
GCF_021228895.1		NZ_CP089310.1	2742201	2742719	-	satA	streptothricin N-acetyltransferase SatA	core	AMR	AMR	STREPTOTHRICIN	STREPTOTHRICIN	BLASTX	173	173	100.00	79.19	173	WP_003242546.1	streptothricin N-acetyltransferase SatA		
GCF_021555035.1		NZ_JAJQVS010000001.1	34445	35818	+	tet(L)	tetracycline efflux MFS transporter Tet(L)	core	AMR	AMR	TETRACYCLINE	TETRACYCLINE	BLASTX	458	458	100.00	99.13	458	WP_063856081.1	tetracycline efflux MFS transporter Tet(L)		
GCF_021555035.1		NZ_JAJQVS010000001.1	37795	38313	+	satA	streptothricin N-acetyltransferase SatA	core	AMR	AMR	STREPTOTHRICIN	STREPTOTHRICIN	BLASTX	173	173	100.00	93.06	173	WP_003242546.1	streptothricin N-acetyltransferase SatA		
GCF_021555035.1		NZ_JAJQVS010000006.1	29034	30677	+	vmlR	ABC-F type ribosomal protection protein VmlR	core	AMR	AMR	LINCOSAMIDE/PLEUROMUTILIN/STREPTOGRAMIN	LINCOMYCIN/TIAMULIN/VIRGINIAMYCIN M	BLASTX	548	547	100.00	99.45	548	WP_003234144.1	ABC-F type ribosomal protection protein VmlR		
GCF_021555035.1		NZ_JAJQVS010000007.1	98763	99671	+	mphK	macrolide 2'-phosphotransferase MphK	core	AMR	AMR	MACROLIDE	TELITHROMYCIN/TYLOSIN	BLASTX	303	306	99.02	98.68	303	WP_003246254.1	macrolide 2'-phosphotransferase MphK		
GCF_021555035.1		NZ_JAJQVS010000008.1	10334	11185	+	aadK	aminoglycoside 6-adenylyltransferase AadK	core	AMR	AMR	AMINOGLYCOSIDE	STREPTOMYCIN	BLASTX	284	284	100.00	97.89	284	WP_003229862.1	aminoglycoside 6-adenylyltransferase AadK		
GCF_022370935.1		NZ_CP092412.1	544729	545775	+	clbA	23S rRNA (adenine(2503)-C(8))-methyltransferase ClbA	core	AMR	AMR	LINCOSAMIDE/MACROLIDE/STREPTOGRAMIN	LINCOSAMIDE/MACROLIDE/STREPTOGRAMIN	EXACTX	349	349	100.00	100.00	349	WP_012116915.1	23S rRNA (adenine(2503)-C(8))-methyltransferase ClbA		
GCF_022370935.1		NZ_CP092412.1	735094	735885	+	aph(3')-IIIa	aminoglycoside O-phosphotransferase APH(3')-IIIa	core	AMR	AMR	AMINOGLYCOSIDE	AMIKACIN/KANAMYCIN	EXACTX	264	264	100.00	100.00	264	WP_001096887.1	aminoglycoside O-phosphotransferase APH(3')-IIIa		
GCF_022370935.1		NZ_CP092412.1	3656878	3657669	+	aph(3')-IIIa	aminoglycoside O-phosphotransferase APH(3')-IIIa	core	AMR	AMR	AMINOGLYCOSIDE	AMIKACIN/KANAMYCIN	EXACTX	264	264	100.00	100.00	264	WP_001096887.1	aminoglycoside O-phosphotransferase APH(3')-IIIa		
GCF_022385235.1		NZ_CP092439.1	2529352	2529870	-	satA	streptothricin N-acetyltransferase SatA	core	AMR	AMR	STREPTOTHRICIN	STREPTOTHRICIN	BLASTX	173	173	100.00	80.35	173	WP_003242546.1	streptothricin N-acetyltransferase SatA		
GCF_022488425.1		NZ_CP092750.1	507160	508206	+	clbA	23S rRNA (adenine(2503)-C(8))-methyltransferase ClbA	core	AMR	AMR	LINCOSAMIDE/MACROLIDE/STREPTOGRAMIN	LINCOSAMIDE/MACROLIDE/STREPTOGRAMIN	BLASTX	349	349	100.00	99.71	349	WP_012116915.1	23S rRNA (adenine(2503)-C(8))-methyltransferase ClbA		
GCF_022488425.1		NZ_CP092750.1	2509844	2510362	-	satA	streptothricin N-acetyltransferase SatA	core	AMR	AMR	STREPTOTHRICIN	STREPTOTHRICIN	BLASTX	173	173	100.00	79.19	173	WP_003242546.1	streptothricin N-acetyltransferase SatA		
GCF_022647025.1		NZ_CP061870.1	233223	233615	-	satA	streptothricin N-acetyltransferase SatA	core	AMR	AMR	STREPTOTHRICIN	STREPTOTHRICIN	PARTIALX	131	173	75.72	93.13	131	WP_003242546.1	streptothricin N-acetyltransferase SatA		
GCF_022647025.1		NZ_CP061870.1	533410	533937	+	mphK	macrolide 2'-phosphotransferase MphK	core	AMR	AMR	MACROLIDE	TELITHROMYCIN/TYLOSIN	PARTIALX	176	306	57.52	99.43	176	WP_003246254.1	macrolide 2'-phosphotransferase MphK		
GCF_022647025.1		NZ_CP061870.1	853767	855407	-	vmlR	ABC-F type ribosomal protection protein VmlR	core	AMR	AMR	LINCOSAMIDE/PLEUROMUTILIN/STREPTOGRAMIN	LINCOMYCIN/TIAMULIN/VIRGINIAMYCIN M	INTERNAL_STOP	547	547	100.00	97.81	547	WP_003234144.1	ABC-F type ribosomal protection protein VmlR		
GCF_022647025.1		NZ_CP061870.1	3038806	3039657	-	aadK	aminoglycoside 6-adenylyltransferase AadK	core	AMR	AMR	AMINOGLYCOSIDE	STREPTOMYCIN	BLASTX	284	284	100.00	97.89	284	WP_003229862.1	aminoglycoside 6-adenylyltransferase AadK		
GCF_022758335.1		NZ_JALDXC010000001.1	381164	381949	+	blaBPU	BPU family class D beta-lactamase	core	AMR	AMR	BETA-LACTAM	BETA-LACTAM	BLASTX	262	262	100.00	95.04	262	WP_041816295.1	class D beta-lactamase BPU-1		
GCF_022758335.1		NZ_JALDXC010000001.1	1518415	1519074	-	cat86	type A-6 chloramphenicol O-acetyltransferase Cat86	core	AMR	AMR	PHENICOL	CHLORAMPHENICOL	EXACTX	220	220	100.00	100.00	220	WP_050945244.1	type A-6 chloramphenicol O-acetyltransferase Cat86		
GCF_022819205.1		NZ_CP094654.1	1185269	1185925	+	cat86	type A-6 chloramphenicol O-acetyltransferase Cat86	core	AMR	AMR	PHENICOL	CHLORAMPHENICOL	BLASTX	219	220	100.00	90.45	220	WP_050945244.1	type A-6 chloramphenicol O-acetyltransferase Cat86		
GCF_022952805.1		NZ_JALJCM010000002.1	376561	377481	-	blaP	class A beta-lactamase BlaP	core	AMR	AMR	BETA-LACTAM	BETA-LACTAM	BLASTX	307	307	100.00	99.67	307	WP_023857755.1	class A beta-lactamase BlaP		
GCF_022952805.1		NZ_JALJCM010000003.1	252019	252879	+	erm(D)	23S rRNA (adenine(2058)-N(6))-methyltransferase Erm(D)	core	AMR	AMR	LINCOSAMIDE/MACROLIDE/STREPTOGRAMIN	ERYTHROMYCIN/LINCOSAMIDE/STREPTOGRAMIN	BLASTX	287	287	100.00	98.61	287	WP_025811090.1	23S rRNA (adenine(2058)-N(6))-methyltransferase Erm(D)		
GCF_022953115.1		NZ_JALJEF010000005.1	367986	368906	-	blaP	class A beta-lactamase BlaP	core	AMR	AMR	BETA-LACTAM	BETA-LACTAM	EXACTX	307	307	100.00	100.00	307	WP_023857755.1	class A beta-lactamase BlaP		
GCF_022953115.1		NZ_JALJEF010000008.1	473690	474550	-	erm(D)	23S rRNA (adenine(2058)-N(6))-methyltransferase Erm(D)	core	AMR	AMR	LINCOSAMIDE/MACROLIDE/STREPTOGRAMIN	ERYTHROMYCIN/LINCOSAMIDE/STREPTOGRAMIN	BLASTX	287	287	100.00	99.65	287	WP_025811090.1	23S rRNA (adenine(2058)-N(6))-methyltransferase Erm(D)		
GCF_023115375.1		NZ_CP096033.1	539285	540331	+	clbA	23S rRNA (adenine(2503)-C(8))-methyltransferase ClbA	core	AMR	AMR	LINCOSAMIDE/MACROLIDE/STREPTOGRAMIN	LINCOSAMIDE/MACROLIDE/STREPTOGRAMIN	EXACTX	349	349	100.00	100.00	349	WP_012116915.1	23S rRNA (adenine(2503)-C(8))-methyltransferase ClbA		
GCF_023195455.1		NZ_JALPNY010000014.1	4030	4683	-	cat86	type A-6 chloramphenicol O-acetyltransferase Cat86	core	AMR	AMR	PHENICOL	CHLORAMPHENICOL	BLASTX	218	220	99.09	91.28	218	WP_050945244.1	type A-6 chloramphenicol O-acetyltransferase Cat86		
GCF_023614045.1		NZ_JAKKEO010000002.1	434127	434978	+	aadK	aminoglycoside 6-adenylyltransferase AadK	core	AMR	AMR	AMINOGLYCOSIDE	STREPTOMYCIN	BLASTX	284	284	100.00	97.54	284	WP_003229862.1	aminoglycoside 6-adenylyltransferase AadK		
GCF_023614045.1		NZ_JAKKEO010000004.1	28916	30538	+	vmlR	ABC-F type ribosomal protection protein VmlR	core	AMR	AMR	LINCOSAMIDE/PLEUROMUTILIN/STREPTOGRAMIN	LINCOMYCIN/TIAMULIN/VIRGINIAMYCIN M	BLASTX	541	547	98.90	95.38	541	WP_003234144.1	ABC-F type ribosomal protection protein VmlR		
GCF_023614045.1		NZ_JAKKEO010000004.1	351773	352690	-	mphK	macrolide 2'-phosphotransferase MphK	core	AMR	AMR	MACROLIDE	TELITHROMYCIN/TYLOSIN	BLASTX	306	306	100.00	98.04	306	WP_003246254.1	macrolide 2'-phosphotransferase MphK		
GCF_023614045.1		NZ_JAKKEO010000005.1	327284	327802	-	satA	streptothricin N-acetyltransferase SatA	core	AMR	AMR	STREPTOTHRICIN	STREPTOTHRICIN	BLASTX	173	173	100.00	90.75	173	WP_003242546.1	streptothricin N-acetyltransferase SatA		
GCF_023920485.1		NZ_CP092751.1	549810	551438	-	vmlR	ABC-F type ribosomal protection protein VmlR	core	AMR	AMR	LINCOSAMIDE/PLEUROMUTILIN/STREPTOGRAMIN	LINCOMYCIN/TIAMULIN/VIRGINIAMYCIN M	BLASTX	543	547	98.90	90.61	543	WP_003234144.1	ABC-F type ribosomal protection protein VmlR		
GCF_023920485.1		NZ_CP092751.1	3615580	3616380	+	blaBSU	BSU family class D beta-lactamase	core	AMR	AMR	BETA-LACTAM	BETA-LACTAM	BLASTX	267	267	100.00	94.38	267	WP_003235647.1	class D beta-lactamase BSU-1		
GCF_024125385.1		NZ_JAMXTG010000001.1	289988	290506	+	satA	streptothricin N-acetyltransferase SatA	core	AMR	AMR	STREPTOTHRICIN	STREPTOTHRICIN	BLASTX	173	173	100.00	79.19	173	WP_003242546.1	streptothricin N-acetyltransferase SatA		
GCF_024125385.1		NZ_JAMXTG010000008.1	165657	166703	+	clbA	23S rRNA (adenine(2503)-C(8))-methyltransferase ClbA	core	AMR	AMR	LINCOSAMIDE/MACROLIDE/STREPTOGRAMIN	LINCOSAMIDE/MACROLIDE/STREPTOGRAMIN	BLASTX	349	349	100.00	98.57	349	WP_012116915.1	23S rRNA (adenine(2503)-C(8))-methyltransferase ClbA		
GCF_024125405.1		NZ_JAMXTF010000001.1	289999	290517	+	satA	streptothricin N-acetyltransferase SatA	core	AMR	AMR	STREPTOTHRICIN	STREPTOTHRICIN	BLASTX	173	173	100.00	79.19	173	WP_003242546.1	streptothricin N-acetyltransferase SatA		
GCF_024125405.1		NZ_JAMXTF010000013.1	78210	79256	+	clbA	23S rRNA (adenine(2503)-C(8))-methyltransferase ClbA	core	AMR	AMR	LINCOSAMIDE/MACROLIDE/STREPTOGRAMIN	LINCOSAMIDE/MACROLIDE/STREPTOGRAMIN	BLASTX	349	349	100.00	98.57	349	WP_012116915.1	23S rRNA (adenine(2503)-C(8))-methyltransferase ClbA		
GCF_024259405.1		NZ_JANBZX010000003.1	372798	373316	+	satA	streptothricin N-acetyltransferase SatA	core	AMR	AMR	STREPTOTHRICIN	STREPTOTHRICIN	BLASTX	173	173	100.00	80.35	173	WP_003242546.1	streptothricin N-acetyltransferase SatA		
GCF_024259405.1		NZ_JANBZX010000004.1	361666	362712	+	clbA	23S rRNA (adenine(2503)-C(8))-methyltransferase ClbA	core	AMR	AMR	LINCOSAMIDE/MACROLIDE/STREPTOGRAMIN	LINCOSAMIDE/MACROLIDE/STREPTOGRAMIN	BLASTX	349	349	100.00	99.43	349	WP_012116915.1	23S rRNA (adenine(2503)-C(8))-methyltransferase ClbA		
GCF_024259785.1		NZ_JANBZW010000001.1	1025857	1026375	-	satA	streptothricin N-acetyltransferase SatA	core	AMR	AMR	STREPTOTHRICIN	STREPTOTHRICIN	BLASTX	173	173	100.00	93.64	173	WP_003242546.1	streptothricin N-acetyltransferase SatA		
GCF_024259785.1		NZ_JANBZW010000002.1	445417	446268	+	aadK	aminoglycoside 6-adenylyltransferase AadK	core	AMR	AMR	AMINOGLYCOSIDE	STREPTOMYCIN	BLASTX	284	284	100.00	98.59	284	WP_003229862.1	aminoglycoside 6-adenylyltransferase AadK		
GCF_024259785.1		NZ_JANBZW010000004.1	29197	30837	+	vmlR	ABC-F type ribosomal protection protein VmlR	core	AMR	AMR	LINCOSAMIDE/PLEUROMUTILIN/STREPTOGRAMIN	LINCOMYCIN/TIAMULIN/VIRGINIAMYCIN M	BLASTX	547	547	100.00	98.35	547	WP_003234144.1	ABC-F type ribosomal protection protein VmlR		
GCF_024259785.1		NZ_JANBZW010000004.1	345147	346064	-	mphK	macrolide 2'-phosphotransferase MphK	core	AMR	AMR	MACROLIDE	TELITHROMYCIN/TYLOSIN	BLASTX	306	306	100.00	97.39	306	WP_003246254.1	macrolide 2'-phosphotransferase MphK		
GCF_024266645.1		NZ_CP100651.1	270030	270935	+	mphK	macrolide 2'-phosphotransferase MphK	core	AMR	AMR	MACROLIDE	TELITHROMYCIN/TYLOSIN	BLASTX	302	306	98.69	84.77	302	WP_003246254.1	macrolide 2'-phosphotransferase MphK		
GCF_024266645.1		NZ_CP100651.1	1926960	1927478	+	satA	streptothricin N-acetyltransferase SatA	core	AMR	AMR	STREPTOTHRICIN	STREPTOTHRICIN	BLASTX	173	173	100.00	79.77	173	WP_003242546.1	streptothricin N-acetyltransferase SatA		
GCF_024297165.1		NZ_JANCTB010000005.1	136859	137272	-	fosB	FosBx1 family fosfomycin resistance bacillithiol transferase	core	AMR	AMR	FOSFOMYCIN	FOSFOMYCIN	BLASTX	138	138	100.00	90.58	138	WP_000943763.1	fosfomycin resistance bacillithiol transferase FosBx1		
GCF_024297165.1		NZ_JANCTB010000005.1	235003	235773	-	bla2	BcII family subclass B1 metallo-beta-lactamase	core	AMR	AMR	BETA-LACTAM	CARBAPENEM	BLASTX	257	257	100.00	94.55	257	WP_012261328.1	BcII family subclass B1 metallo-beta-lactamase		
GCF_024320765.1		NZ_JANDGI010000003.1	252888	253658	-	bla2	BcII family subclass B1 metallo-beta-lactamase	core	AMR	AMR	BETA-LACTAM	CARBAPENEM	BLASTX	257	257	100.00	94.55	257	WP_012261328.1	BcII family subclass B1 metallo-beta-lactamase		
GCF_024320765.1		NZ_JANDGI010000004.1	154553	155470	+	bla	class A beta-lactamase Bla1	core	AMR	AMR	BETA-LACTAM	BETA-LACTAM	BLASTX	306	306	100.00	91.18	306	WP_063842248.1	class A beta-lactamase Bla1		
GCF_024320765.1		NZ_JANDGI010000004.1	443181	444032	+	mleBCA	BCA family alpha/beta fold macrolide esterase	core	AMR	AMR	MACROLIDE	TYLOSIN	BLASTX	284	287	98.95	94.01	284	WP_000140039.1	BCA family alpha/beta fold macrolide esterase		
GCF_024320765.1		NZ_JANDGI010000005.1	248777	249190	+	fosB	FosBx1 family fosfomycin resistance bacillithiol transferase	core	AMR	AMR	FOSFOMYCIN	FOSFOMYCIN	BLASTX	138	138	100.00	94.20	138	WP_000943763.1	fosfomycin resistance bacillithiol transferase FosBx1		
GCF_024453785.1		NZ_CP101610.1	547976	548494	+	satA	streptothricin N-acetyltransferase SatA	core	AMR	AMR	STREPTOTHRICIN	STREPTOTHRICIN	BLASTX	173	173	100.00	84.39	173	WP_003242546.1	streptothricin N-acetyltransferase SatA		
GCF_024464535.1		NZ_JANHBI010000004.1	166774	167634	+	erm(D)	23S rRNA (adenine(2058)-N(6))-methyltransferase Erm(D)	core	AMR	AMR	LINCOSAMIDE/MACROLIDE/STREPTOGRAMIN	ERYTHROMYCIN/LINCOSAMIDE/STREPTOGRAMIN	BLASTX	287	287	100.00	99.65	287	WP_003183781.1	23S rRNA (adenine(2058)-N(6))-methyltransferase Erm(D)		
GCF_024464535.1		NZ_JANHBI010000005.1	134253	135173	-	blaP	class A beta-lactamase BlaP	core	AMR	AMR	BETA-LACTAM	BETA-LACTAM	EXACTX	307	307	100.00	100.00	307	WP_023857755.1	class A beta-lactamase BlaP		
GCF_024494765.1		NZ_JANHDQ010000020.1	56604	57017	+	fosB	FosBx1 family fosfomycin resistance bacillithiol transferase	core	AMR	AMR	FOSFOMYCIN	FOSFOMYCIN	BLASTX	138	138	100.00	99.28	138	WP_000943763.1	fosfomycin resistance bacillithiol transferase FosBx1		
GCF_024494765.1		NZ_JANHDQ010000078.1	11660	12577	+	bla	class A beta-lactamase Bla1	core	AMR	AMR	BETA-LACTAM	BETA-LACTAM	BLASTX	306	306	100.00	96.08	306	WP_063842248.1	class A beta-lactamase Bla1		
GCF_024494765.1		NZ_JANHDQ010000086.1	10849	11400	-	satA	streptothricin N-acetyltransferase SatA	core	AMR	AMR	STREPTOTHRICIN	STREPTOTHRICIN	BLASTX	184	184	98.91	88.59	184	WP_000054744.1	streptothricin N-acetyltransferase SatA		
GCF_024494765.1		NZ_JANHDQ010000139.1	2313	3083	-	bla2	BcII family subclass B1 metallo-beta-lactamase	core	AMR	AMR	BETA-LACTAM	CARBAPENEM	BLASTX	257	257	100.00	92.61	257	WP_063839879.1	BcII family subclass B1 metallo-beta-lactamase		
GCF_024494775.1		NZ_JANHDZ010000014.1	104626	105396	+	bla2	BcII family subclass B1 metallo-beta-lactamase	core	AMR	AMR	BETA-LACTAM	CARBAPENEM	BLASTX	257	257	100.00	96.50	257	WP_063839879.1	BcII family subclass B1 metallo-beta-lactamase		
GCF_024494775.1		NZ_JANHDZ010000036.1	37859	38776	+	bla	class A beta-lactamase Bla1	core	AMR	AMR	BETA-LACTAM	BETA-LACTAM	BLASTX	306	306	100.00	94.77	306	WP_063842248.1	class A beta-lactamase Bla1		
GCF_024494775.1		NZ_JANHDZ010000046.1	2126	2677	+	satA	streptothricin N-acetyltransferase SatA	core	AMR	AMR	STREPTOTHRICIN	STREPTOTHRICIN	BLASTX	184	184	98.91	88.59	184	WP_000054744.1	streptothricin N-acetyltransferase SatA		
GCF_024494775.1		NZ_JANHDZ010000064.1	9076	9489	+	fosB	FosBx1 family fosfomycin resistance bacillithiol transferase	core	AMR	AMR	FOSFOMYCIN	FOSFOMYCIN	BLASTX	138	138	100.00	98.55	138	WP_000943763.1	fosfomycin resistance bacillithiol transferase FosBx1		
GCF_024494825.1		NZ_JANHDS010000003.1	31109	31879	+	bla2	BcII family subclass B1 metallo-beta-lactamase	core	AMR	AMR	BETA-LACTAM	CARBAPENEM	BLASTX	257	257	100.00	93.39	257	WP_063839879.1	BcII family subclass B1 metallo-beta-lactamase		
GCF_024494825.1		NZ_JANHDS010000003.1	307032	307583	-	satA	streptothricin N-acetyltransferase SatA	core	AMR	AMR	STREPTOTHRICIN	STREPTOTHRICIN	BLASTX	184	184	98.91	89.13	184	WP_000054744.1	streptothricin N-acetyltransferase SatA		
GCF_024494825.1		NZ_JANHDS010000006.1	229878	230291	+	fosB	FosBx1 family fosfomycin resistance bacillithiol transferase	core	AMR	AMR	FOSFOMYCIN	FOSFOMYCIN	BLASTX	138	138	100.00	99.28	138	WP_000943763.1	fosfomycin resistance bacillithiol transferase FosBx1		
GCF_024494825.1		NZ_JANHDS010000012.1	103036	103953	+	bla	class A beta-lactamase Bla1	core	AMR	AMR	BETA-LACTAM	BETA-LACTAM	BLASTX	306	306	100.00	97.71	306	WP_063842248.1	class A beta-lactamase Bla1		
GCF_024494845.1		NZ_JANHEB010000018.1	69960	70730	+	bla2	BcII family subclass B1 metallo-beta-lactamase	core	AMR	AMR	BETA-LACTAM	CARBAPENEM	BLASTX	257	257	100.00	96.50	257	WP_063839879.1	BcII family subclass B1 metallo-beta-lactamase		
GCF_024494845.1		NZ_JANHEB010000038.1	9076	9489	+	fosB	FosBx1 family fosfomycin resistance bacillithiol transferase	core	AMR	AMR	FOSFOMYCIN	FOSFOMYCIN	BLASTX	138	138	100.00	98.55	138	WP_000943763.1	fosfomycin resistance bacillithiol transferase FosBx1		
GCF_024494845.1		NZ_JANHEB010000054.1	26659	27576	+	bla	class A beta-lactamase Bla1	core	AMR	AMR	BETA-LACTAM	BETA-LACTAM	BLASTX	306	306	100.00	94.77	306	WP_063842248.1	class A beta-lactamase Bla1		
GCF_024494845.1		NZ_JANHEB010000098.1	8087	8638	-	satA	streptothricin N-acetyltransferase SatA	core	AMR	AMR	STREPTOTHRICIN	STREPTOTHRICIN	BLASTX	184	184	98.91	88.59	184	WP_000054744.1	streptothricin N-acetyltransferase SatA		
GCF_024494865.1		NZ_JANHEG010000003.1	91777	92628	+	mleBCA	BCA family alpha/beta fold macrolide esterase	core	AMR	AMR	MACROLIDE	TYLOSIN	BLASTX	284	287	98.95	93.66	284	WP_000140039.1	BCA family alpha/beta fold macrolide esterase		
GCF_024494865.1		NZ_JANHEG010000004.1	200191	200955	-	bla2	BcII family subclass B1 metallo-beta-lactamase	core	AMR	AMR	BETA-LACTAM	CARBAPENEM	BLASTX	255	257	99.22	96.08	255	WP_012261328.1	BcII family subclass B1 metallo-beta-lactamase		
GCF_024494865.1		NZ_JANHEG010000036.1	17019	17936	-	bla	class A beta-lactamase Bla1	core	AMR	AMR	BETA-LACTAM	BETA-LACTAM	BLASTX	306	306	100.00	92.81	306	WP_063842248.1	class A beta-lactamase Bla1		
GCF_024494965.1		NZ_JANHDU010000026.1	49875	50288	+	fosB	FosBx1 family fosfomycin resistance bacillithiol transferase	core	AMR	AMR	FOSFOMYCIN	FOSFOMYCIN	BLASTX	138	138	100.00	99.28	138	WP_000943763.1	fosfomycin resistance bacillithiol transferase FosBx1		
GCF_024494965.1		NZ_JANHDU010000038.1	11730	12500	+	bla2	BcII family subclass B1 metallo-beta-lactamase	core	AMR	AMR	BETA-LACTAM	CARBAPENEM	BLASTX	257	257	100.00	92.61	257	WP_063839879.1	BcII family subclass B1 metallo-beta-lactamase		
GCF_024494965.1		NZ_JANHDU010000049.1	10890	11441	-	satA	streptothricin N-acetyltransferase SatA	core	AMR	AMR	STREPTOTHRICIN	STREPTOTHRICIN	BLASTX	184	184	98.91	88.59	184	WP_000054744.1	streptothricin N-acetyltransferase SatA		
GCF_024494965.1		NZ_JANHDU010000079.1	12353	13270	-	bla	class A beta-lactamase Bla1	core	AMR	AMR	BETA-LACTAM	BETA-LACTAM	BLASTX	306	306	100.00	96.08	306	WP_063842248.1	class A beta-lactamase Bla1		
GCF_024494995.1		NZ_JANHDV010000011.1	39299	39850	-	satA	streptothricin N-acetyltransferase SatA	core	AMR	AMR	STREPTOTHRICIN	STREPTOTHRICIN	BLASTX	184	184	98.91	87.50	184	WP_000054744.1	streptothricin N-acetyltransferase SatA		
GCF_024494995.1		NZ_JANHDV010000022.1	48413	48826	+	fosB	FosBx1 family fosfomycin resistance bacillithiol transferase	core	AMR	AMR	FOSFOMYCIN	FOSFOMYCIN	BLASTX	138	138	100.00	95.65	138	WP_000943763.1	fosfomycin resistance bacillithiol transferase FosBx1		
GCF_024494995.1		NZ_JANHDV010000050.1	3661	4578	+	bla	class A beta-lactamase Bla1	core	AMR	AMR	BETA-LACTAM	BETA-LACTAM	BLASTX	306	306	100.00	96.08	306	WP_063842248.1	class A beta-lactamase Bla1		
GCF_024494995.1		NZ_JANHDV010000053.1	28842	29789	+	blaIII	class A beta-lactamase BlaIII	core	AMR	AMR	BETA-LACTAM	BETA-LACTAM	BLASTX	316	316	100.00	96.84	316	WP_000497840.1	class A beta-lactamase BlaIII		
GCF_024494995.1		NZ_JANHDV010000083.1	2352	3122	+	bla2	BcII family subclass B1 metallo-beta-lactamase	core	AMR	AMR	BETA-LACTAM	CARBAPENEM	BLASTX	257	257	100.00	95.33	257	WP_063839879.1	BcII family subclass B1 metallo-beta-lactamase		
GCF_024495005.1		NZ_JANHDT010000021.1	56604	57017	+	fosB	FosBx1 family fosfomycin resistance bacillithiol transferase	core	AMR	AMR	FOSFOMYCIN	FOSFOMYCIN	BLASTX	138	138	100.00	99.28	138	WP_000943763.1	fosfomycin resistance bacillithiol transferase FosBx1		
GCF_024495005.1		NZ_JANHDT010000040.1	34829	35599	-	bla2	BcII family subclass B1 metallo-beta-lactamase	core	AMR	AMR	BETA-LACTAM	CARBAPENEM	BLASTX	257	257	100.00	92.61	257	WP_063839879.1	BcII family subclass B1 metallo-beta-lactamase		
GCF_024495005.1		NZ_JANHDT010000043.1	32401	33318	+	bla	class A beta-lactamase Bla1	core	AMR	AMR	BETA-LACTAM	BETA-LACTAM	BLASTX	306	306	100.00	96.08	306	WP_063842248.1	class A beta-lactamase Bla1		
GCF_024495005.1		NZ_JANHDT010000080.1	10849	11400	-	satA	streptothricin N-acetyltransferase SatA	core	AMR	AMR	STREPTOTHRICIN	STREPTOTHRICIN	BLASTX	184	184	98.91	88.59	184	WP_000054744.1	streptothricin N-acetyltransferase SatA		
GCF_024495135.1		NZ_JANHDW010000002.1	110274	110825	+	satA	streptothricin N-acetyltransferase SatA	core	AMR	AMR	STREPTOTHRICIN	STREPTOTHRICIN	BLASTX	184	184	98.37	78.26	184	WP_000054744.1	streptothricin N-acetyltransferase SatA		
GCF_024495135.1		NZ_JANHDW010000006.1	144618	145535	-	bla	class A beta-lactamase Bla1	core	AMR	AMR	BETA-LACTAM	BETA-LACTAM	BLASTX	306	306	100.00	91.83	306	WP_063842248.1	class A beta-lactamase Bla1		
GCF_024495135.1		NZ_JANHDW010000015.1	23950	25221	-	abaF	fosfomycin efflux MFS transporter AbaF	plus	AMR	AMR	FOSFOMYCIN	FOSFOMYCIN	BLASTX	424	429	98.83	86.32	424	ABO11759.2	fosfomycin efflux MFS transporter AbaF		
GCF_024495135.1		NZ_JANHDW010000015.1	35837	36607	-	bla2	BcII family subclass B1 metallo-beta-lactamase	core	AMR	AMR	BETA-LACTAM	CARBAPENEM	BLASTX	257	257	100.00	93.77	257	WP_012261328.1	BcII family subclass B1 metallo-beta-lactamase		
GCF_024495135.1		NZ_JANHDW010000037.1	17031	17444	-	fosB	FosBx1 family fosfomycin resistance bacillithiol transferase	core	AMR	AMR	FOSFOMYCIN	FOSFOMYCIN	BLASTX	138	138	100.00	90.58	138	WP_000943763.1	fosfomycin resistance bacillithiol transferase FosBx1		
GCF_024497995.1		NZ_JANHMW010000002.1	133461	133874	+	fosB	FosBx1 family fosfomycin resistance bacillithiol transferase	core	AMR	AMR	FOSFOMYCIN	FOSFOMYCIN	BLASTX	138	138	100.00	90.58	138	WP_000943763.1	fosfomycin resistance bacillithiol transferase FosBx1		
GCF_024497995.1		NZ_JANHMW010000006.1	186238	187098	+	mleBCA	BCA family alpha/beta fold macrolide esterase	core	AMR	AMR	MACROLIDE	TYLOSIN	BLASTX	287	287	100.00	98.95	287	WP_000140039.1	BCA family alpha/beta fold macrolide esterase		
GCF_024497995.1		NZ_JANHMW010000037.1	10039	10806	-	bla2	BcII family subclass B1 metallo-beta-lactamase	core	AMR	AMR	BETA-LACTAM	CARBAPENEM	EXACTX	256	256	100.00	100.00	256	WP_000799232.1	BcII family subclass B1 metallo-beta-lactamase		
GCF_024497995.1		NZ_JANHMW010000039.1	6224	6775	-	satA	streptothricin N-acetyltransferase SatA	core	AMR	AMR	STREPTOTHRICIN	STREPTOTHRICIN	BLASTX	184	184	98.91	87.50	184	WP_000054744.1	streptothricin N-acetyltransferase SatA		
GCF_024498015.1		NZ_JANHMT010000001.1	504043	504456	+	fosB	FosBx1 family fosfomycin resistance bacillithiol transferase	core	AMR	AMR	FOSFOMYCIN	FOSFOMYCIN	BLASTX	138	138	100.00	90.58	138	WP_000943763.1	fosfomycin resistance bacillithiol transferase FosBx1		
GCF_024498015.1		NZ_JANHMT010000008.1	198931	199698	-	bla2	BcII family subclass B1 metallo-beta-lactamase	core	AMR	AMR	BETA-LACTAM	CARBAPENEM	BLASTX	256	256	100.00	94.14	256	WP_000799232.1	BcII family subclass B1 metallo-beta-lactamase		
GCF_024498015.1		NZ_JANHMT010000009.1	32698	33549	-	mleBCA	BCA family alpha/beta fold macrolide esterase	core	AMR	AMR	MACROLIDE	TYLOSIN	BLASTX	284	287	98.95	94.72	284	WP_000140039.1	BCA family alpha/beta fold macrolide esterase		
GCF_024498015.1		NZ_JANHMT010000011.1	50206	51153	+	blaIII	class A beta-lactamase BlaIII	core	AMR	AMR	BETA-LACTAM	BETA-LACTAM	BLASTX	316	316	100.00	91.14	316	WP_000497840.1	class A beta-lactamase BlaIII		
GCF_024498015.1		NZ_JANHMT010000030.1	40489	41649	-	vanS-Pt	vancomycin resistance histidine kinase VanS-Pt	core	AMR	AMR	GLYCOPEPTIDE	VANCOMYCIN	BLASTX	387	388	99.74	90.18	387	WP_063856742.1	vancomycin resistance histidine kinase VanS-Pt		
GCF_024498015.1		NZ_JANHMT010000030.1	41633	42325	-	vanR-A	vancomycin resistance response regulator transcription factor VanR-A	core	AMR	AMR	GLYCOPEPTIDE	VANCOMYCIN	BLASTX	231	231	100.00	92.21	231	WP_063856721.1	vancomycin resistance response regulator transcription factor VanR-A		
GCF_024498015.1		NZ_JANHMT010000041.1	9862	10779	-	bla	class A beta-lactamase Bla1	core	AMR	AMR	BETA-LACTAM	BETA-LACTAM	BLASTX	306	306	100.00	92.81	306	WP_063842248.1	class A beta-lactamase Bla1		
GCF_024498015.1		NZ_JANHMT010000043.1	9731	10279	-	satA	streptothricin N-acetyltransferase SatA	core	AMR	AMR	STREPTOTHRICIN	STREPTOTHRICIN	BLASTX	183	184	98.91	80.33	183	WP_000054744.1	streptothricin N-acetyltransferase SatA		
GCF_024498035.1		NZ_JANHMR010000004.1	274558	275328	+	bla2	BcII family subclass B1 metallo-beta-lactamase	core	AMR	AMR	BETA-LACTAM	CARBAPENEM	BLASTX	257	257	100.00	94.55	257	WP_012261328.1	BcII family subclass B1 metallo-beta-lactamase		
GCF_024498035.1		NZ_JANHMR010000028.1	4755	5303	+	satA	streptothricin N-acetyltransferase SatA	core	AMR	AMR	STREPTOTHRICIN	STREPTOTHRICIN	BLASTX	183	184	98.91	81.42	183	WP_000054744.1	streptothricin N-acetyltransferase SatA		
GCF_024498035.1		NZ_JANHMR010000043.1	12280	13197	-	bla	class A beta-lactamase Bla1	core	AMR	AMR	BETA-LACTAM	BETA-LACTAM	BLASTX	306	306	100.00	90.52	306	WP_063842248.1	class A beta-lactamase Bla1		
GCF_024498055.1		NZ_JANHMV010000003.1	147120	147533	+	fosB	FosBx1 family fosfomycin resistance bacillithiol transferase	core	AMR	AMR	FOSFOMYCIN	FOSFOMYCIN	BLASTX	138	138	100.00	90.58	138	WP_000943763.1	fosfomycin resistance bacillithiol transferase FosBx1		
GCF_024498055.1		NZ_JANHMV010000025.1	53937	54707	+	bla2	BcII family subclass B1 metallo-beta-lactamase	core	AMR	AMR	BETA-LACTAM	CARBAPENEM	BLASTX	257	257	100.00	96.89	257	WP_012261328.1	BcII family subclass B1 metallo-beta-lactamase		
GCF_024498055.1		NZ_JANHMV010000044.1	22265	22678	+	fosB	FosB family fosfomycin resistance bacillithiol transferase	core	AMR	AMR	FOSFOMYCIN	FOSFOMYCIN	BLASTX	138	138	100.00	93.48	138	WP_063851229.1	FosB family fosfomycin resistance bacillithiol transferase		
GCF_024498055.1		NZ_JANHMV010000078.1	405	1322	-	bla	class A beta-lactamase Bla1	core	AMR	AMR	BETA-LACTAM	BETA-LACTAM	BLASTX	306	306	100.00	90.20	306	WP_063842248.1	class A beta-lactamase Bla1		
GCF_024498095.1		NZ_JANHMU010000004.1	159483	159896	+	fosB	FosBx1 family fosfomycin resistance bacillithiol transferase	core	AMR	AMR	FOSFOMYCIN	FOSFOMYCIN	BLASTX	138	138	100.00	91.30	138	WP_000943763.1	fosfomycin resistance bacillithiol transferase FosBx1		
GCF_024498095.1		NZ_JANHMU010000056.1	7664	8434	-	bla2	BcII family subclass B1 metallo-beta-lactamase	core	AMR	AMR	BETA-LACTAM	CARBAPENEM	EXACTX	257	257	100.00	100.00	257	WP_012261328.1	BcII family subclass B1 metallo-beta-lactamase		
GCF_024702005.1		NZ_JANLJR010000003.1	115159	116019	-	mleBCA	BCA family alpha/beta fold macrolide esterase	core	AMR	AMR	MACROLIDE	TYLOSIN	BLASTX	287	287	100.00	93.38	287	WP_000140039.1	BCA family alpha/beta fold macrolide esterase		
GCF_024702005.1		NZ_JANLJR010000003.1	288809	289726	-	bla	class A beta-lactamase Bla1	core	AMR	AMR	BETA-LACTAM	BETA-LACTAM	BLASTX	306	306	100.00	92.16	306	WP_003171307.1	class A beta-lactamase Bla1		
GCF_024702005.1		NZ_JANLJR010000003.1	734167	734580	-	fosB	FosBx1 family fosfomycin resistance bacillithiol transferase	core	AMR	AMR	FOSFOMYCIN	FOSFOMYCIN	BLASTX	138	138	100.00	92.03	138	WP_000943763.1	fosfomycin resistance bacillithiol transferase FosBx1		
GCF_024702005.1		NZ_JANLJR010000008.1	482178	482945	-	bla2	BcII family subclass B1 metallo-beta-lactamase	core	AMR	AMR	BETA-LACTAM	CARBAPENEM	BLASTX	256	256	100.00	98.44	256	WP_000799232.1	BcII family subclass B1 metallo-beta-lactamase		
GCF_024706235.1		NZ_JAMXBU010000008.1	116232	117137	-	mphK	macrolide 2'-phosphotransferase MphK	core	AMR	AMR	MACROLIDE	TELITHROMYCIN/TYLOSIN	BLASTX	302	306	98.69	86.09	302	WP_003246254.1	macrolide 2'-phosphotransferase MphK		
GCF_024741115.1		NZ_JANSKC010000180.1	1461	2321	-	mleBCA	BCA family alpha/beta fold macrolide esterase	core	AMR	AMR	MACROLIDE	TYLOSIN	BLASTX	287	287	100.00	93.38	287	WP_000140039.1	BCA family alpha/beta fold macrolide esterase		
GCF_024741115.1		NZ_JANSKC010000218.1	8955	9368	-	fosB	FosBx1 family fosfomycin resistance bacillithiol transferase	core	AMR	AMR	FOSFOMYCIN	FOSFOMYCIN	BLASTX	138	138	100.00	92.03	138	WP_000943763.1	fosfomycin resistance bacillithiol transferase FosBx1		
GCF_024741115.1		NZ_JANSKC010000285.1	2323	3090	-	bla2	BcII family subclass B1 metallo-beta-lactamase	core	AMR	AMR	BETA-LACTAM	CARBAPENEM	BLASTX	256	256	100.00	98.44	256	WP_000799232.1	BcII family subclass B1 metallo-beta-lactamase		
GCF_024741115.1		NZ_JANSKC010000325.1	4165	5082	-	bla	class A beta-lactamase Bla1	core	AMR	AMR	BETA-LACTAM	BETA-LACTAM	BLASTX	306	306	100.00	92.16	306	WP_003171307.1	class A beta-lactamase Bla1		
GCF_024917135.1		NZ_CP103770.1	533821	534867	+	clbA	23S rRNA (adenine(2503)-C(8))-methyltransferase ClbA	core	AMR	AMR	LINCOSAMIDE/MACROLIDE/STREPTOGRAMIN	LINCOSAMIDE/MACROLIDE/STREPTOGRAMIN	BLASTX	349	349	100.00	99.43	349	WP_012116915.1	23S rRNA (adenine(2503)-C(8))-methyltransferase ClbA		
GCF_024917135.1		NZ_CP103770.1	2549348	2549866	-	satA	streptothricin N-acetyltransferase SatA	core	AMR	AMR	STREPTOTHRICIN	STREPTOTHRICIN	BLASTX	173	173	100.00	80.35	173	WP_003242546.1	streptothricin N-acetyltransferase SatA		
GCF_025000225.1		NZ_JANVAQ010000002.1	14278	15195	-	bla	class A beta-lactamase Bla1	core	AMR	AMR	BETA-LACTAM	BETA-LACTAM	BLASTX	306	306	100.00	97.39	306	WP_063842248.1	class A beta-lactamase Bla1		
GCF_025000225.1		NZ_JANVAQ010000002.1	494128	494541	-	fosB	FosBx1 family fosfomycin resistance bacillithiol transferase	core	AMR	AMR	FOSFOMYCIN	FOSFOMYCIN	EXACTX	138	138	100.00	100.00	138	WP_000943772.1	FosBx1 family fosfomycin resistance bacillithiol transferase		
GCF_025000225.1		NZ_JANVAQ010000007.1	17051	17821	-	bla2	BcII family subclass B1 metallo-beta-lactamase	core	AMR	AMR	BETA-LACTAM	CARBAPENEM	BLASTX	257	257	100.00	96.11	257	WP_063839879.1	BcII family subclass B1 metallo-beta-lactamase		
GCF_025000225.1		NZ_JANVAQ010000022.1	34736	35287	+	satA	streptothricin N-acetyltransferase SatA	core	AMR	AMR	STREPTOTHRICIN	STREPTOTHRICIN	BLASTX	184	184	98.91	90.22	184	WP_000054744.1	streptothricin N-acetyltransferase SatA		
GCF_025833795.1		NZ_JAOWAK010000003.1	12419	13279	+	erm(D)	23S rRNA (adenine(2058)-N(6))-methyltransferase Erm(D)	core	AMR	AMR	LINCOSAMIDE/MACROLIDE/STREPTOGRAMIN	ERYTHROMYCIN/LINCOSAMIDE/STREPTOGRAMIN	EXACTX	287	287	100.00	100.00	287	WP_025811090.1	23S rRNA (adenine(2058)-N(6))-methyltransferase Erm(D)		
GCF_025833795.1		NZ_JAOWAK010000004.1	85844	86764	+	blaP	class A beta-lactamase BlaP	core	AMR	AMR	BETA-LACTAM	BETA-LACTAM	BLASTX	307	307	100.00	99.67	307	WP_023857755.1	class A beta-lactamase BlaP		
GCF_025857215.1		NZ_CP103769.1	555024	555542	+	satA	streptothricin N-acetyltransferase SatA	core	AMR	AMR	STREPTOTHRICIN	STREPTOTHRICIN	BLASTX	173	173	100.00	79.77	173	WP_003242546.1	streptothricin N-acetyltransferase SatA		
GCF_025857215.1		NZ_CP103769.1	2592310	2593356	-	clbA	23S rRNA (adenine(2503)-C(8))-methyltransferase ClbA	core	AMR	AMR	LINCOSAMIDE/MACROLIDE/STREPTOGRAMIN	LINCOSAMIDE/MACROLIDE/STREPTOGRAMIN	BLASTX	349	349	100.00	97.42	349	WP_012116915.1	23S rRNA (adenine(2503)-C(8))-methyltransferase ClbA		
GCF_025917635.1		NZ_CP083436.1	2768750	2769268	-	satA	streptothricin N-acetyltransferase SatA	core	AMR	AMR	STREPTOTHRICIN	STREPTOTHRICIN	BLASTX	173	173	100.00	79.77	173	WP_003242546.1	streptothricin N-acetyltransferase SatA		
GCF_025960305.1		NZ_CP110109.1	600788	601705	+	bla	class A beta-lactamase Bla1	core	AMR	AMR	BETA-LACTAM	BETA-LACTAM	BLASTX	306	306	100.00	94.77	306	WP_063842248.1	class A beta-lactamase Bla1		
GCF_025960305.1		NZ_CP110109.1	1245443	1245994	+	satA	streptothricin N-acetyltransferase SatA	core	AMR	AMR	STREPTOTHRICIN	STREPTOTHRICIN	BLASTX	184	184	98.91	89.67	184	WP_000054744.1	streptothricin N-acetyltransferase SatA		
GCF_025960305.1		NZ_CP110109.1	1467607	1468377	-	bla2	BcII family subclass B1 metallo-beta-lactamase	core	AMR	AMR	BETA-LACTAM	CARBAPENEM	BLASTX	257	257	100.00	96.11	257	WP_063839879.1	BcII family subclass B1 metallo-beta-lactamase		
GCF_025960305.1		NZ_CP110109.1	5379612	5380025	+	fosB	FosBx1 family fosfomycin resistance bacillithiol transferase	core	AMR	AMR	FOSFOMYCIN	FOSFOMYCIN	BLASTX	138	138	100.00	97.83	138	WP_000943763.1	fosfomycin resistance bacillithiol transferase FosBx1		
GCF_026066475.1		NZ_JAIFOO010000018.1	95750	96670	+	blaP	class A beta-lactamase BlaP	core	AMR	AMR	BETA-LACTAM	BETA-LACTAM	BLASTX	307	307	100.00	99.02	307	WP_023857755.1	class A beta-lactamase BlaP		
GCF_026066475.1		NZ_JAIFOO010000021.1	1071979	1072839	+	erm(D)	23S rRNA (adenine(2058)-N(6))-methyltransferase Erm(D)	core	AMR	AMR	LINCOSAMIDE/MACROLIDE/STREPTOGRAMIN	ERYTHROMYCIN/LINCOSAMIDE/STREPTOGRAMIN	BLASTX	287	287	100.00	99.65	287	WP_003183781.1	23S rRNA (adenine(2058)-N(6))-methyltransferase Erm(D)		
GCF_026131695.1		NZ_JANBZT010000001.1	1418930	1419715	-	blaBPU	BPU family class D beta-lactamase	core	AMR	AMR	BETA-LACTAM	BETA-LACTAM	BLASTX	262	262	100.00	94.27	262	WP_041816295.1	class D beta-lactamase BPU-1		
GCF_026194235.1		NZ_JAPHLN010000002.1	564054	565100	+	clbA	23S rRNA (adenine(2503)-C(8))-methyltransferase ClbA	core	AMR	AMR	LINCOSAMIDE/MACROLIDE/STREPTOGRAMIN	LINCOSAMIDE/MACROLIDE/STREPTOGRAMIN	BLASTX	349	349	100.00	99.14	349	WP_012116915.1	23S rRNA (adenine(2503)-C(8))-methyltransferase ClbA		
GCF_026194235.1		NZ_JAPHLN010000002.1	2740455	2740973	-	satA	streptothricin N-acetyltransferase SatA	core	AMR	AMR	STREPTOTHRICIN	STREPTOTHRICIN	BLASTX	173	173	100.00	79.19	173	WP_003242546.1	streptothricin N-acetyltransferase SatA		
GCF_026241745.1		NZ_JAPIUU010000002.1	206164	206682	-	satA	streptothricin N-acetyltransferase SatA	core	AMR	AMR	STREPTOTHRICIN	STREPTOTHRICIN	BLASTX	173	173	100.00	79.77	173	WP_003242546.1	streptothricin N-acetyltransferase SatA		
GCF_026241745.1		NZ_JAPIUU010000006.1	50935	51981	-	clbA	23S rRNA (adenine(2503)-C(8))-methyltransferase ClbA	core	AMR	AMR	LINCOSAMIDE/MACROLIDE/STREPTOGRAMIN	LINCOSAMIDE/MACROLIDE/STREPTOGRAMIN	BLASTX	349	349	100.00	97.42	349	WP_012116915.1	23S rRNA (adenine(2503)-C(8))-methyltransferase ClbA		
GCF_026242165.1		NZ_JAPJNM010000003.1	202270	202788	-	satA	streptothricin N-acetyltransferase SatA	core	AMR	AMR	STREPTOTHRICIN	STREPTOTHRICIN	BLASTX	173	173	100.00	80.35	173	WP_003242546.1	streptothricin N-acetyltransferase SatA		
GCF_026275485.1		NZ_JAPJUF010000002.1	573347	573865	-	satA	streptothricin N-acetyltransferase SatA	core	AMR	AMR	STREPTOTHRICIN	STREPTOTHRICIN	BLASTX	173	173	100.00	79.77	173	WP_003242546.1	streptothricin N-acetyltransferase SatA		
GCF_026275485.1		NZ_JAPJUF010000006.1	164394	165440	+	clbA	23S rRNA (adenine(2503)-C(8))-methyltransferase ClbA	core	AMR	AMR	LINCOSAMIDE/MACROLIDE/STREPTOGRAMIN	LINCOSAMIDE/MACROLIDE/STREPTOGRAMIN	BLASTX	349	349	100.00	99.71	349	WP_012116915.1	23S rRNA (adenine(2503)-C(8))-methyltransferase ClbA		
GCF_026420705.1		NZ_JAPMOV010000002.1	573347	573865	-	satA	streptothricin N-acetyltransferase SatA	core	AMR	AMR	STREPTOTHRICIN	STREPTOTHRICIN	BLASTX	173	173	100.00	79.77	173	WP_003242546.1	streptothricin N-acetyltransferase SatA		
GCF_026420705.1		NZ_JAPMOV010000006.1	164394	165440	+	clbA	23S rRNA (adenine(2503)-C(8))-methyltransferase ClbA	core	AMR	AMR	LINCOSAMIDE/MACROLIDE/STREPTOGRAMIN	LINCOSAMIDE/MACROLIDE/STREPTOGRAMIN	BLASTX	349	349	100.00	99.71	349	WP_012116915.1	23S rRNA (adenine(2503)-C(8))-methyltransferase ClbA		
GCF_026540655.1		NZ_JALNUF010000006.1	27809	28726	+	bla	class A beta-lactamase Bla1	core	AMR	AMR	BETA-LACTAM	BETA-LACTAM	BLASTX	306	306	100.00	99.35	306	WP_063842248.1	class A beta-lactamase Bla1		
GCF_026540655.1		NZ_JALNUF010000009.1	190506	191276	-	bla2	BcII family subclass B1 metallo-beta-lactamase	core	AMR	AMR	BETA-LACTAM	CARBAPENEM	BLASTX	257	257	100.00	92.61	257	WP_063839879.1	BcII family subclass B1 metallo-beta-lactamase		
GCF_026540655.1		NZ_JALNUF010000024.1	8424	8837	+	fosB	FosBx1 family fosfomycin resistance bacillithiol transferase	core	AMR	AMR	FOSFOMYCIN	FOSFOMYCIN	BLASTX	138	138	100.00	98.55	138	WP_000943763.1	fosfomycin resistance bacillithiol transferase FosBx1		
GCF_026540655.1		NZ_JALNUF010000030.1	21660	22583	-	blaIII	class A beta-lactamase BlaIII	core	AMR	AMR	BETA-LACTAM	BETA-LACTAM	BLASTX	308	316	100.00	95.89	316	WP_000497840.1	class A beta-lactamase BlaIII		
GCF_026540655.1		NZ_JALNUF010000041.1	2082	2774	+	vanR-A	vancomycin resistance response regulator transcription factor VanR-A	core	AMR	AMR	GLYCOPEPTIDE	VANCOMYCIN	BLASTX	231	231	100.00	93.07	231	WP_063856721.1	vancomycin resistance response regulator transcription factor VanR-A		
GCF_026540655.1		NZ_JALNUF010000041.1	2758	3918	+	vanS-Pt	vancomycin resistance histidine kinase VanS-Pt	core	AMR	AMR	GLYCOPEPTIDE	VANCOMYCIN	BLASTX	387	388	99.74	90.70	387	WP_063856742.1	vancomycin resistance histidine kinase VanS-Pt		
GCF_026540675.1		NZ_JALNUG010000004.1	61732	62283	+	satA	streptothricin N-acetyltransferase SatA	core	AMR	AMR	STREPTOTHRICIN	STREPTOTHRICIN	BLASTX	184	184	98.91	89.67	184	WP_000054744.1	streptothricin N-acetyltransferase SatA		
GCF_026540675.1		NZ_JALNUG010000004.1	326203	326973	-	bla2	BcII family subclass B1 metallo-beta-lactamase	core	AMR	AMR	BETA-LACTAM	CARBAPENEM	BLASTX	257	257	100.00	93.00	257	WP_063839879.1	BcII family subclass B1 metallo-beta-lactamase		
GCF_026540675.1		NZ_JALNUG010000022.1	86593	87510	-	bla	class A beta-lactamase Bla1	core	AMR	AMR	BETA-LACTAM	BETA-LACTAM	BLASTX	306	306	100.00	95.42	306	WP_063842248.1	class A beta-lactamase Bla1		
GCF_026540675.1		NZ_JALNUG010000026.1	18268	18681	-	fosB	FosBx1 family fosfomycin resistance bacillithiol transferase	core	AMR	AMR	FOSFOMYCIN	FOSFOMYCIN	BLASTX	138	138	100.00	98.55	138	WP_000943763.1	fosfomycin resistance bacillithiol transferase FosBx1		
GCF_026672655.1		NZ_JAJAGG010000008.1	118530	119390	-	erm(D)	23S rRNA (adenine(2058)-N(6))-methyltransferase Erm(D)	core	AMR	AMR	LINCOSAMIDE/MACROLIDE/STREPTOGRAMIN	ERYTHROMYCIN/LINCOSAMIDE/STREPTOGRAMIN	BLASTX	287	287	100.00	98.95	287	WP_003183781.1	23S rRNA (adenine(2058)-N(6))-methyltransferase Erm(D)		
GCF_026672655.1		NZ_JAJAGG010000019.1	370154	371074	-	blaP	class A beta-lactamase BlaP	core	AMR	AMR	BETA-LACTAM	BETA-LACTAM	BLASTX	307	307	100.00	99.35	307	WP_023857755.1	class A beta-lactamase BlaP		
GCF_026719365.1		NZ_JAPPTS010000003.1	202270	202788	-	satA	streptothricin N-acetyltransferase SatA	core	AMR	AMR	STREPTOTHRICIN	STREPTOTHRICIN	BLASTX	173	173	100.00	80.35	173	WP_003242546.1	streptothricin N-acetyltransferase SatA		
GCF_026967595.1		NZ_CP114066.1	266139	267044	+	mphK	macrolide 2'-phosphotransferase MphK	core	AMR	AMR	MACROLIDE	TELITHROMYCIN/TYLOSIN	BLASTX	302	306	98.69	85.43	302	WP_003246254.1	macrolide 2'-phosphotransferase MphK		
GCF_027853835.1		NZ_JAPNNY010000003.1	202270	202788	-	satA	streptothricin N-acetyltransferase SatA	core	AMR	AMR	STREPTOTHRICIN	STREPTOTHRICIN	BLASTX	173	173	100.00	80.35	173	WP_003242546.1	streptothricin N-acetyltransferase SatA		
GCF_028401745.1		NZ_JAQOOH010000001.1	253746	254513	+	bla2	BcII family subclass B1 metallo-beta-lactamase	core	AMR	AMR	BETA-LACTAM	CARBAPENEM	BLASTX	256	256	100.00	99.61	256	WP_000799227.1	BcII family subclass B1 metallo-beta-lactamase		
GCF_028401745.1		NZ_JAQOOH010000002.1	38255	39172	-	bla	class A beta-lactamase Bla1	core	AMR	AMR	BETA-LACTAM	BETA-LACTAM	BLASTX	306	306	100.00	94.77	306	WP_003171307.1	class A beta-lactamase Bla1		
GCF_028401745.1		NZ_JAQOOH010000002.1	456298	456711	-	fosB	FosBx1 family fosfomycin resistance bacillithiol transferase	core	AMR	AMR	FOSFOMYCIN	FOSFOMYCIN	BLASTX	138	138	100.00	90.58	138	WP_000943763.1	fosfomycin resistance bacillithiol transferase FosBx1		
GCF_028401745.1		NZ_JAQOOH010000007.1	82948	83808	-	mleBCA	BCA family alpha/beta fold macrolide esterase	core	AMR	AMR	MACROLIDE	TYLOSIN	BLASTX	287	287	100.00	95.47	287	WP_000140039.1	BCA family alpha/beta fold macrolide esterase		
GCF_028728315.1		NZ_JAQYWS010000001.1	1820653	1821066	+	fosB	FosBx1 family fosfomycin resistance bacillithiol transferase	core	AMR	AMR	FOSFOMYCIN	FOSFOMYCIN	BLASTX	138	138	100.00	90.58	138	WP_000943763.1	fosfomycin resistance bacillithiol transferase FosBx1		
GCF_028728315.1		NZ_JAQYWS010000001.1	2239442	2240359	+	bla	class A beta-lactamase Bla1	core	AMR	AMR	BETA-LACTAM	BETA-LACTAM	BLASTX	306	306	100.00	94.77	306	WP_003171307.1	class A beta-lactamase Bla1		
GCF_028728315.1		NZ_JAQYWS010000001.1	2410946	2411806	+	mleBCA	BCA family alpha/beta fold macrolide esterase	core	AMR	AMR	MACROLIDE	TYLOSIN	BLASTX	287	287	100.00	95.12	287	WP_000140039.1	BCA family alpha/beta fold macrolide esterase		
GCF_028728315.1		NZ_JAQYWS010000001.1	2787385	2787939	+	satA	streptothricin N-acetyltransferase SatA	core	AMR	AMR	STREPTOTHRICIN	STREPTOTHRICIN	BLASTX	185	184	99.46	89.73	185	WP_000054744.1	streptothricin N-acetyltransferase SatA		
GCF_028728315.1		NZ_JAQYWS010000001.1	3044603	3045370	-	bla2	BcII family subclass B1 metallo-beta-lactamase	core	AMR	AMR	BETA-LACTAM	CARBAPENEM	EXACTX	256	256	100.00	100.00	256	WP_000799232.1	BcII family subclass B1 metallo-beta-lactamase		
GCF_028751175.1		NZ_CP067069.1	1965232	1965645	+	fosB	FosBx1 family fosfomycin resistance bacillithiol transferase	core	AMR	AMR	FOSFOMYCIN	FOSFOMYCIN	BLASTX	138	138	100.00	91.30	138	WP_000943763.1	fosfomycin resistance bacillithiol transferase FosBx1		
GCF_028751175.1		NZ_CP067069.1	2386525	2387442	+	bla	class A beta-lactamase Bla1	core	AMR	AMR	BETA-LACTAM	BETA-LACTAM	BLASTX	306	306	100.00	92.81	306	WP_003171307.1	class A beta-lactamase Bla1		
GCF_028751175.1		NZ_CP067069.1	2573582	2574442	+	mleBCA	BCA family alpha/beta fold macrolide esterase	core	AMR	AMR	MACROLIDE	TYLOSIN	BLASTX	287	287	100.00	91.64	287	WP_000140039.1	BCA family alpha/beta fold macrolide esterase		
GCF_028751175.1		NZ_CP067069.1	3163788	3164555	-	bla2	BcII family subclass B1 metallo-beta-lactamase	core	AMR	AMR	BETA-LACTAM	CARBAPENEM	BLASTX	256	256	100.00	96.09	256	WP_000799223.1	BcII family subclass B1 metallo-beta-lactamase		
GCF_029016665.1		NZ_CP117945.1	2613587	2614105	-	satA	streptothricin N-acetyltransferase SatA	core	AMR	AMR	STREPTOTHRICIN	STREPTOTHRICIN	BLASTX	173	173	100.00	78.03	173	WP_003242546.1	streptothricin N-acetyltransferase SatA		
GCF_029215565.1		NZ_CP119394.1	533838	534884	+	clbA	23S rRNA (adenine(2503)-C(8))-methyltransferase ClbA	core	AMR	AMR	LINCOSAMIDE/MACROLIDE/STREPTOGRAMIN	LINCOSAMIDE/MACROLIDE/STREPTOGRAMIN	BLASTX	349	349	100.00	99.43	349	WP_012116915.1	23S rRNA (adenine(2503)-C(8))-methyltransferase ClbA		
GCF_029215565.1		NZ_CP119394.1	2549314	2549832	-	satA	streptothricin N-acetyltransferase SatA	core	AMR	AMR	STREPTOTHRICIN	STREPTOTHRICIN	BLASTX	173	173	100.00	80.35	173	WP_003242546.1	streptothricin N-acetyltransferase SatA		
GCF_029282585.1		NZ_CP119675.1	706549	707067	-	satA	streptothricin N-acetyltransferase SatA	core	AMR	AMR	STREPTOTHRICIN	STREPTOTHRICIN	BLASTX	173	173	100.00	80.35	173	WP_003242546.1	streptothricin N-acetyltransferase SatA		
GCF_029282585.1		NZ_CP119675.1	3495997	3497043	+	clbA	23S rRNA (adenine(2503)-C(8))-methyltransferase ClbA	core	AMR	AMR	LINCOSAMIDE/MACROLIDE/STREPTOGRAMIN	LINCOSAMIDE/MACROLIDE/STREPTOGRAMIN	BLASTX	349	349	100.00	97.42	349	WP_012116915.1	23S rRNA (adenine(2503)-C(8))-methyltransferase ClbA		
GCF_029289385.1		NZ_JAIQVG010000001.1	345785	346702	+	bla	class A beta-lactamase Bla1	core	AMR	AMR	BETA-LACTAM	BETA-LACTAM	BLASTX	306	306	100.00	96.08	306	WP_063842248.1	class A beta-lactamase Bla1		
GCF_029289385.1		NZ_JAIQVG010000003.1	155822	156235	-	fosB	FosBx1 family fosfomycin resistance bacillithiol transferase	core	AMR	AMR	FOSFOMYCIN	FOSFOMYCIN	BLASTX	138	138	100.00	99.28	138	WP_000943763.1	fosfomycin resistance bacillithiol transferase FosBx1		
GCF_029289385.1		NZ_JAIQVG010000005.1	219803	220573	-	bla2	BcII family subclass B1 metallo-beta-lactamase	core	AMR	AMR	BETA-LACTAM	CARBAPENEM	BLASTX	257	257	100.00	92.22	257	WP_063839879.1	BcII family subclass B1 metallo-beta-lactamase		
GCF_029289385.1		NZ_JAIQVG010000009.1	92995	94155	-	vanS-Pt	vancomycin resistance histidine kinase VanS-Pt	core	AMR	AMR	GLYCOPEPTIDE	VANCOMYCIN	BLASTX	387	388	99.74	91.73	387	WP_063856742.1	vancomycin resistance histidine kinase VanS-Pt		
GCF_029289385.1		NZ_JAIQVG010000009.1	94139	94831	-	vanR-A	vancomycin resistance response regulator transcription factor VanR-A	core	AMR	AMR	GLYCOPEPTIDE	VANCOMYCIN	BLASTX	231	231	100.00	94.37	231	WP_063856721.1	vancomycin resistance response regulator transcription factor VanR-A		
GCF_029536185.1		NZ_CP120511.1	270055	270960	+	mphK	macrolide 2'-phosphotransferase MphK	core	AMR	AMR	MACROLIDE	TELITHROMYCIN/TYLOSIN	BLASTX	302	306	98.69	85.43	302	WP_003246254.1	macrolide 2'-phosphotransferase MphK		
GCF_029541525.1		NZ_CP120723.1	652446	653249	+	blaBAT	BAT family class D beta-lactamase	core	AMR	AMR	BETA-LACTAM	BETA-LACTAM	BLASTX	268	268	100.00	97.39	268	WP_003328240.1	class D beta-lactamase BAT-1		
GCF_029541525.1		NZ_CP120723.1	1931657	1932175	+	satA	streptothricin N-acetyltransferase SatA	core	AMR	AMR	STREPTOTHRICIN	STREPTOTHRICIN	BLASTX	173	173	100.00	80.35	173	WP_003242546.1	streptothricin N-acetyltransferase SatA		
GCF_029623775.1		NZ_JARRYD010000001.1	504411	505196	-	blaBPU	BPU family class D beta-lactamase	core	AMR	AMR	BETA-LACTAM	BETA-LACTAM	BLASTX	262	262	100.00	94.27	262	WP_041816295.1	class D beta-lactamase BPU-1		
GCF_029623775.1		NZ_JARRYD010000017.1	3166	3825	+	cat86	type A-6 chloramphenicol O-acetyltransferase Cat86	core	AMR	AMR	PHENICOL	CHLORAMPHENICOL	BLASTX	220	220	100.00	90.00	220	WP_050945244.1	type A-6 chloramphenicol O-acetyltransferase Cat86		
GCF_029636745.1		NZ_CP117182.1	537084	538130	+	clbA	23S rRNA (adenine(2503)-C(8))-methyltransferase ClbA	core	AMR	AMR	LINCOSAMIDE/MACROLIDE/STREPTOGRAMIN	LINCOSAMIDE/MACROLIDE/STREPTOGRAMIN	BLASTX	349	349	100.00	97.13	349	WP_012116915.1	23S rRNA (adenine(2503)-C(8))-methyltransferase ClbA		
GCF_029636745.1		NZ_CP117182.1	2738097	2738615	-	satA	streptothricin N-acetyltransferase SatA	core	AMR	AMR	STREPTOTHRICIN	STREPTOTHRICIN	BLASTX	173	173	100.00	79.77	173	WP_003242546.1	streptothricin N-acetyltransferase SatA		
GCF_029772985.1		NZ_CP121861.1	155978	157351	+	tet(L)	tetracycline efflux MFS transporter Tet(L)	core	AMR	AMR	TETRACYCLINE	TETRACYCLINE	BLASTX	458	458	100.00	96.29	458	WP_003242953.1	tetracycline efflux MFS transporter Tet(L)		
GCF_029772985.1		NZ_CP121861.1	159239	159757	+	satA	streptothricin N-acetyltransferase SatA	core	AMR	AMR	STREPTOTHRICIN	STREPTOTHRICIN	BLASTX	173	173	100.00	98.84	173	WP_003242546.1	streptothricin N-acetyltransferase SatA		
GCF_029772985.1		NZ_CP121861.1	1640153	1641004	+	aadK	aminoglycoside 6-adenylyltransferase AadK	core	AMR	AMR	AMINOGLYCOSIDE	STREPTOMYCIN	BLASTX	284	284	100.00	93.66	284	WP_003229862.1	aminoglycoside 6-adenylyltransferase AadK		
GCF_029772985.1		NZ_CP121861.1	3769933	3771570	+	vmlR	ABC-F type ribosomal protection protein VmlR	core	AMR	AMR	LINCOSAMIDE/PLEUROMUTILIN/STREPTOGRAMIN	LINCOMYCIN/TIAMULIN/VIRGINIAMYCIN M	BLASTX	546	547	99.82	95.60	546	WP_003234144.1	ABC-F type ribosomal protection protein VmlR		
GCF_029772985.1		NZ_CP121861.1	4094459	4095376	-	mphK	macrolide 2'-phosphotransferase MphK	core	AMR	AMR	MACROLIDE	TELITHROMYCIN/TYLOSIN	BLASTX	306	306	100.00	94.12	306	WP_003246254.1	macrolide 2'-phosphotransferase MphK		
GCF_029846455.1		NZ_JARWBB010000001.1	768974	769492	-	satA	streptothricin N-acetyltransferase SatA	core	AMR	AMR	STREPTOTHRICIN	STREPTOTHRICIN	BLASTX	173	173	100.00	79.77	173	WP_003242546.1	streptothricin N-acetyltransferase SatA		
GCF_029910295.1		NZ_CP117857.1	563124	564170	+	clbA	23S rRNA (adenine(2503)-C(8))-methyltransferase ClbA	core	AMR	AMR	LINCOSAMIDE/MACROLIDE/STREPTOGRAMIN	LINCOSAMIDE/MACROLIDE/STREPTOGRAMIN	BLASTX	349	349	100.00	99.14	349	WP_012116915.1	23S rRNA (adenine(2503)-C(8))-methyltransferase ClbA		
GCF_029910295.1		NZ_CP117857.1	2610423	2610941	-	satA	streptothricin N-acetyltransferase SatA	core	AMR	AMR	STREPTOTHRICIN	STREPTOTHRICIN	BLASTX	173	173	100.00	79.19	173	WP_003242546.1	streptothricin N-acetyltransferase SatA		
GCF_029958265.1		NZ_JASBCS010000012.1	131721	132641	-	blaP	class A beta-lactamase BlaP	core	AMR	AMR	BETA-LACTAM	BETA-LACTAM	EXACTX	307	307	100.00	100.00	307	WP_003178584.1	class A beta-lactamase BlaP		
GCF_029958265.1		NZ_JASBCS010000015.1	366810	367667	+	erm(D)	23S rRNA (adenine(2058)-N(6))-methyltransferase Erm(D)	core	AMR	AMR	LINCOSAMIDE/MACROLIDE/STREPTOGRAMIN	ERYTHROMYCIN/LINCOSAMIDE/STREPTOGRAMIN	BLASTX	286	287	99.65	94.06	286	WP_003183781.1	23S rRNA (adenine(2058)-N(6))-methyltransferase Erm(D)		
GCF_030028255.1		NZ_CP125283.1	513267	514313	+	clbA	23S rRNA (adenine(2503)-C(8))-methyltransferase ClbA	core	AMR	AMR	LINCOSAMIDE/MACROLIDE/STREPTOGRAMIN	LINCOSAMIDE/MACROLIDE/STREPTOGRAMIN	BLASTX	349	349	100.00	99.71	349	WP_012116915.1	23S rRNA (adenine(2503)-C(8))-methyltransferase ClbA		
GCF_030028255.1		NZ_CP125283.1	2512981	2513499	-	satA	streptothricin N-acetyltransferase SatA	core	AMR	AMR	STREPTOTHRICIN	STREPTOTHRICIN	BLASTX	173	173	100.00	79.19	173	WP_003242546.1	streptothricin N-acetyltransferase SatA		
GCF_030053655.1		NZ_CP125762.1	61699	63072	+	tet(L)	tetracycline efflux MFS transporter Tet(L)	core	AMR	AMR	TETRACYCLINE	TETRACYCLINE	EXACTX	458	458	100.00	100.00	458	WP_003242953.1	tetracycline efflux MFS transporter Tet(L)		
GCF_030053655.1		NZ_CP125762.1	65075	65593	+	satA	streptothricin N-acetyltransferase SatA	core	AMR	AMR	STREPTOTHRICIN	STREPTOTHRICIN	EXACTX	173	173	100.00	100.00	173	WP_003242546.1	streptothricin N-acetyltransferase SatA		
GCF_030053655.1		NZ_CP125762.1	1513820	1514671	+	aadK	aminoglycoside 6-adenylyltransferase AadK	core	AMR	AMR	AMINOGLYCOSIDE	STREPTOMYCIN	EXACTX	284	284	100.00	100.00	284	WP_003229862.1	aminoglycoside 6-adenylyltransferase AadK		
GCF_030053655.1		NZ_CP125762.1	3826207	3827847	+	vmlR	ABC-F type ribosomal protection protein VmlR	core	AMR	AMR	LINCOSAMIDE/PLEUROMUTILIN/STREPTOGRAMIN	LINCOMYCIN/TIAMULIN/VIRGINIAMYCIN M	EXACTX	547	547	100.00	100.00	547	WP_003234144.1	ABC-F type ribosomal protection protein VmlR		
GCF_030053655.1		NZ_CP125762.1	4155830	4156747	-	mphK	macrolide 2'-phosphotransferase MphK	core	AMR	AMR	MACROLIDE	TELITHROMYCIN/TYLOSIN	EXACTX	306	306	100.00	100.00	306	WP_003246254.1	macrolide 2'-phosphotransferase MphK		
GCF_030053795.1		NZ_CP125660.1	275441	276358	+	mphK	macrolide 2'-phosphotransferase MphK	core	AMR	AMR	MACROLIDE	TELITHROMYCIN/TYLOSIN	EXACTX	306	306	100.00	100.00	306	WP_003246254.1	macrolide 2'-phosphotransferase MphK		
GCF_030053795.1		NZ_CP125660.1	604341	605981	-	vmlR	ABC-F type ribosomal protection protein VmlR	core	AMR	AMR	LINCOSAMIDE/PLEUROMUTILIN/STREPTOGRAMIN	LINCOMYCIN/TIAMULIN/VIRGINIAMYCIN M	EXACTX	547	547	100.00	100.00	547	WP_003234144.1	ABC-F type ribosomal protection protein VmlR		
GCF_030053795.1		NZ_CP125660.1	2735291	2736142	-	aadK	aminoglycoside 6-adenylyltransferase AadK	core	AMR	AMR	AMINOGLYCOSIDE	STREPTOMYCIN	EXACTX	284	284	100.00	100.00	284	WP_003229862.1	aminoglycoside 6-adenylyltransferase AadK		
GCF_030053795.1		NZ_CP125660.1	4184801	4185319	-	satA	streptothricin N-acetyltransferase SatA	core	AMR	AMR	STREPTOTHRICIN	STREPTOTHRICIN	EXACTX	173	173	100.00	100.00	173	WP_003242546.1	streptothricin N-acetyltransferase SatA		
GCF_030053795.1		NZ_CP125660.1	4187322	4188695	-	tet(L)	tetracycline efflux MFS transporter Tet(L)	core	AMR	AMR	TETRACYCLINE	TETRACYCLINE	EXACTX	458	458	100.00	100.00	458	WP_003242953.1	tetracycline efflux MFS transporter Tet(L)		
GCF_030123145.1		NZ_CP126097.1	266487	267395	+	mphK	macrolide 2'-phosphotransferase MphK	core	AMR	AMR	MACROLIDE	TELITHROMYCIN/TYLOSIN	BLASTX	303	306	99.02	99.01	303	WP_003246254.1	macrolide 2'-phosphotransferase MphK		
GCF_030123145.1		NZ_CP126097.1	577385	579007	-	vmlR	ABC-F type ribosomal protection protein VmlR	core	AMR	AMR	LINCOSAMIDE/PLEUROMUTILIN/STREPTOGRAMIN	LINCOMYCIN/TIAMULIN/VIRGINIAMYCIN M	BLASTX	541	547	98.90	96.86	541	WP_003234144.1	ABC-F type ribosomal protection protein VmlR		
GCF_030123145.1		NZ_CP126097.1	2662677	2663528	-	aadK	aminoglycoside 6-adenylyltransferase AadK	core	AMR	AMR	AMINOGLYCOSIDE	STREPTOMYCIN	BLASTX	284	284	100.00	97.89	284	WP_003229862.1	aminoglycoside 6-adenylyltransferase AadK		
GCF_030123145.1		NZ_CP126097.1	4204033	4204551	-	satA	streptothricin N-acetyltransferase SatA	core	AMR	AMR	STREPTOTHRICIN	STREPTOTHRICIN	BLASTX	173	173	100.00	94.22	173	WP_003242546.1	streptothricin N-acetyltransferase SatA		
GCF_030123185.1		NZ_CP126099.1	1953394	1953807	+	fosB	FosBx1 family fosfomycin resistance bacillithiol transferase	core	AMR	AMR	FOSFOMYCIN	FOSFOMYCIN	BLASTX	138	138	100.00	90.58	138	WP_000943763.1	fosfomycin resistance bacillithiol transferase FosBx1		
GCF_030123185.1		NZ_CP126099.1	2380726	2381643	+	bla	class A beta-lactamase Bla1	core	AMR	AMR	BETA-LACTAM	BETA-LACTAM	BLASTX	306	306	100.00	90.52	306	WP_063842248.1	class A beta-lactamase Bla1		
GCF_030123185.1		NZ_CP126099.1	2672490	2673341	+	mleBCA	BCA family alpha/beta fold macrolide esterase	core	AMR	AMR	MACROLIDE	TYLOSIN	BLASTX	284	287	98.95	93.66	284	WP_000140039.1	BCA family alpha/beta fold macrolide esterase		
GCF_030123185.1		NZ_CP126099.1	3021135	3021686	+	satA	streptothricin N-acetyltransferase SatA	core	AMR	AMR	STREPTOTHRICIN	STREPTOTHRICIN	BLASTX	184	184	98.91	91.85	184	WP_000054744.1	streptothricin N-acetyltransferase SatA		
GCF_030123205.1		NZ_CP126100.1	268671	269576	+	mphK	macrolide 2'-phosphotransferase MphK	core	AMR	AMR	MACROLIDE	TELITHROMYCIN/TYLOSIN	BLASTX	302	306	98.69	85.10	302	WP_003246254.1	macrolide 2'-phosphotransferase MphK		
GCF_030123205.1		NZ_CP126100.1	1918839	1919357	+	satA	streptothricin N-acetyltransferase SatA	core	AMR	AMR	STREPTOTHRICIN	STREPTOTHRICIN	BLASTX	173	173	100.00	78.03	173	WP_003242546.1	streptothricin N-acetyltransferase SatA		
GCF_030123305.1		NZ_CP126105.1	533839	534885	+	clbA	23S rRNA (adenine(2503)-C(8))-methyltransferase ClbA	core	AMR	AMR	LINCOSAMIDE/MACROLIDE/STREPTOGRAMIN	LINCOSAMIDE/MACROLIDE/STREPTOGRAMIN	BLASTX	349	349	100.00	99.43	349	WP_012116915.1	23S rRNA (adenine(2503)-C(8))-methyltransferase ClbA		
GCF_030123305.1		NZ_CP126105.1	2549108	2549626	-	satA	streptothricin N-acetyltransferase SatA	core	AMR	AMR	STREPTOTHRICIN	STREPTOTHRICIN	BLASTX	173	173	100.00	80.35	173	WP_003242546.1	streptothricin N-acetyltransferase SatA		
GCF_030166595.1		NZ_CP126456.1	2867722	2868378	+	cat86	type A-6 chloramphenicol O-acetyltransferase Cat86	core	AMR	AMR	PHENICOL	CHLORAMPHENICOL	BLASTX	219	220	100.00	90.91	220	WP_050945244.1	type A-6 chloramphenicol O-acetyltransferase Cat86		
GCF_030209735.1		NZ_JARVRK010000004.1	280185	280844	+	cat86	type A-6 chloramphenicol O-acetyltransferase Cat86	core	AMR	AMR	PHENICOL	CHLORAMPHENICOL	BLASTX	220	220	100.00	99.09	220	WP_050945244.1	type A-6 chloramphenicol O-acetyltransferase Cat86		
GCF_030209735.1		NZ_JARVRK010000005.1	276806	277591	+	blaBPU	BPU family class D beta-lactamase	core	AMR	AMR	BETA-LACTAM	BETA-LACTAM	BLASTX	262	262	100.00	95.04	262	WP_041816295.1	class D beta-lactamase BPU-1		
GCF_030252385.1		NZ_CP126986.1	372524	373570	+	clbA	23S rRNA (adenine(2503)-C(8))-methyltransferase ClbA	core	AMR	AMR	LINCOSAMIDE/MACROLIDE/STREPTOGRAMIN	LINCOSAMIDE/MACROLIDE/STREPTOGRAMIN	BLASTX	349	349	100.00	99.43	349	WP_012116915.1	23S rRNA (adenine(2503)-C(8))-methyltransferase ClbA		
GCF_030252385.1		NZ_CP126986.1	2388000	2388518	-	satA	streptothricin N-acetyltransferase SatA	core	AMR	AMR	STREPTOTHRICIN	STREPTOTHRICIN	BLASTX	173	173	100.00	80.35	173	WP_003242546.1	streptothricin N-acetyltransferase SatA		
GCF_030284405.1		NZ_CP127223.1	252821	253741	+	blaP	class A beta-lactamase BlaP	core	AMR	AMR	BETA-LACTAM	BETA-LACTAM	EXACTX	307	307	100.00	100.00	307	WP_003178584.1	class A beta-lactamase BlaP		
GCF_030284525.1		NZ_CP127224.1	547426	547944	+	satA	streptothricin N-acetyltransferase SatA	core	AMR	AMR	STREPTOTHRICIN	STREPTOTHRICIN	BLASTX	173	173	100.00	84.97	173	WP_003242546.1	streptothricin N-acetyltransferase SatA		
GCF_030284525.1		NZ_CP127224.1	550414	551460	+	clbA	23S rRNA (adenine(2503)-C(8))-methyltransferase ClbA	core	AMR	AMR	LINCOSAMIDE/MACROLIDE/STREPTOGRAMIN	LINCOSAMIDE/MACROLIDE/STREPTOGRAMIN	BLASTX	349	349	100.00	92.26	349	WP_012116915.1	23S rRNA (adenine(2503)-C(8))-methyltransferase ClbA		
GCF_030284565.1		NZ_CP127243.1	2549817	2550335	-	satA	streptothricin N-acetyltransferase SatA	core	AMR	AMR	STREPTOTHRICIN	STREPTOTHRICIN	BLASTX	173	173	100.00	79.77	173	WP_003242546.1	streptothricin N-acetyltransferase SatA		
GCF_030284665.1		NZ_JASUZW010000001.1	371714	372232	+	satA	streptothricin N-acetyltransferase SatA	core	AMR	AMR	STREPTOTHRICIN	STREPTOTHRICIN	BLASTX	173	173	100.00	79.77	173	WP_003242546.1	streptothricin N-acetyltransferase SatA		
GCF_030284675.1		NZ_JASVEH010000003.1	974356	974874	+	satA	streptothricin N-acetyltransferase SatA	core	AMR	AMR	STREPTOTHRICIN	STREPTOTHRICIN	BLASTX	173	173	100.00	80.35	173	WP_003242546.1	streptothricin N-acetyltransferase SatA		
GCF_030284675.1		NZ_JASVEH010000011.1	222791	223594	+	blaBAT	BAT family class D beta-lactamase	core	AMR	AMR	BETA-LACTAM	BETA-LACTAM	BLASTX	268	268	100.00	95.15	268	WP_003328240.1	class D beta-lactamase BAT-1		
GCF_030285945.1		NZ_CP127373.1	141503	142345	+	mleBCB	BCB family alpha/beta fold macrolide esterase	core	AMR	AMR	MACROLIDE	TYLOSIN	BLASTX	281	287	97.91	92.17	281	WP_459076516.1	BCB family alpha/beta fold macrolide esterase		
GCF_030292055.1		NZ_CP128116.1	267537	268442	+	mphK	macrolide 2'-phosphotransferase MphK	core	AMR	AMR	MACROLIDE	TELITHROMYCIN/TYLOSIN	BLASTX	302	306	98.69	85.10	302	WP_003246254.1	macrolide 2'-phosphotransferase MphK		
GCF_030292055.1		NZ_CP128116.1	1943536	1944054	+	satA	streptothricin N-acetyltransferase SatA	core	AMR	AMR	STREPTOTHRICIN	STREPTOTHRICIN	BLASTX	173	173	100.00	79.77	173	WP_003242546.1	streptothricin N-acetyltransferase SatA		
GCF_030348245.1		NZ_JAUCFW010000007.1	4002642	4003559	+	bla	class A beta-lactamase Bla1	core	AMR	AMR	BETA-LACTAM	BETA-LACTAM	BLASTX	306	306	100.00	90.52	306	WP_003171307.1	class A beta-lactamase Bla1		
GCF_030348245.1		NZ_JAUCFW010000007.1	4163922	4164773	+	mleBCA	BCA family alpha/beta fold macrolide esterase	core	AMR	AMR	MACROLIDE	TYLOSIN	BLASTX	284	287	98.95	92.96	284	WP_000140039.1	BCA family alpha/beta fold macrolide esterase		
GCF_030378485.1		NZ_CP128559.1	2672298	2672816	-	satA	streptothricin N-acetyltransferase SatA	core	AMR	AMR	STREPTOTHRICIN	STREPTOTHRICIN	BLASTX	173	173	100.00	79.77	173	WP_003242546.1	streptothricin N-acetyltransferase SatA		
GCF_030412285.1		NZ_JAUHLQ010000002.1	656974	657387	+	fosB	FosBx1 family fosfomycin resistance bacillithiol transferase	core	AMR	AMR	FOSFOMYCIN	FOSFOMYCIN	BLASTX	138	138	100.00	98.55	138	WP_000943763.1	fosfomycin resistance bacillithiol transferase FosBx1		
GCF_030412285.1		NZ_JAUHLQ010000003.1	476312	477229	-	bla	class A beta-lactamase Bla1	core	AMR	AMR	BETA-LACTAM	BETA-LACTAM	BLASTX	306	306	100.00	96.41	306	WP_063842248.1	class A beta-lactamase Bla1		
GCF_030412285.1		NZ_JAUHLQ010000004.1	289947	290717	+	bla2	BcII family subclass B1 metallo-beta-lactamase	core	AMR	AMR	BETA-LACTAM	CARBAPENEM	BLASTX	257	257	100.00	93.77	257	WP_063839879.1	BcII family subclass B1 metallo-beta-lactamase		
GCF_030412285.1		NZ_JAUHLQ010000004.1	397781	398632	+	mleBCB	BCB family alpha/beta fold macrolide esterase	core	AMR	AMR	MACROLIDE	TYLOSIN	BLASTX	284	287	100.00	98.61	287	WP_459076516.1	BCB family alpha/beta fold macrolide esterase		
GCF_030412285.1		NZ_JAUHLQ010000004.1	520169	520720	-	satA	streptothricin N-acetyltransferase SatA	core	AMR	AMR	STREPTOTHRICIN	STREPTOTHRICIN	BLASTX	184	184	98.91	89.13	184	WP_000054744.1	streptothricin N-acetyltransferase SatA		
GCF_030544925.1		NZ_CP130608.1	523262	524308	+	clbA	23S rRNA (adenine(2503)-C(8))-methyltransferase ClbA	core	AMR	AMR	LINCOSAMIDE/MACROLIDE/STREPTOGRAMIN	LINCOSAMIDE/MACROLIDE/STREPTOGRAMIN	BLASTX	349	349	100.00	97.42	349	WP_012116915.1	23S rRNA (adenine(2503)-C(8))-methyltransferase ClbA		
GCF_030544925.1		NZ_CP130608.1	2569170	2569688	-	satA	streptothricin N-acetyltransferase SatA	core	AMR	AMR	STREPTOTHRICIN	STREPTOTHRICIN	BLASTX	173	173	100.00	80.35	173	WP_003242546.1	streptothricin N-acetyltransferase SatA		
GCF_030550855.1		NZ_JAUKPF010000022.1	25004	26050	-	clbA	23S rRNA (adenine(2503)-C(8))-methyltransferase ClbA	core	AMR	AMR	LINCOSAMIDE/MACROLIDE/STREPTOGRAMIN	LINCOSAMIDE/MACROLIDE/STREPTOGRAMIN	BLASTX	349	349	100.00	99.43	349	WP_012116915.1	23S rRNA (adenine(2503)-C(8))-methyltransferase ClbA		
GCF_030676795.1		NZ_JAUUUZ010000003.1	278920	279438	+	satA	streptothricin N-acetyltransferase SatA	core	AMR	AMR	STREPTOTHRICIN	STREPTOTHRICIN	BLASTX	173	173	100.00	77.46	173	WP_003242546.1	streptothricin N-acetyltransferase SatA		
GCF_030676795.1		NZ_JAUUUZ010000004.1	65425	66471	-	clbA	23S rRNA (adenine(2503)-C(8))-methyltransferase ClbA	core	AMR	AMR	LINCOSAMIDE/MACROLIDE/STREPTOGRAMIN	LINCOSAMIDE/MACROLIDE/STREPTOGRAMIN	BLASTX	349	349	100.00	99.43	349	WP_012116915.1	23S rRNA (adenine(2503)-C(8))-methyltransferase ClbA		
GCF_030704265.1		NZ_CP131928.1	533838	534884	+	clbA	23S rRNA (adenine(2503)-C(8))-methyltransferase ClbA	core	AMR	AMR	LINCOSAMIDE/MACROLIDE/STREPTOGRAMIN	LINCOSAMIDE/MACROLIDE/STREPTOGRAMIN	BLASTX	349	349	100.00	99.43	349	WP_012116915.1	23S rRNA (adenine(2503)-C(8))-methyltransferase ClbA		
GCF_030704265.1		NZ_CP131928.1	2549314	2549832	-	satA	streptothricin N-acetyltransferase SatA	core	AMR	AMR	STREPTOTHRICIN	STREPTOTHRICIN	BLASTX	173	173	100.00	80.35	173	WP_003242546.1	streptothricin N-acetyltransferase SatA		
GCF_030757775.1		NZ_JAVBIS010000001.1	994946	995797	-	mleBCA	BCA family alpha/beta fold macrolide esterase	core	AMR	AMR	MACROLIDE	TYLOSIN	BLASTX	284	287	98.95	95.42	284	WP_000140039.1	BCA family alpha/beta fold macrolide esterase		
GCF_030757775.1		NZ_JAVBIS010000001.1	1202466	1203383	-	bla	class A beta-lactamase Bla1	core	AMR	AMR	BETA-LACTAM	BETA-LACTAM	BLASTX	306	306	100.00	90.52	306	WP_003171307.1	class A beta-lactamase Bla1		
GCF_030851295.1		NZ_JANSKD010000002.1	443576	444427	+	aadK	aminoglycoside 6-adenylyltransferase AadK	core	AMR	AMR	AMINOGLYCOSIDE	STREPTOMYCIN	BLASTX	284	284	100.00	98.59	284	WP_003229862.1	aminoglycoside 6-adenylyltransferase AadK		
GCF_030851295.1		NZ_JANSKD010000004.1	323642	324160	-	satA	streptothricin N-acetyltransferase SatA	core	AMR	AMR	STREPTOTHRICIN	STREPTOTHRICIN	BLASTX	173	173	100.00	93.64	173	WP_003242546.1	streptothricin N-acetyltransferase SatA		
GCF_030851295.1		NZ_JANSKD010000006.1	194081	195721	-	vmlR	ABC-F type ribosomal protection protein VmlR	core	AMR	AMR	LINCOSAMIDE/PLEUROMUTILIN/STREPTOGRAMIN	LINCOMYCIN/TIAMULIN/VIRGINIAMYCIN M	BLASTX	547	547	100.00	98.35	547	WP_003234144.1	ABC-F type ribosomal protection protein VmlR		
GCF_030851295.1		NZ_JANSKD010000007.1	117209	118126	-	mphK	macrolide 2'-phosphotransferase MphK	core	AMR	AMR	MACROLIDE	TELITHROMYCIN/TYLOSIN	BLASTX	306	306	100.00	99.02	306	WP_003246254.1	macrolide 2'-phosphotransferase MphK		
GCF_030863625.1		NZ_CP103328.1	271418	272335	+	mphK	macrolide 2'-phosphotransferase MphK	core	AMR	AMR	MACROLIDE	TELITHROMYCIN/TYLOSIN	BLASTX	306	306	100.00	98.69	306	WP_003246254.1	macrolide 2'-phosphotransferase MphK		
GCF_030863625.1		NZ_CP103328.1	586293	587936	-	vmlR	ABC-F type ribosomal protection protein VmlR	core	AMR	AMR	LINCOSAMIDE/PLEUROMUTILIN/STREPTOGRAMIN	LINCOMYCIN/TIAMULIN/VIRGINIAMYCIN M	BLASTX	548	547	100.00	98.91	548	WP_003234144.1	ABC-F type ribosomal protection protein VmlR		
GCF_030863625.1		NZ_CP103328.1	2441641	2442492	-	aadK	aminoglycoside 6-adenylyltransferase AadK	core	AMR	AMR	AMINOGLYCOSIDE	STREPTOMYCIN	BLASTX	284	284	100.00	98.59	284	WP_003229862.1	aminoglycoside 6-adenylyltransferase AadK		
GCF_030863625.1		NZ_CP103328.1	3879021	3879539	-	satA	streptothricin N-acetyltransferase SatA	core	AMR	AMR	STREPTOTHRICIN	STREPTOTHRICIN	BLASTX	173	173	100.00	90.17	173	WP_003242546.1	streptothricin N-acetyltransferase SatA		
GCF_030863625.1		NZ_CP103328.1	3881539	3882912	-	tet(L)	tetracycline efflux MFS transporter Tet(L)	core	AMR	AMR	TETRACYCLINE	TETRACYCLINE	BLASTX	458	458	100.00	98.91	458	WP_063856081.1	tetracycline efflux MFS transporter Tet(L)		
GCF_031001775.1		NZ_VMOB01000004.1	94252	95157	+	mphK	macrolide 2'-phosphotransferase MphK	core	AMR	AMR	MACROLIDE	TELITHROMYCIN/TYLOSIN	BLASTX	302	306	98.69	85.43	302	WP_003246254.1	macrolide 2'-phosphotransferase MphK		
GCF_031118725.1		NZ_JAVHYM010000001.1	1698751	1699269	-	satA	streptothricin N-acetyltransferase SatA	core	AMR	AMR	STREPTOTHRICIN	STREPTOTHRICIN	BLASTX	173	173	100.00	79.77	173	WP_003242546.1	streptothricin N-acetyltransferase SatA		
GCF_031216075.1		NZ_CP091444.1	2381056	2381973	+	bla	class A beta-lactamase Bla1	core	AMR	AMR	BETA-LACTAM	BETA-LACTAM	BLASTX	306	306	100.00	93.14	306	WP_003171307.1	class A beta-lactamase Bla1		
GCF_031216075.1		NZ_CP091444.1	2605181	2606032	+	mleBCA	BCA family alpha/beta fold macrolide esterase	core	AMR	AMR	MACROLIDE	TYLOSIN	BLASTX	284	287	98.95	92.61	284	WP_000140039.1	BCA family alpha/beta fold macrolide esterase		
GCF_031216075.1		NZ_CP091444.1	3023761	3024318	+	satA	streptothricin N-acetyltransferase SatA	core	AMR	AMR	STREPTOTHRICIN	STREPTOTHRICIN	BLASTX	186	184	98.91	90.32	186	WP_000054744.1	streptothricin N-acetyltransferase SatA		
GCF_031216075.1		NZ_CP091444.1	3105115	3105807	-	vanR-A	vancomycin resistance response regulator transcription factor VanR-A	core	AMR	AMR	GLYCOPEPTIDE	VANCOMYCIN	BLASTX	231	231	100.00	91.34	231	WP_063856721.1	vancomycin resistance response regulator transcription factor VanR-A		
GCF_031324265.1		NZ_JAVIVO010000001.1	364722	365240	+	satA	streptothricin N-acetyltransferase SatA	core	AMR	AMR	STREPTOTHRICIN	STREPTOTHRICIN	BLASTX	173	173	100.00	79.77	173	WP_003242546.1	streptothricin N-acetyltransferase SatA		
GCF_031324265.1		NZ_JAVIVO010000001.1	2341342	2342076	+	erm(B)	23S rRNA (adenine(2058)-N(6))-methyltransferase Erm(B)	core	AMR	AMR	LINCOSAMIDE/MACROLIDE/STREPTOGRAMIN	CLINDAMYCIN/ERYTHROMYCIN/STREPTOGRAMIN B	BLASTX	245	245	100.00	99.59	245	WP_002292226.1	23S rRNA (adenine(2058)-N(6))-methyltransferase Erm(B)		
GCF_031460235.1		NZ_JAVKYN010000003.1	259243	259761	-	satA	streptothricin N-acetyltransferase SatA	core	AMR	AMR	STREPTOTHRICIN	STREPTOTHRICIN	BLASTX	173	173	100.00	80.35	173	WP_003242546.1	streptothricin N-acetyltransferase SatA		
GCF_031460235.1		NZ_JAVKYN010000005.1	32795	33841	+	clbA	23S rRNA (adenine(2503)-C(8))-methyltransferase ClbA	core	AMR	AMR	LINCOSAMIDE/MACROLIDE/STREPTOGRAMIN	LINCOSAMIDE/MACROLIDE/STREPTOGRAMIN	BLASTX	349	349	100.00	99.43	349	WP_012116915.1	23S rRNA (adenine(2503)-C(8))-methyltransferase ClbA		
GCF_031834575.1		NZ_JARAJX010000010.1	3633	4151	-	satA	streptothricin N-acetyltransferase SatA	core	AMR	AMR	STREPTOTHRICIN	STREPTOTHRICIN	BLASTX	173	173	100.00	80.35	173	WP_003242546.1	streptothricin N-acetyltransferase SatA		
GCF_031834575.1		NZ_JARAJX010000016.1	27810	28610	-	blaBAT	BAT family class D beta-lactamase	core	AMR	AMR	BETA-LACTAM	BETA-LACTAM	BLASTX	267	268	99.63	96.63	267	WP_003328240.1	class D beta-lactamase BAT-1		
GCF_031883715.1		NZ_CP134775.1	1715083	1716129	-	clbA	23S rRNA (adenine(2503)-C(8))-methyltransferase ClbA	core	AMR	AMR	LINCOSAMIDE/MACROLIDE/STREPTOGRAMIN	LINCOSAMIDE/MACROLIDE/STREPTOGRAMIN	BLASTX	349	349	100.00	97.42	349	WP_012116915.1	23S rRNA (adenine(2503)-C(8))-methyltransferase ClbA		
GCF_031883715.1		NZ_CP134775.1	3637857	3638375	+	satA	streptothricin N-acetyltransferase SatA	core	AMR	AMR	STREPTOTHRICIN	STREPTOTHRICIN	BLASTX	173	173	100.00	79.77	173	WP_003242546.1	streptothricin N-acetyltransferase SatA		
GCF_032291985.1		NZ_CP135199.1	1391771	1392289	+	satA	streptothricin N-acetyltransferase SatA	core	AMR	AMR	STREPTOTHRICIN	STREPTOTHRICIN	BLASTX	173	173	100.00	79.77	173	WP_003242546.1	streptothricin N-acetyltransferase SatA		
GCF_032461585.1		NZ_JAWCWR010000001.1	1545528	1546046	-	satA	streptothricin N-acetyltransferase SatA	core	AMR	AMR	STREPTOTHRICIN	STREPTOTHRICIN	BLASTX	173	173	100.00	79.19	173	WP_003242546.1	streptothricin N-acetyltransferase SatA		
GCF_032461585.1		NZ_JAWCWR010000006.1	165016	166062	+	clbA	23S rRNA (adenine(2503)-C(8))-methyltransferase ClbA	core	AMR	AMR	LINCOSAMIDE/MACROLIDE/STREPTOGRAMIN	LINCOSAMIDE/MACROLIDE/STREPTOGRAMIN	BLASTX	349	349	100.00	96.85	349	WP_012116915.1	23S rRNA (adenine(2503)-C(8))-methyltransferase ClbA		
GCF_032461625.1		NZ_JAWCWT010000003.1	429700	430218	-	satA	streptothricin N-acetyltransferase SatA	core	AMR	AMR	STREPTOTHRICIN	STREPTOTHRICIN	BLASTX	173	173	100.00	79.19	173	WP_003242546.1	streptothricin N-acetyltransferase SatA		
GCF_032461625.1		NZ_JAWCWT010000004.1	349739	350785	+	clbA	23S rRNA (adenine(2503)-C(8))-methyltransferase ClbA	core	AMR	AMR	LINCOSAMIDE/MACROLIDE/STREPTOGRAMIN	LINCOSAMIDE/MACROLIDE/STREPTOGRAMIN	BLASTX	349	349	100.00	96.85	349	WP_012116915.1	23S rRNA (adenine(2503)-C(8))-methyltransferase ClbA		
GCF_032461835.1		NZ_JAWCUC010000002.1	29560	31200	+	vmlR	ABC-F type ribosomal protection protein VmlR	core	AMR	AMR	LINCOSAMIDE/PLEUROMUTILIN/STREPTOGRAMIN	LINCOMYCIN/TIAMULIN/VIRGINIAMYCIN M	BLASTX	547	547	100.00	93.42	547	WP_003234144.1	ABC-F type ribosomal protection protein VmlR		
GCF_032461835.1		NZ_JAWCUC010000002.1	357270	358178	-	mphK	macrolide 2'-phosphotransferase MphK	core	AMR	AMR	MACROLIDE	TELITHROMYCIN/TYLOSIN	BLASTX	303	306	99.02	89.11	303	WP_003246254.1	macrolide 2'-phosphotransferase MphK		
GCF_032461835.1		NZ_JAWCUC010000013.1	39974	41344	+	tet(L)	tetracycline efflux MFS transporter Tet(L)	core	AMR	AMR	TETRACYCLINE	TETRACYCLINE	BLASTX	457	458	99.78	94.31	457	WP_003242953.1	tetracycline efflux MFS transporter Tet(L)		
GCF_032763365.1		NZ_CP136430.1	268531	269436	+	mphK	macrolide 2'-phosphotransferase MphK	core	AMR	AMR	MACROLIDE	TELITHROMYCIN/TYLOSIN	BLASTX	302	306	98.69	85.10	302	WP_003246254.1	macrolide 2'-phosphotransferase MphK		
GCF_032763365.1		NZ_CP136430.1	1943039	1943557	+	satA	streptothricin N-acetyltransferase SatA	core	AMR	AMR	STREPTOTHRICIN	STREPTOTHRICIN	BLASTX	173	173	100.00	79.77	173	WP_003242546.1	streptothricin N-acetyltransferase SatA		
GCF_032918205.1		NZ_CP136641.1	1276996	1277514	-	satA	streptothricin N-acetyltransferase SatA	core	AMR	AMR	STREPTOTHRICIN	STREPTOTHRICIN	BLASTX	173	173	100.00	80.35	173	WP_003242546.1	streptothricin N-acetyltransferase SatA		
GCF_032918205.1		NZ_CP136641.1	2470148	2471194	+	clbA	23S rRNA (adenine(2503)-C(8))-methyltransferase ClbA	core	AMR	AMR	LINCOSAMIDE/MACROLIDE/STREPTOGRAMIN	LINCOSAMIDE/MACROLIDE/STREPTOGRAMIN	BLASTX	349	349	100.00	97.42	349	WP_012116915.1	23S rRNA (adenine(2503)-C(8))-methyltransferase ClbA		
GCF_032930055.1		NZ_CP136647.1	2299589	2300107	-	satA	streptothricin N-acetyltransferase SatA	core	AMR	AMR	STREPTOTHRICIN	STREPTOTHRICIN	BLASTX	173	173	100.00	80.35	173	WP_003242546.1	streptothricin N-acetyltransferase SatA		
GCF_032930055.1		NZ_CP136647.1	3676203	3677249	-	clbA	23S rRNA (adenine(2503)-C(8))-methyltransferase ClbA	core	AMR	AMR	LINCOSAMIDE/MACROLIDE/STREPTOGRAMIN	LINCOSAMIDE/MACROLIDE/STREPTOGRAMIN	BLASTX	349	349	100.00	97.42	349	WP_012116915.1	23S rRNA (adenine(2503)-C(8))-methyltransferase ClbA		
GCF_032933215.1		NZ_CP136648.1	1451025	1451543	+	satA	streptothricin N-acetyltransferase SatA	core	AMR	AMR	STREPTOTHRICIN	STREPTOTHRICIN	BLASTX	173	173	100.00	80.35	173	WP_003242546.1	streptothricin N-acetyltransferase SatA		
GCF_032933215.1		NZ_CP136648.1	3020928	3021974	+	clbA	23S rRNA (adenine(2503)-C(8))-methyltransferase ClbA	core	AMR	AMR	LINCOSAMIDE/MACROLIDE/STREPTOGRAMIN	LINCOSAMIDE/MACROLIDE/STREPTOGRAMIN	BLASTX	349	349	100.00	97.42	349	WP_012116915.1	23S rRNA (adenine(2503)-C(8))-methyltransferase ClbA		
GCF_033100155.1		NZ_CP136919.1	1021767	1022285	-	satA	streptothricin N-acetyltransferase SatA	core	AMR	AMR	STREPTOTHRICIN	STREPTOTHRICIN	BLASTX	173	173	100.00	90.17	173	WP_003242546.1	streptothricin N-acetyltransferase SatA		
GCF_033100155.1		NZ_CP136919.1	1024241	1025614	-	tet(L)	tetracycline efflux MFS transporter Tet(L)	core	AMR	AMR	TETRACYCLINE	TETRACYCLINE	BLASTX	458	458	100.00	98.47	458	WP_003242953.1	tetracycline efflux MFS transporter Tet(L)		
GCF_033100155.1		NZ_CP136919.1	1435141	1435992	+	aadK	aminoglycoside 6-adenylyltransferase AadK	core	AMR	AMR	AMINOGLYCOSIDE	STREPTOMYCIN	BLASTX	284	284	100.00	98.24	284	WP_003229862.1	aminoglycoside 6-adenylyltransferase AadK		
GCF_033100155.1		NZ_CP136919.1	3373030	3373947	+	mphK	macrolide 2'-phosphotransferase MphK	core	AMR	AMR	MACROLIDE	TELITHROMYCIN/TYLOSIN	BLASTX	306	306	100.00	98.69	306	WP_003246254.1	macrolide 2'-phosphotransferase MphK		
GCF_033100155.1		NZ_CP136919.1	3562854	3564494	+	vmlR	ABC-F type ribosomal protection protein VmlR	core	AMR	AMR	LINCOSAMIDE/PLEUROMUTILIN/STREPTOGRAMIN	LINCOMYCIN/TIAMULIN/VIRGINIAMYCIN M	BLASTX	547	547	100.00	98.54	547	WP_003234144.1	ABC-F type ribosomal protection protein VmlR		
GCF_033194635.1		NZ_JAWNKT010000005.1	23650	24696	-	clbA	23S rRNA (adenine(2503)-C(8))-methyltransferase ClbA	core	AMR	AMR	LINCOSAMIDE/MACROLIDE/STREPTOGRAMIN	LINCOSAMIDE/MACROLIDE/STREPTOGRAMIN	BLASTX	349	349	100.00	99.43	349	WP_012116915.1	23S rRNA (adenine(2503)-C(8))-methyltransferase ClbA		
GCF_033452345.1		NZ_CP137767.1	1889143	1889556	+	fosB	FosBx1 family fosfomycin resistance bacillithiol transferase	core	AMR	AMR	FOSFOMYCIN	FOSFOMYCIN	BLASTX	138	138	100.00	98.55	138	WP_000943763.1	fosfomycin resistance bacillithiol transferase FosBx1		
GCF_033452345.1		NZ_CP137767.1	2353368	2354285	+	bla	class A beta-lactamase Bla1	core	AMR	AMR	BETA-LACTAM	BETA-LACTAM	BLASTX	306	306	100.00	96.08	306	WP_063842248.1	class A beta-lactamase Bla1		
GCF_033452345.1		NZ_CP137767.1	3103975	3104526	+	satA	streptothricin N-acetyltransferase SatA	core	AMR	AMR	STREPTOTHRICIN	STREPTOTHRICIN	BLASTX	184	184	98.91	89.67	184	WP_000054744.1	streptothricin N-acetyltransferase SatA		
GCF_033452345.1		NZ_CP137767.1	3331565	3332335	-	bla2	BcII family subclass B1 metallo-beta-lactamase	core	AMR	AMR	BETA-LACTAM	CARBAPENEM	BLASTX	257	257	100.00	93.77	257	WP_063839879.1	BcII family subclass B1 metallo-beta-lactamase		
GCF_033452345.1		NZ_CP137769.1	17096	18247	-	vanS-Pt	vancomycin resistance histidine kinase VanS-Pt	core	AMR	AMR	GLYCOPEPTIDE	VANCOMYCIN	BLASTX	384	386	99.48	90.10	384	WP_063856741.1	vancomycin resistance histidine kinase VanS-Pt		
GCF_033452345.1		NZ_CP137769.1	18240	18932	-	vanR-A	vancomycin resistance response regulator transcription factor VanR-A	core	AMR	AMR	GLYCOPEPTIDE	VANCOMYCIN	BLASTX	231	231	100.00	93.07	231	WP_063856721.1	vancomycin resistance response regulator transcription factor VanR-A		
GCF_033452345.1		NZ_CP137769.1	254493	255866	+	tet(45)	tetracycline efflux MFS transporter Tet(45)	core	AMR	AMR	TETRACYCLINE	TETRACYCLINE	BLASTX	458	458	100.00	91.05	458	WP_063855885.1	tetracycline efflux MFS transporter Tet(45)		
GCF_033798645.1		NZ_CP138356.1	1792303	1792821	+	satA	streptothricin N-acetyltransferase SatA	core	AMR	AMR	STREPTOTHRICIN	STREPTOTHRICIN	BLASTX	173	173	100.00	79.19	173	WP_003242546.1	streptothricin N-acetyltransferase SatA		
GCF_033798645.1		NZ_CP138356.1	3860481	3861527	-	clbA	23S rRNA (adenine(2503)-C(8))-methyltransferase ClbA	core	AMR	AMR	LINCOSAMIDE/MACROLIDE/STREPTOGRAMIN	LINCOSAMIDE/MACROLIDE/STREPTOGRAMIN	BLASTX	349	349	100.00	99.43	349	WP_012116915.1	23S rRNA (adenine(2503)-C(8))-methyltransferase ClbA		
GCF_033949325.1		NZ_JAWLRH010000002.1	118201	119052	-	aadK	aminoglycoside 6-adenylyltransferase AadK	core	AMR	AMR	AMINOGLYCOSIDE	STREPTOMYCIN	BLASTX	284	284	100.00	97.18	284	WP_003229862.1	aminoglycoside 6-adenylyltransferase AadK		
GCF_033949325.1		NZ_JAWLRH010000006.1	248404	249321	-	mphK	macrolide 2'-phosphotransferase MphK	core	AMR	AMR	MACROLIDE	TELITHROMYCIN/TYLOSIN	BLASTX	306	306	100.00	96.08	306	WP_003246254.1	macrolide 2'-phosphotransferase MphK		
GCF_033949325.1		NZ_JAWLRH010000015.1	12293	13915	-	vmlR	ABC-F type ribosomal protection protein VmlR	core	AMR	AMR	LINCOSAMIDE/PLEUROMUTILIN/STREPTOGRAMIN	LINCOMYCIN/TIAMULIN/VIRGINIAMYCIN M	BLASTX	541	547	98.90	95.38	541	WP_003234144.1	ABC-F type ribosomal protection protein VmlR		
GCF_033949325.1		NZ_JAWLRH010000018.1	27376	27894	-	satA	streptothricin N-acetyltransferase SatA	core	AMR	AMR	STREPTOTHRICIN	STREPTOTHRICIN	BLASTX	173	173	100.00	90.75	173	WP_003242546.1	streptothricin N-acetyltransferase SatA		
GCF_033949375.1		NZ_JAWMQH010000003.1	24052	24570	+	satA	streptothricin N-acetyltransferase SatA	core	AMR	AMR	STREPTOTHRICIN	STREPTOTHRICIN	BLASTX	173	173	100.00	79.77	173	WP_003242546.1	streptothricin N-acetyltransferase SatA		
GCF_033949375.1		NZ_JAWMQH010000011.1	101162	102208	+	clbA	23S rRNA (adenine(2503)-C(8))-methyltransferase ClbA	core	AMR	AMR	LINCOSAMIDE/MACROLIDE/STREPTOGRAMIN	LINCOSAMIDE/MACROLIDE/STREPTOGRAMIN	BLASTX	349	349	100.00	99.71	349	WP_012116915.1	23S rRNA (adenine(2503)-C(8))-methyltransferase ClbA		
GCF_034045075.1		NZ_JAXCWL010000003.1	316100	316612	+	bla2	BcII family subclass B1 metallo-beta-lactamase	core	AMR	AMR	BETA-LACTAM	CARBAPENEM	PARTIALX	171	257	66.54	92.40	171	WP_012261328.1	BcII family subclass B1 metallo-beta-lactamase		
GCF_034045075.1		NZ_JAXCWL010000003.1	552316	552867	-	satA	streptothricin N-acetyltransferase SatA	core	AMR	AMR	STREPTOTHRICIN	STREPTOTHRICIN	BLASTX	184	184	98.91	89.67	184	WP_000054744.1	streptothricin N-acetyltransferase SatA		
GCF_034045075.1		NZ_JAXCWL010000004.1	480337	480750	-	fosB	FosBx1 family fosfomycin resistance bacillithiol transferase	core	AMR	AMR	FOSFOMYCIN	FOSFOMYCIN	BLASTX	138	138	100.00	99.28	138	WP_000943763.1	fosfomycin resistance bacillithiol transferase FosBx1		
GCF_034045075.1		NZ_JAXCWL010000007.1	314588	315505	-	bla	class A beta-lactamase Bla1	core	AMR	AMR	BETA-LACTAM	BETA-LACTAM	BLASTX	306	306	100.00	95.10	306	WP_063842248.1	class A beta-lactamase Bla1		
GCF_034045075.1		NZ_JAXCWL010000009.1	76039	77412	+	tet(45)	tetracycline efflux MFS transporter Tet(45)	core	AMR	AMR	TETRACYCLINE	TETRACYCLINE	BLASTX	458	458	100.00	91.27	458	WP_063855885.1	tetracycline efflux MFS transporter Tet(45)		
GCF_034045075.1		NZ_JAXCWL010000020.1	8648	9808	-	vanS-Pt	vancomycin resistance histidine kinase VanS-Pt	core	AMR	AMR	GLYCOPEPTIDE	VANCOMYCIN	BLASTX	387	388	99.74	90.44	387	WP_063856742.1	vancomycin resistance histidine kinase VanS-Pt		
GCF_034045075.1		NZ_JAXCWL010000020.1	9792	10484	-	vanR-A	vancomycin resistance response regulator transcription factor VanR-A	core	AMR	AMR	GLYCOPEPTIDE	VANCOMYCIN	BLASTX	231	231	100.00	92.64	231	WP_063856721.1	vancomycin resistance response regulator transcription factor VanR-A		
GCF_034054115.1		NZ_CP139188.1	271676	272584	+	mphK	macrolide 2'-phosphotransferase MphK	core	AMR	AMR	MACROLIDE	TELITHROMYCIN/TYLOSIN	BLASTX	303	306	99.02	99.01	303	WP_003246254.1	macrolide 2'-phosphotransferase MphK		
GCF_034054115.1		NZ_CP139188.1	582352	583974	-	vmlR	ABC-F type ribosomal protection protein VmlR	core	AMR	AMR	LINCOSAMIDE/PLEUROMUTILIN/STREPTOGRAMIN	LINCOMYCIN/TIAMULIN/VIRGINIAMYCIN M	BLASTX	541	547	98.90	96.86	541	WP_003234144.1	ABC-F type ribosomal protection protein VmlR		
GCF_034054115.1		NZ_CP139188.1	2708957	2709808	-	aadK	aminoglycoside 6-adenylyltransferase AadK	core	AMR	AMR	AMINOGLYCOSIDE	STREPTOMYCIN	BLASTX	284	284	100.00	97.89	284	WP_003229862.1	aminoglycoside 6-adenylyltransferase AadK		
GCF_034054115.1		NZ_CP139188.1	4178206	4178724	-	satA	streptothricin N-acetyltransferase SatA	core	AMR	AMR	STREPTOTHRICIN	STREPTOTHRICIN	BLASTX	173	173	100.00	94.22	173	WP_003242546.1	streptothricin N-acetyltransferase SatA		
GCF_034060585.1		NZ_CP139053.1	561935	562981	+	clbA	23S rRNA (adenine(2503)-C(8))-methyltransferase ClbA	core	AMR	AMR	LINCOSAMIDE/MACROLIDE/STREPTOGRAMIN	LINCOSAMIDE/MACROLIDE/STREPTOGRAMIN	BLASTX	349	349	100.00	99.43	349	WP_012116915.1	23S rRNA (adenine(2503)-C(8))-methyltransferase ClbA		
GCF_034060585.1		NZ_CP139053.1	2575974	2576492	-	satA	streptothricin N-acetyltransferase SatA	core	AMR	AMR	STREPTOTHRICIN	STREPTOTHRICIN	BLASTX	173	173	100.00	79.19	173	WP_003242546.1	streptothricin N-acetyltransferase SatA		
GCF_034061945.1		NZ_CP139086.1	558415	559461	+	clbA	23S rRNA (adenine(2503)-C(8))-methyltransferase ClbA	core	AMR	AMR	LINCOSAMIDE/MACROLIDE/STREPTOGRAMIN	LINCOSAMIDE/MACROLIDE/STREPTOGRAMIN	BLASTX	349	349	100.00	99.43	349	WP_012116915.1	23S rRNA (adenine(2503)-C(8))-methyltransferase ClbA		
GCF_034061945.1		NZ_CP139086.1	2632916	2633434	-	satA	streptothricin N-acetyltransferase SatA	core	AMR	AMR	STREPTOTHRICIN	STREPTOTHRICIN	BLASTX	173	173	100.00	79.19	173	WP_003242546.1	streptothricin N-acetyltransferase SatA		
GCF_035064525.1		NZ_JAIQVF010000002.1	290316	290975	+	cat86	type A-6 chloramphenicol O-acetyltransferase Cat86	core	AMR	AMR	PHENICOL	CHLORAMPHENICOL	BLASTX	220	220	100.00	95.45	220	WP_050945244.1	type A-6 chloramphenicol O-acetyltransferase Cat86		
GCF_035064525.1		NZ_JAIQVF010000003.1	481011	481796	-	blaBPU	BPU family class D beta-lactamase	core	AMR	AMR	BETA-LACTAM	BETA-LACTAM	BLASTX	262	262	100.00	96.18	262	WP_041816295.1	class D beta-lactamase BPU-1		
GCF_035065055.1		NZ_JAXDER010000003.1	397497	398267	+	bla2	BcII family subclass B1 metallo-beta-lactamase	core	AMR	AMR	BETA-LACTAM	CARBAPENEM	BLASTX	257	257	100.00	94.16	257	WP_063839879.1	BcII family subclass B1 metallo-beta-lactamase		
GCF_035065055.1		NZ_JAXDER010000003.1	506286	507137	+	mleBCB	BCB family alpha/beta fold macrolide esterase	core	AMR	AMR	MACROLIDE	TYLOSIN	BLASTX	284	287	100.00	98.26	287	WP_459076516.1	BCB family alpha/beta fold macrolide esterase		
GCF_035065055.1		NZ_JAXDER010000003.1	618603	619154	-	satA	streptothricin N-acetyltransferase SatA	core	AMR	AMR	STREPTOTHRICIN	STREPTOTHRICIN	BLASTX	184	184	98.91	89.67	184	WP_000054744.1	streptothricin N-acetyltransferase SatA		
GCF_035065055.1		NZ_JAXDER010000010.1	38157	39074	+	bla	class A beta-lactamase Bla1	core	AMR	AMR	BETA-LACTAM	BETA-LACTAM	BLASTX	306	306	100.00	96.73	306	WP_063842248.1	class A beta-lactamase Bla1		
GCF_035065055.1		NZ_JAXDER010000014.1	58419	58832	+	fosB	FosBx1 family fosfomycin resistance bacillithiol transferase	core	AMR	AMR	FOSFOMYCIN	FOSFOMYCIN	BLASTX	138	138	100.00	99.28	138	WP_000943763.1	fosfomycin resistance bacillithiol transferase FosBx1		
GCF_035065085.1		NZ_JAXDES010000001.1	87530	87943	-	fosB	FosBx1 family fosfomycin resistance bacillithiol transferase	core	AMR	AMR	FOSFOMYCIN	FOSFOMYCIN	BLASTX	138	138	100.00	98.55	138	WP_000943763.1	fosfomycin resistance bacillithiol transferase FosBx1		
GCF_035065085.1		NZ_JAXDES010000002.1	121766	122683	+	bla	class A beta-lactamase Bla1	core	AMR	AMR	BETA-LACTAM	BETA-LACTAM	BLASTX	306	306	100.00	96.08	306	WP_063842248.1	class A beta-lactamase Bla1		
GCF_035065085.1		NZ_JAXDES010000002.1	656536	657093	+	satA	streptothricin N-acetyltransferase SatA	core	AMR	AMR	STREPTOTHRICIN	STREPTOTHRICIN	BLASTX	186	184	100.00	88.17	186	WP_000054744.1	streptothricin N-acetyltransferase SatA		
GCF_035065085.1		NZ_JAXDES010000006.1	391227	391997	+	bla2	BcII family subclass B1 metallo-beta-lactamase	core	AMR	AMR	BETA-LACTAM	CARBAPENEM	BLASTX	257	257	100.00	95.33	257	WP_063839879.1	BcII family subclass B1 metallo-beta-lactamase		
GCF_035658255.2		NZ_CP141895.2	534252	535298	+	clbA	23S rRNA (adenine(2503)-C(8))-methyltransferase ClbA	core	AMR	AMR	LINCOSAMIDE/MACROLIDE/STREPTOGRAMIN	LINCOSAMIDE/MACROLIDE/STREPTOGRAMIN	BLASTX	349	349	100.00	99.43	349	WP_012116915.1	23S rRNA (adenine(2503)-C(8))-methyltransferase ClbA		
GCF_035658255.2		NZ_CP141895.2	2549729	2550247	-	satA	streptothricin N-acetyltransferase SatA	core	AMR	AMR	STREPTOTHRICIN	STREPTOTHRICIN	BLASTX	173	173	100.00	80.35	173	WP_003242546.1	streptothricin N-acetyltransferase SatA		
GCF_035726865.1		NZ_JAPFFQ010000002.1	366347	366865	+	satA	streptothricin N-acetyltransferase SatA	core	AMR	AMR	STREPTOTHRICIN	STREPTOTHRICIN	BLASTX	173	173	100.00	80.35	173	WP_003242546.1	streptothricin N-acetyltransferase SatA		
GCF_035726865.1		NZ_JAPFFQ010000005.1	343739	344785	+	clbA	23S rRNA (adenine(2503)-C(8))-methyltransferase ClbA	core	AMR	AMR	LINCOSAMIDE/MACROLIDE/STREPTOGRAMIN	LINCOSAMIDE/MACROLIDE/STREPTOGRAMIN	BLASTX	349	349	100.00	99.71	349	WP_012116915.1	23S rRNA (adenine(2503)-C(8))-methyltransferase ClbA		
GCF_035807355.1		NZ_JARSEC010000004.1	520308	520964	-	cat86	type A-6 chloramphenicol O-acetyltransferase Cat86	core	AMR	AMR	PHENICOL	CHLORAMPHENICOL	BLASTX	219	220	100.00	90.45	220	WP_050945244.1	type A-6 chloramphenicol O-acetyltransferase Cat86		
GCF_035807415.1		NZ_JARSED010000001.1	184555	185208	+	cat86	type A-6 chloramphenicol O-acetyltransferase Cat86	core	AMR	AMR	PHENICOL	CHLORAMPHENICOL	BLASTX	218	220	99.09	91.28	218	WP_050945244.1	type A-6 chloramphenicol O-acetyltransferase Cat86		
GCF_035807435.1		NZ_JARSEE010000002.1	308047	308700	+	cat86	type A-6 chloramphenicol O-acetyltransferase Cat86	core	AMR	AMR	PHENICOL	CHLORAMPHENICOL	BLASTX	218	220	99.09	91.28	218	WP_050945244.1	type A-6 chloramphenicol O-acetyltransferase Cat86		
GCF_035807455.1		NZ_JARSEG010000002.1	203408	203926	-	satA	streptothricin N-acetyltransferase SatA	core	AMR	AMR	STREPTOTHRICIN	STREPTOTHRICIN	BLASTX	173	173	100.00	79.19	173	WP_003242546.1	streptothricin N-acetyltransferase SatA		
GCF_035807455.1		NZ_JARSEG010000005.1	336378	337424	+	clbA	23S rRNA (adenine(2503)-C(8))-methyltransferase ClbA	core	AMR	AMR	LINCOSAMIDE/MACROLIDE/STREPTOGRAMIN	LINCOSAMIDE/MACROLIDE/STREPTOGRAMIN	BLASTX	349	349	100.00	99.43	349	WP_012116915.1	23S rRNA (adenine(2503)-C(8))-methyltransferase ClbA		
GCF_035807515.1		NZ_JARSEF010000001.1	308995	309648	+	cat86	type A-6 chloramphenicol O-acetyltransferase Cat86	core	AMR	AMR	PHENICOL	CHLORAMPHENICOL	BLASTX	218	220	99.09	91.28	218	WP_050945244.1	type A-6 chloramphenicol O-acetyltransferase Cat86		
GCF_035808035.1		NZ_JARSFH010000007.1	203458	203976	-	satA	streptothricin N-acetyltransferase SatA	core	AMR	AMR	STREPTOTHRICIN	STREPTOTHRICIN	BLASTX	173	173	100.00	78.03	173	WP_003242546.1	streptothricin N-acetyltransferase SatA		
GCF_035808035.1		NZ_JARSFH010000010.1	152520	153566	+	clbA	23S rRNA (adenine(2503)-C(8))-methyltransferase ClbA	core	AMR	AMR	LINCOSAMIDE/MACROLIDE/STREPTOGRAMIN	LINCOSAMIDE/MACROLIDE/STREPTOGRAMIN	BLASTX	349	349	100.00	99.71	349	WP_012116915.1	23S rRNA (adenine(2503)-C(8))-methyltransferase ClbA		
GCF_035808075.1		NZ_JARSFJ010000001.1	1687863	1688381	-	satA	streptothricin N-acetyltransferase SatA	core	AMR	AMR	STREPTOTHRICIN	STREPTOTHRICIN	BLASTX	173	173	100.00	80.35	173	WP_003242546.1	streptothricin N-acetyltransferase SatA		
GCF_035808075.1		NZ_JARSFJ010000004.1	52478	53524	-	clbA	23S rRNA (adenine(2503)-C(8))-methyltransferase ClbA	core	AMR	AMR	LINCOSAMIDE/MACROLIDE/STREPTOGRAMIN	LINCOSAMIDE/MACROLIDE/STREPTOGRAMIN	BLASTX	349	349	100.00	99.43	349	WP_012116915.1	23S rRNA (adenine(2503)-C(8))-methyltransferase ClbA		
GCF_036323435.1		NZ_AP028932.1	559143	560189	+	clbA	23S rRNA (adenine(2503)-C(8))-methyltransferase ClbA	core	AMR	AMR	LINCOSAMIDE/MACROLIDE/STREPTOGRAMIN	LINCOSAMIDE/MACROLIDE/STREPTOGRAMIN	BLASTX	349	349	100.00	97.13	349	WP_012116915.1	23S rRNA (adenine(2503)-C(8))-methyltransferase ClbA		
GCF_036348295.1		NZ_JAZBQV010000002.1	477978	478637	-	cat86	type A-6 chloramphenicol O-acetyltransferase Cat86	core	AMR	AMR	PHENICOL	CHLORAMPHENICOL	BLASTX	220	220	100.00	90.91	220	WP_050945244.1	type A-6 chloramphenicol O-acetyltransferase Cat86		
GCF_036348315.1		NZ_JAZBQU010000002.1	477978	478637	-	cat86	type A-6 chloramphenicol O-acetyltransferase Cat86	core	AMR	AMR	PHENICOL	CHLORAMPHENICOL	BLASTX	220	220	100.00	90.91	220	WP_050945244.1	type A-6 chloramphenicol O-acetyltransferase Cat86		
GCF_036348355.1		NZ_JAZBQT010000001.1	1729962	1730480	-	satA	streptothricin N-acetyltransferase SatA	core	AMR	AMR	STREPTOTHRICIN	STREPTOTHRICIN	BLASTX	173	173	100.00	78.03	173	WP_003242546.1	streptothricin N-acetyltransferase SatA		
GCF_036348355.1		NZ_JAZBQT010000003.1	50301	51347	-	clbA	23S rRNA (adenine(2503)-C(8))-methyltransferase ClbA	core	AMR	AMR	LINCOSAMIDE/MACROLIDE/STREPTOGRAMIN	LINCOSAMIDE/MACROLIDE/STREPTOGRAMIN	BLASTX	349	349	100.00	97.42	349	WP_012116915.1	23S rRNA (adenine(2503)-C(8))-methyltransferase ClbA		
GCF_036348375.1		NZ_JAZBQZ010000002.1	477978	478637	-	cat86	type A-6 chloramphenicol O-acetyltransferase Cat86	core	AMR	AMR	PHENICOL	CHLORAMPHENICOL	BLASTX	220	220	100.00	90.91	220	WP_050945244.1	type A-6 chloramphenicol O-acetyltransferase Cat86		
GCF_036351855.1		NZ_JAZBQY010000002.1	477978	478637	-	cat86	type A-6 chloramphenicol O-acetyltransferase Cat86	core	AMR	AMR	PHENICOL	CHLORAMPHENICOL	BLASTX	220	220	100.00	90.91	220	WP_050945244.1	type A-6 chloramphenicol O-acetyltransferase Cat86		
GCF_036351915.1		NZ_JAZBQX010000002.1	477978	478637	-	cat86	type A-6 chloramphenicol O-acetyltransferase Cat86	core	AMR	AMR	PHENICOL	CHLORAMPHENICOL	BLASTX	220	220	100.00	90.91	220	WP_050945244.1	type A-6 chloramphenicol O-acetyltransferase Cat86		
GCF_036408805.1		NZ_JAZGJW010000001.1	2052095	2052865	+	bla2	BcII family subclass B1 metallo-beta-lactamase	core	AMR	AMR	BETA-LACTAM	CARBAPENEM	BLASTX	257	257	100.00	92.61	257	WP_063839879.1	BcII family subclass B1 metallo-beta-lactamase		
GCF_036408805.1		NZ_JAZGJW010000001.1	2997941	2998858	-	bla	class A beta-lactamase Bla1	core	AMR	AMR	BETA-LACTAM	BETA-LACTAM	BLASTX	306	306	100.00	96.08	306	WP_063842248.1	class A beta-lactamase Bla1		
GCF_036408805.1		NZ_JAZGJW010000002.1	338151	338564	-	fosB	FosBx1 family fosfomycin resistance bacillithiol transferase	core	AMR	AMR	FOSFOMYCIN	FOSFOMYCIN	BLASTX	138	138	100.00	99.28	138	WP_000943763.1	fosfomycin resistance bacillithiol transferase FosBx1		
GCF_036408805.1		NZ_JAZGJW010000003.1	554151	554843	+	vanR-A	vancomycin resistance response regulator transcription factor VanR-A	core	AMR	AMR	GLYCOPEPTIDE	VANCOMYCIN	BLASTX	231	231	100.00	93.07	231	WP_063856721.1	vancomycin resistance response regulator transcription factor VanR-A		
GCF_036408805.1		NZ_JAZGJW010000003.1	554827	555987	+	vanS-Pt	vancomycin resistance histidine kinase VanS-Pt	core	AMR	AMR	GLYCOPEPTIDE	VANCOMYCIN	BLASTX	387	388	99.74	90.18	387	WP_063856742.1	vancomycin resistance histidine kinase VanS-Pt		
GCF_036408815.1		NZ_JAZGJY010000001.1	801667	802080	+	fosB	FosBx1 family fosfomycin resistance bacillithiol transferase	core	AMR	AMR	FOSFOMYCIN	FOSFOMYCIN	BLASTX	138	138	100.00	98.55	138	WP_000943763.1	fosfomycin resistance bacillithiol transferase FosBx1		
GCF_036408815.1		NZ_JAZGJY010000001.1	1196290	1197141	+	mleBCB	BCB family alpha/beta fold macrolide esterase	core	AMR	AMR	MACROLIDE	TYLOSIN	BLASTX	284	287	100.00	93.38	287	WP_459076516.1	BCB family alpha/beta fold macrolide esterase		
GCF_036408815.1		NZ_JAZGJY010000001.1	1280342	1281259	+	bla	class A beta-lactamase Bla1	core	AMR	AMR	BETA-LACTAM	BETA-LACTAM	BLASTX	306	306	100.00	97.06	306	WP_063842248.1	class A beta-lactamase Bla1		
GCF_036408815.1		NZ_JAZGJY010000001.1	1873993	1874550	+	satA	streptothricin N-acetyltransferase SatA	core	AMR	AMR	STREPTOTHRICIN	STREPTOTHRICIN	BLASTX	186	184	100.00	89.25	186	WP_000054744.1	streptothricin N-acetyltransferase SatA		
GCF_036408815.1		NZ_JAZGJY010000001.1	2128837	2129607	-	bla2	BcII family subclass B1 metallo-beta-lactamase	core	AMR	AMR	BETA-LACTAM	CARBAPENEM	BLASTX	257	257	100.00	95.72	257	WP_063839879.1	BcII family subclass B1 metallo-beta-lactamase		
GCF_036408835.1		NZ_JAZGJZ010000001.1	162529	162942	+	fosB	FosBx1 family fosfomycin resistance bacillithiol transferase	core	AMR	AMR	FOSFOMYCIN	FOSFOMYCIN	BLASTX	138	138	100.00	98.55	138	WP_000943763.1	fosfomycin resistance bacillithiol transferase FosBx1		
GCF_036408835.1		NZ_JAZGJZ010000001.1	557152	558003	+	mleBCB	BCB family alpha/beta fold macrolide esterase	core	AMR	AMR	MACROLIDE	TYLOSIN	BLASTX	284	287	100.00	93.38	287	WP_459076516.1	BCB family alpha/beta fold macrolide esterase		
GCF_036408835.1		NZ_JAZGJZ010000001.1	641204	642121	+	bla	class A beta-lactamase Bla1	core	AMR	AMR	BETA-LACTAM	BETA-LACTAM	BLASTX	306	306	100.00	97.06	306	WP_063842248.1	class A beta-lactamase Bla1		
GCF_036408835.1		NZ_JAZGJZ010000001.1	1234819	1235376	+	satA	streptothricin N-acetyltransferase SatA	core	AMR	AMR	STREPTOTHRICIN	STREPTOTHRICIN	BLASTX	186	184	100.00	89.25	186	WP_000054744.1	streptothricin N-acetyltransferase SatA		
GCF_036408835.1		NZ_JAZGJZ010000001.1	1489662	1490432	-	bla2	BcII family subclass B1 metallo-beta-lactamase	core	AMR	AMR	BETA-LACTAM	CARBAPENEM	BLASTX	257	257	100.00	95.72	257	WP_063839879.1	BcII family subclass B1 metallo-beta-lactamase		
GCF_036408975.1		NZ_JAZGJV010000001.1	1594172	1594585	+	fosB	FosBx1 family fosfomycin resistance bacillithiol transferase	core	AMR	AMR	FOSFOMYCIN	FOSFOMYCIN	BLASTX	138	138	100.00	93.48	138	WP_000943763.1	fosfomycin resistance bacillithiol transferase FosBx1		
GCF_036408975.1		NZ_JAZGJV010000001.1	2033858	2034775	+	bla	class A beta-lactamase Bla1	core	AMR	AMR	BETA-LACTAM	BETA-LACTAM	BLASTX	306	306	100.00	91.18	306	WP_063842248.1	class A beta-lactamase Bla1		
GCF_036408975.1		NZ_JAZGJV010000001.1	2284653	2285504	+	mleBCA	BCA family alpha/beta fold macrolide esterase	core	AMR	AMR	MACROLIDE	TYLOSIN	BLASTX	284	287	98.95	93.31	284	WP_000140039.1	BCA family alpha/beta fold macrolide esterase		
GCF_036408975.1		NZ_JAZGJV010000001.1	2921896	2922663	-	bla2	BcII family subclass B1 metallo-beta-lactamase	core	AMR	AMR	BETA-LACTAM	CARBAPENEM	BLASTX	256	256	100.00	92.19	256	WP_000799232.1	BcII family subclass B1 metallo-beta-lactamase		
GCF_036621155.1		NZ_JAZIBI010000001.1	228137	228649	-	bla2	BcII family subclass B1 metallo-beta-lactamase	core	AMR	AMR	BETA-LACTAM	CARBAPENEM	PARTIALX	171	257	66.54	92.40	171	WP_012261328.1	BcII family subclass B1 metallo-beta-lactamase		
GCF_036621155.1		NZ_JAZIBI010000002.1	833247	833660	+	fosB	FosBx1 family fosfomycin resistance bacillithiol transferase	core	AMR	AMR	FOSFOMYCIN	FOSFOMYCIN	BLASTX	138	138	100.00	97.10	138	WP_000943763.1	fosfomycin resistance bacillithiol transferase FosBx1		
GCF_036621155.1		NZ_JAZIBI010000005.1	25436	26353	-	bla	class A beta-lactamase Bla1	core	AMR	AMR	BETA-LACTAM	BETA-LACTAM	BLASTX	306	306	100.00	97.06	306	WP_063842248.1	class A beta-lactamase Bla1		
GCF_036621155.1		NZ_JAZIBI010000009.1	12267	12818	-	satA	streptothricin N-acetyltransferase SatA	core	AMR	AMR	STREPTOTHRICIN	STREPTOTHRICIN	BLASTX	184	184	98.91	89.67	184	WP_000054744.1	streptothricin N-acetyltransferase SatA		
GCF_036621195.1		NZ_JAZIEZ010000001.1	1424747	1425259	+	bla2	BcII family subclass B1 metallo-beta-lactamase	core	AMR	AMR	BETA-LACTAM	CARBAPENEM	PARTIALX	171	257	66.54	92.40	171	WP_012261328.1	BcII family subclass B1 metallo-beta-lactamase		
GCF_036621195.1		NZ_JAZIEZ010000005.1	25436	26353	-	bla	class A beta-lactamase Bla1	core	AMR	AMR	BETA-LACTAM	BETA-LACTAM	BLASTX	306	306	100.00	97.06	306	WP_063842248.1	class A beta-lactamase Bla1		
GCF_036621195.1		NZ_JAZIEZ010000009.1	135312	135863	+	satA	streptothricin N-acetyltransferase SatA	core	AMR	AMR	STREPTOTHRICIN	STREPTOTHRICIN	BLASTX	184	184	98.91	89.67	184	WP_000054744.1	streptothricin N-acetyltransferase SatA		
GCF_036621195.1		NZ_JAZIEZ010000012.1	57706	58119	+	fosB	FosBx1 family fosfomycin resistance bacillithiol transferase	core	AMR	AMR	FOSFOMYCIN	FOSFOMYCIN	BLASTX	138	138	100.00	97.10	138	WP_000943763.1	fosfomycin resistance bacillithiol transferase FosBx1		
GCF_036621215.1		NZ_JAZIBL010000001.1	992614	993384	+	bla2	BcII family subclass B1 metallo-beta-lactamase	core	AMR	AMR	BETA-LACTAM	CARBAPENEM	BLASTX	257	257	100.00	93.00	257	WP_063839879.1	BcII family subclass B1 metallo-beta-lactamase		
GCF_036621215.1		NZ_JAZIBL010000001.1	1099996	1100847	+	mleBCB	BCB family alpha/beta fold macrolide esterase	core	AMR	AMR	MACROLIDE	TYLOSIN	BLASTX	284	287	100.00	98.26	287	WP_459076516.1	BCB family alpha/beta fold macrolide esterase		
GCF_036621215.1		NZ_JAZIBL010000001.1	1857290	1858207	-	bla	class A beta-lactamase Bla1	core	AMR	AMR	BETA-LACTAM	BETA-LACTAM	BLASTX	306	306	100.00	99.02	306	WP_063842248.1	class A beta-lactamase Bla1		
GCF_036621215.1		NZ_JAZIBL010000002.1	114228	114641	-	fosB	FosBx1 family fosfomycin resistance bacillithiol transferase	core	AMR	AMR	FOSFOMYCIN	FOSFOMYCIN	BLASTX	138	138	100.00	99.28	138	WP_000943763.1	fosfomycin resistance bacillithiol transferase FosBx1		
GCF_036621235.1		NZ_JAZIBK010000001.1	435878	436795	+	bla	class A beta-lactamase Bla1	core	AMR	AMR	BETA-LACTAM	BETA-LACTAM	BLASTX	306	306	100.00	97.39	306	WP_063842248.1	class A beta-lactamase Bla1		
GCF_036621235.1		NZ_JAZIBK010000006.1	367927	368478	+	satA	streptothricin N-acetyltransferase SatA	core	AMR	AMR	STREPTOTHRICIN	STREPTOTHRICIN	BLASTX	184	184	98.91	89.13	184	WP_000054744.1	streptothricin N-acetyltransferase SatA		
GCF_036621235.1		NZ_JAZIBK010000007.1	40636	41406	-	bla2	BcII family subclass B1 metallo-beta-lactamase	core	AMR	AMR	BETA-LACTAM	CARBAPENEM	BLASTX	257	257	100.00	93.00	257	WP_063839879.1	BcII family subclass B1 metallo-beta-lactamase		
GCF_036621235.1		NZ_JAZIBK010000014.1	123654	124067	-	fosBx1	fosfomycin resistance bacillithiol transferase FosBx1	core	AMR	AMR	FOSFOMYCIN	FOSFOMYCIN	ALLELEX	138	138	100.00	100.00	138	WP_000943763.1	fosfomycin resistance bacillithiol transferase FosBx1		
GCF_036621255.1		NZ_JAZIBJ010000001.1	1384911	1385681	+	bla2	BcII family subclass B1 metallo-beta-lactamase	core	AMR	AMR	BETA-LACTAM	CARBAPENEM	BLASTX	257	257	100.00	93.00	257	WP_063839879.1	BcII family subclass B1 metallo-beta-lactamase		
GCF_036621255.1		NZ_JAZIBJ010000001.1	1492293	1493144	+	mleBCB	BCB family alpha/beta fold macrolide esterase	core	AMR	AMR	MACROLIDE	TYLOSIN	BLASTX	284	287	100.00	98.26	287	WP_459076516.1	BCB family alpha/beta fold macrolide esterase		
GCF_036621255.1		NZ_JAZIBJ010000001.1	2249587	2250504	-	bla	class A beta-lactamase Bla1	core	AMR	AMR	BETA-LACTAM	BETA-LACTAM	BLASTX	306	306	100.00	99.02	306	WP_063842248.1	class A beta-lactamase Bla1		
GCF_036621255.1		NZ_JAZIBJ010000002.1	114228	114641	-	fosB	FosBx1 family fosfomycin resistance bacillithiol transferase	core	AMR	AMR	FOSFOMYCIN	FOSFOMYCIN	BLASTX	138	138	100.00	99.28	138	WP_000943763.1	fosfomycin resistance bacillithiol transferase FosBx1		
GCF_036621275.1		NZ_JAZIFA010000002.1	331794	332687	-	mphM	macrolide 2'-phosphotransferase MphM	core	AMR	AMR	MACROLIDE	MACROLIDE	BLASTX	298	299	99.67	90.60	298	WP_016078774.1	macrolide 2'-phosphotransferase MphM		
GCF_036621275.1		NZ_JAZIFA010000003.1	131724	132491	-	bla2	BcII family subclass B1 metallo-beta-lactamase	core	AMR	AMR	BETA-LACTAM	CARBAPENEM	BLASTX	256	256	100.00	98.83	256	WP_000799223.1	BcII family subclass B1 metallo-beta-lactamase		
GCF_036621275.1		NZ_JAZIFA010000005.1	177738	178655	+	bla	class A beta-lactamase Bla1	core	AMR	AMR	BETA-LACTAM	BETA-LACTAM	BLASTX	306	306	100.00	96.41	306	WP_003171307.1	class A beta-lactamase Bla1		
GCF_036621275.1		NZ_JAZIFA010000016.1	105924	106784	+	mleBCA	BCA family alpha/beta fold macrolide esterase	core	AMR	AMR	MACROLIDE	TYLOSIN	BLASTX	287	287	100.00	93.38	287	WP_000140039.1	BCA family alpha/beta fold macrolide esterase		
GCF_036621275.1		NZ_JAZIFA010000019.1	77951	78364	+	fosB	FosBx1 family fosfomycin resistance bacillithiol transferase	core	AMR	AMR	FOSFOMYCIN	FOSFOMYCIN	BLASTX	138	138	100.00	92.03	138	WP_000943763.1	fosfomycin resistance bacillithiol transferase FosBx1		
GCF_036621295.1		NZ_JAZIFD010000001.1	407745	408596	-	mleBCA	BCA family alpha/beta fold macrolide esterase	core	AMR	AMR	MACROLIDE	TYLOSIN	BLASTX	284	287	98.95	93.66	284	WP_000140039.1	BCA family alpha/beta fold macrolide esterase		
GCF_036621295.1		NZ_JAZIFD010000001.1	592417	593334	-	bla	class A beta-lactamase Bla1	core	AMR	AMR	BETA-LACTAM	BETA-LACTAM	BLASTX	306	306	100.00	93.46	306	WP_003171307.1	class A beta-lactamase Bla1		
GCF_036621295.1		NZ_JAZIFD010000001.1	1041374	1041787	-	fosB	FosBx1 family fosfomycin resistance bacillithiol transferase	core	AMR	AMR	FOSFOMYCIN	FOSFOMYCIN	BLASTX	138	138	100.00	90.58	138	WP_000943763.1	fosfomycin resistance bacillithiol transferase FosBx1		
GCF_036621295.1		NZ_JAZIFD010000002.1	634107	634874	+	bla2	BcII family subclass B1 metallo-beta-lactamase	core	AMR	AMR	BETA-LACTAM	CARBAPENEM	BLASTX	256	256	100.00	95.31	256	WP_000799223.1	BcII family subclass B1 metallo-beta-lactamase		
GCF_036621295.1		NZ_JAZIFD010000002.1	823772	824464	+	vanR-A	vancomycin resistance response regulator transcription factor VanR-A	core	AMR	AMR	GLYCOPEPTIDE	VANCOMYCIN	BLASTX	231	231	100.00	92.64	231	WP_063856721.1	vancomycin resistance response regulator transcription factor VanR-A		
GCF_036621295.1		NZ_JAZIFD010000002.1	824448	825608	+	vanS-Pt	vancomycin resistance histidine kinase VanS-Pt	core	AMR	AMR	GLYCOPEPTIDE	VANCOMYCIN	BLASTX	387	388	99.74	90.44	387	WP_063856742.1	vancomycin resistance histidine kinase VanS-Pt		
GCF_036621295.1		NZ_JAZIFD010000007.1	27129	28502	+	tet(45)	tetracycline efflux MFS transporter Tet(45)	core	AMR	AMR	TETRACYCLINE	TETRACYCLINE	BLASTX	458	458	100.00	91.27	458	WP_063855885.1	tetracycline efflux MFS transporter Tet(45)		
GCF_036621295.1		NZ_JAZIFD010000007.1	100208	101101	+	mphM	macrolide 2'-phosphotransferase MphM	core	AMR	AMR	MACROLIDE	MACROLIDE	BLASTX	298	299	99.67	90.60	298	WP_016078774.1	macrolide 2'-phosphotransferase MphM		
GCF_036621315.1		NZ_JAZIFB010000003.1	131724	132491	-	bla2	BcII family subclass B1 metallo-beta-lactamase	core	AMR	AMR	BETA-LACTAM	CARBAPENEM	BLASTX	256	256	100.00	98.83	256	WP_000799223.1	BcII family subclass B1 metallo-beta-lactamase		
GCF_036621315.1		NZ_JAZIFB010000004.1	331840	332733	-	mphM	macrolide 2'-phosphotransferase MphM	core	AMR	AMR	MACROLIDE	MACROLIDE	BLASTX	298	299	99.67	90.60	298	WP_016078774.1	macrolide 2'-phosphotransferase MphM		
GCF_036621315.1		NZ_JAZIFB010000008.1	177738	178655	+	bla	class A beta-lactamase Bla1	core	AMR	AMR	BETA-LACTAM	BETA-LACTAM	BLASTX	306	306	100.00	96.41	306	WP_003171307.1	class A beta-lactamase Bla1		
GCF_036621315.1		NZ_JAZIFB010000015.1	105924	106784	+	mleBCA	BCA family alpha/beta fold macrolide esterase	core	AMR	AMR	MACROLIDE	TYLOSIN	BLASTX	287	287	100.00	93.38	287	WP_000140039.1	BCA family alpha/beta fold macrolide esterase		
GCF_036621315.1		NZ_JAZIFB010000018.1	29316	29729	-	fosB	FosBx1 family fosfomycin resistance bacillithiol transferase	core	AMR	AMR	FOSFOMYCIN	FOSFOMYCIN	BLASTX	138	138	100.00	92.03	138	WP_000943763.1	fosfomycin resistance bacillithiol transferase FosBx1		
GCF_036621335.1		NZ_JAZIFF010000001.1	344862	345779	-	bla	class A beta-lactamase Bla1	core	AMR	AMR	BETA-LACTAM	BETA-LACTAM	BLASTX	306	306	100.00	97.71	306	WP_063842248.1	class A beta-lactamase Bla1		
GCF_036621335.1		NZ_JAZIFF010000001.1	396007	397170	-	vanS-Pt	vancomycin resistance histidine kinase VanS-Pt	core	AMR	AMR	GLYCOPEPTIDE	VANCOMYCIN	BLASTX	388	386	100.00	90.72	388	WP_063856741.1	vancomycin resistance histidine kinase VanS-Pt		
GCF_036621335.1		NZ_JAZIFF010000001.1	397154	397843	-	vanR-A	vancomycin resistance response regulator transcription factor VanR-A	core	AMR	AMR	GLYCOPEPTIDE	VANCOMYCIN	BLASTX	230	231	99.57	95.65	230	WP_063856721.1	vancomycin resistance response regulator transcription factor VanR-A		
GCF_036621335.1		NZ_JAZIFF010000001.1	847278	847691	-	fosB	FosBx1 family fosfomycin resistance bacillithiol transferase	core	AMR	AMR	FOSFOMYCIN	FOSFOMYCIN	BLASTX	138	138	100.00	99.28	138	WP_000943763.1	fosfomycin resistance bacillithiol transferase FosBx1		
GCF_036621335.1		NZ_JAZIFF010000006.1	80835	81386	-	satA	streptothricin N-acetyltransferase SatA	core	AMR	AMR	STREPTOTHRICIN	STREPTOTHRICIN	BLASTX	184	184	98.91	88.59	184	WP_000054744.1	streptothricin N-acetyltransferase SatA		
GCF_036621335.1		NZ_JAZIFF010000008.1	192963	193733	-	bla2	BcII family subclass B1 metallo-beta-lactamase	core	AMR	AMR	BETA-LACTAM	CARBAPENEM	BLASTX	257	257	100.00	93.39	257	WP_063839879.1	BcII family subclass B1 metallo-beta-lactamase		
GCF_036621335.1		NZ_JAZIFF010000018.1	48748	49695	-	blaIII	class A beta-lactamase BlaIII	core	AMR	AMR	BETA-LACTAM	BETA-LACTAM	BLASTX	316	316	100.00	98.73	316	WP_000497840.1	class A beta-lactamase BlaIII		
GCF_036621355.1		NZ_JAZIFE010000004.1	298154	299071	-	bla	class A beta-lactamase Bla1	core	AMR	AMR	BETA-LACTAM	BETA-LACTAM	BLASTX	306	306	100.00	97.39	306	WP_063842248.1	class A beta-lactamase Bla1		
GCF_036621355.1		NZ_JAZIFE010000006.1	367927	368478	+	satA	streptothricin N-acetyltransferase SatA	core	AMR	AMR	STREPTOTHRICIN	STREPTOTHRICIN	BLASTX	184	184	98.91	89.13	184	WP_000054744.1	streptothricin N-acetyltransferase SatA		
GCF_036621355.1		NZ_JAZIFE010000014.1	123654	124067	-	fosBx1	fosfomycin resistance bacillithiol transferase FosBx1	core	AMR	AMR	FOSFOMYCIN	FOSFOMYCIN	ALLELEX	138	138	100.00	100.00	138	WP_000943763.1	fosfomycin resistance bacillithiol transferase FosBx1		
GCF_036621355.1		NZ_JAZIFE010000016.1	73818	74588	+	bla2	BcII family subclass B1 metallo-beta-lactamase	core	AMR	AMR	BETA-LACTAM	CARBAPENEM	BLASTX	257	257	100.00	93.00	257	WP_063839879.1	BcII family subclass B1 metallo-beta-lactamase		
GCF_036621365.1		NZ_JAZIFC010000001.1	344862	345779	-	bla	class A beta-lactamase Bla1	core	AMR	AMR	BETA-LACTAM	BETA-LACTAM	BLASTX	306	306	100.00	97.71	306	WP_063842248.1	class A beta-lactamase Bla1		
GCF_036621365.1		NZ_JAZIFC010000001.1	396007	397170	-	vanS-Pt	vancomycin resistance histidine kinase VanS-Pt	core	AMR	AMR	GLYCOPEPTIDE	VANCOMYCIN	BLASTX	388	386	100.00	90.72	388	WP_063856741.1	vancomycin resistance histidine kinase VanS-Pt		
GCF_036621365.1		NZ_JAZIFC010000001.1	397154	397843	-	vanR-A	vancomycin resistance response regulator transcription factor VanR-A	core	AMR	AMR	GLYCOPEPTIDE	VANCOMYCIN	BLASTX	230	231	99.57	95.65	230	WP_063856721.1	vancomycin resistance response regulator transcription factor VanR-A		
GCF_036621365.1		NZ_JAZIFC010000001.1	847278	847691	-	fosB	FosBx1 family fosfomycin resistance bacillithiol transferase	core	AMR	AMR	FOSFOMYCIN	FOSFOMYCIN	BLASTX	138	138	100.00	99.28	138	WP_000943763.1	fosfomycin resistance bacillithiol transferase FosBx1		
GCF_036621365.1		NZ_JAZIFC010000006.1	80835	81386	-	satA	streptothricin N-acetyltransferase SatA	core	AMR	AMR	STREPTOTHRICIN	STREPTOTHRICIN	BLASTX	184	184	98.91	88.59	184	WP_000054744.1	streptothricin N-acetyltransferase SatA		
GCF_036621365.1		NZ_JAZIFC010000008.1	19329	20099	+	bla2	BcII family subclass B1 metallo-beta-lactamase	core	AMR	AMR	BETA-LACTAM	CARBAPENEM	BLASTX	257	257	100.00	93.39	257	WP_063839879.1	BcII family subclass B1 metallo-beta-lactamase		
GCF_036621365.1		NZ_JAZIFC010000014.1	36704	37651	+	blaIII	class A beta-lactamase BlaIII	core	AMR	AMR	BETA-LACTAM	BETA-LACTAM	BLASTX	316	316	100.00	98.73	316	WP_000497840.1	class A beta-lactamase BlaIII		
GCF_036621395.1		NZ_JAZIFW010000001.1	1427567	1428079	+	bla2	BcII family subclass B1 metallo-beta-lactamase	core	AMR	AMR	BETA-LACTAM	CARBAPENEM	PARTIALX	171	257	66.54	92.40	171	WP_012261328.1	BcII family subclass B1 metallo-beta-lactamase		
GCF_036621395.1		NZ_JAZIFW010000002.1	947632	948045	+	fosB	FosBx1 family fosfomycin resistance bacillithiol transferase	core	AMR	AMR	FOSFOMYCIN	FOSFOMYCIN	BLASTX	138	138	100.00	97.10	138	WP_000943763.1	fosfomycin resistance bacillithiol transferase FosBx1		
GCF_036621395.1		NZ_JAZIFW010000005.1	25436	26353	-	bla	class A beta-lactamase Bla1	core	AMR	AMR	BETA-LACTAM	BETA-LACTAM	BLASTX	306	306	100.00	97.06	306	WP_063842248.1	class A beta-lactamase Bla1		
GCF_036621395.1		NZ_JAZIFW010000009.1	135312	135863	+	satA	streptothricin N-acetyltransferase SatA	core	AMR	AMR	STREPTOTHRICIN	STREPTOTHRICIN	BLASTX	184	184	98.91	89.67	184	WP_000054744.1	streptothricin N-acetyltransferase SatA		
GCF_036961785.1		NZ_JBALNI010000020.1	25679	26725	-	clbA	23S rRNA (adenine(2503)-C(8))-methyltransferase ClbA	core	AMR	AMR	LINCOSAMIDE/MACROLIDE/STREPTOGRAMIN	LINCOSAMIDE/MACROLIDE/STREPTOGRAMIN	BLASTX	349	349	100.00	99.71	349	WP_012116915.1	23S rRNA (adenine(2503)-C(8))-methyltransferase ClbA		
GCF_036961785.1		NZ_JBALNI010000051.1	19164	19682	-	satA	streptothricin N-acetyltransferase SatA	core	AMR	AMR	STREPTOTHRICIN	STREPTOTHRICIN	BLASTX	173	173	100.00	78.61	173	WP_003242546.1	streptothricin N-acetyltransferase SatA		
GCF_036961825.1		NZ_JBALNL010000008.1	194693	195211	-	satA	streptothricin N-acetyltransferase SatA	core	AMR	AMR	STREPTOTHRICIN	STREPTOTHRICIN	BLASTX	173	173	100.00	78.61	173	WP_003242546.1	streptothricin N-acetyltransferase SatA		
GCF_036961825.1		NZ_JBALNL010000016.1	186625	187671	+	clbA	23S rRNA (adenine(2503)-C(8))-methyltransferase ClbA	core	AMR	AMR	LINCOSAMIDE/MACROLIDE/STREPTOGRAMIN	LINCOSAMIDE/MACROLIDE/STREPTOGRAMIN	BLASTX	349	349	100.00	99.43	349	WP_012116915.1	23S rRNA (adenine(2503)-C(8))-methyltransferase ClbA		
GCF_036961965.1		NZ_JBALNP010000011.1	3013	3531	-	satA	streptothricin N-acetyltransferase SatA	core	AMR	AMR	STREPTOTHRICIN	STREPTOTHRICIN	BLASTX	173	173	100.00	78.61	173	WP_003242546.1	streptothricin N-acetyltransferase SatA		
GCF_036961965.1		NZ_JBALNP010000025.1	75429	76475	+	clbA	23S rRNA (adenine(2503)-C(8))-methyltransferase ClbA	core	AMR	AMR	LINCOSAMIDE/MACROLIDE/STREPTOGRAMIN	LINCOSAMIDE/MACROLIDE/STREPTOGRAMIN	BLASTX	349	349	100.00	99.71	349	WP_012116915.1	23S rRNA (adenine(2503)-C(8))-methyltransferase ClbA		
GCF_036962035.1		NZ_JBALNX010000020.1	19735	21003	-	abaF	fosfomycin efflux MFS transporter AbaF	plus	AMR	AMR	FOSFOMYCIN	FOSFOMYCIN	BLASTX	423	429	98.60	84.87	423	ABO11759.2	fosfomycin efflux MFS transporter AbaF		
GCF_036962225.1		NZ_JBALNC010000006.1	80706	81623	+	mphK	macrolide 2'-phosphotransferase MphK	core	AMR	AMR	MACROLIDE	TELITHROMYCIN/TYLOSIN	BLASTX	306	306	100.00	97.71	306	WP_003246254.1	macrolide 2'-phosphotransferase MphK		
GCF_036962225.1		NZ_JBALNC010000009.1	28897	30537	+	vmlR	ABC-F type ribosomal protection protein VmlR	core	AMR	AMR	LINCOSAMIDE/PLEUROMUTILIN/STREPTOGRAMIN	LINCOMYCIN/TIAMULIN/VIRGINIAMYCIN M	BLASTX	547	547	100.00	98.54	547	WP_003234144.1	ABC-F type ribosomal protection protein VmlR		
GCF_036962225.1		NZ_JBALNC010000014.1	32998	33849	-	aadK	aminoglycoside 6-adenylyltransferase AadK	core	AMR	AMR	AMINOGLYCOSIDE	STREPTOMYCIN	BLASTX	284	284	100.00	98.24	284	WP_003229862.1	aminoglycoside 6-adenylyltransferase AadK		
GCF_036962225.1		NZ_JBALNC010000017.1	25362	25880	-	satA	streptothricin N-acetyltransferase SatA	core	AMR	AMR	STREPTOTHRICIN	STREPTOTHRICIN	BLASTX	173	173	100.00	90.17	173	WP_003242546.1	streptothricin N-acetyltransferase SatA		
GCF_036962225.1		NZ_JBALNC010000017.1	27836	29209	-	tet(L)	tetracycline efflux MFS transporter Tet(L)	core	AMR	AMR	TETRACYCLINE	TETRACYCLINE	BLASTX	458	458	100.00	98.69	458	WP_003242953.1	tetracycline efflux MFS transporter Tet(L)		
GCF_036962265.1		NZ_JBALMT010000001.1	342599	343117	+	satA	streptothricin N-acetyltransferase SatA	core	AMR	AMR	STREPTOTHRICIN	STREPTOTHRICIN	BLASTX	173	173	100.00	79.19	173	WP_003242546.1	streptothricin N-acetyltransferase SatA		
GCF_036962265.1		NZ_JBALMT010000005.1	243	1289	-	clbA	23S rRNA (adenine(2503)-C(8))-methyltransferase ClbA	core	AMR	AMR	LINCOSAMIDE/MACROLIDE/STREPTOGRAMIN	LINCOSAMIDE/MACROLIDE/STREPTOGRAMIN	BLASTX	349	349	100.00	99.71	349	WP_012116915.1	23S rRNA (adenine(2503)-C(8))-methyltransferase ClbA		
GCF_036962425.1		NZ_JBALNA010000023.1	77156	77704	-	satA	streptothricin N-acetyltransferase SatA	core	AMR	AMR	STREPTOTHRICIN	STREPTOTHRICIN	BLASTX	183	184	99.46	92.35	183	WP_000054744.1	streptothricin N-acetyltransferase SatA		
GCF_036962425.1		NZ_JBALNA010000056.1	86141	87049	-	mphL	macrolide 2'-phosphotransferase MphL	core	AMR	AMR	MACROLIDE	MACROLIDE	BLASTX	303	303	100.00	99.34	303	WP_002047670.1	macrolide 2'-phosphotransferase MphL		
GCF_036962425.1		NZ_JBALNA010000104.1	16303	17073	+	bla2	BcII family subclass B1 metallo-beta-lactamase	core	AMR	AMR	BETA-LACTAM	CARBAPENEM	BLASTX	257	257	100.00	93.00	257	WP_012261328.1	BcII family subclass B1 metallo-beta-lactamase		
GCF_036962425.1		NZ_JBALNA010000118.1	7325	7735	-	fosB	FosB family fosfomycin resistance bacillithiol transferase	core	AMR	AMR	FOSFOMYCIN	FOSFOMYCIN	BLASTX	137	138	100.00	93.48	138	WP_063851229.1	FosB family fosfomycin resistance bacillithiol transferase		
GCF_036962425.1		NZ_JBALNA010000154.1	2322	3239	+	bla	class A beta-lactamase Bla1	core	AMR	AMR	BETA-LACTAM	BETA-LACTAM	BLASTX	306	306	100.00	93.14	306	WP_063842248.1	class A beta-lactamase Bla1		
GCF_036962485.1		NZ_JBALLI010000003.1	207084	207602	-	satA	streptothricin N-acetyltransferase SatA	core	AMR	AMR	STREPTOTHRICIN	STREPTOTHRICIN	BLASTX	173	173	100.00	80.35	173	WP_003242546.1	streptothricin N-acetyltransferase SatA		
GCF_036962485.1		NZ_JBALLI010000004.1	21036	22082	-	clbA	23S rRNA (adenine(2503)-C(8))-methyltransferase ClbA	core	AMR	AMR	LINCOSAMIDE/MACROLIDE/STREPTOGRAMIN	LINCOSAMIDE/MACROLIDE/STREPTOGRAMIN	BLASTX	349	349	100.00	99.43	349	WP_012116915.1	23S rRNA (adenine(2503)-C(8))-methyltransferase ClbA		
GCF_036962565.1		NZ_JBALOI010000005.1	14341	14889	-	satA	streptothricin N-acetyltransferase SatA	core	AMR	AMR	STREPTOTHRICIN	STREPTOTHRICIN	BLASTX	183	184	99.46	92.35	183	WP_000054744.1	streptothricin N-acetyltransferase SatA		
GCF_036962565.1		NZ_JBALOI010000041.1	17151	17921	+	bla2	BcII family subclass B1 metallo-beta-lactamase	core	AMR	AMR	BETA-LACTAM	CARBAPENEM	BLASTX	257	257	100.00	93.00	257	WP_012261328.1	BcII family subclass B1 metallo-beta-lactamase		
GCF_036962565.1		NZ_JBALOI010000052.1	16003	16911	+	mphL	macrolide 2'-phosphotransferase MphL	core	AMR	AMR	MACROLIDE	MACROLIDE	BLASTX	303	303	100.00	99.67	303	WP_002047670.1	macrolide 2'-phosphotransferase MphL		
GCF_036962565.1		NZ_JBALOI010000124.1	4761	5678	-	bla	class A beta-lactamase Bla1	core	AMR	AMR	BETA-LACTAM	BETA-LACTAM	BLASTX	306	306	100.00	93.14	306	WP_063842248.1	class A beta-lactamase Bla1		
GCF_036962605.1		NZ_JBALOL010000017.1	627885	628541	-	cat86	type A-6 chloramphenicol O-acetyltransferase Cat86	core	AMR	AMR	PHENICOL	CHLORAMPHENICOL	BLASTX	219	220	100.00	90.45	220	WP_050945244.1	type A-6 chloramphenicol O-acetyltransferase Cat86		
GCF_036962945.1		NZ_JBALLJ010000002.1	250576	251094	-	satA	streptothricin N-acetyltransferase SatA	core	AMR	AMR	STREPTOTHRICIN	STREPTOTHRICIN	BLASTX	173	173	100.00	78.61	173	WP_003242546.1	streptothricin N-acetyltransferase SatA		
GCF_036962945.1		NZ_JBALLJ010000003.1	364087	365133	+	clbA	23S rRNA (adenine(2503)-C(8))-methyltransferase ClbA	core	AMR	AMR	LINCOSAMIDE/MACROLIDE/STREPTOGRAMIN	LINCOSAMIDE/MACROLIDE/STREPTOGRAMIN	BLASTX	349	349	100.00	99.71	349	WP_012116915.1	23S rRNA (adenine(2503)-C(8))-methyltransferase ClbA		
GCF_036962985.1		NZ_JBALLO010000017.1	36840	37358	+	satA	streptothricin N-acetyltransferase SatA	core	AMR	AMR	STREPTOTHRICIN	STREPTOTHRICIN	BLASTX	173	173	100.00	78.61	173	WP_003242546.1	streptothricin N-acetyltransferase SatA		
GCF_036962985.1		NZ_JBALLO010000018.1	27054	28100	-	clbA	23S rRNA (adenine(2503)-C(8))-methyltransferase ClbA	core	AMR	AMR	LINCOSAMIDE/MACROLIDE/STREPTOGRAMIN	LINCOSAMIDE/MACROLIDE/STREPTOGRAMIN	BLASTX	349	349	100.00	99.71	349	WP_012116915.1	23S rRNA (adenine(2503)-C(8))-methyltransferase ClbA		
GCF_036963185.1		NZ_JBALLH010000004.1	196616	197134	-	satA	streptothricin N-acetyltransferase SatA	core	AMR	AMR	STREPTOTHRICIN	STREPTOTHRICIN	BLASTX	173	173	100.00	79.19	173	WP_003242546.1	streptothricin N-acetyltransferase SatA		
GCF_036963185.1		NZ_JBALLH010000012.1	57130	58176	-	clbA	23S rRNA (adenine(2503)-C(8))-methyltransferase ClbA	core	AMR	AMR	LINCOSAMIDE/MACROLIDE/STREPTOGRAMIN	LINCOSAMIDE/MACROLIDE/STREPTOGRAMIN	BLASTX	349	349	100.00	99.71	349	WP_012116915.1	23S rRNA (adenine(2503)-C(8))-methyltransferase ClbA		
GCF_036963205.1		NZ_JBALMK010000003.1	1644	2162	-	satA	streptothricin N-acetyltransferase SatA	core	AMR	AMR	STREPTOTHRICIN	STREPTOTHRICIN	BLASTX	173	173	100.00	79.19	173	WP_003242546.1	streptothricin N-acetyltransferase SatA		
GCF_036963205.1		NZ_JBALMK010000027.1	28086	29132	+	clbA	23S rRNA (adenine(2503)-C(8))-methyltransferase ClbA	core	AMR	AMR	LINCOSAMIDE/MACROLIDE/STREPTOGRAMIN	LINCOSAMIDE/MACROLIDE/STREPTOGRAMIN	BLASTX	349	349	100.00	99.71	349	WP_012116915.1	23S rRNA (adenine(2503)-C(8))-methyltransferase ClbA		
GCF_036963225.1		NZ_JBALMG010000186.1	2783	4054	+	abaF	fosfomycin efflux MFS transporter AbaF	plus	AMR	AMR	FOSFOMYCIN	FOSFOMYCIN	BLASTX	424	429	98.83	86.32	424	ABO11759.2	fosfomycin efflux MFS transporter AbaF		
GCF_036963225.1		NZ_JBALMG010000193.1	2785	3702	+	bla	class A beta-lactamase Bla1	core	AMR	AMR	BETA-LACTAM	BETA-LACTAM	BLASTX	306	306	100.00	91.50	306	WP_063842248.1	class A beta-lactamase Bla1		
GCF_036963225.1		NZ_JBALMG010000215.1	101	850	-	bla2	BcII family subclass B1 metallo-beta-lactamase	core	AMR	AMR	BETA-LACTAM	CARBAPENEM	BLASTX	250	257	97.28	95.20	250	WP_012261328.1	BcII family subclass B1 metallo-beta-lactamase		
GCF_036963245.1		NZ_JBALMF010000070.1	4204	5055	-	mleBCA	BCA family alpha/beta fold macrolide esterase	core	AMR	AMR	MACROLIDE	TYLOSIN	BLASTX	284	287	98.95	95.07	284	WP_000140039.1	BCA family alpha/beta fold macrolide esterase		
GCF_036963245.1		NZ_JBALMF010000073.1	406	1302	-	mphM	macrolide 2'-phosphotransferase MphM	core	AMR	AMR	MACROLIDE	MACROLIDE	BLASTX	299	299	100.00	99.00	299	WP_016078774.1	macrolide 2'-phosphotransferase MphM		
GCF_036963245.1		NZ_JBALMF010000112.1	6195	6743	+	satA	streptothricin N-acetyltransferase SatA	core	AMR	AMR	STREPTOTHRICIN	STREPTOTHRICIN	BLASTX	183	184	98.91	78.14	183	WP_000054744.1	streptothricin N-acetyltransferase SatA		
GCF_036963245.1		NZ_JBALMF010000143.1	10957	11874	+	bla	class A beta-lactamase Bla1	core	AMR	AMR	BETA-LACTAM	BETA-LACTAM	BLASTX	306	306	100.00	90.85	306	WP_063842248.1	class A beta-lactamase Bla1		
GCF_036963245.1		NZ_JBALMF010000194.1	366	1133	-	bla2	BcII family subclass B1 metallo-beta-lactamase	core	AMR	AMR	BETA-LACTAM	CARBAPENEM	BLASTX	256	256	100.00	94.14	256	WP_000799232.1	BcII family subclass B1 metallo-beta-lactamase		
GCF_036963285.1		NZ_JBALML010000025.1	3656	4603	+	blaIII	class A beta-lactamase BlaIII	core	AMR	AMR	BETA-LACTAM	BETA-LACTAM	BLASTX	316	316	100.00	91.46	316	WP_000497840.1	class A beta-lactamase BlaIII		
GCF_036963285.1		NZ_JBALML010000055.1	6960	8114	-	vanS-Pt	vancomycin resistance histidine kinase VanS-Pt	core	AMR	AMR	GLYCOPEPTIDE	VANCOMYCIN	BLASTX	385	386	99.74	90.91	385	WP_063856741.1	vancomycin resistance histidine kinase VanS-Pt		
GCF_036963285.1		NZ_JBALML010000055.1	8098	8790	-	vanR-A	vancomycin resistance response regulator transcription factor VanR-A	core	AMR	AMR	GLYCOPEPTIDE	VANCOMYCIN	BLASTX	231	231	100.00	92.21	231	WP_063856721.1	vancomycin resistance response regulator transcription factor VanR-A		
GCF_036963285.1		NZ_JBALML010000115.1	4810	5661	-	mleBCA	BCA family alpha/beta fold macrolide esterase	core	AMR	AMR	MACROLIDE	TYLOSIN	BLASTX	284	287	98.95	93.31	284	WP_000140039.1	BCA family alpha/beta fold macrolide esterase		
GCF_036963285.1		NZ_JBALML010000202.1	4533	5303	+	bla2	BcII family subclass B1 metallo-beta-lactamase	core	AMR	AMR	BETA-LACTAM	CARBAPENEM	BLASTX	257	257	100.00	94.55	257	WP_012261328.1	BcII family subclass B1 metallo-beta-lactamase		
GCF_036963285.1		NZ_JBALML010000250.1	306	1223	-	bla	class A beta-lactamase Bla1	core	AMR	AMR	BETA-LACTAM	BETA-LACTAM	BLASTX	306	306	100.00	93.14	306	WP_063842248.1	class A beta-lactamase Bla1		
GCF_036963325.1		NZ_JBALLD010000001.1	2306297	2307067	+	bla2	BcII family subclass B1 metallo-beta-lactamase	core	AMR	AMR	BETA-LACTAM	CARBAPENEM	BLASTX	257	257	100.00	96.50	257	WP_063839879.1	BcII family subclass B1 metallo-beta-lactamase		
GCF_036963325.1		NZ_JBALLD010000001.1	2419834	2420685	+	mleBCB	BCB family alpha/beta fold macrolide esterase	core	AMR	AMR	MACROLIDE	TYLOSIN	BLASTX	284	287	100.00	98.26	287	WP_459076516.1	BCB family alpha/beta fold macrolide esterase		
GCF_036963325.1		NZ_JBALLD010000001.1	2545259	2545810	-	satA	streptothricin N-acetyltransferase SatA	core	AMR	AMR	STREPTOTHRICIN	STREPTOTHRICIN	BLASTX	184	184	98.91	89.67	184	WP_000054744.1	streptothricin N-acetyltransferase SatA		
GCF_036963325.1		NZ_JBALLD010000001.1	3133664	3134581	-	bla	class A beta-lactamase Bla1	core	AMR	AMR	BETA-LACTAM	BETA-LACTAM	BLASTX	306	306	100.00	95.10	306	WP_063842248.1	class A beta-lactamase Bla1		
GCF_036963325.1		NZ_JBALLD010000001.1	3669849	3670262	-	fosB	FosBx1 family fosfomycin resistance bacillithiol transferase	core	AMR	AMR	FOSFOMYCIN	FOSFOMYCIN	BLASTX	138	138	100.00	97.83	138	WP_000943763.1	fosfomycin resistance bacillithiol transferase FosBx1		
GCF_036963325.1		NZ_JBALLD010000002.1	55807	56967	-	vanS-Pt	vancomycin resistance histidine kinase VanS-Pt	core	AMR	AMR	GLYCOPEPTIDE	VANCOMYCIN	BLASTX	387	388	99.74	90.18	387	WP_063856742.1	vancomycin resistance histidine kinase VanS-Pt		
GCF_036963325.1		NZ_JBALLD010000002.1	56951	57643	-	vanR-A	vancomycin resistance response regulator transcription factor VanR-A	core	AMR	AMR	GLYCOPEPTIDE	VANCOMYCIN	BLASTX	231	231	100.00	93.07	231	WP_063856721.1	vancomycin resistance response regulator transcription factor VanR-A		
GCF_036963325.1		NZ_JBALLD010000002.1	77546	78388	+	mleBCB	BCB family alpha/beta fold macrolide esterase	core	AMR	AMR	MACROLIDE	TYLOSIN	BLASTX	281	287	97.91	91.10	281	WP_459076516.1	BCB family alpha/beta fold macrolide esterase		
GCF_036963325.1		NZ_JBALLD010000002.1	97236	97652	+	fosB	FosB/FosD family fosfomycin resistance bacillithiol transferase	core	AMR	AMR	FOSFOMYCIN	FOSFOMYCIN	BLASTX	139	139	100.00	98.56	139	WP_000938987.1	fosfomycin resistance bacillithiol transferase FosB2		
GCF_036963325.1		NZ_JBALLD010000002.1	258930	260303	+	tet(45)	tetracycline efflux MFS transporter Tet(45)	core	AMR	AMR	TETRACYCLINE	TETRACYCLINE	BLASTX	458	458	100.00	92.14	458	WP_063855885.1	tetracycline efflux MFS transporter Tet(45)		
GCF_036963425.1		NZ_JBALLT010000003.1	207084	207602	-	satA	streptothricin N-acetyltransferase SatA	core	AMR	AMR	STREPTOTHRICIN	STREPTOTHRICIN	BLASTX	173	173	100.00	80.35	173	WP_003242546.1	streptothricin N-acetyltransferase SatA		
GCF_036963425.1		NZ_JBALLT010000010.1	34831	35877	+	clbA	23S rRNA (adenine(2503)-C(8))-methyltransferase ClbA	core	AMR	AMR	LINCOSAMIDE/MACROLIDE/STREPTOGRAMIN	LINCOSAMIDE/MACROLIDE/STREPTOGRAMIN	BLASTX	349	349	100.00	99.43	349	WP_012116915.1	23S rRNA (adenine(2503)-C(8))-methyltransferase ClbA		
GCF_036963465.1		NZ_JBALLK010000014.1	159690	160208	+	satA	streptothricin N-acetyltransferase SatA	core	AMR	AMR	STREPTOTHRICIN	STREPTOTHRICIN	BLASTX	173	173	100.00	79.19	173	WP_003242546.1	streptothricin N-acetyltransferase SatA		
GCF_036963465.1		NZ_JBALLK010000026.1	25734	26780	-	clbA	23S rRNA (adenine(2503)-C(8))-methyltransferase ClbA	core	AMR	AMR	LINCOSAMIDE/MACROLIDE/STREPTOGRAMIN	LINCOSAMIDE/MACROLIDE/STREPTOGRAMIN	BLASTX	349	349	100.00	99.71	349	WP_012116915.1	23S rRNA (adenine(2503)-C(8))-methyltransferase ClbA		
GCF_036964705.1		NZ_JBALMH010000075.1	5174	6091	-	bla	class A beta-lactamase Bla1	core	AMR	AMR	BETA-LACTAM	BETA-LACTAM	BLASTX	306	306	100.00	94.77	306	WP_063842248.1	class A beta-lactamase Bla1		
GCF_036964705.1		NZ_JBALMH010000079.1	13981	14751	+	bla2	BcII family subclass B1 metallo-beta-lactamase	core	AMR	AMR	BETA-LACTAM	CARBAPENEM	BLASTX	257	257	100.00	93.77	257	WP_063839879.1	BcII family subclass B1 metallo-beta-lactamase		
GCF_036964705.1		NZ_JBALMH010000103.1	17388	17801	-	fosB	FosBx1 family fosfomycin resistance bacillithiol transferase	core	AMR	AMR	FOSFOMYCIN	FOSFOMYCIN	BLASTX	138	138	100.00	97.83	138	WP_000943763.1	fosfomycin resistance bacillithiol transferase FosBx1		
GCF_036964705.1		NZ_JBALMH010000253.1	14126	14677	-	satA	streptothricin N-acetyltransferase SatA	core	AMR	AMR	STREPTOTHRICIN	STREPTOTHRICIN	BLASTX	184	184	98.91	89.67	184	WP_000054744.1	streptothricin N-acetyltransferase SatA		
GCF_036964795.1		NZ_JBAMFS010000001.1	347503	348549	+	clbA	23S rRNA (adenine(2503)-C(8))-methyltransferase ClbA	core	AMR	AMR	LINCOSAMIDE/MACROLIDE/STREPTOGRAMIN	LINCOSAMIDE/MACROLIDE/STREPTOGRAMIN	BLASTX	349	349	100.00	99.71	349	WP_012116915.1	23S rRNA (adenine(2503)-C(8))-methyltransferase ClbA		
GCF_036964795.1		NZ_JBAMFS010000001.1	2377355	2377873	-	satA	streptothricin N-acetyltransferase SatA	core	AMR	AMR	STREPTOTHRICIN	STREPTOTHRICIN	BLASTX	173	173	100.00	79.77	173	WP_003242546.1	streptothricin N-acetyltransferase SatA		
GCF_036964805.1		NZ_JBAMFT010000001.1	350760	351173	+	fosB	FosBx1 family fosfomycin resistance bacillithiol transferase	core	AMR	AMR	FOSFOMYCIN	FOSFOMYCIN	BLASTX	138	138	100.00	90.58	138	WP_000943763.1	fosfomycin resistance bacillithiol transferase FosBx1		
GCF_036964805.1		NZ_JBAMFT010000001.1	768118	769035	+	bla	class A beta-lactamase Bla1	core	AMR	AMR	BETA-LACTAM	BETA-LACTAM	BLASTX	306	306	100.00	94.77	306	WP_003171307.1	class A beta-lactamase Bla1		
GCF_036964805.1		NZ_JBAMFT010000001.1	939557	940417	+	mleBCA	BCA family alpha/beta fold macrolide esterase	core	AMR	AMR	MACROLIDE	TYLOSIN	BLASTX	287	287	100.00	95.12	287	WP_000140039.1	BCA family alpha/beta fold macrolide esterase		
GCF_036964805.1		NZ_JBAMFT010000001.1	1318698	1319252	+	satA	streptothricin N-acetyltransferase SatA	core	AMR	AMR	STREPTOTHRICIN	STREPTOTHRICIN	BLASTX	185	184	99.46	89.73	185	WP_000054744.1	streptothricin N-acetyltransferase SatA		
GCF_036964805.1		NZ_JBAMFT010000004.1	109000	109767	-	bla2	BcII family subclass B1 metallo-beta-lactamase	core	AMR	AMR	BETA-LACTAM	CARBAPENEM	EXACTX	256	256	100.00	100.00	256	WP_000799232.1	BcII family subclass B1 metallo-beta-lactamase		
GCF_036964945.1		NZ_JBALRD010000010.1	173928	174440	-	bla2	BcII family subclass B1 metallo-beta-lactamase	core	AMR	AMR	BETA-LACTAM	CARBAPENEM	PARTIALX	171	257	66.54	92.40	171	WP_012261328.1	BcII family subclass B1 metallo-beta-lactamase		
GCF_036964945.1		NZ_JBALRD010000012.1	25393	25806	+	fosB	FosBx1 family fosfomycin resistance bacillithiol transferase	core	AMR	AMR	FOSFOMYCIN	FOSFOMYCIN	BLASTX	138	138	100.00	97.10	138	WP_000943763.1	fosfomycin resistance bacillithiol transferase FosBx1		
GCF_036964945.1		NZ_JBALRD010000021.1	56778	57329	-	satA	streptothricin N-acetyltransferase SatA	core	AMR	AMR	STREPTOTHRICIN	STREPTOTHRICIN	BLASTX	184	184	98.91	89.67	184	WP_000054744.1	streptothricin N-acetyltransferase SatA		
GCF_036964945.1		NZ_JBALRD010000027.1	77266	78639	+	tet(45)	tetracycline efflux MFS transporter Tet(45)	core	AMR	AMR	TETRACYCLINE	TETRACYCLINE	BLASTX	458	458	100.00	91.48	458	WP_063855885.1	tetracycline efflux MFS transporter Tet(45)		
GCF_036964945.1		NZ_JBALRD010000043.1	661	1578	+	bla	class A beta-lactamase Bla1	core	AMR	AMR	BETA-LACTAM	BETA-LACTAM	BLASTX	306	306	100.00	95.75	306	WP_063842248.1	class A beta-lactamase Bla1		
GCF_036964965.1		NZ_JBALPJ010000010.1	32112	32996	-	mphL	macrolide 2'-phosphotransferase MphL	core	AMR	AMR	MACROLIDE	MACROLIDE	BLASTX	295	303	100.00	97.03	303	WP_002047670.1	macrolide 2'-phosphotransferase MphL		
GCF_036964965.1		NZ_JBALPJ010000132.1	11574	12344	+	bla2	BcII family subclass B1 metallo-beta-lactamase	core	AMR	AMR	BETA-LACTAM	CARBAPENEM	BLASTX	257	257	100.00	93.00	257	WP_012261328.1	BcII family subclass B1 metallo-beta-lactamase		
GCF_036964965.1		NZ_JBALPJ010000181.1	8348	8896	-	satA	streptothricin N-acetyltransferase SatA	core	AMR	AMR	STREPTOTHRICIN	STREPTOTHRICIN	BLASTX	183	184	99.46	93.99	183	WP_000054744.1	streptothricin N-acetyltransferase SatA		
GCF_036964965.1		NZ_JBALPJ010000223.1	1034	1951	+	bla	class A beta-lactamase Bla1	core	AMR	AMR	BETA-LACTAM	BETA-LACTAM	BLASTX	306	306	100.00	93.14	306	WP_063842248.1	class A beta-lactamase Bla1		
GCF_036965085.1		NZ_JBALOW010000015.1	70195	71463	-	abaF	fosfomycin efflux MFS transporter AbaF	plus	AMR	AMR	FOSFOMYCIN	FOSFOMYCIN	BLASTX	423	429	98.60	84.87	423	ABO11759.2	fosfomycin efflux MFS transporter AbaF		
GCF_036965225.1		NZ_JBALPC010000059.1	14001	15269	-	abaF	fosfomycin efflux MFS transporter AbaF	plus	AMR	AMR	FOSFOMYCIN	FOSFOMYCIN	BLASTX	423	429	98.60	84.87	423	ABO11759.2	fosfomycin efflux MFS transporter AbaF		
GCF_036965365.1		NZ_JBALPX010000001.1	97503	98420	+	mphK	macrolide 2'-phosphotransferase MphK	core	AMR	AMR	MACROLIDE	TELITHROMYCIN/TYLOSIN	BLASTX	306	306	100.00	98.69	306	WP_003246254.1	macrolide 2'-phosphotransferase MphK		
GCF_036965365.1		NZ_JBALPX010000001.1	409761	411401	-	vmlR	ABC-F type ribosomal protection protein VmlR	core	AMR	AMR	LINCOSAMIDE/PLEUROMUTILIN/STREPTOGRAMIN	LINCOMYCIN/TIAMULIN/VIRGINIAMYCIN M	BLASTX	547	547	100.00	98.17	547	WP_003234144.1	ABC-F type ribosomal protection protein VmlR		
GCF_036965365.1		NZ_JBALPX010000004.1	106852	107370	-	satA	streptothricin N-acetyltransferase SatA	core	AMR	AMR	STREPTOTHRICIN	STREPTOTHRICIN	BLASTX	173	173	100.00	90.75	173	WP_003242546.1	streptothricin N-acetyltransferase SatA		
GCF_036965365.1		NZ_JBALPX010000004.1	109340	110713	-	tet(L)	tetracycline efflux MFS transporter Tet(L)	core	AMR	AMR	TETRACYCLINE	TETRACYCLINE	BLASTX	458	458	100.00	98.47	458	WP_063856081.1	tetracycline efflux MFS transporter Tet(L)		
GCF_036965365.1		NZ_JBALPX010000005.1	588308	589159	-	aadK	aminoglycoside 6-adenylyltransferase AadK	core	AMR	AMR	AMINOGLYCOSIDE	STREPTOMYCIN	BLASTX	284	284	100.00	98.94	284	WP_003229862.1	aminoglycoside 6-adenylyltransferase AadK		
GCF_036965505.1		NZ_JBALPT010000054.1	3	554	+	satA	streptothricin N-acetyltransferase SatA	core	AMR	AMR	STREPTOTHRICIN	STREPTOTHRICIN	BLASTX	184	184	98.91	89.67	184	WP_000054744.1	streptothricin N-acetyltransferase SatA		
GCF_036965505.1		NZ_JBALPT010000097.1	10766	11713	+	blaIII	class A beta-lactamase BlaIII	core	AMR	AMR	BETA-LACTAM	BETA-LACTAM	BLASTX	316	316	100.00	95.57	316	WP_000497840.1	class A beta-lactamase BlaIII		
GCF_036965505.1		NZ_JBALPT010000100.1	16074	16487	-	fosB	FosBx1 family fosfomycin resistance bacillithiol transferase	core	AMR	AMR	FOSFOMYCIN	FOSFOMYCIN	BLASTX	138	138	100.00	97.83	138	WP_000943763.1	fosfomycin resistance bacillithiol transferase FosBx1		
GCF_036965505.1		NZ_JBALPT010000127.1	1435	2352	-	bla	class A beta-lactamase Bla1	core	AMR	AMR	BETA-LACTAM	BETA-LACTAM	BLASTX	306	306	100.00	95.42	306	WP_063842248.1	class A beta-lactamase Bla1		
GCF_036965505.1		NZ_JBALPT010000255.1	2191	2961	-	bla2	BcII family subclass B1 metallo-beta-lactamase	core	AMR	AMR	BETA-LACTAM	CARBAPENEM	BLASTX	257	257	100.00	93.00	257	WP_063839879.1	BcII family subclass B1 metallo-beta-lactamase		
GCF_036965505.1		NZ_JBALPT010000279.1	1116	1967	-	mleBCB	BCB family alpha/beta fold macrolide esterase	core	AMR	AMR	MACROLIDE	TYLOSIN	BLASTX	284	287	100.00	98.26	287	WP_459076516.1	BCB family alpha/beta fold macrolide esterase		
GCF_036965725.1		NZ_JBALQG010000008.1	94118	94774	-	cat86	type A-6 chloramphenicol O-acetyltransferase Cat86	core	AMR	AMR	PHENICOL	CHLORAMPHENICOL	BLASTX	219	220	100.00	90.91	220	WP_050945244.1	type A-6 chloramphenicol O-acetyltransferase Cat86		
GCF_036965825.1		NZ_JBALQX010000009.1	137962	138621	-	cat86	type A-6 chloramphenicol O-acetyltransferase Cat86	core	AMR	AMR	PHENICOL	CHLORAMPHENICOL	BLASTX	220	220	100.00	94.09	220	WP_050945244.1	type A-6 chloramphenicol O-acetyltransferase Cat86		
GCF_036965825.1		NZ_JBALQX010000039.1	16716	17501	+	blaBPU	BPU family class D beta-lactamase	core	AMR	AMR	BETA-LACTAM	BETA-LACTAM	BLASTX	262	262	100.00	96.95	262	WP_041816295.1	class D beta-lactamase BPU-1		
GCF_036965865.1		NZ_JBALQW010000014.1	27045	28091	-	clbA	23S rRNA (adenine(2503)-C(8))-methyltransferase ClbA	core	AMR	AMR	LINCOSAMIDE/MACROLIDE/STREPTOGRAMIN	LINCOSAMIDE/MACROLIDE/STREPTOGRAMIN	BLASTX	349	349	100.00	99.71	349	WP_012116915.1	23S rRNA (adenine(2503)-C(8))-methyltransferase ClbA		
GCF_036965865.1		NZ_JBALQW010000021.1	18150	18668	-	satA	streptothricin N-acetyltransferase SatA	core	AMR	AMR	STREPTOTHRICIN	STREPTOTHRICIN	BLASTX	173	173	100.00	78.61	173	WP_003242546.1	streptothricin N-acetyltransferase SatA		
GCF_036965885.1		NZ_JBALQV010000004.1	222439	223485	+	clbA	23S rRNA (adenine(2503)-C(8))-methyltransferase ClbA	core	AMR	AMR	LINCOSAMIDE/MACROLIDE/STREPTOGRAMIN	LINCOSAMIDE/MACROLIDE/STREPTOGRAMIN	BLASTX	349	349	100.00	99.43	349	WP_012116915.1	23S rRNA (adenine(2503)-C(8))-methyltransferase ClbA		
GCF_036965885.1		NZ_JBALQV010000015.1	57277	57795	+	satA	streptothricin N-acetyltransferase SatA	core	AMR	AMR	STREPTOTHRICIN	STREPTOTHRICIN	BLASTX	173	173	100.00	80.35	173	WP_003242546.1	streptothricin N-acetyltransferase SatA		
GCF_036965905.1		NZ_JBALRB010000004.1	250576	251094	-	satA	streptothricin N-acetyltransferase SatA	core	AMR	AMR	STREPTOTHRICIN	STREPTOTHRICIN	BLASTX	173	173	100.00	78.61	173	WP_003242546.1	streptothricin N-acetyltransferase SatA		
GCF_036965905.1		NZ_JBALRB010000007.1	27055	28101	-	clbA	23S rRNA (adenine(2503)-C(8))-methyltransferase ClbA	core	AMR	AMR	LINCOSAMIDE/MACROLIDE/STREPTOGRAMIN	LINCOSAMIDE/MACROLIDE/STREPTOGRAMIN	BLASTX	349	349	100.00	99.71	349	WP_012116915.1	23S rRNA (adenine(2503)-C(8))-methyltransferase ClbA		
GCF_036965965.1		NZ_JBALRA010000074.1	1615	2274	+	cat86	type A-6 chloramphenicol O-acetyltransferase Cat86	core	AMR	AMR	PHENICOL	CHLORAMPHENICOL	BLASTX	220	220	100.00	92.27	220	WP_050945244.1	type A-6 chloramphenicol O-acetyltransferase Cat86		
GCF_036966005.1		NZ_JBALRC010000002.1	1739	2524	-	blaBPU	BPU family class D beta-lactamase	core	AMR	AMR	BETA-LACTAM	BETA-LACTAM	BLASTX	262	262	100.00	94.27	262	WP_041816295.1	class D beta-lactamase BPU-1		
GCF_036966005.1		NZ_JBALRC010000033.1	5378	6037	+	cat86	type A-6 chloramphenicol O-acetyltransferase Cat86	core	AMR	AMR	PHENICOL	CHLORAMPHENICOL	BLASTX	220	220	100.00	95.91	220	WP_050945244.1	type A-6 chloramphenicol O-acetyltransferase Cat86		
GCF_036966065.1		NZ_JBALRE010000055.1	466	1125	+	cat86	type A-6 chloramphenicol O-acetyltransferase Cat86	core	AMR	AMR	PHENICOL	CHLORAMPHENICOL	BLASTX	220	220	100.00	99.09	220	WP_050945244.1	type A-6 chloramphenicol O-acetyltransferase Cat86		
GCF_036966065.1		NZ_JBALRE010000079.1	7751	8536	-	blaBPU	BPU family class D beta-lactamase	core	AMR	AMR	BETA-LACTAM	BETA-LACTAM	BLASTX	262	262	100.00	94.66	262	WP_041816295.1	class D beta-lactamase BPU-1		
GCF_036966125.1		NZ_JBALQQ010000003.1	224674	225087	-	fosB	FosBx1 family fosfomycin resistance bacillithiol transferase	core	AMR	AMR	FOSFOMYCIN	FOSFOMYCIN	BLASTX	138	138	100.00	98.55	138	WP_000943763.1	fosfomycin resistance bacillithiol transferase FosBx1		
GCF_036966125.1		NZ_JBALQQ010000005.1	159040	159810	-	bla2	BcII family subclass B1 metallo-beta-lactamase	core	AMR	AMR	BETA-LACTAM	CARBAPENEM	BLASTX	257	257	100.00	94.55	257	WP_063839879.1	BcII family subclass B1 metallo-beta-lactamase		
GCF_036966125.1		NZ_JBALQQ010000018.1	87601	88518	-	bla	class A beta-lactamase Bla1	core	AMR	AMR	BETA-LACTAM	BETA-LACTAM	BLASTX	306	306	100.00	95.42	306	WP_063842248.1	class A beta-lactamase Bla1		
GCF_036966125.1		NZ_JBALQQ010000046.1	20791	21342	+	satA	streptothricin N-acetyltransferase SatA	core	AMR	AMR	STREPTOTHRICIN	STREPTOTHRICIN	BLASTX	184	184	98.91	89.67	184	WP_000054744.1	streptothricin N-acetyltransferase SatA		
GCF_036966125.1		NZ_JBALQQ010000047.1	22019	22432	-	fosB	FosB family fosfomycin resistance bacillithiol transferase	core	AMR	AMR	FOSFOMYCIN	FOSFOMYCIN	BLASTX	138	138	100.00	92.75	138	WP_063851229.1	FosB family fosfomycin resistance bacillithiol transferase		
GCF_036966145.1		NZ_JBALQY010000006.1	250563	251081	-	satA	streptothricin N-acetyltransferase SatA	core	AMR	AMR	STREPTOTHRICIN	STREPTOTHRICIN	BLASTX	173	173	100.00	78.61	173	WP_003242546.1	streptothricin N-acetyltransferase SatA		
GCF_036966145.1		NZ_JBALQY010000009.1	27057	28103	-	clbA	23S rRNA (adenine(2503)-C(8))-methyltransferase ClbA	core	AMR	AMR	LINCOSAMIDE/MACROLIDE/STREPTOGRAMIN	LINCOSAMIDE/MACROLIDE/STREPTOGRAMIN	BLASTX	349	349	100.00	99.71	349	WP_012116915.1	23S rRNA (adenine(2503)-C(8))-methyltransferase ClbA		
GCF_036966165.1		NZ_JBALRK010000011.1	87429	87947	-	satA	streptothricin N-acetyltransferase SatA	core	AMR	AMR	STREPTOTHRICIN	STREPTOTHRICIN	BLASTX	173	173	100.00	79.19	173	WP_003242546.1	streptothricin N-acetyltransferase SatA		
GCF_036966165.1		NZ_JBALRK010000037.1	5076	6122	+	clbA	23S rRNA (adenine(2503)-C(8))-methyltransferase ClbA	core	AMR	AMR	LINCOSAMIDE/MACROLIDE/STREPTOGRAMIN	LINCOSAMIDE/MACROLIDE/STREPTOGRAMIN	BLASTX	349	349	100.00	99.71	349	WP_012116915.1	23S rRNA (adenine(2503)-C(8))-methyltransferase ClbA		
GCF_036966185.1		NZ_JBALTA010000002.1	567684	568202	-	satA	streptothricin N-acetyltransferase SatA	core	AMR	AMR	STREPTOTHRICIN	STREPTOTHRICIN	BLASTX	173	173	100.00	80.35	173	WP_003242546.1	streptothricin N-acetyltransferase SatA		
GCF_036966185.1		NZ_JBALTA010000004.1	21036	22082	-	clbA	23S rRNA (adenine(2503)-C(8))-methyltransferase ClbA	core	AMR	AMR	LINCOSAMIDE/MACROLIDE/STREPTOGRAMIN	LINCOSAMIDE/MACROLIDE/STREPTOGRAMIN	BLASTX	349	349	100.00	99.43	349	WP_012116915.1	23S rRNA (adenine(2503)-C(8))-methyltransferase ClbA		
GCF_036966225.1		NZ_JBALRQ010000016.1	41747	42793	+	clbA	23S rRNA (adenine(2503)-C(8))-methyltransferase ClbA	core	AMR	AMR	LINCOSAMIDE/MACROLIDE/STREPTOGRAMIN	LINCOSAMIDE/MACROLIDE/STREPTOGRAMIN	EXACTX	349	349	100.00	100.00	349	WP_012116915.1	23S rRNA (adenine(2503)-C(8))-methyltransferase ClbA		
GCF_036966245.1		NZ_JBALRG010000001.1	12330	13238	+	mphL	macrolide 2'-phosphotransferase MphL	core	AMR	AMR	MACROLIDE	MACROLIDE	BLASTX	303	303	100.00	99.67	303	WP_002047670.1	macrolide 2'-phosphotransferase MphL		
GCF_036966245.1		NZ_JBALRG010000024.1	73773	74321	-	satA	streptothricin N-acetyltransferase SatA	core	AMR	AMR	STREPTOTHRICIN	STREPTOTHRICIN	BLASTX	183	184	99.46	93.99	183	WP_000054744.1	streptothricin N-acetyltransferase SatA		
GCF_036966245.1		NZ_JBALRG010000108.1	4672	5589	-	bla	class A beta-lactamase Bla1	core	AMR	AMR	BETA-LACTAM	BETA-LACTAM	BLASTX	306	306	100.00	92.16	306	WP_063842248.1	class A beta-lactamase Bla1		
GCF_036966245.1		NZ_JBALRG010000199.1	3634	4404	+	bla2	BcII family subclass B1 metallo-beta-lactamase	core	AMR	AMR	BETA-LACTAM	CARBAPENEM	BLASTX	257	257	100.00	93.00	257	WP_012261328.1	BcII family subclass B1 metallo-beta-lactamase		
GCF_036966285.1		NZ_JBALRY010000001.1	1044082	1044600	-	satA	streptothricin N-acetyltransferase SatA	core	AMR	AMR	STREPTOTHRICIN	STREPTOTHRICIN	BLASTX	173	173	100.00	94.80	173	WP_003242546.1	streptothricin N-acetyltransferase SatA		
GCF_036966285.1		NZ_JBALRY010000003.1	592073	592924	-	aadK	aminoglycoside 6-adenylyltransferase AadK	core	AMR	AMR	AMINOGLYCOSIDE	STREPTOMYCIN	BLASTX	284	284	100.00	98.24	284	WP_003229862.1	aminoglycoside 6-adenylyltransferase AadK		
GCF_036966285.1		NZ_JBALRY010000005.1	75931	76848	+	mphK	macrolide 2'-phosphotransferase MphK	core	AMR	AMR	MACROLIDE	TELITHROMYCIN/TYLOSIN	BLASTX	306	306	100.00	97.06	306	WP_003246254.1	macrolide 2'-phosphotransferase MphK		
GCF_036966285.1		NZ_JBALRY010000008.1	13432	15072	+	vmlR	ABC-F type ribosomal protection protein VmlR	core	AMR	AMR	LINCOSAMIDE/PLEUROMUTILIN/STREPTOGRAMIN	LINCOMYCIN/TIAMULIN/VIRGINIAMYCIN M	BLASTX	547	547	100.00	97.07	547	WP_003234144.1	ABC-F type ribosomal protection protein VmlR		
GCF_036966305.1		NZ_JBALRH010000020.1	20437	21093	-	cat86	type A-6 chloramphenicol O-acetyltransferase Cat86	core	AMR	AMR	PHENICOL	CHLORAMPHENICOL	BLASTX	219	220	100.00	90.91	220	WP_050945244.1	type A-6 chloramphenicol O-acetyltransferase Cat86		
GCF_036966325.1		NZ_JBALQZ010000005.1	27060	28106	-	clbA	23S rRNA (adenine(2503)-C(8))-methyltransferase ClbA	core	AMR	AMR	LINCOSAMIDE/MACROLIDE/STREPTOGRAMIN	LINCOSAMIDE/MACROLIDE/STREPTOGRAMIN	BLASTX	349	349	100.00	99.71	349	WP_012116915.1	23S rRNA (adenine(2503)-C(8))-methyltransferase ClbA		
GCF_036966325.1		NZ_JBALQZ010000022.1	18530	19048	-	satA	streptothricin N-acetyltransferase SatA	core	AMR	AMR	STREPTOTHRICIN	STREPTOTHRICIN	BLASTX	173	173	100.00	78.61	173	WP_003242546.1	streptothricin N-acetyltransferase SatA		
GCF_036966385.1		NZ_JBALRU010000024.1	26791	27837	+	clbA	23S rRNA (adenine(2503)-C(8))-methyltransferase ClbA	core	AMR	AMR	LINCOSAMIDE/MACROLIDE/STREPTOGRAMIN	LINCOSAMIDE/MACROLIDE/STREPTOGRAMIN	BLASTX	349	349	100.00	99.43	349	WP_012116915.1	23S rRNA (adenine(2503)-C(8))-methyltransferase ClbA		
GCF_036966385.1		NZ_JBALRU010000081.1	1253	1771	+	satA	streptothricin N-acetyltransferase SatA	core	AMR	AMR	STREPTOTHRICIN	STREPTOTHRICIN	BLASTX	173	173	100.00	80.35	173	WP_003242546.1	streptothricin N-acetyltransferase SatA		
GCF_036966405.1		NZ_JBALRJ010000227.1	1008	1661	-	cat86	type A-6 chloramphenicol O-acetyltransferase Cat86	core	AMR	AMR	PHENICOL	CHLORAMPHENICOL	BLASTX	218	220	99.09	92.66	218	WP_050945244.1	type A-6 chloramphenicol O-acetyltransferase Cat86		
GCF_036966405.1		NZ_JBALRJ010000251.1	3	767	+	aph(3')-IIa	aminoglycoside O-phosphotransferase APH(3')-IIa	core	AMR	AMR	AMINOGLYCOSIDE	KANAMYCIN	BLASTX	255	264	96.59	99.61	255	WP_000572405.1	aminoglycoside O-phosphotransferase APH(3')-IIa		
GCF_036966425.1		NZ_JBALRO010000077.1	11914	12822	+	mphL	macrolide 2'-phosphotransferase MphL	core	AMR	AMR	MACROLIDE	MACROLIDE	BLASTX	303	303	100.00	99.67	303	WP_002047670.1	macrolide 2'-phosphotransferase MphL		
GCF_036966425.1		NZ_JBALRO010000225.1	7173	7721	-	satA	streptothricin N-acetyltransferase SatA	core	AMR	AMR	STREPTOTHRICIN	STREPTOTHRICIN	BLASTX	183	184	99.46	93.99	183	WP_000054744.1	streptothricin N-acetyltransferase SatA		
GCF_036966425.1		NZ_JBALRO010000258.1	1056	1973	-	bla	class A beta-lactamase Bla1	core	AMR	AMR	BETA-LACTAM	BETA-LACTAM	BLASTX	306	306	100.00	92.16	306	WP_063842248.1	class A beta-lactamase Bla1		
GCF_036966425.1		NZ_JBALRO010000419.1	4345	5115	+	bla2	BcII family subclass B1 metallo-beta-lactamase	core	AMR	AMR	BETA-LACTAM	CARBAPENEM	BLASTX	257	257	100.00	93.00	257	WP_012261328.1	BcII family subclass B1 metallo-beta-lactamase		
GCF_036966445.1		NZ_JBALRL010000003.1	271228	272013	+	blaBPU	BPU family class D beta-lactamase	core	AMR	AMR	BETA-LACTAM	BETA-LACTAM	BLASTX	262	262	100.00	96.56	262	WP_041816295.1	class D beta-lactamase BPU-1		
GCF_036966445.1		NZ_JBALRL010000010.1	18742	19401	-	cat86	type A-6 chloramphenicol O-acetyltransferase Cat86	core	AMR	AMR	PHENICOL	CHLORAMPHENICOL	BLASTX	220	220	100.00	94.09	220	WP_050945244.1	type A-6 chloramphenicol O-acetyltransferase Cat86		
GCF_036966465.1		NZ_JBALSG010000013.1	59651	60535	+	mphL	macrolide 2'-phosphotransferase MphL	core	AMR	AMR	MACROLIDE	MACROLIDE	BLASTX	295	303	100.00	97.03	303	WP_002047670.1	macrolide 2'-phosphotransferase MphL		
GCF_036966465.1		NZ_JBALSG010000134.1	55	825	-	bla2	BcII family subclass B1 metallo-beta-lactamase	core	AMR	AMR	BETA-LACTAM	CARBAPENEM	BLASTX	257	257	100.00	93.00	257	WP_012261328.1	BcII family subclass B1 metallo-beta-lactamase		
GCF_036966465.1		NZ_JBALSG010000152.1	1203	1751	+	satA	streptothricin N-acetyltransferase SatA	core	AMR	AMR	STREPTOTHRICIN	STREPTOTHRICIN	BLASTX	183	184	99.46	93.99	183	WP_000054744.1	streptothricin N-acetyltransferase SatA		
GCF_036966465.1		NZ_JBALSG010000182.1	1968	2885	-	bla	class A beta-lactamase Bla1	core	AMR	AMR	BETA-LACTAM	BETA-LACTAM	BLASTX	306	306	100.00	93.14	306	WP_063842248.1	class A beta-lactamase Bla1		
GCF_036966585.1		NZ_JBALSA010000016.1	244745	245404	+	cat86	type A-6 chloramphenicol O-acetyltransferase Cat86	core	AMR	AMR	PHENICOL	CHLORAMPHENICOL	BLASTX	220	220	100.00	94.09	220	WP_050945244.1	type A-6 chloramphenicol O-acetyltransferase Cat86		
GCF_036966585.1		NZ_JBALSA010000031.1	8162	8947	-	blaBPU	BPU family class D beta-lactamase	core	AMR	AMR	BETA-LACTAM	BETA-LACTAM	BLASTX	262	262	100.00	96.95	262	WP_041816295.1	class D beta-lactamase BPU-1		
GCF_036966605.1		NZ_JBALRR010000004.1	461399	462250	-	aadK	aminoglycoside 6-adenylyltransferase AadK	core	AMR	AMR	AMINOGLYCOSIDE	STREPTOMYCIN	BLASTX	284	284	100.00	98.59	284	WP_003229862.1	aminoglycoside 6-adenylyltransferase AadK		
GCF_036966605.1		NZ_JBALRR010000005.1	91174	92088	+	mphK	macrolide 2'-phosphotransferase MphK	core	AMR	AMR	MACROLIDE	TELITHROMYCIN/TYLOSIN	BLASTX	305	306	99.67	98.03	305	WP_003246254.1	macrolide 2'-phosphotransferase MphK		
GCF_036966605.1		NZ_JBALRR010000005.1	415672	417312	-	vmlR	ABC-F type ribosomal protection protein VmlR	core	AMR	AMR	LINCOSAMIDE/PLEUROMUTILIN/STREPTOGRAMIN	LINCOMYCIN/TIAMULIN/VIRGINIAMYCIN M	BLASTX	547	547	100.00	98.90	547	WP_003234144.1	ABC-F type ribosomal protection protein VmlR		
GCF_036966625.1		NZ_JBALSC010000008.1	280331	281116	+	blaBPU	BPU family class D beta-lactamase	core	AMR	AMR	BETA-LACTAM	BETA-LACTAM	BLASTX	262	262	100.00	94.66	262	WP_041816295.1	class D beta-lactamase BPU-1		
GCF_036966625.1		NZ_JBALSC010000016.1	19361	20020	+	cat86	type A-6 chloramphenicol O-acetyltransferase Cat86	core	AMR	AMR	PHENICOL	CHLORAMPHENICOL	BLASTX	220	220	100.00	99.09	220	WP_050945244.1	type A-6 chloramphenicol O-acetyltransferase Cat86		
GCF_036966645.1		NZ_JBALRT010000023.1	44487	45038	+	satA	streptothricin N-acetyltransferase SatA	core	AMR	AMR	STREPTOTHRICIN	STREPTOTHRICIN	BLASTX	184	184	98.91	89.67	184	WP_000054744.1	streptothricin N-acetyltransferase SatA		
GCF_036966645.1		NZ_JBALRT010000034.1	72058	72471	+	fosB	FosBx1 family fosfomycin resistance bacillithiol transferase	core	AMR	AMR	FOSFOMYCIN	FOSFOMYCIN	BLASTX	138	138	100.00	97.83	138	WP_000943763.1	fosfomycin resistance bacillithiol transferase FosBx1		
GCF_036966645.1		NZ_JBALRT010000034.1	273819	275192	+	tet(45)	tetracycline efflux MFS transporter Tet(45)	core	AMR	AMR	TETRACYCLINE	TETRACYCLINE	BLASTX	458	458	100.00	91.48	458	WP_063855885.1	tetracycline efflux MFS transporter Tet(45)		
GCF_036966645.1		NZ_JBALRT010000038.1	42430	43347	+	bla	class A beta-lactamase Bla1	core	AMR	AMR	BETA-LACTAM	BETA-LACTAM	BLASTX	306	306	100.00	95.10	306	WP_063842248.1	class A beta-lactamase Bla1		
GCF_036966645.1		NZ_JBALRT010000092.1	6758	7450	-	vanR-A	vancomycin resistance response regulator transcription factor VanR-A	core	AMR	AMR	GLYCOPEPTIDE	VANCOMYCIN	BLASTX	231	231	100.00	93.07	231	WP_063856721.1	vancomycin resistance response regulator transcription factor VanR-A		
GCF_036966645.1		NZ_JBALRT010000126.1	263	1033	-	bla2	BcII family subclass B1 metallo-beta-lactamase	core	AMR	AMR	BETA-LACTAM	CARBAPENEM	BLASTX	257	257	100.00	96.50	257	WP_063839879.1	BcII family subclass B1 metallo-beta-lactamase		
GCF_036966645.1		NZ_JBALRT010000188.1	1128	1979	-	mleBCB	BCB family alpha/beta fold macrolide esterase	core	AMR	AMR	MACROLIDE	TYLOSIN	BLASTX	284	287	100.00	98.26	287	WP_459076516.1	BCB family alpha/beta fold macrolide esterase		
GCF_036966665.1		NZ_JBALSB010000007.1	280861	281520	+	cat86	type A-6 chloramphenicol O-acetyltransferase Cat86	core	AMR	AMR	PHENICOL	CHLORAMPHENICOL	EXACTX	220	220	100.00	100.00	220	WP_050945244.1	type A-6 chloramphenicol O-acetyltransferase Cat86		
GCF_036966665.1		NZ_JBALSB010000010.1	275715	276500	-	blaBPU	BPU family class D beta-lactamase	core	AMR	AMR	BETA-LACTAM	BETA-LACTAM	BLASTX	262	262	100.00	94.66	262	WP_041816295.1	class D beta-lactamase BPU-1		
GCF_036966765.1		NZ_JBALRZ010000004.1	30868	32508	+	vmlR	ABC-F type ribosomal protection protein VmlR	core	AMR	AMR	LINCOSAMIDE/PLEUROMUTILIN/STREPTOGRAMIN	LINCOMYCIN/TIAMULIN/VIRGINIAMYCIN M	BLASTX	547	547	100.00	97.07	547	WP_003234144.1	ABC-F type ribosomal protection protein VmlR		
GCF_036966765.1		NZ_JBALRZ010000005.1	94157	95074	+	mphK	macrolide 2'-phosphotransferase MphK	core	AMR	AMR	MACROLIDE	TELITHROMYCIN/TYLOSIN	BLASTX	306	306	100.00	97.06	306	WP_003246254.1	macrolide 2'-phosphotransferase MphK		
GCF_036966765.1		NZ_JBALRZ010000006.1	36991	37509	+	satA	streptothricin N-acetyltransferase SatA	core	AMR	AMR	STREPTOTHRICIN	STREPTOTHRICIN	BLASTX	173	173	100.00	94.80	173	WP_003242546.1	streptothricin N-acetyltransferase SatA		
GCF_036966765.1		NZ_JBALRZ010000010.1	52803	53654	+	aadK	aminoglycoside 6-adenylyltransferase AadK	core	AMR	AMR	AMINOGLYCOSIDE	STREPTOMYCIN	BLASTX	284	284	100.00	98.24	284	WP_003229862.1	aminoglycoside 6-adenylyltransferase AadK		
GCF_036966785.1		NZ_JBALSZ010000016.1	87409	88068	+	cat86	type A-6 chloramphenicol O-acetyltransferase Cat86	core	AMR	AMR	PHENICOL	CHLORAMPHENICOL	BLASTX	220	220	100.00	92.73	220	WP_050945244.1	type A-6 chloramphenicol O-acetyltransferase Cat86		
GCF_036966825.1		NZ_JBALSD010000108.1	1310	2095	-	blaBPU	BPU family class D beta-lactamase	core	AMR	AMR	BETA-LACTAM	BETA-LACTAM	BLASTX	262	262	100.00	93.89	262	WP_041816295.1	class D beta-lactamase BPU-1		
GCF_036966825.1		NZ_JBALSD010000189.1	1044	1703	-	cat86	type A-6 chloramphenicol O-acetyltransferase Cat86	core	AMR	AMR	PHENICOL	CHLORAMPHENICOL	BLASTX	220	220	100.00	94.55	220	WP_050945244.1	type A-6 chloramphenicol O-acetyltransferase Cat86		
GCF_036966845.1		NZ_JBALSE010000002.1	238218	239003	+	blaBPU	BPU family class D beta-lactamase	core	AMR	AMR	BETA-LACTAM	BETA-LACTAM	BLASTX	262	262	100.00	94.66	262	WP_041816295.1	class D beta-lactamase BPU-1		
GCF_036966845.1		NZ_JBALSE010000005.1	299849	300508	+	cat86	type A-6 chloramphenicol O-acetyltransferase Cat86	core	AMR	AMR	PHENICOL	CHLORAMPHENICOL	BLASTX	220	220	100.00	99.09	220	WP_050945244.1	type A-6 chloramphenicol O-acetyltransferase Cat86		
GCF_036966885.1		NZ_JBALSH010000008.1	47714	48499	-	blaBPU	BPU family class D beta-lactamase	core	AMR	AMR	BETA-LACTAM	BETA-LACTAM	BLASTX	262	262	100.00	96.56	262	WP_041816295.1	class D beta-lactamase BPU-1		
GCF_036966885.1		NZ_JBALSH010000009.1	21584	22243	+	cat86	type A-6 chloramphenicol O-acetyltransferase Cat86	core	AMR	AMR	PHENICOL	CHLORAMPHENICOL	BLASTX	220	220	100.00	94.09	220	WP_050945244.1	type A-6 chloramphenicol O-acetyltransferase Cat86		
GCF_036966905.1		NZ_JBALSJ010000086.1	965	1624	+	cat86	type A-6 chloramphenicol O-acetyltransferase Cat86	core	AMR	AMR	PHENICOL	CHLORAMPHENICOL	BLASTX	220	220	100.00	91.82	220	WP_050945244.1	type A-6 chloramphenicol O-acetyltransferase Cat86		
GCF_036966925.1		NZ_JBALSM010000001.1	280420	281205	+	blaBPU	BPU family class D beta-lactamase	core	AMR	AMR	BETA-LACTAM	BETA-LACTAM	BLASTX	262	262	100.00	95.04	262	WP_041816295.1	class D beta-lactamase BPU-1		
GCF_036966925.1		NZ_JBALSM010000036.1	4983	5642	-	cat86	type A-6 chloramphenicol O-acetyltransferase Cat86	core	AMR	AMR	PHENICOL	CHLORAMPHENICOL	BLASTX	220	220	100.00	99.55	220	WP_050945244.1	type A-6 chloramphenicol O-acetyltransferase Cat86		
GCF_036966965.1		NZ_JBALSO010000189.1	2050	2709	+	cat86	type A-6 chloramphenicol O-acetyltransferase Cat86	core	AMR	AMR	PHENICOL	CHLORAMPHENICOL	BLASTX	220	220	100.00	91.82	220	WP_050945244.1	type A-6 chloramphenicol O-acetyltransferase Cat86		
GCF_036967025.1		NZ_JBALSQ010000038.1	2748	3518	+	bla2	BcII family subclass B1 metallo-beta-lactamase	core	AMR	AMR	BETA-LACTAM	CARBAPENEM	BLASTX	257	257	100.00	93.00	257	WP_063839879.1	BcII family subclass B1 metallo-beta-lactamase		
GCF_036967025.1		NZ_JBALSQ010000125.1	14258	14671	+	fosB	FosBx1 family fosfomycin resistance bacillithiol transferase	core	AMR	AMR	FOSFOMYCIN	FOSFOMYCIN	BLASTX	138	138	100.00	97.83	138	WP_000943763.1	fosfomycin resistance bacillithiol transferase FosBx1		
GCF_036967025.1		NZ_JBALSQ010000157.1	2	433	+	satA	streptothricin N-acetyltransferase SatA	core	AMR	AMR	STREPTOTHRICIN	STREPTOTHRICIN	PARTIAL_CONTIG_ENDX	144	184	77.17	90.28	144	WP_000054744.1	streptothricin N-acetyltransferase SatA		
GCF_036967025.1		NZ_JBALSQ010000333.1	1213	2130	-	bla	class A beta-lactamase Bla1	core	AMR	AMR	BETA-LACTAM	BETA-LACTAM	BLASTX	306	306	100.00	95.10	306	WP_063842248.1	class A beta-lactamase Bla1		
GCF_036967065.1		NZ_JBALSY010000226.1	10541	11320	+	blaBPU	BPU family class D beta-lactamase	core	AMR	AMR	BETA-LACTAM	BETA-LACTAM	BLASTX	260	262	99.24	95.00	260	WP_041816295.1	class D beta-lactamase BPU-1		
GCF_036967065.1		NZ_JBALSY010000268.1	595	999	-	cat86	type A-6 chloramphenicol O-acetyltransferase Cat86	core	AMR	AMR	PHENICOL	CHLORAMPHENICOL	PARTIAL_CONTIG_ENDX	135	220	61.36	99.26	135	WP_050945244.1	type A-6 chloramphenicol O-acetyltransferase Cat86		
GCF_036967085.1		NZ_JBALSV010000004.1	370027	370545	+	satA	streptothricin N-acetyltransferase SatA	core	AMR	AMR	STREPTOTHRICIN	STREPTOTHRICIN	BLASTX	173	173	100.00	80.35	173	WP_003242546.1	streptothricin N-acetyltransferase SatA		
GCF_036967085.1		NZ_JBALSV010000006.1	182299	183345	+	clbA	23S rRNA (adenine(2503)-C(8))-methyltransferase ClbA	core	AMR	AMR	LINCOSAMIDE/MACROLIDE/STREPTOGRAMIN	LINCOSAMIDE/MACROLIDE/STREPTOGRAMIN	BLASTX	349	349	100.00	99.43	349	WP_012116915.1	23S rRNA (adenine(2503)-C(8))-methyltransferase ClbA		
GCF_036967105.1		NZ_JBALSU010000099.1	665	1324	-	cat86	type A-6 chloramphenicol O-acetyltransferase Cat86	core	AMR	AMR	PHENICOL	CHLORAMPHENICOL	BLASTX	220	220	100.00	94.09	220	WP_050945244.1	type A-6 chloramphenicol O-acetyltransferase Cat86		
GCF_036967105.1		NZ_JBALSU010000109.1	14026	14811	+	blaBPU	BPU family class D beta-lactamase	core	AMR	AMR	BETA-LACTAM	BETA-LACTAM	BLASTX	262	262	100.00	96.56	262	WP_041816295.1	class D beta-lactamase BPU-1		
GCF_036967125.1		NZ_JBALSX010000023.1	6136	6549	-	fosB	FosBx1 family fosfomycin resistance bacillithiol transferase	core	AMR	AMR	FOSFOMYCIN	FOSFOMYCIN	BLASTX	138	138	100.00	98.55	138	WP_000943763.1	fosfomycin resistance bacillithiol transferase FosBx1		
GCF_036967125.1		NZ_JBALSX010000170.1	5275	6192	+	bla	class A beta-lactamase Bla1	core	AMR	AMR	BETA-LACTAM	BETA-LACTAM	BLASTX	306	306	100.00	95.42	306	WP_063842248.1	class A beta-lactamase Bla1		
GCF_036967125.1		NZ_JBALSX010000173.1	5	556	+	satA	streptothricin N-acetyltransferase SatA	core	AMR	AMR	STREPTOTHRICIN	STREPTOTHRICIN	BLASTX	184	184	98.91	89.67	184	WP_000054744.1	streptothricin N-acetyltransferase SatA		
GCF_036967125.1		NZ_JBALSX010000251.1	467	1237	-	bla2	BcII family subclass B1 metallo-beta-lactamase	core	AMR	AMR	BETA-LACTAM	CARBAPENEM	BLASTX	257	257	100.00	94.55	257	WP_063839879.1	BcII family subclass B1 metallo-beta-lactamase		
GCF_036967145.1		NZ_JBALTB010000001.1	1687998	1688516	-	satA	streptothricin N-acetyltransferase SatA	core	AMR	AMR	STREPTOTHRICIN	STREPTOTHRICIN	BLASTX	173	173	100.00	80.35	173	WP_003242546.1	streptothricin N-acetyltransferase SatA		
GCF_036967145.1		NZ_JBALTB010000003.1	52448	53494	-	clbA	23S rRNA (adenine(2503)-C(8))-methyltransferase ClbA	core	AMR	AMR	LINCOSAMIDE/MACROLIDE/STREPTOGRAMIN	LINCOSAMIDE/MACROLIDE/STREPTOGRAMIN	BLASTX	349	349	100.00	99.43	349	WP_012116915.1	23S rRNA (adenine(2503)-C(8))-methyltransferase ClbA		
GCF_037026705.1		NZ_JBANEV010000005.1	30750	31601	-	aadK	aminoglycoside 6-adenylyltransferase AadK	core	AMR	AMR	AMINOGLYCOSIDE	STREPTOMYCIN	BLASTX	284	284	100.00	97.89	284	WP_003229862.1	aminoglycoside 6-adenylyltransferase AadK		
GCF_037026705.1		NZ_JBANEV010000014.1	39471	40844	+	tet(L)	tetracycline efflux MFS transporter Tet(L)	core	AMR	AMR	TETRACYCLINE	TETRACYCLINE	BLASTX	458	458	100.00	99.13	458	WP_003242953.1	tetracycline efflux MFS transporter Tet(L)		
GCF_037026705.1		NZ_JBANEV010000014.1	42828	43346	+	satA	streptothricin N-acetyltransferase SatA	core	AMR	AMR	STREPTOTHRICIN	STREPTOTHRICIN	BLASTX	173	173	100.00	90.17	173	WP_003242546.1	streptothricin N-acetyltransferase SatA		
GCF_037026705.1		NZ_JBANEV010000017.1	64062	65687	-	vmlR	ABC-F type ribosomal protection protein VmlR	core	AMR	AMR	LINCOSAMIDE/PLEUROMUTILIN/STREPTOGRAMIN	LINCOMYCIN/TIAMULIN/VIRGINIAMYCIN M	BLASTX	542	547	98.90	98.52	542	WP_003234144.1	ABC-F type ribosomal protection protein VmlR		
GCF_037026705.1		NZ_JBANEV010000025.1	17966	18883	-	mphK	macrolide 2'-phosphotransferase MphK	core	AMR	AMR	MACROLIDE	TELITHROMYCIN/TYLOSIN	BLASTX	306	306	100.00	98.37	306	WP_003246254.1	macrolide 2'-phosphotransferase MphK		
GCF_037027085.1		NZ_JBANCE010000001.1	2309200	2310114	+	bla	class A beta-lactamase Bla1	core	AMR	AMR	BETA-LACTAM	BETA-LACTAM	BLASTX	305	306	99.67	93.11	305	WP_003171307.1	class A beta-lactamase Bla1		
GCF_037027085.1		NZ_JBANCE010000001.1	2372705	2373397	+	vanR-A	vancomycin resistance response regulator transcription factor VanR-A	core	AMR	AMR	GLYCOPEPTIDE	VANCOMYCIN	BLASTX	231	231	100.00	93.07	231	WP_063856721.1	vancomycin resistance response regulator transcription factor VanR-A		
GCF_037027085.1		NZ_JBANCE010000001.1	2628504	2629355	+	mleBCA	BCA family alpha/beta fold macrolide esterase	core	AMR	AMR	MACROLIDE	TYLOSIN	BLASTX	284	287	98.95	95.42	284	WP_000140039.1	BCA family alpha/beta fold macrolide esterase		
GCF_037027085.1		NZ_JBANCE010000001.1	3270373	3271140	-	bla2	BcII family subclass B1 metallo-beta-lactamase	core	AMR	AMR	BETA-LACTAM	CARBAPENEM	BLASTX	256	256	100.00	92.97	256	WP_000799232.1	BcII family subclass B1 metallo-beta-lactamase		
GCF_037027125.1		NZ_JBANCC010000038.1	10959	11735	+	bla2	BcII family subclass B1 metallo-beta-lactamase	core	AMR	AMR	BETA-LACTAM	CARBAPENEM	BLASTX	259	257	100.00	91.12	259	WP_012261328.1	BcII family subclass B1 metallo-beta-lactamase		
GCF_037027125.1		NZ_JBANCC010000073.1	57202	57759	-	satA	streptothricin N-acetyltransferase SatA	core	AMR	AMR	STREPTOTHRICIN	STREPTOTHRICIN	BLASTX	186	184	98.91	78.49	186	WP_000054744.1	streptothricin N-acetyltransferase SatA		
GCF_037094735.1		NZ_CP146760.1	532302	533348	+	clbA	23S rRNA (adenine(2503)-C(8))-methyltransferase ClbA	core	AMR	AMR	LINCOSAMIDE/MACROLIDE/STREPTOGRAMIN	LINCOSAMIDE/MACROLIDE/STREPTOGRAMIN	BLASTX	349	349	100.00	99.71	349	WP_012116915.1	23S rRNA (adenine(2503)-C(8))-methyltransferase ClbA		
GCF_037094735.1		NZ_CP146760.1	2543141	2543659	-	satA	streptothricin N-acetyltransferase SatA	core	AMR	AMR	STREPTOTHRICIN	STREPTOTHRICIN	BLASTX	173	173	100.00	79.19	173	WP_003242546.1	streptothricin N-acetyltransferase SatA		
GCF_037094765.1		NZ_CP146759.1	1201062	1201721	+	cat86	type A-6 chloramphenicol O-acetyltransferase Cat86	core	AMR	AMR	PHENICOL	CHLORAMPHENICOL	BLASTX	220	220	100.00	91.82	220	WP_050945244.1	type A-6 chloramphenicol O-acetyltransferase Cat86		
GCF_037094775.1		NZ_CP146761.1	1195543	1196202	+	cat86	type A-6 chloramphenicol O-acetyltransferase Cat86	core	AMR	AMR	PHENICOL	CHLORAMPHENICOL	BLASTX	220	220	100.00	91.82	220	WP_050945244.1	type A-6 chloramphenicol O-acetyltransferase Cat86		
GCF_037094785.1		NZ_CP146762.1	1247760	1248419	+	cat86	type A-6 chloramphenicol O-acetyltransferase Cat86	core	AMR	AMR	PHENICOL	CHLORAMPHENICOL	BLASTX	220	220	100.00	92.27	220	WP_050945244.1	type A-6 chloramphenicol O-acetyltransferase Cat86		
GCF_037095775.1		NZ_JBAWLA010000015.1	549427	549945	-	satA	streptothricin N-acetyltransferase SatA	core	AMR	AMR	STREPTOTHRICIN	STREPTOTHRICIN	BLASTX	173	173	100.00	79.19	173	WP_003242546.1	streptothricin N-acetyltransferase SatA		
GCF_037104495.1		NZ_JBBBWF010000001.1	1901076	1901489	+	fosB	FosBx1 family fosfomycin resistance bacillithiol transferase	core	AMR	AMR	FOSFOMYCIN	FOSFOMYCIN	BLASTX	138	138	100.00	99.28	138	WP_000943763.1	fosfomycin resistance bacillithiol transferase FosBx1		
GCF_037104495.1		NZ_JBBBWF010000001.1	2417538	2418455	+	bla	class A beta-lactamase Bla1	core	AMR	AMR	BETA-LACTAM	BETA-LACTAM	BLASTX	306	306	100.00	96.73	306	WP_063842248.1	class A beta-lactamase Bla1		
GCF_037104495.1		NZ_JBBBWF010000001.1	3087421	3087972	+	satA	streptothricin N-acetyltransferase SatA	core	AMR	AMR	STREPTOTHRICIN	STREPTOTHRICIN	BLASTX	184	184	98.91	88.59	184	WP_000054744.1	streptothricin N-acetyltransferase SatA		
GCF_037104495.1		NZ_JBBBWF010000001.1	3205797	3206648	-	mleBCB	BCB family alpha/beta fold macrolide esterase	core	AMR	AMR	MACROLIDE	TYLOSIN	BLASTX	284	287	100.00	97.56	287	WP_459076516.1	BCB family alpha/beta fold macrolide esterase		
GCF_037104495.1		NZ_JBBBWF010000001.1	3311479	3312249	-	bla2	BcII family subclass B1 metallo-beta-lactamase	core	AMR	AMR	BETA-LACTAM	CARBAPENEM	BLASTX	257	257	100.00	94.55	257	WP_063839879.1	BcII family subclass B1 metallo-beta-lactamase		
GCF_037414965.1		NZ_JBBEWK010000002.1	15085	16002	-	bla	class A beta-lactamase Bla1	core	AMR	AMR	BETA-LACTAM	BETA-LACTAM	BLASTX	306	306	100.00	90.85	306	WP_003171307.1	class A beta-lactamase Bla1		
GCF_037414965.1		NZ_JBBEWK010000002.1	421865	422278	-	fosB	FosBx1 family fosfomycin resistance bacillithiol transferase	core	AMR	AMR	FOSFOMYCIN	FOSFOMYCIN	BLASTX	138	138	100.00	90.58	138	WP_000943763.1	fosfomycin resistance bacillithiol transferase FosBx1		
GCF_037414965.1		NZ_JBBEWK010000003.1	268182	268952	+	bla2	BcII family subclass B1 metallo-beta-lactamase	core	AMR	AMR	BETA-LACTAM	CARBAPENEM	BLASTX	257	257	100.00	92.22	257	WP_012261328.1	BcII family subclass B1 metallo-beta-lactamase		
GCF_037414965.1		NZ_JBBEWK010000003.1	514111	514662	-	satA	streptothricin N-acetyltransferase SatA	core	AMR	AMR	STREPTOTHRICIN	STREPTOTHRICIN	BLASTX	184	184	98.91	88.59	184	WP_000054744.1	streptothricin N-acetyltransferase SatA		
GCF_037414965.1		NZ_JBBEWK010000004.1	225690	226550	+	mleBCA	BCA family alpha/beta fold macrolide esterase	core	AMR	AMR	MACROLIDE	TYLOSIN	EXACTX	287	287	100.00	100.00	287	WP_000140039.1	BCA family alpha/beta fold macrolide esterase		
GCF_037907685.1		NZ_JAIQVJ010000003.1	578078	578845	-	bla2	BcII family subclass B1 metallo-beta-lactamase	core	AMR	AMR	BETA-LACTAM	CARBAPENEM	BLASTX	256	256	100.00	92.19	256	WP_000799232.1	BcII family subclass B1 metallo-beta-lactamase		
GCF_037907685.1		NZ_JAIQVJ010000005.1	200184	200597	-	fosB	FosBx1 family fosfomycin resistance bacillithiol transferase	core	AMR	AMR	FOSFOMYCIN	FOSFOMYCIN	BLASTX	138	138	100.00	93.48	138	WP_000943763.1	fosfomycin resistance bacillithiol transferase FosBx1		
GCF_037907685.1		NZ_JAIQVJ010000006.1	124714	125262	+	satA	streptothricin N-acetyltransferase SatA	core	AMR	AMR	STREPTOTHRICIN	STREPTOTHRICIN	BLASTX	183	184	98.91	79.78	183	WP_000054744.1	streptothricin N-acetyltransferase SatA		
GCF_037907685.1		NZ_JAIQVJ010000007.1	283034	283885	+	mleBCA	BCA family alpha/beta fold macrolide esterase	core	AMR	AMR	MACROLIDE	TYLOSIN	BLASTX	284	287	98.95	93.31	284	WP_000140039.1	BCA family alpha/beta fold macrolide esterase		
GCF_037907685.1		NZ_JAIQVJ010000008.1	249150	250067	+	bla	class A beta-lactamase Bla1	core	AMR	AMR	BETA-LACTAM	BETA-LACTAM	BLASTX	306	306	100.00	91.18	306	WP_063842248.1	class A beta-lactamase Bla1		
GCF_037907705.1		NZ_JAIQVK010000001.1	257878	258729	+	mleBCA	BCA family alpha/beta fold macrolide esterase	core	AMR	AMR	MACROLIDE	TYLOSIN	BLASTX	284	287	98.95	95.42	284	WP_000140039.1	BCA family alpha/beta fold macrolide esterase		
GCF_037907705.1		NZ_JAIQVK010000001.1	808863	809732	-	mleBCB	BCB family alpha/beta fold macrolide esterase	core	AMR	AMR	MACROLIDE	TYLOSIN	BLASTX	290	287	100.00	94.83	290	WP_459076516.1	BCB family alpha/beta fold macrolide esterase		
GCF_037907705.1		NZ_JAIQVK010000001.1	897601	898371	-	bla2	BcII family subclass B1 metallo-beta-lactamase	core	AMR	AMR	BETA-LACTAM	CARBAPENEM	BLASTX	257	257	100.00	92.22	257	WP_012261328.1	BcII family subclass B1 metallo-beta-lactamase		
GCF_037907705.1		NZ_JAIQVK010000006.1	66452	66865	+	fosB	FosBx1 family fosfomycin resistance bacillithiol transferase	core	AMR	AMR	FOSFOMYCIN	FOSFOMYCIN	BLASTX	138	138	100.00	91.30	138	WP_000943763.1	fosfomycin resistance bacillithiol transferase FosBx1		
GCF_037907705.1		NZ_JAIQVK010000022.1	2845	3702	+	blaTEM-116	broad-spectrum class A beta-lactamase TEM-116	core	AMR	AMR	BETA-LACTAM	BETA-LACTAM	ALLELEX	286	286	100.00	100.00	286	WP_000027050.1	broad-spectrum class A beta-lactamase TEM-116		
GCF_037997165.1		NZ_CP150487.1	275437	276354	+	mphK	macrolide 2'-phosphotransferase MphK	core	AMR	AMR	MACROLIDE	TELITHROMYCIN/TYLOSIN	EXACTX	306	306	100.00	100.00	306	WP_003246254.1	macrolide 2'-phosphotransferase MphK		
GCF_037997165.1		NZ_CP150487.1	604337	605977	-	vmlR	ABC-F type ribosomal protection protein VmlR	core	AMR	AMR	LINCOSAMIDE/PLEUROMUTILIN/STREPTOGRAMIN	LINCOMYCIN/TIAMULIN/VIRGINIAMYCIN M	EXACTX	547	547	100.00	100.00	547	WP_003234144.1	ABC-F type ribosomal protection protein VmlR		
GCF_037997165.1		NZ_CP150487.1	2735286	2736137	-	aadK	aminoglycoside 6-adenylyltransferase AadK	core	AMR	AMR	AMINOGLYCOSIDE	STREPTOMYCIN	EXACTX	284	284	100.00	100.00	284	WP_003229862.1	aminoglycoside 6-adenylyltransferase AadK		
GCF_037997165.1		NZ_CP150487.1	4184790	4185308	-	satA	streptothricin N-acetyltransferase SatA	core	AMR	AMR	STREPTOTHRICIN	STREPTOTHRICIN	EXACTX	173	173	100.00	100.00	173	WP_003242546.1	streptothricin N-acetyltransferase SatA		
GCF_037997165.1		NZ_CP150487.1	4187311	4188684	-	tet(L)	tetracycline efflux MFS transporter Tet(L)	core	AMR	AMR	TETRACYCLINE	TETRACYCLINE	EXACTX	458	458	100.00	100.00	458	WP_003242953.1	tetracycline efflux MFS transporter Tet(L)		
GCF_038069635.2		NZ_CP168764.1	2357644	2358561	+	bla	class A beta-lactamase Bla1	core	AMR	AMR	BETA-LACTAM	BETA-LACTAM	BLASTX	306	306	100.00	97.06	306	WP_063842248.1	class A beta-lactamase Bla1		
GCF_038069635.2		NZ_CP168764.1	2540266	2541126	+	mleBCA	BCA family alpha/beta fold macrolide esterase	core	AMR	AMR	MACROLIDE	TYLOSIN	BLASTX	287	287	100.00	95.47	287	WP_000140039.1	BCA family alpha/beta fold macrolide esterase		
GCF_038069635.2		NZ_CP168764.1	3206174	3206941	-	bla2	BcII family subclass B1 metallo-beta-lactamase	core	AMR	AMR	BETA-LACTAM	CARBAPENEM	BLASTX	256	256	100.00	99.22	256	WP_000799223.1	BcII family subclass B1 metallo-beta-lactamase		
GCF_038442665.1		NZ_CP151685.1	275437	276354	+	mphK	macrolide 2'-phosphotransferase MphK	core	AMR	AMR	MACROLIDE	TELITHROMYCIN/TYLOSIN	EXACTX	306	306	100.00	100.00	306	WP_003246254.1	macrolide 2'-phosphotransferase MphK		
GCF_038442665.1		NZ_CP151685.1	604337	605977	-	vmlR	ABC-F type ribosomal protection protein VmlR	core	AMR	AMR	LINCOSAMIDE/PLEUROMUTILIN/STREPTOGRAMIN	LINCOMYCIN/TIAMULIN/VIRGINIAMYCIN M	EXACTX	547	547	100.00	100.00	547	WP_003234144.1	ABC-F type ribosomal protection protein VmlR		
GCF_038442665.1		NZ_CP151685.1	2735287	2736138	-	aadK	aminoglycoside 6-adenylyltransferase AadK	core	AMR	AMR	AMINOGLYCOSIDE	STREPTOMYCIN	EXACTX	284	284	100.00	100.00	284	WP_003229862.1	aminoglycoside 6-adenylyltransferase AadK		
GCF_038442665.1		NZ_CP151685.1	4184791	4185309	-	satA	streptothricin N-acetyltransferase SatA	core	AMR	AMR	STREPTOTHRICIN	STREPTOTHRICIN	EXACTX	173	173	100.00	100.00	173	WP_003242546.1	streptothricin N-acetyltransferase SatA		
GCF_038442665.1		NZ_CP151685.1	4187312	4188685	-	tet(L)	tetracycline efflux MFS transporter Tet(L)	core	AMR	AMR	TETRACYCLINE	TETRACYCLINE	EXACTX	458	458	100.00	100.00	458	WP_003242953.1	tetracycline efflux MFS transporter Tet(L)		
GCF_038561975.1		NZ_CP151867.1	1410412	1411179	+	bla2	BcII family subclass B1 metallo-beta-lactamase	core	AMR	AMR	BETA-LACTAM	CARBAPENEM	BLASTX	256	256	100.00	99.22	256	WP_000799223.1	BcII family subclass B1 metallo-beta-lactamase		
GCF_038561975.1		NZ_CP151867.1	2065921	2066781	-	mleBCA	BCA family alpha/beta fold macrolide esterase	core	AMR	AMR	MACROLIDE	TYLOSIN	BLASTX	287	287	100.00	95.47	287	WP_000140039.1	BCA family alpha/beta fold macrolide esterase		
GCF_038561975.1		NZ_CP151867.1	2250655	2251572	-	bla	class A beta-lactamase Bla1	core	AMR	AMR	BETA-LACTAM	BETA-LACTAM	BLASTX	306	306	100.00	97.06	306	WP_063842248.1	class A beta-lactamase Bla1		
GCF_039519175.1		NZ_CP154443.1	1931103	1931903	+	blaBAT	BAT family class D beta-lactamase	core	AMR	AMR	BETA-LACTAM	BETA-LACTAM	BLASTX	267	268	99.63	96.63	267	WP_003328240.1	class D beta-lactamase BAT-1		
GCF_039519175.1		NZ_CP154443.1	3249202	3249720	+	satA	streptothricin N-acetyltransferase SatA	core	AMR	AMR	STREPTOTHRICIN	STREPTOTHRICIN	BLASTX	173	173	100.00	80.92	173	WP_003242546.1	streptothricin N-acetyltransferase SatA		
GCF_039619305.1		NZ_CP155054.1	1371461	1372312	+	aadK	aminoglycoside 6-adenylyltransferase AadK	core	AMR	AMR	AMINOGLYCOSIDE	STREPTOMYCIN	EXACTX	284	284	100.00	100.00	284	WP_003229862.1	aminoglycoside 6-adenylyltransferase AadK		
GCF_039619305.1		NZ_CP155054.1	3371521	3373161	+	vmlR	ABC-F type ribosomal protection protein VmlR	core	AMR	AMR	LINCOSAMIDE/PLEUROMUTILIN/STREPTOGRAMIN	LINCOMYCIN/TIAMULIN/VIRGINIAMYCIN M	EXACTX	547	547	100.00	100.00	547	WP_003234144.1	ABC-F type ribosomal protection protein VmlR		
GCF_039619305.1		NZ_CP155054.1	3704391	3705308	-	mphK	macrolide 2'-phosphotransferase MphK	core	AMR	AMR	MACROLIDE	TELITHROMYCIN/TYLOSIN	BLASTX	306	306	100.00	97.71	306	WP_003246254.1	macrolide 2'-phosphotransferase MphK		
GCF_039619305.1		NZ_CP155054.1	4005923	4007296	+	tet(L)	tetracycline efflux MFS transporter Tet(L)	core	AMR	AMR	TETRACYCLINE	TETRACYCLINE	EXACTX	458	458	100.00	100.00	458	WP_003242953.1	tetracycline efflux MFS transporter Tet(L)		
GCF_039619305.1		NZ_CP155054.1	4009240	4009758	+	satA	streptothricin N-acetyltransferase SatA	core	AMR	AMR	STREPTOTHRICIN	STREPTOTHRICIN	BLASTX	173	173	100.00	90.75	173	WP_003242546.1	streptothricin N-acetyltransferase SatA		
GCF_039671235.1		NZ_CP155530.1	3423328	3423984	-	cat86	type A-6 chloramphenicol O-acetyltransferase Cat86	core	AMR	AMR	PHENICOL	CHLORAMPHENICOL	BLASTX	219	220	100.00	90.45	220	WP_050945244.1	type A-6 chloramphenicol O-acetyltransferase Cat86		
GCF_039680825.1		NZ_JBDKVP010000001.1	302659	303207	-	satA	streptothricin N-acetyltransferase SatA	core	AMR	AMR	STREPTOTHRICIN	STREPTOTHRICIN	BLASTX	183	184	98.91	78.69	183	WP_000054744.1	streptothricin N-acetyltransferase SatA		
GCF_039680825.1		NZ_JBDKVP010000001.1	440448	441395	-	blaIII	class A beta-lactamase BlaIII	core	AMR	AMR	BETA-LACTAM	BETA-LACTAM	BLASTX	316	316	100.00	91.14	316	WP_000497840.1	class A beta-lactamase BlaIII		
GCF_039680825.1		NZ_JBDKVP010000001.1	462989	463906	+	bla	class A beta-lactamase Bla1	core	AMR	AMR	BETA-LACTAM	BETA-LACTAM	BLASTX	306	306	100.00	90.85	306	WP_063842248.1	class A beta-lactamase Bla1		
GCF_039680825.1		NZ_JBDKVP010000001.1	692214	693065	+	mleBCA	BCA family alpha/beta fold macrolide esterase	core	AMR	AMR	MACROLIDE	TYLOSIN	BLASTX	284	287	98.95	91.20	284	WP_000140039.1	BCA family alpha/beta fold macrolide esterase		
GCF_039680825.1		NZ_JBDKVP010000001.1	1364628	1365398	-	bla2	BcII family subclass B1 metallo-beta-lactamase	core	AMR	AMR	BETA-LACTAM	CARBAPENEM	BLASTX	257	257	100.00	94.55	257	WP_012261328.1	BcII family subclass B1 metallo-beta-lactamase		
GCF_039680825.1		NZ_JBDKVP010000004.1	966	1379	-	fosB	FosB family fosfomycin resistance bacillithiol transferase	core	AMR	AMR	FOSFOMYCIN	FOSFOMYCIN	BLASTX	138	138	100.00	97.83	138	WP_063851229.1	FosB family fosfomycin resistance bacillithiol transferase		
GCF_039851945.1		NZ_CP156684.1	533850	534896	+	clbA	23S rRNA (adenine(2503)-C(8))-methyltransferase ClbA	core	AMR	AMR	LINCOSAMIDE/MACROLIDE/STREPTOGRAMIN	LINCOSAMIDE/MACROLIDE/STREPTOGRAMIN	BLASTX	349	349	100.00	99.43	349	WP_012116915.1	23S rRNA (adenine(2503)-C(8))-methyltransferase ClbA		
GCF_039851945.1		NZ_CP156684.1	2549288	2549806	-	satA	streptothricin N-acetyltransferase SatA	core	AMR	AMR	STREPTOTHRICIN	STREPTOTHRICIN	BLASTX	173	173	100.00	80.35	173	WP_003242546.1	streptothricin N-acetyltransferase SatA		
GCF_039851955.1		NZ_CP156682.1	533462	534508	+	clbA	23S rRNA (adenine(2503)-C(8))-methyltransferase ClbA	core	AMR	AMR	LINCOSAMIDE/MACROLIDE/STREPTOGRAMIN	LINCOSAMIDE/MACROLIDE/STREPTOGRAMIN	BLASTX	349	349	100.00	97.13	349	WP_012116915.1	23S rRNA (adenine(2503)-C(8))-methyltransferase ClbA		
GCF_039851955.1		NZ_CP156682.1	2771096	2771614	-	satA	streptothricin N-acetyltransferase SatA	core	AMR	AMR	STREPTOTHRICIN	STREPTOTHRICIN	BLASTX	173	173	100.00	79.77	173	WP_003242546.1	streptothricin N-acetyltransferase SatA		
GCF_040151235.1		NZ_JAXOWF010000003.1	565711	566229	-	satA	streptothricin N-acetyltransferase SatA	core	AMR	AMR	STREPTOTHRICIN	STREPTOTHRICIN	BLASTX	173	173	100.00	79.77	173	WP_003242546.1	streptothricin N-acetyltransferase SatA		
GCF_040151235.1		NZ_JAXOWF010000004.1	52256	53302	-	clbA	23S rRNA (adenine(2503)-C(8))-methyltransferase ClbA	core	AMR	AMR	LINCOSAMIDE/MACROLIDE/STREPTOGRAMIN	LINCOSAMIDE/MACROLIDE/STREPTOGRAMIN	BLASTX	349	349	100.00	99.71	349	WP_012116915.1	23S rRNA (adenine(2503)-C(8))-methyltransferase ClbA		
GCF_040151275.1		NZ_JAXOWG010000001.1	41549	42010	+	satA	streptothricin N-acetyltransferase SatA	core	AMR	AMR	STREPTOTHRICIN	STREPTOTHRICIN	PARTIALX	154	173	89.02	93.51	154	WP_003242546.1	streptothricin N-acetyltransferase SatA		
GCF_040151275.1		NZ_JAXOWG010000002.1	567961	568812	-	aadK	aminoglycoside 6-adenylyltransferase AadK	core	AMR	AMR	AMINOGLYCOSIDE	STREPTOMYCIN	BLASTX	284	284	100.00	98.59	284	WP_003229862.1	aminoglycoside 6-adenylyltransferase AadK		
GCF_040151275.1		NZ_JAXOWG010000004.1	19096	20736	+	vmlR	ABC-F type ribosomal protection protein VmlR	core	AMR	AMR	LINCOSAMIDE/PLEUROMUTILIN/STREPTOGRAMIN	LINCOMYCIN/TIAMULIN/VIRGINIAMYCIN M	BLASTX	547	547	100.00	99.45	547	WP_003234144.1	ABC-F type ribosomal protection protein VmlR		
GCF_040151275.1		NZ_JAXOWG010000004.1	359336	360253	-	mphK	macrolide 2'-phosphotransferase MphK	core	AMR	AMR	MACROLIDE	TELITHROMYCIN/TYLOSIN	EXACTX	306	306	100.00	100.00	306	WP_003246254.1	macrolide 2'-phosphotransferase MphK		
GCF_040151275.1		NZ_JAXOWG010000016.1	262	1011	-	blaTEM	TEM family class A beta-lactamase	core	AMR	AMR	BETA-LACTAM	BETA-LACTAM	PARTIAL_CONTIG_ENDX	250	286	87.41	100.00	250	WP_000027050.1	broad-spectrum class A beta-lactamase TEM-116		
GCF_040151295.1		NZ_JAXOWD010000001.1	1473798	1474568	+	bla2	BcII family subclass B1 metallo-beta-lactamase	core	AMR	AMR	BETA-LACTAM	CARBAPENEM	BLASTX	257	257	100.00	94.55	257	WP_063839879.1	BcII family subclass B1 metallo-beta-lactamase		
GCF_040151295.1		NZ_JAXOWD010000001.1	1696155	1696706	-	satA	streptothricin N-acetyltransferase SatA	core	AMR	AMR	STREPTOTHRICIN	STREPTOTHRICIN	BLASTX	184	184	98.91	89.67	184	WP_000054744.1	streptothricin N-acetyltransferase SatA		
GCF_040151295.1		NZ_JAXOWD010000004.1	392812	393225	-	fosB	FosBx1 family fosfomycin resistance bacillithiol transferase	core	AMR	AMR	FOSFOMYCIN	FOSFOMYCIN	BLASTX	138	138	100.00	99.28	138	WP_000943763.1	fosfomycin resistance bacillithiol transferase FosBx1		
GCF_040151295.1		NZ_JAXOWD010000005.1	392314	393231	-	bla	class A beta-lactamase Bla1	core	AMR	AMR	BETA-LACTAM	BETA-LACTAM	BLASTX	306	306	100.00	96.08	306	WP_063842248.1	class A beta-lactamase Bla1		
GCF_040151295.1		NZ_JAXOWD010000006.1	192950	193897	+	blaIII	class A beta-lactamase BlaIII	core	AMR	AMR	BETA-LACTAM	BETA-LACTAM	BLASTX	316	316	100.00	95.57	316	WP_000497840.1	class A beta-lactamase BlaIII		
GCF_040151315.1		NZ_JAXOWB010000001.1	1403778	1404548	+	bla2	BcII family subclass B1 metallo-beta-lactamase	core	AMR	AMR	BETA-LACTAM	CARBAPENEM	BLASTX	257	257	100.00	94.55	257	WP_063839879.1	BcII family subclass B1 metallo-beta-lactamase		
GCF_040151315.1		NZ_JAXOWB010000001.1	1673704	1674261	-	satA	streptothricin N-acetyltransferase SatA	core	AMR	AMR	STREPTOTHRICIN	STREPTOTHRICIN	BLASTX	186	184	100.00	88.71	186	WP_000054744.1	streptothricin N-acetyltransferase SatA		
GCF_040151315.1		NZ_JAXOWB010000003.1	393769	394686	-	bla	class A beta-lactamase Bla1	core	AMR	AMR	BETA-LACTAM	BETA-LACTAM	BLASTX	306	306	100.00	98.04	306	WP_063842248.1	class A beta-lactamase Bla1		
GCF_040151315.1		NZ_JAXOWB010000003.1	450370	451212	+	mleBCB	BCB family alpha/beta fold macrolide esterase	core	AMR	AMR	MACROLIDE	TYLOSIN	BLASTX	281	287	97.91	91.81	281	WP_459076516.1	BCB family alpha/beta fold macrolide esterase		
GCF_040151315.1		NZ_JAXOWB010000003.1	456061	456753	-	vanR-A	vancomycin resistance response regulator transcription factor VanR-A	core	AMR	AMR	GLYCOPEPTIDE	VANCOMYCIN	BLASTX	231	231	100.00	93.07	231	WP_063856721.1	vancomycin resistance response regulator transcription factor VanR-A		
GCF_040151315.1		NZ_JAXOWB010000005.1	218927	219340	+	fosB	FosBx1 family fosfomycin resistance bacillithiol transferase	core	AMR	AMR	FOSFOMYCIN	FOSFOMYCIN	BLASTX	138	138	100.00	98.55	138	WP_000943763.1	fosfomycin resistance bacillithiol transferase FosBx1		
GCF_040151435.1		NZ_JAXOVY010000001.1	1390606	1391376	+	bla2	BcII family subclass B1 metallo-beta-lactamase	core	AMR	AMR	BETA-LACTAM	CARBAPENEM	BLASTX	257	257	100.00	92.61	257	WP_063839879.1	BcII family subclass B1 metallo-beta-lactamase		
GCF_040151435.1		NZ_JAXOVY010000001.1	1622100	1622651	-	satA	streptothricin N-acetyltransferase SatA	core	AMR	AMR	STREPTOTHRICIN	STREPTOTHRICIN	BLASTX	184	184	98.91	89.67	184	WP_000054744.1	streptothricin N-acetyltransferase SatA		
GCF_040151435.1		NZ_JAXOVY010000002.1	397470	398387	-	bla	class A beta-lactamase Bla1	core	AMR	AMR	BETA-LACTAM	BETA-LACTAM	BLASTX	306	306	100.00	96.08	306	WP_063842248.1	class A beta-lactamase Bla1		
GCF_040151435.1		NZ_JAXOVY010000002.1	872250	872663	-	fosB	FosBx1 family fosfomycin resistance bacillithiol transferase	core	AMR	AMR	FOSFOMYCIN	FOSFOMYCIN	BLASTX	138	138	100.00	99.28	138	WP_000943763.1	fosfomycin resistance bacillithiol transferase FosBx1		
GCF_040151435.1		NZ_JAXOVY010000003.1	321119	322066	+	blaIII	class A beta-lactamase BlaIII	core	AMR	AMR	BETA-LACTAM	BETA-LACTAM	BLASTX	316	316	100.00	98.42	316	WP_000497840.1	class A beta-lactamase BlaIII		
GCF_040151435.1		NZ_JAXOVY010000011.1	36089	37249	-	vanS-Pt	vancomycin resistance histidine kinase VanS-Pt	core	AMR	AMR	GLYCOPEPTIDE	VANCOMYCIN	BLASTX	387	388	99.74	90.70	387	WP_063856742.1	vancomycin resistance histidine kinase VanS-Pt		
GCF_040151435.1		NZ_JAXOVY010000011.1	37233	37925	-	vanR-A	vancomycin resistance response regulator transcription factor VanR-A	core	AMR	AMR	GLYCOPEPTIDE	VANCOMYCIN	BLASTX	231	231	100.00	93.07	231	WP_063856721.1	vancomycin resistance response regulator transcription factor VanR-A		
GCF_040194375.1		NZ_JBEFNT010000003.1	195324	195842	-	satA	streptothricin N-acetyltransferase SatA	core	AMR	AMR	STREPTOTHRICIN	STREPTOTHRICIN	BLASTX	173	173	100.00	78.61	173	WP_003242546.1	streptothricin N-acetyltransferase SatA		
GCF_040194375.1		NZ_JBEFNT010000005.1	50023	51069	-	clbA	23S rRNA (adenine(2503)-C(8))-methyltransferase ClbA	core	AMR	AMR	LINCOSAMIDE/MACROLIDE/STREPTOGRAMIN	LINCOSAMIDE/MACROLIDE/STREPTOGRAMIN	BLASTX	349	349	100.00	97.42	349	WP_012116915.1	23S rRNA (adenine(2503)-C(8))-methyltransferase ClbA		
GCF_040256795.1		NZ_CP158194.1	1713441	1714346	-	mphK	macrolide 2'-phosphotransferase MphK	core	AMR	AMR	MACROLIDE	TELITHROMYCIN/TYLOSIN	BLASTX	302	306	98.69	84.44	302	WP_003246254.1	macrolide 2'-phosphotransferase MphK		
GCF_040408265.1		NZ_JASJFP010000003.1	124041	124559	+	satA	streptothricin N-acetyltransferase SatA	core	AMR	AMR	STREPTOTHRICIN	STREPTOTHRICIN	BLASTX	173	173	100.00	79.19	173	WP_003242546.1	streptothricin N-acetyltransferase SatA		
GCF_040408265.1		NZ_JASJFP010000004.1	52416	53462	-	clbA	23S rRNA (adenine(2503)-C(8))-methyltransferase ClbA	core	AMR	AMR	LINCOSAMIDE/MACROLIDE/STREPTOGRAMIN	LINCOSAMIDE/MACROLIDE/STREPTOGRAMIN	BLASTX	349	349	100.00	96.85	349	WP_012116915.1	23S rRNA (adenine(2503)-C(8))-methyltransferase ClbA		
GCF_040492355.1		NZ_JBEUTG010000024.1	60003	60839	+	mphL	macrolide 2'-phosphotransferase MphL	core	AMR	AMR	MACROLIDE	MACROLIDE	BLASTX	279	303	92.08	98.57	279	WP_002047670.1	macrolide 2'-phosphotransferase MphL		
GCF_040492355.1		NZ_JBEUTG010000073.1	1172	2068	+	mphM	macrolide 2'-phosphotransferase MphM	core	AMR	AMR	MACROLIDE	MACROLIDE	BLASTX	299	299	100.00	93.31	299	WP_016078774.1	macrolide 2'-phosphotransferase MphM		
GCF_040492355.1		NZ_JBEUTG010000119.1	8705	9397	+	vanR-A	vancomycin resistance response regulator transcription factor VanR-A	core	AMR	AMR	GLYCOPEPTIDE	VANCOMYCIN	BLASTX	231	231	100.00	93.07	231	WP_063856721.1	vancomycin resistance response regulator transcription factor VanR-A		
GCF_040492355.1		NZ_JBEUTG010000119.1	9381	10541	+	vanS-Pt	vancomycin resistance histidine kinase VanS-Pt	core	AMR	AMR	GLYCOPEPTIDE	VANCOMYCIN	BLASTX	387	388	99.74	90.18	387	WP_063856742.1	vancomycin resistance histidine kinase VanS-Pt		
GCF_040492355.1		NZ_JBEUTG010000121.1	8957	9505	-	satA	streptothricin N-acetyltransferase SatA	core	AMR	AMR	STREPTOTHRICIN	STREPTOTHRICIN	BLASTX	183	184	99.46	92.35	183	WP_000054744.1	streptothricin N-acetyltransferase SatA		
GCF_040492355.1		NZ_JBEUTG010000140.1	18451	19368	-	bla	class A beta-lactamase Bla1	core	AMR	AMR	BETA-LACTAM	BETA-LACTAM	BLASTX	306	306	100.00	94.44	306	WP_063842248.1	class A beta-lactamase Bla1		
GCF_040492355.1		NZ_JBEUTG010000162.1	16218	16988	+	bla2	BcII family subclass B1 metallo-beta-lactamase	core	AMR	AMR	BETA-LACTAM	CARBAPENEM	BLASTX	257	257	100.00	93.00	257	WP_063839879.1	BcII family subclass B1 metallo-beta-lactamase		
GCF_040492395.1		NZ_JBEUTF010000035.1	11275	12045	+	bla2	BcII family subclass B1 metallo-beta-lactamase	core	AMR	AMR	BETA-LACTAM	CARBAPENEM	BLASTX	257	257	100.00	92.61	257	WP_012261328.1	BcII family subclass B1 metallo-beta-lactamase		
GCF_040492415.1		NZ_JBEUTI010000003.1	214769	215287	+	satA	streptothricin N-acetyltransferase SatA	core	AMR	AMR	STREPTOTHRICIN	STREPTOTHRICIN	BLASTX	173	173	100.00	80.35	173	WP_003242546.1	streptothricin N-acetyltransferase SatA		
GCF_040492415.1		NZ_JBEUTI010000044.1	50195	51169	-	clbA	23S rRNA (adenine(2503)-C(8))-methyltransferase ClbA	core	AMR	AMR	LINCOSAMIDE/MACROLIDE/STREPTOGRAMIN	LINCOSAMIDE/MACROLIDE/STREPTOGRAMIN	BLASTX	325	349	93.12	99.69	325	WP_012116915.1	23S rRNA (adenine(2503)-C(8))-methyltransferase ClbA		
GCF_040492435.1		NZ_JBEUTH010000029.1	71524	72081	-	satA	streptothricin N-acetyltransferase SatA	core	AMR	AMR	STREPTOTHRICIN	STREPTOTHRICIN	BLASTX	186	184	98.91	75.81	186	WP_000054744.1	streptothricin N-acetyltransferase SatA		
GCF_040492435.1		NZ_JBEUTH010000065.1	7473	8744	-	abaF	fosfomycin efflux MFS transporter AbaF	plus	AMR	AMR	FOSFOMYCIN	FOSFOMYCIN	BLASTX	424	429	98.83	86.32	424	ABO11759.2	fosfomycin efflux MFS transporter AbaF		
GCF_040492435.1		NZ_JBEUTH010000065.1	20393	21163	-	bla2	BcII family subclass B1 metallo-beta-lactamase	core	AMR	AMR	BETA-LACTAM	CARBAPENEM	BLASTX	257	257	99.22	95.72	257	WP_012261328.1	BcII family subclass B1 metallo-beta-lactamase		
GCF_040492535.1		NZ_JBEUTN010000054.1	6062	6979	+	bla	class A beta-lactamase Bla1	core	AMR	AMR	BETA-LACTAM	BETA-LACTAM	BLASTX	306	306	100.00	90.85	306	WP_063842248.1	class A beta-lactamase Bla1		
GCF_040492535.1		NZ_JBEUTN010000132.1	12866	13717	+	mleBCA	BCA family alpha/beta fold macrolide esterase	core	AMR	AMR	MACROLIDE	TYLOSIN	BLASTX	284	287	98.95	95.07	284	WP_000140039.1	BCA family alpha/beta fold macrolide esterase		
GCF_040492535.1		NZ_JBEUTN010000183.1	4414	4965	+	satA	streptothricin N-acetyltransferase SatA	core	AMR	AMR	STREPTOTHRICIN	STREPTOTHRICIN	BLASTX	184	184	98.91	90.22	184	WP_000054744.1	streptothricin N-acetyltransferase SatA		
GCF_040492535.1		NZ_JBEUTN010000253.1	1569	2117	-	satA	streptothricin N-acetyltransferase SatA	core	AMR	AMR	STREPTOTHRICIN	STREPTOTHRICIN	BLASTX	183	184	98.91	79.23	183	WP_000054744.1	streptothricin N-acetyltransferase SatA		
GCF_040492535.1		NZ_JBEUTN010000282.1	3707	4654	-	blaIII	class A beta-lactamase BlaIII	core	AMR	AMR	BETA-LACTAM	BETA-LACTAM	BLASTX	316	316	100.00	91.14	316	WP_000497840.1	class A beta-lactamase BlaIII		
GCF_040492535.1		NZ_JBEUTN010000400.1	361	1128	-	bla2	BcII family subclass B1 metallo-beta-lactamase	core	AMR	AMR	BETA-LACTAM	CARBAPENEM	BLASTX	256	256	100.00	94.14	256	WP_000799232.1	BcII family subclass B1 metallo-beta-lactamase		
GCF_040492555.1		NZ_JBEUTP010000097.1	355	1011	-	cat86	type A-6 chloramphenicol O-acetyltransferase Cat86	core	AMR	AMR	PHENICOL	CHLORAMPHENICOL	BLASTX	219	220	100.00	90.45	220	WP_050945244.1	type A-6 chloramphenicol O-acetyltransferase Cat86		
GCF_040492615.1		NZ_JBEUTT010000022.1	2003	2662	-	cat86	type A-6 chloramphenicol O-acetyltransferase Cat86	core	AMR	AMR	PHENICOL	CHLORAMPHENICOL	BLASTX	220	220	100.00	90.45	220	WP_050945244.1	type A-6 chloramphenicol O-acetyltransferase Cat86		
GCF_040492735.1		NZ_JBEUTY010000004.1	516454	517113	-	cat86	type A-6 chloramphenicol O-acetyltransferase Cat86	core	AMR	AMR	PHENICOL	CHLORAMPHENICOL	BLASTX	220	220	100.00	95.91	220	WP_050945244.1	type A-6 chloramphenicol O-acetyltransferase Cat86		
GCF_040492735.1		NZ_JBEUTY010000005.1	250105	250890	+	blaBPU	BPU family class D beta-lactamase	core	AMR	AMR	BETA-LACTAM	BETA-LACTAM	BLASTX	262	262	100.00	94.27	262	WP_041816295.1	class D beta-lactamase BPU-1		
GCF_040492755.1		NZ_JBEUTX010000033.1	115	447	-	emrC	multidrug efflux transporter outer membrane subunit EmrC	plus	AMR	AMR	QUATERNARY AMMONIUM	QUATERNARY AMMONIUM	PARTIALX	111	128	86.72	83.78	111	EAC4468893.1	multidrug efflux transporter outer membrane subunit EmrC		
GCF_040492895.1		NZ_JBEUUE010000019.1	198	557	-	emrC	multidrug efflux transporter outer membrane subunit EmrC	plus	AMR	AMR	QUATERNARY AMMONIUM	QUATERNARY AMMONIUM	BLASTX	120	128	93.75	80.00	120	EAC4468893.1	multidrug efflux transporter outer membrane subunit EmrC		
GCF_040712045.1		NZ_CP160211.1	536164	537210	+	clbA	23S rRNA (adenine(2503)-C(8))-methyltransferase ClbA	core	AMR	AMR	LINCOSAMIDE/MACROLIDE/STREPTOGRAMIN	LINCOSAMIDE/MACROLIDE/STREPTOGRAMIN	BLASTX	349	349	100.00	99.71	349	WP_012116915.1	23S rRNA (adenine(2503)-C(8))-methyltransferase ClbA		
GCF_040712045.1		NZ_CP160211.1	2749454	2749972	-	satA	streptothricin N-acetyltransferase SatA	core	AMR	AMR	STREPTOTHRICIN	STREPTOTHRICIN	BLASTX	173	173	100.00	78.61	173	WP_003242546.1	streptothricin N-acetyltransferase SatA		
GCF_040712055.1		NZ_CP160212.1	552909	553955	+	clbA	23S rRNA (adenine(2503)-C(8))-methyltransferase ClbA	core	AMR	AMR	LINCOSAMIDE/MACROLIDE/STREPTOGRAMIN	LINCOSAMIDE/MACROLIDE/STREPTOGRAMIN	BLASTX	349	349	100.00	99.71	349	WP_012116915.1	23S rRNA (adenine(2503)-C(8))-methyltransferase ClbA		
GCF_040712055.1		NZ_CP160212.1	2576527	2577045	-	satA	streptothricin N-acetyltransferase SatA	core	AMR	AMR	STREPTOTHRICIN	STREPTOTHRICIN	BLASTX	173	173	100.00	78.03	173	WP_003242546.1	streptothricin N-acetyltransferase SatA		
GCF_040712065.1		NZ_CP160213.1	569548	570594	+	clbA	23S rRNA (adenine(2503)-C(8))-methyltransferase ClbA	core	AMR	AMR	LINCOSAMIDE/MACROLIDE/STREPTOGRAMIN	LINCOSAMIDE/MACROLIDE/STREPTOGRAMIN	BLASTX	349	349	100.00	99.14	349	WP_012116915.1	23S rRNA (adenine(2503)-C(8))-methyltransferase ClbA		
GCF_040712065.1		NZ_CP160213.1	2739348	2739866	-	satA	streptothricin N-acetyltransferase SatA	core	AMR	AMR	STREPTOTHRICIN	STREPTOTHRICIN	BLASTX	173	173	100.00	79.19	173	WP_003242546.1	streptothricin N-acetyltransferase SatA		
GCF_040712115.1		NZ_CP160214.1	565717	566763	+	clbA	23S rRNA (adenine(2503)-C(8))-methyltransferase ClbA	core	AMR	AMR	LINCOSAMIDE/MACROLIDE/STREPTOGRAMIN	LINCOSAMIDE/MACROLIDE/STREPTOGRAMIN	BLASTX	349	349	100.00	99.43	349	WP_012116915.1	23S rRNA (adenine(2503)-C(8))-methyltransferase ClbA		
GCF_040712115.1		NZ_CP160214.1	2791566	2792084	-	satA	streptothricin N-acetyltransferase SatA	core	AMR	AMR	STREPTOTHRICIN	STREPTOTHRICIN	BLASTX	173	173	100.00	79.19	173	WP_003242546.1	streptothricin N-acetyltransferase SatA		
GCF_040712125.1		NZ_CP160215.1	538281	539327	+	clbA	23S rRNA (adenine(2503)-C(8))-methyltransferase ClbA	core	AMR	AMR	LINCOSAMIDE/MACROLIDE/STREPTOGRAMIN	LINCOSAMIDE/MACROLIDE/STREPTOGRAMIN	BLASTX	349	349	100.00	99.71	349	WP_012116915.1	23S rRNA (adenine(2503)-C(8))-methyltransferase ClbA		
GCF_040712125.1		NZ_CP160215.1	2588893	2589411	-	satA	streptothricin N-acetyltransferase SatA	core	AMR	AMR	STREPTOTHRICIN	STREPTOTHRICIN	BLASTX	173	173	100.00	79.19	173	WP_003242546.1	streptothricin N-acetyltransferase SatA		
GCF_040712135.1		NZ_CP160216.1	554472	555518	+	clbA	23S rRNA (adenine(2503)-C(8))-methyltransferase ClbA	core	AMR	AMR	LINCOSAMIDE/MACROLIDE/STREPTOGRAMIN	LINCOSAMIDE/MACROLIDE/STREPTOGRAMIN	BLASTX	349	349	100.00	99.71	349	WP_012116915.1	23S rRNA (adenine(2503)-C(8))-methyltransferase ClbA		
GCF_040712135.1		NZ_CP160216.1	2551247	2551765	-	satA	streptothricin N-acetyltransferase SatA	core	AMR	AMR	STREPTOTHRICIN	STREPTOTHRICIN	BLASTX	173	173	100.00	79.19	173	WP_003242546.1	streptothricin N-acetyltransferase SatA		
GCF_040712175.1		NZ_CP160220.1	265337	266254	+	mphK	macrolide 2'-phosphotransferase MphK	core	AMR	AMR	MACROLIDE	TELITHROMYCIN/TYLOSIN	BLASTX	306	306	100.00	98.69	306	WP_003246254.1	macrolide 2'-phosphotransferase MphK		
GCF_040712175.1		NZ_CP160220.1	603373	605013	-	vmlR	ABC-F type ribosomal protection protein VmlR	core	AMR	AMR	LINCOSAMIDE/PLEUROMUTILIN/STREPTOGRAMIN	LINCOMYCIN/TIAMULIN/VIRGINIAMYCIN M	BLASTX	547	547	100.00	98.35	547	WP_003234144.1	ABC-F type ribosomal protection protein VmlR		
GCF_040712175.1		NZ_CP160220.1	2597477	2598328	-	aadK	aminoglycoside 6-adenylyltransferase AadK	core	AMR	AMR	AMINOGLYCOSIDE	STREPTOMYCIN	BLASTX	284	284	100.00	97.89	284	WP_003229862.1	aminoglycoside 6-adenylyltransferase AadK		
GCF_040712175.1		NZ_CP160220.1	4045154	4045672	-	satA	streptothricin N-acetyltransferase SatA	core	AMR	AMR	STREPTOTHRICIN	STREPTOTHRICIN	BLASTX	173	173	100.00	90.17	173	WP_003242546.1	streptothricin N-acetyltransferase SatA		
GCF_040712175.1		NZ_CP160220.1	4047628	4049001	-	tet(L)	tetracycline efflux MFS transporter Tet(L)	core	AMR	AMR	TETRACYCLINE	TETRACYCLINE	EXACTX	458	458	100.00	100.00	458	WP_003242953.1	tetracycline efflux MFS transporter Tet(L)		
GCF_040712195.1		NZ_CP160223.1	533838	534884	+	clbA	23S rRNA (adenine(2503)-C(8))-methyltransferase ClbA	core	AMR	AMR	LINCOSAMIDE/MACROLIDE/STREPTOGRAMIN	LINCOSAMIDE/MACROLIDE/STREPTOGRAMIN	BLASTX	349	349	100.00	99.43	349	WP_012116915.1	23S rRNA (adenine(2503)-C(8))-methyltransferase ClbA		
GCF_040712195.1		NZ_CP160223.1	2549315	2549833	-	satA	streptothricin N-acetyltransferase SatA	core	AMR	AMR	STREPTOTHRICIN	STREPTOTHRICIN	BLASTX	173	173	100.00	80.35	173	WP_003242546.1	streptothricin N-acetyltransferase SatA		
GCF_040712205.1		NZ_CP160224.1	1211578	1212237	+	cat86	type A-6 chloramphenicol O-acetyltransferase Cat86	core	AMR	AMR	PHENICOL	CHLORAMPHENICOL	EXACTX	220	220	100.00	100.00	220	WP_050945244.1	type A-6 chloramphenicol O-acetyltransferase Cat86		
GCF_040712205.1		NZ_CP160224.1	2369262	2370047	-	blaBPU	BPU family class D beta-lactamase	core	AMR	AMR	BETA-LACTAM	BETA-LACTAM	BLASTX	262	262	100.00	92.75	262	WP_041816295.1	class D beta-lactamase BPU-1		
GCF_040712215.1		NZ_CP160225.1	536159	537205	+	clbA	23S rRNA (adenine(2503)-C(8))-methyltransferase ClbA	core	AMR	AMR	LINCOSAMIDE/MACROLIDE/STREPTOGRAMIN	LINCOSAMIDE/MACROLIDE/STREPTOGRAMIN	BLASTX	349	349	100.00	99.71	349	WP_012116915.1	23S rRNA (adenine(2503)-C(8))-methyltransferase ClbA		
GCF_040712215.1		NZ_CP160225.1	2564262	2564780	-	satA	streptothricin N-acetyltransferase SatA	core	AMR	AMR	STREPTOTHRICIN	STREPTOTHRICIN	BLASTX	173	173	100.00	78.61	173	WP_003242546.1	streptothricin N-acetyltransferase SatA		
GCF_040712235.1		NZ_CP160227.1	537592	538638	+	clbA	23S rRNA (adenine(2503)-C(8))-methyltransferase ClbA	core	AMR	AMR	LINCOSAMIDE/MACROLIDE/STREPTOGRAMIN	LINCOSAMIDE/MACROLIDE/STREPTOGRAMIN	BLASTX	349	349	100.00	99.71	349	WP_012116915.1	23S rRNA (adenine(2503)-C(8))-methyltransferase ClbA		
GCF_040712235.1		NZ_CP160227.1	2579990	2580508	-	satA	streptothricin N-acetyltransferase SatA	core	AMR	AMR	STREPTOTHRICIN	STREPTOTHRICIN	BLASTX	173	173	100.00	79.19	173	WP_003242546.1	streptothricin N-acetyltransferase SatA		
GCF_040712255.1		NZ_CP160232.1	1194490	1195149	+	cat86	type A-6 chloramphenicol O-acetyltransferase Cat86	core	AMR	AMR	PHENICOL	CHLORAMPHENICOL	BLASTX	220	220	100.00	94.09	220	WP_050945244.1	type A-6 chloramphenicol O-acetyltransferase Cat86		
GCF_040712255.1		NZ_CP160232.1	2357098	2357883	-	blaBPU	BPU family class D beta-lactamase	core	AMR	AMR	BETA-LACTAM	BETA-LACTAM	BLASTX	262	262	100.00	96.56	262	WP_041816295.1	class D beta-lactamase BPU-1		
GCF_040712265.1		NZ_CP160234.1	2136040	2136699	+	cat86	type A-6 chloramphenicol O-acetyltransferase Cat86	core	AMR	AMR	PHENICOL	CHLORAMPHENICOL	BLASTX	220	220	100.00	94.09	220	WP_050945244.1	type A-6 chloramphenicol O-acetyltransferase Cat86		
GCF_040712265.1		NZ_CP160234.1	3423037	3423822	-	blaBPU	BPU family class D beta-lactamase	core	AMR	AMR	BETA-LACTAM	BETA-LACTAM	BLASTX	262	262	100.00	96.56	262	WP_041816295.1	class D beta-lactamase BPU-1		
GCF_040712275.1		NZ_CP160237.1	1909979	1910392	+	fosB	FosBx1 family fosfomycin resistance bacillithiol transferase	core	AMR	AMR	FOSFOMYCIN	FOSFOMYCIN	BLASTX	138	138	100.00	98.55	138	WP_000943763.1	fosfomycin resistance bacillithiol transferase FosBx1		
GCF_040712275.1		NZ_CP160237.1	2430997	2431914	+	bla	class A beta-lactamase Bla1	core	AMR	AMR	BETA-LACTAM	BETA-LACTAM	BLASTX	306	306	100.00	95.42	306	WP_063842248.1	class A beta-lactamase Bla1		
GCF_040712275.1		NZ_CP160237.1	3050752	3051303	+	satA	streptothricin N-acetyltransferase SatA	core	AMR	AMR	STREPTOTHRICIN	STREPTOTHRICIN	BLASTX	184	184	98.91	89.67	184	WP_000054744.1	streptothricin N-acetyltransferase SatA		
GCF_040712275.1		NZ_CP160237.1	3281938	3282708	-	bla2	BcII family subclass B1 metallo-beta-lactamase	core	AMR	AMR	BETA-LACTAM	CARBAPENEM	BLASTX	257	257	100.00	94.55	257	WP_063839879.1	BcII family subclass B1 metallo-beta-lactamase		
GCF_040712275.1		NZ_CP160238.1	71081	71494	+	fosB	FosB family fosfomycin resistance bacillithiol transferase	core	AMR	AMR	FOSFOMYCIN	FOSFOMYCIN	BLASTX	138	138	100.00	92.75	138	WP_063851229.1	FosB family fosfomycin resistance bacillithiol transferase		
GCF_040829855.1		NZ_JBFPGO010000001.1	359293	360078	+	blaBPU	BPU family class D beta-lactamase	core	AMR	AMR	BETA-LACTAM	BETA-LACTAM	BLASTX	262	262	100.00	94.27	262	WP_041816295.1	class D beta-lactamase BPU-1		
GCF_040829855.1		NZ_JBFPGO010000021.1	7793	8452	+	cat86	type A-6 chloramphenicol O-acetyltransferase Cat86	core	AMR	AMR	PHENICOL	CHLORAMPHENICOL	BLASTX	220	220	100.00	94.55	220	WP_050945244.1	type A-6 chloramphenicol O-acetyltransferase Cat86		
GCF_040893075.1		NZ_CP162095.1	1219048	1219707	+	cat86	type A-6 chloramphenicol O-acetyltransferase Cat86	core	AMR	AMR	PHENICOL	CHLORAMPHENICOL	BLASTX	220	220	100.00	99.55	220	WP_050945244.1	type A-6 chloramphenicol O-acetyltransferase Cat86		
GCF_040893075.1		NZ_CP162095.1	2358871	2359656	-	blaBPU	BPU family class D beta-lactamase	core	AMR	AMR	BETA-LACTAM	BETA-LACTAM	BLASTX	262	262	100.00	94.27	262	WP_041816295.1	class D beta-lactamase BPU-1		
GCF_040937925.1		NZ_CP162505.1	1899134	1899547	+	fosB	FosBx1 family fosfomycin resistance bacillithiol transferase	core	AMR	AMR	FOSFOMYCIN	FOSFOMYCIN	BLASTX	138	138	100.00	97.83	138	WP_000943763.1	fosfomycin resistance bacillithiol transferase FosBx1		
GCF_040937925.1		NZ_CP162505.1	2428824	2429741	+	bla	class A beta-lactamase Bla1	core	AMR	AMR	BETA-LACTAM	BETA-LACTAM	BLASTX	306	306	100.00	97.71	306	WP_063842248.1	class A beta-lactamase Bla1		
GCF_040937925.1		NZ_CP162505.1	3106175	3106726	+	satA	streptothricin N-acetyltransferase SatA	core	AMR	AMR	STREPTOTHRICIN	STREPTOTHRICIN	BLASTX	184	184	98.91	88.04	184	WP_000054744.1	streptothricin N-acetyltransferase SatA		
GCF_040937925.1		NZ_CP162505.1	3371987	3372757	-	bla2	BcII family subclass B1 metallo-beta-lactamase	core	AMR	AMR	BETA-LACTAM	CARBAPENEM	BLASTX	257	257	100.00	96.11	257	WP_063839879.1	BcII family subclass B1 metallo-beta-lactamase		
GCF_040965915.1		NZ_JBFRXS010000003.1	257402	258262	+	erm(D)	23S rRNA (adenine(2058)-N(6))-methyltransferase Erm(D)	core	AMR	AMR	LINCOSAMIDE/MACROLIDE/STREPTOGRAMIN	ERYTHROMYCIN/LINCOSAMIDE/STREPTOGRAMIN	EXACTX	287	287	100.00	100.00	287	WP_025811090.1	23S rRNA (adenine(2058)-N(6))-methyltransferase Erm(D)		
GCF_040965915.1		NZ_JBFRXS010000006.1	83243	84163	+	blaP	class A beta-lactamase BlaP	core	AMR	AMR	BETA-LACTAM	BETA-LACTAM	EXACTX	307	307	100.00	100.00	307	WP_023857755.1	class A beta-lactamase BlaP		
GCF_040984565.1		NZ_JBCPXQ010000001.1	322626	323144	+	satA	streptothricin N-acetyltransferase SatA	core	AMR	AMR	STREPTOTHRICIN	STREPTOTHRICIN	BLASTX	173	173	100.00	79.19	173	WP_003242546.1	streptothricin N-acetyltransferase SatA		
GCF_041023695.1		NZ_JBFSHO010000001.1	1000132	1000650	-	satA	streptothricin N-acetyltransferase SatA	core	AMR	AMR	STREPTOTHRICIN	STREPTOTHRICIN	BLASTX	173	173	100.00	90.17	173	WP_003242546.1	streptothricin N-acetyltransferase SatA		
GCF_041023695.1		NZ_JBFSHO010000001.1	1002606	1003979	-	tet(L)	tetracycline efflux MFS transporter Tet(L)	core	AMR	AMR	TETRACYCLINE	TETRACYCLINE	EXACTX	458	458	100.00	100.00	458	WP_003242953.1	tetracycline efflux MFS transporter Tet(L)		
GCF_041023695.1		NZ_JBFSHO010000004.1	502832	503683	+	aadK	aminoglycoside 6-adenylyltransferase AadK	core	AMR	AMR	AMINOGLYCOSIDE	STREPTOMYCIN	BLASTX	284	284	100.00	97.54	284	WP_003229862.1	aminoglycoside 6-adenylyltransferase AadK		
GCF_041023695.1		NZ_JBFSHO010000005.1	99338	100255	+	mphK	macrolide 2'-phosphotransferase MphK	core	AMR	AMR	MACROLIDE	TELITHROMYCIN/TYLOSIN	BLASTX	306	306	100.00	98.69	306	WP_003246254.1	macrolide 2'-phosphotransferase MphK		
GCF_041023695.1		NZ_JBFSHO010000005.1	412908	414545	-	vmlR	ABC-F type ribosomal protection protein VmlR	core	AMR	AMR	LINCOSAMIDE/PLEUROMUTILIN/STREPTOGRAMIN	LINCOMYCIN/TIAMULIN/VIRGINIAMYCIN M	BLASTX	546	547	100.00	98.35	547	WP_003234144.1	ABC-F type ribosomal protection protein VmlR		
GCF_041153445.1		NZ_JBGGHO010000001.1	439388	440239	+	aadK	aminoglycoside 6-adenylyltransferase AadK	core	AMR	AMR	AMINOGLYCOSIDE	STREPTOMYCIN	BLASTX	284	284	100.00	98.59	284	WP_003229862.1	aminoglycoside 6-adenylyltransferase AadK		
GCF_041153445.1		NZ_JBGGHO010000002.1	1021078	1021596	-	satA	streptothricin N-acetyltransferase SatA	core	AMR	AMR	STREPTOTHRICIN	STREPTOTHRICIN	BLASTX	173	173	100.00	90.75	173	WP_003242546.1	streptothricin N-acetyltransferase SatA		
GCF_041153445.1		NZ_JBGGHO010000002.1	1023540	1024913	-	tet(L)	tetracycline efflux MFS transporter Tet(L)	core	AMR	AMR	TETRACYCLINE	TETRACYCLINE	EXACTX	458	458	100.00	100.00	458	WP_003242953.1	tetracycline efflux MFS transporter Tet(L)		
GCF_041153445.1		NZ_JBGGHO010000003.1	90284	91201	+	mphK	macrolide 2'-phosphotransferase MphK	core	AMR	AMR	MACROLIDE	TELITHROMYCIN/TYLOSIN	BLASTX	306	306	100.00	99.35	306	WP_003246254.1	macrolide 2'-phosphotransferase MphK		
GCF_041153445.1		NZ_JBGGHO010000003.1	394244	395884	-	vmlR	ABC-F type ribosomal protection protein VmlR	core	AMR	AMR	LINCOSAMIDE/PLEUROMUTILIN/STREPTOGRAMIN	LINCOMYCIN/TIAMULIN/VIRGINIAMYCIN M	BLASTX	547	547	100.00	98.90	547	WP_003234144.1	ABC-F type ribosomal protection protein VmlR		
GCF_041222785.1		NZ_CP166053.1	267558	268463	+	mphK	macrolide 2'-phosphotransferase MphK	core	AMR	AMR	MACROLIDE	TELITHROMYCIN/TYLOSIN	BLASTX	302	306	98.69	85.76	302	WP_003246254.1	macrolide 2'-phosphotransferase MphK		
GCF_041224885.1		NZ_JBGFDK010000001.1	326139	326657	-	satA	streptothricin N-acetyltransferase SatA	core	AMR	AMR	STREPTOTHRICIN	STREPTOTHRICIN	BLASTX	173	173	100.00	90.17	173	WP_003242546.1	streptothricin N-acetyltransferase SatA		
GCF_041224885.1		NZ_JBGFDK010000001.1	328627	330000	-	tet(L)	tetracycline efflux MFS transporter Tet(L)	core	AMR	AMR	TETRACYCLINE	TETRACYCLINE	BLASTX	458	458	100.00	98.69	458	WP_063856081.1	tetracycline efflux MFS transporter Tet(L)		
GCF_041224885.1		NZ_JBGFDK010000002.1	108302	109210	-	mphK	macrolide 2'-phosphotransferase MphK	core	AMR	AMR	MACROLIDE	TELITHROMYCIN/TYLOSIN	BLASTX	303	306	99.02	99.67	303	WP_003246254.1	macrolide 2'-phosphotransferase MphK		
GCF_041224885.1		NZ_JBGFDK010000013.1	29688	30539	+	vmlR	ABC-F type ribosomal protection protein VmlR	core	AMR	AMR	LINCOSAMIDE/PLEUROMUTILIN/STREPTOGRAMIN	LINCOMYCIN/TIAMULIN/VIRGINIAMYCIN M	PARTIALX	284	547	51.92	97.89	284	WP_003234144.1	ABC-F type ribosomal protection protein VmlR		
GCF_041224885.1		NZ_JBGFDK010000034.1	438023	438874	+	aadK	aminoglycoside 6-adenylyltransferase AadK	core	AMR	AMR	AMINOGLYCOSIDE	STREPTOMYCIN	BLASTX	284	284	100.00	97.54	284	WP_003229862.1	aminoglycoside 6-adenylyltransferase AadK		
GCF_041344815.1		NZ_CP166831.1	264343	265251	+	mphK	macrolide 2'-phosphotransferase MphK	core	AMR	AMR	MACROLIDE	TELITHROMYCIN/TYLOSIN	BLASTX	303	306	99.02	99.01	303	WP_003246254.1	macrolide 2'-phosphotransferase MphK		
GCF_041344815.1		NZ_CP166831.1	608509	610152	-	vmlR	ABC-F type ribosomal protection protein VmlR	core	AMR	AMR	LINCOSAMIDE/PLEUROMUTILIN/STREPTOGRAMIN	LINCOMYCIN/TIAMULIN/VIRGINIAMYCIN M	BLASTX	548	547	100.00	98.91	548	WP_003234144.1	ABC-F type ribosomal protection protein VmlR		
GCF_041344815.1		NZ_CP166831.1	2686461	2687312	-	aadK	aminoglycoside 6-adenylyltransferase AadK	core	AMR	AMR	AMINOGLYCOSIDE	STREPTOMYCIN	BLASTX	284	284	100.00	98.24	284	WP_003229862.1	aminoglycoside 6-adenylyltransferase AadK		
GCF_041344815.1		NZ_CP166831.1	4125706	4126224	-	satA	streptothricin N-acetyltransferase SatA	core	AMR	AMR	STREPTOTHRICIN	STREPTOTHRICIN	BLASTX	173	173	100.00	91.91	173	WP_003242546.1	streptothricin N-acetyltransferase SatA		
GCF_041360755.1		NZ_JBFUPV010000001.1	437993	438406	-	fosB	FosBx1 family fosfomycin resistance bacillithiol transferase	core	AMR	AMR	FOSFOMYCIN	FOSFOMYCIN	BLASTX	138	138	100.00	99.28	138	WP_000943763.1	fosfomycin resistance bacillithiol transferase FosBx1		
GCF_041360755.1		NZ_JBFUPV010000004.1	155716	156486	-	bla2	BcII family subclass B1 metallo-beta-lactamase	core	AMR	AMR	BETA-LACTAM	CARBAPENEM	BLASTX	257	257	100.00	92.61	257	WP_063839879.1	BcII family subclass B1 metallo-beta-lactamase		
GCF_041360755.1		NZ_JBFUPV010000010.1	17508	18656	-	vanS-Pt	vancomycin resistance histidine kinase VanS-Pt	core	AMR	AMR	GLYCOPEPTIDE	VANCOMYCIN	BLASTX	383	386	99.22	90.60	383	WP_063856741.1	vancomycin resistance histidine kinase VanS-Pt		
GCF_041360755.1		NZ_JBFUPV010000010.1	18676	19368	-	vanR-A	vancomycin resistance response regulator transcription factor VanR-A	core	AMR	AMR	GLYCOPEPTIDE	VANCOMYCIN	BLASTX	231	231	100.00	92.64	231	WP_063856721.1	vancomycin resistance response regulator transcription factor VanR-A		
GCF_041360755.1		NZ_JBFUPV010000012.1	111707	112624	-	bla	class A beta-lactamase Bla1	core	AMR	AMR	BETA-LACTAM	BETA-LACTAM	BLASTX	306	306	100.00	96.73	306	WP_063842248.1	class A beta-lactamase Bla1		
GCF_041360755.1		NZ_JBFUPV010000015.1	67294	68667	-	tet(45)	tetracycline efflux MFS transporter Tet(45)	core	AMR	AMR	TETRACYCLINE	TETRACYCLINE	BLASTX	458	458	100.00	91.27	458	WP_063855885.1	tetracycline efflux MFS transporter Tet(45)		
GCF_041366395.1		NZ_JBETVR010000001.1	87142	87693	+	satA	streptothricin N-acetyltransferase SatA	core	AMR	AMR	STREPTOTHRICIN	STREPTOTHRICIN	BLASTX	184	184	98.91	88.59	184	WP_000054744.1	streptothricin N-acetyltransferase SatA		
GCF_041366395.1		NZ_JBETVR010000001.1	205518	206369	-	mleBCB	BCB family alpha/beta fold macrolide esterase	core	AMR	AMR	MACROLIDE	TYLOSIN	BLASTX	284	287	100.00	97.56	287	WP_459076516.1	BCB family alpha/beta fold macrolide esterase		
GCF_041366395.1		NZ_JBETVR010000001.1	311200	311970	-	bla2	BcII family subclass B1 metallo-beta-lactamase	core	AMR	AMR	BETA-LACTAM	CARBAPENEM	BLASTX	257	257	100.00	94.55	257	WP_063839879.1	BcII family subclass B1 metallo-beta-lactamase		
GCF_041366395.1		NZ_JBETVR010000003.1	581636	582553	-	bla	class A beta-lactamase Bla1	core	AMR	AMR	BETA-LACTAM	BETA-LACTAM	BLASTX	306	306	100.00	96.73	306	WP_063842248.1	class A beta-lactamase Bla1		
GCF_041366395.1		NZ_JBETVR010000004.1	212084	212497	+	fosB	FosBx1 family fosfomycin resistance bacillithiol transferase	core	AMR	AMR	FOSFOMYCIN	FOSFOMYCIN	BLASTX	138	138	100.00	99.28	138	WP_000943763.1	fosfomycin resistance bacillithiol transferase FosBx1		
GCF_041385545.1		NZ_JAOQAS010000002.1	437303	438154	+	aadK	aminoglycoside 6-adenylyltransferase AadK	core	AMR	AMR	AMINOGLYCOSIDE	STREPTOMYCIN	BLASTX	284	284	100.00	98.94	284	WP_003229862.1	aminoglycoside 6-adenylyltransferase AadK		
GCF_041385545.1		NZ_JAOQAS010000005.1	34665	36038	+	tet(L)	tetracycline efflux MFS transporter Tet(L)	core	AMR	AMR	TETRACYCLINE	TETRACYCLINE	BLASTX	458	458	100.00	99.13	458	WP_003242953.1	tetracycline efflux MFS transporter Tet(L)		
GCF_041385545.1		NZ_JAOQAS010000005.1	38022	38540	+	satA	streptothricin N-acetyltransferase SatA	core	AMR	AMR	STREPTOTHRICIN	STREPTOTHRICIN	BLASTX	173	173	100.00	90.17	173	WP_003242546.1	streptothricin N-acetyltransferase SatA		
GCF_041385545.1		NZ_JAOQAS010000039.1	29079	30722	+	vmlR	ABC-F type ribosomal protection protein VmlR	core	AMR	AMR	LINCOSAMIDE/PLEUROMUTILIN/STREPTOGRAMIN	LINCOMYCIN/TIAMULIN/VIRGINIAMYCIN M	BLASTX	548	547	100.00	98.54	548	WP_003234144.1	ABC-F type ribosomal protection protein VmlR		
GCF_041385545.1		NZ_JAOQAS010000045.1	39139	39666	+	mphK	macrolide 2'-phosphotransferase MphK	core	AMR	AMR	MACROLIDE	TELITHROMYCIN/TYLOSIN	PARTIALX	176	306	57.52	99.43	176	WP_003246254.1	macrolide 2'-phosphotransferase MphK		
GCF_041514415.1		NZ_CP092824.1	1119319	1120170	-	aadK	aminoglycoside 6-adenylyltransferase AadK	core	AMR	AMR	AMINOGLYCOSIDE	STREPTOMYCIN	BLASTX	284	284	100.00	98.59	284	WP_003229862.1	aminoglycoside 6-adenylyltransferase AadK		
GCF_041514415.1		NZ_CP092824.1	2596775	2597293	-	satA	streptothricin N-acetyltransferase SatA	core	AMR	AMR	STREPTOTHRICIN	STREPTOTHRICIN	BLASTX	173	173	100.00	90.17	173	WP_003242546.1	streptothricin N-acetyltransferase SatA		
GCF_041514415.1		NZ_CP092824.1	2599299	2600672	-	tet(L)	tetracycline efflux MFS transporter Tet(L)	core	AMR	AMR	TETRACYCLINE	TETRACYCLINE	BLASTX	458	458	100.00	99.34	458	WP_063856081.1	tetracycline efflux MFS transporter Tet(L)		
GCF_041514415.1		NZ_CP092824.1	2903595	2904512	+	mphK	macrolide 2'-phosphotransferase MphK	core	AMR	AMR	MACROLIDE	TELITHROMYCIN/TYLOSIN	BLASTX	306	306	100.00	99.02	306	WP_003246254.1	macrolide 2'-phosphotransferase MphK		
GCF_041514415.1		NZ_CP092824.1	3218346	3219986	-	vmlR	ABC-F type ribosomal protection protein VmlR	core	AMR	AMR	LINCOSAMIDE/PLEUROMUTILIN/STREPTOGRAMIN	LINCOMYCIN/TIAMULIN/VIRGINIAMYCIN M	BLASTX	547	547	100.00	98.90	547	WP_003234144.1	ABC-F type ribosomal protection protein VmlR		
GCF_041729945.1		NZ_JBGTYF010000001.1	2529353	2529871	-	satA	streptothricin N-acetyltransferase SatA	core	AMR	AMR	STREPTOTHRICIN	STREPTOTHRICIN	BLASTX	173	173	100.00	80.35	173	WP_003242546.1	streptothricin N-acetyltransferase SatA		
GCF_041947055.1		NZ_JBHGAE010000001.1	248346	248864	-	satA	streptothricin N-acetyltransferase SatA	core	AMR	AMR	STREPTOTHRICIN	STREPTOTHRICIN	BLASTX	173	173	100.00	78.61	173	WP_003242546.1	streptothricin N-acetyltransferase SatA		
GCF_041947055.1		NZ_JBHGAE010000001.1	2098117	2099163	+	clbA	23S rRNA (adenine(2503)-C(8))-methyltransferase ClbA	core	AMR	AMR	LINCOSAMIDE/MACROLIDE/STREPTOGRAMIN	LINCOSAMIDE/MACROLIDE/STREPTOGRAMIN	BLASTX	349	349	100.00	99.71	349	WP_012116915.1	23S rRNA (adenine(2503)-C(8))-methyltransferase ClbA		
GCF_041947065.1		NZ_JBHGAF010000001.1	2435890	2436936	+	clbA	23S rRNA (adenine(2503)-C(8))-methyltransferase ClbA	core	AMR	AMR	LINCOSAMIDE/MACROLIDE/STREPTOGRAMIN	LINCOSAMIDE/MACROLIDE/STREPTOGRAMIN	EXACTX	349	349	100.00	100.00	349	WP_012116915.1	23S rRNA (adenine(2503)-C(8))-methyltransferase ClbA		
GCF_041949825.1		NZ_JBHGBV010000003.1	369027	369545	-	satA	streptothricin N-acetyltransferase SatA	core	AMR	AMR	STREPTOTHRICIN	STREPTOTHRICIN	BLASTX	173	173	100.00	78.03	173	WP_003242546.1	streptothricin N-acetyltransferase SatA		
GCF_041949825.1		NZ_JBHGBV010000006.1	250576	251622	+	clbA	23S rRNA (adenine(2503)-C(8))-methyltransferase ClbA	core	AMR	AMR	LINCOSAMIDE/MACROLIDE/STREPTOGRAMIN	LINCOSAMIDE/MACROLIDE/STREPTOGRAMIN	BLASTX	349	349	100.00	99.43	349	WP_012116915.1	23S rRNA (adenine(2503)-C(8))-methyltransferase ClbA		
GCF_041950475.1		NZ_CP169535.1	531158	532204	+	clbA	23S rRNA (adenine(2503)-C(8))-methyltransferase ClbA	core	AMR	AMR	LINCOSAMIDE/MACROLIDE/STREPTOGRAMIN	LINCOSAMIDE/MACROLIDE/STREPTOGRAMIN	BLASTX	349	349	100.00	99.43	349	WP_012116915.1	23S rRNA (adenine(2503)-C(8))-methyltransferase ClbA		
GCF_041950475.1		NZ_CP169535.1	2543335	2543853	-	satA	streptothricin N-acetyltransferase SatA	core	AMR	AMR	STREPTOTHRICIN	STREPTOTHRICIN	BLASTX	173	173	100.00	79.19	173	WP_003242546.1	streptothricin N-acetyltransferase SatA		
GCF_042296235.1		NZ_CP141181.1	2617579	2618097	-	satA	streptothricin N-acetyltransferase SatA	core	AMR	AMR	STREPTOTHRICIN	STREPTOTHRICIN	BLASTX	173	173	100.00	79.19	173	WP_003242546.1	streptothricin N-acetyltransferase SatA		
GCF_042465255.1		NZ_CP160210.1	552900	553946	+	clbA	23S rRNA (adenine(2503)-C(8))-methyltransferase ClbA	core	AMR	AMR	LINCOSAMIDE/MACROLIDE/STREPTOGRAMIN	LINCOSAMIDE/MACROLIDE/STREPTOGRAMIN	BLASTX	349	349	100.00	99.71	349	WP_012116915.1	23S rRNA (adenine(2503)-C(8))-methyltransferase ClbA		
GCF_042465255.1		NZ_CP160210.1	2576518	2577036	-	satA	streptothricin N-acetyltransferase SatA	core	AMR	AMR	STREPTOTHRICIN	STREPTOTHRICIN	BLASTX	173	173	100.00	78.03	173	WP_003242546.1	streptothricin N-acetyltransferase SatA		
GCF_042611165.1		NZ_JBHGII010000004.1	366994	368040	+	clbA	23S rRNA (adenine(2503)-C(8))-methyltransferase ClbA	core	AMR	AMR	LINCOSAMIDE/MACROLIDE/STREPTOGRAMIN	LINCOSAMIDE/MACROLIDE/STREPTOGRAMIN	EXACTX	349	349	100.00	100.00	349	WP_012116915.1	23S rRNA (adenine(2503)-C(8))-methyltransferase ClbA		
GCF_042611185.1		NZ_JBHGVT010000001.1	38009	38527	+	satA	streptothricin N-acetyltransferase SatA	core	AMR	AMR	STREPTOTHRICIN	STREPTOTHRICIN	BLASTX	173	173	100.00	92.49	173	WP_003242546.1	streptothricin N-acetyltransferase SatA		
GCF_042611185.1		NZ_JBHGVT010000003.1	424820	425671	+	aadK	aminoglycoside 6-adenylyltransferase AadK	core	AMR	AMR	AMINOGLYCOSIDE	STREPTOMYCIN	BLASTX	284	284	100.00	97.89	284	WP_003229862.1	aminoglycoside 6-adenylyltransferase AadK		
GCF_042611185.1		NZ_JBHGVT010000005.1	188253	189893	-	vmlR	ABC-F type ribosomal protection protein VmlR	core	AMR	AMR	LINCOSAMIDE/PLEUROMUTILIN/STREPTOGRAMIN	LINCOMYCIN/TIAMULIN/VIRGINIAMYCIN M	BLASTX	547	547	100.00	98.90	547	WP_003234144.1	ABC-F type ribosomal protection protein VmlR		
GCF_042611185.1		NZ_JBHGVT010000006.1	98369	99286	+	mphK	macrolide 2'-phosphotransferase MphK	core	AMR	AMR	MACROLIDE	TELITHROMYCIN/TYLOSIN	BLASTX	306	306	100.00	99.35	306	WP_003246254.1	macrolide 2'-phosphotransferase MphK		
GCF_042863285.1		NZ_QOWA01000001.1	1408931	1409701	+	bla2	BcII family subclass B1 metallo-beta-lactamase	core	AMR	AMR	BETA-LACTAM	CARBAPENEM	BLASTX	257	257	100.00	93.00	257	WP_012261328.1	BcII family subclass B1 metallo-beta-lactamase		
GCF_042863285.1		NZ_QOWA01000004.1	585894	586802	+	mphL	macrolide 2'-phosphotransferase MphL	core	AMR	AMR	MACROLIDE	MACROLIDE	EXACTX	303	303	100.00	100.00	303	WP_002047670.1	macrolide 2'-phosphotransferase MphL		
GCF_042863285.1		NZ_QOWA01000011.1	18869	19417	+	satA	streptothricin N-acetyltransferase SatA	core	AMR	AMR	STREPTOTHRICIN	STREPTOTHRICIN	BLASTX	183	184	99.46	92.35	183	WP_000054744.1	streptothricin N-acetyltransferase SatA		
GCF_042863285.1		NZ_QOWA01000012.1	34691	35608	-	bla	class A beta-lactamase Bla1	core	AMR	AMR	BETA-LACTAM	BETA-LACTAM	BLASTX	306	306	100.00	93.14	306	WP_063842248.1	class A beta-lactamase Bla1		
GCF_044130245.1		NZ_JBIQNY010000016.1	87543	88460	+	mphK	macrolide 2'-phosphotransferase MphK	core	AMR	AMR	MACROLIDE	TELITHROMYCIN/TYLOSIN	BLASTX	306	306	100.00	98.37	306	WP_003246254.1	macrolide 2'-phosphotransferase MphK		
GCF_044130245.1		NZ_JBIQNY010000017.1	197616	199256	-	vmlR	ABC-F type ribosomal protection protein VmlR	core	AMR	AMR	LINCOSAMIDE/PLEUROMUTILIN/STREPTOGRAMIN	LINCOMYCIN/TIAMULIN/VIRGINIAMYCIN M	BLASTX	547	547	100.00	98.90	547	WP_003234144.1	ABC-F type ribosomal protection protein VmlR		
GCF_044130245.1		NZ_JBIQNY010000019.1	582871	583722	-	aadK	aminoglycoside 6-adenylyltransferase AadK	core	AMR	AMR	AMINOGLYCOSIDE	STREPTOMYCIN	BLASTX	284	284	100.00	98.24	284	WP_003229862.1	aminoglycoside 6-adenylyltransferase AadK		
GCF_044130245.1		NZ_JBIQNY010000020.1	1025132	1025551	-	satA	streptothricin N-acetyltransferase SatA	core	AMR	AMR	STREPTOTHRICIN	STREPTOTHRICIN	PARTIALX	140	173	80.92	89.29	140	WP_003242546.1	streptothricin N-acetyltransferase SatA		
GCF_044130245.1		NZ_JBIQNY010000020.1	1027498	1028871	-	tet(L)	tetracycline efflux MFS transporter Tet(L)	core	AMR	AMR	TETRACYCLINE	TETRACYCLINE	BLASTX	458	458	100.00	99.78	458	WP_063856081.1	tetracycline efflux MFS transporter Tet(L)		
GCF_044357885.1		NZ_CP064846.1	34662	35180	+	satA	streptothricin N-acetyltransferase SatA	core	AMR	AMR	STREPTOTHRICIN	STREPTOTHRICIN	BLASTX	173	173	100.00	78.03	173	WP_003242546.1	streptothricin N-acetyltransferase SatA		
GCF_044357885.1		NZ_CP064846.1	2067788	2068834	-	clbA	23S rRNA (adenine(2503)-C(8))-methyltransferase ClbA	core	AMR	AMR	LINCOSAMIDE/MACROLIDE/STREPTOGRAMIN	LINCOSAMIDE/MACROLIDE/STREPTOGRAMIN	BLASTX	349	349	100.00	97.42	349	WP_012116915.1	23S rRNA (adenine(2503)-C(8))-methyltransferase ClbA		
GCF_044385035.1		NZ_JBISGV010000017.1	7770	8816	+	clbA	23S rRNA (adenine(2503)-C(8))-methyltransferase ClbA	core	AMR	AMR	LINCOSAMIDE/MACROLIDE/STREPTOGRAMIN	LINCOSAMIDE/MACROLIDE/STREPTOGRAMIN	BLASTX	349	349	100.00	99.71	349	WP_012116915.1	23S rRNA (adenine(2503)-C(8))-methyltransferase ClbA		
GCF_044385035.1		NZ_JBISGV010000044.1	72424	72942	-	satA	streptothricin N-acetyltransferase SatA	core	AMR	AMR	STREPTOTHRICIN	STREPTOTHRICIN	BLASTX	173	173	100.00	79.19	173	WP_003242546.1	streptothricin N-acetyltransferase SatA		
GCF_044498105.1		NZ_CP172437.1	311659	312579	+	blaP	class A beta-lactamase BlaP	core	AMR	AMR	BETA-LACTAM	BETA-LACTAM	BLASTX	307	307	100.00	99.67	307	WP_023857755.1	class A beta-lactamase BlaP		
GCF_044498105.1		NZ_CP172437.1	2867940	2868800	+	erm(D)	23S rRNA (adenine(2058)-N(6))-methyltransferase Erm(D)	core	AMR	AMR	LINCOSAMIDE/MACROLIDE/STREPTOGRAMIN	ERYTHROMYCIN/LINCOSAMIDE/STREPTOGRAMIN	BLASTX	287	287	100.00	98.95	287	WP_003183781.1	23S rRNA (adenine(2058)-N(6))-methyltransferase Erm(D)		
GCF_044626275.1		NZ_JBIUFY010000017.1	105563	106327	-	bla2	BcII family subclass B1 metallo-beta-lactamase	core	AMR	AMR	BETA-LACTAM	CARBAPENEM	BLASTX	255	257	99.22	93.33	255	WP_012261328.1	BcII family subclass B1 metallo-beta-lactamase		
GCF_044626275.1		NZ_JBIUFY010000022.1	20170	21021	-	mleBCA	BCA family alpha/beta fold macrolide esterase	core	AMR	AMR	MACROLIDE	TYLOSIN	BLASTX	284	287	98.95	94.01	284	WP_000140039.1	BCA family alpha/beta fold macrolide esterase		
GCF_044626275.1		NZ_JBIUFY010000026.1	47584	48501	+	bla	class A beta-lactamase Bla1	core	AMR	AMR	BETA-LACTAM	BETA-LACTAM	BLASTX	306	306	100.00	92.48	306	WP_003171307.1	class A beta-lactamase Bla1		
GCF_044626275.1		NZ_JBIUFY010000050.1	19601	20149	+	satA	streptothricin N-acetyltransferase SatA	core	AMR	AMR	STREPTOTHRICIN	STREPTOTHRICIN	BLASTX	183	184	99.46	88.52	183	WP_000054744.1	streptothricin N-acetyltransferase SatA		
GCF_044626315.1		NZ_JBIUGB010000033.1	14401	15318	-	bla	class A beta-lactamase Bla1	core	AMR	AMR	BETA-LACTAM	BETA-LACTAM	BLASTX	306	306	100.00	97.71	306	WP_063842248.1	class A beta-lactamase Bla1		
GCF_044626315.1		NZ_JBIUGB010000055.1	7764	8711	-	blaIII	class A beta-lactamase BlaIII	core	AMR	AMR	BETA-LACTAM	BETA-LACTAM	BLASTX	316	316	100.00	99.68	316	WP_000497840.1	class A beta-lactamase BlaIII		
GCF_044626315.1		NZ_JBIUGB010000075.1	7729	8280	-	satA	streptothricin N-acetyltransferase SatA	core	AMR	AMR	STREPTOTHRICIN	STREPTOTHRICIN	BLASTX	184	184	98.91	90.76	184	WP_000054744.1	streptothricin N-acetyltransferase SatA		
GCF_044626315.1		NZ_JBIUGB010000226.1	78009	78422	+	fosB	FosBx1 family fosfomycin resistance bacillithiol transferase	core	AMR	AMR	FOSFOMYCIN	FOSFOMYCIN	EXACTX	138	138	100.00	100.00	138	WP_000943772.1	FosBx1 family fosfomycin resistance bacillithiol transferase		
GCF_044626315.1		NZ_JBIUGB010000279.1	18424	19194	-	bla2	BcII family subclass B1 metallo-beta-lactamase	core	AMR	AMR	BETA-LACTAM	CARBAPENEM	BLASTX	257	257	100.00	96.50	257	WP_063839879.1	BcII family subclass B1 metallo-beta-lactamase		
GCF_044626335.1		NZ_JBIUGA010000002.1	80691	81242	+	satA	streptothricin N-acetyltransferase SatA	core	AMR	AMR	STREPTOTHRICIN	STREPTOTHRICIN	BLASTX	184	184	98.91	89.13	184	WP_000054744.1	streptothricin N-acetyltransferase SatA		
GCF_044626335.1		NZ_JBIUGA010000002.1	203962	204813	-	mleBCB	BCB family alpha/beta fold macrolide esterase	core	AMR	AMR	MACROLIDE	TYLOSIN	BLASTX	284	287	100.00	98.61	287	WP_459076516.1	BCB family alpha/beta fold macrolide esterase		
GCF_044626335.1		NZ_JBIUGA010000002.1	323945	324715	-	bla2	BcII family subclass B1 metallo-beta-lactamase	core	AMR	AMR	BETA-LACTAM	CARBAPENEM	BLASTX	257	257	100.00	96.11	257	WP_063839879.1	BcII family subclass B1 metallo-beta-lactamase		
GCF_044626335.1		NZ_JBIUGA010000003.1	260144	260557	+	fosB	FosBx1 family fosfomycin resistance bacillithiol transferase	core	AMR	AMR	FOSFOMYCIN	FOSFOMYCIN	BLASTX	138	138	100.00	98.55	138	WP_000943763.1	fosfomycin resistance bacillithiol transferase FosBx1		
GCF_044626335.1		NZ_JBIUGA010000017.1	43431	44348	-	bla	class A beta-lactamase Bla1	core	AMR	AMR	BETA-LACTAM	BETA-LACTAM	BLASTX	306	306	100.00	96.41	306	WP_063842248.1	class A beta-lactamase Bla1		
GCF_044626375.1		NZ_JBIUGC010000001.1	247327	247740	-	fosB	FosBx1 family fosfomycin resistance bacillithiol transferase	core	AMR	AMR	FOSFOMYCIN	FOSFOMYCIN	BLASTX	138	138	100.00	97.83	138	WP_000943763.1	fosfomycin resistance bacillithiol transferase FosBx1		
GCF_044626375.1		NZ_JBIUGC010000003.1	11937	12488	+	satA	streptothricin N-acetyltransferase SatA	core	AMR	AMR	STREPTOTHRICIN	STREPTOTHRICIN	BLASTX	184	184	98.91	88.59	184	WP_000054744.1	streptothricin N-acetyltransferase SatA		
GCF_044626375.1		NZ_JBIUGC010000003.1	284127	284897	-	bla2	BcII family subclass B1 metallo-beta-lactamase	core	AMR	AMR	BETA-LACTAM	CARBAPENEM	BLASTX	257	257	100.00	93.77	257	WP_063839879.1	BcII family subclass B1 metallo-beta-lactamase		
GCF_044626375.1		NZ_JBIUGC010000007.1	33964	34881	-	bla	class A beta-lactamase Bla1	core	AMR	AMR	BETA-LACTAM	BETA-LACTAM	BLASTX	306	306	100.00	97.71	306	WP_063842248.1	class A beta-lactamase Bla1		
GCF_044628115.1		NZ_JBIUEC010000001.1	84294	84812	-	satA	streptothricin N-acetyltransferase SatA	core	AMR	AMR	STREPTOTHRICIN	STREPTOTHRICIN	BLASTX	173	173	100.00	79.19	173	WP_003242546.1	streptothricin N-acetyltransferase SatA		
GCF_044628115.1		NZ_JBIUEC010000001.1	1708421	1709326	-	mphK	macrolide 2'-phosphotransferase MphK	core	AMR	AMR	MACROLIDE	TELITHROMYCIN/TYLOSIN	BLASTX	302	306	98.69	85.10	302	WP_003246254.1	macrolide 2'-phosphotransferase MphK		
GCF_044751405.1		NZ_JBIYFD010000001.1	1585309	1586112	+	blaBAT	BAT family class D beta-lactamase	core	AMR	AMR	BETA-LACTAM	BETA-LACTAM	BLASTX	268	268	100.00	98.51	268	WP_003328240.1	class D beta-lactamase BAT-1		
GCF_044751405.1		NZ_JBIYFD010000001.1	2916961	2917479	+	satA	streptothricin N-acetyltransferase SatA	core	AMR	AMR	STREPTOTHRICIN	STREPTOTHRICIN	BLASTX	173	173	100.00	80.35	173	WP_003242546.1	streptothricin N-acetyltransferase SatA		
GCF_044783125.1		NZ_JBJBRW010000017.1	890338	890751	+	fosB	FosBx1 family fosfomycin resistance bacillithiol transferase	core	AMR	AMR	FOSFOMYCIN	FOSFOMYCIN	BLASTX	138	138	100.00	99.28	138	WP_000943763.1	fosfomycin resistance bacillithiol transferase FosBx1		
GCF_044783125.1		NZ_JBJBRW010000020.1	25436	26353	+	bla	class A beta-lactamase Bla1	core	AMR	AMR	BETA-LACTAM	BETA-LACTAM	BLASTX	306	306	100.00	96.08	306	WP_063842248.1	class A beta-lactamase Bla1		
GCF_044783125.1		NZ_JBJBRW010000024.1	165437	165988	+	satA	streptothricin N-acetyltransferase SatA	core	AMR	AMR	STREPTOTHRICIN	STREPTOTHRICIN	BLASTX	184	184	98.91	89.13	184	WP_000054744.1	streptothricin N-acetyltransferase SatA		
GCF_044783125.1		NZ_JBJBRW010000026.1	107603	108454	-	mleBCB	BCB family alpha/beta fold macrolide esterase	core	AMR	AMR	MACROLIDE	TYLOSIN	BLASTX	284	287	100.00	98.26	287	WP_459076516.1	BCB family alpha/beta fold macrolide esterase		
GCF_044783125.1		NZ_JBJBRW010000026.1	223788	224402	-	bla2	BcII family subclass B1 metallo-beta-lactamase	core	AMR	AMR	BETA-LACTAM	CARBAPENEM	PARTIALX	205	257	79.77	98.54	205	WP_063839879.1	BcII family subclass B1 metallo-beta-lactamase		
GCF_044783125.1		NZ_JBJBRW010000026.1	300633	301781	-	vanS-Pt	vancomycin resistance histidine kinase VanS-Pt	core	AMR	AMR	GLYCOPEPTIDE	VANCOMYCIN	BLASTX	383	386	99.22	90.08	383	WP_063856741.1	vancomycin resistance histidine kinase VanS-Pt		
GCF_044783125.1		NZ_JBJBRW010000026.1	301783	302475	-	vanR-A	vancomycin resistance response regulator transcription factor VanR-A	core	AMR	AMR	GLYCOPEPTIDE	VANCOMYCIN	BLASTX	231	231	100.00	92.64	231	WP_063856721.1	vancomycin resistance response regulator transcription factor VanR-A		
GCF_044881275.1		NZ_JBJBRV010000017.1	7742	8788	+	clbA	23S rRNA (adenine(2503)-C(8))-methyltransferase ClbA	core	AMR	AMR	LINCOSAMIDE/MACROLIDE/STREPTOGRAMIN	LINCOSAMIDE/MACROLIDE/STREPTOGRAMIN	BLASTX	349	349	100.00	99.71	349	WP_012116915.1	23S rRNA (adenine(2503)-C(8))-methyltransferase ClbA		
GCF_044881275.1		NZ_JBJBRV010000047.1	32057	32575	-	satA	streptothricin N-acetyltransferase SatA	core	AMR	AMR	STREPTOTHRICIN	STREPTOTHRICIN	BLASTX	173	173	100.00	79.19	173	WP_003242546.1	streptothricin N-acetyltransferase SatA		
GCF_044901645.1		NZ_JBJCYQ010000012.1	2091	3137	+	clbA	23S rRNA (adenine(2503)-C(8))-methyltransferase ClbA	core	AMR	AMR	LINCOSAMIDE/MACROLIDE/STREPTOGRAMIN	LINCOSAMIDE/MACROLIDE/STREPTOGRAMIN	BLASTX	349	349	100.00	97.42	349	WP_012116915.1	23S rRNA (adenine(2503)-C(8))-methyltransferase ClbA		
GCF_044901645.1		NZ_JBJCYQ010000042.1	75401	75919	-	satA	streptothricin N-acetyltransferase SatA	core	AMR	AMR	STREPTOTHRICIN	STREPTOTHRICIN	BLASTX	173	173	100.00	78.03	173	WP_003242546.1	streptothricin N-acetyltransferase SatA		
GCF_044901705.1		NZ_JBJCYP010000004.1	107613	108518	+	mphK	macrolide 2'-phosphotransferase MphK	core	AMR	AMR	MACROLIDE	TELITHROMYCIN/TYLOSIN	BLASTX	302	306	98.69	85.10	302	WP_003246254.1	macrolide 2'-phosphotransferase MphK		
GCF_044901705.1		NZ_JBJCYP010000017.1	33034	33552	+	satA	streptothricin N-acetyltransferase SatA	core	AMR	AMR	STREPTOTHRICIN	STREPTOTHRICIN	BLASTX	173	173	100.00	79.77	173	WP_003242546.1	streptothricin N-acetyltransferase SatA		
GCF_044901725.1		NZ_JBJCYT010000011.1	2090	3136	+	clbA	23S rRNA (adenine(2503)-C(8))-methyltransferase ClbA	core	AMR	AMR	LINCOSAMIDE/MACROLIDE/STREPTOGRAMIN	LINCOSAMIDE/MACROLIDE/STREPTOGRAMIN	BLASTX	349	349	100.00	97.42	349	WP_012116915.1	23S rRNA (adenine(2503)-C(8))-methyltransferase ClbA		
GCF_044901725.1		NZ_JBJCYT010000043.1	27446	27964	-	satA	streptothricin N-acetyltransferase SatA	core	AMR	AMR	STREPTOTHRICIN	STREPTOTHRICIN	BLASTX	173	173	100.00	78.03	173	WP_003242546.1	streptothricin N-acetyltransferase SatA		
GCF_044901785.1		NZ_JBJCYS010000011.1	2092	3138	+	clbA	23S rRNA (adenine(2503)-C(8))-methyltransferase ClbA	core	AMR	AMR	LINCOSAMIDE/MACROLIDE/STREPTOGRAMIN	LINCOSAMIDE/MACROLIDE/STREPTOGRAMIN	BLASTX	349	349	100.00	97.42	349	WP_012116915.1	23S rRNA (adenine(2503)-C(8))-methyltransferase ClbA		
GCF_044901785.1		NZ_JBJCYS010000044.1	27479	27997	-	satA	streptothricin N-acetyltransferase SatA	core	AMR	AMR	STREPTOTHRICIN	STREPTOTHRICIN	BLASTX	173	173	100.00	78.03	173	WP_003242546.1	streptothricin N-acetyltransferase SatA		
GCF_044905085.1		NZ_CP173259.1	546584	547630	+	clbA	23S rRNA (adenine(2503)-C(8))-methyltransferase ClbA	core	AMR	AMR	LINCOSAMIDE/MACROLIDE/STREPTOGRAMIN	LINCOSAMIDE/MACROLIDE/STREPTOGRAMIN	BLASTX	349	349	100.00	97.42	349	WP_012116915.1	23S rRNA (adenine(2503)-C(8))-methyltransferase ClbA		
GCF_044905085.1		NZ_CP173259.1	2785103	2785621	-	satA	streptothricin N-acetyltransferase SatA	core	AMR	AMR	STREPTOTHRICIN	STREPTOTHRICIN	BLASTX	173	173	100.00	79.77	173	WP_003242546.1	streptothricin N-acetyltransferase SatA		
GCF_045276195.1		NZ_CP174160.1	528164	529210	+	clbA	23S rRNA (adenine(2503)-C(8))-methyltransferase ClbA	core	AMR	AMR	LINCOSAMIDE/MACROLIDE/STREPTOGRAMIN	LINCOSAMIDE/MACROLIDE/STREPTOGRAMIN	BLASTX	349	349	100.00	97.42	349	WP_012116915.1	23S rRNA (adenine(2503)-C(8))-methyltransferase ClbA		
GCF_045276195.1		NZ_CP174160.1	2576545	2577063	-	satA	streptothricin N-acetyltransferase SatA	core	AMR	AMR	STREPTOTHRICIN	STREPTOTHRICIN	BLASTX	173	173	100.00	80.35	173	WP_003242546.1	streptothricin N-acetyltransferase SatA		
GCF_045277765.1		NZ_CP126973.1	256490	257407	+	mphK	macrolide 2'-phosphotransferase MphK	core	AMR	AMR	MACROLIDE	TELITHROMYCIN/TYLOSIN	BLASTX	306	306	100.00	99.02	306	WP_003246254.1	macrolide 2'-phosphotransferase MphK		
GCF_045277765.1		NZ_CP126973.1	571783	573423	-	vmlR	ABC-F type ribosomal protection protein VmlR	core	AMR	AMR	LINCOSAMIDE/PLEUROMUTILIN/STREPTOGRAMIN	LINCOMYCIN/TIAMULIN/VIRGINIAMYCIN M	BLASTX	547	547	100.00	98.17	547	WP_003234144.1	ABC-F type ribosomal protection protein VmlR		
GCF_045277765.1		NZ_CP126973.1	2650196	2651047	-	aadK	aminoglycoside 6-adenylyltransferase AadK	core	AMR	AMR	AMINOGLYCOSIDE	STREPTOMYCIN	BLASTX	284	284	100.00	98.59	284	WP_003229862.1	aminoglycoside 6-adenylyltransferase AadK		
GCF_045277765.1		NZ_CP126973.1	4130112	4130630	-	satA	streptothricin N-acetyltransferase SatA	core	AMR	AMR	STREPTOTHRICIN	STREPTOTHRICIN	BLASTX	173	173	100.00	90.17	173	WP_003242546.1	streptothricin N-acetyltransferase SatA		
GCF_045278795.1		NZ_CP136635.1	605938	606741	+	blaBAT	BAT family class D beta-lactamase	core	AMR	AMR	BETA-LACTAM	BETA-LACTAM	BLASTX	268	268	100.00	96.27	268	WP_003328240.1	class D beta-lactamase BAT-1		
GCF_045278795.1		NZ_CP136635.1	1891221	1891739	+	satA	streptothricin N-acetyltransferase SatA	core	AMR	AMR	STREPTOTHRICIN	STREPTOTHRICIN	BLASTX	173	173	100.00	80.35	173	WP_003242546.1	streptothricin N-acetyltransferase SatA		
GCF_045291565.1		NZ_CP149444.1	273923	274840	+	mphK	macrolide 2'-phosphotransferase MphK	core	AMR	AMR	MACROLIDE	TELITHROMYCIN/TYLOSIN	BLASTX	306	306	100.00	97.71	306	WP_003246254.1	macrolide 2'-phosphotransferase MphK		
GCF_045291565.1		NZ_CP149444.1	591429	593069	-	vmlR	ABC-F type ribosomal protection protein VmlR	core	AMR	AMR	LINCOSAMIDE/PLEUROMUTILIN/STREPTOGRAMIN	LINCOMYCIN/TIAMULIN/VIRGINIAMYCIN M	BLASTX	547	547	100.00	98.35	547	WP_003234144.1	ABC-F type ribosomal protection protein VmlR		
GCF_045291565.1		NZ_CP149444.1	2589571	2590422	-	aadK	aminoglycoside 6-adenylyltransferase AadK	core	AMR	AMR	AMINOGLYCOSIDE	STREPTOMYCIN	BLASTX	284	284	100.00	97.54	284	WP_003229862.1	aminoglycoside 6-adenylyltransferase AadK		
GCF_045291565.1		NZ_CP149444.1	4060552	4061070	-	satA	streptothricin N-acetyltransferase SatA	core	AMR	AMR	STREPTOTHRICIN	STREPTOTHRICIN	BLASTX	173	173	100.00	89.60	173	WP_003242546.1	streptothricin N-acetyltransferase SatA		
GCF_045291565.1		NZ_CP149444.1	4063072	4064445	-	tet(L)	tetracycline efflux MFS transporter Tet(L)	core	AMR	AMR	TETRACYCLINE	TETRACYCLINE	EXACTX	458	458	100.00	100.00	458	WP_003242953.1	tetracycline efflux MFS transporter Tet(L)		
GCF_045348155.1		NZ_CP150839.1	2366423	2367340	+	bla	class A beta-lactamase Bla1	core	AMR	AMR	BETA-LACTAM	BETA-LACTAM	BLASTX	306	306	100.00	92.81	306	WP_003171307.1	class A beta-lactamase Bla1		
GCF_045348155.1		NZ_CP150839.1	2682746	2683606	+	mleBCA	BCA family alpha/beta fold macrolide esterase	core	AMR	AMR	MACROLIDE	TYLOSIN	BLASTX	287	287	100.00	95.47	287	WP_000140039.1	BCA family alpha/beta fold macrolide esterase		
GCF_045348155.1		NZ_CP150839.1	3063877	3064428	+	satA	streptothricin N-acetyltransferase SatA	core	AMR	AMR	STREPTOTHRICIN	STREPTOTHRICIN	BLASTX	184	184	100.00	97.28	184	WP_000054744.1	streptothricin N-acetyltransferase SatA		
GCF_045348155.1		NZ_CP150839.1	3301382	3302152	-	bla2	BcII family subclass B1 metallo-beta-lactamase	core	AMR	AMR	BETA-LACTAM	CARBAPENEM	BLASTX	257	257	100.00	93.77	257	WP_012261328.1	BcII family subclass B1 metallo-beta-lactamase		
GCF_045924905.1		NZ_CP163562.1	1224731	1225387	+	cat86	type A-6 chloramphenicol O-acetyltransferase Cat86	core	AMR	AMR	PHENICOL	CHLORAMPHENICOL	BLASTX	219	220	100.00	90.00	220	WP_050945244.1	type A-6 chloramphenicol O-acetyltransferase Cat86		
GCF_045924925.1		NZ_CP166492.1	1612197	1613243	-	clbA	23S rRNA (adenine(2503)-C(8))-methyltransferase ClbA	core	AMR	AMR	LINCOSAMIDE/MACROLIDE/STREPTOGRAMIN	LINCOSAMIDE/MACROLIDE/STREPTOGRAMIN	BLASTX	349	349	100.00	99.71	349	WP_012116915.1	23S rRNA (adenine(2503)-C(8))-methyltransferase ClbA		
GCF_045924925.1		NZ_CP166492.1	2184764	2185123	+	emrC	multidrug efflux transporter outer membrane subunit EmrC	plus	AMR	AMR	QUATERNARY AMMONIUM	QUATERNARY AMMONIUM	BLASTX	120	128	93.75	80.83	120	EAC4468893.1	multidrug efflux transporter outer membrane subunit EmrC		
GCF_045924925.1		NZ_CP166492.1	3541282	3541800	+	satA	streptothricin N-acetyltransferase SatA	core	AMR	AMR	STREPTOTHRICIN	STREPTOTHRICIN	BLASTX	173	173	100.00	78.61	173	WP_003242546.1	streptothricin N-acetyltransferase SatA		
GCF_045925855.1		NZ_CP174519.1	569486	570532	+	clbA	23S rRNA (adenine(2503)-C(8))-methyltransferase ClbA	core	AMR	AMR	LINCOSAMIDE/MACROLIDE/STREPTOGRAMIN	LINCOSAMIDE/MACROLIDE/STREPTOGRAMIN	BLASTX	349	349	100.00	99.71	349	WP_012116915.1	23S rRNA (adenine(2503)-C(8))-methyltransferase ClbA		
GCF_045925855.1		NZ_CP174519.1	2621483	2622001	-	satA	streptothricin N-acetyltransferase SatA	core	AMR	AMR	STREPTOTHRICIN	STREPTOTHRICIN	BLASTX	173	173	100.00	79.19	173	WP_003242546.1	streptothricin N-acetyltransferase SatA		
GCF_046101815.1		NZ_CP175908.1	528110	529156	+	clbA	23S rRNA (adenine(2503)-C(8))-methyltransferase ClbA	core	AMR	AMR	LINCOSAMIDE/MACROLIDE/STREPTOGRAMIN	LINCOSAMIDE/MACROLIDE/STREPTOGRAMIN	BLASTX	349	349	100.00	99.43	349	WP_012116915.1	23S rRNA (adenine(2503)-C(8))-methyltransferase ClbA		
GCF_046101815.1		NZ_CP175908.1	2587491	2588009	-	satA	streptothricin N-acetyltransferase SatA	core	AMR	AMR	STREPTOTHRICIN	STREPTOTHRICIN	BLASTX	173	173	100.00	79.19	173	WP_003242546.1	streptothricin N-acetyltransferase SatA		
GCF_046267865.1		NZ_CP176523.1	525833	526879	+	clbA	23S rRNA (adenine(2503)-C(8))-methyltransferase ClbA	core	AMR	AMR	LINCOSAMIDE/MACROLIDE/STREPTOGRAMIN	LINCOSAMIDE/MACROLIDE/STREPTOGRAMIN	BLASTX	349	349	100.00	97.42	349	WP_012116915.1	23S rRNA (adenine(2503)-C(8))-methyltransferase ClbA		
GCF_046267865.1		NZ_CP176523.1	2572472	2572990	-	satA	streptothricin N-acetyltransferase SatA	core	AMR	AMR	STREPTOTHRICIN	STREPTOTHRICIN	BLASTX	173	173	100.00	79.77	173	WP_003242546.1	streptothricin N-acetyltransferase SatA		
GCF_046269165.1		NZ_JBKAED010000047.1	115	900	-	blaBPU	BPU family class D beta-lactamase	core	AMR	AMR	BETA-LACTAM	BETA-LACTAM	BLASTX	262	262	100.00	90.84	262	WP_041816295.1	class D beta-lactamase BPU-1		
GCF_046619435.1		NZ_CP177045.1	257411	258331	+	blaP	class A beta-lactamase BlaP	core	AMR	AMR	BETA-LACTAM	BETA-LACTAM	EXACTX	307	307	100.00	100.00	307	WP_003178584.1	class A beta-lactamase BlaP		
GCF_046619495.1		NZ_CP177035.1	1918116	1918529	+	fosB	FosBx1 family fosfomycin resistance bacillithiol transferase	core	AMR	AMR	FOSFOMYCIN	FOSFOMYCIN	BLASTX	138	138	100.00	90.58	138	WP_000943763.1	fosfomycin resistance bacillithiol transferase FosBx1		
GCF_046619495.1		NZ_CP177035.1	2362094	2363011	+	bla	class A beta-lactamase Bla1	core	AMR	AMR	BETA-LACTAM	BETA-LACTAM	BLASTX	306	306	100.00	97.39	306	WP_003171307.1	class A beta-lactamase Bla1		
GCF_046619495.1		NZ_CP177035.1	2587897	2588757	+	mleBCA	BCA family alpha/beta fold macrolide esterase	core	AMR	AMR	MACROLIDE	TYLOSIN	BLASTX	287	287	100.00	94.77	287	WP_000140039.1	BCA family alpha/beta fold macrolide esterase		
GCF_046619495.1		NZ_CP177035.1	2979941	2980498	+	satA	streptothricin N-acetyltransferase SatA	core	AMR	AMR	STREPTOTHRICIN	STREPTOTHRICIN	BLASTX	186	184	100.00	91.94	186	WP_000054744.1	streptothricin N-acetyltransferase SatA		
GCF_046619495.1		NZ_CP177035.1	3267017	3267784	-	bla2	BcII family subclass B1 metallo-beta-lactamase	core	AMR	AMR	BETA-LACTAM	CARBAPENEM	BLASTX	256	256	100.00	99.22	256	WP_000799223.1	BcII family subclass B1 metallo-beta-lactamase		
GCF_046619505.1		NZ_CP177039.1	257411	258331	+	blaP	class A beta-lactamase BlaP	core	AMR	AMR	BETA-LACTAM	BETA-LACTAM	EXACTX	307	307	100.00	100.00	307	WP_003178584.1	class A beta-lactamase BlaP		
GCF_046619515.1		NZ_CP177046.1	2341191	2342108	+	bla	class A beta-lactamase Bla1	core	AMR	AMR	BETA-LACTAM	BETA-LACTAM	BLASTX	306	306	100.00	97.39	306	WP_063842248.1	class A beta-lactamase Bla1		
GCF_046619515.1		NZ_CP177046.1	2517807	2518667	+	mleBCA	BCA family alpha/beta fold macrolide esterase	core	AMR	AMR	MACROLIDE	TYLOSIN	BLASTX	287	287	100.00	96.17	287	WP_000140039.1	BCA family alpha/beta fold macrolide esterase		
GCF_046619515.1		NZ_CP177046.1	3182422	3183189	-	bla2	BcII family subclass B1 metallo-beta-lactamase	core	AMR	AMR	BETA-LACTAM	CARBAPENEM	BLASTX	256	256	100.00	99.22	256	WP_000799223.1	BcII family subclass B1 metallo-beta-lactamase		
GCF_046628085.1		NZ_CP176860.1	1917944	1918357	+	fosB	FosBx1 family fosfomycin resistance bacillithiol transferase	core	AMR	AMR	FOSFOMYCIN	FOSFOMYCIN	BLASTX	138	138	100.00	90.58	138	WP_000943763.1	fosfomycin resistance bacillithiol transferase FosBx1		
GCF_046628085.1		NZ_CP176860.1	2361922	2362839	+	bla	class A beta-lactamase Bla1	core	AMR	AMR	BETA-LACTAM	BETA-LACTAM	BLASTX	306	306	100.00	97.39	306	WP_003171307.1	class A beta-lactamase Bla1		
GCF_046628085.1		NZ_CP176860.1	2587725	2588585	+	mleBCA	BCA family alpha/beta fold macrolide esterase	core	AMR	AMR	MACROLIDE	TYLOSIN	BLASTX	287	287	100.00	94.77	287	WP_000140039.1	BCA family alpha/beta fold macrolide esterase		
GCF_046628085.1		NZ_CP176860.1	2979769	2980326	+	satA	streptothricin N-acetyltransferase SatA	core	AMR	AMR	STREPTOTHRICIN	STREPTOTHRICIN	BLASTX	186	184	100.00	91.94	186	WP_000054744.1	streptothricin N-acetyltransferase SatA		
GCF_046628085.1		NZ_CP176860.1	3266845	3267612	-	bla2	BcII family subclass B1 metallo-beta-lactamase	core	AMR	AMR	BETA-LACTAM	CARBAPENEM	BLASTX	256	256	100.00	99.22	256	WP_000799223.1	BcII family subclass B1 metallo-beta-lactamase		
GCF_046628115.1		NZ_CP176864.1	1918130	1918543	+	fosB	FosBx1 family fosfomycin resistance bacillithiol transferase	core	AMR	AMR	FOSFOMYCIN	FOSFOMYCIN	BLASTX	138	138	100.00	90.58	138	WP_000943763.1	fosfomycin resistance bacillithiol transferase FosBx1		
GCF_046628115.1		NZ_CP176864.1	2362108	2363025	+	bla	class A beta-lactamase Bla1	core	AMR	AMR	BETA-LACTAM	BETA-LACTAM	BLASTX	306	306	100.00	97.39	306	WP_003171307.1	class A beta-lactamase Bla1		
GCF_046628115.1		NZ_CP176864.1	2587911	2588771	+	mleBCA	BCA family alpha/beta fold macrolide esterase	core	AMR	AMR	MACROLIDE	TYLOSIN	BLASTX	287	287	100.00	94.77	287	WP_000140039.1	BCA family alpha/beta fold macrolide esterase		
GCF_046628115.1		NZ_CP176864.1	2979943	2980500	+	satA	streptothricin N-acetyltransferase SatA	core	AMR	AMR	STREPTOTHRICIN	STREPTOTHRICIN	BLASTX	186	184	100.00	91.94	186	WP_000054744.1	streptothricin N-acetyltransferase SatA		
GCF_046628115.1		NZ_CP176864.1	3267019	3267786	-	bla2	BcII family subclass B1 metallo-beta-lactamase	core	AMR	AMR	BETA-LACTAM	CARBAPENEM	BLASTX	256	256	100.00	99.22	256	WP_000799223.1	BcII family subclass B1 metallo-beta-lactamase		
GCF_047273435.1		NZ_CP172417.1	234255	234782	-	mphK	macrolide 2'-phosphotransferase MphK	core	AMR	AMR	MACROLIDE	TELITHROMYCIN/TYLOSIN	PARTIALX	176	306	57.52	99.43	176	WP_003246254.1	macrolide 2'-phosphotransferase MphK		
GCF_047273435.1		NZ_CP172417.1	695918	697558	-	vmlR	ABC-F type ribosomal protection protein VmlR	core	AMR	AMR	LINCOSAMIDE/PLEUROMUTILIN/STREPTOGRAMIN	LINCOMYCIN/TIAMULIN/VIRGINIAMYCIN M	INTERNAL_STOP	547	547	100.00	97.62	547	WP_003234144.1	ABC-F type ribosomal protection protein VmlR		
GCF_047273435.1		NZ_CP172417.1	726913	728553	-	vmlR	ABC-F type ribosomal protection protein VmlR	core	AMR	AMR	LINCOSAMIDE/PLEUROMUTILIN/STREPTOGRAMIN	LINCOMYCIN/TIAMULIN/VIRGINIAMYCIN M	INTERNAL_STOP	547	547	100.00	97.62	547	WP_003234144.1	ABC-F type ribosomal protection protein VmlR		
GCF_047273435.1		NZ_CP172417.1	2833504	2834355	+	aadK	aminoglycoside 6-adenylyltransferase AadK	core	AMR	AMR	AMINOGLYCOSIDE	STREPTOMYCIN	BLASTX	284	284	100.00	97.54	284	WP_003229862.1	aminoglycoside 6-adenylyltransferase AadK		
GCF_047273435.1		NZ_CP172417.1	4513289	4514662	+	tet(L)	tetracycline efflux MFS transporter Tet(L)	core	AMR	AMR	TETRACYCLINE	TETRACYCLINE	BLASTX	458	458	100.00	99.13	458	WP_003242953.1	tetracycline efflux MFS transporter Tet(L)		
GCF_047273435.1		NZ_CP172417.1	4516646	4517164	+	satA	streptothricin N-acetyltransferase SatA	core	AMR	AMR	STREPTOTHRICIN	STREPTOTHRICIN	BLASTX	173	173	100.00	90.17	173	WP_003242546.1	streptothricin N-acetyltransferase SatA		
GCF_047300835.1		NZ_CP178562.1	1546570	1547088	-	satA	streptothricin N-acetyltransferase SatA	core	AMR	AMR	STREPTOTHRICIN	STREPTOTHRICIN	BLASTX	173	173	100.00	79.77	173	WP_003242546.1	streptothricin N-acetyltransferase SatA		
GCF_047300865.1		NZ_CP178610.1	2550524	2551042	-	satA	streptothricin N-acetyltransferase SatA	core	AMR	AMR	STREPTOTHRICIN	STREPTOTHRICIN	BLASTX	173	173	100.00	80.35	173	WP_003242546.1	streptothricin N-acetyltransferase SatA		
GCF_047302535.1		NZ_CP178716.1	114029	114937	+	mphK	macrolide 2'-phosphotransferase MphK	core	AMR	AMR	MACROLIDE	TELITHROMYCIN/TYLOSIN	BLASTX	303	306	99.02	99.01	303	WP_003246254.1	macrolide 2'-phosphotransferase MphK		
GCF_047302535.1		NZ_CP178716.1	434145	435770	-	vmlR	ABC-F type ribosomal protection protein VmlR	core	AMR	AMR	LINCOSAMIDE/PLEUROMUTILIN/STREPTOGRAMIN	LINCOMYCIN/TIAMULIN/VIRGINIAMYCIN M	BLASTX	542	547	98.90	98.15	542	WP_003234144.1	ABC-F type ribosomal protection protein VmlR		
GCF_047302535.1		NZ_CP178716.1	2458746	2459597	-	aadK	aminoglycoside 6-adenylyltransferase AadK	core	AMR	AMR	AMINOGLYCOSIDE	STREPTOMYCIN	BLASTX	284	284	100.00	97.89	284	WP_003229862.1	aminoglycoside 6-adenylyltransferase AadK		
GCF_047302535.1		NZ_CP178716.1	3926874	3927392	-	satA	streptothricin N-acetyltransferase SatA	core	AMR	AMR	STREPTOTHRICIN	STREPTOTHRICIN	BLASTX	173	173	100.00	90.75	173	WP_003242546.1	streptothricin N-acetyltransferase SatA		
GCF_047302535.1		NZ_CP178716.1	3929427	3930800	-	tet(L)	tetracycline efflux MFS transporter Tet(L)	core	AMR	AMR	TETRACYCLINE	TETRACYCLINE	BLASTX	458	458	100.00	98.69	458	WP_063856081.1	tetracycline efflux MFS transporter Tet(L)		
GCF_047302545.1		NZ_CP178717.1	99623	100540	+	mphK	macrolide 2'-phosphotransferase MphK	core	AMR	AMR	MACROLIDE	TELITHROMYCIN/TYLOSIN	BLASTX	306	306	100.00	80.72	306	WP_003246254.1	macrolide 2'-phosphotransferase MphK		
GCF_047302545.1		NZ_CP178717.1	429763	431388	-	vmlR	ABC-F type ribosomal protection protein VmlR	core	AMR	AMR	LINCOSAMIDE/PLEUROMUTILIN/STREPTOGRAMIN	LINCOMYCIN/TIAMULIN/VIRGINIAMYCIN M	BLASTX	542	547	98.90	94.10	542	WP_003234144.1	ABC-F type ribosomal protection protein VmlR		
GCF_047302545.1		NZ_CP178717.1	862381	862899	+	satA	streptothricin N-acetyltransferase SatA	core	AMR	AMR	STREPTOTHRICIN	STREPTOTHRICIN	BLASTX	173	173	100.00	82.66	173	WP_003242546.1	streptothricin N-acetyltransferase SatA		
GCF_047302545.1		NZ_CP178717.1	3583250	3584044	+	blaBSU	BSU family class D beta-lactamase	core	AMR	AMR	BETA-LACTAM	BETA-LACTAM	BLASTX	265	267	100.00	97.38	267	WP_003235647.1	class D beta-lactamase BSU-1		
GCF_047302555.1		NZ_CP178718.1	2624788	2625306	-	satA	streptothricin N-acetyltransferase SatA	core	AMR	AMR	STREPTOTHRICIN	STREPTOTHRICIN	BLASTX	173	173	100.00	79.19	173	WP_003242546.1	streptothricin N-acetyltransferase SatA		
GCF_047305475.1		NZ_CP136661.1	1925081	1925494	+	fosB	FosBx1 family fosfomycin resistance bacillithiol transferase	core	AMR	AMR	FOSFOMYCIN	FOSFOMYCIN	BLASTX	138	138	100.00	90.58	138	WP_000943763.1	fosfomycin resistance bacillithiol transferase FosBx1		
GCF_047305475.1		NZ_CP136661.1	2353804	2354721	+	bla	class A beta-lactamase Bla1	core	AMR	AMR	BETA-LACTAM	BETA-LACTAM	BLASTX	306	306	100.00	93.14	306	WP_003171307.1	class A beta-lactamase Bla1		
GCF_047305475.1		NZ_CP136661.1	2573080	2573931	+	mleBCA	BCA family alpha/beta fold macrolide esterase	core	AMR	AMR	MACROLIDE	TYLOSIN	BLASTX	284	287	98.95	93.31	284	WP_000140039.1	BCA family alpha/beta fold macrolide esterase		
GCF_047305475.1		NZ_CP136661.1	2964489	2965040	+	satA	streptothricin N-acetyltransferase SatA	core	AMR	AMR	STREPTOTHRICIN	STREPTOTHRICIN	BLASTX	184	184	98.91	89.67	184	WP_000054744.1	streptothricin N-acetyltransferase SatA		
GCF_047305475.1		NZ_CP136661.1	3261084	3261851	-	bla2	BcII family subclass B1 metallo-beta-lactamase	core	AMR	AMR	BETA-LACTAM	CARBAPENEM	EXACTX	256	256	100.00	100.00	256	WP_000799227.1	BcII family subclass B1 metallo-beta-lactamase		
GCF_047314745.1		NZ_JBLBWU010000001.1	1677431	1677949	-	satA	streptothricin N-acetyltransferase SatA	core	AMR	AMR	STREPTOTHRICIN	STREPTOTHRICIN	BLASTX	173	173	100.00	80.35	173	WP_003242546.1	streptothricin N-acetyltransferase SatA		
GCF_047314745.1		NZ_JBLBWU010000004.1	52388	53434	-	clbA	23S rRNA (adenine(2503)-C(8))-methyltransferase ClbA	core	AMR	AMR	LINCOSAMIDE/MACROLIDE/STREPTOGRAMIN	LINCOSAMIDE/MACROLIDE/STREPTOGRAMIN	BLASTX	349	349	100.00	99.43	349	WP_012116915.1	23S rRNA (adenine(2503)-C(8))-methyltransferase ClbA		
GCF_047444815.1		NZ_JBLFHU010000001.1	2424936	2425853	+	bla	class A beta-lactamase Bla1	core	AMR	AMR	BETA-LACTAM	BETA-LACTAM	BLASTX	306	306	100.00	90.20	306	WP_063842248.1	class A beta-lactamase Bla1		
GCF_047444815.1		NZ_JBLFHU010000001.1	2830395	2830952	-	satA	streptothricin N-acetyltransferase SatA	core	AMR	AMR	STREPTOTHRICIN	STREPTOTHRICIN	BLASTX	186	184	98.91	77.96	186	WP_000054744.1	streptothricin N-acetyltransferase SatA		
GCF_047444815.1		NZ_JBLFHU010000001.1	3209701	3210477	-	bla2	BcII family subclass B1 metallo-beta-lactamase	core	AMR	AMR	BETA-LACTAM	CARBAPENEM	BLASTX	259	257	100.00	91.89	259	WP_012261328.1	BcII family subclass B1 metallo-beta-lactamase		
GCF_047444915.1		NZ_JBLGDX010000001.1	352481	353137	+	cat86	type A-6 chloramphenicol O-acetyltransferase Cat86	core	AMR	AMR	PHENICOL	CHLORAMPHENICOL	BLASTX	219	220	100.00	90.45	220	WP_050945244.1	type A-6 chloramphenicol O-acetyltransferase Cat86		
GCF_047780485.1		NZ_JBLNIB010000005.1	132037	132555	+	satA	streptothricin N-acetyltransferase SatA	core	AMR	AMR	STREPTOTHRICIN	STREPTOTHRICIN	BLASTX	173	173	100.00	78.03	173	WP_003242546.1	streptothricin N-acetyltransferase SatA		
GCF_047780485.1		NZ_JBLNIB010000011.1	72066	73112	+	clbA	23S rRNA (adenine(2503)-C(8))-methyltransferase ClbA	core	AMR	AMR	LINCOSAMIDE/MACROLIDE/STREPTOGRAMIN	LINCOSAMIDE/MACROLIDE/STREPTOGRAMIN	BLASTX	349	349	100.00	97.42	349	WP_012116915.1	23S rRNA (adenine(2503)-C(8))-methyltransferase ClbA		
GCF_047947095.1		NZ_CP144281.1	534117	535163	+	clbA	23S rRNA (adenine(2503)-C(8))-methyltransferase ClbA	core	AMR	AMR	LINCOSAMIDE/MACROLIDE/STREPTOGRAMIN	LINCOSAMIDE/MACROLIDE/STREPTOGRAMIN	BLASTX	349	349	100.00	97.42	349	WP_012116915.1	23S rRNA (adenine(2503)-C(8))-methyltransferase ClbA		
GCF_047947095.1		NZ_CP144281.1	2737380	2737898	-	satA	streptothricin N-acetyltransferase SatA	core	AMR	AMR	STREPTOTHRICIN	STREPTOTHRICIN	BLASTX	173	173	100.00	80.35	173	WP_003242546.1	streptothricin N-acetyltransferase SatA		
GCF_047977995.1		NZ_JBFPFQ010000005.1	203296	203709	+	fosB	FosBx1 family fosfomycin resistance bacillithiol transferase	core	AMR	AMR	FOSFOMYCIN	FOSFOMYCIN	BLASTX	138	138	100.00	98.55	138	WP_000943763.1	fosfomycin resistance bacillithiol transferase FosBx1		
GCF_047977995.1		NZ_JBFPFQ010000006.1	321292	322209	+	bla	class A beta-lactamase Bla1	core	AMR	AMR	BETA-LACTAM	BETA-LACTAM	BLASTX	306	306	100.00	96.08	306	WP_063842248.1	class A beta-lactamase Bla1		
GCF_047977995.1		NZ_JBFPFQ010000007.1	635084	635635	+	satA	streptothricin N-acetyltransferase SatA	core	AMR	AMR	STREPTOTHRICIN	STREPTOTHRICIN	BLASTX	184	184	98.91	89.67	184	WP_000054744.1	streptothricin N-acetyltransferase SatA		
GCF_047977995.1		NZ_JBFPFQ010000008.1	194183	194767	-	bla2	BcII family subclass B1 metallo-beta-lactamase	core	AMR	AMR	BETA-LACTAM	CARBAPENEM	PARTIALX	195	257	75.88	94.87	195	WP_063839879.1	BcII family subclass B1 metallo-beta-lactamase		
GCF_048053935.1		NZ_JAETVW010000007.1	55808	56668	-	mleBCA	BCA family alpha/beta fold macrolide esterase	core	AMR	AMR	MACROLIDE	TYLOSIN	BLASTX	287	287	100.00	95.82	287	WP_000140039.1	BCA family alpha/beta fold macrolide esterase		
GCF_048053935.1		NZ_JAETVW010000013.1	26178	26729	+	satA	streptothricin N-acetyltransferase SatA	core	AMR	AMR	STREPTOTHRICIN	STREPTOTHRICIN	BLASTX	184	184	98.91	88.04	184	WP_000054744.1	streptothricin N-acetyltransferase SatA		
GCF_048053935.1		NZ_JAETVW010000017.1	33431	34348	-	bla	class A beta-lactamase Bla1	core	AMR	AMR	BETA-LACTAM	BETA-LACTAM	BLASTX	306	306	100.00	92.16	306	WP_003171307.1	class A beta-lactamase Bla1		
GCF_048053935.1		NZ_JAETVW010000040.1	16200	16970	+	bla2	BcII family subclass B1 metallo-beta-lactamase	core	AMR	AMR	BETA-LACTAM	CARBAPENEM	BLASTX	257	257	100.00	92.61	257	WP_012261328.1	BcII family subclass B1 metallo-beta-lactamase		
GCF_048053955.1		NZ_JAETNJ010000001.1	263158	263928	+	bla2	BcII family subclass B1 metallo-beta-lactamase	core	AMR	AMR	BETA-LACTAM	CARBAPENEM	BLASTX	257	257	100.00	96.11	257	WP_063839879.1	BcII family subclass B1 metallo-beta-lactamase		
GCF_048053955.1		NZ_JAETNJ010000001.1	518621	519172	-	satA	streptothricin N-acetyltransferase SatA	core	AMR	AMR	STREPTOTHRICIN	STREPTOTHRICIN	BLASTX	184	184	98.91	86.96	184	WP_000054744.1	streptothricin N-acetyltransferase SatA		
GCF_048053955.1		NZ_JAETNJ010000002.1	224036	224449	+	fosB	FosBx1 family fosfomycin resistance bacillithiol transferase	core	AMR	AMR	FOSFOMYCIN	FOSFOMYCIN	BLASTX	138	138	100.00	97.83	138	WP_000943763.1	fosfomycin resistance bacillithiol transferase FosBx1		
GCF_048053955.1		NZ_JAETNJ010000013.1	155487	156404	+	bla	class A beta-lactamase Bla1	core	AMR	AMR	BETA-LACTAM	BETA-LACTAM	BLASTX	306	306	100.00	94.77	306	WP_063842248.1	class A beta-lactamase Bla1		
GCF_048054015.1		NZ_JAETNK010000001.1	108258	109175	+	bla	class A beta-lactamase Bla1	core	AMR	AMR	BETA-LACTAM	BETA-LACTAM	BLASTX	306	306	100.00	95.42	306	WP_063842248.1	class A beta-lactamase Bla1		
GCF_048054015.1		NZ_JAETNK010000001.1	723775	724326	+	satA	streptothricin N-acetyltransferase SatA	core	AMR	AMR	STREPTOTHRICIN	STREPTOTHRICIN	BLASTX	184	184	98.91	89.13	184	WP_000054744.1	streptothricin N-acetyltransferase SatA		
GCF_048054015.1		NZ_JAETNK010000001.1	981581	982351	-	bla2	BcII family subclass B1 metallo-beta-lactamase	core	AMR	AMR	BETA-LACTAM	CARBAPENEM	BLASTX	257	257	100.00	95.72	257	WP_063839879.1	BcII family subclass B1 metallo-beta-lactamase		
GCF_048054015.1		NZ_JAETNK010000002.1	601974	602387	+	fosB	FosBx1 family fosfomycin resistance bacillithiol transferase	core	AMR	AMR	FOSFOMYCIN	FOSFOMYCIN	BLASTX	138	138	100.00	98.55	138	WP_000943763.1	fosfomycin resistance bacillithiol transferase FosBx1		
GCF_048054055.1		NZ_JAEVMA010000004.1	181867	182634	-	bla2	BcII family subclass B1 metallo-beta-lactamase	core	AMR	AMR	BETA-LACTAM	CARBAPENEM	BLASTX	256	256	100.00	98.83	256	WP_000799232.1	BcII family subclass B1 metallo-beta-lactamase		
GCF_048054055.1		NZ_JAEVMA010000011.1	163789	164337	+	satA	streptothricin N-acetyltransferase SatA	core	AMR	AMR	STREPTOTHRICIN	STREPTOTHRICIN	BLASTX	183	184	99.46	89.62	183	WP_000054744.1	streptothricin N-acetyltransferase SatA		
GCF_048054055.1		NZ_JAEVMA010000013.1	52402	53262	-	mleBCA	BCA family alpha/beta fold macrolide esterase	core	AMR	AMR	MACROLIDE	TYLOSIN	BLASTX	287	287	100.00	95.12	287	WP_000140039.1	BCA family alpha/beta fold macrolide esterase		
GCF_048288325.1		NZ_CP133147.1	533832	534878	+	clbA	23S rRNA (adenine(2503)-C(8))-methyltransferase ClbA	core	AMR	AMR	LINCOSAMIDE/MACROLIDE/STREPTOGRAMIN	LINCOSAMIDE/MACROLIDE/STREPTOGRAMIN	BLASTX	349	349	100.00	99.43	349	WP_012116915.1	23S rRNA (adenine(2503)-C(8))-methyltransferase ClbA		
GCF_048288325.1		NZ_CP133147.1	2588448	2588966	-	satA	streptothricin N-acetyltransferase SatA	core	AMR	AMR	STREPTOTHRICIN	STREPTOTHRICIN	BLASTX	173	173	100.00	80.35	173	WP_003242546.1	streptothricin N-acetyltransferase SatA		
GCF_048288335.1		NZ_CP133320.1	533827	534873	+	clbA	23S rRNA (adenine(2503)-C(8))-methyltransferase ClbA	core	AMR	AMR	LINCOSAMIDE/MACROLIDE/STREPTOGRAMIN	LINCOSAMIDE/MACROLIDE/STREPTOGRAMIN	BLASTX	349	349	100.00	99.43	349	WP_012116915.1	23S rRNA (adenine(2503)-C(8))-methyltransferase ClbA		
GCF_048288335.1		NZ_CP133320.1	2549302	2549820	-	satA	streptothricin N-acetyltransferase SatA	core	AMR	AMR	STREPTOTHRICIN	STREPTOTHRICIN	BLASTX	173	173	100.00	80.35	173	WP_003242546.1	streptothricin N-acetyltransferase SatA		
GCF_048585445.1		NZ_CP183946.1	529927	530973	+	clbA	23S rRNA (adenine(2503)-C(8))-methyltransferase ClbA	core	AMR	AMR	LINCOSAMIDE/MACROLIDE/STREPTOGRAMIN	LINCOSAMIDE/MACROLIDE/STREPTOGRAMIN	BLASTX	349	349	100.00	97.42	349	WP_012116915.1	23S rRNA (adenine(2503)-C(8))-methyltransferase ClbA		
GCF_049059145.1		NZ_JBMGSB010000001.1	372518	373036	+	satA	streptothricin N-acetyltransferase SatA	core	AMR	AMR	STREPTOTHRICIN	STREPTOTHRICIN	BLASTX	173	173	100.00	80.35	173	WP_003242546.1	streptothricin N-acetyltransferase SatA		
GCF_049059145.1		NZ_JBMGSB010000005.1	52655	53701	-	clbA	23S rRNA (adenine(2503)-C(8))-methyltransferase ClbA	core	AMR	AMR	LINCOSAMIDE/MACROLIDE/STREPTOGRAMIN	LINCOSAMIDE/MACROLIDE/STREPTOGRAMIN	BLASTX	349	349	100.00	99.43	349	WP_012116915.1	23S rRNA (adenine(2503)-C(8))-methyltransferase ClbA		
GCF_049059205.1		NZ_JBMGSC010000001.1	372519	373037	+	satA	streptothricin N-acetyltransferase SatA	core	AMR	AMR	STREPTOTHRICIN	STREPTOTHRICIN	BLASTX	173	173	100.00	80.35	173	WP_003242546.1	streptothricin N-acetyltransferase SatA		
GCF_049059205.1		NZ_JBMGSC010000003.1	361556	362602	+	clbA	23S rRNA (adenine(2503)-C(8))-methyltransferase ClbA	core	AMR	AMR	LINCOSAMIDE/MACROLIDE/STREPTOGRAMIN	LINCOSAMIDE/MACROLIDE/STREPTOGRAMIN	BLASTX	349	349	100.00	99.43	349	WP_012116915.1	23S rRNA (adenine(2503)-C(8))-methyltransferase ClbA		
GCF_049059225.1		NZ_JBMGSD010000001.1	1686785	1687303	-	satA	streptothricin N-acetyltransferase SatA	core	AMR	AMR	STREPTOTHRICIN	STREPTOTHRICIN	BLASTX	173	173	100.00	80.35	173	WP_003242546.1	streptothricin N-acetyltransferase SatA		
GCF_049059225.1		NZ_JBMGSD010000003.1	52364	53410	-	clbA	23S rRNA (adenine(2503)-C(8))-methyltransferase ClbA	core	AMR	AMR	LINCOSAMIDE/MACROLIDE/STREPTOGRAMIN	LINCOSAMIDE/MACROLIDE/STREPTOGRAMIN	BLASTX	349	349	100.00	99.43	349	WP_012116915.1	23S rRNA (adenine(2503)-C(8))-methyltransferase ClbA		
GCF_049059245.1		NZ_JBMGSE010000001.1	371485	372003	+	satA	streptothricin N-acetyltransferase SatA	core	AMR	AMR	STREPTOTHRICIN	STREPTOTHRICIN	BLASTX	173	173	100.00	80.35	173	WP_003242546.1	streptothricin N-acetyltransferase SatA		
GCF_049059245.1		NZ_JBMGSE010000003.1	361566	362612	+	clbA	23S rRNA (adenine(2503)-C(8))-methyltransferase ClbA	core	AMR	AMR	LINCOSAMIDE/MACROLIDE/STREPTOGRAMIN	LINCOSAMIDE/MACROLIDE/STREPTOGRAMIN	BLASTX	349	349	100.00	99.43	349	WP_012116915.1	23S rRNA (adenine(2503)-C(8))-methyltransferase ClbA		
GCF_049059285.1		NZ_JBMGSF010000001.1	698359	699018	-	cat86	type A-6 chloramphenicol O-acetyltransferase Cat86	core	AMR	AMR	PHENICOL	CHLORAMPHENICOL	BLASTX	220	220	100.00	92.27	220	WP_050945244.1	type A-6 chloramphenicol O-acetyltransferase Cat86		
GCF_049059325.1		NZ_JBMGSG010000001.1	1660774	1661625	-	aadK	aminoglycoside 6-adenylyltransferase AadK	core	AMR	AMR	AMINOGLYCOSIDE	STREPTOMYCIN	BLASTX	284	284	100.00	98.24	284	WP_003229862.1	aminoglycoside 6-adenylyltransferase AadK		
GCF_049059325.1		NZ_JBMGSG010000002.1	998372	998890	-	satA	streptothricin N-acetyltransferase SatA	core	AMR	AMR	STREPTOTHRICIN	STREPTOTHRICIN	BLASTX	173	173	100.00	90.75	173	WP_003242546.1	streptothricin N-acetyltransferase SatA		
GCF_049059325.1		NZ_JBMGSG010000002.1	1000896	1002269	-	tet(L)	tetracycline efflux MFS transporter Tet(L)	core	AMR	AMR	TETRACYCLINE	TETRACYCLINE	BLASTX	458	458	100.00	98.91	458	WP_063856081.1	tetracycline efflux MFS transporter Tet(L)		
GCF_049059325.1		NZ_JBMGSG010000004.1	28816	30441	+	vmlR	ABC-F type ribosomal protection protein VmlR	core	AMR	AMR	LINCOSAMIDE/PLEUROMUTILIN/STREPTOGRAMIN	LINCOMYCIN/TIAMULIN/VIRGINIAMYCIN M	BLASTX	542	547	98.90	99.08	542	WP_003234144.1	ABC-F type ribosomal protection protein VmlR		
GCF_049059325.1		NZ_JBMGSG010000005.1	99289	100206	+	mphK	macrolide 2'-phosphotransferase MphK	core	AMR	AMR	MACROLIDE	TELITHROMYCIN/TYLOSIN	EXACTX	306	306	100.00	100.00	306	WP_003246254.1	macrolide 2'-phosphotransferase MphK		
GCF_049059365.1		NZ_JBMGSH010000001.1	1647054	1647572	-	satA	streptothricin N-acetyltransferase SatA	core	AMR	AMR	STREPTOTHRICIN	STREPTOTHRICIN	BLASTX	173	173	100.00	80.35	173	WP_003242546.1	streptothricin N-acetyltransferase SatA		
GCF_049059365.1		NZ_JBMGSH010000005.1	52364	53410	-	clbA	23S rRNA (adenine(2503)-C(8))-methyltransferase ClbA	core	AMR	AMR	LINCOSAMIDE/MACROLIDE/STREPTOGRAMIN	LINCOSAMIDE/MACROLIDE/STREPTOGRAMIN	BLASTX	349	349	100.00	99.43	349	WP_012116915.1	23S rRNA (adenine(2503)-C(8))-methyltransferase ClbA		
GCF_049059385.1		NZ_JBMGSI010000003.1	515892	516410	-	satA	streptothricin N-acetyltransferase SatA	core	AMR	AMR	STREPTOTHRICIN	STREPTOTHRICIN	BLASTX	173	173	100.00	80.35	173	WP_003242546.1	streptothricin N-acetyltransferase SatA		
GCF_049059385.1		NZ_JBMGSI010000006.1	52364	53410	-	clbA	23S rRNA (adenine(2503)-C(8))-methyltransferase ClbA	core	AMR	AMR	LINCOSAMIDE/MACROLIDE/STREPTOGRAMIN	LINCOSAMIDE/MACROLIDE/STREPTOGRAMIN	BLASTX	349	349	100.00	99.43	349	WP_012116915.1	23S rRNA (adenine(2503)-C(8))-methyltransferase ClbA		
GCF_049059425.1		NZ_JBMGSJ010000001.1	1686406	1686924	-	satA	streptothricin N-acetyltransferase SatA	core	AMR	AMR	STREPTOTHRICIN	STREPTOTHRICIN	BLASTX	173	173	100.00	80.35	173	WP_003242546.1	streptothricin N-acetyltransferase SatA		
GCF_049059425.1		NZ_JBMGSJ010000003.1	361556	362602	+	clbA	23S rRNA (adenine(2503)-C(8))-methyltransferase ClbA	core	AMR	AMR	LINCOSAMIDE/MACROLIDE/STREPTOGRAMIN	LINCOSAMIDE/MACROLIDE/STREPTOGRAMIN	BLASTX	349	349	100.00	99.43	349	WP_012116915.1	23S rRNA (adenine(2503)-C(8))-methyltransferase ClbA		
GCF_049059505.1		NZ_JBMGSK010000001.1	1686785	1687303	-	satA	streptothricin N-acetyltransferase SatA	core	AMR	AMR	STREPTOTHRICIN	STREPTOTHRICIN	BLASTX	173	173	100.00	80.35	173	WP_003242546.1	streptothricin N-acetyltransferase SatA		
GCF_049059505.1		NZ_JBMGSK010000003.1	361556	362602	+	clbA	23S rRNA (adenine(2503)-C(8))-methyltransferase ClbA	core	AMR	AMR	LINCOSAMIDE/MACROLIDE/STREPTOGRAMIN	LINCOSAMIDE/MACROLIDE/STREPTOGRAMIN	BLASTX	349	349	100.00	99.43	349	WP_012116915.1	23S rRNA (adenine(2503)-C(8))-methyltransferase ClbA		
GCF_049059525.1		NZ_JBMGSL010000001.1	372520	373038	+	satA	streptothricin N-acetyltransferase SatA	core	AMR	AMR	STREPTOTHRICIN	STREPTOTHRICIN	BLASTX	173	173	100.00	80.35	173	WP_003242546.1	streptothricin N-acetyltransferase SatA		
GCF_049059525.1		NZ_JBMGSL010000003.1	361556	362602	+	clbA	23S rRNA (adenine(2503)-C(8))-methyltransferase ClbA	core	AMR	AMR	LINCOSAMIDE/MACROLIDE/STREPTOGRAMIN	LINCOSAMIDE/MACROLIDE/STREPTOGRAMIN	BLASTX	349	349	100.00	99.43	349	WP_012116915.1	23S rRNA (adenine(2503)-C(8))-methyltransferase ClbA		
GCF_049060485.1		NZ_JBMGQX010000005.1	132037	132555	+	satA	streptothricin N-acetyltransferase SatA	core	AMR	AMR	STREPTOTHRICIN	STREPTOTHRICIN	BLASTX	173	173	100.00	78.03	173	WP_003242546.1	streptothricin N-acetyltransferase SatA		
GCF_049060485.1		NZ_JBMGQX010000011.1	72066	73112	+	clbA	23S rRNA (adenine(2503)-C(8))-methyltransferase ClbA	core	AMR	AMR	LINCOSAMIDE/MACROLIDE/STREPTOGRAMIN	LINCOSAMIDE/MACROLIDE/STREPTOGRAMIN	BLASTX	349	349	100.00	97.42	349	WP_012116915.1	23S rRNA (adenine(2503)-C(8))-methyltransferase ClbA		
GCF_049537935.1		NZ_JBMUMS010000003.1	195329	195847	-	satA	streptothricin N-acetyltransferase SatA	core	AMR	AMR	STREPTOTHRICIN	STREPTOTHRICIN	BLASTX	173	173	100.00	79.77	173	WP_003242546.1	streptothricin N-acetyltransferase SatA		
GCF_049537935.1		NZ_JBMUMS010000004.1	51272	52318	-	clbA	23S rRNA (adenine(2503)-C(8))-methyltransferase ClbA	core	AMR	AMR	LINCOSAMIDE/MACROLIDE/STREPTOGRAMIN	LINCOSAMIDE/MACROLIDE/STREPTOGRAMIN	BLASTX	349	349	100.00	97.13	349	WP_012116915.1	23S rRNA (adenine(2503)-C(8))-methyltransferase ClbA		
GCF_049542595.1		NZ_JBMYHN010000001.1	309016	309669	+	cat86	type A-6 chloramphenicol O-acetyltransferase Cat86	core	AMR	AMR	PHENICOL	CHLORAMPHENICOL	BLASTX	218	220	99.09	91.28	218	WP_050945244.1	type A-6 chloramphenicol O-acetyltransferase Cat86		
GCF_049544895.1		NZ_CP186704.1	533838	534884	+	clbA	23S rRNA (adenine(2503)-C(8))-methyltransferase ClbA	core	AMR	AMR	LINCOSAMIDE/MACROLIDE/STREPTOGRAMIN	LINCOSAMIDE/MACROLIDE/STREPTOGRAMIN	BLASTX	349	349	100.00	99.43	349	WP_012116915.1	23S rRNA (adenine(2503)-C(8))-methyltransferase ClbA		
GCF_049544895.1		NZ_CP186704.1	2554651	2555169	-	satA	streptothricin N-acetyltransferase SatA	core	AMR	AMR	STREPTOTHRICIN	STREPTOTHRICIN	BLASTX	173	173	100.00	80.35	173	WP_003242546.1	streptothricin N-acetyltransferase SatA		
GCF_049801175.1		NZ_JBCGBC010000005.1	78196	79116	+	blaP	class A beta-lactamase BlaP	core	AMR	AMR	BETA-LACTAM	BETA-LACTAM	EXACTX	307	307	100.00	100.00	307	WP_003178584.1	class A beta-lactamase BlaP		
GCF_049803375.1		NZ_JBEFMF010000002.1	39995	40513	+	satA	streptothricin N-acetyltransferase SatA	core	AMR	AMR	STREPTOTHRICIN	STREPTOTHRICIN	BLASTX	173	173	100.00	92.49	173	WP_003242546.1	streptothricin N-acetyltransferase SatA		
GCF_049803375.1		NZ_JBEFMF010000006.1	435349	436200	+	aadK	aminoglycoside 6-adenylyltransferase AadK	core	AMR	AMR	AMINOGLYCOSIDE	STREPTOMYCIN	BLASTX	284	284	100.00	98.59	284	WP_003229862.1	aminoglycoside 6-adenylyltransferase AadK		
GCF_049803375.1		NZ_JBEFMF010000007.1	31606	33249	+	vmlR	ABC-F type ribosomal protection protein VmlR	core	AMR	AMR	LINCOSAMIDE/PLEUROMUTILIN/STREPTOGRAMIN	LINCOMYCIN/TIAMULIN/VIRGINIAMYCIN M	BLASTX	548	547	100.00	98.91	548	WP_003234144.1	ABC-F type ribosomal protection protein VmlR		
GCF_049803375.1		NZ_JBEFMF010000007.1	358729	359646	-	mphK	macrolide 2'-phosphotransferase MphK	core	AMR	AMR	MACROLIDE	TELITHROMYCIN/TYLOSIN	BLASTX	306	306	100.00	98.37	306	WP_003246254.1	macrolide 2'-phosphotransferase MphK		
GCF_049803395.1		NZ_JBCJFH010000013.1	84505	85023	+	satA	streptothricin N-acetyltransferase SatA	core	AMR	AMR	STREPTOTHRICIN	STREPTOTHRICIN	BLASTX	173	173	100.00	79.77	173	WP_003242546.1	streptothricin N-acetyltransferase SatA		
GCF_049810385.1		NZ_CP187374.1	543082	544128	+	clbA	23S rRNA (adenine(2503)-C(8))-methyltransferase ClbA	core	AMR	AMR	LINCOSAMIDE/MACROLIDE/STREPTOGRAMIN	LINCOSAMIDE/MACROLIDE/STREPTOGRAMIN	BLASTX	349	349	100.00	99.71	349	WP_012116915.1	23S rRNA (adenine(2503)-C(8))-methyltransferase ClbA		
GCF_049810385.1		NZ_CP187374.1	2595138	2595656	-	satA	streptothricin N-acetyltransferase SatA	core	AMR	AMR	STREPTOTHRICIN	STREPTOTHRICIN	BLASTX	173	173	100.00	79.19	173	WP_003242546.1	streptothricin N-acetyltransferase SatA		
GCF_049819585.1		NZ_CP187421.1	533838	534884	+	clbA	23S rRNA (adenine(2503)-C(8))-methyltransferase ClbA	core	AMR	AMR	LINCOSAMIDE/MACROLIDE/STREPTOGRAMIN	LINCOSAMIDE/MACROLIDE/STREPTOGRAMIN	BLASTX	349	349	100.00	99.43	349	WP_012116915.1	23S rRNA (adenine(2503)-C(8))-methyltransferase ClbA		
GCF_049819585.1		NZ_CP187421.1	2549314	2549832	-	satA	streptothricin N-acetyltransferase SatA	core	AMR	AMR	STREPTOTHRICIN	STREPTOTHRICIN	BLASTX	173	173	100.00	80.35	173	WP_003242546.1	streptothricin N-acetyltransferase SatA		
GCF_049860545.1		NZ_CP187577.1	275437	276354	+	mphK	macrolide 2'-phosphotransferase MphK	core	AMR	AMR	MACROLIDE	TELITHROMYCIN/TYLOSIN	EXACTX	306	306	100.00	100.00	306	WP_003246254.1	macrolide 2'-phosphotransferase MphK		
GCF_049860545.1		NZ_CP187577.1	604336	605976	-	vmlR	ABC-F type ribosomal protection protein VmlR	core	AMR	AMR	LINCOSAMIDE/PLEUROMUTILIN/STREPTOGRAMIN	LINCOMYCIN/TIAMULIN/VIRGINIAMYCIN M	EXACTX	547	547	100.00	100.00	547	WP_003234144.1	ABC-F type ribosomal protection protein VmlR		
GCF_049860545.1		NZ_CP187577.1	2730912	2731763	-	aadK	aminoglycoside 6-adenylyltransferase AadK	core	AMR	AMR	AMINOGLYCOSIDE	STREPTOMYCIN	EXACTX	284	284	100.00	100.00	284	WP_003229862.1	aminoglycoside 6-adenylyltransferase AadK		
GCF_049860545.1		NZ_CP187577.1	4180418	4180936	-	satA	streptothricin N-acetyltransferase SatA	core	AMR	AMR	STREPTOTHRICIN	STREPTOTHRICIN	EXACTX	173	173	100.00	100.00	173	WP_003242546.1	streptothricin N-acetyltransferase SatA		
GCF_049860545.1		NZ_CP187577.1	4182939	4184312	-	tet(L)	tetracycline efflux MFS transporter Tet(L)	core	AMR	AMR	TETRACYCLINE	TETRACYCLINE	EXACTX	458	458	100.00	100.00	458	WP_003242953.1	tetracycline efflux MFS transporter Tet(L)		
GCF_049942705.1		NZ_CP187936.1	507693	508739	+	clbA	23S rRNA (adenine(2503)-C(8))-methyltransferase ClbA	core	AMR	AMR	LINCOSAMIDE/MACROLIDE/STREPTOGRAMIN	LINCOSAMIDE/MACROLIDE/STREPTOGRAMIN	BLASTX	349	349	100.00	97.42	349	WP_012116915.1	23S rRNA (adenine(2503)-C(8))-methyltransferase ClbA		
GCF_049942705.1		NZ_CP187936.1	2556985	2557503	-	satA	streptothricin N-acetyltransferase SatA	core	AMR	AMR	STREPTOTHRICIN	STREPTOTHRICIN	BLASTX	173	173	100.00	79.77	173	WP_003242546.1	streptothricin N-acetyltransferase SatA		
GCF_049944735.1		NZ_JBNFUO010000001.1	1695287	1695805	-	satA	streptothricin N-acetyltransferase SatA	core	AMR	AMR	STREPTOTHRICIN	STREPTOTHRICIN	BLASTX	173	173	100.00	80.92	173	WP_003242546.1	streptothricin N-acetyltransferase SatA		
GCF_049944735.1		NZ_JBNFUO010000007.1	57213	58259	-	clbA	23S rRNA (adenine(2503)-C(8))-methyltransferase ClbA	core	AMR	AMR	LINCOSAMIDE/MACROLIDE/STREPTOGRAMIN	LINCOSAMIDE/MACROLIDE/STREPTOGRAMIN	BLASTX	349	349	100.00	97.42	349	WP_012116915.1	23S rRNA (adenine(2503)-C(8))-methyltransferase ClbA		
GCF_049949115.1		NZ_CP188185.1	1153650	1154306	+	cat86	type A-6 chloramphenicol O-acetyltransferase Cat86	core	AMR	AMR	PHENICOL	CHLORAMPHENICOL	BLASTX	219	220	100.00	90.91	220	WP_050945244.1	type A-6 chloramphenicol O-acetyltransferase Cat86		
GCF_049990405.1		NZ_CP188217.1	259575	260495	+	blaP	class A beta-lactamase BlaP	core	AMR	AMR	BETA-LACTAM	BETA-LACTAM	EXACTX	307	307	100.00	100.00	307	WP_003178584.1	class A beta-lactamase BlaP		
GCF_049990405.1		NZ_CP188217.1	2767474	2768334	+	erm(D)	23S rRNA (adenine(2058)-N(6))-methyltransferase Erm(D)	core	AMR	AMR	LINCOSAMIDE/MACROLIDE/STREPTOGRAMIN	ERYTHROMYCIN/LINCOSAMIDE/STREPTOGRAMIN	EXACTX	287	287	100.00	100.00	287	WP_003183781.1	23S rRNA (adenine(2058)-N(6))-methyltransferase Erm(D)		
GCF_050017575.1		NZ_JBNGUM010000001.1	417802	418653	+	aadK	aminoglycoside 6-adenylyltransferase AadK	core	AMR	AMR	AMINOGLYCOSIDE	STREPTOMYCIN	BLASTX	284	284	100.00	93.66	284	WP_003229862.1	aminoglycoside 6-adenylyltransferase AadK		
GCF_050017575.1		NZ_JBNGUM010000002.1	1023942	1024460	-	satA	streptothricin N-acetyltransferase SatA	core	AMR	AMR	STREPTOTHRICIN	STREPTOTHRICIN	BLASTX	173	173	100.00	98.27	173	WP_003242546.1	streptothricin N-acetyltransferase SatA		
GCF_050017575.1		NZ_JBNGUM010000002.1	1026477	1027850	-	tet(L)	tetracycline efflux MFS transporter Tet(L)	core	AMR	AMR	TETRACYCLINE	TETRACYCLINE	BLASTX	458	458	100.00	96.51	458	WP_003242953.1	tetracycline efflux MFS transporter Tet(L)		
GCF_050017575.1		NZ_JBNGUM010000003.1	28479	30116	+	vmlR	ABC-F type ribosomal protection protein VmlR	core	AMR	AMR	LINCOSAMIDE/PLEUROMUTILIN/STREPTOGRAMIN	LINCOMYCIN/TIAMULIN/VIRGINIAMYCIN M	BLASTX	546	547	99.82	95.42	546	WP_003234144.1	ABC-F type ribosomal protection protein VmlR		
GCF_050017575.1		NZ_JBNGUM010000003.1	357060	357977	-	mphK	macrolide 2'-phosphotransferase MphK	core	AMR	AMR	MACROLIDE	TELITHROMYCIN/TYLOSIN	BLASTX	306	306	100.00	91.50	306	WP_003246254.1	macrolide 2'-phosphotransferase MphK		
GCF_050106615.1		NZ_JBNIIT010000005.1	37777	38295	-	satA	streptothricin N-acetyltransferase SatA	core	AMR	AMR	STREPTOTHRICIN	STREPTOTHRICIN	BLASTX	173	173	100.00	78.61	173	WP_003242546.1	streptothricin N-acetyltransferase SatA		
GCF_050106615.1		NZ_JBNIIT010000009.1	172741	173787	+	clbA	23S rRNA (adenine(2503)-C(8))-methyltransferase ClbA	core	AMR	AMR	LINCOSAMIDE/MACROLIDE/STREPTOGRAMIN	LINCOSAMIDE/MACROLIDE/STREPTOGRAMIN	BLASTX	349	349	100.00	99.71	349	WP_012116915.1	23S rRNA (adenine(2503)-C(8))-methyltransferase ClbA		
GCF_050209365.1		NZ_CP189792.1	1891107	1891520	+	fosB	FosBx1 family fosfomycin resistance bacillithiol transferase	core	AMR	AMR	FOSFOMYCIN	FOSFOMYCIN	BLASTX	138	138	100.00	90.58	138	WP_000943763.1	fosfomycin resistance bacillithiol transferase FosBx1		
GCF_050209365.1		NZ_CP189792.1	2342483	2343400	+	bla	class A beta-lactamase Bla1	core	AMR	AMR	BETA-LACTAM	BETA-LACTAM	BLASTX	306	306	100.00	90.52	306	WP_063842248.1	class A beta-lactamase Bla1		
GCF_050209365.1		NZ_CP189792.1	3331200	3331970	-	bla2	BcII family subclass B1 metallo-beta-lactamase	core	AMR	AMR	BETA-LACTAM	CARBAPENEM	BLASTX	257	257	100.00	94.55	257	WP_012261328.1	BcII family subclass B1 metallo-beta-lactamase		
GCF_050209365.1		NZ_CP189794.1	134042	134455	+	fosB	FosB family fosfomycin resistance bacillithiol transferase	core	AMR	AMR	FOSFOMYCIN	FOSFOMYCIN	BLASTX	138	138	100.00	95.65	138	WP_063851229.1	FosB family fosfomycin resistance bacillithiol transferase		
GCF_050210445.1		NZ_CP189817.1	1934779	1935192	+	fosB	FosBx1 family fosfomycin resistance bacillithiol transferase	core	AMR	AMR	FOSFOMYCIN	FOSFOMYCIN	BLASTX	138	138	100.00	90.58	138	WP_000943763.1	fosfomycin resistance bacillithiol transferase FosBx1		
GCF_050210445.1		NZ_CP189817.1	2358025	2358942	+	bla	class A beta-lactamase Bla1	core	AMR	AMR	BETA-LACTAM	BETA-LACTAM	BLASTX	306	306	100.00	91.83	306	WP_063842248.1	class A beta-lactamase Bla1		
GCF_050210445.1		NZ_CP189817.1	3002331	3002876	+	satA	streptothricin N-acetyltransferase SatA	core	AMR	AMR	STREPTOTHRICIN	STREPTOTHRICIN	BLASTX	182	184	98.91	92.31	182	WP_000054744.1	streptothricin N-acetyltransferase SatA		
GCF_050210445.1		NZ_CP189817.1	3265885	3266655	-	bla2	BcII family subclass B1 metallo-beta-lactamase	core	AMR	AMR	BETA-LACTAM	CARBAPENEM	BLASTX	257	257	100.00	95.33	257	WP_012261328.1	BcII family subclass B1 metallo-beta-lactamase		
GCF_050410745.1		NZ_CP191233.1	545016	546062	+	clbA	23S rRNA (adenine(2503)-C(8))-methyltransferase ClbA	core	AMR	AMR	LINCOSAMIDE/MACROLIDE/STREPTOGRAMIN	LINCOSAMIDE/MACROLIDE/STREPTOGRAMIN	BLASTX	349	349	100.00	97.42	349	WP_012116915.1	23S rRNA (adenine(2503)-C(8))-methyltransferase ClbA		
GCF_050410745.1		NZ_CP191233.1	2580789	2581307	-	satA	streptothricin N-acetyltransferase SatA	core	AMR	AMR	STREPTOTHRICIN	STREPTOTHRICIN	BLASTX	173	173	100.00	80.35	173	WP_003242546.1	streptothricin N-acetyltransferase SatA		
GCF_050445505.1		NZ_JBDXMT010000001.1	1666747	1667265	-	satA	streptothricin N-acetyltransferase SatA	core	AMR	AMR	STREPTOTHRICIN	STREPTOTHRICIN	BLASTX	173	173	100.00	80.35	173	WP_003242546.1	streptothricin N-acetyltransferase SatA		
GCF_050445545.1		NZ_JBDXMU010000001.1	429222	430082	-	erm(D)	23S rRNA (adenine(2058)-N(6))-methyltransferase Erm(D)	core	AMR	AMR	LINCOSAMIDE/MACROLIDE/STREPTOGRAMIN	ERYTHROMYCIN/LINCOSAMIDE/STREPTOGRAMIN	BLASTX	287	287	100.00	99.65	287	WP_003183781.1	23S rRNA (adenine(2058)-N(6))-methyltransferase Erm(D)		
GCF_050445545.1		NZ_JBDXMU010000003.1	379588	380508	-	blaP	class A beta-lactamase BlaP	core	AMR	AMR	BETA-LACTAM	BETA-LACTAM	EXACTX	307	307	100.00	100.00	307	WP_023857755.1	class A beta-lactamase BlaP		
GCF_050445565.1		NZ_JBBULW010000002.1	35059	35418	+	emrC	multidrug efflux transporter outer membrane subunit EmrC	plus	AMR	AMR	QUATERNARY AMMONIUM	QUATERNARY AMMONIUM	BLASTX	120	128	93.75	80.00	120	EAC4468893.1	multidrug efflux transporter outer membrane subunit EmrC		
GCF_050445565.1		NZ_JBBULW010000003.1	376573	377091	+	satA	streptothricin N-acetyltransferase SatA	core	AMR	AMR	STREPTOTHRICIN	STREPTOTHRICIN	BLASTX	173	173	100.00	79.19	173	WP_003242546.1	streptothricin N-acetyltransferase SatA		
GCF_050445615.1		NZ_JBCEYV010000004.1	78085	78987	+	mphK	macrolide 2'-phosphotransferase MphK	core	AMR	AMR	MACROLIDE	TELITHROMYCIN/TYLOSIN	BLASTX	301	306	98.37	88.37	301	WP_003246254.1	macrolide 2'-phosphotransferase MphK		
GCF_050462765.1		NZ_JBCMQH010000006.1	132960	133880	-	blaP	class A beta-lactamase BlaP	core	AMR	AMR	BETA-LACTAM	BETA-LACTAM	EXACTX	307	307	100.00	100.00	307	WP_023857755.1	class A beta-lactamase BlaP		
GCF_050462765.1		NZ_JBCMQH010000021.1	115817	116677	-	erm(D)	23S rRNA (adenine(2058)-N(6))-methyltransferase Erm(D)	core	AMR	AMR	LINCOSAMIDE/MACROLIDE/STREPTOGRAMIN	ERYTHROMYCIN/LINCOSAMIDE/STREPTOGRAMIN	BLASTX	287	287	100.00	97.91	287	WP_003183781.1	23S rRNA (adenine(2058)-N(6))-methyltransferase Erm(D)		
GCF_050464625.1		NZ_JBCMRZ010000001.1	1468	2232	+	bla2	BcII family subclass B1 metallo-beta-lactamase	core	AMR	AMR	BETA-LACTAM	CARBAPENEM	BLASTX	255	256	99.61	92.16	255	WP_000799232.1	BcII family subclass B1 metallo-beta-lactamase		
GCF_050464625.1		NZ_JBCMRZ010000070.1	402	956	+	satA	streptothricin N-acetyltransferase SatA	core	AMR	AMR	STREPTOTHRICIN	STREPTOTHRICIN	BLASTX	185	184	99.46	85.95	185	WP_000054744.1	streptothricin N-acetyltransferase SatA		
GCF_050464625.1		NZ_JBCMRZ010000110.1	39615	40532	+	bla	class A beta-lactamase Bla1	core	AMR	AMR	BETA-LACTAM	BETA-LACTAM	BLASTX	306	306	100.00	90.85	306	WP_003171307.1	class A beta-lactamase Bla1		
GCF_050464625.1		NZ_JBCMRZ010000152.1	133	825	+	vanR-A	vancomycin resistance response regulator transcription factor VanR-A	core	AMR	AMR	GLYCOPEPTIDE	VANCOMYCIN	BLASTX	231	231	100.00	91.77	231	WP_063856721.1	vancomycin resistance response regulator transcription factor VanR-A		
GCF_050464625.1		NZ_JBCMRZ010000268.1	3743	4603	+	mleBCA	BCA family alpha/beta fold macrolide esterase	core	AMR	AMR	MACROLIDE	TYLOSIN	BLASTX	287	287	100.00	95.12	287	WP_000140039.1	BCA family alpha/beta fold macrolide esterase		
GCF_050510835.1		NZ_JBNKII010000003.1	109251	110168	-	bla	class A beta-lactamase Bla1	core	AMR	AMR	BETA-LACTAM	BETA-LACTAM	BLASTX	306	306	100.00	92.16	306	WP_003171307.1	class A beta-lactamase Bla1		
GCF_050510875.1		NZ_JBNKIH010000004.1	79214	79990	+	bla2	BcII family subclass B1 metallo-beta-lactamase	core	AMR	AMR	BETA-LACTAM	CARBAPENEM	BLASTX	259	257	100.00	93.05	259	WP_063839879.1	BcII family subclass B1 metallo-beta-lactamase		
GCF_050510875.1		NZ_JBNKIH010000005.1	162645	163058	-	fosB	FosBx1 family fosfomycin resistance bacillithiol transferase	core	AMR	AMR	FOSFOMYCIN	FOSFOMYCIN	BLASTX	138	138	100.00	98.55	138	WP_000943763.1	fosfomycin resistance bacillithiol transferase FosBx1		
GCF_050510875.1		NZ_JBNKIH010000013.1	16871	17788	+	bla	class A beta-lactamase Bla1	core	AMR	AMR	BETA-LACTAM	BETA-LACTAM	BLASTX	306	306	100.00	96.08	306	WP_063842248.1	class A beta-lactamase Bla1		
GCF_050510875.1		NZ_JBNKIH010000015.1	92912	93463	+	satA	streptothricin N-acetyltransferase SatA	core	AMR	AMR	STREPTOTHRICIN	STREPTOTHRICIN	BLASTX	184	184	98.91	89.67	184	WP_000054744.1	streptothricin N-acetyltransferase SatA		
GCF_050510875.1		NZ_JBNKIH010000021.1	22059	23006	-	blaIII	class A beta-lactamase BlaIII	core	AMR	AMR	BETA-LACTAM	BETA-LACTAM	BLASTX	316	316	100.00	99.68	316	WP_000497840.1	class A beta-lactamase BlaIII		
GCF_050510875.1		NZ_JBNKIH010000025.1	12489	13649	-	vanS-Pt	vancomycin resistance histidine kinase VanS-Pt	core	AMR	AMR	GLYCOPEPTIDE	VANCOMYCIN	BLASTX	387	388	99.74	90.70	387	WP_063856742.1	vancomycin resistance histidine kinase VanS-Pt		
GCF_050510875.1		NZ_JBNKIH010000025.1	13633	14325	-	vanR-A	vancomycin resistance response regulator transcription factor VanR-A	core	AMR	AMR	GLYCOPEPTIDE	VANCOMYCIN	BLASTX	231	231	100.00	93.07	231	WP_063856721.1	vancomycin resistance response regulator transcription factor VanR-A		
GCF_050574115.1		NZ_CP192252.1	673770	674570	+	blaBAT	BAT family class D beta-lactamase	core	AMR	AMR	BETA-LACTAM	BETA-LACTAM	BLASTX	267	268	99.63	96.63	267	WP_003328240.1	class D beta-lactamase BAT-1		
GCF_050574115.1		NZ_CP192252.1	1964004	1964522	+	satA	streptothricin N-acetyltransferase SatA	core	AMR	AMR	STREPTOTHRICIN	STREPTOTHRICIN	BLASTX	173	173	100.00	80.92	173	WP_003242546.1	streptothricin N-acetyltransferase SatA		
GCF_050821995.1		NZ_CP084485.1	533488	534534	+	clbA	23S rRNA (adenine(2503)-C(8))-methyltransferase ClbA	core	AMR	AMR	LINCOSAMIDE/MACROLIDE/STREPTOGRAMIN	LINCOSAMIDE/MACROLIDE/STREPTOGRAMIN	BLASTX	349	349	100.00	99.43	349	WP_012116915.1	23S rRNA (adenine(2503)-C(8))-methyltransferase ClbA		
GCF_050821995.1		NZ_CP084485.1	2548959	2549477	-	satA	streptothricin N-acetyltransferase SatA	core	AMR	AMR	STREPTOTHRICIN	STREPTOTHRICIN	BLASTX	173	173	100.00	80.35	173	WP_003242546.1	streptothricin N-acetyltransferase SatA		
GCF_050858825.1		NZ_CP193930.1	1197889	1198545	+	cat86	type A-6 chloramphenicol O-acetyltransferase Cat86	core	AMR	AMR	PHENICOL	CHLORAMPHENICOL	BLASTX	219	220	100.00	90.91	220	WP_050945244.1	type A-6 chloramphenicol O-acetyltransferase Cat86		
GCF_050858875.1		NZ_CP193928.1	295896	296798	+	mphK	macrolide 2'-phosphotransferase MphK	core	AMR	AMR	MACROLIDE	TELITHROMYCIN/TYLOSIN	BLASTX	301	306	98.37	87.71	301	WP_003246254.1	macrolide 2'-phosphotransferase MphK		
GCF_050858875.1		NZ_CP193928.1	570394	570912	+	satA	streptothricin N-acetyltransferase SatA	core	AMR	AMR	STREPTOTHRICIN	STREPTOTHRICIN	BLASTX	173	173	100.00	83.82	173	WP_003242546.1	streptothricin N-acetyltransferase SatA		
GCF_050858875.1		NZ_CP193928.1	605109	606749	-	vmlR	ABC-F type ribosomal protection protein VmlR	core	AMR	AMR	LINCOSAMIDE/PLEUROMUTILIN/STREPTOGRAMIN	LINCOMYCIN/TIAMULIN/VIRGINIAMYCIN M	BLASTX	547	547	100.00	91.22	547	WP_003234144.1	ABC-F type ribosomal protection protein VmlR		
GCF_050908125.1		NZ_CP194229.1	2605888	2606406	-	satA	streptothricin N-acetyltransferase SatA	core	AMR	AMR	STREPTOTHRICIN	STREPTOTHRICIN	BLASTX	173	173	100.00	79.77	173	WP_003242546.1	streptothricin N-acetyltransferase SatA		
GCF_050909115.1		NZ_CP069387.1	521996	523042	+	clbA	23S rRNA (adenine(2503)-C(8))-methyltransferase ClbA	core	AMR	AMR	LINCOSAMIDE/MACROLIDE/STREPTOGRAMIN	LINCOSAMIDE/MACROLIDE/STREPTOGRAMIN	BLASTX	349	349	100.00	97.42	349	WP_012116915.1	23S rRNA (adenine(2503)-C(8))-methyltransferase ClbA		
GCF_050909115.1		NZ_CP069387.1	2562898	2563416	-	satA	streptothricin N-acetyltransferase SatA	core	AMR	AMR	STREPTOTHRICIN	STREPTOTHRICIN	BLASTX	173	173	100.00	79.77	173	WP_003242546.1	streptothricin N-acetyltransferase SatA		
GCF_051027385.1		NZ_CP186314.1	1988001	1988411	+	fosB	FosBx1 family fosfomycin resistance bacillithiol transferase	core	AMR	AMR	FOSFOMYCIN	FOSFOMYCIN	BLASTX	137	138	99.28	94.89	137	WP_000943763.1	fosfomycin resistance bacillithiol transferase FosBx1		
GCF_051027385.1		NZ_CP186314.1	2389604	2390521	+	bla	class A beta-lactamase Bla1	core	AMR	AMR	BETA-LACTAM	BETA-LACTAM	BLASTX	306	306	100.00	91.50	306	WP_003171307.1	class A beta-lactamase Bla1		
GCF_051027385.1		NZ_CP186314.1	2982866	2983417	+	satA	streptothricin N-acetyltransferase SatA	core	AMR	AMR	STREPTOTHRICIN	STREPTOTHRICIN	BLASTX	184	184	98.91	87.50	184	WP_000054744.1	streptothricin N-acetyltransferase SatA		
GCF_051027385.1		NZ_CP186314.1	3129080	3129931	-	mleBCB	BCB family alpha/beta fold macrolide esterase	core	AMR	AMR	MACROLIDE	TYLOSIN	BLASTX	284	287	100.00	98.26	287	WP_459076516.1	BCB family alpha/beta fold macrolide esterase		
GCF_051027385.1		NZ_CP186314.1	3271159	3271929	-	bla2	BcII family subclass B1 metallo-beta-lactamase	core	AMR	AMR	BETA-LACTAM	CARBAPENEM	BLASTX	257	257	100.00	92.61	257	WP_012261328.1	BcII family subclass B1 metallo-beta-lactamase		
GCF_051027395.1		NZ_CP186316.1	1922015	1922428	+	fosB	FosBx1 family fosfomycin resistance bacillithiol transferase	core	AMR	AMR	FOSFOMYCIN	FOSFOMYCIN	BLASTX	138	138	100.00	95.65	138	WP_000943763.1	fosfomycin resistance bacillithiol transferase FosBx1		
GCF_051027395.1		NZ_CP186316.1	2377877	2378794	+	bla	class A beta-lactamase Bla1	core	AMR	AMR	BETA-LACTAM	BETA-LACTAM	BLASTX	306	306	100.00	95.42	306	WP_063842248.1	class A beta-lactamase Bla1		
GCF_051027395.1		NZ_CP186316.1	2953825	2954376	+	satA	streptothricin N-acetyltransferase SatA	core	AMR	AMR	STREPTOTHRICIN	STREPTOTHRICIN	BLASTX	184	184	98.91	88.59	184	WP_000054744.1	streptothricin N-acetyltransferase SatA		
GCF_051027395.1		NZ_CP186316.1	3211569	3212339	-	bla2	BcII family subclass B1 metallo-beta-lactamase	core	AMR	AMR	BETA-LACTAM	CARBAPENEM	BLASTX	257	257	100.00	95.33	257	WP_063839879.1	BcII family subclass B1 metallo-beta-lactamase		
GCF_051027415.1		NZ_CP186321.1	1988007	1988417	+	fosB	FosBx1 family fosfomycin resistance bacillithiol transferase	core	AMR	AMR	FOSFOMYCIN	FOSFOMYCIN	BLASTX	137	138	99.28	94.89	137	WP_000943763.1	fosfomycin resistance bacillithiol transferase FosBx1		
GCF_051027415.1		NZ_CP186321.1	2389610	2390527	+	bla	class A beta-lactamase Bla1	core	AMR	AMR	BETA-LACTAM	BETA-LACTAM	BLASTX	306	306	100.00	91.50	306	WP_003171307.1	class A beta-lactamase Bla1		
GCF_051027415.1		NZ_CP186321.1	2982872	2983423	+	satA	streptothricin N-acetyltransferase SatA	core	AMR	AMR	STREPTOTHRICIN	STREPTOTHRICIN	BLASTX	184	184	98.91	87.50	184	WP_000054744.1	streptothricin N-acetyltransferase SatA		
GCF_051027415.1		NZ_CP186321.1	3129086	3129937	-	mleBCB	BCB family alpha/beta fold macrolide esterase	core	AMR	AMR	MACROLIDE	TYLOSIN	BLASTX	284	287	100.00	98.26	287	WP_459076516.1	BCB family alpha/beta fold macrolide esterase		
GCF_051027415.1		NZ_CP186321.1	3271165	3271935	-	bla2	BcII family subclass B1 metallo-beta-lactamase	core	AMR	AMR	BETA-LACTAM	CARBAPENEM	BLASTX	257	257	100.00	92.61	257	WP_012261328.1	BcII family subclass B1 metallo-beta-lactamase		
GCF_051175615.1		NZ_CP195130.1	539781	540827	+	clbA	23S rRNA (adenine(2503)-C(8))-methyltransferase ClbA	core	AMR	AMR	LINCOSAMIDE/MACROLIDE/STREPTOGRAMIN	LINCOSAMIDE/MACROLIDE/STREPTOGRAMIN	BLASTX	349	349	100.00	99.43	349	WP_012116915.1	23S rRNA (adenine(2503)-C(8))-methyltransferase ClbA		
GCF_051175615.1		NZ_CP195130.1	2555257	2555775	-	satA	streptothricin N-acetyltransferase SatA	core	AMR	AMR	STREPTOTHRICIN	STREPTOTHRICIN	BLASTX	173	173	100.00	80.35	173	WP_003242546.1	streptothricin N-acetyltransferase SatA		
GCF_051192595.1		NZ_JBPJSK010000001.1	436123	436974	+	aadK	aminoglycoside 6-adenylyltransferase AadK	core	AMR	AMR	AMINOGLYCOSIDE	STREPTOMYCIN	BLASTX	284	284	100.00	98.59	284	WP_003229862.1	aminoglycoside 6-adenylyltransferase AadK		
GCF_051192595.1		NZ_JBPJSK010000002.1	34476	35849	+	tet(L)	tetracycline efflux MFS transporter Tet(L)	core	AMR	AMR	TETRACYCLINE	TETRACYCLINE	BLASTX	458	458	100.00	99.34	458	WP_063856081.1	tetracycline efflux MFS transporter Tet(L)		
GCF_051192595.1		NZ_JBPJSK010000002.1	37862	38380	+	satA	streptothricin N-acetyltransferase SatA	core	AMR	AMR	STREPTOTHRICIN	STREPTOTHRICIN	BLASTX	173	173	100.00	90.17	173	WP_003242546.1	streptothricin N-acetyltransferase SatA		
GCF_051192595.1		NZ_JBPJSK010000004.1	100383	101300	+	mphK	macrolide 2'-phosphotransferase MphK	core	AMR	AMR	MACROLIDE	TELITHROMYCIN/TYLOSIN	BLASTX	306	306	100.00	98.04	306	WP_003246254.1	macrolide 2'-phosphotransferase MphK		
GCF_051192595.1		NZ_JBPJSK010000004.1	422122	423744	-	vmlR	ABC-F type ribosomal protection protein VmlR	core	AMR	AMR	LINCOSAMIDE/PLEUROMUTILIN/STREPTOGRAMIN	LINCOMYCIN/TIAMULIN/VIRGINIAMYCIN M	BLASTX	541	547	98.90	98.52	541	WP_003234144.1	ABC-F type ribosomal protection protein VmlR		
GCF_051472655.1		NZ_CP195800.1	530290	531336	+	clbA	23S rRNA (adenine(2503)-C(8))-methyltransferase ClbA	core	AMR	AMR	LINCOSAMIDE/MACROLIDE/STREPTOGRAMIN	LINCOSAMIDE/MACROLIDE/STREPTOGRAMIN	BLASTX	349	349	100.00	97.13	349	WP_012116915.1	23S rRNA (adenine(2503)-C(8))-methyltransferase ClbA		
GCF_051472655.1		NZ_CP195800.1	2566097	2566615	-	satA	streptothricin N-acetyltransferase SatA	core	AMR	AMR	STREPTOTHRICIN	STREPTOTHRICIN	BLASTX	173	173	100.00	80.35	173	WP_003242546.1	streptothricin N-acetyltransferase SatA		
GCF_051486545.1		NZ_JAHVET010000001.1	610925	611776	-	aadK	aminoglycoside 6-adenylyltransferase AadK	core	AMR	AMR	AMINOGLYCOSIDE	STREPTOMYCIN	BLASTX	284	284	100.00	97.54	284	WP_003229862.1	aminoglycoside 6-adenylyltransferase AadK		
GCF_051486545.1		NZ_JAHVET010000005.1	196420	198060	-	vmlR	ABC-F type ribosomal protection protein VmlR	core	AMR	AMR	LINCOSAMIDE/PLEUROMUTILIN/STREPTOGRAMIN	LINCOMYCIN/TIAMULIN/VIRGINIAMYCIN M	BLASTX	547	547	100.00	98.35	547	WP_003234144.1	ABC-F type ribosomal protection protein VmlR		
GCF_051486545.1		NZ_JAHVET010000006.1	98184	99101	+	mphK	macrolide 2'-phosphotransferase MphK	core	AMR	AMR	MACROLIDE	TELITHROMYCIN/TYLOSIN	BLASTX	306	306	100.00	97.71	306	WP_003246254.1	macrolide 2'-phosphotransferase MphK		
GCF_051486545.1		NZ_JAHVET010000008.1	143559	144077	-	satA	streptothricin N-acetyltransferase SatA	core	AMR	AMR	STREPTOTHRICIN	STREPTOTHRICIN	BLASTX	173	173	100.00	89.60	173	WP_003242546.1	streptothricin N-acetyltransferase SatA		
GCF_051486545.1		NZ_JAHVET010000008.1	146079	147452	-	tet(L)	tetracycline efflux MFS transporter Tet(L)	core	AMR	AMR	TETRACYCLINE	TETRACYCLINE	EXACTX	458	458	100.00	100.00	458	WP_003242953.1	tetracycline efflux MFS transporter Tet(L)		
GCF_051487145.1		NZ_JAHVDM010000001.1	687701	688552	-	aadK	aminoglycoside 6-adenylyltransferase AadK	core	AMR	AMR	AMINOGLYCOSIDE	STREPTOMYCIN	BLASTX	284	284	100.00	97.89	284	WP_003229862.1	aminoglycoside 6-adenylyltransferase AadK		
GCF_051487145.1		NZ_JAHVDM010000002.1	1034018	1034536	-	satA	streptothricin N-acetyltransferase SatA	core	AMR	AMR	STREPTOTHRICIN	STREPTOTHRICIN	BLASTX	173	173	100.00	94.22	173	WP_003242546.1	streptothricin N-acetyltransferase SatA		
GCF_051487145.1		NZ_JAHVDM010000005.1	189495	191117	-	vmlR	ABC-F type ribosomal protection protein VmlR	core	AMR	AMR	LINCOSAMIDE/PLEUROMUTILIN/STREPTOGRAMIN	LINCOMYCIN/TIAMULIN/VIRGINIAMYCIN M	BLASTX	541	547	98.90	96.86	541	WP_003234144.1	ABC-F type ribosomal protection protein VmlR		
GCF_051487145.1		NZ_JAHVDM010000006.1	107990	108898	-	mphK	macrolide 2'-phosphotransferase MphK	core	AMR	AMR	MACROLIDE	TELITHROMYCIN/TYLOSIN	BLASTX	303	306	99.02	99.01	303	WP_003246254.1	macrolide 2'-phosphotransferase MphK		
GCF_051487275.1		NZ_JAHVDF010000001.1	610925	611776	-	aadK	aminoglycoside 6-adenylyltransferase AadK	core	AMR	AMR	AMINOGLYCOSIDE	STREPTOMYCIN	BLASTX	284	284	100.00	97.54	284	WP_003229862.1	aminoglycoside 6-adenylyltransferase AadK		
GCF_051487275.1		NZ_JAHVDF010000005.1	196420	198060	-	vmlR	ABC-F type ribosomal protection protein VmlR	core	AMR	AMR	LINCOSAMIDE/PLEUROMUTILIN/STREPTOGRAMIN	LINCOMYCIN/TIAMULIN/VIRGINIAMYCIN M	BLASTX	547	547	100.00	98.35	547	WP_003234144.1	ABC-F type ribosomal protection protein VmlR		
GCF_051487275.1		NZ_JAHVDF010000006.1	98184	99101	+	mphK	macrolide 2'-phosphotransferase MphK	core	AMR	AMR	MACROLIDE	TELITHROMYCIN/TYLOSIN	BLASTX	306	306	100.00	97.71	306	WP_003246254.1	macrolide 2'-phosphotransferase MphK		
GCF_051487275.1		NZ_JAHVDF010000007.1	143559	144077	-	satA	streptothricin N-acetyltransferase SatA	core	AMR	AMR	STREPTOTHRICIN	STREPTOTHRICIN	BLASTX	173	173	100.00	89.60	173	WP_003242546.1	streptothricin N-acetyltransferase SatA		
GCF_051487275.1		NZ_JAHVDF010000007.1	146079	147452	-	tet(L)	tetracycline efflux MFS transporter Tet(L)	core	AMR	AMR	TETRACYCLINE	TETRACYCLINE	EXACTX	458	458	100.00	100.00	458	WP_003242953.1	tetracycline efflux MFS transporter Tet(L)		
GCF_051487365.1		NZ_JAHVDB010000001.1	608019	608870	-	aadK	aminoglycoside 6-adenylyltransferase AadK	core	AMR	AMR	AMINOGLYCOSIDE	STREPTOMYCIN	BLASTX	284	284	100.00	97.54	284	WP_003229862.1	aminoglycoside 6-adenylyltransferase AadK		
GCF_051487365.1		NZ_JAHVDB010000005.1	196408	198048	-	vmlR	ABC-F type ribosomal protection protein VmlR	core	AMR	AMR	LINCOSAMIDE/PLEUROMUTILIN/STREPTOGRAMIN	LINCOMYCIN/TIAMULIN/VIRGINIAMYCIN M	BLASTX	547	547	100.00	98.35	547	WP_003234144.1	ABC-F type ribosomal protection protein VmlR		
GCF_051487365.1		NZ_JAHVDB010000006.1	98184	99101	+	mphK	macrolide 2'-phosphotransferase MphK	core	AMR	AMR	MACROLIDE	TELITHROMYCIN/TYLOSIN	BLASTX	306	306	100.00	97.71	306	WP_003246254.1	macrolide 2'-phosphotransferase MphK		
GCF_051487365.1		NZ_JAHVDB010000008.1	143533	144051	-	satA	streptothricin N-acetyltransferase SatA	core	AMR	AMR	STREPTOTHRICIN	STREPTOTHRICIN	BLASTX	173	173	100.00	89.60	173	WP_003242546.1	streptothricin N-acetyltransferase SatA		
GCF_051487365.1		NZ_JAHVDB010000008.1	146053	147426	-	tet(L)	tetracycline efflux MFS transporter Tet(L)	core	AMR	AMR	TETRACYCLINE	TETRACYCLINE	EXACTX	458	458	100.00	100.00	458	WP_003242953.1	tetracycline efflux MFS transporter Tet(L)		
GCF_051487605.1		NZ_JAHVCP010000001.1	35700	36218	+	satA	streptothricin N-acetyltransferase SatA	core	AMR	AMR	STREPTOTHRICIN	STREPTOTHRICIN	BLASTX	173	173	100.00	83.24	173	WP_003242546.1	streptothricin N-acetyltransferase SatA		
GCF_051487605.1		NZ_JAHVCP010000009.1	96916	97833	+	mphK	macrolide 2'-phosphotransferase MphK	core	AMR	AMR	MACROLIDE	TELITHROMYCIN/TYLOSIN	BLASTX	306	306	100.00	81.05	306	WP_003246254.1	macrolide 2'-phosphotransferase MphK		
GCF_051487605.1		NZ_JAHVCP010000017.1	13655	15277	-	vmlR	ABC-F type ribosomal protection protein VmlR	core	AMR	AMR	LINCOSAMIDE/PLEUROMUTILIN/STREPTOGRAMIN	LINCOMYCIN/TIAMULIN/VIRGINIAMYCIN M	BLASTX	541	547	98.90	92.98	541	WP_003234144.1	ABC-F type ribosomal protection protein VmlR		
GCF_051549775.1		NZ_CP196162.1	2529353	2529871	-	satA	streptothricin N-acetyltransferase SatA	core	AMR	AMR	STREPTOTHRICIN	STREPTOTHRICIN	BLASTX	173	173	100.00	80.35	173	WP_003242546.1	streptothricin N-acetyltransferase SatA		
GCF_051550235.1		NZ_JBPULC010000004.1	15593	17233	+	vmlR	ABC-F type ribosomal protection protein VmlR	core	AMR	AMR	LINCOSAMIDE/PLEUROMUTILIN/STREPTOGRAMIN	LINCOMYCIN/TIAMULIN/VIRGINIAMYCIN M	INTERNAL_STOP	547	547	100.00	92.50	547	WP_003234144.1	ABC-F type ribosomal protection protein VmlR		
GCF_051550235.1		NZ_JBPULC010000012.1	98672	99589	+	mphK	macrolide 2'-phosphotransferase MphK	core	AMR	AMR	MACROLIDE	TELITHROMYCIN/TYLOSIN	BLASTX	306	306	100.00	86.27	306	WP_003246254.1	macrolide 2'-phosphotransferase MphK		
GCF_051810305.1		NZ_JBPWPC010000001.1	207460	208320	-	erm(D)	23S rRNA (adenine(2058)-N(6))-methyltransferase Erm(D)	core	AMR	AMR	LINCOSAMIDE/MACROLIDE/STREPTOGRAMIN	ERYTHROMYCIN/LINCOSAMIDE/STREPTOGRAMIN	EXACTX	287	287	100.00	100.00	287	WP_003183781.1	23S rRNA (adenine(2058)-N(6))-methyltransferase Erm(D)		
GCF_051810305.1		NZ_JBPWPC010000004.1	353932	354852	-	blaP	class A beta-lactamase BlaP	core	AMR	AMR	BETA-LACTAM	BETA-LACTAM	EXACTX	307	307	100.00	100.00	307	WP_003178584.1	class A beta-lactamase BlaP		
GCF_051853135.1		NZ_CP097497.1	1406010	1406528	+	satA	streptothricin N-acetyltransferase SatA	core	AMR	AMR	STREPTOTHRICIN	STREPTOTHRICIN	BLASTX	173	173	100.00	80.35	173	WP_003242546.1	streptothricin N-acetyltransferase SatA		
GCF_051853135.1		NZ_CP097497.1	3634858	3635904	-	clbA	23S rRNA (adenine(2503)-C(8))-methyltransferase ClbA	core	AMR	AMR	LINCOSAMIDE/MACROLIDE/STREPTOGRAMIN	LINCOSAMIDE/MACROLIDE/STREPTOGRAMIN	BLASTX	349	349	100.00	97.42	349	WP_012116915.1	23S rRNA (adenine(2503)-C(8))-methyltransferase ClbA		
GCF_051858235.2		NZ_JBPYGB030000001.1	1081743	1082261	-	satA	streptothricin N-acetyltransferase SatA	core	AMR	AMR	STREPTOTHRICIN	STREPTOTHRICIN	BLASTX	173	173	100.00	90.17	173	WP_003242546.1	streptothricin N-acetyltransferase SatA		
GCF_051858235.2		NZ_JBPYGB030000001.1	1084239	1085612	-	tet(L)	tetracycline efflux MFS transporter Tet(L)	core	AMR	AMR	TETRACYCLINE	TETRACYCLINE	BLASTX	458	458	100.00	99.13	458	WP_003242953.1	tetracycline efflux MFS transporter Tet(L)		
GCF_051858235.2		NZ_JBPYGB030000001.1	1376259	1377176	+	mphK	macrolide 2'-phosphotransferase MphK	core	AMR	AMR	MACROLIDE	TELITHROMYCIN/TYLOSIN	BLASTX	306	306	100.00	96.73	306	WP_003246254.1	macrolide 2'-phosphotransferase MphK		
GCF_051858235.2		NZ_JBPYGB030000001.1	1690323	1691966	-	vmlR	ABC-F type ribosomal protection protein VmlR	core	AMR	AMR	LINCOSAMIDE/PLEUROMUTILIN/STREPTOGRAMIN	LINCOMYCIN/TIAMULIN/VIRGINIAMYCIN M	BLASTX	548	547	100.00	98.18	548	WP_003234144.1	ABC-F type ribosomal protection protein VmlR		
GCF_051858235.2		NZ_JBPYGB030000001.1	3625209	3626060	-	aadK	aminoglycoside 6-adenylyltransferase AadK	core	AMR	AMR	AMINOGLYCOSIDE	STREPTOMYCIN	BLASTX	284	284	100.00	97.89	284	WP_003229862.1	aminoglycoside 6-adenylyltransferase AadK		
GCF_051904015.1		NZ_CP097499.1	436071	436922	+	aadK	aminoglycoside 6-adenylyltransferase AadK	core	AMR	AMR	AMINOGLYCOSIDE	STREPTOMYCIN	BLASTX	284	284	100.00	97.89	284	WP_003229862.1	aminoglycoside 6-adenylyltransferase AadK		
GCF_051904015.1		NZ_CP097499.1	524245	525618	+	tet(L)	tetracycline efflux MFS transporter Tet(L)	core	AMR	AMR	TETRACYCLINE	TETRACYCLINE	BLASTX	458	458	100.00	99.34	458	WP_063856081.1	tetracycline efflux MFS transporter Tet(L)		
GCF_051904015.1		NZ_CP097499.1	527588	528106	+	satA	streptothricin N-acetyltransferase SatA	core	AMR	AMR	STREPTOTHRICIN	STREPTOTHRICIN	BLASTX	173	173	100.00	94.22	173	WP_003242546.1	streptothricin N-acetyltransferase SatA		
GCF_051904015.1		NZ_CP097499.1	1819998	1820915	-	mphK	macrolide 2'-phosphotransferase MphK	core	AMR	AMR	MACROLIDE	TELITHROMYCIN/TYLOSIN	BLASTX	306	306	100.00	96.73	306	WP_003246254.1	macrolide 2'-phosphotransferase MphK		
GCF_051904015.1		NZ_CP097499.1	2146845	2148470	-	vmlR	ABC-F type ribosomal protection protein VmlR	core	AMR	AMR	LINCOSAMIDE/PLEUROMUTILIN/STREPTOGRAMIN	LINCOMYCIN/TIAMULIN/VIRGINIAMYCIN M	BLASTX	542	547	98.90	99.08	542	WP_003234144.1	ABC-F type ribosomal protection protein VmlR		
GCF_051904025.1		NZ_CP097500.1	269984	270901	+	mphK	macrolide 2'-phosphotransferase MphK	core	AMR	AMR	MACROLIDE	TELITHROMYCIN/TYLOSIN	BLASTX	306	306	100.00	85.95	306	WP_003246254.1	macrolide 2'-phosphotransferase MphK		
GCF_051904025.1		NZ_CP097500.1	606529	608151	-	vmlR	ABC-F type ribosomal protection protein VmlR	core	AMR	AMR	LINCOSAMIDE/PLEUROMUTILIN/STREPTOGRAMIN	LINCOMYCIN/TIAMULIN/VIRGINIAMYCIN M	BLASTX	541	547	98.90	92.42	541	WP_003234144.1	ABC-F type ribosomal protection protein VmlR		
GCF_051908735.1		NZ_CM122994.1	998267	998785	-	satA	streptothricin N-acetyltransferase SatA	core	AMR	AMR	STREPTOTHRICIN	STREPTOTHRICIN	BLASTX	173	173	100.00	90.17	173	WP_003242546.1	streptothricin N-acetyltransferase SatA		
GCF_051908735.1		NZ_CM122994.1	1001018	1002115	-	tet(L)	tetracycline efflux MFS transporter Tet(L)	core	AMR	AMR	TETRACYCLINE	TETRACYCLINE	PARTIALX	366	458	79.91	99.18	366	WP_003242953.1	tetracycline efflux MFS transporter Tet(L)		
GCF_051908735.1		NZ_CM122994.1	2788314	2789165	-	aadK	aminoglycoside 6-adenylyltransferase AadK	core	AMR	AMR	AMINOGLYCOSIDE	STREPTOMYCIN	BLASTX	284	284	100.00	98.94	284	WP_003229862.1	aminoglycoside 6-adenylyltransferase AadK		
GCF_051908735.1		NZ_CM122994.1	3359822	3360730	+	mphK	macrolide 2'-phosphotransferase MphK	core	AMR	AMR	MACROLIDE	TELITHROMYCIN/TYLOSIN	BLASTX	303	306	99.02	98.02	303	WP_003246254.1	macrolide 2'-phosphotransferase MphK		
GCF_051908735.1		NZ_CM122994.1	3706478	3708118	-	vmlR	ABC-F type ribosomal protection protein VmlR	core	AMR	AMR	LINCOSAMIDE/PLEUROMUTILIN/STREPTOGRAMIN	LINCOMYCIN/TIAMULIN/VIRGINIAMYCIN M	BLASTX	547	547	100.00	98.35	547	WP_003234144.1	ABC-F type ribosomal protection protein VmlR		
GCF_051935925.1		NZ_CP119299.1	533937	534983	+	clbA	23S rRNA (adenine(2503)-C(8))-methyltransferase ClbA	core	AMR	AMR	LINCOSAMIDE/MACROLIDE/STREPTOGRAMIN	LINCOSAMIDE/MACROLIDE/STREPTOGRAMIN	BLASTX	349	349	100.00	99.43	349	WP_012116915.1	23S rRNA (adenine(2503)-C(8))-methyltransferase ClbA		
GCF_051935925.1		NZ_CP119299.1	2549412	2549930	-	satA	streptothricin N-acetyltransferase SatA	core	AMR	AMR	STREPTOTHRICIN	STREPTOTHRICIN	BLASTX	173	173	100.00	80.35	173	WP_003242546.1	streptothricin N-acetyltransferase SatA		
GCF_052044605.1		NZ_JBQENU010000001.1	273715	274371	-	cat86	type A-6 chloramphenicol O-acetyltransferase Cat86	core	AMR	AMR	PHENICOL	CHLORAMPHENICOL	BLASTX	219	220	100.00	90.45	220	WP_050945244.1	type A-6 chloramphenicol O-acetyltransferase Cat86		
GCF_052044835.1		NZ_JBQENW010000002.1	18559	18972	-	fosB	FosBx1 family fosfomycin resistance bacillithiol transferase	core	AMR	AMR	FOSFOMYCIN	FOSFOMYCIN	BLASTX	138	138	100.00	97.10	138	WP_000943763.1	fosfomycin resistance bacillithiol transferase FosBx1		
GCF_052044835.1		NZ_JBQENW010000009.1	97950	98720	+	bla2	BcII family subclass B1 metallo-beta-lactamase	core	AMR	AMR	BETA-LACTAM	CARBAPENEM	BLASTX	257	257	100.00	92.61	257	WP_012261328.1	BcII family subclass B1 metallo-beta-lactamase		
GCF_052044835.1		NZ_JBQENW010000012.1	93505	94878	-	tet(45)	tetracycline efflux MFS transporter Tet(45)	core	AMR	AMR	TETRACYCLINE	TETRACYCLINE	BLASTX	458	458	100.00	91.05	458	WP_063855885.1	tetracycline efflux MFS transporter Tet(45)		
GCF_052044835.1		NZ_JBQENW010000032.1	24575	25126	+	satA	streptothricin N-acetyltransferase SatA	core	AMR	AMR	STREPTOTHRICIN	STREPTOTHRICIN	BLASTX	184	184	98.91	89.13	184	WP_000054744.1	streptothricin N-acetyltransferase SatA		
GCF_052044835.1		NZ_JBQENW010000047.1	5861	6778	+	bla	class A beta-lactamase Bla1	core	AMR	AMR	BETA-LACTAM	BETA-LACTAM	BLASTX	306	306	100.00	95.75	306	WP_063842248.1	class A beta-lactamase Bla1		
GCF_052044955.1		NZ_JBQEOD010000013.1	2	598	+	cat86	type A-6 chloramphenicol O-acetyltransferase Cat86	core	AMR	AMR	PHENICOL	CHLORAMPHENICOL	BLASTX	199	220	90.45	91.46	199	WP_050945244.1	type A-6 chloramphenicol O-acetyltransferase Cat86		
GCF_052045225.1		NZ_JBQEOT010000002.1	555667	556185	-	satA	streptothricin N-acetyltransferase SatA	core	AMR	AMR	STREPTOTHRICIN	STREPTOTHRICIN	BLASTX	173	173	100.00	79.77	173	WP_003242546.1	streptothricin N-acetyltransferase SatA		
GCF_052045475.1		NZ_JBQEOX010000002.1	379458	379976	+	satA	streptothricin N-acetyltransferase SatA	core	AMR	AMR	STREPTOTHRICIN	STREPTOTHRICIN	BLASTX	173	173	100.00	79.77	173	WP_003242546.1	streptothricin N-acetyltransferase SatA		
GCF_052045575.1		NZ_JBQEPF010000017.1	3417	4073	+	cat86	type A-6 chloramphenicol O-acetyltransferase Cat86	core	AMR	AMR	PHENICOL	CHLORAMPHENICOL	BLASTX	219	220	100.00	90.91	220	WP_050945244.1	type A-6 chloramphenicol O-acetyltransferase Cat86		
GCF_052076155.1		NZ_CP197280.1	533838	534884	+	clbA	23S rRNA (adenine(2503)-C(8))-methyltransferase ClbA	core	AMR	AMR	LINCOSAMIDE/MACROLIDE/STREPTOGRAMIN	LINCOSAMIDE/MACROLIDE/STREPTOGRAMIN	BLASTX	349	349	100.00	99.43	349	WP_012116915.1	23S rRNA (adenine(2503)-C(8))-methyltransferase ClbA		
GCF_052076155.1		NZ_CP197280.1	2554651	2555169	-	satA	streptothricin N-acetyltransferase SatA	core	AMR	AMR	STREPTOTHRICIN	STREPTOTHRICIN	BLASTX	173	173	100.00	80.35	173	WP_003242546.1	streptothricin N-acetyltransferase SatA		
GCF_052113145.1		NZ_JBFRCR010000006.1	47519	48037	-	satA	streptothricin N-acetyltransferase SatA	core	AMR	AMR	STREPTOTHRICIN	STREPTOTHRICIN	BLASTX	173	173	100.00	83.82	173	WP_003242546.1	streptothricin N-acetyltransferase SatA		
GCF_052113405.1		NZ_JBFRDE010000004.1	130003	130554	+	satA	streptothricin N-acetyltransferase SatA	core	AMR	AMR	STREPTOTHRICIN	STREPTOTHRICIN	BLASTX	184	184	98.91	89.13	184	WP_000054744.1	streptothricin N-acetyltransferase SatA		
GCF_052113405.1		NZ_JBFRDE010000014.1	32618	33388	-	bla2	BcII family subclass B1 metallo-beta-lactamase	core	AMR	AMR	BETA-LACTAM	CARBAPENEM	BLASTX	257	257	100.00	93.00	257	WP_063839879.1	BcII family subclass B1 metallo-beta-lactamase		
GCF_052113405.1		NZ_JBFRDE010000016.1	66042	66959	-	bla	class A beta-lactamase Bla1	core	AMR	AMR	BETA-LACTAM	BETA-LACTAM	BLASTX	306	306	100.00	96.08	306	WP_063842248.1	class A beta-lactamase Bla1		
GCF_052113405.1		NZ_JBFRDE010000022.1	82302	83675	-	tet(45)	tetracycline efflux MFS transporter Tet(45)	core	AMR	AMR	TETRACYCLINE	TETRACYCLINE	BLASTX	458	458	100.00	92.14	458	WP_063855885.1	tetracycline efflux MFS transporter Tet(45)		
GCF_052113405.1		NZ_JBFRDE010000026.1	14814	15227	+	fosB	FosBx1 family fosfomycin resistance bacillithiol transferase	core	AMR	AMR	FOSFOMYCIN	FOSFOMYCIN	BLASTX	138	138	100.00	99.28	138	WP_000943763.1	fosfomycin resistance bacillithiol transferase FosBx1		
GCF_052229975.1		NZ_CP197641.1	2599852	2600370	-	satA	streptothricin N-acetyltransferase SatA	core	AMR	AMR	STREPTOTHRICIN	STREPTOTHRICIN	BLASTX	173	173	100.00	80.35	173	WP_003242546.1	streptothricin N-acetyltransferase SatA		
GCF_052259025.1		NZ_JBQQFD010000001.1	220509	221063	+	satA	streptothricin N-acetyltransferase SatA	core	AMR	AMR	STREPTOTHRICIN	STREPTOTHRICIN	BLASTX	185	184	99.46	89.73	185	WP_000054744.1	streptothricin N-acetyltransferase SatA		
GCF_052259025.1		NZ_JBQQFD010000001.1	477917	478684	-	bla2	BcII family subclass B1 metallo-beta-lactamase	core	AMR	AMR	BETA-LACTAM	CARBAPENEM	BLASTX	256	256	100.00	99.61	256	WP_000799232.1	BcII family subclass B1 metallo-beta-lactamase		
GCF_052259025.1		NZ_JBQQFD010000004.1	230231	230644	+	fosB	FosBx1 family fosfomycin resistance bacillithiol transferase	core	AMR	AMR	FOSFOMYCIN	FOSFOMYCIN	BLASTX	138	138	100.00	90.58	138	WP_000943763.1	fosfomycin resistance bacillithiol transferase FosBx1		
GCF_052259025.1		NZ_JBQQFD010000004.1	616125	617042	+	bla	class A beta-lactamase Bla1	core	AMR	AMR	BETA-LACTAM	BETA-LACTAM	BLASTX	306	306	100.00	94.77	306	WP_003171307.1	class A beta-lactamase Bla1		
GCF_052259025.1		NZ_JBQQFD010000004.1	781046	781906	+	mleBCA	BCA family alpha/beta fold macrolide esterase	core	AMR	AMR	MACROLIDE	TYLOSIN	BLASTX	287	287	100.00	98.95	287	WP_000140039.1	BCA family alpha/beta fold macrolide esterase		
GCF_052535915.1		NZ_JBQWFJ010000001.1	1686877	1687395	-	satA	streptothricin N-acetyltransferase SatA	core	AMR	AMR	STREPTOTHRICIN	STREPTOTHRICIN	BLASTX	173	173	100.00	80.35	173	WP_003242546.1	streptothricin N-acetyltransferase SatA		
GCF_052535915.1		NZ_JBQWFJ010000003.1	361556	362602	+	clbA	23S rRNA (adenine(2503)-C(8))-methyltransferase ClbA	core	AMR	AMR	LINCOSAMIDE/MACROLIDE/STREPTOGRAMIN	LINCOSAMIDE/MACROLIDE/STREPTOGRAMIN	BLASTX	349	349	100.00	99.43	349	WP_012116915.1	23S rRNA (adenine(2503)-C(8))-methyltransferase ClbA		
GCF_052542035.1		NZ_JBQPOJ010000069.1	25558	26109	-	satA	streptothricin N-acetyltransferase SatA	core	AMR	AMR	STREPTOTHRICIN	STREPTOTHRICIN	BLASTX	184	184	98.91	88.59	184	WP_000054744.1	streptothricin N-acetyltransferase SatA		
GCF_052542035.1		NZ_JBQPOJ010000070.1	22038	22808	-	bla2	BcII family subclass B1 metallo-beta-lactamase	core	AMR	AMR	BETA-LACTAM	CARBAPENEM	BLASTX	257	257	100.00	95.72	257	WP_063839879.1	BcII family subclass B1 metallo-beta-lactamase		
GCF_052542035.1		NZ_JBQPOJ010000080.1	16992	17909	-	bla	class A beta-lactamase Bla1	core	AMR	AMR	BETA-LACTAM	BETA-LACTAM	BLASTX	306	306	100.00	95.42	306	WP_063842248.1	class A beta-lactamase Bla1		
GCF_052542035.1		NZ_JBQPOJ010000111.1	5261	5674	+	fosB	FosBx1 family fosfomycin resistance bacillithiol transferase	core	AMR	AMR	FOSFOMYCIN	FOSFOMYCIN	BLASTX	138	138	100.00	95.65	138	WP_000943763.1	fosfomycin resistance bacillithiol transferase FosBx1		
GCF_052542115.1		NZ_JBQPOK010000001.1	663644	664057	+	fosB	FosBx1 family fosfomycin resistance bacillithiol transferase	core	AMR	AMR	FOSFOMYCIN	FOSFOMYCIN	BLASTX	138	138	100.00	98.55	138	WP_000943763.1	fosfomycin resistance bacillithiol transferase FosBx1		
GCF_052542115.1		NZ_JBQPOK010000001.1	1129690	1130607	+	bla	class A beta-lactamase Bla1	core	AMR	AMR	BETA-LACTAM	BETA-LACTAM	BLASTX	306	306	100.00	95.42	306	WP_063842248.1	class A beta-lactamase Bla1		
GCF_052542115.1		NZ_JBQPOK010000001.1	1745189	1745740	+	satA	streptothricin N-acetyltransferase SatA	core	AMR	AMR	STREPTOTHRICIN	STREPTOTHRICIN	BLASTX	184	184	98.91	89.13	184	WP_000054744.1	streptothricin N-acetyltransferase SatA		
GCF_052542115.1		NZ_JBQPOK010000010.1	90820	91590	-	bla2	BcII family subclass B1 metallo-beta-lactamase	core	AMR	AMR	BETA-LACTAM	CARBAPENEM	BLASTX	257	257	100.00	95.72	257	WP_063839879.1	BcII family subclass B1 metallo-beta-lactamase		
GCF_052568175.1		NZ_CP199389.1	524527	525573	+	clbA	23S rRNA (adenine(2503)-C(8))-methyltransferase ClbA	core	AMR	AMR	LINCOSAMIDE/MACROLIDE/STREPTOGRAMIN	LINCOSAMIDE/MACROLIDE/STREPTOGRAMIN	BLASTX	349	349	100.00	97.13	349	WP_012116915.1	23S rRNA (adenine(2503)-C(8))-methyltransferase ClbA		
GCF_052568175.1		NZ_CP199389.1	2569646	2570164	-	satA	streptothricin N-acetyltransferase SatA	core	AMR	AMR	STREPTOTHRICIN	STREPTOTHRICIN	BLASTX	173	173	100.00	80.92	173	WP_003242546.1	streptothricin N-acetyltransferase SatA		
GCF_052568205.1		NZ_CP199399.1	533938	534984	+	clbA	23S rRNA (adenine(2503)-C(8))-methyltransferase ClbA	core	AMR	AMR	LINCOSAMIDE/MACROLIDE/STREPTOGRAMIN	LINCOSAMIDE/MACROLIDE/STREPTOGRAMIN	BLASTX	349	349	100.00	99.43	349	WP_012116915.1	23S rRNA (adenine(2503)-C(8))-methyltransferase ClbA		
GCF_052568205.1		NZ_CP199399.1	2549414	2549932	-	satA	streptothricin N-acetyltransferase SatA	core	AMR	AMR	STREPTOTHRICIN	STREPTOTHRICIN	BLASTX	173	173	100.00	80.35	173	WP_003242546.1	streptothricin N-acetyltransferase SatA		
GCF_052585365.1		NZ_JBPRLP010000001.1	538097	538894	+	blaBSU	BSU family class D beta-lactamase	core	AMR	AMR	BETA-LACTAM	BETA-LACTAM	BLASTX	266	267	99.63	90.23	266	WP_003235647.1	class D beta-lactamase BSU-1		
GCF_052585365.1		NZ_JBPRLP010000001.1	1300049	1300954	+	mphK	macrolide 2'-phosphotransferase MphK	core	AMR	AMR	MACROLIDE	TELITHROMYCIN/TYLOSIN	BLASTX	302	306	98.69	84.44	302	WP_003246254.1	macrolide 2'-phosphotransferase MphK		
GCF_052585365.1		NZ_JBPRLP010000005.1	654946	655455	-	satA	streptothricin N-acetyltransferase SatA	core	AMR	AMR	STREPTOTHRICIN	STREPTOTHRICIN	BLASTX	170	173	100.00	78.61	173	WP_003242546.1	streptothricin N-acetyltransferase SatA		
GCF_052585385.1		NZ_JBPRLR010000006.1	322529	323434	-	mphK	macrolide 2'-phosphotransferase MphK	core	AMR	AMR	MACROLIDE	TELITHROMYCIN/TYLOSIN	BLASTX	302	306	98.69	85.76	302	WP_003246254.1	macrolide 2'-phosphotransferase MphK		
GCF_052591155.1		NZ_JBPRLQ010000001.1	1405175	1406026	+	aadK	aminoglycoside 6-adenylyltransferase AadK	core	AMR	AMR	AMINOGLYCOSIDE	STREPTOMYCIN	BLASTX	284	284	100.00	98.94	284	WP_003229862.1	aminoglycoside 6-adenylyltransferase AadK		
GCF_052591155.1		NZ_JBPRLQ010000001.1	3357376	3359019	+	vmlR	ABC-F type ribosomal protection protein VmlR	core	AMR	AMR	LINCOSAMIDE/PLEUROMUTILIN/STREPTOGRAMIN	LINCOMYCIN/TIAMULIN/VIRGINIAMYCIN M	BLASTX	548	547	100.00	99.09	548	WP_003234144.1	ABC-F type ribosomal protection protein VmlR		
GCF_052591155.1		NZ_JBPRLQ010000001.1	3677570	3678487	-	mphK	macrolide 2'-phosphotransferase MphK	core	AMR	AMR	MACROLIDE	TELITHROMYCIN/TYLOSIN	BLASTX	306	306	100.00	98.37	306	WP_003246254.1	macrolide 2'-phosphotransferase MphK		
GCF_052601275.1		NZ_CM127334.1	1932350	1932763	+	fosB	FosBx1 family fosfomycin resistance bacillithiol transferase	core	AMR	AMR	FOSFOMYCIN	FOSFOMYCIN	BLASTX	138	138	100.00	98.55	138	WP_000943763.1	fosfomycin resistance bacillithiol transferase FosBx1		
GCF_052601275.1		NZ_CM127334.1	3052893	3053444	+	satA	streptothricin N-acetyltransferase SatA	core	AMR	AMR	STREPTOTHRICIN	STREPTOTHRICIN	BLASTX	184	184	98.91	86.96	184	WP_000054744.1	streptothricin N-acetyltransferase SatA		
GCF_052601275.1		NZ_CM127334.1	3332981	3333751	-	bla2	BcII family subclass B1 metallo-beta-lactamase	core	AMR	AMR	BETA-LACTAM	CARBAPENEM	BLASTX	257	257	100.00	94.16	257	WP_063839879.1	BcII family subclass B1 metallo-beta-lactamase		
GCF_052682215.1		NZ_JBQYLZ010000001.1	331011	331853	-	mleBCB	BCB family alpha/beta fold macrolide esterase	core	AMR	AMR	MACROLIDE	TYLOSIN	BLASTX	281	287	97.91	91.46	281	WP_459076516.1	BCB family alpha/beta fold macrolide esterase		
GCF_052682215.1		NZ_JBQYLZ010000001.1	1035591	1036139	+	satA	streptothricin N-acetyltransferase SatA	core	AMR	AMR	STREPTOTHRICIN	STREPTOTHRICIN	BLASTX	183	184	98.91	80.87	183	WP_000054744.1	streptothricin N-acetyltransferase SatA		
GCF_052682215.1		NZ_JBQYLZ010000001.1	3119864	3120634	+	bla2	BcII family subclass B1 metallo-beta-lactamase	core	AMR	AMR	BETA-LACTAM	CARBAPENEM	BLASTX	257	257	100.00	94.55	257	WP_012261328.1	BcII family subclass B1 metallo-beta-lactamase		
GCF_052682215.1		NZ_JBQYLZ010000001.1	3433701	3434246	-	satA	streptothricin N-acetyltransferase SatA	core	AMR	AMR	STREPTOTHRICIN	STREPTOTHRICIN	BLASTX	182	184	98.91	93.96	182	WP_000054744.1	streptothricin N-acetyltransferase SatA		
GCF_052682215.1		NZ_JBQYLZ010000001.1	3829725	3830576	-	mleBCA	BCA family alpha/beta fold macrolide esterase	core	AMR	AMR	MACROLIDE	TYLOSIN	BLASTX	284	287	98.95	94.37	284	WP_000140039.1	BCA family alpha/beta fold macrolide esterase		
GCF_052682215.1		NZ_JBQYLZ010000001.1	4078572	4079264	-	vanR-A	vancomycin resistance response regulator transcription factor VanR-A	core	AMR	AMR	GLYCOPEPTIDE	VANCOMYCIN	BLASTX	231	231	100.00	92.21	231	WP_063856721.1	vancomycin resistance response regulator transcription factor VanR-A		
GCF_052682215.1		NZ_JBQYLZ010000001.1	4099808	4100725	-	bla	class A beta-lactamase Bla1	core	AMR	AMR	BETA-LACTAM	BETA-LACTAM	BLASTX	306	306	100.00	90.20	306	WP_003171307.1	class A beta-lactamase Bla1		
GCF_052692055.1		NZ_JBQZFN010000005.1	89392	90252	-	erm(D)	23S rRNA (adenine(2058)-N(6))-methyltransferase Erm(D)	core	AMR	AMR	LINCOSAMIDE/MACROLIDE/STREPTOGRAMIN	ERYTHROMYCIN/LINCOSAMIDE/STREPTOGRAMIN	BLASTX	287	287	100.00	97.91	287	WP_003183781.1	23S rRNA (adenine(2058)-N(6))-methyltransferase Erm(D)		
GCF_052692055.1		NZ_JBQZFN010000011.1	118193	119113	+	blaP	class A beta-lactamase BlaP	core	AMR	AMR	BETA-LACTAM	BETA-LACTAM	BLASTX	307	307	100.00	99.67	307	WP_023857755.1	class A beta-lactamase BlaP		
GCF_052692675.1		NZ_CP197378.1	524437	525483	+	clbA	23S rRNA (adenine(2503)-C(8))-methyltransferase ClbA	core	AMR	AMR	LINCOSAMIDE/MACROLIDE/STREPTOGRAMIN	LINCOSAMIDE/MACROLIDE/STREPTOGRAMIN	BLASTX	349	349	100.00	97.13	349	WP_012116915.1	23S rRNA (adenine(2503)-C(8))-methyltransferase ClbA		
GCF_052692675.1		NZ_CP197378.1	2569561	2570079	-	satA	streptothricin N-acetyltransferase SatA	core	AMR	AMR	STREPTOTHRICIN	STREPTOTHRICIN	BLASTX	173	173	100.00	82.66	173	WP_003242546.1	streptothricin N-acetyltransferase SatA		
GCF_052692685.1		NZ_CP197379.1	2823854	2824372	-	satA	streptothricin N-acetyltransferase SatA	core	AMR	AMR	STREPTOTHRICIN	STREPTOTHRICIN	BLASTX	173	173	100.00	79.19	173	WP_003242546.1	streptothricin N-acetyltransferase SatA		
GCF_052693045.1		NZ_JBQZTU010000003.1	83586	84104	-	satA	streptothricin N-acetyltransferase SatA	core	AMR	AMR	STREPTOTHRICIN	STREPTOTHRICIN	BLASTX	173	173	100.00	79.19	173	WP_003242546.1	streptothricin N-acetyltransferase SatA		
GCF_052693045.1		NZ_JBQZTU010000012.1	116344	117249	-	mphK	macrolide 2'-phosphotransferase MphK	core	AMR	AMR	MACROLIDE	TELITHROMYCIN/TYLOSIN	BLASTX	302	306	98.69	85.10	302	WP_003246254.1	macrolide 2'-phosphotransferase MphK		
GCF_052806235.1		NZ_JBRBAM010000001.1	68204	68722	+	satA	streptothricin N-acetyltransferase SatA	core	AMR	AMR	STREPTOTHRICIN	STREPTOTHRICIN	BLASTX	173	173	100.00	93.64	173	WP_003242546.1	streptothricin N-acetyltransferase SatA		
GCF_052806235.1		NZ_JBRBAM010000002.1	450345	451196	+	aadK	aminoglycoside 6-adenylyltransferase AadK	core	AMR	AMR	AMINOGLYCOSIDE	STREPTOMYCIN	BLASTX	284	284	100.00	98.59	284	WP_003229862.1	aminoglycoside 6-adenylyltransferase AadK		
GCF_052806235.1		NZ_JBRBAM010000004.1	88173	89081	+	mphK	macrolide 2'-phosphotransferase MphK	core	AMR	AMR	MACROLIDE	TELITHROMYCIN/TYLOSIN	BLASTX	303	306	99.02	98.68	303	WP_003246254.1	macrolide 2'-phosphotransferase MphK		
GCF_052806235.1		NZ_JBRBAM010000004.1	404098	405741	-	vmlR	ABC-F type ribosomal protection protein VmlR	core	AMR	AMR	LINCOSAMIDE/PLEUROMUTILIN/STREPTOGRAMIN	LINCOMYCIN/TIAMULIN/VIRGINIAMYCIN M	BLASTX	548	547	100.00	98.72	548	WP_003234144.1	ABC-F type ribosomal protection protein VmlR		
GCF_052828465.1		NZ_JBQSFA010000003.1	4236007	4236924	+	bla	class A beta-lactamase Bla1	core	AMR	AMR	BETA-LACTAM	BETA-LACTAM	BLASTX	306	306	100.00	90.52	306	WP_063842248.1	class A beta-lactamase Bla1		
GCF_052828465.1		NZ_JBQSFA010000003.1	4767521	4768792	-	abaF	fosfomycin efflux MFS transporter AbaF	plus	AMR	AMR	FOSFOMYCIN	FOSFOMYCIN	BLASTX	424	429	98.83	85.61	424	ABO11759.2	fosfomycin efflux MFS transporter AbaF		
GCF_052828465.1		NZ_JBQSFA010000011.1	20259	21305	-	clbA	23S rRNA (adenine(2503)-C(8))-methyltransferase ClbA	core	AMR	AMR	LINCOSAMIDE/MACROLIDE/STREPTOGRAMIN	LINCOSAMIDE/MACROLIDE/STREPTOGRAMIN	BLASTX	349	349	100.00	91.12	349	WP_012116915.1	23S rRNA (adenine(2503)-C(8))-methyltransferase ClbA		
GCF_052922385.1		NZ_JBREVZ010000001.1	645230	645748	+	satA	streptothricin N-acetyltransferase SatA	core	AMR	AMR	STREPTOTHRICIN	STREPTOTHRICIN	BLASTX	173	173	100.00	79.77	173	WP_003242546.1	streptothricin N-acetyltransferase SatA		
GCF_052977405.1		NZ_JBRILO010000003.1	379128	379646	+	satA	streptothricin N-acetyltransferase SatA	core	AMR	AMR	STREPTOTHRICIN	STREPTOTHRICIN	BLASTX	173	173	100.00	79.19	173	WP_003242546.1	streptothricin N-acetyltransferase SatA		
GCF_053291885.1		NZ_CM129987.1	1417209	1418849	+	vmlR	ABC-F type ribosomal protection protein VmlR	core	AMR	AMR	LINCOSAMIDE/PLEUROMUTILIN/STREPTOGRAMIN	LINCOMYCIN/TIAMULIN/VIRGINIAMYCIN M	BLASTX	547	547	100.00	98.35	547	WP_003234144.1	ABC-F type ribosomal protection protein VmlR		
GCF_053291885.1		NZ_CM129987.1	1730148	1731056	-	mphK	macrolide 2'-phosphotransferase MphK	core	AMR	AMR	MACROLIDE	TELITHROMYCIN/TYLOSIN	BLASTX	303	306	99.02	98.02	303	WP_003246254.1	macrolide 2'-phosphotransferase MphK		
GCF_053291885.1		NZ_CM129987.1	2033103	2034476	+	tet(L)	tetracycline efflux MFS transporter Tet(L)	core	AMR	AMR	TETRACYCLINE	TETRACYCLINE	BLASTX	458	458	100.00	98.91	458	WP_063856081.1	tetracycline efflux MFS transporter Tet(L)		
GCF_053291885.1		NZ_CM129987.1	2036432	2036950	+	satA	streptothricin N-acetyltransferase SatA	core	AMR	AMR	STREPTOTHRICIN	STREPTOTHRICIN	BLASTX	173	173	100.00	90.17	173	WP_003242546.1	streptothricin N-acetyltransferase SatA		
GCF_053291885.1		NZ_CM129987.1	3487281	3488132	+	aadK	aminoglycoside 6-adenylyltransferase AadK	core	AMR	AMR	AMINOGLYCOSIDE	STREPTOMYCIN	BLASTX	284	284	100.00	98.94	284	WP_003229862.1	aminoglycoside 6-adenylyltransferase AadK		
GCF_053291905.1		NZ_CM129988.1	1896904	1897317	+	fosB	FosBx1 family fosfomycin resistance bacillithiol transferase	core	AMR	AMR	FOSFOMYCIN	FOSFOMYCIN	BLASTX	138	138	100.00	98.55	138	WP_000943763.1	fosfomycin resistance bacillithiol transferase FosBx1		
GCF_053291905.1		NZ_CM129988.1	2373051	2373968	+	bla	class A beta-lactamase Bla1	core	AMR	AMR	BETA-LACTAM	BETA-LACTAM	BLASTX	306	306	100.00	96.41	306	WP_063842248.1	class A beta-lactamase Bla1		
GCF_053291905.1		NZ_CM129988.1	2999459	3000016	+	satA	streptothricin N-acetyltransferase SatA	core	AMR	AMR	STREPTOTHRICIN	STREPTOTHRICIN	BLASTX	186	184	100.00	88.17	186	WP_000054744.1	streptothricin N-acetyltransferase SatA		
GCF_053291905.1		NZ_CM129988.1	3267172	3267840	-	bla2	BcII family subclass B1 metallo-beta-lactamase	core	AMR	AMR	BETA-LACTAM	CARBAPENEM	PARTIALX	223	257	86.77	98.21	223	WP_063839879.1	BcII family subclass B1 metallo-beta-lactamase		
GCF_053291905.1		NZ_JBRXBF010000002.1	79437	80288	-	mleBCB	BCB family alpha/beta fold macrolide esterase	core	AMR	AMR	MACROLIDE	TYLOSIN	BLASTX	284	287	100.00	90.94	287	WP_459076516.1	BCB family alpha/beta fold macrolide esterase		
GCF_053291905.1		NZ_JBRXBF010000002.1	446670	447362	+	vanR-A	vancomycin resistance response regulator transcription factor VanR-A	core	AMR	AMR	GLYCOPEPTIDE	VANCOMYCIN	BLASTX	231	231	100.00	93.07	231	WP_063856721.1	vancomycin resistance response regulator transcription factor VanR-A		
GCF_053470225.1		NZ_JBRAUH010000003.1	195329	195847	-	satA	streptothricin N-acetyltransferase SatA	core	AMR	AMR	STREPTOTHRICIN	STREPTOTHRICIN	BLASTX	173	173	100.00	80.35	173	WP_003242546.1	streptothricin N-acetyltransferase SatA		
GCF_053470225.1		NZ_JBRAUH010000006.1	161572	162618	+	clbA	23S rRNA (adenine(2503)-C(8))-methyltransferase ClbA	core	AMR	AMR	LINCOSAMIDE/MACROLIDE/STREPTOGRAMIN	LINCOSAMIDE/MACROLIDE/STREPTOGRAMIN	BLASTX	349	349	100.00	97.42	349	WP_012116915.1	23S rRNA (adenine(2503)-C(8))-methyltransferase ClbA		
GCF_053470245.1		NZ_JBRAUI010000003.1	599573	600091	-	satA	streptothricin N-acetyltransferase SatA	core	AMR	AMR	STREPTOTHRICIN	STREPTOTHRICIN	BLASTX	173	173	100.00	79.19	173	WP_003242546.1	streptothricin N-acetyltransferase SatA		
GCF_053545315.1		NZ_JBIUFR010000005.1	176827	177345	+	satA	streptothricin N-acetyltransferase SatA	core	AMR	AMR	STREPTOTHRICIN	STREPTOTHRICIN	BLASTX	173	173	100.00	84.97	173	WP_003242546.1	streptothricin N-acetyltransferase SatA		
GCF_053569555.1		NZ_JBSEED010000016.1	13843	14361	+	satA	streptothricin N-acetyltransferase SatA	core	AMR	AMR	STREPTOTHRICIN	STREPTOTHRICIN	BLASTX	173	173	100.00	79.19	173	WP_003242546.1	streptothricin N-acetyltransferase SatA		
GCF_053570865.1		NZ_JBSEDU010000001.1	535326	536234	-	mphL	macrolide 2'-phosphotransferase MphL	core	AMR	AMR	MACROLIDE	MACROLIDE	EXACTX	303	303	100.00	100.00	303	WP_002047670.1	macrolide 2'-phosphotransferase MphL		
GCF_053570865.1		NZ_JBSEDU010000007.1	67692	68462	+	bla2	BcII family subclass B1 metallo-beta-lactamase	core	AMR	AMR	BETA-LACTAM	CARBAPENEM	BLASTX	257	257	100.00	93.00	257	WP_012261328.1	BcII family subclass B1 metallo-beta-lactamase		
GCF_053570865.1		NZ_JBSEDU010000009.1	82505	83053	-	satA	streptothricin N-acetyltransferase SatA	core	AMR	AMR	STREPTOTHRICIN	STREPTOTHRICIN	BLASTX	183	184	99.46	92.35	183	WP_000054744.1	streptothricin N-acetyltransferase SatA		
GCF_053570865.1		NZ_JBSEDU010000014.1	11477	12394	+	bla	class A beta-lactamase Bla1	core	AMR	AMR	BETA-LACTAM	BETA-LACTAM	BLASTX	306	306	100.00	93.14	306	WP_063842248.1	class A beta-lactamase Bla1		
GCF_053570865.1		NZ_JBSEDU010000045.1	3798	4694	+	mphM	macrolide 2'-phosphotransferase MphM	core	AMR	AMR	MACROLIDE	MACROLIDE	BLASTX	299	299	100.00	95.99	299	WP_016078774.1	macrolide 2'-phosphotransferase MphM		
GCF_053570905.1		NZ_JBSEDW010000001.1	475885	476544	-	cat86	type A-6 chloramphenicol O-acetyltransferase Cat86	core	AMR	AMR	PHENICOL	CHLORAMPHENICOL	BLASTX	220	220	100.00	95.45	220	WP_050945244.1	type A-6 chloramphenicol O-acetyltransferase Cat86		
GCF_053570905.1		NZ_JBSEDW010000002.1	486049	486834	-	blaBPU	BPU family class D beta-lactamase	core	AMR	AMR	BETA-LACTAM	BETA-LACTAM	BLASTX	262	262	100.00	92.37	262	WP_041816295.1	class D beta-lactamase BPU-1		
GCF_053570985.1		NZ_JBSEEA010000009.1	98136	99041	+	mphK	macrolide 2'-phosphotransferase MphK	core	AMR	AMR	MACROLIDE	TELITHROMYCIN/TYLOSIN	BLASTX	302	306	98.69	85.43	302	WP_003246254.1	macrolide 2'-phosphotransferase MphK		
GCF_053571025.1		NZ_JBISVH010000003.1	383857	384375	+	satA	streptothricin N-acetyltransferase SatA	core	AMR	AMR	STREPTOTHRICIN	STREPTOTHRICIN	BLASTX	173	173	100.00	79.19	173	WP_003242546.1	streptothricin N-acetyltransferase SatA		
GCF_053663195.1		NZ_JBSJQD010000001.1	383386	383904	+	satA	streptothricin N-acetyltransferase SatA	core	AMR	AMR	STREPTOTHRICIN	STREPTOTHRICIN	BLASTX	173	173	100.00	78.61	173	WP_003242546.1	streptothricin N-acetyltransferase SatA		
GCF_053663195.1		NZ_JBSJQD010000005.1	52407	53453	-	clbA	23S rRNA (adenine(2503)-C(8))-methyltransferase ClbA	core	AMR	AMR	LINCOSAMIDE/MACROLIDE/STREPTOGRAMIN	LINCOSAMIDE/MACROLIDE/STREPTOGRAMIN	BLASTX	349	349	100.00	97.42	349	WP_012116915.1	23S rRNA (adenine(2503)-C(8))-methyltransferase ClbA		
GCF_053663335.1		NZ_JBSJQE010000003.1	561350	561868	-	satA	streptothricin N-acetyltransferase SatA	core	AMR	AMR	STREPTOTHRICIN	STREPTOTHRICIN	BLASTX	173	173	100.00	78.61	173	WP_003242546.1	streptothricin N-acetyltransferase SatA		
GCF_053663355.1		NZ_JBSJQC010000003.1	574659	575177	-	satA	streptothricin N-acetyltransferase SatA	core	AMR	AMR	STREPTOTHRICIN	STREPTOTHRICIN	BLASTX	173	173	100.00	79.77	173	WP_003242546.1	streptothricin N-acetyltransferase SatA		
GCF_053663395.1		NZ_JBSJQB010000003.1	374932	375450	+	satA	streptothricin N-acetyltransferase SatA	core	AMR	AMR	STREPTOTHRICIN	STREPTOTHRICIN	BLASTX	173	173	100.00	80.35	173	WP_003242546.1	streptothricin N-acetyltransferase SatA		
GCF_053663455.1		NZ_JBSJQA010000002.1	378100	378618	+	satA	streptothricin N-acetyltransferase SatA	core	AMR	AMR	STREPTOTHRICIN	STREPTOTHRICIN	BLASTX	173	173	100.00	78.03	173	WP_003242546.1	streptothricin N-acetyltransferase SatA		
GCF_053750075.1		NZ_CM132341.1	565880	566926	+	clbA	23S rRNA (adenine(2503)-C(8))-methyltransferase ClbA	core	AMR	AMR	LINCOSAMIDE/MACROLIDE/STREPTOGRAMIN	LINCOSAMIDE/MACROLIDE/STREPTOGRAMIN	BLASTX	349	349	100.00	97.42	349	WP_012116915.1	23S rRNA (adenine(2503)-C(8))-methyltransferase ClbA		
GCF_053750075.1		NZ_CM132341.1	2549632	2550150	-	satA	streptothricin N-acetyltransferase SatA	core	AMR	AMR	STREPTOTHRICIN	STREPTOTHRICIN	BLASTX	173	173	100.00	79.77	173	WP_003242546.1	streptothricin N-acetyltransferase SatA		
GCF_053750095.1		NZ_CM132342.1	558065	559111	+	clbA	23S rRNA (adenine(2503)-C(8))-methyltransferase ClbA	core	AMR	AMR	LINCOSAMIDE/MACROLIDE/STREPTOGRAMIN	LINCOSAMIDE/MACROLIDE/STREPTOGRAMIN	BLASTX	349	349	100.00	98.85	349	WP_012116915.1	23S rRNA (adenine(2503)-C(8))-methyltransferase ClbA		
GCF_053750095.1		NZ_CM132342.1	2644253	2644771	-	satA	streptothricin N-acetyltransferase SatA	core	AMR	AMR	STREPTOTHRICIN	STREPTOTHRICIN	BLASTX	173	173	100.00	79.19	173	WP_003242546.1	streptothricin N-acetyltransferase SatA		
GCF_053847225.1		NZ_CM132622.1	545132	546178	+	clbA	23S rRNA (adenine(2503)-C(8))-methyltransferase ClbA	core	AMR	AMR	LINCOSAMIDE/MACROLIDE/STREPTOGRAMIN	LINCOSAMIDE/MACROLIDE/STREPTOGRAMIN	BLASTX	349	349	100.00	97.42	349	WP_012116915.1	23S rRNA (adenine(2503)-C(8))-methyltransferase ClbA		
GCF_053847225.1		NZ_CM132622.1	2581915	2582433	-	satA	streptothricin N-acetyltransferase SatA	core	AMR	AMR	STREPTOTHRICIN	STREPTOTHRICIN	BLASTX	173	173	100.00	80.35	173	WP_003242546.1	streptothricin N-acetyltransferase SatA		
GCF_053852075.1		NZ_JBSQAC010000003.1	1437639	1438052	+	fosB	FosBx1 family fosfomycin resistance bacillithiol transferase	core	AMR	AMR	FOSFOMYCIN	FOSFOMYCIN	BLASTX	138	138	100.00	91.30	138	WP_000943763.1	fosfomycin resistance bacillithiol transferase FosBx1		
GCF_053852075.1		NZ_JBSQAC010000003.1	1871249	1872166	+	bla	class A beta-lactamase Bla1	core	AMR	AMR	BETA-LACTAM	BETA-LACTAM	BLASTX	306	306	100.00	93.46	306	WP_003171307.1	class A beta-lactamase Bla1		
GCF_053852075.1		NZ_JBSQAC010000003.1	2040388	2041248	+	mleBCA	BCA family alpha/beta fold macrolide esterase	core	AMR	AMR	MACROLIDE	TYLOSIN	BLASTX	287	287	100.00	94.08	287	WP_000140039.1	BCA family alpha/beta fold macrolide esterase		
GCF_053852075.1		NZ_JBSQAC010000003.1	2657847	2658614	-	bla2	BcII family subclass B1 metallo-beta-lactamase	core	AMR	AMR	BETA-LACTAM	CARBAPENEM	BLASTX	256	256	100.00	95.31	256	WP_000799232.1	BcII family subclass B1 metallo-beta-lactamase		
GCF_053894975.1		NZ_JBSVMN010000045.1	45521	45934	-	fosB	FosBx1 family fosfomycin resistance bacillithiol transferase	core	AMR	AMR	FOSFOMYCIN	FOSFOMYCIN	BLASTX	138	138	100.00	99.28	138	WP_000943763.1	fosfomycin resistance bacillithiol transferase FosBx1		
GCF_053894975.1		NZ_JBSVMN010000059.1	1259	1810	+	satA	streptothricin N-acetyltransferase SatA	core	AMR	AMR	STREPTOTHRICIN	STREPTOTHRICIN	BLASTX	184	184	98.91	88.59	184	WP_000054744.1	streptothricin N-acetyltransferase SatA		
GCF_053894975.1		NZ_JBSVMN010000082.1	9369	10286	-	bla	class A beta-lactamase Bla1	core	AMR	AMR	BETA-LACTAM	BETA-LACTAM	BLASTX	306	306	100.00	97.06	306	WP_063842248.1	class A beta-lactamase Bla1		
GCF_053894975.1		NZ_JBSVMN010000211.1	45526	46296	+	bla2	BcII family subclass B1 metallo-beta-lactamase	core	AMR	AMR	BETA-LACTAM	CARBAPENEM	BLASTX	257	257	100.00	92.61	257	WP_063839879.1	BcII family subclass B1 metallo-beta-lactamase		
GCF_053895045.1		NZ_JBSVMM010000022.1	165	1211	+	msr(D)	ABC-F type ribosomal protection protein Msr(D)	core	AMR	AMR	MACROLIDE/STREPTOGRAMIN	AZITHROMYCIN/ERYTHROMYCIN/STREPTOGRAMIN B	PARTIALX	349	487	71.66	95.99	349	WP_000420313.1	ABC-F type ribosomal protection protein Msr(D)		
GCF_053895045.1		NZ_JBSVMM010000041.1	106375	107292	-	mphK	macrolide 2'-phosphotransferase MphK	core	AMR	AMR	MACROLIDE	TELITHROMYCIN/TYLOSIN	BLASTX	306	306	100.00	98.37	306	WP_003246254.1	macrolide 2'-phosphotransferase MphK		
GCF_053895045.1		NZ_JBSVMM010000041.1	222965	223882	+	mphK	macrolide 2'-phosphotransferase MphK	core	AMR	AMR	MACROLIDE	TELITHROMYCIN/TYLOSIN	BLASTX	306	306	100.00	98.37	306	WP_003246254.1	macrolide 2'-phosphotransferase MphK		
GCF_053895045.1		NZ_JBSVMM010000064.1	29055	30698	+	vmlR	ABC-F type ribosomal protection protein VmlR	core	AMR	AMR	LINCOSAMIDE/PLEUROMUTILIN/STREPTOGRAMIN	LINCOMYCIN/TIAMULIN/VIRGINIAMYCIN M	BLASTX	548	547	100.00	98.54	548	WP_003234144.1	ABC-F type ribosomal protection protein VmlR		
GCF_053895045.1		NZ_JBSVMM010000066.1	34644	36017	+	tet(L)	tetracycline efflux MFS transporter Tet(L)	core	AMR	AMR	TETRACYCLINE	TETRACYCLINE	EXACTX	458	458	100.00	100.00	458	WP_003242953.1	tetracycline efflux MFS transporter Tet(L)		
GCF_053895045.1		NZ_JBSVMM010000066.1	37973	38491	+	satA	streptothricin N-acetyltransferase SatA	core	AMR	AMR	STREPTOTHRICIN	STREPTOTHRICIN	BLASTX	173	173	100.00	90.17	173	WP_003242546.1	streptothricin N-acetyltransferase SatA		
GCF_053895045.1		NZ_JBSVMM010000076.1	444558	445409	+	aadK	aminoglycoside 6-adenylyltransferase AadK	core	AMR	AMR	AMINOGLYCOSIDE	STREPTOMYCIN	BLASTX	284	284	100.00	97.54	284	WP_003229862.1	aminoglycoside 6-adenylyltransferase AadK		
GCF_054054465.1		NZ_JBSXAC010000002.1	954327	954845	+	satA	streptothricin N-acetyltransferase SatA	core	AMR	AMR	STREPTOTHRICIN	STREPTOTHRICIN	BLASTX	173	173	100.00	80.35	173	WP_003242546.1	streptothricin N-acetyltransferase SatA		
GCF_054054465.1		NZ_JBSXAC010000010.1	27427	28230	-	blaBAT	BAT family class D beta-lactamase	core	AMR	AMR	BETA-LACTAM	BETA-LACTAM	BLASTX	268	268	100.00	97.01	268	WP_003328240.1	class D beta-lactamase BAT-1		
GCF_054165805.1		NZ_CM135109.1	2608279	2608797	-	satA	streptothricin N-acetyltransferase SatA	core	AMR	AMR	STREPTOTHRICIN	STREPTOTHRICIN	BLASTX	173	173	100.00	79.19	173	WP_003242546.1	streptothricin N-acetyltransferase SatA		
GCF_054182705.1		NZ_JBSZEJ010000001.1	354016	354936	-	blaP	class A beta-lactamase BlaP	core	AMR	AMR	BETA-LACTAM	BETA-LACTAM	EXACTX	307	307	100.00	100.00	307	WP_003178584.1	class A beta-lactamase BlaP		
GCF_054182705.1		NZ_JBSZEJ010000001.1	3393274	3394131	+	erm(D)	23S rRNA (adenine(2058)-N(6))-methyltransferase Erm(D)	core	AMR	AMR	LINCOSAMIDE/MACROLIDE/STREPTOGRAMIN	ERYTHROMYCIN/LINCOSAMIDE/STREPTOGRAMIN	BLASTX	286	287	99.65	94.06	286	WP_003183781.1	23S rRNA (adenine(2058)-N(6))-methyltransferase Erm(D)		
GCF_054182725.1		NZ_JBSZEE010000003.1	247243	247656	+	fosB	FosBx1 family fosfomycin resistance bacillithiol transferase	core	AMR	AMR	FOSFOMYCIN	FOSFOMYCIN	BLASTX	138	138	100.00	98.55	138	WP_000943763.1	fosfomycin resistance bacillithiol transferase FosBx1		
GCF_054182725.1		NZ_JBSZEE010000004.1	3257	4027	-	bla2	BcII family subclass B1 metallo-beta-lactamase	core	AMR	AMR	BETA-LACTAM	CARBAPENEM	BLASTX	257	257	100.00	93.77	257	WP_063839879.1	BcII family subclass B1 metallo-beta-lactamase		
GCF_054182725.1		NZ_JBSZEE010000013.1	124492	125409	-	bla	class A beta-lactamase Bla1	core	AMR	AMR	BETA-LACTAM	BETA-LACTAM	BLASTX	306	306	100.00	96.08	306	WP_063842248.1	class A beta-lactamase Bla1		
GCF_054182725.1		NZ_JBSZEE010000020.1	18789	19346	-	satA	streptothricin N-acetyltransferase SatA	core	AMR	AMR	STREPTOTHRICIN	STREPTOTHRICIN	BLASTX	186	184	100.00	88.17	186	WP_000054744.1	streptothricin N-acetyltransferase SatA		
GCF_054226265.1		NZ_JBTGPC010000001.1	375763	376281	+	satA	streptothricin N-acetyltransferase SatA	core	AMR	AMR	STREPTOTHRICIN	STREPTOTHRICIN	BLASTX	173	173	100.00	79.77	173	WP_003242546.1	streptothricin N-acetyltransferase SatA		
GCF_054226265.1		NZ_JBTGPC010000003.1	50163	51209	-	clbA	23S rRNA (adenine(2503)-C(8))-methyltransferase ClbA	core	AMR	AMR	LINCOSAMIDE/MACROLIDE/STREPTOGRAMIN	LINCOSAMIDE/MACROLIDE/STREPTOGRAMIN	BLASTX	349	349	100.00	97.42	349	WP_012116915.1	23S rRNA (adenine(2503)-C(8))-methyltransferase ClbA		
GCF_054456595.1		NZ_CM136899.1	273924	274841	+	mphK	macrolide 2'-phosphotransferase MphK	core	AMR	AMR	MACROLIDE	TELITHROMYCIN/TYLOSIN	BLASTX	306	306	100.00	98.37	306	WP_003246254.1	macrolide 2'-phosphotransferase MphK		
GCF_054456595.1		NZ_CM136899.1	578338	579981	-	vmlR	ABC-F type ribosomal protection protein VmlR	core	AMR	AMR	LINCOSAMIDE/PLEUROMUTILIN/STREPTOGRAMIN	LINCOMYCIN/TIAMULIN/VIRGINIAMYCIN M	BLASTX	548	547	100.00	98.54	548	WP_003234144.1	ABC-F type ribosomal protection protein VmlR		
GCF_054456595.1		NZ_CM136899.1	2624702	2625553	-	aadK	aminoglycoside 6-adenylyltransferase AadK	core	AMR	AMR	AMINOGLYCOSIDE	STREPTOMYCIN	BLASTX	284	284	100.00	97.54	284	WP_003229862.1	aminoglycoside 6-adenylyltransferase AadK		
GCF_054456595.1		NZ_CM136899.1	4097739	4098257	-	satA	streptothricin N-acetyltransferase SatA	core	AMR	AMR	STREPTOTHRICIN	STREPTOTHRICIN	BLASTX	173	173	100.00	90.17	173	WP_003242546.1	streptothricin N-acetyltransferase SatA		
GCF_054456595.1		NZ_CM136899.1	4100213	4101586	-	tet(L)	tetracycline efflux MFS transporter Tet(L)	core	AMR	AMR	TETRACYCLINE	TETRACYCLINE	EXACTX	458	458	100.00	100.00	458	WP_003242953.1	tetracycline efflux MFS transporter Tet(L)		
GCF_054462015.1		NZ_JBTLIM010000003.1	445100	445951	+	aadK	aminoglycoside 6-adenylyltransferase AadK	core	AMR	AMR	AMINOGLYCOSIDE	STREPTOMYCIN	BLASTX	284	284	100.00	97.89	284	WP_003229862.1	aminoglycoside 6-adenylyltransferase AadK		
GCF_054462015.1		NZ_JBTLIM010000004.1	372763	374403	+	vmlR	ABC-F type ribosomal protection protein VmlR	core	AMR	AMR	LINCOSAMIDE/PLEUROMUTILIN/STREPTOGRAMIN	LINCOMYCIN/TIAMULIN/VIRGINIAMYCIN M	BLASTX	547	547	100.00	98.54	547	WP_003234144.1	ABC-F type ribosomal protection protein VmlR		
GCF_054462015.1		NZ_JBTLIM010000004.1	678788	679705	-	mphK	macrolide 2'-phosphotransferase MphK	core	AMR	AMR	MACROLIDE	TELITHROMYCIN/TYLOSIN	BLASTX	306	306	100.00	97.71	306	WP_003246254.1	macrolide 2'-phosphotransferase MphK		
GCF_054462015.1		NZ_JBTLIM010000004.1	969400	970773	+	tet(L)	tetracycline efflux MFS transporter Tet(L)	core	AMR	AMR	TETRACYCLINE	TETRACYCLINE	EXACTX	458	458	100.00	100.00	458	WP_063856081.1	tetracycline efflux MFS transporter Tet(L)		
GCF_054462015.1		NZ_JBTLIM010000004.1	972756	973274	+	satA	streptothricin N-acetyltransferase SatA	core	AMR	AMR	STREPTOTHRICIN	STREPTOTHRICIN	BLASTX	173	173	100.00	90.17	173	WP_003242546.1	streptothricin N-acetyltransferase SatA		
GCF_054552515.1		NZ_CM137264.1	372763	374403	+	vmlR	ABC-F type ribosomal protection protein VmlR	core	AMR	AMR	LINCOSAMIDE/PLEUROMUTILIN/STREPTOGRAMIN	LINCOMYCIN/TIAMULIN/VIRGINIAMYCIN M	BLASTX	547	547	100.00	98.54	547	WP_003234144.1	ABC-F type ribosomal protection protein VmlR		
GCF_054552515.1		NZ_CM137264.1	678788	679705	-	mphK	macrolide 2'-phosphotransferase MphK	core	AMR	AMR	MACROLIDE	TELITHROMYCIN/TYLOSIN	BLASTX	306	306	100.00	97.71	306	WP_003246254.1	macrolide 2'-phosphotransferase MphK		
GCF_054552515.1		NZ_CM137264.1	969404	970777	+	tet(L)	tetracycline efflux MFS transporter Tet(L)	core	AMR	AMR	TETRACYCLINE	TETRACYCLINE	EXACTX	458	458	100.00	100.00	458	WP_063856081.1	tetracycline efflux MFS transporter Tet(L)		
GCF_054552515.1		NZ_CM137264.1	972760	973278	+	satA	streptothricin N-acetyltransferase SatA	core	AMR	AMR	STREPTOTHRICIN	STREPTOTHRICIN	BLASTX	173	173	100.00	90.17	173	WP_003242546.1	streptothricin N-acetyltransferase SatA		
GCF_054552515.1		NZ_CM137264.1	2427073	2427924	+	aadK	aminoglycoside 6-adenylyltransferase AadK	core	AMR	AMR	AMINOGLYCOSIDE	STREPTOMYCIN	BLASTX	284	284	100.00	97.89	284	WP_003229862.1	aminoglycoside 6-adenylyltransferase AadK		
GCF_054552535.1		NZ_CM137265.1	1008690	1009208	-	satA	streptothricin N-acetyltransferase SatA	core	AMR	AMR	STREPTOTHRICIN	STREPTOTHRICIN	BLASTX	173	173	100.00	90.17	173	WP_003242546.1	streptothricin N-acetyltransferase SatA		
GCF_054552535.1		NZ_CM137265.1	1011191	1012564	-	tet(L)	tetracycline efflux MFS transporter Tet(L)	core	AMR	AMR	TETRACYCLINE	TETRACYCLINE	EXACTX	458	458	100.00	100.00	458	WP_063856081.1	tetracycline efflux MFS transporter Tet(L)		
GCF_054552535.1		NZ_CM137265.1	1302260	1303177	+	mphK	macrolide 2'-phosphotransferase MphK	core	AMR	AMR	MACROLIDE	TELITHROMYCIN/TYLOSIN	BLASTX	306	306	100.00	97.71	306	WP_003246254.1	macrolide 2'-phosphotransferase MphK		
GCF_054552535.1		NZ_CM137265.1	1607562	1609202	-	vmlR	ABC-F type ribosomal protection protein VmlR	core	AMR	AMR	LINCOSAMIDE/PLEUROMUTILIN/STREPTOGRAMIN	LINCOMYCIN/TIAMULIN/VIRGINIAMYCIN M	BLASTX	547	547	100.00	98.54	547	WP_003234144.1	ABC-F type ribosomal protection protein VmlR		
GCF_054552535.1		NZ_CM137265.1	3731308	3732159	-	aadK	aminoglycoside 6-adenylyltransferase AadK	core	AMR	AMR	AMINOGLYCOSIDE	STREPTOMYCIN	BLASTX	284	284	100.00	97.89	284	WP_003229862.1	aminoglycoside 6-adenylyltransferase AadK		
GCF_054552595.1		NZ_CM137268.1	3171009	3171665	-	cat86	type A-6 chloramphenicol O-acetyltransferase Cat86	core	AMR	AMR	PHENICOL	CHLORAMPHENICOL	BLASTX	219	220	100.00	90.91	220	WP_050945244.1	type A-6 chloramphenicol O-acetyltransferase Cat86		
GCF_054552615.1		NZ_CM137269.1	372762	374402	+	vmlR	ABC-F type ribosomal protection protein VmlR	core	AMR	AMR	LINCOSAMIDE/PLEUROMUTILIN/STREPTOGRAMIN	LINCOMYCIN/TIAMULIN/VIRGINIAMYCIN M	BLASTX	547	547	100.00	98.54	547	WP_003234144.1	ABC-F type ribosomal protection protein VmlR		
GCF_054552615.1		NZ_CM137269.1	678786	679703	-	mphK	macrolide 2'-phosphotransferase MphK	core	AMR	AMR	MACROLIDE	TELITHROMYCIN/TYLOSIN	BLASTX	306	306	100.00	97.71	306	WP_003246254.1	macrolide 2'-phosphotransferase MphK		
GCF_054552615.1		NZ_CM137269.1	969402	970775	+	tet(L)	tetracycline efflux MFS transporter Tet(L)	core	AMR	AMR	TETRACYCLINE	TETRACYCLINE	EXACTX	458	458	100.00	100.00	458	WP_063856081.1	tetracycline efflux MFS transporter Tet(L)		
GCF_054552615.1		NZ_CM137269.1	972758	973276	+	satA	streptothricin N-acetyltransferase SatA	core	AMR	AMR	STREPTOTHRICIN	STREPTOTHRICIN	BLASTX	173	173	100.00	90.17	173	WP_003242546.1	streptothricin N-acetyltransferase SatA		
GCF_054552615.1		NZ_CM137269.1	2427069	2427920	+	aadK	aminoglycoside 6-adenylyltransferase AadK	core	AMR	AMR	AMINOGLYCOSIDE	STREPTOMYCIN	BLASTX	284	284	100.00	97.89	284	WP_003229862.1	aminoglycoside 6-adenylyltransferase AadK		
GCF_054570475.1		NZ_JBTMZT010000002.1	259126	259818	+	vanR-F	vancomycin resistance response regulator transcription factor VanR-F	core	AMR	AMR	GLYCOPEPTIDE	VANCOMYCIN	BLASTX	231	231	100.00	95.67	231	WP_006285581.1	vancomycin resistance response regulator transcription factor VanR-F		
GCF_054570475.1		NZ_JBTMZT010000002.1	259814	260908	+	vanS-F	vancomycin resistance histidine kinase VanS-F	core	AMR	AMR	GLYCOPEPTIDE	VANCOMYCIN	BLASTX	365	365	100.00	95.89	365	WP_006285582.1	vancomycin resistance histidine kinase VanS-F		
GCF_054570475.1		NZ_JBTMZT010000003.1	395731	396573	+	mleBCB	BCB family alpha/beta fold macrolide esterase	core	AMR	AMR	MACROLIDE	TYLOSIN	BLASTX	281	287	97.91	90.04	281	WP_459076516.1	BCB family alpha/beta fold macrolide esterase		
GCF_054816535.1		NZ_CM139243.1	533838	534884	+	clbA	23S rRNA (adenine(2503)-C(8))-methyltransferase ClbA	core	AMR	AMR	LINCOSAMIDE/MACROLIDE/STREPTOGRAMIN	LINCOSAMIDE/MACROLIDE/STREPTOGRAMIN	BLASTX	349	349	100.00	99.43	349	WP_012116915.1	23S rRNA (adenine(2503)-C(8))-methyltransferase ClbA		
GCF_054816535.1		NZ_CM139243.1	2549314	2549832	-	satA	streptothricin N-acetyltransferase SatA	core	AMR	AMR	STREPTOTHRICIN	STREPTOTHRICIN	BLASTX	173	173	100.00	80.35	173	WP_003242546.1	streptothricin N-acetyltransferase SatA		
GCF_054850045.1		NZ_JBTWEL010000001.1	313186	313704	+	satA	streptothricin N-acetyltransferase SatA	core	AMR	AMR	STREPTOTHRICIN	STREPTOTHRICIN	BLASTX	173	173	100.00	79.77	173	WP_003242546.1	streptothricin N-acetyltransferase SatA		
GCF_054850195.1		NZ_CM141452.1	1976321	1976734	+	fosB	FosBx1 family fosfomycin resistance bacillithiol transferase	core	AMR	AMR	FOSFOMYCIN	FOSFOMYCIN	EXACTX	138	138	100.00	100.00	138	WP_000943772.1	FosBx1 family fosfomycin resistance bacillithiol transferase		
GCF_054850195.1		NZ_CM141452.1	2452280	2453197	+	bla	class A beta-lactamase Bla1	core	AMR	AMR	BETA-LACTAM	BETA-LACTAM	BLASTX	306	306	100.00	97.71	306	WP_063842248.1	class A beta-lactamase Bla1		
GCF_054850195.1		NZ_CM141452.1	3095106	3095657	+	satA	streptothricin N-acetyltransferase SatA	core	AMR	AMR	STREPTOTHRICIN	STREPTOTHRICIN	BLASTX	184	184	98.91	89.13	184	WP_000054744.1	streptothricin N-acetyltransferase SatA		
GCF_054850195.1		NZ_CM141452.1	3408224	3408994	-	bla2	BcII family subclass B1 metallo-beta-lactamase	core	AMR	AMR	BETA-LACTAM	CARBAPENEM	BLASTX	257	257	100.00	93.39	257	WP_063839879.1	BcII family subclass B1 metallo-beta-lactamase		
GCF_054889435.1		NZ_CM142684.1	533453	534499	+	clbA	23S rRNA (adenine(2503)-C(8))-methyltransferase ClbA	core	AMR	AMR	LINCOSAMIDE/MACROLIDE/STREPTOGRAMIN	LINCOSAMIDE/MACROLIDE/STREPTOGRAMIN	BLASTX	349	349	100.00	97.13	349	WP_012116915.1	23S rRNA (adenine(2503)-C(8))-methyltransferase ClbA		
GCF_054889435.1		NZ_CM142684.1	2589154	2589672	-	satA	streptothricin N-acetyltransferase SatA	core	AMR	AMR	STREPTOTHRICIN	STREPTOTHRICIN	BLASTX	173	173	100.00	79.77	173	WP_003242546.1	streptothricin N-acetyltransferase SatA		
GCF_054900515.1		NZ_CM142729.1	504688	505206	+	satA	streptothricin N-acetyltransferase SatA	core	AMR	AMR	STREPTOTHRICIN	STREPTOTHRICIN	BLASTX	173	173	100.00	82.66	173	WP_003242546.1	streptothricin N-acetyltransferase SatA		
GCF_054900515.1		NZ_CM142729.1	506957	508000	+	clbA	23S rRNA (adenine(2503)-C(8))-methyltransferase ClbA	core	AMR	AMR	LINCOSAMIDE/MACROLIDE/STREPTOGRAMIN	LINCOSAMIDE/MACROLIDE/STREPTOGRAMIN	BLASTX	348	349	99.71	92.24	348	WP_012116915.1	23S rRNA (adenine(2503)-C(8))-methyltransferase ClbA		
GCF_054900515.1		NZ_CM142729.1	2304134	2304652	-	satA	streptothricin N-acetyltransferase SatA	core	AMR	AMR	STREPTOTHRICIN	STREPTOTHRICIN	BLASTX	173	173	100.00	79.77	173	WP_003242546.1	streptothricin N-acetyltransferase SatA		
GCF_054954805.1		NZ_CM143257.1	581661	582707	+	clbA	23S rRNA (adenine(2503)-C(8))-methyltransferase ClbA	core	AMR	AMR	LINCOSAMIDE/MACROLIDE/STREPTOGRAMIN	LINCOSAMIDE/MACROLIDE/STREPTOGRAMIN	BLASTX	349	349	100.00	97.42	349	WP_012116915.1	23S rRNA (adenine(2503)-C(8))-methyltransferase ClbA		
GCF_054954805.1		NZ_CM143257.1	2589011	2589529	-	satA	streptothricin N-acetyltransferase SatA	core	AMR	AMR	STREPTOTHRICIN	STREPTOTHRICIN	BLASTX	173	173	100.00	78.61	173	WP_003242546.1	streptothricin N-acetyltransferase SatA		
GCF_054966515.1		NZ_JBUQCL010000003.1	207850	208368	-	satA	streptothricin N-acetyltransferase SatA	core	AMR	AMR	STREPTOTHRICIN	STREPTOTHRICIN	BLASTX	173	173	100.00	80.35	173	WP_003242546.1	streptothricin N-acetyltransferase SatA		
GCF_054966515.1		NZ_JBUQCL010000004.1	361556	362602	+	clbA	23S rRNA (adenine(2503)-C(8))-methyltransferase ClbA	core	AMR	AMR	LINCOSAMIDE/MACROLIDE/STREPTOGRAMIN	LINCOSAMIDE/MACROLIDE/STREPTOGRAMIN	BLASTX	349	349	100.00	99.43	349	WP_012116915.1	23S rRNA (adenine(2503)-C(8))-methyltransferase ClbA		
GCF_055229245.1		NZ_JBUYWL010000004.1	126903	127295	-	satA	streptothricin N-acetyltransferase SatA	core	AMR	AMR	STREPTOTHRICIN	STREPTOTHRICIN	PARTIALX	131	173	75.72	93.13	131	WP_003242546.1	streptothricin N-acetyltransferase SatA		
GCF_055229245.1		NZ_JBUYWL010000015.1	25610	26527	-	mphK	macrolide 2'-phosphotransferase MphK	core	AMR	AMR	MACROLIDE	TELITHROMYCIN/TYLOSIN	BLASTX	306	306	100.00	97.39	306	WP_003246254.1	macrolide 2'-phosphotransferase MphK		
GCF_055229245.1		NZ_JBUYWL010000050.1	12394	13245	-	aadK	aminoglycoside 6-adenylyltransferase AadK	core	AMR	AMR	AMINOGLYCOSIDE	STREPTOMYCIN	BLASTX	284	284	100.00	97.89	284	WP_003229862.1	aminoglycoside 6-adenylyltransferase AadK		
GCF_055326565.1		NZ_JBUZOK010000008.1	127033	127425	-	satA	streptothricin N-acetyltransferase SatA	core	AMR	AMR	STREPTOTHRICIN	STREPTOTHRICIN	PARTIALX	131	173	75.72	93.13	131	WP_003242546.1	streptothricin N-acetyltransferase SatA		
GCF_055326565.1		NZ_JBUZOK010000016.1	7587	8114	-	mphK	macrolide 2'-phosphotransferase MphK	core	AMR	AMR	MACROLIDE	TELITHROMYCIN/TYLOSIN	PARTIALX	176	306	57.52	99.43	176	WP_003246254.1	macrolide 2'-phosphotransferase MphK		
GCF_055326565.1		NZ_JBUZOK010000021.1	51479	53119	-	vmlR	ABC-F type ribosomal protection protein VmlR	core	AMR	AMR	LINCOSAMIDE/PLEUROMUTILIN/STREPTOGRAMIN	LINCOMYCIN/TIAMULIN/VIRGINIAMYCIN M	INTERNAL_STOP	547	547	100.00	97.81	547	WP_003234144.1	ABC-F type ribosomal protection protein VmlR		
GCF_055326565.1		NZ_JBUZOK010000040.1	2759	3610	+	aadK	aminoglycoside 6-adenylyltransferase AadK	core	AMR	AMR	AMINOGLYCOSIDE	STREPTOMYCIN	BLASTX	284	284	100.00	97.89	284	WP_003229862.1	aminoglycoside 6-adenylyltransferase AadK		
GCF_055326625.1		NZ_JBUZOL010000008.1	127033	127425	-	satA	streptothricin N-acetyltransferase SatA	core	AMR	AMR	STREPTOTHRICIN	STREPTOTHRICIN	PARTIALX	131	173	75.72	93.13	131	WP_003242546.1	streptothricin N-acetyltransferase SatA		
GCF_055326625.1		NZ_JBUZOL010000016.1	7587	8114	-	mphK	macrolide 2'-phosphotransferase MphK	core	AMR	AMR	MACROLIDE	TELITHROMYCIN/TYLOSIN	PARTIALX	176	306	57.52	99.43	176	WP_003246254.1	macrolide 2'-phosphotransferase MphK		
GCF_055326625.1		NZ_JBUZOL010000021.1	51479	53119	-	vmlR	ABC-F type ribosomal protection protein VmlR	core	AMR	AMR	LINCOSAMIDE/PLEUROMUTILIN/STREPTOGRAMIN	LINCOMYCIN/TIAMULIN/VIRGINIAMYCIN M	INTERNAL_STOP	547	547	100.00	97.81	547	WP_003234144.1	ABC-F type ribosomal protection protein VmlR		
GCF_055326625.1		NZ_JBUZOL010000040.1	2759	3610	+	aadK	aminoglycoside 6-adenylyltransferase AadK	core	AMR	AMR	AMINOGLYCOSIDE	STREPTOMYCIN	BLASTX	284	284	100.00	97.89	284	WP_003229862.1	aminoglycoside 6-adenylyltransferase AadK		
GCF_055378645.1		NZ_AP041094.1	94764	95672	+	mphK	macrolide 2'-phosphotransferase MphK	core	AMR	AMR	MACROLIDE	TELITHROMYCIN/TYLOSIN	BLASTX	303	306	99.02	98.68	303	WP_003246254.1	macrolide 2'-phosphotransferase MphK		
GCF_055378645.1		NZ_AP041094.1	425756	427399	-	vmlR	ABC-F type ribosomal protection protein VmlR	core	AMR	AMR	LINCOSAMIDE/PLEUROMUTILIN/STREPTOGRAMIN	LINCOMYCIN/TIAMULIN/VIRGINIAMYCIN M	BLASTX	548	547	100.00	98.36	548	WP_003234144.1	ABC-F type ribosomal protection protein VmlR		
GCF_055378645.1		NZ_AP041094.1	2335908	2336759	-	aadK	aminoglycoside 6-adenylyltransferase AadK	core	AMR	AMR	AMINOGLYCOSIDE	STREPTOMYCIN	BLASTX	284	284	100.00	98.59	284	WP_003229862.1	aminoglycoside 6-adenylyltransferase AadK		
GCF_055378645.1		NZ_AP041094.1	3913204	3913722	-	satA	streptothricin N-acetyltransferase SatA	core	AMR	AMR	STREPTOTHRICIN	STREPTOTHRICIN	BLASTX	173	173	100.00	90.75	173	WP_003242546.1	streptothricin N-acetyltransferase SatA		
GCF_055378935.1		NZ_AP041091.1	270631	271539	+	mphK	macrolide 2'-phosphotransferase MphK	core	AMR	AMR	MACROLIDE	TELITHROMYCIN/TYLOSIN	BLASTX	303	306	99.02	98.68	303	WP_003246254.1	macrolide 2'-phosphotransferase MphK		
GCF_055378935.1		NZ_AP041091.1	601623	603266	-	vmlR	ABC-F type ribosomal protection protein VmlR	core	AMR	AMR	LINCOSAMIDE/PLEUROMUTILIN/STREPTOGRAMIN	LINCOMYCIN/TIAMULIN/VIRGINIAMYCIN M	BLASTX	548	547	100.00	98.36	548	WP_003234144.1	ABC-F type ribosomal protection protein VmlR		
GCF_055378935.1		NZ_AP041091.1	2511777	2512628	-	aadK	aminoglycoside 6-adenylyltransferase AadK	core	AMR	AMR	AMINOGLYCOSIDE	STREPTOMYCIN	BLASTX	284	284	100.00	98.59	284	WP_003229862.1	aminoglycoside 6-adenylyltransferase AadK		
GCF_055378935.1		NZ_AP041091.1	4089072	4089590	-	satA	streptothricin N-acetyltransferase SatA	core	AMR	AMR	STREPTOTHRICIN	STREPTOTHRICIN	BLASTX	173	173	100.00	90.75	173	WP_003242546.1	streptothricin N-acetyltransferase SatA		
GCF_055475255.1		NZ_CP110366.1	522348	522866	+	satA	streptothricin N-acetyltransferase SatA	core	AMR	AMR	STREPTOTHRICIN	STREPTOTHRICIN	BLASTX	173	173	100.00	83.82	173	WP_003242546.1	streptothricin N-acetyltransferase SatA		
GCF_055690625.1		NZ_CM146089.1	1522916	1523443	+	satA	streptothricin N-acetyltransferase SatA	core	AMR	AMR	STREPTOTHRICIN	STREPTOTHRICIN	INTERNAL_STOP	176	173	100.00	78.41	176	WP_003242546.1	streptothricin N-acetyltransferase SatA		
GCF_055690645.1		NZ_CM146090.1	3582232	3583278	-	clbA	23S rRNA (adenine(2503)-C(8))-methyltransferase ClbA	core	AMR	AMR	LINCOSAMIDE/MACROLIDE/STREPTOGRAMIN	LINCOSAMIDE/MACROLIDE/STREPTOGRAMIN	BLASTX	349	349	100.00	97.42	349	WP_012116915.1	23S rRNA (adenine(2503)-C(8))-methyltransferase ClbA		
GCF_055690665.1		NZ_CM146091.1	2610300	2610818	-	satA	streptothricin N-acetyltransferase SatA	core	AMR	AMR	STREPTOTHRICIN	STREPTOTHRICIN	BLASTX	173	173	100.00	79.77	173	WP_003242546.1	streptothricin N-acetyltransferase SatA		
GCF_055690685.1		NZ_CM146092.1	234767	235684	+	mphK	macrolide 2'-phosphotransferase MphK	core	AMR	AMR	MACROLIDE	TELITHROMYCIN/TYLOSIN	BLASTX	306	306	100.00	97.71	306	WP_003246254.1	macrolide 2'-phosphotransferase MphK		
GCF_055690685.1		NZ_CM146092.1	540069	541709	-	vmlR	ABC-F type ribosomal protection protein VmlR	core	AMR	AMR	LINCOSAMIDE/PLEUROMUTILIN/STREPTOGRAMIN	LINCOMYCIN/TIAMULIN/VIRGINIAMYCIN M	BLASTX	547	547	100.00	98.54	547	WP_003234144.1	ABC-F type ribosomal protection protein VmlR		
GCF_055690685.1		NZ_CM146092.1	2664451	2665302	-	aadK	aminoglycoside 6-adenylyltransferase AadK	core	AMR	AMR	AMINOGLYCOSIDE	STREPTOMYCIN	BLASTX	284	284	100.00	97.89	284	WP_003229862.1	aminoglycoside 6-adenylyltransferase AadK		
GCF_055690685.1		NZ_CM146092.1	4119095	4119613	-	satA	streptothricin N-acetyltransferase SatA	core	AMR	AMR	STREPTOTHRICIN	STREPTOTHRICIN	BLASTX	173	173	100.00	90.17	173	WP_003242546.1	streptothricin N-acetyltransferase SatA		
GCF_055690685.1		NZ_CM146092.1	4121596	4122969	-	tet(L)	tetracycline efflux MFS transporter Tet(L)	core	AMR	AMR	TETRACYCLINE	TETRACYCLINE	EXACTX	458	458	100.00	100.00	458	WP_063856081.1	tetracycline efflux MFS transporter Tet(L)		
GCF_055709905.1		NZ_JBVQSM010000001.1	1121541	1122059	-	satA	streptothricin N-acetyltransferase SatA	core	AMR	AMR	STREPTOTHRICIN	STREPTOTHRICIN	BLASTX	173	173	100.00	79.77	173	WP_003242546.1	streptothricin N-acetyltransferase SatA		
GCF_055793445.1		NZ_CM147710.1	1964445	1964858	+	fosB	FosBx1 family fosfomycin resistance bacillithiol transferase	core	AMR	AMR	FOSFOMYCIN	FOSFOMYCIN	EXACTX	138	138	100.00	100.00	138	WP_000943772.1	FosBx1 family fosfomycin resistance bacillithiol transferase		
GCF_055793445.1		NZ_CM147710.1	2425950	2426867	+	bla	class A beta-lactamase Bla1	core	AMR	AMR	BETA-LACTAM	BETA-LACTAM	BLASTX	306	306	100.00	97.71	306	WP_063842248.1	class A beta-lactamase Bla1		
GCF_055793445.1		NZ_CM147710.1	3032850	3033401	+	satA	streptothricin N-acetyltransferase SatA	core	AMR	AMR	STREPTOTHRICIN	STREPTOTHRICIN	BLASTX	184	184	98.91	89.13	184	WP_000054744.1	streptothricin N-acetyltransferase SatA		
GCF_055793445.1		NZ_CM147710.1	3325695	3326465	-	bla2	BcII family subclass B1 metallo-beta-lactamase	core	AMR	AMR	BETA-LACTAM	CARBAPENEM	BLASTX	257	257	100.00	93.39	257	WP_063839879.1	BcII family subclass B1 metallo-beta-lactamase		
GCF_055801795.1		NZ_CM147839.1	273016	273933	+	mphK	macrolide 2'-phosphotransferase MphK	core	AMR	AMR	MACROLIDE	TELITHROMYCIN/TYLOSIN	INTERNAL_STOP	306	306	100.00	98.04	306	WP_003246254.1	macrolide 2'-phosphotransferase MphK		
GCF_055801795.1		NZ_CM147839.1	588729	590354	-	vmlR	ABC-F type ribosomal protection protein VmlR	core	AMR	AMR	LINCOSAMIDE/PLEUROMUTILIN/STREPTOGRAMIN	LINCOMYCIN/TIAMULIN/VIRGINIAMYCIN M	BLASTX	542	547	98.90	99.08	542	WP_003234144.1	ABC-F type ribosomal protection protein VmlR		
GCF_055801795.1		NZ_CM147839.1	2622718	2623569	-	aadK	aminoglycoside 6-adenylyltransferase AadK	core	AMR	AMR	AMINOGLYCOSIDE	STREPTOMYCIN	BLASTX	284	284	100.00	98.94	284	WP_003229862.1	aminoglycoside 6-adenylyltransferase AadK		
GCF_055801795.1		NZ_CM147839.1	4091437	4091955	-	satA	streptothricin N-acetyltransferase SatA	core	AMR	AMR	STREPTOTHRICIN	STREPTOTHRICIN	BLASTX	173	173	100.00	90.17	173	WP_003242546.1	streptothricin N-acetyltransferase SatA		
GCF_055801795.1		NZ_CM147839.1	4093911	4095284	-	tet(L)	tetracycline efflux MFS transporter Tet(L)	core	AMR	AMR	TETRACYCLINE	TETRACYCLINE	BLASTX	458	458	100.00	98.91	458	WP_063856081.1	tetracycline efflux MFS transporter Tet(L)		
GCF_055825275.1		NZ_JBVVNL010000001.1	1364926	1365693	+	bla2	BcII family subclass B1 metallo-beta-lactamase	core	AMR	AMR	BETA-LACTAM	CARBAPENEM	BLASTX	256	256	100.00	99.22	256	WP_000799223.1	BcII family subclass B1 metallo-beta-lactamase		
GCF_055825275.1		NZ_JBVVNL010000001.1	1640770	1641321	-	satA	streptothricin N-acetyltransferase SatA	core	AMR	AMR	STREPTOTHRICIN	STREPTOTHRICIN	EXACTX	184	184	100.00	100.00	184	WP_000054744.1	streptothricin N-acetyltransferase SatA		
GCF_055825275.1		NZ_JBVVNL010000001.1	2048119	2048979	-	mleBCA	BCA family alpha/beta fold macrolide esterase	core	AMR	AMR	MACROLIDE	TYLOSIN	BLASTX	287	287	100.00	95.82	287	WP_000140039.1	BCA family alpha/beta fold macrolide esterase		
GCF_055825275.1		NZ_JBVVNL010000001.1	2329029	2329946	-	bla	class A beta-lactamase Bla1	core	AMR	AMR	BETA-LACTAM	BETA-LACTAM	BLASTX	306	306	100.00	99.02	306	WP_003171307.1	class A beta-lactamase Bla1		
GCF_056008865.1		NZ_CP110367.1	522348	522866	+	satA	streptothricin N-acetyltransferase SatA	core	AMR	AMR	STREPTOTHRICIN	STREPTOTHRICIN	BLASTX	173	173	100.00	83.82	173	WP_003242546.1	streptothricin N-acetyltransferase SatA		
GCF_056033845.1		NZ_JBVYHX010000001.1	1666716	1667129	+	fosB	FosBx1 family fosfomycin resistance bacillithiol transferase	core	AMR	AMR	FOSFOMYCIN	FOSFOMYCIN	BLASTX	138	138	100.00	99.28	138	WP_000943763.1	fosfomycin resistance bacillithiol transferase FosBx1		
GCF_056033845.1		NZ_JBVYHX010000001.1	2197019	2197936	+	bla	class A beta-lactamase Bla1	core	AMR	AMR	BETA-LACTAM	BETA-LACTAM	BLASTX	306	306	100.00	95.10	306	WP_063842248.1	class A beta-lactamase Bla1		
GCF_056033845.1		NZ_JBVYHX010000001.1	2813456	2814007	+	satA	streptothricin N-acetyltransferase SatA	core	AMR	AMR	STREPTOTHRICIN	STREPTOTHRICIN	BLASTX	184	184	98.91	89.67	184	WP_000054744.1	streptothricin N-acetyltransferase SatA		
GCF_056033845.1		NZ_JBVYHX010000001.1	3043350	3043862	-	bla2	BcII family subclass B1 metallo-beta-lactamase	core	AMR	AMR	BETA-LACTAM	CARBAPENEM	PARTIALX	171	257	66.54	92.40	171	WP_012261328.1	BcII family subclass B1 metallo-beta-lactamase		
GCF_056033865.1		NZ_JBVYHY010000011.1	39326	39829	+	bla2	BcII family subclass B1 metallo-beta-lactamase	core	AMR	AMR	BETA-LACTAM	CARBAPENEM	PARTIALX	168	257	65.37	93.45	168	WP_012261328.1	BcII family subclass B1 metallo-beta-lactamase		
GCF_056033865.1		NZ_JBVYHY010000011.1	260974	261525	-	satA	streptothricin N-acetyltransferase SatA	core	AMR	AMR	STREPTOTHRICIN	STREPTOTHRICIN	BLASTX	184	184	98.91	89.13	184	WP_000054744.1	streptothricin N-acetyltransferase SatA		
GCF_056033865.1		NZ_JBVYHY010000021.1	209196	209609	-	fosB	FosBx1 family fosfomycin resistance bacillithiol transferase	core	AMR	AMR	FOSFOMYCIN	FOSFOMYCIN	BLASTX	138	138	100.00	97.83	138	WP_000943763.1	fosfomycin resistance bacillithiol transferase FosBx1		
GCF_056033865.1		NZ_JBVYHY010000026.1	672299	673216	+	bla	class A beta-lactamase Bla1	core	AMR	AMR	BETA-LACTAM	BETA-LACTAM	BLASTX	306	306	100.00	98.04	306	WP_063842248.1	class A beta-lactamase Bla1		
GCF_056033885.1		NZ_JBVYHZ010000002.1	29883	30734	-	aadK	aminoglycoside 6-adenylyltransferase AadK	core	AMR	AMR	AMINOGLYCOSIDE	STREPTOMYCIN	BLASTX	284	284	100.00	97.89	284	WP_003229862.1	aminoglycoside 6-adenylyltransferase AadK		
GCF_056033885.1		NZ_JBVYHZ010000003.1	1955051	1956673	-	vmlR	ABC-F type ribosomal protection protein VmlR	core	AMR	AMR	LINCOSAMIDE/PLEUROMUTILIN/STREPTOGRAMIN	LINCOMYCIN/TIAMULIN/VIRGINIAMYCIN M	BLASTX	541	547	98.90	95.56	541	WP_003234144.1	ABC-F type ribosomal protection protein VmlR		
GCF_056033885.1		NZ_JBVYHZ010000004.1	265695	266612	+	mphK	macrolide 2'-phosphotransferase MphK	core	AMR	AMR	MACROLIDE	TELITHROMYCIN/TYLOSIN	BLASTX	306	306	100.00	97.71	306	WP_003246254.1	macrolide 2'-phosphotransferase MphK		
GCF_056033885.1		NZ_JBVYHZ010000004.1	2076880	2077398	-	satA	streptothricin N-acetyltransferase SatA	core	AMR	AMR	STREPTOTHRICIN	STREPTOTHRICIN	BLASTX	173	173	100.00	90.75	173	WP_003242546.1	streptothricin N-acetyltransferase SatA		
GCF_056033925.1		NZ_JBVYIB010000002.1	267755	268672	+	mphK	macrolide 2'-phosphotransferase MphK	core	AMR	AMR	MACROLIDE	TELITHROMYCIN/TYLOSIN	BLASTX	306	306	100.00	97.71	306	WP_003246254.1	macrolide 2'-phosphotransferase MphK		
GCF_056033925.1		NZ_JBVYIB010000002.1	614915	616537	-	vmlR	ABC-F type ribosomal protection protein VmlR	core	AMR	AMR	LINCOSAMIDE/PLEUROMUTILIN/STREPTOGRAMIN	LINCOMYCIN/TIAMULIN/VIRGINIAMYCIN M	BLASTX	541	547	98.90	95.56	541	WP_003234144.1	ABC-F type ribosomal protection protein VmlR		
GCF_056033925.1		NZ_JBVYIB010000002.1	2566076	2566927	-	aadK	aminoglycoside 6-adenylyltransferase AadK	core	AMR	AMR	AMINOGLYCOSIDE	STREPTOMYCIN	BLASTX	284	284	100.00	97.89	284	WP_003229862.1	aminoglycoside 6-adenylyltransferase AadK		
GCF_056033925.1		NZ_JBVYIB010000002.1	4034938	4035456	-	satA	streptothricin N-acetyltransferase SatA	core	AMR	AMR	STREPTOTHRICIN	STREPTOTHRICIN	BLASTX	173	173	100.00	90.75	173	WP_003242546.1	streptothricin N-acetyltransferase SatA		
GCF_056156505.1		NZ_JBWBFO010000001.1	1784478	1785329	-	aadK	aminoglycoside 6-adenylyltransferase AadK	core	AMR	AMR	AMINOGLYCOSIDE	STREPTOMYCIN	EXACTX	284	284	100.00	100.00	284	WP_003229862.1	aminoglycoside 6-adenylyltransferase AadK		
GCF_056156505.1		NZ_JBWBFO010000002.1	36394	37767	+	tet(L)	tetracycline efflux MFS transporter Tet(L)	core	AMR	AMR	TETRACYCLINE	TETRACYCLINE	EXACTX	458	458	100.00	100.00	458	WP_003242953.1	tetracycline efflux MFS transporter Tet(L)		
GCF_056156505.1		NZ_JBWBFO010000002.1	39770	40288	+	satA	streptothricin N-acetyltransferase SatA	core	AMR	AMR	STREPTOTHRICIN	STREPTOTHRICIN	EXACTX	173	173	100.00	100.00	173	WP_003242546.1	streptothricin N-acetyltransferase SatA		
GCF_056156505.1		NZ_JBWBFO010000003.1	99649	100566	+	mphK	macrolide 2'-phosphotransferase MphK	core	AMR	AMR	MACROLIDE	TELITHROMYCIN/TYLOSIN	EXACTX	306	306	100.00	100.00	306	WP_003246254.1	macrolide 2'-phosphotransferase MphK		
GCF_056156505.1		NZ_JBWBFO010000003.1	428549	430189	-	vmlR	ABC-F type ribosomal protection protein VmlR	core	AMR	AMR	LINCOSAMIDE/PLEUROMUTILIN/STREPTOGRAMIN	LINCOMYCIN/TIAMULIN/VIRGINIAMYCIN M	EXACTX	547	547	100.00	100.00	547	WP_003234144.1	ABC-F type ribosomal protection protein VmlR		
GCF_056312695.1		NZ_CM149989.1	531458	531976	+	satA	streptothricin N-acetyltransferase SatA	core	AMR	AMR	STREPTOTHRICIN	STREPTOTHRICIN	BLASTX	173	173	100.00	82.66	173	WP_003242546.1	streptothricin N-acetyltransferase SatA		
GCF_056312695.1		NZ_CM149989.1	533727	534770	+	clbA	23S rRNA (adenine(2503)-C(8))-methyltransferase ClbA	core	AMR	AMR	LINCOSAMIDE/MACROLIDE/STREPTOGRAMIN	LINCOSAMIDE/MACROLIDE/STREPTOGRAMIN	BLASTX	348	349	99.71	92.24	348	WP_012116915.1	23S rRNA (adenine(2503)-C(8))-methyltransferase ClbA		
GCF_056312695.1		NZ_CM149989.1	2579610	2580128	-	satA	streptothricin N-acetyltransferase SatA	core	AMR	AMR	STREPTOTHRICIN	STREPTOTHRICIN	BLASTX	173	173	100.00	79.77	173	WP_003242546.1	streptothricin N-acetyltransferase SatA		
GCF_056377955.1		NZ_JBLRVV010000001.1	1057931	1058449	-	satA	streptothricin N-acetyltransferase SatA	core	AMR	AMR	STREPTOTHRICIN	STREPTOTHRICIN	BLASTX	173	173	100.00	90.17	173	WP_003242546.1	streptothricin N-acetyltransferase SatA		
GCF_056377955.1		NZ_JBLRVV010000001.1	1060406	1061779	-	tet(L)	tetracycline efflux MFS transporter Tet(L)	core	AMR	AMR	TETRACYCLINE	TETRACYCLINE	BLASTX	458	458	100.00	98.91	458	WP_063856081.1	tetracycline efflux MFS transporter Tet(L)		
GCF_056377955.1		NZ_JBLRVV010000003.1	602830	603681	-	aadK	aminoglycoside 6-adenylyltransferase AadK	core	AMR	AMR	AMINOGLYCOSIDE	STREPTOMYCIN	BLASTX	284	284	100.00	98.59	284	WP_003229862.1	aminoglycoside 6-adenylyltransferase AadK		
GCF_056377955.1		NZ_JBLRVV010000005.1	29102	30742	+	vmlR	ABC-F type ribosomal protection protein VmlR	core	AMR	AMR	LINCOSAMIDE/PLEUROMUTILIN/STREPTOGRAMIN	LINCOMYCIN/TIAMULIN/VIRGINIAMYCIN M	BLASTX	547	547	100.00	98.35	547	WP_003234144.1	ABC-F type ribosomal protection protein VmlR		
GCF_056377955.1		NZ_JBLRVV010000006.1	95480	96397	+	mphK	macrolide 2'-phosphotransferase MphK	core	AMR	AMR	MACROLIDE	TELITHROMYCIN/TYLOSIN	BLASTX	306	306	100.00	98.69	306	WP_003246254.1	macrolide 2'-phosphotransferase MphK		
GCF_056395645.1		NZ_JBFTJX010000001.1	548035	548952	-	bla	class A beta-lactamase Bla1	core	AMR	AMR	BETA-LACTAM	BETA-LACTAM	BLASTX	306	306	100.00	96.08	306	WP_063842248.1	class A beta-lactamase Bla1		
GCF_056395645.1		NZ_JBFTJX010000001.1	1069610	1070023	-	fosB	FosBx1 family fosfomycin resistance bacillithiol transferase	core	AMR	AMR	FOSFOMYCIN	FOSFOMYCIN	BLASTX	138	138	100.00	99.28	138	WP_000943763.1	fosfomycin resistance bacillithiol transferase FosBx1		
GCF_056395645.1		NZ_JBFTJX010000003.1	233163	233933	-	bla2	BcII family subclass B1 metallo-beta-lactamase	core	AMR	AMR	BETA-LACTAM	CARBAPENEM	BLASTX	257	257	100.00	94.55	257	WP_063839879.1	BcII family subclass B1 metallo-beta-lactamase		
GCF_056395645.1		NZ_JBFTJX010000028.1	3984	5144	-	vanS-Pt	vancomycin resistance histidine kinase VanS-Pt	core	AMR	AMR	GLYCOPEPTIDE	VANCOMYCIN	BLASTX	387	388	99.74	90.44	387	WP_063856742.1	vancomycin resistance histidine kinase VanS-Pt		
GCF_056395645.1		NZ_JBFTJX010000028.1	5128	5820	-	vanR-A	vancomycin resistance response regulator transcription factor VanR-A	core	AMR	AMR	GLYCOPEPTIDE	VANCOMYCIN	BLASTX	231	231	100.00	93.07	231	WP_063856721.1	vancomycin resistance response regulator transcription factor VanR-A		
GCF_056396785.1		NZ_JBFTMD010000005.1	192447	192860	+	fosB	FosBx1 family fosfomycin resistance bacillithiol transferase	core	AMR	AMR	FOSFOMYCIN	FOSFOMYCIN	BLASTX	138	138	100.00	90.58	138	WP_000943763.1	fosfomycin resistance bacillithiol transferase FosBx1		
GCF_056396785.1		NZ_JBFTMD010000006.1	19757	20527	-	bla2	BcII family subclass B1 metallo-beta-lactamase	core	AMR	AMR	BETA-LACTAM	CARBAPENEM	BLASTX	257	257	100.00	98.44	257	WP_012261328.1	BcII family subclass B1 metallo-beta-lactamase		
GCF_056396785.1		NZ_JBFTMD010000016.1	1598	2515	-	bla	class A beta-lactamase Bla1	core	AMR	AMR	BETA-LACTAM	BETA-LACTAM	BLASTX	306	306	100.00	91.18	306	WP_063842248.1	class A beta-lactamase Bla1		
GCF_056396785.1		NZ_JBFTMD010000033.1	1017	1430	-	fosB	FosB family fosfomycin resistance bacillithiol transferase	core	AMR	AMR	FOSFOMYCIN	FOSFOMYCIN	BLASTX	138	138	100.00	97.10	138	WP_063851229.1	FosB family fosfomycin resistance bacillithiol transferase		
GCF_056396905.1		NZ_JBFTMH010000009.1	53361	53912	+	satA	streptothricin N-acetyltransferase SatA	core	AMR	AMR	STREPTOTHRICIN	STREPTOTHRICIN	BLASTX	184	184	98.91	89.13	184	WP_000054744.1	streptothricin N-acetyltransferase SatA		
GCF_056396905.1		NZ_JBFTMH010000075.1	10068	10481	+	fosB	FosBx1 family fosfomycin resistance bacillithiol transferase	core	AMR	AMR	FOSFOMYCIN	FOSFOMYCIN	BLASTX	138	138	100.00	99.28	138	WP_000943763.1	fosfomycin resistance bacillithiol transferase FosBx1		
GCF_056396905.1		NZ_JBFTMH010000108.1	16530	17447	-	bla	class A beta-lactamase Bla1	core	AMR	AMR	BETA-LACTAM	BETA-LACTAM	BLASTX	306	306	100.00	96.08	306	WP_063842248.1	class A beta-lactamase Bla1		
GCF_056396905.1		NZ_JBFTMH010000147.1	7591	8964	-	tet(45)	tetracycline efflux MFS transporter Tet(45)	core	AMR	AMR	TETRACYCLINE	TETRACYCLINE	BLASTX	458	458	100.00	92.14	458	WP_063855885.1	tetracycline efflux MFS transporter Tet(45)		
GCF_056396905.1		NZ_JBFTMH010000151.1	5745	6515	+	bla2	BcII family subclass B1 metallo-beta-lactamase	core	AMR	AMR	BETA-LACTAM	CARBAPENEM	BLASTX	257	257	100.00	93.00	257	WP_063839879.1	BcII family subclass B1 metallo-beta-lactamase		
GCF_056397025.1		NZ_JBFTMP010000007.1	177723	178274	-	satA	streptothricin N-acetyltransferase SatA	core	AMR	AMR	STREPTOTHRICIN	STREPTOTHRICIN	BLASTX	184	184	98.91	89.13	184	WP_000054744.1	streptothricin N-acetyltransferase SatA		
GCF_056397025.1		NZ_JBFTMP010000018.1	46991	47761	+	bla2	BcII family subclass B1 metallo-beta-lactamase	core	AMR	AMR	BETA-LACTAM	CARBAPENEM	BLASTX	257	257	100.00	93.00	257	WP_063839879.1	BcII family subclass B1 metallo-beta-lactamase		
GCF_056397025.1		NZ_JBFTMP010000028.1	82400	83773	-	tet(45)	tetracycline efflux MFS transporter Tet(45)	core	AMR	AMR	TETRACYCLINE	TETRACYCLINE	BLASTX	458	458	100.00	92.14	458	WP_063855885.1	tetracycline efflux MFS transporter Tet(45)		
GCF_056397025.1		NZ_JBFTMP010000037.1	45527	45940	-	fosB	FosBx1 family fosfomycin resistance bacillithiol transferase	core	AMR	AMR	FOSFOMYCIN	FOSFOMYCIN	BLASTX	138	138	100.00	99.28	138	WP_000943763.1	fosfomycin resistance bacillithiol transferase FosBx1		
GCF_056397025.1		NZ_JBFTMP010000039.1	17878	18795	-	bla	class A beta-lactamase Bla1	core	AMR	AMR	BETA-LACTAM	BETA-LACTAM	BLASTX	306	306	100.00	96.08	306	WP_063842248.1	class A beta-lactamase Bla1		
GCF_056398025.1		NZ_JBFTOP010000006.1	183535	184053	+	satA	streptothricin N-acetyltransferase SatA	core	AMR	AMR	STREPTOTHRICIN	STREPTOTHRICIN	BLASTX	173	173	100.00	83.82	173	WP_003242546.1	streptothricin N-acetyltransferase SatA		
GCF_056398845.1		NZ_JBFTQE010000003.1	2784	4157	+	tet(45)	tetracycline efflux MFS transporter Tet(45)	core	AMR	AMR	TETRACYCLINE	TETRACYCLINE	BLASTX	458	458	100.00	92.14	458	WP_063855885.1	tetracycline efflux MFS transporter Tet(45)		
GCF_056398845.1		NZ_JBFTQE010000016.1	22851	23402	+	satA	streptothricin N-acetyltransferase SatA	core	AMR	AMR	STREPTOTHRICIN	STREPTOTHRICIN	BLASTX	184	184	98.91	89.13	184	WP_000054744.1	streptothricin N-acetyltransferase SatA		
GCF_056398845.1		NZ_JBFTQE010000083.1	9727	10497	+	bla2	BcII family subclass B1 metallo-beta-lactamase	core	AMR	AMR	BETA-LACTAM	CARBAPENEM	BLASTX	257	257	100.00	93.00	257	WP_063839879.1	BcII family subclass B1 metallo-beta-lactamase		
GCF_056398845.1		NZ_JBFTQE010000158.1	5903	6316	+	fosB	FosBx1 family fosfomycin resistance bacillithiol transferase	core	AMR	AMR	FOSFOMYCIN	FOSFOMYCIN	BLASTX	138	138	100.00	99.28	138	WP_000943763.1	fosfomycin resistance bacillithiol transferase FosBx1		
GCF_056398845.1		NZ_JBFTQE010000174.1	5625	6542	-	bla	class A beta-lactamase Bla1	core	AMR	AMR	BETA-LACTAM	BETA-LACTAM	BLASTX	306	306	100.00	96.08	306	WP_063842248.1	class A beta-lactamase Bla1		
GCF_056399205.1		NZ_JBFTQW010000002.1	364957	365808	-	mleBCA	BCA family alpha/beta fold macrolide esterase	core	AMR	AMR	MACROLIDE	TYLOSIN	BLASTX	284	287	98.95	94.01	284	WP_000140039.1	BCA family alpha/beta fold macrolide esterase		
GCF_056399205.1		NZ_JBFTQW010000002.1	620166	621083	-	bla	class A beta-lactamase Bla1	core	AMR	AMR	BETA-LACTAM	BETA-LACTAM	BLASTX	306	306	100.00	91.18	306	WP_063842248.1	class A beta-lactamase Bla1		
GCF_056399205.1		NZ_JBFTQW010000004.1	203758	204522	-	bla2	BcII family subclass B1 metallo-beta-lactamase	core	AMR	AMR	BETA-LACTAM	CARBAPENEM	BLASTX	255	257	99.22	94.12	255	WP_012261328.1	BcII family subclass B1 metallo-beta-lactamase		
GCF_056399205.1		NZ_JBFTQW010000005.1	129890	130303	-	fosB	FosBx1 family fosfomycin resistance bacillithiol transferase	core	AMR	AMR	FOSFOMYCIN	FOSFOMYCIN	BLASTX	138	138	100.00	93.48	138	WP_000943763.1	fosfomycin resistance bacillithiol transferase FosBx1		
GCF_056399205.1		NZ_JBFTQW010000015.1	104354	104902	-	satA	streptothricin N-acetyltransferase SatA	core	AMR	AMR	STREPTOTHRICIN	STREPTOTHRICIN	BLASTX	183	184	98.91	79.78	183	WP_000054744.1	streptothricin N-acetyltransferase SatA		
GCF_056399205.1		NZ_JBFTQW010000025.1	9971	11134	-	vanS-Pt	vancomycin resistance histidine kinase VanS-Pt	core	AMR	AMR	GLYCOPEPTIDE	VANCOMYCIN	BLASTX	388	386	100.00	91.75	388	WP_063856741.1	vancomycin resistance histidine kinase VanS-Pt		
GCF_056399205.1		NZ_JBFTQW010000025.1	11118	11807	-	vanR-A	vancomycin resistance response regulator transcription factor VanR-A	core	AMR	AMR	GLYCOPEPTIDE	VANCOMYCIN	BLASTX	230	231	99.57	94.35	230	WP_063856721.1	vancomycin resistance response regulator transcription factor VanR-A		
GCF_056399565.1		NZ_JBFTRO010000006.1	47519	48037	-	satA	streptothricin N-acetyltransferase SatA	core	AMR	AMR	STREPTOTHRICIN	STREPTOTHRICIN	BLASTX	173	173	100.00	83.82	173	WP_003242546.1	streptothricin N-acetyltransferase SatA		
GCF_056401715.1		NZ_JBFUIV010000001.1	222075	222992	-	bla	class A beta-lactamase Bla1	core	AMR	AMR	BETA-LACTAM	BETA-LACTAM	BLASTX	306	306	100.00	90.85	306	WP_063842248.1	class A beta-lactamase Bla1		
GCF_056401715.1		NZ_JBFUIV010000008.1	129440	129991	+	satA	streptothricin N-acetyltransferase SatA	core	AMR	AMR	STREPTOTHRICIN	STREPTOTHRICIN	BLASTX	184	184	98.91	92.93	184	WP_000054744.1	streptothricin N-acetyltransferase SatA		
GCF_056401715.1		NZ_JBFUIV010000032.1	7488	8258	+	bla2	BcII family subclass B1 metallo-beta-lactamase	core	AMR	AMR	BETA-LACTAM	CARBAPENEM	BLASTX	257	257	100.00	98.44	257	WP_012261328.1	BcII family subclass B1 metallo-beta-lactamase		
GCF_056413905.1		NZ_CM150801.1	2608278	2608796	-	satA	streptothricin N-acetyltransferase SatA	core	AMR	AMR	STREPTOTHRICIN	STREPTOTHRICIN	BLASTX	173	173	100.00	79.19	173	WP_003242546.1	streptothricin N-acetyltransferase SatA		
GCF_056428825.1		NZ_JBWJWI010000001.1	128067	128480	-	fosB	FosBx1 family fosfomycin resistance bacillithiol transferase	core	AMR	AMR	FOSFOMYCIN	FOSFOMYCIN	EXACTX	138	138	100.00	100.00	138	WP_000943772.1	FosBx1 family fosfomycin resistance bacillithiol transferase		
GCF_056428825.1		NZ_JBWJWI010000003.1	379813	380730	-	bla	class A beta-lactamase Bla1	core	AMR	AMR	BETA-LACTAM	BETA-LACTAM	BLASTX	306	306	100.00	97.71	306	WP_063842248.1	class A beta-lactamase Bla1		
GCF_056428825.1		NZ_JBWJWI010000007.1	100503	101273	-	bla2	BcII family subclass B1 metallo-beta-lactamase	core	AMR	AMR	BETA-LACTAM	CARBAPENEM	BLASTX	257	257	100.00	93.39	257	WP_063839879.1	BcII family subclass B1 metallo-beta-lactamase		
GCF_056428825.1		NZ_JBWJWI010000014.1	140244	140795	+	satA	streptothricin N-acetyltransferase SatA	core	AMR	AMR	STREPTOTHRICIN	STREPTOTHRICIN	BLASTX	184	184	98.91	89.13	184	WP_000054744.1	streptothricin N-acetyltransferase SatA		
GCF_056428865.1		NZ_JBWJWH010000001.1	128067	128480	-	fosB	FosBx1 family fosfomycin resistance bacillithiol transferase	core	AMR	AMR	FOSFOMYCIN	FOSFOMYCIN	EXACTX	138	138	100.00	100.00	138	WP_000943772.1	FosBx1 family fosfomycin resistance bacillithiol transferase		
GCF_056428865.1		NZ_JBWJWH010000002.1	379249	380166	-	bla	class A beta-lactamase Bla1	core	AMR	AMR	BETA-LACTAM	BETA-LACTAM	BLASTX	306	306	100.00	97.71	306	WP_063842248.1	class A beta-lactamase Bla1		
GCF_056428865.1		NZ_JBWJWH010000006.1	140245	140796	+	satA	streptothricin N-acetyltransferase SatA	core	AMR	AMR	STREPTOTHRICIN	STREPTOTHRICIN	BLASTX	184	184	98.91	89.13	184	WP_000054744.1	streptothricin N-acetyltransferase SatA		
GCF_056428865.1		NZ_JBWJWH010000008.1	100503	101273	-	bla2	BcII family subclass B1 metallo-beta-lactamase	core	AMR	AMR	BETA-LACTAM	CARBAPENEM	BLASTX	257	257	100.00	93.39	257	WP_063839879.1	BcII family subclass B1 metallo-beta-lactamase		
GCF_056431345.1		NZ_JBWJWL010000001.1	143210	143980	+	bla2	BcII family subclass B1 metallo-beta-lactamase	core	AMR	AMR	BETA-LACTAM	CARBAPENEM	BLASTX	257	257	100.00	93.39	257	WP_063839879.1	BcII family subclass B1 metallo-beta-lactamase		
GCF_056431345.1		NZ_JBWJWL010000001.1	436274	436825	-	satA	streptothricin N-acetyltransferase SatA	core	AMR	AMR	STREPTOTHRICIN	STREPTOTHRICIN	BLASTX	184	184	98.91	89.13	184	WP_000054744.1	streptothricin N-acetyltransferase SatA		
GCF_056431345.1		NZ_JBWJWL010000001.1	1042525	1043442	-	bla	class A beta-lactamase Bla1	core	AMR	AMR	BETA-LACTAM	BETA-LACTAM	BLASTX	306	306	100.00	97.71	306	WP_063842248.1	class A beta-lactamase Bla1		
GCF_056431345.1		NZ_JBWJWL010000003.1	123368	123781	-	fosB	FosBx1 family fosfomycin resistance bacillithiol transferase	core	AMR	AMR	FOSFOMYCIN	FOSFOMYCIN	EXACTX	138	138	100.00	100.00	138	WP_000943772.1	FosBx1 family fosfomycin resistance bacillithiol transferase		
GCF_056437605.1		NZ_CM150842.1	1434883	1435401	+	satA	streptothricin N-acetyltransferase SatA	core	AMR	AMR	STREPTOTHRICIN	STREPTOTHRICIN	BLASTX	173	173	100.00	80.35	173	WP_003242546.1	streptothricin N-acetyltransferase SatA		
GCF_056437605.1		NZ_CM150842.1	3449831	3450877	-	clbA	23S rRNA (adenine(2503)-C(8))-methyltransferase ClbA	core	AMR	AMR	LINCOSAMIDE/MACROLIDE/STREPTOGRAMIN	LINCOSAMIDE/MACROLIDE/STREPTOGRAMIN	BLASTX	349	349	100.00	99.43	349	WP_012116915.1	23S rRNA (adenine(2503)-C(8))-methyltransferase ClbA		
GCF_056491305.1		NZ_JBSZIA010000004.1	17339	18109	-	bla2	BcII family subclass B1 metallo-beta-lactamase	core	AMR	AMR	BETA-LACTAM	CARBAPENEM	BLASTX	257	257	100.00	91.05	257	WP_012261328.1	BcII family subclass B1 metallo-beta-lactamase		
GCF_056491305.1		NZ_JBSZIA010000004.1	3826284	3827192	-	mphL	macrolide 2'-phosphotransferase MphL	core	AMR	AMR	MACROLIDE	MACROLIDE	EXACTX	303	303	100.00	100.00	303	WP_002047670.1	macrolide 2'-phosphotransferase MphL		
GCF_056491305.1		NZ_JBSZIA010000004.1	4811450	4812367	+	bla	class A beta-lactamase Bla1	core	AMR	AMR	BETA-LACTAM	BETA-LACTAM	BLASTX	306	306	100.00	92.81	306	WP_063842248.1	class A beta-lactamase Bla1		
GCF_056491305.1		NZ_JBSZIA010000004.1	5396302	5396847	+	satA	streptothricin N-acetyltransferase SatA	core	AMR	AMR	STREPTOTHRICIN	STREPTOTHRICIN	BLASTX	182	184	98.91	93.96	182	WP_000054744.1	streptothricin N-acetyltransferase SatA		
GCF_056491345.1		NZ_JBSZHY010000004.1	2391054	2391824	+	bla2	BcII family subclass B1 metallo-beta-lactamase	core	AMR	AMR	BETA-LACTAM	CARBAPENEM	BLASTX	257	257	100.00	91.44	257	WP_012261328.1	BcII family subclass B1 metallo-beta-lactamase		
GCF_056491345.1		NZ_JBSZHY010000004.1	2665773	2666318	-	satA	streptothricin N-acetyltransferase SatA	core	AMR	AMR	STREPTOTHRICIN	STREPTOTHRICIN	BLASTX	182	184	98.91	93.41	182	WP_000054744.1	streptothricin N-acetyltransferase SatA		
GCF_056491345.1		NZ_JBSZHY010000004.1	3220384	3221301	-	bla	class A beta-lactamase Bla1	core	AMR	AMR	BETA-LACTAM	BETA-LACTAM	BLASTX	306	306	100.00	92.81	306	WP_063842248.1	class A beta-lactamase Bla1		
GCF_056491345.1		NZ_JBSZHY010000004.1	4183171	4184079	+	mphL	macrolide 2'-phosphotransferase MphL	core	AMR	AMR	MACROLIDE	MACROLIDE	EXACTX	303	303	100.00	100.00	303	WP_002047670.1	macrolide 2'-phosphotransferase MphL		
GCF_056491365.1		NZ_JBSZHX010000004.1	1596031	1596939	-	mphL	macrolide 2'-phosphotransferase MphL	core	AMR	AMR	MACROLIDE	MACROLIDE	EXACTX	303	303	100.00	100.00	303	WP_002047670.1	macrolide 2'-phosphotransferase MphL		
GCF_056491365.1		NZ_JBSZHX010000004.1	2558811	2559728	+	bla	class A beta-lactamase Bla1	core	AMR	AMR	BETA-LACTAM	BETA-LACTAM	BLASTX	306	306	100.00	92.81	306	WP_063842248.1	class A beta-lactamase Bla1		
GCF_056491365.1		NZ_JBSZHX010000004.1	3113794	3114339	+	satA	streptothricin N-acetyltransferase SatA	core	AMR	AMR	STREPTOTHRICIN	STREPTOTHRICIN	BLASTX	182	184	98.91	93.41	182	WP_000054744.1	streptothricin N-acetyltransferase SatA		
GCF_056491365.1		NZ_JBSZHX010000004.1	3388287	3389057	-	bla2	BcII family subclass B1 metallo-beta-lactamase	core	AMR	AMR	BETA-LACTAM	CARBAPENEM	BLASTX	257	257	100.00	91.44	257	WP_012261328.1	BcII family subclass B1 metallo-beta-lactamase		
GCF_056491385.1		NZ_JBSZHW010000010.1	508727	509635	+	mphL	macrolide 2'-phosphotransferase MphL	core	AMR	AMR	MACROLIDE	MACROLIDE	EXACTX	303	303	100.00	100.00	303	WP_002047670.1	macrolide 2'-phosphotransferase MphL		
GCF_056491385.1		NZ_JBSZHW010000010.1	4203878	4204648	+	bla2	BcII family subclass B1 metallo-beta-lactamase	core	AMR	AMR	BETA-LACTAM	CARBAPENEM	BLASTX	257	257	100.00	91.44	257	WP_012261328.1	BcII family subclass B1 metallo-beta-lactamase		
GCF_056491385.1		NZ_JBSZHW010000010.1	4478597	4479142	-	satA	streptothricin N-acetyltransferase SatA	core	AMR	AMR	STREPTOTHRICIN	STREPTOTHRICIN	BLASTX	182	184	98.91	93.41	182	WP_000054744.1	streptothricin N-acetyltransferase SatA		
GCF_056491385.1		NZ_JBSZHW010000010.1	5033208	5034125	-	bla	class A beta-lactamase Bla1	core	AMR	AMR	BETA-LACTAM	BETA-LACTAM	BLASTX	306	306	100.00	92.81	306	WP_063842248.1	class A beta-lactamase Bla1		
GCF_056491405.1		NZ_JBSZHV010000001.1	3169723	3170493	+	bla2	BcII family subclass B1 metallo-beta-lactamase	core	AMR	AMR	BETA-LACTAM	CARBAPENEM	BLASTX	257	257	100.00	94.55	257	WP_012261328.1	BcII family subclass B1 metallo-beta-lactamase		
GCF_056491405.1		NZ_JBSZHV010000001.1	4064640	4065557	-	bla	class A beta-lactamase Bla1	core	AMR	AMR	BETA-LACTAM	BETA-LACTAM	BLASTX	306	306	100.00	92.48	306	WP_063842248.1	class A beta-lactamase Bla1		
GCF_056491405.1		NZ_JBSZHV010000001.1	4926979	4927887	+	mphL	macrolide 2'-phosphotransferase MphL	core	AMR	AMR	MACROLIDE	MACROLIDE	BLASTX	303	303	100.00	98.02	303	WP_002047670.1	macrolide 2'-phosphotransferase MphL		
GCF_056519215.1		NZ_CM152438.1	266094	266999	+	mphK	macrolide 2'-phosphotransferase MphK	core	AMR	AMR	MACROLIDE	TELITHROMYCIN/TYLOSIN	BLASTX	302	306	98.69	85.43	302	WP_003246254.1	macrolide 2'-phosphotransferase MphK		
GCF_056521245.1		NZ_CM152442.1	2001212	2001625	+	fosB	FosBx1 family fosfomycin resistance bacillithiol transferase	core	AMR	AMR	FOSFOMYCIN	FOSFOMYCIN	EXACTX	138	138	100.00	100.00	138	WP_000943772.1	FosBx1 family fosfomycin resistance bacillithiol transferase		
GCF_056521245.1		NZ_CM152442.1	2462690	2463607	+	bla	class A beta-lactamase Bla1	core	AMR	AMR	BETA-LACTAM	BETA-LACTAM	BLASTX	306	306	100.00	97.71	306	WP_063842248.1	class A beta-lactamase Bla1		
GCF_056521245.1		NZ_CM152442.1	3069589	3070140	+	satA	streptothricin N-acetyltransferase SatA	core	AMR	AMR	STREPTOTHRICIN	STREPTOTHRICIN	BLASTX	184	184	98.91	89.13	184	WP_000054744.1	streptothricin N-acetyltransferase SatA		
GCF_056521245.1		NZ_CM152442.1	3362434	3363204	-	bla2	BcII family subclass B1 metallo-beta-lactamase	core	AMR	AMR	BETA-LACTAM	CARBAPENEM	BLASTX	257	257	100.00	93.39	257	WP_063839879.1	BcII family subclass B1 metallo-beta-lactamase		
GCF_056640695.1		NZ_CM153252.1	1407532	1408578	-	clbA	23S rRNA (adenine(2503)-C(8))-methyltransferase ClbA	core	AMR	AMR	LINCOSAMIDE/MACROLIDE/STREPTOGRAMIN	LINCOSAMIDE/MACROLIDE/STREPTOGRAMIN	BLASTX	349	349	100.00	99.43	349	WP_012116915.1	23S rRNA (adenine(2503)-C(8))-methyltransferase ClbA		
GCF_056640695.1		NZ_CM153252.1	3399802	3400320	+	satA	streptothricin N-acetyltransferase SatA	core	AMR	AMR	STREPTOTHRICIN	STREPTOTHRICIN	BLASTX	173	173	100.00	79.77	173	WP_003242546.1	streptothricin N-acetyltransferase SatA		
GCF_056674955.1		NZ_JBWWSR010000001.1	377270	377788	+	satA	streptothricin N-acetyltransferase SatA	core	AMR	AMR	STREPTOTHRICIN	STREPTOTHRICIN	BLASTX	173	173	100.00	79.19	173	WP_003242546.1	streptothricin N-acetyltransferase SatA		
GCF_056674955.1		NZ_JBWWSR010000003.1	58076	59122	-	clbA	23S rRNA (adenine(2503)-C(8))-methyltransferase ClbA	core	AMR	AMR	LINCOSAMIDE/MACROLIDE/STREPTOGRAMIN	LINCOSAMIDE/MACROLIDE/STREPTOGRAMIN	BLASTX	349	349	100.00	98.85	349	WP_012116915.1	23S rRNA (adenine(2503)-C(8))-methyltransferase ClbA		
GCF_056711665.1		NZ_JBWYHD010000004.1	215715	216566	+	mleBCB	BCB family alpha/beta fold macrolide esterase	core	AMR	AMR	MACROLIDE	TYLOSIN	BLASTX	284	287	100.00	91.99	287	WP_459076516.1	BCB family alpha/beta fold macrolide esterase		
GCF_056725985.1		NZ_CM161531.1	523246	524292	+	clbA	23S rRNA (adenine(2503)-C(8))-methyltransferase ClbA	core	AMR	AMR	LINCOSAMIDE/MACROLIDE/STREPTOGRAMIN	LINCOSAMIDE/MACROLIDE/STREPTOGRAMIN	BLASTX	349	349	100.00	97.42	349	WP_012116915.1	23S rRNA (adenine(2503)-C(8))-methyltransferase ClbA		
GCF_056725985.1		NZ_CM161531.1	2634458	2634976	-	satA	streptothricin N-acetyltransferase SatA	core	AMR	AMR	STREPTOTHRICIN	STREPTOTHRICIN	BLASTX	173	173	100.00	80.35	173	WP_003242546.1	streptothricin N-acetyltransferase SatA		
GCF_056775555.1		NZ_JBWDLG010000001.1	336832	337692	-	mleBCA	BCA family alpha/beta fold macrolide esterase	core	AMR	AMR	MACROLIDE	TYLOSIN	BLASTX	287	287	100.00	95.47	287	WP_000140039.1	BCA family alpha/beta fold macrolide esterase		
GCF_056775555.1		NZ_JBWDLG010000001.1	537325	538242	-	bla	class A beta-lactamase Bla1	core	AMR	AMR	BETA-LACTAM	BETA-LACTAM	BLASTX	306	306	100.00	92.48	306	WP_003171307.1	class A beta-lactamase Bla1		
GCF_056775555.1		NZ_JBWDLG010000001.1	991319	991732	-	fosB	FosBx1 family fosfomycin resistance bacillithiol transferase	core	AMR	AMR	FOSFOMYCIN	FOSFOMYCIN	BLASTX	138	138	100.00	90.58	138	WP_000943763.1	fosfomycin resistance bacillithiol transferase FosBx1		
GCF_056775555.1		NZ_JBWDLG010000004.1	67569	68114	+	satA	streptothricin N-acetyltransferase SatA	core	AMR	AMR	STREPTOTHRICIN	STREPTOTHRICIN	BLASTX	182	184	98.91	92.31	182	WP_000054744.1	streptothricin N-acetyltransferase SatA		
GCF_056775555.1		NZ_JBWDLG010000004.1	337876	338646	-	bla2	BcII family subclass B1 metallo-beta-lactamase	core	AMR	AMR	BETA-LACTAM	CARBAPENEM	BLASTX	257	257	100.00	91.44	257	WP_063839879.1	BcII family subclass B1 metallo-beta-lactamase		
GCF_056775555.1		NZ_JBWDLG010000007.1	139504	140196	-	vanR-A	vancomycin resistance response regulator transcription factor VanR-A	core	AMR	AMR	GLYCOPEPTIDE	VANCOMYCIN	BLASTX	231	231	100.00	91.77	231	WP_063856721.1	vancomycin resistance response regulator transcription factor VanR-A		
GCF_056777085.1		NZ_JBWYHC010000001.1	1634350	1635201	-	aadK	aminoglycoside 6-adenylyltransferase AadK	core	AMR	AMR	AMINOGLYCOSIDE	STREPTOMYCIN	BLASTX	284	284	100.00	93.66	284	WP_003229862.1	aminoglycoside 6-adenylyltransferase AadK		
GCF_056777085.1		NZ_JBWYHC010000002.1	1032211	1032729	-	satA	streptothricin N-acetyltransferase SatA	core	AMR	AMR	STREPTOTHRICIN	STREPTOTHRICIN	BLASTX	173	173	100.00	98.84	173	WP_003242546.1	streptothricin N-acetyltransferase SatA		
GCF_056777085.1		NZ_JBWYHC010000002.1	1034747	1036120	-	tet(L)	tetracycline efflux MFS transporter Tet(L)	core	AMR	AMR	TETRACYCLINE	TETRACYCLINE	BLASTX	458	458	100.00	96.51	458	WP_003242953.1	tetracycline efflux MFS transporter Tet(L)		
GCF_056777085.1		NZ_JBWYHC010000004.1	28474	30111	+	vmlR	ABC-F type ribosomal protection protein VmlR	core	AMR	AMR	LINCOSAMIDE/PLEUROMUTILIN/STREPTOGRAMIN	LINCOMYCIN/TIAMULIN/VIRGINIAMYCIN M	BLASTX	546	547	99.82	96.89	546	WP_003234144.1	ABC-F type ribosomal protection protein VmlR		
GCF_056777085.1		NZ_JBWYHC010000005.1	94940	95857	+	mphK	macrolide 2'-phosphotransferase MphK	core	AMR	AMR	MACROLIDE	TELITHROMYCIN/TYLOSIN	BLASTX	306	306	100.00	91.18	306	WP_003246254.1	macrolide 2'-phosphotransferase MphK		
GCF_056784195.1		NZ_CM165876.1	275881	276798	+	mphK	macrolide 2'-phosphotransferase MphK	core	AMR	AMR	MACROLIDE	TELITHROMYCIN/TYLOSIN	BLASTX	306	306	100.00	98.37	306	WP_003246254.1	macrolide 2'-phosphotransferase MphK		
GCF_056784195.1		NZ_CM165876.1	582324	583967	-	vmlR	ABC-F type ribosomal protection protein VmlR	core	AMR	AMR	LINCOSAMIDE/PLEUROMUTILIN/STREPTOGRAMIN	LINCOMYCIN/TIAMULIN/VIRGINIAMYCIN M	BLASTX	548	547	100.00	98.72	548	WP_003234144.1	ABC-F type ribosomal protection protein VmlR		
GCF_056784195.1		NZ_CM165876.1	2683008	2683859	-	aadK	aminoglycoside 6-adenylyltransferase AadK	core	AMR	AMR	AMINOGLYCOSIDE	STREPTOMYCIN	BLASTX	284	284	100.00	97.89	284	WP_003229862.1	aminoglycoside 6-adenylyltransferase AadK		
GCF_056784195.1		NZ_CM165876.1	4159907	4160425	-	satA	streptothricin N-acetyltransferase SatA	core	AMR	AMR	STREPTOTHRICIN	STREPTOTHRICIN	BLASTX	173	173	100.00	89.60	173	WP_003242546.1	streptothricin N-acetyltransferase SatA		
GCF_056784195.1		NZ_CM165876.1	4162427	4163800	-	tet(L)	tetracycline efflux MFS transporter Tet(L)	core	AMR	AMR	TETRACYCLINE	TETRACYCLINE	EXACTX	458	458	100.00	100.00	458	WP_003242953.1	tetracycline efflux MFS transporter Tet(L)		
GCF_056832985.1		NZ_JBLWMS010000001.1	926082	926495	+	fosB	FosBx1 family fosfomycin resistance bacillithiol transferase	core	AMR	AMR	FOSFOMYCIN	FOSFOMYCIN	BLASTX	138	138	100.00	97.83	138	WP_000943763.1	fosfomycin resistance bacillithiol transferase FosBx1		
GCF_056832985.1		NZ_JBLWMS010000002.1	2787	3704	+	bla	class A beta-lactamase Bla1	core	AMR	AMR	BETA-LACTAM	BETA-LACTAM	BLASTX	306	306	100.00	95.10	306	WP_063842248.1	class A beta-lactamase Bla1		
GCF_056832985.1		NZ_JBLWMS010000002.1	638191	638742	+	satA	streptothricin N-acetyltransferase SatA	core	AMR	AMR	STREPTOTHRICIN	STREPTOTHRICIN	BLASTX	184	184	98.91	89.67	184	WP_000054744.1	streptothricin N-acetyltransferase SatA		
GCF_056832985.1		NZ_JBLWMS010000007.1	106257	107027	+	bla2	BcII family subclass B1 metallo-beta-lactamase	core	AMR	AMR	BETA-LACTAM	CARBAPENEM	BLASTX	257	257	100.00	96.50	257	WP_063839879.1	BcII family subclass B1 metallo-beta-lactamase		
GCF_057096045.1		NZ_CM169467.1	1580172	1581218	+	clbA	23S rRNA (adenine(2503)-C(8))-methyltransferase ClbA	core	AMR	AMR	LINCOSAMIDE/MACROLIDE/STREPTOGRAMIN	LINCOSAMIDE/MACROLIDE/STREPTOGRAMIN	EXACTX	349	349	100.00	100.00	349	WP_012116915.1	23S rRNA (adenine(2503)-C(8))-methyltransferase ClbA		
GCF_057162765.1		NZ_JBWYAL010000003.1	567315	567833	-	satA	streptothricin N-acetyltransferase SatA	core	AMR	AMR	STREPTOTHRICIN	STREPTOTHRICIN	BLASTX	173	173	100.00	80.35	173	WP_003242546.1	streptothricin N-acetyltransferase SatA		
GCF_057162765.1		NZ_JBWYAL010000004.1	171657	172703	+	clbA	23S rRNA (adenine(2503)-C(8))-methyltransferase ClbA	core	AMR	AMR	LINCOSAMIDE/MACROLIDE/STREPTOGRAMIN	LINCOSAMIDE/MACROLIDE/STREPTOGRAMIN	BLASTX	349	349	100.00	99.43	349	WP_012116915.1	23S rRNA (adenine(2503)-C(8))-methyltransferase ClbA		
GCF_057175425.1		NZ_CM169907.1	531027	532073	+	clbA	23S rRNA (adenine(2503)-C(8))-methyltransferase ClbA	core	AMR	AMR	LINCOSAMIDE/MACROLIDE/STREPTOGRAMIN	LINCOSAMIDE/MACROLIDE/STREPTOGRAMIN	BLASTX	349	349	100.00	97.13	349	WP_012116915.1	23S rRNA (adenine(2503)-C(8))-methyltransferase ClbA		
GCF_057220775.1		NZ_CM170135.1	543082	544128	+	clbA	23S rRNA (adenine(2503)-C(8))-methyltransferase ClbA	core	AMR	AMR	LINCOSAMIDE/MACROLIDE/STREPTOGRAMIN	LINCOSAMIDE/MACROLIDE/STREPTOGRAMIN	BLASTX	349	349	100.00	99.71	349	WP_012116915.1	23S rRNA (adenine(2503)-C(8))-methyltransferase ClbA		
GCF_057220775.1		NZ_CM170135.1	2594504	2595022	-	satA	streptothricin N-acetyltransferase SatA	core	AMR	AMR	STREPTOTHRICIN	STREPTOTHRICIN	BLASTX	173	173	100.00	79.19	173	WP_003242546.1	streptothricin N-acetyltransferase SatA		
GCF_057321065.1		NZ_JBXWLV010000001.1	269377	269790	+	fosB	FosBx1 family fosfomycin resistance bacillithiol transferase	core	AMR	AMR	FOSFOMYCIN	FOSFOMYCIN	BLASTX	138	138	100.00	90.58	138	WP_000943763.1	fosfomycin resistance bacillithiol transferase FosBx1		
GCF_057321065.1		NZ_JBXWLV010000001.1	719768	720685	+	bla	class A beta-lactamase Bla1	core	AMR	AMR	BETA-LACTAM	BETA-LACTAM	BLASTX	306	306	100.00	92.48	306	WP_003171307.1	class A beta-lactamase Bla1		
GCF_057321065.1		NZ_JBXWLV010000001.1	780465	781157	+	vanR-A	vancomycin resistance response regulator transcription factor VanR-A	core	AMR	AMR	GLYCOPEPTIDE	VANCOMYCIN	BLASTX	231	231	100.00	91.77	231	WP_063856721.1	vancomycin resistance response regulator transcription factor VanR-A		
GCF_057321065.1		NZ_JBXWLV010000001.1	967183	968043	+	mleBCA	BCA family alpha/beta fold macrolide esterase	core	AMR	AMR	MACROLIDE	TYLOSIN	EXACTX	287	287	100.00	100.00	287	WP_000140039.1	BCA family alpha/beta fold macrolide esterase		
GCF_057321065.1		NZ_JBXWLV010000001.1	1372199	1372753	+	satA	streptothricin N-acetyltransferase SatA	core	AMR	AMR	STREPTOTHRICIN	STREPTOTHRICIN	BLASTX	185	184	99.46	90.81	185	WP_000054744.1	streptothricin N-acetyltransferase SatA		
GCF_057321065.1		NZ_JBXWLV010000001.1	1650986	1651756	-	bla2	BcII family subclass B1 metallo-beta-lactamase	core	AMR	AMR	BETA-LACTAM	CARBAPENEM	BLASTX	257	257	100.00	91.44	257	WP_063839879.1	BcII family subclass B1 metallo-beta-lactamase		
GCF_057333855.1		NZ_JBHFHR010000007.1	30716	32356	+	vmlR	ABC-F type ribosomal protection protein VmlR	core	AMR	AMR	LINCOSAMIDE/PLEUROMUTILIN/STREPTOGRAMIN	LINCOMYCIN/TIAMULIN/VIRGINIAMYCIN M	INTERNAL_STOP	547	547	100.00	91.04	547	WP_003234144.1	ABC-F type ribosomal protection protein VmlR		
GCF_057333855.1		NZ_JBHFHR010000024.1	110613	111530	-	mphK	macrolide 2'-phosphotransferase MphK	core	AMR	AMR	MACROLIDE	TELITHROMYCIN/TYLOSIN	BLASTX	306	306	100.00	85.29	306	WP_003246254.1	macrolide 2'-phosphotransferase MphK		
GCF_057334035.1		NZ_JBHFIA010000012.1	241011	241781	-	bla2	BcII family subclass B1 metallo-beta-lactamase	core	AMR	AMR	BETA-LACTAM	CARBAPENEM	BLASTX	257	257	100.00	94.16	257	WP_063839879.1	BcII family subclass B1 metallo-beta-lactamase		
GCF_057334035.1		NZ_JBHFIA010000017.1	9941	10498	-	satA	streptothricin N-acetyltransferase SatA	core	AMR	AMR	STREPTOTHRICIN	STREPTOTHRICIN	BLASTX	186	184	100.00	88.71	186	WP_000054744.1	streptothricin N-acetyltransferase SatA		
GCF_057334035.1		NZ_JBHFIA010000025.1	451697	452614	-	bla	class A beta-lactamase Bla1	core	AMR	AMR	BETA-LACTAM	BETA-LACTAM	BLASTX	306	306	100.00	97.39	306	WP_063842248.1	class A beta-lactamase Bla1		
GCF_057334035.1		NZ_JBHFIA010000025.1	492788	493630	+	mleBCB	BCB family alpha/beta fold macrolide esterase	core	AMR	AMR	MACROLIDE	TYLOSIN	BLASTX	281	287	97.91	91.10	281	WP_459076516.1	BCB family alpha/beta fold macrolide esterase		
GCF_057334035.1		NZ_JBHFIA010000025.1	498480	499172	-	vanR-A	vancomycin resistance response regulator transcription factor VanR-A	core	AMR	AMR	GLYCOPEPTIDE	VANCOMYCIN	BLASTX	231	231	100.00	93.07	231	WP_063856721.1	vancomycin resistance response regulator transcription factor VanR-A		
GCF_057334035.1		NZ_JBHFIA010000036.1	215050	215463	+	fosB	FosBx1 family fosfomycin resistance bacillithiol transferase	core	AMR	AMR	FOSFOMYCIN	FOSFOMYCIN	BLASTX	138	138	100.00	99.28	138	WP_000943763.1	fosfomycin resistance bacillithiol transferase FosBx1		
GCF_057334055.1		NZ_JBHFHZ010000020.1	30682	32304	+	vmlR	ABC-F type ribosomal protection protein VmlR	core	AMR	AMR	LINCOSAMIDE/PLEUROMUTILIN/STREPTOGRAMIN	LINCOMYCIN/TIAMULIN/VIRGINIAMYCIN M	BLASTX	541	547	98.90	92.05	541	WP_003234144.1	ABC-F type ribosomal protection protein VmlR		
GCF_057334055.1		NZ_JBHFHZ010000024.1	95644	96561	+	mphK	macrolide 2'-phosphotransferase MphK	core	AMR	AMR	MACROLIDE	TELITHROMYCIN/TYLOSIN	BLASTX	306	306	100.00	85.29	306	WP_003246254.1	macrolide 2'-phosphotransferase MphK		
GCF_057334135.1		NZ_JBHFIE010000005.1	28886	30508	+	vmlR	ABC-F type ribosomal protection protein VmlR	core	AMR	AMR	LINCOSAMIDE/PLEUROMUTILIN/STREPTOGRAMIN	LINCOMYCIN/TIAMULIN/VIRGINIAMYCIN M	BLASTX	541	547	98.90	98.89	541	WP_003234144.1	ABC-F type ribosomal protection protein VmlR		
GCF_057334135.1		NZ_JBHFIE010000024.1	100586	101503	+	mphK	macrolide 2'-phosphotransferase MphK	core	AMR	AMR	MACROLIDE	TELITHROMYCIN/TYLOSIN	BLASTX	306	306	100.00	98.37	306	WP_003246254.1	macrolide 2'-phosphotransferase MphK		
GCF_057334135.1		NZ_JBHFIE010000039.1	98119	98970	+	aadK	aminoglycoside 6-adenylyltransferase AadK	core	AMR	AMR	AMINOGLYCOSIDE	STREPTOMYCIN	BLASTX	284	284	100.00	98.94	284	WP_003229862.1	aminoglycoside 6-adenylyltransferase AadK		
GCF_057334155.1		NZ_JBHFIF010000001.1	110184	110954	-	bla2	BcII family subclass B1 metallo-beta-lactamase	core	AMR	AMR	BETA-LACTAM	CARBAPENEM	BLASTX	257	257	100.00	91.44	257	WP_012261328.1	BcII family subclass B1 metallo-beta-lactamase		
GCF_057334155.1		NZ_JBHFIF010000062.1	64184	65101	+	bla	class A beta-lactamase Bla1	core	AMR	AMR	BETA-LACTAM	BETA-LACTAM	BLASTX	306	306	100.00	92.81	306	WP_063842248.1	class A beta-lactamase Bla1		
GCF_057334155.1		NZ_JBHFIF010000070.1	591	1442	+	mleBCA	BCA family alpha/beta fold macrolide esterase	core	AMR	AMR	MACROLIDE	TYLOSIN	BLASTX	284	287	98.95	93.31	284	WP_000140039.1	BCA family alpha/beta fold macrolide esterase		
GCF_057334235.1		NZ_JBHFIJ010000027.1	222465	222983	+	satA	streptothricin N-acetyltransferase SatA	core	AMR	AMR	STREPTOTHRICIN	STREPTOTHRICIN	BLASTX	173	173	100.00	79.19	173	WP_003242546.1	streptothricin N-acetyltransferase SatA		
GCF_057334235.1		NZ_JBHFIJ010000036.1	11832	12737	-	mphK	macrolide 2'-phosphotransferase MphK	core	AMR	AMR	MACROLIDE	TELITHROMYCIN/TYLOSIN	BLASTX	302	306	98.69	85.43	302	WP_003246254.1	macrolide 2'-phosphotransferase MphK		
GCF_057334255.1		NZ_JBHFIK010000018.1	105144	105662	+	satA	streptothricin N-acetyltransferase SatA	core	AMR	AMR	STREPTOTHRICIN	STREPTOTHRICIN	BLASTX	173	173	100.00	79.77	173	WP_003242546.1	streptothricin N-acetyltransferase SatA		
GCF_057334335.1		NZ_JBHFIP010000005.1	28886	30508	+	vmlR	ABC-F type ribosomal protection protein VmlR	core	AMR	AMR	LINCOSAMIDE/PLEUROMUTILIN/STREPTOGRAMIN	LINCOMYCIN/TIAMULIN/VIRGINIAMYCIN M	BLASTX	541	547	98.90	98.89	541	WP_003234144.1	ABC-F type ribosomal protection protein VmlR		
GCF_057334335.1		NZ_JBHFIP010000024.1	100586	101503	+	mphK	macrolide 2'-phosphotransferase MphK	core	AMR	AMR	MACROLIDE	TELITHROMYCIN/TYLOSIN	BLASTX	306	306	100.00	98.37	306	WP_003246254.1	macrolide 2'-phosphotransferase MphK		
GCF_057334335.1		NZ_JBHFIP010000027.1	98119	98970	+	aadK	aminoglycoside 6-adenylyltransferase AadK	core	AMR	AMR	AMINOGLYCOSIDE	STREPTOMYCIN	BLASTX	284	284	100.00	98.94	284	WP_003229862.1	aminoglycoside 6-adenylyltransferase AadK		
GCF_057334475.1		NZ_JBHFIV010000002.1	36241	37614	+	tet(L)	tetracycline efflux MFS transporter Tet(L)	core	AMR	AMR	TETRACYCLINE	TETRACYCLINE	BLASTX	458	458	100.00	98.91	458	WP_003242953.1	tetracycline efflux MFS transporter Tet(L)		
GCF_057334475.1		NZ_JBHFIV010000005.1	613665	614516	-	aadK	aminoglycoside 6-adenylyltransferase AadK	core	AMR	AMR	AMINOGLYCOSIDE	STREPTOMYCIN	BLASTX	284	284	100.00	98.94	284	WP_003229862.1	aminoglycoside 6-adenylyltransferase AadK		
GCF_057334475.1		NZ_JBHFIV010000010.1	28929	30569	+	vmlR	ABC-F type ribosomal protection protein VmlR	core	AMR	AMR	LINCOSAMIDE/PLEUROMUTILIN/STREPTOGRAMIN	LINCOMYCIN/TIAMULIN/VIRGINIAMYCIN M	BLASTX	547	547	100.00	98.54	547	WP_003234144.1	ABC-F type ribosomal protection protein VmlR		
GCF_057334475.1		NZ_JBHFIV010000010.1	371841	372758	-	mphK	macrolide 2'-phosphotransferase MphK	core	AMR	AMR	MACROLIDE	TELITHROMYCIN/TYLOSIN	INTERNAL_STOP	306	306	100.00	98.04	306	WP_003246254.1	macrolide 2'-phosphotransferase MphK		
GCF_057334495.1		NZ_JBHFIW010000003.1	15221	15739	+	satA	streptothricin N-acetyltransferase SatA	core	AMR	AMR	STREPTOTHRICIN	STREPTOTHRICIN	BLASTX	173	173	100.00	79.19	173	WP_003242546.1	streptothricin N-acetyltransferase SatA		
GCF_057334495.1		NZ_JBHFIW010000017.1	349236	350141	-	mphK	macrolide 2'-phosphotransferase MphK	core	AMR	AMR	MACROLIDE	TELITHROMYCIN/TYLOSIN	BLASTX	302	306	98.69	84.44	302	WP_003246254.1	macrolide 2'-phosphotransferase MphK		
GCF_057334575.1		NZ_JBHFJC010000002.1	161612	162409	-	blaBSU	BSU family class D beta-lactamase	core	AMR	AMR	BETA-LACTAM	BETA-LACTAM	BLASTX	266	267	99.63	90.23	266	WP_003235647.1	class D beta-lactamase BSU-1		
GCF_057334575.1		NZ_JBHFJC010000014.1	350074	350979	-	mphK	macrolide 2'-phosphotransferase MphK	core	AMR	AMR	MACROLIDE	TELITHROMYCIN/TYLOSIN	BLASTX	302	306	98.69	84.11	302	WP_003246254.1	macrolide 2'-phosphotransferase MphK		
GCF_057334615.1		NZ_JBHFJE010000005.1	28886	30508	+	vmlR	ABC-F type ribosomal protection protein VmlR	core	AMR	AMR	LINCOSAMIDE/PLEUROMUTILIN/STREPTOGRAMIN	LINCOMYCIN/TIAMULIN/VIRGINIAMYCIN M	BLASTX	541	547	98.90	98.89	541	WP_003234144.1	ABC-F type ribosomal protection protein VmlR		
GCF_057334615.1		NZ_JBHFJE010000023.1	100586	101503	+	mphK	macrolide 2'-phosphotransferase MphK	core	AMR	AMR	MACROLIDE	TELITHROMYCIN/TYLOSIN	BLASTX	306	306	100.00	98.37	306	WP_003246254.1	macrolide 2'-phosphotransferase MphK		
GCF_057334615.1		NZ_JBHFJE010000026.1	98119	98970	+	aadK	aminoglycoside 6-adenylyltransferase AadK	core	AMR	AMR	AMINOGLYCOSIDE	STREPTOMYCIN	BLASTX	284	284	100.00	98.94	284	WP_003229862.1	aminoglycoside 6-adenylyltransferase AadK		
GCF_057334635.1		NZ_JBHFJF010000002.1	105099	105617	+	satA	streptothricin N-acetyltransferase SatA	core	AMR	AMR	STREPTOTHRICIN	STREPTOTHRICIN	BLASTX	173	173	100.00	79.77	173	WP_003242546.1	streptothricin N-acetyltransferase SatA		
GCF_057654735.1		NZ_CM172806.1	565154	566200	+	clbA	23S rRNA (adenine(2503)-C(8))-methyltransferase ClbA	core	AMR	AMR	LINCOSAMIDE/MACROLIDE/STREPTOGRAMIN	LINCOSAMIDE/MACROLIDE/STREPTOGRAMIN	BLASTX	349	349	100.00	99.43	349	WP_012116915.1	23S rRNA (adenine(2503)-C(8))-methyltransferase ClbA		
GCF_057654735.1		NZ_CM172806.1	2742213	2742731	-	satA	streptothricin N-acetyltransferase SatA	core	AMR	AMR	STREPTOTHRICIN	STREPTOTHRICIN	BLASTX	173	173	100.00	79.19	173	WP_003242546.1	streptothricin N-acetyltransferase SatA		
GCF_057676625.1		NZ_JBUEEQ010000001.1	334117	334776	+	cat86	type A-6 chloramphenicol O-acetyltransferase Cat86	core	AMR	AMR	PHENICOL	CHLORAMPHENICOL	BLASTX	220	220	100.00	90.00	220	WP_050945244.1	type A-6 chloramphenicol O-acetyltransferase Cat86		
GCF_057676625.1		NZ_JBUEEQ010000001.1	1436836	1437621	-	blaBPU	BPU family class D beta-lactamase	core	AMR	AMR	BETA-LACTAM	BETA-LACTAM	BLASTX	262	262	100.00	90.08	262	WP_041816295.1	class D beta-lactamase BPU-1		
GCF_057814315.1		NZ_JBVATC010000001.1	101550	102458	+	mphL	macrolide 2'-phosphotransferase MphL	core	AMR	AMR	MACROLIDE	MACROLIDE	EXACTX	303	303	100.00	100.00	303	WP_002047670.1	macrolide 2'-phosphotransferase MphL		
GCF_057814315.1		NZ_JBVATC010000003.1	97340	98110	-	bla2	BcII family subclass B1 metallo-beta-lactamase	core	AMR	AMR	BETA-LACTAM	CARBAPENEM	BLASTX	257	257	100.00	93.00	257	WP_012261328.1	BcII family subclass B1 metallo-beta-lactamase		
GCF_057814315.1		NZ_JBVATC010000006.1	9584	10501	+	bla	class A beta-lactamase Bla1	core	AMR	AMR	BETA-LACTAM	BETA-LACTAM	BLASTX	306	306	100.00	93.14	306	WP_063842248.1	class A beta-lactamase Bla1		
GCF_057814315.1		NZ_JBVATC010000014.1	18420	18968	-	satA	streptothricin N-acetyltransferase SatA	core	AMR	AMR	STREPTOTHRICIN	STREPTOTHRICIN	BLASTX	183	184	99.46	92.35	183	WP_000054744.1	streptothricin N-acetyltransferase SatA		
GCF_058067225.1		NZ_CM176483.1	2322153	2322923	+	bla2	BcII family subclass B1 metallo-beta-lactamase	core	AMR	AMR	BETA-LACTAM	CARBAPENEM	BLASTX	257	257	100.00	93.39	257	WP_063839879.1	BcII family subclass B1 metallo-beta-lactamase		
GCF_058067225.1		NZ_CM176483.1	2620500	2621051	-	satA	streptothricin N-acetyltransferase SatA	core	AMR	AMR	STREPTOTHRICIN	STREPTOTHRICIN	BLASTX	184	184	98.91	89.13	184	WP_000054744.1	streptothricin N-acetyltransferase SatA		
GCF_058067225.1		NZ_CM176483.1	3220752	3221669	-	bla	class A beta-lactamase Bla1	core	AMR	AMR	BETA-LACTAM	BETA-LACTAM	BLASTX	306	306	100.00	97.39	306	WP_063842248.1	class A beta-lactamase Bla1		
GCF_058067225.1		NZ_CM176483.1	3681255	3681668	-	fosB	FosBx1 family fosfomycin resistance bacillithiol transferase	core	AMR	AMR	FOSFOMYCIN	FOSFOMYCIN	BLASTX	138	138	100.00	99.28	138	WP_000943763.1	fosfomycin resistance bacillithiol transferase FosBx1		
GCF_058091895.1		NZ_JBYSVM010000003.1	300046	300555	+	satA	streptothricin N-acetyltransferase SatA	core	AMR	AMR	STREPTOTHRICIN	STREPTOTHRICIN	BLASTX	170	173	100.00	78.61	173	WP_003242546.1	streptothricin N-acetyltransferase SatA		
GCF_058091895.1		NZ_JBYSVM010000005.1	305255	306160	-	mphK	macrolide 2'-phosphotransferase MphK	core	AMR	AMR	MACROLIDE	TELITHROMYCIN/TYLOSIN	BLASTX	302	306	98.69	84.44	302	WP_003246254.1	macrolide 2'-phosphotransferase MphK		
GCF_058091895.1		NZ_JBYSVM010000008.1	79287	80084	-	blaBSU	BSU family class D beta-lactamase	core	AMR	AMR	BETA-LACTAM	BETA-LACTAM	BLASTX	266	267	99.63	90.23	266	WP_003235647.1	class D beta-lactamase BSU-1		
GCF_058137905.1		NZ_CM176888.1	267300	268217	+	mphK	macrolide 2'-phosphotransferase MphK	core	AMR	AMR	MACROLIDE	TELITHROMYCIN/TYLOSIN	BLASTX	306	306	100.00	99.02	306	WP_003246254.1	macrolide 2'-phosphotransferase MphK		
GCF_058137905.1		NZ_CM176888.1	601039	602679	-	vmlR	ABC-F type ribosomal protection protein VmlR	core	AMR	AMR	LINCOSAMIDE/PLEUROMUTILIN/STREPTOGRAMIN	LINCOMYCIN/TIAMULIN/VIRGINIAMYCIN M	BLASTX	547	547	100.00	98.35	547	WP_003234144.1	ABC-F type ribosomal protection protein VmlR		
GCF_058137905.1		NZ_CM176888.1	2577583	2578434	-	aadK	aminoglycoside 6-adenylyltransferase AadK	core	AMR	AMR	AMINOGLYCOSIDE	STREPTOMYCIN	BLASTX	284	284	100.00	98.59	284	WP_003229862.1	aminoglycoside 6-adenylyltransferase AadK		
GCF_058137905.1		NZ_CM176888.1	4056874	4057392	-	satA	streptothricin N-acetyltransferase SatA	core	AMR	AMR	STREPTOTHRICIN	STREPTOTHRICIN	BLASTX	173	173	100.00	93.64	173	WP_003242546.1	streptothricin N-acetyltransferase SatA		
GCF_058167685.1		NZ_CP097805.1	553293	554339	+	clbA	23S rRNA (adenine(2503)-C(8))-methyltransferase ClbA	core	AMR	AMR	LINCOSAMIDE/MACROLIDE/STREPTOGRAMIN	LINCOSAMIDE/MACROLIDE/STREPTOGRAMIN	BLASTX	349	349	100.00	97.42	349	WP_012116915.1	23S rRNA (adenine(2503)-C(8))-methyltransferase ClbA		
GCF_058167685.1		NZ_CP097805.1	2777709	2778227	-	satA	streptothricin N-acetyltransferase SatA	core	AMR	AMR	STREPTOTHRICIN	STREPTOTHRICIN	BLASTX	173	173	100.00	80.35	173	WP_003242546.1	streptothricin N-acetyltransferase SatA		
GCF_058182495.1		NZ_CP196553.1	436137	436988	+	aadK	aminoglycoside 6-adenylyltransferase AadK	core	AMR	AMR	AMINOGLYCOSIDE	STREPTOMYCIN	BLASTX	284	284	100.00	98.24	284	WP_003229862.1	aminoglycoside 6-adenylyltransferase AadK		
GCF_058182495.1		NZ_CP196553.1	2436708	2438348	+	vmlR	ABC-F type ribosomal protection protein VmlR	core	AMR	AMR	LINCOSAMIDE/PLEUROMUTILIN/STREPTOGRAMIN	LINCOMYCIN/TIAMULIN/VIRGINIAMYCIN M	BLASTX	547	547	100.00	98.54	547	WP_003234144.1	ABC-F type ribosomal protection protein VmlR		
GCF_058182495.1		NZ_CP196553.1	2744529	2745446	-	mphK	macrolide 2'-phosphotransferase MphK	core	AMR	AMR	MACROLIDE	TELITHROMYCIN/TYLOSIN	BLASTX	306	306	100.00	97.71	306	WP_003246254.1	macrolide 2'-phosphotransferase MphK		
GCF_058182495.1		NZ_CP196553.1	3052197	3053570	+	tet(L)	tetracycline efflux MFS transporter Tet(L)	core	AMR	AMR	TETRACYCLINE	TETRACYCLINE	BLASTX	458	458	100.00	99.78	458	WP_003242953.1	tetracycline efflux MFS transporter Tet(L)		
GCF_058182495.1		NZ_CP196553.1	3055556	3056074	+	satA	streptothricin N-acetyltransferase SatA	core	AMR	AMR	STREPTOTHRICIN	STREPTOTHRICIN	BLASTX	173	173	100.00	91.33	173	WP_003242546.1	streptothricin N-acetyltransferase SatA		
GCF_058215615.1		NZ_CM177090.1	245233	246135	+	mphK	macrolide 2'-phosphotransferase MphK	core	AMR	AMR	MACROLIDE	TELITHROMYCIN/TYLOSIN	BLASTX	301	306	98.37	88.37	301	WP_003246254.1	macrolide 2'-phosphotransferase MphK		
GCF_058215615.1		NZ_CM177090.1	529840	530358	+	satA	streptothricin N-acetyltransferase SatA	core	AMR	AMR	STREPTOTHRICIN	STREPTOTHRICIN	BLASTX	173	173	100.00	84.97	173	WP_003242546.1	streptothricin N-acetyltransferase SatA		
GCF_058215615.1		NZ_CM177090.1	564145	565785	-	vmlR	ABC-F type ribosomal protection protein VmlR	core	AMR	AMR	LINCOSAMIDE/PLEUROMUTILIN/STREPTOGRAMIN	LINCOMYCIN/TIAMULIN/VIRGINIAMYCIN M	BLASTX	547	547	100.00	90.49	547	WP_003234144.1	ABC-F type ribosomal protection protein VmlR		
GCF_058215645.1		NZ_CM177092.1	83341	84243	+	mphK	macrolide 2'-phosphotransferase MphK	core	AMR	AMR	MACROLIDE	TELITHROMYCIN/TYLOSIN	BLASTX	301	306	98.37	88.37	301	WP_003246254.1	macrolide 2'-phosphotransferase MphK		
GCF_058215645.1		NZ_CM177092.1	367872	368390	+	satA	streptothricin N-acetyltransferase SatA	core	AMR	AMR	STREPTOTHRICIN	STREPTOTHRICIN	BLASTX	173	173	100.00	84.97	173	WP_003242546.1	streptothricin N-acetyltransferase SatA		
GCF_058215645.1		NZ_CM177092.1	402172	403812	-	vmlR	ABC-F type ribosomal protection protein VmlR	core	AMR	AMR	LINCOSAMIDE/PLEUROMUTILIN/STREPTOGRAMIN	LINCOMYCIN/TIAMULIN/VIRGINIAMYCIN M	BLASTX	547	547	100.00	90.49	547	WP_003234144.1	ABC-F type ribosomal protection protein VmlR		
GCF_058215675.1		NZ_CM177093.1	98941	99843	+	mphK	macrolide 2'-phosphotransferase MphK	core	AMR	AMR	MACROLIDE	TELITHROMYCIN/TYLOSIN	BLASTX	301	306	98.37	88.37	301	WP_003246254.1	macrolide 2'-phosphotransferase MphK		
GCF_058215675.1		NZ_CM177093.1	383472	383990	+	satA	streptothricin N-acetyltransferase SatA	core	AMR	AMR	STREPTOTHRICIN	STREPTOTHRICIN	BLASTX	173	173	100.00	84.97	173	WP_003242546.1	streptothricin N-acetyltransferase SatA		
GCF_058320775.1		NZ_JBLBTW010000001.1	1673907	1674425	-	satA	streptothricin N-acetyltransferase SatA	core	AMR	AMR	STREPTOTHRICIN	STREPTOTHRICIN	BLASTX	173	173	100.00	80.35	173	WP_003242546.1	streptothricin N-acetyltransferase SatA		
GCF_058320775.1		NZ_JBLBTW010000004.1	172557	173603	+	clbA	23S rRNA (adenine(2503)-C(8))-methyltransferase ClbA	core	AMR	AMR	LINCOSAMIDE/MACROLIDE/STREPTOGRAMIN	LINCOSAMIDE/MACROLIDE/STREPTOGRAMIN	BLASTX	349	349	100.00	99.43	349	WP_012116915.1	23S rRNA (adenine(2503)-C(8))-methyltransferase ClbA		
GCF_058629295.1		NZ_JBZVLY010000004.1	29104	30729	+	vmlR	ABC-F type ribosomal protection protein VmlR	core	AMR	AMR	LINCOSAMIDE/PLEUROMUTILIN/STREPTOGRAMIN	LINCOMYCIN/TIAMULIN/VIRGINIAMYCIN M	BLASTX	542	547	98.90	97.97	542	WP_003234144.1	ABC-F type ribosomal protection protein VmlR		
GCF_058629295.1		NZ_JBZVLY010000004.1	346737	347654	-	mphK	macrolide 2'-phosphotransferase MphK	core	AMR	AMR	MACROLIDE	TELITHROMYCIN/TYLOSIN	BLASTX	306	306	100.00	97.71	306	WP_003246254.1	macrolide 2'-phosphotransferase MphK		
GCF_058629295.1		NZ_JBZVLY010000007.1	68420	69271	-	aadK	aminoglycoside 6-adenylyltransferase AadK	core	AMR	AMR	AMINOGLYCOSIDE	STREPTOMYCIN	BLASTX	284	284	100.00	98.59	284	WP_003229862.1	aminoglycoside 6-adenylyltransferase AadK		
GCF_058629295.1		NZ_JBZVLY010000009.1	36631	38004	+	tet(L)	tetracycline efflux MFS transporter Tet(L)	core	AMR	AMR	TETRACYCLINE	TETRACYCLINE	BLASTX	458	458	100.00	99.13	458	WP_063856081.1	tetracycline efflux MFS transporter Tet(L)		
GCF_058629295.1		NZ_JBZVLY010000009.1	40012	40530	+	satA	streptothricin N-acetyltransferase SatA	core	AMR	AMR	STREPTOTHRICIN	STREPTOTHRICIN	INTERNAL_STOP	173	173	100.00	89.02	173	WP_003242546.1	streptothricin N-acetyltransferase SatA		
GCF_058629315.1		NZ_JBZVLZ010000001.1	34563	35936	+	tet(L)	tetracycline efflux MFS transporter Tet(L)	core	AMR	AMR	TETRACYCLINE	TETRACYCLINE	BLASTX	458	458	100.00	99.34	458	WP_063856081.1	tetracycline efflux MFS transporter Tet(L)		
GCF_058629315.1		NZ_JBZVLZ010000001.1	37950	38468	+	satA	streptothricin N-acetyltransferase SatA	core	AMR	AMR	STREPTOTHRICIN	STREPTOTHRICIN	BLASTX	173	173	100.00	90.75	173	WP_003242546.1	streptothricin N-acetyltransferase SatA		
GCF_058629315.1		NZ_JBZVLZ010000003.1	436986	437837	+	aadK	aminoglycoside 6-adenylyltransferase AadK	core	AMR	AMR	AMINOGLYCOSIDE	STREPTOMYCIN	BLASTX	284	284	100.00	98.94	284	WP_003229862.1	aminoglycoside 6-adenylyltransferase AadK		
GCF_058629315.1		NZ_JBZVLZ010000005.1	36876	38516	+	vmlR	ABC-F type ribosomal protection protein VmlR	core	AMR	AMR	LINCOSAMIDE/PLEUROMUTILIN/STREPTOGRAMIN	LINCOMYCIN/TIAMULIN/VIRGINIAMYCIN M	BLASTX	547	547	100.00	98.17	547	WP_003234144.1	ABC-F type ribosomal protection protein VmlR		
GCF_058629315.1		NZ_JBZVLZ010000006.1	109438	110355	-	mphK	macrolide 2'-phosphotransferase MphK	core	AMR	AMR	MACROLIDE	TELITHROMYCIN/TYLOSIN	BLASTX	306	306	100.00	98.04	306	WP_003246254.1	macrolide 2'-phosphotransferase MphK		
GCF_058629395.1		NZ_JBZVMA010000002.1	160428	160946	-	satA	streptothricin N-acetyltransferase SatA	core	AMR	AMR	STREPTOTHRICIN	STREPTOTHRICIN	BLASTX	173	173	100.00	78.61	173	WP_003242546.1	streptothricin N-acetyltransferase SatA		
GCF_058629395.1		NZ_JBZVMA010000007.1	173920	174966	+	clbA	23S rRNA (adenine(2503)-C(8))-methyltransferase ClbA	core	AMR	AMR	LINCOSAMIDE/MACROLIDE/STREPTOGRAMIN	LINCOSAMIDE/MACROLIDE/STREPTOGRAMIN	BLASTX	349	349	100.00	97.42	349	WP_012116915.1	23S rRNA (adenine(2503)-C(8))-methyltransferase ClbA		
GCF_058629415.1		NZ_JBZVMB010000001.1	559153	559671	-	satA	streptothricin N-acetyltransferase SatA	core	AMR	AMR	STREPTOTHRICIN	STREPTOTHRICIN	BLASTX	173	173	100.00	78.61	173	WP_003242546.1	streptothricin N-acetyltransferase SatA		
GCF_058629415.1		NZ_JBZVMB010000006.1	25462	26508	-	clbA	23S rRNA (adenine(2503)-C(8))-methyltransferase ClbA	core	AMR	AMR	LINCOSAMIDE/MACROLIDE/STREPTOGRAMIN	LINCOSAMIDE/MACROLIDE/STREPTOGRAMIN	BLASTX	349	349	100.00	99.71	349	WP_012116915.1	23S rRNA (adenine(2503)-C(8))-methyltransferase ClbA		
GCF_058629435.1		NZ_JBZVMC010000004.1	168300	168818	-	satA	streptothricin N-acetyltransferase SatA	core	AMR	AMR	STREPTOTHRICIN	STREPTOTHRICIN	BLASTX	173	173	100.00	80.35	173	WP_003242546.1	streptothricin N-acetyltransferase SatA		
GCF_058932585.1		NZ_JBZYDJ010000001.1	114808	115326	-	satA	streptothricin N-acetyltransferase SatA	core	AMR	AMR	STREPTOTHRICIN	STREPTOTHRICIN	BLASTX	173	173	100.00	78.03	173	WP_003242546.1	streptothricin N-acetyltransferase SatA		
GCF_058932585.1		NZ_JBZYDJ010000001.1	1727994	1728899	-	mphK	macrolide 2'-phosphotransferase MphK	core	AMR	AMR	MACROLIDE	TELITHROMYCIN/TYLOSIN	BLASTX	302	306	98.69	85.10	302	WP_003246254.1	macrolide 2'-phosphotransferase MphK		
GCF_058932585.1		NZ_JBZYDJ010000001.1	2528535	2529332	-	blaBSU	BSU family class D beta-lactamase	core	AMR	AMR	BETA-LACTAM	BETA-LACTAM	BLASTX	266	267	99.63	90.23	266	WP_003235647.1	class D beta-lactamase BSU-1		
GCF_059078195.1		NZ_JCACXP010000003.1	171567	171980	-	fosB	FosBx1 family fosfomycin resistance bacillithiol transferase	core	AMR	AMR	FOSFOMYCIN	FOSFOMYCIN	BLASTX	138	138	100.00	90.58	138	WP_000943763.1	fosfomycin resistance bacillithiol transferase FosBx1		
GCF_059078195.1		NZ_JCACXP010000042.1	11139	11906	-	bla2	BcII family subclass B1 metallo-beta-lactamase	core	AMR	AMR	BETA-LACTAM	CARBAPENEM	BLASTX	256	256	100.00	96.48	256	WP_000799223.1	BcII family subclass B1 metallo-beta-lactamase		
GCF_059078195.1		NZ_JCACXP010000050.1	5727	6587	-	mleBCA	BCA family alpha/beta fold macrolide esterase	core	AMR	AMR	MACROLIDE	TYLOSIN	BLASTX	287	287	100.00	93.73	287	WP_000140039.1	BCA family alpha/beta fold macrolide esterase		
GCF_059078195.1		NZ_JCACXP010000062.1	6313	7230	-	bla	class A beta-lactamase Bla1	core	AMR	AMR	BETA-LACTAM	BETA-LACTAM	BLASTX	306	306	100.00	92.81	306	WP_003171307.1	class A beta-lactamase Bla1		
GCF_059078255.1		NZ_JCACXO010000003.1	199406	199924	-	satA	streptothricin N-acetyltransferase SatA	core	AMR	AMR	STREPTOTHRICIN	STREPTOTHRICIN	BLASTX	173	173	100.00	80.35	173	WP_003242546.1	streptothricin N-acetyltransferase SatA		
GCF_059147195.1		NZ_CM181144.1	61825	62871	-	clbA	23S rRNA (adenine(2503)-C(8))-methyltransferase ClbA	core	AMR	AMR	LINCOSAMIDE/MACROLIDE/STREPTOGRAMIN	LINCOSAMIDE/MACROLIDE/STREPTOGRAMIN	BLASTX	349	349	100.00	99.71	349	WP_012116915.1	23S rRNA (adenine(2503)-C(8))-methyltransferase ClbA		
GCF_059147195.1		NZ_CM181144.1	2087451	2087969	+	satA	streptothricin N-acetyltransferase SatA	core	AMR	AMR	STREPTOTHRICIN	STREPTOTHRICIN	BLASTX	173	173	100.00	78.03	173	WP_003242546.1	streptothricin N-acetyltransferase SatA		
GCF_059147205.1		NZ_CM181145.1	237693	238211	-	satA	streptothricin N-acetyltransferase SatA	core	AMR	AMR	STREPTOTHRICIN	STREPTOTHRICIN	BLASTX	173	173	100.00	78.03	173	WP_003242546.1	streptothricin N-acetyltransferase SatA		
GCF_059147205.1		NZ_CM181145.1	1650434	1650793	-	emrC	multidrug efflux transporter outer membrane subunit EmrC	plus	AMR	AMR	QUATERNARY AMMONIUM	QUATERNARY AMMONIUM	BLASTX	120	128	93.75	80.00	120	EAC4468893.1	multidrug efflux transporter outer membrane subunit EmrC		
GCF_059147205.1		NZ_CM181145.1	2247679	2248725	+	clbA	23S rRNA (adenine(2503)-C(8))-methyltransferase ClbA	core	AMR	AMR	LINCOSAMIDE/MACROLIDE/STREPTOGRAMIN	LINCOSAMIDE/MACROLIDE/STREPTOGRAMIN	BLASTX	349	349	100.00	99.71	349	WP_012116915.1	23S rRNA (adenine(2503)-C(8))-methyltransferase ClbA		
GCF_059379545.1		NZ_CM182013.1	1211317	1211973	+	cat86	type A-6 chloramphenicol O-acetyltransferase Cat86	core	AMR	AMR	PHENICOL	CHLORAMPHENICOL	BLASTX	219	220	100.00	90.91	220	WP_050945244.1	type A-6 chloramphenicol O-acetyltransferase Cat86		
GCF_059547565.1		NZ_CM183660.1	3586777	3587682	+	mphK	macrolide 2'-phosphotransferase MphK	core	AMR	AMR	MACROLIDE	TELITHROMYCIN/TYLOSIN	BLASTX	302	306	98.69	85.43	302	WP_003246254.1	macrolide 2'-phosphotransferase MphK		
GCF_059547635.1		NZ_JCANLG010000002.1	23613	24659	+	clbA	23S rRNA (adenine(2503)-C(8))-methyltransferase ClbA	core	AMR	AMR	LINCOSAMIDE/MACROLIDE/STREPTOGRAMIN	LINCOSAMIDE/MACROLIDE/STREPTOGRAMIN	BLASTX	349	349	100.00	99.71	349	WP_012116915.1	23S rRNA (adenine(2503)-C(8))-methyltransferase ClbA		
GCF_059547635.1		NZ_JCANLG010000003.1	563684	564202	-	satA	streptothricin N-acetyltransferase SatA	core	AMR	AMR	STREPTOTHRICIN	STREPTOTHRICIN	BLASTX	173	173	100.00	79.19	173	WP_003242546.1	streptothricin N-acetyltransferase SatA		
GCF_059618005.1		NZ_CM184359.1	522834	523880	+	clbA	23S rRNA (adenine(2503)-C(8))-methyltransferase ClbA	core	AMR	AMR	LINCOSAMIDE/MACROLIDE/STREPTOGRAMIN	LINCOSAMIDE/MACROLIDE/STREPTOGRAMIN	BLASTX	349	349	100.00	97.42	349	WP_012116915.1	23S rRNA (adenine(2503)-C(8))-methyltransferase ClbA		
GCF_059618005.1		NZ_CM184359.1	2610148	2610666	-	satA	streptothricin N-acetyltransferase SatA	core	AMR	AMR	STREPTOTHRICIN	STREPTOTHRICIN	BLASTX	173	173	100.00	78.61	173	WP_003242546.1	streptothricin N-acetyltransferase SatA		
GCF_059629335.1		NZ_MLCX01000015.1	42348	43394	-	clbA	23S rRNA (adenine(2503)-C(8))-methyltransferase ClbA	core	AMR	AMR	LINCOSAMIDE/MACROLIDE/STREPTOGRAMIN	LINCOSAMIDE/MACROLIDE/STREPTOGRAMIN	BLASTX	349	349	100.00	99.71	349	WP_012116915.1	23S rRNA (adenine(2503)-C(8))-methyltransferase ClbA		
GCF_059629335.1		NZ_MLCX01000037.1	22552	23070	-	satA	streptothricin N-acetyltransferase SatA	core	AMR	AMR	STREPTOTHRICIN	STREPTOTHRICIN	BLASTX	173	173	100.00	78.03	173	WP_003242546.1	streptothricin N-acetyltransferase SatA		
GCF_059718295.1		NZ_BAAJOS010000003.1	75202	75753	+	satA	streptothricin N-acetyltransferase SatA	core	AMR	AMR	STREPTOTHRICIN	STREPTOTHRICIN	BLASTX	184	184	98.91	89.13	184	WP_000054744.1	streptothricin N-acetyltransferase SatA		
GCF_059718295.1		NZ_BAAJOS010000003.1	345372	346142	-	bla2	BcII family subclass B1 metallo-beta-lactamase	core	AMR	AMR	BETA-LACTAM	CARBAPENEM	BLASTX	257	257	100.00	94.55	257	WP_063839879.1	BcII family subclass B1 metallo-beta-lactamase		
GCF_059718295.1		NZ_BAAJOS010000005.1	298041	298454	-	fosB	FosBx1 family fosfomycin resistance bacillithiol transferase	core	AMR	AMR	FOSFOMYCIN	FOSFOMYCIN	BLASTX	138	138	100.00	97.10	138	WP_000943763.1	fosfomycin resistance bacillithiol transferase FosBx1		
GCF_059718295.1		NZ_BAAJOS010000013.1	109364	110215	-	mleBCB	BCB family alpha/beta fold macrolide esterase	core	AMR	AMR	MACROLIDE	TYLOSIN	BLASTX	284	287	100.00	91.64	287	WP_459076516.1	BCB family alpha/beta fold macrolide esterase		
GCF_059718295.1		NZ_BAAJOS010000016.1	89768	90685	-	bla	class A beta-lactamase Bla1	core	AMR	AMR	BETA-LACTAM	BETA-LACTAM	BLASTX	306	306	100.00	95.42	306	WP_063842248.1	class A beta-lactamase Bla1		
GCF_059740395.1		NZ_CM185547.1	1876417	1876830	+	fosB	FosBx1 family fosfomycin resistance bacillithiol transferase	core	AMR	AMR	FOSFOMYCIN	FOSFOMYCIN	BLASTX	138	138	100.00	98.55	138	WP_000943763.1	fosfomycin resistance bacillithiol transferase FosBx1		
GCF_059740395.1		NZ_CM185547.1	2347041	2347958	+	bla	class A beta-lactamase Bla1	core	AMR	AMR	BETA-LACTAM	BETA-LACTAM	BLASTX	306	306	100.00	96.08	306	WP_063842248.1	class A beta-lactamase Bla1		
GCF_059740395.1		NZ_CM185547.1	2995325	2995876	+	satA	streptothricin N-acetyltransferase SatA	core	AMR	AMR	STREPTOTHRICIN	STREPTOTHRICIN	BLASTX	184	184	98.91	89.67	184	WP_000054744.1	streptothricin N-acetyltransferase SatA		
GCF_059740395.1		NZ_CM185547.1	3223127	3223897	-	bla2	BcII family subclass B1 metallo-beta-lactamase	core	AMR	AMR	BETA-LACTAM	CARBAPENEM	BLASTX	257	257	100.00	93.77	257	WP_063839879.1	BcII family subclass B1 metallo-beta-lactamase		
GCF_059740395.1		NZ_JCAWNF010000002.1	1485	2858	-	tet(45)	tetracycline efflux MFS transporter Tet(45)	core	AMR	AMR	TETRACYCLINE	TETRACYCLINE	BLASTX	458	458	100.00	91.05	458	WP_063855885.1	tetracycline efflux MFS transporter Tet(45)		
GCF_059740395.1		NZ_JCAWNF010000002.1	237247	237939	+	vanR-A	vancomycin resistance response regulator transcription factor VanR-A	core	AMR	AMR	GLYCOPEPTIDE	VANCOMYCIN	BLASTX	231	231	100.00	92.64	231	WP_063856721.1	vancomycin resistance response regulator transcription factor VanR-A		
GCF_059740395.1		NZ_JCAWNF010000002.1	237923	239083	+	vanS-Pt	vancomycin resistance histidine kinase VanS-Pt	core	AMR	AMR	GLYCOPEPTIDE	VANCOMYCIN	BLASTX	387	388	99.74	90.44	387	WP_063856742.1	vancomycin resistance histidine kinase VanS-Pt		
GCF_059740425.1		NZ_CM185548.1	2673050	2673568	-	satA	streptothricin N-acetyltransferase SatA	core	AMR	AMR	STREPTOTHRICIN	STREPTOTHRICIN	BLASTX	173	173	100.00	79.77	173	WP_003242546.1	streptothricin N-acetyltransferase SatA		
GCF_059759445.1		NZ_CM186216.1	524576	525622	+	clbA	23S rRNA (adenine(2503)-C(8))-methyltransferase ClbA	core	AMR	AMR	LINCOSAMIDE/MACROLIDE/STREPTOGRAMIN	LINCOSAMIDE/MACROLIDE/STREPTOGRAMIN	BLASTX	349	349	100.00	99.43	349	WP_012116915.1	23S rRNA (adenine(2503)-C(8))-methyltransferase ClbA		
GCF_059759445.1		NZ_CM186216.1	2540050	2540568	-	satA	streptothricin N-acetyltransferase SatA	core	AMR	AMR	STREPTOTHRICIN	STREPTOTHRICIN	BLASTX	173	173	100.00	80.35	173	WP_003242546.1	streptothricin N-acetyltransferase SatA		
GCF_059760185.1		NZ_CM186220.1	2520852	2521712	+	mleBCA	BCA family alpha/beta fold macrolide esterase	core	AMR	AMR	MACROLIDE	TYLOSIN	BLASTX	287	287	100.00	95.12	287	WP_000140039.1	BCA family alpha/beta fold macrolide esterase		
GCF_059760185.1		NZ_CM186220.1	2870644	2871192	+	satA	streptothricin N-acetyltransferase SatA	core	AMR	AMR	STREPTOTHRICIN	STREPTOTHRICIN	BLASTX	183	184	99.46	89.62	183	WP_000054744.1	streptothricin N-acetyltransferase SatA		
GCF_059760185.1		NZ_CM186220.1	3117922	3118689	-	bla2	BcII family subclass B1 metallo-beta-lactamase	core	AMR	AMR	BETA-LACTAM	CARBAPENEM	BLASTX	256	256	100.00	98.83	256	WP_000799232.1	BcII family subclass B1 metallo-beta-lactamase		
GCF_059801065.1		NZ_JBBKBB010000001.1	261384	262292	+	mphK	macrolide 2'-phosphotransferase MphK	core	AMR	AMR	MACROLIDE	TELITHROMYCIN/TYLOSIN	BLASTX	303	306	99.02	98.68	303	WP_003246254.1	macrolide 2'-phosphotransferase MphK		
GCF_059801065.1		NZ_JBBKBB010000001.1	592382	594025	-	vmlR	ABC-F type ribosomal protection protein VmlR	core	AMR	AMR	LINCOSAMIDE/PLEUROMUTILIN/STREPTOGRAMIN	LINCOMYCIN/TIAMULIN/VIRGINIAMYCIN M	BLASTX	548	547	100.00	98.36	548	WP_003234144.1	ABC-F type ribosomal protection protein VmlR		
GCF_059801065.1		NZ_JBBKBB010000001.1	2503980	2504831	-	aadK	aminoglycoside 6-adenylyltransferase AadK	core	AMR	AMR	AMINOGLYCOSIDE	STREPTOMYCIN	BLASTX	284	284	100.00	98.59	284	WP_003229862.1	aminoglycoside 6-adenylyltransferase AadK		
GCF_059801065.1		NZ_JBBKBB010000001.1	4084435	4084953	-	satA	streptothricin N-acetyltransferase SatA	core	AMR	AMR	STREPTOTHRICIN	STREPTOTHRICIN	BLASTX	173	173	100.00	90.75	173	WP_003242546.1	streptothricin N-acetyltransferase SatA		
GCF_059814295.1		NZ_JCBASS010000002.1	139509	140060	+	satA	streptothricin N-acetyltransferase SatA	core	AMR	AMR	STREPTOTHRICIN	STREPTOTHRICIN	BLASTX	184	184	98.91	88.59	184	WP_000054744.1	streptothricin N-acetyltransferase SatA		
GCF_059814295.1		NZ_JCBASS010000006.1	240598	241368	+	bla2	BcII family subclass B1 metallo-beta-lactamase	core	AMR	AMR	BETA-LACTAM	CARBAPENEM	BLASTX	257	257	100.00	92.22	257	WP_063839879.1	BcII family subclass B1 metallo-beta-lactamase		
GCF_059814295.1		NZ_JCBASS010000009.1	174249	175166	-	bla	class A beta-lactamase Bla1	core	AMR	AMR	BETA-LACTAM	BETA-LACTAM	BLASTX	306	306	100.00	97.71	306	WP_063842248.1	class A beta-lactamase Bla1		
GCF_059814295.1		NZ_JCBASS010000022.1	47415	47828	+	fosB	FosBx1 family fosfomycin resistance bacillithiol transferase	core	AMR	AMR	FOSFOMYCIN	FOSFOMYCIN	BLASTX	138	138	100.00	97.83	138	WP_000943763.1	fosfomycin resistance bacillithiol transferase FosBx1		
GCF_059814395.1		NZ_JCBASU010000002.1	396779	397549	+	bla2	BcII family subclass B1 metallo-beta-lactamase	core	AMR	AMR	BETA-LACTAM	CARBAPENEM	BLASTX	257	257	100.00	93.00	257	WP_063839879.1	BcII family subclass B1 metallo-beta-lactamase		
GCF_059814395.1		NZ_JCBASU010000004.1	122168	123085	+	bla	class A beta-lactamase Bla1	core	AMR	AMR	BETA-LACTAM	BETA-LACTAM	BLASTX	306	306	100.00	96.08	306	WP_063842248.1	class A beta-lactamase Bla1		
GCF_059814395.1		NZ_JCBASU010000006.1	304660	305073	-	fosB	FosBx1 family fosfomycin resistance bacillithiol transferase	core	AMR	AMR	FOSFOMYCIN	FOSFOMYCIN	BLASTX	138	138	100.00	99.28	138	WP_000943763.1	fosfomycin resistance bacillithiol transferase FosBx1		
GCF_059814395.1		NZ_JCBASU010000009.1	166634	167185	+	satA	streptothricin N-acetyltransferase SatA	core	AMR	AMR	STREPTOTHRICIN	STREPTOTHRICIN	BLASTX	184	184	98.91	88.59	184	WP_000054744.1	streptothricin N-acetyltransferase SatA		
GCF_059818205.1		NZ_JBXWTI010000001.1	38077	39450	+	tet(L)	tetracycline efflux MFS transporter Tet(L)	core	AMR	AMR	TETRACYCLINE	TETRACYCLINE	BLASTX	458	458	100.00	96.29	458	WP_003242953.1	tetracycline efflux MFS transporter Tet(L)		
GCF_059818205.1		NZ_JBXWTI010000001.1	41481	41999	+	satA	streptothricin N-acetyltransferase SatA	core	AMR	AMR	STREPTOTHRICIN	STREPTOTHRICIN	BLASTX	173	173	100.00	98.84	173	WP_003242546.1	streptothricin N-acetyltransferase SatA		
GCF_059818205.1		NZ_JBXWTI010000003.1	119615	120466	-	aadK	aminoglycoside 6-adenylyltransferase AadK	core	AMR	AMR	AMINOGLYCOSIDE	STREPTOMYCIN	BLASTX	284	284	100.00	93.31	284	WP_003229862.1	aminoglycoside 6-adenylyltransferase AadK		
GCF_059818205.1		NZ_JBXWTI010000008.1	201008	202645	-	vmlR	ABC-F type ribosomal protection protein VmlR	core	AMR	AMR	LINCOSAMIDE/PLEUROMUTILIN/STREPTOGRAMIN	LINCOMYCIN/TIAMULIN/VIRGINIAMYCIN M	BLASTX	546	547	99.82	95.60	546	WP_003234144.1	ABC-F type ribosomal protection protein VmlR		
GCF_059818205.1		NZ_JBXWTI010000009.1	109569	110486	-	mphK	macrolide 2'-phosphotransferase MphK	core	AMR	AMR	MACROLIDE	TELITHROMYCIN/TYLOSIN	BLASTX	306	306	100.00	90.85	306	WP_003246254.1	macrolide 2'-phosphotransferase MphK		
GCF_059818275.1		NZ_JBXWTL010000003.1	305342	306202	-	erm(D)	23S rRNA (adenine(2058)-N(6))-methyltransferase Erm(D)	core	AMR	AMR	LINCOSAMIDE/MACROLIDE/STREPTOGRAMIN	ERYTHROMYCIN/LINCOSAMIDE/STREPTOGRAMIN	BLASTX	287	287	100.00	97.91	287	WP_003183781.1	23S rRNA (adenine(2058)-N(6))-methyltransferase Erm(D)		
GCF_059818275.1		NZ_JBXWTL010000004.1	342171	343091	-	blaP	class A beta-lactamase BlaP	core	AMR	AMR	BETA-LACTAM	BETA-LACTAM	BLASTX	307	307	100.00	99.67	307	WP_023857755.1	class A beta-lactamase BlaP		
GCF_059818285.1		NZ_JBXWTM010000004.1	236333	237238	-	mphK	macrolide 2'-phosphotransferase MphK	core	AMR	AMR	MACROLIDE	TELITHROMYCIN/TYLOSIN	BLASTX	302	306	98.69	85.43	302	WP_003246254.1	macrolide 2'-phosphotransferase MphK		
GCF_059958735.1		NZ_CP116602.1	436044	436562	+	satA	streptothricin N-acetyltransferase SatA	core	AMR	AMR	STREPTOTHRICIN	STREPTOTHRICIN	BLASTX	173	173	100.00	83.82	173	WP_003242546.1	streptothricin N-acetyltransferase SatA		
GCF_059958745.1		NZ_CP116603.1	433053	433571	+	satA	streptothricin N-acetyltransferase SatA	core	AMR	AMR	STREPTOTHRICIN	STREPTOTHRICIN	BLASTX	173	173	100.00	83.82	173	WP_003242546.1	streptothricin N-acetyltransferase SatA		
GCF_059958825.1		NZ_CP135994.1	184850	185755	+	mphK	macrolide 2'-phosphotransferase MphK	core	AMR	AMR	MACROLIDE	TELITHROMYCIN/TYLOSIN	BLASTX	302	306	98.69	85.43	302	WP_003246254.1	macrolide 2'-phosphotransferase MphK		
GCF_059975615.1		NZ_JCBASW010000009.1	101965	102516	+	satA	streptothricin N-acetyltransferase SatA	core	AMR	AMR	STREPTOTHRICIN	STREPTOTHRICIN	BLASTX	184	184	98.91	89.13	184	WP_000054744.1	streptothricin N-acetyltransferase SatA		
GCF_059975615.1		NZ_JCBASW010000019.1	32838	33755	-	bla	class A beta-lactamase Bla1	core	AMR	AMR	BETA-LACTAM	BETA-LACTAM	BLASTX	306	306	100.00	97.71	306	WP_063842248.1	class A beta-lactamase Bla1		
GCF_059975615.1		NZ_JCBASW010000025.1	20520	21290	+	bla2	BcII family subclass B1 metallo-beta-lactamase	core	AMR	AMR	BETA-LACTAM	CARBAPENEM	BLASTX	257	257	100.00	93.39	257	WP_063839879.1	BcII family subclass B1 metallo-beta-lactamase		
GCF_059981775.1		NZ_CM188243.1	522834	523880	+	clbA	23S rRNA (adenine(2503)-C(8))-methyltransferase ClbA	core	AMR	AMR	LINCOSAMIDE/MACROLIDE/STREPTOGRAMIN	LINCOSAMIDE/MACROLIDE/STREPTOGRAMIN	BLASTX	349	349	100.00	97.42	349	WP_012116915.1	23S rRNA (adenine(2503)-C(8))-methyltransferase ClbA		
GCF_059981775.1		NZ_CM188243.1	2653924	2654442	-	satA	streptothricin N-acetyltransferase SatA	core	AMR	AMR	STREPTOTHRICIN	STREPTOTHRICIN	BLASTX	173	173	100.00	78.61	173	WP_003242546.1	streptothricin N-acetyltransferase SatA		
GCF_060019415.1		NZ_JCBOEZ010000004.1	371669	372574	-	mphK	macrolide 2'-phosphotransferase MphK	core	AMR	AMR	MACROLIDE	TELITHROMYCIN/TYLOSIN	BLASTX	302	306	98.69	83.11	302	WP_003246254.1	macrolide 2'-phosphotransferase MphK		
GCF_060038125.1		NZ_CM188911.1	1264755	1265414	+	cat86	type A-6 chloramphenicol O-acetyltransferase Cat86	core	AMR	AMR	PHENICOL	CHLORAMPHENICOL	EXACTX	220	220	100.00	100.00	220	WP_050945244.1	type A-6 chloramphenicol O-acetyltransferase Cat86		
GCF_060038125.1		NZ_CM188911.1	2405242	2406027	-	blaBPU	BPU family class D beta-lactamase	core	AMR	AMR	BETA-LACTAM	BETA-LACTAM	BLASTX	262	262	100.00	93.51	262	WP_041816295.1	class D beta-lactamase BPU-1		
GCF_060059705.1		NZ_CM189241.1	1592048	1593094	+	clbA	23S rRNA (adenine(2503)-C(8))-methyltransferase ClbA	core	AMR	AMR	LINCOSAMIDE/MACROLIDE/STREPTOGRAMIN	LINCOSAMIDE/MACROLIDE/STREPTOGRAMIN	BLASTX	349	349	100.00	99.71	349	WP_012116915.1	23S rRNA (adenine(2503)-C(8))-methyltransferase ClbA		
GCF_060059705.1		NZ_CM189241.1	3609769	3610287	-	satA	streptothricin N-acetyltransferase SatA	core	AMR	AMR	STREPTOTHRICIN	STREPTOTHRICIN	BLASTX	173	173	100.00	79.19	173	WP_003242546.1	streptothricin N-acetyltransferase SatA		
GCF_060082625.1		NZ_CP150441.1	1998227	1998745	-	satA	streptothricin N-acetyltransferase SatA	core	AMR	AMR	STREPTOTHRICIN	STREPTOTHRICIN	BLASTX	173	173	100.00	79.19	173	WP_003242546.1	streptothricin N-acetyltransferase SatA		
GCF_060123785.1		NZ_CM189299.1	1384762	1385280	+	satA	streptothricin N-acetyltransferase SatA	core	AMR	AMR	STREPTOTHRICIN	STREPTOTHRICIN	BLASTX	173	173	100.00	80.35	173	WP_003242546.1	streptothricin N-acetyltransferase SatA		
GCF_060123785.1		NZ_CM189299.1	3391981	3393027	-	clbA	23S rRNA (adenine(2503)-C(8))-methyltransferase ClbA	core	AMR	AMR	LINCOSAMIDE/MACROLIDE/STREPTOGRAMIN	LINCOSAMIDE/MACROLIDE/STREPTOGRAMIN	BLASTX	349	349	100.00	99.43	349	WP_012116915.1	23S rRNA (adenine(2503)-C(8))-methyltransferase ClbA		
GCF_060145795.1		NZ_CP182393.1	533838	534884	+	clbA	23S rRNA (adenine(2503)-C(8))-methyltransferase ClbA	core	AMR	AMR	LINCOSAMIDE/MACROLIDE/STREPTOGRAMIN	LINCOSAMIDE/MACROLIDE/STREPTOGRAMIN	BLASTX	349	349	100.00	99.43	349	WP_012116915.1	23S rRNA (adenine(2503)-C(8))-methyltransferase ClbA		
GCF_060145795.1		NZ_CP182393.1	2549314	2549832	-	satA	streptothricin N-acetyltransferase SatA	core	AMR	AMR	STREPTOTHRICIN	STREPTOTHRICIN	BLASTX	173	173	100.00	80.35	173	WP_003242546.1	streptothricin N-acetyltransferase SatA		
GCF_060145825.1		NZ_CP182394.1	2638658	2639176	-	satA	streptothricin N-acetyltransferase SatA	core	AMR	AMR	STREPTOTHRICIN	STREPTOTHRICIN	BLASTX	173	173	100.00	80.35	173	WP_003242546.1	streptothricin N-acetyltransferase SatA		
GCF_060228485.1		NZ_JBAPFG010000002.1	115992	116852	-	erm(D)	23S rRNA (adenine(2058)-N(6))-methyltransferase Erm(D)	core	AMR	AMR	LINCOSAMIDE/MACROLIDE/STREPTOGRAMIN	ERYTHROMYCIN/LINCOSAMIDE/STREPTOGRAMIN	BLASTX	287	287	100.00	97.91	287	WP_003183781.1	23S rRNA (adenine(2058)-N(6))-methyltransferase Erm(D)		
GCF_060228485.1		NZ_JBAPFG010000008.1	85831	86751	+	blaP	class A beta-lactamase BlaP	core	AMR	AMR	BETA-LACTAM	BETA-LACTAM	EXACTX	307	307	100.00	100.00	307	WP_023857755.1	class A beta-lactamase BlaP		
GCF_060371815.1		NZ_JCCFJF010000001.1	265457	266377	+	mphK	macrolide 2'-phosphotransferase MphK	core	AMR	AMR	MACROLIDE	TELITHROMYCIN/TYLOSIN	BLASTX	307	306	100.00	96.42	307	WP_003246254.1	macrolide 2'-phosphotransferase MphK		
GCF_060371815.1		NZ_JCCFJF010000001.1	579918	581561	-	vmlR	ABC-F type ribosomal protection protein VmlR	core	AMR	AMR	LINCOSAMIDE/PLEUROMUTILIN/STREPTOGRAMIN	LINCOMYCIN/TIAMULIN/VIRGINIAMYCIN M	BLASTX	548	547	100.00	98.18	548	WP_003234144.1	ABC-F type ribosomal protection protein VmlR		
GCF_060371815.1		NZ_JCCFJF010000001.1	2467568	2468419	-	aadK	aminoglycoside 6-adenylyltransferase AadK	core	AMR	AMR	AMINOGLYCOSIDE	STREPTOMYCIN	BLASTX	284	284	100.00	97.89	284	WP_003229862.1	aminoglycoside 6-adenylyltransferase AadK		
GCF_060371815.1		NZ_JCCFJF010000001.1	3976687	3977205	-	satA	streptothricin N-acetyltransferase SatA	core	AMR	AMR	STREPTOTHRICIN	STREPTOTHRICIN	BLASTX	173	173	100.00	90.17	173	WP_003242546.1	streptothricin N-acetyltransferase SatA		
GCF_060371815.1		NZ_JCCFJF010000001.1	3979189	3980562	-	tet(L)	tetracycline efflux MFS transporter Tet(L)	core	AMR	AMR	TETRACYCLINE	TETRACYCLINE	BLASTX	458	458	100.00	99.13	458	WP_003242953.1	tetracycline efflux MFS transporter Tet(L)		
GCF_060371845.1		NZ_JCCFJD010000001.1	2822859	2823413	-	satA	streptothricin N-acetyltransferase SatA	core	AMR	AMR	STREPTOTHRICIN	STREPTOTHRICIN	BLASTX	185	184	98.91	78.38	185	WP_000054744.1	streptothricin N-acetyltransferase SatA		
GCF_060371845.1		NZ_JCCFJD010000001.1	3262952	3263728	-	bla2	BcII family subclass B1 metallo-beta-lactamase	core	AMR	AMR	BETA-LACTAM	CARBAPENEM	BLASTX	259	257	100.00	95.75	259	WP_012261328.1	BcII family subclass B1 metallo-beta-lactamase		
GCF_060371845.1		NZ_JCCFJD010000006.1	184117	184530	+	fosB	FosB family fosfomycin resistance bacillithiol transferase	core	AMR	AMR	FOSFOMYCIN	FOSFOMYCIN	BLASTX	138	138	100.00	93.48	138	WP_063851229.1	FosB family fosfomycin resistance bacillithiol transferase		
GCF_060371845.1		NZ_JCCFJD010000006.1	189252	190094	-	mleBCB	BCB family alpha/beta fold macrolide esterase	core	AMR	AMR	MACROLIDE	TYLOSIN	BLASTX	281	287	97.91	91.81	281	WP_459076516.1	BCB family alpha/beta fold macrolide esterase		
GCF_060371875.1		NZ_JCCFJE010000010.1	3246	4088	-	mleBCB	BCB family alpha/beta fold macrolide esterase	core	AMR	AMR	MACROLIDE	TYLOSIN	BLASTX	281	287	97.91	91.81	281	WP_459076516.1	BCB family alpha/beta fold macrolide esterase		
GCF_060371935.1		NZ_JCCFJH010000001.1	670667	672307	+	vmlR	ABC-F type ribosomal protection protein VmlR	core	AMR	AMR	LINCOSAMIDE/PLEUROMUTILIN/STREPTOGRAMIN	LINCOMYCIN/TIAMULIN/VIRGINIAMYCIN M	BLASTX	547	547	100.00	99.09	547	WP_003234144.1	ABC-F type ribosomal protection protein VmlR		
GCF_060371935.1		NZ_JCCFJH010000001.1	980106	981017	-	mphK	macrolide 2'-phosphotransferase MphK	core	AMR	AMR	MACROLIDE	TELITHROMYCIN/TYLOSIN	BLASTX	304	306	100.00	96.41	306	WP_003246254.1	macrolide 2'-phosphotransferase MphK		
GCF_060371935.1		NZ_JCCFJH010000007.1	249115	249633	+	satA	streptothricin N-acetyltransferase SatA	core	AMR	AMR	STREPTOTHRICIN	STREPTOTHRICIN	BLASTX	173	173	100.00	90.17	173	WP_003242546.1	streptothricin N-acetyltransferase SatA		
GCF_060371975.1		NZ_JCCFJG010000001.1	265457	266377	+	mphK	macrolide 2'-phosphotransferase MphK	core	AMR	AMR	MACROLIDE	TELITHROMYCIN/TYLOSIN	BLASTX	307	306	100.00	96.42	307	WP_003246254.1	macrolide 2'-phosphotransferase MphK		
GCF_060371975.1		NZ_JCCFJG010000001.1	579918	581561	-	vmlR	ABC-F type ribosomal protection protein VmlR	core	AMR	AMR	LINCOSAMIDE/PLEUROMUTILIN/STREPTOGRAMIN	LINCOMYCIN/TIAMULIN/VIRGINIAMYCIN M	BLASTX	548	547	100.00	98.18	548	WP_003234144.1	ABC-F type ribosomal protection protein VmlR		
GCF_060371975.1		NZ_JCCFJG010000001.1	2467568	2468419	-	aadK	aminoglycoside 6-adenylyltransferase AadK	core	AMR	AMR	AMINOGLYCOSIDE	STREPTOMYCIN	BLASTX	284	284	100.00	97.89	284	WP_003229862.1	aminoglycoside 6-adenylyltransferase AadK		
GCF_060371975.1		NZ_JCCFJG010000001.1	3976687	3977205	-	satA	streptothricin N-acetyltransferase SatA	core	AMR	AMR	STREPTOTHRICIN	STREPTOTHRICIN	BLASTX	173	173	100.00	90.17	173	WP_003242546.1	streptothricin N-acetyltransferase SatA		
GCF_060371975.1		NZ_JCCFJG010000001.1	3979189	3980562	-	tet(L)	tetracycline efflux MFS transporter Tet(L)	core	AMR	AMR	TETRACYCLINE	TETRACYCLINE	BLASTX	458	458	100.00	99.13	458	WP_003242953.1	tetracycline efflux MFS transporter Tet(L)		
GCF_060435285.1		NZ_JCCFCC010000001.1	289194	289853	+	cat86	type A-6 chloramphenicol O-acetyltransferase Cat86	core	AMR	AMR	PHENICOL	CHLORAMPHENICOL	BLASTX	220	220	100.00	96.36	220	WP_050945244.1	type A-6 chloramphenicol O-acetyltransferase Cat86		
GCF_060484235.1		NZ_CM192240.1	216185	217117	+	blaP	class A beta-lactamase BlaP	core	AMR	AMR	BETA-LACTAM	BETA-LACTAM	BLASTX	311	307	100.00	91.00	311	WP_003178584.1	class A beta-lactamase BlaP		
GCF_060484235.1		NZ_CM192240.1	2751891	2752751	+	erm(D)	23S rRNA (adenine(2058)-N(6))-methyltransferase Erm(D)	core	AMR	AMR	LINCOSAMIDE/MACROLIDE/STREPTOGRAMIN	ERYTHROMYCIN/LINCOSAMIDE/STREPTOGRAMIN	BLASTX	287	287	100.00	96.17	287	WP_003183781.1	23S rRNA (adenine(2058)-N(6))-methyltransferase Erm(D)		
GCF_060484255.1		NZ_CM192241.1	3638802	3640442	+	vmlR	ABC-F type ribosomal protection protein VmlR	core	AMR	AMR	LINCOSAMIDE/PLEUROMUTILIN/STREPTOGRAMIN	LINCOMYCIN/TIAMULIN/VIRGINIAMYCIN M	INTERNAL_STOP	547	547	100.00	92.32	547	WP_003234144.1	ABC-F type ribosomal protection protein VmlR		
GCF_060484255.1		NZ_CM192241.1	3951575	3952492	-	mphK	macrolide 2'-phosphotransferase MphK	core	AMR	AMR	MACROLIDE	TELITHROMYCIN/TYLOSIN	BLASTX	306	306	100.00	85.95	306	WP_003246254.1	macrolide 2'-phosphotransferase MphK		
GCF_060484315.1		NZ_JCCFZA010000001.1	94396	95313	+	mphK	macrolide 2'-phosphotransferase MphK	core	AMR	AMR	MACROLIDE	TELITHROMYCIN/TYLOSIN	BLASTX	306	306	100.00	86.27	306	WP_003246254.1	macrolide 2'-phosphotransferase MphK		
GCF_060484315.1		NZ_JCCFZA010000001.1	425650	427272	-	vmlR	ABC-F type ribosomal protection protein VmlR	core	AMR	AMR	LINCOSAMIDE/PLEUROMUTILIN/STREPTOGRAMIN	LINCOMYCIN/TIAMULIN/VIRGINIAMYCIN M	BLASTX	541	547	98.90	92.61	541	WP_003234144.1	ABC-F type ribosomal protection protein VmlR		
GCF_060591375.1		NZ_JCCITC010000016.1	52408	53454	-	clbA	23S rRNA (adenine(2503)-C(8))-methyltransferase ClbA	core	AMR	AMR	LINCOSAMIDE/MACROLIDE/STREPTOGRAMIN	LINCOSAMIDE/MACROLIDE/STREPTOGRAMIN	BLASTX	349	349	100.00	99.43	349	WP_012116915.1	23S rRNA (adenine(2503)-C(8))-methyltransferase ClbA		
GCF_060591375.1		NZ_JCCITC010000021.1	105276	105794	+	satA	streptothricin N-acetyltransferase SatA	core	AMR	AMR	STREPTOTHRICIN	STREPTOTHRICIN	BLASTX	173	173	100.00	80.35	173	WP_003242546.1	streptothricin N-acetyltransferase SatA		
GCF_060594815.1		NZ_JCCJPO010000001.1	367415	367933	+	satA	streptothricin N-acetyltransferase SatA	core	AMR	AMR	STREPTOTHRICIN	STREPTOTHRICIN	BLASTX	173	173	100.00	79.19	173	WP_003242546.1	streptothricin N-acetyltransferase SatA		
GCF_060594815.1		NZ_JCCJPO010000011.1	54969	56015	-	clbA	23S rRNA (adenine(2503)-C(8))-methyltransferase ClbA	core	AMR	AMR	LINCOSAMIDE/MACROLIDE/STREPTOGRAMIN	LINCOSAMIDE/MACROLIDE/STREPTOGRAMIN	BLASTX	349	349	100.00	99.43	349	WP_012116915.1	23S rRNA (adenine(2503)-C(8))-methyltransferase ClbA		
GCF_060807305.1		NZ_JBTKVU010000002.1	333373	333891	+	satA	streptothricin N-acetyltransferase SatA	core	AMR	AMR	STREPTOTHRICIN	STREPTOTHRICIN	BLASTX	173	173	100.00	79.19	173	WP_003242546.1	streptothricin N-acetyltransferase SatA		
GCF_060807305.1		NZ_JBTKVU010000012.1	56360	57406	-	clbA	23S rRNA (adenine(2503)-C(8))-methyltransferase ClbA	core	AMR	AMR	LINCOSAMIDE/MACROLIDE/STREPTOGRAMIN	LINCOSAMIDE/MACROLIDE/STREPTOGRAMIN	BLASTX	349	349	100.00	99.14	349	WP_012116915.1	23S rRNA (adenine(2503)-C(8))-methyltransferase ClbA		
GCF_060947105.1		NZ_JCCWGO010000001.1	563692	564105	+	fosB	FosBx1 family fosfomycin resistance bacillithiol transferase	core	AMR	AMR	FOSFOMYCIN	FOSFOMYCIN	BLASTX	138	138	100.00	97.83	138	WP_000943763.1	fosfomycin resistance bacillithiol transferase FosBx1		
GCF_060947105.1		NZ_JCCWGO010000001.1	1035577	1036494	+	bla	class A beta-lactamase Bla1	core	AMR	AMR	BETA-LACTAM	BETA-LACTAM	BLASTX	306	306	100.00	97.06	306	WP_063842248.1	class A beta-lactamase Bla1		
GCF_060947105.1		NZ_JCCWGO010000001.1	1683586	1684137	+	satA	streptothricin N-acetyltransferase SatA	core	AMR	AMR	STREPTOTHRICIN	STREPTOTHRICIN	BLASTX	184	184	98.91	88.59	184	WP_000054744.1	streptothricin N-acetyltransferase SatA		
GCF_060947105.1		NZ_JCCWGO010000001.1	1950326	1951096	-	bla2	BcII family subclass B1 metallo-beta-lactamase	core	AMR	AMR	BETA-LACTAM	CARBAPENEM	INTERNAL_STOP	257	257	100.00	94.55	257	WP_063839879.1	BcII family subclass B1 metallo-beta-lactamase		
GCF_060947105.1		NZ_JCCWGO010000005.1	126315	127688	-	tet(45)	tetracycline efflux MFS transporter Tet(45)	core	AMR	AMR	TETRACYCLINE	TETRACYCLINE	BLASTX	458	458	100.00	91.27	458	WP_063855885.1	tetracycline efflux MFS transporter Tet(45)		
GCF_060947105.1		NZ_JCCWGO010000010.1	23287	23979	+	vanR-A	vancomycin resistance response regulator transcription factor VanR-A	core	AMR	AMR	GLYCOPEPTIDE	VANCOMYCIN	BLASTX	231	231	100.00	92.64	231	WP_063856721.1	vancomycin resistance response regulator transcription factor VanR-A		
GCF_060947105.1		NZ_JCCWGO010000010.1	23963	25123	+	vanS-Pt	vancomycin resistance histidine kinase VanS-Pt	core	AMR	AMR	GLYCOPEPTIDE	VANCOMYCIN	BLASTX	387	388	99.74	90.18	387	WP_063856742.1	vancomycin resistance histidine kinase VanS-Pt		
GCF_060947105.1		NZ_JCCWGO010000010.1	58528	59475	-	blaIII	class A beta-lactamase BlaIII	core	AMR	AMR	BETA-LACTAM	BETA-LACTAM	EXACTX	316	316	100.00	100.00	316	WP_000497840.1	class A beta-lactamase BlaIII		
GCF_060992135.1		NZ_JCDBJM010000002.1	435249	435662	-	fosB	FosBx1 family fosfomycin resistance bacillithiol transferase	core	AMR	AMR	FOSFOMYCIN	FOSFOMYCIN	BLASTX	138	138	100.00	97.83	138	WP_000943763.1	fosfomycin resistance bacillithiol transferase FosBx1		
GCF_060992135.1		NZ_JCDBJM010000005.1	71888	72439	+	satA	streptothricin N-acetyltransferase SatA	core	AMR	AMR	STREPTOTHRICIN	STREPTOTHRICIN	BLASTX	184	184	98.91	88.59	184	WP_000054744.1	streptothricin N-acetyltransferase SatA		
GCF_060992135.1		NZ_JCDBJM010000005.1	338628	339398	-	bla2	BcII family subclass B1 metallo-beta-lactamase	core	AMR	AMR	BETA-LACTAM	CARBAPENEM	INTERNAL_STOP	257	257	100.00	94.55	257	WP_063839879.1	BcII family subclass B1 metallo-beta-lactamase		
GCF_060992135.1		NZ_JCDBJM010000007.1	189560	190477	-	bla	class A beta-lactamase Bla1	core	AMR	AMR	BETA-LACTAM	BETA-LACTAM	BLASTX	306	306	100.00	97.06	306	WP_063842248.1	class A beta-lactamase Bla1		
GCF_060992135.1		NZ_JCDBJM010000010.1	59355	60728	-	tet(45)	tetracycline efflux MFS transporter Tet(45)	core	AMR	AMR	TETRACYCLINE	TETRACYCLINE	BLASTX	458	458	100.00	91.27	458	WP_063855885.1	tetracycline efflux MFS transporter Tet(45)		
GCF_060992135.1		NZ_JCDBJM010000012.1	23287	23979	+	vanR-A	vancomycin resistance response regulator transcription factor VanR-A	core	AMR	AMR	GLYCOPEPTIDE	VANCOMYCIN	BLASTX	231	231	100.00	92.64	231	WP_063856721.1	vancomycin resistance response regulator transcription factor VanR-A		
GCF_060992135.1		NZ_JCDBJM010000012.1	23963	25123	+	vanS-Pt	vancomycin resistance histidine kinase VanS-Pt	core	AMR	AMR	GLYCOPEPTIDE	VANCOMYCIN	BLASTX	387	388	99.74	90.18	387	WP_063856742.1	vancomycin resistance histidine kinase VanS-Pt		
GCF_060992135.1		NZ_JCDBJM010000012.1	58528	59475	-	blaIII	class A beta-lactamase BlaIII	core	AMR	AMR	BETA-LACTAM	BETA-LACTAM	EXACTX	316	316	100.00	100.00	316	WP_000497840.1	class A beta-lactamase BlaIII		
GCF_060993455.1		NZ_JCDBFP010000001.1	289194	289853	+	cat86	type A-6 chloramphenicol O-acetyltransferase Cat86	core	AMR	AMR	PHENICOL	CHLORAMPHENICOL	BLASTX	220	220	100.00	96.36	220	WP_050945244.1	type A-6 chloramphenicol O-acetyltransferase Cat86		
GCF_061073905.1		NZ_JCDFTS010000003.1	375335	375853	+	satA	streptothricin N-acetyltransferase SatA	core	AMR	AMR	STREPTOTHRICIN	STREPTOTHRICIN	BLASTX	173	173	100.00	80.35	173	WP_003242546.1	streptothricin N-acetyltransferase SatA		
GCF_061073905.1		NZ_JCDFTS010000006.1	50112	51158	-	clbA	23S rRNA (adenine(2503)-C(8))-methyltransferase ClbA	core	AMR	AMR	LINCOSAMIDE/MACROLIDE/STREPTOGRAMIN	LINCOSAMIDE/MACROLIDE/STREPTOGRAMIN	BLASTX	349	349	100.00	97.42	349	WP_012116915.1	23S rRNA (adenine(2503)-C(8))-methyltransferase ClbA		
GCF_061143345.1		NZ_JBPRPQ010000002.1	115382	115795	+	fosB	FosBx1 family fosfomycin resistance bacillithiol transferase	core	AMR	AMR	FOSFOMYCIN	FOSFOMYCIN	BLASTX	138	138	100.00	90.58	138	WP_000943763.1	fosfomycin resistance bacillithiol transferase FosBx1		
GCF_061143345.1		NZ_JBPRPQ010000003.1	251512	252363	-	mleBCA	BCA family alpha/beta fold macrolide esterase	core	AMR	AMR	MACROLIDE	TYLOSIN	BLASTX	284	287	98.95	91.55	284	WP_000140039.1	BCA family alpha/beta fold macrolide esterase		
GCF_061143345.1		NZ_JBPRPQ010000003.1	484093	485010	-	bla	class A beta-lactamase Bla1	core	AMR	AMR	BETA-LACTAM	BETA-LACTAM	BLASTX	306	306	100.00	94.77	306	WP_003171307.1	class A beta-lactamase Bla1		
GCF_061143345.1		NZ_JBPRPQ010000021.1	50017	50784	+	bla2	BcII family subclass B1 metallo-beta-lactamase	core	AMR	AMR	BETA-LACTAM	CARBAPENEM	BLASTX	256	256	100.00	96.48	256	WP_000799223.1	BcII family subclass B1 metallo-beta-lactamase		
GCF_061143345.1		NZ_JBPRPQ010000025.1	23719	24270	+	satA	streptothricin N-acetyltransferase SatA	core	AMR	AMR	STREPTOTHRICIN	STREPTOTHRICIN	BLASTX	184	184	98.91	89.13	184	WP_000054744.1	streptothricin N-acetyltransferase SatA		
GCF_061144305.1		NZ_JCDKEX010000002.1	141974	142744	-	bla2	BcII family subclass B1 metallo-beta-lactamase	core	AMR	AMR	BETA-LACTAM	CARBAPENEM	BLASTX	257	257	100.00	92.61	257	WP_063839879.1	BcII family subclass B1 metallo-beta-lactamase		
GCF_061144305.1		NZ_JCDKEX010000011.1	65573	66124	+	satA	streptothricin N-acetyltransferase SatA	core	AMR	AMR	STREPTOTHRICIN	STREPTOTHRICIN	BLASTX	184	184	98.91	88.59	184	WP_000054744.1	streptothricin N-acetyltransferase SatA		
GCF_061144305.1		NZ_JCDKEX010000046.1	17543	18460	-	bla	class A beta-lactamase Bla1	core	AMR	AMR	BETA-LACTAM	BETA-LACTAM	BLASTX	306	306	100.00	96.08	306	WP_063842248.1	class A beta-lactamase Bla1		
GCF_061144305.1		NZ_JCDKEX010000074.1	16809	17222	-	fosB	FosBx1 family fosfomycin resistance bacillithiol transferase	core	AMR	AMR	FOSFOMYCIN	FOSFOMYCIN	BLASTX	138	138	100.00	99.28	138	WP_000943763.1	fosfomycin resistance bacillithiol transferase FosBx1		
GCF_061144365.1		NZ_JCDKEY010000002.1	141974	142744	-	bla2	BcII family subclass B1 metallo-beta-lactamase	core	AMR	AMR	BETA-LACTAM	CARBAPENEM	BLASTX	257	257	100.00	92.61	257	WP_063839879.1	BcII family subclass B1 metallo-beta-lactamase		
GCF_061144365.1		NZ_JCDKEY010000010.1	65573	66124	+	satA	streptothricin N-acetyltransferase SatA	core	AMR	AMR	STREPTOTHRICIN	STREPTOTHRICIN	BLASTX	184	184	98.91	88.59	184	WP_000054744.1	streptothricin N-acetyltransferase SatA		
GCF_061144365.1		NZ_JCDKEY010000047.1	17543	18460	-	bla	class A beta-lactamase Bla1	core	AMR	AMR	BETA-LACTAM	BETA-LACTAM	BLASTX	306	306	100.00	96.08	306	WP_063842248.1	class A beta-lactamase Bla1		
GCF_061144365.1		NZ_JCDKEY010000073.1	16807	17220	-	fosB	FosBx1 family fosfomycin resistance bacillithiol transferase	core	AMR	AMR	FOSFOMYCIN	FOSFOMYCIN	BLASTX	138	138	100.00	99.28	138	WP_000943763.1	fosfomycin resistance bacillithiol transferase FosBx1		
GCF_061144405.1		NZ_JCDKEZ010000001.1	141974	142744	-	bla2	BcII family subclass B1 metallo-beta-lactamase	core	AMR	AMR	BETA-LACTAM	CARBAPENEM	BLASTX	257	257	100.00	92.61	257	WP_063839879.1	BcII family subclass B1 metallo-beta-lactamase		
GCF_061144405.1		NZ_JCDKEZ010000018.1	36694	37245	+	satA	streptothricin N-acetyltransferase SatA	core	AMR	AMR	STREPTOTHRICIN	STREPTOTHRICIN	BLASTX	184	184	98.91	88.59	184	WP_000054744.1	streptothricin N-acetyltransferase SatA		
GCF_061144405.1		NZ_JCDKEZ010000046.1	17543	18460	-	bla	class A beta-lactamase Bla1	core	AMR	AMR	BETA-LACTAM	BETA-LACTAM	BLASTX	306	306	100.00	96.08	306	WP_063842248.1	class A beta-lactamase Bla1		
GCF_061144405.1		NZ_JCDKEZ010000073.1	16807	17220	-	fosB	FosBx1 family fosfomycin resistance bacillithiol transferase	core	AMR	AMR	FOSFOMYCIN	FOSFOMYCIN	BLASTX	138	138	100.00	99.28	138	WP_000943763.1	fosfomycin resistance bacillithiol transferase FosBx1		
GCF_061208445.1		NZ_JBOZJV010000004.1	84273	85193	+	blaP	class A beta-lactamase BlaP	core	AMR	AMR	BETA-LACTAM	BETA-LACTAM	EXACTX	307	307	100.00	100.00	307	WP_003178584.1	class A beta-lactamase BlaP		
GCF_061230955.1		NZ_CM195701.1	372763	374403	+	vmlR	ABC-F type ribosomal protection protein VmlR	core	AMR	AMR	LINCOSAMIDE/PLEUROMUTILIN/STREPTOGRAMIN	LINCOMYCIN/TIAMULIN/VIRGINIAMYCIN M	BLASTX	547	547	100.00	98.54	547	WP_003234144.1	ABC-F type ribosomal protection protein VmlR		
GCF_061230955.1		NZ_CM195701.1	678788	679705	-	mphK	macrolide 2'-phosphotransferase MphK	core	AMR	AMR	MACROLIDE	TELITHROMYCIN/TYLOSIN	BLASTX	306	306	100.00	97.71	306	WP_003246254.1	macrolide 2'-phosphotransferase MphK		
GCF_061230955.1		NZ_CM195701.1	969404	970777	+	tet(L)	tetracycline efflux MFS transporter Tet(L)	core	AMR	AMR	TETRACYCLINE	TETRACYCLINE	EXACTX	458	458	100.00	100.00	458	WP_063856081.1	tetracycline efflux MFS transporter Tet(L)		
GCF_061230955.1		NZ_CM195701.1	972760	973278	+	satA	streptothricin N-acetyltransferase SatA	core	AMR	AMR	STREPTOTHRICIN	STREPTOTHRICIN	BLASTX	173	173	100.00	90.17	173	WP_003242546.1	streptothricin N-acetyltransferase SatA		
GCF_061230955.1		NZ_CM195701.1	2427073	2427924	+	aadK	aminoglycoside 6-adenylyltransferase AadK	core	AMR	AMR	AMINOGLYCOSIDE	STREPTOMYCIN	BLASTX	284	284	100.00	97.89	284	WP_003229862.1	aminoglycoside 6-adenylyltransferase AadK		
GCF_061231015.1		NZ_CM195702.1	1008690	1009208	-	satA	streptothricin N-acetyltransferase SatA	core	AMR	AMR	STREPTOTHRICIN	STREPTOTHRICIN	BLASTX	173	173	100.00	90.17	173	WP_003242546.1	streptothricin N-acetyltransferase SatA		
GCF_061231015.1		NZ_CM195702.1	1011191	1012564	-	tet(L)	tetracycline efflux MFS transporter Tet(L)	core	AMR	AMR	TETRACYCLINE	TETRACYCLINE	EXACTX	458	458	100.00	100.00	458	WP_063856081.1	tetracycline efflux MFS transporter Tet(L)		
GCF_061231015.1		NZ_CM195702.1	1302260	1303177	+	mphK	macrolide 2'-phosphotransferase MphK	core	AMR	AMR	MACROLIDE	TELITHROMYCIN/TYLOSIN	BLASTX	306	306	100.00	97.71	306	WP_003246254.1	macrolide 2'-phosphotransferase MphK		
GCF_061231015.1		NZ_CM195702.1	1607562	1609202	-	vmlR	ABC-F type ribosomal protection protein VmlR	core	AMR	AMR	LINCOSAMIDE/PLEUROMUTILIN/STREPTOGRAMIN	LINCOMYCIN/TIAMULIN/VIRGINIAMYCIN M	BLASTX	547	547	100.00	98.54	547	WP_003234144.1	ABC-F type ribosomal protection protein VmlR		
GCF_061231015.1		NZ_CM195702.1	3731308	3732159	-	aadK	aminoglycoside 6-adenylyltransferase AadK	core	AMR	AMR	AMINOGLYCOSIDE	STREPTOMYCIN	BLASTX	284	284	100.00	97.89	284	WP_003229862.1	aminoglycoside 6-adenylyltransferase AadK		
GCF_061231035.1		NZ_CM195703.1	372762	374402	+	vmlR	ABC-F type ribosomal protection protein VmlR	core	AMR	AMR	LINCOSAMIDE/PLEUROMUTILIN/STREPTOGRAMIN	LINCOMYCIN/TIAMULIN/VIRGINIAMYCIN M	BLASTX	547	547	100.00	98.54	547	WP_003234144.1	ABC-F type ribosomal protection protein VmlR		
GCF_061231035.1		NZ_CM195703.1	678786	679703	-	mphK	macrolide 2'-phosphotransferase MphK	core	AMR	AMR	MACROLIDE	TELITHROMYCIN/TYLOSIN	BLASTX	306	306	100.00	97.71	306	WP_003246254.1	macrolide 2'-phosphotransferase MphK		
GCF_061231035.1		NZ_CM195703.1	969402	970775	+	tet(L)	tetracycline efflux MFS transporter Tet(L)	core	AMR	AMR	TETRACYCLINE	TETRACYCLINE	EXACTX	458	458	100.00	100.00	458	WP_063856081.1	tetracycline efflux MFS transporter Tet(L)		
GCF_061231035.1		NZ_CM195703.1	972758	973276	+	satA	streptothricin N-acetyltransferase SatA	core	AMR	AMR	STREPTOTHRICIN	STREPTOTHRICIN	BLASTX	173	173	100.00	90.17	173	WP_003242546.1	streptothricin N-acetyltransferase SatA		
GCF_061231035.1		NZ_CM195703.1	2427069	2427920	+	aadK	aminoglycoside 6-adenylyltransferase AadK	core	AMR	AMR	AMINOGLYCOSIDE	STREPTOMYCIN	BLASTX	284	284	100.00	97.89	284	WP_003229862.1	aminoglycoside 6-adenylyltransferase AadK		
GCF_061231135.1		NZ_CM195706.1	3170979	3171635	-	cat86	type A-6 chloramphenicol O-acetyltransferase Cat86	core	AMR	AMR	PHENICOL	CHLORAMPHENICOL	BLASTX	219	220	100.00	90.91	220	WP_050945244.1	type A-6 chloramphenicol O-acetyltransferase Cat86		
GCF_061232475.1		NZ_AP051633.1	1973840	1974253	+	fosB	FosBx1 family fosfomycin resistance bacillithiol transferase	core	AMR	AMR	FOSFOMYCIN	FOSFOMYCIN	BLASTX	138	138	100.00	99.28	138	WP_000943763.1	fosfomycin resistance bacillithiol transferase FosBx1		
GCF_061232475.1		NZ_AP051633.1	2510978	2511895	+	bla	class A beta-lactamase Bla1	core	AMR	AMR	BETA-LACTAM	BETA-LACTAM	BLASTX	306	306	100.00	96.08	306	WP_063842248.1	class A beta-lactamase Bla1		
GCF_061232475.1		NZ_AP051633.1	3092417	3093187	+	bla2	BcII family subclass B1 metallo-beta-lactamase	core	AMR	AMR	BETA-LACTAM	CARBAPENEM	BLASTX	257	257	100.00	92.61	257	WP_063839879.1	BcII family subclass B1 metallo-beta-lactamase		
GCF_061232475.1		NZ_AP051633.1	3307571	3308122	-	satA	streptothricin N-acetyltransferase SatA	core	AMR	AMR	STREPTOTHRICIN	STREPTOTHRICIN	BLASTX	184	184	98.91	88.59	184	WP_000054744.1	streptothricin N-acetyltransferase SatA		
GCF_061232545.1		NZ_AP051620.1	2015326	2015739	+	fosB	FosBx1 family fosfomycin resistance bacillithiol transferase	core	AMR	AMR	FOSFOMYCIN	FOSFOMYCIN	BLASTX	138	138	100.00	99.28	138	WP_000943763.1	fosfomycin resistance bacillithiol transferase FosBx1		
GCF_061232545.1		NZ_AP051620.1	2552464	2553381	+	bla	class A beta-lactamase Bla1	core	AMR	AMR	BETA-LACTAM	BETA-LACTAM	BLASTX	306	306	100.00	96.08	306	WP_063842248.1	class A beta-lactamase Bla1		
GCF_061232545.1		NZ_AP051620.1	3133900	3134670	+	bla2	BcII family subclass B1 metallo-beta-lactamase	core	AMR	AMR	BETA-LACTAM	CARBAPENEM	BLASTX	257	257	100.00	92.61	257	WP_063839879.1	BcII family subclass B1 metallo-beta-lactamase		
GCF_061232545.1		NZ_AP051620.1	3349054	3349605	-	satA	streptothricin N-acetyltransferase SatA	core	AMR	AMR	STREPTOTHRICIN	STREPTOTHRICIN	BLASTX	184	184	98.91	88.59	184	WP_000054744.1	streptothricin N-acetyltransferase SatA		
GCF_061232575.1		NZ_AP051607.1	2015326	2015739	+	fosB	FosBx1 family fosfomycin resistance bacillithiol transferase	core	AMR	AMR	FOSFOMYCIN	FOSFOMYCIN	BLASTX	138	138	100.00	99.28	138	WP_000943763.1	fosfomycin resistance bacillithiol transferase FosBx1		
GCF_061232575.1		NZ_AP051607.1	2552464	2553381	+	bla	class A beta-lactamase Bla1	core	AMR	AMR	BETA-LACTAM	BETA-LACTAM	BLASTX	306	306	100.00	96.08	306	WP_063842248.1	class A beta-lactamase Bla1		
GCF_061232575.1		NZ_AP051607.1	3456466	3457236	+	bla2	BcII family subclass B1 metallo-beta-lactamase	core	AMR	AMR	BETA-LACTAM	CARBAPENEM	BLASTX	257	257	100.00	92.61	257	WP_063839879.1	BcII family subclass B1 metallo-beta-lactamase		
GCF_061232575.1		NZ_AP051607.1	3671620	3672171	-	satA	streptothricin N-acetyltransferase SatA	core	AMR	AMR	STREPTOTHRICIN	STREPTOTHRICIN	BLASTX	184	184	98.91	88.59	184	WP_000054744.1	streptothricin N-acetyltransferase SatA		
GCF_061541425.1		NZ_JBPGPW010000005.1	110791	111708	-	mphK	macrolide 2'-phosphotransferase MphK	core	AMR	AMR	MACROLIDE	TELITHROMYCIN/TYLOSIN	BLASTX	306	306	100.00	85.62	306	WP_003246254.1	macrolide 2'-phosphotransferase MphK		
GCF_061541425.1		NZ_JBPGPW010000010.1	114795	116417	-	vmlR	ABC-F type ribosomal protection protein VmlR	core	AMR	AMR	LINCOSAMIDE/PLEUROMUTILIN/STREPTOGRAMIN	LINCOMYCIN/TIAMULIN/VIRGINIAMYCIN M	BLASTX	541	547	98.90	92.79	541	WP_003234144.1	ABC-F type ribosomal protection protein VmlR		
GCF_061541925.1		NZ_JBPSMV010000003.1	67812	68729	+	bla	class A beta-lactamase Bla1	core	AMR	AMR	BETA-LACTAM	BETA-LACTAM	BLASTX	306	306	100.00	94.12	306	WP_003171307.1	class A beta-lactamase Bla1		
GCF_061541925.1		NZ_JBPSMV010000003.1	281565	282425	+	mleBCA	BCA family alpha/beta fold macrolide esterase	core	AMR	AMR	MACROLIDE	TYLOSIN	BLASTX	287	287	100.00	93.38	287	WP_000140039.1	BCA family alpha/beta fold macrolide esterase		
GCF_061541925.1		NZ_JBPSMV010000005.1	146159	146572	+	fosB	FosBx1 family fosfomycin resistance bacillithiol transferase	core	AMR	AMR	FOSFOMYCIN	FOSFOMYCIN	BLASTX	138	138	100.00	91.30	138	WP_000943763.1	fosfomycin resistance bacillithiol transferase FosBx1		
GCF_061541925.1		NZ_JBPSMV010000018.1	21745	22296	-	satA	streptothricin N-acetyltransferase SatA	core	AMR	AMR	STREPTOTHRICIN	STREPTOTHRICIN	BLASTX	184	184	100.00	96.20	184	WP_000054744.1	streptothricin N-acetyltransferase SatA		
GCF_061541955.1		NZ_JBPSMX010000002.1	394246	394659	-	fosB	FosBx1 family fosfomycin resistance bacillithiol transferase	core	AMR	AMR	FOSFOMYCIN	FOSFOMYCIN	BLASTX	138	138	100.00	90.58	138	WP_000943763.1	fosfomycin resistance bacillithiol transferase FosBx1		
GCF_061541955.1		NZ_JBPSMX010000004.1	100466	101317	-	mleBCA	BCA family alpha/beta fold macrolide esterase	core	AMR	AMR	MACROLIDE	TYLOSIN	BLASTX	284	287	98.95	91.55	284	WP_000140039.1	BCA family alpha/beta fold macrolide esterase		
GCF_061541955.1		NZ_JBPSMX010000019.1	63110	63661	-	satA	streptothricin N-acetyltransferase SatA	core	AMR	AMR	STREPTOTHRICIN	STREPTOTHRICIN	BLASTX	184	184	98.91	89.13	184	WP_000054744.1	streptothricin N-acetyltransferase SatA		
GCF_061541955.1		NZ_JBPSMX010000024.1	18784	19701	+	bla	class A beta-lactamase Bla1	core	AMR	AMR	BETA-LACTAM	BETA-LACTAM	BLASTX	306	306	100.00	94.77	306	WP_003171307.1	class A beta-lactamase Bla1		
GCF_061541955.1		NZ_JBPSMX010000027.1	26945	27712	+	bla2	BcII family subclass B1 metallo-beta-lactamase	core	AMR	AMR	BETA-LACTAM	CARBAPENEM	BLASTX	256	256	100.00	96.48	256	WP_000799223.1	BcII family subclass B1 metallo-beta-lactamase		
GCF_903970865.1		NZ_CAJCKK010000005.1	8431	8844	+	fosB	FosBx1 family fosfomycin resistance bacillithiol transferase	core	AMR	AMR	FOSFOMYCIN	FOSFOMYCIN	BLASTX	138	138	100.00	98.55	138	WP_000943763.1	fosfomycin resistance bacillithiol transferase FosBx1		
GCF_903970865.1		NZ_CAJCKK010000008.1	20574	21425	+	mleBCB	BCB family alpha/beta fold macrolide esterase	core	AMR	AMR	MACROLIDE	TYLOSIN	BLASTX	284	287	100.00	98.26	287	WP_459076516.1	BCB family alpha/beta fold macrolide esterase		
GCF_903970865.1		NZ_CAJCKK010000008.1	173649	174200	-	satA	streptothricin N-acetyltransferase SatA	core	AMR	AMR	STREPTOTHRICIN	STREPTOTHRICIN	BLASTX	184	184	98.91	88.59	184	WP_000054744.1	streptothricin N-acetyltransferase SatA		
GCF_903970865.1		NZ_CAJCKK010000013.1	122072	122764	+	vanR-A	vancomycin resistance response regulator transcription factor VanR-A	core	AMR	AMR	GLYCOPEPTIDE	VANCOMYCIN	BLASTX	231	231	100.00	92.64	231	WP_063856721.1	vancomycin resistance response regulator transcription factor VanR-A		
GCF_903970865.1		NZ_CAJCKK010000013.1	122766	123914	+	vanS-Pt	vancomycin resistance histidine kinase VanS-Pt	core	AMR	AMR	GLYCOPEPTIDE	VANCOMYCIN	BLASTX	383	386	99.22	90.08	383	WP_063856741.1	vancomycin resistance histidine kinase VanS-Pt		
GCF_903970865.1		NZ_CAJCKK010000024.1	50193	50963	+	bla2	BcII family subclass B1 metallo-beta-lactamase	core	AMR	AMR	BETA-LACTAM	CARBAPENEM	BLASTX	257	257	100.00	94.16	257	WP_063839879.1	BcII family subclass B1 metallo-beta-lactamase		
GCF_903970865.1		NZ_CAJCKK010000046.1	13417	14334	+	bla	class A beta-lactamase Bla1	core	AMR	AMR	BETA-LACTAM	BETA-LACTAM	BLASTX	306	306	100.00	95.10	306	WP_063842248.1	class A beta-lactamase Bla1		
GCF_903970875.1		NZ_CAJCKC010000008.1	84356	85276	+	blaP	class A beta-lactamase BlaP	core	AMR	AMR	BETA-LACTAM	BETA-LACTAM	EXACTX	307	307	100.00	100.00	307	WP_003178584.1	class A beta-lactamase BlaP		
GCF_903971065.1		NZ_CAJCKT010000011.1	6707	7474	-	bla2	BcII family subclass B1 metallo-beta-lactamase	core	AMR	AMR	BETA-LACTAM	CARBAPENEM	EXACTX	256	256	100.00	100.00	256	WP_000799232.1	BcII family subclass B1 metallo-beta-lactamase		
GCF_903971065.1		NZ_CAJCKT010000013.1	78940	79857	-	bla	class A beta-lactamase Bla1	core	AMR	AMR	BETA-LACTAM	BETA-LACTAM	BLASTX	306	306	100.00	94.77	306	WP_003171307.1	class A beta-lactamase Bla1		
GCF_903971065.1		NZ_CAJCKT010000019.1	90583	90996	-	fosB	FosBx1 family fosfomycin resistance bacillithiol transferase	core	AMR	AMR	FOSFOMYCIN	FOSFOMYCIN	BLASTX	138	138	100.00	90.58	138	WP_000943763.1	fosfomycin resistance bacillithiol transferase FosBx1		
GCF_903971065.1		NZ_CAJCKT010000022.1	32874	33428	-	satA	streptothricin N-acetyltransferase SatA	core	AMR	AMR	STREPTOTHRICIN	STREPTOTHRICIN	BLASTX	185	184	99.46	89.73	185	WP_000054744.1	streptothricin N-acetyltransferase SatA		
GCF_903971065.1		NZ_CAJCKT010000034.1	43089	43949	+	mleBCA	BCA family alpha/beta fold macrolide esterase	core	AMR	AMR	MACROLIDE	TYLOSIN	BLASTX	287	287	100.00	95.12	287	WP_000140039.1	BCA family alpha/beta fold macrolide esterase		
GCF_904841115.1		NZ_CAJGVF010000001.1	524965	526011	+	clbA	23S rRNA (adenine(2503)-C(8))-methyltransferase ClbA	core	AMR	AMR	LINCOSAMIDE/MACROLIDE/STREPTOGRAMIN	LINCOSAMIDE/MACROLIDE/STREPTOGRAMIN	BLASTX	349	349	100.00	97.42	349	WP_012116915.1	23S rRNA (adenine(2503)-C(8))-methyltransferase ClbA		
GCF_904841115.1		NZ_CAJGVF010000001.1	2587693	2588211	-	satA	streptothricin N-acetyltransferase SatA	core	AMR	AMR	STREPTOTHRICIN	STREPTOTHRICIN	BLASTX	173	173	100.00	79.77	173	WP_003242546.1	streptothricin N-acetyltransferase SatA		
GCF_904842145.1		NZ_CAJGVG010000001.1	546701	547747	+	clbA	23S rRNA (adenine(2503)-C(8))-methyltransferase ClbA	core	AMR	AMR	LINCOSAMIDE/MACROLIDE/STREPTOGRAMIN	LINCOSAMIDE/MACROLIDE/STREPTOGRAMIN	BLASTX	349	349	100.00	97.42	349	WP_012116915.1	23S rRNA (adenine(2503)-C(8))-methyltransferase ClbA		
GCF_904842145.1		NZ_CAJGVG010000001.1	2609430	2609948	-	satA	streptothricin N-acetyltransferase SatA	core	AMR	AMR	STREPTOTHRICIN	STREPTOTHRICIN	BLASTX	173	173	100.00	79.77	173	WP_003242546.1	streptothricin N-acetyltransferase SatA		
GCF_949767885.1		NZ_CATKPH010000013.1	132198	133118	-	blaP	class A beta-lactamase BlaP	core	AMR	AMR	BETA-LACTAM	BETA-LACTAM	EXACTX	307	307	100.00	100.00	307	WP_003178584.1	class A beta-lactamase BlaP		
GCF_949767925.1		NZ_CATKPJ010000050.1	131263	132183	-	blaP	class A beta-lactamase BlaP	core	AMR	AMR	BETA-LACTAM	BETA-LACTAM	EXACTX	307	307	100.00	100.00	307	WP_003178584.1	class A beta-lactamase BlaP		
GCF_949768215.1		NZ_CATKPE010000022.1	571277	571795	-	satA	streptothricin N-acetyltransferase SatA	core	AMR	AMR	STREPTOTHRICIN	STREPTOTHRICIN	BLASTX	173	173	100.00	79.19	173	WP_003242546.1	streptothricin N-acetyltransferase SatA		
GCF_949768215.1		NZ_CATKPE010000034.1	57984	59030	-	clbA	23S rRNA (adenine(2503)-C(8))-methyltransferase ClbA	core	AMR	AMR	LINCOSAMIDE/MACROLIDE/STREPTOGRAMIN	LINCOSAMIDE/MACROLIDE/STREPTOGRAMIN	BLASTX	349	349	100.00	99.71	349	WP_012116915.1	23S rRNA (adenine(2503)-C(8))-methyltransferase ClbA		
GCF_964264945.1		NZ_CAXWAH010000011.1	461613	462398	-	blaBPU	BPU family class D beta-lactamase	core	AMR	AMR	BETA-LACTAM	BETA-LACTAM	BLASTX	262	262	100.00	93.89	262	WP_041816295.1	class D beta-lactamase BPU-1		
GCF_964264945.1		NZ_CAXWAH010000022.1	176784	177443	+	cat86	type A-6 chloramphenicol O-acetyltransferase Cat86	core	AMR	AMR	PHENICOL	CHLORAMPHENICOL	BLASTX	220	220	100.00	94.09	220	WP_050945244.1	type A-6 chloramphenicol O-acetyltransferase Cat86		
GCF_977015195.1		NZ_CDRNNA010000001.1	1653144	1654190	-	clbA	23S rRNA (adenine(2503)-C(8))-methyltransferase ClbA	core	AMR	AMR	LINCOSAMIDE/MACROLIDE/STREPTOGRAMIN	LINCOSAMIDE/MACROLIDE/STREPTOGRAMIN	BLASTX	349	349	100.00	99.14	349	WP_012116915.1	23S rRNA (adenine(2503)-C(8))-methyltransferase ClbA		
GCF_977015195.1		NZ_CDRNNA010000001.1	3660686	3661204	+	satA	streptothricin N-acetyltransferase SatA	core	AMR	AMR	STREPTOTHRICIN	STREPTOTHRICIN	BLASTX	173	173	100.00	79.77	173	WP_003242546.1	streptothricin N-acetyltransferase SatA		
GCF_977015285.1		NZ_CDRNNG010000001.1	894209	894727	-	satA	streptothricin N-acetyltransferase SatA	core	AMR	AMR	STREPTOTHRICIN	STREPTOTHRICIN	BLASTX	173	173	100.00	79.19	173	WP_003242546.1	streptothricin N-acetyltransferase SatA		
GCF_977015325.1		NZ_CDRNNK010000001.1	1013589	1014107	-	satA	streptothricin N-acetyltransferase SatA	core	AMR	AMR	STREPTOTHRICIN	STREPTOTHRICIN	BLASTX	173	173	100.00	90.75	173	WP_003242546.1	streptothricin N-acetyltransferase SatA		
GCF_977015325.1		NZ_CDRNNK010000001.1	1016137	1017507	-	tet(L)	tetracycline efflux MFS transporter Tet(L)	core	AMR	AMR	TETRACYCLINE	TETRACYCLINE	BLASTX	457	458	99.78	98.91	457	WP_003242953.1	tetracycline efflux MFS transporter Tet(L)		
GCF_977015325.1		NZ_CDRNNK010000001.1	1318882	1319799	+	mphK	macrolide 2'-phosphotransferase MphK	core	AMR	AMR	MACROLIDE	TELITHROMYCIN/TYLOSIN	BLASTX	306	306	100.00	97.06	306	WP_003246254.1	macrolide 2'-phosphotransferase MphK		
GCF_977015325.1		NZ_CDRNNK010000001.1	1646761	1648404	-	vmlR	ABC-F type ribosomal protection protein VmlR	core	AMR	AMR	LINCOSAMIDE/PLEUROMUTILIN/STREPTOGRAMIN	LINCOMYCIN/TIAMULIN/VIRGINIAMYCIN M	BLASTX	548	547	100.00	99.27	548	WP_003234144.1	ABC-F type ribosomal protection protein VmlR		
GCF_977015325.1		NZ_CDRNNK010000001.1	3619110	3619961	-	aadK	aminoglycoside 6-adenylyltransferase AadK	core	AMR	AMR	AMINOGLYCOSIDE	STREPTOMYCIN	BLASTX	284	284	100.00	98.94	284	WP_003229862.1	aminoglycoside 6-adenylyltransferase AadK		
GCF_977015355.1		NZ_CDRNNL010000001.1	206182	207228	+	clbA	23S rRNA (adenine(2503)-C(8))-methyltransferase ClbA	core	AMR	AMR	LINCOSAMIDE/MACROLIDE/STREPTOGRAMIN	LINCOSAMIDE/MACROLIDE/STREPTOGRAMIN	BLASTX	349	349	100.00	99.14	349	WP_012116915.1	23S rRNA (adenine(2503)-C(8))-methyltransferase ClbA		
GCF_977015355.1		NZ_CDRNNL010000001.1	2225622	2226140	-	satA	streptothricin N-acetyltransferase SatA	core	AMR	AMR	STREPTOTHRICIN	STREPTOTHRICIN	BLASTX	173	173	100.00	79.19	173	WP_003242546.1	streptothricin N-acetyltransferase SatA		
GCF_977015415.1		NZ_CDRNNU010000001.1	254704	255621	-	mphK	macrolide 2'-phosphotransferase MphK	core	AMR	AMR	MACROLIDE	TELITHROMYCIN/TYLOSIN	BLASTX	306	306	100.00	97.71	306	WP_003246254.1	macrolide 2'-phosphotransferase MphK		
GCF_977015415.1		NZ_CDRNNU010000001.1	598494	599867	+	tet(L)	tetracycline efflux MFS transporter Tet(L)	core	AMR	AMR	TETRACYCLINE	TETRACYCLINE	BLASTX	458	458	100.00	97.82	458	WP_063856081.1	tetracycline efflux MFS transporter Tet(L)		
GCF_977015415.1		NZ_CDRNNU010000001.1	601829	602347	+	satA	streptothricin N-acetyltransferase SatA	core	AMR	AMR	STREPTOTHRICIN	STREPTOTHRICIN	BLASTX	173	173	100.00	90.17	173	WP_003242546.1	streptothricin N-acetyltransferase SatA		
GCF_977015415.1		NZ_CDRNNU010000001.1	2061386	2062237	+	aadK	aminoglycoside 6-adenylyltransferase AadK	core	AMR	AMR	AMINOGLYCOSIDE	STREPTOMYCIN	BLASTX	284	284	100.00	98.59	284	WP_003229862.1	aminoglycoside 6-adenylyltransferase AadK		
GCF_977015415.1		NZ_CDRNNU010000001.1	4147661	4149301	+	vmlR	ABC-F type ribosomal protection protein VmlR	core	AMR	AMR	LINCOSAMIDE/PLEUROMUTILIN/STREPTOGRAMIN	LINCOMYCIN/TIAMULIN/VIRGINIAMYCIN M	BLASTX	547	547	100.00	98.54	547	WP_003234144.1	ABC-F type ribosomal protection protein VmlR		
GCF_977015475.1		NZ_CDRNNZ010000001.1	755940	756458	+	satA	streptothricin N-acetyltransferase SatA	core	AMR	AMR	STREPTOTHRICIN	STREPTOTHRICIN	BLASTX	173	173	100.00	79.19	173	WP_003242546.1	streptothricin N-acetyltransferase SatA		
GCF_977015475.1		NZ_CDRNNZ010000001.1	2820371	2821417	-	clbA	23S rRNA (adenine(2503)-C(8))-methyltransferase ClbA	core	AMR	AMR	LINCOSAMIDE/MACROLIDE/STREPTOGRAMIN	LINCOSAMIDE/MACROLIDE/STREPTOGRAMIN	BLASTX	349	349	100.00	98.57	349	WP_012116915.1	23S rRNA (adenine(2503)-C(8))-methyltransferase ClbA		
GCF_977015505.1		NZ_CDRNOB010000001.1	2031376	2032422	-	clbA	23S rRNA (adenine(2503)-C(8))-methyltransferase ClbA	core	AMR	AMR	LINCOSAMIDE/MACROLIDE/STREPTOGRAMIN	LINCOSAMIDE/MACROLIDE/STREPTOGRAMIN	BLASTX	349	349	100.00	92.55	349	WP_012116915.1	23S rRNA (adenine(2503)-C(8))-methyltransferase ClbA		
GCF_977015535.1		NZ_CDRNOD010000001.1	1588170	1588634	-	satA	streptothricin N-acetyltransferase SatA	core	AMR	AMR	STREPTOTHRICIN	STREPTOTHRICIN	PARTIALX	155	173	89.60	85.81	155	WP_003242546.1	streptothricin N-acetyltransferase SatA		
GCF_977015535.1		NZ_CDRNOD010000001.1	2202911	2203270	+	emrC	multidrug efflux transporter outer membrane subunit EmrC	plus	AMR	AMR	QUATERNARY AMMONIUM	QUATERNARY AMMONIUM	BLASTX	120	128	93.75	80.00	120	EAC4468893.1	multidrug efflux transporter outer membrane subunit EmrC		
GCF_977015535.1		NZ_CDRNOD010000001.1	3621548	3622066	+	satA	streptothricin N-acetyltransferase SatA	core	AMR	AMR	STREPTOTHRICIN	STREPTOTHRICIN	BLASTX	173	173	100.00	78.03	173	WP_003242546.1	streptothricin N-acetyltransferase SatA		
GCF_977015745.1		NZ_CDRNOT010000001.1	212509	213360	-	aadK	aminoglycoside 6-adenylyltransferase AadK	core	AMR	AMR	AMINOGLYCOSIDE	STREPTOMYCIN	BLASTX	284	284	100.00	97.89	284	WP_003229862.1	aminoglycoside 6-adenylyltransferase AadK		
GCF_977015745.1		NZ_CDRNOT010000001.1	1663819	1664337	-	satA	streptothricin N-acetyltransferase SatA	core	AMR	AMR	STREPTOTHRICIN	STREPTOTHRICIN	BLASTX	173	173	100.00	95.38	173	WP_003242546.1	streptothricin N-acetyltransferase SatA		
GCF_977015745.1		NZ_CDRNOT010000001.1	1961154	1962071	+	mphK	macrolide 2'-phosphotransferase MphK	core	AMR	AMR	MACROLIDE	TELITHROMYCIN/TYLOSIN	BLASTX	306	306	100.00	97.71	306	WP_003246254.1	macrolide 2'-phosphotransferase MphK		
GCF_977015745.1		NZ_CDRNOT010000001.1	2287979	2289619	-	vmlR	ABC-F type ribosomal protection protein VmlR	core	AMR	AMR	LINCOSAMIDE/PLEUROMUTILIN/STREPTOGRAMIN	LINCOMYCIN/TIAMULIN/VIRGINIAMYCIN M	BLASTX	547	547	100.00	98.17	547	WP_003234144.1	ABC-F type ribosomal protection protein VmlR		
GCF_977016005.1		NZ_CDRNPO010000001.1	93162	94013	-	aadK	aminoglycoside 6-adenylyltransferase AadK	core	AMR	AMR	AMINOGLYCOSIDE	STREPTOMYCIN	BLASTX	284	284	100.00	97.54	284	WP_003229862.1	aminoglycoside 6-adenylyltransferase AadK		
GCF_977016005.1		NZ_CDRNPO010000001.1	1548848	1549366	-	satA	streptothricin N-acetyltransferase SatA	core	AMR	AMR	STREPTOTHRICIN	STREPTOTHRICIN	BLASTX	173	173	100.00	92.49	173	WP_003242546.1	streptothricin N-acetyltransferase SatA		
GCF_977016005.1		NZ_CDRNPO010000001.1	1551368	1552741	-	tet(L)	tetracycline efflux MFS transporter Tet(L)	core	AMR	AMR	TETRACYCLINE	TETRACYCLINE	EXACTX	458	458	100.00	100.00	458	WP_003242953.1	tetracycline efflux MFS transporter Tet(L)		
GCF_977016005.1		NZ_CDRNPO010000001.1	1848650	1849567	+	mphK	macrolide 2'-phosphotransferase MphK	core	AMR	AMR	MACROLIDE	TELITHROMYCIN/TYLOSIN	BLASTX	306	306	100.00	98.04	306	WP_003246254.1	macrolide 2'-phosphotransferase MphK		
GCF_977016005.1		NZ_CDRNPO010000001.1	2165886	2167526	-	vmlR	ABC-F type ribosomal protection protein VmlR	core	AMR	AMR	LINCOSAMIDE/PLEUROMUTILIN/STREPTOGRAMIN	LINCOMYCIN/TIAMULIN/VIRGINIAMYCIN M	BLASTX	547	547	100.00	98.72	547	WP_003234144.1	ABC-F type ribosomal protection protein VmlR		
GCF_977016065.1		NZ_CDRNPV010000001.1	971923	972441	-	satA	streptothricin N-acetyltransferase SatA	core	AMR	AMR	STREPTOTHRICIN	STREPTOTHRICIN	BLASTX	173	173	100.00	89.60	173	WP_003242546.1	streptothricin N-acetyltransferase SatA		
GCF_977016065.1		NZ_CDRNPV010000001.1	974443	975816	-	tet(L)	tetracycline efflux MFS transporter Tet(L)	core	AMR	AMR	TETRACYCLINE	TETRACYCLINE	BLASTX	458	458	100.00	98.69	458	WP_003242953.1	tetracycline efflux MFS transporter Tet(L)		
GCF_977016065.1		NZ_CDRNPV010000001.1	1287869	1288786	+	mphK	macrolide 2'-phosphotransferase MphK	core	AMR	AMR	MACROLIDE	TELITHROMYCIN/TYLOSIN	BLASTX	306	306	100.00	98.69	306	WP_003246254.1	macrolide 2'-phosphotransferase MphK		
GCF_977016065.1		NZ_CDRNPV010000001.1	1628092	1629732	-	vmlR	ABC-F type ribosomal protection protein VmlR	core	AMR	AMR	LINCOSAMIDE/PLEUROMUTILIN/STREPTOGRAMIN	LINCOMYCIN/TIAMULIN/VIRGINIAMYCIN M	INTERNAL_STOP	547	547	100.00	98.54	547	WP_003234144.1	ABC-F type ribosomal protection protein VmlR		
GCF_977016065.1		NZ_CDRNPV010000001.1	3597684	3598535	-	aadK	aminoglycoside 6-adenylyltransferase AadK	core	AMR	AMR	AMINOGLYCOSIDE	STREPTOMYCIN	BLASTX	284	284	100.00	98.94	284	WP_003229862.1	aminoglycoside 6-adenylyltransferase AadK		
GCF_979253805.1		NZ_CEEDEC010000001.1	83302	84072	+	bla2	BcII family subclass B1 metallo-beta-lactamase	core	AMR	AMR	BETA-LACTAM	CARBAPENEM	BLASTX	257	257	100.00	96.11	257	WP_012261328.1	BcII family subclass B1 metallo-beta-lactamase		
GCF_979253805.1		NZ_CEEDEC010000001.1	1358461	1358874	-	fosB	FosBx1 family fosfomycin resistance bacillithiol transferase	core	AMR	AMR	FOSFOMYCIN	FOSFOMYCIN	BLASTX	138	138	100.00	91.30	138	WP_000943763.1	fosfomycin resistance bacillithiol transferase FosBx1		
GCF_979889575.1		NZ_OZ412610.1	530838	531884	+	clbA	23S rRNA (adenine(2503)-C(8))-methyltransferase ClbA	core	AMR	AMR	LINCOSAMIDE/MACROLIDE/STREPTOGRAMIN	LINCOSAMIDE/MACROLIDE/STREPTOGRAMIN	BLASTX	349	349	100.00	97.42	349	WP_012116915.1	23S rRNA (adenine(2503)-C(8))-methyltransferase ClbA		
GCF_979889575.1		NZ_OZ412610.1	2581108	2581626	-	satA	streptothricin N-acetyltransferase SatA	core	AMR	AMR	STREPTOTHRICIN	STREPTOTHRICIN	BLASTX	173	173	100.00	80.35	173	WP_003242546.1	streptothricin N-acetyltransferase SatA		
GCF_979893815.1		NZ_OZ412631.1	1906541	1906954	+	fosB	FosBx1 family fosfomycin resistance bacillithiol transferase	core	AMR	AMR	FOSFOMYCIN	FOSFOMYCIN	BLASTX	138	138	100.00	99.28	138	WP_000943763.1	fosfomycin resistance bacillithiol transferase FosBx1		
GCF_979893815.1		NZ_OZ412631.1	2477678	2478595	+	bla	class A beta-lactamase Bla1	core	AMR	AMR	BETA-LACTAM	BETA-LACTAM	BLASTX	306	306	100.00	97.06	306	WP_063842248.1	class A beta-lactamase Bla1		
GCF_979893815.1		NZ_OZ412631.1	3154698	3155249	+	satA	streptothricin N-acetyltransferase SatA	core	AMR	AMR	STREPTOTHRICIN	STREPTOTHRICIN	BLASTX	184	184	98.91	89.67	184	WP_000054744.1	streptothricin N-acetyltransferase SatA		
GCF_979893815.1		NZ_OZ412631.1	3386047	3386559	-	bla2	BcII family subclass B1 metallo-beta-lactamase	core	AMR	AMR	BETA-LACTAM	CARBAPENEM	PARTIALX	171	257	66.54	92.40	171	WP_012261328.1	BcII family subclass B1 metallo-beta-lactamase		
GCF_979893815.1		NZ_OZ412632.1	27347	28720	-	tet(45)	tetracycline efflux MFS transporter Tet(45)	core	AMR	AMR	TETRACYCLINE	TETRACYCLINE	BLASTX	458	458	100.00	91.70	458	WP_063855885.1	tetracycline efflux MFS transporter Tet(45)		
GCF_979895345.1		NZ_OZ412633.1	1906502	1906915	+	fosB	FosBx1 family fosfomycin resistance bacillithiol transferase	core	AMR	AMR	FOSFOMYCIN	FOSFOMYCIN	BLASTX	138	138	100.00	99.28	138	WP_000943763.1	fosfomycin resistance bacillithiol transferase FosBx1		
GCF_979895345.1		NZ_OZ412633.1	2477639	2478556	+	bla	class A beta-lactamase Bla1	core	AMR	AMR	BETA-LACTAM	BETA-LACTAM	BLASTX	306	306	100.00	97.06	306	WP_063842248.1	class A beta-lactamase Bla1		
GCF_979895345.1		NZ_OZ412633.1	3154659	3155210	+	satA	streptothricin N-acetyltransferase SatA	core	AMR	AMR	STREPTOTHRICIN	STREPTOTHRICIN	BLASTX	184	184	98.91	89.67	184	WP_000054744.1	streptothricin N-acetyltransferase SatA		
GCF_979895345.1		NZ_OZ412633.1	3386008	3386520	-	bla2	BcII family subclass B1 metallo-beta-lactamase	core	AMR	AMR	BETA-LACTAM	CARBAPENEM	PARTIALX	171	257	66.54	92.40	171	WP_012261328.1	BcII family subclass B1 metallo-beta-lactamase		
GCF_979895345.1		NZ_OZ412634.1	434989	436362	-	tet(45)	tetracycline efflux MFS transporter Tet(45)	core	AMR	AMR	TETRACYCLINE	TETRACYCLINE	BLASTX	458	458	100.00	91.70	458	WP_063855885.1	tetracycline efflux MFS transporter Tet(45)		
GCF_979901285.1		NZ_OZ412635.1	1906474	1906887	+	fosB	FosBx1 family fosfomycin resistance bacillithiol transferase	core	AMR	AMR	FOSFOMYCIN	FOSFOMYCIN	BLASTX	138	138	100.00	99.28	138	WP_000943763.1	fosfomycin resistance bacillithiol transferase FosBx1		
GCF_979901285.1		NZ_OZ412635.1	2477611	2478528	+	bla	class A beta-lactamase Bla1	core	AMR	AMR	BETA-LACTAM	BETA-LACTAM	BLASTX	306	306	100.00	97.06	306	WP_063842248.1	class A beta-lactamase Bla1		
GCF_979901285.1		NZ_OZ412635.1	3154631	3155182	+	satA	streptothricin N-acetyltransferase SatA	core	AMR	AMR	STREPTOTHRICIN	STREPTOTHRICIN	BLASTX	184	184	98.91	89.67	184	WP_000054744.1	streptothricin N-acetyltransferase SatA		
GCF_979901285.1		NZ_OZ412635.1	3385980	3386492	-	bla2	BcII family subclass B1 metallo-beta-lactamase	core	AMR	AMR	BETA-LACTAM	CARBAPENEM	PARTIALX	171	257	66.54	92.40	171	WP_012261328.1	BcII family subclass B1 metallo-beta-lactamase		
GCF_979901285.1		NZ_OZ412636.1	27346	28719	-	tet(45)	tetracycline efflux MFS transporter Tet(45)	core	AMR	AMR	TETRACYCLINE	TETRACYCLINE	BLASTX	458	458	100.00	91.70	458	WP_063855885.1	tetracycline efflux MFS transporter Tet(45)		
GCF_979901685.1		NZ_OZ412637.1	530838	531884	+	clbA	23S rRNA (adenine(2503)-C(8))-methyltransferase ClbA	core	AMR	AMR	LINCOSAMIDE/MACROLIDE/STREPTOGRAMIN	LINCOSAMIDE/MACROLIDE/STREPTOGRAMIN	BLASTX	349	349	100.00	97.42	349	WP_012116915.1	23S rRNA (adenine(2503)-C(8))-methyltransferase ClbA		
GCF_979901685.1		NZ_OZ412637.1	2581109	2581627	-	satA	streptothricin N-acetyltransferase SatA	core	AMR	AMR	STREPTOTHRICIN	STREPTOTHRICIN	BLASTX	173	173	100.00	80.35	173	WP_003242546.1	streptothricin N-acetyltransferase SatA		
GCF_979902625.1		NZ_OZ412638.1	530838	531884	+	clbA	23S rRNA (adenine(2503)-C(8))-methyltransferase ClbA	core	AMR	AMR	LINCOSAMIDE/MACROLIDE/STREPTOGRAMIN	LINCOSAMIDE/MACROLIDE/STREPTOGRAMIN	BLASTX	349	349	100.00	97.42	349	WP_012116915.1	23S rRNA (adenine(2503)-C(8))-methyltransferase ClbA		
GCF_979902625.1		NZ_OZ412638.1	2581107	2581625	-	satA	streptothricin N-acetyltransferase SatA	core	AMR	AMR	STREPTOTHRICIN	STREPTOTHRICIN	BLASTX	173	173	100.00	80.35	173	WP_003242546.1	streptothricin N-acetyltransferase SatA		
GCF_979908215.1		NZ_CEHVNK010000001.1	1626853	1627266	+	fosB	FosBx1 family fosfomycin resistance bacillithiol transferase	core	AMR	AMR	FOSFOMYCIN	FOSFOMYCIN	BLASTX	138	138	100.00	97.10	138	WP_000943763.1	fosfomycin resistance bacillithiol transferase FosBx1		
GCF_979908215.1		NZ_CEHVNK010000001.1	2103607	2104524	+	bla	class A beta-lactamase Bla1	core	AMR	AMR	BETA-LACTAM	BETA-LACTAM	BLASTX	306	306	100.00	97.06	306	WP_063842248.1	class A beta-lactamase Bla1		
GCF_979908215.1		NZ_CEHVNK010000001.1	2748609	2749160	+	satA	streptothricin N-acetyltransferase SatA	core	AMR	AMR	STREPTOTHRICIN	STREPTOTHRICIN	BLASTX	184	184	98.91	89.67	184	WP_000054744.1	streptothricin N-acetyltransferase SatA		
GCF_979908215.1		NZ_CEHVNK010000001.1	2985520	2986032	-	bla2	BcII family subclass B1 metallo-beta-lactamase	core	AMR	AMR	BETA-LACTAM	CARBAPENEM	PARTIALX	171	257	66.54	92.40	171	WP_012261328.1	BcII family subclass B1 metallo-beta-lactamase		
GCF_979908215.1		NZ_CEHVNK010000002.1	9428	9841	+	fosB	FosB family fosfomycin resistance bacillithiol transferase	core	AMR	AMR	FOSFOMYCIN	FOSFOMYCIN	BLASTX	138	138	100.00	97.83	138	WP_063851229.1	FosB family fosfomycin resistance bacillithiol transferase		
GCF_979908215.1		NZ_CEHVNK010000002.1	218611	219453	+	mleBCB	BCB family alpha/beta fold macrolide esterase	core	AMR	AMR	MACROLIDE	TYLOSIN	BLASTX	281	287	97.91	92.53	281	WP_459076516.1	BCB family alpha/beta fold macrolide esterase		
GCF_979914115.1		NZ_OZ412650.1	530838	531884	+	clbA	23S rRNA (adenine(2503)-C(8))-methyltransferase ClbA	core	AMR	AMR	LINCOSAMIDE/MACROLIDE/STREPTOGRAMIN	LINCOSAMIDE/MACROLIDE/STREPTOGRAMIN	BLASTX	349	349	100.00	97.42	349	WP_012116915.1	23S rRNA (adenine(2503)-C(8))-methyltransferase ClbA		
GCF_979914115.1		NZ_OZ412650.1	2581466	2581984	-	satA	streptothricin N-acetyltransferase SatA	core	AMR	AMR	STREPTOTHRICIN	STREPTOTHRICIN	BLASTX	173	173	100.00	80.35	173	WP_003242546.1	streptothricin N-acetyltransferase SatA		
GCF_979914865.1		NZ_OZ412651.1	530838	531884	+	clbA	23S rRNA (adenine(2503)-C(8))-methyltransferase ClbA	core	AMR	AMR	LINCOSAMIDE/MACROLIDE/STREPTOGRAMIN	LINCOSAMIDE/MACROLIDE/STREPTOGRAMIN	BLASTX	349	349	100.00	97.42	349	WP_012116915.1	23S rRNA (adenine(2503)-C(8))-methyltransferase ClbA		
GCF_979914865.1		NZ_OZ412651.1	2577597	2578115	-	satA	streptothricin N-acetyltransferase SatA	core	AMR	AMR	STREPTOTHRICIN	STREPTOTHRICIN	BLASTX	173	173	100.00	80.35	173	WP_003242546.1	streptothricin N-acetyltransferase SatA		
GCF_979930925.1		NZ_OZ412684.1	264075	264995	+	blaP	class A beta-lactamase BlaP	core	AMR	AMR	BETA-LACTAM	BETA-LACTAM	EXACTX	307	307	100.00	100.00	307	WP_023857755.1	class A beta-lactamase BlaP		
GCF_979930925.1		NZ_OZ412684.1	2808156	2809016	+	erm(D)	23S rRNA (adenine(2058)-N(6))-methyltransferase Erm(D)	core	AMR	AMR	LINCOSAMIDE/MACROLIDE/STREPTOGRAMIN	ERYTHROMYCIN/LINCOSAMIDE/STREPTOGRAMIN	BLASTX	287	287	100.00	99.65	287	WP_003183781.1	23S rRNA (adenine(2058)-N(6))-methyltransferase Erm(D)		
GCF_979932065.1		NZ_OZ412685.1	264075	264995	+	blaP	class A beta-lactamase BlaP	core	AMR	AMR	BETA-LACTAM	BETA-LACTAM	EXACTX	307	307	100.00	100.00	307	WP_023857755.1	class A beta-lactamase BlaP		
GCF_979932065.1		NZ_OZ412685.1	2808155	2809015	+	erm(D)	23S rRNA (adenine(2058)-N(6))-methyltransferase Erm(D)	core	AMR	AMR	LINCOSAMIDE/MACROLIDE/STREPTOGRAMIN	ERYTHROMYCIN/LINCOSAMIDE/STREPTOGRAMIN	BLASTX	287	287	100.00	99.65	287	WP_003183781.1	23S rRNA (adenine(2058)-N(6))-methyltransferase Erm(D)		
GCF_982398145.1		NZ_CEVXLK010000001.1	269377	269790	+	fosB	FosBx1 family fosfomycin resistance bacillithiol transferase	core	AMR	AMR	FOSFOMYCIN	FOSFOMYCIN	BLASTX	138	138	100.00	90.58	138	WP_000943763.1	fosfomycin resistance bacillithiol transferase FosBx1		
GCF_982398145.1		NZ_CEVXLK010000001.1	719768	720685	+	bla	class A beta-lactamase Bla1	core	AMR	AMR	BETA-LACTAM	BETA-LACTAM	BLASTX	306	306	100.00	92.48	306	WP_003171307.1	class A beta-lactamase Bla1		
GCF_982398145.1		NZ_CEVXLK010000001.1	780465	781157	+	vanR-A	vancomycin resistance response regulator transcription factor VanR-A	core	AMR	AMR	GLYCOPEPTIDE	VANCOMYCIN	BLASTX	231	231	100.00	91.77	231	WP_063856721.1	vancomycin resistance response regulator transcription factor VanR-A		
GCF_982398145.1		NZ_CEVXLK010000001.1	967183	968043	+	mleBCA	BCA family alpha/beta fold macrolide esterase	core	AMR	AMR	MACROLIDE	TYLOSIN	EXACTX	287	287	100.00	100.00	287	WP_000140039.1	BCA family alpha/beta fold macrolide esterase		
GCF_982398145.1		NZ_CEVXLK010000001.1	1372199	1372753	+	satA	streptothricin N-acetyltransferase SatA	core	AMR	AMR	STREPTOTHRICIN	STREPTOTHRICIN	BLASTX	185	184	99.46	90.81	185	WP_000054744.1	streptothricin N-acetyltransferase SatA		
GCF_982398145.1		NZ_CEVXLK010000001.1	1650986	1651756	-	bla2	BcII family subclass B1 metallo-beta-lactamase	core	AMR	AMR	BETA-LACTAM	CARBAPENEM	BLASTX	257	257	100.00	91.44	257	WP_063839879.1	BcII family subclass B1 metallo-beta-lactamase		
GCF_986269535.1		NZ_CFRUPS010000018.1	60046	60702	-	cat86	type A-6 chloramphenicol O-acetyltransferase Cat86	core	AMR	AMR	PHENICOL	CHLORAMPHENICOL	BLASTX	219	220	100.00	90.45	220	WP_050945244.1	type A-6 chloramphenicol O-acetyltransferase Cat86		
