BACILLUS AMR PROJECT
STEP 10 - AMRFinderPlus
Started: 2026-10-04T14:39:37-06:00
AMRFinderPlus version: 4.2.7
Database: 2026-08-07.1

[1/1312] GCF_011751575.1
Running: amrfinder -n /home/bacte/bacillus_amr/01_genomes/ncbi_dataset/ncbi_dataset/data/GCF_011751575.1/GCF_011751575.1_ASM1175157v1_genomic.fna --plus -o /home/bacte/bacillus_amr/05_amr/amrfinder_raw/GCF_011751575.1.tsv
Software directory: /home/bacte/miniconda3/envs/amrfinder_env/bin/
Software version: 4.2.7
Database directory: /home/bacte/miniconda3/envs/amrfinder_env/share/amrfinderplus/data/2026-08-07.1
Database version: 2026-08-07.1
AMRFinder translated nucleotide search
  - include -O ORGANISM, --organism ORGANISM option to add mutation searches and suppress common proteins
Running tblastn
Making report
amrfinder took 16 seconds to complete
    OK
[2/1312] GCF_011751595.1
Running: amrfinder -n /home/bacte/bacillus_amr/01_genomes/ncbi_dataset/ncbi_dataset/data/GCF_011751595.1/GCF_011751595.1_ASM1175159v1_genomic.fna --plus -o /home/bacte/bacillus_amr/05_amr/amrfinder_raw/GCF_011751595.1.tsv
Software directory: /home/bacte/miniconda3/envs/amrfinder_env/bin/
Software version: 4.2.7
Database directory: /home/bacte/miniconda3/envs/amrfinder_env/share/amrfinderplus/data/2026-08-07.1
Database version: 2026-08-07.1
AMRFinder translated nucleotide search
  - include -O ORGANISM, --organism ORGANISM option to add mutation searches and suppress common proteins
Running tblastn
Making report
amrfinder took 16 seconds to complete
    OK
[3/1312] GCF_044626275.1
Running: amrfinder -n /home/bacte/bacillus_amr/01_genomes/ncbi_dataset/ncbi_dataset/data/GCF_044626275.1/GCF_044626275.1_ASM4462627v1_genomic.fna --plus -o /home/bacte/bacillus_amr/05_amr/amrfinder_raw/GCF_044626275.1.tsv
Software directory: /home/bacte/miniconda3/envs/amrfinder_env/bin/
Software version: 4.2.7
Database directory: /home/bacte/miniconda3/envs/amrfinder_env/share/amrfinderplus/data/2026-08-07.1
Database version: 2026-08-07.1
AMRFinder translated nucleotide search
  - include -O ORGANISM, --organism ORGANISM option to add mutation searches and suppress common proteins
Running tblastn
Making report
amrfinder took 14 seconds to complete
    OK
[4/1312] GCF_001029865.1
Running: amrfinder -n /home/bacte/bacillus_amr/01_genomes/ncbi_dataset/ncbi_dataset/data/GCF_001029865.1/GCF_001029865.1_RIT380_V1_genomic.fna --plus -o /home/bacte/bacillus_amr/05_amr/amrfinder_raw/GCF_001029865.1.tsv
Software directory: /home/bacte/miniconda3/envs/amrfinder_env/bin/
Software version: 4.2.7
Database directory: /home/bacte/miniconda3/envs/amrfinder_env/share/amrfinderplus/data/2026-08-07.1
Database version: 2026-08-07.1
AMRFinder translated nucleotide search
  - include -O ORGANISM, --organism ORGANISM option to add mutation searches and suppress common proteins
Running tblastn
Making report
amrfinder took 9 seconds to complete
    OK
[5/1312] GCF_002741745.1
Running: amrfinder -n /home/bacte/bacillus_amr/01_genomes/ncbi_dataset/ncbi_dataset/data/GCF_002741745.1/GCF_002741745.1_ASM274174v1_genomic.fna --plus -o /home/bacte/bacillus_amr/05_amr/amrfinder_raw/GCF_002741745.1.tsv
Software directory: /home/bacte/miniconda3/envs/amrfinder_env/bin/
Software version: 4.2.7
Database directory: /home/bacte/miniconda3/envs/amrfinder_env/share/amrfinderplus/data/2026-08-07.1
Database version: 2026-08-07.1
AMRFinder translated nucleotide search
  - include -O ORGANISM, --organism ORGANISM option to add mutation searches and suppress common proteins
Running tblastn
Making report
amrfinder took 43 seconds to complete
    OK
[6/1312] GCF_003064485.1
Running: amrfinder -n /home/bacte/bacillus_amr/01_genomes/ncbi_dataset/ncbi_dataset/data/GCF_003064485.1/GCF_003064485.1_ASM306448v1_genomic.fna --plus -o /home/bacte/bacillus_amr/05_amr/amrfinder_raw/GCF_003064485.1.tsv
Software directory: /home/bacte/miniconda3/envs/amrfinder_env/bin/
Software version: 4.2.7
Database directory: /home/bacte/miniconda3/envs/amrfinder_env/share/amrfinderplus/data/2026-08-07.1
Database version: 2026-08-07.1
AMRFinder translated nucleotide search
  - include -O ORGANISM, --organism ORGANISM option to add mutation searches and suppress common proteins
Running tblastn
Making report
amrfinder took 10 seconds to complete
    OK
[7/1312] GCF_003160715.1
Running: amrfinder -n /home/bacte/bacillus_amr/01_genomes/ncbi_dataset/ncbi_dataset/data/GCF_003160715.1/GCF_003160715.1_ASM316071v1_genomic.fna --plus -o /home/bacte/bacillus_amr/05_amr/amrfinder_raw/GCF_003160715.1.tsv
Software directory: /home/bacte/miniconda3/envs/amrfinder_env/bin/
Software version: 4.2.7
Database directory: /home/bacte/miniconda3/envs/amrfinder_env/share/amrfinderplus/data/2026-08-07.1
Database version: 2026-08-07.1
AMRFinder translated nucleotide search
  - include -O ORGANISM, --organism ORGANISM option to add mutation searches and suppress common proteins
Running tblastn
Making report
amrfinder took 9 seconds to complete
    OK
[8/1312] GCF_004563755.2
Running: amrfinder -n /home/bacte/bacillus_amr/01_genomes/ncbi_dataset/ncbi_dataset/data/GCF_004563755.2/GCF_004563755.2_ASM456375v2_genomic.fna --plus -o /home/bacte/bacillus_amr/05_amr/amrfinder_raw/GCF_004563755.2.tsv
Software directory: /home/bacte/miniconda3/envs/amrfinder_env/bin/
Software version: 4.2.7
Database directory: /home/bacte/miniconda3/envs/amrfinder_env/share/amrfinderplus/data/2026-08-07.1
Database version: 2026-08-07.1
AMRFinder translated nucleotide search
  - include -O ORGANISM, --organism ORGANISM option to add mutation searches and suppress common proteins
Running tblastn
Making report
amrfinder took 46 seconds to complete
    OK
[9/1312] GCF_005849435.1
Running: amrfinder -n /home/bacte/bacillus_amr/01_genomes/ncbi_dataset/ncbi_dataset/data/GCF_005849435.1/GCF_005849435.1_ASM584943v1_genomic.fna --plus -o /home/bacte/bacillus_amr/05_amr/amrfinder_raw/GCF_005849435.1.tsv
Software directory: /home/bacte/miniconda3/envs/amrfinder_env/bin/
Software version: 4.2.7
Database directory: /home/bacte/miniconda3/envs/amrfinder_env/share/amrfinderplus/data/2026-08-07.1
Database version: 2026-08-07.1
AMRFinder translated nucleotide search
  - include -O ORGANISM, --organism ORGANISM option to add mutation searches and suppress common proteins
Running tblastn
Making report
amrfinder took 44 seconds to complete
    OK
[10/1312] GCF_013391605.1
Running: amrfinder -n /home/bacte/bacillus_amr/01_genomes/ncbi_dataset/ncbi_dataset/data/GCF_013391605.1/GCF_013391605.1_ASM1339160v1_genomic.fna --plus -o /home/bacte/bacillus_amr/05_amr/amrfinder_raw/GCF_013391605.1.tsv
Software directory: /home/bacte/miniconda3/envs/amrfinder_env/bin/
Software version: 4.2.7
Database directory: /home/bacte/miniconda3/envs/amrfinder_env/share/amrfinderplus/data/2026-08-07.1
Database version: 2026-08-07.1
AMRFinder translated nucleotide search
  - include -O ORGANISM, --organism ORGANISM option to add mutation searches and suppress common proteins
Running tblastn
Making report
amrfinder took 20 seconds to complete
    OK
[11/1312] GCF_013391615.1
Running: amrfinder -n /home/bacte/bacillus_amr/01_genomes/ncbi_dataset/ncbi_dataset/data/GCF_013391615.1/GCF_013391615.1_ASM1339161v1_genomic.fna --plus -o /home/bacte/bacillus_amr/05_amr/amrfinder_raw/GCF_013391615.1.tsv
Software directory: /home/bacte/miniconda3/envs/amrfinder_env/bin/
Software version: 4.2.7
Database directory: /home/bacte/miniconda3/envs/amrfinder_env/share/amrfinderplus/data/2026-08-07.1
Database version: 2026-08-07.1
AMRFinder translated nucleotide search
  - include -O ORGANISM, --organism ORGANISM option to add mutation searches and suppress common proteins
Running tblastn
Making report
amrfinder took 13 seconds to complete
    OK
[12/1312] GCF_015160895.1
Running: amrfinder -n /home/bacte/bacillus_amr/01_genomes/ncbi_dataset/ncbi_dataset/data/GCF_015160895.1/GCF_015160895.1_ASM1516089v1_genomic.fna --plus -o /home/bacte/bacillus_amr/05_amr/amrfinder_raw/GCF_015160895.1.tsv
Software directory: /home/bacte/miniconda3/envs/amrfinder_env/bin/
Software version: 4.2.7
Database directory: /home/bacte/miniconda3/envs/amrfinder_env/share/amrfinderplus/data/2026-08-07.1
Database version: 2026-08-07.1
AMRFinder translated nucleotide search
  - include -O ORGANISM, --organism ORGANISM option to add mutation searches and suppress common proteins
Running tblastn
Making report
amrfinder took 40 seconds to complete
    OK
[13/1312] GCF_015689015.1
Running: amrfinder -n /home/bacte/bacillus_amr/01_genomes/ncbi_dataset/ncbi_dataset/data/GCF_015689015.1/GCF_015689015.1_ASM1568901v1_genomic.fna --plus -o /home/bacte/bacillus_amr/05_amr/amrfinder_raw/GCF_015689015.1.tsv
Software directory: /home/bacte/miniconda3/envs/amrfinder_env/bin/
Software version: 4.2.7
Database directory: /home/bacte/miniconda3/envs/amrfinder_env/share/amrfinderplus/data/2026-08-07.1
Database version: 2026-08-07.1
AMRFinder translated nucleotide search
  - include -O ORGANISM, --organism ORGANISM option to add mutation searches and suppress common proteins
Running tblastn
Making report
amrfinder took 42 seconds to complete
    OK
[14/1312] GCF_019164215.1
Running: amrfinder -n /home/bacte/bacillus_amr/01_genomes/ncbi_dataset/ncbi_dataset/data/GCF_019164215.1/GCF_019164215.1_ASM1916421v1_genomic.fna --plus -o /home/bacte/bacillus_amr/05_amr/amrfinder_raw/GCF_019164215.1.tsv
Software directory: /home/bacte/miniconda3/envs/amrfinder_env/bin/
Software version: 4.2.7
Database directory: /home/bacte/miniconda3/envs/amrfinder_env/share/amrfinderplus/data/2026-08-07.1
Database version: 2026-08-07.1
AMRFinder translated nucleotide search
  - include -O ORGANISM, --organism ORGANISM option to add mutation searches and suppress common proteins
Running tblastn
Making report
amrfinder took 43 seconds to complete
    OK
[15/1312] GCF_022803025.1
Running: amrfinder -n /home/bacte/bacillus_amr/01_genomes/ncbi_dataset/ncbi_dataset/data/GCF_022803025.1/GCF_022803025.1_ASM2280302v1_genomic.fna --plus -o /home/bacte/bacillus_amr/05_amr/amrfinder_raw/GCF_022803025.1.tsv
Software directory: /home/bacte/miniconda3/envs/amrfinder_env/bin/
Software version: 4.2.7
Database directory: /home/bacte/miniconda3/envs/amrfinder_env/share/amrfinderplus/data/2026-08-07.1
Database version: 2026-08-07.1
AMRFinder translated nucleotide search
  - include -O ORGANISM, --organism ORGANISM option to add mutation searches and suppress common proteins
Running tblastn
Making report
amrfinder took 12 seconds to complete
    OK
[16/1312] GCF_022819205.1
Running: amrfinder -n /home/bacte/bacillus_amr/01_genomes/ncbi_dataset/ncbi_dataset/data/GCF_022819205.1/GCF_022819205.1_ASM2281920v1_genomic.fna --plus -o /home/bacte/bacillus_amr/05_amr/amrfinder_raw/GCF_022819205.1.tsv
Software directory: /home/bacte/miniconda3/envs/amrfinder_env/bin/
Software version: 4.2.7
Database directory: /home/bacte/miniconda3/envs/amrfinder_env/share/amrfinderplus/data/2026-08-07.1
Database version: 2026-08-07.1
AMRFinder translated nucleotide search
  - include -O ORGANISM, --organism ORGANISM option to add mutation searches and suppress common proteins
Running tblastn
Making report
amrfinder took 41 seconds to complete
    OK
[17/1312] GCF_028821655.1
Running: amrfinder -n /home/bacte/bacillus_amr/01_genomes/ncbi_dataset/ncbi_dataset/data/GCF_028821655.1/GCF_028821655.1_ASM2882165v1_genomic.fna --plus -o /home/bacte/bacillus_amr/05_amr/amrfinder_raw/GCF_028821655.1.tsv
Software directory: /home/bacte/miniconda3/envs/amrfinder_env/bin/
Software version: 4.2.7
Database directory: /home/bacte/miniconda3/envs/amrfinder_env/share/amrfinderplus/data/2026-08-07.1
Database version: 2026-08-07.1
AMRFinder translated nucleotide search
  - include -O ORGANISM, --organism ORGANISM option to add mutation searches and suppress common proteins
Running tblastn
Making report
amrfinder took 14 seconds to complete
    OK
[18/1312] GCF_030166595.1
Running: amrfinder -n /home/bacte/bacillus_amr/01_genomes/ncbi_dataset/ncbi_dataset/data/GCF_030166595.1/GCF_030166595.1_ASM3016659v1_genomic.fna --plus -o /home/bacte/bacillus_amr/05_amr/amrfinder_raw/GCF_030166595.1.tsv
Software directory: /home/bacte/miniconda3/envs/amrfinder_env/bin/
Software version: 4.2.7
Database directory: /home/bacte/miniconda3/envs/amrfinder_env/share/amrfinderplus/data/2026-08-07.1
Database version: 2026-08-07.1
AMRFinder translated nucleotide search
  - include -O ORGANISM, --organism ORGANISM option to add mutation searches and suppress common proteins
Running tblastn
Making report
amrfinder took 41 seconds to complete
    OK
[19/1312] GCF_035807355.1
Running: amrfinder -n /home/bacte/bacillus_amr/01_genomes/ncbi_dataset/ncbi_dataset/data/GCF_035807355.1/GCF_035807355.1_ASM3580735v1_genomic.fna --plus -o /home/bacte/bacillus_amr/05_amr/amrfinder_raw/GCF_035807355.1.tsv
Software directory: /home/bacte/miniconda3/envs/amrfinder_env/bin/
Software version: 4.2.7
Database directory: /home/bacte/miniconda3/envs/amrfinder_env/share/amrfinderplus/data/2026-08-07.1
Database version: 2026-08-07.1
AMRFinder translated nucleotide search
  - include -O ORGANISM, --organism ORGANISM option to add mutation searches and suppress common proteins
Running tblastn
Making report
amrfinder took 14 seconds to complete
    OK
[20/1312] GCF_036348295.1
Running: amrfinder -n /home/bacte/bacillus_amr/01_genomes/ncbi_dataset/ncbi_dataset/data/GCF_036348295.1/GCF_036348295.1_ASM3634829v1_genomic.fna --plus -o /home/bacte/bacillus_amr/05_amr/amrfinder_raw/GCF_036348295.1.tsv
Software directory: /home/bacte/miniconda3/envs/amrfinder_env/bin/
Software version: 4.2.7
Database directory: /home/bacte/miniconda3/envs/amrfinder_env/share/amrfinderplus/data/2026-08-07.1
Database version: 2026-08-07.1
AMRFinder translated nucleotide search
  - include -O ORGANISM, --organism ORGANISM option to add mutation searches and suppress common proteins
Running tblastn
Making report
amrfinder took 12 seconds to complete
    OK
[21/1312] GCF_036348315.1
Running: amrfinder -n /home/bacte/bacillus_amr/01_genomes/ncbi_dataset/ncbi_dataset/data/GCF_036348315.1/GCF_036348315.1_ASM3634831v1_genomic.fna --plus -o /home/bacte/bacillus_amr/05_amr/amrfinder_raw/GCF_036348315.1.tsv
Software directory: /home/bacte/miniconda3/envs/amrfinder_env/bin/
Software version: 4.2.7
Database directory: /home/bacte/miniconda3/envs/amrfinder_env/share/amrfinderplus/data/2026-08-07.1
Database version: 2026-08-07.1
AMRFinder translated nucleotide search
  - include -O ORGANISM, --organism ORGANISM option to add mutation searches and suppress common proteins
Running tblastn
Making report
amrfinder took 13 seconds to complete
    OK
[22/1312] GCF_036348375.1
Running: amrfinder -n /home/bacte/bacillus_amr/01_genomes/ncbi_dataset/ncbi_dataset/data/GCF_036348375.1/GCF_036348375.1_ASM3634837v1_genomic.fna --plus -o /home/bacte/bacillus_amr/05_amr/amrfinder_raw/GCF_036348375.1.tsv
Software directory: /home/bacte/miniconda3/envs/amrfinder_env/bin/
Software version: 4.2.7
Database directory: /home/bacte/miniconda3/envs/amrfinder_env/share/amrfinderplus/data/2026-08-07.1
Database version: 2026-08-07.1
AMRFinder translated nucleotide search
  - include -O ORGANISM, --organism ORGANISM option to add mutation searches and suppress common proteins
Running tblastn
Making report
amrfinder took 13 seconds to complete
    OK
[23/1312] GCF_036351855.1
Running: amrfinder -n /home/bacte/bacillus_amr/01_genomes/ncbi_dataset/ncbi_dataset/data/GCF_036351855.1/GCF_036351855.1_ASM3635185v1_genomic.fna --plus -o /home/bacte/bacillus_amr/05_amr/amrfinder_raw/GCF_036351855.1.tsv
Software directory: /home/bacte/miniconda3/envs/amrfinder_env/bin/
Software version: 4.2.7
Database directory: /home/bacte/miniconda3/envs/amrfinder_env/share/amrfinderplus/data/2026-08-07.1
Database version: 2026-08-07.1
AMRFinder translated nucleotide search
  - include -O ORGANISM, --organism ORGANISM option to add mutation searches and suppress common proteins
Running tblastn
Making report
amrfinder took 12 seconds to complete
    OK
[24/1312] GCF_036351915.1
Running: amrfinder -n /home/bacte/bacillus_amr/01_genomes/ncbi_dataset/ncbi_dataset/data/GCF_036351915.1/GCF_036351915.1_ASM3635191v1_genomic.fna --plus -o /home/bacte/bacillus_amr/05_amr/amrfinder_raw/GCF_036351915.1.tsv
Software directory: /home/bacte/miniconda3/envs/amrfinder_env/bin/
Software version: 4.2.7
Database directory: /home/bacte/miniconda3/envs/amrfinder_env/share/amrfinderplus/data/2026-08-07.1
Database version: 2026-08-07.1
AMRFinder translated nucleotide search
  - include -O ORGANISM, --organism ORGANISM option to add mutation searches and suppress common proteins
Running tblastn
Making report
amrfinder took 13 seconds to complete
    OK
[25/1312] GCF_036962605.1
Running: amrfinder -n /home/bacte/bacillus_amr/01_genomes/ncbi_dataset/ncbi_dataset/data/GCF_036962605.1/GCF_036962605.1_ASM3696260v1_genomic.fna --plus -o /home/bacte/bacillus_amr/05_amr/amrfinder_raw/GCF_036962605.1.tsv
Software directory: /home/bacte/miniconda3/envs/amrfinder_env/bin/
Software version: 4.2.7
Database directory: /home/bacte/miniconda3/envs/amrfinder_env/share/amrfinderplus/data/2026-08-07.1
Database version: 2026-08-07.1
AMRFinder translated nucleotide search
  - include -O ORGANISM, --organism ORGANISM option to add mutation searches and suppress common proteins
Running tblastn
Making report
amrfinder took 11 seconds to complete
    OK
[26/1312] GCF_036962825.1
Running: amrfinder -n /home/bacte/bacillus_amr/01_genomes/ncbi_dataset/ncbi_dataset/data/GCF_036962825.1/GCF_036962825.1_ASM3696282v1_genomic.fna --plus -o /home/bacte/bacillus_amr/05_amr/amrfinder_raw/GCF_036962825.1.tsv
Software directory: /home/bacte/miniconda3/envs/amrfinder_env/bin/
Software version: 4.2.7
Database directory: /home/bacte/miniconda3/envs/amrfinder_env/share/amrfinderplus/data/2026-08-07.1
Database version: 2026-08-07.1
AMRFinder translated nucleotide search
  - include -O ORGANISM, --organism ORGANISM option to add mutation searches and suppress common proteins
Running tblastn
Making report
amrfinder took 9 seconds to complete
    OK
[27/1312] GCF_036963585.1
Running: amrfinder -n /home/bacte/bacillus_amr/01_genomes/ncbi_dataset/ncbi_dataset/data/GCF_036963585.1/GCF_036963585.1_ASM3696358v1_genomic.fna --plus -o /home/bacte/bacillus_amr/05_amr/amrfinder_raw/GCF_036963585.1.tsv
Software directory: /home/bacte/miniconda3/envs/amrfinder_env/bin/
Software version: 4.2.7
Database directory: /home/bacte/miniconda3/envs/amrfinder_env/share/amrfinderplus/data/2026-08-07.1
Database version: 2026-08-07.1
AMRFinder translated nucleotide search
  - include -O ORGANISM, --organism ORGANISM option to add mutation searches and suppress common proteins
Running tblastn
Making report
amrfinder took 10 seconds to complete
    OK
[28/1312] GCF_036965725.1
Running: amrfinder -n /home/bacte/bacillus_amr/01_genomes/ncbi_dataset/ncbi_dataset/data/GCF_036965725.1/GCF_036965725.1_ASM3696572v1_genomic.fna --plus -o /home/bacte/bacillus_amr/05_amr/amrfinder_raw/GCF_036965725.1.tsv
Software directory: /home/bacte/miniconda3/envs/amrfinder_env/bin/
Software version: 4.2.7
Database directory: /home/bacte/miniconda3/envs/amrfinder_env/share/amrfinderplus/data/2026-08-07.1
Database version: 2026-08-07.1
AMRFinder translated nucleotide search
  - include -O ORGANISM, --organism ORGANISM option to add mutation searches and suppress common proteins
Running tblastn
Making report
amrfinder took 10 seconds to complete
    OK
[29/1312] GCF_036966305.1
Running: amrfinder -n /home/bacte/bacillus_amr/01_genomes/ncbi_dataset/ncbi_dataset/data/GCF_036966305.1/GCF_036966305.1_ASM3696630v1_genomic.fna --plus -o /home/bacte/bacillus_amr/05_amr/amrfinder_raw/GCF_036966305.1.tsv
Software directory: /home/bacte/miniconda3/envs/amrfinder_env/bin/
Software version: 4.2.7
Database directory: /home/bacte/miniconda3/envs/amrfinder_env/share/amrfinderplus/data/2026-08-07.1
Database version: 2026-08-07.1
AMRFinder translated nucleotide search
  - include -O ORGANISM, --organism ORGANISM option to add mutation searches and suppress common proteins
Running tblastn
Making report
amrfinder took 10 seconds to complete
    OK
[30/1312] GCF_036966705.1
Running: amrfinder -n /home/bacte/bacillus_amr/01_genomes/ncbi_dataset/ncbi_dataset/data/GCF_036966705.1/GCF_036966705.1_ASM3696670v1_genomic.fna --plus -o /home/bacte/bacillus_amr/05_amr/amrfinder_raw/GCF_036966705.1.tsv
Software directory: /home/bacte/miniconda3/envs/amrfinder_env/bin/
Software version: 4.2.7
Database directory: /home/bacte/miniconda3/envs/amrfinder_env/share/amrfinderplus/data/2026-08-07.1
Database version: 2026-08-07.1
AMRFinder translated nucleotide search
  - include -O ORGANISM, --organism ORGANISM option to add mutation searches and suppress common proteins
Running tblastn
Making report
amrfinder took 11 seconds to complete
    OK
[31/1312] GCF_036966905.1
Running: amrfinder -n /home/bacte/bacillus_amr/01_genomes/ncbi_dataset/ncbi_dataset/data/GCF_036966905.1/GCF_036966905.1_ASM3696690v1_genomic.fna --plus -o /home/bacte/bacillus_amr/05_amr/amrfinder_raw/GCF_036966905.1.tsv
Software directory: /home/bacte/miniconda3/envs/amrfinder_env/bin/
Software version: 4.2.7
Database directory: /home/bacte/miniconda3/envs/amrfinder_env/share/amrfinderplus/data/2026-08-07.1
Database version: 2026-08-07.1
AMRFinder translated nucleotide search
  - include -O ORGANISM, --organism ORGANISM option to add mutation searches and suppress common proteins
Running tblastn
Making report
amrfinder took 9 seconds to complete
    OK
[32/1312] GCF_036966965.1
Running: amrfinder -n /home/bacte/bacillus_amr/01_genomes/ncbi_dataset/ncbi_dataset/data/GCF_036966965.1/GCF_036966965.1_ASM3696696v1_genomic.fna --plus -o /home/bacte/bacillus_amr/05_amr/amrfinder_raw/GCF_036966965.1.tsv
Software directory: /home/bacte/miniconda3/envs/amrfinder_env/bin/
Software version: 4.2.7
Database directory: /home/bacte/miniconda3/envs/amrfinder_env/share/amrfinderplus/data/2026-08-07.1
Database version: 2026-08-07.1
AMRFinder translated nucleotide search
  - include -O ORGANISM, --organism ORGANISM option to add mutation searches and suppress common proteins
Running blastx
Making report
amrfinder took 34 seconds to complete
    OK
[33/1312] GCF_037094765.1
Running: amrfinder -n /home/bacte/bacillus_amr/01_genomes/ncbi_dataset/ncbi_dataset/data/GCF_037094765.1/GCF_037094765.1_JJ61_genomic.fna --plus -o /home/bacte/bacillus_amr/05_amr/amrfinder_raw/GCF_037094765.1.tsv
Software directory: /home/bacte/miniconda3/envs/amrfinder_env/bin/
Software version: 4.2.7
Database directory: /home/bacte/miniconda3/envs/amrfinder_env/share/amrfinderplus/data/2026-08-07.1
Database version: 2026-08-07.1
AMRFinder translated nucleotide search
  - include -O ORGANISM, --organism ORGANISM option to add mutation searches and suppress common proteins
Running tblastn
Making report
amrfinder took 44 seconds to complete
    OK
[34/1312] GCF_037094775.1
Running: amrfinder -n /home/bacte/bacillus_amr/01_genomes/ncbi_dataset/ncbi_dataset/data/GCF_037094775.1/GCF_037094775.1_JJ1138_genomic.fna --plus -o /home/bacte/bacillus_amr/05_amr/amrfinder_raw/GCF_037094775.1.tsv
Software directory: /home/bacte/miniconda3/envs/amrfinder_env/bin/
Software version: 4.2.7
Database directory: /home/bacte/miniconda3/envs/amrfinder_env/share/amrfinderplus/data/2026-08-07.1
Database version: 2026-08-07.1
AMRFinder translated nucleotide search
  - include -O ORGANISM, --organism ORGANISM option to add mutation searches and suppress common proteins
Running tblastn
Making report
amrfinder took 44 seconds to complete
    OK
[35/1312] GCF_039671235.1
Running: amrfinder -n /home/bacte/bacillus_amr/01_genomes/ncbi_dataset/ncbi_dataset/data/GCF_039671235.1/GCF_039671235.1_ASM3967123v1_genomic.fna --plus -o /home/bacte/bacillus_amr/05_amr/amrfinder_raw/GCF_039671235.1.tsv
Software directory: /home/bacte/miniconda3/envs/amrfinder_env/bin/
Software version: 4.2.7
Database directory: /home/bacte/miniconda3/envs/amrfinder_env/share/amrfinderplus/data/2026-08-07.1
Database version: 2026-08-07.1
AMRFinder translated nucleotide search
  - include -O ORGANISM, --organism ORGANISM option to add mutation searches and suppress common proteins
Running tblastn
Making report
amrfinder took 43 seconds to complete
    OK
[36/1312] GCF_040492265.1
Running: amrfinder -n /home/bacte/bacillus_amr/01_genomes/ncbi_dataset/ncbi_dataset/data/GCF_040492265.1/GCF_040492265.1_ASM4049226v1_genomic.fna --plus -o /home/bacte/bacillus_amr/05_amr/amrfinder_raw/GCF_040492265.1.tsv
Software directory: /home/bacte/miniconda3/envs/amrfinder_env/bin/
Software version: 4.2.7
Database directory: /home/bacte/miniconda3/envs/amrfinder_env/share/amrfinderplus/data/2026-08-07.1
Database version: 2026-08-07.1
AMRFinder translated nucleotide search
  - include -O ORGANISM, --organism ORGANISM option to add mutation searches and suppress common proteins
Running tblastn
Making report
amrfinder took 10 seconds to complete
    OK
[37/1312] GCF_040492555.1
Running: amrfinder -n /home/bacte/bacillus_amr/01_genomes/ncbi_dataset/ncbi_dataset/data/GCF_040492555.1/GCF_040492555.1_ASM4049255v1_genomic.fna --plus -o /home/bacte/bacillus_amr/05_amr/amrfinder_raw/GCF_040492555.1.tsv
Software directory: /home/bacte/miniconda3/envs/amrfinder_env/bin/
Software version: 4.2.7
Database directory: /home/bacte/miniconda3/envs/amrfinder_env/share/amrfinderplus/data/2026-08-07.1
Database version: 2026-08-07.1
AMRFinder translated nucleotide search
  - include -O ORGANISM, --organism ORGANISM option to add mutation searches and suppress common proteins
Running tblastn
Making report
amrfinder took 8 seconds to complete
    OK
[38/1312] GCF_040492615.1
Running: amrfinder -n /home/bacte/bacillus_amr/01_genomes/ncbi_dataset/ncbi_dataset/data/GCF_040492615.1/GCF_040492615.1_ASM4049261v1_genomic.fna --plus -o /home/bacte/bacillus_amr/05_amr/amrfinder_raw/GCF_040492615.1.tsv
Software directory: /home/bacte/miniconda3/envs/amrfinder_env/bin/
Software version: 4.2.7
Database directory: /home/bacte/miniconda3/envs/amrfinder_env/share/amrfinderplus/data/2026-08-07.1
Database version: 2026-08-07.1
AMRFinder translated nucleotide search
  - include -O ORGANISM, --organism ORGANISM option to add mutation searches and suppress common proteins
Running tblastn
Making report
amrfinder took 8 seconds to complete
    OK
[39/1312] GCF_045924905.1
Running: amrfinder -n /home/bacte/bacillus_amr/01_genomes/ncbi_dataset/ncbi_dataset/data/GCF_045924905.1/GCF_045924905.1_ASM4592490v1_genomic.fna --plus -o /home/bacte/bacillus_amr/05_amr/amrfinder_raw/GCF_045924905.1.tsv
Software directory: /home/bacte/miniconda3/envs/amrfinder_env/bin/
Software version: 4.2.7
Database directory: /home/bacte/miniconda3/envs/amrfinder_env/share/amrfinderplus/data/2026-08-07.1
Database version: 2026-08-07.1
AMRFinder translated nucleotide search
  - include -O ORGANISM, --organism ORGANISM option to add mutation searches and suppress common proteins
Running tblastn
Making report
amrfinder took 49 seconds to complete
    OK
[40/1312] GCF_047444915.1
Running: amrfinder -n /home/bacte/bacillus_amr/01_genomes/ncbi_dataset/ncbi_dataset/data/GCF_047444915.1/GCF_047444915.1_ASM4744491v1_genomic.fna --plus -o /home/bacte/bacillus_amr/05_amr/amrfinder_raw/GCF_047444915.1.tsv
Software directory: /home/bacte/miniconda3/envs/amrfinder_env/bin/
Software version: 4.2.7
Database directory: /home/bacte/miniconda3/envs/amrfinder_env/share/amrfinderplus/data/2026-08-07.1
Database version: 2026-08-07.1
AMRFinder translated nucleotide search
  - include -O ORGANISM, --organism ORGANISM option to add mutation searches and suppress common proteins
Running tblastn
Making report
amrfinder took 16 seconds to complete
    OK
[41/1312] GCF_049949115.1
Running: amrfinder -n /home/bacte/bacillus_amr/01_genomes/ncbi_dataset/ncbi_dataset/data/GCF_049949115.1/GCF_049949115.1_ASM4994911v1_genomic.fna --plus -o /home/bacte/bacillus_amr/05_amr/amrfinder_raw/GCF_049949115.1.tsv
Software directory: /home/bacte/miniconda3/envs/amrfinder_env/bin/
Software version: 4.2.7
Database directory: /home/bacte/miniconda3/envs/amrfinder_env/share/amrfinderplus/data/2026-08-07.1
Database version: 2026-08-07.1
AMRFinder translated nucleotide search
  - include -O ORGANISM, --organism ORGANISM option to add mutation searches and suppress common proteins
Running tblastn
Making report
amrfinder took 48 seconds to complete
    OK
[42/1312] GCF_050858825.1
Running: amrfinder -n /home/bacte/bacillus_amr/01_genomes/ncbi_dataset/ncbi_dataset/data/GCF_050858825.1/GCF_050858825.1_ASM5085882v1_genomic.fna --plus -o /home/bacte/bacillus_amr/05_amr/amrfinder_raw/GCF_050858825.1.tsv
Software directory: /home/bacte/miniconda3/envs/amrfinder_env/bin/
Software version: 4.2.7
Database directory: /home/bacte/miniconda3/envs/amrfinder_env/share/amrfinderplus/data/2026-08-07.1
Database version: 2026-08-07.1
AMRFinder translated nucleotide search
  - include -O ORGANISM, --organism ORGANISM option to add mutation searches and suppress common proteins
Running tblastn
Making report
amrfinder took 42 seconds to complete
    OK
[43/1312] GCF_054461375.1
Running: amrfinder -n /home/bacte/bacillus_amr/01_genomes/ncbi_dataset/ncbi_dataset/data/GCF_054461375.1/GCF_054461375.1_ASM5446137v1_genomic.fna --plus -o /home/bacte/bacillus_amr/05_amr/amrfinder_raw/GCF_054461375.1.tsv
Software directory: /home/bacte/miniconda3/envs/amrfinder_env/bin/
Software version: 4.2.7
Database directory: /home/bacte/miniconda3/envs/amrfinder_env/share/amrfinderplus/data/2026-08-07.1
Database version: 2026-08-07.1
AMRFinder translated nucleotide search
  - include -O ORGANISM, --organism ORGANISM option to add mutation searches and suppress common proteins
Running tblastn
Making report
amrfinder took 41 seconds to complete
    OK
[44/1312] GCF_054552595.1
Running: amrfinder -n /home/bacte/bacillus_amr/01_genomes/ncbi_dataset/ncbi_dataset/data/GCF_054552595.1/GCF_054552595.1_ASM5455259v1_genomic.fna --plus -o /home/bacte/bacillus_amr/05_amr/amrfinder_raw/GCF_054552595.1.tsv
Software directory: /home/bacte/miniconda3/envs/amrfinder_env/bin/
Software version: 4.2.7
Database directory: /home/bacte/miniconda3/envs/amrfinder_env/share/amrfinderplus/data/2026-08-07.1
Database version: 2026-08-07.1
AMRFinder translated nucleotide search
  - include -O ORGANISM, --organism ORGANISM option to add mutation searches and suppress common proteins
Running tblastn
Making report
amrfinder took 44 seconds to complete
    OK
[45/1312] GCF_059379545.1
Running: amrfinder -n /home/bacte/bacillus_amr/01_genomes/ncbi_dataset/ncbi_dataset/data/GCF_059379545.1/GCF_059379545.1_ASM5937954v1_genomic.fna --plus -o /home/bacte/bacillus_amr/05_amr/amrfinder_raw/GCF_059379545.1.tsv
Software directory: /home/bacte/miniconda3/envs/amrfinder_env/bin/
Software version: 4.2.7
Database directory: /home/bacte/miniconda3/envs/amrfinder_env/share/amrfinderplus/data/2026-08-07.1
Database version: 2026-08-07.1
AMRFinder translated nucleotide search
  - include -O ORGANISM, --organism ORGANISM option to add mutation searches and suppress common proteins
Running tblastn
Making report
amrfinder took 44 seconds to complete
    OK
[46/1312] GCF_059814325.1
Running: amrfinder -n /home/bacte/bacillus_amr/01_genomes/ncbi_dataset/ncbi_dataset/data/GCF_059814325.1/GCF_059814325.1_ASM5981432v1_genomic.fna --plus -o /home/bacte/bacillus_amr/05_amr/amrfinder_raw/GCF_059814325.1.tsv
Software directory: /home/bacte/miniconda3/envs/amrfinder_env/bin/
Software version: 4.2.7
Database directory: /home/bacte/miniconda3/envs/amrfinder_env/share/amrfinderplus/data/2026-08-07.1
Database version: 2026-08-07.1
AMRFinder translated nucleotide search
  - include -O ORGANISM, --organism ORGANISM option to add mutation searches and suppress common proteins
Running tblastn
Making report
amrfinder took 11 seconds to complete
    OK
[47/1312] GCF_061231135.1
Running: amrfinder -n /home/bacte/bacillus_amr/01_genomes/ncbi_dataset/ncbi_dataset/data/GCF_061231135.1/GCF_061231135.1_ASM6123113v1_genomic.fna --plus -o /home/bacte/bacillus_amr/05_amr/amrfinder_raw/GCF_061231135.1.tsv
Software directory: /home/bacte/miniconda3/envs/amrfinder_env/bin/
Software version: 4.2.7
Database directory: /home/bacte/miniconda3/envs/amrfinder_env/share/amrfinderplus/data/2026-08-07.1
Database version: 2026-08-07.1
AMRFinder translated nucleotide search
  - include -O ORGANISM, --organism ORGANISM option to add mutation searches and suppress common proteins
Running tblastn
Making report
amrfinder took 51 seconds to complete
    OK
[48/1312] GCF_979925135.1
Running: amrfinder -n /home/bacte/bacillus_amr/01_genomes/ncbi_dataset/ncbi_dataset/data/GCF_979925135.1/GCF_979925135.1_SRL571_genomic.fna --plus -o /home/bacte/bacillus_amr/05_amr/amrfinder_raw/GCF_979925135.1.tsv
Software directory: /home/bacte/miniconda3/envs/amrfinder_env/bin/
Software version: 4.2.7
Database directory: /home/bacte/miniconda3/envs/amrfinder_env/share/amrfinderplus/data/2026-08-07.1
Database version: 2026-08-07.1
AMRFinder translated nucleotide search
  - include -O ORGANISM, --organism ORGANISM option to add mutation searches and suppress common proteins
Running tblastn
Making report
amrfinder took 43 seconds to complete
    OK
[49/1312] GCF_986269535.1
Running: amrfinder -n /home/bacte/bacillus_amr/01_genomes/ncbi_dataset/ncbi_dataset/data/GCF_986269535.1/GCF_986269535.1_iCore35_v1_genomic.fna --plus -o /home/bacte/bacillus_amr/05_amr/amrfinder_raw/GCF_986269535.1.tsv
Software directory: /home/bacte/miniconda3/envs/amrfinder_env/bin/
Software version: 4.2.7
Database directory: /home/bacte/miniconda3/envs/amrfinder_env/share/amrfinderplus/data/2026-08-07.1
Database version: 2026-08-07.1
AMRFinder translated nucleotide search
  - include -O ORGANISM, --organism ORGANISM option to add mutation searches and suppress common proteins
Running tblastn
Making report
amrfinder took 10 seconds to complete
    OK
[50/1312] GCF_000817575.1
Running: amrfinder -n /home/bacte/bacillus_amr/01_genomes/ncbi_dataset/ncbi_dataset/data/GCF_000817575.1/GCF_000817575.1_ASM81757v1_genomic.fna --plus -o /home/bacte/bacillus_amr/05_amr/amrfinder_raw/GCF_000817575.1.tsv
Software directory: /home/bacte/miniconda3/envs/amrfinder_env/bin/
Software version: 4.2.7
Database directory: /home/bacte/miniconda3/envs/amrfinder_env/share/amrfinderplus/data/2026-08-07.1
Database version: 2026-08-07.1
AMRFinder translated nucleotide search
  - include -O ORGANISM, --organism ORGANISM option to add mutation searches and suppress common proteins
Running tblastn
Making report
amrfinder took 90 seconds to complete
    OK
[51/1312] GCF_001278635.1
Running: amrfinder -n /home/bacte/bacillus_amr/01_genomes/ncbi_dataset/ncbi_dataset/data/GCF_001278635.1/GCF_001278635.1_ASM127863v1_genomic.fna --plus -o /home/bacte/bacillus_amr/05_amr/amrfinder_raw/GCF_001278635.1.tsv
Software directory: /home/bacte/miniconda3/envs/amrfinder_env/bin/
Software version: 4.2.7
Database directory: /home/bacte/miniconda3/envs/amrfinder_env/share/amrfinderplus/data/2026-08-07.1
Database version: 2026-08-07.1
AMRFinder translated nucleotide search
  - include -O ORGANISM, --organism ORGANISM option to add mutation searches and suppress common proteins
Running tblastn
Making report
amrfinder took 13 seconds to complete
    OK
[52/1312] GCF_001431285.1
Running: amrfinder -n /home/bacte/bacillus_amr/01_genomes/ncbi_dataset/ncbi_dataset/data/GCF_001431285.1/GCF_001431285.1_ASM143128v1_genomic.fna --plus -o /home/bacte/bacillus_amr/05_amr/amrfinder_raw/GCF_001431285.1.tsv
Software directory: /home/bacte/miniconda3/envs/amrfinder_env/bin/
Software version: 4.2.7
Database directory: /home/bacte/miniconda3/envs/amrfinder_env/share/amrfinderplus/data/2026-08-07.1
Database version: 2026-08-07.1
AMRFinder translated nucleotide search
  - include -O ORGANISM, --organism ORGANISM option to add mutation searches and suppress common proteins
Running tblastn
Making report
amrfinder took 15 seconds to complete
    OK
[53/1312] GCF_001617995.1
Running: amrfinder -n /home/bacte/bacillus_amr/01_genomes/ncbi_dataset/ncbi_dataset/data/GCF_001617995.1/GCF_001617995.1_ASM161799v1_genomic.fna --plus -o /home/bacte/bacillus_amr/05_amr/amrfinder_raw/GCF_001617995.1.tsv
Software directory: /home/bacte/miniconda3/envs/amrfinder_env/bin/
Software version: 4.2.7
Database directory: /home/bacte/miniconda3/envs/amrfinder_env/share/amrfinderplus/data/2026-08-07.1
Database version: 2026-08-07.1
AMRFinder translated nucleotide search
  - include -O ORGANISM, --organism ORGANISM option to add mutation searches and suppress common proteins
Running tblastn
Making report
amrfinder took 16 seconds to complete
    OK
[54/1312] GCF_001866745.1
Running: amrfinder -n /home/bacte/bacillus_amr/01_genomes/ncbi_dataset/ncbi_dataset/data/GCF_001866745.1/GCF_001866745.1_ASM186674v1_genomic.fna --plus -o /home/bacte/bacillus_amr/05_amr/amrfinder_raw/GCF_001866745.1.tsv
Software directory: /home/bacte/miniconda3/envs/amrfinder_env/bin/
Software version: 4.2.7
Database directory: /home/bacte/miniconda3/envs/amrfinder_env/share/amrfinderplus/data/2026-08-07.1
Database version: 2026-08-07.1
AMRFinder translated nucleotide search
  - include -O ORGANISM, --organism ORGANISM option to add mutation searches and suppress common proteins
Running tblastn
Making report
amrfinder took 21 seconds to complete
    OK
[55/1312] GCF_001874385.1
Running: amrfinder -n /home/bacte/bacillus_amr/01_genomes/ncbi_dataset/ncbi_dataset/data/GCF_001874385.1/GCF_001874385.1_ASM187438v1_genomic.fna --plus -o /home/bacte/bacillus_amr/05_amr/amrfinder_raw/GCF_001874385.1.tsv
Software directory: /home/bacte/miniconda3/envs/amrfinder_env/bin/
Software version: 4.2.7
Database directory: /home/bacte/miniconda3/envs/amrfinder_env/share/amrfinderplus/data/2026-08-07.1
Database version: 2026-08-07.1
AMRFinder translated nucleotide search
  - include -O ORGANISM, --organism ORGANISM option to add mutation searches and suppress common proteins
Running tblastn
Making report
amrfinder took 76 seconds to complete
    OK
[56/1312] GCF_003868675.1
Running: amrfinder -n /home/bacte/bacillus_amr/01_genomes/ncbi_dataset/ncbi_dataset/data/GCF_003868675.1/GCF_003868675.1_ASM386867v1_genomic.fna --plus -o /home/bacte/bacillus_amr/05_amr/amrfinder_raw/GCF_003868675.1.tsv
Software directory: /home/bacte/miniconda3/envs/amrfinder_env/bin/
Software version: 4.2.7
Database directory: /home/bacte/miniconda3/envs/amrfinder_env/share/amrfinderplus/data/2026-08-07.1
Database version: 2026-08-07.1
AMRFinder translated nucleotide search
  - include -O ORGANISM, --organism ORGANISM option to add mutation searches and suppress common proteins
Running tblastn
Making report
amrfinder took 67 seconds to complete
    OK
[57/1312] GCF_004804245.1
Running: amrfinder -n /home/bacte/bacillus_amr/01_genomes/ncbi_dataset/ncbi_dataset/data/GCF_004804245.1/GCF_004804245.1_ASM480424v1_genomic.fna --plus -o /home/bacte/bacillus_amr/05_amr/amrfinder_raw/GCF_004804245.1.tsv
Software directory: /home/bacte/miniconda3/envs/amrfinder_env/bin/
Software version: 4.2.7
Database directory: /home/bacte/miniconda3/envs/amrfinder_env/share/amrfinderplus/data/2026-08-07.1
Database version: 2026-08-07.1
AMRFinder translated nucleotide search
  - include -O ORGANISM, --organism ORGANISM option to add mutation searches and suppress common proteins
Running tblastn
Making report
amrfinder took 26 seconds to complete
    OK
[58/1312] GCF_011754125.1
Running: amrfinder -n /home/bacte/bacillus_amr/01_genomes/ncbi_dataset/ncbi_dataset/data/GCF_011754125.1/GCF_011754125.1_ASM1175412v1_genomic.fna --plus -o /home/bacte/bacillus_amr/05_amr/amrfinder_raw/GCF_011754125.1.tsv
Software directory: /home/bacte/miniconda3/envs/amrfinder_env/bin/
Software version: 4.2.7
Database directory: /home/bacte/miniconda3/envs/amrfinder_env/share/amrfinderplus/data/2026-08-07.1
Database version: 2026-08-07.1
AMRFinder translated nucleotide search
  - include -O ORGANISM, --organism ORGANISM option to add mutation searches and suppress common proteins
Running tblastn
Making report
amrfinder took 19 seconds to complete
    OK
[59/1312] GCF_017824715.1
Running: amrfinder -n /home/bacte/bacillus_amr/01_genomes/ncbi_dataset/ncbi_dataset/data/GCF_017824715.1/GCF_017824715.1_ASM1782471v1_genomic.fna --plus -o /home/bacte/bacillus_amr/05_amr/amrfinder_raw/GCF_017824715.1.tsv
Software directory: /home/bacte/miniconda3/envs/amrfinder_env/bin/
Software version: 4.2.7
Database directory: /home/bacte/miniconda3/envs/amrfinder_env/share/amrfinderplus/data/2026-08-07.1
Database version: 2026-08-07.1
AMRFinder translated nucleotide search
  - include -O ORGANISM, --organism ORGANISM option to add mutation searches and suppress common proteins
Running tblastn
Making report
amrfinder took 15 seconds to complete
    OK
[60/1312] GCF_020179775.1
Running: amrfinder -n /home/bacte/bacillus_amr/01_genomes/ncbi_dataset/ncbi_dataset/data/GCF_020179775.1/GCF_020179775.1_ASM2017977v1_genomic.fna --plus -o /home/bacte/bacillus_amr/05_amr/amrfinder_raw/GCF_020179775.1.tsv
Software directory: /home/bacte/miniconda3/envs/amrfinder_env/bin/
Software version: 4.2.7
Database directory: /home/bacte/miniconda3/envs/amrfinder_env/share/amrfinderplus/data/2026-08-07.1
Database version: 2026-08-07.1
AMRFinder translated nucleotide search
  - include -O ORGANISM, --organism ORGANISM option to add mutation searches and suppress common proteins
Running tblastn
Making report
amrfinder took 11 seconds to complete
    OK
[61/1312] GCF_023115375.1
Running: amrfinder -n /home/bacte/bacillus_amr/01_genomes/ncbi_dataset/ncbi_dataset/data/GCF_023115375.1/GCF_023115375.1_ASM2311537v1_genomic.fna --plus -o /home/bacte/bacillus_amr/05_amr/amrfinder_raw/GCF_023115375.1.tsv
Software directory: /home/bacte/miniconda3/envs/amrfinder_env/bin/
Software version: 4.2.7
Database directory: /home/bacte/miniconda3/envs/amrfinder_env/share/amrfinderplus/data/2026-08-07.1
Database version: 2026-08-07.1
AMRFinder translated nucleotide search
  - include -O ORGANISM, --organism ORGANISM option to add mutation searches and suppress common proteins
Running tblastn
Making report
amrfinder took 80 seconds to complete
    OK
[62/1312] GCF_030284565.1
Running: amrfinder -n /home/bacte/bacillus_amr/01_genomes/ncbi_dataset/ncbi_dataset/data/GCF_030284565.1/GCF_030284565.1_ASM3028456v1_genomic.fna --plus -o /home/bacte/bacillus_amr/05_amr/amrfinder_raw/GCF_030284565.1.tsv
Software directory: /home/bacte/miniconda3/envs/amrfinder_env/bin/
Software version: 4.2.7
Database directory: /home/bacte/miniconda3/envs/amrfinder_env/share/amrfinderplus/data/2026-08-07.1
Database version: 2026-08-07.1
AMRFinder translated nucleotide search
  - include -O ORGANISM, --organism ORGANISM option to add mutation searches and suppress common proteins
Running tblastn
Making report
amrfinder took 78 seconds to complete
    OK
[63/1312] GCF_032918205.1
Running: amrfinder -n /home/bacte/bacillus_amr/01_genomes/ncbi_dataset/ncbi_dataset/data/GCF_032918205.1/GCF_032918205.1_ASM3291820v1_genomic.fna --plus -o /home/bacte/bacillus_amr/05_amr/amrfinder_raw/GCF_032918205.1.tsv
Software directory: /home/bacte/miniconda3/envs/amrfinder_env/bin/
Software version: 4.2.7
Database directory: /home/bacte/miniconda3/envs/amrfinder_env/share/amrfinderplus/data/2026-08-07.1
Database version: 2026-08-07.1
AMRFinder translated nucleotide search
  - include -O ORGANISM, --organism ORGANISM option to add mutation searches and suppress common proteins
Running tblastn
Making report
amrfinder took 78 seconds to complete
    OK
[64/1312] GCF_032930055.1
Running: amrfinder -n /home/bacte/bacillus_amr/01_genomes/ncbi_dataset/ncbi_dataset/data/GCF_032930055.1/GCF_032930055.1_ASM3293005v1_genomic.fna --plus -o /home/bacte/bacillus_amr/05_amr/amrfinder_raw/GCF_032930055.1.tsv
Software directory: /home/bacte/miniconda3/envs/amrfinder_env/bin/
Software version: 4.2.7
Database directory: /home/bacte/miniconda3/envs/amrfinder_env/share/amrfinderplus/data/2026-08-07.1
Database version: 2026-08-07.1
AMRFinder translated nucleotide search
  - include -O ORGANISM, --organism ORGANISM option to add mutation searches and suppress common proteins
Running tblastn
Making report
amrfinder took 78 seconds to complete
    OK
[65/1312] GCF_032933215.1
Running: amrfinder -n /home/bacte/bacillus_amr/01_genomes/ncbi_dataset/ncbi_dataset/data/GCF_032933215.1/GCF_032933215.1_ASM3293321v1_genomic.fna --plus -o /home/bacte/bacillus_amr/05_amr/amrfinder_raw/GCF_032933215.1.tsv
Software directory: /home/bacte/miniconda3/envs/amrfinder_env/bin/
Software version: 4.2.7
Database directory: /home/bacte/miniconda3/envs/amrfinder_env/share/amrfinderplus/data/2026-08-07.1
Database version: 2026-08-07.1
AMRFinder translated nucleotide search
  - include -O ORGANISM, --organism ORGANISM option to add mutation searches and suppress common proteins
Running tblastn
Making report
amrfinder took 80 seconds to complete
    OK
[66/1312] GCF_035726865.1
Running: amrfinder -n /home/bacte/bacillus_amr/01_genomes/ncbi_dataset/ncbi_dataset/data/GCF_035726865.1/GCF_035726865.1_ASM3572686v1_genomic.fna --plus -o /home/bacte/bacillus_amr/05_amr/amrfinder_raw/GCF_035726865.1.tsv
Software directory: /home/bacte/miniconda3/envs/amrfinder_env/bin/
Software version: 4.2.7
Database directory: /home/bacte/miniconda3/envs/amrfinder_env/share/amrfinderplus/data/2026-08-07.1
Database version: 2026-08-07.1
AMRFinder translated nucleotide search
  - include -O ORGANISM, --organism ORGANISM option to add mutation searches and suppress common proteins
Running tblastn
Making report
amrfinder took 24 seconds to complete
    OK
[67/1312] GCF_040151235.1
Running: amrfinder -n /home/bacte/bacillus_amr/01_genomes/ncbi_dataset/ncbi_dataset/data/GCF_040151235.1/GCF_040151235.1_ASM4015123v1_genomic.fna --plus -o /home/bacte/bacillus_amr/05_amr/amrfinder_raw/GCF_040151235.1.tsv
Software directory: /home/bacte/miniconda3/envs/amrfinder_env/bin/
Software version: 4.2.7
Database directory: /home/bacte/miniconda3/envs/amrfinder_env/share/amrfinderplus/data/2026-08-07.1
Database version: 2026-08-07.1
AMRFinder translated nucleotide search
  - include -O ORGANISM, --organism ORGANISM option to add mutation searches and suppress common proteins
Running tblastn
Making report
amrfinder took 24 seconds to complete
    OK
[68/1312] GCF_041947055.1
Running: amrfinder -n /home/bacte/bacillus_amr/01_genomes/ncbi_dataset/ncbi_dataset/data/GCF_041947055.1/GCF_041947055.1_ASM4194705v1_genomic.fna --plus -o /home/bacte/bacillus_amr/05_amr/amrfinder_raw/GCF_041947055.1.tsv
Software directory: /home/bacte/miniconda3/envs/amrfinder_env/bin/
Software version: 4.2.7
Database directory: /home/bacte/miniconda3/envs/amrfinder_env/share/amrfinderplus/data/2026-08-07.1
Database version: 2026-08-07.1
AMRFinder translated nucleotide search
  - include -O ORGANISM, --organism ORGANISM option to add mutation searches and suppress common proteins
Running tblastn
Making report
amrfinder took 71 seconds to complete
    OK
[69/1312] GCF_041947065.1
Running: amrfinder -n /home/bacte/bacillus_amr/01_genomes/ncbi_dataset/ncbi_dataset/data/GCF_041947065.1/GCF_041947065.1_ASM4194706v1_genomic.fna --plus -o /home/bacte/bacillus_amr/05_amr/amrfinder_raw/GCF_041947065.1.tsv
Software directory: /home/bacte/miniconda3/envs/amrfinder_env/bin/
Software version: 4.2.7
Database directory: /home/bacte/miniconda3/envs/amrfinder_env/share/amrfinderplus/data/2026-08-07.1
Database version: 2026-08-07.1
AMRFinder translated nucleotide search
  - include -O ORGANISM, --organism ORGANISM option to add mutation searches and suppress common proteins
Running tblastn
Making report
amrfinder took 76 seconds to complete
    OK
[70/1312] GCF_042611165.1
Running: amrfinder -n /home/bacte/bacillus_amr/01_genomes/ncbi_dataset/ncbi_dataset/data/GCF_042611165.1/GCF_042611165.1_ASM4261116v1_genomic.fna --plus -o /home/bacte/bacillus_amr/05_amr/amrfinder_raw/GCF_042611165.1.tsv
Software directory: /home/bacte/miniconda3/envs/amrfinder_env/bin/
Software version: 4.2.7
Database directory: /home/bacte/miniconda3/envs/amrfinder_env/share/amrfinderplus/data/2026-08-07.1
Database version: 2026-08-07.1
AMRFinder translated nucleotide search
  - include -O ORGANISM, --organism ORGANISM option to add mutation searches and suppress common proteins
Running tblastn
Making report
amrfinder took 24 seconds to complete
    OK
[71/1312] GCF_046267865.1
Running: amrfinder -n /home/bacte/bacillus_amr/01_genomes/ncbi_dataset/ncbi_dataset/data/GCF_046267865.1/GCF_046267865.1_ASM4626786v1_genomic.fna --plus -o /home/bacte/bacillus_amr/05_amr/amrfinder_raw/GCF_046267865.1.tsv
Software directory: /home/bacte/miniconda3/envs/amrfinder_env/bin/
Software version: 4.2.7
Database directory: /home/bacte/miniconda3/envs/amrfinder_env/share/amrfinderplus/data/2026-08-07.1
Database version: 2026-08-07.1
AMRFinder translated nucleotide search
  - include -O ORGANISM, --organism ORGANISM option to add mutation searches and suppress common proteins
Running tblastn
Making report
amrfinder took 78 seconds to complete
    OK
[72/1312] GCF_047780485.1
Running: amrfinder -n /home/bacte/bacillus_amr/01_genomes/ncbi_dataset/ncbi_dataset/data/GCF_047780485.1/GCF_047780485.1_ASM4778048v1_genomic.fna --plus -o /home/bacte/bacillus_amr/05_amr/amrfinder_raw/GCF_047780485.1.tsv
Software directory: /home/bacte/miniconda3/envs/amrfinder_env/bin/
Software version: 4.2.7
Database directory: /home/bacte/miniconda3/envs/amrfinder_env/share/amrfinderplus/data/2026-08-07.1
Database version: 2026-08-07.1
AMRFinder translated nucleotide search
  - include -O ORGANISM, --organism ORGANISM option to add mutation searches and suppress common proteins
Running tblastn
Making report
amrfinder took 14 seconds to complete
    OK
[73/1312] GCF_049060485.1
Running: amrfinder -n /home/bacte/bacillus_amr/01_genomes/ncbi_dataset/ncbi_dataset/data/GCF_049060485.1/GCF_049060485.1_ASM4906048v1_genomic.fna --plus -o /home/bacte/bacillus_amr/05_amr/amrfinder_raw/GCF_049060485.1.tsv
Software directory: /home/bacte/miniconda3/envs/amrfinder_env/bin/
Software version: 4.2.7
Database directory: /home/bacte/miniconda3/envs/amrfinder_env/share/amrfinderplus/data/2026-08-07.1
Database version: 2026-08-07.1
AMRFinder translated nucleotide search
  - include -O ORGANISM, --organism ORGANISM option to add mutation searches and suppress common proteins
Running tblastn
Making report
amrfinder took 13 seconds to complete
    OK
[74/1312] GCF_050410745.1
Running: amrfinder -n /home/bacte/bacillus_amr/01_genomes/ncbi_dataset/ncbi_dataset/data/GCF_050410745.1/GCF_050410745.1_Bacillus_amyloliquefaciens_BR160_V1.0_genomic.fna --plus -o /home/bacte/bacillus_amr/05_amr/amrfinder_raw/GCF_050410745.1.tsv
Software directory: /home/bacte/miniconda3/envs/amrfinder_env/bin/
Software version: 4.2.7
Database directory: /home/bacte/miniconda3/envs/amrfinder_env/share/amrfinderplus/data/2026-08-07.1
Database version: 2026-08-07.1
AMRFinder translated nucleotide search
  - include -O ORGANISM, --organism ORGANISM option to add mutation searches and suppress common proteins
Running tblastn
Making report
amrfinder took 76 seconds to complete
    OK
[75/1312] GCF_051853135.1
Running: amrfinder -n /home/bacte/bacillus_amr/01_genomes/ncbi_dataset/ncbi_dataset/data/GCF_051853135.1/GCF_051853135.1_ASM5185313v1_genomic.fna --plus -o /home/bacte/bacillus_amr/05_amr/amrfinder_raw/GCF_051853135.1.tsv
Software directory: /home/bacte/miniconda3/envs/amrfinder_env/bin/
Software version: 4.2.7
Database directory: /home/bacte/miniconda3/envs/amrfinder_env/share/amrfinderplus/data/2026-08-07.1
Database version: 2026-08-07.1
AMRFinder translated nucleotide search
  - include -O ORGANISM, --organism ORGANISM option to add mutation searches and suppress common proteins
Running tblastn
Making report
amrfinder took 95 seconds to complete
    OK
[76/1312] GCF_052692675.1
Running: amrfinder -n /home/bacte/bacillus_amr/01_genomes/ncbi_dataset/ncbi_dataset/data/GCF_052692675.1/GCF_052692675.1_ASM5269267v1_genomic.fna --plus -o /home/bacte/bacillus_amr/05_amr/amrfinder_raw/GCF_052692675.1.tsv
Software directory: /home/bacte/miniconda3/envs/amrfinder_env/bin/
Software version: 4.2.7
Database directory: /home/bacte/miniconda3/envs/amrfinder_env/share/amrfinderplus/data/2026-08-07.1
Database version: 2026-08-07.1
AMRFinder translated nucleotide search
  - include -O ORGANISM, --organism ORGANISM option to add mutation searches and suppress common proteins
Running tblastn
Making report
amrfinder took 78 seconds to complete
    OK
[77/1312] GCF_053750095.1
Running: amrfinder -n /home/bacte/bacillus_amr/01_genomes/ncbi_dataset/ncbi_dataset/data/GCF_053750095.1/GCF_053750095.1_ASM5375009v1_genomic.fna --plus -o /home/bacte/bacillus_amr/05_amr/amrfinder_raw/GCF_053750095.1.tsv
Software directory: /home/bacte/miniconda3/envs/amrfinder_env/bin/
Software version: 4.2.7
Database directory: /home/bacte/miniconda3/envs/amrfinder_env/share/amrfinderplus/data/2026-08-07.1
Database version: 2026-08-07.1
AMRFinder translated nucleotide search
  - include -O ORGANISM, --organism ORGANISM option to add mutation searches and suppress common proteins
Running tblastn
Making report
amrfinder took 74 seconds to complete
    OK
[78/1312] GCF_054226265.1
Running: amrfinder -n /home/bacte/bacillus_amr/01_genomes/ncbi_dataset/ncbi_dataset/data/GCF_054226265.1/GCF_054226265.1_ASM5422626v1_genomic.fna --plus -o /home/bacte/bacillus_amr/05_amr/amrfinder_raw/GCF_054226265.1.tsv
Software directory: /home/bacte/miniconda3/envs/amrfinder_env/bin/
Software version: 4.2.7
Database directory: /home/bacte/miniconda3/envs/amrfinder_env/share/amrfinderplus/data/2026-08-07.1
Database version: 2026-08-07.1
AMRFinder translated nucleotide search
  - include -O ORGANISM, --organism ORGANISM option to add mutation searches and suppress common proteins
Running tblastn
Making report
amrfinder took 41 seconds to complete
    OK
[79/1312] GCF_054816535.1
Running: amrfinder -n /home/bacte/bacillus_amr/01_genomes/ncbi_dataset/ncbi_dataset/data/GCF_054816535.1/GCF_054816535.1_ASM5481653v1_genomic.fna --plus -o /home/bacte/bacillus_amr/05_amr/amrfinder_raw/GCF_054816535.1.tsv
Software directory: /home/bacte/miniconda3/envs/amrfinder_env/bin/
Software version: 4.2.7
Database directory: /home/bacte/miniconda3/envs/amrfinder_env/share/amrfinderplus/data/2026-08-07.1
Database version: 2026-08-07.1
AMRFinder translated nucleotide search
  - include -O ORGANISM, --organism ORGANISM option to add mutation searches and suppress common proteins
Running tblastn
Making report
amrfinder took 76 seconds to complete
    OK
[80/1312] GCF_056312695.1
Running: amrfinder -n /home/bacte/bacillus_amr/01_genomes/ncbi_dataset/ncbi_dataset/data/GCF_056312695.1/GCF_056312695.1_ASM5631269v1_genomic.fna --plus -o /home/bacte/bacillus_amr/05_amr/amrfinder_raw/GCF_056312695.1.tsv
Software directory: /home/bacte/miniconda3/envs/amrfinder_env/bin/
Software version: 4.2.7
Database directory: /home/bacte/miniconda3/envs/amrfinder_env/share/amrfinderplus/data/2026-08-07.1
Database version: 2026-08-07.1
AMRFinder translated nucleotide search
  - include -O ORGANISM, --organism ORGANISM option to add mutation searches and suppress common proteins
Running tblastn
Making report
amrfinder took 63 seconds to complete
    OK
[81/1312] GCF_060123785.1
Running: amrfinder -n /home/bacte/bacillus_amr/01_genomes/ncbi_dataset/ncbi_dataset/data/GCF_060123785.1/GCF_060123785.1_ASM6012378v1_genomic.fna --plus -o /home/bacte/bacillus_amr/05_amr/amrfinder_raw/GCF_060123785.1.tsv
Software directory: /home/bacte/miniconda3/envs/amrfinder_env/bin/
Software version: 4.2.7
Database directory: /home/bacte/miniconda3/envs/amrfinder_env/share/amrfinderplus/data/2026-08-07.1
Database version: 2026-08-07.1
AMRFinder translated nucleotide search
  - include -O ORGANISM, --organism ORGANISM option to add mutation searches and suppress common proteins
Running tblastn
Making report
amrfinder took 77 seconds to complete
    OK
[82/1312] GCF_060594815.1
Running: amrfinder -n /home/bacte/bacillus_amr/01_genomes/ncbi_dataset/ncbi_dataset/data/GCF_060594815.1/GCF_060594815.1_ASM6059481v1_genomic.fna --plus -o /home/bacte/bacillus_amr/05_amr/amrfinder_raw/GCF_060594815.1.tsv
Software directory: /home/bacte/miniconda3/envs/amrfinder_env/bin/
Software version: 4.2.7
Database directory: /home/bacte/miniconda3/envs/amrfinder_env/share/amrfinderplus/data/2026-08-07.1
Database version: 2026-08-07.1
AMRFinder translated nucleotide search
  - include -O ORGANISM, --organism ORGANISM option to add mutation searches and suppress common proteins
Running tblastn
Making report
amrfinder took 11 seconds to complete
    OK
[83/1312] GCF_060807305.1
Running: amrfinder -n /home/bacte/bacillus_amr/01_genomes/ncbi_dataset/ncbi_dataset/data/GCF_060807305.1/GCF_060807305.1_ASM6080730v1_genomic.fna --plus -o /home/bacte/bacillus_amr/05_amr/amrfinder_raw/GCF_060807305.1.tsv
Software directory: /home/bacte/miniconda3/envs/amrfinder_env/bin/
Software version: 4.2.7
Database directory: /home/bacte/miniconda3/envs/amrfinder_env/share/amrfinderplus/data/2026-08-07.1
Database version: 2026-08-07.1
AMRFinder translated nucleotide search
  - include -O ORGANISM, --organism ORGANISM option to add mutation searches and suppress common proteins
Running tblastn
Making report
amrfinder took 12 seconds to complete
    OK
[84/1312] GCF_977015505.1
Running: amrfinder -n /home/bacte/bacillus_amr/01_genomes/ncbi_dataset/ncbi_dataset/data/GCF_977015505.1/GCF_977015505.1_BSCM_109_assembly_genomic.fna --plus -o /home/bacte/bacillus_amr/05_amr/amrfinder_raw/GCF_977015505.1.tsv
Software directory: /home/bacte/miniconda3/envs/amrfinder_env/bin/
Software version: 4.2.7
Database directory: /home/bacte/miniconda3/envs/amrfinder_env/share/amrfinderplus/data/2026-08-07.1
Database version: 2026-08-07.1
AMRFinder translated nucleotide search
  - include -O ORGANISM, --organism ORGANISM option to add mutation searches and suppress common proteins
Running tblastn
Making report
amrfinder took 80 seconds to complete
    OK
[85/1312] GCF_000465655.1
Running: amrfinder -n /home/bacte/bacillus_amr/01_genomes/ncbi_dataset/ncbi_dataset/data/GCF_000465655.1/GCF_000465655.1_GS_De_Novo_Assembly_genomic.fna --plus -o /home/bacte/bacillus_amr/05_amr/amrfinder_raw/GCF_000465655.1.tsv
Software directory: /home/bacte/miniconda3/envs/amrfinder_env/bin/
Software version: 4.2.7
Database directory: /home/bacte/miniconda3/envs/amrfinder_env/share/amrfinderplus/data/2026-08-07.1
Database version: 2026-08-07.1
AMRFinder translated nucleotide search
  - include -O ORGANISM, --organism ORGANISM option to add mutation searches and suppress common proteins
Running tblastn
Making report
amrfinder took 14 seconds to complete
    OK
[86/1312] GCF_001029875.1
Running: amrfinder -n /home/bacte/bacillus_amr/01_genomes/ncbi_dataset/ncbi_dataset/data/GCF_001029875.1/GCF_001029875.1_RIT_375_V1_genomic.fna --plus -o /home/bacte/bacillus_amr/05_amr/amrfinder_raw/GCF_001029875.1.tsv
Software directory: /home/bacte/miniconda3/envs/amrfinder_env/bin/
Software version: 4.2.7
Database directory: /home/bacte/miniconda3/envs/amrfinder_env/share/amrfinderplus/data/2026-08-07.1
Database version: 2026-08-07.1
AMRFinder translated nucleotide search
  - include -O ORGANISM, --organism ORGANISM option to add mutation searches and suppress common proteins
Running tblastn
Making report
amrfinder took 17 seconds to complete
    OK
[87/1312] GCF_002550475.1
Running: amrfinder -n /home/bacte/bacillus_amr/01_genomes/ncbi_dataset/ncbi_dataset/data/GCF_002550475.1/GCF_002550475.1_ASM255047v1_genomic.fna --plus -o /home/bacte/bacillus_amr/05_amr/amrfinder_raw/GCF_002550475.1.tsv
Software directory: /home/bacte/miniconda3/envs/amrfinder_env/bin/
Software version: 4.2.7
Database directory: /home/bacte/miniconda3/envs/amrfinder_env/share/amrfinderplus/data/2026-08-07.1
Database version: 2026-08-07.1
AMRFinder translated nucleotide search
  - include -O ORGANISM, --organism ORGANISM option to add mutation searches and suppress common proteins
Running tblastn
Making report
amrfinder took 25 seconds to complete
    OK
[88/1312] GCF_002566425.1
Running: amrfinder -n /home/bacte/bacillus_amr/01_genomes/ncbi_dataset/ncbi_dataset/data/GCF_002566425.1/GCF_002566425.1_ASM256642v1_genomic.fna --plus -o /home/bacte/bacillus_amr/05_amr/amrfinder_raw/GCF_002566425.1.tsv
Software directory: /home/bacte/miniconda3/envs/amrfinder_env/bin/
Software version: 4.2.7
Database directory: /home/bacte/miniconda3/envs/amrfinder_env/share/amrfinderplus/data/2026-08-07.1
Database version: 2026-08-07.1
AMRFinder translated nucleotide search
  - include -O ORGANISM, --organism ORGANISM option to add mutation searches and suppress common proteins
Running tblastn
Making report
amrfinder took 12 seconds to complete
    OK
[89/1312] GCF_038069635.2
Running: amrfinder -n /home/bacte/bacillus_amr/01_genomes/ncbi_dataset/ncbi_dataset/data/GCF_038069635.2/GCF_038069635.2_ASM3806963v2_genomic.fna --plus -o /home/bacte/bacillus_amr/05_amr/amrfinder_raw/GCF_038069635.2.tsv
Software directory: /home/bacte/miniconda3/envs/amrfinder_env/bin/
Software version: 4.2.7
Database directory: /home/bacte/miniconda3/envs/amrfinder_env/share/amrfinderplus/data/2026-08-07.1
Database version: 2026-08-07.1
AMRFinder translated nucleotide search
  - include -O ORGANISM, --organism ORGANISM option to add mutation searches and suppress common proteins
Running tblastn
Making report
amrfinder took 136 seconds to complete
    OK
[90/1312] GCF_030285945.1
Running: amrfinder -n /home/bacte/bacillus_amr/01_genomes/ncbi_dataset/ncbi_dataset/data/GCF_030285945.1/GCF_030285945.1_ASM3028594v1_genomic.fna --plus -o /home/bacte/bacillus_amr/05_amr/amrfinder_raw/GCF_030285945.1.tsv
Software directory: /home/bacte/miniconda3/envs/amrfinder_env/bin/
Software version: 4.2.7
Database directory: /home/bacte/miniconda3/envs/amrfinder_env/share/amrfinderplus/data/2026-08-07.1
Database version: 2026-08-07.1
AMRFinder translated nucleotide search
  - include -O ORGANISM, --organism ORGANISM option to add mutation searches and suppress common proteins
Running tblastn
Making report
amrfinder took 105 seconds to complete
    OK
[91/1312] GCF_017498775.1
Running: amrfinder -n /home/bacte/bacillus_amr/01_genomes/ncbi_dataset/ncbi_dataset/data/GCF_017498775.1/GCF_017498775.1_ASM1749877v1_genomic.fna --plus -o /home/bacte/bacillus_amr/05_amr/amrfinder_raw/GCF_017498775.1.tsv
Software directory: /home/bacte/miniconda3/envs/amrfinder_env/bin/
Software version: 4.2.7
Database directory: /home/bacte/miniconda3/envs/amrfinder_env/share/amrfinderplus/data/2026-08-07.1
Database version: 2026-08-07.1
AMRFinder translated nucleotide search
  - include -O ORGANISM, --organism ORGANISM option to add mutation searches and suppress common proteins
Running tblastn
Making report
amrfinder took 13 seconds to complete
    OK
[92/1312] GCF_039519175.1
Running: amrfinder -n /home/bacte/bacillus_amr/01_genomes/ncbi_dataset/ncbi_dataset/data/GCF_039519175.1/GCF_039519175.1_ASM3951917v1_genomic.fna --plus -o /home/bacte/bacillus_amr/05_amr/amrfinder_raw/GCF_039519175.1.tsv
Software directory: /home/bacte/miniconda3/envs/amrfinder_env/bin/
Software version: 4.2.7
Database directory: /home/bacte/miniconda3/envs/amrfinder_env/share/amrfinderplus/data/2026-08-07.1
Database version: 2026-08-07.1
AMRFinder translated nucleotide search
  - include -O ORGANISM, --organism ORGANISM option to add mutation searches and suppress common proteins
Running tblastn
Making report
amrfinder took 85 seconds to complete
    OK
[93/1312] GCF_002243495.1
Running: amrfinder -n /home/bacte/bacillus_amr/01_genomes/ncbi_dataset/ncbi_dataset/data/GCF_002243495.1/GCF_002243495.1_ASM224349v1_genomic.fna --plus -o /home/bacte/bacillus_amr/05_amr/amrfinder_raw/GCF_002243495.1.tsv
Software directory: /home/bacte/miniconda3/envs/amrfinder_env/bin/
Software version: 4.2.7
Database directory: /home/bacte/miniconda3/envs/amrfinder_env/share/amrfinderplus/data/2026-08-07.1
Database version: 2026-08-07.1
AMRFinder translated nucleotide search
  - include -O ORGANISM, --organism ORGANISM option to add mutation searches and suppress common proteins
Running tblastn
Making report
amrfinder took 101 seconds to complete
    OK
[94/1312] GCF_002998055.1
Running: amrfinder -n /home/bacte/bacillus_amr/01_genomes/ncbi_dataset/ncbi_dataset/data/GCF_002998055.1/GCF_002998055.1_ASM299805v1_genomic.fna --plus -o /home/bacte/bacillus_amr/05_amr/amrfinder_raw/GCF_002998055.1.tsv
Software directory: /home/bacte/miniconda3/envs/amrfinder_env/bin/
Software version: 4.2.7
Database directory: /home/bacte/miniconda3/envs/amrfinder_env/share/amrfinderplus/data/2026-08-07.1
Database version: 2026-08-07.1
AMRFinder translated nucleotide search
  - include -O ORGANISM, --organism ORGANISM option to add mutation searches and suppress common proteins
Running tblastn
Making report
amrfinder took 27 seconds to complete
    OK
[95/1312] GCF_002998135.1
Running: amrfinder -n /home/bacte/bacillus_amr/01_genomes/ncbi_dataset/ncbi_dataset/data/GCF_002998135.1/GCF_002998135.1_ASM299813v1_genomic.fna --plus -o /home/bacte/bacillus_amr/05_amr/amrfinder_raw/GCF_002998135.1.tsv
Software directory: /home/bacte/miniconda3/envs/amrfinder_env/bin/
Software version: 4.2.7
Database directory: /home/bacte/miniconda3/envs/amrfinder_env/share/amrfinderplus/data/2026-08-07.1
Database version: 2026-08-07.1
AMRFinder translated nucleotide search
  - include -O ORGANISM, --organism ORGANISM option to add mutation searches and suppress common proteins
Running tblastn
Making report
amrfinder took 14 seconds to complete
    OK
[96/1312] GCF_029541525.1
Running: amrfinder -n /home/bacte/bacillus_amr/01_genomes/ncbi_dataset/ncbi_dataset/data/GCF_029541525.1/GCF_029541525.1_ASM2954152v1_genomic.fna --plus -o /home/bacte/bacillus_amr/05_amr/amrfinder_raw/GCF_029541525.1.tsv
Software directory: /home/bacte/miniconda3/envs/amrfinder_env/bin/
Software version: 4.2.7
Database directory: /home/bacte/miniconda3/envs/amrfinder_env/share/amrfinderplus/data/2026-08-07.1
Database version: 2026-08-07.1
AMRFinder translated nucleotide search
  - include -O ORGANISM, --organism ORGANISM option to add mutation searches and suppress common proteins
Running tblastn
Making report
amrfinder took 90 seconds to complete
    OK
[97/1312] GCF_030284675.1
Running: amrfinder -n /home/bacte/bacillus_amr/01_genomes/ncbi_dataset/ncbi_dataset/data/GCF_030284675.1/GCF_030284675.1_ASM3028467v1_genomic.fna --plus -o /home/bacte/bacillus_amr/05_amr/amrfinder_raw/GCF_030284675.1.tsv
Software directory: /home/bacte/miniconda3/envs/amrfinder_env/bin/
Software version: 4.2.7
Database directory: /home/bacte/miniconda3/envs/amrfinder_env/share/amrfinderplus/data/2026-08-07.1
Database version: 2026-08-07.1
AMRFinder translated nucleotide search
  - include -O ORGANISM, --organism ORGANISM option to add mutation searches and suppress common proteins
Running tblastn
Making report
amrfinder took 34 seconds to complete
    OK
[98/1312] GCF_031834575.1
Running: amrfinder -n /home/bacte/bacillus_amr/01_genomes/ncbi_dataset/ncbi_dataset/data/GCF_031834575.1/GCF_031834575.1_ASM3183457v1_genomic.fna --plus -o /home/bacte/bacillus_amr/05_amr/amrfinder_raw/GCF_031834575.1.tsv
Software directory: /home/bacte/miniconda3/envs/amrfinder_env/bin/
Software version: 4.2.7
Database directory: /home/bacte/miniconda3/envs/amrfinder_env/share/amrfinderplus/data/2026-08-07.1
Database version: 2026-08-07.1
AMRFinder translated nucleotide search
  - include -O ORGANISM, --organism ORGANISM option to add mutation searches and suppress common proteins
Running tblastn
Making report
amrfinder took 16 seconds to complete
    OK
[99/1312] GCF_044751405.1
Running: amrfinder -n /home/bacte/bacillus_amr/01_genomes/ncbi_dataset/ncbi_dataset/data/GCF_044751405.1/GCF_044751405.1_ASM4475140v1_genomic.fna --plus -o /home/bacte/bacillus_amr/05_amr/amrfinder_raw/GCF_044751405.1.tsv
Software directory: /home/bacte/miniconda3/envs/amrfinder_env/bin/
Software version: 4.2.7
Database directory: /home/bacte/miniconda3/envs/amrfinder_env/share/amrfinderplus/data/2026-08-07.1
Database version: 2026-08-07.1
AMRFinder translated nucleotide search
  - include -O ORGANISM, --organism ORGANISM option to add mutation searches and suppress common proteins
Running tblastn
Making report
amrfinder took 74 seconds to complete
    OK
[100/1312] GCF_050574115.1
Running: amrfinder -n /home/bacte/bacillus_amr/01_genomes/ncbi_dataset/ncbi_dataset/data/GCF_050574115.1/GCF_050574115.1_ASM5057411v1_genomic.fna --plus -o /home/bacte/bacillus_amr/05_amr/amrfinder_raw/GCF_050574115.1.tsv
Software directory: /home/bacte/miniconda3/envs/amrfinder_env/bin/
Software version: 4.2.7
Database directory: /home/bacte/miniconda3/envs/amrfinder_env/share/amrfinderplus/data/2026-08-07.1
Database version: 2026-08-07.1
AMRFinder translated nucleotide search
  - include -O ORGANISM, --organism ORGANISM option to add mutation searches and suppress common proteins
Running tblastn
Making report
amrfinder took 89 seconds to complete
    OK
[101/1312] GCF_054054465.1
Running: amrfinder -n /home/bacte/bacillus_amr/01_genomes/ncbi_dataset/ncbi_dataset/data/GCF_054054465.1/GCF_054054465.1_ASM5405446v1_genomic.fna --plus -o /home/bacte/bacillus_amr/05_amr/amrfinder_raw/GCF_054054465.1.tsv
Software directory: /home/bacte/miniconda3/envs/amrfinder_env/bin/
Software version: 4.2.7
Database directory: /home/bacte/miniconda3/envs/amrfinder_env/share/amrfinderplus/data/2026-08-07.1
Database version: 2026-08-07.1
AMRFinder translated nucleotide search
  - include -O ORGANISM, --organism ORGANISM option to add mutation searches and suppress common proteins
Running tblastn
Making report
amrfinder took 21 seconds to complete
    OK
[102/1312] GCF_045278795.1
Running: amrfinder -n /home/bacte/bacillus_amr/01_genomes/ncbi_dataset/ncbi_dataset/data/GCF_045278795.1/GCF_045278795.1_ASM4527879v1_genomic.fna --plus -o /home/bacte/bacillus_amr/05_amr/amrfinder_raw/GCF_045278795.1.tsv
Software directory: /home/bacte/miniconda3/envs/amrfinder_env/bin/
Software version: 4.2.7
Database directory: /home/bacte/miniconda3/envs/amrfinder_env/share/amrfinderplus/data/2026-08-07.1
Database version: 2026-08-07.1
AMRFinder translated nucleotide search
  - include -O ORGANISM, --organism ORGANISM option to add mutation searches and suppress common proteins
Running tblastn
Making report
amrfinder took 49 seconds to complete
    OK
[103/1312] GCF_000385965.2
Running: amrfinder -n /home/bacte/bacillus_amr/01_genomes/ncbi_dataset/ncbi_dataset/data/GCF_000385965.2/GCF_000385965.2_ASM38596v2_genomic.fna --plus -o /home/bacte/bacillus_amr/05_amr/amrfinder_raw/GCF_000385965.2.tsv
Software directory: /home/bacte/miniconda3/envs/amrfinder_env/bin/
Software version: 4.2.7
Database directory: /home/bacte/miniconda3/envs/amrfinder_env/share/amrfinderplus/data/2026-08-07.1
Database version: 2026-08-07.1
AMRFinder translated nucleotide search
  - include -O ORGANISM, --organism ORGANISM option to add mutation searches and suppress common proteins
Running tblastn
Making report
amrfinder took 73 seconds to complete
    OK
[104/1312] GCF_040194375.1
Running: amrfinder -n /home/bacte/bacillus_amr/01_genomes/ncbi_dataset/ncbi_dataset/data/GCF_040194375.1/GCF_040194375.1_ASM4019437v1_genomic.fna --plus -o /home/bacte/bacillus_amr/05_amr/amrfinder_raw/GCF_040194375.1.tsv
Software directory: /home/bacte/miniconda3/envs/amrfinder_env/bin/
Software version: 4.2.7
Database directory: /home/bacte/miniconda3/envs/amrfinder_env/share/amrfinderplus/data/2026-08-07.1
Database version: 2026-08-07.1
AMRFinder translated nucleotide search
  - include -O ORGANISM, --organism ORGANISM option to add mutation searches and suppress common proteins
Running tblastn
Making report
amrfinder took 23 seconds to complete
    OK
[105/1312] GCF_004124315.2
Running: amrfinder -n /home/bacte/bacillus_amr/01_genomes/ncbi_dataset/ncbi_dataset/data/GCF_004124315.2/GCF_004124315.2_ASM412431v2_genomic.fna --plus -o /home/bacte/bacillus_amr/05_amr/amrfinder_raw/GCF_004124315.2.tsv
Software directory: /home/bacte/miniconda3/envs/amrfinder_env/bin/
Software version: 4.2.7
Database directory: /home/bacte/miniconda3/envs/amrfinder_env/share/amrfinderplus/data/2026-08-07.1
Database version: 2026-08-07.1
AMRFinder translated nucleotide search
  - include -O ORGANISM, --organism ORGANISM option to add mutation searches and suppress common proteins
Running tblastn
Making report
amrfinder took 84 seconds to complete
    OK
[106/1312] GCF_032461835.1
Running: amrfinder -n /home/bacte/bacillus_amr/01_genomes/ncbi_dataset/ncbi_dataset/data/GCF_032461835.1/GCF_032461835.1_ASM3246183v1_genomic.fna --plus -o /home/bacte/bacillus_amr/05_amr/amrfinder_raw/GCF_032461835.1.tsv
Software directory: /home/bacte/miniconda3/envs/amrfinder_env/bin/
Software version: 4.2.7
Database directory: /home/bacte/miniconda3/envs/amrfinder_env/share/amrfinderplus/data/2026-08-07.1
Database version: 2026-08-07.1
AMRFinder translated nucleotide search
  - include -O ORGANISM, --organism ORGANISM option to add mutation searches and suppress common proteins
Running tblastn
Making report
amrfinder took 16 seconds to complete
    OK
[107/1312] GCF_018390475.2
Running: amrfinder -n /home/bacte/bacillus_amr/01_genomes/ncbi_dataset/ncbi_dataset/data/GCF_018390475.2/GCF_018390475.2_ASM1839047v2_genomic.fna --plus -o /home/bacte/bacillus_amr/05_amr/amrfinder_raw/GCF_018390475.2.tsv
Software directory: /home/bacte/miniconda3/envs/amrfinder_env/bin/
Software version: 4.2.7
Database directory: /home/bacte/miniconda3/envs/amrfinder_env/share/amrfinderplus/data/2026-08-07.1
Database version: 2026-08-07.1
AMRFinder translated nucleotide search
  - include -O ORGANISM, --organism ORGANISM option to add mutation searches and suppress common proteins
Running tblastn
Making report
amrfinder took 67 seconds to complete
    OK
[108/1312] GCF_057814095.1
Running: amrfinder -n /home/bacte/bacillus_amr/01_genomes/ncbi_dataset/ncbi_dataset/data/GCF_057814095.1/GCF_057814095.1_ASM5781409v1_genomic.fna --plus -o /home/bacte/bacillus_amr/05_amr/amrfinder_raw/GCF_057814095.1.tsv
Software directory: /home/bacte/miniconda3/envs/amrfinder_env/bin/
Software version: 4.2.7
Database directory: /home/bacte/miniconda3/envs/amrfinder_env/share/amrfinderplus/data/2026-08-07.1
Database version: 2026-08-07.1
AMRFinder translated nucleotide search
  - include -O ORGANISM, --organism ORGANISM option to add mutation searches and suppress common proteins
Running tblastn
Making report
amrfinder took 10 seconds to complete
    OK
[109/1312] GCF_001579695.1
Running: amrfinder -n /home/bacte/bacillus_amr/01_genomes/ncbi_dataset/ncbi_dataset/data/GCF_001579695.1/GCF_001579695.1_ASM157969v1_genomic.fna --plus -o /home/bacte/bacillus_amr/05_amr/amrfinder_raw/GCF_001579695.1.tsv
Software directory: /home/bacte/miniconda3/envs/amrfinder_env/bin/
Software version: 4.2.7
Database directory: /home/bacte/miniconda3/envs/amrfinder_env/share/amrfinderplus/data/2026-08-07.1
Database version: 2026-08-07.1
AMRFinder translated nucleotide search
  - include -O ORGANISM, --organism ORGANISM option to add mutation searches and suppress common proteins
Running tblastn
Making report
amrfinder took 12 seconds to complete
    OK
[110/1312] GCF_001678165.1
Running: amrfinder -n /home/bacte/bacillus_amr/01_genomes/ncbi_dataset/ncbi_dataset/data/GCF_001678165.1/GCF_001678165.1_ASM167816v1_genomic.fna --plus -o /home/bacte/bacillus_amr/05_amr/amrfinder_raw/GCF_001678165.1.tsv
Software directory: /home/bacte/miniconda3/envs/amrfinder_env/bin/
Software version: 4.2.7
Database directory: /home/bacte/miniconda3/envs/amrfinder_env/share/amrfinderplus/data/2026-08-07.1
Database version: 2026-08-07.1
AMRFinder translated nucleotide search
  - include -O ORGANISM, --organism ORGANISM option to add mutation searches and suppress common proteins
Running tblastn
Making report
amrfinder took 40 seconds to complete
    OK
[111/1312] GCF_002214765.1
Running: amrfinder -n /home/bacte/bacillus_amr/01_genomes/ncbi_dataset/ncbi_dataset/data/GCF_002214765.1/GCF_002214765.1_ASM221476v1_genomic.fna --plus -o /home/bacte/bacillus_amr/05_amr/amrfinder_raw/GCF_002214765.1.tsv
Software directory: /home/bacte/miniconda3/envs/amrfinder_env/bin/
Software version: 4.2.7
Database directory: /home/bacte/miniconda3/envs/amrfinder_env/share/amrfinderplus/data/2026-08-07.1
Database version: 2026-08-07.1
AMRFinder translated nucleotide search
  - include -O ORGANISM, --organism ORGANISM option to add mutation searches and suppress common proteins
Running tblastn
Making report
amrfinder took 178 seconds to complete
    OK
[112/1312] GCF_002551775.1
Running: amrfinder -n /home/bacte/bacillus_amr/01_genomes/ncbi_dataset/ncbi_dataset/data/GCF_002551775.1/GCF_002551775.1_ASM255177v1_genomic.fna --plus -o /home/bacte/bacillus_amr/05_amr/amrfinder_raw/GCF_002551775.1.tsv
Software directory: /home/bacte/miniconda3/envs/amrfinder_env/bin/
Software version: 4.2.7
Database directory: /home/bacte/miniconda3/envs/amrfinder_env/share/amrfinderplus/data/2026-08-07.1
Database version: 2026-08-07.1
AMRFinder translated nucleotide search
  - include -O ORGANISM, --organism ORGANISM option to add mutation searches and suppress common proteins
Running tblastn
Making report
amrfinder took 35 seconds to complete
    OK
[113/1312] GCF_002552045.1
Running: amrfinder -n /home/bacte/bacillus_amr/01_genomes/ncbi_dataset/ncbi_dataset/data/GCF_002552045.1/GCF_002552045.1_ASM255204v1_genomic.fna --plus -o /home/bacte/bacillus_amr/05_amr/amrfinder_raw/GCF_002552045.1.tsv
Software directory: /home/bacte/miniconda3/envs/amrfinder_env/bin/
Software version: 4.2.7
Database directory: /home/bacte/miniconda3/envs/amrfinder_env/share/amrfinderplus/data/2026-08-07.1
Database version: 2026-08-07.1
AMRFinder translated nucleotide search
  - include -O ORGANISM, --organism ORGANISM option to add mutation searches and suppress common proteins
Running tblastn
Making report
amrfinder took 11 seconds to complete
    OK
[114/1312] GCF_002552335.1
Running: amrfinder -n /home/bacte/bacillus_amr/01_genomes/ncbi_dataset/ncbi_dataset/data/GCF_002552335.1/GCF_002552335.1_ASM255233v1_genomic.fna --plus -o /home/bacte/bacillus_amr/05_amr/amrfinder_raw/GCF_002552335.1.tsv
Software directory: /home/bacte/miniconda3/envs/amrfinder_env/bin/
Software version: 4.2.7
Database directory: /home/bacte/miniconda3/envs/amrfinder_env/share/amrfinderplus/data/2026-08-07.1
Database version: 2026-08-07.1
AMRFinder translated nucleotide search
  - include -O ORGANISM, --organism ORGANISM option to add mutation searches and suppress common proteins
Running tblastn
Making report
amrfinder took 15 seconds to complete
    OK
[115/1312] GCF_002552995.1
Running: amrfinder -n /home/bacte/bacillus_amr/01_genomes/ncbi_dataset/ncbi_dataset/data/GCF_002552995.1/GCF_002552995.1_ASM255299v1_genomic.fna --plus -o /home/bacte/bacillus_amr/05_amr/amrfinder_raw/GCF_002552995.1.tsv
Software directory: /home/bacte/miniconda3/envs/amrfinder_env/bin/
Software version: 4.2.7
Database directory: /home/bacte/miniconda3/envs/amrfinder_env/share/amrfinderplus/data/2026-08-07.1
Database version: 2026-08-07.1
AMRFinder translated nucleotide search
  - include -O ORGANISM, --organism ORGANISM option to add mutation searches and suppress common proteins
Running tblastn
Making report
amrfinder took 32 seconds to complete
    OK
[116/1312] GCF_002558375.1
Running: amrfinder -n /home/bacte/bacillus_amr/01_genomes/ncbi_dataset/ncbi_dataset/data/GCF_002558375.1/GCF_002558375.1_ASM255837v1_genomic.fna --plus -o /home/bacte/bacillus_amr/05_amr/amrfinder_raw/GCF_002558375.1.tsv
Software directory: /home/bacte/miniconda3/envs/amrfinder_env/bin/
Software version: 4.2.7
Database directory: /home/bacte/miniconda3/envs/amrfinder_env/share/amrfinderplus/data/2026-08-07.1
Database version: 2026-08-07.1
AMRFinder translated nucleotide search
  - include -O ORGANISM, --organism ORGANISM option to add mutation searches and suppress common proteins
Running tblastn
Making report
amrfinder took 19 seconds to complete
    OK
[117/1312] GCF_002559035.1
Running: amrfinder -n /home/bacte/bacillus_amr/01_genomes/ncbi_dataset/ncbi_dataset/data/GCF_002559035.1/GCF_002559035.1_ASM255903v1_genomic.fna --plus -o /home/bacte/bacillus_amr/05_amr/amrfinder_raw/GCF_002559035.1.tsv
Software directory: /home/bacte/miniconda3/envs/amrfinder_env/bin/
Software version: 4.2.7
Database directory: /home/bacte/miniconda3/envs/amrfinder_env/share/amrfinderplus/data/2026-08-07.1
Database version: 2026-08-07.1
AMRFinder translated nucleotide search
  - include -O ORGANISM, --organism ORGANISM option to add mutation searches and suppress common proteins
Running tblastn
Making report
amrfinder took 17 seconds to complete
    OK
[118/1312] GCF_002559215.1
Running: amrfinder -n /home/bacte/bacillus_amr/01_genomes/ncbi_dataset/ncbi_dataset/data/GCF_002559215.1/GCF_002559215.1_ASM255921v1_genomic.fna --plus -o /home/bacte/bacillus_amr/05_amr/amrfinder_raw/GCF_002559215.1.tsv
Software directory: /home/bacte/miniconda3/envs/amrfinder_env/bin/
Software version: 4.2.7
Database directory: /home/bacte/miniconda3/envs/amrfinder_env/share/amrfinderplus/data/2026-08-07.1
Database version: 2026-08-07.1
AMRFinder translated nucleotide search
  - include -O ORGANISM, --organism ORGANISM option to add mutation searches and suppress common proteins
Running tblastn
Making report
amrfinder took 11 seconds to complete
    OK
[119/1312] GCF_002559275.1
Running: amrfinder -n /home/bacte/bacillus_amr/01_genomes/ncbi_dataset/ncbi_dataset/data/GCF_002559275.1/GCF_002559275.1_ASM255927v1_genomic.fna --plus -o /home/bacte/bacillus_amr/05_amr/amrfinder_raw/GCF_002559275.1.tsv
Software directory: /home/bacte/miniconda3/envs/amrfinder_env/bin/
Software version: 4.2.7
Database directory: /home/bacte/miniconda3/envs/amrfinder_env/share/amrfinderplus/data/2026-08-07.1
Database version: 2026-08-07.1
AMRFinder translated nucleotide search
  - include -O ORGANISM, --organism ORGANISM option to add mutation searches and suppress common proteins
Running tblastn
Making report
amrfinder took 21 seconds to complete
    OK
[120/1312] GCF_002559355.1
Running: amrfinder -n /home/bacte/bacillus_amr/01_genomes/ncbi_dataset/ncbi_dataset/data/GCF_002559355.1/GCF_002559355.1_ASM255935v1_genomic.fna --plus -o /home/bacte/bacillus_amr/05_amr/amrfinder_raw/GCF_002559355.1.tsv
Software directory: /home/bacte/miniconda3/envs/amrfinder_env/bin/
Software version: 4.2.7
Database directory: /home/bacte/miniconda3/envs/amrfinder_env/share/amrfinderplus/data/2026-08-07.1
Database version: 2026-08-07.1
AMRFinder translated nucleotide search
  - include -O ORGANISM, --organism ORGANISM option to add mutation searches and suppress common proteins
Running tblastn
Making report
amrfinder took 23 seconds to complete
    OK
[121/1312] GCF_002559645.1
Running: amrfinder -n /home/bacte/bacillus_amr/01_genomes/ncbi_dataset/ncbi_dataset/data/GCF_002559645.1/GCF_002559645.1_ASM255964v1_genomic.fna --plus -o /home/bacte/bacillus_amr/05_amr/amrfinder_raw/GCF_002559645.1.tsv
Software directory: /home/bacte/miniconda3/envs/amrfinder_env/bin/
Software version: 4.2.7
Database directory: /home/bacte/miniconda3/envs/amrfinder_env/share/amrfinderplus/data/2026-08-07.1
Database version: 2026-08-07.1
AMRFinder translated nucleotide search
  - include -O ORGANISM, --organism ORGANISM option to add mutation searches and suppress common proteins
Running tblastn
Making report
amrfinder took 16 seconds to complete
    OK
[122/1312] GCF_002559945.1
Running: amrfinder -n /home/bacte/bacillus_amr/01_genomes/ncbi_dataset/ncbi_dataset/data/GCF_002559945.1/GCF_002559945.1_ASM255994v1_genomic.fna --plus -o /home/bacte/bacillus_amr/05_amr/amrfinder_raw/GCF_002559945.1.tsv
Software directory: /home/bacte/miniconda3/envs/amrfinder_env/bin/
Software version: 4.2.7
Database directory: /home/bacte/miniconda3/envs/amrfinder_env/share/amrfinderplus/data/2026-08-07.1
Database version: 2026-08-07.1
AMRFinder translated nucleotide search
  - include -O ORGANISM, --organism ORGANISM option to add mutation searches and suppress common proteins
Running tblastn
Making report
amrfinder took 14 seconds to complete
    OK
[123/1312] GCF_002560105.1
Running: amrfinder -n /home/bacte/bacillus_amr/01_genomes/ncbi_dataset/ncbi_dataset/data/GCF_002560105.1/GCF_002560105.1_ASM256010v1_genomic.fna --plus -o /home/bacte/bacillus_amr/05_amr/amrfinder_raw/GCF_002560105.1.tsv
Software directory: /home/bacte/miniconda3/envs/amrfinder_env/bin/
Software version: 4.2.7
Database directory: /home/bacte/miniconda3/envs/amrfinder_env/share/amrfinderplus/data/2026-08-07.1
Database version: 2026-08-07.1
AMRFinder translated nucleotide search
  - include -O ORGANISM, --organism ORGANISM option to add mutation searches and suppress common proteins
Running tblastn
Making report
amrfinder took 19 seconds to complete
    OK
[124/1312] GCF_002560145.1
Running: amrfinder -n /home/bacte/bacillus_amr/01_genomes/ncbi_dataset/ncbi_dataset/data/GCF_002560145.1/GCF_002560145.1_ASM256014v1_genomic.fna --plus -o /home/bacte/bacillus_amr/05_amr/amrfinder_raw/GCF_002560145.1.tsv
Software directory: /home/bacte/miniconda3/envs/amrfinder_env/bin/
Software version: 4.2.7
Database directory: /home/bacte/miniconda3/envs/amrfinder_env/share/amrfinderplus/data/2026-08-07.1
Database version: 2026-08-07.1
AMRFinder translated nucleotide search
  - include -O ORGANISM, --organism ORGANISM option to add mutation searches and suppress common proteins
Running tblastn
Making report
amrfinder took 15 seconds to complete
    OK
[125/1312] GCF_002560475.1
Running: amrfinder -n /home/bacte/bacillus_amr/01_genomes/ncbi_dataset/ncbi_dataset/data/GCF_002560475.1/GCF_002560475.1_ASM256047v1_genomic.fna --plus -o /home/bacte/bacillus_amr/05_amr/amrfinder_raw/GCF_002560475.1.tsv
Software directory: /home/bacte/miniconda3/envs/amrfinder_env/bin/
Software version: 4.2.7
Database directory: /home/bacte/miniconda3/envs/amrfinder_env/share/amrfinderplus/data/2026-08-07.1
Database version: 2026-08-07.1
AMRFinder translated nucleotide search
  - include -O ORGANISM, --organism ORGANISM option to add mutation searches and suppress common proteins
Running tblastn
Making report
amrfinder took 13 seconds to complete
    OK
[126/1312] GCF_002561725.1
Running: amrfinder -n /home/bacte/bacillus_amr/01_genomes/ncbi_dataset/ncbi_dataset/data/GCF_002561725.1/GCF_002561725.1_ASM256172v1_genomic.fna --plus -o /home/bacte/bacillus_amr/05_amr/amrfinder_raw/GCF_002561725.1.tsv
Software directory: /home/bacte/miniconda3/envs/amrfinder_env/bin/
Software version: 4.2.7
Database directory: /home/bacte/miniconda3/envs/amrfinder_env/share/amrfinderplus/data/2026-08-07.1
Database version: 2026-08-07.1
AMRFinder translated nucleotide search
  - include -O ORGANISM, --organism ORGANISM option to add mutation searches and suppress common proteins
Running tblastn
Making report
amrfinder took 11 seconds to complete
    OK
[127/1312] GCF_002562345.1
Running: amrfinder -n /home/bacte/bacillus_amr/01_genomes/ncbi_dataset/ncbi_dataset/data/GCF_002562345.1/GCF_002562345.1_ASM256234v1_genomic.fna --plus -o /home/bacte/bacillus_amr/05_amr/amrfinder_raw/GCF_002562345.1.tsv
Software directory: /home/bacte/miniconda3/envs/amrfinder_env/bin/
Software version: 4.2.7
Database directory: /home/bacte/miniconda3/envs/amrfinder_env/share/amrfinderplus/data/2026-08-07.1
Database version: 2026-08-07.1
AMRFinder translated nucleotide search
  - include -O ORGANISM, --organism ORGANISM option to add mutation searches and suppress common proteins
Running tblastn
Making report
amrfinder took 21 seconds to complete
    OK
[128/1312] GCF_002563235.1
Running: amrfinder -n /home/bacte/bacillus_amr/01_genomes/ncbi_dataset/ncbi_dataset/data/GCF_002563235.1/GCF_002563235.1_ASM256323v1_genomic.fna --plus -o /home/bacte/bacillus_amr/05_amr/amrfinder_raw/GCF_002563235.1.tsv
Software directory: /home/bacte/miniconda3/envs/amrfinder_env/bin/
Software version: 4.2.7
Database directory: /home/bacte/miniconda3/envs/amrfinder_env/share/amrfinderplus/data/2026-08-07.1
Database version: 2026-08-07.1
AMRFinder translated nucleotide search
  - include -O ORGANISM, --organism ORGANISM option to add mutation searches and suppress common proteins
Running tblastn
Making report
amrfinder took 15 seconds to complete
    OK
[129/1312] GCF_002564695.1
Running: amrfinder -n /home/bacte/bacillus_amr/01_genomes/ncbi_dataset/ncbi_dataset/data/GCF_002564695.1/GCF_002564695.1_ASM256469v1_genomic.fna --plus -o /home/bacte/bacillus_amr/05_amr/amrfinder_raw/GCF_002564695.1.tsv
Software directory: /home/bacte/miniconda3/envs/amrfinder_env/bin/
Software version: 4.2.7
Database directory: /home/bacte/miniconda3/envs/amrfinder_env/share/amrfinderplus/data/2026-08-07.1
Database version: 2026-08-07.1
AMRFinder translated nucleotide search
  - include -O ORGANISM, --organism ORGANISM option to add mutation searches and suppress common proteins
Running tblastn
Making report
amrfinder took 18 seconds to complete
    OK
[130/1312] GCF_002564885.1
Running: amrfinder -n /home/bacte/bacillus_amr/01_genomes/ncbi_dataset/ncbi_dataset/data/GCF_002564885.1/GCF_002564885.1_ASM256488v1_genomic.fna --plus -o /home/bacte/bacillus_amr/05_amr/amrfinder_raw/GCF_002564885.1.tsv
Software directory: /home/bacte/miniconda3/envs/amrfinder_env/bin/
Software version: 4.2.7
Database directory: /home/bacte/miniconda3/envs/amrfinder_env/share/amrfinderplus/data/2026-08-07.1
Database version: 2026-08-07.1
AMRFinder translated nucleotide search
  - include -O ORGANISM, --organism ORGANISM option to add mutation searches and suppress common proteins
Running tblastn
Making report
amrfinder took 16 seconds to complete
    OK
[131/1312] GCF_002565025.1
Running: amrfinder -n /home/bacte/bacillus_amr/01_genomes/ncbi_dataset/ncbi_dataset/data/GCF_002565025.1/GCF_002565025.1_ASM256502v1_genomic.fna --plus -o /home/bacte/bacillus_amr/05_amr/amrfinder_raw/GCF_002565025.1.tsv
Software directory: /home/bacte/miniconda3/envs/amrfinder_env/bin/
Software version: 4.2.7
Database directory: /home/bacte/miniconda3/envs/amrfinder_env/share/amrfinderplus/data/2026-08-07.1
Database version: 2026-08-07.1
AMRFinder translated nucleotide search
  - include -O ORGANISM, --organism ORGANISM option to add mutation searches and suppress common proteins
Running tblastn
Making report
amrfinder took 15 seconds to complete
    OK
[132/1312] GCF_002565455.1
Running: amrfinder -n /home/bacte/bacillus_amr/01_genomes/ncbi_dataset/ncbi_dataset/data/GCF_002565455.1/GCF_002565455.1_ASM256545v1_genomic.fna --plus -o /home/bacte/bacillus_amr/05_amr/amrfinder_raw/GCF_002565455.1.tsv
Software directory: /home/bacte/miniconda3/envs/amrfinder_env/bin/
Software version: 4.2.7
Database directory: /home/bacte/miniconda3/envs/amrfinder_env/share/amrfinderplus/data/2026-08-07.1
Database version: 2026-08-07.1
AMRFinder translated nucleotide search
  - include -O ORGANISM, --organism ORGANISM option to add mutation searches and suppress common proteins
Running tblastn
Making report
amrfinder took 9 seconds to complete
    OK
[133/1312] GCF_002565505.1
Running: amrfinder -n /home/bacte/bacillus_amr/01_genomes/ncbi_dataset/ncbi_dataset/data/GCF_002565505.1/GCF_002565505.1_ASM256550v1_genomic.fna --plus -o /home/bacte/bacillus_amr/05_amr/amrfinder_raw/GCF_002565505.1.tsv
Software directory: /home/bacte/miniconda3/envs/amrfinder_env/bin/
Software version: 4.2.7
Database directory: /home/bacte/miniconda3/envs/amrfinder_env/share/amrfinderplus/data/2026-08-07.1
Database version: 2026-08-07.1
AMRFinder translated nucleotide search
  - include -O ORGANISM, --organism ORGANISM option to add mutation searches and suppress common proteins
Running tblastn
Making report
amrfinder took 19 seconds to complete
    OK
[134/1312] GCF_002565765.1
Running: amrfinder -n /home/bacte/bacillus_amr/01_genomes/ncbi_dataset/ncbi_dataset/data/GCF_002565765.1/GCF_002565765.1_ASM256576v1_genomic.fna --plus -o /home/bacte/bacillus_amr/05_amr/amrfinder_raw/GCF_002565765.1.tsv
Software directory: /home/bacte/miniconda3/envs/amrfinder_env/bin/
Software version: 4.2.7
Database directory: /home/bacte/miniconda3/envs/amrfinder_env/share/amrfinderplus/data/2026-08-07.1
Database version: 2026-08-07.1
AMRFinder translated nucleotide search
  - include -O ORGANISM, --organism ORGANISM option to add mutation searches and suppress common proteins
Running tblastn
Making report
amrfinder took 17 seconds to complete
    OK
[135/1312] GCF_002566535.1
Running: amrfinder -n /home/bacte/bacillus_amr/01_genomes/ncbi_dataset/ncbi_dataset/data/GCF_002566535.1/GCF_002566535.1_ASM256653v1_genomic.fna --plus -o /home/bacte/bacillus_amr/05_amr/amrfinder_raw/GCF_002566535.1.tsv
Software directory: /home/bacte/miniconda3/envs/amrfinder_env/bin/
Software version: 4.2.7
Database directory: /home/bacte/miniconda3/envs/amrfinder_env/share/amrfinderplus/data/2026-08-07.1
Database version: 2026-08-07.1
AMRFinder translated nucleotide search
  - include -O ORGANISM, --organism ORGANISM option to add mutation searches and suppress common proteins
Running tblastn
Making report
amrfinder took 14 seconds to complete
    OK
[136/1312] GCF_002566605.1
Running: amrfinder -n /home/bacte/bacillus_amr/01_genomes/ncbi_dataset/ncbi_dataset/data/GCF_002566605.1/GCF_002566605.1_ASM256660v1_genomic.fna --plus -o /home/bacte/bacillus_amr/05_amr/amrfinder_raw/GCF_002566605.1.tsv
Software directory: /home/bacte/miniconda3/envs/amrfinder_env/bin/
Software version: 4.2.7
Database directory: /home/bacte/miniconda3/envs/amrfinder_env/share/amrfinderplus/data/2026-08-07.1
Database version: 2026-08-07.1
AMRFinder translated nucleotide search
  - include -O ORGANISM, --organism ORGANISM option to add mutation searches and suppress common proteins
Running tblastn
Making report
amrfinder took 16 seconds to complete
    OK
[137/1312] GCF_002566755.1
Running: amrfinder -n /home/bacte/bacillus_amr/01_genomes/ncbi_dataset/ncbi_dataset/data/GCF_002566755.1/GCF_002566755.1_ASM256675v1_genomic.fna --plus -o /home/bacte/bacillus_amr/05_amr/amrfinder_raw/GCF_002566755.1.tsv
Software directory: /home/bacte/miniconda3/envs/amrfinder_env/bin/
Software version: 4.2.7
Database directory: /home/bacte/miniconda3/envs/amrfinder_env/share/amrfinderplus/data/2026-08-07.1
Database version: 2026-08-07.1
AMRFinder translated nucleotide search
  - include -O ORGANISM, --organism ORGANISM option to add mutation searches and suppress common proteins
Running tblastn
Making report
amrfinder took 15 seconds to complete
    OK
[138/1312] GCF_002566845.1
Running: amrfinder -n /home/bacte/bacillus_amr/01_genomes/ncbi_dataset/ncbi_dataset/data/GCF_002566845.1/GCF_002566845.1_ASM256684v1_genomic.fna --plus -o /home/bacte/bacillus_amr/05_amr/amrfinder_raw/GCF_002566845.1.tsv
Software directory: /home/bacte/miniconda3/envs/amrfinder_env/bin/
Software version: 4.2.7
Database directory: /home/bacte/miniconda3/envs/amrfinder_env/share/amrfinderplus/data/2026-08-07.1
Database version: 2026-08-07.1
AMRFinder translated nucleotide search
  - include -O ORGANISM, --organism ORGANISM option to add mutation searches and suppress common proteins
Running tblastn
Making report
amrfinder took 11 seconds to complete
    OK
[139/1312] GCF_002567065.1
Running: amrfinder -n /home/bacte/bacillus_amr/01_genomes/ncbi_dataset/ncbi_dataset/data/GCF_002567065.1/GCF_002567065.1_ASM256706v1_genomic.fna --plus -o /home/bacte/bacillus_amr/05_amr/amrfinder_raw/GCF_002567065.1.tsv
Software directory: /home/bacte/miniconda3/envs/amrfinder_env/bin/
Software version: 4.2.7
Database directory: /home/bacte/miniconda3/envs/amrfinder_env/share/amrfinderplus/data/2026-08-07.1
Database version: 2026-08-07.1
AMRFinder translated nucleotide search
  - include -O ORGANISM, --organism ORGANISM option to add mutation searches and suppress common proteins
Running tblastn
Making report
amrfinder took 11 seconds to complete
    OK
[140/1312] GCF_002567375.1
Running: amrfinder -n /home/bacte/bacillus_amr/01_genomes/ncbi_dataset/ncbi_dataset/data/GCF_002567375.1/GCF_002567375.1_ASM256737v1_genomic.fna --plus -o /home/bacte/bacillus_amr/05_amr/amrfinder_raw/GCF_002567375.1.tsv
Software directory: /home/bacte/miniconda3/envs/amrfinder_env/bin/
Software version: 4.2.7
Database directory: /home/bacte/miniconda3/envs/amrfinder_env/share/amrfinderplus/data/2026-08-07.1
Database version: 2026-08-07.1
AMRFinder translated nucleotide search
  - include -O ORGANISM, --organism ORGANISM option to add mutation searches and suppress common proteins
Running tblastn
Making report
amrfinder took 13 seconds to complete
    OK
[141/1312] GCF_002567675.1
Running: amrfinder -n /home/bacte/bacillus_amr/01_genomes/ncbi_dataset/ncbi_dataset/data/GCF_002567675.1/GCF_002567675.1_ASM256767v1_genomic.fna --plus -o /home/bacte/bacillus_amr/05_amr/amrfinder_raw/GCF_002567675.1.tsv
Software directory: /home/bacte/miniconda3/envs/amrfinder_env/bin/
Software version: 4.2.7
Database directory: /home/bacte/miniconda3/envs/amrfinder_env/share/amrfinderplus/data/2026-08-07.1
Database version: 2026-08-07.1
AMRFinder translated nucleotide search
  - include -O ORGANISM, --organism ORGANISM option to add mutation searches and suppress common proteins
Running tblastn
Making report
amrfinder took 26 seconds to complete
    OK
[142/1312] GCF_002567745.1
Running: amrfinder -n /home/bacte/bacillus_amr/01_genomes/ncbi_dataset/ncbi_dataset/data/GCF_002567745.1/GCF_002567745.1_ASM256774v1_genomic.fna --plus -o /home/bacte/bacillus_amr/05_amr/amrfinder_raw/GCF_002567745.1.tsv
Software directory: /home/bacte/miniconda3/envs/amrfinder_env/bin/
Software version: 4.2.7
Database directory: /home/bacte/miniconda3/envs/amrfinder_env/share/amrfinderplus/data/2026-08-07.1
Database version: 2026-08-07.1
AMRFinder translated nucleotide search
  - include -O ORGANISM, --organism ORGANISM option to add mutation searches and suppress common proteins
Running tblastn
Making report
amrfinder took 15 seconds to complete
    OK
[143/1312] GCF_002567785.1
Running: amrfinder -n /home/bacte/bacillus_amr/01_genomes/ncbi_dataset/ncbi_dataset/data/GCF_002567785.1/GCF_002567785.1_ASM256778v1_genomic.fna --plus -o /home/bacte/bacillus_amr/05_amr/amrfinder_raw/GCF_002567785.1.tsv
Software directory: /home/bacte/miniconda3/envs/amrfinder_env/bin/
Software version: 4.2.7
Database directory: /home/bacte/miniconda3/envs/amrfinder_env/share/amrfinderplus/data/2026-08-07.1
Database version: 2026-08-07.1
AMRFinder translated nucleotide search
  - include -O ORGANISM, --organism ORGANISM option to add mutation searches and suppress common proteins
Running tblastn
Making report
amrfinder took 9 seconds to complete
    OK
[144/1312] GCF_002568265.1
Running: amrfinder -n /home/bacte/bacillus_amr/01_genomes/ncbi_dataset/ncbi_dataset/data/GCF_002568265.1/GCF_002568265.1_ASM256826v1_genomic.fna --plus -o /home/bacte/bacillus_amr/05_amr/amrfinder_raw/GCF_002568265.1.tsv
Software directory: /home/bacte/miniconda3/envs/amrfinder_env/bin/
Software version: 4.2.7
Database directory: /home/bacte/miniconda3/envs/amrfinder_env/share/amrfinderplus/data/2026-08-07.1
Database version: 2026-08-07.1
AMRFinder translated nucleotide search
  - include -O ORGANISM, --organism ORGANISM option to add mutation searches and suppress common proteins
Running tblastn
Making report
amrfinder took 23 seconds to complete
    OK
[145/1312] GCF_002568425.1
Running: amrfinder -n /home/bacte/bacillus_amr/01_genomes/ncbi_dataset/ncbi_dataset/data/GCF_002568425.1/GCF_002568425.1_ASM256842v1_genomic.fna --plus -o /home/bacte/bacillus_amr/05_amr/amrfinder_raw/GCF_002568425.1.tsv
Software directory: /home/bacte/miniconda3/envs/amrfinder_env/bin/
Software version: 4.2.7
Database directory: /home/bacte/miniconda3/envs/amrfinder_env/share/amrfinderplus/data/2026-08-07.1
Database version: 2026-08-07.1
AMRFinder translated nucleotide search
  - include -O ORGANISM, --organism ORGANISM option to add mutation searches and suppress common proteins
Running tblastn
Making report
amrfinder took 13 seconds to complete
    OK
[146/1312] GCF_002570485.1
Running: amrfinder -n /home/bacte/bacillus_amr/01_genomes/ncbi_dataset/ncbi_dataset/data/GCF_002570485.1/GCF_002570485.1_ASM257048v1_genomic.fna --plus -o /home/bacte/bacillus_amr/05_amr/amrfinder_raw/GCF_002570485.1.tsv
Software directory: /home/bacte/miniconda3/envs/amrfinder_env/bin/
Software version: 4.2.7
Database directory: /home/bacte/miniconda3/envs/amrfinder_env/share/amrfinderplus/data/2026-08-07.1
Database version: 2026-08-07.1
AMRFinder translated nucleotide search
  - include -O ORGANISM, --organism ORGANISM option to add mutation searches and suppress common proteins
Running tblastn
Making report
amrfinder took 16 seconds to complete
    OK
[147/1312] GCF_002571195.1
Running: amrfinder -n /home/bacte/bacillus_amr/01_genomes/ncbi_dataset/ncbi_dataset/data/GCF_002571195.1/GCF_002571195.1_ASM257119v1_genomic.fna --plus -o /home/bacte/bacillus_amr/05_amr/amrfinder_raw/GCF_002571195.1.tsv
Software directory: /home/bacte/miniconda3/envs/amrfinder_env/bin/
Software version: 4.2.7
Database directory: /home/bacte/miniconda3/envs/amrfinder_env/share/amrfinderplus/data/2026-08-07.1
Database version: 2026-08-07.1
AMRFinder translated nucleotide search
  - include -O ORGANISM, --organism ORGANISM option to add mutation searches and suppress common proteins
Running tblastn
Making report
amrfinder took 15 seconds to complete
    OK
[148/1312] GCF_002575215.1
Running: amrfinder -n /home/bacte/bacillus_amr/01_genomes/ncbi_dataset/ncbi_dataset/data/GCF_002575215.1/GCF_002575215.1_ASM257521v1_genomic.fna --plus -o /home/bacte/bacillus_amr/05_amr/amrfinder_raw/GCF_002575215.1.tsv
Software directory: /home/bacte/miniconda3/envs/amrfinder_env/bin/
Software version: 4.2.7
Database directory: /home/bacte/miniconda3/envs/amrfinder_env/share/amrfinderplus/data/2026-08-07.1
Database version: 2026-08-07.1
AMRFinder translated nucleotide search
  - include -O ORGANISM, --organism ORGANISM option to add mutation searches and suppress common proteins
Running tblastn
Making report
amrfinder took 11 seconds to complete
    OK
[149/1312] GCF_002575515.1
Running: amrfinder -n /home/bacte/bacillus_amr/01_genomes/ncbi_dataset/ncbi_dataset/data/GCF_002575515.1/GCF_002575515.1_ASM257551v1_genomic.fna --plus -o /home/bacte/bacillus_amr/05_amr/amrfinder_raw/GCF_002575515.1.tsv
Software directory: /home/bacte/miniconda3/envs/amrfinder_env/bin/
Software version: 4.2.7
Database directory: /home/bacte/miniconda3/envs/amrfinder_env/share/amrfinderplus/data/2026-08-07.1
Database version: 2026-08-07.1
AMRFinder translated nucleotide search
  - include -O ORGANISM, --organism ORGANISM option to add mutation searches and suppress common proteins
Running tblastn
Making report
amrfinder took 22 seconds to complete
    OK
[150/1312] GCF_002576395.1
Running: amrfinder -n /home/bacte/bacillus_amr/01_genomes/ncbi_dataset/ncbi_dataset/data/GCF_002576395.1/GCF_002576395.1_ASM257639v1_genomic.fna --plus -o /home/bacte/bacillus_amr/05_amr/amrfinder_raw/GCF_002576395.1.tsv
Software directory: /home/bacte/miniconda3/envs/amrfinder_env/bin/
Software version: 4.2.7
Database directory: /home/bacte/miniconda3/envs/amrfinder_env/share/amrfinderplus/data/2026-08-07.1
Database version: 2026-08-07.1
AMRFinder translated nucleotide search
  - include -O ORGANISM, --organism ORGANISM option to add mutation searches and suppress common proteins
Running tblastn
Making report
amrfinder took 12 seconds to complete
    OK
[151/1312] GCF_002576725.1
Running: amrfinder -n /home/bacte/bacillus_amr/01_genomes/ncbi_dataset/ncbi_dataset/data/GCF_002576725.1/GCF_002576725.1_ASM257672v1_genomic.fna --plus -o /home/bacte/bacillus_amr/05_amr/amrfinder_raw/GCF_002576725.1.tsv
Software directory: /home/bacte/miniconda3/envs/amrfinder_env/bin/
Software version: 4.2.7
Database directory: /home/bacte/miniconda3/envs/amrfinder_env/share/amrfinderplus/data/2026-08-07.1
Database version: 2026-08-07.1
AMRFinder translated nucleotide search
  - include -O ORGANISM, --organism ORGANISM option to add mutation searches and suppress common proteins
Running tblastn
Making report
amrfinder took 23 seconds to complete
    OK
[152/1312] GCF_002577285.1
Running: amrfinder -n /home/bacte/bacillus_amr/01_genomes/ncbi_dataset/ncbi_dataset/data/GCF_002577285.1/GCF_002577285.1_ASM257728v1_genomic.fna --plus -o /home/bacte/bacillus_amr/05_amr/amrfinder_raw/GCF_002577285.1.tsv
Software directory: /home/bacte/miniconda3/envs/amrfinder_env/bin/
Software version: 4.2.7
Database directory: /home/bacte/miniconda3/envs/amrfinder_env/share/amrfinderplus/data/2026-08-07.1
Database version: 2026-08-07.1
AMRFinder translated nucleotide search
  - include -O ORGANISM, --organism ORGANISM option to add mutation searches and suppress common proteins
Running tblastn
Making report
amrfinder took 23 seconds to complete
    OK
[153/1312] GCF_002577365.1
Running: amrfinder -n /home/bacte/bacillus_amr/01_genomes/ncbi_dataset/ncbi_dataset/data/GCF_002577365.1/GCF_002577365.1_ASM257736v1_genomic.fna --plus -o /home/bacte/bacillus_amr/05_amr/amrfinder_raw/GCF_002577365.1.tsv
Software directory: /home/bacte/miniconda3/envs/amrfinder_env/bin/
Software version: 4.2.7
Database directory: /home/bacte/miniconda3/envs/amrfinder_env/share/amrfinderplus/data/2026-08-07.1
Database version: 2026-08-07.1
AMRFinder translated nucleotide search
  - include -O ORGANISM, --organism ORGANISM option to add mutation searches and suppress common proteins
Running tblastn
Making report
amrfinder took 12 seconds to complete
    OK
[154/1312] GCF_002577745.1
Running: amrfinder -n /home/bacte/bacillus_amr/01_genomes/ncbi_dataset/ncbi_dataset/data/GCF_002577745.1/GCF_002577745.1_ASM257774v1_genomic.fna --plus -o /home/bacte/bacillus_amr/05_amr/amrfinder_raw/GCF_002577745.1.tsv
Software directory: /home/bacte/miniconda3/envs/amrfinder_env/bin/
Software version: 4.2.7
Database directory: /home/bacte/miniconda3/envs/amrfinder_env/share/amrfinderplus/data/2026-08-07.1
Database version: 2026-08-07.1
AMRFinder translated nucleotide search
  - include -O ORGANISM, --organism ORGANISM option to add mutation searches and suppress common proteins
Running tblastn
Making report
amrfinder took 11 seconds to complete
    OK
[155/1312] GCF_002583515.1
Running: amrfinder -n /home/bacte/bacillus_amr/01_genomes/ncbi_dataset/ncbi_dataset/data/GCF_002583515.1/GCF_002583515.1_ASM258351v1_genomic.fna --plus -o /home/bacte/bacillus_amr/05_amr/amrfinder_raw/GCF_002583515.1.tsv
Software directory: /home/bacte/miniconda3/envs/amrfinder_env/bin/
Software version: 4.2.7
Database directory: /home/bacte/miniconda3/envs/amrfinder_env/share/amrfinderplus/data/2026-08-07.1
Database version: 2026-08-07.1
AMRFinder translated nucleotide search
  - include -O ORGANISM, --organism ORGANISM option to add mutation searches and suppress common proteins
Running tblastn
Making report
amrfinder took 12 seconds to complete
    OK
[156/1312] GCF_002583535.1
Running: amrfinder -n /home/bacte/bacillus_amr/01_genomes/ncbi_dataset/ncbi_dataset/data/GCF_002583535.1/GCF_002583535.1_ASM258353v1_genomic.fna --plus -o /home/bacte/bacillus_amr/05_amr/amrfinder_raw/GCF_002583535.1.tsv
Software directory: /home/bacte/miniconda3/envs/amrfinder_env/bin/
Software version: 4.2.7
Database directory: /home/bacte/miniconda3/envs/amrfinder_env/share/amrfinderplus/data/2026-08-07.1
Database version: 2026-08-07.1
AMRFinder translated nucleotide search
  - include -O ORGANISM, --organism ORGANISM option to add mutation searches and suppress common proteins
Running tblastn
Making report
amrfinder took 16 seconds to complete
    OK
[157/1312] GCF_002584075.1
Running: amrfinder -n /home/bacte/bacillus_amr/01_genomes/ncbi_dataset/ncbi_dataset/data/GCF_002584075.1/GCF_002584075.1_ASM258407v1_genomic.fna --plus -o /home/bacte/bacillus_amr/05_amr/amrfinder_raw/GCF_002584075.1.tsv
Software directory: /home/bacte/miniconda3/envs/amrfinder_env/bin/
Software version: 4.2.7
Database directory: /home/bacte/miniconda3/envs/amrfinder_env/share/amrfinderplus/data/2026-08-07.1
Database version: 2026-08-07.1
AMRFinder translated nucleotide search
  - include -O ORGANISM, --organism ORGANISM option to add mutation searches and suppress common proteins
Running tblastn
Making report
amrfinder took 18 seconds to complete
    OK
[158/1312] GCF_002584345.1
Running: amrfinder -n /home/bacte/bacillus_amr/01_genomes/ncbi_dataset/ncbi_dataset/data/GCF_002584345.1/GCF_002584345.1_ASM258434v1_genomic.fna --plus -o /home/bacte/bacillus_amr/05_amr/amrfinder_raw/GCF_002584345.1.tsv
Software directory: /home/bacte/miniconda3/envs/amrfinder_env/bin/
Software version: 4.2.7
Database directory: /home/bacte/miniconda3/envs/amrfinder_env/share/amrfinderplus/data/2026-08-07.1
Database version: 2026-08-07.1
AMRFinder translated nucleotide search
  - include -O ORGANISM, --organism ORGANISM option to add mutation searches and suppress common proteins
Running tblastn
Making report
amrfinder took 24 seconds to complete
    OK
[159/1312] GCF_002586285.1
Running: amrfinder -n /home/bacte/bacillus_amr/01_genomes/ncbi_dataset/ncbi_dataset/data/GCF_002586285.1/GCF_002586285.1_ASM258628v1_genomic.fna --plus -o /home/bacte/bacillus_amr/05_amr/amrfinder_raw/GCF_002586285.1.tsv
Software directory: /home/bacte/miniconda3/envs/amrfinder_env/bin/
Software version: 4.2.7
Database directory: /home/bacte/miniconda3/envs/amrfinder_env/share/amrfinderplus/data/2026-08-07.1
Database version: 2026-08-07.1
AMRFinder translated nucleotide search
  - include -O ORGANISM, --organism ORGANISM option to add mutation searches and suppress common proteins
Running tblastn
Making report
amrfinder took 21 seconds to complete
    OK
[160/1312] GCF_004022305.1
Running: amrfinder -n /home/bacte/bacillus_amr/01_genomes/ncbi_dataset/ncbi_dataset/data/GCF_004022305.1/GCF_004022305.1_ASM402230v1_genomic.fna --plus -o /home/bacte/bacillus_amr/05_amr/amrfinder_raw/GCF_004022305.1.tsv
Software directory: /home/bacte/miniconda3/envs/amrfinder_env/bin/
Software version: 4.2.7
Database directory: /home/bacte/miniconda3/envs/amrfinder_env/share/amrfinderplus/data/2026-08-07.1
Database version: 2026-08-07.1
AMRFinder translated nucleotide search
  - include -O ORGANISM, --organism ORGANISM option to add mutation searches and suppress common proteins
Running tblastn
Making report
amrfinder took 198 seconds to complete
    OK
[161/1312] GCF_006151815.1
Running: amrfinder -n /home/bacte/bacillus_amr/01_genomes/ncbi_dataset/ncbi_dataset/data/GCF_006151815.1/GCF_006151815.1_ASM615181v1_genomic.fna --plus -o /home/bacte/bacillus_amr/05_amr/amrfinder_raw/GCF_006151815.1.tsv
Software directory: /home/bacte/miniconda3/envs/amrfinder_env/bin/
Software version: 4.2.7
Database directory: /home/bacte/miniconda3/envs/amrfinder_env/share/amrfinderplus/data/2026-08-07.1
Database version: 2026-08-07.1
AMRFinder translated nucleotide search
  - include -O ORGANISM, --organism ORGANISM option to add mutation searches and suppress common proteins
Running tblastn
Making report
amrfinder took 26 seconds to complete
    OK
[162/1312] GCF_006349585.1
Running: amrfinder -n /home/bacte/bacillus_amr/01_genomes/ncbi_dataset/ncbi_dataset/data/GCF_006349585.1/GCF_006349585.1_ASM634958v1_genomic.fna --plus -o /home/bacte/bacillus_amr/05_amr/amrfinder_raw/GCF_006349585.1.tsv
Software directory: /home/bacte/miniconda3/envs/amrfinder_env/bin/
Software version: 4.2.7
Database directory: /home/bacte/miniconda3/envs/amrfinder_env/share/amrfinderplus/data/2026-08-07.1
Database version: 2026-08-07.1
AMRFinder translated nucleotide search
  - include -O ORGANISM, --organism ORGANISM option to add mutation searches and suppress common proteins
Running tblastn
Making report
amrfinder took 19 seconds to complete
    OK
[163/1312] GCF_006349695.2
Running: amrfinder -n /home/bacte/bacillus_amr/01_genomes/ncbi_dataset/ncbi_dataset/data/GCF_006349695.2/GCF_006349695.2_ASM634969v2_genomic.fna --plus -o /home/bacte/bacillus_amr/05_amr/amrfinder_raw/GCF_006349695.2.tsv
Software directory: /home/bacte/miniconda3/envs/amrfinder_env/bin/
Software version: 4.2.7
Database directory: /home/bacte/miniconda3/envs/amrfinder_env/share/amrfinderplus/data/2026-08-07.1
Database version: 2026-08-07.1
AMRFinder translated nucleotide search
  - include -O ORGANISM, --organism ORGANISM option to add mutation searches and suppress common proteins
Running tblastn
Making report
amrfinder took 15 seconds to complete
    OK
[164/1312] GCF_006349715.2
Running: amrfinder -n /home/bacte/bacillus_amr/01_genomes/ncbi_dataset/ncbi_dataset/data/GCF_006349715.2/GCF_006349715.2_ASM634971v2_genomic.fna --plus -o /home/bacte/bacillus_amr/05_amr/amrfinder_raw/GCF_006349715.2.tsv
Software directory: /home/bacte/miniconda3/envs/amrfinder_env/bin/
Software version: 4.2.7
Database directory: /home/bacte/miniconda3/envs/amrfinder_env/share/amrfinderplus/data/2026-08-07.1
Database version: 2026-08-07.1
AMRFinder translated nucleotide search
  - include -O ORGANISM, --organism ORGANISM option to add mutation searches and suppress common proteins
Running tblastn
Making report
amrfinder took 204 seconds to complete
    OK
[165/1312] GCF_006349735.2
Running: amrfinder -n /home/bacte/bacillus_amr/01_genomes/ncbi_dataset/ncbi_dataset/data/GCF_006349735.2/GCF_006349735.2_ASM634973v2_genomic.fna --plus -o /home/bacte/bacillus_amr/05_amr/amrfinder_raw/GCF_006349735.2.tsv
Software directory: /home/bacte/miniconda3/envs/amrfinder_env/bin/
Software version: 4.2.7
Database directory: /home/bacte/miniconda3/envs/amrfinder_env/share/amrfinderplus/data/2026-08-07.1
Database version: 2026-08-07.1
AMRFinder translated nucleotide search
  - include -O ORGANISM, --organism ORGANISM option to add mutation searches and suppress common proteins
Running tblastn
Making report
amrfinder took 150 seconds to complete
    OK
[166/1312] GCF_006349775.1
Running: amrfinder -n /home/bacte/bacillus_amr/01_genomes/ncbi_dataset/ncbi_dataset/data/GCF_006349775.1/GCF_006349775.1_ASM634977v1_genomic.fna --plus -o /home/bacte/bacillus_amr/05_amr/amrfinder_raw/GCF_006349775.1.tsv
Software directory: /home/bacte/miniconda3/envs/amrfinder_env/bin/
Software version: 4.2.7
Database directory: /home/bacte/miniconda3/envs/amrfinder_env/share/amrfinderplus/data/2026-08-07.1
Database version: 2026-08-07.1
AMRFinder translated nucleotide search
  - include -O ORGANISM, --organism ORGANISM option to add mutation searches and suppress common proteins
Running tblastn
Making report
amrfinder took 33 seconds to complete
    OK
[167/1312] GCF_011751555.1
Running: amrfinder -n /home/bacte/bacillus_amr/01_genomes/ncbi_dataset/ncbi_dataset/data/GCF_011751555.1/GCF_011751555.1_ASM1175155v1_genomic.fna --plus -o /home/bacte/bacillus_amr/05_amr/amrfinder_raw/GCF_011751555.1.tsv
Software directory: /home/bacte/miniconda3/envs/amrfinder_env/bin/
Software version: 4.2.7
Database directory: /home/bacte/miniconda3/envs/amrfinder_env/share/amrfinderplus/data/2026-08-07.1
Database version: 2026-08-07.1
AMRFinder translated nucleotide search
  - include -O ORGANISM, --organism ORGANISM option to add mutation searches and suppress common proteins
Running tblastn
Making report
amrfinder took 18 seconds to complete
    OK
[168/1312] GCF_013284455.2
Running: amrfinder -n /home/bacte/bacillus_amr/01_genomes/ncbi_dataset/ncbi_dataset/data/GCF_013284455.2/GCF_013284455.2_ASM1328445v2_genomic.fna --plus -o /home/bacte/bacillus_amr/05_amr/amrfinder_raw/GCF_013284455.2.tsv
Software directory: /home/bacte/miniconda3/envs/amrfinder_env/bin/
Software version: 4.2.7
Database directory: /home/bacte/miniconda3/envs/amrfinder_env/share/amrfinderplus/data/2026-08-07.1
Database version: 2026-08-07.1
AMRFinder translated nucleotide search
  - include -O ORGANISM, --organism ORGANISM option to add mutation searches and suppress common proteins
Running tblastn
Making report
amrfinder took 188 seconds to complete
    OK
[169/1312] GCF_015845455.1
Running: amrfinder -n /home/bacte/bacillus_amr/01_genomes/ncbi_dataset/ncbi_dataset/data/GCF_015845455.1/GCF_015845455.1_ASM1584545v1_genomic.fna --plus -o /home/bacte/bacillus_amr/05_amr/amrfinder_raw/GCF_015845455.1.tsv
Software directory: /home/bacte/miniconda3/envs/amrfinder_env/bin/
Software version: 4.2.7
Database directory: /home/bacte/miniconda3/envs/amrfinder_env/share/amrfinderplus/data/2026-08-07.1
Database version: 2026-08-07.1
AMRFinder translated nucleotide search
  - include -O ORGANISM, --organism ORGANISM option to add mutation searches and suppress common proteins
Running tblastn
Making report
amrfinder took 25 seconds to complete
    OK
[170/1312] GCF_017356065.1
Running: amrfinder -n /home/bacte/bacillus_amr/01_genomes/ncbi_dataset/ncbi_dataset/data/GCF_017356065.1/GCF_017356065.1_ASM1735606v1_genomic.fna --plus -o /home/bacte/bacillus_amr/05_amr/amrfinder_raw/GCF_017356065.1.tsv
Software directory: /home/bacte/miniconda3/envs/amrfinder_env/bin/
Software version: 4.2.7
Database directory: /home/bacte/miniconda3/envs/amrfinder_env/share/amrfinderplus/data/2026-08-07.1
Database version: 2026-08-07.1
AMRFinder translated nucleotide search
  - include -O ORGANISM, --organism ORGANISM option to add mutation searches and suppress common proteins
Running tblastn
Making report
amrfinder took 12 seconds to complete
    OK
[171/1312] GCF_018221535.1
Running: amrfinder -n /home/bacte/bacillus_amr/01_genomes/ncbi_dataset/ncbi_dataset/data/GCF_018221535.1/GCF_018221535.1_ASM1822153v1_genomic.fna --plus -o /home/bacte/bacillus_amr/05_amr/amrfinder_raw/GCF_018221535.1.tsv
Software directory: /home/bacte/miniconda3/envs/amrfinder_env/bin/
Software version: 4.2.7
Database directory: /home/bacte/miniconda3/envs/amrfinder_env/share/amrfinderplus/data/2026-08-07.1
Database version: 2026-08-07.1
AMRFinder translated nucleotide search
  - include -O ORGANISM, --organism ORGANISM option to add mutation searches and suppress common proteins
Running tblastn
Making report
amrfinder took 34 seconds to complete
    OK
[172/1312] GCF_024494765.1
Running: amrfinder -n /home/bacte/bacillus_amr/01_genomes/ncbi_dataset/ncbi_dataset/data/GCF_024494765.1/GCF_024494765.1_ASM2449476v1_genomic.fna --plus -o /home/bacte/bacillus_amr/05_amr/amrfinder_raw/GCF_024494765.1.tsv
Software directory: /home/bacte/miniconda3/envs/amrfinder_env/bin/
Software version: 4.2.7
Database directory: /home/bacte/miniconda3/envs/amrfinder_env/share/amrfinderplus/data/2026-08-07.1
Database version: 2026-08-07.1
AMRFinder translated nucleotide search
  - include -O ORGANISM, --organism ORGANISM option to add mutation searches and suppress common proteins
Running tblastn
Making report
amrfinder took 11 seconds to complete
    OK
[173/1312] GCF_024494775.1
Running: amrfinder -n /home/bacte/bacillus_amr/01_genomes/ncbi_dataset/ncbi_dataset/data/GCF_024494775.1/GCF_024494775.1_ASM2449477v1_genomic.fna --plus -o /home/bacte/bacillus_amr/05_amr/amrfinder_raw/GCF_024494775.1.tsv
Software directory: /home/bacte/miniconda3/envs/amrfinder_env/bin/
Software version: 4.2.7
Database directory: /home/bacte/miniconda3/envs/amrfinder_env/share/amrfinderplus/data/2026-08-07.1
Database version: 2026-08-07.1
AMRFinder translated nucleotide search
  - include -O ORGANISM, --organism ORGANISM option to add mutation searches and suppress common proteins
Running tblastn
Making report
amrfinder took 12 seconds to complete
    OK
[174/1312] GCF_024494825.1
Running: amrfinder -n /home/bacte/bacillus_amr/01_genomes/ncbi_dataset/ncbi_dataset/data/GCF_024494825.1/GCF_024494825.1_ASM2449482v1_genomic.fna --plus -o /home/bacte/bacillus_amr/05_amr/amrfinder_raw/GCF_024494825.1.tsv
Software directory: /home/bacte/miniconda3/envs/amrfinder_env/bin/
Software version: 4.2.7
Database directory: /home/bacte/miniconda3/envs/amrfinder_env/share/amrfinderplus/data/2026-08-07.1
Database version: 2026-08-07.1
AMRFinder translated nucleotide search
  - include -O ORGANISM, --organism ORGANISM option to add mutation searches and suppress common proteins
Running tblastn
Making report
amrfinder took 15 seconds to complete
    OK
[175/1312] GCF_024494845.1
Running: amrfinder -n /home/bacte/bacillus_amr/01_genomes/ncbi_dataset/ncbi_dataset/data/GCF_024494845.1/GCF_024494845.1_ASM2449484v1_genomic.fna --plus -o /home/bacte/bacillus_amr/05_amr/amrfinder_raw/GCF_024494845.1.tsv
Software directory: /home/bacte/miniconda3/envs/amrfinder_env/bin/
Software version: 4.2.7
Database directory: /home/bacte/miniconda3/envs/amrfinder_env/share/amrfinderplus/data/2026-08-07.1
Database version: 2026-08-07.1
AMRFinder translated nucleotide search
  - include -O ORGANISM, --organism ORGANISM option to add mutation searches and suppress common proteins
Running tblastn
Making report
amrfinder took 11 seconds to complete
    OK
[176/1312] GCF_024494865.1
Running: amrfinder -n /home/bacte/bacillus_amr/01_genomes/ncbi_dataset/ncbi_dataset/data/GCF_024494865.1/GCF_024494865.1_ASM2449486v1_genomic.fna --plus -o /home/bacte/bacillus_amr/05_amr/amrfinder_raw/GCF_024494865.1.tsv
Software directory: /home/bacte/miniconda3/envs/amrfinder_env/bin/
Software version: 4.2.7
Database directory: /home/bacte/miniconda3/envs/amrfinder_env/share/amrfinderplus/data/2026-08-07.1
Database version: 2026-08-07.1
AMRFinder translated nucleotide search
  - include -O ORGANISM, --organism ORGANISM option to add mutation searches and suppress common proteins
Running tblastn
Making report
amrfinder took 16 seconds to complete
    OK
[177/1312] GCF_024494965.1
Running: amrfinder -n /home/bacte/bacillus_amr/01_genomes/ncbi_dataset/ncbi_dataset/data/GCF_024494965.1/GCF_024494965.1_ASM2449496v1_genomic.fna --plus -o /home/bacte/bacillus_amr/05_amr/amrfinder_raw/GCF_024494965.1.tsv
Software directory: /home/bacte/miniconda3/envs/amrfinder_env/bin/
Software version: 4.2.7
Database directory: /home/bacte/miniconda3/envs/amrfinder_env/share/amrfinderplus/data/2026-08-07.1
Database version: 2026-08-07.1
AMRFinder translated nucleotide search
  - include -O ORGANISM, --organism ORGANISM option to add mutation searches and suppress common proteins
Running tblastn
Making report
amrfinder took 11 seconds to complete
    OK
[178/1312] GCF_024494995.1
Running: amrfinder -n /home/bacte/bacillus_amr/01_genomes/ncbi_dataset/ncbi_dataset/data/GCF_024494995.1/GCF_024494995.1_ASM2449499v1_genomic.fna --plus -o /home/bacte/bacillus_amr/05_amr/amrfinder_raw/GCF_024494995.1.tsv
Software directory: /home/bacte/miniconda3/envs/amrfinder_env/bin/
Software version: 4.2.7
Database directory: /home/bacte/miniconda3/envs/amrfinder_env/share/amrfinderplus/data/2026-08-07.1
Database version: 2026-08-07.1
AMRFinder translated nucleotide search
  - include -O ORGANISM, --organism ORGANISM option to add mutation searches and suppress common proteins
Running tblastn
Making report
amrfinder took 14 seconds to complete
    OK
[179/1312] GCF_024495005.1
Running: amrfinder -n /home/bacte/bacillus_amr/01_genomes/ncbi_dataset/ncbi_dataset/data/GCF_024495005.1/GCF_024495005.1_ASM2449500v1_genomic.fna --plus -o /home/bacte/bacillus_amr/05_amr/amrfinder_raw/GCF_024495005.1.tsv
Software directory: /home/bacte/miniconda3/envs/amrfinder_env/bin/
Software version: 4.2.7
Database directory: /home/bacte/miniconda3/envs/amrfinder_env/share/amrfinderplus/data/2026-08-07.1
Database version: 2026-08-07.1
AMRFinder translated nucleotide search
  - include -O ORGANISM, --organism ORGANISM option to add mutation searches and suppress common proteins
Running tblastn
Making report
amrfinder took 11 seconds to complete
    OK
[180/1312] GCF_024495135.1
Running: amrfinder -n /home/bacte/bacillus_amr/01_genomes/ncbi_dataset/ncbi_dataset/data/GCF_024495135.1/GCF_024495135.1_ASM2449513v1_genomic.fna --plus -o /home/bacte/bacillus_amr/05_amr/amrfinder_raw/GCF_024495135.1.tsv
Software directory: /home/bacte/miniconda3/envs/amrfinder_env/bin/
Software version: 4.2.7
Database directory: /home/bacte/miniconda3/envs/amrfinder_env/share/amrfinderplus/data/2026-08-07.1
Database version: 2026-08-07.1
AMRFinder translated nucleotide search
  - include -O ORGANISM, --organism ORGANISM option to add mutation searches and suppress common proteins
Running tblastn
Making report
amrfinder took 15 seconds to complete
    OK
[181/1312] GCF_025000225.1
Running: amrfinder -n /home/bacte/bacillus_amr/01_genomes/ncbi_dataset/ncbi_dataset/data/GCF_025000225.1/GCF_025000225.1_ASM2500022v1_genomic.fna --plus -o /home/bacte/bacillus_amr/05_amr/amrfinder_raw/GCF_025000225.1.tsv
Software directory: /home/bacte/miniconda3/envs/amrfinder_env/bin/
Software version: 4.2.7
Database directory: /home/bacte/miniconda3/envs/amrfinder_env/share/amrfinderplus/data/2026-08-07.1
Database version: 2026-08-07.1
AMRFinder translated nucleotide search
  - include -O ORGANISM, --organism ORGANISM option to add mutation searches and suppress common proteins
Running tblastn
Making report
amrfinder took 22 seconds to complete
    OK
[182/1312] GCF_029289385.1
Running: amrfinder -n /home/bacte/bacillus_amr/01_genomes/ncbi_dataset/ncbi_dataset/data/GCF_029289385.1/GCF_029289385.1_ASM2928938v1_genomic.fna --plus -o /home/bacte/bacillus_amr/05_amr/amrfinder_raw/GCF_029289385.1.tsv
Software directory: /home/bacte/miniconda3/envs/amrfinder_env/bin/
Software version: 4.2.7
Database directory: /home/bacte/miniconda3/envs/amrfinder_env/share/amrfinderplus/data/2026-08-07.1
Database version: 2026-08-07.1
AMRFinder translated nucleotide search
  - include -O ORGANISM, --organism ORGANISM option to add mutation searches and suppress common proteins
Running tblastn
Making report
amrfinder took 37 seconds to complete
    OK
[183/1312] GCF_030348245.1
Running: amrfinder -n /home/bacte/bacillus_amr/01_genomes/ncbi_dataset/ncbi_dataset/data/GCF_030348245.1/GCF_030348245.1_ASM3034824v1_genomic.fna --plus -o /home/bacte/bacillus_amr/05_amr/amrfinder_raw/GCF_030348245.1.tsv
Software directory: /home/bacte/miniconda3/envs/amrfinder_env/bin/
Software version: 4.2.7
Database directory: /home/bacte/miniconda3/envs/amrfinder_env/share/amrfinderplus/data/2026-08-07.1
Database version: 2026-08-07.1
AMRFinder translated nucleotide search
  - include -O ORGANISM, --organism ORGANISM option to add mutation searches and suppress common proteins
Running tblastn
Making report
amrfinder took 88 seconds to complete
    OK
[184/1312] GCF_030412285.1
Running: amrfinder -n /home/bacte/bacillus_amr/01_genomes/ncbi_dataset/ncbi_dataset/data/GCF_030412285.1/GCF_030412285.1_ASM3041228v1_genomic.fna --plus -o /home/bacte/bacillus_amr/05_amr/amrfinder_raw/GCF_030412285.1.tsv
Software directory: /home/bacte/miniconda3/envs/amrfinder_env/bin/
Software version: 4.2.7
Database directory: /home/bacte/miniconda3/envs/amrfinder_env/share/amrfinderplus/data/2026-08-07.1
Database version: 2026-08-07.1
AMRFinder translated nucleotide search
  - include -O ORGANISM, --organism ORGANISM option to add mutation searches and suppress common proteins
Running tblastn
Making report
amrfinder took 31 seconds to complete
    OK
[185/1312] GCF_031216075.1
Running: amrfinder -n /home/bacte/bacillus_amr/01_genomes/ncbi_dataset/ncbi_dataset/data/GCF_031216075.1/GCF_031216075.1_ASM3121607v1_genomic.fna --plus -o /home/bacte/bacillus_amr/05_amr/amrfinder_raw/GCF_031216075.1.tsv
Software directory: /home/bacte/miniconda3/envs/amrfinder_env/bin/
Software version: 4.2.7
Database directory: /home/bacte/miniconda3/envs/amrfinder_env/share/amrfinderplus/data/2026-08-07.1
Database version: 2026-08-07.1
AMRFinder translated nucleotide search
  - include -O ORGANISM, --organism ORGANISM option to add mutation searches and suppress common proteins
Running tblastn
Making report
amrfinder took 160 seconds to complete
    OK
[186/1312] GCF_033452345.1
Running: amrfinder -n /home/bacte/bacillus_amr/01_genomes/ncbi_dataset/ncbi_dataset/data/GCF_033452345.1/GCF_033452345.1_ASM3345234v1_genomic.fna --plus -o /home/bacte/bacillus_amr/05_amr/amrfinder_raw/GCF_033452345.1.tsv
Software directory: /home/bacte/miniconda3/envs/amrfinder_env/bin/
Software version: 4.2.7
Database directory: /home/bacte/miniconda3/envs/amrfinder_env/share/amrfinderplus/data/2026-08-07.1
Database version: 2026-08-07.1
AMRFinder translated nucleotide search
  - include -O ORGANISM, --organism ORGANISM option to add mutation searches and suppress common proteins
Running tblastn
Making report
amrfinder took 202 seconds to complete
    OK
[187/1312] GCF_035065085.1
Running: amrfinder -n /home/bacte/bacillus_amr/01_genomes/ncbi_dataset/ncbi_dataset/data/GCF_035065085.1/GCF_035065085.1_ASM3506508v1_genomic.fna --plus -o /home/bacte/bacillus_amr/05_amr/amrfinder_raw/GCF_035065085.1.tsv
Software directory: /home/bacte/miniconda3/envs/amrfinder_env/bin/
Software version: 4.2.7
Database directory: /home/bacte/miniconda3/envs/amrfinder_env/share/amrfinderplus/data/2026-08-07.1
Database version: 2026-08-07.1
AMRFinder translated nucleotide search
  - include -O ORGANISM, --organism ORGANISM option to add mutation searches and suppress common proteins
Running tblastn
Making report
amrfinder took 33 seconds to complete
    OK
[188/1312] GCF_036408805.1
Running: amrfinder -n /home/bacte/bacillus_amr/01_genomes/ncbi_dataset/ncbi_dataset/data/GCF_036408805.1/GCF_036408805.1_ASM3640880v1_genomic.fna --plus -o /home/bacte/bacillus_amr/05_amr/amrfinder_raw/GCF_036408805.1.tsv
Software directory: /home/bacte/miniconda3/envs/amrfinder_env/bin/
Software version: 4.2.7
Database directory: /home/bacte/miniconda3/envs/amrfinder_env/share/amrfinderplus/data/2026-08-07.1
Database version: 2026-08-07.1
AMRFinder translated nucleotide search
  - include -O ORGANISM, --organism ORGANISM option to add mutation searches and suppress common proteins
Running tblastn
Making report
amrfinder took 120 seconds to complete
    OK
[189/1312] GCF_036408815.1
Running: amrfinder -n /home/bacte/bacillus_amr/01_genomes/ncbi_dataset/ncbi_dataset/data/GCF_036408815.1/GCF_036408815.1_ASM3640881v1_genomic.fna --plus -o /home/bacte/bacillus_amr/05_amr/amrfinder_raw/GCF_036408815.1.tsv
Software directory: /home/bacte/miniconda3/envs/amrfinder_env/bin/
Software version: 4.2.7
Database directory: /home/bacte/miniconda3/envs/amrfinder_env/share/amrfinderplus/data/2026-08-07.1
Database version: 2026-08-07.1
AMRFinder translated nucleotide search
  - include -O ORGANISM, --organism ORGANISM option to add mutation searches and suppress common proteins
Running tblastn
Making report
amrfinder took 72 seconds to complete
    OK
[190/1312] GCF_036408835.1
Running: amrfinder -n /home/bacte/bacillus_amr/01_genomes/ncbi_dataset/ncbi_dataset/data/GCF_036408835.1/GCF_036408835.1_ASM3640883v1_genomic.fna --plus -o /home/bacte/bacillus_amr/05_amr/amrfinder_raw/GCF_036408835.1.tsv
Software directory: /home/bacte/miniconda3/envs/amrfinder_env/bin/
Software version: 4.2.7
Database directory: /home/bacte/miniconda3/envs/amrfinder_env/share/amrfinderplus/data/2026-08-07.1
Database version: 2026-08-07.1
AMRFinder translated nucleotide search
  - include -O ORGANISM, --organism ORGANISM option to add mutation searches and suppress common proteins
Running tblastn
Making report
amrfinder took 99 seconds to complete
    OK
[191/1312] GCF_036621155.1
Running: amrfinder -n /home/bacte/bacillus_amr/01_genomes/ncbi_dataset/ncbi_dataset/data/GCF_036621155.1/GCF_036621155.1_ASM3662115v1_genomic.fna --plus -o /home/bacte/bacillus_amr/05_amr/amrfinder_raw/GCF_036621155.1.tsv
Software directory: /home/bacte/miniconda3/envs/amrfinder_env/bin/
Software version: 4.2.7
Database directory: /home/bacte/miniconda3/envs/amrfinder_env/share/amrfinderplus/data/2026-08-07.1
Database version: 2026-08-07.1
AMRFinder translated nucleotide search
  - include -O ORGANISM, --organism ORGANISM option to add mutation searches and suppress common proteins
Running tblastn
Making report
amrfinder took 35 seconds to complete
    OK
[192/1312] GCF_036621195.1
Running: amrfinder -n /home/bacte/bacillus_amr/01_genomes/ncbi_dataset/ncbi_dataset/data/GCF_036621195.1/GCF_036621195.1_ASM3662119v1_genomic.fna --plus -o /home/bacte/bacillus_amr/05_amr/amrfinder_raw/GCF_036621195.1.tsv
Software directory: /home/bacte/miniconda3/envs/amrfinder_env/bin/
Software version: 4.2.7
Database directory: /home/bacte/miniconda3/envs/amrfinder_env/share/amrfinderplus/data/2026-08-07.1
Database version: 2026-08-07.1
AMRFinder translated nucleotide search
  - include -O ORGANISM, --organism ORGANISM option to add mutation searches and suppress common proteins
Running tblastn
Making report
amrfinder took 34 seconds to complete
    OK
[193/1312] GCF_036621235.1
Running: amrfinder -n /home/bacte/bacillus_amr/01_genomes/ncbi_dataset/ncbi_dataset/data/GCF_036621235.1/GCF_036621235.1_ASM3662123v1_genomic.fna --plus -o /home/bacte/bacillus_amr/05_amr/amrfinder_raw/GCF_036621235.1.tsv
Software directory: /home/bacte/miniconda3/envs/amrfinder_env/bin/
Software version: 4.2.7
Database directory: /home/bacte/miniconda3/envs/amrfinder_env/share/amrfinderplus/data/2026-08-07.1
Database version: 2026-08-07.1
AMRFinder translated nucleotide search
  - include -O ORGANISM, --organism ORGANISM option to add mutation searches and suppress common proteins
Running tblastn
Making report
amrfinder took 22 seconds to complete
    OK
[194/1312] GCF_036621395.1
Running: amrfinder -n /home/bacte/bacillus_amr/01_genomes/ncbi_dataset/ncbi_dataset/data/GCF_036621395.1/GCF_036621395.1_N._retusa_B11.1_genomic.fna --plus -o /home/bacte/bacillus_amr/05_amr/amrfinder_raw/GCF_036621395.1.tsv
Software directory: /home/bacte/miniconda3/envs/amrfinder_env/bin/
Software version: 4.2.7
Database directory: /home/bacte/miniconda3/envs/amrfinder_env/share/amrfinderplus/data/2026-08-07.1
Database version: 2026-08-07.1
AMRFinder translated nucleotide search
  - include -O ORGANISM, --organism ORGANISM option to add mutation searches and suppress common proteins
Running tblastn
Making report
amrfinder took 35 seconds to complete
    OK
[195/1312] GCF_037104495.1
Running: amrfinder -n /home/bacte/bacillus_amr/01_genomes/ncbi_dataset/ncbi_dataset/data/GCF_037104495.1/GCF_037104495.1_ASM3710449v1_genomic.fna --plus -o /home/bacte/bacillus_amr/05_amr/amrfinder_raw/GCF_037104495.1.tsv
Software directory: /home/bacte/miniconda3/envs/amrfinder_env/bin/
Software version: 4.2.7
Database directory: /home/bacte/miniconda3/envs/amrfinder_env/share/amrfinderplus/data/2026-08-07.1
Database version: 2026-08-07.1
AMRFinder translated nucleotide search
  - include -O ORGANISM, --organism ORGANISM option to add mutation searches and suppress common proteins
Running tblastn
Making report
amrfinder took 197 seconds to complete
    OK
[196/1312] GCF_040151315.1
Running: amrfinder -n /home/bacte/bacillus_amr/01_genomes/ncbi_dataset/ncbi_dataset/data/GCF_040151315.1/GCF_040151315.1_ASM4015131v1_genomic.fna --plus -o /home/bacte/bacillus_amr/05_amr/amrfinder_raw/GCF_040151315.1.tsv
Software directory: /home/bacte/miniconda3/envs/amrfinder_env/bin/
Software version: 4.2.7
Database directory: /home/bacte/miniconda3/envs/amrfinder_env/share/amrfinderplus/data/2026-08-07.1
Database version: 2026-08-07.1
AMRFinder translated nucleotide search
  - include -O ORGANISM, --organism ORGANISM option to add mutation searches and suppress common proteins
Running tblastn
Making report
amrfinder took 43 seconds to complete
    OK
[197/1312] GCF_040937925.1
Running: amrfinder -n /home/bacte/bacillus_amr/01_genomes/ncbi_dataset/ncbi_dataset/data/GCF_040937925.1/GCF_040937925.1_ASM4093792v1_genomic.fna --plus -o /home/bacte/bacillus_amr/05_amr/amrfinder_raw/GCF_040937925.1.tsv
Software directory: /home/bacte/miniconda3/envs/amrfinder_env/bin/
Software version: 4.2.7
Database directory: /home/bacte/miniconda3/envs/amrfinder_env/share/amrfinderplus/data/2026-08-07.1
Database version: 2026-08-07.1
AMRFinder translated nucleotide search
  - include -O ORGANISM, --organism ORGANISM option to add mutation searches and suppress common proteins
Running tblastn
Making report
amrfinder took 138 seconds to complete
    OK
[198/1312] GCF_041366395.1
Running: amrfinder -n /home/bacte/bacillus_amr/01_genomes/ncbi_dataset/ncbi_dataset/data/GCF_041366395.1/GCF_041366395.1_ASM4136639v1_genomic.fna --plus -o /home/bacte/bacillus_amr/05_amr/amrfinder_raw/GCF_041366395.1.tsv
Software directory: /home/bacte/miniconda3/envs/amrfinder_env/bin/
Software version: 4.2.7
Database directory: /home/bacte/miniconda3/envs/amrfinder_env/share/amrfinderplus/data/2026-08-07.1
Database version: 2026-08-07.1
AMRFinder translated nucleotide search
  - include -O ORGANISM, --organism ORGANISM option to add mutation searches and suppress common proteins
Running tblastn
Making report
amrfinder took 46 seconds to complete
    OK
[199/1312] GCF_044783125.1
Running: amrfinder -n /home/bacte/bacillus_amr/01_genomes/ncbi_dataset/ncbi_dataset/data/GCF_044783125.1/GCF_044783125.1_ASM4478312v1_genomic.fna --plus -o /home/bacte/bacillus_amr/05_amr/amrfinder_raw/GCF_044783125.1.tsv
Software directory: /home/bacte/miniconda3/envs/amrfinder_env/bin/
Software version: 4.2.7
Database directory: /home/bacte/miniconda3/envs/amrfinder_env/share/amrfinderplus/data/2026-08-07.1
Database version: 2026-08-07.1
AMRFinder translated nucleotide search
  - include -O ORGANISM, --organism ORGANISM option to add mutation searches and suppress common proteins
Running tblastn
Making report
amrfinder took 18 seconds to complete
    OK
[200/1312] GCF_048053955.1
Running: amrfinder -n /home/bacte/bacillus_amr/01_genomes/ncbi_dataset/ncbi_dataset/data/GCF_048053955.1/GCF_048053955.1_ASM4805395v1_genomic.fna --plus -o /home/bacte/bacillus_amr/05_amr/amrfinder_raw/GCF_048053955.1.tsv
Software directory: /home/bacte/miniconda3/envs/amrfinder_env/bin/
Software version: 4.2.7
Database directory: /home/bacte/miniconda3/envs/amrfinder_env/share/amrfinderplus/data/2026-08-07.1
Database version: 2026-08-07.1
AMRFinder translated nucleotide search
  - include -O ORGANISM, --organism ORGANISM option to add mutation searches and suppress common proteins
Running tblastn
Making report
amrfinder took 19 seconds to complete
    OK
[201/1312] GCF_050510835.1
Running: amrfinder -n /home/bacte/bacillus_amr/01_genomes/ncbi_dataset/ncbi_dataset/data/GCF_050510835.1/GCF_050510835.1_ASM5051083v1_genomic.fna --plus -o /home/bacte/bacillus_amr/05_amr/amrfinder_raw/GCF_050510835.1.tsv
Software directory: /home/bacte/miniconda3/envs/amrfinder_env/bin/
Software version: 4.2.7
Database directory: /home/bacte/miniconda3/envs/amrfinder_env/share/amrfinderplus/data/2026-08-07.1
Database version: 2026-08-07.1
AMRFinder translated nucleotide search
  - include -O ORGANISM, --organism ORGANISM option to add mutation searches and suppress common proteins
Running tblastn
Making report
amrfinder took 16 seconds to complete
    OK
[202/1312] GCF_050510875.1
Running: amrfinder -n /home/bacte/bacillus_amr/01_genomes/ncbi_dataset/ncbi_dataset/data/GCF_050510875.1/GCF_050510875.1_ASM5051087v1_genomic.fna --plus -o /home/bacte/bacillus_amr/05_amr/amrfinder_raw/GCF_050510875.1.tsv
Software directory: /home/bacte/miniconda3/envs/amrfinder_env/bin/
Software version: 4.2.7
Database directory: /home/bacte/miniconda3/envs/amrfinder_env/share/amrfinderplus/data/2026-08-07.1
Database version: 2026-08-07.1
AMRFinder translated nucleotide search
  - include -O ORGANISM, --organism ORGANISM option to add mutation searches and suppress common proteins
Running tblastn
Making report
amrfinder took 18 seconds to complete
    OK
[203/1312] GCF_052601275.1
Running: amrfinder -n /home/bacte/bacillus_amr/01_genomes/ncbi_dataset/ncbi_dataset/data/GCF_052601275.1/GCF_052601275.1_ASM5260127v1_genomic.fna --plus -o /home/bacte/bacillus_amr/05_amr/amrfinder_raw/GCF_052601275.1.tsv
Software directory: /home/bacte/miniconda3/envs/amrfinder_env/bin/
Software version: 4.2.7
Database directory: /home/bacte/miniconda3/envs/amrfinder_env/share/amrfinderplus/data/2026-08-07.1
Database version: 2026-08-07.1
AMRFinder translated nucleotide search
  - include -O ORGANISM, --organism ORGANISM option to add mutation searches and suppress common proteins
Running tblastn
Making report
amrfinder took 128 seconds to complete
    OK
[204/1312] GCF_053291905.1
Running: amrfinder -n /home/bacte/bacillus_amr/01_genomes/ncbi_dataset/ncbi_dataset/data/GCF_053291905.1/GCF_053291905.1_ASM5329190v1_genomic.fna --plus -o /home/bacte/bacillus_amr/05_amr/amrfinder_raw/GCF_053291905.1.tsv
Software directory: /home/bacte/miniconda3/envs/amrfinder_env/bin/
Software version: 4.2.7
Database directory: /home/bacte/miniconda3/envs/amrfinder_env/share/amrfinderplus/data/2026-08-07.1
Database version: 2026-08-07.1
AMRFinder translated nucleotide search
  - include -O ORGANISM, --organism ORGANISM option to add mutation searches and suppress common proteins
Running tblastn
Making report
amrfinder took 173 seconds to complete
    OK
[205/1312] GCF_053894975.1
Running: amrfinder -n /home/bacte/bacillus_amr/01_genomes/ncbi_dataset/ncbi_dataset/data/GCF_053894975.1/GCF_053894975.1_ASM5389497v1_genomic.fna --plus -o /home/bacte/bacillus_amr/05_amr/amrfinder_raw/GCF_053894975.1.tsv
Software directory: /home/bacte/miniconda3/envs/amrfinder_env/bin/
Software version: 4.2.7
Database directory: /home/bacte/miniconda3/envs/amrfinder_env/share/amrfinderplus/data/2026-08-07.1
Database version: 2026-08-07.1
AMRFinder translated nucleotide search
  - include -O ORGANISM, --organism ORGANISM option to add mutation searches and suppress common proteins
Running tblastn
Making report
amrfinder took 11 seconds to complete
    OK
[206/1312] GCF_054182725.1
Running: amrfinder -n /home/bacte/bacillus_amr/01_genomes/ncbi_dataset/ncbi_dataset/data/GCF_054182725.1/GCF_054182725.1_ASM5418272v1_genomic.fna --plus -o /home/bacte/bacillus_amr/05_amr/amrfinder_raw/GCF_054182725.1.tsv
Software directory: /home/bacte/miniconda3/envs/amrfinder_env/bin/
Software version: 4.2.7
Database directory: /home/bacte/miniconda3/envs/amrfinder_env/share/amrfinderplus/data/2026-08-07.1
Database version: 2026-08-07.1
AMRFinder translated nucleotide search
  - include -O ORGANISM, --organism ORGANISM option to add mutation searches and suppress common proteins
Running tblastn
Making report
amrfinder took 14 seconds to complete
    OK
[207/1312] GCF_054850195.1
Running: amrfinder -n /home/bacte/bacillus_amr/01_genomes/ncbi_dataset/ncbi_dataset/data/GCF_054850195.1/GCF_054850195.1_G5_genomic.fna --plus -o /home/bacte/bacillus_amr/05_amr/amrfinder_raw/GCF_054850195.1.tsv
Software directory: /home/bacte/miniconda3/envs/amrfinder_env/bin/
Software version: 4.2.7
Database directory: /home/bacte/miniconda3/envs/amrfinder_env/share/amrfinderplus/data/2026-08-07.1
Database version: 2026-08-07.1
AMRFinder translated nucleotide search
  - include -O ORGANISM, --organism ORGANISM option to add mutation searches and suppress common proteins
Running tblastn
Making report
amrfinder took 148 seconds to complete
    OK
[208/1312] GCF_055793445.1
Running: amrfinder -n /home/bacte/bacillus_amr/01_genomes/ncbi_dataset/ncbi_dataset/data/GCF_055793445.1/GCF_055793445.1_ASM5579344v1_genomic.fna --plus -o /home/bacte/bacillus_amr/05_amr/amrfinder_raw/GCF_055793445.1.tsv
Software directory: /home/bacte/miniconda3/envs/amrfinder_env/bin/
Software version: 4.2.7
Database directory: /home/bacte/miniconda3/envs/amrfinder_env/share/amrfinderplus/data/2026-08-07.1
Database version: 2026-08-07.1
AMRFinder translated nucleotide search
  - include -O ORGANISM, --organism ORGANISM option to add mutation searches and suppress common proteins
Running tblastn
Making report
amrfinder took 142 seconds to complete
    OK
[209/1312] GCF_056428825.1
Running: amrfinder -n /home/bacte/bacillus_amr/01_genomes/ncbi_dataset/ncbi_dataset/data/GCF_056428825.1/GCF_056428825.1_ASM5642882v1_genomic.fna --plus -o /home/bacte/bacillus_amr/05_amr/amrfinder_raw/GCF_056428825.1.tsv
Software directory: /home/bacte/miniconda3/envs/amrfinder_env/bin/
Software version: 4.2.7
Database directory: /home/bacte/miniconda3/envs/amrfinder_env/share/amrfinderplus/data/2026-08-07.1
Database version: 2026-08-07.1
AMRFinder translated nucleotide search
  - include -O ORGANISM, --organism ORGANISM option to add mutation searches and suppress common proteins
Running tblastn
Making report
amrfinder took 20 seconds to complete
    OK
[210/1312] GCF_056428865.1
Running: amrfinder -n /home/bacte/bacillus_amr/01_genomes/ncbi_dataset/ncbi_dataset/data/GCF_056428865.1/GCF_056428865.1_ASM5642886v1_genomic.fna --plus -o /home/bacte/bacillus_amr/05_amr/amrfinder_raw/GCF_056428865.1.tsv
Software directory: /home/bacte/miniconda3/envs/amrfinder_env/bin/
Software version: 4.2.7
Database directory: /home/bacte/miniconda3/envs/amrfinder_env/share/amrfinderplus/data/2026-08-07.1
Database version: 2026-08-07.1
AMRFinder translated nucleotide search
  - include -O ORGANISM, --organism ORGANISM option to add mutation searches and suppress common proteins
Running tblastn
Making report
amrfinder took 19 seconds to complete
    OK
[211/1312] GCF_056431345.1
Running: amrfinder -n /home/bacte/bacillus_amr/01_genomes/ncbi_dataset/ncbi_dataset/data/GCF_056431345.1/GCF_056431345.1_ASM5643134v1_genomic.fna --plus -o /home/bacte/bacillus_amr/05_amr/amrfinder_raw/GCF_056431345.1.tsv
Software directory: /home/bacte/miniconda3/envs/amrfinder_env/bin/
Software version: 4.2.7
Database directory: /home/bacte/miniconda3/envs/amrfinder_env/share/amrfinderplus/data/2026-08-07.1
Database version: 2026-08-07.1
AMRFinder translated nucleotide search
  - include -O ORGANISM, --organism ORGANISM option to add mutation searches and suppress common proteins
Running tblastn
Making report
amrfinder took 39 seconds to complete
    OK
[212/1312] GCF_056521245.1
Running: amrfinder -n /home/bacte/bacillus_amr/01_genomes/ncbi_dataset/ncbi_dataset/data/GCF_056521245.1/GCF_056521245.1_ASM5652124v1_genomic.fna --plus -o /home/bacte/bacillus_amr/05_amr/amrfinder_raw/GCF_056521245.1.tsv
Software directory: /home/bacte/miniconda3/envs/amrfinder_env/bin/
Software version: 4.2.7
Database directory: /home/bacte/miniconda3/envs/amrfinder_env/share/amrfinderplus/data/2026-08-07.1
Database version: 2026-08-07.1
AMRFinder translated nucleotide search
  - include -O ORGANISM, --organism ORGANISM option to add mutation searches and suppress common proteins
Running tblastn
Making report
amrfinder took 148 seconds to complete
    OK
[213/1312] GCF_057334035.1
Running: amrfinder -n /home/bacte/bacillus_amr/01_genomes/ncbi_dataset/ncbi_dataset/data/GCF_057334035.1/GCF_057334035.1_ASM5733403v1_genomic.fna --plus -o /home/bacte/bacillus_amr/05_amr/amrfinder_raw/GCF_057334035.1.tsv
Software directory: /home/bacte/miniconda3/envs/amrfinder_env/bin/
Software version: 4.2.7
Database directory: /home/bacte/miniconda3/envs/amrfinder_env/share/amrfinderplus/data/2026-08-07.1
Database version: 2026-08-07.1
AMRFinder translated nucleotide search
  - include -O ORGANISM, --organism ORGANISM option to add mutation searches and suppress common proteins
Running tblastn
Making report
amrfinder took 26 seconds to complete
    OK
[214/1312] GCF_058067225.1
Running: amrfinder -n /home/bacte/bacillus_amr/01_genomes/ncbi_dataset/ncbi_dataset/data/GCF_058067225.1/GCF_058067225.1_ASM5806722v1_genomic.fna --plus -o /home/bacte/bacillus_amr/05_amr/amrfinder_raw/GCF_058067225.1.tsv
Software directory: /home/bacte/miniconda3/envs/amrfinder_env/bin/
Software version: 4.2.7
Database directory: /home/bacte/miniconda3/envs/amrfinder_env/share/amrfinderplus/data/2026-08-07.1
Database version: 2026-08-07.1
AMRFinder translated nucleotide search
  - include -O ORGANISM, --organism ORGANISM option to add mutation searches and suppress common proteins
Running tblastn
Making report
amrfinder took 160 seconds to complete
    OK
[215/1312] GCF_059078195.1
Running: amrfinder -n /home/bacte/bacillus_amr/01_genomes/ncbi_dataset/ncbi_dataset/data/GCF_059078195.1/GCF_059078195.1_ASM5907819v1_genomic.fna --plus -o /home/bacte/bacillus_amr/05_amr/amrfinder_raw/GCF_059078195.1.tsv
Software directory: /home/bacte/miniconda3/envs/amrfinder_env/bin/
Software version: 4.2.7
Database directory: /home/bacte/miniconda3/envs/amrfinder_env/share/amrfinderplus/data/2026-08-07.1
Database version: 2026-08-07.1
AMRFinder translated nucleotide search
  - include -O ORGANISM, --organism ORGANISM option to add mutation searches and suppress common proteins
Running tblastn
Making report
amrfinder took 15 seconds to complete
    OK
[216/1312] GCF_059740395.1
Running: amrfinder -n /home/bacte/bacillus_amr/01_genomes/ncbi_dataset/ncbi_dataset/data/GCF_059740395.1/GCF_059740395.1_ASM5974039v1_genomic.fna --plus -o /home/bacte/bacillus_amr/05_amr/amrfinder_raw/GCF_059740395.1.tsv
Software directory: /home/bacte/miniconda3/envs/amrfinder_env/bin/
Software version: 4.2.7
Database directory: /home/bacte/miniconda3/envs/amrfinder_env/share/amrfinderplus/data/2026-08-07.1
Database version: 2026-08-07.1
AMRFinder translated nucleotide search
  - include -O ORGANISM, --organism ORGANISM option to add mutation searches and suppress common proteins
Running tblastn
Making report
amrfinder took 193 seconds to complete
    OK
[217/1312] GCF_059814295.1
Running: amrfinder -n /home/bacte/bacillus_amr/01_genomes/ncbi_dataset/ncbi_dataset/data/GCF_059814295.1/GCF_059814295.1_ASM5981429v1_genomic.fna --plus -o /home/bacte/bacillus_amr/05_amr/amrfinder_raw/GCF_059814295.1.tsv
Software directory: /home/bacte/miniconda3/envs/amrfinder_env/bin/
Software version: 4.2.7
Database directory: /home/bacte/miniconda3/envs/amrfinder_env/share/amrfinderplus/data/2026-08-07.1
Database version: 2026-08-07.1
AMRFinder translated nucleotide search
  - include -O ORGANISM, --organism ORGANISM option to add mutation searches and suppress common proteins
Running tblastn
Making report
amrfinder took 20 seconds to complete
    OK
[218/1312] GCF_059814395.1
Running: amrfinder -n /home/bacte/bacillus_amr/01_genomes/ncbi_dataset/ncbi_dataset/data/GCF_059814395.1/GCF_059814395.1_ASM5981439v1_genomic.fna --plus -o /home/bacte/bacillus_amr/05_amr/amrfinder_raw/GCF_059814395.1.tsv
Software directory: /home/bacte/miniconda3/envs/amrfinder_env/bin/
Software version: 4.2.7
Database directory: /home/bacte/miniconda3/envs/amrfinder_env/share/amrfinderplus/data/2026-08-07.1
Database version: 2026-08-07.1
AMRFinder translated nucleotide search
  - include -O ORGANISM, --organism ORGANISM option to add mutation searches and suppress common proteins
Running tblastn
Making report
amrfinder took 27 seconds to complete
    OK
[219/1312] GCF_059975615.1
Running: amrfinder -n /home/bacte/bacillus_amr/01_genomes/ncbi_dataset/ncbi_dataset/data/GCF_059975615.1/GCF_059975615.1_ASM5997561v1_genomic.fna --plus -o /home/bacte/bacillus_amr/05_amr/amrfinder_raw/GCF_059975615.1.tsv
Software directory: /home/bacte/miniconda3/envs/amrfinder_env/bin/
Software version: 4.2.7
Database directory: /home/bacte/miniconda3/envs/amrfinder_env/share/amrfinderplus/data/2026-08-07.1
Database version: 2026-08-07.1
AMRFinder translated nucleotide search
  - include -O ORGANISM, --organism ORGANISM option to add mutation searches and suppress common proteins
Running tblastn
Making report
amrfinder took 17 seconds to complete
    OK
[220/1312] GCF_060992135.1
Running: amrfinder -n /home/bacte/bacillus_amr/01_genomes/ncbi_dataset/ncbi_dataset/data/GCF_060992135.1/GCF_060992135.1_ASM6099213v1_genomic.fna --plus -o /home/bacte/bacillus_amr/05_amr/amrfinder_raw/GCF_060992135.1.tsv
Software directory: /home/bacte/miniconda3/envs/amrfinder_env/bin/
Software version: 4.2.7
Database directory: /home/bacte/miniconda3/envs/amrfinder_env/share/amrfinderplus/data/2026-08-07.1
Database version: 2026-08-07.1
AMRFinder translated nucleotide search
  - include -O ORGANISM, --organism ORGANISM option to add mutation searches and suppress common proteins
Running tblastn
Making report
amrfinder took 28 seconds to complete
    OK
[221/1312] GCF_061143345.1
Running: amrfinder -n /home/bacte/bacillus_amr/01_genomes/ncbi_dataset/ncbi_dataset/data/GCF_061143345.1/GCF_061143345.1_ASM6114334v1_genomic.fna --plus -o /home/bacte/bacillus_amr/05_amr/amrfinder_raw/GCF_061143345.1.tsv
Software directory: /home/bacte/miniconda3/envs/amrfinder_env/bin/
Software version: 4.2.7
Database directory: /home/bacte/miniconda3/envs/amrfinder_env/share/amrfinderplus/data/2026-08-07.1
Database version: 2026-08-07.1
AMRFinder translated nucleotide search
  - include -O ORGANISM, --organism ORGANISM option to add mutation searches and suppress common proteins
Running tblastn
Making report
amrfinder took 28 seconds to complete
    OK
[222/1312] GCF_061541925.1
Running: amrfinder -n /home/bacte/bacillus_amr/01_genomes/ncbi_dataset/ncbi_dataset/data/GCF_061541925.1/GCF_061541925.1_ASM61541925v1_genomic.fna --plus -o /home/bacte/bacillus_amr/05_amr/amrfinder_raw/GCF_061541925.1.tsv
Software directory: /home/bacte/miniconda3/envs/amrfinder_env/bin/
Software version: 4.2.7
Database directory: /home/bacte/miniconda3/envs/amrfinder_env/share/amrfinderplus/data/2026-08-07.1
Database version: 2026-08-07.1
AMRFinder translated nucleotide search
  - include -O ORGANISM, --organism ORGANISM option to add mutation searches and suppress common proteins
Running tblastn
Making report
amrfinder took 15 seconds to complete
    OK
[223/1312] GCF_061541955.1
Running: amrfinder -n /home/bacte/bacillus_amr/01_genomes/ncbi_dataset/ncbi_dataset/data/GCF_061541955.1/GCF_061541955.1_ASM61541955v1_genomic.fna --plus -o /home/bacte/bacillus_amr/05_amr/amrfinder_raw/GCF_061541955.1.tsv
Software directory: /home/bacte/miniconda3/envs/amrfinder_env/bin/
Software version: 4.2.7
Database directory: /home/bacte/miniconda3/envs/amrfinder_env/share/amrfinderplus/data/2026-08-07.1
Database version: 2026-08-07.1
AMRFinder translated nucleotide search
  - include -O ORGANISM, --organism ORGANISM option to add mutation searches and suppress common proteins
Running tblastn
Making report
amrfinder took 15 seconds to complete
    OK
[224/1312] GCF_002224345.1
Running: amrfinder -n /home/bacte/bacillus_amr/01_genomes/ncbi_dataset/ncbi_dataset/data/GCF_002224345.1/GCF_002224345.1_ASM222434v1_genomic.fna --plus -o /home/bacte/bacillus_amr/05_amr/amrfinder_raw/GCF_002224345.1.tsv
Software directory: /home/bacte/miniconda3/envs/amrfinder_env/bin/
Software version: 4.2.7
Database directory: /home/bacte/miniconda3/envs/amrfinder_env/share/amrfinderplus/data/2026-08-07.1
Database version: 2026-08-07.1
AMRFinder translated nucleotide search
  - include -O ORGANISM, --organism ORGANISM option to add mutation searches and suppress common proteins
Running tblastn
Making report
amrfinder took 179 seconds to complete
    OK
[225/1312] GCF_006494425.1
Running: amrfinder -n /home/bacte/bacillus_amr/01_genomes/ncbi_dataset/ncbi_dataset/data/GCF_006494425.1/GCF_006494425.1_ASM649442v1_genomic.fna --plus -o /home/bacte/bacillus_amr/05_amr/amrfinder_raw/GCF_006494425.1.tsv
Software directory: /home/bacte/miniconda3/envs/amrfinder_env/bin/
Software version: 4.2.7
Database directory: /home/bacte/miniconda3/envs/amrfinder_env/share/amrfinderplus/data/2026-08-07.1
Database version: 2026-08-07.1
AMRFinder translated nucleotide search
  - include -O ORGANISM, --organism ORGANISM option to add mutation searches and suppress common proteins
Running tblastn
Making report
amrfinder took 40 seconds to complete
    OK
[226/1312] GCF_036289505.1
Running: amrfinder -n /home/bacte/bacillus_amr/01_genomes/ncbi_dataset/ncbi_dataset/data/GCF_036289505.1/GCF_036289505.1_ASM3628950v1_genomic.fna --plus -o /home/bacte/bacillus_amr/05_amr/amrfinder_raw/GCF_036289505.1.tsv
Software directory: /home/bacte/miniconda3/envs/amrfinder_env/bin/
Software version: 4.2.7
Database directory: /home/bacte/miniconda3/envs/amrfinder_env/share/amrfinderplus/data/2026-08-07.1
Database version: 2026-08-07.1
AMRFinder translated nucleotide search
  - include -O ORGANISM, --organism ORGANISM option to add mutation searches and suppress common proteins
Running tblastn
Making report
amrfinder took 10 seconds to complete
    OK
[227/1312] GCF_979925865.1
Running: amrfinder -n /home/bacte/bacillus_amr/01_genomes/ncbi_dataset/ncbi_dataset/data/GCF_979925865.1/GCF_979925865.1_SRL544_genomic.fna --plus -o /home/bacte/bacillus_amr/05_amr/amrfinder_raw/GCF_979925865.1.tsv
Software directory: /home/bacte/miniconda3/envs/amrfinder_env/bin/
Software version: 4.2.7
Database directory: /home/bacte/miniconda3/envs/amrfinder_env/share/amrfinderplus/data/2026-08-07.1
Database version: 2026-08-07.1
AMRFinder translated nucleotide search
  - include -O ORGANISM, --organism ORGANISM option to add mutation searches and suppress common proteins
Running tblastn
Making report
amrfinder took 67 seconds to complete
    OK
[228/1312] GCF_004006435.1
Running: amrfinder -n /home/bacte/bacillus_amr/01_genomes/ncbi_dataset/ncbi_dataset/data/GCF_004006435.1/GCF_004006435.1_ASM400643v1_genomic.fna --plus -o /home/bacte/bacillus_amr/05_amr/amrfinder_raw/GCF_004006435.1.tsv
Software directory: /home/bacte/miniconda3/envs/amrfinder_env/bin/
Software version: 4.2.7
Database directory: /home/bacte/miniconda3/envs/amrfinder_env/share/amrfinderplus/data/2026-08-07.1
Database version: 2026-08-07.1
AMRFinder translated nucleotide search
  - include -O ORGANISM, --organism ORGANISM option to add mutation searches and suppress common proteins
Running tblastn
Making report
amrfinder took 53 seconds to complete
    OK
[229/1312] GCF_002914545.1
Running: amrfinder -n /home/bacte/bacillus_amr/01_genomes/ncbi_dataset/ncbi_dataset/data/GCF_002914545.1/GCF_002914545.1_ASM291454v1_genomic.fna --plus -o /home/bacte/bacillus_amr/05_amr/amrfinder_raw/GCF_002914545.1.tsv
Software directory: /home/bacte/miniconda3/envs/amrfinder_env/bin/
Software version: 4.2.7
Database directory: /home/bacte/miniconda3/envs/amrfinder_env/share/amrfinderplus/data/2026-08-07.1
Database version: 2026-08-07.1
AMRFinder translated nucleotide search
  - include -O ORGANISM, --organism ORGANISM option to add mutation searches and suppress common proteins
Running tblastn
Making report
amrfinder took 11 seconds to complete
    OK
[230/1312] GCF_002993735.1
Running: amrfinder -n /home/bacte/bacillus_amr/01_genomes/ncbi_dataset/ncbi_dataset/data/GCF_002993735.1/GCF_002993735.1_ASM299373v1_genomic.fna --plus -o /home/bacte/bacillus_amr/05_amr/amrfinder_raw/GCF_002993735.1.tsv
Software directory: /home/bacte/miniconda3/envs/amrfinder_env/bin/
Software version: 4.2.7
Database directory: /home/bacte/miniconda3/envs/amrfinder_env/share/amrfinderplus/data/2026-08-07.1
Database version: 2026-08-07.1
AMRFinder translated nucleotide search
  - include -O ORGANISM, --organism ORGANISM option to add mutation searches and suppress common proteins
Running tblastn
Making report
amrfinder took 11 seconds to complete
    OK
[231/1312] GCF_002993745.1
Running: amrfinder -n /home/bacte/bacillus_amr/01_genomes/ncbi_dataset/ncbi_dataset/data/GCF_002993745.1/GCF_002993745.1_ASM299374v1_genomic.fna --plus -o /home/bacte/bacillus_amr/05_amr/amrfinder_raw/GCF_002993745.1.tsv
Software directory: /home/bacte/miniconda3/envs/amrfinder_env/bin/
Software version: 4.2.7
Database directory: /home/bacte/miniconda3/envs/amrfinder_env/share/amrfinderplus/data/2026-08-07.1
Database version: 2026-08-07.1
AMRFinder translated nucleotide search
  - include -O ORGANISM, --organism ORGANISM option to add mutation searches and suppress common proteins
Running tblastn
Making report
amrfinder took 14 seconds to complete
    OK
[232/1312] GCF_002993765.1
Running: amrfinder -n /home/bacte/bacillus_amr/01_genomes/ncbi_dataset/ncbi_dataset/data/GCF_002993765.1/GCF_002993765.1_ASM299376v1_genomic.fna --plus -o /home/bacte/bacillus_amr/05_amr/amrfinder_raw/GCF_002993765.1.tsv
Software directory: /home/bacte/miniconda3/envs/amrfinder_env/bin/
Software version: 4.2.7
Database directory: /home/bacte/miniconda3/envs/amrfinder_env/share/amrfinderplus/data/2026-08-07.1
Database version: 2026-08-07.1
AMRFinder translated nucleotide search
  - include -O ORGANISM, --organism ORGANISM option to add mutation searches and suppress common proteins
Running tblastn
Making report
amrfinder took 12 seconds to complete
    OK
[233/1312] GCF_013347105.1
Running: amrfinder -n /home/bacte/bacillus_amr/01_genomes/ncbi_dataset/ncbi_dataset/data/GCF_013347105.1/GCF_013347105.1_ASM1334710v1_genomic.fna --plus -o /home/bacte/bacillus_amr/05_amr/amrfinder_raw/GCF_013347105.1.tsv
Software directory: /home/bacte/miniconda3/envs/amrfinder_env/bin/
Software version: 4.2.7
Database directory: /home/bacte/miniconda3/envs/amrfinder_env/share/amrfinderplus/data/2026-08-07.1
Database version: 2026-08-07.1
AMRFinder translated nucleotide search
  - include -O ORGANISM, --organism ORGANISM option to add mutation searches and suppress common proteins
Running tblastn
Making report
amrfinder took 52 seconds to complete
    OK
[234/1312] GCF_016767255.1
Running: amrfinder -n /home/bacte/bacillus_amr/01_genomes/ncbi_dataset/ncbi_dataset/data/GCF_016767255.1/GCF_016767255.1_ASM1676725v1_genomic.fna --plus -o /home/bacte/bacillus_amr/05_amr/amrfinder_raw/GCF_016767255.1.tsv
Software directory: /home/bacte/miniconda3/envs/amrfinder_env/bin/
Software version: 4.2.7
Database directory: /home/bacte/miniconda3/envs/amrfinder_env/share/amrfinderplus/data/2026-08-07.1
Database version: 2026-08-07.1
AMRFinder translated nucleotide search
  - include -O ORGANISM, --organism ORGANISM option to add mutation searches and suppress common proteins
Running tblastn
Making report
amrfinder took 25 seconds to complete
    OK
[235/1312] GCF_016767285.1
Running: amrfinder -n /home/bacte/bacillus_amr/01_genomes/ncbi_dataset/ncbi_dataset/data/GCF_016767285.1/GCF_016767285.1_ASM1676728v1_genomic.fna --plus -o /home/bacte/bacillus_amr/05_amr/amrfinder_raw/GCF_016767285.1.tsv
Software directory: /home/bacte/miniconda3/envs/amrfinder_env/bin/
Software version: 4.2.7
Database directory: /home/bacte/miniconda3/envs/amrfinder_env/share/amrfinderplus/data/2026-08-07.1
Database version: 2026-08-07.1
AMRFinder translated nucleotide search
  - include -O ORGANISM, --organism ORGANISM option to add mutation searches and suppress common proteins
Running tblastn
Making report
amrfinder took 22 seconds to complete
    OK
[236/1312] GCF_016767295.1
Running: amrfinder -n /home/bacte/bacillus_amr/01_genomes/ncbi_dataset/ncbi_dataset/data/GCF_016767295.1/GCF_016767295.1_ASM1676729v1_genomic.fna --plus -o /home/bacte/bacillus_amr/05_amr/amrfinder_raw/GCF_016767295.1.tsv
Software directory: /home/bacte/miniconda3/envs/amrfinder_env/bin/
Software version: 4.2.7
Database directory: /home/bacte/miniconda3/envs/amrfinder_env/share/amrfinderplus/data/2026-08-07.1
Database version: 2026-08-07.1
AMRFinder translated nucleotide search
  - include -O ORGANISM, --organism ORGANISM option to add mutation searches and suppress common proteins
Running tblastn
Making report
amrfinder took 19 seconds to complete
    OK
[237/1312] GCF_016767335.1
Running: amrfinder -n /home/bacte/bacillus_amr/01_genomes/ncbi_dataset/ncbi_dataset/data/GCF_016767335.1/GCF_016767335.1_ASM1676733v1_genomic.fna --plus -o /home/bacte/bacillus_amr/05_amr/amrfinder_raw/GCF_016767335.1.tsv
Software directory: /home/bacte/miniconda3/envs/amrfinder_env/bin/
Software version: 4.2.7
Database directory: /home/bacte/miniconda3/envs/amrfinder_env/share/amrfinderplus/data/2026-08-07.1
Database version: 2026-08-07.1
AMRFinder translated nucleotide search
  - include -O ORGANISM, --organism ORGANISM option to add mutation searches and suppress common proteins
Running tblastn
Making report
amrfinder took 15 seconds to complete
    OK
[238/1312] GCF_018729275.1
Running: amrfinder -n /home/bacte/bacillus_amr/01_genomes/ncbi_dataset/ncbi_dataset/data/GCF_018729275.1/GCF_018729275.1_ASM1872927v1_genomic.fna --plus -o /home/bacte/bacillus_amr/05_amr/amrfinder_raw/GCF_018729275.1.tsv
Software directory: /home/bacte/miniconda3/envs/amrfinder_env/bin/
Software version: 4.2.7
Database directory: /home/bacte/miniconda3/envs/amrfinder_env/share/amrfinderplus/data/2026-08-07.1
Database version: 2026-08-07.1
AMRFinder translated nucleotide search
  - include -O ORGANISM, --organism ORGANISM option to add mutation searches and suppress common proteins
Running tblastn
Making report
amrfinder took 25 seconds to complete
    OK
[239/1312] GCF_019149305.1
Running: amrfinder -n /home/bacte/bacillus_amr/01_genomes/ncbi_dataset/ncbi_dataset/data/GCF_019149305.1/GCF_019149305.1_ASM1914930v1_genomic.fna --plus -o /home/bacte/bacillus_amr/05_amr/amrfinder_raw/GCF_019149305.1.tsv
Software directory: /home/bacte/miniconda3/envs/amrfinder_env/bin/
Software version: 4.2.7
Database directory: /home/bacte/miniconda3/envs/amrfinder_env/share/amrfinderplus/data/2026-08-07.1
Database version: 2026-08-07.1
AMRFinder translated nucleotide search
  - include -O ORGANISM, --organism ORGANISM option to add mutation searches and suppress common proteins
Running tblastn
Making report
amrfinder took 15 seconds to complete
    OK
[240/1312] GCF_020682985.1
Running: amrfinder -n /home/bacte/bacillus_amr/01_genomes/ncbi_dataset/ncbi_dataset/data/GCF_020682985.1/GCF_020682985.1_ASM2068298v1_genomic.fna --plus -o /home/bacte/bacillus_amr/05_amr/amrfinder_raw/GCF_020682985.1.tsv
Software directory: /home/bacte/miniconda3/envs/amrfinder_env/bin/
Software version: 4.2.7
Database directory: /home/bacte/miniconda3/envs/amrfinder_env/share/amrfinderplus/data/2026-08-07.1
Database version: 2026-08-07.1
AMRFinder translated nucleotide search
  - include -O ORGANISM, --organism ORGANISM option to add mutation searches and suppress common proteins
Running tblastn
Making report
amrfinder took 14 seconds to complete
    OK
[241/1312] GCF_020685165.1
Running: amrfinder -n /home/bacte/bacillus_amr/01_genomes/ncbi_dataset/ncbi_dataset/data/GCF_020685165.1/GCF_020685165.1_ASM2068516v1_genomic.fna --plus -o /home/bacte/bacillus_amr/05_amr/amrfinder_raw/GCF_020685165.1.tsv
Software directory: /home/bacte/miniconda3/envs/amrfinder_env/bin/
Software version: 4.2.7
Database directory: /home/bacte/miniconda3/envs/amrfinder_env/share/amrfinderplus/data/2026-08-07.1
Database version: 2026-08-07.1
AMRFinder translated nucleotide search
  - include -O ORGANISM, --organism ORGANISM option to add mutation searches and suppress common proteins
Running tblastn
Making report
amrfinder took 14 seconds to complete
    OK
[242/1312] GCF_024266645.1
Running: amrfinder -n /home/bacte/bacillus_amr/01_genomes/ncbi_dataset/ncbi_dataset/data/GCF_024266645.1/GCF_024266645.1_ASM2426664v1_genomic.fna --plus -o /home/bacte/bacillus_amr/05_amr/amrfinder_raw/GCF_024266645.1.tsv
Software directory: /home/bacte/miniconda3/envs/amrfinder_env/bin/
Software version: 4.2.7
Database directory: /home/bacte/miniconda3/envs/amrfinder_env/share/amrfinderplus/data/2026-08-07.1
Database version: 2026-08-07.1
AMRFinder translated nucleotide search
  - include -O ORGANISM, --organism ORGANISM option to add mutation searches and suppress common proteins
Running tblastn
Making report
amrfinder took 53 seconds to complete
    OK
[243/1312] GCF_024706235.1
Running: amrfinder -n /home/bacte/bacillus_amr/01_genomes/ncbi_dataset/ncbi_dataset/data/GCF_024706235.1/GCF_024706235.1_ASM2470623v1_genomic.fna --plus -o /home/bacte/bacillus_amr/05_amr/amrfinder_raw/GCF_024706235.1.tsv
Software directory: /home/bacte/miniconda3/envs/amrfinder_env/bin/
Software version: 4.2.7
Database directory: /home/bacte/miniconda3/envs/amrfinder_env/share/amrfinderplus/data/2026-08-07.1
Database version: 2026-08-07.1
AMRFinder translated nucleotide search
  - include -O ORGANISM, --organism ORGANISM option to add mutation searches and suppress common proteins
Running tblastn
Making report
amrfinder took 9 seconds to complete
    OK
[244/1312] GCF_026967595.1
Running: amrfinder -n /home/bacte/bacillus_amr/01_genomes/ncbi_dataset/ncbi_dataset/data/GCF_026967595.1/GCF_026967595.1_ASM2696759v1_genomic.fna --plus -o /home/bacte/bacillus_amr/05_amr/amrfinder_raw/GCF_026967595.1.tsv
Software directory: /home/bacte/miniconda3/envs/amrfinder_env/bin/
Software version: 4.2.7
Database directory: /home/bacte/miniconda3/envs/amrfinder_env/share/amrfinderplus/data/2026-08-07.1
Database version: 2026-08-07.1
AMRFinder translated nucleotide search
  - include -O ORGANISM, --organism ORGANISM option to add mutation searches and suppress common proteins
Running tblastn
Making report
amrfinder took 51 seconds to complete
    OK
[245/1312] GCF_030123205.1
Running: amrfinder -n /home/bacte/bacillus_amr/01_genomes/ncbi_dataset/ncbi_dataset/data/GCF_030123205.1/GCF_030123205.1_ASM3012320v1_genomic.fna --plus -o /home/bacte/bacillus_amr/05_amr/amrfinder_raw/GCF_030123205.1.tsv
Software directory: /home/bacte/miniconda3/envs/amrfinder_env/bin/
Software version: 4.2.7
Database directory: /home/bacte/miniconda3/envs/amrfinder_env/share/amrfinderplus/data/2026-08-07.1
Database version: 2026-08-07.1
AMRFinder translated nucleotide search
  - include -O ORGANISM, --organism ORGANISM option to add mutation searches and suppress common proteins
Running tblastn
Making report
amrfinder took 50 seconds to complete
    OK
[246/1312] GCF_030292055.1
Running: amrfinder -n /home/bacte/bacillus_amr/01_genomes/ncbi_dataset/ncbi_dataset/data/GCF_030292055.1/GCF_030292055.1_ASM3029205v1_genomic.fna --plus -o /home/bacte/bacillus_amr/05_amr/amrfinder_raw/GCF_030292055.1.tsv
Software directory: /home/bacte/miniconda3/envs/amrfinder_env/bin/
Software version: 4.2.7
Database directory: /home/bacte/miniconda3/envs/amrfinder_env/share/amrfinderplus/data/2026-08-07.1
Database version: 2026-08-07.1
AMRFinder translated nucleotide search
  - include -O ORGANISM, --organism ORGANISM option to add mutation searches and suppress common proteins
Running tblastn
Making report
amrfinder took 51 seconds to complete
    OK
[247/1312] GCF_031001775.1
Running: amrfinder -n /home/bacte/bacillus_amr/01_genomes/ncbi_dataset/ncbi_dataset/data/GCF_031001775.1/GCF_031001775.1_ASM3100177v1_genomic.fna --plus -o /home/bacte/bacillus_amr/05_amr/amrfinder_raw/GCF_031001775.1.tsv
Software directory: /home/bacte/miniconda3/envs/amrfinder_env/bin/
Software version: 4.2.7
Database directory: /home/bacte/miniconda3/envs/amrfinder_env/share/amrfinderplus/data/2026-08-07.1
Database version: 2026-08-07.1
AMRFinder translated nucleotide search
  - include -O ORGANISM, --organism ORGANISM option to add mutation searches and suppress common proteins
Running tblastn
Making report
amrfinder took 20 seconds to complete
    OK
[248/1312] GCF_032763365.1
Running: amrfinder -n /home/bacte/bacillus_amr/01_genomes/ncbi_dataset/ncbi_dataset/data/GCF_032763365.1/GCF_032763365.1_ASM3276336v1_genomic.fna --plus -o /home/bacte/bacillus_amr/05_amr/amrfinder_raw/GCF_032763365.1.tsv
Software directory: /home/bacte/miniconda3/envs/amrfinder_env/bin/
Software version: 4.2.7
Database directory: /home/bacte/miniconda3/envs/amrfinder_env/share/amrfinderplus/data/2026-08-07.1
Database version: 2026-08-07.1
AMRFinder translated nucleotide search
  - include -O ORGANISM, --organism ORGANISM option to add mutation searches and suppress common proteins
Running tblastn
Making report
amrfinder took 52 seconds to complete
    OK
[249/1312] GCF_040256795.1
Running: amrfinder -n /home/bacte/bacillus_amr/01_genomes/ncbi_dataset/ncbi_dataset/data/GCF_040256795.1/GCF_040256795.1_ASM4025679v1_genomic.fna --plus -o /home/bacte/bacillus_amr/05_amr/amrfinder_raw/GCF_040256795.1.tsv
Software directory: /home/bacte/miniconda3/envs/amrfinder_env/bin/
Software version: 4.2.7
Database directory: /home/bacte/miniconda3/envs/amrfinder_env/share/amrfinderplus/data/2026-08-07.1
Database version: 2026-08-07.1
AMRFinder translated nucleotide search
  - include -O ORGANISM, --organism ORGANISM option to add mutation searches and suppress common proteins
Running tblastn
Making report
amrfinder took 48 seconds to complete
    OK
[250/1312] GCF_041222785.1
Running: amrfinder -n /home/bacte/bacillus_amr/01_genomes/ncbi_dataset/ncbi_dataset/data/GCF_041222785.1/GCF_041222785.1_ASM4122278v1_genomic.fna --plus -o /home/bacte/bacillus_amr/05_amr/amrfinder_raw/GCF_041222785.1.tsv
Software directory: /home/bacte/miniconda3/envs/amrfinder_env/bin/
Software version: 4.2.7
Database directory: /home/bacte/miniconda3/envs/amrfinder_env/share/amrfinderplus/data/2026-08-07.1
Database version: 2026-08-07.1
AMRFinder translated nucleotide search
  - include -O ORGANISM, --organism ORGANISM option to add mutation searches and suppress common proteins
Running tblastn
Making report
amrfinder took 52 seconds to complete
    OK
[251/1312] GCF_044628115.1
Running: amrfinder -n /home/bacte/bacillus_amr/01_genomes/ncbi_dataset/ncbi_dataset/data/GCF_044628115.1/GCF_044628115.1_ASM4462811v1_genomic.fna --plus -o /home/bacte/bacillus_amr/05_amr/amrfinder_raw/GCF_044628115.1.tsv
Software directory: /home/bacte/miniconda3/envs/amrfinder_env/bin/
Software version: 4.2.7
Database directory: /home/bacte/miniconda3/envs/amrfinder_env/share/amrfinderplus/data/2026-08-07.1
Database version: 2026-08-07.1
AMRFinder translated nucleotide search
  - include -O ORGANISM, --organism ORGANISM option to add mutation searches and suppress common proteins
Running tblastn
Making report
amrfinder took 53 seconds to complete
    OK
[252/1312] GCF_044901705.1
Running: amrfinder -n /home/bacte/bacillus_amr/01_genomes/ncbi_dataset/ncbi_dataset/data/GCF_044901705.1/GCF_044901705.1_ASM4490170v1_genomic.fna --plus -o /home/bacte/bacillus_amr/05_amr/amrfinder_raw/GCF_044901705.1.tsv
Software directory: /home/bacte/miniconda3/envs/amrfinder_env/bin/
Software version: 4.2.7
Database directory: /home/bacte/miniconda3/envs/amrfinder_env/share/amrfinderplus/data/2026-08-07.1
Database version: 2026-08-07.1
AMRFinder translated nucleotide search
  - include -O ORGANISM, --organism ORGANISM option to add mutation searches and suppress common proteins
Running tblastn
Making report
amrfinder took 11 seconds to complete
    OK
[253/1312] GCF_052585365.1
Running: amrfinder -n /home/bacte/bacillus_amr/01_genomes/ncbi_dataset/ncbi_dataset/data/GCF_052585365.1/GCF_052585365.1_ASM5258536v1_genomic.fna --plus -o /home/bacte/bacillus_amr/05_amr/amrfinder_raw/GCF_052585365.1.tsv
Software directory: /home/bacte/miniconda3/envs/amrfinder_env/bin/
Software version: 4.2.7
Database directory: /home/bacte/miniconda3/envs/amrfinder_env/share/amrfinderplus/data/2026-08-07.1
Database version: 2026-08-07.1
AMRFinder translated nucleotide search
  - include -O ORGANISM, --organism ORGANISM option to add mutation searches and suppress common proteins
Running tblastn
Making report
amrfinder took 25 seconds to complete
    OK
[254/1312] GCF_052585385.1
Running: amrfinder -n /home/bacte/bacillus_amr/01_genomes/ncbi_dataset/ncbi_dataset/data/GCF_052585385.1/GCF_052585385.1_ASM5258538v1_genomic.fna --plus -o /home/bacte/bacillus_amr/05_amr/amrfinder_raw/GCF_052585385.1.tsv
Software directory: /home/bacte/miniconda3/envs/amrfinder_env/bin/
Software version: 4.2.7
Database directory: /home/bacte/miniconda3/envs/amrfinder_env/share/amrfinderplus/data/2026-08-07.1
Database version: 2026-08-07.1
AMRFinder translated nucleotide search
  - include -O ORGANISM, --organism ORGANISM option to add mutation searches and suppress common proteins
Running tblastn
Making report
amrfinder took 25 seconds to complete
    OK
[255/1312] GCF_052693045.1
Running: amrfinder -n /home/bacte/bacillus_amr/01_genomes/ncbi_dataset/ncbi_dataset/data/GCF_052693045.1/GCF_052693045.1_ASM5269304v1_genomic.fna --plus -o /home/bacte/bacillus_amr/05_amr/amrfinder_raw/GCF_052693045.1.tsv
Software directory: /home/bacte/miniconda3/envs/amrfinder_env/bin/
Software version: 4.2.7
Database directory: /home/bacte/miniconda3/envs/amrfinder_env/share/amrfinderplus/data/2026-08-07.1
Database version: 2026-08-07.1
AMRFinder translated nucleotide search
  - include -O ORGANISM, --organism ORGANISM option to add mutation searches and suppress common proteins
Running tblastn
Making report
amrfinder took 11 seconds to complete
    OK
[256/1312] GCF_053570985.1
Running: amrfinder -n /home/bacte/bacillus_amr/01_genomes/ncbi_dataset/ncbi_dataset/data/GCF_053570985.1/GCF_053570985.1_ASM5357098v1_genomic.fna --plus -o /home/bacte/bacillus_amr/05_amr/amrfinder_raw/GCF_053570985.1.tsv
Software directory: /home/bacte/miniconda3/envs/amrfinder_env/bin/
Software version: 4.2.7
Database directory: /home/bacte/miniconda3/envs/amrfinder_env/share/amrfinderplus/data/2026-08-07.1
Database version: 2026-08-07.1
AMRFinder translated nucleotide search
  - include -O ORGANISM, --organism ORGANISM option to add mutation searches and suppress common proteins
Running tblastn
Making report
amrfinder took 11 seconds to complete
    OK
[257/1312] GCF_056519215.1
Running: amrfinder -n /home/bacte/bacillus_amr/01_genomes/ncbi_dataset/ncbi_dataset/data/GCF_056519215.1/GCF_056519215.1_ASM5651921v1_genomic.fna --plus -o /home/bacte/bacillus_amr/05_amr/amrfinder_raw/GCF_056519215.1.tsv
Software directory: /home/bacte/miniconda3/envs/amrfinder_env/bin/
Software version: 4.2.7
Database directory: /home/bacte/miniconda3/envs/amrfinder_env/share/amrfinderplus/data/2026-08-07.1
Database version: 2026-08-07.1
AMRFinder translated nucleotide search
  - include -O ORGANISM, --organism ORGANISM option to add mutation searches and suppress common proteins
Running tblastn
Making report
amrfinder took 72 seconds to complete
    OK
[258/1312] GCF_057334235.1
Running: amrfinder -n /home/bacte/bacillus_amr/01_genomes/ncbi_dataset/ncbi_dataset/data/GCF_057334235.1/GCF_057334235.1_ASM5733423v1_genomic.fna --plus -o /home/bacte/bacillus_amr/05_amr/amrfinder_raw/GCF_057334235.1.tsv
Software directory: /home/bacte/miniconda3/envs/amrfinder_env/bin/
Software version: 4.2.7
Database directory: /home/bacte/miniconda3/envs/amrfinder_env/share/amrfinderplus/data/2026-08-07.1
Database version: 2026-08-07.1
AMRFinder translated nucleotide search
  - include -O ORGANISM, --organism ORGANISM option to add mutation searches and suppress common proteins
Running tblastn
Making report
amrfinder took 10 seconds to complete
    OK
[259/1312] GCF_057334495.1
Running: amrfinder -n /home/bacte/bacillus_amr/01_genomes/ncbi_dataset/ncbi_dataset/data/GCF_057334495.1/GCF_057334495.1_ASM5733449v1_genomic.fna --plus -o /home/bacte/bacillus_amr/05_amr/amrfinder_raw/GCF_057334495.1.tsv
Software directory: /home/bacte/miniconda3/envs/amrfinder_env/bin/
Software version: 4.2.7
Database directory: /home/bacte/miniconda3/envs/amrfinder_env/share/amrfinderplus/data/2026-08-07.1
Database version: 2026-08-07.1
AMRFinder translated nucleotide search
  - include -O ORGANISM, --organism ORGANISM option to add mutation searches and suppress common proteins
Running tblastn
Making report
amrfinder took 14 seconds to complete
    OK
[260/1312] GCF_057334575.1
Running: amrfinder -n /home/bacte/bacillus_amr/01_genomes/ncbi_dataset/ncbi_dataset/data/GCF_057334575.1/GCF_057334575.1_ASM5733457v1_genomic.fna --plus -o /home/bacte/bacillus_amr/05_amr/amrfinder_raw/GCF_057334575.1.tsv
Software directory: /home/bacte/miniconda3/envs/amrfinder_env/bin/
Software version: 4.2.7
Database directory: /home/bacte/miniconda3/envs/amrfinder_env/share/amrfinderplus/data/2026-08-07.1
Database version: 2026-08-07.1
AMRFinder translated nucleotide search
  - include -O ORGANISM, --organism ORGANISM option to add mutation searches and suppress common proteins
Running tblastn
Making report
amrfinder took 11 seconds to complete
    OK
[261/1312] GCF_058091895.1
Running: amrfinder -n /home/bacte/bacillus_amr/01_genomes/ncbi_dataset/ncbi_dataset/data/GCF_058091895.1/GCF_058091895.1_ASM5809189v1_genomic.fna --plus -o /home/bacte/bacillus_amr/05_amr/amrfinder_raw/GCF_058091895.1.tsv
Software directory: /home/bacte/miniconda3/envs/amrfinder_env/bin/
Software version: 4.2.7
Database directory: /home/bacte/miniconda3/envs/amrfinder_env/share/amrfinderplus/data/2026-08-07.1
Database version: 2026-08-07.1
AMRFinder translated nucleotide search
  - include -O ORGANISM, --organism ORGANISM option to add mutation searches and suppress common proteins
Running tblastn
Making report
amrfinder took 11 seconds to complete
    OK
[262/1312] GCF_058932585.1
Running: amrfinder -n /home/bacte/bacillus_amr/01_genomes/ncbi_dataset/ncbi_dataset/data/GCF_058932585.1/GCF_058932585.1_ASM5893258v1_genomic.fna --plus -o /home/bacte/bacillus_amr/05_amr/amrfinder_raw/GCF_058932585.1.tsv
Software directory: /home/bacte/miniconda3/envs/amrfinder_env/bin/
Software version: 4.2.7
Database directory: /home/bacte/miniconda3/envs/amrfinder_env/share/amrfinderplus/data/2026-08-07.1
Database version: 2026-08-07.1
AMRFinder translated nucleotide search
  - include -O ORGANISM, --organism ORGANISM option to add mutation searches and suppress common proteins
Running tblastn
Making report
amrfinder took 51 seconds to complete
    OK
[263/1312] GCF_059547565.1
Running: amrfinder -n /home/bacte/bacillus_amr/01_genomes/ncbi_dataset/ncbi_dataset/data/GCF_059547565.1/GCF_059547565.1_ASM5954756v1_genomic.fna --plus -o /home/bacte/bacillus_amr/05_amr/amrfinder_raw/GCF_059547565.1.tsv
Software directory: /home/bacte/miniconda3/envs/amrfinder_env/bin/
Software version: 4.2.7
Database directory: /home/bacte/miniconda3/envs/amrfinder_env/share/amrfinderplus/data/2026-08-07.1
Database version: 2026-08-07.1
AMRFinder translated nucleotide search
  - include -O ORGANISM, --organism ORGANISM option to add mutation searches and suppress common proteins
Running tblastn
Making report
amrfinder took 70 seconds to complete
    OK
[264/1312] GCF_059818285.1
Running: amrfinder -n /home/bacte/bacillus_amr/01_genomes/ncbi_dataset/ncbi_dataset/data/GCF_059818285.1/GCF_059818285.1_ASM5981828v1_genomic.fna --plus -o /home/bacte/bacillus_amr/05_amr/amrfinder_raw/GCF_059818285.1.tsv
Software directory: /home/bacte/miniconda3/envs/amrfinder_env/bin/
Software version: 4.2.7
Database directory: /home/bacte/miniconda3/envs/amrfinder_env/share/amrfinderplus/data/2026-08-07.1
Database version: 2026-08-07.1
AMRFinder translated nucleotide search
  - include -O ORGANISM, --organism ORGANISM option to add mutation searches and suppress common proteins
Running tblastn
Making report
amrfinder took 12 seconds to complete
    OK
[265/1312] GCF_059958825.1
Running: amrfinder -n /home/bacte/bacillus_amr/01_genomes/ncbi_dataset/ncbi_dataset/data/GCF_059958825.1/GCF_059958825.1_ASM5995882v1_genomic.fna --plus -o /home/bacte/bacillus_amr/05_amr/amrfinder_raw/GCF_059958825.1.tsv
Software directory: /home/bacte/miniconda3/envs/amrfinder_env/bin/
Software version: 4.2.7
Database directory: /home/bacte/miniconda3/envs/amrfinder_env/share/amrfinderplus/data/2026-08-07.1
Database version: 2026-08-07.1
AMRFinder translated nucleotide search
  - include -O ORGANISM, --organism ORGANISM option to add mutation searches and suppress common proteins
Running tblastn
Making report
amrfinder took 45 seconds to complete
    OK
[266/1312] GCF_019598985.1
Running: amrfinder -n /home/bacte/bacillus_amr/01_genomes/ncbi_dataset/ncbi_dataset/data/GCF_019598985.1/GCF_019598985.1_ASM1959898v1_genomic.fna --plus -o /home/bacte/bacillus_amr/05_amr/amrfinder_raw/GCF_019598985.1.tsv
Software directory: /home/bacte/miniconda3/envs/amrfinder_env/bin/
Software version: 4.2.7
Database directory: /home/bacte/miniconda3/envs/amrfinder_env/share/amrfinderplus/data/2026-08-07.1
Database version: 2026-08-07.1
AMRFinder translated nucleotide search
  - include -O ORGANISM, --organism ORGANISM option to add mutation searches and suppress common proteins
Running tblastn
Making report
amrfinder took 95 seconds to complete
    OK
[267/1312] GCF_047302545.1
Running: amrfinder -n /home/bacte/bacillus_amr/01_genomes/ncbi_dataset/ncbi_dataset/data/GCF_047302545.1/GCF_047302545.1_SY67.1.0_genomic.fna --plus -o /home/bacte/bacillus_amr/05_amr/amrfinder_raw/GCF_047302545.1.tsv
Software directory: /home/bacte/miniconda3/envs/amrfinder_env/bin/
Software version: 4.2.7
Database directory: /home/bacte/miniconda3/envs/amrfinder_env/share/amrfinderplus/data/2026-08-07.1
Database version: 2026-08-07.1
AMRFinder translated nucleotide search
  - include -O ORGANISM, --organism ORGANISM option to add mutation searches and suppress common proteins
Running tblastn
Making report
amrfinder took 71 seconds to complete
    OK
[268/1312] GCF_051487605.1
Running: amrfinder -n /home/bacte/bacillus_amr/01_genomes/ncbi_dataset/ncbi_dataset/data/GCF_051487605.1/GCF_051487605.1_ASM5148760v1_genomic.fna --plus -o /home/bacte/bacillus_amr/05_amr/amrfinder_raw/GCF_051487605.1.tsv
Software directory: /home/bacte/miniconda3/envs/amrfinder_env/bin/
Software version: 4.2.7
Database directory: /home/bacte/miniconda3/envs/amrfinder_env/share/amrfinderplus/data/2026-08-07.1
Database version: 2026-08-07.1
AMRFinder translated nucleotide search
  - include -O ORGANISM, --organism ORGANISM option to add mutation searches and suppress common proteins
Running tblastn
Making report
amrfinder took 14 seconds to complete
    OK
[269/1312] GCF_979912685.1
Running: amrfinder -n /home/bacte/bacillus_amr/01_genomes/ncbi_dataset/ncbi_dataset/data/GCF_979912685.1/GCF_979912685.1_SRL369_genomic.fna --plus -o /home/bacte/bacillus_amr/05_amr/amrfinder_raw/GCF_979912685.1.tsv
Software directory: /home/bacte/miniconda3/envs/amrfinder_env/bin/
Software version: 4.2.7
Database directory: /home/bacte/miniconda3/envs/amrfinder_env/share/amrfinderplus/data/2026-08-07.1
Database version: 2026-08-07.1
AMRFinder translated nucleotide search
  - include -O ORGANISM, --organism ORGANISM option to add mutation searches and suppress common proteins
Running tblastn
Making report
amrfinder took 59 seconds to complete
    OK
[270/1312] GCF_001876545.1
Running: amrfinder -n /home/bacte/bacillus_amr/01_genomes/ncbi_dataset/ncbi_dataset/data/GCF_001876545.1/GCF_001876545.1_ASM187654v1_genomic.fna --plus -o /home/bacte/bacillus_amr/05_amr/amrfinder_raw/GCF_001876545.1.tsv
Software directory: /home/bacte/miniconda3/envs/amrfinder_env/bin/
Software version: 4.2.7
Database directory: /home/bacte/miniconda3/envs/amrfinder_env/share/amrfinderplus/data/2026-08-07.1
Database version: 2026-08-07.1
AMRFinder translated nucleotide search
  - include -O ORGANISM, --organism ORGANISM option to add mutation searches and suppress common proteins
Running tblastn
Making report
amrfinder took 8 seconds to complete
    OK
[271/1312] GCF_001876555.1
Running: amrfinder -n /home/bacte/bacillus_amr/01_genomes/ncbi_dataset/ncbi_dataset/data/GCF_001876555.1/GCF_001876555.1_ASM187655v1_genomic.fna --plus -o /home/bacte/bacillus_amr/05_amr/amrfinder_raw/GCF_001876555.1.tsv
Software directory: /home/bacte/miniconda3/envs/amrfinder_env/bin/
Software version: 4.2.7
Database directory: /home/bacte/miniconda3/envs/amrfinder_env/share/amrfinderplus/data/2026-08-07.1
Database version: 2026-08-07.1
AMRFinder translated nucleotide search
  - include -O ORGANISM, --organism ORGANISM option to add mutation searches and suppress common proteins
Running tblastn
Making report
amrfinder took 10 seconds to complete
    OK
[272/1312] GCF_001876575.1
Running: amrfinder -n /home/bacte/bacillus_amr/01_genomes/ncbi_dataset/ncbi_dataset/data/GCF_001876575.1/GCF_001876575.1_ASM187657v1_genomic.fna --plus -o /home/bacte/bacillus_amr/05_amr/amrfinder_raw/GCF_001876575.1.tsv
Software directory: /home/bacte/miniconda3/envs/amrfinder_env/bin/
Software version: 4.2.7
Database directory: /home/bacte/miniconda3/envs/amrfinder_env/share/amrfinderplus/data/2026-08-07.1
Database version: 2026-08-07.1
AMRFinder translated nucleotide search
  - include -O ORGANISM, --organism ORGANISM option to add mutation searches and suppress common proteins
Running tblastn
Making report
amrfinder took 9 seconds to complete
    OK
[273/1312] GCF_001876655.1
Running: amrfinder -n /home/bacte/bacillus_amr/01_genomes/ncbi_dataset/ncbi_dataset/data/GCF_001876655.1/GCF_001876655.1_ASM187665v1_genomic.fna --plus -o /home/bacte/bacillus_amr/05_amr/amrfinder_raw/GCF_001876655.1.tsv
Software directory: /home/bacte/miniconda3/envs/amrfinder_env/bin/
Software version: 4.2.7
Database directory: /home/bacte/miniconda3/envs/amrfinder_env/share/amrfinderplus/data/2026-08-07.1
Database version: 2026-08-07.1
AMRFinder translated nucleotide search
  - include -O ORGANISM, --organism ORGANISM option to add mutation searches and suppress common proteins
Running tblastn
Making report
amrfinder took 12 seconds to complete
    OK
[274/1312] GCF_020686785.1
Running: amrfinder -n /home/bacte/bacillus_amr/01_genomes/ncbi_dataset/ncbi_dataset/data/GCF_020686785.1/GCF_020686785.1_ASM2068678v1_genomic.fna --plus -o /home/bacte/bacillus_amr/05_amr/amrfinder_raw/GCF_020686785.1.tsv
Software directory: /home/bacte/miniconda3/envs/amrfinder_env/bin/
Software version: 4.2.7
Database directory: /home/bacte/miniconda3/envs/amrfinder_env/share/amrfinderplus/data/2026-08-07.1
Database version: 2026-08-07.1
AMRFinder translated nucleotide search
  - include -O ORGANISM, --organism ORGANISM option to add mutation searches and suppress common proteins
Running tblastn
Making report
amrfinder took 13 seconds to complete
    OK
[275/1312] GCF_020686805.1
Running: amrfinder -n /home/bacte/bacillus_amr/01_genomes/ncbi_dataset/ncbi_dataset/data/GCF_020686805.1/GCF_020686805.1_ASM2068680v1_genomic.fna --plus -o /home/bacte/bacillus_amr/05_amr/amrfinder_raw/GCF_020686805.1.tsv
Software directory: /home/bacte/miniconda3/envs/amrfinder_env/bin/
Software version: 4.2.7
Database directory: /home/bacte/miniconda3/envs/amrfinder_env/share/amrfinderplus/data/2026-08-07.1
Database version: 2026-08-07.1
AMRFinder translated nucleotide search
  - include -O ORGANISM, --organism ORGANISM option to add mutation searches and suppress common proteins
Running tblastn
Making report
amrfinder took 14 seconds to complete
    OK
[276/1312] GCF_020686825.1
Running: amrfinder -n /home/bacte/bacillus_amr/01_genomes/ncbi_dataset/ncbi_dataset/data/GCF_020686825.1/GCF_020686825.1_ASM2068682v1_genomic.fna --plus -o /home/bacte/bacillus_amr/05_amr/amrfinder_raw/GCF_020686825.1.tsv
Software directory: /home/bacte/miniconda3/envs/amrfinder_env/bin/
Software version: 4.2.7
Database directory: /home/bacte/miniconda3/envs/amrfinder_env/share/amrfinderplus/data/2026-08-07.1
Database version: 2026-08-07.1
AMRFinder translated nucleotide search
  - include -O ORGANISM, --organism ORGANISM option to add mutation searches and suppress common proteins
Running tblastn
Making report
amrfinder took 12 seconds to complete
    OK
[277/1312] GCF_020686845.1
Running: amrfinder -n /home/bacte/bacillus_amr/01_genomes/ncbi_dataset/ncbi_dataset/data/GCF_020686845.1/GCF_020686845.1_ASM2068684v1_genomic.fna --plus -o /home/bacte/bacillus_amr/05_amr/amrfinder_raw/GCF_020686845.1.tsv
Software directory: /home/bacte/miniconda3/envs/amrfinder_env/bin/
Software version: 4.2.7
Database directory: /home/bacte/miniconda3/envs/amrfinder_env/share/amrfinderplus/data/2026-08-07.1
Database version: 2026-08-07.1
AMRFinder translated nucleotide search
  - include -O ORGANISM, --organism ORGANISM option to add mutation searches and suppress common proteins
Running tblastn
Making report
amrfinder took 13 seconds to complete
    OK
[278/1312] GCF_029958265.1
Running: amrfinder -n /home/bacte/bacillus_amr/01_genomes/ncbi_dataset/ncbi_dataset/data/GCF_029958265.1/GCF_029958265.1_ASM2995826v1_genomic.fna --plus -o /home/bacte/bacillus_amr/05_amr/amrfinder_raw/GCF_029958265.1.tsv
Software directory: /home/bacte/miniconda3/envs/amrfinder_env/bin/
Software version: 4.2.7
Database directory: /home/bacte/miniconda3/envs/amrfinder_env/share/amrfinderplus/data/2026-08-07.1
Database version: 2026-08-07.1
AMRFinder translated nucleotide search
  - include -O ORGANISM, --organism ORGANISM option to add mutation searches and suppress common proteins
Running tblastn
Making report
amrfinder took 19 seconds to complete
    OK
[279/1312] GCF_030284405.1
Running: amrfinder -n /home/bacte/bacillus_amr/01_genomes/ncbi_dataset/ncbi_dataset/data/GCF_030284405.1/GCF_030284405.1_ASM3028440v1_genomic.fna --plus -o /home/bacte/bacillus_amr/05_amr/amrfinder_raw/GCF_030284405.1.tsv
Software directory: /home/bacte/miniconda3/envs/amrfinder_env/bin/
Software version: 4.2.7
Database directory: /home/bacte/miniconda3/envs/amrfinder_env/share/amrfinderplus/data/2026-08-07.1
Database version: 2026-08-07.1
AMRFinder translated nucleotide search
  - include -O ORGANISM, --organism ORGANISM option to add mutation searches and suppress common proteins
Running tblastn
Making report
amrfinder took 63 seconds to complete
    OK
[280/1312] GCF_046619435.1
Running: amrfinder -n /home/bacte/bacillus_amr/01_genomes/ncbi_dataset/ncbi_dataset/data/GCF_046619435.1/GCF_046619435.1_ASM4661943v1_genomic.fna --plus -o /home/bacte/bacillus_amr/05_amr/amrfinder_raw/GCF_046619435.1.tsv
Software directory: /home/bacte/miniconda3/envs/amrfinder_env/bin/
Software version: 4.2.7
Database directory: /home/bacte/miniconda3/envs/amrfinder_env/share/amrfinderplus/data/2026-08-07.1
Database version: 2026-08-07.1
AMRFinder translated nucleotide search
  - include -O ORGANISM, --organism ORGANISM option to add mutation searches and suppress common proteins
Running tblastn
Making report
amrfinder took 64 seconds to complete
    OK
[281/1312] GCF_046619505.1
Running: amrfinder -n /home/bacte/bacillus_amr/01_genomes/ncbi_dataset/ncbi_dataset/data/GCF_046619505.1/GCF_046619505.1_ASM4661950v1_genomic.fna --plus -o /home/bacte/bacillus_amr/05_amr/amrfinder_raw/GCF_046619505.1.tsv
Software directory: /home/bacte/miniconda3/envs/amrfinder_env/bin/
Software version: 4.2.7
Database directory: /home/bacte/miniconda3/envs/amrfinder_env/share/amrfinderplus/data/2026-08-07.1
Database version: 2026-08-07.1
AMRFinder translated nucleotide search
  - include -O ORGANISM, --organism ORGANISM option to add mutation searches and suppress common proteins
Running tblastn
Making report
amrfinder took 66 seconds to complete
    OK
[282/1312] GCF_049801175.1
Running: amrfinder -n /home/bacte/bacillus_amr/01_genomes/ncbi_dataset/ncbi_dataset/data/GCF_049801175.1/GCF_049801175.1_ASM4980117v1_genomic.fna --plus -o /home/bacte/bacillus_amr/05_amr/amrfinder_raw/GCF_049801175.1.tsv
Software directory: /home/bacte/miniconda3/envs/amrfinder_env/bin/
Software version: 4.2.7
Database directory: /home/bacte/miniconda3/envs/amrfinder_env/share/amrfinderplus/data/2026-08-07.1
Database version: 2026-08-07.1
AMRFinder translated nucleotide search
  - include -O ORGANISM, --organism ORGANISM option to add mutation searches and suppress common proteins
Running tblastn
Making report
amrfinder took 22 seconds to complete
    OK
[283/1312] GCF_049990405.1
Running: amrfinder -n /home/bacte/bacillus_amr/01_genomes/ncbi_dataset/ncbi_dataset/data/GCF_049990405.1/GCF_049990405.1_ASM4999040v1_genomic.fna --plus -o /home/bacte/bacillus_amr/05_amr/amrfinder_raw/GCF_049990405.1.tsv
Software directory: /home/bacte/miniconda3/envs/amrfinder_env/bin/
Software version: 4.2.7
Database directory: /home/bacte/miniconda3/envs/amrfinder_env/share/amrfinderplus/data/2026-08-07.1
Database version: 2026-08-07.1
AMRFinder translated nucleotide search
  - include -O ORGANISM, --organism ORGANISM option to add mutation searches and suppress common proteins
Running tblastn
Making report
amrfinder took 63 seconds to complete
    OK
[284/1312] GCF_051810305.1
Running: amrfinder -n /home/bacte/bacillus_amr/01_genomes/ncbi_dataset/ncbi_dataset/data/GCF_051810305.1/GCF_051810305.1_ASM5181030v1_genomic.fna --plus -o /home/bacte/bacillus_amr/05_amr/amrfinder_raw/GCF_051810305.1.tsv
Software directory: /home/bacte/miniconda3/envs/amrfinder_env/bin/
Software version: 4.2.7
Database directory: /home/bacte/miniconda3/envs/amrfinder_env/share/amrfinderplus/data/2026-08-07.1
Database version: 2026-08-07.1
AMRFinder translated nucleotide search
  - include -O ORGANISM, --organism ORGANISM option to add mutation searches and suppress common proteins
Running tblastn
Making report
amrfinder took 15 seconds to complete
    OK
[285/1312] GCF_054182705.1
Running: amrfinder -n /home/bacte/bacillus_amr/01_genomes/ncbi_dataset/ncbi_dataset/data/GCF_054182705.1/GCF_054182705.1_ASM5418270v1_genomic.fna --plus -o /home/bacte/bacillus_amr/05_amr/amrfinder_raw/GCF_054182705.1.tsv
Software directory: /home/bacte/miniconda3/envs/amrfinder_env/bin/
Software version: 4.2.7
Database directory: /home/bacte/miniconda3/envs/amrfinder_env/share/amrfinderplus/data/2026-08-07.1
Database version: 2026-08-07.1
AMRFinder translated nucleotide search
  - include -O ORGANISM, --organism ORGANISM option to add mutation searches and suppress common proteins
Running tblastn
Making report
amrfinder took 65 seconds to complete
    OK
[286/1312] GCF_060484235.1
Running: amrfinder -n /home/bacte/bacillus_amr/01_genomes/ncbi_dataset/ncbi_dataset/data/GCF_060484235.1/GCF_060484235.1_ASM6048423v1_genomic.fna --plus -o /home/bacte/bacillus_amr/05_amr/amrfinder_raw/GCF_060484235.1.tsv
Software directory: /home/bacte/miniconda3/envs/amrfinder_env/bin/
Software version: 4.2.7
Database directory: /home/bacte/miniconda3/envs/amrfinder_env/share/amrfinderplus/data/2026-08-07.1
Database version: 2026-08-07.1
AMRFinder translated nucleotide search
  - include -O ORGANISM, --organism ORGANISM option to add mutation searches and suppress common proteins
Running tblastn
Making report
amrfinder took 61 seconds to complete
    OK
[287/1312] GCF_061208445.1
Running: amrfinder -n /home/bacte/bacillus_amr/01_genomes/ncbi_dataset/ncbi_dataset/data/GCF_061208445.1/GCF_061208445.1_ASM6120844v1_genomic.fna --plus -o /home/bacte/bacillus_amr/05_amr/amrfinder_raw/GCF_061208445.1.tsv
Software directory: /home/bacte/miniconda3/envs/amrfinder_env/bin/
Software version: 4.2.7
Database directory: /home/bacte/miniconda3/envs/amrfinder_env/share/amrfinderplus/data/2026-08-07.1
Database version: 2026-08-07.1
AMRFinder translated nucleotide search
  - include -O ORGANISM, --organism ORGANISM option to add mutation searches and suppress common proteins
Running tblastn
Making report
amrfinder took 22 seconds to complete
    OK
[288/1312] GCF_903970875.1
Running: amrfinder -n /home/bacte/bacillus_amr/01_genomes/ncbi_dataset/ncbi_dataset/data/GCF_903970875.1/GCF_903970875.1_ASM90397087v1_genomic.fna --plus -o /home/bacte/bacillus_amr/05_amr/amrfinder_raw/GCF_903970875.1.tsv
Software directory: /home/bacte/miniconda3/envs/amrfinder_env/bin/
Software version: 4.2.7
Database directory: /home/bacte/miniconda3/envs/amrfinder_env/share/amrfinderplus/data/2026-08-07.1
Database version: 2026-08-07.1
AMRFinder translated nucleotide search
  - include -O ORGANISM, --organism ORGANISM option to add mutation searches and suppress common proteins
Running tblastn
Making report
amrfinder took 12 seconds to complete
    OK
[289/1312] GCF_949767885.1
Running: amrfinder -n /home/bacte/bacillus_amr/01_genomes/ncbi_dataset/ncbi_dataset/data/GCF_949767885.1/GCF_949767885.1_IT-74MI3_genomic.fna --plus -o /home/bacte/bacillus_amr/05_amr/amrfinder_raw/GCF_949767885.1.tsv
Software directory: /home/bacte/miniconda3/envs/amrfinder_env/bin/
Software version: 4.2.7
Database directory: /home/bacte/miniconda3/envs/amrfinder_env/share/amrfinderplus/data/2026-08-07.1
Database version: 2026-08-07.1
AMRFinder translated nucleotide search
  - include -O ORGANISM, --organism ORGANISM option to add mutation searches and suppress common proteins
Running tblastn
Making report
amrfinder took 24 seconds to complete
    OK
[290/1312] GCF_050445615.1
Running: amrfinder -n /home/bacte/bacillus_amr/01_genomes/ncbi_dataset/ncbi_dataset/data/GCF_050445615.1/GCF_050445615.1_ASM5044561v1_genomic.fna --plus -o /home/bacte/bacillus_amr/05_amr/amrfinder_raw/GCF_050445615.1.tsv
Software directory: /home/bacte/miniconda3/envs/amrfinder_env/bin/
Software version: 4.2.7
Database directory: /home/bacte/miniconda3/envs/amrfinder_env/share/amrfinderplus/data/2026-08-07.1
Database version: 2026-08-07.1
AMRFinder translated nucleotide search
  - include -O ORGANISM, --organism ORGANISM option to add mutation searches and suppress common proteins
Running tblastn
Making report
amrfinder took 18 seconds to complete
    OK
[291/1312] GCF_057334155.1
Running: amrfinder -n /home/bacte/bacillus_amr/01_genomes/ncbi_dataset/ncbi_dataset/data/GCF_057334155.1/GCF_057334155.1_ASM5733415v1_genomic.fna --plus -o /home/bacte/bacillus_amr/05_amr/amrfinder_raw/GCF_057334155.1.tsv
Software directory: /home/bacte/miniconda3/envs/amrfinder_env/bin/
Software version: 4.2.7
Database directory: /home/bacte/miniconda3/envs/amrfinder_env/share/amrfinderplus/data/2026-08-07.1
Database version: 2026-08-07.1
AMRFinder translated nucleotide search
  - include -O ORGANISM, --organism ORGANISM option to add mutation searches and suppress common proteins
Running tblastn
Making report
amrfinder took 18 seconds to complete
    OK
[292/1312] GCF_060019415.1
Running: amrfinder -n /home/bacte/bacillus_amr/01_genomes/ncbi_dataset/ncbi_dataset/data/GCF_060019415.1/GCF_060019415.1_ASM6001941v1_genomic.fna --plus -o /home/bacte/bacillus_amr/05_amr/amrfinder_raw/GCF_060019415.1.tsv
Software directory: /home/bacte/miniconda3/envs/amrfinder_env/bin/
Software version: 4.2.7
Database directory: /home/bacte/miniconda3/envs/amrfinder_env/share/amrfinderplus/data/2026-08-07.1
Database version: 2026-08-07.1
AMRFinder translated nucleotide search
  - include -O ORGANISM, --organism ORGANISM option to add mutation searches and suppress common proteins
Running tblastn
Making report
amrfinder took 13 seconds to complete
    OK
[293/1312] GCF_000931375.1
Running: amrfinder -n /home/bacte/bacillus_amr/01_genomes/ncbi_dataset/ncbi_dataset/data/GCF_000931375.1/GCF_000931375.1_ASM93137v1_genomic.fna --plus -o /home/bacte/bacillus_amr/05_amr/amrfinder_raw/GCF_000931375.1.tsv
Software directory: /home/bacte/miniconda3/envs/amrfinder_env/bin/
Software version: 4.2.7
Database directory: /home/bacte/miniconda3/envs/amrfinder_env/share/amrfinderplus/data/2026-08-07.1
Database version: 2026-08-07.1
AMRFinder translated nucleotide search
  - include -O ORGANISM, --organism ORGANISM option to add mutation searches and suppress common proteins
Running tblastn
Making report
amrfinder took 15 seconds to complete
    OK
[294/1312] GCF_001757785.1
Running: amrfinder -n /home/bacte/bacillus_amr/01_genomes/ncbi_dataset/ncbi_dataset/data/GCF_001757785.1/GCF_001757785.1_ASM175778v1_genomic.fna --plus -o /home/bacte/bacillus_amr/05_amr/amrfinder_raw/GCF_001757785.1.tsv
Software directory: /home/bacte/miniconda3/envs/amrfinder_env/bin/
Software version: 4.2.7
Database directory: /home/bacte/miniconda3/envs/amrfinder_env/share/amrfinderplus/data/2026-08-07.1
Database version: 2026-08-07.1
AMRFinder translated nucleotide search
  - include -O ORGANISM, --organism ORGANISM option to add mutation searches and suppress common proteins
Running tblastn
Making report
amrfinder took 18 seconds to complete
    OK
[295/1312] GCF_001757825.1
Running: amrfinder -n /home/bacte/bacillus_amr/01_genomes/ncbi_dataset/ncbi_dataset/data/GCF_001757825.1/GCF_001757825.1_ASM175782v1_genomic.fna --plus -o /home/bacte/bacillus_amr/05_amr/amrfinder_raw/GCF_001757825.1.tsv
Software directory: /home/bacte/miniconda3/envs/amrfinder_env/bin/
Software version: 4.2.7
Database directory: /home/bacte/miniconda3/envs/amrfinder_env/share/amrfinderplus/data/2026-08-07.1
Database version: 2026-08-07.1
AMRFinder translated nucleotide search
  - include -O ORGANISM, --organism ORGANISM option to add mutation searches and suppress common proteins
Running tblastn
Making report
amrfinder took 18 seconds to complete
    OK
[296/1312] GCF_001757835.1
Running: amrfinder -n /home/bacte/bacillus_amr/01_genomes/ncbi_dataset/ncbi_dataset/data/GCF_001757835.1/GCF_001757835.1_ASM175783v1_genomic.fna --plus -o /home/bacte/bacillus_amr/05_amr/amrfinder_raw/GCF_001757835.1.tsv
Software directory: /home/bacte/miniconda3/envs/amrfinder_env/bin/
Software version: 4.2.7
Database directory: /home/bacte/miniconda3/envs/amrfinder_env/share/amrfinderplus/data/2026-08-07.1
Database version: 2026-08-07.1
AMRFinder translated nucleotide search
  - include -O ORGANISM, --organism ORGANISM option to add mutation searches and suppress common proteins
Running tblastn
Making report
amrfinder took 17 seconds to complete
    OK
[297/1312] GCF_001757845.1
Running: amrfinder -n /home/bacte/bacillus_amr/01_genomes/ncbi_dataset/ncbi_dataset/data/GCF_001757845.1/GCF_001757845.1_ASM175784v1_genomic.fna --plus -o /home/bacte/bacillus_amr/05_amr/amrfinder_raw/GCF_001757845.1.tsv
Software directory: /home/bacte/miniconda3/envs/amrfinder_env/bin/
Software version: 4.2.7
Database directory: /home/bacte/miniconda3/envs/amrfinder_env/share/amrfinderplus/data/2026-08-07.1
Database version: 2026-08-07.1
AMRFinder translated nucleotide search
  - include -O ORGANISM, --organism ORGANISM option to add mutation searches and suppress common proteins
Running tblastn
Making report
amrfinder took 16 seconds to complete
    OK
[298/1312] GCF_001757875.1
Running: amrfinder -n /home/bacte/bacillus_amr/01_genomes/ncbi_dataset/ncbi_dataset/data/GCF_001757875.1/GCF_001757875.1_ASM175787v1_genomic.fna --plus -o /home/bacte/bacillus_amr/05_amr/amrfinder_raw/GCF_001757875.1.tsv
Software directory: /home/bacte/miniconda3/envs/amrfinder_env/bin/
Software version: 4.2.7
Database directory: /home/bacte/miniconda3/envs/amrfinder_env/share/amrfinderplus/data/2026-08-07.1
Database version: 2026-08-07.1
AMRFinder translated nucleotide search
  - include -O ORGANISM, --organism ORGANISM option to add mutation searches and suppress common proteins
Running tblastn
Making report
amrfinder took 21 seconds to complete
    OK
[299/1312] GCF_001757905.1
Running: amrfinder -n /home/bacte/bacillus_amr/01_genomes/ncbi_dataset/ncbi_dataset/data/GCF_001757905.1/GCF_001757905.1_ASM175790v1_genomic.fna --plus -o /home/bacte/bacillus_amr/05_amr/amrfinder_raw/GCF_001757905.1.tsv
Software directory: /home/bacte/miniconda3/envs/amrfinder_env/bin/
Software version: 4.2.7
Database directory: /home/bacte/miniconda3/envs/amrfinder_env/share/amrfinderplus/data/2026-08-07.1
Database version: 2026-08-07.1
AMRFinder translated nucleotide search
  - include -O ORGANISM, --organism ORGANISM option to add mutation searches and suppress common proteins
Running tblastn
Making report
amrfinder took 15 seconds to complete
    OK
[300/1312] GCF_001757915.1
Running: amrfinder -n /home/bacte/bacillus_amr/01_genomes/ncbi_dataset/ncbi_dataset/data/GCF_001757915.1/GCF_001757915.1_ASM175791v1_genomic.fna --plus -o /home/bacte/bacillus_amr/05_amr/amrfinder_raw/GCF_001757915.1.tsv
Software directory: /home/bacte/miniconda3/envs/amrfinder_env/bin/
Software version: 4.2.7
Database directory: /home/bacte/miniconda3/envs/amrfinder_env/share/amrfinderplus/data/2026-08-07.1
Database version: 2026-08-07.1
AMRFinder translated nucleotide search
  - include -O ORGANISM, --organism ORGANISM option to add mutation searches and suppress common proteins
Running tblastn
Making report
amrfinder took 17 seconds to complete
    OK
[301/1312] GCF_001757935.1
Running: amrfinder -n /home/bacte/bacillus_amr/01_genomes/ncbi_dataset/ncbi_dataset/data/GCF_001757935.1/GCF_001757935.1_ASM175793v1_genomic.fna --plus -o /home/bacte/bacillus_amr/05_amr/amrfinder_raw/GCF_001757935.1.tsv
Software directory: /home/bacte/miniconda3/envs/amrfinder_env/bin/
Software version: 4.2.7
Database directory: /home/bacte/miniconda3/envs/amrfinder_env/share/amrfinderplus/data/2026-08-07.1
Database version: 2026-08-07.1
AMRFinder translated nucleotide search
  - include -O ORGANISM, --organism ORGANISM option to add mutation searches and suppress common proteins
Running tblastn
Making report
amrfinder took 12 seconds to complete
    OK
[302/1312] GCF_001757965.1
Running: amrfinder -n /home/bacte/bacillus_amr/01_genomes/ncbi_dataset/ncbi_dataset/data/GCF_001757965.1/GCF_001757965.1_ASM175796v1_genomic.fna --plus -o /home/bacte/bacillus_amr/05_amr/amrfinder_raw/GCF_001757965.1.tsv
Software directory: /home/bacte/miniconda3/envs/amrfinder_env/bin/
Software version: 4.2.7
Database directory: /home/bacte/miniconda3/envs/amrfinder_env/share/amrfinderplus/data/2026-08-07.1
Database version: 2026-08-07.1
AMRFinder translated nucleotide search
  - include -O ORGANISM, --organism ORGANISM option to add mutation searches and suppress common proteins
Running tblastn
Making report
amrfinder took 16 seconds to complete
    OK
[303/1312] GCF_001757985.1
Running: amrfinder -n /home/bacte/bacillus_amr/01_genomes/ncbi_dataset/ncbi_dataset/data/GCF_001757985.1/GCF_001757985.1_ASM175798v1_genomic.fna --plus -o /home/bacte/bacillus_amr/05_amr/amrfinder_raw/GCF_001757985.1.tsv
Software directory: /home/bacte/miniconda3/envs/amrfinder_env/bin/
Software version: 4.2.7
Database directory: /home/bacte/miniconda3/envs/amrfinder_env/share/amrfinderplus/data/2026-08-07.1
Database version: 2026-08-07.1
AMRFinder translated nucleotide search
  - include -O ORGANISM, --organism ORGANISM option to add mutation searches and suppress common proteins
Running tblastn
Making report
amrfinder took 16 seconds to complete
    OK
[304/1312] GCF_001757995.1
Running: amrfinder -n /home/bacte/bacillus_amr/01_genomes/ncbi_dataset/ncbi_dataset/data/GCF_001757995.1/GCF_001757995.1_ASM175799v1_genomic.fna --plus -o /home/bacte/bacillus_amr/05_amr/amrfinder_raw/GCF_001757995.1.tsv
Software directory: /home/bacte/miniconda3/envs/amrfinder_env/bin/
Software version: 4.2.7
Database directory: /home/bacte/miniconda3/envs/amrfinder_env/share/amrfinderplus/data/2026-08-07.1
Database version: 2026-08-07.1
AMRFinder translated nucleotide search
  - include -O ORGANISM, --organism ORGANISM option to add mutation searches and suppress common proteins
Running tblastn
Making report
amrfinder took 16 seconds to complete
    OK
[305/1312] GCF_001758015.1
Running: amrfinder -n /home/bacte/bacillus_amr/01_genomes/ncbi_dataset/ncbi_dataset/data/GCF_001758015.1/GCF_001758015.1_ASM175801v1_genomic.fna --plus -o /home/bacte/bacillus_amr/05_amr/amrfinder_raw/GCF_001758015.1.tsv
Software directory: /home/bacte/miniconda3/envs/amrfinder_env/bin/
Software version: 4.2.7
Database directory: /home/bacte/miniconda3/envs/amrfinder_env/share/amrfinderplus/data/2026-08-07.1
Database version: 2026-08-07.1
AMRFinder translated nucleotide search
  - include -O ORGANISM, --organism ORGANISM option to add mutation searches and suppress common proteins
Running tblastn
Making report
amrfinder took 14 seconds to complete
    OK
[306/1312] GCF_001855755.1
Running: amrfinder -n /home/bacte/bacillus_amr/01_genomes/ncbi_dataset/ncbi_dataset/data/GCF_001855755.1/GCF_001855755.1_ASM185575v1_genomic.fna --plus -o /home/bacte/bacillus_amr/05_amr/amrfinder_raw/GCF_001855755.1.tsv
Software directory: /home/bacte/miniconda3/envs/amrfinder_env/bin/
Software version: 4.2.7
Database directory: /home/bacte/miniconda3/envs/amrfinder_env/share/amrfinderplus/data/2026-08-07.1
Database version: 2026-08-07.1
AMRFinder translated nucleotide search
  - include -O ORGANISM, --organism ORGANISM option to add mutation searches and suppress common proteins
Running tblastn
Making report
amrfinder took 14 seconds to complete
    OK
[307/1312] GCF_024297165.1
Running: amrfinder -n /home/bacte/bacillus_amr/01_genomes/ncbi_dataset/ncbi_dataset/data/GCF_024297165.1/GCF_024297165.1_ASM2429716v1_genomic.fna --plus -o /home/bacte/bacillus_amr/05_amr/amrfinder_raw/GCF_024297165.1.tsv
Software directory: /home/bacte/miniconda3/envs/amrfinder_env/bin/
Software version: 4.2.7
Database directory: /home/bacte/miniconda3/envs/amrfinder_env/share/amrfinderplus/data/2026-08-07.1
Database version: 2026-08-07.1
AMRFinder translated nucleotide search
  - include -O ORGANISM, --organism ORGANISM option to add mutation searches and suppress common proteins
Running tblastn
Making report
amrfinder took 29 seconds to complete
    OK
[308/1312] GCF_024498035.1
Running: amrfinder -n /home/bacte/bacillus_amr/01_genomes/ncbi_dataset/ncbi_dataset/data/GCF_024498035.1/GCF_024498035.1_ASM2449803v1_genomic.fna --plus -o /home/bacte/bacillus_amr/05_amr/amrfinder_raw/GCF_024498035.1.tsv
Software directory: /home/bacte/miniconda3/envs/amrfinder_env/bin/
Software version: 4.2.7
Database directory: /home/bacte/miniconda3/envs/amrfinder_env/share/amrfinderplus/data/2026-08-07.1
Database version: 2026-08-07.1
AMRFinder translated nucleotide search
  - include -O ORGANISM, --organism ORGANISM option to add mutation searches and suppress common proteins
Running tblastn
Making report
amrfinder took 17 seconds to complete
    OK
[309/1312] GCF_024498055.1
Running: amrfinder -n /home/bacte/bacillus_amr/01_genomes/ncbi_dataset/ncbi_dataset/data/GCF_024498055.1/GCF_024498055.1_ASM2449805v1_genomic.fna --plus -o /home/bacte/bacillus_amr/05_amr/amrfinder_raw/GCF_024498055.1.tsv
Software directory: /home/bacte/miniconda3/envs/amrfinder_env/bin/
Software version: 4.2.7
Database directory: /home/bacte/miniconda3/envs/amrfinder_env/share/amrfinderplus/data/2026-08-07.1
Database version: 2026-08-07.1
AMRFinder translated nucleotide search
  - include -O ORGANISM, --organism ORGANISM option to add mutation searches and suppress common proteins
Running tblastn
Making report
amrfinder took 14 seconds to complete
    OK
[310/1312] GCF_024498095.1
Running: amrfinder -n /home/bacte/bacillus_amr/01_genomes/ncbi_dataset/ncbi_dataset/data/GCF_024498095.1/GCF_024498095.1_ASM2449809v1_genomic.fna --plus -o /home/bacte/bacillus_amr/05_amr/amrfinder_raw/GCF_024498095.1.tsv
Software directory: /home/bacte/miniconda3/envs/amrfinder_env/bin/
Software version: 4.2.7
Database directory: /home/bacte/miniconda3/envs/amrfinder_env/share/amrfinderplus/data/2026-08-07.1
Database version: 2026-08-07.1
AMRFinder translated nucleotide search
  - include -O ORGANISM, --organism ORGANISM option to add mutation searches and suppress common proteins
Running tblastn
Making report
amrfinder took 13 seconds to complete
    OK
[311/1312] GCF_050209365.1
Running: amrfinder -n /home/bacte/bacillus_amr/01_genomes/ncbi_dataset/ncbi_dataset/data/GCF_050209365.1/GCF_050209365.1_ASM5020936v1_genomic.fna --plus -o /home/bacte/bacillus_amr/05_amr/amrfinder_raw/GCF_050209365.1.tsv
Software directory: /home/bacte/miniconda3/envs/amrfinder_env/bin/
Software version: 4.2.7
Database directory: /home/bacte/miniconda3/envs/amrfinder_env/share/amrfinderplus/data/2026-08-07.1
Database version: 2026-08-07.1
AMRFinder translated nucleotide search
  - include -O ORGANISM, --organism ORGANISM option to add mutation searches and suppress common proteins
Running tblastn
Making report
amrfinder took 241 seconds to complete
    OK
[312/1312] GCF_050210445.1
Running: amrfinder -n /home/bacte/bacillus_amr/01_genomes/ncbi_dataset/ncbi_dataset/data/GCF_050210445.1/GCF_050210445.1_ASM5021044v1_genomic.fna --plus -o /home/bacte/bacillus_amr/05_amr/amrfinder_raw/GCF_050210445.1.tsv
Software directory: /home/bacte/miniconda3/envs/amrfinder_env/bin/
Software version: 4.2.7
Database directory: /home/bacte/miniconda3/envs/amrfinder_env/share/amrfinderplus/data/2026-08-07.1
Database version: 2026-08-07.1
AMRFinder translated nucleotide search
  - include -O ORGANISM, --organism ORGANISM option to add mutation searches and suppress common proteins
Running tblastn
Making report
amrfinder took 228 seconds to complete
    OK
[313/1312] GCF_037027125.1
Running: amrfinder -n /home/bacte/bacillus_amr/01_genomes/ncbi_dataset/ncbi_dataset/data/GCF_037027125.1/GCF_037027125.1_ASM3702712v1_genomic.fna --plus -o /home/bacte/bacillus_amr/05_amr/amrfinder_raw/GCF_037027125.1.tsv
Software directory: /home/bacte/miniconda3/envs/amrfinder_env/bin/
Software version: 4.2.7
Database directory: /home/bacte/miniconda3/envs/amrfinder_env/share/amrfinderplus/data/2026-08-07.1
Database version: 2026-08-07.1
AMRFinder translated nucleotide search
  - include -O ORGANISM, --organism ORGANISM option to add mutation searches and suppress common proteins
Running tblastn
Making report
amrfinder took 13 seconds to complete
    OK
[314/1312] GCF_040492435.1
Running: amrfinder -n /home/bacte/bacillus_amr/01_genomes/ncbi_dataset/ncbi_dataset/data/GCF_040492435.1/GCF_040492435.1_ASM4049243v1_genomic.fna --plus -o /home/bacte/bacillus_amr/05_amr/amrfinder_raw/GCF_040492435.1.tsv
Software directory: /home/bacte/miniconda3/envs/amrfinder_env/bin/
Software version: 4.2.7
Database directory: /home/bacte/miniconda3/envs/amrfinder_env/share/amrfinderplus/data/2026-08-07.1
Database version: 2026-08-07.1
AMRFinder translated nucleotide search
  - include -O ORGANISM, --organism ORGANISM option to add mutation searches and suppress common proteins
Running tblastn
Making report
amrfinder took 12 seconds to complete
    OK
[315/1312] GCF_047444815.1
Running: amrfinder -n /home/bacte/bacillus_amr/01_genomes/ncbi_dataset/ncbi_dataset/data/GCF_047444815.1/GCF_047444815.1_LABIM_L53_Bac_nitr_genomic.fna --plus -o /home/bacte/bacillus_amr/05_amr/amrfinder_raw/GCF_047444815.1.tsv
Software directory: /home/bacte/miniconda3/envs/amrfinder_env/bin/
Software version: 4.2.7
Database directory: /home/bacte/miniconda3/envs/amrfinder_env/share/amrfinderplus/data/2026-08-07.1
Database version: 2026-08-07.1
AMRFinder translated nucleotide search
  - include -O ORGANISM, --organism ORGANISM option to add mutation searches and suppress common proteins
Running tblastn
Making report
amrfinder took 151 seconds to complete
    OK
[316/1312] GCF_060371845.1
Running: amrfinder -n /home/bacte/bacillus_amr/01_genomes/ncbi_dataset/ncbi_dataset/data/GCF_060371845.1/GCF_060371845.1_ASM6037184v1_genomic.fna --plus -o /home/bacte/bacillus_amr/05_amr/amrfinder_raw/GCF_060371845.1.tsv
Software directory: /home/bacte/miniconda3/envs/amrfinder_env/bin/
Software version: 4.2.7
Database directory: /home/bacte/miniconda3/envs/amrfinder_env/share/amrfinderplus/data/2026-08-07.1
Database version: 2026-08-07.1
AMRFinder translated nucleotide search
  - include -O ORGANISM, --organism ORGANISM option to add mutation searches and suppress common proteins
Running tblastn
Making report
amrfinder took 159 seconds to complete
    OK
[317/1312] GCF_045348155.1
Running: amrfinder -n /home/bacte/bacillus_amr/01_genomes/ncbi_dataset/ncbi_dataset/data/GCF_045348155.1/GCF_045348155.1_ASM4534815v1_genomic.fna --plus -o /home/bacte/bacillus_amr/05_amr/amrfinder_raw/GCF_045348155.1.tsv
Software directory: /home/bacte/miniconda3/envs/amrfinder_env/bin/
Software version: 4.2.7
Database directory: /home/bacte/miniconda3/envs/amrfinder_env/share/amrfinderplus/data/2026-08-07.1
Database version: 2026-08-07.1
AMRFinder translated nucleotide search
  - include -O ORGANISM, --organism ORGANISM option to add mutation searches and suppress common proteins
Running tblastn
Making report
amrfinder took 142 seconds to complete
    OK
[318/1312] GCF_048053935.1
Running: amrfinder -n /home/bacte/bacillus_amr/01_genomes/ncbi_dataset/ncbi_dataset/data/GCF_048053935.1/GCF_048053935.1_ASM4805393v1_genomic.fna --plus -o /home/bacte/bacillus_amr/05_amr/amrfinder_raw/GCF_048053935.1.tsv
Software directory: /home/bacte/miniconda3/envs/amrfinder_env/bin/
Software version: 4.2.7
Database directory: /home/bacte/miniconda3/envs/amrfinder_env/share/amrfinderplus/data/2026-08-07.1
Database version: 2026-08-07.1
AMRFinder translated nucleotide search
  - include -O ORGANISM, --organism ORGANISM option to add mutation searches and suppress common proteins
Running tblastn
Making report
amrfinder took 19 seconds to complete
    OK
[319/1312] GCF_002068155.1
Running: amrfinder -n /home/bacte/bacillus_amr/01_genomes/ncbi_dataset/ncbi_dataset/data/GCF_002068155.1/GCF_002068155.1_ASM206815v1_genomic.fna --plus -o /home/bacte/bacillus_amr/05_amr/amrfinder_raw/GCF_002068155.1.tsv
Software directory: /home/bacte/miniconda3/envs/amrfinder_env/bin/
Software version: 4.2.7
Database directory: /home/bacte/miniconda3/envs/amrfinder_env/share/amrfinderplus/data/2026-08-07.1
Database version: 2026-08-07.1
AMRFinder translated nucleotide search
  - include -O ORGANISM, --organism ORGANISM option to add mutation searches and suppress common proteins
Running tblastn
Making report
amrfinder took 65 seconds to complete
    OK
[320/1312] GCF_002849425.1
Running: amrfinder -n /home/bacte/bacillus_amr/01_genomes/ncbi_dataset/ncbi_dataset/data/GCF_002849425.1/GCF_002849425.1_ASM284942v1_genomic.fna --plus -o /home/bacte/bacillus_amr/05_amr/amrfinder_raw/GCF_002849425.1.tsv
Software directory: /home/bacte/miniconda3/envs/amrfinder_env/bin/
Software version: 4.2.7
Database directory: /home/bacte/miniconda3/envs/amrfinder_env/share/amrfinderplus/data/2026-08-07.1
Database version: 2026-08-07.1
AMRFinder translated nucleotide search
  - include -O ORGANISM, --organism ORGANISM option to add mutation searches and suppress common proteins
Running tblastn
Making report
amrfinder took 26 seconds to complete
    OK
[321/1312] GCF_003171815.2
Running: amrfinder -n /home/bacte/bacillus_amr/01_genomes/ncbi_dataset/ncbi_dataset/data/GCF_003171815.2/GCF_003171815.2_ASM317181v2_genomic.fna --plus -o /home/bacte/bacillus_amr/05_amr/amrfinder_raw/GCF_003171815.2.tsv
Software directory: /home/bacte/miniconda3/envs/amrfinder_env/bin/
Software version: 4.2.7
Database directory: /home/bacte/miniconda3/envs/amrfinder_env/share/amrfinderplus/data/2026-08-07.1
Database version: 2026-08-07.1
AMRFinder translated nucleotide search
  - include -O ORGANISM, --organism ORGANISM option to add mutation searches and suppress common proteins
Running tblastn
Making report
amrfinder took 62 seconds to complete
    OK
[322/1312] GCF_019738955.1
Running: amrfinder -n /home/bacte/bacillus_amr/01_genomes/ncbi_dataset/ncbi_dataset/data/GCF_019738955.1/GCF_019738955.1_ASM1973895v1_genomic.fna --plus -o /home/bacte/bacillus_amr/05_amr/amrfinder_raw/GCF_019738955.1.tsv
Software directory: /home/bacte/miniconda3/envs/amrfinder_env/bin/
Software version: 4.2.7
Database directory: /home/bacte/miniconda3/envs/amrfinder_env/share/amrfinderplus/data/2026-08-07.1
Database version: 2026-08-07.1
AMRFinder translated nucleotide search
  - include -O ORGANISM, --organism ORGANISM option to add mutation searches and suppress common proteins
Running tblastn
Making report
amrfinder took 15 seconds to complete
    OK
[323/1312] GCF_022952805.1
Running: amrfinder -n /home/bacte/bacillus_amr/01_genomes/ncbi_dataset/ncbi_dataset/data/GCF_022952805.1/GCF_022952805.1_ASM2295280v1_genomic.fna --plus -o /home/bacte/bacillus_amr/05_amr/amrfinder_raw/GCF_022952805.1.tsv
Software directory: /home/bacte/miniconda3/envs/amrfinder_env/bin/
Software version: 4.2.7
Database directory: /home/bacte/miniconda3/envs/amrfinder_env/share/amrfinderplus/data/2026-08-07.1
Database version: 2026-08-07.1
AMRFinder translated nucleotide search
  - include -O ORGANISM, --organism ORGANISM option to add mutation searches and suppress common proteins
Running tblastn
Making report
amrfinder took 16 seconds to complete
    OK
[324/1312] GCF_022953115.1
Running: amrfinder -n /home/bacte/bacillus_amr/01_genomes/ncbi_dataset/ncbi_dataset/data/GCF_022953115.1/GCF_022953115.1_ASM2295311v1_genomic.fna --plus -o /home/bacte/bacillus_amr/05_amr/amrfinder_raw/GCF_022953115.1.tsv
Software directory: /home/bacte/miniconda3/envs/amrfinder_env/bin/
Software version: 4.2.7
Database directory: /home/bacte/miniconda3/envs/amrfinder_env/share/amrfinderplus/data/2026-08-07.1
Database version: 2026-08-07.1
AMRFinder translated nucleotide search
  - include -O ORGANISM, --organism ORGANISM option to add mutation searches and suppress common proteins
Running tblastn
Making report
amrfinder took 17 seconds to complete
    OK
[325/1312] GCF_024464535.1
Running: amrfinder -n /home/bacte/bacillus_amr/01_genomes/ncbi_dataset/ncbi_dataset/data/GCF_024464535.1/GCF_024464535.1_ASM2446453v1_genomic.fna --plus -o /home/bacte/bacillus_amr/05_amr/amrfinder_raw/GCF_024464535.1.tsv
Software directory: /home/bacte/miniconda3/envs/amrfinder_env/bin/
Software version: 4.2.7
Database directory: /home/bacte/miniconda3/envs/amrfinder_env/share/amrfinderplus/data/2026-08-07.1
Database version: 2026-08-07.1
AMRFinder translated nucleotide search
  - include -O ORGANISM, --organism ORGANISM option to add mutation searches and suppress common proteins
Running tblastn
Making report
amrfinder took 16 seconds to complete
    OK
[326/1312] GCF_025833795.1
Running: amrfinder -n /home/bacte/bacillus_amr/01_genomes/ncbi_dataset/ncbi_dataset/data/GCF_025833795.1/GCF_025833795.1_ASM2583379v1_genomic.fna --plus -o /home/bacte/bacillus_amr/05_amr/amrfinder_raw/GCF_025833795.1.tsv
Software directory: /home/bacte/miniconda3/envs/amrfinder_env/bin/
Software version: 4.2.7
Database directory: /home/bacte/miniconda3/envs/amrfinder_env/share/amrfinderplus/data/2026-08-07.1
Database version: 2026-08-07.1
AMRFinder translated nucleotide search
  - include -O ORGANISM, --organism ORGANISM option to add mutation searches and suppress common proteins
Running tblastn
Making report
amrfinder took 14 seconds to complete
    OK
[327/1312] GCF_026066475.1
Running: amrfinder -n /home/bacte/bacillus_amr/01_genomes/ncbi_dataset/ncbi_dataset/data/GCF_026066475.1/GCF_026066475.1_ASM2606647v1_genomic.fna --plus -o /home/bacte/bacillus_amr/05_amr/amrfinder_raw/GCF_026066475.1.tsv
Software directory: /home/bacte/miniconda3/envs/amrfinder_env/bin/
Software version: 4.2.7
Database directory: /home/bacte/miniconda3/envs/amrfinder_env/share/amrfinderplus/data/2026-08-07.1
Database version: 2026-08-07.1
AMRFinder translated nucleotide search
  - include -O ORGANISM, --organism ORGANISM option to add mutation searches and suppress common proteins
Running tblastn
Making report
amrfinder took 18 seconds to complete
    OK
[328/1312] GCF_026672655.1
Running: amrfinder -n /home/bacte/bacillus_amr/01_genomes/ncbi_dataset/ncbi_dataset/data/GCF_026672655.1/GCF_026672655.1_ASM2667265v1_genomic.fna --plus -o /home/bacte/bacillus_amr/05_amr/amrfinder_raw/GCF_026672655.1.tsv
Software directory: /home/bacte/miniconda3/envs/amrfinder_env/bin/
Software version: 4.2.7
Database directory: /home/bacte/miniconda3/envs/amrfinder_env/share/amrfinderplus/data/2026-08-07.1
Database version: 2026-08-07.1
AMRFinder translated nucleotide search
  - include -O ORGANISM, --organism ORGANISM option to add mutation searches and suppress common proteins
Running tblastn
Making report
amrfinder took 17 seconds to complete
    OK
[329/1312] GCF_040965915.1
Running: amrfinder -n /home/bacte/bacillus_amr/01_genomes/ncbi_dataset/ncbi_dataset/data/GCF_040965915.1/GCF_040965915.1_ASM4096591v1_genomic.fna --plus -o /home/bacte/bacillus_amr/05_amr/amrfinder_raw/GCF_040965915.1.tsv
Software directory: /home/bacte/miniconda3/envs/amrfinder_env/bin/
Software version: 4.2.7
Database directory: /home/bacte/miniconda3/envs/amrfinder_env/share/amrfinderplus/data/2026-08-07.1
Database version: 2026-08-07.1
AMRFinder translated nucleotide search
  - include -O ORGANISM, --organism ORGANISM option to add mutation searches and suppress common proteins
Running tblastn
Making report
amrfinder took 21 seconds to complete
    OK
[330/1312] GCF_044498105.1
Running: amrfinder -n /home/bacte/bacillus_amr/01_genomes/ncbi_dataset/ncbi_dataset/data/GCF_044498105.1/GCF_044498105.1_ASM4449810v1_genomic.fna --plus -o /home/bacte/bacillus_amr/05_amr/amrfinder_raw/GCF_044498105.1.tsv
Software directory: /home/bacte/miniconda3/envs/amrfinder_env/bin/
Software version: 4.2.7
Database directory: /home/bacte/miniconda3/envs/amrfinder_env/share/amrfinderplus/data/2026-08-07.1
Database version: 2026-08-07.1
AMRFinder translated nucleotide search
  - include -O ORGANISM, --organism ORGANISM option to add mutation searches and suppress common proteins
Running tblastn
Making report
amrfinder took 68 seconds to complete
    OK
[331/1312] GCF_050445545.1
Running: amrfinder -n /home/bacte/bacillus_amr/01_genomes/ncbi_dataset/ncbi_dataset/data/GCF_050445545.1/GCF_050445545.1_ASM5044554v1_genomic.fna --plus -o /home/bacte/bacillus_amr/05_amr/amrfinder_raw/GCF_050445545.1.tsv
Software directory: /home/bacte/miniconda3/envs/amrfinder_env/bin/
Software version: 4.2.7
Database directory: /home/bacte/miniconda3/envs/amrfinder_env/share/amrfinderplus/data/2026-08-07.1
Database version: 2026-08-07.1
AMRFinder translated nucleotide search
  - include -O ORGANISM, --organism ORGANISM option to add mutation searches and suppress common proteins
Running tblastn
Making report
amrfinder took 25 seconds to complete
    OK
[332/1312] GCF_050462765.1
Running: amrfinder -n /home/bacte/bacillus_amr/01_genomes/ncbi_dataset/ncbi_dataset/data/GCF_050462765.1/GCF_050462765.1_ASM5046276v1_genomic.fna --plus -o /home/bacte/bacillus_amr/05_amr/amrfinder_raw/GCF_050462765.1.tsv
Software directory: /home/bacte/miniconda3/envs/amrfinder_env/bin/
Software version: 4.2.7
Database directory: /home/bacte/miniconda3/envs/amrfinder_env/share/amrfinderplus/data/2026-08-07.1
Database version: 2026-08-07.1
AMRFinder translated nucleotide search
  - include -O ORGANISM, --organism ORGANISM option to add mutation searches and suppress common proteins
Running tblastn
Making report
amrfinder took 13 seconds to complete
    OK
[333/1312] GCF_052692055.1
Running: amrfinder -n /home/bacte/bacillus_amr/01_genomes/ncbi_dataset/ncbi_dataset/data/GCF_052692055.1/GCF_052692055.1_ASM5269205v1_genomic.fna --plus -o /home/bacte/bacillus_amr/05_amr/amrfinder_raw/GCF_052692055.1.tsv
Software directory: /home/bacte/miniconda3/envs/amrfinder_env/bin/
Software version: 4.2.7
Database directory: /home/bacte/miniconda3/envs/amrfinder_env/share/amrfinderplus/data/2026-08-07.1
Database version: 2026-08-07.1
AMRFinder translated nucleotide search
  - include -O ORGANISM, --organism ORGANISM option to add mutation searches and suppress common proteins
Running tblastn
Making report
amrfinder took 10 seconds to complete
    OK
[334/1312] GCF_059818275.1
Running: amrfinder -n /home/bacte/bacillus_amr/01_genomes/ncbi_dataset/ncbi_dataset/data/GCF_059818275.1/GCF_059818275.1_ASM5981827v1_genomic.fna --plus -o /home/bacte/bacillus_amr/05_amr/amrfinder_raw/GCF_059818275.1.tsv
Software directory: /home/bacte/miniconda3/envs/amrfinder_env/bin/
Software version: 4.2.7
Database directory: /home/bacte/miniconda3/envs/amrfinder_env/share/amrfinderplus/data/2026-08-07.1
Database version: 2026-08-07.1
AMRFinder translated nucleotide search
  - include -O ORGANISM, --organism ORGANISM option to add mutation searches and suppress common proteins
Running tblastn
Making report
amrfinder took 16 seconds to complete
    OK
[335/1312] GCF_060228485.1
Running: amrfinder -n /home/bacte/bacillus_amr/01_genomes/ncbi_dataset/ncbi_dataset/data/GCF_060228485.1/GCF_060228485.1_ASM6022848v1_genomic.fna --plus -o /home/bacte/bacillus_amr/05_amr/amrfinder_raw/GCF_060228485.1.tsv
Software directory: /home/bacte/miniconda3/envs/amrfinder_env/bin/
Software version: 4.2.7
Database directory: /home/bacte/miniconda3/envs/amrfinder_env/share/amrfinderplus/data/2026-08-07.1
Database version: 2026-08-07.1
AMRFinder translated nucleotide search
  - include -O ORGANISM, --organism ORGANISM option to add mutation searches and suppress common proteins
Running tblastn
Making report
amrfinder took 13 seconds to complete
    OK
[336/1312] GCF_979930925.1
Running: amrfinder -n /home/bacte/bacillus_amr/01_genomes/ncbi_dataset/ncbi_dataset/data/GCF_979930925.1/GCF_979930925.1_SRL656_genomic.fna --plus -o /home/bacte/bacillus_amr/05_amr/amrfinder_raw/GCF_979930925.1.tsv
Software directory: /home/bacte/miniconda3/envs/amrfinder_env/bin/
Software version: 4.2.7
Database directory: /home/bacte/miniconda3/envs/amrfinder_env/share/amrfinderplus/data/2026-08-07.1
Database version: 2026-08-07.1
AMRFinder translated nucleotide search
  - include -O ORGANISM, --organism ORGANISM option to add mutation searches and suppress common proteins
Running tblastn
Making report
amrfinder took 64 seconds to complete
    OK
[337/1312] GCF_979932065.1
Running: amrfinder -n /home/bacte/bacillus_amr/01_genomes/ncbi_dataset/ncbi_dataset/data/GCF_979932065.1/GCF_979932065.1_SRL658_genomic.fna --plus -o /home/bacte/bacillus_amr/05_amr/amrfinder_raw/GCF_979932065.1.tsv
Software directory: /home/bacte/miniconda3/envs/amrfinder_env/bin/
Software version: 4.2.7
Database directory: /home/bacte/miniconda3/envs/amrfinder_env/share/amrfinderplus/data/2026-08-07.1
Database version: 2026-08-07.1
AMRFinder translated nucleotide search
  - include -O ORGANISM, --organism ORGANISM option to add mutation searches and suppress common proteins
Running tblastn
Making report
amrfinder took 62 seconds to complete
    OK
[338/1312] GCF_037027085.1
Running: amrfinder -n /home/bacte/bacillus_amr/01_genomes/ncbi_dataset/ncbi_dataset/data/GCF_037027085.1/GCF_037027085.1_ASM3702708v1_genomic.fna --plus -o /home/bacte/bacillus_amr/05_amr/amrfinder_raw/GCF_037027085.1.tsv
Software directory: /home/bacte/miniconda3/envs/amrfinder_env/bin/
Software version: 4.2.7
Database directory: /home/bacte/miniconda3/envs/amrfinder_env/share/amrfinderplus/data/2026-08-07.1
Database version: 2026-08-07.1
AMRFinder translated nucleotide search
  - include -O ORGANISM, --organism ORGANISM option to add mutation searches and suppress common proteins
Running tblastn
Making report
amrfinder took 148 seconds to complete
    OK
[339/1312] GCF_037907705.1
Running: amrfinder -n /home/bacte/bacillus_amr/01_genomes/ncbi_dataset/ncbi_dataset/data/GCF_037907705.1/GCF_037907705.1_ASM3790770v1_genomic.fna --plus -o /home/bacte/bacillus_amr/05_amr/amrfinder_raw/GCF_037907705.1.tsv
Software directory: /home/bacte/miniconda3/envs/amrfinder_env/bin/
Software version: 4.2.7
Database directory: /home/bacte/miniconda3/envs/amrfinder_env/share/amrfinderplus/data/2026-08-07.1
Database version: 2026-08-07.1
AMRFinder translated nucleotide search
  - include -O ORGANISM, --organism ORGANISM option to add mutation searches and suppress common proteins
Running tblastn
Making report
amrfinder took 29 seconds to complete
    OK
[340/1312] GCF_026221135.1
Running: amrfinder -n /home/bacte/bacillus_amr/01_genomes/ncbi_dataset/ncbi_dataset/data/GCF_026221135.1/GCF_026221135.1_ASM2622113v1_genomic.fna --plus -o /home/bacte/bacillus_amr/05_amr/amrfinder_raw/GCF_026221135.1.tsv
Software directory: /home/bacte/miniconda3/envs/amrfinder_env/bin/
Software version: 4.2.7
Database directory: /home/bacte/miniconda3/envs/amrfinder_env/share/amrfinderplus/data/2026-08-07.1
Database version: 2026-08-07.1
AMRFinder translated nucleotide search
  - include -O ORGANISM, --organism ORGANISM option to add mutation searches and suppress common proteins
Running tblastn
Making report
amrfinder took 33 seconds to complete
    OK
[341/1312] GCF_052828465.1
Running: amrfinder -n /home/bacte/bacillus_amr/01_genomes/ncbi_dataset/ncbi_dataset/data/GCF_052828465.1/GCF_052828465.1_ASM5282846v1_genomic.fna --plus -o /home/bacte/bacillus_amr/05_amr/amrfinder_raw/GCF_052828465.1.tsv
Software directory: /home/bacte/miniconda3/envs/amrfinder_env/bin/
Software version: 4.2.7
Database directory: /home/bacte/miniconda3/envs/amrfinder_env/share/amrfinderplus/data/2026-08-07.1
Database version: 2026-08-07.1
AMRFinder translated nucleotide search
  - include -O ORGANISM, --organism ORGANISM option to add mutation searches and suppress common proteins
Running tblastn
Making report
amrfinder took 137 seconds to complete
    OK
[342/1312] GCF_005848985.1
Running: amrfinder -n /home/bacte/bacillus_amr/01_genomes/ncbi_dataset/ncbi_dataset/data/GCF_005848985.1/GCF_005848985.1_ASM584898v1_genomic.fna --plus -o /home/bacte/bacillus_amr/05_amr/amrfinder_raw/GCF_005848985.1.tsv
Software directory: /home/bacte/miniconda3/envs/amrfinder_env/bin/
Software version: 4.2.7
Database directory: /home/bacte/miniconda3/envs/amrfinder_env/share/amrfinderplus/data/2026-08-07.1
Database version: 2026-08-07.1
AMRFinder translated nucleotide search
  - include -O ORGANISM, --organism ORGANISM option to add mutation searches and suppress common proteins
Running tblastn
Making report
amrfinder took 149 seconds to complete
    OK
[343/1312] GCF_013133865.1
Running: amrfinder -n /home/bacte/bacillus_amr/01_genomes/ncbi_dataset/ncbi_dataset/data/GCF_013133865.1/GCF_013133865.1_ASM1313386v1_genomic.fna --plus -o /home/bacte/bacillus_amr/05_amr/amrfinder_raw/GCF_013133865.1.tsv
Software directory: /home/bacte/miniconda3/envs/amrfinder_env/bin/
Software version: 4.2.7
Database directory: /home/bacte/miniconda3/envs/amrfinder_env/share/amrfinderplus/data/2026-08-07.1
Database version: 2026-08-07.1
AMRFinder translated nucleotide search
  - include -O ORGANISM, --organism ORGANISM option to add mutation searches and suppress common proteins
Running tblastn
Making report
amrfinder took 23 seconds to complete
    OK
[344/1312] GCF_024497995.1
Running: amrfinder -n /home/bacte/bacillus_amr/01_genomes/ncbi_dataset/ncbi_dataset/data/GCF_024497995.1/GCF_024497995.1_ASM2449799v1_genomic.fna --plus -o /home/bacte/bacillus_amr/05_amr/amrfinder_raw/GCF_024497995.1.tsv
Software directory: /home/bacte/miniconda3/envs/amrfinder_env/bin/
Software version: 4.2.7
Database directory: /home/bacte/miniconda3/envs/amrfinder_env/share/amrfinderplus/data/2026-08-07.1
Database version: 2026-08-07.1
AMRFinder translated nucleotide search
  - include -O ORGANISM, --organism ORGANISM option to add mutation searches and suppress common proteins
Running tblastn
Making report
amrfinder took 17 seconds to complete
    OK
[345/1312] GCF_024702005.1
Running: amrfinder -n /home/bacte/bacillus_amr/01_genomes/ncbi_dataset/ncbi_dataset/data/GCF_024702005.1/GCF_024702005.1_ASM2470200v1_genomic.fna --plus -o /home/bacte/bacillus_amr/05_amr/amrfinder_raw/GCF_024702005.1.tsv
Software directory: /home/bacte/miniconda3/envs/amrfinder_env/bin/
Software version: 4.2.7
Database directory: /home/bacte/miniconda3/envs/amrfinder_env/share/amrfinderplus/data/2026-08-07.1
Database version: 2026-08-07.1
AMRFinder translated nucleotide search
  - include -O ORGANISM, --organism ORGANISM option to add mutation searches and suppress common proteins
Running tblastn
Making report
amrfinder took 33 seconds to complete
    OK
[346/1312] GCF_024741115.1
Running: amrfinder -n /home/bacte/bacillus_amr/01_genomes/ncbi_dataset/ncbi_dataset/data/GCF_024741115.1/GCF_024741115.1_ASM2474111v1_genomic.fna --plus -o /home/bacte/bacillus_amr/05_amr/amrfinder_raw/GCF_024741115.1.tsv
Software directory: /home/bacte/miniconda3/envs/amrfinder_env/bin/
Software version: 4.2.7
Database directory: /home/bacte/miniconda3/envs/amrfinder_env/share/amrfinderplus/data/2026-08-07.1
Database version: 2026-08-07.1
AMRFinder translated nucleotide search
  - include -O ORGANISM, --organism ORGANISM option to add mutation searches and suppress common proteins
Running tblastn
Making report
amrfinder took 11 seconds to complete
    OK
[347/1312] GCF_036964805.1
Running: amrfinder -n /home/bacte/bacillus_amr/01_genomes/ncbi_dataset/ncbi_dataset/data/GCF_036964805.1/GCF_036964805.1_ASM3696480v1_genomic.fna --plus -o /home/bacte/bacillus_amr/05_amr/amrfinder_raw/GCF_036964805.1.tsv
Software directory: /home/bacte/miniconda3/envs/amrfinder_env/bin/
Software version: 4.2.7
Database directory: /home/bacte/miniconda3/envs/amrfinder_env/share/amrfinderplus/data/2026-08-07.1
Database version: 2026-08-07.1
AMRFinder translated nucleotide search
  - include -O ORGANISM, --organism ORGANISM option to add mutation searches and suppress common proteins
Running tblastn
Making report
amrfinder took 38 seconds to complete
    OK
[348/1312] GCF_048054055.1
Running: amrfinder -n /home/bacte/bacillus_amr/01_genomes/ncbi_dataset/ncbi_dataset/data/GCF_048054055.1/GCF_048054055.1_ASM4805405v1_genomic.fna --plus -o /home/bacte/bacillus_amr/05_amr/amrfinder_raw/GCF_048054055.1.tsv
Software directory: /home/bacte/miniconda3/envs/amrfinder_env/bin/
Software version: 4.2.7
Database directory: /home/bacte/miniconda3/envs/amrfinder_env/share/amrfinderplus/data/2026-08-07.1
Database version: 2026-08-07.1
AMRFinder translated nucleotide search
  - include -O ORGANISM, --organism ORGANISM option to add mutation searches and suppress common proteins
Running tblastn
Making report
amrfinder took 13 seconds to complete
    OK
[349/1312] GCF_053852075.1
Running: amrfinder -n /home/bacte/bacillus_amr/01_genomes/ncbi_dataset/ncbi_dataset/data/GCF_053852075.1/GCF_053852075.1_ASM5385207v1_genomic.fna --plus -o /home/bacte/bacillus_amr/05_amr/amrfinder_raw/GCF_053852075.1.tsv
Software directory: /home/bacte/miniconda3/envs/amrfinder_env/bin/
Software version: 4.2.7
Database directory: /home/bacte/miniconda3/envs/amrfinder_env/share/amrfinderplus/data/2026-08-07.1
Database version: 2026-08-07.1
AMRFinder translated nucleotide search
  - include -O ORGANISM, --organism ORGANISM option to add mutation searches and suppress common proteins
Running tblastn
Making report
amrfinder took 138 seconds to complete
    OK
[350/1312] GCF_059760185.1
Running: amrfinder -n /home/bacte/bacillus_amr/01_genomes/ncbi_dataset/ncbi_dataset/data/GCF_059760185.1/GCF_059760185.1_ASM5976018v1_genomic.fna --plus -o /home/bacte/bacillus_amr/05_amr/amrfinder_raw/GCF_059760185.1.tsv
Software directory: /home/bacte/miniconda3/envs/amrfinder_env/bin/
Software version: 4.2.7
Database directory: /home/bacte/miniconda3/envs/amrfinder_env/share/amrfinderplus/data/2026-08-07.1
Database version: 2026-08-07.1
AMRFinder translated nucleotide search
  - include -O ORGANISM, --organism ORGANISM option to add mutation searches and suppress common proteins
Running tblastn
Making report
amrfinder took 129 seconds to complete
    OK
[351/1312] GCF_036408975.1
Running: amrfinder -n /home/bacte/bacillus_amr/01_genomes/ncbi_dataset/ncbi_dataset/data/GCF_036408975.1/GCF_036408975.1_ASM3640897v1_genomic.fna --plus -o /home/bacte/bacillus_amr/05_amr/amrfinder_raw/GCF_036408975.1.tsv
Software directory: /home/bacte/miniconda3/envs/amrfinder_env/bin/
Software version: 4.2.7
Database directory: /home/bacte/miniconda3/envs/amrfinder_env/share/amrfinderplus/data/2026-08-07.1
Database version: 2026-08-07.1
AMRFinder translated nucleotide search
  - include -O ORGANISM, --organism ORGANISM option to add mutation searches and suppress common proteins
Running tblastn
Making report
amrfinder took 208 seconds to complete
    OK
[352/1312] GCF_002550685.1
Running: amrfinder -n /home/bacte/bacillus_amr/01_genomes/ncbi_dataset/ncbi_dataset/data/GCF_002550685.1/GCF_002550685.1_ASM255068v1_genomic.fna --plus -o /home/bacte/bacillus_amr/05_amr/amrfinder_raw/GCF_002550685.1.tsv
Software directory: /home/bacte/miniconda3/envs/amrfinder_env/bin/
Software version: 4.2.7
Database directory: /home/bacte/miniconda3/envs/amrfinder_env/share/amrfinderplus/data/2026-08-07.1
Database version: 2026-08-07.1
AMRFinder translated nucleotide search
  - include -O ORGANISM, --organism ORGANISM option to add mutation searches and suppress common proteins
Running tblastn
Making report
amrfinder took 11 seconds to complete
    OK
[353/1312] GCF_002553115.1
Running: amrfinder -n /home/bacte/bacillus_amr/01_genomes/ncbi_dataset/ncbi_dataset/data/GCF_002553115.1/GCF_002553115.1_ASM255311v1_genomic.fna --plus -o /home/bacte/bacillus_amr/05_amr/amrfinder_raw/GCF_002553115.1.tsv
Software directory: /home/bacte/miniconda3/envs/amrfinder_env/bin/
Software version: 4.2.7
Database directory: /home/bacte/miniconda3/envs/amrfinder_env/share/amrfinderplus/data/2026-08-07.1
Database version: 2026-08-07.1
AMRFinder translated nucleotide search
  - include -O ORGANISM, --organism ORGANISM option to add mutation searches and suppress common proteins
Running tblastn
Making report
amrfinder took 14 seconds to complete
    OK
[354/1312] GCF_002555545.1
Running: amrfinder -n /home/bacte/bacillus_amr/01_genomes/ncbi_dataset/ncbi_dataset/data/GCF_002555545.1/GCF_002555545.1_ASM255554v1_genomic.fna --plus -o /home/bacte/bacillus_amr/05_amr/amrfinder_raw/GCF_002555545.1.tsv
Software directory: /home/bacte/miniconda3/envs/amrfinder_env/bin/
Software version: 4.2.7
Database directory: /home/bacte/miniconda3/envs/amrfinder_env/share/amrfinderplus/data/2026-08-07.1
Database version: 2026-08-07.1
AMRFinder translated nucleotide search
  - include -O ORGANISM, --organism ORGANISM option to add mutation searches and suppress common proteins
Running tblastn
Making report
amrfinder took 11 seconds to complete
    OK
[355/1312] GCF_002555615.1
Running: amrfinder -n /home/bacte/bacillus_amr/01_genomes/ncbi_dataset/ncbi_dataset/data/GCF_002555615.1/GCF_002555615.1_ASM255561v1_genomic.fna --plus -o /home/bacte/bacillus_amr/05_amr/amrfinder_raw/GCF_002555615.1.tsv
Software directory: /home/bacte/miniconda3/envs/amrfinder_env/bin/
Software version: 4.2.7
Database directory: /home/bacte/miniconda3/envs/amrfinder_env/share/amrfinderplus/data/2026-08-07.1
Database version: 2026-08-07.1
AMRFinder translated nucleotide search
  - include -O ORGANISM, --organism ORGANISM option to add mutation searches and suppress common proteins
Running tblastn
Making report
amrfinder took 11 seconds to complete
    OK
[356/1312] GCF_002555685.1
Running: amrfinder -n /home/bacte/bacillus_amr/01_genomes/ncbi_dataset/ncbi_dataset/data/GCF_002555685.1/GCF_002555685.1_ASM255568v1_genomic.fna --plus -o /home/bacte/bacillus_amr/05_amr/amrfinder_raw/GCF_002555685.1.tsv
Software directory: /home/bacte/miniconda3/envs/amrfinder_env/bin/
Software version: 4.2.7
Database directory: /home/bacte/miniconda3/envs/amrfinder_env/share/amrfinderplus/data/2026-08-07.1
Database version: 2026-08-07.1
AMRFinder translated nucleotide search
  - include -O ORGANISM, --organism ORGANISM option to add mutation searches and suppress common proteins
Running tblastn
Making report
amrfinder took 16 seconds to complete
    OK
[357/1312] GCF_002555785.1
Running: amrfinder -n /home/bacte/bacillus_amr/01_genomes/ncbi_dataset/ncbi_dataset/data/GCF_002555785.1/GCF_002555785.1_ASM255578v1_genomic.fna --plus -o /home/bacte/bacillus_amr/05_amr/amrfinder_raw/GCF_002555785.1.tsv
Software directory: /home/bacte/miniconda3/envs/amrfinder_env/bin/
Software version: 4.2.7
Database directory: /home/bacte/miniconda3/envs/amrfinder_env/share/amrfinderplus/data/2026-08-07.1
Database version: 2026-08-07.1
AMRFinder translated nucleotide search
  - include -O ORGANISM, --organism ORGANISM option to add mutation searches and suppress common proteins
Running tblastn
Making report
amrfinder took 11 seconds to complete
    OK
[358/1312] GCF_002556205.1
Running: amrfinder -n /home/bacte/bacillus_amr/01_genomes/ncbi_dataset/ncbi_dataset/data/GCF_002556205.1/GCF_002556205.1_ASM255620v1_genomic.fna --plus -o /home/bacte/bacillus_amr/05_amr/amrfinder_raw/GCF_002556205.1.tsv
Software directory: /home/bacte/miniconda3/envs/amrfinder_env/bin/
Software version: 4.2.7
Database directory: /home/bacte/miniconda3/envs/amrfinder_env/share/amrfinderplus/data/2026-08-07.1
Database version: 2026-08-07.1
AMRFinder translated nucleotide search
  - include -O ORGANISM, --organism ORGANISM option to add mutation searches and suppress common proteins
Running tblastn
Making report
amrfinder took 12 seconds to complete
    OK
[359/1312] GCF_002556235.1
Running: amrfinder -n /home/bacte/bacillus_amr/01_genomes/ncbi_dataset/ncbi_dataset/data/GCF_002556235.1/GCF_002556235.1_ASM255623v1_genomic.fna --plus -o /home/bacte/bacillus_amr/05_amr/amrfinder_raw/GCF_002556235.1.tsv
Software directory: /home/bacte/miniconda3/envs/amrfinder_env/bin/
Software version: 4.2.7
Database directory: /home/bacte/miniconda3/envs/amrfinder_env/share/amrfinderplus/data/2026-08-07.1
Database version: 2026-08-07.1
AMRFinder translated nucleotide search
  - include -O ORGANISM, --organism ORGANISM option to add mutation searches and suppress common proteins
Running tblastn
Making report
amrfinder took 12 seconds to complete
    OK
[360/1312] GCF_002556385.1
Running: amrfinder -n /home/bacte/bacillus_amr/01_genomes/ncbi_dataset/ncbi_dataset/data/GCF_002556385.1/GCF_002556385.1_ASM255638v1_genomic.fna --plus -o /home/bacte/bacillus_amr/05_amr/amrfinder_raw/GCF_002556385.1.tsv
Software directory: /home/bacte/miniconda3/envs/amrfinder_env/bin/
Software version: 4.2.7
Database directory: /home/bacte/miniconda3/envs/amrfinder_env/share/amrfinderplus/data/2026-08-07.1
Database version: 2026-08-07.1
AMRFinder translated nucleotide search
  - include -O ORGANISM, --organism ORGANISM option to add mutation searches and suppress common proteins
Running tblastn
Making report
amrfinder took 14 seconds to complete
    OK
[361/1312] GCF_002557385.1
Running: amrfinder -n /home/bacte/bacillus_amr/01_genomes/ncbi_dataset/ncbi_dataset/data/GCF_002557385.1/GCF_002557385.1_ASM255738v1_genomic.fna --plus -o /home/bacte/bacillus_amr/05_amr/amrfinder_raw/GCF_002557385.1.tsv
Software directory: /home/bacte/miniconda3/envs/amrfinder_env/bin/
Software version: 4.2.7
Database directory: /home/bacte/miniconda3/envs/amrfinder_env/share/amrfinderplus/data/2026-08-07.1
Database version: 2026-08-07.1
AMRFinder translated nucleotide search
  - include -O ORGANISM, --organism ORGANISM option to add mutation searches and suppress common proteins
Running tblastn
Making report
amrfinder took 12 seconds to complete
    OK
[362/1312] GCF_002557465.1
Running: amrfinder -n /home/bacte/bacillus_amr/01_genomes/ncbi_dataset/ncbi_dataset/data/GCF_002557465.1/GCF_002557465.1_ASM255746v1_genomic.fna --plus -o /home/bacte/bacillus_amr/05_amr/amrfinder_raw/GCF_002557465.1.tsv
Software directory: /home/bacte/miniconda3/envs/amrfinder_env/bin/
Software version: 4.2.7
Database directory: /home/bacte/miniconda3/envs/amrfinder_env/share/amrfinderplus/data/2026-08-07.1
Database version: 2026-08-07.1
AMRFinder translated nucleotide search
  - include -O ORGANISM, --organism ORGANISM option to add mutation searches and suppress common proteins
Running tblastn
Making report
amrfinder took 15 seconds to complete
    OK
[363/1312] GCF_002568765.1
Running: amrfinder -n /home/bacte/bacillus_amr/01_genomes/ncbi_dataset/ncbi_dataset/data/GCF_002568765.1/GCF_002568765.1_ASM256876v1_genomic.fna --plus -o /home/bacte/bacillus_amr/05_amr/amrfinder_raw/GCF_002568765.1.tsv
Software directory: /home/bacte/miniconda3/envs/amrfinder_env/bin/
Software version: 4.2.7
Database directory: /home/bacte/miniconda3/envs/amrfinder_env/share/amrfinderplus/data/2026-08-07.1
Database version: 2026-08-07.1
AMRFinder translated nucleotide search
  - include -O ORGANISM, --organism ORGANISM option to add mutation searches and suppress common proteins
Running tblastn
Making report
amrfinder took 13 seconds to complete
    OK
[364/1312] GCF_002569565.1
Running: amrfinder -n /home/bacte/bacillus_amr/01_genomes/ncbi_dataset/ncbi_dataset/data/GCF_002569565.1/GCF_002569565.1_ASM256956v1_genomic.fna --plus -o /home/bacte/bacillus_amr/05_amr/amrfinder_raw/GCF_002569565.1.tsv
Software directory: /home/bacte/miniconda3/envs/amrfinder_env/bin/
Software version: 4.2.7
Database directory: /home/bacte/miniconda3/envs/amrfinder_env/share/amrfinderplus/data/2026-08-07.1
Database version: 2026-08-07.1
AMRFinder translated nucleotide search
  - include -O ORGANISM, --organism ORGANISM option to add mutation searches and suppress common proteins
Running tblastn
Making report
amrfinder took 12 seconds to complete
    OK
[365/1312] GCF_002569985.1
Running: amrfinder -n /home/bacte/bacillus_amr/01_genomes/ncbi_dataset/ncbi_dataset/data/GCF_002569985.1/GCF_002569985.1_ASM256998v1_genomic.fna --plus -o /home/bacte/bacillus_amr/05_amr/amrfinder_raw/GCF_002569985.1.tsv
Software directory: /home/bacte/miniconda3/envs/amrfinder_env/bin/
Software version: 4.2.7
Database directory: /home/bacte/miniconda3/envs/amrfinder_env/share/amrfinderplus/data/2026-08-07.1
Database version: 2026-08-07.1
AMRFinder translated nucleotide search
  - include -O ORGANISM, --organism ORGANISM option to add mutation searches and suppress common proteins
Running tblastn
Making report
amrfinder took 12 seconds to complete
    OK
[366/1312] GCF_002571845.1
Running: amrfinder -n /home/bacte/bacillus_amr/01_genomes/ncbi_dataset/ncbi_dataset/data/GCF_002571845.1/GCF_002571845.1_ASM257184v1_genomic.fna --plus -o /home/bacte/bacillus_amr/05_amr/amrfinder_raw/GCF_002571845.1.tsv
Software directory: /home/bacte/miniconda3/envs/amrfinder_env/bin/
Software version: 4.2.7
Database directory: /home/bacte/miniconda3/envs/amrfinder_env/share/amrfinderplus/data/2026-08-07.1
Database version: 2026-08-07.1
AMRFinder translated nucleotide search
  - include -O ORGANISM, --organism ORGANISM option to add mutation searches and suppress common proteins
Running tblastn
Making report
amrfinder took 13 seconds to complete
    OK
[367/1312] GCF_002581285.1
Running: amrfinder -n /home/bacte/bacillus_amr/01_genomes/ncbi_dataset/ncbi_dataset/data/GCF_002581285.1/GCF_002581285.1_ASM258128v1_genomic.fna --plus -o /home/bacte/bacillus_amr/05_amr/amrfinder_raw/GCF_002581285.1.tsv
Software directory: /home/bacte/miniconda3/envs/amrfinder_env/bin/
Software version: 4.2.7
Database directory: /home/bacte/miniconda3/envs/amrfinder_env/share/amrfinderplus/data/2026-08-07.1
Database version: 2026-08-07.1
AMRFinder translated nucleotide search
  - include -O ORGANISM, --organism ORGANISM option to add mutation searches and suppress common proteins
Running tblastn
Making report
amrfinder took 13 seconds to complete
    OK
[368/1312] GCF_002582485.1
Running: amrfinder -n /home/bacte/bacillus_amr/01_genomes/ncbi_dataset/ncbi_dataset/data/GCF_002582485.1/GCF_002582485.1_ASM258248v1_genomic.fna --plus -o /home/bacte/bacillus_amr/05_amr/amrfinder_raw/GCF_002582485.1.tsv
Software directory: /home/bacte/miniconda3/envs/amrfinder_env/bin/
Software version: 4.2.7
Database directory: /home/bacte/miniconda3/envs/amrfinder_env/share/amrfinderplus/data/2026-08-07.1
Database version: 2026-08-07.1
AMRFinder translated nucleotide search
  - include -O ORGANISM, --organism ORGANISM option to add mutation searches and suppress common proteins
Running tblastn
Making report
amrfinder took 11 seconds to complete
    OK
[369/1312] GCF_002583735.1
Running: amrfinder -n /home/bacte/bacillus_amr/01_genomes/ncbi_dataset/ncbi_dataset/data/GCF_002583735.1/GCF_002583735.1_ASM258373v1_genomic.fna --plus -o /home/bacte/bacillus_amr/05_amr/amrfinder_raw/GCF_002583735.1.tsv
Software directory: /home/bacte/miniconda3/envs/amrfinder_env/bin/
Software version: 4.2.7
Database directory: /home/bacte/miniconda3/envs/amrfinder_env/share/amrfinderplus/data/2026-08-07.1
Database version: 2026-08-07.1
AMRFinder translated nucleotide search
  - include -O ORGANISM, --organism ORGANISM option to add mutation searches and suppress common proteins
Running tblastn
Making report
amrfinder took 15 seconds to complete
    OK
[370/1312] GCF_002588885.1
Running: amrfinder -n /home/bacte/bacillus_amr/01_genomes/ncbi_dataset/ncbi_dataset/data/GCF_002588885.1/GCF_002588885.1_ASM258888v1_genomic.fna --plus -o /home/bacte/bacillus_amr/05_amr/amrfinder_raw/GCF_002588885.1.tsv
Software directory: /home/bacte/miniconda3/envs/amrfinder_env/bin/
Software version: 4.2.7
Database directory: /home/bacte/miniconda3/envs/amrfinder_env/share/amrfinderplus/data/2026-08-07.1
Database version: 2026-08-07.1
AMRFinder translated nucleotide search
  - include -O ORGANISM, --organism ORGANISM option to add mutation searches and suppress common proteins
Running tblastn
Making report
amrfinder took 10 seconds to complete
    OK
[371/1312] GCF_002589505.1
Running: amrfinder -n /home/bacte/bacillus_amr/01_genomes/ncbi_dataset/ncbi_dataset/data/GCF_002589505.1/GCF_002589505.1_ASM258950v1_genomic.fna --plus -o /home/bacte/bacillus_amr/05_amr/amrfinder_raw/GCF_002589505.1.tsv
Software directory: /home/bacte/miniconda3/envs/amrfinder_env/bin/
Software version: 4.2.7
Database directory: /home/bacte/miniconda3/envs/amrfinder_env/share/amrfinderplus/data/2026-08-07.1
Database version: 2026-08-07.1
AMRFinder translated nucleotide search
  - include -O ORGANISM, --organism ORGANISM option to add mutation searches and suppress common proteins
Running tblastn
Making report
amrfinder took 10 seconds to complete
    OK
[372/1312] GCF_036962245.1
Running: amrfinder -n /home/bacte/bacillus_amr/01_genomes/ncbi_dataset/ncbi_dataset/data/GCF_036962245.1/GCF_036962245.1_ASM3696224v1_genomic.fna --plus -o /home/bacte/bacillus_amr/05_amr/amrfinder_raw/GCF_036962245.1.tsv
Software directory: /home/bacte/miniconda3/envs/amrfinder_env/bin/
Software version: 4.2.7
Database directory: /home/bacte/miniconda3/envs/amrfinder_env/share/amrfinderplus/data/2026-08-07.1
Database version: 2026-08-07.1
AMRFinder translated nucleotide search
  - include -O ORGANISM, --organism ORGANISM option to add mutation searches and suppress common proteins
Running tblastn
Making report
amrfinder took 12 seconds to complete
    OK
[373/1312] GCF_036963145.1
Running: amrfinder -n /home/bacte/bacillus_amr/01_genomes/ncbi_dataset/ncbi_dataset/data/GCF_036963145.1/GCF_036963145.1_ASM3696314v1_genomic.fna --plus -o /home/bacte/bacillus_amr/05_amr/amrfinder_raw/GCF_036963145.1.tsv
Software directory: /home/bacte/miniconda3/envs/amrfinder_env/bin/
Software version: 4.2.7
Database directory: /home/bacte/miniconda3/envs/amrfinder_env/share/amrfinderplus/data/2026-08-07.1
Database version: 2026-08-07.1
AMRFinder translated nucleotide search
  - include -O ORGANISM, --organism ORGANISM option to add mutation searches and suppress common proteins
Running tblastn
Making report
amrfinder took 11 seconds to complete
    OK
[374/1312] GCF_040829845.1
Running: amrfinder -n /home/bacte/bacillus_amr/01_genomes/ncbi_dataset/ncbi_dataset/data/GCF_040829845.1/GCF_040829845.1_ASM4082984v1_genomic.fna --plus -o /home/bacte/bacillus_amr/05_amr/amrfinder_raw/GCF_040829845.1.tsv
Software directory: /home/bacte/miniconda3/envs/amrfinder_env/bin/
Software version: 4.2.7
Database directory: /home/bacte/miniconda3/envs/amrfinder_env/share/amrfinderplus/data/2026-08-07.1
Database version: 2026-08-07.1
AMRFinder translated nucleotide search
  - include -O ORGANISM, --organism ORGANISM option to add mutation searches and suppress common proteins
Running tblastn
Making report
amrfinder took 17 seconds to complete
    OK
[375/1312] GCF_050210255.1
Running: amrfinder -n /home/bacte/bacillus_amr/01_genomes/ncbi_dataset/ncbi_dataset/data/GCF_050210255.1/GCF_050210255.1_ASM5021025v1_genomic.fna --plus -o /home/bacte/bacillus_amr/05_amr/amrfinder_raw/GCF_050210255.1.tsv
Software directory: /home/bacte/miniconda3/envs/amrfinder_env/bin/
Software version: 4.2.7
Database directory: /home/bacte/miniconda3/envs/amrfinder_env/share/amrfinderplus/data/2026-08-07.1
Database version: 2026-08-07.1
AMRFinder translated nucleotide search
  - include -O ORGANISM, --organism ORGANISM option to add mutation searches and suppress common proteins
Running tblastn
Making report
amrfinder took 83 seconds to complete
    OK
[376/1312] GCF_060371875.1
Running: amrfinder -n /home/bacte/bacillus_amr/01_genomes/ncbi_dataset/ncbi_dataset/data/GCF_060371875.1/GCF_060371875.1_ASM6037187v1_genomic.fna --plus -o /home/bacte/bacillus_amr/05_amr/amrfinder_raw/GCF_060371875.1.tsv
Software directory: /home/bacte/miniconda3/envs/amrfinder_env/bin/
Software version: 4.2.7
Database directory: /home/bacte/miniconda3/envs/amrfinder_env/share/amrfinderplus/data/2026-08-07.1
Database version: 2026-08-07.1
AMRFinder translated nucleotide search
  - include -O ORGANISM, --organism ORGANISM option to add mutation searches and suppress common proteins
Running tblastn
Making report
amrfinder took 99 seconds to complete
    OK
[377/1312] GCF_060371995.1
Running: amrfinder -n /home/bacte/bacillus_amr/01_genomes/ncbi_dataset/ncbi_dataset/data/GCF_060371995.1/GCF_060371995.1_ASM6037199v1_genomic.fna --plus -o /home/bacte/bacillus_amr/05_amr/amrfinder_raw/GCF_060371995.1.tsv
Software directory: /home/bacte/miniconda3/envs/amrfinder_env/bin/
Software version: 4.2.7
Database directory: /home/bacte/miniconda3/envs/amrfinder_env/share/amrfinderplus/data/2026-08-07.1
Database version: 2026-08-07.1
AMRFinder translated nucleotide search
  - include -O ORGANISM, --organism ORGANISM option to add mutation searches and suppress common proteins
Running tblastn
Making report
amrfinder took 121 seconds to complete
    OK
[378/1312] GCF_060372075.1
Running: amrfinder -n /home/bacte/bacillus_amr/01_genomes/ncbi_dataset/ncbi_dataset/data/GCF_060372075.1/GCF_060372075.1_ASM6037207v1_genomic.fna --plus -o /home/bacte/bacillus_amr/05_amr/amrfinder_raw/GCF_060372075.1.tsv
Software directory: /home/bacte/miniconda3/envs/amrfinder_env/bin/
Software version: 4.2.7
Database directory: /home/bacte/miniconda3/envs/amrfinder_env/share/amrfinderplus/data/2026-08-07.1
Database version: 2026-08-07.1
AMRFinder translated nucleotide search
  - include -O ORGANISM, --organism ORGANISM option to add mutation searches and suppress common proteins
Running tblastn
Making report
amrfinder took 113 seconds to complete
    OK
[379/1312] GCF_060372085.1
Running: amrfinder -n /home/bacte/bacillus_amr/01_genomes/ncbi_dataset/ncbi_dataset/data/GCF_060372085.1/GCF_060372085.1_ASM6037208v1_genomic.fna --plus -o /home/bacte/bacillus_amr/05_amr/amrfinder_raw/GCF_060372085.1.tsv
Software directory: /home/bacte/miniconda3/envs/amrfinder_env/bin/
Software version: 4.2.7
Database directory: /home/bacte/miniconda3/envs/amrfinder_env/share/amrfinderplus/data/2026-08-07.1
Database version: 2026-08-07.1
AMRFinder translated nucleotide search
  - include -O ORGANISM, --organism ORGANISM option to add mutation searches and suppress common proteins
Running tblastn
Making report
amrfinder took 81 seconds to complete
    OK
[380/1312] GCF_060372155.1
Running: amrfinder -n /home/bacte/bacillus_amr/01_genomes/ncbi_dataset/ncbi_dataset/data/GCF_060372155.1/GCF_060372155.1_ASM6037215v1_genomic.fna --plus -o /home/bacte/bacillus_amr/05_amr/amrfinder_raw/GCF_060372155.1.tsv
Software directory: /home/bacte/miniconda3/envs/amrfinder_env/bin/
Software version: 4.2.7
Database directory: /home/bacte/miniconda3/envs/amrfinder_env/share/amrfinderplus/data/2026-08-07.1
Database version: 2026-08-07.1
AMRFinder translated nucleotide search
  - include -O ORGANISM, --organism ORGANISM option to add mutation searches and suppress common proteins
Running tblastn
Making report
amrfinder took 83 seconds to complete
    OK
[381/1312] GCF_060372195.1
Running: amrfinder -n /home/bacte/bacillus_amr/01_genomes/ncbi_dataset/ncbi_dataset/data/GCF_060372195.1/GCF_060372195.1_ASM6037219v1_genomic.fna --plus -o /home/bacte/bacillus_amr/05_amr/amrfinder_raw/GCF_060372195.1.tsv
Software directory: /home/bacte/miniconda3/envs/amrfinder_env/bin/
Software version: 4.2.7
Database directory: /home/bacte/miniconda3/envs/amrfinder_env/share/amrfinderplus/data/2026-08-07.1
Database version: 2026-08-07.1
AMRFinder translated nucleotide search
  - include -O ORGANISM, --organism ORGANISM option to add mutation searches and suppress common proteins
Running tblastn
Making report
amrfinder took 109 seconds to complete
    OK
[382/1312] GCF_060372215.1
Running: amrfinder -n /home/bacte/bacillus_amr/01_genomes/ncbi_dataset/ncbi_dataset/data/GCF_060372215.1/GCF_060372215.1_ASM6037221v1_genomic.fna --plus -o /home/bacte/bacillus_amr/05_amr/amrfinder_raw/GCF_060372215.1.tsv
Software directory: /home/bacte/miniconda3/envs/amrfinder_env/bin/
Software version: 4.2.7
Database directory: /home/bacte/miniconda3/envs/amrfinder_env/share/amrfinderplus/data/2026-08-07.1
Database version: 2026-08-07.1
AMRFinder translated nucleotide search
  - include -O ORGANISM, --organism ORGANISM option to add mutation searches and suppress common proteins
Running tblastn
Making report
amrfinder took 84 seconds to complete
    OK
[383/1312] GCF_060372285.1
Running: amrfinder -n /home/bacte/bacillus_amr/01_genomes/ncbi_dataset/ncbi_dataset/data/GCF_060372285.1/GCF_060372285.1_ASM6037228v1_genomic.fna --plus -o /home/bacte/bacillus_amr/05_amr/amrfinder_raw/GCF_060372285.1.tsv
Software directory: /home/bacte/miniconda3/envs/amrfinder_env/bin/
Software version: 4.2.7
Database directory: /home/bacte/miniconda3/envs/amrfinder_env/share/amrfinderplus/data/2026-08-07.1
Database version: 2026-08-07.1
AMRFinder translated nucleotide search
  - include -O ORGANISM, --organism ORGANISM option to add mutation searches and suppress common proteins
Running tblastn
Making report
amrfinder took 109 seconds to complete
    OK
[384/1312] GCF_001578205.1
Running: amrfinder -n /home/bacte/bacillus_amr/01_genomes/ncbi_dataset/ncbi_dataset/data/GCF_001578205.1/GCF_001578205.1_ASM157820v1_genomic.fna --plus -o /home/bacte/bacillus_amr/05_amr/amrfinder_raw/GCF_001578205.1.tsv
Software directory: /home/bacte/miniconda3/envs/amrfinder_env/bin/
Software version: 4.2.7
Database directory: /home/bacte/miniconda3/envs/amrfinder_env/share/amrfinderplus/data/2026-08-07.1
Database version: 2026-08-07.1
AMRFinder translated nucleotide search
  - include -O ORGANISM, --organism ORGANISM option to add mutation searches and suppress common proteins
Running tblastn
Making report
amrfinder took 45 seconds to complete
    OK
[385/1312] GCF_002998365.1
Running: amrfinder -n /home/bacte/bacillus_amr/01_genomes/ncbi_dataset/ncbi_dataset/data/GCF_002998365.1/GCF_002998365.1_ASM299836v1_genomic.fna --plus -o /home/bacte/bacillus_amr/05_amr/amrfinder_raw/GCF_002998365.1.tsv
Software directory: /home/bacte/miniconda3/envs/amrfinder_env/bin/
Software version: 4.2.7
Database directory: /home/bacte/miniconda3/envs/amrfinder_env/share/amrfinderplus/data/2026-08-07.1
Database version: 2026-08-07.1
AMRFinder translated nucleotide search
  - include -O ORGANISM, --organism ORGANISM option to add mutation searches and suppress common proteins
Running tblastn
Making report
amrfinder took 11 seconds to complete
    OK
[386/1312] GCF_003034105.1
Running: amrfinder -n /home/bacte/bacillus_amr/01_genomes/ncbi_dataset/ncbi_dataset/data/GCF_003034105.1/GCF_003034105.1_ASM303410v1_genomic.fna --plus -o /home/bacte/bacillus_amr/05_amr/amrfinder_raw/GCF_003034105.1.tsv
Software directory: /home/bacte/miniconda3/envs/amrfinder_env/bin/
Software version: 4.2.7
Database directory: /home/bacte/miniconda3/envs/amrfinder_env/share/amrfinderplus/data/2026-08-07.1
Database version: 2026-08-07.1
AMRFinder translated nucleotide search
  - include -O ORGANISM, --organism ORGANISM option to add mutation searches and suppress common proteins
Running tblastn
Making report
amrfinder took 22 seconds to complete
    OK
[387/1312] GCF_003985025.1
Running: amrfinder -n /home/bacte/bacillus_amr/01_genomes/ncbi_dataset/ncbi_dataset/data/GCF_003985025.1/GCF_003985025.1_ASM398502v1_genomic.fna --plus -o /home/bacte/bacillus_amr/05_amr/amrfinder_raw/GCF_003985025.1.tsv
Software directory: /home/bacte/miniconda3/envs/amrfinder_env/bin/
Software version: 4.2.7
Database directory: /home/bacte/miniconda3/envs/amrfinder_env/share/amrfinderplus/data/2026-08-07.1
Database version: 2026-08-07.1
AMRFinder translated nucleotide search
  - include -O ORGANISM, --organism ORGANISM option to add mutation searches and suppress common proteins
Running tblastn
Making report
amrfinder took 8 seconds to complete
    OK
[388/1312] GCF_018101255.1
Running: amrfinder -n /home/bacte/bacillus_amr/01_genomes/ncbi_dataset/ncbi_dataset/data/GCF_018101255.1/GCF_018101255.1_ASM1810125v1_genomic.fna --plus -o /home/bacte/bacillus_amr/05_amr/amrfinder_raw/GCF_018101255.1.tsv
Software directory: /home/bacte/miniconda3/envs/amrfinder_env/bin/
Software version: 4.2.7
Database directory: /home/bacte/miniconda3/envs/amrfinder_env/share/amrfinderplus/data/2026-08-07.1
Database version: 2026-08-07.1
AMRFinder translated nucleotide search
  - include -O ORGANISM, --organism ORGANISM option to add mutation searches and suppress common proteins
Running tblastn
Making report
amrfinder took 11 seconds to complete
    OK
[389/1312] GCF_020179025.1
Running: amrfinder -n /home/bacte/bacillus_amr/01_genomes/ncbi_dataset/ncbi_dataset/data/GCF_020179025.1/GCF_020179025.1_ASM2017902v1_genomic.fna --plus -o /home/bacte/bacillus_amr/05_amr/amrfinder_raw/GCF_020179025.1.tsv
Software directory: /home/bacte/miniconda3/envs/amrfinder_env/bin/
Software version: 4.2.7
Database directory: /home/bacte/miniconda3/envs/amrfinder_env/share/amrfinderplus/data/2026-08-07.1
Database version: 2026-08-07.1
AMRFinder translated nucleotide search
  - include -O ORGANISM, --organism ORGANISM option to add mutation searches and suppress common proteins
Running tblastn
Making report
amrfinder took 13 seconds to complete
    OK
[390/1312] GCF_020908045.1
Running: amrfinder -n /home/bacte/bacillus_amr/01_genomes/ncbi_dataset/ncbi_dataset/data/GCF_020908045.1/GCF_020908045.1_ASM2090804v1_genomic.fna --plus -o /home/bacte/bacillus_amr/05_amr/amrfinder_raw/GCF_020908045.1.tsv
Software directory: /home/bacte/miniconda3/envs/amrfinder_env/bin/
Software version: 4.2.7
Database directory: /home/bacte/miniconda3/envs/amrfinder_env/share/amrfinderplus/data/2026-08-07.1
Database version: 2026-08-07.1
AMRFinder translated nucleotide search
  - include -O ORGANISM, --organism ORGANISM option to add mutation searches and suppress common proteins
Running tblastn
Making report
amrfinder took 12 seconds to complete
    OK
[391/1312] GCF_022758335.1
Running: amrfinder -n /home/bacte/bacillus_amr/01_genomes/ncbi_dataset/ncbi_dataset/data/GCF_022758335.1/GCF_022758335.1_ASM2275833v1_genomic.fna --plus -o /home/bacte/bacillus_amr/05_amr/amrfinder_raw/GCF_022758335.1.tsv
Software directory: /home/bacte/miniconda3/envs/amrfinder_env/bin/
Software version: 4.2.7
Database directory: /home/bacte/miniconda3/envs/amrfinder_env/share/amrfinderplus/data/2026-08-07.1
Database version: 2026-08-07.1
AMRFinder translated nucleotide search
  - include -O ORGANISM, --organism ORGANISM option to add mutation searches and suppress common proteins
Running tblastn
Making report
amrfinder took 20 seconds to complete
    OK
[392/1312] GCF_029623775.1
Running: amrfinder -n /home/bacte/bacillus_amr/01_genomes/ncbi_dataset/ncbi_dataset/data/GCF_029623775.1/GCF_029623775.1_ASM2962377v1_genomic.fna --plus -o /home/bacte/bacillus_amr/05_amr/amrfinder_raw/GCF_029623775.1.tsv
Software directory: /home/bacte/miniconda3/envs/amrfinder_env/bin/
Software version: 4.2.7
Database directory: /home/bacte/miniconda3/envs/amrfinder_env/share/amrfinderplus/data/2026-08-07.1
Database version: 2026-08-07.1
AMRFinder translated nucleotide search
  - include -O ORGANISM, --organism ORGANISM option to add mutation searches and suppress common proteins
Running tblastn
Making report
amrfinder took 12 seconds to complete
    OK
[393/1312] GCF_035064525.1
Running: amrfinder -n /home/bacte/bacillus_amr/01_genomes/ncbi_dataset/ncbi_dataset/data/GCF_035064525.1/GCF_035064525.1_ASM3506452v1_genomic.fna --plus -o /home/bacte/bacillus_amr/05_amr/amrfinder_raw/GCF_035064525.1.tsv
Software directory: /home/bacte/miniconda3/envs/amrfinder_env/bin/
Software version: 4.2.7
Database directory: /home/bacte/miniconda3/envs/amrfinder_env/share/amrfinderplus/data/2026-08-07.1
Database version: 2026-08-07.1
AMRFinder translated nucleotide search
  - include -O ORGANISM, --organism ORGANISM option to add mutation searches and suppress common proteins
Running tblastn
Making report
amrfinder took 17 seconds to complete
    OK
[394/1312] GCF_036965825.1
Running: amrfinder -n /home/bacte/bacillus_amr/01_genomes/ncbi_dataset/ncbi_dataset/data/GCF_036965825.1/GCF_036965825.1_ASM3696582v1_genomic.fna --plus -o /home/bacte/bacillus_amr/05_amr/amrfinder_raw/GCF_036965825.1.tsv
Software directory: /home/bacte/miniconda3/envs/amrfinder_env/bin/
Software version: 4.2.7
Database directory: /home/bacte/miniconda3/envs/amrfinder_env/share/amrfinderplus/data/2026-08-07.1
Database version: 2026-08-07.1
AMRFinder translated nucleotide search
  - include -O ORGANISM, --organism ORGANISM option to add mutation searches and suppress common proteins
Running tblastn
Making report
amrfinder took 12 seconds to complete
    OK
[395/1312] GCF_036966005.1
Running: amrfinder -n /home/bacte/bacillus_amr/01_genomes/ncbi_dataset/ncbi_dataset/data/GCF_036966005.1/GCF_036966005.1_ASM3696600v1_genomic.fna --plus -o /home/bacte/bacillus_amr/05_amr/amrfinder_raw/GCF_036966005.1.tsv
Software directory: /home/bacte/miniconda3/envs/amrfinder_env/bin/
Software version: 4.2.7
Database directory: /home/bacte/miniconda3/envs/amrfinder_env/share/amrfinderplus/data/2026-08-07.1
Database version: 2026-08-07.1
AMRFinder translated nucleotide search
  - include -O ORGANISM, --organism ORGANISM option to add mutation searches and suppress common proteins
Running tblastn
Making report
amrfinder took 8 seconds to complete
    OK
[396/1312] GCF_036966065.1
Running: amrfinder -n /home/bacte/bacillus_amr/01_genomes/ncbi_dataset/ncbi_dataset/data/GCF_036966065.1/GCF_036966065.1_ASM3696606v1_genomic.fna --plus -o /home/bacte/bacillus_amr/05_amr/amrfinder_raw/GCF_036966065.1.tsv
Software directory: /home/bacte/miniconda3/envs/amrfinder_env/bin/
Software version: 4.2.7
Database directory: /home/bacte/miniconda3/envs/amrfinder_env/share/amrfinderplus/data/2026-08-07.1
Database version: 2026-08-07.1
AMRFinder translated nucleotide search
  - include -O ORGANISM, --organism ORGANISM option to add mutation searches and suppress common proteins
Running tblastn
Making report
amrfinder took 8 seconds to complete
    OK
[397/1312] GCF_036966445.1
Running: amrfinder -n /home/bacte/bacillus_amr/01_genomes/ncbi_dataset/ncbi_dataset/data/GCF_036966445.1/GCF_036966445.1_ASM3696644v1_genomic.fna --plus -o /home/bacte/bacillus_amr/05_amr/amrfinder_raw/GCF_036966445.1.tsv
Software directory: /home/bacte/miniconda3/envs/amrfinder_env/bin/
Software version: 4.2.7
Database directory: /home/bacte/miniconda3/envs/amrfinder_env/share/amrfinderplus/data/2026-08-07.1
Database version: 2026-08-07.1
AMRFinder translated nucleotide search
  - include -O ORGANISM, --organism ORGANISM option to add mutation searches and suppress common proteins
Running tblastn
Making report
amrfinder took 12 seconds to complete
    OK
[398/1312] GCF_036966585.1
Running: amrfinder -n /home/bacte/bacillus_amr/01_genomes/ncbi_dataset/ncbi_dataset/data/GCF_036966585.1/GCF_036966585.1_ASM3696658v1_genomic.fna --plus -o /home/bacte/bacillus_amr/05_amr/amrfinder_raw/GCF_036966585.1.tsv
Software directory: /home/bacte/miniconda3/envs/amrfinder_env/bin/
Software version: 4.2.7
Database directory: /home/bacte/miniconda3/envs/amrfinder_env/share/amrfinderplus/data/2026-08-07.1
Database version: 2026-08-07.1
AMRFinder translated nucleotide search
  - include -O ORGANISM, --organism ORGANISM option to add mutation searches and suppress common proteins
Running tblastn
Making report
amrfinder took 9 seconds to complete
    OK
[399/1312] GCF_036966625.1
Running: amrfinder -n /home/bacte/bacillus_amr/01_genomes/ncbi_dataset/ncbi_dataset/data/GCF_036966625.1/GCF_036966625.1_ASM3696662v1_genomic.fna --plus -o /home/bacte/bacillus_amr/05_amr/amrfinder_raw/GCF_036966625.1.tsv
Software directory: /home/bacte/miniconda3/envs/amrfinder_env/bin/
Software version: 4.2.7
Database directory: /home/bacte/miniconda3/envs/amrfinder_env/share/amrfinderplus/data/2026-08-07.1
Database version: 2026-08-07.1
AMRFinder translated nucleotide search
  - include -O ORGANISM, --organism ORGANISM option to add mutation searches and suppress common proteins
Running tblastn
Making report
amrfinder took 9 seconds to complete
    OK
[400/1312] GCF_036966665.1
Running: amrfinder -n /home/bacte/bacillus_amr/01_genomes/ncbi_dataset/ncbi_dataset/data/GCF_036966665.1/GCF_036966665.1_ASM3696666v1_genomic.fna --plus -o /home/bacte/bacillus_amr/05_amr/amrfinder_raw/GCF_036966665.1.tsv
Software directory: /home/bacte/miniconda3/envs/amrfinder_env/bin/
Software version: 4.2.7
Database directory: /home/bacte/miniconda3/envs/amrfinder_env/share/amrfinderplus/data/2026-08-07.1
Database version: 2026-08-07.1
AMRFinder translated nucleotide search
  - include -O ORGANISM, --organism ORGANISM option to add mutation searches and suppress common proteins
Running tblastn
Making report
amrfinder took 10 seconds to complete
    OK
[401/1312] GCF_036966825.1
Running: amrfinder -n /home/bacte/bacillus_amr/01_genomes/ncbi_dataset/ncbi_dataset/data/GCF_036966825.1/GCF_036966825.1_ASM3696682v1_genomic.fna --plus -o /home/bacte/bacillus_amr/05_amr/amrfinder_raw/GCF_036966825.1.tsv
Software directory: /home/bacte/miniconda3/envs/amrfinder_env/bin/
Software version: 4.2.7
Database directory: /home/bacte/miniconda3/envs/amrfinder_env/share/amrfinderplus/data/2026-08-07.1
Database version: 2026-08-07.1
AMRFinder translated nucleotide search
  - include -O ORGANISM, --organism ORGANISM option to add mutation searches and suppress common proteins
Running tblastn
Making report
amrfinder took 10 seconds to complete
    OK
[402/1312] GCF_036966845.1
Running: amrfinder -n /home/bacte/bacillus_amr/01_genomes/ncbi_dataset/ncbi_dataset/data/GCF_036966845.1/GCF_036966845.1_ASM3696684v1_genomic.fna --plus -o /home/bacte/bacillus_amr/05_amr/amrfinder_raw/GCF_036966845.1.tsv
Software directory: /home/bacte/miniconda3/envs/amrfinder_env/bin/
Software version: 4.2.7
Database directory: /home/bacte/miniconda3/envs/amrfinder_env/share/amrfinderplus/data/2026-08-07.1
Database version: 2026-08-07.1
AMRFinder translated nucleotide search
  - include -O ORGANISM, --organism ORGANISM option to add mutation searches and suppress common proteins
Running tblastn
Making report
amrfinder took 10 seconds to complete
    OK
[403/1312] GCF_036966885.1
Running: amrfinder -n /home/bacte/bacillus_amr/01_genomes/ncbi_dataset/ncbi_dataset/data/GCF_036966885.1/GCF_036966885.1_ASM3696688v1_genomic.fna --plus -o /home/bacte/bacillus_amr/05_amr/amrfinder_raw/GCF_036966885.1.tsv
Software directory: /home/bacte/miniconda3/envs/amrfinder_env/bin/
Software version: 4.2.7
Database directory: /home/bacte/miniconda3/envs/amrfinder_env/share/amrfinderplus/data/2026-08-07.1
Database version: 2026-08-07.1
AMRFinder translated nucleotide search
  - include -O ORGANISM, --organism ORGANISM option to add mutation searches and suppress common proteins
Running tblastn
Making report
amrfinder took 8 seconds to complete
    OK
[404/1312] GCF_036966925.1
Running: amrfinder -n /home/bacte/bacillus_amr/01_genomes/ncbi_dataset/ncbi_dataset/data/GCF_036966925.1/GCF_036966925.1_ASM3696692v1_genomic.fna --plus -o /home/bacte/bacillus_amr/05_amr/amrfinder_raw/GCF_036966925.1.tsv
Software directory: /home/bacte/miniconda3/envs/amrfinder_env/bin/
Software version: 4.2.7
Database directory: /home/bacte/miniconda3/envs/amrfinder_env/share/amrfinderplus/data/2026-08-07.1
Database version: 2026-08-07.1
AMRFinder translated nucleotide search
  - include -O ORGANISM, --organism ORGANISM option to add mutation searches and suppress common proteins
Running tblastn
Making report
amrfinder took 12 seconds to complete
    OK
[405/1312] GCF_036967065.1
Running: amrfinder -n /home/bacte/bacillus_amr/01_genomes/ncbi_dataset/ncbi_dataset/data/GCF_036967065.1/GCF_036967065.1_ASM3696706v1_genomic.fna --plus -o /home/bacte/bacillus_amr/05_amr/amrfinder_raw/GCF_036967065.1.tsv
Software directory: /home/bacte/miniconda3/envs/amrfinder_env/bin/
Software version: 4.2.7
Database directory: /home/bacte/miniconda3/envs/amrfinder_env/share/amrfinderplus/data/2026-08-07.1
Database version: 2026-08-07.1
AMRFinder translated nucleotide search
  - include -O ORGANISM, --organism ORGANISM option to add mutation searches and suppress common proteins
Running blastx
Making report
amrfinder took 27 seconds to complete
    OK
[406/1312] GCF_036967105.1
Running: amrfinder -n /home/bacte/bacillus_amr/01_genomes/ncbi_dataset/ncbi_dataset/data/GCF_036967105.1/GCF_036967105.1_ASM3696710v1_genomic.fna --plus -o /home/bacte/bacillus_amr/05_amr/amrfinder_raw/GCF_036967105.1.tsv
Software directory: /home/bacte/miniconda3/envs/amrfinder_env/bin/
Software version: 4.2.7
Database directory: /home/bacte/miniconda3/envs/amrfinder_env/share/amrfinderplus/data/2026-08-07.1
Database version: 2026-08-07.1
AMRFinder translated nucleotide search
  - include -O ORGANISM, --organism ORGANISM option to add mutation searches and suppress common proteins
Running tblastn
Making report
amrfinder took 9 seconds to complete
    OK
[407/1312] GCF_040492735.1
Running: amrfinder -n /home/bacte/bacillus_amr/01_genomes/ncbi_dataset/ncbi_dataset/data/GCF_040492735.1/GCF_040492735.1_ASM4049273v1_genomic.fna --plus -o /home/bacte/bacillus_amr/05_amr/amrfinder_raw/GCF_040492735.1.tsv
Software directory: /home/bacte/miniconda3/envs/amrfinder_env/bin/
Software version: 4.2.7
Database directory: /home/bacte/miniconda3/envs/amrfinder_env/share/amrfinderplus/data/2026-08-07.1
Database version: 2026-08-07.1
AMRFinder translated nucleotide search
  - include -O ORGANISM, --organism ORGANISM option to add mutation searches and suppress common proteins
Running tblastn
Making report
amrfinder took 12 seconds to complete
    OK
[408/1312] GCF_040712205.1
Running: amrfinder -n /home/bacte/bacillus_amr/01_genomes/ncbi_dataset/ncbi_dataset/data/GCF_040712205.1/GCF_040712205.1_JJ950_genomic.fna --plus -o /home/bacte/bacillus_amr/05_amr/amrfinder_raw/GCF_040712205.1.tsv
Software directory: /home/bacte/miniconda3/envs/amrfinder_env/bin/
Software version: 4.2.7
Database directory: /home/bacte/miniconda3/envs/amrfinder_env/share/amrfinderplus/data/2026-08-07.1
Database version: 2026-08-07.1
AMRFinder translated nucleotide search
  - include -O ORGANISM, --organism ORGANISM option to add mutation searches and suppress common proteins
Running tblastn
Making report
amrfinder took 43 seconds to complete
    OK
[409/1312] GCF_040712255.1
Running: amrfinder -n /home/bacte/bacillus_amr/01_genomes/ncbi_dataset/ncbi_dataset/data/GCF_040712255.1/GCF_040712255.1_JJ1622_genomic.fna --plus -o /home/bacte/bacillus_amr/05_amr/amrfinder_raw/GCF_040712255.1.tsv
Software directory: /home/bacte/miniconda3/envs/amrfinder_env/bin/
Software version: 4.2.7
Database directory: /home/bacte/miniconda3/envs/amrfinder_env/share/amrfinderplus/data/2026-08-07.1
Database version: 2026-08-07.1
AMRFinder translated nucleotide search
  - include -O ORGANISM, --organism ORGANISM option to add mutation searches and suppress common proteins
Running tblastn
Making report
amrfinder took 40 seconds to complete
    OK
[410/1312] GCF_040712265.1
Running: amrfinder -n /home/bacte/bacillus_amr/01_genomes/ncbi_dataset/ncbi_dataset/data/GCF_040712265.1/GCF_040712265.1_JJ1368_genomic.fna --plus -o /home/bacte/bacillus_amr/05_amr/amrfinder_raw/GCF_040712265.1.tsv
Software directory: /home/bacte/miniconda3/envs/amrfinder_env/bin/
Software version: 4.2.7
Database directory: /home/bacte/miniconda3/envs/amrfinder_env/share/amrfinderplus/data/2026-08-07.1
Database version: 2026-08-07.1
AMRFinder translated nucleotide search
  - include -O ORGANISM, --organism ORGANISM option to add mutation searches and suppress common proteins
Running tblastn
Making report
amrfinder took 44 seconds to complete
    OK
[411/1312] GCF_040829855.1
Running: amrfinder -n /home/bacte/bacillus_amr/01_genomes/ncbi_dataset/ncbi_dataset/data/GCF_040829855.1/GCF_040829855.1_ASM4082985v1_genomic.fna --plus -o /home/bacte/bacillus_amr/05_amr/amrfinder_raw/GCF_040829855.1.tsv
Software directory: /home/bacte/miniconda3/envs/amrfinder_env/bin/
Software version: 4.2.7
Database directory: /home/bacte/miniconda3/envs/amrfinder_env/share/amrfinderplus/data/2026-08-07.1
Database version: 2026-08-07.1
AMRFinder translated nucleotide search
  - include -O ORGANISM, --organism ORGANISM option to add mutation searches and suppress common proteins
Running tblastn
Making report
amrfinder took 11 seconds to complete
    OK
[412/1312] GCF_040893075.1
Running: amrfinder -n /home/bacte/bacillus_amr/01_genomes/ncbi_dataset/ncbi_dataset/data/GCF_040893075.1/GCF_040893075.1_ASM4089307v1_genomic.fna --plus -o /home/bacte/bacillus_amr/05_amr/amrfinder_raw/GCF_040893075.1.tsv
Software directory: /home/bacte/miniconda3/envs/amrfinder_env/bin/
Software version: 4.2.7
Database directory: /home/bacte/miniconda3/envs/amrfinder_env/share/amrfinderplus/data/2026-08-07.1
Database version: 2026-08-07.1
AMRFinder translated nucleotide search
  - include -O ORGANISM, --organism ORGANISM option to add mutation searches and suppress common proteins
Running tblastn
Making report
amrfinder took 42 seconds to complete
    OK
[413/1312] GCF_046269165.1
Running: amrfinder -n /home/bacte/bacillus_amr/01_genomes/ncbi_dataset/ncbi_dataset/data/GCF_046269165.1/GCF_046269165.1_ASM4626916v1_genomic.fna --plus -o /home/bacte/bacillus_amr/05_amr/amrfinder_raw/GCF_046269165.1.tsv
Software directory: /home/bacte/miniconda3/envs/amrfinder_env/bin/
Software version: 4.2.7
Database directory: /home/bacte/miniconda3/envs/amrfinder_env/share/amrfinderplus/data/2026-08-07.1
Database version: 2026-08-07.1
AMRFinder translated nucleotide search
  - include -O ORGANISM, --organism ORGANISM option to add mutation searches and suppress common proteins
Running tblastn
Making report
amrfinder took 9 seconds to complete
    OK
[414/1312] GCF_053570905.1
Running: amrfinder -n /home/bacte/bacillus_amr/01_genomes/ncbi_dataset/ncbi_dataset/data/GCF_053570905.1/GCF_053570905.1_ASM5357090v1_genomic.fna --plus -o /home/bacte/bacillus_amr/05_amr/amrfinder_raw/GCF_053570905.1.tsv
Software directory: /home/bacte/miniconda3/envs/amrfinder_env/bin/
Software version: 4.2.7
Database directory: /home/bacte/miniconda3/envs/amrfinder_env/share/amrfinderplus/data/2026-08-07.1
Database version: 2026-08-07.1
AMRFinder translated nucleotide search
  - include -O ORGANISM, --organism ORGANISM option to add mutation searches and suppress common proteins
Running tblastn
Making report
amrfinder took 12 seconds to complete
    OK
[415/1312] GCF_057676625.1
Running: amrfinder -n /home/bacte/bacillus_amr/01_genomes/ncbi_dataset/ncbi_dataset/data/GCF_057676625.1/GCF_057676625.1_ASM5767662v1_genomic.fna --plus -o /home/bacte/bacillus_amr/05_amr/amrfinder_raw/GCF_057676625.1.tsv
Software directory: /home/bacte/miniconda3/envs/amrfinder_env/bin/
Software version: 4.2.7
Database directory: /home/bacte/miniconda3/envs/amrfinder_env/share/amrfinderplus/data/2026-08-07.1
Database version: 2026-08-07.1
AMRFinder translated nucleotide search
  - include -O ORGANISM, --organism ORGANISM option to add mutation searches and suppress common proteins
Running tblastn
Making report
amrfinder took 19 seconds to complete
    OK
[416/1312] GCF_060038125.1
Running: amrfinder -n /home/bacte/bacillus_amr/01_genomes/ncbi_dataset/ncbi_dataset/data/GCF_060038125.1/GCF_060038125.1_CFBP9299_genomic.fna --plus -o /home/bacte/bacillus_amr/05_amr/amrfinder_raw/GCF_060038125.1.tsv
Software directory: /home/bacte/miniconda3/envs/amrfinder_env/bin/
Software version: 4.2.7
Database directory: /home/bacte/miniconda3/envs/amrfinder_env/share/amrfinderplus/data/2026-08-07.1
Database version: 2026-08-07.1
AMRFinder translated nucleotide search
  - include -O ORGANISM, --organism ORGANISM option to add mutation searches and suppress common proteins
Running tblastn
Making report
amrfinder took 40 seconds to complete
    OK
[417/1312] GCF_964264945.1
Running: amrfinder -n /home/bacte/bacillus_amr/01_genomes/ncbi_dataset/ncbi_dataset/data/GCF_964264945.1/GCF_964264945.1_UMR5557-BPJM79_genomic.fna --plus -o /home/bacte/bacillus_amr/05_amr/amrfinder_raw/GCF_964264945.1.tsv
Software directory: /home/bacte/miniconda3/envs/amrfinder_env/bin/
Software version: 4.2.7
Database directory: /home/bacte/miniconda3/envs/amrfinder_env/share/amrfinderplus/data/2026-08-07.1
Database version: 2026-08-07.1
AMRFinder translated nucleotide search
  - include -O ORGANISM, --organism ORGANISM option to add mutation searches and suppress common proteins
Running tblastn
Making report
amrfinder took 15 seconds to complete
    OK
[418/1312] GCF_002998315.1
Running: amrfinder -n /home/bacte/bacillus_amr/01_genomes/ncbi_dataset/ncbi_dataset/data/GCF_002998315.1/GCF_002998315.1_ASM299831v1_genomic.fna --plus -o /home/bacte/bacillus_amr/05_amr/amrfinder_raw/GCF_002998315.1.tsv
Software directory: /home/bacte/miniconda3/envs/amrfinder_env/bin/
Software version: 4.2.7
Database directory: /home/bacte/miniconda3/envs/amrfinder_env/share/amrfinderplus/data/2026-08-07.1
Database version: 2026-08-07.1
AMRFinder translated nucleotide search
  - include -O ORGANISM, --organism ORGANISM option to add mutation searches and suppress common proteins
Running tblastn
Making report
amrfinder took 16 seconds to complete
    OK
[419/1312] GCF_003660145.1
Running: amrfinder -n /home/bacte/bacillus_amr/01_genomes/ncbi_dataset/ncbi_dataset/data/GCF_003660145.1/GCF_003660145.1_ASM366014v1_genomic.fna --plus -o /home/bacte/bacillus_amr/05_amr/amrfinder_raw/GCF_003660145.1.tsv
Software directory: /home/bacte/miniconda3/envs/amrfinder_env/bin/
Software version: 4.2.7
Database directory: /home/bacte/miniconda3/envs/amrfinder_env/share/amrfinderplus/data/2026-08-07.1
Database version: 2026-08-07.1
AMRFinder translated nucleotide search
  - include -O ORGANISM, --organism ORGANISM option to add mutation searches and suppress common proteins
Running tblastn
Making report
amrfinder took 39 seconds to complete
    OK
[420/1312] GCF_008244765.1
Running: amrfinder -n /home/bacte/bacillus_amr/01_genomes/ncbi_dataset/ncbi_dataset/data/GCF_008244765.1/GCF_008244765.1_ASM824476v1_genomic.fna --plus -o /home/bacte/bacillus_amr/05_amr/amrfinder_raw/GCF_008244765.1.tsv
Software directory: /home/bacte/miniconda3/envs/amrfinder_env/bin/
Software version: 4.2.7
Database directory: /home/bacte/miniconda3/envs/amrfinder_env/share/amrfinderplus/data/2026-08-07.1
Database version: 2026-08-07.1
AMRFinder translated nucleotide search
  - include -O ORGANISM, --organism ORGANISM option to add mutation searches and suppress common proteins
Running tblastn
Making report
amrfinder took 42 seconds to complete
    OK
[421/1312] GCF_016767355.1
Running: amrfinder -n /home/bacte/bacillus_amr/01_genomes/ncbi_dataset/ncbi_dataset/data/GCF_016767355.1/GCF_016767355.1_ASM1676735v1_genomic.fna --plus -o /home/bacte/bacillus_amr/05_amr/amrfinder_raw/GCF_016767355.1.tsv
Software directory: /home/bacte/miniconda3/envs/amrfinder_env/bin/
Software version: 4.2.7
Database directory: /home/bacte/miniconda3/envs/amrfinder_env/share/amrfinderplus/data/2026-08-07.1
Database version: 2026-08-07.1
AMRFinder translated nucleotide search
  - include -O ORGANISM, --organism ORGANISM option to add mutation searches and suppress common proteins
Running tblastn
Making report
amrfinder took 15 seconds to complete
    OK
[422/1312] GCF_018101275.1
Running: amrfinder -n /home/bacte/bacillus_amr/01_genomes/ncbi_dataset/ncbi_dataset/data/GCF_018101275.1/GCF_018101275.1_ASM1810127v1_genomic.fna --plus -o /home/bacte/bacillus_amr/05_amr/amrfinder_raw/GCF_018101275.1.tsv
Software directory: /home/bacte/miniconda3/envs/amrfinder_env/bin/
Software version: 4.2.7
Database directory: /home/bacte/miniconda3/envs/amrfinder_env/share/amrfinderplus/data/2026-08-07.1
Database version: 2026-08-07.1
AMRFinder translated nucleotide search
  - include -O ORGANISM, --organism ORGANISM option to add mutation searches and suppress common proteins
Running tblastn
Making report
amrfinder took 15 seconds to complete
    OK
[423/1312] GCF_018101295.1
Running: amrfinder -n /home/bacte/bacillus_amr/01_genomes/ncbi_dataset/ncbi_dataset/data/GCF_018101295.1/GCF_018101295.1_ASM1810129v1_genomic.fna --plus -o /home/bacte/bacillus_amr/05_amr/amrfinder_raw/GCF_018101295.1.tsv
Software directory: /home/bacte/miniconda3/envs/amrfinder_env/bin/
Software version: 4.2.7
Database directory: /home/bacte/miniconda3/envs/amrfinder_env/share/amrfinderplus/data/2026-08-07.1
Database version: 2026-08-07.1
AMRFinder translated nucleotide search
  - include -O ORGANISM, --organism ORGANISM option to add mutation searches and suppress common proteins
Running tblastn
Making report
amrfinder took 10 seconds to complete
    OK
[424/1312] GCF_018101335.1
Running: amrfinder -n /home/bacte/bacillus_amr/01_genomes/ncbi_dataset/ncbi_dataset/data/GCF_018101335.1/GCF_018101335.1_ASM1810133v1_genomic.fna --plus -o /home/bacte/bacillus_amr/05_amr/amrfinder_raw/GCF_018101335.1.tsv
Software directory: /home/bacte/miniconda3/envs/amrfinder_env/bin/
Software version: 4.2.7
Database directory: /home/bacte/miniconda3/envs/amrfinder_env/share/amrfinderplus/data/2026-08-07.1
Database version: 2026-08-07.1
AMRFinder translated nucleotide search
  - include -O ORGANISM, --organism ORGANISM option to add mutation searches and suppress common proteins
Running tblastn
Making report
amrfinder took 16 seconds to complete
    OK
[425/1312] GCF_018361345.1
Running: amrfinder -n /home/bacte/bacillus_amr/01_genomes/ncbi_dataset/ncbi_dataset/data/GCF_018361345.1/GCF_018361345.1_ASM1836134v1_genomic.fna --plus -o /home/bacte/bacillus_amr/05_amr/amrfinder_raw/GCF_018361345.1.tsv
Software directory: /home/bacte/miniconda3/envs/amrfinder_env/bin/
Software version: 4.2.7
Database directory: /home/bacte/miniconda3/envs/amrfinder_env/share/amrfinderplus/data/2026-08-07.1
Database version: 2026-08-07.1
AMRFinder translated nucleotide search
  - include -O ORGANISM, --organism ORGANISM option to add mutation searches and suppress common proteins
Running tblastn
Making report
amrfinder took 9 seconds to complete
    OK
[426/1312] GCF_019599585.1
Running: amrfinder -n /home/bacte/bacillus_amr/01_genomes/ncbi_dataset/ncbi_dataset/data/GCF_019599585.1/GCF_019599585.1_ASM1959958v1_genomic.fna --plus -o /home/bacte/bacillus_amr/05_amr/amrfinder_raw/GCF_019599585.1.tsv
Software directory: /home/bacte/miniconda3/envs/amrfinder_env/bin/
Software version: 4.2.7
Database directory: /home/bacte/miniconda3/envs/amrfinder_env/share/amrfinderplus/data/2026-08-07.1
Database version: 2026-08-07.1
AMRFinder translated nucleotide search
  - include -O ORGANISM, --organism ORGANISM option to add mutation searches and suppress common proteins
Running tblastn
Making report
amrfinder took 12 seconds to complete
    OK
[427/1312] GCF_020179095.1
Running: amrfinder -n /home/bacte/bacillus_amr/01_genomes/ncbi_dataset/ncbi_dataset/data/GCF_020179095.1/GCF_020179095.1_ASM2017909v1_genomic.fna --plus -o /home/bacte/bacillus_amr/05_amr/amrfinder_raw/GCF_020179095.1.tsv
Software directory: /home/bacte/miniconda3/envs/amrfinder_env/bin/
Software version: 4.2.7
Database directory: /home/bacte/miniconda3/envs/amrfinder_env/share/amrfinderplus/data/2026-08-07.1
Database version: 2026-08-07.1
AMRFinder translated nucleotide search
  - include -O ORGANISM, --organism ORGANISM option to add mutation searches and suppress common proteins
Running tblastn
Making report
amrfinder took 23 seconds to complete
    OK
[428/1312] GCF_023195455.1
Running: amrfinder -n /home/bacte/bacillus_amr/01_genomes/ncbi_dataset/ncbi_dataset/data/GCF_023195455.1/GCF_023195455.1_ASM2319545v1_genomic.fna --plus -o /home/bacte/bacillus_amr/05_amr/amrfinder_raw/GCF_023195455.1.tsv
Software directory: /home/bacte/miniconda3/envs/amrfinder_env/bin/
Software version: 4.2.7
Database directory: /home/bacte/miniconda3/envs/amrfinder_env/share/amrfinderplus/data/2026-08-07.1
Database version: 2026-08-07.1
AMRFinder translated nucleotide search
  - include -O ORGANISM, --organism ORGANISM option to add mutation searches and suppress common proteins
Running tblastn
Making report
amrfinder took 12 seconds to complete
    OK
[429/1312] GCF_025309755.1
Running: amrfinder -n /home/bacte/bacillus_amr/01_genomes/ncbi_dataset/ncbi_dataset/data/GCF_025309755.1/GCF_025309755.1_ASM2530975v1_genomic.fna --plus -o /home/bacte/bacillus_amr/05_amr/amrfinder_raw/GCF_025309755.1.tsv
Software directory: /home/bacte/miniconda3/envs/amrfinder_env/bin/
Software version: 4.2.7
Database directory: /home/bacte/miniconda3/envs/amrfinder_env/share/amrfinderplus/data/2026-08-07.1
Database version: 2026-08-07.1
AMRFinder translated nucleotide search
  - include -O ORGANISM, --organism ORGANISM option to add mutation searches and suppress common proteins
Running tblastn
Making report
amrfinder took 47 seconds to complete
    OK
[430/1312] GCF_029211445.1
Running: amrfinder -n /home/bacte/bacillus_amr/01_genomes/ncbi_dataset/ncbi_dataset/data/GCF_029211445.1/GCF_029211445.1_ASM2921144v1_genomic.fna --plus -o /home/bacte/bacillus_amr/05_amr/amrfinder_raw/GCF_029211445.1.tsv
Software directory: /home/bacte/miniconda3/envs/amrfinder_env/bin/
Software version: 4.2.7
Database directory: /home/bacte/miniconda3/envs/amrfinder_env/share/amrfinderplus/data/2026-08-07.1
Database version: 2026-08-07.1
AMRFinder translated nucleotide search
  - include -O ORGANISM, --organism ORGANISM option to add mutation searches and suppress common proteins
Running tblastn
Making report
amrfinder took 16 seconds to complete
    OK
[431/1312] GCF_035807415.1
Running: amrfinder -n /home/bacte/bacillus_amr/01_genomes/ncbi_dataset/ncbi_dataset/data/GCF_035807415.1/GCF_035807415.1_ASM3580741v1_genomic.fna --plus -o /home/bacte/bacillus_amr/05_amr/amrfinder_raw/GCF_035807415.1.tsv
Software directory: /home/bacte/miniconda3/envs/amrfinder_env/bin/
Software version: 4.2.7
Database directory: /home/bacte/miniconda3/envs/amrfinder_env/share/amrfinderplus/data/2026-08-07.1
Database version: 2026-08-07.1
AMRFinder translated nucleotide search
  - include -O ORGANISM, --organism ORGANISM option to add mutation searches and suppress common proteins
Running tblastn
Making report
amrfinder took 10 seconds to complete
    OK
[432/1312] GCF_035807435.1
Running: amrfinder -n /home/bacte/bacillus_amr/01_genomes/ncbi_dataset/ncbi_dataset/data/GCF_035807435.1/GCF_035807435.1_ASM3580743v1_genomic.fna --plus -o /home/bacte/bacillus_amr/05_amr/amrfinder_raw/GCF_035807435.1.tsv
Software directory: /home/bacte/miniconda3/envs/amrfinder_env/bin/
Software version: 4.2.7
Database directory: /home/bacte/miniconda3/envs/amrfinder_env/share/amrfinderplus/data/2026-08-07.1
Database version: 2026-08-07.1
AMRFinder translated nucleotide search
  - include -O ORGANISM, --organism ORGANISM option to add mutation searches and suppress common proteins
Running tblastn
Making report
amrfinder took 18 seconds to complete
    OK
[433/1312] GCF_035807515.1
Running: amrfinder -n /home/bacte/bacillus_amr/01_genomes/ncbi_dataset/ncbi_dataset/data/GCF_035807515.1/GCF_035807515.1_ASM3580751v1_genomic.fna --plus -o /home/bacte/bacillus_amr/05_amr/amrfinder_raw/GCF_035807515.1.tsv
Software directory: /home/bacte/miniconda3/envs/amrfinder_env/bin/
Software version: 4.2.7
Database directory: /home/bacte/miniconda3/envs/amrfinder_env/share/amrfinderplus/data/2026-08-07.1
Database version: 2026-08-07.1
AMRFinder translated nucleotide search
  - include -O ORGANISM, --organism ORGANISM option to add mutation searches and suppress common proteins
Running tblastn
Making report
amrfinder took 16 seconds to complete
    OK
[434/1312] GCF_036348335.1
Running: amrfinder -n /home/bacte/bacillus_amr/01_genomes/ncbi_dataset/ncbi_dataset/data/GCF_036348335.1/GCF_036348335.1_ASM3634833v1_genomic.fna --plus -o /home/bacte/bacillus_amr/05_amr/amrfinder_raw/GCF_036348335.1.tsv
Software directory: /home/bacte/miniconda3/envs/amrfinder_env/bin/
Software version: 4.2.7
Database directory: /home/bacte/miniconda3/envs/amrfinder_env/share/amrfinderplus/data/2026-08-07.1
Database version: 2026-08-07.1
AMRFinder translated nucleotide search
  - include -O ORGANISM, --organism ORGANISM option to add mutation searches and suppress common proteins
Running tblastn
Making report
amrfinder took 19 seconds to complete
    OK
[435/1312] GCF_036961945.1
Running: amrfinder -n /home/bacte/bacillus_amr/01_genomes/ncbi_dataset/ncbi_dataset/data/GCF_036961945.1/GCF_036961945.1_ASM3696194v1_genomic.fna --plus -o /home/bacte/bacillus_amr/05_amr/amrfinder_raw/GCF_036961945.1.tsv
Software directory: /home/bacte/miniconda3/envs/amrfinder_env/bin/
Software version: 4.2.7
Database directory: /home/bacte/miniconda3/envs/amrfinder_env/share/amrfinderplus/data/2026-08-07.1
Database version: 2026-08-07.1
AMRFinder translated nucleotide search
  - include -O ORGANISM, --organism ORGANISM option to add mutation searches and suppress common proteins
Running tblastn
Making report
amrfinder took 8 seconds to complete
    OK
[436/1312] GCF_036962085.1
Running: amrfinder -n /home/bacte/bacillus_amr/01_genomes/ncbi_dataset/ncbi_dataset/data/GCF_036962085.1/GCF_036962085.1_ASM3696208v1_genomic.fna --plus -o /home/bacte/bacillus_amr/05_amr/amrfinder_raw/GCF_036962085.1.tsv
Software directory: /home/bacte/miniconda3/envs/amrfinder_env/bin/
Software version: 4.2.7
Database directory: /home/bacte/miniconda3/envs/amrfinder_env/share/amrfinderplus/data/2026-08-07.1
Database version: 2026-08-07.1
AMRFinder translated nucleotide search
  - include -O ORGANISM, --organism ORGANISM option to add mutation searches and suppress common proteins
Running tblastn
Making report
amrfinder took 11 seconds to complete
    OK
[437/1312] GCF_036962445.1
Running: amrfinder -n /home/bacte/bacillus_amr/01_genomes/ncbi_dataset/ncbi_dataset/data/GCF_036962445.1/GCF_036962445.1_ASM3696244v1_genomic.fna --plus -o /home/bacte/bacillus_amr/05_amr/amrfinder_raw/GCF_036962445.1.tsv
Software directory: /home/bacte/miniconda3/envs/amrfinder_env/bin/
Software version: 4.2.7
Database directory: /home/bacte/miniconda3/envs/amrfinder_env/share/amrfinderplus/data/2026-08-07.1
Database version: 2026-08-07.1
AMRFinder translated nucleotide search
  - include -O ORGANISM, --organism ORGANISM option to add mutation searches and suppress common proteins
Running tblastn
Making report
amrfinder took 10 seconds to complete
    OK
[438/1312] GCF_036962545.1
Running: amrfinder -n /home/bacte/bacillus_amr/01_genomes/ncbi_dataset/ncbi_dataset/data/GCF_036962545.1/GCF_036962545.1_ASM3696254v1_genomic.fna --plus -o /home/bacte/bacillus_amr/05_amr/amrfinder_raw/GCF_036962545.1.tsv
Software directory: /home/bacte/miniconda3/envs/amrfinder_env/bin/
Software version: 4.2.7
Database directory: /home/bacte/miniconda3/envs/amrfinder_env/share/amrfinderplus/data/2026-08-07.1
Database version: 2026-08-07.1
AMRFinder translated nucleotide search
  - include -O ORGANISM, --organism ORGANISM option to add mutation searches and suppress common proteins
Running tblastn
Making report
amrfinder took 7 seconds to complete
    OK
[439/1312] GCF_036962865.1
Running: amrfinder -n /home/bacte/bacillus_amr/01_genomes/ncbi_dataset/ncbi_dataset/data/GCF_036962865.1/GCF_036962865.1_ASM3696286v1_genomic.fna --plus -o /home/bacte/bacillus_amr/05_amr/amrfinder_raw/GCF_036962865.1.tsv
Software directory: /home/bacte/miniconda3/envs/amrfinder_env/bin/
Software version: 4.2.7
Database directory: /home/bacte/miniconda3/envs/amrfinder_env/share/amrfinderplus/data/2026-08-07.1
Database version: 2026-08-07.1
AMRFinder translated nucleotide search
  - include -O ORGANISM, --organism ORGANISM option to add mutation searches and suppress common proteins
Running tblastn
Making report
amrfinder took 8 seconds to complete
    OK
[440/1312] GCF_036963545.1
Running: amrfinder -n /home/bacte/bacillus_amr/01_genomes/ncbi_dataset/ncbi_dataset/data/GCF_036963545.1/GCF_036963545.1_ASM3696354v1_genomic.fna --plus -o /home/bacte/bacillus_amr/05_amr/amrfinder_raw/GCF_036963545.1.tsv
Software directory: /home/bacte/miniconda3/envs/amrfinder_env/bin/
Software version: 4.2.7
Database directory: /home/bacte/miniconda3/envs/amrfinder_env/share/amrfinderplus/data/2026-08-07.1
Database version: 2026-08-07.1
AMRFinder translated nucleotide search
  - include -O ORGANISM, --organism ORGANISM option to add mutation searches and suppress common proteins
Running tblastn
Making report
amrfinder took 10 seconds to complete
    OK
[441/1312] GCF_036965965.1
Running: amrfinder -n /home/bacte/bacillus_amr/01_genomes/ncbi_dataset/ncbi_dataset/data/GCF_036965965.1/GCF_036965965.1_ASM3696596v1_genomic.fna --plus -o /home/bacte/bacillus_amr/05_amr/amrfinder_raw/GCF_036965965.1.tsv
Software directory: /home/bacte/miniconda3/envs/amrfinder_env/bin/
Software version: 4.2.7
Database directory: /home/bacte/miniconda3/envs/amrfinder_env/share/amrfinderplus/data/2026-08-07.1
Database version: 2026-08-07.1
AMRFinder translated nucleotide search
  - include -O ORGANISM, --organism ORGANISM option to add mutation searches and suppress common proteins
Running tblastn
Making report
amrfinder took 8 seconds to complete
    OK
[442/1312] GCF_036966045.1
Running: amrfinder -n /home/bacte/bacillus_amr/01_genomes/ncbi_dataset/ncbi_dataset/data/GCF_036966045.1/GCF_036966045.1_ASM3696604v1_genomic.fna --plus -o /home/bacte/bacillus_amr/05_amr/amrfinder_raw/GCF_036966045.1.tsv
Software directory: /home/bacte/miniconda3/envs/amrfinder_env/bin/
Software version: 4.2.7
Database directory: /home/bacte/miniconda3/envs/amrfinder_env/share/amrfinderplus/data/2026-08-07.1
Database version: 2026-08-07.1
AMRFinder translated nucleotide search
  - include -O ORGANISM, --organism ORGANISM option to add mutation searches and suppress common proteins
Running tblastn
Making report
amrfinder took 14 seconds to complete
    OK
[443/1312] GCF_036966345.1
Running: amrfinder -n /home/bacte/bacillus_amr/01_genomes/ncbi_dataset/ncbi_dataset/data/GCF_036966345.1/GCF_036966345.1_ASM3696634v1_genomic.fna --plus -o /home/bacte/bacillus_amr/05_amr/amrfinder_raw/GCF_036966345.1.tsv
Software directory: /home/bacte/miniconda3/envs/amrfinder_env/bin/
Software version: 4.2.7
Database directory: /home/bacte/miniconda3/envs/amrfinder_env/share/amrfinderplus/data/2026-08-07.1
Database version: 2026-08-07.1
AMRFinder translated nucleotide search
  - include -O ORGANISM, --organism ORGANISM option to add mutation searches and suppress common proteins
Running tblastn
Making report
amrfinder took 13 seconds to complete
    OK
[444/1312] GCF_036966405.1
Running: amrfinder -n /home/bacte/bacillus_amr/01_genomes/ncbi_dataset/ncbi_dataset/data/GCF_036966405.1/GCF_036966405.1_ASM3696640v1_genomic.fna --plus -o /home/bacte/bacillus_amr/05_amr/amrfinder_raw/GCF_036966405.1.tsv
Software directory: /home/bacte/miniconda3/envs/amrfinder_env/bin/
Software version: 4.2.7
Database directory: /home/bacte/miniconda3/envs/amrfinder_env/share/amrfinderplus/data/2026-08-07.1
Database version: 2026-08-07.1
AMRFinder translated nucleotide search
  - include -O ORGANISM, --organism ORGANISM option to add mutation searches and suppress common proteins
Running blastx
Making report
amrfinder took 30 seconds to complete
    OK
[445/1312] GCF_036966685.1
Running: amrfinder -n /home/bacte/bacillus_amr/01_genomes/ncbi_dataset/ncbi_dataset/data/GCF_036966685.1/GCF_036966685.1_ASM3696668v1_genomic.fna --plus -o /home/bacte/bacillus_amr/05_amr/amrfinder_raw/GCF_036966685.1.tsv
Software directory: /home/bacte/miniconda3/envs/amrfinder_env/bin/
Software version: 4.2.7
Database directory: /home/bacte/miniconda3/envs/amrfinder_env/share/amrfinderplus/data/2026-08-07.1
Database version: 2026-08-07.1
AMRFinder translated nucleotide search
  - include -O ORGANISM, --organism ORGANISM option to add mutation searches and suppress common proteins
Running tblastn
Making report
amrfinder took 9 seconds to complete
    OK
[446/1312] GCF_036966745.1
Running: amrfinder -n /home/bacte/bacillus_amr/01_genomes/ncbi_dataset/ncbi_dataset/data/GCF_036966745.1/GCF_036966745.1_ASM3696674v1_genomic.fna --plus -o /home/bacte/bacillus_amr/05_amr/amrfinder_raw/GCF_036966745.1.tsv
Software directory: /home/bacte/miniconda3/envs/amrfinder_env/bin/
Software version: 4.2.7
Database directory: /home/bacte/miniconda3/envs/amrfinder_env/share/amrfinderplus/data/2026-08-07.1
Database version: 2026-08-07.1
AMRFinder translated nucleotide search
  - include -O ORGANISM, --organism ORGANISM option to add mutation searches and suppress common proteins
Running tblastn
Making report
amrfinder took 9 seconds to complete
    OK
[447/1312] GCF_036966785.1
Running: amrfinder -n /home/bacte/bacillus_amr/01_genomes/ncbi_dataset/ncbi_dataset/data/GCF_036966785.1/GCF_036966785.1_ASM3696678v1_genomic.fna --plus -o /home/bacte/bacillus_amr/05_amr/amrfinder_raw/GCF_036966785.1.tsv
Software directory: /home/bacte/miniconda3/envs/amrfinder_env/bin/
Software version: 4.2.7
Database directory: /home/bacte/miniconda3/envs/amrfinder_env/share/amrfinderplus/data/2026-08-07.1
Database version: 2026-08-07.1
AMRFinder translated nucleotide search
  - include -O ORGANISM, --organism ORGANISM option to add mutation searches and suppress common proteins
Running tblastn
Making report
amrfinder took 12 seconds to complete
    OK
[448/1312] GCF_036966865.1
Running: amrfinder -n /home/bacte/bacillus_amr/01_genomes/ncbi_dataset/ncbi_dataset/data/GCF_036966865.1/GCF_036966865.1_ASM3696686v1_genomic.fna --plus -o /home/bacte/bacillus_amr/05_amr/amrfinder_raw/GCF_036966865.1.tsv
Software directory: /home/bacte/miniconda3/envs/amrfinder_env/bin/
Software version: 4.2.7
Database directory: /home/bacte/miniconda3/envs/amrfinder_env/share/amrfinderplus/data/2026-08-07.1
Database version: 2026-08-07.1
AMRFinder translated nucleotide search
  - include -O ORGANISM, --organism ORGANISM option to add mutation searches and suppress common proteins
Running tblastn
Making report
amrfinder took 8 seconds to complete
    OK
[449/1312] GCF_036966945.1
Running: amrfinder -n /home/bacte/bacillus_amr/01_genomes/ncbi_dataset/ncbi_dataset/data/GCF_036966945.1/GCF_036966945.1_ASM3696694v1_genomic.fna --plus -o /home/bacte/bacillus_amr/05_amr/amrfinder_raw/GCF_036966945.1.tsv
Software directory: /home/bacte/miniconda3/envs/amrfinder_env/bin/
Software version: 4.2.7
Database directory: /home/bacte/miniconda3/envs/amrfinder_env/share/amrfinderplus/data/2026-08-07.1
Database version: 2026-08-07.1
AMRFinder translated nucleotide search
  - include -O ORGANISM, --organism ORGANISM option to add mutation searches and suppress common proteins
Running tblastn
Making report
amrfinder took 16 seconds to complete
    OK
[450/1312] GCF_036967005.1
Running: amrfinder -n /home/bacte/bacillus_amr/01_genomes/ncbi_dataset/ncbi_dataset/data/GCF_036967005.1/GCF_036967005.1_ASM3696700v1_genomic.fna --plus -o /home/bacte/bacillus_amr/05_amr/amrfinder_raw/GCF_036967005.1.tsv
Software directory: /home/bacte/miniconda3/envs/amrfinder_env/bin/
Software version: 4.2.7
Database directory: /home/bacte/miniconda3/envs/amrfinder_env/share/amrfinderplus/data/2026-08-07.1
Database version: 2026-08-07.1
AMRFinder translated nucleotide search
  - include -O ORGANISM, --organism ORGANISM option to add mutation searches and suppress common proteins
Running tblastn
Making report
amrfinder took 8 seconds to complete
    OK
[451/1312] GCF_037094785.1
Running: amrfinder -n /home/bacte/bacillus_amr/01_genomes/ncbi_dataset/ncbi_dataset/data/GCF_037094785.1/GCF_037094785.1_JJ1041_genomic.fna --plus -o /home/bacte/bacillus_amr/05_amr/amrfinder_raw/GCF_037094785.1.tsv
Software directory: /home/bacte/miniconda3/envs/amrfinder_env/bin/
Software version: 4.2.7
Database directory: /home/bacte/miniconda3/envs/amrfinder_env/share/amrfinderplus/data/2026-08-07.1
Database version: 2026-08-07.1
AMRFinder translated nucleotide search
  - include -O ORGANISM, --organism ORGANISM option to add mutation searches and suppress common proteins
Running tblastn
Making report
amrfinder took 44 seconds to complete
    OK
[452/1312] GCF_040492315.1
Running: amrfinder -n /home/bacte/bacillus_amr/01_genomes/ncbi_dataset/ncbi_dataset/data/GCF_040492315.1/GCF_040492315.1_ASM4049231v1_genomic.fna --plus -o /home/bacte/bacillus_amr/05_amr/amrfinder_raw/GCF_040492315.1.tsv
Software directory: /home/bacte/miniconda3/envs/amrfinder_env/bin/
Software version: 4.2.7
Database directory: /home/bacte/miniconda3/envs/amrfinder_env/share/amrfinderplus/data/2026-08-07.1
Database version: 2026-08-07.1
AMRFinder translated nucleotide search
  - include -O ORGANISM, --organism ORGANISM option to add mutation searches and suppress common proteins
Running tblastn
Making report
amrfinder took 13 seconds to complete
    OK
[453/1312] GCF_040492375.1
Running: amrfinder -n /home/bacte/bacillus_amr/01_genomes/ncbi_dataset/ncbi_dataset/data/GCF_040492375.1/GCF_040492375.1_ASM4049237v1_genomic.fna --plus -o /home/bacte/bacillus_amr/05_amr/amrfinder_raw/GCF_040492375.1.tsv
Software directory: /home/bacte/miniconda3/envs/amrfinder_env/bin/
Software version: 4.2.7
Database directory: /home/bacte/miniconda3/envs/amrfinder_env/share/amrfinderplus/data/2026-08-07.1
Database version: 2026-08-07.1
AMRFinder translated nucleotide search
  - include -O ORGANISM, --organism ORGANISM option to add mutation searches and suppress common proteins
Running tblastn
Making report
amrfinder took 22 seconds to complete
    OK
[454/1312] GCF_040492755.1
Running: amrfinder -n /home/bacte/bacillus_amr/01_genomes/ncbi_dataset/ncbi_dataset/data/GCF_040492755.1/GCF_040492755.1_ASM4049275v1_genomic.fna --plus -o /home/bacte/bacillus_amr/05_amr/amrfinder_raw/GCF_040492755.1.tsv
Software directory: /home/bacte/miniconda3/envs/amrfinder_env/bin/
Software version: 4.2.7
Database directory: /home/bacte/miniconda3/envs/amrfinder_env/share/amrfinderplus/data/2026-08-07.1
Database version: 2026-08-07.1
AMRFinder translated nucleotide search
  - include -O ORGANISM, --organism ORGANISM option to add mutation searches and suppress common proteins
Running tblastn
Making report
amrfinder took 9 seconds to complete
    OK
[455/1312] GCF_040492795.1
Running: amrfinder -n /home/bacte/bacillus_amr/01_genomes/ncbi_dataset/ncbi_dataset/data/GCF_040492795.1/GCF_040492795.1_ASM4049279v1_genomic.fna --plus -o /home/bacte/bacillus_amr/05_amr/amrfinder_raw/GCF_040492795.1.tsv
Software directory: /home/bacte/miniconda3/envs/amrfinder_env/bin/
Software version: 4.2.7
Database directory: /home/bacte/miniconda3/envs/amrfinder_env/share/amrfinderplus/data/2026-08-07.1
Database version: 2026-08-07.1
AMRFinder translated nucleotide search
  - include -O ORGANISM, --organism ORGANISM option to add mutation searches and suppress common proteins
Running tblastn
Making report
amrfinder took 8 seconds to complete
    OK
[456/1312] GCF_040492835.1
Running: amrfinder -n /home/bacte/bacillus_amr/01_genomes/ncbi_dataset/ncbi_dataset/data/GCF_040492835.1/GCF_040492835.1_ASM4049283v1_genomic.fna --plus -o /home/bacte/bacillus_amr/05_amr/amrfinder_raw/GCF_040492835.1.tsv
Software directory: /home/bacte/miniconda3/envs/amrfinder_env/bin/
Software version: 4.2.7
Database directory: /home/bacte/miniconda3/envs/amrfinder_env/share/amrfinderplus/data/2026-08-07.1
Database version: 2026-08-07.1
AMRFinder translated nucleotide search
  - include -O ORGANISM, --organism ORGANISM option to add mutation searches and suppress common proteins
Running tblastn
Making report
amrfinder took 8 seconds to complete
    OK
[457/1312] GCF_040492895.1
Running: amrfinder -n /home/bacte/bacillus_amr/01_genomes/ncbi_dataset/ncbi_dataset/data/GCF_040492895.1/GCF_040492895.1_ASM4049289v1_genomic.fna --plus -o /home/bacte/bacillus_amr/05_amr/amrfinder_raw/GCF_040492895.1.tsv
Software directory: /home/bacte/miniconda3/envs/amrfinder_env/bin/
Software version: 4.2.7
Database directory: /home/bacte/miniconda3/envs/amrfinder_env/share/amrfinderplus/data/2026-08-07.1
Database version: 2026-08-07.1
AMRFinder translated nucleotide search
  - include -O ORGANISM, --organism ORGANISM option to add mutation searches and suppress common proteins
Running tblastn
Making report
amrfinder took 7 seconds to complete
    OK
[458/1312] GCF_040712225.1
Running: amrfinder -n /home/bacte/bacillus_amr/01_genomes/ncbi_dataset/ncbi_dataset/data/GCF_040712225.1/GCF_040712225.1_JJ1244_genomic.fna --plus -o /home/bacte/bacillus_amr/05_amr/amrfinder_raw/GCF_040712225.1.tsv
Software directory: /home/bacte/miniconda3/envs/amrfinder_env/bin/
Software version: 4.2.7
Database directory: /home/bacte/miniconda3/envs/amrfinder_env/share/amrfinderplus/data/2026-08-07.1
Database version: 2026-08-07.1
AMRFinder translated nucleotide search
  - include -O ORGANISM, --organism ORGANISM option to add mutation searches and suppress common proteins
Running tblastn
Making report
amrfinder took 43 seconds to complete
    OK
[459/1312] GCF_049542595.1
Running: amrfinder -n /home/bacte/bacillus_amr/01_genomes/ncbi_dataset/ncbi_dataset/data/GCF_049542595.1/GCF_049542595.1_ASM4954259v1_genomic.fna --plus -o /home/bacte/bacillus_amr/05_amr/amrfinder_raw/GCF_049542595.1.tsv
Software directory: /home/bacte/miniconda3/envs/amrfinder_env/bin/
Software version: 4.2.7
Database directory: /home/bacte/miniconda3/envs/amrfinder_env/share/amrfinderplus/data/2026-08-07.1
Database version: 2026-08-07.1
AMRFinder translated nucleotide search
  - include -O ORGANISM, --organism ORGANISM option to add mutation searches and suppress common proteins
Running tblastn
Making report
amrfinder took 21 seconds to complete
    OK
[460/1312] GCF_053291865.1
Running: amrfinder -n /home/bacte/bacillus_amr/01_genomes/ncbi_dataset/ncbi_dataset/data/GCF_053291865.1/GCF_053291865.1_ASM5329186v1_genomic.fna --plus -o /home/bacte/bacillus_amr/05_amr/amrfinder_raw/GCF_053291865.1.tsv
Software directory: /home/bacte/miniconda3/envs/amrfinder_env/bin/
Software version: 4.2.7
Database directory: /home/bacte/miniconda3/envs/amrfinder_env/share/amrfinderplus/data/2026-08-07.1
Database version: 2026-08-07.1
AMRFinder translated nucleotide search
  - include -O ORGANISM, --organism ORGANISM option to add mutation searches and suppress common proteins
Running tblastn
Making report
amrfinder took 41 seconds to complete
    OK
[461/1312] GCF_054073805.1
Running: amrfinder -n /home/bacte/bacillus_amr/01_genomes/ncbi_dataset/ncbi_dataset/data/GCF_054073805.1/GCF_054073805.1_ASM5407380v1_genomic.fna --plus -o /home/bacte/bacillus_amr/05_amr/amrfinder_raw/GCF_054073805.1.tsv
Software directory: /home/bacte/miniconda3/envs/amrfinder_env/bin/
Software version: 4.2.7
Database directory: /home/bacte/miniconda3/envs/amrfinder_env/share/amrfinderplus/data/2026-08-07.1
Database version: 2026-08-07.1
AMRFinder translated nucleotide search
  - include -O ORGANISM, --organism ORGANISM option to add mutation searches and suppress common proteins
Running tblastn
Making report
amrfinder took 43 seconds to complete
    OK
[462/1312] GCF_056098965.1
Running: amrfinder -n /home/bacte/bacillus_amr/01_genomes/ncbi_dataset/ncbi_dataset/data/GCF_056098965.1/GCF_056098965.1_ASM5609896v1_genomic.fna --plus -o /home/bacte/bacillus_amr/05_amr/amrfinder_raw/GCF_056098965.1.tsv
Software directory: /home/bacte/miniconda3/envs/amrfinder_env/bin/
Software version: 4.2.7
Database directory: /home/bacte/miniconda3/envs/amrfinder_env/share/amrfinderplus/data/2026-08-07.1
Database version: 2026-08-07.1
AMRFinder translated nucleotide search
  - include -O ORGANISM, --organism ORGANISM option to add mutation searches and suppress common proteins
Running tblastn
Making report
amrfinder took 14 seconds to complete
    OK
[463/1312] GCF_056958415.1
Running: amrfinder -n /home/bacte/bacillus_amr/01_genomes/ncbi_dataset/ncbi_dataset/data/GCF_056958415.1/GCF_056958415.1_ASM5695841v1_genomic.fna --plus -o /home/bacte/bacillus_amr/05_amr/amrfinder_raw/GCF_056958415.1.tsv
Software directory: /home/bacte/miniconda3/envs/amrfinder_env/bin/
Software version: 4.2.7
Database directory: /home/bacte/miniconda3/envs/amrfinder_env/share/amrfinderplus/data/2026-08-07.1
Database version: 2026-08-07.1
AMRFinder translated nucleotide search
  - include -O ORGANISM, --organism ORGANISM option to add mutation searches and suppress common proteins
Running tblastn
Making report
amrfinder took 17 seconds to complete
    OK
[464/1312] GCF_058731845.1
Running: amrfinder -n /home/bacte/bacillus_amr/01_genomes/ncbi_dataset/ncbi_dataset/data/GCF_058731845.1/GCF_058731845.1_ASM5873184v1_genomic.fna --plus -o /home/bacte/bacillus_amr/05_amr/amrfinder_raw/GCF_058731845.1.tsv
Software directory: /home/bacte/miniconda3/envs/amrfinder_env/bin/
Software version: 4.2.7
Database directory: /home/bacte/miniconda3/envs/amrfinder_env/share/amrfinderplus/data/2026-08-07.1
Database version: 2026-08-07.1
AMRFinder translated nucleotide search
  - include -O ORGANISM, --organism ORGANISM option to add mutation searches and suppress common proteins
Running tblastn
Making report
amrfinder took 14 seconds to complete
    OK
[465/1312] GCF_060435285.1
Running: amrfinder -n /home/bacte/bacillus_amr/01_genomes/ncbi_dataset/ncbi_dataset/data/GCF_060435285.1/GCF_060435285.1_ASM6043528v1_genomic.fna --plus -o /home/bacte/bacillus_amr/05_amr/amrfinder_raw/GCF_060435285.1.tsv
Software directory: /home/bacte/miniconda3/envs/amrfinder_env/bin/
Software version: 4.2.7
Database directory: /home/bacte/miniconda3/envs/amrfinder_env/share/amrfinderplus/data/2026-08-07.1
Database version: 2026-08-07.1
AMRFinder translated nucleotide search
  - include -O ORGANISM, --organism ORGANISM option to add mutation searches and suppress common proteins
Running tblastn
Making report
amrfinder took 15 seconds to complete
    OK
[466/1312] GCF_060993455.1
Running: amrfinder -n /home/bacte/bacillus_amr/01_genomes/ncbi_dataset/ncbi_dataset/data/GCF_060993455.1/GCF_060993455.1_ASM6099345v1_genomic.fna --plus -o /home/bacte/bacillus_amr/05_amr/amrfinder_raw/GCF_060993455.1.tsv
Software directory: /home/bacte/miniconda3/envs/amrfinder_env/bin/
Software version: 4.2.7
Database directory: /home/bacte/miniconda3/envs/amrfinder_env/share/amrfinderplus/data/2026-08-07.1
Database version: 2026-08-07.1
AMRFinder translated nucleotide search
  - include -O ORGANISM, --organism ORGANISM option to add mutation searches and suppress common proteins
Running tblastn
Making report
amrfinder took 13 seconds to complete
    OK
[467/1312] GCF_000444215.1
Running: amrfinder -n /home/bacte/bacillus_amr/01_genomes/ncbi_dataset/ncbi_dataset/data/GCF_000444215.1/GCF_000444215.1_BacSafVK_genomic.fna --plus -o /home/bacte/bacillus_amr/05_amr/amrfinder_raw/GCF_000444215.1.tsv
Software directory: /home/bacte/miniconda3/envs/amrfinder_env/bin/
Software version: 4.2.7
Database directory: /home/bacte/miniconda3/envs/amrfinder_env/share/amrfinderplus/data/2026-08-07.1
Database version: 2026-08-07.1
AMRFinder translated nucleotide search
  - include -O ORGANISM, --organism ORGANISM option to add mutation searches and suppress common proteins
Running tblastn
Making report
amrfinder took 10 seconds to complete
    OK
[468/1312] GCF_024453785.1
Running: amrfinder -n /home/bacte/bacillus_amr/01_genomes/ncbi_dataset/ncbi_dataset/data/GCF_024453785.1/GCF_024453785.1_ASM2445378v1_genomic.fna --plus -o /home/bacte/bacillus_amr/05_amr/amrfinder_raw/GCF_024453785.1.tsv
Software directory: /home/bacte/miniconda3/envs/amrfinder_env/bin/
Software version: 4.2.7
Database directory: /home/bacte/miniconda3/envs/amrfinder_env/share/amrfinderplus/data/2026-08-07.1
Database version: 2026-08-07.1
AMRFinder translated nucleotide search
  - include -O ORGANISM, --organism ORGANISM option to add mutation searches and suppress common proteins
Running tblastn
Making report
amrfinder took 77 seconds to complete
    OK
[469/1312] GCF_055475255.1
Running: amrfinder -n /home/bacte/bacillus_amr/01_genomes/ncbi_dataset/ncbi_dataset/data/GCF_055475255.1/GCF_055475255.1_ASM5547525v1_genomic.fna --plus -o /home/bacte/bacillus_amr/05_amr/amrfinder_raw/GCF_055475255.1.tsv
Software directory: /home/bacte/miniconda3/envs/amrfinder_env/bin/
Software version: 4.2.7
Database directory: /home/bacte/miniconda3/envs/amrfinder_env/share/amrfinderplus/data/2026-08-07.1
Database version: 2026-08-07.1
AMRFinder translated nucleotide search
  - include -O ORGANISM, --organism ORGANISM option to add mutation searches and suppress common proteins
Running tblastn
Making report
amrfinder took 60 seconds to complete
    OK
[470/1312] GCF_056008865.1
Running: amrfinder -n /home/bacte/bacillus_amr/01_genomes/ncbi_dataset/ncbi_dataset/data/GCF_056008865.1/GCF_056008865.1_ASM5600886v1_genomic.fna --plus -o /home/bacte/bacillus_amr/05_amr/amrfinder_raw/GCF_056008865.1.tsv
Software directory: /home/bacte/miniconda3/envs/amrfinder_env/bin/
Software version: 4.2.7
Database directory: /home/bacte/miniconda3/envs/amrfinder_env/share/amrfinderplus/data/2026-08-07.1
Database version: 2026-08-07.1
AMRFinder translated nucleotide search
  - include -O ORGANISM, --organism ORGANISM option to add mutation searches and suppress common proteins
Running tblastn
Making report
amrfinder took 61 seconds to complete
    OK
[471/1312] GCF_059958735.1
Running: amrfinder -n /home/bacte/bacillus_amr/01_genomes/ncbi_dataset/ncbi_dataset/data/GCF_059958735.1/GCF_059958735.1_ASM5995873v1_genomic.fna --plus -o /home/bacte/bacillus_amr/05_amr/amrfinder_raw/GCF_059958735.1.tsv
Software directory: /home/bacte/miniconda3/envs/amrfinder_env/bin/
Software version: 4.2.7
Database directory: /home/bacte/miniconda3/envs/amrfinder_env/share/amrfinderplus/data/2026-08-07.1
Database version: 2026-08-07.1
AMRFinder translated nucleotide search
  - include -O ORGANISM, --organism ORGANISM option to add mutation searches and suppress common proteins
Running tblastn
Making report
amrfinder took 58 seconds to complete
    OK
[472/1312] GCF_059958745.1
Running: amrfinder -n /home/bacte/bacillus_amr/01_genomes/ncbi_dataset/ncbi_dataset/data/GCF_059958745.1/GCF_059958745.1_ASM5995874v1_genomic.fna --plus -o /home/bacte/bacillus_amr/05_amr/amrfinder_raw/GCF_059958745.1.tsv
Software directory: /home/bacte/miniconda3/envs/amrfinder_env/bin/
Software version: 4.2.7
Database directory: /home/bacte/miniconda3/envs/amrfinder_env/share/amrfinderplus/data/2026-08-07.1
Database version: 2026-08-07.1
AMRFinder translated nucleotide search
  - include -O ORGANISM, --organism ORGANISM option to add mutation searches and suppress common proteins
Running tblastn
Making report
amrfinder took 59 seconds to complete
    OK
[473/1312] GCF_031324045.1
Running: amrfinder -n /home/bacte/bacillus_amr/01_genomes/ncbi_dataset/ncbi_dataset/data/GCF_031324045.1/GCF_031324045.1_ASM3132404v1_genomic.fna --plus -o /home/bacte/bacillus_amr/05_amr/amrfinder_raw/GCF_031324045.1.tsv
Software directory: /home/bacte/miniconda3/envs/amrfinder_env/bin/
Software version: 4.2.7
Database directory: /home/bacte/miniconda3/envs/amrfinder_env/share/amrfinderplus/data/2026-08-07.1
Database version: 2026-08-07.1
AMRFinder translated nucleotide search
  - include -O ORGANISM, --organism ORGANISM option to add mutation searches and suppress common proteins
Running tblastn
Making report
amrfinder took 49 seconds to complete
    OK
[474/1312] GCF_056399565.1
Running: amrfinder -n /home/bacte/bacillus_amr/01_genomes/ncbi_dataset/ncbi_dataset/data/GCF_056399565.1/GCF_056399565.1_ASM5639956v1_genomic.fna --plus -o /home/bacte/bacillus_amr/05_amr/amrfinder_raw/GCF_056399565.1.tsv
Software directory: /home/bacte/miniconda3/envs/amrfinder_env/bin/
Software version: 4.2.7
Database directory: /home/bacte/miniconda3/envs/amrfinder_env/share/amrfinderplus/data/2026-08-07.1
Database version: 2026-08-07.1
AMRFinder translated nucleotide search
  - include -O ORGANISM, --organism ORGANISM option to add mutation searches and suppress common proteins
Running tblastn
Making report
amrfinder took 19 seconds to complete
    OK
[475/1312] GCF_056399205.1
Running: amrfinder -n /home/bacte/bacillus_amr/01_genomes/ncbi_dataset/ncbi_dataset/data/GCF_056399205.1/GCF_056399205.1_ASM5639920v1_genomic.fna --plus -o /home/bacte/bacillus_amr/05_amr/amrfinder_raw/GCF_056399205.1.tsv
Software directory: /home/bacte/miniconda3/envs/amrfinder_env/bin/
Software version: 4.2.7
Database directory: /home/bacte/miniconda3/envs/amrfinder_env/share/amrfinderplus/data/2026-08-07.1
Database version: 2026-08-07.1
AMRFinder translated nucleotide search
  - include -O ORGANISM, --organism ORGANISM option to add mutation searches and suppress common proteins
Running tblastn
Making report
amrfinder took 32 seconds to complete
    OK
[476/1312] GCF_056398845.1
Running: amrfinder -n /home/bacte/bacillus_amr/01_genomes/ncbi_dataset/ncbi_dataset/data/GCF_056398845.1/GCF_056398845.1_ASM5639884v1_genomic.fna --plus -o /home/bacte/bacillus_amr/05_amr/amrfinder_raw/GCF_056398845.1.tsv
Software directory: /home/bacte/miniconda3/envs/amrfinder_env/bin/
Software version: 4.2.7
Database directory: /home/bacte/miniconda3/envs/amrfinder_env/share/amrfinderplus/data/2026-08-07.1
Database version: 2026-08-07.1
AMRFinder translated nucleotide search
  - include -O ORGANISM, --organism ORGANISM option to add mutation searches and suppress common proteins
Running tblastn
Making report
amrfinder took 12 seconds to complete
    OK
[477/1312] GCF_056398025.1
Running: amrfinder -n /home/bacte/bacillus_amr/01_genomes/ncbi_dataset/ncbi_dataset/data/GCF_056398025.1/GCF_056398025.1_ASM5639802v1_genomic.fna --plus -o /home/bacte/bacillus_amr/05_amr/amrfinder_raw/GCF_056398025.1.tsv
Software directory: /home/bacte/miniconda3/envs/amrfinder_env/bin/
Software version: 4.2.7
Database directory: /home/bacte/miniconda3/envs/amrfinder_env/share/amrfinderplus/data/2026-08-07.1
Database version: 2026-08-07.1
AMRFinder translated nucleotide search
  - include -O ORGANISM, --organism ORGANISM option to add mutation searches and suppress common proteins
Running tblastn
Making report
amrfinder took 17 seconds to complete
    OK
[478/1312] GCF_056397025.1
Running: amrfinder -n /home/bacte/bacillus_amr/01_genomes/ncbi_dataset/ncbi_dataset/data/GCF_056397025.1/GCF_056397025.1_ASM5639702v1_genomic.fna --plus -o /home/bacte/bacillus_amr/05_amr/amrfinder_raw/GCF_056397025.1.tsv
Software directory: /home/bacte/miniconda3/envs/amrfinder_env/bin/
Software version: 4.2.7
Database directory: /home/bacte/miniconda3/envs/amrfinder_env/share/amrfinderplus/data/2026-08-07.1
Database version: 2026-08-07.1
AMRFinder translated nucleotide search
  - include -O ORGANISM, --organism ORGANISM option to add mutation searches and suppress common proteins
Running tblastn
Making report
amrfinder took 16 seconds to complete
    OK
[479/1312] GCF_056396905.1
Running: amrfinder -n /home/bacte/bacillus_amr/01_genomes/ncbi_dataset/ncbi_dataset/data/GCF_056396905.1/GCF_056396905.1_ASM5639690v1_genomic.fna --plus -o /home/bacte/bacillus_amr/05_amr/amrfinder_raw/GCF_056396905.1.tsv
Software directory: /home/bacte/miniconda3/envs/amrfinder_env/bin/
Software version: 4.2.7
Database directory: /home/bacte/miniconda3/envs/amrfinder_env/share/amrfinderplus/data/2026-08-07.1
Database version: 2026-08-07.1
AMRFinder translated nucleotide search
  - include -O ORGANISM, --organism ORGANISM option to add mutation searches and suppress common proteins
Running tblastn
Making report
amrfinder took 11 seconds to complete
    OK
[480/1312] GCF_056396785.1
Running: amrfinder -n /home/bacte/bacillus_amr/01_genomes/ncbi_dataset/ncbi_dataset/data/GCF_056396785.1/GCF_056396785.1_ASM5639678v1_genomic.fna --plus -o /home/bacte/bacillus_amr/05_amr/amrfinder_raw/GCF_056396785.1.tsv
Software directory: /home/bacte/miniconda3/envs/amrfinder_env/bin/
Software version: 4.2.7
Database directory: /home/bacte/miniconda3/envs/amrfinder_env/share/amrfinderplus/data/2026-08-07.1
Database version: 2026-08-07.1
AMRFinder translated nucleotide search
  - include -O ORGANISM, --organism ORGANISM option to add mutation searches and suppress common proteins
Running tblastn
Making report
amrfinder took 24 seconds to complete
    OK
[481/1312] GCF_056396765.1
Running: amrfinder -n /home/bacte/bacillus_amr/01_genomes/ncbi_dataset/ncbi_dataset/data/GCF_056396765.1/GCF_056396765.1_ASM5639676v1_genomic.fna --plus -o /home/bacte/bacillus_amr/05_amr/amrfinder_raw/GCF_056396765.1.tsv
Software directory: /home/bacte/miniconda3/envs/amrfinder_env/bin/
Software version: 4.2.7
Database directory: /home/bacte/miniconda3/envs/amrfinder_env/share/amrfinderplus/data/2026-08-07.1
Database version: 2026-08-07.1
AMRFinder translated nucleotide search
  - include -O ORGANISM, --organism ORGANISM option to add mutation searches and suppress common proteins
Running tblastn
Making report
amrfinder took 9 seconds to complete
    OK
[482/1312] GCF_014534735.1
Running: amrfinder -n /home/bacte/bacillus_amr/01_genomes/ncbi_dataset/ncbi_dataset/data/GCF_014534735.1/GCF_014534735.1_ASM1453473v1_genomic.fna --plus -o /home/bacte/bacillus_amr/05_amr/amrfinder_raw/GCF_014534735.1.tsv
Software directory: /home/bacte/miniconda3/envs/amrfinder_env/bin/
Software version: 4.2.7
Database directory: /home/bacte/miniconda3/envs/amrfinder_env/share/amrfinderplus/data/2026-08-07.1
Database version: 2026-08-07.1
AMRFinder translated nucleotide search
  - include -O ORGANISM, --organism ORGANISM option to add mutation searches and suppress common proteins
Running tblastn
Making report
amrfinder took 29 seconds to complete
    OK
[483/1312] GCF_056395645.1
Running: amrfinder -n /home/bacte/bacillus_amr/01_genomes/ncbi_dataset/ncbi_dataset/data/GCF_056395645.1/GCF_056395645.1_ASM5639564v1_genomic.fna --plus -o /home/bacte/bacillus_amr/05_amr/amrfinder_raw/GCF_056395645.1.tsv
Software directory: /home/bacte/miniconda3/envs/amrfinder_env/bin/
Software version: 4.2.7
Database directory: /home/bacte/miniconda3/envs/amrfinder_env/share/amrfinderplus/data/2026-08-07.1
Database version: 2026-08-07.1
AMRFinder translated nucleotide search
  - include -O ORGANISM, --organism ORGANISM option to add mutation searches and suppress common proteins
Running tblastn
Making report
amrfinder took 40 seconds to complete
    OK
[484/1312] GCF_052682215.1
Running: amrfinder -n /home/bacte/bacillus_amr/01_genomes/ncbi_dataset/ncbi_dataset/data/GCF_052682215.1/GCF_052682215.1_ASM5268221v1_genomic.fna --plus -o /home/bacte/bacillus_amr/05_amr/amrfinder_raw/GCF_052682215.1.tsv
Software directory: /home/bacte/miniconda3/envs/amrfinder_env/bin/
Software version: 4.2.7
Database directory: /home/bacte/miniconda3/envs/amrfinder_env/share/amrfinderplus/data/2026-08-07.1
Database version: 2026-08-07.1
AMRFinder translated nucleotide search
  - include -O ORGANISM, --organism ORGANISM option to add mutation searches and suppress common proteins
Running tblastn
Making report
amrfinder took 230 seconds to complete
    OK
[485/1312] GCF_014534715.1
Running: amrfinder -n /home/bacte/bacillus_amr/01_genomes/ncbi_dataset/ncbi_dataset/data/GCF_014534715.1/GCF_014534715.1_ASM1453471v1_genomic.fna --plus -o /home/bacte/bacillus_amr/05_amr/amrfinder_raw/GCF_014534715.1.tsv
Software directory: /home/bacte/miniconda3/envs/amrfinder_env/bin/
Software version: 4.2.7
Database directory: /home/bacte/miniconda3/envs/amrfinder_env/share/amrfinderplus/data/2026-08-07.1
Database version: 2026-08-07.1
AMRFinder translated nucleotide search
  - include -O ORGANISM, --organism ORGANISM option to add mutation searches and suppress common proteins
Running tblastn
Making report
amrfinder took 18 seconds to complete
    OK
[486/1312] GCF_052045575.1
Running: amrfinder -n /home/bacte/bacillus_amr/01_genomes/ncbi_dataset/ncbi_dataset/data/GCF_052045575.1/GCF_052045575.1_ASM5204557v1_genomic.fna --plus -o /home/bacte/bacillus_amr/05_amr/amrfinder_raw/GCF_052045575.1.tsv
Software directory: /home/bacte/miniconda3/envs/amrfinder_env/bin/
Software version: 4.2.7
Database directory: /home/bacte/miniconda3/envs/amrfinder_env/share/amrfinderplus/data/2026-08-07.1
Database version: 2026-08-07.1
AMRFinder translated nucleotide search
  - include -O ORGANISM, --organism ORGANISM option to add mutation searches and suppress common proteins
Running tblastn
Making report
amrfinder took 9 seconds to complete
    OK
[487/1312] GCF_052045475.1
Running: amrfinder -n /home/bacte/bacillus_amr/01_genomes/ncbi_dataset/ncbi_dataset/data/GCF_052045475.1/GCF_052045475.1_ASM5204547v1_genomic.fna --plus -o /home/bacte/bacillus_amr/05_amr/amrfinder_raw/GCF_052045475.1.tsv
Software directory: /home/bacte/miniconda3/envs/amrfinder_env/bin/
Software version: 4.2.7
Database directory: /home/bacte/miniconda3/envs/amrfinder_env/share/amrfinderplus/data/2026-08-07.1
Database version: 2026-08-07.1
AMRFinder translated nucleotide search
  - include -O ORGANISM, --organism ORGANISM option to add mutation searches and suppress common proteins
Running tblastn
Making report
amrfinder took 22 seconds to complete
    OK
[488/1312] GCF_052045225.1
Running: amrfinder -n /home/bacte/bacillus_amr/01_genomes/ncbi_dataset/ncbi_dataset/data/GCF_052045225.1/GCF_052045225.1_ASM5204522v1_genomic.fna --plus -o /home/bacte/bacillus_amr/05_amr/amrfinder_raw/GCF_052045225.1.tsv
Software directory: /home/bacte/miniconda3/envs/amrfinder_env/bin/
Software version: 4.2.7
Database directory: /home/bacte/miniconda3/envs/amrfinder_env/share/amrfinderplus/data/2026-08-07.1
Database version: 2026-08-07.1
AMRFinder translated nucleotide search
  - include -O ORGANISM, --organism ORGANISM option to add mutation searches and suppress common proteins
Running tblastn
Making report
amrfinder took 21 seconds to complete
    OK
[489/1312] GCF_052044955.1
Running: amrfinder -n /home/bacte/bacillus_amr/01_genomes/ncbi_dataset/ncbi_dataset/data/GCF_052044955.1/GCF_052044955.1_ASM5204495v1_genomic.fna --plus -o /home/bacte/bacillus_amr/05_amr/amrfinder_raw/GCF_052044955.1.tsv
Software directory: /home/bacte/miniconda3/envs/amrfinder_env/bin/
Software version: 4.2.7
Database directory: /home/bacte/miniconda3/envs/amrfinder_env/share/amrfinderplus/data/2026-08-07.1
Database version: 2026-08-07.1
AMRFinder translated nucleotide search
  - include -O ORGANISM, --organism ORGANISM option to add mutation searches and suppress common proteins
Running tblastn
Making report
amrfinder took 13 seconds to complete
    OK
[490/1312] GCF_052044835.1
Running: amrfinder -n /home/bacte/bacillus_amr/01_genomes/ncbi_dataset/ncbi_dataset/data/GCF_052044835.1/GCF_052044835.1_ASM5204483v1_genomic.fna --plus -o /home/bacte/bacillus_amr/05_amr/amrfinder_raw/GCF_052044835.1.tsv
Software directory: /home/bacte/miniconda3/envs/amrfinder_env/bin/
Software version: 4.2.7
Database directory: /home/bacte/miniconda3/envs/amrfinder_env/share/amrfinderplus/data/2026-08-07.1
Database version: 2026-08-07.1
AMRFinder translated nucleotide search
  - include -O ORGANISM, --organism ORGANISM option to add mutation searches and suppress common proteins
Running tblastn
Making report
amrfinder took 18 seconds to complete
    OK
[491/1312] GCF_052044605.1
Running: amrfinder -n /home/bacte/bacillus_amr/01_genomes/ncbi_dataset/ncbi_dataset/data/GCF_052044605.1/GCF_052044605.1_ASM5204460v1_genomic.fna --plus -o /home/bacte/bacillus_amr/05_amr/amrfinder_raw/GCF_052044605.1.tsv
Software directory: /home/bacte/miniconda3/envs/amrfinder_env/bin/
Software version: 4.2.7
Database directory: /home/bacte/miniconda3/envs/amrfinder_env/share/amrfinderplus/data/2026-08-07.1
Database version: 2026-08-07.1
AMRFinder translated nucleotide search
  - include -O ORGANISM, --organism ORGANISM option to add mutation searches and suppress common proteins
Running tblastn
Making report
amrfinder took 16 seconds to complete
    OK
[492/1312] GCF_047305475.1
Running: amrfinder -n /home/bacte/bacillus_amr/01_genomes/ncbi_dataset/ncbi_dataset/data/GCF_047305475.1/GCF_047305475.1_ASM4730547v1_genomic.fna --plus -o /home/bacte/bacillus_amr/05_amr/amrfinder_raw/GCF_047305475.1.tsv
Software directory: /home/bacte/miniconda3/envs/amrfinder_env/bin/
Software version: 4.2.7
Database directory: /home/bacte/miniconda3/envs/amrfinder_env/share/amrfinderplus/data/2026-08-07.1
Database version: 2026-08-07.1
AMRFinder translated nucleotide search
  - include -O ORGANISM, --organism ORGANISM option to add mutation searches and suppress common proteins
Running tblastn
Making report
amrfinder took 164 seconds to complete
    OK
[493/1312] GCF_000259405.1
Running: amrfinder -n /home/bacte/bacillus_amr/01_genomes/ncbi_dataset/ncbi_dataset/data/GCF_000259405.1/GCF_000259405.1_ASM25940v1_genomic.fna --plus -o /home/bacte/bacillus_amr/05_amr/amrfinder_raw/GCF_000259405.1.tsv
Software directory: /home/bacte/miniconda3/envs/amrfinder_env/bin/
Software version: 4.2.7
Database directory: /home/bacte/miniconda3/envs/amrfinder_env/share/amrfinderplus/data/2026-08-07.1
Database version: 2026-08-07.1
AMRFinder translated nucleotide search
  - include -O ORGANISM, --organism ORGANISM option to add mutation searches and suppress common proteins
Running tblastn
Making report
amrfinder took 72 seconds to complete
    OK
[494/1312] GCF_042296235.1
Running: amrfinder -n /home/bacte/bacillus_amr/01_genomes/ncbi_dataset/ncbi_dataset/data/GCF_042296235.1/GCF_042296235.1_ASM4229623v1_genomic.fna --plus -o /home/bacte/bacillus_amr/05_amr/amrfinder_raw/GCF_042296235.1.tsv
Software directory: /home/bacte/miniconda3/envs/amrfinder_env/bin/
Software version: 4.2.7
Database directory: /home/bacte/miniconda3/envs/amrfinder_env/share/amrfinderplus/data/2026-08-07.1
Database version: 2026-08-07.1
AMRFinder translated nucleotide search
  - include -O ORGANISM, --organism ORGANISM option to add mutation searches and suppress common proteins
Running tblastn
Making report
amrfinder took 77 seconds to complete
    OK
[495/1312] GCF_979253805.1
Running: amrfinder -n /home/bacte/bacillus_amr/01_genomes/ncbi_dataset/ncbi_dataset/data/GCF_979253805.1/GCF_979253805.1_AC266_genomic.fna --plus -o /home/bacte/bacillus_amr/05_amr/amrfinder_raw/GCF_979253805.1.tsv
Software directory: /home/bacte/miniconda3/envs/amrfinder_env/bin/
Software version: 4.2.7
Database directory: /home/bacte/miniconda3/envs/amrfinder_env/share/amrfinderplus/data/2026-08-07.1
Database version: 2026-08-07.1
AMRFinder translated nucleotide search
  - include -O ORGANISM, --organism ORGANISM option to add mutation searches and suppress common proteins
Running tblastn
Making report
amrfinder took 59 seconds to complete
    OK
[496/1312] GCF_002558005.1
Running: amrfinder -n /home/bacte/bacillus_amr/01_genomes/ncbi_dataset/ncbi_dataset/data/GCF_002558005.1/GCF_002558005.1_ASM255800v1_genomic.fna --plus -o /home/bacte/bacillus_amr/05_amr/amrfinder_raw/GCF_002558005.1.tsv
Software directory: /home/bacte/miniconda3/envs/amrfinder_env/bin/
Software version: 4.2.7
Database directory: /home/bacte/miniconda3/envs/amrfinder_env/share/amrfinderplus/data/2026-08-07.1
Database version: 2026-08-07.1
AMRFinder translated nucleotide search
  - include -O ORGANISM, --organism ORGANISM option to add mutation searches and suppress common proteins
Running tblastn
Making report
amrfinder took 22 seconds to complete
    OK
[497/1312] GCF_002561435.1
Running: amrfinder -n /home/bacte/bacillus_amr/01_genomes/ncbi_dataset/ncbi_dataset/data/GCF_002561435.1/GCF_002561435.1_ASM256143v1_genomic.fna --plus -o /home/bacte/bacillus_amr/05_amr/amrfinder_raw/GCF_002561435.1.tsv
Software directory: /home/bacte/miniconda3/envs/amrfinder_env/bin/
Software version: 4.2.7
Database directory: /home/bacte/miniconda3/envs/amrfinder_env/share/amrfinderplus/data/2026-08-07.1
Database version: 2026-08-07.1
AMRFinder translated nucleotide search
  - include -O ORGANISM, --organism ORGANISM option to add mutation searches and suppress common proteins
Running tblastn
Making report
amrfinder took 10 seconds to complete
    OK
[498/1312] GCF_002561875.1
Running: amrfinder -n /home/bacte/bacillus_amr/01_genomes/ncbi_dataset/ncbi_dataset/data/GCF_002561875.1/GCF_002561875.1_ASM256187v1_genomic.fna --plus -o /home/bacte/bacillus_amr/05_amr/amrfinder_raw/GCF_002561875.1.tsv
Software directory: /home/bacte/miniconda3/envs/amrfinder_env/bin/
Software version: 4.2.7
Database directory: /home/bacte/miniconda3/envs/amrfinder_env/share/amrfinderplus/data/2026-08-07.1
Database version: 2026-08-07.1
AMRFinder translated nucleotide search
  - include -O ORGANISM, --organism ORGANISM option to add mutation searches and suppress common proteins
Running tblastn
Making report
amrfinder took 15 seconds to complete
    OK
[499/1312] GCF_002558095.1
Running: amrfinder -n /home/bacte/bacillus_amr/01_genomes/ncbi_dataset/ncbi_dataset/data/GCF_002558095.1/GCF_002558095.1_ASM255809v1_genomic.fna --plus -o /home/bacte/bacillus_amr/05_amr/amrfinder_raw/GCF_002558095.1.tsv
Software directory: /home/bacte/miniconda3/envs/amrfinder_env/bin/
Software version: 4.2.7
Database directory: /home/bacte/miniconda3/envs/amrfinder_env/share/amrfinderplus/data/2026-08-07.1
Database version: 2026-08-07.1
AMRFinder translated nucleotide search
  - include -O ORGANISM, --organism ORGANISM option to add mutation searches and suppress common proteins
Running tblastn
Making report
amrfinder took 10 seconds to complete
    OK
[500/1312] GCF_002560575.1
Running: amrfinder -n /home/bacte/bacillus_amr/01_genomes/ncbi_dataset/ncbi_dataset/data/GCF_002560575.1/GCF_002560575.1_ASM256057v1_genomic.fna --plus -o /home/bacte/bacillus_amr/05_amr/amrfinder_raw/GCF_002560575.1.tsv
Software directory: /home/bacte/miniconda3/envs/amrfinder_env/bin/
Software version: 4.2.7
Database directory: /home/bacte/miniconda3/envs/amrfinder_env/share/amrfinderplus/data/2026-08-07.1
Database version: 2026-08-07.1
AMRFinder translated nucleotide search
  - include -O ORGANISM, --organism ORGANISM option to add mutation searches and suppress common proteins
Running tblastn
Making report
amrfinder took 11 seconds to complete
    OK
[501/1312] GCF_002584635.1
Running: amrfinder -n /home/bacte/bacillus_amr/01_genomes/ncbi_dataset/ncbi_dataset/data/GCF_002584635.1/GCF_002584635.1_ASM258463v1_genomic.fna --plus -o /home/bacte/bacillus_amr/05_amr/amrfinder_raw/GCF_002584635.1.tsv
Software directory: /home/bacte/miniconda3/envs/amrfinder_env/bin/
Software version: 4.2.7
Database directory: /home/bacte/miniconda3/envs/amrfinder_env/share/amrfinderplus/data/2026-08-07.1
Database version: 2026-08-07.1
AMRFinder translated nucleotide search
  - include -O ORGANISM, --organism ORGANISM option to add mutation searches and suppress common proteins
Running tblastn
Making report
amrfinder took 14 seconds to complete
    OK
[502/1312] GCF_002583065.1
Running: amrfinder -n /home/bacte/bacillus_amr/01_genomes/ncbi_dataset/ncbi_dataset/data/GCF_002583065.1/GCF_002583065.1_ASM258306v1_genomic.fna --plus -o /home/bacte/bacillus_amr/05_amr/amrfinder_raw/GCF_002583065.1.tsv
Software directory: /home/bacte/miniconda3/envs/amrfinder_env/bin/
Software version: 4.2.7
Database directory: /home/bacte/miniconda3/envs/amrfinder_env/share/amrfinderplus/data/2026-08-07.1
Database version: 2026-08-07.1
AMRFinder translated nucleotide search
  - include -O ORGANISM, --organism ORGANISM option to add mutation searches and suppress common proteins
Running tblastn
Making report
amrfinder took 12 seconds to complete
    OK
[503/1312] GCF_002577655.1
Running: amrfinder -n /home/bacte/bacillus_amr/01_genomes/ncbi_dataset/ncbi_dataset/data/GCF_002577655.1/GCF_002577655.1_ASM257765v1_genomic.fna --plus -o /home/bacte/bacillus_amr/05_amr/amrfinder_raw/GCF_002577655.1.tsv
Software directory: /home/bacte/miniconda3/envs/amrfinder_env/bin/
Software version: 4.2.7
Database directory: /home/bacte/miniconda3/envs/amrfinder_env/share/amrfinderplus/data/2026-08-07.1
Database version: 2026-08-07.1
AMRFinder translated nucleotide search
  - include -O ORGANISM, --organism ORGANISM option to add mutation searches and suppress common proteins
Running tblastn
Making report
amrfinder took 9 seconds to complete
    OK
[504/1312] GCF_002577195.1
Running: amrfinder -n /home/bacte/bacillus_amr/01_genomes/ncbi_dataset/ncbi_dataset/data/GCF_002577195.1/GCF_002577195.1_ASM257719v1_genomic.fna --plus -o /home/bacte/bacillus_amr/05_amr/amrfinder_raw/GCF_002577195.1.tsv
Software directory: /home/bacte/miniconda3/envs/amrfinder_env/bin/
Software version: 4.2.7
Database directory: /home/bacte/miniconda3/envs/amrfinder_env/share/amrfinderplus/data/2026-08-07.1
Database version: 2026-08-07.1
AMRFinder translated nucleotide search
  - include -O ORGANISM, --organism ORGANISM option to add mutation searches and suppress common proteins
Running tblastn
Making report
amrfinder took 9 seconds to complete
    OK
[505/1312] GCF_002574545.1
Running: amrfinder -n /home/bacte/bacillus_amr/01_genomes/ncbi_dataset/ncbi_dataset/data/GCF_002574545.1/GCF_002574545.1_ASM257454v1_genomic.fna --plus -o /home/bacte/bacillus_amr/05_amr/amrfinder_raw/GCF_002574545.1.tsv
Software directory: /home/bacte/miniconda3/envs/amrfinder_env/bin/
Software version: 4.2.7
Database directory: /home/bacte/miniconda3/envs/amrfinder_env/share/amrfinderplus/data/2026-08-07.1
Database version: 2026-08-07.1
AMRFinder translated nucleotide search
  - include -O ORGANISM, --organism ORGANISM option to add mutation searches and suppress common proteins
Running tblastn
Making report
amrfinder took 12 seconds to complete
    OK
[506/1312] GCF_002571225.1
Running: amrfinder -n /home/bacte/bacillus_amr/01_genomes/ncbi_dataset/ncbi_dataset/data/GCF_002571225.1/GCF_002571225.1_ASM257122v1_genomic.fna --plus -o /home/bacte/bacillus_amr/05_amr/amrfinder_raw/GCF_002571225.1.tsv
Software directory: /home/bacte/miniconda3/envs/amrfinder_env/bin/
Software version: 4.2.7
Database directory: /home/bacte/miniconda3/envs/amrfinder_env/share/amrfinderplus/data/2026-08-07.1
Database version: 2026-08-07.1
AMRFinder translated nucleotide search
  - include -O ORGANISM, --organism ORGANISM option to add mutation searches and suppress common proteins
Running tblastn
Making report
amrfinder took 10 seconds to complete
    OK
[507/1312] GCF_002566505.1
Running: amrfinder -n /home/bacte/bacillus_amr/01_genomes/ncbi_dataset/ncbi_dataset/data/GCF_002566505.1/GCF_002566505.1_ASM256650v1_genomic.fna --plus -o /home/bacte/bacillus_amr/05_amr/amrfinder_raw/GCF_002566505.1.tsv
Software directory: /home/bacte/miniconda3/envs/amrfinder_env/bin/
Software version: 4.2.7
Database directory: /home/bacte/miniconda3/envs/amrfinder_env/share/amrfinderplus/data/2026-08-07.1
Database version: 2026-08-07.1
AMRFinder translated nucleotide search
  - include -O ORGANISM, --organism ORGANISM option to add mutation searches and suppress common proteins
Running tblastn
Making report
amrfinder took 13 seconds to complete
    OK
[508/1312] GCF_002551815.1
Running: amrfinder -n /home/bacte/bacillus_amr/01_genomes/ncbi_dataset/ncbi_dataset/data/GCF_002551815.1/GCF_002551815.1_ASM255181v1_genomic.fna --plus -o /home/bacte/bacillus_amr/05_amr/amrfinder_raw/GCF_002551815.1.tsv
Software directory: /home/bacte/miniconda3/envs/amrfinder_env/bin/
Software version: 4.2.7
Database directory: /home/bacte/miniconda3/envs/amrfinder_env/share/amrfinderplus/data/2026-08-07.1
Database version: 2026-08-07.1
AMRFinder translated nucleotide search
  - include -O ORGANISM, --organism ORGANISM option to add mutation searches and suppress common proteins
Running tblastn
Making report
amrfinder took 11 seconds to complete
    OK
[509/1312] GCF_052180195.1
Running: amrfinder -n /home/bacte/bacillus_amr/01_genomes/ncbi_dataset/ncbi_dataset/data/GCF_052180195.1/GCF_052180195.1_ASM5218019v1_genomic.fna --plus -o /home/bacte/bacillus_amr/05_amr/amrfinder_raw/GCF_052180195.1.tsv
Software directory: /home/bacte/miniconda3/envs/amrfinder_env/bin/
Software version: 4.2.7
Database directory: /home/bacte/miniconda3/envs/amrfinder_env/share/amrfinderplus/data/2026-08-07.1
Database version: 2026-08-07.1
AMRFinder translated nucleotide search
  - include -O ORGANISM, --organism ORGANISM option to add mutation searches and suppress common proteins
Running tblastn
Making report
amrfinder took 51 seconds to complete
    OK
[510/1312] GCF_056033925.1
Running: amrfinder -n /home/bacte/bacillus_amr/01_genomes/ncbi_dataset/ncbi_dataset/data/GCF_056033925.1/GCF_056033925.1_ASM5603392v1_genomic.fna --plus -o /home/bacte/bacillus_amr/05_amr/amrfinder_raw/GCF_056033925.1.tsv
Software directory: /home/bacte/miniconda3/envs/amrfinder_env/bin/
Software version: 4.2.7
Database directory: /home/bacte/miniconda3/envs/amrfinder_env/share/amrfinderplus/data/2026-08-07.1
Database version: 2026-08-07.1
AMRFinder translated nucleotide search
  - include -O ORGANISM, --organism ORGANISM option to add mutation searches and suppress common proteins
Running tblastn
Making report
amrfinder took 67 seconds to complete
    OK
[511/1312] GCF_051550235.1
Running: amrfinder -n /home/bacte/bacillus_amr/01_genomes/ncbi_dataset/ncbi_dataset/data/GCF_051550235.1/GCF_051550235.1_ASM5155023v1_genomic.fna --plus -o /home/bacte/bacillus_amr/05_amr/amrfinder_raw/GCF_051550235.1.tsv
Software directory: /home/bacte/miniconda3/envs/amrfinder_env/bin/
Software version: 4.2.7
Database directory: /home/bacte/miniconda3/envs/amrfinder_env/share/amrfinderplus/data/2026-08-07.1
Database version: 2026-08-07.1
AMRFinder translated nucleotide search
  - include -O ORGANISM, --organism ORGANISM option to add mutation searches and suppress common proteins
Running tblastn
Making report
amrfinder took 12 seconds to complete
    OK
[512/1312] GCF_001679765.1
Running: amrfinder -n /home/bacte/bacillus_amr/01_genomes/ncbi_dataset/ncbi_dataset/data/GCF_001679765.1/GCF_001679765.1_ASM167976v1_genomic.fna --plus -o /home/bacte/bacillus_amr/05_amr/amrfinder_raw/GCF_001679765.1.tsv
Software directory: /home/bacte/miniconda3/envs/amrfinder_env/bin/
Software version: 4.2.7
Database directory: /home/bacte/miniconda3/envs/amrfinder_env/share/amrfinderplus/data/2026-08-07.1
Database version: 2026-08-07.1
AMRFinder translated nucleotide search
  - include -O ORGANISM, --organism ORGANISM option to add mutation searches and suppress common proteins
Running tblastn
Making report
amrfinder took 172 seconds to complete
    OK
[513/1312] GCF_029536185.1
Running: amrfinder -n /home/bacte/bacillus_amr/01_genomes/ncbi_dataset/ncbi_dataset/data/GCF_029536185.1/GCF_029536185.1_ASM2953618v1_genomic.fna --plus -o /home/bacte/bacillus_amr/05_amr/amrfinder_raw/GCF_029536185.1.tsv
Software directory: /home/bacte/miniconda3/envs/amrfinder_env/bin/
Software version: 4.2.7
Database directory: /home/bacte/miniconda3/envs/amrfinder_env/share/amrfinderplus/data/2026-08-07.1
Database version: 2026-08-07.1
AMRFinder translated nucleotide search
  - include -O ORGANISM, --organism ORGANISM option to add mutation searches and suppress common proteins
Running tblastn
Making report
amrfinder took 72 seconds to complete
    OK
[514/1312] GCF_004367815.1
Running: amrfinder -n /home/bacte/bacillus_amr/01_genomes/ncbi_dataset/ncbi_dataset/data/GCF_004367815.1/GCF_004367815.1_ASM436781v1_genomic.fna --plus -o /home/bacte/bacillus_amr/05_amr/amrfinder_raw/GCF_004367815.1.tsv
Software directory: /home/bacte/miniconda3/envs/amrfinder_env/bin/
Software version: 4.2.7
Database directory: /home/bacte/miniconda3/envs/amrfinder_env/share/amrfinderplus/data/2026-08-07.1
Database version: 2026-08-07.1
AMRFinder translated nucleotide search
  - include -O ORGANISM, --organism ORGANISM option to add mutation searches and suppress common proteins
Running tblastn
Making report
amrfinder took 20 seconds to complete
    OK
[515/1312] GCF_004367825.2
Running: amrfinder -n /home/bacte/bacillus_amr/01_genomes/ncbi_dataset/ncbi_dataset/data/GCF_004367825.2/GCF_004367825.2_ASM436782v2_genomic.fna --plus -o /home/bacte/bacillus_amr/05_amr/amrfinder_raw/GCF_004367825.2.tsv
Software directory: /home/bacte/miniconda3/envs/amrfinder_env/bin/
Software version: 4.2.7
Database directory: /home/bacte/miniconda3/envs/amrfinder_env/share/amrfinderplus/data/2026-08-07.1
Database version: 2026-08-07.1
AMRFinder translated nucleotide search
  - include -O ORGANISM, --organism ORGANISM option to add mutation searches and suppress common proteins
Running tblastn
Making report
amrfinder took 21 seconds to complete
    OK
[516/1312] GCF_028728315.1
Running: amrfinder -n /home/bacte/bacillus_amr/01_genomes/ncbi_dataset/ncbi_dataset/data/GCF_028728315.1/GCF_028728315.1_ASM2872831v1_genomic.fna --plus -o /home/bacte/bacillus_amr/05_amr/amrfinder_raw/GCF_028728315.1.tsv
Software directory: /home/bacte/miniconda3/envs/amrfinder_env/bin/
Software version: 4.2.7
Database directory: /home/bacte/miniconda3/envs/amrfinder_env/share/amrfinderplus/data/2026-08-07.1
Database version: 2026-08-07.1
AMRFinder translated nucleotide search
  - include -O ORGANISM, --organism ORGANISM option to add mutation searches and suppress common proteins
Running tblastn
Making report
amrfinder took 136 seconds to complete
    OK
[517/1312] GCF_054456595.1
Running: amrfinder -n /home/bacte/bacillus_amr/01_genomes/ncbi_dataset/ncbi_dataset/data/GCF_054456595.1/GCF_054456595.1_ASM5445659v1_genomic.fna --plus -o /home/bacte/bacillus_amr/05_amr/amrfinder_raw/GCF_054456595.1.tsv
Software directory: /home/bacte/miniconda3/envs/amrfinder_env/bin/
Software version: 4.2.7
Database directory: /home/bacte/miniconda3/envs/amrfinder_env/share/amrfinderplus/data/2026-08-07.1
Database version: 2026-08-07.1
AMRFinder translated nucleotide search
  - include -O ORGANISM, --organism ORGANISM option to add mutation searches and suppress common proteins
Running tblastn
Making report
amrfinder took 65 seconds to complete
    OK
[518/1312] GCF_054900515.1
Running: amrfinder -n /home/bacte/bacillus_amr/01_genomes/ncbi_dataset/ncbi_dataset/data/GCF_054900515.1/GCF_054900515.1_ASM5490051v1_genomic.fna --plus -o /home/bacte/bacillus_amr/05_amr/amrfinder_raw/GCF_054900515.1.tsv
Software directory: /home/bacte/miniconda3/envs/amrfinder_env/bin/
Software version: 4.2.7
Database directory: /home/bacte/miniconda3/envs/amrfinder_env/share/amrfinderplus/data/2026-08-07.1
Database version: 2026-08-07.1
AMRFinder translated nucleotide search
  - include -O ORGANISM, --organism ORGANISM option to add mutation searches and suppress common proteins
Running tblastn
Making report
amrfinder took 58 seconds to complete
    OK
[519/1312] GCF_054570475.1
Running: amrfinder -n /home/bacte/bacillus_amr/01_genomes/ncbi_dataset/ncbi_dataset/data/GCF_054570475.1/GCF_054570475.1_ASM5457047v1_genomic.fna --plus -o /home/bacte/bacillus_amr/05_amr/amrfinder_raw/GCF_054570475.1.tsv
Software directory: /home/bacte/miniconda3/envs/amrfinder_env/bin/
Software version: 4.2.7
Database directory: /home/bacte/miniconda3/envs/amrfinder_env/share/amrfinderplus/data/2026-08-07.1
Database version: 2026-08-07.1
AMRFinder translated nucleotide search
  - include -O ORGANISM, --organism ORGANISM option to add mutation searches and suppress common proteins
Running tblastn
Making report
amrfinder took 26 seconds to complete
    OK
[520/1312] GCF_006349675.1
Running: amrfinder -n /home/bacte/bacillus_amr/01_genomes/ncbi_dataset/ncbi_dataset/data/GCF_006349675.1/GCF_006349675.1_ASM634967v1_genomic.fna --plus -o /home/bacte/bacillus_amr/05_amr/amrfinder_raw/GCF_006349675.1.tsv
Software directory: /home/bacte/miniconda3/envs/amrfinder_env/bin/
Software version: 4.2.7
Database directory: /home/bacte/miniconda3/envs/amrfinder_env/share/amrfinderplus/data/2026-08-07.1
Database version: 2026-08-07.1
AMRFinder translated nucleotide search
  - include -O ORGANISM, --organism ORGANISM option to add mutation searches and suppress common proteins
Running tblastn
Making report
amrfinder took 34 seconds to complete
    OK
[521/1312] GCF_006349665.1
Running: amrfinder -n /home/bacte/bacillus_amr/01_genomes/ncbi_dataset/ncbi_dataset/data/GCF_006349665.1/GCF_006349665.1_ASM634966v1_genomic.fna --plus -o /home/bacte/bacillus_amr/05_amr/amrfinder_raw/GCF_006349665.1.tsv
Software directory: /home/bacte/miniconda3/envs/amrfinder_env/bin/
Software version: 4.2.7
Database directory: /home/bacte/miniconda3/envs/amrfinder_env/share/amrfinderplus/data/2026-08-07.1
Database version: 2026-08-07.1
AMRFinder translated nucleotide search
  - include -O ORGANISM, --organism ORGANISM option to add mutation searches and suppress common proteins
Running tblastn
Making report
amrfinder took 27 seconds to complete
    OK
[522/1312] GCF_036541465.1
Running: amrfinder -n /home/bacte/bacillus_amr/01_genomes/ncbi_dataset/ncbi_dataset/data/GCF_036541465.1/GCF_036541465.1_CFBP9009_genomic.fna --plus -o /home/bacte/bacillus_amr/05_amr/amrfinder_raw/GCF_036541465.1.tsv
Software directory: /home/bacte/miniconda3/envs/amrfinder_env/bin/
Software version: 4.2.7
Database directory: /home/bacte/miniconda3/envs/amrfinder_env/share/amrfinderplus/data/2026-08-07.1
Database version: 2026-08-07.1
AMRFinder translated nucleotide search
  - include -O ORGANISM, --organism ORGANISM option to add mutation searches and suppress common proteins
Running tblastn
Making report
amrfinder took 16 seconds to complete
    OK
[523/1312] GCF_053545315.1
Running: amrfinder -n /home/bacte/bacillus_amr/01_genomes/ncbi_dataset/ncbi_dataset/data/GCF_053545315.1/GCF_053545315.1_ASM5354531v1_genomic.fna --plus -o /home/bacte/bacillus_amr/05_amr/amrfinder_raw/GCF_053545315.1.tsv
Software directory: /home/bacte/miniconda3/envs/amrfinder_env/bin/
Software version: 4.2.7
Database directory: /home/bacte/miniconda3/envs/amrfinder_env/share/amrfinderplus/data/2026-08-07.1
Database version: 2026-08-07.1
AMRFinder translated nucleotide search
  - include -O ORGANISM, --organism ORGANISM option to add mutation searches and suppress common proteins
Running tblastn
Making report
amrfinder took 39 seconds to complete
    OK
[524/1312] GCF_003355115.1
Running: amrfinder -n /home/bacte/bacillus_amr/01_genomes/ncbi_dataset/ncbi_dataset/data/GCF_003355115.1/GCF_003355115.1_ASM335511v1_genomic.fna --plus -o /home/bacte/bacillus_amr/05_amr/amrfinder_raw/GCF_003355115.1.tsv
Software directory: /home/bacte/miniconda3/envs/amrfinder_env/bin/
Software version: 4.2.7
Database directory: /home/bacte/miniconda3/envs/amrfinder_env/share/amrfinderplus/data/2026-08-07.1
Database version: 2026-08-07.1
AMRFinder translated nucleotide search
  - include -O ORGANISM, --organism ORGANISM option to add mutation searches and suppress common proteins
Running tblastn
Making report
amrfinder took 257 seconds to complete
    OK
[525/1312] GCF_003429245.1
Running: amrfinder -n /home/bacte/bacillus_amr/01_genomes/ncbi_dataset/ncbi_dataset/data/GCF_003429245.1/GCF_003429245.1_ASM342924v1_genomic.fna --plus -o /home/bacte/bacillus_amr/05_amr/amrfinder_raw/GCF_003429245.1.tsv
Software directory: /home/bacte/miniconda3/envs/amrfinder_env/bin/
Software version: 4.2.7
Database directory: /home/bacte/miniconda3/envs/amrfinder_env/share/amrfinderplus/data/2026-08-07.1
Database version: 2026-08-07.1
AMRFinder translated nucleotide search
  - include -O ORGANISM, --organism ORGANISM option to add mutation searches and suppress common proteins
Running tblastn
Making report
amrfinder took 254 seconds to complete
    OK
[526/1312] GCF_035065055.1
Running: amrfinder -n /home/bacte/bacillus_amr/01_genomes/ncbi_dataset/ncbi_dataset/data/GCF_035065055.1/GCF_035065055.1_ASM3506505v1_genomic.fna --plus -o /home/bacte/bacillus_amr/05_amr/amrfinder_raw/GCF_035065055.1.tsv
Software directory: /home/bacte/miniconda3/envs/amrfinder_env/bin/
Software version: 4.2.7
Database directory: /home/bacte/miniconda3/envs/amrfinder_env/share/amrfinderplus/data/2026-08-07.1
Database version: 2026-08-07.1
AMRFinder translated nucleotide search
  - include -O ORGANISM, --organism ORGANISM option to add mutation searches and suppress common proteins
Running tblastn
Making report
amrfinder took 25 seconds to complete
    OK
[527/1312] GCF_003429225.1
Running: amrfinder -n /home/bacte/bacillus_amr/01_genomes/ncbi_dataset/ncbi_dataset/data/GCF_003429225.1/GCF_003429225.1_ASM342922v1_genomic.fna --plus -o /home/bacte/bacillus_amr/05_amr/amrfinder_raw/GCF_003429225.1.tsv
Software directory: /home/bacte/miniconda3/envs/amrfinder_env/bin/
Software version: 4.2.7
Database directory: /home/bacte/miniconda3/envs/amrfinder_env/share/amrfinderplus/data/2026-08-07.1
Database version: 2026-08-07.1
AMRFinder translated nucleotide search
  - include -O ORGANISM, --organism ORGANISM option to add mutation searches and suppress common proteins
Running tblastn
Making report
amrfinder took 254 seconds to complete
    OK
[528/1312] GCF_011800395.1
Running: amrfinder -n /home/bacte/bacillus_amr/01_genomes/ncbi_dataset/ncbi_dataset/data/GCF_011800395.1/GCF_011800395.1_ASM1180039v1_genomic.fna --plus -o /home/bacte/bacillus_amr/05_amr/amrfinder_raw/GCF_011800395.1.tsv
Software directory: /home/bacte/miniconda3/envs/amrfinder_env/bin/
Software version: 4.2.7
Database directory: /home/bacte/miniconda3/envs/amrfinder_env/share/amrfinderplus/data/2026-08-07.1
Database version: 2026-08-07.1
AMRFinder translated nucleotide search
  - include -O ORGANISM, --organism ORGANISM option to add mutation searches and suppress common proteins
Running tblastn
Making report
amrfinder took 13 seconds to complete
    OK
[529/1312] GCF_011066025.1
Running: amrfinder -n /home/bacte/bacillus_amr/01_genomes/ncbi_dataset/ncbi_dataset/data/GCF_011066025.1/GCF_011066025.1_ASM1106602v1_genomic.fna --plus -o /home/bacte/bacillus_amr/05_amr/amrfinder_raw/GCF_011066025.1.tsv
Software directory: /home/bacte/miniconda3/envs/amrfinder_env/bin/
Software version: 4.2.7
Database directory: /home/bacte/miniconda3/envs/amrfinder_env/share/amrfinderplus/data/2026-08-07.1
Database version: 2026-08-07.1
AMRFinder translated nucleotide search
  - include -O ORGANISM, --organism ORGANISM option to add mutation searches and suppress common proteins
Running tblastn
Making report
amrfinder took 21 seconds to complete
    OK
[530/1312] GCF_011066075.1
Running: amrfinder -n /home/bacte/bacillus_amr/01_genomes/ncbi_dataset/ncbi_dataset/data/GCF_011066075.1/GCF_011066075.1_ASM1106607v1_genomic.fna --plus -o /home/bacte/bacillus_amr/05_amr/amrfinder_raw/GCF_011066075.1.tsv
Software directory: /home/bacte/miniconda3/envs/amrfinder_env/bin/
Software version: 4.2.7
Database directory: /home/bacte/miniconda3/envs/amrfinder_env/share/amrfinderplus/data/2026-08-07.1
Database version: 2026-08-07.1
AMRFinder translated nucleotide search
  - include -O ORGANISM, --organism ORGANISM option to add mutation searches and suppress common proteins
Running tblastn
Making report
amrfinder took 17 seconds to complete
    OK
[531/1312] GCF_011066015.1
Running: amrfinder -n /home/bacte/bacillus_amr/01_genomes/ncbi_dataset/ncbi_dataset/data/GCF_011066015.1/GCF_011066015.1_ASM1106601v1_genomic.fna --plus -o /home/bacte/bacillus_amr/05_amr/amrfinder_raw/GCF_011066015.1.tsv
Software directory: /home/bacte/miniconda3/envs/amrfinder_env/bin/
Software version: 4.2.7
Database directory: /home/bacte/miniconda3/envs/amrfinder_env/share/amrfinderplus/data/2026-08-07.1
Database version: 2026-08-07.1
AMRFinder translated nucleotide search
  - include -O ORGANISM, --organism ORGANISM option to add mutation searches and suppress common proteins
Running tblastn
Making report
amrfinder took 14 seconds to complete
    OK
[532/1312] GCF_011066055.1
Running: amrfinder -n /home/bacte/bacillus_amr/01_genomes/ncbi_dataset/ncbi_dataset/data/GCF_011066055.1/GCF_011066055.1_ASM1106605v1_genomic.fna --plus -o /home/bacte/bacillus_amr/05_amr/amrfinder_raw/GCF_011066055.1.tsv
Software directory: /home/bacte/miniconda3/envs/amrfinder_env/bin/
Software version: 4.2.7
Database directory: /home/bacte/miniconda3/envs/amrfinder_env/share/amrfinderplus/data/2026-08-07.1
Database version: 2026-08-07.1
AMRFinder translated nucleotide search
  - include -O ORGANISM, --organism ORGANISM option to add mutation searches and suppress common proteins
Running tblastn
Making report
amrfinder took 18 seconds to complete
    OK
[533/1312] GCF_011800725.1
Running: amrfinder -n /home/bacte/bacillus_amr/01_genomes/ncbi_dataset/ncbi_dataset/data/GCF_011800725.1/GCF_011800725.1_ASM1180072v1_genomic.fna --plus -o /home/bacte/bacillus_amr/05_amr/amrfinder_raw/GCF_011800725.1.tsv
Software directory: /home/bacte/miniconda3/envs/amrfinder_env/bin/
Software version: 4.2.7
Database directory: /home/bacte/miniconda3/envs/amrfinder_env/share/amrfinderplus/data/2026-08-07.1
Database version: 2026-08-07.1
AMRFinder translated nucleotide search
  - include -O ORGANISM, --organism ORGANISM option to add mutation searches and suppress common proteins
Running tblastn
Making report
amrfinder took 17 seconds to complete
    OK
[534/1312] GCF_013305505.1
Running: amrfinder -n /home/bacte/bacillus_amr/01_genomes/ncbi_dataset/ncbi_dataset/data/GCF_013305505.1/GCF_013305505.1_ASM1330550v1_genomic.fna --plus -o /home/bacte/bacillus_amr/05_amr/amrfinder_raw/GCF_013305505.1.tsv
Software directory: /home/bacte/miniconda3/envs/amrfinder_env/bin/
Software version: 4.2.7
Database directory: /home/bacte/miniconda3/envs/amrfinder_env/share/amrfinderplus/data/2026-08-07.1
Database version: 2026-08-07.1
AMRFinder translated nucleotide search
  - include -O ORGANISM, --organism ORGANISM option to add mutation searches and suppress common proteins
Running tblastn
Making report
amrfinder took 18 seconds to complete
    OK
[535/1312] GCF_011065615.1
Running: amrfinder -n /home/bacte/bacillus_amr/01_genomes/ncbi_dataset/ncbi_dataset/data/GCF_011065615.1/GCF_011065615.1_ASM1106561v1_genomic.fna --plus -o /home/bacte/bacillus_amr/05_amr/amrfinder_raw/GCF_011065615.1.tsv
Software directory: /home/bacte/miniconda3/envs/amrfinder_env/bin/
Software version: 4.2.7
Database directory: /home/bacte/miniconda3/envs/amrfinder_env/share/amrfinderplus/data/2026-08-07.1
Database version: 2026-08-07.1
AMRFinder translated nucleotide search
  - include -O ORGANISM, --organism ORGANISM option to add mutation searches and suppress common proteins
Running tblastn
Making report
amrfinder took 24 seconds to complete
    OK
[536/1312] GCF_011065565.1
Running: amrfinder -n /home/bacte/bacillus_amr/01_genomes/ncbi_dataset/ncbi_dataset/data/GCF_011065565.1/GCF_011065565.1_ASM1106556v1_genomic.fna --plus -o /home/bacte/bacillus_amr/05_amr/amrfinder_raw/GCF_011065565.1.tsv
Software directory: /home/bacte/miniconda3/envs/amrfinder_env/bin/
Software version: 4.2.7
Database directory: /home/bacte/miniconda3/envs/amrfinder_env/share/amrfinderplus/data/2026-08-07.1
Database version: 2026-08-07.1
AMRFinder translated nucleotide search
  - include -O ORGANISM, --organism ORGANISM option to add mutation searches and suppress common proteins
Running tblastn
Making report
amrfinder took 26 seconds to complete
    OK
[537/1312] GCF_011800505.1
Running: amrfinder -n /home/bacte/bacillus_amr/01_genomes/ncbi_dataset/ncbi_dataset/data/GCF_011800505.1/GCF_011800505.1_ASM1180050v1_genomic.fna --plus -o /home/bacte/bacillus_amr/05_amr/amrfinder_raw/GCF_011800505.1.tsv
Software directory: /home/bacte/miniconda3/envs/amrfinder_env/bin/
Software version: 4.2.7
Database directory: /home/bacte/miniconda3/envs/amrfinder_env/share/amrfinderplus/data/2026-08-07.1
Database version: 2026-08-07.1
AMRFinder translated nucleotide search
  - include -O ORGANISM, --organism ORGANISM option to add mutation searches and suppress common proteins
Running tblastn
Making report
amrfinder took 17 seconds to complete
    OK
[538/1312] GCF_011075175.1
Running: amrfinder -n /home/bacte/bacillus_amr/01_genomes/ncbi_dataset/ncbi_dataset/data/GCF_011075175.1/GCF_011075175.1_ASM1107517v1_genomic.fna --plus -o /home/bacte/bacillus_amr/05_amr/amrfinder_raw/GCF_011075175.1.tsv
Software directory: /home/bacte/miniconda3/envs/amrfinder_env/bin/
Software version: 4.2.7
Database directory: /home/bacte/miniconda3/envs/amrfinder_env/share/amrfinderplus/data/2026-08-07.1
Database version: 2026-08-07.1
AMRFinder translated nucleotide search
  - include -O ORGANISM, --organism ORGANISM option to add mutation searches and suppress common proteins
Running tblastn
Making report
amrfinder took 18 seconds to complete
    OK
[539/1312] GCF_056033885.1
Running: amrfinder -n /home/bacte/bacillus_amr/01_genomes/ncbi_dataset/ncbi_dataset/data/GCF_056033885.1/GCF_056033885.1_ASM5603388v1_genomic.fna --plus -o /home/bacte/bacillus_amr/05_amr/amrfinder_raw/GCF_056033885.1.tsv
Software directory: /home/bacte/miniconda3/envs/amrfinder_env/bin/
Software version: 4.2.7
Database directory: /home/bacte/miniconda3/envs/amrfinder_env/share/amrfinderplus/data/2026-08-07.1
Database version: 2026-08-07.1
AMRFinder translated nucleotide search
  - include -O ORGANISM, --organism ORGANISM option to add mutation searches and suppress common proteins
Running tblastn
Making report
amrfinder took 39 seconds to complete
    OK
[540/1312] GCF_056033865.1
Running: amrfinder -n /home/bacte/bacillus_amr/01_genomes/ncbi_dataset/ncbi_dataset/data/GCF_056033865.1/GCF_056033865.1_ASM5603386v1_genomic.fna --plus -o /home/bacte/bacillus_amr/05_amr/amrfinder_raw/GCF_056033865.1.tsv
Software directory: /home/bacte/miniconda3/envs/amrfinder_env/bin/
Software version: 4.2.7
Database directory: /home/bacte/miniconda3/envs/amrfinder_env/share/amrfinderplus/data/2026-08-07.1
Database version: 2026-08-07.1
AMRFinder translated nucleotide search
  - include -O ORGANISM, --organism ORGANISM option to add mutation searches and suppress common proteins
Running tblastn
Making report
amrfinder took 32 seconds to complete
    OK
[541/1312] GCF_019039215.1
Running: amrfinder -n /home/bacte/bacillus_amr/01_genomes/ncbi_dataset/ncbi_dataset/data/GCF_019039215.1/GCF_019039215.1_ASM1903921v1_genomic.fna --plus -o /home/bacte/bacillus_amr/05_amr/amrfinder_raw/GCF_019039215.1.tsv
Software directory: /home/bacte/miniconda3/envs/amrfinder_env/bin/
Software version: 4.2.7
Database directory: /home/bacte/miniconda3/envs/amrfinder_env/share/amrfinderplus/data/2026-08-07.1
Database version: 2026-08-07.1
AMRFinder translated nucleotide search
  - include -O ORGANISM, --organism ORGANISM option to add mutation searches and suppress common proteins
Running tblastn
Making report
amrfinder took 28 seconds to complete
    OK
[542/1312] GCF_018343715.1
Running: amrfinder -n /home/bacte/bacillus_amr/01_genomes/ncbi_dataset/ncbi_dataset/data/GCF_018343715.1/GCF_018343715.1_ASM1834371v1_genomic.fna --plus -o /home/bacte/bacillus_amr/05_amr/amrfinder_raw/GCF_018343715.1.tsv
Software directory: /home/bacte/miniconda3/envs/amrfinder_env/bin/
Software version: 4.2.7
Database directory: /home/bacte/miniconda3/envs/amrfinder_env/share/amrfinderplus/data/2026-08-07.1
Database version: 2026-08-07.1
AMRFinder translated nucleotide search
  - include -O ORGANISM, --organism ORGANISM option to add mutation searches and suppress common proteins
Running tblastn
Making report
amrfinder took 23 seconds to complete
    OK
[543/1312] GCF_018343615.1
Running: amrfinder -n /home/bacte/bacillus_amr/01_genomes/ncbi_dataset/ncbi_dataset/data/GCF_018343615.1/GCF_018343615.1_ASM1834361v1_genomic.fna --plus -o /home/bacte/bacillus_amr/05_amr/amrfinder_raw/GCF_018343615.1.tsv
Software directory: /home/bacte/miniconda3/envs/amrfinder_env/bin/
Software version: 4.2.7
Database directory: /home/bacte/miniconda3/envs/amrfinder_env/share/amrfinderplus/data/2026-08-07.1
Database version: 2026-08-07.1
AMRFinder translated nucleotide search
  - include -O ORGANISM, --organism ORGANISM option to add mutation searches and suppress common proteins
Running tblastn
Making report
amrfinder took 24 seconds to complete
    OK
[544/1312] GCF_018343515.1
Running: amrfinder -n /home/bacte/bacillus_amr/01_genomes/ncbi_dataset/ncbi_dataset/data/GCF_018343515.1/GCF_018343515.1_ASM1834351v1_genomic.fna --plus -o /home/bacte/bacillus_amr/05_amr/amrfinder_raw/GCF_018343515.1.tsv
Software directory: /home/bacte/miniconda3/envs/amrfinder_env/bin/
Software version: 4.2.7
Database directory: /home/bacte/miniconda3/envs/amrfinder_env/share/amrfinderplus/data/2026-08-07.1
Database version: 2026-08-07.1
AMRFinder translated nucleotide search
  - include -O ORGANISM, --organism ORGANISM option to add mutation searches and suppress common proteins
Running tblastn
Making report
amrfinder took 16 seconds to complete
    OK
[545/1312] GCF_002998455.1
Running: amrfinder -n /home/bacte/bacillus_amr/01_genomes/ncbi_dataset/ncbi_dataset/data/GCF_002998455.1/GCF_002998455.1_ASM299845v1_genomic.fna --plus -o /home/bacte/bacillus_amr/05_amr/amrfinder_raw/GCF_002998455.1.tsv
Software directory: /home/bacte/miniconda3/envs/amrfinder_env/bin/
Software version: 4.2.7
Database directory: /home/bacte/miniconda3/envs/amrfinder_env/share/amrfinderplus/data/2026-08-07.1
Database version: 2026-08-07.1
AMRFinder translated nucleotide search
  - include -O ORGANISM, --organism ORGANISM option to add mutation searches and suppress common proteins
Running tblastn
Making report
amrfinder took 10 seconds to complete
    OK
[546/1312] GCF_002998675.1
Running: amrfinder -n /home/bacte/bacillus_amr/01_genomes/ncbi_dataset/ncbi_dataset/data/GCF_002998675.1/GCF_002998675.1_ASM299867v1_genomic.fna --plus -o /home/bacte/bacillus_amr/05_amr/amrfinder_raw/GCF_002998675.1.tsv
Software directory: /home/bacte/miniconda3/envs/amrfinder_env/bin/
Software version: 4.2.7
Database directory: /home/bacte/miniconda3/envs/amrfinder_env/share/amrfinderplus/data/2026-08-07.1
Database version: 2026-08-07.1
AMRFinder translated nucleotide search
  - include -O ORGANISM, --organism ORGANISM option to add mutation searches and suppress common proteins
Running tblastn
Making report
amrfinder took 13 seconds to complete
    OK
[547/1312] GCF_019091205.1
Running: amrfinder -n /home/bacte/bacillus_amr/01_genomes/ncbi_dataset/ncbi_dataset/data/GCF_019091205.1/GCF_019091205.1_ASM1909120v1_genomic.fna --plus -o /home/bacte/bacillus_amr/05_amr/amrfinder_raw/GCF_019091205.1.tsv
Software directory: /home/bacte/miniconda3/envs/amrfinder_env/bin/
Software version: 4.2.7
Database directory: /home/bacte/miniconda3/envs/amrfinder_env/share/amrfinderplus/data/2026-08-07.1
Database version: 2026-08-07.1
AMRFinder translated nucleotide search
  - include -O ORGANISM, --organism ORGANISM option to add mutation searches and suppress common proteins
Running tblastn
Making report
amrfinder took 23 seconds to complete
    OK
[548/1312] GCF_026540675.1
Running: amrfinder -n /home/bacte/bacillus_amr/01_genomes/ncbi_dataset/ncbi_dataset/data/GCF_026540675.1/GCF_026540675.1_ASM2654067v1_genomic.fna --plus -o /home/bacte/bacillus_amr/05_amr/amrfinder_raw/GCF_026540675.1.tsv
Software directory: /home/bacte/miniconda3/envs/amrfinder_env/bin/
Software version: 4.2.7
Database directory: /home/bacte/miniconda3/envs/amrfinder_env/share/amrfinderplus/data/2026-08-07.1
Database version: 2026-08-07.1
AMRFinder translated nucleotide search
  - include -O ORGANISM, --organism ORGANISM option to add mutation searches and suppress common proteins
Running tblastn
Making report
amrfinder took 21 seconds to complete
    OK
[549/1312] GCF_039680825.1
Running: amrfinder -n /home/bacte/bacillus_amr/01_genomes/ncbi_dataset/ncbi_dataset/data/GCF_039680825.1/GCF_039680825.1_ASM3968082v1_genomic.fna --plus -o /home/bacte/bacillus_amr/05_amr/amrfinder_raw/GCF_039680825.1.tsv
Software directory: /home/bacte/miniconda3/envs/amrfinder_env/bin/
Software version: 4.2.7
Database directory: /home/bacte/miniconda3/envs/amrfinder_env/share/amrfinderplus/data/2026-08-07.1
Database version: 2026-08-07.1
AMRFinder translated nucleotide search
  - include -O ORGANISM, --organism ORGANISM option to add mutation searches and suppress common proteins
Running tblastn
Making report
amrfinder took 126 seconds to complete
    OK
[550/1312] GCF_026540655.1
Running: amrfinder -n /home/bacte/bacillus_amr/01_genomes/ncbi_dataset/ncbi_dataset/data/GCF_026540655.1/GCF_026540655.1_ASM2654065v1_genomic.fna --plus -o /home/bacte/bacillus_amr/05_amr/amrfinder_raw/GCF_026540655.1.tsv
Software directory: /home/bacte/miniconda3/envs/amrfinder_env/bin/
Software version: 4.2.7
Database directory: /home/bacte/miniconda3/envs/amrfinder_env/share/amrfinderplus/data/2026-08-07.1
Database version: 2026-08-07.1
AMRFinder translated nucleotide search
  - include -O ORGANISM, --organism ORGANISM option to add mutation searches and suppress common proteins
Running tblastn
Making report
amrfinder took 23 seconds to complete
    OK
[551/1312] GCF_055825275.1
Running: amrfinder -n /home/bacte/bacillus_amr/01_genomes/ncbi_dataset/ncbi_dataset/data/GCF_055825275.1/GCF_055825275.1_ASM5582527v1_genomic.fna --plus -o /home/bacte/bacillus_amr/05_amr/amrfinder_raw/GCF_055825275.1.tsv
Software directory: /home/bacte/miniconda3/envs/amrfinder_env/bin/
Software version: 4.2.7
Database directory: /home/bacte/miniconda3/envs/amrfinder_env/share/amrfinderplus/data/2026-08-07.1
Database version: 2026-08-07.1
AMRFinder translated nucleotide search
  - include -O ORGANISM, --organism ORGANISM option to add mutation searches and suppress common proteins
Running tblastn
Making report
amrfinder took 101 seconds to complete
    OK
[552/1312] GCF_028751175.1
Running: amrfinder -n /home/bacte/bacillus_amr/01_genomes/ncbi_dataset/ncbi_dataset/data/GCF_028751175.1/GCF_028751175.1_ASM2875117v1_genomic.fna --plus -o /home/bacte/bacillus_amr/05_amr/amrfinder_raw/GCF_028751175.1.tsv
Software directory: /home/bacte/miniconda3/envs/amrfinder_env/bin/
Software version: 4.2.7
Database directory: /home/bacte/miniconda3/envs/amrfinder_env/share/amrfinderplus/data/2026-08-07.1
Database version: 2026-08-07.1
AMRFinder translated nucleotide search
  - include -O ORGANISM, --organism ORGANISM option to add mutation searches and suppress common proteins
Running tblastn
Making report
amrfinder took 131 seconds to complete
    OK
[553/1312] GCF_033194635.1
Running: amrfinder -n /home/bacte/bacillus_amr/01_genomes/ncbi_dataset/ncbi_dataset/data/GCF_033194635.1/GCF_033194635.1_ASM3319463v1_genomic.fna --plus -o /home/bacte/bacillus_amr/05_amr/amrfinder_raw/GCF_033194635.1.tsv
Software directory: /home/bacte/miniconda3/envs/amrfinder_env/bin/
Software version: 4.2.7
Database directory: /home/bacte/miniconda3/envs/amrfinder_env/share/amrfinderplus/data/2026-08-07.1
Database version: 2026-08-07.1
AMRFinder translated nucleotide search
  - include -O ORGANISM, --organism ORGANISM option to add mutation searches and suppress common proteins
Running tblastn
Making report
amrfinder took 14 seconds to complete
    OK
[554/1312] GCF_032461625.1
Running: amrfinder -n /home/bacte/bacillus_amr/01_genomes/ncbi_dataset/ncbi_dataset/data/GCF_032461625.1/GCF_032461625.1_ASM3246162v1_genomic.fna --plus -o /home/bacte/bacillus_amr/05_amr/amrfinder_raw/GCF_032461625.1.tsv
Software directory: /home/bacte/miniconda3/envs/amrfinder_env/bin/
Software version: 4.2.7
Database directory: /home/bacte/miniconda3/envs/amrfinder_env/share/amrfinderplus/data/2026-08-07.1
Database version: 2026-08-07.1
AMRFinder translated nucleotide search
  - include -O ORGANISM, --organism ORGANISM option to add mutation searches and suppress common proteins
Running tblastn
Making report
amrfinder took 24 seconds to complete
    OK
[555/1312] GCF_032461565.1
Running: amrfinder -n /home/bacte/bacillus_amr/01_genomes/ncbi_dataset/ncbi_dataset/data/GCF_032461565.1/GCF_032461565.1_ASM3246156v1_genomic.fna --plus -o /home/bacte/bacillus_amr/05_amr/amrfinder_raw/GCF_032461565.1.tsv
Software directory: /home/bacte/miniconda3/envs/amrfinder_env/bin/
Software version: 4.2.7
Database directory: /home/bacte/miniconda3/envs/amrfinder_env/share/amrfinderplus/data/2026-08-07.1
Database version: 2026-08-07.1
AMRFinder translated nucleotide search
  - include -O ORGANISM, --organism ORGANISM option to add mutation searches and suppress common proteins
Running tblastn
Making report
amrfinder took 10 seconds to complete
    OK
[556/1312] GCF_035064545.1
Running: amrfinder -n /home/bacte/bacillus_amr/01_genomes/ncbi_dataset/ncbi_dataset/data/GCF_035064545.1/GCF_035064545.1_ASM3506454v1_genomic.fna --plus -o /home/bacte/bacillus_amr/05_amr/amrfinder_raw/GCF_035064545.1.tsv
Software directory: /home/bacte/miniconda3/envs/amrfinder_env/bin/
Software version: 4.2.7
Database directory: /home/bacte/miniconda3/envs/amrfinder_env/share/amrfinderplus/data/2026-08-07.1
Database version: 2026-08-07.1
AMRFinder translated nucleotide search
  - include -O ORGANISM, --organism ORGANISM option to add mutation searches and suppress common proteins
Running tblastn
Making report
amrfinder took 26 seconds to complete
    OK
[557/1312] GCF_032461585.1
Running: amrfinder -n /home/bacte/bacillus_amr/01_genomes/ncbi_dataset/ncbi_dataset/data/GCF_032461585.1/GCF_032461585.1_ASM3246158v1_genomic.fna --plus -o /home/bacte/bacillus_amr/05_amr/amrfinder_raw/GCF_032461585.1.tsv
Software directory: /home/bacte/miniconda3/envs/amrfinder_env/bin/
Software version: 4.2.7
Database directory: /home/bacte/miniconda3/envs/amrfinder_env/share/amrfinderplus/data/2026-08-07.1
Database version: 2026-08-07.1
AMRFinder translated nucleotide search
  - include -O ORGANISM, --organism ORGANISM option to add mutation searches and suppress common proteins
Running tblastn
Making report
amrfinder took 34 seconds to complete
    OK
[558/1312] GCF_949767925.1
Running: amrfinder -n /home/bacte/bacillus_amr/01_genomes/ncbi_dataset/ncbi_dataset/data/GCF_949767925.1/GCF_949767925.1_IT-13CA1_genomic.fna --plus -o /home/bacte/bacillus_amr/05_amr/amrfinder_raw/GCF_949767925.1.tsv
Software directory: /home/bacte/miniconda3/envs/amrfinder_env/bin/
Software version: 4.2.7
Database directory: /home/bacte/miniconda3/envs/amrfinder_env/share/amrfinderplus/data/2026-08-07.1
Database version: 2026-08-07.1
AMRFinder translated nucleotide search
  - include -O ORGANISM, --organism ORGANISM option to add mutation searches and suppress common proteins
Running tblastn
Making report
amrfinder took 11 seconds to complete
    OK
[559/1312] GCF_949768135.1
Running: amrfinder -n /home/bacte/bacillus_amr/01_genomes/ncbi_dataset/ncbi_dataset/data/GCF_949768135.1/GCF_949768135.1_IT-79MI2_genomic.fna --plus -o /home/bacte/bacillus_amr/05_amr/amrfinder_raw/GCF_949768135.1.tsv
Software directory: /home/bacte/miniconda3/envs/amrfinder_env/bin/
Software version: 4.2.7
Database directory: /home/bacte/miniconda3/envs/amrfinder_env/share/amrfinderplus/data/2026-08-07.1
Database version: 2026-08-07.1
AMRFinder translated nucleotide search
  - include -O ORGANISM, --organism ORGANISM option to add mutation searches and suppress common proteins
Running tblastn
Making report
amrfinder took 13 seconds to complete
    OK
[560/1312] GCF_036964885.1
Running: amrfinder -n /home/bacte/bacillus_amr/01_genomes/ncbi_dataset/ncbi_dataset/data/GCF_036964885.1/GCF_036964885.1_ASM3696488v1_genomic.fna --plus -o /home/bacte/bacillus_amr/05_amr/amrfinder_raw/GCF_036964885.1.tsv
Software directory: /home/bacte/miniconda3/envs/amrfinder_env/bin/
Software version: 4.2.7
Database directory: /home/bacte/miniconda3/envs/amrfinder_env/share/amrfinderplus/data/2026-08-07.1
Database version: 2026-08-07.1
AMRFinder translated nucleotide search
  - include -O ORGANISM, --organism ORGANISM option to add mutation searches and suppress common proteins
Running tblastn
Making report
amrfinder took 13 seconds to complete
    OK
[561/1312] GCF_036965225.1
Running: amrfinder -n /home/bacte/bacillus_amr/01_genomes/ncbi_dataset/ncbi_dataset/data/GCF_036965225.1/GCF_036965225.1_ASM3696522v1_genomic.fna --plus -o /home/bacte/bacillus_amr/05_amr/amrfinder_raw/GCF_036965225.1.tsv
Software directory: /home/bacte/miniconda3/envs/amrfinder_env/bin/
Software version: 4.2.7
Database directory: /home/bacte/miniconda3/envs/amrfinder_env/share/amrfinderplus/data/2026-08-07.1
Database version: 2026-08-07.1
AMRFinder translated nucleotide search
  - include -O ORGANISM, --organism ORGANISM option to add mutation searches and suppress common proteins
Running tblastn
Making report
amrfinder took 8 seconds to complete
    OK
[562/1312] GCF_036965165.1
Running: amrfinder -n /home/bacte/bacillus_amr/01_genomes/ncbi_dataset/ncbi_dataset/data/GCF_036965165.1/GCF_036965165.1_ASM3696516v1_genomic.fna --plus -o /home/bacte/bacillus_amr/05_amr/amrfinder_raw/GCF_036965165.1.tsv
Software directory: /home/bacte/miniconda3/envs/amrfinder_env/bin/
Software version: 4.2.7
Database directory: /home/bacte/miniconda3/envs/amrfinder_env/share/amrfinderplus/data/2026-08-07.1
Database version: 2026-08-07.1
AMRFinder translated nucleotide search
  - include -O ORGANISM, --organism ORGANISM option to add mutation searches and suppress common proteins
Running tblastn
Making report
amrfinder took 9 seconds to complete
    OK
[563/1312] GCF_036965085.1
Running: amrfinder -n /home/bacte/bacillus_amr/01_genomes/ncbi_dataset/ncbi_dataset/data/GCF_036965085.1/GCF_036965085.1_ASM3696508v1_genomic.fna --plus -o /home/bacte/bacillus_amr/05_amr/amrfinder_raw/GCF_036965085.1.tsv
Software directory: /home/bacte/miniconda3/envs/amrfinder_env/bin/
Software version: 4.2.7
Database directory: /home/bacte/miniconda3/envs/amrfinder_env/share/amrfinderplus/data/2026-08-07.1
Database version: 2026-08-07.1
AMRFinder translated nucleotide search
  - include -O ORGANISM, --organism ORGANISM option to add mutation searches and suppress common proteins
Running tblastn
Making report
amrfinder took 11 seconds to complete
    OK
[564/1312] GCF_036965045.1
Running: amrfinder -n /home/bacte/bacillus_amr/01_genomes/ncbi_dataset/ncbi_dataset/data/GCF_036965045.1/GCF_036965045.1_ASM3696504v1_genomic.fna --plus -o /home/bacte/bacillus_amr/05_amr/amrfinder_raw/GCF_036965045.1.tsv
Software directory: /home/bacte/miniconda3/envs/amrfinder_env/bin/
Software version: 4.2.7
Database directory: /home/bacte/miniconda3/envs/amrfinder_env/share/amrfinderplus/data/2026-08-07.1
Database version: 2026-08-07.1
AMRFinder translated nucleotide search
  - include -O ORGANISM, --organism ORGANISM option to add mutation searches and suppress common proteins
Running tblastn
Making report
amrfinder took 10 seconds to complete
    OK
[565/1312] GCF_036962705.1
Running: amrfinder -n /home/bacte/bacillus_amr/01_genomes/ncbi_dataset/ncbi_dataset/data/GCF_036962705.1/GCF_036962705.1_ASM3696270v1_genomic.fna --plus -o /home/bacte/bacillus_amr/05_amr/amrfinder_raw/GCF_036962705.1.tsv
Software directory: /home/bacte/miniconda3/envs/amrfinder_env/bin/
Software version: 4.2.7
Database directory: /home/bacte/miniconda3/envs/amrfinder_env/share/amrfinderplus/data/2026-08-07.1
Database version: 2026-08-07.1
AMRFinder translated nucleotide search
  - include -O ORGANISM, --organism ORGANISM option to add mutation searches and suppress common proteins
Running tblastn
Making report
amrfinder took 10 seconds to complete
    OK
[566/1312] GCF_036962685.1
Running: amrfinder -n /home/bacte/bacillus_amr/01_genomes/ncbi_dataset/ncbi_dataset/data/GCF_036962685.1/GCF_036962685.1_ASM3696268v1_genomic.fna --plus -o /home/bacte/bacillus_amr/05_amr/amrfinder_raw/GCF_036962685.1.tsv
Software directory: /home/bacte/miniconda3/envs/amrfinder_env/bin/
Software version: 4.2.7
Database directory: /home/bacte/miniconda3/envs/amrfinder_env/share/amrfinderplus/data/2026-08-07.1
Database version: 2026-08-07.1
AMRFinder translated nucleotide search
  - include -O ORGANISM, --organism ORGANISM option to add mutation searches and suppress common proteins
Running tblastn
Making report
amrfinder took 10 seconds to complete
    OK
[567/1312] GCF_036967045.1
Running: amrfinder -n /home/bacte/bacillus_amr/01_genomes/ncbi_dataset/ncbi_dataset/data/GCF_036967045.1/GCF_036967045.1_ASM3696704v1_genomic.fna --plus -o /home/bacte/bacillus_amr/05_amr/amrfinder_raw/GCF_036967045.1.tsv
Software directory: /home/bacte/miniconda3/envs/amrfinder_env/bin/
Software version: 4.2.7
Database directory: /home/bacte/miniconda3/envs/amrfinder_env/share/amrfinderplus/data/2026-08-07.1
Database version: 2026-08-07.1
AMRFinder translated nucleotide search
  - include -O ORGANISM, --organism ORGANISM option to add mutation searches and suppress common proteins
Running tblastn
Making report
amrfinder took 12 seconds to complete
    OK
[568/1312] GCF_036962145.1
Running: amrfinder -n /home/bacte/bacillus_amr/01_genomes/ncbi_dataset/ncbi_dataset/data/GCF_036962145.1/GCF_036962145.1_ASM3696214v1_genomic.fna --plus -o /home/bacte/bacillus_amr/05_amr/amrfinder_raw/GCF_036962145.1.tsv
Software directory: /home/bacte/miniconda3/envs/amrfinder_env/bin/
Software version: 4.2.7
Database directory: /home/bacte/miniconda3/envs/amrfinder_env/share/amrfinderplus/data/2026-08-07.1
Database version: 2026-08-07.1
AMRFinder translated nucleotide search
  - include -O ORGANISM, --organism ORGANISM option to add mutation searches and suppress common proteins
Running blastx
Making report
amrfinder took 38 seconds to complete
    OK
[569/1312] GCF_036962035.1
Running: amrfinder -n /home/bacte/bacillus_amr/01_genomes/ncbi_dataset/ncbi_dataset/data/GCF_036962035.1/GCF_036962035.1_ASM3696203v1_genomic.fna --plus -o /home/bacte/bacillus_amr/05_amr/amrfinder_raw/GCF_036962035.1.tsv
Software directory: /home/bacte/miniconda3/envs/amrfinder_env/bin/
Software version: 4.2.7
Database directory: /home/bacte/miniconda3/envs/amrfinder_env/share/amrfinderplus/data/2026-08-07.1
Database version: 2026-08-07.1
AMRFinder translated nucleotide search
  - include -O ORGANISM, --organism ORGANISM option to add mutation searches and suppress common proteins
Running tblastn
Making report
amrfinder took 10 seconds to complete
    OK
[570/1312] GCF_036962185.1
Running: amrfinder -n /home/bacte/bacillus_amr/01_genomes/ncbi_dataset/ncbi_dataset/data/GCF_036962185.1/GCF_036962185.1_ASM3696218v1_genomic.fna --plus -o /home/bacte/bacillus_amr/05_amr/amrfinder_raw/GCF_036962185.1.tsv
Software directory: /home/bacte/miniconda3/envs/amrfinder_env/bin/
Software version: 4.2.7
Database directory: /home/bacte/miniconda3/envs/amrfinder_env/share/amrfinderplus/data/2026-08-07.1
Database version: 2026-08-07.1
AMRFinder translated nucleotide search
  - include -O ORGANISM, --organism ORGANISM option to add mutation searches and suppress common proteins
Running tblastn
Making report
amrfinder took 8 seconds to complete
    OK
[571/1312] GCF_036962285.1
Running: amrfinder -n /home/bacte/bacillus_amr/01_genomes/ncbi_dataset/ncbi_dataset/data/GCF_036962285.1/GCF_036962285.1_ASM3696228v1_genomic.fna --plus -o /home/bacte/bacillus_amr/05_amr/amrfinder_raw/GCF_036962285.1.tsv
Software directory: /home/bacte/miniconda3/envs/amrfinder_env/bin/
Software version: 4.2.7
Database directory: /home/bacte/miniconda3/envs/amrfinder_env/share/amrfinderplus/data/2026-08-07.1
Database version: 2026-08-07.1
AMRFinder translated nucleotide search
  - include -O ORGANISM, --organism ORGANISM option to add mutation searches and suppress common proteins
Running tblastn
Making report
amrfinder took 10 seconds to complete
    OK
[572/1312] GCF_036962205.1
Running: amrfinder -n /home/bacte/bacillus_amr/01_genomes/ncbi_dataset/ncbi_dataset/data/GCF_036962205.1/GCF_036962205.1_ASM3696220v1_genomic.fna --plus -o /home/bacte/bacillus_amr/05_amr/amrfinder_raw/GCF_036962205.1.tsv
Software directory: /home/bacte/miniconda3/envs/amrfinder_env/bin/
Software version: 4.2.7
Database directory: /home/bacte/miniconda3/envs/amrfinder_env/share/amrfinderplus/data/2026-08-07.1
Database version: 2026-08-07.1
AMRFinder translated nucleotide search
  - include -O ORGANISM, --organism ORGANISM option to add mutation searches and suppress common proteins
Running tblastn
Making report
amrfinder took 8 seconds to complete
    OK
[573/1312] GCF_036963165.1
Running: amrfinder -n /home/bacte/bacillus_amr/01_genomes/ncbi_dataset/ncbi_dataset/data/GCF_036963165.1/GCF_036963165.1_ASM3696316v1_genomic.fna --plus -o /home/bacte/bacillus_amr/05_amr/amrfinder_raw/GCF_036963165.1.tsv
Software directory: /home/bacte/miniconda3/envs/amrfinder_env/bin/
Software version: 4.2.7
Database directory: /home/bacte/miniconda3/envs/amrfinder_env/share/amrfinderplus/data/2026-08-07.1
Database version: 2026-08-07.1
AMRFinder translated nucleotide search
  - include -O ORGANISM, --organism ORGANISM option to add mutation searches and suppress common proteins
Running tblastn
Making report
amrfinder took 9 seconds to complete
    OK
[574/1312] GCF_036964945.1
Running: amrfinder -n /home/bacte/bacillus_amr/01_genomes/ncbi_dataset/ncbi_dataset/data/GCF_036964945.1/GCF_036964945.1_ASM3696494v1_genomic.fna --plus -o /home/bacte/bacillus_amr/05_amr/amrfinder_raw/GCF_036964945.1.tsv
Software directory: /home/bacte/miniconda3/envs/amrfinder_env/bin/
Software version: 4.2.7
Database directory: /home/bacte/miniconda3/envs/amrfinder_env/share/amrfinderplus/data/2026-08-07.1
Database version: 2026-08-07.1
AMRFinder translated nucleotide search
  - include -O ORGANISM, --organism ORGANISM option to add mutation searches and suppress common proteins
Running tblastn
Making report
amrfinder took 16 seconds to complete
    OK
[575/1312] GCF_036963345.1
Running: amrfinder -n /home/bacte/bacillus_amr/01_genomes/ncbi_dataset/ncbi_dataset/data/GCF_036963345.1/GCF_036963345.1_ASM3696334v1_genomic.fna --plus -o /home/bacte/bacillus_amr/05_amr/amrfinder_raw/GCF_036963345.1.tsv
Software directory: /home/bacte/miniconda3/envs/amrfinder_env/bin/
Software version: 4.2.7
Database directory: /home/bacte/miniconda3/envs/amrfinder_env/share/amrfinderplus/data/2026-08-07.1
Database version: 2026-08-07.1
AMRFinder translated nucleotide search
  - include -O ORGANISM, --organism ORGANISM option to add mutation searches and suppress common proteins
Running tblastn
Making report
amrfinder took 9 seconds to complete
    OK
[576/1312] GCF_036963225.1
Running: amrfinder -n /home/bacte/bacillus_amr/01_genomes/ncbi_dataset/ncbi_dataset/data/GCF_036963225.1/GCF_036963225.1_ASM3696322v1_genomic.fna --plus -o /home/bacte/bacillus_amr/05_amr/amrfinder_raw/GCF_036963225.1.tsv
Software directory: /home/bacte/miniconda3/envs/amrfinder_env/bin/
Software version: 4.2.7
Database directory: /home/bacte/miniconda3/envs/amrfinder_env/share/amrfinderplus/data/2026-08-07.1
Database version: 2026-08-07.1
AMRFinder translated nucleotide search
  - include -O ORGANISM, --organism ORGANISM option to add mutation searches and suppress common proteins
Running tblastn
Making report
amrfinder took 10 seconds to complete
    OK
[577/1312] GCF_036963045.1
Running: amrfinder -n /home/bacte/bacillus_amr/01_genomes/ncbi_dataset/ncbi_dataset/data/GCF_036963045.1/GCF_036963045.1_ASM3696304v1_genomic.fna --plus -o /home/bacte/bacillus_amr/05_amr/amrfinder_raw/GCF_036963045.1.tsv
Software directory: /home/bacte/miniconda3/envs/amrfinder_env/bin/
Software version: 4.2.7
Database directory: /home/bacte/miniconda3/envs/amrfinder_env/share/amrfinderplus/data/2026-08-07.1
Database version: 2026-08-07.1
AMRFinder translated nucleotide search
  - include -O ORGANISM, --organism ORGANISM option to add mutation searches and suppress common proteins
Running tblastn
Making report
amrfinder took 8 seconds to complete
    OK
[578/1312] GCF_040492395.1
Running: amrfinder -n /home/bacte/bacillus_amr/01_genomes/ncbi_dataset/ncbi_dataset/data/GCF_040492395.1/GCF_040492395.1_ASM4049239v1_genomic.fna --plus -o /home/bacte/bacillus_amr/05_amr/amrfinder_raw/GCF_040492395.1.tsv
Software directory: /home/bacte/miniconda3/envs/amrfinder_env/bin/
Software version: 4.2.7
Database directory: /home/bacte/miniconda3/envs/amrfinder_env/share/amrfinderplus/data/2026-08-07.1
Database version: 2026-08-07.1
AMRFinder translated nucleotide search
  - include -O ORGANISM, --organism ORGANISM option to add mutation searches and suppress common proteins
Running tblastn
Making report
amrfinder took 14 seconds to complete
    OK
[579/1312] GCF_053663355.1
Running: amrfinder -n /home/bacte/bacillus_amr/01_genomes/ncbi_dataset/ncbi_dataset/data/GCF_053663355.1/GCF_053663355.1_ASM5366335v1_genomic.fna --plus -o /home/bacte/bacillus_amr/05_amr/amrfinder_raw/GCF_053663355.1.tsv
Software directory: /home/bacte/miniconda3/envs/amrfinder_env/bin/
Software version: 4.2.7
Database directory: /home/bacte/miniconda3/envs/amrfinder_env/share/amrfinderplus/data/2026-08-07.1
Database version: 2026-08-07.1
AMRFinder translated nucleotide search
  - include -O ORGANISM, --organism ORGANISM option to add mutation searches and suppress common proteins
Running tblastn
Making report
amrfinder took 26 seconds to complete
    OK
[580/1312] GCF_053663195.1
Running: amrfinder -n /home/bacte/bacillus_amr/01_genomes/ncbi_dataset/ncbi_dataset/data/GCF_053663195.1/GCF_053663195.1_ASM5366319v1_genomic.fna --plus -o /home/bacte/bacillus_amr/05_amr/amrfinder_raw/GCF_053663195.1.tsv
Software directory: /home/bacte/miniconda3/envs/amrfinder_env/bin/
Software version: 4.2.7
Database directory: /home/bacte/miniconda3/envs/amrfinder_env/share/amrfinderplus/data/2026-08-07.1
Database version: 2026-08-07.1
AMRFinder translated nucleotide search
  - include -O ORGANISM, --organism ORGANISM option to add mutation searches and suppress common proteins
Running tblastn
Making report
amrfinder took 23 seconds to complete
    OK
[581/1312] GCF_053663455.1
Running: amrfinder -n /home/bacte/bacillus_amr/01_genomes/ncbi_dataset/ncbi_dataset/data/GCF_053663455.1/GCF_053663455.1_ASM5366345v1_genomic.fna --plus -o /home/bacte/bacillus_amr/05_amr/amrfinder_raw/GCF_053663455.1.tsv
Software directory: /home/bacte/miniconda3/envs/amrfinder_env/bin/
Software version: 4.2.7
Database directory: /home/bacte/miniconda3/envs/amrfinder_env/share/amrfinderplus/data/2026-08-07.1
Database version: 2026-08-07.1
AMRFinder translated nucleotide search
  - include -O ORGANISM, --organism ORGANISM option to add mutation searches and suppress common proteins
Running tblastn
Making report
amrfinder took 16 seconds to complete
    OK
[582/1312] GCF_053663395.1
Running: amrfinder -n /home/bacte/bacillus_amr/01_genomes/ncbi_dataset/ncbi_dataset/data/GCF_053663395.1/GCF_053663395.1_ASM5366339v1_genomic.fna --plus -o /home/bacte/bacillus_amr/05_amr/amrfinder_raw/GCF_053663395.1.tsv
Software directory: /home/bacte/miniconda3/envs/amrfinder_env/bin/
Software version: 4.2.7
Database directory: /home/bacte/miniconda3/envs/amrfinder_env/share/amrfinderplus/data/2026-08-07.1
Database version: 2026-08-07.1
AMRFinder translated nucleotide search
  - include -O ORGANISM, --organism ORGANISM option to add mutation searches and suppress common proteins
Running tblastn
Making report
amrfinder took 23 seconds to complete
    OK
[583/1312] GCF_030284525.1
Running: amrfinder -n /home/bacte/bacillus_amr/01_genomes/ncbi_dataset/ncbi_dataset/data/GCF_030284525.1/GCF_030284525.1_ASM3028452v1_genomic.fna --plus -o /home/bacte/bacillus_amr/05_amr/amrfinder_raw/GCF_030284525.1.tsv
Software directory: /home/bacte/miniconda3/envs/amrfinder_env/bin/
Software version: 4.2.7
Database directory: /home/bacte/miniconda3/envs/amrfinder_env/share/amrfinderplus/data/2026-08-07.1
Database version: 2026-08-07.1
AMRFinder translated nucleotide search
  - include -O ORGANISM, --organism ORGANISM option to add mutation searches and suppress common proteins
Running tblastn
Making report
amrfinder took 60 seconds to complete
    OK
[584/1312] GCF_020708615.1
Running: amrfinder -n /home/bacte/bacillus_amr/01_genomes/ncbi_dataset/ncbi_dataset/data/GCF_020708615.1/GCF_020708615.1_ASM2070861v1_genomic.fna --plus -o /home/bacte/bacillus_amr/05_amr/amrfinder_raw/GCF_020708615.1.tsv
Software directory: /home/bacte/miniconda3/envs/amrfinder_env/bin/
Software version: 4.2.7
Database directory: /home/bacte/miniconda3/envs/amrfinder_env/share/amrfinderplus/data/2026-08-07.1
Database version: 2026-08-07.1
AMRFinder translated nucleotide search
  - include -O ORGANISM, --organism ORGANISM option to add mutation searches and suppress common proteins
Running tblastn
Making report
amrfinder took 16 seconds to complete
    OK
[585/1312] GCF_047977995.1
Running: amrfinder -n /home/bacte/bacillus_amr/01_genomes/ncbi_dataset/ncbi_dataset/data/GCF_047977995.1/GCF_047977995.1_ASM4797799v1_genomic.fna --plus -o /home/bacte/bacillus_amr/05_amr/amrfinder_raw/GCF_047977995.1.tsv
Software directory: /home/bacte/miniconda3/envs/amrfinder_env/bin/
Software version: 4.2.7
Database directory: /home/bacte/miniconda3/envs/amrfinder_env/share/amrfinderplus/data/2026-08-07.1
Database version: 2026-08-07.1
AMRFinder translated nucleotide search
  - include -O ORGANISM, --organism ORGANISM option to add mutation searches and suppress common proteins
Running tblastn
Making report
amrfinder took 26 seconds to complete
    OK
[586/1312] GCF_002998615.1
Running: amrfinder -n /home/bacte/bacillus_amr/01_genomes/ncbi_dataset/ncbi_dataset/data/GCF_002998615.1/GCF_002998615.1_ASM299861v1_genomic.fna --plus -o /home/bacte/bacillus_amr/05_amr/amrfinder_raw/GCF_002998615.1.tsv
Software directory: /home/bacte/miniconda3/envs/amrfinder_env/bin/
Software version: 4.2.7
Database directory: /home/bacte/miniconda3/envs/amrfinder_env/share/amrfinderplus/data/2026-08-07.1
Database version: 2026-08-07.1
AMRFinder translated nucleotide search
  - include -O ORGANISM, --organism ORGANISM option to add mutation searches and suppress common proteins
Running tblastn
Making report
amrfinder took 15 seconds to complete
    OK
[587/1312] GCF_003004355.1
Running: amrfinder -n /home/bacte/bacillus_amr/01_genomes/ncbi_dataset/ncbi_dataset/data/GCF_003004355.1/GCF_003004355.1_ASM300435v1_genomic.fna --plus -o /home/bacte/bacillus_amr/05_amr/amrfinder_raw/GCF_003004355.1.tsv
Software directory: /home/bacte/miniconda3/envs/amrfinder_env/bin/
Software version: 4.2.7
Database directory: /home/bacte/miniconda3/envs/amrfinder_env/share/amrfinderplus/data/2026-08-07.1
Database version: 2026-08-07.1
AMRFinder translated nucleotide search
  - include -O ORGANISM, --organism ORGANISM option to add mutation searches and suppress common proteins
Running tblastn
Making report
amrfinder took 18 seconds to complete
    OK
[588/1312] GCF_030209735.1
Running: amrfinder -n /home/bacte/bacillus_amr/01_genomes/ncbi_dataset/ncbi_dataset/data/GCF_030209735.1/GCF_030209735.1_ASM3020973v1_genomic.fna --plus -o /home/bacte/bacillus_amr/05_amr/amrfinder_raw/GCF_030209735.1.tsv
Software directory: /home/bacte/miniconda3/envs/amrfinder_env/bin/
Software version: 4.2.7
Database directory: /home/bacte/miniconda3/envs/amrfinder_env/share/amrfinderplus/data/2026-08-07.1
Database version: 2026-08-07.1
AMRFinder translated nucleotide search
  - include -O ORGANISM, --organism ORGANISM option to add mutation searches and suppress common proteins
Running tblastn
Making report
amrfinder took 16 seconds to complete
    OK
[589/1312] GCF_903971065.1
Running: amrfinder -n /home/bacte/bacillus_amr/01_genomes/ncbi_dataset/ncbi_dataset/data/GCF_903971065.1/GCF_903971065.1_ASM90397106v1_genomic.fna --plus -o /home/bacte/bacillus_amr/05_amr/amrfinder_raw/GCF_903971065.1.tsv
Software directory: /home/bacte/miniconda3/envs/amrfinder_env/bin/
Software version: 4.2.7
Database directory: /home/bacte/miniconda3/envs/amrfinder_env/share/amrfinderplus/data/2026-08-07.1
Database version: 2026-08-07.1
AMRFinder translated nucleotide search
  - include -O ORGANISM, --organism ORGANISM option to add mutation searches and suppress common proteins
Running tblastn
Making report
amrfinder took 11 seconds to complete
    OK
[590/1312] GCF_903970865.1
Running: amrfinder -n /home/bacte/bacillus_amr/01_genomes/ncbi_dataset/ncbi_dataset/data/GCF_903970865.1/GCF_903970865.1_ASM90397086v1_genomic.fna --plus -o /home/bacte/bacillus_amr/05_amr/amrfinder_raw/GCF_903970865.1.tsv
Software directory: /home/bacte/miniconda3/envs/amrfinder_env/bin/
Software version: 4.2.7
Database directory: /home/bacte/miniconda3/envs/amrfinder_env/share/amrfinderplus/data/2026-08-07.1
Database version: 2026-08-07.1
AMRFinder translated nucleotide search
  - include -O ORGANISM, --organism ORGANISM option to add mutation searches and suppress common proteins
Running tblastn
Making report
amrfinder took 16 seconds to complete
    OK
[591/1312] GCF_056711665.1
Running: amrfinder -n /home/bacte/bacillus_amr/01_genomes/ncbi_dataset/ncbi_dataset/data/GCF_056711665.1/GCF_056711665.1_ASM5671166v1_genomic.fna --plus -o /home/bacte/bacillus_amr/05_amr/amrfinder_raw/GCF_056711665.1.tsv
Software directory: /home/bacte/miniconda3/envs/amrfinder_env/bin/
Software version: 4.2.7
Database directory: /home/bacte/miniconda3/envs/amrfinder_env/share/amrfinderplus/data/2026-08-07.1
Database version: 2026-08-07.1
AMRFinder translated nucleotide search
  - include -O ORGANISM, --organism ORGANISM option to add mutation searches and suppress common proteins
Running tblastn
Making report
amrfinder took 16 seconds to complete
    OK
[592/1312] GCF_052259025.1
Running: amrfinder -n /home/bacte/bacillus_amr/01_genomes/ncbi_dataset/ncbi_dataset/data/GCF_052259025.1/GCF_052259025.1_ASM5225902v1_genomic.fna --plus -o /home/bacte/bacillus_amr/05_amr/amrfinder_raw/GCF_052259025.1.tsv
Software directory: /home/bacte/miniconda3/envs/amrfinder_env/bin/
Software version: 4.2.7
Database directory: /home/bacte/miniconda3/envs/amrfinder_env/share/amrfinderplus/data/2026-08-07.1
Database version: 2026-08-07.1
AMRFinder translated nucleotide search
  - include -O ORGANISM, --organism ORGANISM option to add mutation searches and suppress common proteins
Running tblastn
Making report
amrfinder took 41 seconds to complete
    OK
[593/1312] GCF_030757775.1
Running: amrfinder -n /home/bacte/bacillus_amr/01_genomes/ncbi_dataset/ncbi_dataset/data/GCF_030757775.1/GCF_030757775.1_ASM3075777v1_genomic.fna --plus -o /home/bacte/bacillus_amr/05_amr/amrfinder_raw/GCF_030757775.1.tsv
Software directory: /home/bacte/miniconda3/envs/amrfinder_env/bin/
Software version: 4.2.7
Database directory: /home/bacte/miniconda3/envs/amrfinder_env/share/amrfinderplus/data/2026-08-07.1
Database version: 2026-08-07.1
AMRFinder translated nucleotide search
  - include -O ORGANISM, --organism ORGANISM option to add mutation searches and suppress common proteins
Running tblastn
Making report
amrfinder took 49 seconds to complete
    OK
[594/1312] GCF_026719365.1
Running: amrfinder -n /home/bacte/bacillus_amr/01_genomes/ncbi_dataset/ncbi_dataset/data/GCF_026719365.1/GCF_026719365.1_ASM2671936v1_genomic.fna --plus -o /home/bacte/bacillus_amr/05_amr/amrfinder_raw/GCF_026719365.1.tsv
Software directory: /home/bacte/miniconda3/envs/amrfinder_env/bin/
Software version: 4.2.7
Database directory: /home/bacte/miniconda3/envs/amrfinder_env/share/amrfinderplus/data/2026-08-07.1
Database version: 2026-08-07.1
AMRFinder translated nucleotide search
  - include -O ORGANISM, --organism ORGANISM option to add mutation searches and suppress common proteins
Running tblastn
Making report
amrfinder took 23 seconds to complete
    OK
[595/1312] GCF_027853835.1
Running: amrfinder -n /home/bacte/bacillus_amr/01_genomes/ncbi_dataset/ncbi_dataset/data/GCF_027853835.1/GCF_027853835.1_ASM2785383v1_genomic.fna --plus -o /home/bacte/bacillus_amr/05_amr/amrfinder_raw/GCF_027853835.1.tsv
Software directory: /home/bacte/miniconda3/envs/amrfinder_env/bin/
Software version: 4.2.7
Database directory: /home/bacte/miniconda3/envs/amrfinder_env/share/amrfinderplus/data/2026-08-07.1
Database version: 2026-08-07.1
AMRFinder translated nucleotide search
  - include -O ORGANISM, --organism ORGANISM option to add mutation searches and suppress common proteins
Running tblastn
Making report
amrfinder took 25 seconds to complete
    OK
[596/1312] GCF_026420705.1
Running: amrfinder -n /home/bacte/bacillus_amr/01_genomes/ncbi_dataset/ncbi_dataset/data/GCF_026420705.1/GCF_026420705.1_ASM2642070v1_genomic.fna --plus -o /home/bacte/bacillus_amr/05_amr/amrfinder_raw/GCF_026420705.1.tsv
Software directory: /home/bacte/miniconda3/envs/amrfinder_env/bin/
Software version: 4.2.7
Database directory: /home/bacte/miniconda3/envs/amrfinder_env/share/amrfinderplus/data/2026-08-07.1
Database version: 2026-08-07.1
AMRFinder translated nucleotide search
  - include -O ORGANISM, --organism ORGANISM option to add mutation searches and suppress common proteins
Running tblastn
Making report
amrfinder took 24 seconds to complete
    OK
[597/1312] GCF_002998465.1
Running: amrfinder -n /home/bacte/bacillus_amr/01_genomes/ncbi_dataset/ncbi_dataset/data/GCF_002998465.1/GCF_002998465.1_ASM299846v1_genomic.fna --plus -o /home/bacte/bacillus_amr/05_amr/amrfinder_raw/GCF_002998465.1.tsv
Software directory: /home/bacte/miniconda3/envs/amrfinder_env/bin/
Software version: 4.2.7
Database directory: /home/bacte/miniconda3/envs/amrfinder_env/share/amrfinderplus/data/2026-08-07.1
Database version: 2026-08-07.1
AMRFinder translated nucleotide search
  - include -O ORGANISM, --organism ORGANISM option to add mutation searches and suppress common proteins
Running tblastn
Making report
amrfinder took 14 seconds to complete
    OK
[598/1312] GCF_002998735.1
Running: amrfinder -n /home/bacte/bacillus_amr/01_genomes/ncbi_dataset/ncbi_dataset/data/GCF_002998735.1/GCF_002998735.1_ASM299873v1_genomic.fna --plus -o /home/bacte/bacillus_amr/05_amr/amrfinder_raw/GCF_002998735.1.tsv
Software directory: /home/bacte/miniconda3/envs/amrfinder_env/bin/
Software version: 4.2.7
Database directory: /home/bacte/miniconda3/envs/amrfinder_env/share/amrfinderplus/data/2026-08-07.1
Database version: 2026-08-07.1
AMRFinder translated nucleotide search
  - include -O ORGANISM, --organism ORGANISM option to add mutation searches and suppress common proteins
Running tblastn
Making report
amrfinder took 15 seconds to complete
    OK
[599/1312] GCF_056401715.1
Running: amrfinder -n /home/bacte/bacillus_amr/01_genomes/ncbi_dataset/ncbi_dataset/data/GCF_056401715.1/GCF_056401715.1_ASM5640171v1_genomic.fna --plus -o /home/bacte/bacillus_amr/05_amr/amrfinder_raw/GCF_056401715.1.tsv
Software directory: /home/bacte/miniconda3/envs/amrfinder_env/bin/
Software version: 4.2.7
Database directory: /home/bacte/miniconda3/envs/amrfinder_env/share/amrfinderplus/data/2026-08-07.1
Database version: 2026-08-07.1
AMRFinder translated nucleotide search
  - include -O ORGANISM, --organism ORGANISM option to add mutation searches and suppress common proteins
Running tblastn
Making report
amrfinder took 23 seconds to complete
    OK
[600/1312] GCF_007097215.1
Running: amrfinder -n /home/bacte/bacillus_amr/01_genomes/ncbi_dataset/ncbi_dataset/data/GCF_007097215.1/GCF_007097215.1_ASM709721v1_genomic.fna --plus -o /home/bacte/bacillus_amr/05_amr/amrfinder_raw/GCF_007097215.1.tsv
Software directory: /home/bacte/miniconda3/envs/amrfinder_env/bin/
Software version: 4.2.7
Database directory: /home/bacte/miniconda3/envs/amrfinder_env/share/amrfinderplus/data/2026-08-07.1
Database version: 2026-08-07.1
AMRFinder translated nucleotide search
  - include -O ORGANISM, --organism ORGANISM option to add mutation searches and suppress common proteins
Running tblastn
Making report
amrfinder took 14 seconds to complete
    OK
[601/1312] GCF_003046665.1
Running: amrfinder -n /home/bacte/bacillus_amr/01_genomes/ncbi_dataset/ncbi_dataset/data/GCF_003046665.1/GCF_003046665.1_ASM304666v1_genomic.fna --plus -o /home/bacte/bacillus_amr/05_amr/amrfinder_raw/GCF_003046665.1.tsv
Software directory: /home/bacte/miniconda3/envs/amrfinder_env/bin/
Software version: 4.2.7
Database directory: /home/bacte/miniconda3/envs/amrfinder_env/share/amrfinderplus/data/2026-08-07.1
Database version: 2026-08-07.1
AMRFinder translated nucleotide search
  - include -O ORGANISM, --organism ORGANISM option to add mutation searches and suppress common proteins
Running tblastn
Making report
amrfinder took 10 seconds to complete
    OK
[602/1312] GCF_041360755.1
Running: amrfinder -n /home/bacte/bacillus_amr/01_genomes/ncbi_dataset/ncbi_dataset/data/GCF_041360755.1/GCF_041360755.1_ASM4136075v1_genomic.fna --plus -o /home/bacte/bacillus_amr/05_amr/amrfinder_raw/GCF_041360755.1.tsv
Software directory: /home/bacte/miniconda3/envs/amrfinder_env/bin/
Software version: 4.2.7
Database directory: /home/bacte/miniconda3/envs/amrfinder_env/share/amrfinderplus/data/2026-08-07.1
Database version: 2026-08-07.1
AMRFinder translated nucleotide search
  - include -O ORGANISM, --organism ORGANISM option to add mutation searches and suppress common proteins
Running tblastn
Making report
amrfinder took 29 seconds to complete
    OK
[603/1312] GCF_026131695.1
Running: amrfinder -n /home/bacte/bacillus_amr/01_genomes/ncbi_dataset/ncbi_dataset/data/GCF_026131695.1/GCF_026131695.1_ASM2613169v1_genomic.fna --plus -o /home/bacte/bacillus_amr/05_amr/amrfinder_raw/GCF_026131695.1.tsv
Software directory: /home/bacte/miniconda3/envs/amrfinder_env/bin/
Software version: 4.2.7
Database directory: /home/bacte/miniconda3/envs/amrfinder_env/share/amrfinderplus/data/2026-08-07.1
Database version: 2026-08-07.1
AMRFinder translated nucleotide search
  - include -O ORGANISM, --organism ORGANISM option to add mutation searches and suppress common proteins
Running tblastn
Making report
amrfinder took 20 seconds to complete
    OK
[604/1312] GCF_013141905.1
Running: amrfinder -n /home/bacte/bacillus_amr/01_genomes/ncbi_dataset/ncbi_dataset/data/GCF_013141905.1/GCF_013141905.1_ASM1314190v1_genomic.fna --plus -o /home/bacte/bacillus_amr/05_amr/amrfinder_raw/GCF_013141905.1.tsv
Software directory: /home/bacte/miniconda3/envs/amrfinder_env/bin/
Software version: 4.2.7
Database directory: /home/bacte/miniconda3/envs/amrfinder_env/share/amrfinderplus/data/2026-08-07.1
Database version: 2026-08-07.1
AMRFinder translated nucleotide search
  - include -O ORGANISM, --organism ORGANISM option to add mutation searches and suppress common proteins
Running tblastn
Making report
amrfinder took 10 seconds to complete
    OK
[605/1312] GCF_984799155.1
Running: amrfinder -n /home/bacte/bacillus_amr/01_genomes/ncbi_dataset/ncbi_dataset/data/GCF_984799155.1/GCF_984799155.1_SRL337_genomic.fna --plus -o /home/bacte/bacillus_amr/05_amr/amrfinder_raw/GCF_984799155.1.tsv
Software directory: /home/bacte/miniconda3/envs/amrfinder_env/bin/
Software version: 4.2.7
Database directory: /home/bacte/miniconda3/envs/amrfinder_env/share/amrfinderplus/data/2026-08-07.1
Database version: 2026-08-07.1
AMRFinder translated nucleotide search
  - include -O ORGANISM, --organism ORGANISM option to add mutation searches and suppress common proteins
Running tblastn
Making report
amrfinder took 48 seconds to complete
    OK
[606/1312] GCF_984799205.1
Running: amrfinder -n /home/bacte/bacillus_amr/01_genomes/ncbi_dataset/ncbi_dataset/data/GCF_984799205.1/GCF_984799205.1_SRL543_genomic.fna --plus -o /home/bacte/bacillus_amr/05_amr/amrfinder_raw/GCF_984799205.1.tsv
Software directory: /home/bacte/miniconda3/envs/amrfinder_env/bin/
Software version: 4.2.7
Database directory: /home/bacte/miniconda3/envs/amrfinder_env/share/amrfinderplus/data/2026-08-07.1
Database version: 2026-08-07.1
AMRFinder translated nucleotide search
  - include -O ORGANISM, --organism ORGANISM option to add mutation searches and suppress common proteins
Running tblastn
Making report
amrfinder took 54 seconds to complete
    OK
[607/1312] GCF_033449965.1
Running: amrfinder -n /home/bacte/bacillus_amr/01_genomes/ncbi_dataset/ncbi_dataset/data/GCF_033449965.1/GCF_033449965.1_ASM3344996v1_genomic.fna --plus -o /home/bacte/bacillus_amr/05_amr/amrfinder_raw/GCF_033449965.1.tsv
Software directory: /home/bacte/miniconda3/envs/amrfinder_env/bin/
Software version: 4.2.7
Database directory: /home/bacte/miniconda3/envs/amrfinder_env/share/amrfinderplus/data/2026-08-07.1
Database version: 2026-08-07.1
AMRFinder translated nucleotide search
  - include -O ORGANISM, --organism ORGANISM option to add mutation searches and suppress common proteins
Running tblastn
Making report
amrfinder took 49 seconds to complete
    OK
[608/1312] GCF_056033845.1
Running: amrfinder -n /home/bacte/bacillus_amr/01_genomes/ncbi_dataset/ncbi_dataset/data/GCF_056033845.1/GCF_056033845.1_ASM5603384v1_genomic.fna --plus -o /home/bacte/bacillus_amr/05_amr/amrfinder_raw/GCF_056033845.1.tsv
Software directory: /home/bacte/miniconda3/envs/amrfinder_env/bin/
Software version: 4.2.7
Database directory: /home/bacte/miniconda3/envs/amrfinder_env/share/amrfinderplus/data/2026-08-07.1
Database version: 2026-08-07.1
AMRFinder translated nucleotide search
  - include -O ORGANISM, --organism ORGANISM option to add mutation searches and suppress common proteins
Running tblastn
Making report
amrfinder took 203 seconds to complete
    OK
[609/1312] GCF_004103875.1
Running: amrfinder -n /home/bacte/bacillus_amr/01_genomes/ncbi_dataset/ncbi_dataset/data/GCF_004103875.1/GCF_004103875.1_ASM410387v1_genomic.fna --plus -o /home/bacte/bacillus_amr/05_amr/amrfinder_raw/GCF_004103875.1.tsv
Software directory: /home/bacte/miniconda3/envs/amrfinder_env/bin/
Software version: 4.2.7
Database directory: /home/bacte/miniconda3/envs/amrfinder_env/share/amrfinderplus/data/2026-08-07.1
Database version: 2026-08-07.1
AMRFinder translated nucleotide search
  - include -O ORGANISM, --organism ORGANISM option to add mutation searches and suppress common proteins
Running tblastn
Making report
amrfinder took 67 seconds to complete
    OK
[610/1312] GCF_030851295.1
Running: amrfinder -n /home/bacte/bacillus_amr/01_genomes/ncbi_dataset/ncbi_dataset/data/GCF_030851295.1/GCF_030851295.1_ASM3085129v1_genomic.fna --plus -o /home/bacte/bacillus_amr/05_amr/amrfinder_raw/GCF_030851295.1.tsv
Software directory: /home/bacte/miniconda3/envs/amrfinder_env/bin/
Software version: 4.2.7
Database directory: /home/bacte/miniconda3/envs/amrfinder_env/share/amrfinderplus/data/2026-08-07.1
Database version: 2026-08-07.1
AMRFinder translated nucleotide search
  - include -O ORGANISM, --organism ORGANISM option to add mutation searches and suppress common proteins
Running tblastn
Making report
amrfinder took 14 seconds to complete
    OK
[611/1312] GCF_017498755.1
Running: amrfinder -n /home/bacte/bacillus_amr/01_genomes/ncbi_dataset/ncbi_dataset/data/GCF_017498755.1/GCF_017498755.1_ASM1749875v1_genomic.fna --plus -o /home/bacte/bacillus_amr/05_amr/amrfinder_raw/GCF_017498755.1.tsv
Software directory: /home/bacte/miniconda3/envs/amrfinder_env/bin/
Software version: 4.2.7
Database directory: /home/bacte/miniconda3/envs/amrfinder_env/share/amrfinderplus/data/2026-08-07.1
Database version: 2026-08-07.1
AMRFinder translated nucleotide search
  - include -O ORGANISM, --organism ORGANISM option to add mutation searches and suppress common proteins
Running tblastn
Making report
amrfinder took 14 seconds to complete
    OK
[612/1312] GCF_052113405.1
Running: amrfinder -n /home/bacte/bacillus_amr/01_genomes/ncbi_dataset/ncbi_dataset/data/GCF_052113405.1/GCF_052113405.1_ASM5211340v1_genomic.fna --plus -o /home/bacte/bacillus_amr/05_amr/amrfinder_raw/GCF_052113405.1.tsv
Software directory: /home/bacte/miniconda3/envs/amrfinder_env/bin/
Software version: 4.2.7
Database directory: /home/bacte/miniconda3/envs/amrfinder_env/share/amrfinderplus/data/2026-08-07.1
Database version: 2026-08-07.1
AMRFinder translated nucleotide search
  - include -O ORGANISM, --organism ORGANISM option to add mutation searches and suppress common proteins
Running tblastn
Making report
amrfinder took 17 seconds to complete
    OK
[613/1312] GCF_052113145.1
Running: amrfinder -n /home/bacte/bacillus_amr/01_genomes/ncbi_dataset/ncbi_dataset/data/GCF_052113145.1/GCF_052113145.1_ASM5211314v1_genomic.fna --plus -o /home/bacte/bacillus_amr/05_amr/amrfinder_raw/GCF_052113145.1.tsv
Software directory: /home/bacte/miniconda3/envs/amrfinder_env/bin/
Software version: 4.2.7
Database directory: /home/bacte/miniconda3/envs/amrfinder_env/share/amrfinderplus/data/2026-08-07.1
Database version: 2026-08-07.1
AMRFinder translated nucleotide search
  - include -O ORGANISM, --organism ORGANISM option to add mutation searches and suppress common proteins
Running tblastn
Making report
amrfinder took 20 seconds to complete
    OK
[614/1312] GCF_053663335.1
Running: amrfinder -n /home/bacte/bacillus_amr/01_genomes/ncbi_dataset/ncbi_dataset/data/GCF_053663335.1/GCF_053663335.1_ASM5366333v1_genomic.fna --plus -o /home/bacte/bacillus_amr/05_amr/amrfinder_raw/GCF_053663335.1.tsv
Software directory: /home/bacte/miniconda3/envs/amrfinder_env/bin/
Software version: 4.2.7
Database directory: /home/bacte/miniconda3/envs/amrfinder_env/share/amrfinderplus/data/2026-08-07.1
Database version: 2026-08-07.1
AMRFinder translated nucleotide search
  - include -O ORGANISM, --organism ORGANISM option to add mutation searches and suppress common proteins
Running tblastn
Making report
amrfinder took 22 seconds to complete
    OK
[615/1312] GCF_049059085.1
Running: amrfinder -n /home/bacte/bacillus_amr/01_genomes/ncbi_dataset/ncbi_dataset/data/GCF_049059085.1/GCF_049059085.1_ASM4905908v1_genomic.fna --plus -o /home/bacte/bacillus_amr/05_amr/amrfinder_raw/GCF_049059085.1.tsv
Software directory: /home/bacte/miniconda3/envs/amrfinder_env/bin/
Software version: 4.2.7
Database directory: /home/bacte/miniconda3/envs/amrfinder_env/share/amrfinderplus/data/2026-08-07.1
Database version: 2026-08-07.1
AMRFinder translated nucleotide search
  - include -O ORGANISM, --organism ORGANISM option to add mutation searches and suppress common proteins
Running tblastn
Making report
amrfinder took 14 seconds to complete
    OK
[616/1312] GCF_049059525.1
Running: amrfinder -n /home/bacte/bacillus_amr/01_genomes/ncbi_dataset/ncbi_dataset/data/GCF_049059525.1/GCF_049059525.1_ASM4905952v1_genomic.fna --plus -o /home/bacte/bacillus_amr/05_amr/amrfinder_raw/GCF_049059525.1.tsv
Software directory: /home/bacte/miniconda3/envs/amrfinder_env/bin/
Software version: 4.2.7
Database directory: /home/bacte/miniconda3/envs/amrfinder_env/share/amrfinderplus/data/2026-08-07.1
Database version: 2026-08-07.1
AMRFinder translated nucleotide search
  - include -O ORGANISM, --organism ORGANISM option to add mutation searches and suppress common proteins
Running tblastn
Making report
amrfinder took 41 seconds to complete
    OK
[617/1312] GCF_049059385.1
Running: amrfinder -n /home/bacte/bacillus_amr/01_genomes/ncbi_dataset/ncbi_dataset/data/GCF_049059385.1/GCF_049059385.1_ASM4905938v1_genomic.fna --plus -o /home/bacte/bacillus_amr/05_amr/amrfinder_raw/GCF_049059385.1.tsv
Software directory: /home/bacte/miniconda3/envs/amrfinder_env/bin/
Software version: 4.2.7
Database directory: /home/bacte/miniconda3/envs/amrfinder_env/share/amrfinderplus/data/2026-08-07.1
Database version: 2026-08-07.1
AMRFinder translated nucleotide search
  - include -O ORGANISM, --organism ORGANISM option to add mutation searches and suppress common proteins
Running tblastn
Making report
amrfinder took 23 seconds to complete
    OK
[618/1312] GCF_049059365.1
Running: amrfinder -n /home/bacte/bacillus_amr/01_genomes/ncbi_dataset/ncbi_dataset/data/GCF_049059365.1/GCF_049059365.1_ASM4905936v1_genomic.fna --plus -o /home/bacte/bacillus_amr/05_amr/amrfinder_raw/GCF_049059365.1.tsv
Software directory: /home/bacte/miniconda3/envs/amrfinder_env/bin/
Software version: 4.2.7
Database directory: /home/bacte/miniconda3/envs/amrfinder_env/share/amrfinderplus/data/2026-08-07.1
Database version: 2026-08-07.1
AMRFinder translated nucleotide search
  - include -O ORGANISM, --organism ORGANISM option to add mutation searches and suppress common proteins
Running tblastn
Making report
amrfinder took 36 seconds to complete
    OK
[619/1312] GCF_049059145.1
Running: amrfinder -n /home/bacte/bacillus_amr/01_genomes/ncbi_dataset/ncbi_dataset/data/GCF_049059145.1/GCF_049059145.1_ASM4905914v1_genomic.fna --plus -o /home/bacte/bacillus_amr/05_amr/amrfinder_raw/GCF_049059145.1.tsv
Software directory: /home/bacte/miniconda3/envs/amrfinder_env/bin/
Software version: 4.2.7
Database directory: /home/bacte/miniconda3/envs/amrfinder_env/share/amrfinderplus/data/2026-08-07.1
Database version: 2026-08-07.1
AMRFinder translated nucleotide search
  - include -O ORGANISM, --organism ORGANISM option to add mutation searches and suppress common proteins
Running tblastn
Making report
amrfinder took 37 seconds to complete
    OK
[620/1312] GCF_049059325.1
Running: amrfinder -n /home/bacte/bacillus_amr/01_genomes/ncbi_dataset/ncbi_dataset/data/GCF_049059325.1/GCF_049059325.1_ASM4905932v1_genomic.fna --plus -o /home/bacte/bacillus_amr/05_amr/amrfinder_raw/GCF_049059325.1.tsv
Software directory: /home/bacte/miniconda3/envs/amrfinder_env/bin/
Software version: 4.2.7
Database directory: /home/bacte/miniconda3/envs/amrfinder_env/share/amrfinderplus/data/2026-08-07.1
Database version: 2026-08-07.1
AMRFinder translated nucleotide search
  - include -O ORGANISM, --organism ORGANISM option to add mutation searches and suppress common proteins
Running tblastn
Making report
amrfinder took 29 seconds to complete
    OK
[621/1312] GCF_049059225.1
Running: amrfinder -n /home/bacte/bacillus_amr/01_genomes/ncbi_dataset/ncbi_dataset/data/GCF_049059225.1/GCF_049059225.1_ASM4905922v1_genomic.fna --plus -o /home/bacte/bacillus_amr/05_amr/amrfinder_raw/GCF_049059225.1.tsv
Software directory: /home/bacte/miniconda3/envs/amrfinder_env/bin/
Software version: 4.2.7
Database directory: /home/bacte/miniconda3/envs/amrfinder_env/share/amrfinderplus/data/2026-08-07.1
Database version: 2026-08-07.1
AMRFinder translated nucleotide search
  - include -O ORGANISM, --organism ORGANISM option to add mutation searches and suppress common proteins
Running tblastn
Making report
amrfinder took 37 seconds to complete
    OK
[622/1312] GCF_049059205.1
Running: amrfinder -n /home/bacte/bacillus_amr/01_genomes/ncbi_dataset/ncbi_dataset/data/GCF_049059205.1/GCF_049059205.1_ASM4905920v1_genomic.fna --plus -o /home/bacte/bacillus_amr/05_amr/amrfinder_raw/GCF_049059205.1.tsv
Software directory: /home/bacte/miniconda3/envs/amrfinder_env/bin/
Software version: 4.2.7
Database directory: /home/bacte/miniconda3/envs/amrfinder_env/share/amrfinderplus/data/2026-08-07.1
Database version: 2026-08-07.1
AMRFinder translated nucleotide search
  - include -O ORGANISM, --organism ORGANISM option to add mutation searches and suppress common proteins
Running tblastn
Making report
amrfinder took 38 seconds to complete
    OK
[623/1312] GCF_049059245.1
Running: amrfinder -n /home/bacte/bacillus_amr/01_genomes/ncbi_dataset/ncbi_dataset/data/GCF_049059245.1/GCF_049059245.1_ASM4905924v1_genomic.fna --plus -o /home/bacte/bacillus_amr/05_amr/amrfinder_raw/GCF_049059245.1.tsv
Software directory: /home/bacte/miniconda3/envs/amrfinder_env/bin/
Software version: 4.2.7
Database directory: /home/bacte/miniconda3/envs/amrfinder_env/share/amrfinderplus/data/2026-08-07.1
Database version: 2026-08-07.1
AMRFinder translated nucleotide search
  - include -O ORGANISM, --organism ORGANISM option to add mutation searches and suppress common proteins
Running tblastn
Making report
amrfinder took 38 seconds to complete
    OK
[624/1312] GCF_049059285.1
Running: amrfinder -n /home/bacte/bacillus_amr/01_genomes/ncbi_dataset/ncbi_dataset/data/GCF_049059285.1/GCF_049059285.1_ASM4905928v1_genomic.fna --plus -o /home/bacte/bacillus_amr/05_amr/amrfinder_raw/GCF_049059285.1.tsv
Software directory: /home/bacte/miniconda3/envs/amrfinder_env/bin/
Software version: 4.2.7
Database directory: /home/bacte/miniconda3/envs/amrfinder_env/share/amrfinderplus/data/2026-08-07.1
Database version: 2026-08-07.1
AMRFinder translated nucleotide search
  - include -O ORGANISM, --organism ORGANISM option to add mutation searches and suppress common proteins
Running tblastn
Making report
amrfinder took 18 seconds to complete
    OK
[625/1312] GCF_049059505.1
Running: amrfinder -n /home/bacte/bacillus_amr/01_genomes/ncbi_dataset/ncbi_dataset/data/GCF_049059505.1/GCF_049059505.1_ASM4905950v1_genomic.fna --plus -o /home/bacte/bacillus_amr/05_amr/amrfinder_raw/GCF_049059505.1.tsv
Software directory: /home/bacte/miniconda3/envs/amrfinder_env/bin/
Software version: 4.2.7
Database directory: /home/bacte/miniconda3/envs/amrfinder_env/share/amrfinderplus/data/2026-08-07.1
Database version: 2026-08-07.1
AMRFinder translated nucleotide search
  - include -O ORGANISM, --organism ORGANISM option to add mutation searches and suppress common proteins
Running tblastn
Making report
amrfinder took 37 seconds to complete
    OK
[626/1312] GCF_049059425.1
Running: amrfinder -n /home/bacte/bacillus_amr/01_genomes/ncbi_dataset/ncbi_dataset/data/GCF_049059425.1/GCF_049059425.1_ASM4905942v1_genomic.fna --plus -o /home/bacte/bacillus_amr/05_amr/amrfinder_raw/GCF_049059425.1.tsv
Software directory: /home/bacte/miniconda3/envs/amrfinder_env/bin/
Software version: 4.2.7
Database directory: /home/bacte/miniconda3/envs/amrfinder_env/share/amrfinderplus/data/2026-08-07.1
Database version: 2026-08-07.1
AMRFinder translated nucleotide search
  - include -O ORGANISM, --organism ORGANISM option to add mutation searches and suppress common proteins
Running tblastn
Making report
amrfinder took 39 seconds to complete
    OK
[627/1312] GCF_002211235.1
Running: amrfinder -n /home/bacte/bacillus_amr/01_genomes/ncbi_dataset/ncbi_dataset/data/GCF_002211235.1/GCF_002211235.1_ASM221123v1_genomic.fna --plus -o /home/bacte/bacillus_amr/05_amr/amrfinder_raw/GCF_002211235.1.tsv
Software directory: /home/bacte/miniconda3/envs/amrfinder_env/bin/
Software version: 4.2.7
Database directory: /home/bacte/miniconda3/envs/amrfinder_env/share/amrfinderplus/data/2026-08-07.1
Database version: 2026-08-07.1
AMRFinder translated nucleotide search
  - include -O ORGANISM, --organism ORGANISM option to add mutation searches and suppress common proteins
Running tblastn
Making report
amrfinder took 20 seconds to complete
    OK
[628/1312] GCF_051904025.1
Running: amrfinder -n /home/bacte/bacillus_amr/01_genomes/ncbi_dataset/ncbi_dataset/data/GCF_051904025.1/GCF_051904025.1_ASM5190402v1_genomic.fna --plus -o /home/bacte/bacillus_amr/05_amr/amrfinder_raw/GCF_051904025.1.tsv
Software directory: /home/bacte/miniconda3/envs/amrfinder_env/bin/
Software version: 4.2.7
Database directory: /home/bacte/miniconda3/envs/amrfinder_env/share/amrfinderplus/data/2026-08-07.1
Database version: 2026-08-07.1
AMRFinder translated nucleotide search
  - include -O ORGANISM, --organism ORGANISM option to add mutation searches and suppress common proteins
Running tblastn
Making report
amrfinder took 61 seconds to complete
    OK
[629/1312] GCF_057333855.1
Running: amrfinder -n /home/bacte/bacillus_amr/01_genomes/ncbi_dataset/ncbi_dataset/data/GCF_057333855.1/GCF_057333855.1_ASM5733385v1_genomic.fna --plus -o /home/bacte/bacillus_amr/05_amr/amrfinder_raw/GCF_057333855.1.tsv
Software directory: /home/bacte/miniconda3/envs/amrfinder_env/bin/
Software version: 4.2.7
Database directory: /home/bacte/miniconda3/envs/amrfinder_env/share/amrfinderplus/data/2026-08-07.1
Database version: 2026-08-07.1
AMRFinder translated nucleotide search
  - include -O ORGANISM, --organism ORGANISM option to add mutation searches and suppress common proteins
Running tblastn
Making report
amrfinder took 21 seconds to complete
    OK
[630/1312] GCF_057334055.1
Running: amrfinder -n /home/bacte/bacillus_amr/01_genomes/ncbi_dataset/ncbi_dataset/data/GCF_057334055.1/GCF_057334055.1_ASM5733405v1_genomic.fna --plus -o /home/bacte/bacillus_amr/05_amr/amrfinder_raw/GCF_057334055.1.tsv
Software directory: /home/bacte/miniconda3/envs/amrfinder_env/bin/
Software version: 4.2.7
Database directory: /home/bacte/miniconda3/envs/amrfinder_env/share/amrfinderplus/data/2026-08-07.1
Database version: 2026-08-07.1
AMRFinder translated nucleotide search
  - include -O ORGANISM, --organism ORGANISM option to add mutation searches and suppress common proteins
Running tblastn
Making report
amrfinder took 12 seconds to complete
    OK
[631/1312] GCF_060484255.1
Running: amrfinder -n /home/bacte/bacillus_amr/01_genomes/ncbi_dataset/ncbi_dataset/data/GCF_060484255.1/GCF_060484255.1_ASM6048425v1_genomic.fna --plus -o /home/bacte/bacillus_amr/05_amr/amrfinder_raw/GCF_060484255.1.tsv
Software directory: /home/bacte/miniconda3/envs/amrfinder_env/bin/
Software version: 4.2.7
Database directory: /home/bacte/miniconda3/envs/amrfinder_env/share/amrfinderplus/data/2026-08-07.1
Database version: 2026-08-07.1
AMRFinder translated nucleotide search
  - include -O ORGANISM, --organism ORGANISM option to add mutation searches and suppress common proteins
Running tblastn
Making report
amrfinder took 64 seconds to complete
    OK
[632/1312] GCF_060484315.1
Running: amrfinder -n /home/bacte/bacillus_amr/01_genomes/ncbi_dataset/ncbi_dataset/data/GCF_060484315.1/GCF_060484315.1_ASM6048431v1_genomic.fna --plus -o /home/bacte/bacillus_amr/05_amr/amrfinder_raw/GCF_060484315.1.tsv
Software directory: /home/bacte/miniconda3/envs/amrfinder_env/bin/
Software version: 4.2.7
Database directory: /home/bacte/miniconda3/envs/amrfinder_env/share/amrfinderplus/data/2026-08-07.1
Database version: 2026-08-07.1
AMRFinder translated nucleotide search
  - include -O ORGANISM, --organism ORGANISM option to add mutation searches and suppress common proteins
Running tblastn
Making report
amrfinder took 46 seconds to complete
    OK
[633/1312] GCF_061541425.1
Running: amrfinder -n /home/bacte/bacillus_amr/01_genomes/ncbi_dataset/ncbi_dataset/data/GCF_061541425.1/GCF_061541425.1_ASM61541425v1_genomic.fna --plus -o /home/bacte/bacillus_amr/05_amr/amrfinder_raw/GCF_061541425.1.tsv
Software directory: /home/bacte/miniconda3/envs/amrfinder_env/bin/
Software version: 4.2.7
Database directory: /home/bacte/miniconda3/envs/amrfinder_env/share/amrfinderplus/data/2026-08-07.1
Database version: 2026-08-07.1
AMRFinder translated nucleotide search
  - include -O ORGANISM, --organism ORGANISM option to add mutation searches and suppress common proteins
Running tblastn
Making report
amrfinder took 12 seconds to complete
    OK
[634/1312] GCF_029772985.1
Running: amrfinder -n /home/bacte/bacillus_amr/01_genomes/ncbi_dataset/ncbi_dataset/data/GCF_029772985.1/GCF_029772985.1_ASM2977298v1_genomic.fna --plus -o /home/bacte/bacillus_amr/05_amr/amrfinder_raw/GCF_029772985.1.tsv
Software directory: /home/bacte/miniconda3/envs/amrfinder_env/bin/
Software version: 4.2.7
Database directory: /home/bacte/miniconda3/envs/amrfinder_env/share/amrfinderplus/data/2026-08-07.1
Database version: 2026-08-07.1
AMRFinder translated nucleotide search
  - include -O ORGANISM, --organism ORGANISM option to add mutation searches and suppress common proteins
Running tblastn
Making report
amrfinder took 78 seconds to complete
    OK
[635/1312] GCF_020551885.1
Running: amrfinder -n /home/bacte/bacillus_amr/01_genomes/ncbi_dataset/ncbi_dataset/data/GCF_020551885.1/GCF_020551885.1_ASM2055188v1_genomic.fna --plus -o /home/bacte/bacillus_amr/05_amr/amrfinder_raw/GCF_020551885.1.tsv
Software directory: /home/bacte/miniconda3/envs/amrfinder_env/bin/
Software version: 4.2.7
Database directory: /home/bacte/miniconda3/envs/amrfinder_env/share/amrfinderplus/data/2026-08-07.1
Database version: 2026-08-07.1
AMRFinder translated nucleotide search
  - include -O ORGANISM, --organism ORGANISM option to add mutation searches and suppress common proteins
Running tblastn
Making report
amrfinder took 26 seconds to complete
    OK
[636/1312] GCF_050017575.1
Running: amrfinder -n /home/bacte/bacillus_amr/01_genomes/ncbi_dataset/ncbi_dataset/data/GCF_050017575.1/GCF_050017575.1_ASM5001757v1_genomic.fna --plus -o /home/bacte/bacillus_amr/05_amr/amrfinder_raw/GCF_050017575.1.tsv
Software directory: /home/bacte/miniconda3/envs/amrfinder_env/bin/
Software version: 4.2.7
Database directory: /home/bacte/miniconda3/envs/amrfinder_env/share/amrfinderplus/data/2026-08-07.1
Database version: 2026-08-07.1
AMRFinder translated nucleotide search
  - include -O ORGANISM, --organism ORGANISM option to add mutation searches and suppress common proteins
Running tblastn
Making report
amrfinder took 28 seconds to complete
    OK
[637/1312] GCF_056777085.1
Running: amrfinder -n /home/bacte/bacillus_amr/01_genomes/ncbi_dataset/ncbi_dataset/data/GCF_056777085.1/GCF_056777085.1_ASM5677708v1_genomic.fna --plus -o /home/bacte/bacillus_amr/05_amr/amrfinder_raw/GCF_056777085.1.tsv
Software directory: /home/bacte/miniconda3/envs/amrfinder_env/bin/
Software version: 4.2.7
Database directory: /home/bacte/miniconda3/envs/amrfinder_env/share/amrfinderplus/data/2026-08-07.1
Database version: 2026-08-07.1
AMRFinder translated nucleotide search
  - include -O ORGANISM, --organism ORGANISM option to add mutation searches and suppress common proteins
Running tblastn
Making report
amrfinder took 30 seconds to complete
    OK
[638/1312] GCF_059818205.1
Running: amrfinder -n /home/bacte/bacillus_amr/01_genomes/ncbi_dataset/ncbi_dataset/data/GCF_059818205.1/GCF_059818205.1_ASM5981820v1_genomic.fna --plus -o /home/bacte/bacillus_amr/05_amr/amrfinder_raw/GCF_059818205.1.tsv
Software directory: /home/bacte/miniconda3/envs/amrfinder_env/bin/
Software version: 4.2.7
Database directory: /home/bacte/miniconda3/envs/amrfinder_env/share/amrfinderplus/data/2026-08-07.1
Database version: 2026-08-07.1
AMRFinder translated nucleotide search
  - include -O ORGANISM, --organism ORGANISM option to add mutation searches and suppress common proteins
Running tblastn
Making report
amrfinder took 16 seconds to complete
    OK
[639/1312] GCF_001604995.1
Running: amrfinder -n /home/bacte/bacillus_amr/01_genomes/ncbi_dataset/ncbi_dataset/data/GCF_001604995.1/GCF_001604995.1_ASM160499v1_genomic.fna --plus -o /home/bacte/bacillus_amr/05_amr/amrfinder_raw/GCF_001604995.1.tsv
Software directory: /home/bacte/miniconda3/envs/amrfinder_env/bin/
Software version: 4.2.7
Database directory: /home/bacte/miniconda3/envs/amrfinder_env/share/amrfinderplus/data/2026-08-07.1
Database version: 2026-08-07.1
AMRFinder translated nucleotide search
  - include -O ORGANISM, --organism ORGANISM option to add mutation searches and suppress common proteins
Running tblastn
Making report
amrfinder took 68 seconds to complete
    OK
[640/1312] GCF_002072735.1
Running: amrfinder -n /home/bacte/bacillus_amr/01_genomes/ncbi_dataset/ncbi_dataset/data/GCF_002072735.1/GCF_002072735.1_ASM207273v1_genomic.fna --plus -o /home/bacte/bacillus_amr/05_amr/amrfinder_raw/GCF_002072735.1.tsv
Software directory: /home/bacte/miniconda3/envs/amrfinder_env/bin/
Software version: 4.2.7
Database directory: /home/bacte/miniconda3/envs/amrfinder_env/share/amrfinderplus/data/2026-08-07.1
Database version: 2026-08-07.1
AMRFinder translated nucleotide search
  - include -O ORGANISM, --organism ORGANISM option to add mutation searches and suppress common proteins
Running tblastn
Making report
amrfinder took 66 seconds to complete
    OK
[641/1312] GCF_002142595.1
Running: amrfinder -n /home/bacte/bacillus_amr/01_genomes/ncbi_dataset/ncbi_dataset/data/GCF_002142595.1/GCF_002142595.1_ASM214259v1_genomic.fna --plus -o /home/bacte/bacillus_amr/05_amr/amrfinder_raw/GCF_002142595.1.tsv
Software directory: /home/bacte/miniconda3/envs/amrfinder_env/bin/
Software version: 4.2.7
Database directory: /home/bacte/miniconda3/envs/amrfinder_env/share/amrfinderplus/data/2026-08-07.1
Database version: 2026-08-07.1
AMRFinder translated nucleotide search
  - include -O ORGANISM, --organism ORGANISM option to add mutation searches and suppress common proteins
Running tblastn
Making report
amrfinder took 61 seconds to complete
    OK
[642/1312] GCF_002277775.1
Running: amrfinder -n /home/bacte/bacillus_amr/01_genomes/ncbi_dataset/ncbi_dataset/data/GCF_002277775.1/GCF_002277775.1_ASM227777v1_genomic.fna --plus -o /home/bacte/bacillus_amr/05_amr/amrfinder_raw/GCF_002277775.1.tsv
Software directory: /home/bacte/miniconda3/envs/amrfinder_env/bin/
Software version: 4.2.7
Database directory: /home/bacte/miniconda3/envs/amrfinder_env/share/amrfinderplus/data/2026-08-07.1
Database version: 2026-08-07.1
AMRFinder translated nucleotide search
  - include -O ORGANISM, --organism ORGANISM option to add mutation searches and suppress common proteins
Running tblastn
Making report
amrfinder took 18 seconds to complete
    OK
[643/1312] GCF_004103895.1
Running: amrfinder -n /home/bacte/bacillus_amr/01_genomes/ncbi_dataset/ncbi_dataset/data/GCF_004103895.1/GCF_004103895.1_ASM410389v1_genomic.fna --plus -o /home/bacte/bacillus_amr/05_amr/amrfinder_raw/GCF_004103895.1.tsv
Software directory: /home/bacte/miniconda3/envs/amrfinder_env/bin/
Software version: 4.2.7
Database directory: /home/bacte/miniconda3/envs/amrfinder_env/share/amrfinderplus/data/2026-08-07.1
Database version: 2026-08-07.1
AMRFinder translated nucleotide search
  - include -O ORGANISM, --organism ORGANISM option to add mutation searches and suppress common proteins
Running tblastn
Making report
amrfinder took 62 seconds to complete
    OK
[644/1312] GCF_004294535.1
Running: amrfinder -n /home/bacte/bacillus_amr/01_genomes/ncbi_dataset/ncbi_dataset/data/GCF_004294535.1/GCF_004294535.1_ASM429453v1_genomic.fna --plus -o /home/bacte/bacillus_amr/05_amr/amrfinder_raw/GCF_004294535.1.tsv
Software directory: /home/bacte/miniconda3/envs/amrfinder_env/bin/
Software version: 4.2.7
Database directory: /home/bacte/miniconda3/envs/amrfinder_env/share/amrfinderplus/data/2026-08-07.1
Database version: 2026-08-07.1
AMRFinder translated nucleotide search
  - include -O ORGANISM, --organism ORGANISM option to add mutation searches and suppress common proteins
Running tblastn
Making report
amrfinder took 27 seconds to complete
    OK
[645/1312] GCF_004294565.1
Running: amrfinder -n /home/bacte/bacillus_amr/01_genomes/ncbi_dataset/ncbi_dataset/data/GCF_004294565.1/GCF_004294565.1_ASM429456v1_genomic.fna --plus -o /home/bacte/bacillus_amr/05_amr/amrfinder_raw/GCF_004294565.1.tsv
Software directory: /home/bacte/miniconda3/envs/amrfinder_env/bin/
Software version: 4.2.7
Database directory: /home/bacte/miniconda3/envs/amrfinder_env/share/amrfinderplus/data/2026-08-07.1
Database version: 2026-08-07.1
AMRFinder translated nucleotide search
  - include -O ORGANISM, --organism ORGANISM option to add mutation searches and suppress common proteins
Running tblastn
Making report
amrfinder took 35 seconds to complete
    OK
[646/1312] GCF_005849145.1
Running: amrfinder -n /home/bacte/bacillus_amr/01_genomes/ncbi_dataset/ncbi_dataset/data/GCF_005849145.1/GCF_005849145.1_ASM584914v1_genomic.fna --plus -o /home/bacte/bacillus_amr/05_amr/amrfinder_raw/GCF_005849145.1.tsv
Software directory: /home/bacte/miniconda3/envs/amrfinder_env/bin/
Software version: 4.2.7
Database directory: /home/bacte/miniconda3/envs/amrfinder_env/share/amrfinderplus/data/2026-08-07.1
Database version: 2026-08-07.1
AMRFinder translated nucleotide search
  - include -O ORGANISM, --organism ORGANISM option to add mutation searches and suppress common proteins
Running tblastn
Making report
amrfinder took 67 seconds to complete
    OK
[647/1312] GCF_011765645.1
Running: amrfinder -n /home/bacte/bacillus_amr/01_genomes/ncbi_dataset/ncbi_dataset/data/GCF_011765645.1/GCF_011765645.1_ASM1176564v1_genomic.fna --plus -o /home/bacte/bacillus_amr/05_amr/amrfinder_raw/GCF_011765645.1.tsv
Software directory: /home/bacte/miniconda3/envs/amrfinder_env/bin/
Software version: 4.2.7
Database directory: /home/bacte/miniconda3/envs/amrfinder_env/share/amrfinderplus/data/2026-08-07.1
Database version: 2026-08-07.1
AMRFinder translated nucleotide search
  - include -O ORGANISM, --organism ORGANISM option to add mutation searches and suppress common proteins
Running tblastn
Making report
amrfinder took 73 seconds to complete
    OK
[648/1312] GCF_012935335.1
Running: amrfinder -n /home/bacte/bacillus_amr/01_genomes/ncbi_dataset/ncbi_dataset/data/GCF_012935335.1/GCF_012935335.1_ASM1293533v1_genomic.fna --plus -o /home/bacte/bacillus_amr/05_amr/amrfinder_raw/GCF_012935335.1.tsv
Software directory: /home/bacte/miniconda3/envs/amrfinder_env/bin/
Software version: 4.2.7
Database directory: /home/bacte/miniconda3/envs/amrfinder_env/share/amrfinderplus/data/2026-08-07.1
Database version: 2026-08-07.1
AMRFinder translated nucleotide search
  - include -O ORGANISM, --organism ORGANISM option to add mutation searches and suppress common proteins
Running tblastn
Making report
amrfinder took 19 seconds to complete
    OK
[649/1312] GCF_014046405.1
Running: amrfinder -n /home/bacte/bacillus_amr/01_genomes/ncbi_dataset/ncbi_dataset/data/GCF_014046405.1/GCF_014046405.1_ASM1404640v1_genomic.fna --plus -o /home/bacte/bacillus_amr/05_amr/amrfinder_raw/GCF_014046405.1.tsv
Software directory: /home/bacte/miniconda3/envs/amrfinder_env/bin/
Software version: 4.2.7
Database directory: /home/bacte/miniconda3/envs/amrfinder_env/share/amrfinderplus/data/2026-08-07.1
Database version: 2026-08-07.1
AMRFinder translated nucleotide search
  - include -O ORGANISM, --organism ORGANISM option to add mutation searches and suppress common proteins
Running tblastn
Making report
amrfinder took 16 seconds to complete
    OK
[650/1312] GCF_014219005.1
Running: amrfinder -n /home/bacte/bacillus_amr/01_genomes/ncbi_dataset/ncbi_dataset/data/GCF_014219005.1/GCF_014219005.1_ASM1421900v1_genomic.fna --plus -o /home/bacte/bacillus_amr/05_amr/amrfinder_raw/GCF_014219005.1.tsv
Software directory: /home/bacte/miniconda3/envs/amrfinder_env/bin/
Software version: 4.2.7
Database directory: /home/bacte/miniconda3/envs/amrfinder_env/share/amrfinderplus/data/2026-08-07.1
Database version: 2026-08-07.1
AMRFinder translated nucleotide search
  - include -O ORGANISM, --organism ORGANISM option to add mutation searches and suppress common proteins
Running tblastn
Making report
amrfinder took 20 seconds to complete
    OK
[651/1312] GCF_014805495.1
Running: amrfinder -n /home/bacte/bacillus_amr/01_genomes/ncbi_dataset/ncbi_dataset/data/GCF_014805495.1/GCF_014805495.1_ASM1480549v1_genomic.fna --plus -o /home/bacte/bacillus_amr/05_amr/amrfinder_raw/GCF_014805495.1.tsv
Software directory: /home/bacte/miniconda3/envs/amrfinder_env/bin/
Software version: 4.2.7
Database directory: /home/bacte/miniconda3/envs/amrfinder_env/share/amrfinderplus/data/2026-08-07.1
Database version: 2026-08-07.1
AMRFinder translated nucleotide search
  - include -O ORGANISM, --organism ORGANISM option to add mutation searches and suppress common proteins
Running tblastn
Making report
amrfinder took 17 seconds to complete
    OK
[652/1312] GCF_014856585.1
Running: amrfinder -n /home/bacte/bacillus_amr/01_genomes/ncbi_dataset/ncbi_dataset/data/GCF_014856585.1/GCF_014856585.1_ASM1485658v1_genomic.fna --plus -o /home/bacte/bacillus_amr/05_amr/amrfinder_raw/GCF_014856585.1.tsv
Software directory: /home/bacte/miniconda3/envs/amrfinder_env/bin/
Software version: 4.2.7
Database directory: /home/bacte/miniconda3/envs/amrfinder_env/share/amrfinderplus/data/2026-08-07.1
Database version: 2026-08-07.1
AMRFinder translated nucleotide search
  - include -O ORGANISM, --organism ORGANISM option to add mutation searches and suppress common proteins
Running tblastn
Making report
amrfinder took 8 seconds to complete
    OK
[653/1312] GCF_021555035.1
Running: amrfinder -n /home/bacte/bacillus_amr/01_genomes/ncbi_dataset/ncbi_dataset/data/GCF_021555035.1/GCF_021555035.1_ASM2155503v1_genomic.fna --plus -o /home/bacte/bacillus_amr/05_amr/amrfinder_raw/GCF_021555035.1.tsv
Software directory: /home/bacte/miniconda3/envs/amrfinder_env/bin/
Software version: 4.2.7
Database directory: /home/bacte/miniconda3/envs/amrfinder_env/share/amrfinderplus/data/2026-08-07.1
Database version: 2026-08-07.1
AMRFinder translated nucleotide search
  - include -O ORGANISM, --organism ORGANISM option to add mutation searches and suppress common proteins
Running tblastn
Making report
amrfinder took 18 seconds to complete
    OK
[654/1312] GCF_022647025.1
Running: amrfinder -n /home/bacte/bacillus_amr/01_genomes/ncbi_dataset/ncbi_dataset/data/GCF_022647025.1/GCF_022647025.1_ASM2264702v1_genomic.fna --plus -o /home/bacte/bacillus_amr/05_amr/amrfinder_raw/GCF_022647025.1.tsv
Software directory: /home/bacte/miniconda3/envs/amrfinder_env/bin/
Software version: 4.2.7
Database directory: /home/bacte/miniconda3/envs/amrfinder_env/share/amrfinderplus/data/2026-08-07.1
Database version: 2026-08-07.1
AMRFinder translated nucleotide search
  - include -O ORGANISM, --organism ORGANISM option to add mutation searches and suppress common proteins
Running tblastn
Making report
amrfinder took 50 seconds to complete
    OK
[655/1312] GCF_023614045.1
Running: amrfinder -n /home/bacte/bacillus_amr/01_genomes/ncbi_dataset/ncbi_dataset/data/GCF_023614045.1/GCF_023614045.1_ASM2361404v1_genomic.fna --plus -o /home/bacte/bacillus_amr/05_amr/amrfinder_raw/GCF_023614045.1.tsv
Software directory: /home/bacte/miniconda3/envs/amrfinder_env/bin/
Software version: 4.2.7
Database directory: /home/bacte/miniconda3/envs/amrfinder_env/share/amrfinderplus/data/2026-08-07.1
Database version: 2026-08-07.1
AMRFinder translated nucleotide search
  - include -O ORGANISM, --organism ORGANISM option to add mutation searches and suppress common proteins
Running tblastn
Making report
amrfinder took 15 seconds to complete
    OK
[656/1312] GCF_024259785.1
Running: amrfinder -n /home/bacte/bacillus_amr/01_genomes/ncbi_dataset/ncbi_dataset/data/GCF_024259785.1/GCF_024259785.1_ASM2425978v1_genomic.fna --plus -o /home/bacte/bacillus_amr/05_amr/amrfinder_raw/GCF_024259785.1.tsv
Software directory: /home/bacte/miniconda3/envs/amrfinder_env/bin/
Software version: 4.2.7
Database directory: /home/bacte/miniconda3/envs/amrfinder_env/share/amrfinderplus/data/2026-08-07.1
Database version: 2026-08-07.1
AMRFinder translated nucleotide search
  - include -O ORGANISM, --organism ORGANISM option to add mutation searches and suppress common proteins
Running tblastn
Making report
amrfinder took 22 seconds to complete
    OK
[657/1312] GCF_030053655.1
Running: amrfinder -n /home/bacte/bacillus_amr/01_genomes/ncbi_dataset/ncbi_dataset/data/GCF_030053655.1/GCF_030053655.1_ASM3005365v1_genomic.fna --plus -o /home/bacte/bacillus_amr/05_amr/amrfinder_raw/GCF_030053655.1.tsv
Software directory: /home/bacte/miniconda3/envs/amrfinder_env/bin/
Software version: 4.2.7
Database directory: /home/bacte/miniconda3/envs/amrfinder_env/share/amrfinderplus/data/2026-08-07.1
Database version: 2026-08-07.1
AMRFinder translated nucleotide search
  - include -O ORGANISM, --organism ORGANISM option to add mutation searches and suppress common proteins
Running tblastn
Making report
amrfinder took 77 seconds to complete
    OK
[658/1312] GCF_030053795.1
Running: amrfinder -n /home/bacte/bacillus_amr/01_genomes/ncbi_dataset/ncbi_dataset/data/GCF_030053795.1/GCF_030053795.1_ASM3005379v1_genomic.fna --plus -o /home/bacte/bacillus_amr/05_amr/amrfinder_raw/GCF_030053795.1.tsv
Software directory: /home/bacte/miniconda3/envs/amrfinder_env/bin/
Software version: 4.2.7
Database directory: /home/bacte/miniconda3/envs/amrfinder_env/share/amrfinderplus/data/2026-08-07.1
Database version: 2026-08-07.1
AMRFinder translated nucleotide search
  - include -O ORGANISM, --organism ORGANISM option to add mutation searches and suppress common proteins
Running tblastn
Making report
amrfinder took 69 seconds to complete
    OK
[659/1312] GCF_030123145.1
Running: amrfinder -n /home/bacte/bacillus_amr/01_genomes/ncbi_dataset/ncbi_dataset/data/GCF_030123145.1/GCF_030123145.1_ASM3012314v1_genomic.fna --plus -o /home/bacte/bacillus_amr/05_amr/amrfinder_raw/GCF_030123145.1.tsv
Software directory: /home/bacte/miniconda3/envs/amrfinder_env/bin/
Software version: 4.2.7
Database directory: /home/bacte/miniconda3/envs/amrfinder_env/share/amrfinderplus/data/2026-08-07.1
Database version: 2026-08-07.1
AMRFinder translated nucleotide search
  - include -O ORGANISM, --organism ORGANISM option to add mutation searches and suppress common proteins
Running tblastn
Making report
amrfinder took 66 seconds to complete
    OK
[660/1312] GCF_030863625.1
Running: amrfinder -n /home/bacte/bacillus_amr/01_genomes/ncbi_dataset/ncbi_dataset/data/GCF_030863625.1/GCF_030863625.1_ASM3086362v1_genomic.fna --plus -o /home/bacte/bacillus_amr/05_amr/amrfinder_raw/GCF_030863625.1.tsv
Software directory: /home/bacte/miniconda3/envs/amrfinder_env/bin/
Software version: 4.2.7
Database directory: /home/bacte/miniconda3/envs/amrfinder_env/share/amrfinderplus/data/2026-08-07.1
Database version: 2026-08-07.1
AMRFinder translated nucleotide search
  - include -O ORGANISM, --organism ORGANISM option to add mutation searches and suppress common proteins
Running tblastn
Making report
amrfinder took 62 seconds to complete
    OK
[661/1312] GCF_033100155.1
Running: amrfinder -n /home/bacte/bacillus_amr/01_genomes/ncbi_dataset/ncbi_dataset/data/GCF_033100155.1/GCF_033100155.1_ASM3310015v1_genomic.fna --plus -o /home/bacte/bacillus_amr/05_amr/amrfinder_raw/GCF_033100155.1.tsv
Software directory: /home/bacte/miniconda3/envs/amrfinder_env/bin/
Software version: 4.2.7
Database directory: /home/bacte/miniconda3/envs/amrfinder_env/share/amrfinderplus/data/2026-08-07.1
Database version: 2026-08-07.1
AMRFinder translated nucleotide search
  - include -O ORGANISM, --organism ORGANISM option to add mutation searches and suppress common proteins
Running tblastn
Making report
amrfinder took 69 seconds to complete
    OK
[662/1312] GCF_033949325.1
Running: amrfinder -n /home/bacte/bacillus_amr/01_genomes/ncbi_dataset/ncbi_dataset/data/GCF_033949325.1/GCF_033949325.1_ASM3394932v1_genomic.fna --plus -o /home/bacte/bacillus_amr/05_amr/amrfinder_raw/GCF_033949325.1.tsv
Software directory: /home/bacte/miniconda3/envs/amrfinder_env/bin/
Software version: 4.2.7
Database directory: /home/bacte/miniconda3/envs/amrfinder_env/share/amrfinderplus/data/2026-08-07.1
Database version: 2026-08-07.1
AMRFinder translated nucleotide search
  - include -O ORGANISM, --organism ORGANISM option to add mutation searches and suppress common proteins
Running tblastn
Making report
amrfinder took 12 seconds to complete
    OK
[663/1312] GCF_034054115.1
Running: amrfinder -n /home/bacte/bacillus_amr/01_genomes/ncbi_dataset/ncbi_dataset/data/GCF_034054115.1/GCF_034054115.1_ASM3405411v1_genomic.fna --plus -o /home/bacte/bacillus_amr/05_amr/amrfinder_raw/GCF_034054115.1.tsv
Software directory: /home/bacte/miniconda3/envs/amrfinder_env/bin/
Software version: 4.2.7
Database directory: /home/bacte/miniconda3/envs/amrfinder_env/share/amrfinderplus/data/2026-08-07.1
Database version: 2026-08-07.1
AMRFinder translated nucleotide search
  - include -O ORGANISM, --organism ORGANISM option to add mutation searches and suppress common proteins
Running tblastn
Making report
amrfinder took 69 seconds to complete
    OK
[664/1312] GCF_036962225.1
Running: amrfinder -n /home/bacte/bacillus_amr/01_genomes/ncbi_dataset/ncbi_dataset/data/GCF_036962225.1/GCF_036962225.1_ASM3696222v1_genomic.fna --plus -o /home/bacte/bacillus_amr/05_amr/amrfinder_raw/GCF_036962225.1.tsv
Software directory: /home/bacte/miniconda3/envs/amrfinder_env/bin/
Software version: 4.2.7
Database directory: /home/bacte/miniconda3/envs/amrfinder_env/share/amrfinderplus/data/2026-08-07.1
Database version: 2026-08-07.1
AMRFinder translated nucleotide search
  - include -O ORGANISM, --organism ORGANISM option to add mutation searches and suppress common proteins
Running tblastn
Making report
amrfinder took 11 seconds to complete
    OK
[665/1312] GCF_036965365.1
Running: amrfinder -n /home/bacte/bacillus_amr/01_genomes/ncbi_dataset/ncbi_dataset/data/GCF_036965365.1/GCF_036965365.1_ASM3696536v1_genomic.fna --plus -o /home/bacte/bacillus_amr/05_amr/amrfinder_raw/GCF_036965365.1.tsv
Software directory: /home/bacte/miniconda3/envs/amrfinder_env/bin/
Software version: 4.2.7
Database directory: /home/bacte/miniconda3/envs/amrfinder_env/share/amrfinderplus/data/2026-08-07.1
Database version: 2026-08-07.1
AMRFinder translated nucleotide search
  - include -O ORGANISM, --organism ORGANISM option to add mutation searches and suppress common proteins
Running tblastn
Making report
amrfinder took 19 seconds to complete
    OK
[666/1312] GCF_036966285.1
Running: amrfinder -n /home/bacte/bacillus_amr/01_genomes/ncbi_dataset/ncbi_dataset/data/GCF_036966285.1/GCF_036966285.1_ASM3696628v1_genomic.fna --plus -o /home/bacte/bacillus_amr/05_amr/amrfinder_raw/GCF_036966285.1.tsv
Software directory: /home/bacte/miniconda3/envs/amrfinder_env/bin/
Software version: 4.2.7
Database directory: /home/bacte/miniconda3/envs/amrfinder_env/share/amrfinderplus/data/2026-08-07.1
Database version: 2026-08-07.1
AMRFinder translated nucleotide search
  - include -O ORGANISM, --organism ORGANISM option to add mutation searches and suppress common proteins
Running tblastn
Making report
amrfinder took 15 seconds to complete
    OK
[667/1312] GCF_036966605.1
Running: amrfinder -n /home/bacte/bacillus_amr/01_genomes/ncbi_dataset/ncbi_dataset/data/GCF_036966605.1/GCF_036966605.1_ASM3696660v1_genomic.fna --plus -o /home/bacte/bacillus_amr/05_amr/amrfinder_raw/GCF_036966605.1.tsv
Software directory: /home/bacte/miniconda3/envs/amrfinder_env/bin/
Software version: 4.2.7
Database directory: /home/bacte/miniconda3/envs/amrfinder_env/share/amrfinderplus/data/2026-08-07.1
Database version: 2026-08-07.1
AMRFinder translated nucleotide search
  - include -O ORGANISM, --organism ORGANISM option to add mutation searches and suppress common proteins
Running tblastn
Making report
amrfinder took 15 seconds to complete
    OK
[668/1312] GCF_036966765.1
Running: amrfinder -n /home/bacte/bacillus_amr/01_genomes/ncbi_dataset/ncbi_dataset/data/GCF_036966765.1/GCF_036966765.1_ASM3696676v1_genomic.fna --plus -o /home/bacte/bacillus_amr/05_amr/amrfinder_raw/GCF_036966765.1.tsv
Software directory: /home/bacte/miniconda3/envs/amrfinder_env/bin/
Software version: 4.2.7
Database directory: /home/bacte/miniconda3/envs/amrfinder_env/share/amrfinderplus/data/2026-08-07.1
Database version: 2026-08-07.1
AMRFinder translated nucleotide search
  - include -O ORGANISM, --organism ORGANISM option to add mutation searches and suppress common proteins
Running tblastn
Making report
amrfinder took 15 seconds to complete
    OK
[669/1312] GCF_037026705.1
Running: amrfinder -n /home/bacte/bacillus_amr/01_genomes/ncbi_dataset/ncbi_dataset/data/GCF_037026705.1/GCF_037026705.1_ASM3702670v1_genomic.fna --plus -o /home/bacte/bacillus_amr/05_amr/amrfinder_raw/GCF_037026705.1.tsv
Software directory: /home/bacte/miniconda3/envs/amrfinder_env/bin/
Software version: 4.2.7
Database directory: /home/bacte/miniconda3/envs/amrfinder_env/share/amrfinderplus/data/2026-08-07.1
Database version: 2026-08-07.1
AMRFinder translated nucleotide search
  - include -O ORGANISM, --organism ORGANISM option to add mutation searches and suppress common proteins
Running tblastn
Making report
amrfinder took 9 seconds to complete
    OK
[670/1312] GCF_037997165.1
Running: amrfinder -n /home/bacte/bacillus_amr/01_genomes/ncbi_dataset/ncbi_dataset/data/GCF_037997165.1/GCF_037997165.1_ASM3799716v1_genomic.fna --plus -o /home/bacte/bacillus_amr/05_amr/amrfinder_raw/GCF_037997165.1.tsv
Software directory: /home/bacte/miniconda3/envs/amrfinder_env/bin/
Software version: 4.2.7
Database directory: /home/bacte/miniconda3/envs/amrfinder_env/share/amrfinderplus/data/2026-08-07.1
Database version: 2026-08-07.1
AMRFinder translated nucleotide search
  - include -O ORGANISM, --organism ORGANISM option to add mutation searches and suppress common proteins
Running tblastn
Making report
amrfinder took 69 seconds to complete
    OK
[671/1312] GCF_038442665.1
Running: amrfinder -n /home/bacte/bacillus_amr/01_genomes/ncbi_dataset/ncbi_dataset/data/GCF_038442665.1/GCF_038442665.1_YB-187_genome_genomic.fna --plus -o /home/bacte/bacillus_amr/05_amr/amrfinder_raw/GCF_038442665.1.tsv
Software directory: /home/bacte/miniconda3/envs/amrfinder_env/bin/
Software version: 4.2.7
Database directory: /home/bacte/miniconda3/envs/amrfinder_env/share/amrfinderplus/data/2026-08-07.1
Database version: 2026-08-07.1
AMRFinder translated nucleotide search
  - include -O ORGANISM, --organism ORGANISM option to add mutation searches and suppress common proteins
Running tblastn
Making report
amrfinder took 68 seconds to complete
    OK
[672/1312] GCF_040151275.1
Running: amrfinder -n /home/bacte/bacillus_amr/01_genomes/ncbi_dataset/ncbi_dataset/data/GCF_040151275.1/GCF_040151275.1_ASM4015127v1_genomic.fna --plus -o /home/bacte/bacillus_amr/05_amr/amrfinder_raw/GCF_040151275.1.tsv
Software directory: /home/bacte/miniconda3/envs/amrfinder_env/bin/
Software version: 4.2.7
Database directory: /home/bacte/miniconda3/envs/amrfinder_env/share/amrfinderplus/data/2026-08-07.1
Database version: 2026-08-07.1
AMRFinder translated nucleotide search
  - include -O ORGANISM, --organism ORGANISM option to add mutation searches and suppress common proteins
Running tblastn
Making report
amrfinder took 20 seconds to complete
    OK
[673/1312] GCF_040712175.1
Running: amrfinder -n /home/bacte/bacillus_amr/01_genomes/ncbi_dataset/ncbi_dataset/data/GCF_040712175.1/GCF_040712175.1_JM553_genomic.fna --plus -o /home/bacte/bacillus_amr/05_amr/amrfinder_raw/GCF_040712175.1.tsv
Software directory: /home/bacte/miniconda3/envs/amrfinder_env/bin/
Software version: 4.2.7
Database directory: /home/bacte/miniconda3/envs/amrfinder_env/share/amrfinderplus/data/2026-08-07.1
Database version: 2026-08-07.1
AMRFinder translated nucleotide search
  - include -O ORGANISM, --organism ORGANISM option to add mutation searches and suppress common proteins
Running tblastn
Making report
amrfinder took 67 seconds to complete
    OK
[674/1312] GCF_041153445.1
Running: amrfinder -n /home/bacte/bacillus_amr/01_genomes/ncbi_dataset/ncbi_dataset/data/GCF_041153445.1/GCF_041153445.1_ASM4115344v1_genomic.fna --plus -o /home/bacte/bacillus_amr/05_amr/amrfinder_raw/GCF_041153445.1.tsv
Software directory: /home/bacte/miniconda3/envs/amrfinder_env/bin/
Software version: 4.2.7
Database directory: /home/bacte/miniconda3/envs/amrfinder_env/share/amrfinderplus/data/2026-08-07.1
Database version: 2026-08-07.1
AMRFinder translated nucleotide search
  - include -O ORGANISM, --organism ORGANISM option to add mutation searches and suppress common proteins
Running tblastn
Making report
amrfinder took 30 seconds to complete
    OK
[675/1312] GCF_041224885.1
Running: amrfinder -n /home/bacte/bacillus_amr/01_genomes/ncbi_dataset/ncbi_dataset/data/GCF_041224885.1/GCF_041224885.1_ASM4122488v1_genomic.fna --plus -o /home/bacte/bacillus_amr/05_amr/amrfinder_raw/GCF_041224885.1.tsv
Software directory: /home/bacte/miniconda3/envs/amrfinder_env/bin/
Software version: 4.2.7
Database directory: /home/bacte/miniconda3/envs/amrfinder_env/share/amrfinderplus/data/2026-08-07.1
Database version: 2026-08-07.1
AMRFinder translated nucleotide search
  - include -O ORGANISM, --organism ORGANISM option to add mutation searches and suppress common proteins
Running tblastn
Making report
amrfinder took 14 seconds to complete
    OK
[676/1312] GCF_041344815.1
Running: amrfinder -n /home/bacte/bacillus_amr/01_genomes/ncbi_dataset/ncbi_dataset/data/GCF_041344815.1/GCF_041344815.1_ASM4134481v1_genomic.fna --plus -o /home/bacte/bacillus_amr/05_amr/amrfinder_raw/GCF_041344815.1.tsv
Software directory: /home/bacte/miniconda3/envs/amrfinder_env/bin/
Software version: 4.2.7
Database directory: /home/bacte/miniconda3/envs/amrfinder_env/share/amrfinderplus/data/2026-08-07.1
Database version: 2026-08-07.1
AMRFinder translated nucleotide search
  - include -O ORGANISM, --organism ORGANISM option to add mutation searches and suppress common proteins
Running tblastn
Making report
amrfinder took 64 seconds to complete
    OK
[677/1312] GCF_041385545.1
Running: amrfinder -n /home/bacte/bacillus_amr/01_genomes/ncbi_dataset/ncbi_dataset/data/GCF_041385545.1/GCF_041385545.1_ASM4138554v1_genomic.fna --plus -o /home/bacte/bacillus_amr/05_amr/amrfinder_raw/GCF_041385545.1.tsv
Software directory: /home/bacte/miniconda3/envs/amrfinder_env/bin/
Software version: 4.2.7
Database directory: /home/bacte/miniconda3/envs/amrfinder_env/share/amrfinderplus/data/2026-08-07.1
Database version: 2026-08-07.1
AMRFinder translated nucleotide search
  - include -O ORGANISM, --organism ORGANISM option to add mutation searches and suppress common proteins
Running tblastn
Making report
amrfinder took 9 seconds to complete
    OK
[678/1312] GCF_041514415.1
Running: amrfinder -n /home/bacte/bacillus_amr/01_genomes/ncbi_dataset/ncbi_dataset/data/GCF_041514415.1/GCF_041514415.1_ASM4151441v1_genomic.fna --plus -o /home/bacte/bacillus_amr/05_amr/amrfinder_raw/GCF_041514415.1.tsv
Software directory: /home/bacte/miniconda3/envs/amrfinder_env/bin/
Software version: 4.2.7
Database directory: /home/bacte/miniconda3/envs/amrfinder_env/share/amrfinderplus/data/2026-08-07.1
Database version: 2026-08-07.1
AMRFinder translated nucleotide search
  - include -O ORGANISM, --organism ORGANISM option to add mutation searches and suppress common proteins
Running tblastn
Making report
amrfinder took 69 seconds to complete
    OK
[679/1312] GCF_042611185.1
Running: amrfinder -n /home/bacte/bacillus_amr/01_genomes/ncbi_dataset/ncbi_dataset/data/GCF_042611185.1/GCF_042611185.1_ASM4261118v1_genomic.fna --plus -o /home/bacte/bacillus_amr/05_amr/amrfinder_raw/GCF_042611185.1.tsv
Software directory: /home/bacte/miniconda3/envs/amrfinder_env/bin/
Software version: 4.2.7
Database directory: /home/bacte/miniconda3/envs/amrfinder_env/share/amrfinderplus/data/2026-08-07.1
Database version: 2026-08-07.1
AMRFinder translated nucleotide search
  - include -O ORGANISM, --organism ORGANISM option to add mutation searches and suppress common proteins
Running tblastn
Making report
amrfinder took 19 seconds to complete
    OK
[680/1312] GCF_044130245.1
Running: amrfinder -n /home/bacte/bacillus_amr/01_genomes/ncbi_dataset/ncbi_dataset/data/GCF_044130245.1/GCF_044130245.1_ASM4413024v1_genomic.fna --plus -o /home/bacte/bacillus_amr/05_amr/amrfinder_raw/GCF_044130245.1.tsv
Software directory: /home/bacte/miniconda3/envs/amrfinder_env/bin/
Software version: 4.2.7
Database directory: /home/bacte/miniconda3/envs/amrfinder_env/share/amrfinderplus/data/2026-08-07.1
Database version: 2026-08-07.1
AMRFinder translated nucleotide search
  - include -O ORGANISM, --organism ORGANISM option to add mutation searches and suppress common proteins
Running tblastn
Making report
amrfinder took 21 seconds to complete
    OK
[681/1312] GCF_045277765.1
Running: amrfinder -n /home/bacte/bacillus_amr/01_genomes/ncbi_dataset/ncbi_dataset/data/GCF_045277765.1/GCF_045277765.1_ASM4527776v1_genomic.fna --plus -o /home/bacte/bacillus_amr/05_amr/amrfinder_raw/GCF_045277765.1.tsv
Software directory: /home/bacte/miniconda3/envs/amrfinder_env/bin/
Software version: 4.2.7
Database directory: /home/bacte/miniconda3/envs/amrfinder_env/share/amrfinderplus/data/2026-08-07.1
Database version: 2026-08-07.1
AMRFinder translated nucleotide search
  - include -O ORGANISM, --organism ORGANISM option to add mutation searches and suppress common proteins
Running tblastn
Making report
amrfinder took 70 seconds to complete
    OK
[682/1312] GCF_045291565.1
Running: amrfinder -n /home/bacte/bacillus_amr/01_genomes/ncbi_dataset/ncbi_dataset/data/GCF_045291565.1/GCF_045291565.1_ASM4529156v1_genomic.fna --plus -o /home/bacte/bacillus_amr/05_amr/amrfinder_raw/GCF_045291565.1.tsv
Software directory: /home/bacte/miniconda3/envs/amrfinder_env/bin/
Software version: 4.2.7
Database directory: /home/bacte/miniconda3/envs/amrfinder_env/share/amrfinderplus/data/2026-08-07.1
Database version: 2026-08-07.1
AMRFinder translated nucleotide search
  - include -O ORGANISM, --organism ORGANISM option to add mutation searches and suppress common proteins
Running tblastn
Making report
amrfinder took 67 seconds to complete
    OK
[683/1312] GCF_047273435.1
Running: amrfinder -n /home/bacte/bacillus_amr/01_genomes/ncbi_dataset/ncbi_dataset/data/GCF_047273435.1/GCF_047273435.1_ASM4727343v1_genomic.fna --plus -o /home/bacte/bacillus_amr/05_amr/amrfinder_raw/GCF_047273435.1.tsv
Software directory: /home/bacte/miniconda3/envs/amrfinder_env/bin/
Software version: 4.2.7
Database directory: /home/bacte/miniconda3/envs/amrfinder_env/share/amrfinderplus/data/2026-08-07.1
Database version: 2026-08-07.1
AMRFinder translated nucleotide search
  - include -O ORGANISM, --organism ORGANISM option to add mutation searches and suppress common proteins
Running tblastn
Making report
amrfinder took 56 seconds to complete
    OK
[684/1312] GCF_047302535.1
Running: amrfinder -n /home/bacte/bacillus_amr/01_genomes/ncbi_dataset/ncbi_dataset/data/GCF_047302535.1/GCF_047302535.1_SY83.1.0_genomic.fna --plus -o /home/bacte/bacillus_amr/05_amr/amrfinder_raw/GCF_047302535.1.tsv
Software directory: /home/bacte/miniconda3/envs/amrfinder_env/bin/
Software version: 4.2.7
Database directory: /home/bacte/miniconda3/envs/amrfinder_env/share/amrfinderplus/data/2026-08-07.1
Database version: 2026-08-07.1
AMRFinder translated nucleotide search
  - include -O ORGANISM, --organism ORGANISM option to add mutation searches and suppress common proteins
Running tblastn
Making report
amrfinder took 70 seconds to complete
    OK
[685/1312] GCF_049803375.1
Running: amrfinder -n /home/bacte/bacillus_amr/01_genomes/ncbi_dataset/ncbi_dataset/data/GCF_049803375.1/GCF_049803375.1_ASM4980337v1_genomic.fna --plus -o /home/bacte/bacillus_amr/05_amr/amrfinder_raw/GCF_049803375.1.tsv
Software directory: /home/bacte/miniconda3/envs/amrfinder_env/bin/
Software version: 4.2.7
Database directory: /home/bacte/miniconda3/envs/amrfinder_env/share/amrfinderplus/data/2026-08-07.1
Database version: 2026-08-07.1
AMRFinder translated nucleotide search
  - include -O ORGANISM, --organism ORGANISM option to add mutation searches and suppress common proteins
Running tblastn
Making report
amrfinder took 21 seconds to complete
    OK
[686/1312] GCF_051192595.1
Running: amrfinder -n /home/bacte/bacillus_amr/01_genomes/ncbi_dataset/ncbi_dataset/data/GCF_051192595.1/GCF_051192595.1_ASM5119259v1_genomic.fna --plus -o /home/bacte/bacillus_amr/05_amr/amrfinder_raw/GCF_051192595.1.tsv
Software directory: /home/bacte/miniconda3/envs/amrfinder_env/bin/
Software version: 4.2.7
Database directory: /home/bacte/miniconda3/envs/amrfinder_env/share/amrfinderplus/data/2026-08-07.1
Database version: 2026-08-07.1
AMRFinder translated nucleotide search
  - include -O ORGANISM, --organism ORGANISM option to add mutation searches and suppress common proteins
Running tblastn
Making report
amrfinder took 20 seconds to complete
    OK
[687/1312] GCF_051486545.1
Running: amrfinder -n /home/bacte/bacillus_amr/01_genomes/ncbi_dataset/ncbi_dataset/data/GCF_051486545.1/GCF_051486545.1_ASM5148654v1_genomic.fna --plus -o /home/bacte/bacillus_amr/05_amr/amrfinder_raw/GCF_051486545.1.tsv
Software directory: /home/bacte/miniconda3/envs/amrfinder_env/bin/
Software version: 4.2.7
Database directory: /home/bacte/miniconda3/envs/amrfinder_env/share/amrfinderplus/data/2026-08-07.1
Database version: 2026-08-07.1
AMRFinder translated nucleotide search
  - include -O ORGANISM, --organism ORGANISM option to add mutation searches and suppress common proteins
Running tblastn
Making report
amrfinder took 19 seconds to complete
    OK
[688/1312] GCF_051487145.1
Running: amrfinder -n /home/bacte/bacillus_amr/01_genomes/ncbi_dataset/ncbi_dataset/data/GCF_051487145.1/GCF_051487145.1_ASM5148714v1_genomic.fna --plus -o /home/bacte/bacillus_amr/05_amr/amrfinder_raw/GCF_051487145.1.tsv
Software directory: /home/bacte/miniconda3/envs/amrfinder_env/bin/
Software version: 4.2.7
Database directory: /home/bacte/miniconda3/envs/amrfinder_env/share/amrfinderplus/data/2026-08-07.1
Database version: 2026-08-07.1
AMRFinder translated nucleotide search
  - include -O ORGANISM, --organism ORGANISM option to add mutation searches and suppress common proteins
Running tblastn
Making report
amrfinder took 18 seconds to complete
    OK
[689/1312] GCF_051487275.1
Running: amrfinder -n /home/bacte/bacillus_amr/01_genomes/ncbi_dataset/ncbi_dataset/data/GCF_051487275.1/GCF_051487275.1_ASM5148727v1_genomic.fna --plus -o /home/bacte/bacillus_amr/05_amr/amrfinder_raw/GCF_051487275.1.tsv
Software directory: /home/bacte/miniconda3/envs/amrfinder_env/bin/
Software version: 4.2.7
Database directory: /home/bacte/miniconda3/envs/amrfinder_env/share/amrfinderplus/data/2026-08-07.1
Database version: 2026-08-07.1
AMRFinder translated nucleotide search
  - include -O ORGANISM, --organism ORGANISM option to add mutation searches and suppress common proteins
Running tblastn
Making report
amrfinder took 19 seconds to complete
    OK
[690/1312] GCF_051487365.1
Running: amrfinder -n /home/bacte/bacillus_amr/01_genomes/ncbi_dataset/ncbi_dataset/data/GCF_051487365.1/GCF_051487365.1_ASM5148736v1_genomic.fna --plus -o /home/bacte/bacillus_amr/05_amr/amrfinder_raw/GCF_051487365.1.tsv
Software directory: /home/bacte/miniconda3/envs/amrfinder_env/bin/
Software version: 4.2.7
Database directory: /home/bacte/miniconda3/envs/amrfinder_env/share/amrfinderplus/data/2026-08-07.1
Database version: 2026-08-07.1
AMRFinder translated nucleotide search
  - include -O ORGANISM, --organism ORGANISM option to add mutation searches and suppress common proteins
Running tblastn
Making report
amrfinder took 19 seconds to complete
    OK
[691/1312] GCF_051858235.2
Running: amrfinder -n /home/bacte/bacillus_amr/01_genomes/ncbi_dataset/ncbi_dataset/data/GCF_051858235.2/GCF_051858235.2_ASM5185823v3_genomic.fna --plus -o /home/bacte/bacillus_amr/05_amr/amrfinder_raw/GCF_051858235.2.tsv
Software directory: /home/bacte/miniconda3/envs/amrfinder_env/bin/
Software version: 4.2.7
Database directory: /home/bacte/miniconda3/envs/amrfinder_env/share/amrfinderplus/data/2026-08-07.1
Database version: 2026-08-07.1
AMRFinder translated nucleotide search
  - include -O ORGANISM, --organism ORGANISM option to add mutation searches and suppress common proteins
Running tblastn
Making report
amrfinder took 47 seconds to complete
    OK
[692/1312] GCF_051908735.1
Running: amrfinder -n /home/bacte/bacillus_amr/01_genomes/ncbi_dataset/ncbi_dataset/data/GCF_051908735.1/GCF_051908735.1_ASM5190873v1_genomic.fna --plus -o /home/bacte/bacillus_amr/05_amr/amrfinder_raw/GCF_051908735.1.tsv
Software directory: /home/bacte/miniconda3/envs/amrfinder_env/bin/
Software version: 4.2.7
Database directory: /home/bacte/miniconda3/envs/amrfinder_env/share/amrfinderplus/data/2026-08-07.1
Database version: 2026-08-07.1
AMRFinder translated nucleotide search
  - include -O ORGANISM, --organism ORGANISM option to add mutation searches and suppress common proteins
Running tblastn
Making report
amrfinder took 70 seconds to complete
    OK
[693/1312] GCF_052591155.1
Running: amrfinder -n /home/bacte/bacillus_amr/01_genomes/ncbi_dataset/ncbi_dataset/data/GCF_052591155.1/GCF_052591155.1_ASM5259115v1_genomic.fna --plus -o /home/bacte/bacillus_amr/05_amr/amrfinder_raw/GCF_052591155.1.tsv
Software directory: /home/bacte/miniconda3/envs/amrfinder_env/bin/
Software version: 4.2.7
Database directory: /home/bacte/miniconda3/envs/amrfinder_env/share/amrfinderplus/data/2026-08-07.1
Database version: 2026-08-07.1
AMRFinder translated nucleotide search
  - include -O ORGANISM, --organism ORGANISM option to add mutation searches and suppress common proteins
Running tblastn
Making report
amrfinder took 65 seconds to complete
    OK
[694/1312] GCF_052806235.1
Running: amrfinder -n /home/bacte/bacillus_amr/01_genomes/ncbi_dataset/ncbi_dataset/data/GCF_052806235.1/GCF_052806235.1_ASM5280623v1_genomic.fna --plus -o /home/bacte/bacillus_amr/05_amr/amrfinder_raw/GCF_052806235.1.tsv
Software directory: /home/bacte/miniconda3/envs/amrfinder_env/bin/
Software version: 4.2.7
Database directory: /home/bacte/miniconda3/envs/amrfinder_env/share/amrfinderplus/data/2026-08-07.1
Database version: 2026-08-07.1
AMRFinder translated nucleotide search
  - include -O ORGANISM, --organism ORGANISM option to add mutation searches and suppress common proteins
Running tblastn
Making report
amrfinder took 21 seconds to complete
    OK
[695/1312] GCF_053291885.1
Running: amrfinder -n /home/bacte/bacillus_amr/01_genomes/ncbi_dataset/ncbi_dataset/data/GCF_053291885.1/GCF_053291885.1_ASM5329188v1_genomic.fna --plus -o /home/bacte/bacillus_amr/05_amr/amrfinder_raw/GCF_053291885.1.tsv
Software directory: /home/bacte/miniconda3/envs/amrfinder_env/bin/
Software version: 4.2.7
Database directory: /home/bacte/miniconda3/envs/amrfinder_env/share/amrfinderplus/data/2026-08-07.1
Database version: 2026-08-07.1
AMRFinder translated nucleotide search
  - include -O ORGANISM, --organism ORGANISM option to add mutation searches and suppress common proteins
Running tblastn
Making report
amrfinder took 69 seconds to complete
    OK
[696/1312] GCF_053895045.1
Running: amrfinder -n /home/bacte/bacillus_amr/01_genomes/ncbi_dataset/ncbi_dataset/data/GCF_053895045.1/GCF_053895045.1_ASM5389504v1_genomic.fna --plus -o /home/bacte/bacillus_amr/05_amr/amrfinder_raw/GCF_053895045.1.tsv
Software directory: /home/bacte/miniconda3/envs/amrfinder_env/bin/
Software version: 4.2.7
Database directory: /home/bacte/miniconda3/envs/amrfinder_env/share/amrfinderplus/data/2026-08-07.1
Database version: 2026-08-07.1
AMRFinder translated nucleotide search
  - include -O ORGANISM, --organism ORGANISM option to add mutation searches and suppress common proteins
Running tblastn
Making report
amrfinder took 12 seconds to complete
    OK
[697/1312] GCF_054462015.1
Running: amrfinder -n /home/bacte/bacillus_amr/01_genomes/ncbi_dataset/ncbi_dataset/data/GCF_054462015.1/GCF_054462015.1_ASM5446201v1_genomic.fna --plus -o /home/bacte/bacillus_amr/05_amr/amrfinder_raw/GCF_054462015.1.tsv
Software directory: /home/bacte/miniconda3/envs/amrfinder_env/bin/
Software version: 4.2.7
Database directory: /home/bacte/miniconda3/envs/amrfinder_env/share/amrfinderplus/data/2026-08-07.1
Database version: 2026-08-07.1
AMRFinder translated nucleotide search
  - include -O ORGANISM, --organism ORGANISM option to add mutation searches and suppress common proteins
Running tblastn
Making report
amrfinder took 30 seconds to complete
    OK
[698/1312] GCF_054552515.1
Running: amrfinder -n /home/bacte/bacillus_amr/01_genomes/ncbi_dataset/ncbi_dataset/data/GCF_054552515.1/GCF_054552515.1_ASM5455251v1_genomic.fna --plus -o /home/bacte/bacillus_amr/05_amr/amrfinder_raw/GCF_054552515.1.tsv
Software directory: /home/bacte/miniconda3/envs/amrfinder_env/bin/
Software version: 4.2.7
Database directory: /home/bacte/miniconda3/envs/amrfinder_env/share/amrfinderplus/data/2026-08-07.1
Database version: 2026-08-07.1
AMRFinder translated nucleotide search
  - include -O ORGANISM, --organism ORGANISM option to add mutation searches and suppress common proteins
Running tblastn
Making report
amrfinder took 71 seconds to complete
    OK
[699/1312] GCF_054552535.1
Running: amrfinder -n /home/bacte/bacillus_amr/01_genomes/ncbi_dataset/ncbi_dataset/data/GCF_054552535.1/GCF_054552535.1_ASM5455253v1_genomic.fna --plus -o /home/bacte/bacillus_amr/05_amr/amrfinder_raw/GCF_054552535.1.tsv
Software directory: /home/bacte/miniconda3/envs/amrfinder_env/bin/
Software version: 4.2.7
Database directory: /home/bacte/miniconda3/envs/amrfinder_env/share/amrfinderplus/data/2026-08-07.1
Database version: 2026-08-07.1
AMRFinder translated nucleotide search
  - include -O ORGANISM, --organism ORGANISM option to add mutation searches and suppress common proteins
Running tblastn
Making report
amrfinder took 65 seconds to complete
    OK
[700/1312] GCF_054552615.1
Running: amrfinder -n /home/bacte/bacillus_amr/01_genomes/ncbi_dataset/ncbi_dataset/data/GCF_054552615.1/GCF_054552615.1_ASM5455261v1_genomic.fna --plus -o /home/bacte/bacillus_amr/05_amr/amrfinder_raw/GCF_054552615.1.tsv
Software directory: /home/bacte/miniconda3/envs/amrfinder_env/bin/
Software version: 4.2.7
Database directory: /home/bacte/miniconda3/envs/amrfinder_env/share/amrfinderplus/data/2026-08-07.1
Database version: 2026-08-07.1
AMRFinder translated nucleotide search
  - include -O ORGANISM, --organism ORGANISM option to add mutation searches and suppress common proteins
Running tblastn
Making report
amrfinder took 68 seconds to complete
    OK
[701/1312] GCF_055229245.1
Running: amrfinder -n /home/bacte/bacillus_amr/01_genomes/ncbi_dataset/ncbi_dataset/data/GCF_055229245.1/GCF_055229245.1_ASM5522924v1_genomic.fna --plus -o /home/bacte/bacillus_amr/05_amr/amrfinder_raw/GCF_055229245.1.tsv
Software directory: /home/bacte/miniconda3/envs/amrfinder_env/bin/
Software version: 4.2.7
Database directory: /home/bacte/miniconda3/envs/amrfinder_env/share/amrfinderplus/data/2026-08-07.1
Database version: 2026-08-07.1
AMRFinder translated nucleotide search
  - include -O ORGANISM, --organism ORGANISM option to add mutation searches and suppress common proteins
Running tblastn
Making report
amrfinder took 11 seconds to complete
    OK
[702/1312] GCF_055326565.1
Running: amrfinder -n /home/bacte/bacillus_amr/01_genomes/ncbi_dataset/ncbi_dataset/data/GCF_055326565.1/GCF_055326565.1_ASM5532656v1_genomic.fna --plus -o /home/bacte/bacillus_amr/05_amr/amrfinder_raw/GCF_055326565.1.tsv
Software directory: /home/bacte/miniconda3/envs/amrfinder_env/bin/
Software version: 4.2.7
Database directory: /home/bacte/miniconda3/envs/amrfinder_env/share/amrfinderplus/data/2026-08-07.1
Database version: 2026-08-07.1
AMRFinder translated nucleotide search
  - include -O ORGANISM, --organism ORGANISM option to add mutation searches and suppress common proteins
Running tblastn
Making report
amrfinder took 9 seconds to complete
    OK
[703/1312] GCF_055326625.1
Running: amrfinder -n /home/bacte/bacillus_amr/01_genomes/ncbi_dataset/ncbi_dataset/data/GCF_055326625.1/GCF_055326625.1_ASM5532662v1_genomic.fna --plus -o /home/bacte/bacillus_amr/05_amr/amrfinder_raw/GCF_055326625.1.tsv
Software directory: /home/bacte/miniconda3/envs/amrfinder_env/bin/
Software version: 4.2.7
Database directory: /home/bacte/miniconda3/envs/amrfinder_env/share/amrfinderplus/data/2026-08-07.1
Database version: 2026-08-07.1
AMRFinder translated nucleotide search
  - include -O ORGANISM, --organism ORGANISM option to add mutation searches and suppress common proteins
Running tblastn
Making report
amrfinder took 9 seconds to complete
    OK
[704/1312] GCF_055378645.1
Running: amrfinder -n /home/bacte/bacillus_amr/01_genomes/ncbi_dataset/ncbi_dataset/data/GCF_055378645.1/GCF_055378645.1_ASM5537864v1_genomic.fna --plus -o /home/bacte/bacillus_amr/05_amr/amrfinder_raw/GCF_055378645.1.tsv
Software directory: /home/bacte/miniconda3/envs/amrfinder_env/bin/
Software version: 4.2.7
Database directory: /home/bacte/miniconda3/envs/amrfinder_env/share/amrfinderplus/data/2026-08-07.1
Database version: 2026-08-07.1
AMRFinder translated nucleotide search
  - include -O ORGANISM, --organism ORGANISM option to add mutation searches and suppress common proteins
Running tblastn
Making report
amrfinder took 42 seconds to complete
    OK
[705/1312] GCF_055378935.1
Running: amrfinder -n /home/bacte/bacillus_amr/01_genomes/ncbi_dataset/ncbi_dataset/data/GCF_055378935.1/GCF_055378935.1_ASM5537893v1_genomic.fna --plus -o /home/bacte/bacillus_amr/05_amr/amrfinder_raw/GCF_055378935.1.tsv
Software directory: /home/bacte/miniconda3/envs/amrfinder_env/bin/
Software version: 4.2.7
Database directory: /home/bacte/miniconda3/envs/amrfinder_env/share/amrfinderplus/data/2026-08-07.1
Database version: 2026-08-07.1
AMRFinder translated nucleotide search
  - include -O ORGANISM, --organism ORGANISM option to add mutation searches and suppress common proteins
Running tblastn
Making report
amrfinder took 46 seconds to complete
    OK
[706/1312] GCF_055690685.1
Running: amrfinder -n /home/bacte/bacillus_amr/01_genomes/ncbi_dataset/ncbi_dataset/data/GCF_055690685.1/GCF_055690685.1_ASM5569068v1_genomic.fna --plus -o /home/bacte/bacillus_amr/05_amr/amrfinder_raw/GCF_055690685.1.tsv
Software directory: /home/bacte/miniconda3/envs/amrfinder_env/bin/
Software version: 4.2.7
Database directory: /home/bacte/miniconda3/envs/amrfinder_env/share/amrfinderplus/data/2026-08-07.1
Database version: 2026-08-07.1
AMRFinder translated nucleotide search
  - include -O ORGANISM, --organism ORGANISM option to add mutation searches and suppress common proteins
Running tblastn
Making report
amrfinder took 66 seconds to complete
    OK
[707/1312] GCF_055801795.1
Running: amrfinder -n /home/bacte/bacillus_amr/01_genomes/ncbi_dataset/ncbi_dataset/data/GCF_055801795.1/GCF_055801795.1_ASM5580179v1_genomic.fna --plus -o /home/bacte/bacillus_amr/05_amr/amrfinder_raw/GCF_055801795.1.tsv
Software directory: /home/bacte/miniconda3/envs/amrfinder_env/bin/
Software version: 4.2.7
Database directory: /home/bacte/miniconda3/envs/amrfinder_env/share/amrfinderplus/data/2026-08-07.1
Database version: 2026-08-07.1
AMRFinder translated nucleotide search
  - include -O ORGANISM, --organism ORGANISM option to add mutation searches and suppress common proteins
Running tblastn
Making report
amrfinder took 68 seconds to complete
    OK
[708/1312] GCF_056156505.1
Running: amrfinder -n /home/bacte/bacillus_amr/01_genomes/ncbi_dataset/ncbi_dataset/data/GCF_056156505.1/GCF_056156505.1_ASM5615650v1_genomic.fna --plus -o /home/bacte/bacillus_amr/05_amr/amrfinder_raw/GCF_056156505.1.tsv
Software directory: /home/bacte/miniconda3/envs/amrfinder_env/bin/
Software version: 4.2.7
Database directory: /home/bacte/miniconda3/envs/amrfinder_env/share/amrfinderplus/data/2026-08-07.1
Database version: 2026-08-07.1
AMRFinder translated nucleotide search
  - include -O ORGANISM, --organism ORGANISM option to add mutation searches and suppress common proteins
Running tblastn
Making report
amrfinder took 31 seconds to complete
    OK
[709/1312] GCF_056377955.1
Running: amrfinder -n /home/bacte/bacillus_amr/01_genomes/ncbi_dataset/ncbi_dataset/data/GCF_056377955.1/GCF_056377955.1_ASM5637795v1_genomic.fna --plus -o /home/bacte/bacillus_amr/05_amr/amrfinder_raw/GCF_056377955.1.tsv
Software directory: /home/bacte/miniconda3/envs/amrfinder_env/bin/
Software version: 4.2.7
Database directory: /home/bacte/miniconda3/envs/amrfinder_env/share/amrfinderplus/data/2026-08-07.1
Database version: 2026-08-07.1
AMRFinder translated nucleotide search
  - include -O ORGANISM, --organism ORGANISM option to add mutation searches and suppress common proteins
Running tblastn
Making report
amrfinder took 21 seconds to complete
    OK
[710/1312] GCF_056784195.1
Running: amrfinder -n /home/bacte/bacillus_amr/01_genomes/ncbi_dataset/ncbi_dataset/data/GCF_056784195.1/GCF_056784195.1_ASM5678419v1_genomic.fna --plus -o /home/bacte/bacillus_amr/05_amr/amrfinder_raw/GCF_056784195.1.tsv
Software directory: /home/bacte/miniconda3/envs/amrfinder_env/bin/
Software version: 4.2.7
Database directory: /home/bacte/miniconda3/envs/amrfinder_env/share/amrfinderplus/data/2026-08-07.1
Database version: 2026-08-07.1
AMRFinder translated nucleotide search
  - include -O ORGANISM, --organism ORGANISM option to add mutation searches and suppress common proteins
Running tblastn
Making report
amrfinder took 69 seconds to complete
    OK
[711/1312] GCF_057334135.1
Running: amrfinder -n /home/bacte/bacillus_amr/01_genomes/ncbi_dataset/ncbi_dataset/data/GCF_057334135.1/GCF_057334135.1_ASM5733413v1_genomic.fna --plus -o /home/bacte/bacillus_amr/05_amr/amrfinder_raw/GCF_057334135.1.tsv
Software directory: /home/bacte/miniconda3/envs/amrfinder_env/bin/
Software version: 4.2.7
Database directory: /home/bacte/miniconda3/envs/amrfinder_env/share/amrfinderplus/data/2026-08-07.1
Database version: 2026-08-07.1
AMRFinder translated nucleotide search
  - include -O ORGANISM, --organism ORGANISM option to add mutation searches and suppress common proteins
Running tblastn
Making report
amrfinder took 11 seconds to complete
    OK
[712/1312] GCF_057334335.1
Running: amrfinder -n /home/bacte/bacillus_amr/01_genomes/ncbi_dataset/ncbi_dataset/data/GCF_057334335.1/GCF_057334335.1_ASM5733433v1_genomic.fna --plus -o /home/bacte/bacillus_amr/05_amr/amrfinder_raw/GCF_057334335.1.tsv
Software directory: /home/bacte/miniconda3/envs/amrfinder_env/bin/
Software version: 4.2.7
Database directory: /home/bacte/miniconda3/envs/amrfinder_env/share/amrfinderplus/data/2026-08-07.1
Database version: 2026-08-07.1
AMRFinder translated nucleotide search
  - include -O ORGANISM, --organism ORGANISM option to add mutation searches and suppress common proteins
Running tblastn
Making report
amrfinder took 11 seconds to complete
    OK
[713/1312] GCF_057334475.1
Running: amrfinder -n /home/bacte/bacillus_amr/01_genomes/ncbi_dataset/ncbi_dataset/data/GCF_057334475.1/GCF_057334475.1_ASM5733447v1_genomic.fna --plus -o /home/bacte/bacillus_amr/05_amr/amrfinder_raw/GCF_057334475.1.tsv
Software directory: /home/bacte/miniconda3/envs/amrfinder_env/bin/
Software version: 4.2.7
Database directory: /home/bacte/miniconda3/envs/amrfinder_env/share/amrfinderplus/data/2026-08-07.1
Database version: 2026-08-07.1
AMRFinder translated nucleotide search
  - include -O ORGANISM, --organism ORGANISM option to add mutation searches and suppress common proteins
Running tblastn
Making report
amrfinder took 21 seconds to complete
    OK
[714/1312] GCF_057334615.1
Running: amrfinder -n /home/bacte/bacillus_amr/01_genomes/ncbi_dataset/ncbi_dataset/data/GCF_057334615.1/GCF_057334615.1_ASM5733461v1_genomic.fna --plus -o /home/bacte/bacillus_amr/05_amr/amrfinder_raw/GCF_057334615.1.tsv
Software directory: /home/bacte/miniconda3/envs/amrfinder_env/bin/
Software version: 4.2.7
Database directory: /home/bacte/miniconda3/envs/amrfinder_env/share/amrfinderplus/data/2026-08-07.1
Database version: 2026-08-07.1
AMRFinder translated nucleotide search
  - include -O ORGANISM, --organism ORGANISM option to add mutation searches and suppress common proteins
Running tblastn
Making report
amrfinder took 11 seconds to complete
    OK
[715/1312] GCF_058137905.1
Running: amrfinder -n /home/bacte/bacillus_amr/01_genomes/ncbi_dataset/ncbi_dataset/data/GCF_058137905.1/GCF_058137905.1_ASM5813790v1_genomic.fna --plus -o /home/bacte/bacillus_amr/05_amr/amrfinder_raw/GCF_058137905.1.tsv
Software directory: /home/bacte/miniconda3/envs/amrfinder_env/bin/
Software version: 4.2.7
Database directory: /home/bacte/miniconda3/envs/amrfinder_env/share/amrfinderplus/data/2026-08-07.1
Database version: 2026-08-07.1
AMRFinder translated nucleotide search
  - include -O ORGANISM, --organism ORGANISM option to add mutation searches and suppress common proteins
Running tblastn
Making report
amrfinder took 66 seconds to complete
    OK
[716/1312] GCF_058182495.1
Running: amrfinder -n /home/bacte/bacillus_amr/01_genomes/ncbi_dataset/ncbi_dataset/data/GCF_058182495.1/GCF_058182495.1_ASM5818249v1_genomic.fna --plus -o /home/bacte/bacillus_amr/05_amr/amrfinder_raw/GCF_058182495.1.tsv
Software directory: /home/bacte/miniconda3/envs/amrfinder_env/bin/
Software version: 4.2.7
Database directory: /home/bacte/miniconda3/envs/amrfinder_env/share/amrfinderplus/data/2026-08-07.1
Database version: 2026-08-07.1
AMRFinder translated nucleotide search
  - include -O ORGANISM, --organism ORGANISM option to add mutation searches and suppress common proteins
Running tblastn
Making report
amrfinder took 69 seconds to complete
    OK
[717/1312] GCF_058629295.1
Running: amrfinder -n /home/bacte/bacillus_amr/01_genomes/ncbi_dataset/ncbi_dataset/data/GCF_058629295.1/GCF_058629295.1_ASM5862929v1_genomic.fna --plus -o /home/bacte/bacillus_amr/05_amr/amrfinder_raw/GCF_058629295.1.tsv
Software directory: /home/bacte/miniconda3/envs/amrfinder_env/bin/
Software version: 4.2.7
Database directory: /home/bacte/miniconda3/envs/amrfinder_env/share/amrfinderplus/data/2026-08-07.1
Database version: 2026-08-07.1
AMRFinder translated nucleotide search
  - include -O ORGANISM, --organism ORGANISM option to add mutation searches and suppress common proteins
Running tblastn
Making report
amrfinder took 17 seconds to complete
    OK
[718/1312] GCF_058629315.1
Running: amrfinder -n /home/bacte/bacillus_amr/01_genomes/ncbi_dataset/ncbi_dataset/data/GCF_058629315.1/GCF_058629315.1_ASM5862931v1_genomic.fna --plus -o /home/bacte/bacillus_amr/05_amr/amrfinder_raw/GCF_058629315.1.tsv
Software directory: /home/bacte/miniconda3/envs/amrfinder_env/bin/
Software version: 4.2.7
Database directory: /home/bacte/miniconda3/envs/amrfinder_env/share/amrfinderplus/data/2026-08-07.1
Database version: 2026-08-07.1
AMRFinder translated nucleotide search
  - include -O ORGANISM, --organism ORGANISM option to add mutation searches and suppress common proteins
Running tblastn
Making report
amrfinder took 21 seconds to complete
    OK
[719/1312] GCF_059801065.1
Running: amrfinder -n /home/bacte/bacillus_amr/01_genomes/ncbi_dataset/ncbi_dataset/data/GCF_059801065.1/GCF_059801065.1_ASM5980106v1_genomic.fna --plus -o /home/bacte/bacillus_amr/05_amr/amrfinder_raw/GCF_059801065.1.tsv
Software directory: /home/bacte/miniconda3/envs/amrfinder_env/bin/
Software version: 4.2.7
Database directory: /home/bacte/miniconda3/envs/amrfinder_env/share/amrfinderplus/data/2026-08-07.1
Database version: 2026-08-07.1
AMRFinder translated nucleotide search
  - include -O ORGANISM, --organism ORGANISM option to add mutation searches and suppress common proteins
Running tblastn
Making report
amrfinder took 53 seconds to complete
    OK
[720/1312] GCF_060371815.1
Running: amrfinder -n /home/bacte/bacillus_amr/01_genomes/ncbi_dataset/ncbi_dataset/data/GCF_060371815.1/GCF_060371815.1_ASM6037181v1_genomic.fna --plus -o /home/bacte/bacillus_amr/05_amr/amrfinder_raw/GCF_060371815.1.tsv
Software directory: /home/bacte/miniconda3/envs/amrfinder_env/bin/
Software version: 4.2.7
Database directory: /home/bacte/miniconda3/envs/amrfinder_env/share/amrfinderplus/data/2026-08-07.1
Database version: 2026-08-07.1
AMRFinder translated nucleotide search
  - include -O ORGANISM, --organism ORGANISM option to add mutation searches and suppress common proteins
Running tblastn
Making report
amrfinder took 48 seconds to complete
    OK
[721/1312] GCF_060371935.1
Running: amrfinder -n /home/bacte/bacillus_amr/01_genomes/ncbi_dataset/ncbi_dataset/data/GCF_060371935.1/GCF_060371935.1_ASM6037193v1_genomic.fna --plus -o /home/bacte/bacillus_amr/05_amr/amrfinder_raw/GCF_060371935.1.tsv
Software directory: /home/bacte/miniconda3/envs/amrfinder_env/bin/
Software version: 4.2.7
Database directory: /home/bacte/miniconda3/envs/amrfinder_env/share/amrfinderplus/data/2026-08-07.1
Database version: 2026-08-07.1
AMRFinder translated nucleotide search
  - include -O ORGANISM, --organism ORGANISM option to add mutation searches and suppress common proteins
Running tblastn
Making report
amrfinder took 19 seconds to complete
    OK
[722/1312] GCF_060371975.1
Running: amrfinder -n /home/bacte/bacillus_amr/01_genomes/ncbi_dataset/ncbi_dataset/data/GCF_060371975.1/GCF_060371975.1_ASM6037197v1_genomic.fna --plus -o /home/bacte/bacillus_amr/05_amr/amrfinder_raw/GCF_060371975.1.tsv
Software directory: /home/bacte/miniconda3/envs/amrfinder_env/bin/
Software version: 4.2.7
Database directory: /home/bacte/miniconda3/envs/amrfinder_env/share/amrfinderplus/data/2026-08-07.1
Database version: 2026-08-07.1
AMRFinder translated nucleotide search
  - include -O ORGANISM, --organism ORGANISM option to add mutation searches and suppress common proteins
Running tblastn
Making report
amrfinder took 47 seconds to complete
    OK
[723/1312] GCF_061230955.1
Running: amrfinder -n /home/bacte/bacillus_amr/01_genomes/ncbi_dataset/ncbi_dataset/data/GCF_061230955.1/GCF_061230955.1_ASM6123095v1_genomic.fna --plus -o /home/bacte/bacillus_amr/05_amr/amrfinder_raw/GCF_061230955.1.tsv
Software directory: /home/bacte/miniconda3/envs/amrfinder_env/bin/
Software version: 4.2.7
Database directory: /home/bacte/miniconda3/envs/amrfinder_env/share/amrfinderplus/data/2026-08-07.1
Database version: 2026-08-07.1
AMRFinder translated nucleotide search
  - include -O ORGANISM, --organism ORGANISM option to add mutation searches and suppress common proteins
Running tblastn
Making report
amrfinder took 69 seconds to complete
    OK
[724/1312] GCF_061231015.1
Running: amrfinder -n /home/bacte/bacillus_amr/01_genomes/ncbi_dataset/ncbi_dataset/data/GCF_061231015.1/GCF_061231015.1_ASM6123101v1_genomic.fna --plus -o /home/bacte/bacillus_amr/05_amr/amrfinder_raw/GCF_061231015.1.tsv
Software directory: /home/bacte/miniconda3/envs/amrfinder_env/bin/
Software version: 4.2.7
Database directory: /home/bacte/miniconda3/envs/amrfinder_env/share/amrfinderplus/data/2026-08-07.1
Database version: 2026-08-07.1
AMRFinder translated nucleotide search
  - include -O ORGANISM, --organism ORGANISM option to add mutation searches and suppress common proteins
Running tblastn
Making report
amrfinder took 69 seconds to complete
    OK
[725/1312] GCF_061231035.1
Running: amrfinder -n /home/bacte/bacillus_amr/01_genomes/ncbi_dataset/ncbi_dataset/data/GCF_061231035.1/GCF_061231035.1_ASM6123103v1_genomic.fna --plus -o /home/bacte/bacillus_amr/05_amr/amrfinder_raw/GCF_061231035.1.tsv
Software directory: /home/bacte/miniconda3/envs/amrfinder_env/bin/
Software version: 4.2.7
Database directory: /home/bacte/miniconda3/envs/amrfinder_env/share/amrfinderplus/data/2026-08-07.1
Database version: 2026-08-07.1
AMRFinder translated nucleotide search
  - include -O ORGANISM, --organism ORGANISM option to add mutation searches and suppress common proteins
Running tblastn
Making report
amrfinder took 68 seconds to complete
    OK
[726/1312] GCF_977015325.1
Running: amrfinder -n /home/bacte/bacillus_amr/01_genomes/ncbi_dataset/ncbi_dataset/data/GCF_977015325.1/GCF_977015325.1_BSCM_023_assembly_genomic.fna --plus -o /home/bacte/bacillus_amr/05_amr/amrfinder_raw/GCF_977015325.1.tsv
Software directory: /home/bacte/miniconda3/envs/amrfinder_env/bin/
Software version: 4.2.7
Database directory: /home/bacte/miniconda3/envs/amrfinder_env/share/amrfinderplus/data/2026-08-07.1
Database version: 2026-08-07.1
AMRFinder translated nucleotide search
  - include -O ORGANISM, --organism ORGANISM option to add mutation searches and suppress common proteins
Running tblastn
Making report
amrfinder took 63 seconds to complete
    OK
[727/1312] GCF_977015415.1
Running: amrfinder -n /home/bacte/bacillus_amr/01_genomes/ncbi_dataset/ncbi_dataset/data/GCF_977015415.1/GCF_977015415.1_BSCM_089_assembly_genomic.fna --plus -o /home/bacte/bacillus_amr/05_amr/amrfinder_raw/GCF_977015415.1.tsv
Software directory: /home/bacte/miniconda3/envs/amrfinder_env/bin/
Software version: 4.2.7
Database directory: /home/bacte/miniconda3/envs/amrfinder_env/share/amrfinderplus/data/2026-08-07.1
Database version: 2026-08-07.1
AMRFinder translated nucleotide search
  - include -O ORGANISM, --organism ORGANISM option to add mutation searches and suppress common proteins
Running tblastn
Making report
amrfinder took 81 seconds to complete
    OK
[728/1312] GCF_977015745.1
Running: amrfinder -n /home/bacte/bacillus_amr/01_genomes/ncbi_dataset/ncbi_dataset/data/GCF_977015745.1/GCF_977015745.1_BSCM_076_assembly_genomic.fna --plus -o /home/bacte/bacillus_amr/05_amr/amrfinder_raw/GCF_977015745.1.tsv
Software directory: /home/bacte/miniconda3/envs/amrfinder_env/bin/
Software version: 4.2.7
Database directory: /home/bacte/miniconda3/envs/amrfinder_env/share/amrfinderplus/data/2026-08-07.1
Database version: 2026-08-07.1
AMRFinder translated nucleotide search
  - include -O ORGANISM, --organism ORGANISM option to add mutation searches and suppress common proteins
Running tblastn
Making report
amrfinder took 69 seconds to complete
    OK
[729/1312] GCF_977016005.1
Running: amrfinder -n /home/bacte/bacillus_amr/01_genomes/ncbi_dataset/ncbi_dataset/data/GCF_977016005.1/GCF_977016005.1_BSCM_087_assembly_genomic.fna --plus -o /home/bacte/bacillus_amr/05_amr/amrfinder_raw/GCF_977016005.1.tsv
Software directory: /home/bacte/miniconda3/envs/amrfinder_env/bin/
Software version: 4.2.7
Database directory: /home/bacte/miniconda3/envs/amrfinder_env/share/amrfinderplus/data/2026-08-07.1
Database version: 2026-08-07.1
AMRFinder translated nucleotide search
  - include -O ORGANISM, --organism ORGANISM option to add mutation searches and suppress common proteins
Running tblastn
Making report
amrfinder took 66 seconds to complete
    OK
[730/1312] GCF_977016065.1
Running: amrfinder -n /home/bacte/bacillus_amr/01_genomes/ncbi_dataset/ncbi_dataset/data/GCF_977016065.1/GCF_977016065.1_BSCM_097_assembly_genomic.fna --plus -o /home/bacte/bacillus_amr/05_amr/amrfinder_raw/GCF_977016065.1.tsv
Software directory: /home/bacte/miniconda3/envs/amrfinder_env/bin/
Software version: 4.2.7
Database directory: /home/bacte/miniconda3/envs/amrfinder_env/share/amrfinderplus/data/2026-08-07.1
Database version: 2026-08-07.1
AMRFinder translated nucleotide search
  - include -O ORGANISM, --organism ORGANISM option to add mutation searches and suppress common proteins
Running tblastn
Making report
amrfinder took 68 seconds to complete
    OK
[731/1312] GCF_001625135.1
Running: amrfinder -n /home/bacte/bacillus_amr/01_genomes/ncbi_dataset/ncbi_dataset/data/GCF_001625135.1/GCF_001625135.1_ASM162513v1_genomic.fna --plus -o /home/bacte/bacillus_amr/05_amr/amrfinder_raw/GCF_001625135.1.tsv
Software directory: /home/bacte/miniconda3/envs/amrfinder_env/bin/
Software version: 4.2.7
Database directory: /home/bacte/miniconda3/envs/amrfinder_env/share/amrfinderplus/data/2026-08-07.1
Database version: 2026-08-07.1
AMRFinder translated nucleotide search
  - include -O ORGANISM, --organism ORGANISM option to add mutation searches and suppress common proteins
Running tblastn
Making report
amrfinder took 13 seconds to complete
    OK
[732/1312] GCF_003931545.1
Running: amrfinder -n /home/bacte/bacillus_amr/01_genomes/ncbi_dataset/ncbi_dataset/data/GCF_003931545.1/GCF_003931545.1_ASM393154v1_genomic.fna --plus -o /home/bacte/bacillus_amr/05_amr/amrfinder_raw/GCF_003931545.1.tsv
Software directory: /home/bacte/miniconda3/envs/amrfinder_env/bin/
Software version: 4.2.7
Database directory: /home/bacte/miniconda3/envs/amrfinder_env/share/amrfinderplus/data/2026-08-07.1
Database version: 2026-08-07.1
AMRFinder translated nucleotide search
  - include -O ORGANISM, --organism ORGANISM option to add mutation searches and suppress common proteins
Running tblastn
Making report
amrfinder took 19 seconds to complete
    OK
[733/1312] GCF_011317145.1
Running: amrfinder -n /home/bacte/bacillus_amr/01_genomes/ncbi_dataset/ncbi_dataset/data/GCF_011317145.1/GCF_011317145.1_ASM1131714v1_genomic.fna --plus -o /home/bacte/bacillus_amr/05_amr/amrfinder_raw/GCF_011317145.1.tsv
Software directory: /home/bacte/miniconda3/envs/amrfinder_env/bin/
Software version: 4.2.7
Database directory: /home/bacte/miniconda3/envs/amrfinder_env/share/amrfinderplus/data/2026-08-07.1
Database version: 2026-08-07.1
AMRFinder translated nucleotide search
  - include -O ORGANISM, --organism ORGANISM option to add mutation searches and suppress common proteins
Running tblastn
Making report
amrfinder took 21 seconds to complete
    OK
[734/1312] GCF_011800745.1
Running: amrfinder -n /home/bacte/bacillus_amr/01_genomes/ncbi_dataset/ncbi_dataset/data/GCF_011800745.1/GCF_011800745.1_ASM1180074v1_genomic.fna --plus -o /home/bacte/bacillus_amr/05_amr/amrfinder_raw/GCF_011800745.1.tsv
Software directory: /home/bacte/miniconda3/envs/amrfinder_env/bin/
Software version: 4.2.7
Database directory: /home/bacte/miniconda3/envs/amrfinder_env/share/amrfinderplus/data/2026-08-07.1
Database version: 2026-08-07.1
AMRFinder translated nucleotide search
  - include -O ORGANISM, --organism ORGANISM option to add mutation searches and suppress common proteins
Running tblastn
Making report
amrfinder took 18 seconds to complete
    OK
[735/1312] GCF_012648205.1
Running: amrfinder -n /home/bacte/bacillus_amr/01_genomes/ncbi_dataset/ncbi_dataset/data/GCF_012648205.1/GCF_012648205.1_ASM1264820v1_genomic.fna --plus -o /home/bacte/bacillus_amr/05_amr/amrfinder_raw/GCF_012648205.1.tsv
Software directory: /home/bacte/miniconda3/envs/amrfinder_env/bin/
Software version: 4.2.7
Database directory: /home/bacte/miniconda3/envs/amrfinder_env/share/amrfinderplus/data/2026-08-07.1
Database version: 2026-08-07.1
AMRFinder translated nucleotide search
  - include -O ORGANISM, --organism ORGANISM option to add mutation searches and suppress common proteins
Running tblastn
Making report
amrfinder took 63 seconds to complete
    OK
[736/1312] GCF_013332455.1
Running: amrfinder -n /home/bacte/bacillus_amr/01_genomes/ncbi_dataset/ncbi_dataset/data/GCF_013332455.1/GCF_013332455.1_ASM1333245v1_genomic.fna --plus -o /home/bacte/bacillus_amr/05_amr/amrfinder_raw/GCF_013332455.1.tsv
Software directory: /home/bacte/miniconda3/envs/amrfinder_env/bin/
Software version: 4.2.7
Database directory: /home/bacte/miniconda3/envs/amrfinder_env/share/amrfinderplus/data/2026-08-07.1
Database version: 2026-08-07.1
AMRFinder translated nucleotide search
  - include -O ORGANISM, --organism ORGANISM option to add mutation searches and suppress common proteins
Running tblastn
Making report
amrfinder took 21 seconds to complete
    OK
[737/1312] GCF_039619305.1
Running: amrfinder -n /home/bacte/bacillus_amr/01_genomes/ncbi_dataset/ncbi_dataset/data/GCF_039619305.1/GCF_039619305.1_ASM3961930v1_genomic.fna --plus -o /home/bacte/bacillus_amr/05_amr/amrfinder_raw/GCF_039619305.1.tsv
Software directory: /home/bacte/miniconda3/envs/amrfinder_env/bin/
Software version: 4.2.7
Database directory: /home/bacte/miniconda3/envs/amrfinder_env/share/amrfinderplus/data/2026-08-07.1
Database version: 2026-08-07.1
AMRFinder translated nucleotide search
  - include -O ORGANISM, --organism ORGANISM option to add mutation searches and suppress common proteins
Running tblastn
Making report
amrfinder took 73 seconds to complete
    OK
[738/1312] GCF_041023695.1
Running: amrfinder -n /home/bacte/bacillus_amr/01_genomes/ncbi_dataset/ncbi_dataset/data/GCF_041023695.1/GCF_041023695.1_ASM4102369v1_genomic.fna --plus -o /home/bacte/bacillus_amr/05_amr/amrfinder_raw/GCF_041023695.1.tsv
Software directory: /home/bacte/miniconda3/envs/amrfinder_env/bin/
Software version: 4.2.7
Database directory: /home/bacte/miniconda3/envs/amrfinder_env/share/amrfinderplus/data/2026-08-07.1
Database version: 2026-08-07.1
AMRFinder translated nucleotide search
  - include -O ORGANISM, --organism ORGANISM option to add mutation searches and suppress common proteins
Running tblastn
Making report
amrfinder took 18 seconds to complete
    OK
[739/1312] GCF_049860545.1
Running: amrfinder -n /home/bacte/bacillus_amr/01_genomes/ncbi_dataset/ncbi_dataset/data/GCF_049860545.1/GCF_049860545.1_ASM4986054v1_genomic.fna --plus -o /home/bacte/bacillus_amr/05_amr/amrfinder_raw/GCF_049860545.1.tsv
Software directory: /home/bacte/miniconda3/envs/amrfinder_env/bin/
Software version: 4.2.7
Database directory: /home/bacte/miniconda3/envs/amrfinder_env/share/amrfinderplus/data/2026-08-07.1
Database version: 2026-08-07.1
AMRFinder translated nucleotide search
  - include -O ORGANISM, --organism ORGANISM option to add mutation searches and suppress common proteins
Running tblastn
Making report
amrfinder took 66 seconds to complete
    OK
[740/1312] GCF_051904015.1
Running: amrfinder -n /home/bacte/bacillus_amr/01_genomes/ncbi_dataset/ncbi_dataset/data/GCF_051904015.1/GCF_051904015.1_ASM5190401v1_genomic.fna --plus -o /home/bacte/bacillus_amr/05_amr/amrfinder_raw/GCF_051904015.1.tsv
Software directory: /home/bacte/miniconda3/envs/amrfinder_env/bin/
Software version: 4.2.7
Database directory: /home/bacte/miniconda3/envs/amrfinder_env/share/amrfinderplus/data/2026-08-07.1
Database version: 2026-08-07.1
AMRFinder translated nucleotide search
  - include -O ORGANISM, --organism ORGANISM option to add mutation searches and suppress common proteins
Running tblastn
Making report
amrfinder took 76 seconds to complete
    OK
[741/1312] GCF_000706705.1
Running: amrfinder -n /home/bacte/bacillus_amr/01_genomes/ncbi_dataset/ncbi_dataset/data/GCF_000706705.1/GCF_000706705.1_ASM70670v1_genomic.fna --plus -o /home/bacte/bacillus_amr/05_amr/amrfinder_raw/GCF_000706705.1.tsv
Software directory: /home/bacte/miniconda3/envs/amrfinder_env/bin/
Software version: 4.2.7
Database directory: /home/bacte/miniconda3/envs/amrfinder_env/share/amrfinderplus/data/2026-08-07.1
Database version: 2026-08-07.1
AMRFinder translated nucleotide search
  - include -O ORGANISM, --organism ORGANISM option to add mutation searches and suppress common proteins
Running tblastn
Making report
amrfinder took 65 seconds to complete
    OK
[742/1312] GCF_012225885.1
Running: amrfinder -n /home/bacte/bacillus_amr/01_genomes/ncbi_dataset/ncbi_dataset/data/GCF_012225885.1/GCF_012225885.1_ASM1222588v1_genomic.fna --plus -o /home/bacte/bacillus_amr/05_amr/amrfinder_raw/GCF_012225885.1.tsv
Software directory: /home/bacte/miniconda3/envs/amrfinder_env/bin/
Software version: 4.2.7
Database directory: /home/bacte/miniconda3/envs/amrfinder_env/share/amrfinderplus/data/2026-08-07.1
Database version: 2026-08-07.1
AMRFinder translated nucleotide search
  - include -O ORGANISM, --organism ORGANISM option to add mutation searches and suppress common proteins
Running tblastn
Making report
amrfinder took 64 seconds to complete
    OK
[743/1312] GCF_013332435.1
Running: amrfinder -n /home/bacte/bacillus_amr/01_genomes/ncbi_dataset/ncbi_dataset/data/GCF_013332435.1/GCF_013332435.1_ASM1333243v1_genomic.fna --plus -o /home/bacte/bacillus_amr/05_amr/amrfinder_raw/GCF_013332435.1.tsv
Software directory: /home/bacte/miniconda3/envs/amrfinder_env/bin/
Software version: 4.2.7
Database directory: /home/bacte/miniconda3/envs/amrfinder_env/share/amrfinderplus/data/2026-08-07.1
Database version: 2026-08-07.1
AMRFinder translated nucleotide search
  - include -O ORGANISM, --organism ORGANISM option to add mutation searches and suppress common proteins
Running tblastn
Making report
amrfinder took 17 seconds to complete
    OK
[744/1312] GCF_050858875.1
Running: amrfinder -n /home/bacte/bacillus_amr/01_genomes/ncbi_dataset/ncbi_dataset/data/GCF_050858875.1/GCF_050858875.1_ASM5085887v1_genomic.fna --plus -o /home/bacte/bacillus_amr/05_amr/amrfinder_raw/GCF_050858875.1.tsv
Software directory: /home/bacte/miniconda3/envs/amrfinder_env/bin/
Software version: 4.2.7
Database directory: /home/bacte/miniconda3/envs/amrfinder_env/share/amrfinderplus/data/2026-08-07.1
Database version: 2026-08-07.1
AMRFinder translated nucleotide search
  - include -O ORGANISM, --organism ORGANISM option to add mutation searches and suppress common proteins
Running tblastn
Making report
amrfinder took 63 seconds to complete
    OK
[745/1312] GCF_058215615.1
Running: amrfinder -n /home/bacte/bacillus_amr/01_genomes/ncbi_dataset/ncbi_dataset/data/GCF_058215615.1/GCF_058215615.1_ASM5821561v1_genomic.fna --plus -o /home/bacte/bacillus_amr/05_amr/amrfinder_raw/GCF_058215615.1.tsv
Software directory: /home/bacte/miniconda3/envs/amrfinder_env/bin/
Software version: 4.2.7
Database directory: /home/bacte/miniconda3/envs/amrfinder_env/share/amrfinderplus/data/2026-08-07.1
Database version: 2026-08-07.1
AMRFinder translated nucleotide search
  - include -O ORGANISM, --organism ORGANISM option to add mutation searches and suppress common proteins
Running tblastn
Making report
amrfinder took 60 seconds to complete
    OK
[746/1312] GCF_058215645.1
Running: amrfinder -n /home/bacte/bacillus_amr/01_genomes/ncbi_dataset/ncbi_dataset/data/GCF_058215645.1/GCF_058215645.1_ASM5821564v1_genomic.fna --plus -o /home/bacte/bacillus_amr/05_amr/amrfinder_raw/GCF_058215645.1.tsv
Software directory: /home/bacte/miniconda3/envs/amrfinder_env/bin/
Software version: 4.2.7
Database directory: /home/bacte/miniconda3/envs/amrfinder_env/share/amrfinderplus/data/2026-08-07.1
Database version: 2026-08-07.1
AMRFinder translated nucleotide search
  - include -O ORGANISM, --organism ORGANISM option to add mutation searches and suppress common proteins
Running tblastn
Making report
amrfinder took 57 seconds to complete
    OK
[747/1312] GCF_058215675.1
Running: amrfinder -n /home/bacte/bacillus_amr/01_genomes/ncbi_dataset/ncbi_dataset/data/GCF_058215675.1/GCF_058215675.1_ASM5821567v1_genomic.fna --plus -o /home/bacte/bacillus_amr/05_amr/amrfinder_raw/GCF_058215675.1.tsv
Software directory: /home/bacte/miniconda3/envs/amrfinder_env/bin/
Software version: 4.2.7
Database directory: /home/bacte/miniconda3/envs/amrfinder_env/share/amrfinderplus/data/2026-08-07.1
Database version: 2026-08-07.1
AMRFinder translated nucleotide search
  - include -O ORGANISM, --organism ORGANISM option to add mutation searches and suppress common proteins
Running tblastn
Making report
amrfinder took 57 seconds to complete
    OK
[748/1312] GCF_001017635.1
Running: amrfinder -n /home/bacte/bacillus_amr/01_genomes/ncbi_dataset/ncbi_dataset/data/GCF_001017635.1/GCF_001017635.1_ASM101763v1_genomic.fna --plus -o /home/bacte/bacillus_amr/05_amr/amrfinder_raw/GCF_001017635.1.tsv
Software directory: /home/bacte/miniconda3/envs/amrfinder_env/bin/
Software version: 4.2.7
Database directory: /home/bacte/miniconda3/envs/amrfinder_env/share/amrfinderplus/data/2026-08-07.1
Database version: 2026-08-07.1
AMRFinder translated nucleotide search
  - include -O ORGANISM, --organism ORGANISM option to add mutation searches and suppress common proteins
Running tblastn
Making report
amrfinder took 203 seconds to complete
    OK
[749/1312] GCF_001757675.1
Running: amrfinder -n /home/bacte/bacillus_amr/01_genomes/ncbi_dataset/ncbi_dataset/data/GCF_001757675.1/GCF_001757675.1_ASM175767v1_genomic.fna --plus -o /home/bacte/bacillus_amr/05_amr/amrfinder_raw/GCF_001757675.1.tsv
Software directory: /home/bacte/miniconda3/envs/amrfinder_env/bin/
Software version: 4.2.7
Database directory: /home/bacte/miniconda3/envs/amrfinder_env/share/amrfinderplus/data/2026-08-07.1
Database version: 2026-08-07.1
AMRFinder translated nucleotide search
  - include -O ORGANISM, --organism ORGANISM option to add mutation searches and suppress common proteins
Running tblastn
Making report
amrfinder took 37 seconds to complete
    OK
[750/1312] GCF_001757685.1
Running: amrfinder -n /home/bacte/bacillus_amr/01_genomes/ncbi_dataset/ncbi_dataset/data/GCF_001757685.1/GCF_001757685.1_ASM175768v1_genomic.fna --plus -o /home/bacte/bacillus_amr/05_amr/amrfinder_raw/GCF_001757685.1.tsv
Software directory: /home/bacte/miniconda3/envs/amrfinder_env/bin/
Software version: 4.2.7
Database directory: /home/bacte/miniconda3/envs/amrfinder_env/share/amrfinderplus/data/2026-08-07.1
Database version: 2026-08-07.1
AMRFinder translated nucleotide search
  - include -O ORGANISM, --organism ORGANISM option to add mutation searches and suppress common proteins
Running tblastn
Making report
amrfinder took 52 seconds to complete
    OK
[751/1312] GCF_001757695.1
Running: amrfinder -n /home/bacte/bacillus_amr/01_genomes/ncbi_dataset/ncbi_dataset/data/GCF_001757695.1/GCF_001757695.1_ASM175769v1_genomic.fna --plus -o /home/bacte/bacillus_amr/05_amr/amrfinder_raw/GCF_001757695.1.tsv
Software directory: /home/bacte/miniconda3/envs/amrfinder_env/bin/
Software version: 4.2.7
Database directory: /home/bacte/miniconda3/envs/amrfinder_env/share/amrfinderplus/data/2026-08-07.1
Database version: 2026-08-07.1
AMRFinder translated nucleotide search
  - include -O ORGANISM, --organism ORGANISM option to add mutation searches and suppress common proteins
Running tblastn
Making report
amrfinder took 15 seconds to complete
    OK
[752/1312] GCF_001757745.1
Running: amrfinder -n /home/bacte/bacillus_amr/01_genomes/ncbi_dataset/ncbi_dataset/data/GCF_001757745.1/GCF_001757745.1_ASM175774v1_genomic.fna --plus -o /home/bacte/bacillus_amr/05_amr/amrfinder_raw/GCF_001757745.1.tsv
Software directory: /home/bacte/miniconda3/envs/amrfinder_env/bin/
Software version: 4.2.7
Database directory: /home/bacte/miniconda3/envs/amrfinder_env/share/amrfinderplus/data/2026-08-07.1
Database version: 2026-08-07.1
AMRFinder translated nucleotide search
  - include -O ORGANISM, --organism ORGANISM option to add mutation searches and suppress common proteins
Running tblastn
Making report
amrfinder took 20 seconds to complete
    OK
[753/1312] GCF_002550055.1
Running: amrfinder -n /home/bacte/bacillus_amr/01_genomes/ncbi_dataset/ncbi_dataset/data/GCF_002550055.1/GCF_002550055.1_ASM255005v1_genomic.fna --plus -o /home/bacte/bacillus_amr/05_amr/amrfinder_raw/GCF_002550055.1.tsv
Software directory: /home/bacte/miniconda3/envs/amrfinder_env/bin/
Software version: 4.2.7
Database directory: /home/bacte/miniconda3/envs/amrfinder_env/share/amrfinderplus/data/2026-08-07.1
Database version: 2026-08-07.1
AMRFinder translated nucleotide search
  - include -O ORGANISM, --organism ORGANISM option to add mutation searches and suppress common proteins
Running tblastn
Making report
amrfinder took 17 seconds to complete
    OK
[754/1312] GCF_002550185.1
Running: amrfinder -n /home/bacte/bacillus_amr/01_genomes/ncbi_dataset/ncbi_dataset/data/GCF_002550185.1/GCF_002550185.1_ASM255018v1_genomic.fna --plus -o /home/bacte/bacillus_amr/05_amr/amrfinder_raw/GCF_002550185.1.tsv
Software directory: /home/bacte/miniconda3/envs/amrfinder_env/bin/
Software version: 4.2.7
Database directory: /home/bacte/miniconda3/envs/amrfinder_env/share/amrfinderplus/data/2026-08-07.1
Database version: 2026-08-07.1
AMRFinder translated nucleotide search
  - include -O ORGANISM, --organism ORGANISM option to add mutation searches and suppress common proteins
Running tblastn
Making report
amrfinder took 15 seconds to complete
    OK
[755/1312] GCF_002550215.1
Running: amrfinder -n /home/bacte/bacillus_amr/01_genomes/ncbi_dataset/ncbi_dataset/data/GCF_002550215.1/GCF_002550215.1_ASM255021v1_genomic.fna --plus -o /home/bacte/bacillus_amr/05_amr/amrfinder_raw/GCF_002550215.1.tsv
Software directory: /home/bacte/miniconda3/envs/amrfinder_env/bin/
Software version: 4.2.7
Database directory: /home/bacte/miniconda3/envs/amrfinder_env/share/amrfinderplus/data/2026-08-07.1
Database version: 2026-08-07.1
AMRFinder translated nucleotide search
  - include -O ORGANISM, --organism ORGANISM option to add mutation searches and suppress common proteins
Running tblastn
Making report
amrfinder took 14 seconds to complete
    OK
[756/1312] GCF_002551895.1
Running: amrfinder -n /home/bacte/bacillus_amr/01_genomes/ncbi_dataset/ncbi_dataset/data/GCF_002551895.1/GCF_002551895.1_ASM255189v1_genomic.fna --plus -o /home/bacte/bacillus_amr/05_amr/amrfinder_raw/GCF_002551895.1.tsv
Software directory: /home/bacte/miniconda3/envs/amrfinder_env/bin/
Software version: 4.2.7
Database directory: /home/bacte/miniconda3/envs/amrfinder_env/share/amrfinderplus/data/2026-08-07.1
Database version: 2026-08-07.1
AMRFinder translated nucleotide search
  - include -O ORGANISM, --organism ORGANISM option to add mutation searches and suppress common proteins
Running tblastn
Making report
amrfinder took 18 seconds to complete
    OK
[757/1312] GCF_002552035.1
Running: amrfinder -n /home/bacte/bacillus_amr/01_genomes/ncbi_dataset/ncbi_dataset/data/GCF_002552035.1/GCF_002552035.1_ASM255203v1_genomic.fna --plus -o /home/bacte/bacillus_amr/05_amr/amrfinder_raw/GCF_002552035.1.tsv
Software directory: /home/bacte/miniconda3/envs/amrfinder_env/bin/
Software version: 4.2.7
Database directory: /home/bacte/miniconda3/envs/amrfinder_env/share/amrfinderplus/data/2026-08-07.1
Database version: 2026-08-07.1
AMRFinder translated nucleotide search
  - include -O ORGANISM, --organism ORGANISM option to add mutation searches and suppress common proteins
Running tblastn
Making report
amrfinder took 15 seconds to complete
    OK
[758/1312] GCF_002552245.1
Running: amrfinder -n /home/bacte/bacillus_amr/01_genomes/ncbi_dataset/ncbi_dataset/data/GCF_002552245.1/GCF_002552245.1_ASM255224v1_genomic.fna --plus -o /home/bacte/bacillus_amr/05_amr/amrfinder_raw/GCF_002552245.1.tsv
Software directory: /home/bacte/miniconda3/envs/amrfinder_env/bin/
Software version: 4.2.7
Database directory: /home/bacte/miniconda3/envs/amrfinder_env/share/amrfinderplus/data/2026-08-07.1
Database version: 2026-08-07.1
AMRFinder translated nucleotide search
  - include -O ORGANISM, --organism ORGANISM option to add mutation searches and suppress common proteins
Running tblastn
Making report
amrfinder took 13 seconds to complete
    OK
[759/1312] GCF_002552395.1
Running: amrfinder -n /home/bacte/bacillus_amr/01_genomes/ncbi_dataset/ncbi_dataset/data/GCF_002552395.1/GCF_002552395.1_ASM255239v1_genomic.fna --plus -o /home/bacte/bacillus_amr/05_amr/amrfinder_raw/GCF_002552395.1.tsv
Software directory: /home/bacte/miniconda3/envs/amrfinder_env/bin/
Software version: 4.2.7
Database directory: /home/bacte/miniconda3/envs/amrfinder_env/share/amrfinderplus/data/2026-08-07.1
Database version: 2026-08-07.1
AMRFinder translated nucleotide search
  - include -O ORGANISM, --organism ORGANISM option to add mutation searches and suppress common proteins
Running tblastn
Making report
amrfinder took 23 seconds to complete
    OK
[760/1312] GCF_002552915.1
Running: amrfinder -n /home/bacte/bacillus_amr/01_genomes/ncbi_dataset/ncbi_dataset/data/GCF_002552915.1/GCF_002552915.1_ASM255291v1_genomic.fna --plus -o /home/bacte/bacillus_amr/05_amr/amrfinder_raw/GCF_002552915.1.tsv
Software directory: /home/bacte/miniconda3/envs/amrfinder_env/bin/
Software version: 4.2.7
Database directory: /home/bacte/miniconda3/envs/amrfinder_env/share/amrfinderplus/data/2026-08-07.1
Database version: 2026-08-07.1
AMRFinder translated nucleotide search
  - include -O ORGANISM, --organism ORGANISM option to add mutation searches and suppress common proteins
Running tblastn
Making report
amrfinder took 21 seconds to complete
    OK
[761/1312] GCF_002552985.1
Running: amrfinder -n /home/bacte/bacillus_amr/01_genomes/ncbi_dataset/ncbi_dataset/data/GCF_002552985.1/GCF_002552985.1_ASM255298v1_genomic.fna --plus -o /home/bacte/bacillus_amr/05_amr/amrfinder_raw/GCF_002552985.1.tsv
Software directory: /home/bacte/miniconda3/envs/amrfinder_env/bin/
Software version: 4.2.7
Database directory: /home/bacte/miniconda3/envs/amrfinder_env/share/amrfinderplus/data/2026-08-07.1
Database version: 2026-08-07.1
AMRFinder translated nucleotide search
  - include -O ORGANISM, --organism ORGANISM option to add mutation searches and suppress common proteins
Running tblastn
Making report
amrfinder took 14 seconds to complete
    OK
[762/1312] GCF_002553055.1
Running: amrfinder -n /home/bacte/bacillus_amr/01_genomes/ncbi_dataset/ncbi_dataset/data/GCF_002553055.1/GCF_002553055.1_ASM255305v1_genomic.fna --plus -o /home/bacte/bacillus_amr/05_amr/amrfinder_raw/GCF_002553055.1.tsv
Software directory: /home/bacte/miniconda3/envs/amrfinder_env/bin/
Software version: 4.2.7
Database directory: /home/bacte/miniconda3/envs/amrfinder_env/share/amrfinderplus/data/2026-08-07.1
Database version: 2026-08-07.1
AMRFinder translated nucleotide search
  - include -O ORGANISM, --organism ORGANISM option to add mutation searches and suppress common proteins
Running tblastn
Making report
amrfinder took 16 seconds to complete
    OK
[763/1312] GCF_002553105.1
Running: amrfinder -n /home/bacte/bacillus_amr/01_genomes/ncbi_dataset/ncbi_dataset/data/GCF_002553105.1/GCF_002553105.1_ASM255310v1_genomic.fna --plus -o /home/bacte/bacillus_amr/05_amr/amrfinder_raw/GCF_002553105.1.tsv
Software directory: /home/bacte/miniconda3/envs/amrfinder_env/bin/
Software version: 4.2.7
Database directory: /home/bacte/miniconda3/envs/amrfinder_env/share/amrfinderplus/data/2026-08-07.1
Database version: 2026-08-07.1
AMRFinder translated nucleotide search
  - include -O ORGANISM, --organism ORGANISM option to add mutation searches and suppress common proteins
Running tblastn
Making report
amrfinder took 19 seconds to complete
    OK
[764/1312] GCF_002553315.1
Running: amrfinder -n /home/bacte/bacillus_amr/01_genomes/ncbi_dataset/ncbi_dataset/data/GCF_002553315.1/GCF_002553315.1_ASM255331v1_genomic.fna --plus -o /home/bacte/bacillus_amr/05_amr/amrfinder_raw/GCF_002553315.1.tsv
Software directory: /home/bacte/miniconda3/envs/amrfinder_env/bin/
Software version: 4.2.7
Database directory: /home/bacte/miniconda3/envs/amrfinder_env/share/amrfinderplus/data/2026-08-07.1
Database version: 2026-08-07.1
AMRFinder translated nucleotide search
  - include -O ORGANISM, --organism ORGANISM option to add mutation searches and suppress common proteins
Running tblastn
Making report
amrfinder took 13 seconds to complete
    OK
[765/1312] GCF_002558075.1
Running: amrfinder -n /home/bacte/bacillus_amr/01_genomes/ncbi_dataset/ncbi_dataset/data/GCF_002558075.1/GCF_002558075.1_ASM255807v1_genomic.fna --plus -o /home/bacte/bacillus_amr/05_amr/amrfinder_raw/GCF_002558075.1.tsv
Software directory: /home/bacte/miniconda3/envs/amrfinder_env/bin/
Software version: 4.2.7
Database directory: /home/bacte/miniconda3/envs/amrfinder_env/share/amrfinderplus/data/2026-08-07.1
Database version: 2026-08-07.1
AMRFinder translated nucleotide search
  - include -O ORGANISM, --organism ORGANISM option to add mutation searches and suppress common proteins
Running tblastn
Making report
amrfinder took 19 seconds to complete
    OK
[766/1312] GCF_002558235.1
Running: amrfinder -n /home/bacte/bacillus_amr/01_genomes/ncbi_dataset/ncbi_dataset/data/GCF_002558235.1/GCF_002558235.1_ASM255823v1_genomic.fna --plus -o /home/bacte/bacillus_amr/05_amr/amrfinder_raw/GCF_002558235.1.tsv
Software directory: /home/bacte/miniconda3/envs/amrfinder_env/bin/
Software version: 4.2.7
Database directory: /home/bacte/miniconda3/envs/amrfinder_env/share/amrfinderplus/data/2026-08-07.1
Database version: 2026-08-07.1
AMRFinder translated nucleotide search
  - include -O ORGANISM, --organism ORGANISM option to add mutation searches and suppress common proteins
Running tblastn
Making report
amrfinder took 16 seconds to complete
    OK
[767/1312] GCF_002558335.1
Running: amrfinder -n /home/bacte/bacillus_amr/01_genomes/ncbi_dataset/ncbi_dataset/data/GCF_002558335.1/GCF_002558335.1_ASM255833v1_genomic.fna --plus -o /home/bacte/bacillus_amr/05_amr/amrfinder_raw/GCF_002558335.1.tsv
Software directory: /home/bacte/miniconda3/envs/amrfinder_env/bin/
Software version: 4.2.7
Database directory: /home/bacte/miniconda3/envs/amrfinder_env/share/amrfinderplus/data/2026-08-07.1
Database version: 2026-08-07.1
AMRFinder translated nucleotide search
  - include -O ORGANISM, --organism ORGANISM option to add mutation searches and suppress common proteins
Running tblastn
Making report
amrfinder took 20 seconds to complete
    OK
[768/1312] GCF_002558385.1
Running: amrfinder -n /home/bacte/bacillus_amr/01_genomes/ncbi_dataset/ncbi_dataset/data/GCF_002558385.1/GCF_002558385.1_ASM255838v1_genomic.fna --plus -o /home/bacte/bacillus_amr/05_amr/amrfinder_raw/GCF_002558385.1.tsv
Software directory: /home/bacte/miniconda3/envs/amrfinder_env/bin/
Software version: 4.2.7
Database directory: /home/bacte/miniconda3/envs/amrfinder_env/share/amrfinderplus/data/2026-08-07.1
Database version: 2026-08-07.1
AMRFinder translated nucleotide search
  - include -O ORGANISM, --organism ORGANISM option to add mutation searches and suppress common proteins
Running tblastn
Making report
amrfinder took 15 seconds to complete
    OK
[769/1312] GCF_002558525.1
Running: amrfinder -n /home/bacte/bacillus_amr/01_genomes/ncbi_dataset/ncbi_dataset/data/GCF_002558525.1/GCF_002558525.1_ASM255852v1_genomic.fna --plus -o /home/bacte/bacillus_amr/05_amr/amrfinder_raw/GCF_002558525.1.tsv
Software directory: /home/bacte/miniconda3/envs/amrfinder_env/bin/
Software version: 4.2.7
Database directory: /home/bacte/miniconda3/envs/amrfinder_env/share/amrfinderplus/data/2026-08-07.1
Database version: 2026-08-07.1
AMRFinder translated nucleotide search
  - include -O ORGANISM, --organism ORGANISM option to add mutation searches and suppress common proteins
Running tblastn
Making report
amrfinder took 14 seconds to complete
    OK
[770/1312] GCF_002558545.1
Running: amrfinder -n /home/bacte/bacillus_amr/01_genomes/ncbi_dataset/ncbi_dataset/data/GCF_002558545.1/GCF_002558545.1_ASM255854v1_genomic.fna --plus -o /home/bacte/bacillus_amr/05_amr/amrfinder_raw/GCF_002558545.1.tsv
Software directory: /home/bacte/miniconda3/envs/amrfinder_env/bin/
Software version: 4.2.7
Database directory: /home/bacte/miniconda3/envs/amrfinder_env/share/amrfinderplus/data/2026-08-07.1
Database version: 2026-08-07.1
AMRFinder translated nucleotide search
  - include -O ORGANISM, --organism ORGANISM option to add mutation searches and suppress common proteins
Running tblastn
Making report
amrfinder took 16 seconds to complete
    OK
[771/1312] GCF_002558635.1
Running: amrfinder -n /home/bacte/bacillus_amr/01_genomes/ncbi_dataset/ncbi_dataset/data/GCF_002558635.1/GCF_002558635.1_ASM255863v1_genomic.fna --plus -o /home/bacte/bacillus_amr/05_amr/amrfinder_raw/GCF_002558635.1.tsv
Software directory: /home/bacte/miniconda3/envs/amrfinder_env/bin/
Software version: 4.2.7
Database directory: /home/bacte/miniconda3/envs/amrfinder_env/share/amrfinderplus/data/2026-08-07.1
Database version: 2026-08-07.1
AMRFinder translated nucleotide search
  - include -O ORGANISM, --organism ORGANISM option to add mutation searches and suppress common proteins
Running tblastn
Making report
amrfinder took 15 seconds to complete
    OK
[772/1312] GCF_002558815.1
Running: amrfinder -n /home/bacte/bacillus_amr/01_genomes/ncbi_dataset/ncbi_dataset/data/GCF_002558815.1/GCF_002558815.1_ASM255881v1_genomic.fna --plus -o /home/bacte/bacillus_amr/05_amr/amrfinder_raw/GCF_002558815.1.tsv
Software directory: /home/bacte/miniconda3/envs/amrfinder_env/bin/
Software version: 4.2.7
Database directory: /home/bacte/miniconda3/envs/amrfinder_env/share/amrfinderplus/data/2026-08-07.1
Database version: 2026-08-07.1
AMRFinder translated nucleotide search
  - include -O ORGANISM, --organism ORGANISM option to add mutation searches and suppress common proteins
Running tblastn
Making report
amrfinder took 16 seconds to complete
    OK
[773/1312] GCF_002558915.1
Running: amrfinder -n /home/bacte/bacillus_amr/01_genomes/ncbi_dataset/ncbi_dataset/data/GCF_002558915.1/GCF_002558915.1_ASM255891v1_genomic.fna --plus -o /home/bacte/bacillus_amr/05_amr/amrfinder_raw/GCF_002558915.1.tsv
Software directory: /home/bacte/miniconda3/envs/amrfinder_env/bin/
Software version: 4.2.7
Database directory: /home/bacte/miniconda3/envs/amrfinder_env/share/amrfinderplus/data/2026-08-07.1
Database version: 2026-08-07.1
AMRFinder translated nucleotide search
  - include -O ORGANISM, --organism ORGANISM option to add mutation searches and suppress common proteins
Running tblastn
Making report
amrfinder took 17 seconds to complete
    OK
[774/1312] GCF_002558995.1
Running: amrfinder -n /home/bacte/bacillus_amr/01_genomes/ncbi_dataset/ncbi_dataset/data/GCF_002558995.1/GCF_002558995.1_ASM255899v1_genomic.fna --plus -o /home/bacte/bacillus_amr/05_amr/amrfinder_raw/GCF_002558995.1.tsv
Software directory: /home/bacte/miniconda3/envs/amrfinder_env/bin/
Software version: 4.2.7
Database directory: /home/bacte/miniconda3/envs/amrfinder_env/share/amrfinderplus/data/2026-08-07.1
Database version: 2026-08-07.1
AMRFinder translated nucleotide search
  - include -O ORGANISM, --organism ORGANISM option to add mutation searches and suppress common proteins
Running tblastn
Making report
amrfinder took 18 seconds to complete
    OK
[775/1312] GCF_002559295.1
Running: amrfinder -n /home/bacte/bacillus_amr/01_genomes/ncbi_dataset/ncbi_dataset/data/GCF_002559295.1/GCF_002559295.1_ASM255929v1_genomic.fna --plus -o /home/bacte/bacillus_amr/05_amr/amrfinder_raw/GCF_002559295.1.tsv
Software directory: /home/bacte/miniconda3/envs/amrfinder_env/bin/
Software version: 4.2.7
Database directory: /home/bacte/miniconda3/envs/amrfinder_env/share/amrfinderplus/data/2026-08-07.1
Database version: 2026-08-07.1
AMRFinder translated nucleotide search
  - include -O ORGANISM, --organism ORGANISM option to add mutation searches and suppress common proteins
Running tblastn
Making report
amrfinder took 22 seconds to complete
    OK
[776/1312] GCF_002559825.1
Running: amrfinder -n /home/bacte/bacillus_amr/01_genomes/ncbi_dataset/ncbi_dataset/data/GCF_002559825.1/GCF_002559825.1_ASM255982v1_genomic.fna --plus -o /home/bacte/bacillus_amr/05_amr/amrfinder_raw/GCF_002559825.1.tsv
Software directory: /home/bacte/miniconda3/envs/amrfinder_env/bin/
Software version: 4.2.7
Database directory: /home/bacte/miniconda3/envs/amrfinder_env/share/amrfinderplus/data/2026-08-07.1
Database version: 2026-08-07.1
AMRFinder translated nucleotide search
  - include -O ORGANISM, --organism ORGANISM option to add mutation searches and suppress common proteins
Running tblastn
Making report
amrfinder took 16 seconds to complete
    OK
[777/1312] GCF_002560605.1
Running: amrfinder -n /home/bacte/bacillus_amr/01_genomes/ncbi_dataset/ncbi_dataset/data/GCF_002560605.1/GCF_002560605.1_ASM256060v1_genomic.fna --plus -o /home/bacte/bacillus_amr/05_amr/amrfinder_raw/GCF_002560605.1.tsv
Software directory: /home/bacte/miniconda3/envs/amrfinder_env/bin/
Software version: 4.2.7
Database directory: /home/bacte/miniconda3/envs/amrfinder_env/share/amrfinderplus/data/2026-08-07.1
Database version: 2026-08-07.1
AMRFinder translated nucleotide search
  - include -O ORGANISM, --organism ORGANISM option to add mutation searches and suppress common proteins
Running tblastn
Making report
amrfinder took 13 seconds to complete
    OK
[778/1312] GCF_002560645.1
Running: amrfinder -n /home/bacte/bacillus_amr/01_genomes/ncbi_dataset/ncbi_dataset/data/GCF_002560645.1/GCF_002560645.1_ASM256064v1_genomic.fna --plus -o /home/bacte/bacillus_amr/05_amr/amrfinder_raw/GCF_002560645.1.tsv
Software directory: /home/bacte/miniconda3/envs/amrfinder_env/bin/
Software version: 4.2.7
Database directory: /home/bacte/miniconda3/envs/amrfinder_env/share/amrfinderplus/data/2026-08-07.1
Database version: 2026-08-07.1
AMRFinder translated nucleotide search
  - include -O ORGANISM, --organism ORGANISM option to add mutation searches and suppress common proteins
Running tblastn
Making report
amrfinder took 17 seconds to complete
    OK
[779/1312] GCF_002560815.1
Running: amrfinder -n /home/bacte/bacillus_amr/01_genomes/ncbi_dataset/ncbi_dataset/data/GCF_002560815.1/GCF_002560815.1_ASM256081v1_genomic.fna --plus -o /home/bacte/bacillus_amr/05_amr/amrfinder_raw/GCF_002560815.1.tsv
Software directory: /home/bacte/miniconda3/envs/amrfinder_env/bin/
Software version: 4.2.7
Database directory: /home/bacte/miniconda3/envs/amrfinder_env/share/amrfinderplus/data/2026-08-07.1
Database version: 2026-08-07.1
AMRFinder translated nucleotide search
  - include -O ORGANISM, --organism ORGANISM option to add mutation searches and suppress common proteins
Running tblastn
Making report
amrfinder took 15 seconds to complete
    OK
[780/1312] GCF_002561375.1
Running: amrfinder -n /home/bacte/bacillus_amr/01_genomes/ncbi_dataset/ncbi_dataset/data/GCF_002561375.1/GCF_002561375.1_ASM256137v1_genomic.fna --plus -o /home/bacte/bacillus_amr/05_amr/amrfinder_raw/GCF_002561375.1.tsv
Software directory: /home/bacte/miniconda3/envs/amrfinder_env/bin/
Software version: 4.2.7
Database directory: /home/bacte/miniconda3/envs/amrfinder_env/share/amrfinderplus/data/2026-08-07.1
Database version: 2026-08-07.1
AMRFinder translated nucleotide search
  - include -O ORGANISM, --organism ORGANISM option to add mutation searches and suppress common proteins
Running tblastn
Making report
amrfinder took 13 seconds to complete
    OK
[781/1312] GCF_002561585.1
Running: amrfinder -n /home/bacte/bacillus_amr/01_genomes/ncbi_dataset/ncbi_dataset/data/GCF_002561585.1/GCF_002561585.1_ASM256158v1_genomic.fna --plus -o /home/bacte/bacillus_amr/05_amr/amrfinder_raw/GCF_002561585.1.tsv
Software directory: /home/bacte/miniconda3/envs/amrfinder_env/bin/
Software version: 4.2.7
Database directory: /home/bacte/miniconda3/envs/amrfinder_env/share/amrfinderplus/data/2026-08-07.1
Database version: 2026-08-07.1
AMRFinder translated nucleotide search
  - include -O ORGANISM, --organism ORGANISM option to add mutation searches and suppress common proteins
Running tblastn
Making report
amrfinder took 14 seconds to complete
    OK
[782/1312] GCF_002561665.1
Running: amrfinder -n /home/bacte/bacillus_amr/01_genomes/ncbi_dataset/ncbi_dataset/data/GCF_002561665.1/GCF_002561665.1_ASM256166v1_genomic.fna --plus -o /home/bacte/bacillus_amr/05_amr/amrfinder_raw/GCF_002561665.1.tsv
Software directory: /home/bacte/miniconda3/envs/amrfinder_env/bin/
Software version: 4.2.7
Database directory: /home/bacte/miniconda3/envs/amrfinder_env/share/amrfinderplus/data/2026-08-07.1
Database version: 2026-08-07.1
AMRFinder translated nucleotide search
  - include -O ORGANISM, --organism ORGANISM option to add mutation searches and suppress common proteins
Running tblastn
Making report
amrfinder took 16 seconds to complete
    OK
[783/1312] GCF_002561735.1
Running: amrfinder -n /home/bacte/bacillus_amr/01_genomes/ncbi_dataset/ncbi_dataset/data/GCF_002561735.1/GCF_002561735.1_ASM256173v1_genomic.fna --plus -o /home/bacte/bacillus_amr/05_amr/amrfinder_raw/GCF_002561735.1.tsv
Software directory: /home/bacte/miniconda3/envs/amrfinder_env/bin/
Software version: 4.2.7
Database directory: /home/bacte/miniconda3/envs/amrfinder_env/share/amrfinderplus/data/2026-08-07.1
Database version: 2026-08-07.1
AMRFinder translated nucleotide search
  - include -O ORGANISM, --organism ORGANISM option to add mutation searches and suppress common proteins
Running tblastn
Making report
amrfinder took 22 seconds to complete
    OK
[784/1312] GCF_002562045.1
Running: amrfinder -n /home/bacte/bacillus_amr/01_genomes/ncbi_dataset/ncbi_dataset/data/GCF_002562045.1/GCF_002562045.1_ASM256204v1_genomic.fna --plus -o /home/bacte/bacillus_amr/05_amr/amrfinder_raw/GCF_002562045.1.tsv
Software directory: /home/bacte/miniconda3/envs/amrfinder_env/bin/
Software version: 4.2.7
Database directory: /home/bacte/miniconda3/envs/amrfinder_env/share/amrfinderplus/data/2026-08-07.1
Database version: 2026-08-07.1
AMRFinder translated nucleotide search
  - include -O ORGANISM, --organism ORGANISM option to add mutation searches and suppress common proteins
Running tblastn
Making report
amrfinder took 16 seconds to complete
    OK
[785/1312] GCF_002562295.1
Running: amrfinder -n /home/bacte/bacillus_amr/01_genomes/ncbi_dataset/ncbi_dataset/data/GCF_002562295.1/GCF_002562295.1_ASM256229v1_genomic.fna --plus -o /home/bacte/bacillus_amr/05_amr/amrfinder_raw/GCF_002562295.1.tsv
Software directory: /home/bacte/miniconda3/envs/amrfinder_env/bin/
Software version: 4.2.7
Database directory: /home/bacte/miniconda3/envs/amrfinder_env/share/amrfinderplus/data/2026-08-07.1
Database version: 2026-08-07.1
AMRFinder translated nucleotide search
  - include -O ORGANISM, --organism ORGANISM option to add mutation searches and suppress common proteins
Running tblastn
Making report
amrfinder took 27 seconds to complete
    OK
[786/1312] GCF_002562415.1
Running: amrfinder -n /home/bacte/bacillus_amr/01_genomes/ncbi_dataset/ncbi_dataset/data/GCF_002562415.1/GCF_002562415.1_ASM256241v1_genomic.fna --plus -o /home/bacte/bacillus_amr/05_amr/amrfinder_raw/GCF_002562415.1.tsv
Software directory: /home/bacte/miniconda3/envs/amrfinder_env/bin/
Software version: 4.2.7
Database directory: /home/bacte/miniconda3/envs/amrfinder_env/share/amrfinderplus/data/2026-08-07.1
Database version: 2026-08-07.1
AMRFinder translated nucleotide search
  - include -O ORGANISM, --organism ORGANISM option to add mutation searches and suppress common proteins
Running tblastn
Making report
amrfinder took 19 seconds to complete
    OK
[787/1312] GCF_002562915.1
Running: amrfinder -n /home/bacte/bacillus_amr/01_genomes/ncbi_dataset/ncbi_dataset/data/GCF_002562915.1/GCF_002562915.1_ASM256291v1_genomic.fna --plus -o /home/bacte/bacillus_amr/05_amr/amrfinder_raw/GCF_002562915.1.tsv
Software directory: /home/bacte/miniconda3/envs/amrfinder_env/bin/
Software version: 4.2.7
Database directory: /home/bacte/miniconda3/envs/amrfinder_env/share/amrfinderplus/data/2026-08-07.1
Database version: 2026-08-07.1
AMRFinder translated nucleotide search
  - include -O ORGANISM, --organism ORGANISM option to add mutation searches and suppress common proteins
Running tblastn
Making report
amrfinder took 18 seconds to complete
    OK
[788/1312] GCF_002563045.1
Running: amrfinder -n /home/bacte/bacillus_amr/01_genomes/ncbi_dataset/ncbi_dataset/data/GCF_002563045.1/GCF_002563045.1_ASM256304v1_genomic.fna --plus -o /home/bacte/bacillus_amr/05_amr/amrfinder_raw/GCF_002563045.1.tsv
Software directory: /home/bacte/miniconda3/envs/amrfinder_env/bin/
Software version: 4.2.7
Database directory: /home/bacte/miniconda3/envs/amrfinder_env/share/amrfinderplus/data/2026-08-07.1
Database version: 2026-08-07.1
AMRFinder translated nucleotide search
  - include -O ORGANISM, --organism ORGANISM option to add mutation searches and suppress common proteins
Running tblastn
Making report
amrfinder took 14 seconds to complete
    OK
[789/1312] GCF_002563145.1
Running: amrfinder -n /home/bacte/bacillus_amr/01_genomes/ncbi_dataset/ncbi_dataset/data/GCF_002563145.1/GCF_002563145.1_ASM256314v1_genomic.fna --plus -o /home/bacte/bacillus_amr/05_amr/amrfinder_raw/GCF_002563145.1.tsv
Software directory: /home/bacte/miniconda3/envs/amrfinder_env/bin/
Software version: 4.2.7
Database directory: /home/bacte/miniconda3/envs/amrfinder_env/share/amrfinderplus/data/2026-08-07.1
Database version: 2026-08-07.1
AMRFinder translated nucleotide search
  - include -O ORGANISM, --organism ORGANISM option to add mutation searches and suppress common proteins
Running tblastn
Making report
amrfinder took 15 seconds to complete
    OK
[790/1312] GCF_002563275.1
Running: amrfinder -n /home/bacte/bacillus_amr/01_genomes/ncbi_dataset/ncbi_dataset/data/GCF_002563275.1/GCF_002563275.1_ASM256327v1_genomic.fna --plus -o /home/bacte/bacillus_amr/05_amr/amrfinder_raw/GCF_002563275.1.tsv
Software directory: /home/bacte/miniconda3/envs/amrfinder_env/bin/
Software version: 4.2.7
Database directory: /home/bacte/miniconda3/envs/amrfinder_env/share/amrfinderplus/data/2026-08-07.1
Database version: 2026-08-07.1
AMRFinder translated nucleotide search
  - include -O ORGANISM, --organism ORGANISM option to add mutation searches and suppress common proteins
Running tblastn
Making report
amrfinder took 13 seconds to complete
    OK
[791/1312] GCF_002565085.1
Running: amrfinder -n /home/bacte/bacillus_amr/01_genomes/ncbi_dataset/ncbi_dataset/data/GCF_002565085.1/GCF_002565085.1_ASM256508v1_genomic.fna --plus -o /home/bacte/bacillus_amr/05_amr/amrfinder_raw/GCF_002565085.1.tsv
Software directory: /home/bacte/miniconda3/envs/amrfinder_env/bin/
Software version: 4.2.7
Database directory: /home/bacte/miniconda3/envs/amrfinder_env/share/amrfinderplus/data/2026-08-07.1
Database version: 2026-08-07.1
AMRFinder translated nucleotide search
  - include -O ORGANISM, --organism ORGANISM option to add mutation searches and suppress common proteins
Running tblastn
Making report
amrfinder took 17 seconds to complete
    OK
[792/1312] GCF_002565195.1
Running: amrfinder -n /home/bacte/bacillus_amr/01_genomes/ncbi_dataset/ncbi_dataset/data/GCF_002565195.1/GCF_002565195.1_ASM256519v1_genomic.fna --plus -o /home/bacte/bacillus_amr/05_amr/amrfinder_raw/GCF_002565195.1.tsv
Software directory: /home/bacte/miniconda3/envs/amrfinder_env/bin/
Software version: 4.2.7
Database directory: /home/bacte/miniconda3/envs/amrfinder_env/share/amrfinderplus/data/2026-08-07.1
Database version: 2026-08-07.1
AMRFinder translated nucleotide search
  - include -O ORGANISM, --organism ORGANISM option to add mutation searches and suppress common proteins
Running tblastn
Making report
amrfinder took 22 seconds to complete
    OK
[793/1312] GCF_002566325.1
Running: amrfinder -n /home/bacte/bacillus_amr/01_genomes/ncbi_dataset/ncbi_dataset/data/GCF_002566325.1/GCF_002566325.1_ASM256632v1_genomic.fna --plus -o /home/bacte/bacillus_amr/05_amr/amrfinder_raw/GCF_002566325.1.tsv
Software directory: /home/bacte/miniconda3/envs/amrfinder_env/bin/
Software version: 4.2.7
Database directory: /home/bacte/miniconda3/envs/amrfinder_env/share/amrfinderplus/data/2026-08-07.1
Database version: 2026-08-07.1
AMRFinder translated nucleotide search
  - include -O ORGANISM, --organism ORGANISM option to add mutation searches and suppress common proteins
Running tblastn
Making report
amrfinder took 21 seconds to complete
    OK
[794/1312] GCF_002566555.1
Running: amrfinder -n /home/bacte/bacillus_amr/01_genomes/ncbi_dataset/ncbi_dataset/data/GCF_002566555.1/GCF_002566555.1_ASM256655v1_genomic.fna --plus -o /home/bacte/bacillus_amr/05_amr/amrfinder_raw/GCF_002566555.1.tsv
Software directory: /home/bacte/miniconda3/envs/amrfinder_env/bin/
Software version: 4.2.7
Database directory: /home/bacte/miniconda3/envs/amrfinder_env/share/amrfinderplus/data/2026-08-07.1
Database version: 2026-08-07.1
AMRFinder translated nucleotide search
  - include -O ORGANISM, --organism ORGANISM option to add mutation searches and suppress common proteins
Running tblastn
Making report
amrfinder took 14 seconds to complete
    OK
[795/1312] GCF_002566645.1
Running: amrfinder -n /home/bacte/bacillus_amr/01_genomes/ncbi_dataset/ncbi_dataset/data/GCF_002566645.1/GCF_002566645.1_ASM256664v1_genomic.fna --plus -o /home/bacte/bacillus_amr/05_amr/amrfinder_raw/GCF_002566645.1.tsv
Software directory: /home/bacte/miniconda3/envs/amrfinder_env/bin/
Software version: 4.2.7
Database directory: /home/bacte/miniconda3/envs/amrfinder_env/share/amrfinderplus/data/2026-08-07.1
Database version: 2026-08-07.1
AMRFinder translated nucleotide search
  - include -O ORGANISM, --organism ORGANISM option to add mutation searches and suppress common proteins
Running tblastn
Making report
amrfinder took 19 seconds to complete
    OK
[796/1312] GCF_002566935.1
Running: amrfinder -n /home/bacte/bacillus_amr/01_genomes/ncbi_dataset/ncbi_dataset/data/GCF_002566935.1/GCF_002566935.1_ASM256693v1_genomic.fna --plus -o /home/bacte/bacillus_amr/05_amr/amrfinder_raw/GCF_002566935.1.tsv
Software directory: /home/bacte/miniconda3/envs/amrfinder_env/bin/
Software version: 4.2.7
Database directory: /home/bacte/miniconda3/envs/amrfinder_env/share/amrfinderplus/data/2026-08-07.1
Database version: 2026-08-07.1
AMRFinder translated nucleotide search
  - include -O ORGANISM, --organism ORGANISM option to add mutation searches and suppress common proteins
Running tblastn
Making report
amrfinder took 17 seconds to complete
    OK
[797/1312] GCF_002567265.1
Running: amrfinder -n /home/bacte/bacillus_amr/01_genomes/ncbi_dataset/ncbi_dataset/data/GCF_002567265.1/GCF_002567265.1_ASM256726v1_genomic.fna --plus -o /home/bacte/bacillus_amr/05_amr/amrfinder_raw/GCF_002567265.1.tsv
Software directory: /home/bacte/miniconda3/envs/amrfinder_env/bin/
Software version: 4.2.7
Database directory: /home/bacte/miniconda3/envs/amrfinder_env/share/amrfinderplus/data/2026-08-07.1
Database version: 2026-08-07.1
AMRFinder translated nucleotide search
  - include -O ORGANISM, --organism ORGANISM option to add mutation searches and suppress common proteins
Running tblastn
Making report
amrfinder took 19 seconds to complete
    OK
[798/1312] GCF_002567295.1
Running: amrfinder -n /home/bacte/bacillus_amr/01_genomes/ncbi_dataset/ncbi_dataset/data/GCF_002567295.1/GCF_002567295.1_ASM256729v1_genomic.fna --plus -o /home/bacte/bacillus_amr/05_amr/amrfinder_raw/GCF_002567295.1.tsv
Software directory: /home/bacte/miniconda3/envs/amrfinder_env/bin/
Software version: 4.2.7
Database directory: /home/bacte/miniconda3/envs/amrfinder_env/share/amrfinderplus/data/2026-08-07.1
Database version: 2026-08-07.1
AMRFinder translated nucleotide search
  - include -O ORGANISM, --organism ORGANISM option to add mutation searches and suppress common proteins
Running tblastn
Making report
amrfinder took 17 seconds to complete
    OK
[799/1312] GCF_002567875.1
Running: amrfinder -n /home/bacte/bacillus_amr/01_genomes/ncbi_dataset/ncbi_dataset/data/GCF_002567875.1/GCF_002567875.1_ASM256787v1_genomic.fna --plus -o /home/bacte/bacillus_amr/05_amr/amrfinder_raw/GCF_002567875.1.tsv
Software directory: /home/bacte/miniconda3/envs/amrfinder_env/bin/
Software version: 4.2.7
Database directory: /home/bacte/miniconda3/envs/amrfinder_env/share/amrfinderplus/data/2026-08-07.1
Database version: 2026-08-07.1
AMRFinder translated nucleotide search
  - include -O ORGANISM, --organism ORGANISM option to add mutation searches and suppress common proteins
Running tblastn
Making report
amrfinder took 16 seconds to complete
    OK
[800/1312] GCF_002567905.1
Running: amrfinder -n /home/bacte/bacillus_amr/01_genomes/ncbi_dataset/ncbi_dataset/data/GCF_002567905.1/GCF_002567905.1_ASM256790v1_genomic.fna --plus -o /home/bacte/bacillus_amr/05_amr/amrfinder_raw/GCF_002567905.1.tsv
Software directory: /home/bacte/miniconda3/envs/amrfinder_env/bin/
Software version: 4.2.7
Database directory: /home/bacte/miniconda3/envs/amrfinder_env/share/amrfinderplus/data/2026-08-07.1
Database version: 2026-08-07.1
AMRFinder translated nucleotide search
  - include -O ORGANISM, --organism ORGANISM option to add mutation searches and suppress common proteins
Running tblastn
Making report
amrfinder took 19 seconds to complete
    OK
[801/1312] GCF_002567955.1
Running: amrfinder -n /home/bacte/bacillus_amr/01_genomes/ncbi_dataset/ncbi_dataset/data/GCF_002567955.1/GCF_002567955.1_ASM256795v1_genomic.fna --plus -o /home/bacte/bacillus_amr/05_amr/amrfinder_raw/GCF_002567955.1.tsv
Software directory: /home/bacte/miniconda3/envs/amrfinder_env/bin/
Software version: 4.2.7
Database directory: /home/bacte/miniconda3/envs/amrfinder_env/share/amrfinderplus/data/2026-08-07.1
Database version: 2026-08-07.1
AMRFinder translated nucleotide search
  - include -O ORGANISM, --organism ORGANISM option to add mutation searches and suppress common proteins
Running tblastn
Making report
amrfinder took 22 seconds to complete
    OK
[802/1312] GCF_002568175.1
Running: amrfinder -n /home/bacte/bacillus_amr/01_genomes/ncbi_dataset/ncbi_dataset/data/GCF_002568175.1/GCF_002568175.1_ASM256817v1_genomic.fna --plus -o /home/bacte/bacillus_amr/05_amr/amrfinder_raw/GCF_002568175.1.tsv
Software directory: /home/bacte/miniconda3/envs/amrfinder_env/bin/
Software version: 4.2.7
Database directory: /home/bacte/miniconda3/envs/amrfinder_env/share/amrfinderplus/data/2026-08-07.1
Database version: 2026-08-07.1
AMRFinder translated nucleotide search
  - include -O ORGANISM, --organism ORGANISM option to add mutation searches and suppress common proteins
Running tblastn
Making report
amrfinder took 15 seconds to complete
    OK
[803/1312] GCF_002568525.1
Running: amrfinder -n /home/bacte/bacillus_amr/01_genomes/ncbi_dataset/ncbi_dataset/data/GCF_002568525.1/GCF_002568525.1_ASM256852v1_genomic.fna --plus -o /home/bacte/bacillus_amr/05_amr/amrfinder_raw/GCF_002568525.1.tsv
Software directory: /home/bacte/miniconda3/envs/amrfinder_env/bin/
Software version: 4.2.7
Database directory: /home/bacte/miniconda3/envs/amrfinder_env/share/amrfinderplus/data/2026-08-07.1
Database version: 2026-08-07.1
AMRFinder translated nucleotide search
  - include -O ORGANISM, --organism ORGANISM option to add mutation searches and suppress common proteins
Running tblastn
Making report
amrfinder took 17 seconds to complete
    OK
[804/1312] GCF_002568595.1
Running: amrfinder -n /home/bacte/bacillus_amr/01_genomes/ncbi_dataset/ncbi_dataset/data/GCF_002568595.1/GCF_002568595.1_ASM256859v1_genomic.fna --plus -o /home/bacte/bacillus_amr/05_amr/amrfinder_raw/GCF_002568595.1.tsv
Software directory: /home/bacte/miniconda3/envs/amrfinder_env/bin/
Software version: 4.2.7
Database directory: /home/bacte/miniconda3/envs/amrfinder_env/share/amrfinderplus/data/2026-08-07.1
Database version: 2026-08-07.1
AMRFinder translated nucleotide search
  - include -O ORGANISM, --organism ORGANISM option to add mutation searches and suppress common proteins
Running tblastn
Making report
amrfinder took 12 seconds to complete
    OK
[805/1312] GCF_002571105.1
Running: amrfinder -n /home/bacte/bacillus_amr/01_genomes/ncbi_dataset/ncbi_dataset/data/GCF_002571105.1/GCF_002571105.1_ASM257110v1_genomic.fna --plus -o /home/bacte/bacillus_amr/05_amr/amrfinder_raw/GCF_002571105.1.tsv
Software directory: /home/bacte/miniconda3/envs/amrfinder_env/bin/
Software version: 4.2.7
Database directory: /home/bacte/miniconda3/envs/amrfinder_env/share/amrfinderplus/data/2026-08-07.1
Database version: 2026-08-07.1
AMRFinder translated nucleotide search
  - include -O ORGANISM, --organism ORGANISM option to add mutation searches and suppress common proteins
Running tblastn
Making report
amrfinder took 13 seconds to complete
    OK
[806/1312] GCF_002574125.1
Running: amrfinder -n /home/bacte/bacillus_amr/01_genomes/ncbi_dataset/ncbi_dataset/data/GCF_002574125.1/GCF_002574125.1_ASM257412v1_genomic.fna --plus -o /home/bacte/bacillus_amr/05_amr/amrfinder_raw/GCF_002574125.1.tsv
Software directory: /home/bacte/miniconda3/envs/amrfinder_env/bin/
Software version: 4.2.7
Database directory: /home/bacte/miniconda3/envs/amrfinder_env/share/amrfinderplus/data/2026-08-07.1
Database version: 2026-08-07.1
AMRFinder translated nucleotide search
  - include -O ORGANISM, --organism ORGANISM option to add mutation searches and suppress common proteins
Running tblastn
Making report
amrfinder took 13 seconds to complete
    OK
[807/1312] GCF_002574325.1
Running: amrfinder -n /home/bacte/bacillus_amr/01_genomes/ncbi_dataset/ncbi_dataset/data/GCF_002574325.1/GCF_002574325.1_ASM257432v1_genomic.fna --plus -o /home/bacte/bacillus_amr/05_amr/amrfinder_raw/GCF_002574325.1.tsv
Software directory: /home/bacte/miniconda3/envs/amrfinder_env/bin/
Software version: 4.2.7
Database directory: /home/bacte/miniconda3/envs/amrfinder_env/share/amrfinderplus/data/2026-08-07.1
Database version: 2026-08-07.1
AMRFinder translated nucleotide search
  - include -O ORGANISM, --organism ORGANISM option to add mutation searches and suppress common proteins
Running tblastn
Making report
amrfinder took 18 seconds to complete
    OK
[808/1312] GCF_002574495.1
Running: amrfinder -n /home/bacte/bacillus_amr/01_genomes/ncbi_dataset/ncbi_dataset/data/GCF_002574495.1/GCF_002574495.1_ASM257449v1_genomic.fna --plus -o /home/bacte/bacillus_amr/05_amr/amrfinder_raw/GCF_002574495.1.tsv
Software directory: /home/bacte/miniconda3/envs/amrfinder_env/bin/
Software version: 4.2.7
Database directory: /home/bacte/miniconda3/envs/amrfinder_env/share/amrfinderplus/data/2026-08-07.1
Database version: 2026-08-07.1
AMRFinder translated nucleotide search
  - include -O ORGANISM, --organism ORGANISM option to add mutation searches and suppress common proteins
Running tblastn
Making report
amrfinder took 23 seconds to complete
    OK
[809/1312] GCF_002574575.1
Running: amrfinder -n /home/bacte/bacillus_amr/01_genomes/ncbi_dataset/ncbi_dataset/data/GCF_002574575.1/GCF_002574575.1_ASM257457v1_genomic.fna --plus -o /home/bacte/bacillus_amr/05_amr/amrfinder_raw/GCF_002574575.1.tsv
Software directory: /home/bacte/miniconda3/envs/amrfinder_env/bin/
Software version: 4.2.7
Database directory: /home/bacte/miniconda3/envs/amrfinder_env/share/amrfinderplus/data/2026-08-07.1
Database version: 2026-08-07.1
AMRFinder translated nucleotide search
  - include -O ORGANISM, --organism ORGANISM option to add mutation searches and suppress common proteins
Running tblastn
Making report
amrfinder took 13 seconds to complete
    OK
[810/1312] GCF_002574595.1
Running: amrfinder -n /home/bacte/bacillus_amr/01_genomes/ncbi_dataset/ncbi_dataset/data/GCF_002574595.1/GCF_002574595.1_ASM257459v1_genomic.fna --plus -o /home/bacte/bacillus_amr/05_amr/amrfinder_raw/GCF_002574595.1.tsv
Software directory: /home/bacte/miniconda3/envs/amrfinder_env/bin/
Software version: 4.2.7
Database directory: /home/bacte/miniconda3/envs/amrfinder_env/share/amrfinderplus/data/2026-08-07.1
Database version: 2026-08-07.1
AMRFinder translated nucleotide search
  - include -O ORGANISM, --organism ORGANISM option to add mutation searches and suppress common proteins
Running tblastn
Making report
amrfinder took 19 seconds to complete
    OK
[811/1312] GCF_002574675.1
Running: amrfinder -n /home/bacte/bacillus_amr/01_genomes/ncbi_dataset/ncbi_dataset/data/GCF_002574675.1/GCF_002574675.1_ASM257467v1_genomic.fna --plus -o /home/bacte/bacillus_amr/05_amr/amrfinder_raw/GCF_002574675.1.tsv
Software directory: /home/bacte/miniconda3/envs/amrfinder_env/bin/
Software version: 4.2.7
Database directory: /home/bacte/miniconda3/envs/amrfinder_env/share/amrfinderplus/data/2026-08-07.1
Database version: 2026-08-07.1
AMRFinder translated nucleotide search
  - include -O ORGANISM, --organism ORGANISM option to add mutation searches and suppress common proteins
Running tblastn
Making report
amrfinder took 16 seconds to complete
    OK
[812/1312] GCF_002575305.1
Running: amrfinder -n /home/bacte/bacillus_amr/01_genomes/ncbi_dataset/ncbi_dataset/data/GCF_002575305.1/GCF_002575305.1_ASM257530v1_genomic.fna --plus -o /home/bacte/bacillus_amr/05_amr/amrfinder_raw/GCF_002575305.1.tsv
Software directory: /home/bacte/miniconda3/envs/amrfinder_env/bin/
Software version: 4.2.7
Database directory: /home/bacte/miniconda3/envs/amrfinder_env/share/amrfinderplus/data/2026-08-07.1
Database version: 2026-08-07.1
AMRFinder translated nucleotide search
  - include -O ORGANISM, --organism ORGANISM option to add mutation searches and suppress common proteins
Running tblastn
Making report
amrfinder took 20 seconds to complete
    OK
[813/1312] GCF_002575365.1
Running: amrfinder -n /home/bacte/bacillus_amr/01_genomes/ncbi_dataset/ncbi_dataset/data/GCF_002575365.1/GCF_002575365.1_ASM257536v1_genomic.fna --plus -o /home/bacte/bacillus_amr/05_amr/amrfinder_raw/GCF_002575365.1.tsv
Software directory: /home/bacte/miniconda3/envs/amrfinder_env/bin/
Software version: 4.2.7
Database directory: /home/bacte/miniconda3/envs/amrfinder_env/share/amrfinderplus/data/2026-08-07.1
Database version: 2026-08-07.1
AMRFinder translated nucleotide search
  - include -O ORGANISM, --organism ORGANISM option to add mutation searches and suppress common proteins
Running tblastn
Making report
amrfinder took 20 seconds to complete
    OK
[814/1312] GCF_002575445.1
Running: amrfinder -n /home/bacte/bacillus_amr/01_genomes/ncbi_dataset/ncbi_dataset/data/GCF_002575445.1/GCF_002575445.1_ASM257544v1_genomic.fna --plus -o /home/bacte/bacillus_amr/05_amr/amrfinder_raw/GCF_002575445.1.tsv
Software directory: /home/bacte/miniconda3/envs/amrfinder_env/bin/
Software version: 4.2.7
Database directory: /home/bacte/miniconda3/envs/amrfinder_env/share/amrfinderplus/data/2026-08-07.1
Database version: 2026-08-07.1
AMRFinder translated nucleotide search
  - include -O ORGANISM, --organism ORGANISM option to add mutation searches and suppress common proteins
Running tblastn
Making report
amrfinder took 24 seconds to complete
    OK
[815/1312] GCF_002575645.1
Running: amrfinder -n /home/bacte/bacillus_amr/01_genomes/ncbi_dataset/ncbi_dataset/data/GCF_002575645.1/GCF_002575645.1_ASM257564v1_genomic.fna --plus -o /home/bacte/bacillus_amr/05_amr/amrfinder_raw/GCF_002575645.1.tsv
Software directory: /home/bacte/miniconda3/envs/amrfinder_env/bin/
Software version: 4.2.7
Database directory: /home/bacte/miniconda3/envs/amrfinder_env/share/amrfinderplus/data/2026-08-07.1
Database version: 2026-08-07.1
AMRFinder translated nucleotide search
  - include -O ORGANISM, --organism ORGANISM option to add mutation searches and suppress common proteins
Running tblastn
Making report
amrfinder took 27 seconds to complete
    OK
[816/1312] GCF_002575895.1
Running: amrfinder -n /home/bacte/bacillus_amr/01_genomes/ncbi_dataset/ncbi_dataset/data/GCF_002575895.1/GCF_002575895.1_ASM257589v1_genomic.fna --plus -o /home/bacte/bacillus_amr/05_amr/amrfinder_raw/GCF_002575895.1.tsv
Software directory: /home/bacte/miniconda3/envs/amrfinder_env/bin/
Software version: 4.2.7
Database directory: /home/bacte/miniconda3/envs/amrfinder_env/share/amrfinderplus/data/2026-08-07.1
Database version: 2026-08-07.1
AMRFinder translated nucleotide search
  - include -O ORGANISM, --organism ORGANISM option to add mutation searches and suppress common proteins
Running tblastn
Making report
amrfinder took 19 seconds to complete
    OK
[817/1312] GCF_002575925.1
Running: amrfinder -n /home/bacte/bacillus_amr/01_genomes/ncbi_dataset/ncbi_dataset/data/GCF_002575925.1/GCF_002575925.1_ASM257592v1_genomic.fna --plus -o /home/bacte/bacillus_amr/05_amr/amrfinder_raw/GCF_002575925.1.tsv
Software directory: /home/bacte/miniconda3/envs/amrfinder_env/bin/
Software version: 4.2.7
Database directory: /home/bacte/miniconda3/envs/amrfinder_env/share/amrfinderplus/data/2026-08-07.1
Database version: 2026-08-07.1
AMRFinder translated nucleotide search
  - include -O ORGANISM, --organism ORGANISM option to add mutation searches and suppress common proteins
Running tblastn
Making report
amrfinder took 15 seconds to complete
    OK
[818/1312] GCF_002576405.1
Running: amrfinder -n /home/bacte/bacillus_amr/01_genomes/ncbi_dataset/ncbi_dataset/data/GCF_002576405.1/GCF_002576405.1_ASM257640v1_genomic.fna --plus -o /home/bacte/bacillus_amr/05_amr/amrfinder_raw/GCF_002576405.1.tsv
Software directory: /home/bacte/miniconda3/envs/amrfinder_env/bin/
Software version: 4.2.7
Database directory: /home/bacte/miniconda3/envs/amrfinder_env/share/amrfinderplus/data/2026-08-07.1
Database version: 2026-08-07.1
AMRFinder translated nucleotide search
  - include -O ORGANISM, --organism ORGANISM option to add mutation searches and suppress common proteins
Running tblastn
Making report
amrfinder took 23 seconds to complete
    OK
[819/1312] GCF_002576565.1
Running: amrfinder -n /home/bacte/bacillus_amr/01_genomes/ncbi_dataset/ncbi_dataset/data/GCF_002576565.1/GCF_002576565.1_ASM257656v1_genomic.fna --plus -o /home/bacte/bacillus_amr/05_amr/amrfinder_raw/GCF_002576565.1.tsv
Software directory: /home/bacte/miniconda3/envs/amrfinder_env/bin/
Software version: 4.2.7
Database directory: /home/bacte/miniconda3/envs/amrfinder_env/share/amrfinderplus/data/2026-08-07.1
Database version: 2026-08-07.1
AMRFinder translated nucleotide search
  - include -O ORGANISM, --organism ORGANISM option to add mutation searches and suppress common proteins
Running tblastn
Making report
amrfinder took 15 seconds to complete
    OK
[820/1312] GCF_002576585.1
Running: amrfinder -n /home/bacte/bacillus_amr/01_genomes/ncbi_dataset/ncbi_dataset/data/GCF_002576585.1/GCF_002576585.1_ASM257658v1_genomic.fna --plus -o /home/bacte/bacillus_amr/05_amr/amrfinder_raw/GCF_002576585.1.tsv
Software directory: /home/bacte/miniconda3/envs/amrfinder_env/bin/
Software version: 4.2.7
Database directory: /home/bacte/miniconda3/envs/amrfinder_env/share/amrfinderplus/data/2026-08-07.1
Database version: 2026-08-07.1
AMRFinder translated nucleotide search
  - include -O ORGANISM, --organism ORGANISM option to add mutation searches and suppress common proteins
Running tblastn
Making report
amrfinder took 13 seconds to complete
    OK
[821/1312] GCF_002576665.1
Running: amrfinder -n /home/bacte/bacillus_amr/01_genomes/ncbi_dataset/ncbi_dataset/data/GCF_002576665.1/GCF_002576665.1_ASM257666v1_genomic.fna --plus -o /home/bacte/bacillus_amr/05_amr/amrfinder_raw/GCF_002576665.1.tsv
Software directory: /home/bacte/miniconda3/envs/amrfinder_env/bin/
Software version: 4.2.7
Database directory: /home/bacte/miniconda3/envs/amrfinder_env/share/amrfinderplus/data/2026-08-07.1
Database version: 2026-08-07.1
AMRFinder translated nucleotide search
  - include -O ORGANISM, --organism ORGANISM option to add mutation searches and suppress common proteins
Running tblastn
Making report
amrfinder took 18 seconds to complete
    OK
[822/1312] GCF_002576755.1
Running: amrfinder -n /home/bacte/bacillus_amr/01_genomes/ncbi_dataset/ncbi_dataset/data/GCF_002576755.1/GCF_002576755.1_ASM257675v1_genomic.fna --plus -o /home/bacte/bacillus_amr/05_amr/amrfinder_raw/GCF_002576755.1.tsv
Software directory: /home/bacte/miniconda3/envs/amrfinder_env/bin/
Software version: 4.2.7
Database directory: /home/bacte/miniconda3/envs/amrfinder_env/share/amrfinderplus/data/2026-08-07.1
Database version: 2026-08-07.1
AMRFinder translated nucleotide search
  - include -O ORGANISM, --organism ORGANISM option to add mutation searches and suppress common proteins
Running tblastn
Making report
amrfinder took 17 seconds to complete
    OK
[823/1312] GCF_002577025.1
Running: amrfinder -n /home/bacte/bacillus_amr/01_genomes/ncbi_dataset/ncbi_dataset/data/GCF_002577025.1/GCF_002577025.1_ASM257702v1_genomic.fna --plus -o /home/bacte/bacillus_amr/05_amr/amrfinder_raw/GCF_002577025.1.tsv
Software directory: /home/bacte/miniconda3/envs/amrfinder_env/bin/
Software version: 4.2.7
Database directory: /home/bacte/miniconda3/envs/amrfinder_env/share/amrfinderplus/data/2026-08-07.1
Database version: 2026-08-07.1
AMRFinder translated nucleotide search
  - include -O ORGANISM, --organism ORGANISM option to add mutation searches and suppress common proteins
Running tblastn
Making report
amrfinder took 15 seconds to complete
    OK
[824/1312] GCF_002577445.1
Running: amrfinder -n /home/bacte/bacillus_amr/01_genomes/ncbi_dataset/ncbi_dataset/data/GCF_002577445.1/GCF_002577445.1_ASM257744v1_genomic.fna --plus -o /home/bacte/bacillus_amr/05_amr/amrfinder_raw/GCF_002577445.1.tsv
Software directory: /home/bacte/miniconda3/envs/amrfinder_env/bin/
Software version: 4.2.7
Database directory: /home/bacte/miniconda3/envs/amrfinder_env/share/amrfinderplus/data/2026-08-07.1
Database version: 2026-08-07.1
AMRFinder translated nucleotide search
  - include -O ORGANISM, --organism ORGANISM option to add mutation searches and suppress common proteins
Running tblastn
Making report
amrfinder took 17 seconds to complete
    OK
[825/1312] GCF_002577525.1
Running: amrfinder -n /home/bacte/bacillus_amr/01_genomes/ncbi_dataset/ncbi_dataset/data/GCF_002577525.1/GCF_002577525.1_ASM257752v1_genomic.fna --plus -o /home/bacte/bacillus_amr/05_amr/amrfinder_raw/GCF_002577525.1.tsv
Software directory: /home/bacte/miniconda3/envs/amrfinder_env/bin/
Software version: 4.2.7
Database directory: /home/bacte/miniconda3/envs/amrfinder_env/share/amrfinderplus/data/2026-08-07.1
Database version: 2026-08-07.1
AMRFinder translated nucleotide search
  - include -O ORGANISM, --organism ORGANISM option to add mutation searches and suppress common proteins
Running tblastn
Making report
amrfinder took 23 seconds to complete
    OK
[826/1312] GCF_002577605.1
Running: amrfinder -n /home/bacte/bacillus_amr/01_genomes/ncbi_dataset/ncbi_dataset/data/GCF_002577605.1/GCF_002577605.1_ASM257760v1_genomic.fna --plus -o /home/bacte/bacillus_amr/05_amr/amrfinder_raw/GCF_002577605.1.tsv
Software directory: /home/bacte/miniconda3/envs/amrfinder_env/bin/
Software version: 4.2.7
Database directory: /home/bacte/miniconda3/envs/amrfinder_env/share/amrfinderplus/data/2026-08-07.1
Database version: 2026-08-07.1
AMRFinder translated nucleotide search
  - include -O ORGANISM, --organism ORGANISM option to add mutation searches and suppress common proteins
Running tblastn
Making report
amrfinder took 15 seconds to complete
    OK
[827/1312] GCF_002577625.1
Running: amrfinder -n /home/bacte/bacillus_amr/01_genomes/ncbi_dataset/ncbi_dataset/data/GCF_002577625.1/GCF_002577625.1_ASM257762v1_genomic.fna --plus -o /home/bacte/bacillus_amr/05_amr/amrfinder_raw/GCF_002577625.1.tsv
Software directory: /home/bacte/miniconda3/envs/amrfinder_env/bin/
Software version: 4.2.7
Database directory: /home/bacte/miniconda3/envs/amrfinder_env/share/amrfinderplus/data/2026-08-07.1
Database version: 2026-08-07.1
AMRFinder translated nucleotide search
  - include -O ORGANISM, --organism ORGANISM option to add mutation searches and suppress common proteins
Running tblastn
Making report
amrfinder took 16 seconds to complete
    OK
[828/1312] GCF_002577805.1
Running: amrfinder -n /home/bacte/bacillus_amr/01_genomes/ncbi_dataset/ncbi_dataset/data/GCF_002577805.1/GCF_002577805.1_ASM257780v1_genomic.fna --plus -o /home/bacte/bacillus_amr/05_amr/amrfinder_raw/GCF_002577805.1.tsv
Software directory: /home/bacte/miniconda3/envs/amrfinder_env/bin/
Software version: 4.2.7
Database directory: /home/bacte/miniconda3/envs/amrfinder_env/share/amrfinderplus/data/2026-08-07.1
Database version: 2026-08-07.1
AMRFinder translated nucleotide search
  - include -O ORGANISM, --organism ORGANISM option to add mutation searches and suppress common proteins
Running tblastn
Making report
amrfinder took 16 seconds to complete
    OK
[829/1312] GCF_002577835.1
Running: amrfinder -n /home/bacte/bacillus_amr/01_genomes/ncbi_dataset/ncbi_dataset/data/GCF_002577835.1/GCF_002577835.1_ASM257783v1_genomic.fna --plus -o /home/bacte/bacillus_amr/05_amr/amrfinder_raw/GCF_002577835.1.tsv
Software directory: /home/bacte/miniconda3/envs/amrfinder_env/bin/
Software version: 4.2.7
Database directory: /home/bacte/miniconda3/envs/amrfinder_env/share/amrfinderplus/data/2026-08-07.1
Database version: 2026-08-07.1
AMRFinder translated nucleotide search
  - include -O ORGANISM, --organism ORGANISM option to add mutation searches and suppress common proteins
Running tblastn
Making report
amrfinder took 17 seconds to complete
    OK
[830/1312] GCF_002578625.1
Running: amrfinder -n /home/bacte/bacillus_amr/01_genomes/ncbi_dataset/ncbi_dataset/data/GCF_002578625.1/GCF_002578625.1_ASM257862v1_genomic.fna --plus -o /home/bacte/bacillus_amr/05_amr/amrfinder_raw/GCF_002578625.1.tsv
Software directory: /home/bacte/miniconda3/envs/amrfinder_env/bin/
Software version: 4.2.7
Database directory: /home/bacte/miniconda3/envs/amrfinder_env/share/amrfinderplus/data/2026-08-07.1
Database version: 2026-08-07.1
AMRFinder translated nucleotide search
  - include -O ORGANISM, --organism ORGANISM option to add mutation searches and suppress common proteins
Running tblastn
Making report
amrfinder took 18 seconds to complete
    OK
[831/1312] GCF_002583235.1
Running: amrfinder -n /home/bacte/bacillus_amr/01_genomes/ncbi_dataset/ncbi_dataset/data/GCF_002583235.1/GCF_002583235.1_ASM258323v1_genomic.fna --plus -o /home/bacte/bacillus_amr/05_amr/amrfinder_raw/GCF_002583235.1.tsv
Software directory: /home/bacte/miniconda3/envs/amrfinder_env/bin/
Software version: 4.2.7
Database directory: /home/bacte/miniconda3/envs/amrfinder_env/share/amrfinderplus/data/2026-08-07.1
Database version: 2026-08-07.1
AMRFinder translated nucleotide search
  - include -O ORGANISM, --organism ORGANISM option to add mutation searches and suppress common proteins
Running tblastn
Making report
amrfinder took 23 seconds to complete
    OK
[832/1312] GCF_002583505.1
Running: amrfinder -n /home/bacte/bacillus_amr/01_genomes/ncbi_dataset/ncbi_dataset/data/GCF_002583505.1/GCF_002583505.1_ASM258350v1_genomic.fna --plus -o /home/bacte/bacillus_amr/05_amr/amrfinder_raw/GCF_002583505.1.tsv
Software directory: /home/bacte/miniconda3/envs/amrfinder_env/bin/
Software version: 4.2.7
Database directory: /home/bacte/miniconda3/envs/amrfinder_env/share/amrfinderplus/data/2026-08-07.1
Database version: 2026-08-07.1
AMRFinder translated nucleotide search
  - include -O ORGANISM, --organism ORGANISM option to add mutation searches and suppress common proteins
Running tblastn
Making report
amrfinder took 22 seconds to complete
    OK
[833/1312] GCF_002585315.1
Running: amrfinder -n /home/bacte/bacillus_amr/01_genomes/ncbi_dataset/ncbi_dataset/data/GCF_002585315.1/GCF_002585315.1_ASM258531v1_genomic.fna --plus -o /home/bacte/bacillus_amr/05_amr/amrfinder_raw/GCF_002585315.1.tsv
Software directory: /home/bacte/miniconda3/envs/amrfinder_env/bin/
Software version: 4.2.7
Database directory: /home/bacte/miniconda3/envs/amrfinder_env/share/amrfinderplus/data/2026-08-07.1
Database version: 2026-08-07.1
AMRFinder translated nucleotide search
  - include -O ORGANISM, --organism ORGANISM option to add mutation searches and suppress common proteins
Running tblastn
Making report
amrfinder took 15 seconds to complete
    OK
[834/1312] GCF_002585635.1
Running: amrfinder -n /home/bacte/bacillus_amr/01_genomes/ncbi_dataset/ncbi_dataset/data/GCF_002585635.1/GCF_002585635.1_ASM258563v1_genomic.fna --plus -o /home/bacte/bacillus_amr/05_amr/amrfinder_raw/GCF_002585635.1.tsv
Software directory: /home/bacte/miniconda3/envs/amrfinder_env/bin/
Software version: 4.2.7
Database directory: /home/bacte/miniconda3/envs/amrfinder_env/share/amrfinderplus/data/2026-08-07.1
Database version: 2026-08-07.1
AMRFinder translated nucleotide search
  - include -O ORGANISM, --organism ORGANISM option to add mutation searches and suppress common proteins
Running tblastn
Making report
amrfinder took 17 seconds to complete
    OK
[835/1312] GCF_002998855.1
Running: amrfinder -n /home/bacte/bacillus_amr/01_genomes/ncbi_dataset/ncbi_dataset/data/GCF_002998855.1/GCF_002998855.1_ASM299885v1_genomic.fna --plus -o /home/bacte/bacillus_amr/05_amr/amrfinder_raw/GCF_002998855.1.tsv
Software directory: /home/bacte/miniconda3/envs/amrfinder_env/bin/
Software version: 4.2.7
Database directory: /home/bacte/miniconda3/envs/amrfinder_env/share/amrfinderplus/data/2026-08-07.1
Database version: 2026-08-07.1
AMRFinder translated nucleotide search
  - include -O ORGANISM, --organism ORGANISM option to add mutation searches and suppress common proteins
Running tblastn
Making report
amrfinder took 13 seconds to complete
    OK
[836/1312] GCF_003150715.1
Running: amrfinder -n /home/bacte/bacillus_amr/01_genomes/ncbi_dataset/ncbi_dataset/data/GCF_003150715.1/GCF_003150715.1_ASM315071v1_genomic.fna --plus -o /home/bacte/bacillus_amr/05_amr/amrfinder_raw/GCF_003150715.1.tsv
Software directory: /home/bacte/miniconda3/envs/amrfinder_env/bin/
Software version: 4.2.7
Database directory: /home/bacte/miniconda3/envs/amrfinder_env/share/amrfinderplus/data/2026-08-07.1
Database version: 2026-08-07.1
AMRFinder translated nucleotide search
  - include -O ORGANISM, --organism ORGANISM option to add mutation searches and suppress common proteins
Running tblastn
Making report
amrfinder took 15 seconds to complete
    OK
[837/1312] GCF_011765855.1
Running: amrfinder -n /home/bacte/bacillus_amr/01_genomes/ncbi_dataset/ncbi_dataset/data/GCF_011765855.1/GCF_011765855.1_ASM1176585v1_genomic.fna --plus -o /home/bacte/bacillus_amr/05_amr/amrfinder_raw/GCF_011765855.1.tsv
Software directory: /home/bacte/miniconda3/envs/amrfinder_env/bin/
Software version: 4.2.7
Database directory: /home/bacte/miniconda3/envs/amrfinder_env/share/amrfinderplus/data/2026-08-07.1
Database version: 2026-08-07.1
AMRFinder translated nucleotide search
  - include -O ORGANISM, --organism ORGANISM option to add mutation searches and suppress common proteins
Running tblastn
Making report
amrfinder took 17 seconds to complete
    OK
[838/1312] GCF_014982505.1
Running: amrfinder -n /home/bacte/bacillus_amr/01_genomes/ncbi_dataset/ncbi_dataset/data/GCF_014982505.1/GCF_014982505.1_ASM1498250v1_genomic.fna --plus -o /home/bacte/bacillus_amr/05_amr/amrfinder_raw/GCF_014982505.1.tsv
Software directory: /home/bacte/miniconda3/envs/amrfinder_env/bin/
Software version: 4.2.7
Database directory: /home/bacte/miniconda3/envs/amrfinder_env/share/amrfinderplus/data/2026-08-07.1
Database version: 2026-08-07.1
AMRFinder translated nucleotide search
  - include -O ORGANISM, --organism ORGANISM option to add mutation searches and suppress common proteins
Running tblastn
Making report
amrfinder took 29 seconds to complete
    OK
[839/1312] GCF_025960305.1
Running: amrfinder -n /home/bacte/bacillus_amr/01_genomes/ncbi_dataset/ncbi_dataset/data/GCF_025960305.1/GCF_025960305.1_ASM2596030v1_genomic.fna --plus -o /home/bacte/bacillus_amr/05_amr/amrfinder_raw/GCF_025960305.1.tsv
Software directory: /home/bacte/miniconda3/envs/amrfinder_env/bin/
Software version: 4.2.7
Database directory: /home/bacte/miniconda3/envs/amrfinder_env/share/amrfinderplus/data/2026-08-07.1
Database version: 2026-08-07.1
AMRFinder translated nucleotide search
  - include -O ORGANISM, --organism ORGANISM option to add mutation searches and suppress common proteins
Running tblastn
Making report
amrfinder took 258 seconds to complete
    OK
[840/1312] GCF_028401745.1
Running: amrfinder -n /home/bacte/bacillus_amr/01_genomes/ncbi_dataset/ncbi_dataset/data/GCF_028401745.1/GCF_028401745.1_ASM2840174v1_genomic.fna --plus -o /home/bacte/bacillus_amr/05_amr/amrfinder_raw/GCF_028401745.1.tsv
Software directory: /home/bacte/miniconda3/envs/amrfinder_env/bin/
Software version: 4.2.7
Database directory: /home/bacte/miniconda3/envs/amrfinder_env/share/amrfinderplus/data/2026-08-07.1
Database version: 2026-08-07.1
AMRFinder translated nucleotide search
  - include -O ORGANISM, --organism ORGANISM option to add mutation searches and suppress common proteins
Running tblastn
Making report
amrfinder took 22 seconds to complete
    OK
[841/1312] GCF_034045075.1
Running: amrfinder -n /home/bacte/bacillus_amr/01_genomes/ncbi_dataset/ncbi_dataset/data/GCF_034045075.1/GCF_034045075.1_ASM3404507v1_genomic.fna --plus -o /home/bacte/bacillus_amr/05_amr/amrfinder_raw/GCF_034045075.1.tsv
Software directory: /home/bacte/miniconda3/envs/amrfinder_env/bin/
Software version: 4.2.7
Database directory: /home/bacte/miniconda3/envs/amrfinder_env/share/amrfinderplus/data/2026-08-07.1
Database version: 2026-08-07.1
AMRFinder translated nucleotide search
  - include -O ORGANISM, --organism ORGANISM option to add mutation searches and suppress common proteins
Running tblastn
Making report
amrfinder took 31 seconds to complete
    OK
[842/1312] GCF_036621215.1
Running: amrfinder -n /home/bacte/bacillus_amr/01_genomes/ncbi_dataset/ncbi_dataset/data/GCF_036621215.1/GCF_036621215.1_ASM3662121v1_genomic.fna --plus -o /home/bacte/bacillus_amr/05_amr/amrfinder_raw/GCF_036621215.1.tsv
Software directory: /home/bacte/miniconda3/envs/amrfinder_env/bin/
Software version: 4.2.7
Database directory: /home/bacte/miniconda3/envs/amrfinder_env/share/amrfinderplus/data/2026-08-07.1
Database version: 2026-08-07.1
AMRFinder translated nucleotide search
  - include -O ORGANISM, --organism ORGANISM option to add mutation searches and suppress common proteins
Running tblastn
Making report
amrfinder took 86 seconds to complete
    OK
[843/1312] GCF_036621255.1
Running: amrfinder -n /home/bacte/bacillus_amr/01_genomes/ncbi_dataset/ncbi_dataset/data/GCF_036621255.1/GCF_036621255.1_ASM3662125v1_genomic.fna --plus -o /home/bacte/bacillus_amr/05_amr/amrfinder_raw/GCF_036621255.1.tsv
Software directory: /home/bacte/miniconda3/envs/amrfinder_env/bin/
Software version: 4.2.7
Database directory: /home/bacte/miniconda3/envs/amrfinder_env/share/amrfinderplus/data/2026-08-07.1
Database version: 2026-08-07.1
AMRFinder translated nucleotide search
  - include -O ORGANISM, --organism ORGANISM option to add mutation searches and suppress common proteins
Running tblastn
Making report
amrfinder took 102 seconds to complete
    OK
[844/1312] GCF_036621275.1
Running: amrfinder -n /home/bacte/bacillus_amr/01_genomes/ncbi_dataset/ncbi_dataset/data/GCF_036621275.1/GCF_036621275.1_ASM3662127v1_genomic.fna --plus -o /home/bacte/bacillus_amr/05_amr/amrfinder_raw/GCF_036621275.1.tsv
Software directory: /home/bacte/miniconda3/envs/amrfinder_env/bin/
Software version: 4.2.7
Database directory: /home/bacte/miniconda3/envs/amrfinder_env/share/amrfinderplus/data/2026-08-07.1
Database version: 2026-08-07.1
AMRFinder translated nucleotide search
  - include -O ORGANISM, --organism ORGANISM option to add mutation searches and suppress common proteins
Running tblastn
Making report
amrfinder took 18 seconds to complete
    OK
[845/1312] GCF_036621295.1
Running: amrfinder -n /home/bacte/bacillus_amr/01_genomes/ncbi_dataset/ncbi_dataset/data/GCF_036621295.1/GCF_036621295.1_ASM3662129v1_genomic.fna --plus -o /home/bacte/bacillus_amr/05_amr/amrfinder_raw/GCF_036621295.1.tsv
Software directory: /home/bacte/miniconda3/envs/amrfinder_env/bin/
Software version: 4.2.7
Database directory: /home/bacte/miniconda3/envs/amrfinder_env/share/amrfinderplus/data/2026-08-07.1
Database version: 2026-08-07.1
AMRFinder translated nucleotide search
  - include -O ORGANISM, --organism ORGANISM option to add mutation searches and suppress common proteins
Running tblastn
Making report
amrfinder took 56 seconds to complete
    OK
[846/1312] GCF_036621315.1
Running: amrfinder -n /home/bacte/bacillus_amr/01_genomes/ncbi_dataset/ncbi_dataset/data/GCF_036621315.1/GCF_036621315.1_ASM3662131v1_genomic.fna --plus -o /home/bacte/bacillus_amr/05_amr/amrfinder_raw/GCF_036621315.1.tsv
Software directory: /home/bacte/miniconda3/envs/amrfinder_env/bin/
Software version: 4.2.7
Database directory: /home/bacte/miniconda3/envs/amrfinder_env/share/amrfinderplus/data/2026-08-07.1
Database version: 2026-08-07.1
AMRFinder translated nucleotide search
  - include -O ORGANISM, --organism ORGANISM option to add mutation searches and suppress common proteins
Running tblastn
Making report
amrfinder took 20 seconds to complete
    OK
[847/1312] GCF_036621335.1
Running: amrfinder -n /home/bacte/bacillus_amr/01_genomes/ncbi_dataset/ncbi_dataset/data/GCF_036621335.1/GCF_036621335.1_ASM3662133v1_genomic.fna --plus -o /home/bacte/bacillus_amr/05_amr/amrfinder_raw/GCF_036621335.1.tsv
Software directory: /home/bacte/miniconda3/envs/amrfinder_env/bin/
Software version: 4.2.7
Database directory: /home/bacte/miniconda3/envs/amrfinder_env/share/amrfinderplus/data/2026-08-07.1
Database version: 2026-08-07.1
AMRFinder translated nucleotide search
  - include -O ORGANISM, --organism ORGANISM option to add mutation searches and suppress common proteins
Running tblastn
Making report
amrfinder took 32 seconds to complete
    OK
[848/1312] GCF_036621355.1
Running: amrfinder -n /home/bacte/bacillus_amr/01_genomes/ncbi_dataset/ncbi_dataset/data/GCF_036621355.1/GCF_036621355.1_ASM3662135v1_genomic.fna --plus -o /home/bacte/bacillus_amr/05_amr/amrfinder_raw/GCF_036621355.1.tsv
Software directory: /home/bacte/miniconda3/envs/amrfinder_env/bin/
Software version: 4.2.7
Database directory: /home/bacte/miniconda3/envs/amrfinder_env/share/amrfinderplus/data/2026-08-07.1
Database version: 2026-08-07.1
AMRFinder translated nucleotide search
  - include -O ORGANISM, --organism ORGANISM option to add mutation searches and suppress common proteins
Running tblastn
Making report
amrfinder took 22 seconds to complete
    OK
[849/1312] GCF_036621365.1
Running: amrfinder -n /home/bacte/bacillus_amr/01_genomes/ncbi_dataset/ncbi_dataset/data/GCF_036621365.1/GCF_036621365.1_ASM3662136v1_genomic.fna --plus -o /home/bacte/bacillus_amr/05_amr/amrfinder_raw/GCF_036621365.1.tsv
Software directory: /home/bacte/miniconda3/envs/amrfinder_env/bin/
Software version: 4.2.7
Database directory: /home/bacte/miniconda3/envs/amrfinder_env/share/amrfinderplus/data/2026-08-07.1
Database version: 2026-08-07.1
AMRFinder translated nucleotide search
  - include -O ORGANISM, --organism ORGANISM option to add mutation searches and suppress common proteins
Running tblastn
Making report
amrfinder took 32 seconds to complete
    OK
[850/1312] GCF_036963325.1
Running: amrfinder -n /home/bacte/bacillus_amr/01_genomes/ncbi_dataset/ncbi_dataset/data/GCF_036963325.1/GCF_036963325.1_ASM3696332v1_genomic.fna --plus -o /home/bacte/bacillus_amr/05_amr/amrfinder_raw/GCF_036963325.1.tsv
Software directory: /home/bacte/miniconda3/envs/amrfinder_env/bin/
Software version: 4.2.7
Database directory: /home/bacte/miniconda3/envs/amrfinder_env/share/amrfinderplus/data/2026-08-07.1
Database version: 2026-08-07.1
AMRFinder translated nucleotide search
  - include -O ORGANISM, --organism ORGANISM option to add mutation searches and suppress common proteins
Running tblastn
Making report
amrfinder took 224 seconds to complete
    OK
[851/1312] GCF_036964705.1
Running: amrfinder -n /home/bacte/bacillus_amr/01_genomes/ncbi_dataset/ncbi_dataset/data/GCF_036964705.1/GCF_036964705.1_ASM3696470v1_genomic.fna --plus -o /home/bacte/bacillus_amr/05_amr/amrfinder_raw/GCF_036964705.1.tsv
Software directory: /home/bacte/miniconda3/envs/amrfinder_env/bin/
Software version: 4.2.7
Database directory: /home/bacte/miniconda3/envs/amrfinder_env/share/amrfinderplus/data/2026-08-07.1
Database version: 2026-08-07.1
AMRFinder translated nucleotide search
  - include -O ORGANISM, --organism ORGANISM option to add mutation searches and suppress common proteins
Running tblastn
Making report
amrfinder took 11 seconds to complete
    OK
[852/1312] GCF_036965505.1
Running: amrfinder -n /home/bacte/bacillus_amr/01_genomes/ncbi_dataset/ncbi_dataset/data/GCF_036965505.1/GCF_036965505.1_ASM3696550v1_genomic.fna --plus -o /home/bacte/bacillus_amr/05_amr/amrfinder_raw/GCF_036965505.1.tsv
Software directory: /home/bacte/miniconda3/envs/amrfinder_env/bin/
Software version: 4.2.7
Database directory: /home/bacte/miniconda3/envs/amrfinder_env/share/amrfinderplus/data/2026-08-07.1
Database version: 2026-08-07.1
AMRFinder translated nucleotide search
  - include -O ORGANISM, --organism ORGANISM option to add mutation searches and suppress common proteins
Running tblastn
Making report
amrfinder took 11 seconds to complete
    OK
[853/1312] GCF_036966125.1
Running: amrfinder -n /home/bacte/bacillus_amr/01_genomes/ncbi_dataset/ncbi_dataset/data/GCF_036966125.1/GCF_036966125.1_ASM3696612v1_genomic.fna --plus -o /home/bacte/bacillus_amr/05_amr/amrfinder_raw/GCF_036966125.1.tsv
Software directory: /home/bacte/miniconda3/envs/amrfinder_env/bin/
Software version: 4.2.7
Database directory: /home/bacte/miniconda3/envs/amrfinder_env/share/amrfinderplus/data/2026-08-07.1
Database version: 2026-08-07.1
AMRFinder translated nucleotide search
  - include -O ORGANISM, --organism ORGANISM option to add mutation searches and suppress common proteins
Running tblastn
Making report
amrfinder took 16 seconds to complete
    OK
[854/1312] GCF_036966645.1
Running: amrfinder -n /home/bacte/bacillus_amr/01_genomes/ncbi_dataset/ncbi_dataset/data/GCF_036966645.1/GCF_036966645.1_ASM3696664v1_genomic.fna --plus -o /home/bacte/bacillus_amr/05_amr/amrfinder_raw/GCF_036966645.1.tsv
Software directory: /home/bacte/miniconda3/envs/amrfinder_env/bin/
Software version: 4.2.7
Database directory: /home/bacte/miniconda3/envs/amrfinder_env/share/amrfinderplus/data/2026-08-07.1
Database version: 2026-08-07.1
AMRFinder translated nucleotide search
  - include -O ORGANISM, --organism ORGANISM option to add mutation searches and suppress common proteins
Running tblastn
Making report
amrfinder took 13 seconds to complete
    OK
[855/1312] GCF_036967025.1
Running: amrfinder -n /home/bacte/bacillus_amr/01_genomes/ncbi_dataset/ncbi_dataset/data/GCF_036967025.1/GCF_036967025.1_ASM3696702v1_genomic.fna --plus -o /home/bacte/bacillus_amr/05_amr/amrfinder_raw/GCF_036967025.1.tsv
Software directory: /home/bacte/miniconda3/envs/amrfinder_env/bin/
Software version: 4.2.7
Database directory: /home/bacte/miniconda3/envs/amrfinder_env/share/amrfinderplus/data/2026-08-07.1
Database version: 2026-08-07.1
AMRFinder translated nucleotide search
  - include -O ORGANISM, --organism ORGANISM option to add mutation searches and suppress common proteins
Running tblastn
Making report
amrfinder took 11 seconds to complete
    OK
[856/1312] GCF_036967125.1
Running: amrfinder -n /home/bacte/bacillus_amr/01_genomes/ncbi_dataset/ncbi_dataset/data/GCF_036967125.1/GCF_036967125.1_ASM3696712v1_genomic.fna --plus -o /home/bacte/bacillus_amr/05_amr/amrfinder_raw/GCF_036967125.1.tsv
Software directory: /home/bacte/miniconda3/envs/amrfinder_env/bin/
Software version: 4.2.7
Database directory: /home/bacte/miniconda3/envs/amrfinder_env/share/amrfinderplus/data/2026-08-07.1
Database version: 2026-08-07.1
AMRFinder translated nucleotide search
  - include -O ORGANISM, --organism ORGANISM option to add mutation searches and suppress common proteins
Running tblastn
Making report
amrfinder took 11 seconds to complete
    OK
[857/1312] GCF_038561975.1
Running: amrfinder -n /home/bacte/bacillus_amr/01_genomes/ncbi_dataset/ncbi_dataset/data/GCF_038561975.1/GCF_038561975.1_ASM3856197v1_genomic.fna --plus -o /home/bacte/bacillus_amr/05_amr/amrfinder_raw/GCF_038561975.1.tsv
Software directory: /home/bacte/miniconda3/envs/amrfinder_env/bin/
Software version: 4.2.7
Database directory: /home/bacte/miniconda3/envs/amrfinder_env/share/amrfinderplus/data/2026-08-07.1
Database version: 2026-08-07.1
AMRFinder translated nucleotide search
  - include -O ORGANISM, --organism ORGANISM option to add mutation searches and suppress common proteins
Running tblastn
Making report
amrfinder took 94 seconds to complete
    OK
[858/1312] GCF_040151295.1
Running: amrfinder -n /home/bacte/bacillus_amr/01_genomes/ncbi_dataset/ncbi_dataset/data/GCF_040151295.1/GCF_040151295.1_ASM4015129v1_genomic.fna --plus -o /home/bacte/bacillus_amr/05_amr/amrfinder_raw/GCF_040151295.1.tsv
Software directory: /home/bacte/miniconda3/envs/amrfinder_env/bin/
Software version: 4.2.7
Database directory: /home/bacte/miniconda3/envs/amrfinder_env/share/amrfinderplus/data/2026-08-07.1
Database version: 2026-08-07.1
AMRFinder translated nucleotide search
  - include -O ORGANISM, --organism ORGANISM option to add mutation searches and suppress common proteins
Running tblastn
Making report
amrfinder took 51 seconds to complete
    OK
[859/1312] GCF_040151435.1
Running: amrfinder -n /home/bacte/bacillus_amr/01_genomes/ncbi_dataset/ncbi_dataset/data/GCF_040151435.1/GCF_040151435.1_ASM4015143v1_genomic.fna --plus -o /home/bacte/bacillus_amr/05_amr/amrfinder_raw/GCF_040151435.1.tsv
Software directory: /home/bacte/miniconda3/envs/amrfinder_env/bin/
Software version: 4.2.7
Database directory: /home/bacte/miniconda3/envs/amrfinder_env/share/amrfinderplus/data/2026-08-07.1
Database version: 2026-08-07.1
AMRFinder translated nucleotide search
  - include -O ORGANISM, --organism ORGANISM option to add mutation searches and suppress common proteins
Running tblastn
Making report
amrfinder took 69 seconds to complete
    OK
[860/1312] GCF_040712275.1
Running: amrfinder -n /home/bacte/bacillus_amr/01_genomes/ncbi_dataset/ncbi_dataset/data/GCF_040712275.1/GCF_040712275.1_JJ1216_genomic.fna --plus -o /home/bacte/bacillus_amr/05_amr/amrfinder_raw/GCF_040712275.1.tsv
Software directory: /home/bacte/miniconda3/envs/amrfinder_env/bin/
Software version: 4.2.7
Database directory: /home/bacte/miniconda3/envs/amrfinder_env/share/amrfinderplus/data/2026-08-07.1
Database version: 2026-08-07.1
AMRFinder translated nucleotide search
  - include -O ORGANISM, --organism ORGANISM option to add mutation searches and suppress common proteins
Running tblastn
Making report
amrfinder took 204 seconds to complete
    OK
[861/1312] GCF_044626315.1
Running: amrfinder -n /home/bacte/bacillus_amr/01_genomes/ncbi_dataset/ncbi_dataset/data/GCF_044626315.1/GCF_044626315.1_ASM4462631v1_genomic.fna --plus -o /home/bacte/bacillus_amr/05_amr/amrfinder_raw/GCF_044626315.1.tsv
Software directory: /home/bacte/miniconda3/envs/amrfinder_env/bin/
Software version: 4.2.7
Database directory: /home/bacte/miniconda3/envs/amrfinder_env/share/amrfinderplus/data/2026-08-07.1
Database version: 2026-08-07.1
AMRFinder translated nucleotide search
  - include -O ORGANISM, --organism ORGANISM option to add mutation searches and suppress common proteins
Running tblastn
Making report
amrfinder took 16 seconds to complete
    OK
[862/1312] GCF_044626335.1
Running: amrfinder -n /home/bacte/bacillus_amr/01_genomes/ncbi_dataset/ncbi_dataset/data/GCF_044626335.1/GCF_044626335.1_ASM4462633v1_genomic.fna --plus -o /home/bacte/bacillus_amr/05_amr/amrfinder_raw/GCF_044626335.1.tsv
Software directory: /home/bacte/miniconda3/envs/amrfinder_env/bin/
Software version: 4.2.7
Database directory: /home/bacte/miniconda3/envs/amrfinder_env/share/amrfinderplus/data/2026-08-07.1
Database version: 2026-08-07.1
AMRFinder translated nucleotide search
  - include -O ORGANISM, --organism ORGANISM option to add mutation searches and suppress common proteins
Running tblastn
Making report
amrfinder took 17 seconds to complete
    OK
[863/1312] GCF_044626375.1
Running: amrfinder -n /home/bacte/bacillus_amr/01_genomes/ncbi_dataset/ncbi_dataset/data/GCF_044626375.1/GCF_044626375.1_ASM4462637v1_genomic.fna --plus -o /home/bacte/bacillus_amr/05_amr/amrfinder_raw/GCF_044626375.1.tsv
Software directory: /home/bacte/miniconda3/envs/amrfinder_env/bin/
Software version: 4.2.7
Database directory: /home/bacte/miniconda3/envs/amrfinder_env/share/amrfinderplus/data/2026-08-07.1
Database version: 2026-08-07.1
AMRFinder translated nucleotide search
  - include -O ORGANISM, --organism ORGANISM option to add mutation searches and suppress common proteins
Running tblastn
Making report
amrfinder took 28 seconds to complete
    OK
[864/1312] GCF_046619495.1
Running: amrfinder -n /home/bacte/bacillus_amr/01_genomes/ncbi_dataset/ncbi_dataset/data/GCF_046619495.1/GCF_046619495.1_Pseudomonas_sp_MPB08_genomic.fna --plus -o /home/bacte/bacillus_amr/05_amr/amrfinder_raw/GCF_046619495.1.tsv
Software directory: /home/bacte/miniconda3/envs/amrfinder_env/bin/
Software version: 4.2.7
Database directory: /home/bacte/miniconda3/envs/amrfinder_env/share/amrfinderplus/data/2026-08-07.1
Database version: 2026-08-07.1
AMRFinder translated nucleotide search
  - include -O ORGANISM, --organism ORGANISM option to add mutation searches and suppress common proteins
Running tblastn
Making report
amrfinder took 142 seconds to complete
    OK
[865/1312] GCF_046619515.1
Running: amrfinder -n /home/bacte/bacillus_amr/01_genomes/ncbi_dataset/ncbi_dataset/data/GCF_046619515.1/GCF_046619515.1_ASM4661951v1_genomic.fna --plus -o /home/bacte/bacillus_amr/05_amr/amrfinder_raw/GCF_046619515.1.tsv
Software directory: /home/bacte/miniconda3/envs/amrfinder_env/bin/
Software version: 4.2.7
Database directory: /home/bacte/miniconda3/envs/amrfinder_env/share/amrfinderplus/data/2026-08-07.1
Database version: 2026-08-07.1
AMRFinder translated nucleotide search
  - include -O ORGANISM, --organism ORGANISM option to add mutation searches and suppress common proteins
Running tblastn
Making report
amrfinder took 134 seconds to complete
    OK
[866/1312] GCF_046628085.1
Running: amrfinder -n /home/bacte/bacillus_amr/01_genomes/ncbi_dataset/ncbi_dataset/data/GCF_046628085.1/GCF_046628085.1_ASM4662808v1_genomic.fna --plus -o /home/bacte/bacillus_amr/05_amr/amrfinder_raw/GCF_046628085.1.tsv
Software directory: /home/bacte/miniconda3/envs/amrfinder_env/bin/
Software version: 4.2.7
Database directory: /home/bacte/miniconda3/envs/amrfinder_env/share/amrfinderplus/data/2026-08-07.1
Database version: 2026-08-07.1
AMRFinder translated nucleotide search
  - include -O ORGANISM, --organism ORGANISM option to add mutation searches and suppress common proteins
Running tblastn
Making report
amrfinder took 141 seconds to complete
    OK
[867/1312] GCF_046628115.1
Running: amrfinder -n /home/bacte/bacillus_amr/01_genomes/ncbi_dataset/ncbi_dataset/data/GCF_046628115.1/GCF_046628115.1_ASM4662811v1_genomic.fna --plus -o /home/bacte/bacillus_amr/05_amr/amrfinder_raw/GCF_046628115.1.tsv
Software directory: /home/bacte/miniconda3/envs/amrfinder_env/bin/
Software version: 4.2.7
Database directory: /home/bacte/miniconda3/envs/amrfinder_env/share/amrfinderplus/data/2026-08-07.1
Database version: 2026-08-07.1
AMRFinder translated nucleotide search
  - include -O ORGANISM, --organism ORGANISM option to add mutation searches and suppress common proteins
Running tblastn
Making report
amrfinder took 141 seconds to complete
    OK
[868/1312] GCF_048054015.1
Running: amrfinder -n /home/bacte/bacillus_amr/01_genomes/ncbi_dataset/ncbi_dataset/data/GCF_048054015.1/GCF_048054015.1_ASM4805401v1_genomic.fna --plus -o /home/bacte/bacillus_amr/05_amr/amrfinder_raw/GCF_048054015.1.tsv
Software directory: /home/bacte/miniconda3/envs/amrfinder_env/bin/
Software version: 4.2.7
Database directory: /home/bacte/miniconda3/envs/amrfinder_env/share/amrfinderplus/data/2026-08-07.1
Database version: 2026-08-07.1
AMRFinder translated nucleotide search
  - include -O ORGANISM, --organism ORGANISM option to add mutation searches and suppress common proteins
Running tblastn
Making report
amrfinder took 49 seconds to complete
    OK
[869/1312] GCF_051027385.1
Running: amrfinder -n /home/bacte/bacillus_amr/01_genomes/ncbi_dataset/ncbi_dataset/data/GCF_051027385.1/GCF_051027385.1_ASM5102738v1_genomic.fna --plus -o /home/bacte/bacillus_amr/05_amr/amrfinder_raw/GCF_051027385.1.tsv
Software directory: /home/bacte/miniconda3/envs/amrfinder_env/bin/
Software version: 4.2.7
Database directory: /home/bacte/miniconda3/envs/amrfinder_env/share/amrfinderplus/data/2026-08-07.1
Database version: 2026-08-07.1
AMRFinder translated nucleotide search
  - include -O ORGANISM, --organism ORGANISM option to add mutation searches and suppress common proteins
Running tblastn
Making report
amrfinder took 204 seconds to complete
    OK
[870/1312] GCF_051027395.1
Running: amrfinder -n /home/bacte/bacillus_amr/01_genomes/ncbi_dataset/ncbi_dataset/data/GCF_051027395.1/GCF_051027395.1_ASM5102739v1_genomic.fna --plus -o /home/bacte/bacillus_amr/05_amr/amrfinder_raw/GCF_051027395.1.tsv
Software directory: /home/bacte/miniconda3/envs/amrfinder_env/bin/
Software version: 4.2.7
Database directory: /home/bacte/miniconda3/envs/amrfinder_env/share/amrfinderplus/data/2026-08-07.1
Database version: 2026-08-07.1
AMRFinder translated nucleotide search
  - include -O ORGANISM, --organism ORGANISM option to add mutation searches and suppress common proteins
Running tblastn
Making report
amrfinder took 204 seconds to complete
    OK
[871/1312] GCF_051027415.1
Running: amrfinder -n /home/bacte/bacillus_amr/01_genomes/ncbi_dataset/ncbi_dataset/data/GCF_051027415.1/GCF_051027415.1_ASM5102741v1_genomic.fna --plus -o /home/bacte/bacillus_amr/05_amr/amrfinder_raw/GCF_051027415.1.tsv
Software directory: /home/bacte/miniconda3/envs/amrfinder_env/bin/
Software version: 4.2.7
Database directory: /home/bacte/miniconda3/envs/amrfinder_env/share/amrfinderplus/data/2026-08-07.1
Database version: 2026-08-07.1
AMRFinder translated nucleotide search
  - include -O ORGANISM, --organism ORGANISM option to add mutation searches and suppress common proteins
Running tblastn
Making report
amrfinder took 212 seconds to complete
    OK
[872/1312] GCF_052542035.1
Running: amrfinder -n /home/bacte/bacillus_amr/01_genomes/ncbi_dataset/ncbi_dataset/data/GCF_052542035.1/GCF_052542035.1_ASM5254203v1_genomic.fna --plus -o /home/bacte/bacillus_amr/05_amr/amrfinder_raw/GCF_052542035.1.tsv
Software directory: /home/bacte/miniconda3/envs/amrfinder_env/bin/
Software version: 4.2.7
Database directory: /home/bacte/miniconda3/envs/amrfinder_env/share/amrfinderplus/data/2026-08-07.1
Database version: 2026-08-07.1
AMRFinder translated nucleotide search
  - include -O ORGANISM, --organism ORGANISM option to add mutation searches and suppress common proteins
Running tblastn
Making report
amrfinder took 12 seconds to complete
    OK
[873/1312] GCF_052542115.1
Running: amrfinder -n /home/bacte/bacillus_amr/01_genomes/ncbi_dataset/ncbi_dataset/data/GCF_052542115.1/GCF_052542115.1_ASM5254211v1_genomic.fna --plus -o /home/bacte/bacillus_amr/05_amr/amrfinder_raw/GCF_052542115.1.tsv
Software directory: /home/bacte/miniconda3/envs/amrfinder_env/bin/
Software version: 4.2.7
Database directory: /home/bacte/miniconda3/envs/amrfinder_env/share/amrfinderplus/data/2026-08-07.1
Database version: 2026-08-07.1
AMRFinder translated nucleotide search
  - include -O ORGANISM, --organism ORGANISM option to add mutation searches and suppress common proteins
Running tblastn
Making report
amrfinder took 67 seconds to complete
    OK
[874/1312] GCF_056832985.1
Running: amrfinder -n /home/bacte/bacillus_amr/01_genomes/ncbi_dataset/ncbi_dataset/data/GCF_056832985.1/GCF_056832985.1_ASM5683298v1_genomic.fna --plus -o /home/bacte/bacillus_amr/05_amr/amrfinder_raw/GCF_056832985.1.tsv
Software directory: /home/bacte/miniconda3/envs/amrfinder_env/bin/
Software version: 4.2.7
Database directory: /home/bacte/miniconda3/envs/amrfinder_env/share/amrfinderplus/data/2026-08-07.1
Database version: 2026-08-07.1
AMRFinder translated nucleotide search
  - include -O ORGANISM, --organism ORGANISM option to add mutation searches and suppress common proteins
Running tblastn
Making report
amrfinder took 38 seconds to complete
    OK
[875/1312] GCF_059718295.1
Running: amrfinder -n /home/bacte/bacillus_amr/01_genomes/ncbi_dataset/ncbi_dataset/data/GCF_059718295.1/GCF_059718295.1_ASM5971829v1_genomic.fna --plus -o /home/bacte/bacillus_amr/05_amr/amrfinder_raw/GCF_059718295.1.tsv
Software directory: /home/bacte/miniconda3/envs/amrfinder_env/bin/
Software version: 4.2.7
Database directory: /home/bacte/miniconda3/envs/amrfinder_env/share/amrfinderplus/data/2026-08-07.1
Database version: 2026-08-07.1
AMRFinder translated nucleotide search
  - include -O ORGANISM, --organism ORGANISM option to add mutation searches and suppress common proteins
Running tblastn
Making report
amrfinder took 24 seconds to complete
    OK
[876/1312] GCF_060947105.1
Running: amrfinder -n /home/bacte/bacillus_amr/01_genomes/ncbi_dataset/ncbi_dataset/data/GCF_060947105.1/GCF_060947105.1_ASM6094710v1_genomic.fna --plus -o /home/bacte/bacillus_amr/05_amr/amrfinder_raw/GCF_060947105.1.tsv
Software directory: /home/bacte/miniconda3/envs/amrfinder_env/bin/
Software version: 4.2.7
Database directory: /home/bacte/miniconda3/envs/amrfinder_env/share/amrfinderplus/data/2026-08-07.1
Database version: 2026-08-07.1
AMRFinder translated nucleotide search
  - include -O ORGANISM, --organism ORGANISM option to add mutation searches and suppress common proteins
Running tblastn
Making report
amrfinder took 68 seconds to complete
    OK
[877/1312] GCF_061144305.1
Running: amrfinder -n /home/bacte/bacillus_amr/01_genomes/ncbi_dataset/ncbi_dataset/data/GCF_061144305.1/GCF_061144305.1_ASM6114430v1_genomic.fna --plus -o /home/bacte/bacillus_amr/05_amr/amrfinder_raw/GCF_061144305.1.tsv
Software directory: /home/bacte/miniconda3/envs/amrfinder_env/bin/
Software version: 4.2.7
Database directory: /home/bacte/miniconda3/envs/amrfinder_env/share/amrfinderplus/data/2026-08-07.1
Database version: 2026-08-07.1
AMRFinder translated nucleotide search
  - include -O ORGANISM, --organism ORGANISM option to add mutation searches and suppress common proteins
Running tblastn
Making report
amrfinder took 14 seconds to complete
    OK
[878/1312] GCF_061144365.1
Running: amrfinder -n /home/bacte/bacillus_amr/01_genomes/ncbi_dataset/ncbi_dataset/data/GCF_061144365.1/GCF_061144365.1_ASM6114436v1_genomic.fna --plus -o /home/bacte/bacillus_amr/05_amr/amrfinder_raw/GCF_061144365.1.tsv
Software directory: /home/bacte/miniconda3/envs/amrfinder_env/bin/
Software version: 4.2.7
Database directory: /home/bacte/miniconda3/envs/amrfinder_env/share/amrfinderplus/data/2026-08-07.1
Database version: 2026-08-07.1
AMRFinder translated nucleotide search
  - include -O ORGANISM, --organism ORGANISM option to add mutation searches and suppress common proteins
Running tblastn
Making report
amrfinder took 12 seconds to complete
    OK
[879/1312] GCF_061144405.1
Running: amrfinder -n /home/bacte/bacillus_amr/01_genomes/ncbi_dataset/ncbi_dataset/data/GCF_061144405.1/GCF_061144405.1_ASM6114440v1_genomic.fna --plus -o /home/bacte/bacillus_amr/05_amr/amrfinder_raw/GCF_061144405.1.tsv
Software directory: /home/bacte/miniconda3/envs/amrfinder_env/bin/
Software version: 4.2.7
Database directory: /home/bacte/miniconda3/envs/amrfinder_env/share/amrfinderplus/data/2026-08-07.1
Database version: 2026-08-07.1
AMRFinder translated nucleotide search
  - include -O ORGANISM, --organism ORGANISM option to add mutation searches and suppress common proteins
Running tblastn
Making report
amrfinder took 14 seconds to complete
    OK
[880/1312] GCF_061232475.1
Running: amrfinder -n /home/bacte/bacillus_amr/01_genomes/ncbi_dataset/ncbi_dataset/data/GCF_061232475.1/GCF_061232475.1_ASM6123247v1_genomic.fna --plus -o /home/bacte/bacillus_amr/05_amr/amrfinder_raw/GCF_061232475.1.tsv
Software directory: /home/bacte/miniconda3/envs/amrfinder_env/bin/
Software version: 4.2.7
Database directory: /home/bacte/miniconda3/envs/amrfinder_env/share/amrfinderplus/data/2026-08-07.1
Database version: 2026-08-07.1
AMRFinder translated nucleotide search
  - include -O ORGANISM, --organism ORGANISM option to add mutation searches and suppress common proteins
Running tblastn
Making report
amrfinder took 215 seconds to complete
    OK
[881/1312] GCF_061232545.1
Running: amrfinder -n /home/bacte/bacillus_amr/01_genomes/ncbi_dataset/ncbi_dataset/data/GCF_061232545.1/GCF_061232545.1_ASM6123254v1_genomic.fna --plus -o /home/bacte/bacillus_amr/05_amr/amrfinder_raw/GCF_061232545.1.tsv
Software directory: /home/bacte/miniconda3/envs/amrfinder_env/bin/
Software version: 4.2.7
Database directory: /home/bacte/miniconda3/envs/amrfinder_env/share/amrfinderplus/data/2026-08-07.1
Database version: 2026-08-07.1
AMRFinder translated nucleotide search
  - include -O ORGANISM, --organism ORGANISM option to add mutation searches and suppress common proteins
Running tblastn
Making report
amrfinder took 224 seconds to complete
    OK
[882/1312] GCF_061232575.1
Running: amrfinder -n /home/bacte/bacillus_amr/01_genomes/ncbi_dataset/ncbi_dataset/data/GCF_061232575.1/GCF_061232575.1_ASM6123257v1_genomic.fna --plus -o /home/bacte/bacillus_amr/05_amr/amrfinder_raw/GCF_061232575.1.tsv
Software directory: /home/bacte/miniconda3/envs/amrfinder_env/bin/
Software version: 4.2.7
Database directory: /home/bacte/miniconda3/envs/amrfinder_env/share/amrfinderplus/data/2026-08-07.1
Database version: 2026-08-07.1
AMRFinder translated nucleotide search
  - include -O ORGANISM, --organism ORGANISM option to add mutation searches and suppress common proteins
Running tblastn
Making report
amrfinder took 222 seconds to complete
    OK
[883/1312] GCF_979893815.1
Running: amrfinder -n /home/bacte/bacillus_amr/01_genomes/ncbi_dataset/ncbi_dataset/data/GCF_979893815.1/GCF_979893815.1_SRL218_genomic.fna --plus -o /home/bacte/bacillus_amr/05_amr/amrfinder_raw/GCF_979893815.1.tsv
Software directory: /home/bacte/miniconda3/envs/amrfinder_env/bin/
Software version: 4.2.7
Database directory: /home/bacte/miniconda3/envs/amrfinder_env/share/amrfinderplus/data/2026-08-07.1
Database version: 2026-08-07.1
AMRFinder translated nucleotide search
  - include -O ORGANISM, --organism ORGANISM option to add mutation searches and suppress common proteins
Running tblastn
Making report
amrfinder took 206 seconds to complete
    OK
[884/1312] GCF_979895345.1
Running: amrfinder -n /home/bacte/bacillus_amr/01_genomes/ncbi_dataset/ncbi_dataset/data/GCF_979895345.1/GCF_979895345.1_SRL215_genomic.fna --plus -o /home/bacte/bacillus_amr/05_amr/amrfinder_raw/GCF_979895345.1.tsv
Software directory: /home/bacte/miniconda3/envs/amrfinder_env/bin/
Software version: 4.2.7
Database directory: /home/bacte/miniconda3/envs/amrfinder_env/share/amrfinderplus/data/2026-08-07.1
Database version: 2026-08-07.1
AMRFinder translated nucleotide search
  - include -O ORGANISM, --organism ORGANISM option to add mutation searches and suppress common proteins
Running tblastn
Making report
amrfinder took 207 seconds to complete
    OK
[885/1312] GCF_979901285.1
Running: amrfinder -n /home/bacte/bacillus_amr/01_genomes/ncbi_dataset/ncbi_dataset/data/GCF_979901285.1/GCF_979901285.1_SRL224_genomic.fna --plus -o /home/bacte/bacillus_amr/05_amr/amrfinder_raw/GCF_979901285.1.tsv
Software directory: /home/bacte/miniconda3/envs/amrfinder_env/bin/
Software version: 4.2.7
Database directory: /home/bacte/miniconda3/envs/amrfinder_env/share/amrfinderplus/data/2026-08-07.1
Database version: 2026-08-07.1
AMRFinder translated nucleotide search
  - include -O ORGANISM, --organism ORGANISM option to add mutation searches and suppress common proteins
Running tblastn
Making report
amrfinder took 209 seconds to complete
    OK
[886/1312] GCF_979908215.1
Running: amrfinder -n /home/bacte/bacillus_amr/01_genomes/ncbi_dataset/ncbi_dataset/data/GCF_979908215.1/GCF_979908215.1_SRL368_genomic.fna --plus -o /home/bacte/bacillus_amr/05_amr/amrfinder_raw/GCF_979908215.1.tsv
Software directory: /home/bacte/miniconda3/envs/amrfinder_env/bin/
Software version: 4.2.7
Database directory: /home/bacte/miniconda3/envs/amrfinder_env/share/amrfinderplus/data/2026-08-07.1
Database version: 2026-08-07.1
AMRFinder translated nucleotide search
  - include -O ORGANISM, --organism ORGANISM option to add mutation searches and suppress common proteins
Running tblastn
Making report
amrfinder took 212 seconds to complete
    OK
[887/1312] GCF_001880125.1
Running: amrfinder -n /home/bacte/bacillus_amr/01_genomes/ncbi_dataset/ncbi_dataset/data/GCF_001880125.1/GCF_001880125.1_ASM188012v1_genomic.fna --plus -o /home/bacte/bacillus_amr/05_amr/amrfinder_raw/GCF_001880125.1.tsv
Software directory: /home/bacte/miniconda3/envs/amrfinder_env/bin/
Software version: 4.2.7
Database directory: /home/bacte/miniconda3/envs/amrfinder_env/share/amrfinderplus/data/2026-08-07.1
Database version: 2026-08-07.1
AMRFinder translated nucleotide search
  - include -O ORGANISM, --organism ORGANISM option to add mutation searches and suppress common proteins
Running tblastn
Making report
amrfinder took 13 seconds to complete
    OK
[888/1312] GCF_002146655.1
Running: amrfinder -n /home/bacte/bacillus_amr/01_genomes/ncbi_dataset/ncbi_dataset/data/GCF_002146655.1/GCF_002146655.1_ASM214665v1_genomic.fna --plus -o /home/bacte/bacillus_amr/05_amr/amrfinder_raw/GCF_002146655.1.tsv
Software directory: /home/bacte/miniconda3/envs/amrfinder_env/bin/
Software version: 4.2.7
Database directory: /home/bacte/miniconda3/envs/amrfinder_env/share/amrfinderplus/data/2026-08-07.1
Database version: 2026-08-07.1
AMRFinder translated nucleotide search
  - include -O ORGANISM, --organism ORGANISM option to add mutation searches and suppress common proteins
Running tblastn
Making report
amrfinder took 35 seconds to complete
    OK
[889/1312] GCF_001275045.2
Running: amrfinder -n /home/bacte/bacillus_amr/01_genomes/ncbi_dataset/ncbi_dataset/data/GCF_001275045.2/GCF_001275045.2_ASM127504v2_genomic.fna --plus -o /home/bacte/bacillus_amr/05_amr/amrfinder_raw/GCF_001275045.2.tsv
Software directory: /home/bacte/miniconda3/envs/amrfinder_env/bin/
Software version: 4.2.7
Database directory: /home/bacte/miniconda3/envs/amrfinder_env/share/amrfinderplus/data/2026-08-07.1
Database version: 2026-08-07.1
AMRFinder translated nucleotide search
  - include -O ORGANISM, --organism ORGANISM option to add mutation searches and suppress common proteins
Running tblastn
Making report
amrfinder took 200 seconds to complete
    OK
[890/1312] GCF_002550355.1
Running: amrfinder -n /home/bacte/bacillus_amr/01_genomes/ncbi_dataset/ncbi_dataset/data/GCF_002550355.1/GCF_002550355.1_ASM255035v1_genomic.fna --plus -o /home/bacte/bacillus_amr/05_amr/amrfinder_raw/GCF_002550355.1.tsv
Software directory: /home/bacte/miniconda3/envs/amrfinder_env/bin/
Software version: 4.2.7
Database directory: /home/bacte/miniconda3/envs/amrfinder_env/share/amrfinderplus/data/2026-08-07.1
Database version: 2026-08-07.1
AMRFinder translated nucleotide search
  - include -O ORGANISM, --organism ORGANISM option to add mutation searches and suppress common proteins
Running tblastn
Making report
amrfinder took 14 seconds to complete
    OK
[891/1312] GCF_002550525.1
Running: amrfinder -n /home/bacte/bacillus_amr/01_genomes/ncbi_dataset/ncbi_dataset/data/GCF_002550525.1/GCF_002550525.1_ASM255052v1_genomic.fna --plus -o /home/bacte/bacillus_amr/05_amr/amrfinder_raw/GCF_002550525.1.tsv
Software directory: /home/bacte/miniconda3/envs/amrfinder_env/bin/
Software version: 4.2.7
Database directory: /home/bacte/miniconda3/envs/amrfinder_env/share/amrfinderplus/data/2026-08-07.1
Database version: 2026-08-07.1
AMRFinder translated nucleotide search
  - include -O ORGANISM, --organism ORGANISM option to add mutation searches and suppress common proteins
Running tblastn
Making report
amrfinder took 23 seconds to complete
    OK
[892/1312] GCF_002550725.1
Running: amrfinder -n /home/bacte/bacillus_amr/01_genomes/ncbi_dataset/ncbi_dataset/data/GCF_002550725.1/GCF_002550725.1_ASM255072v1_genomic.fna --plus -o /home/bacte/bacillus_amr/05_amr/amrfinder_raw/GCF_002550725.1.tsv
Software directory: /home/bacte/miniconda3/envs/amrfinder_env/bin/
Software version: 4.2.7
Database directory: /home/bacte/miniconda3/envs/amrfinder_env/share/amrfinderplus/data/2026-08-07.1
Database version: 2026-08-07.1
AMRFinder translated nucleotide search
  - include -O ORGANISM, --organism ORGANISM option to add mutation searches and suppress common proteins
Running tblastn
Making report
amrfinder took 13 seconds to complete
    OK
[893/1312] GCF_002550925.1
Running: amrfinder -n /home/bacte/bacillus_amr/01_genomes/ncbi_dataset/ncbi_dataset/data/GCF_002550925.1/GCF_002550925.1_ASM255092v1_genomic.fna --plus -o /home/bacte/bacillus_amr/05_amr/amrfinder_raw/GCF_002550925.1.tsv
Software directory: /home/bacte/miniconda3/envs/amrfinder_env/bin/
Software version: 4.2.7
Database directory: /home/bacte/miniconda3/envs/amrfinder_env/share/amrfinderplus/data/2026-08-07.1
Database version: 2026-08-07.1
AMRFinder translated nucleotide search
  - include -O ORGANISM, --organism ORGANISM option to add mutation searches and suppress common proteins
Running tblastn
Making report
amrfinder took 13 seconds to complete
    OK
[894/1312] GCF_002551565.1
Running: amrfinder -n /home/bacte/bacillus_amr/01_genomes/ncbi_dataset/ncbi_dataset/data/GCF_002551565.1/GCF_002551565.1_ASM255156v1_genomic.fna --plus -o /home/bacte/bacillus_amr/05_amr/amrfinder_raw/GCF_002551565.1.tsv
Software directory: /home/bacte/miniconda3/envs/amrfinder_env/bin/
Software version: 4.2.7
Database directory: /home/bacte/miniconda3/envs/amrfinder_env/share/amrfinderplus/data/2026-08-07.1
Database version: 2026-08-07.1
AMRFinder translated nucleotide search
  - include -O ORGANISM, --organism ORGANISM option to add mutation searches and suppress common proteins
Running tblastn
Making report
amrfinder took 13 seconds to complete
    OK
[895/1312] GCF_002551705.1
Running: amrfinder -n /home/bacte/bacillus_amr/01_genomes/ncbi_dataset/ncbi_dataset/data/GCF_002551705.1/GCF_002551705.1_ASM255170v1_genomic.fna --plus -o /home/bacte/bacillus_amr/05_amr/amrfinder_raw/GCF_002551705.1.tsv
Software directory: /home/bacte/miniconda3/envs/amrfinder_env/bin/
Software version: 4.2.7
Database directory: /home/bacte/miniconda3/envs/amrfinder_env/share/amrfinderplus/data/2026-08-07.1
Database version: 2026-08-07.1
AMRFinder translated nucleotide search
  - include -O ORGANISM, --organism ORGANISM option to add mutation searches and suppress common proteins
Running tblastn
Making report
amrfinder took 17 seconds to complete
    OK
[896/1312] GCF_002552055.1
Running: amrfinder -n /home/bacte/bacillus_amr/01_genomes/ncbi_dataset/ncbi_dataset/data/GCF_002552055.1/GCF_002552055.1_ASM255205v1_genomic.fna --plus -o /home/bacte/bacillus_amr/05_amr/amrfinder_raw/GCF_002552055.1.tsv
Software directory: /home/bacte/miniconda3/envs/amrfinder_env/bin/
Software version: 4.2.7
Database directory: /home/bacte/miniconda3/envs/amrfinder_env/share/amrfinderplus/data/2026-08-07.1
Database version: 2026-08-07.1
AMRFinder translated nucleotide search
  - include -O ORGANISM, --organism ORGANISM option to add mutation searches and suppress common proteins
Running tblastn
Making report
amrfinder took 16 seconds to complete
    OK
[897/1312] GCF_002552125.1
Running: amrfinder -n /home/bacte/bacillus_amr/01_genomes/ncbi_dataset/ncbi_dataset/data/GCF_002552125.1/GCF_002552125.1_ASM255212v1_genomic.fna --plus -o /home/bacte/bacillus_amr/05_amr/amrfinder_raw/GCF_002552125.1.tsv
Software directory: /home/bacte/miniconda3/envs/amrfinder_env/bin/
Software version: 4.2.7
Database directory: /home/bacte/miniconda3/envs/amrfinder_env/share/amrfinderplus/data/2026-08-07.1
Database version: 2026-08-07.1
AMRFinder translated nucleotide search
  - include -O ORGANISM, --organism ORGANISM option to add mutation searches and suppress common proteins
Running tblastn
Making report
amrfinder took 20 seconds to complete
    OK
[898/1312] GCF_002552545.1
Running: amrfinder -n /home/bacte/bacillus_amr/01_genomes/ncbi_dataset/ncbi_dataset/data/GCF_002552545.1/GCF_002552545.1_ASM255254v1_genomic.fna --plus -o /home/bacte/bacillus_amr/05_amr/amrfinder_raw/GCF_002552545.1.tsv
Software directory: /home/bacte/miniconda3/envs/amrfinder_env/bin/
Software version: 4.2.7
Database directory: /home/bacte/miniconda3/envs/amrfinder_env/share/amrfinderplus/data/2026-08-07.1
Database version: 2026-08-07.1
AMRFinder translated nucleotide search
  - include -O ORGANISM, --organism ORGANISM option to add mutation searches and suppress common proteins
Running tblastn
Making report
amrfinder took 16 seconds to complete
    OK
[899/1312] GCF_002552615.1
Running: amrfinder -n /home/bacte/bacillus_amr/01_genomes/ncbi_dataset/ncbi_dataset/data/GCF_002552615.1/GCF_002552615.1_ASM255261v1_genomic.fna --plus -o /home/bacte/bacillus_amr/05_amr/amrfinder_raw/GCF_002552615.1.tsv
Software directory: /home/bacte/miniconda3/envs/amrfinder_env/bin/
Software version: 4.2.7
Database directory: /home/bacte/miniconda3/envs/amrfinder_env/share/amrfinderplus/data/2026-08-07.1
Database version: 2026-08-07.1
AMRFinder translated nucleotide search
  - include -O ORGANISM, --organism ORGANISM option to add mutation searches and suppress common proteins
Running tblastn
Making report
amrfinder took 16 seconds to complete
    OK
[900/1312] GCF_002552675.1
Running: amrfinder -n /home/bacte/bacillus_amr/01_genomes/ncbi_dataset/ncbi_dataset/data/GCF_002552675.1/GCF_002552675.1_ASM255267v1_genomic.fna --plus -o /home/bacte/bacillus_amr/05_amr/amrfinder_raw/GCF_002552675.1.tsv
Software directory: /home/bacte/miniconda3/envs/amrfinder_env/bin/
Software version: 4.2.7
Database directory: /home/bacte/miniconda3/envs/amrfinder_env/share/amrfinderplus/data/2026-08-07.1
Database version: 2026-08-07.1
AMRFinder translated nucleotide search
  - include -O ORGANISM, --organism ORGANISM option to add mutation searches and suppress common proteins
Running tblastn
Making report
amrfinder took 21 seconds to complete
    OK
[901/1312] GCF_002552785.1
Running: amrfinder -n /home/bacte/bacillus_amr/01_genomes/ncbi_dataset/ncbi_dataset/data/GCF_002552785.1/GCF_002552785.1_ASM255278v1_genomic.fna --plus -o /home/bacte/bacillus_amr/05_amr/amrfinder_raw/GCF_002552785.1.tsv
Software directory: /home/bacte/miniconda3/envs/amrfinder_env/bin/
Software version: 4.2.7
Database directory: /home/bacte/miniconda3/envs/amrfinder_env/share/amrfinderplus/data/2026-08-07.1
Database version: 2026-08-07.1
AMRFinder translated nucleotide search
  - include -O ORGANISM, --organism ORGANISM option to add mutation searches and suppress common proteins
Running tblastn
Making report
amrfinder took 15 seconds to complete
    OK
[902/1312] GCF_002552975.1
Running: amrfinder -n /home/bacte/bacillus_amr/01_genomes/ncbi_dataset/ncbi_dataset/data/GCF_002552975.1/GCF_002552975.1_ASM255297v1_genomic.fna --plus -o /home/bacte/bacillus_amr/05_amr/amrfinder_raw/GCF_002552975.1.tsv
Software directory: /home/bacte/miniconda3/envs/amrfinder_env/bin/
Software version: 4.2.7
Database directory: /home/bacte/miniconda3/envs/amrfinder_env/share/amrfinderplus/data/2026-08-07.1
Database version: 2026-08-07.1
AMRFinder translated nucleotide search
  - include -O ORGANISM, --organism ORGANISM option to add mutation searches and suppress common proteins
Running tblastn
Making report
amrfinder took 15 seconds to complete
    OK
[903/1312] GCF_002553325.1
Running: amrfinder -n /home/bacte/bacillus_amr/01_genomes/ncbi_dataset/ncbi_dataset/data/GCF_002553325.1/GCF_002553325.1_ASM255332v1_genomic.fna --plus -o /home/bacte/bacillus_amr/05_amr/amrfinder_raw/GCF_002553325.1.tsv
Software directory: /home/bacte/miniconda3/envs/amrfinder_env/bin/
Software version: 4.2.7
Database directory: /home/bacte/miniconda3/envs/amrfinder_env/share/amrfinderplus/data/2026-08-07.1
Database version: 2026-08-07.1
AMRFinder translated nucleotide search
  - include -O ORGANISM, --organism ORGANISM option to add mutation searches and suppress common proteins
Running tblastn
Making report
amrfinder took 24 seconds to complete
    OK
[904/1312] GCF_002553375.1
Running: amrfinder -n /home/bacte/bacillus_amr/01_genomes/ncbi_dataset/ncbi_dataset/data/GCF_002553375.1/GCF_002553375.1_ASM255337v1_genomic.fna --plus -o /home/bacte/bacillus_amr/05_amr/amrfinder_raw/GCF_002553375.1.tsv
Software directory: /home/bacte/miniconda3/envs/amrfinder_env/bin/
Software version: 4.2.7
Database directory: /home/bacte/miniconda3/envs/amrfinder_env/share/amrfinderplus/data/2026-08-07.1
Database version: 2026-08-07.1
AMRFinder translated nucleotide search
  - include -O ORGANISM, --organism ORGANISM option to add mutation searches and suppress common proteins
Running tblastn
Making report
amrfinder took 17 seconds to complete
    OK
[905/1312] GCF_002554865.1
Running: amrfinder -n /home/bacte/bacillus_amr/01_genomes/ncbi_dataset/ncbi_dataset/data/GCF_002554865.1/GCF_002554865.1_ASM255486v1_genomic.fna --plus -o /home/bacte/bacillus_amr/05_amr/amrfinder_raw/GCF_002554865.1.tsv
Software directory: /home/bacte/miniconda3/envs/amrfinder_env/bin/
Software version: 4.2.7
Database directory: /home/bacte/miniconda3/envs/amrfinder_env/share/amrfinderplus/data/2026-08-07.1
Database version: 2026-08-07.1
AMRFinder translated nucleotide search
  - include -O ORGANISM, --organism ORGANISM option to add mutation searches and suppress common proteins
Running tblastn
Making report
amrfinder took 14 seconds to complete
    OK
[906/1312] GCF_002555585.1
Running: amrfinder -n /home/bacte/bacillus_amr/01_genomes/ncbi_dataset/ncbi_dataset/data/GCF_002555585.1/GCF_002555585.1_ASM255558v1_genomic.fna --plus -o /home/bacte/bacillus_amr/05_amr/amrfinder_raw/GCF_002555585.1.tsv
Software directory: /home/bacte/miniconda3/envs/amrfinder_env/bin/
Software version: 4.2.7
Database directory: /home/bacte/miniconda3/envs/amrfinder_env/share/amrfinderplus/data/2026-08-07.1
Database version: 2026-08-07.1
AMRFinder translated nucleotide search
  - include -O ORGANISM, --organism ORGANISM option to add mutation searches and suppress common proteins
Running tblastn
Making report
amrfinder took 13 seconds to complete
    OK
[907/1312] GCF_002555905.1
Running: amrfinder -n /home/bacte/bacillus_amr/01_genomes/ncbi_dataset/ncbi_dataset/data/GCF_002555905.1/GCF_002555905.1_ASM255590v1_genomic.fna --plus -o /home/bacte/bacillus_amr/05_amr/amrfinder_raw/GCF_002555905.1.tsv
Software directory: /home/bacte/miniconda3/envs/amrfinder_env/bin/
Software version: 4.2.7
Database directory: /home/bacte/miniconda3/envs/amrfinder_env/share/amrfinderplus/data/2026-08-07.1
Database version: 2026-08-07.1
AMRFinder translated nucleotide search
  - include -O ORGANISM, --organism ORGANISM option to add mutation searches and suppress common proteins
Running tblastn
Making report
amrfinder took 17 seconds to complete
    OK
[908/1312] GCF_002555915.1
Running: amrfinder -n /home/bacte/bacillus_amr/01_genomes/ncbi_dataset/ncbi_dataset/data/GCF_002555915.1/GCF_002555915.1_ASM255591v1_genomic.fna --plus -o /home/bacte/bacillus_amr/05_amr/amrfinder_raw/GCF_002555915.1.tsv
Software directory: /home/bacte/miniconda3/envs/amrfinder_env/bin/
Software version: 4.2.7
Database directory: /home/bacte/miniconda3/envs/amrfinder_env/share/amrfinderplus/data/2026-08-07.1
Database version: 2026-08-07.1
AMRFinder translated nucleotide search
  - include -O ORGANISM, --organism ORGANISM option to add mutation searches and suppress common proteins
Running tblastn
Making report
amrfinder took 14 seconds to complete
    OK
[909/1312] GCF_002555955.1
Running: amrfinder -n /home/bacte/bacillus_amr/01_genomes/ncbi_dataset/ncbi_dataset/data/GCF_002555955.1/GCF_002555955.1_ASM255595v1_genomic.fna --plus -o /home/bacte/bacillus_amr/05_amr/amrfinder_raw/GCF_002555955.1.tsv
Software directory: /home/bacte/miniconda3/envs/amrfinder_env/bin/
Software version: 4.2.7
Database directory: /home/bacte/miniconda3/envs/amrfinder_env/share/amrfinderplus/data/2026-08-07.1
Database version: 2026-08-07.1
AMRFinder translated nucleotide search
  - include -O ORGANISM, --organism ORGANISM option to add mutation searches and suppress common proteins
Running tblastn
Making report
amrfinder took 19 seconds to complete
    OK
[910/1312] GCF_002556265.1
Running: amrfinder -n /home/bacte/bacillus_amr/01_genomes/ncbi_dataset/ncbi_dataset/data/GCF_002556265.1/GCF_002556265.1_ASM255626v1_genomic.fna --plus -o /home/bacte/bacillus_amr/05_amr/amrfinder_raw/GCF_002556265.1.tsv
Software directory: /home/bacte/miniconda3/envs/amrfinder_env/bin/
Software version: 4.2.7
Database directory: /home/bacte/miniconda3/envs/amrfinder_env/share/amrfinderplus/data/2026-08-07.1
Database version: 2026-08-07.1
AMRFinder translated nucleotide search
  - include -O ORGANISM, --organism ORGANISM option to add mutation searches and suppress common proteins
Running tblastn
Making report
amrfinder took 18 seconds to complete
    OK
[911/1312] GCF_002556885.1
Running: amrfinder -n /home/bacte/bacillus_amr/01_genomes/ncbi_dataset/ncbi_dataset/data/GCF_002556885.1/GCF_002556885.1_ASM255688v1_genomic.fna --plus -o /home/bacte/bacillus_amr/05_amr/amrfinder_raw/GCF_002556885.1.tsv
Software directory: /home/bacte/miniconda3/envs/amrfinder_env/bin/
Software version: 4.2.7
Database directory: /home/bacte/miniconda3/envs/amrfinder_env/share/amrfinderplus/data/2026-08-07.1
Database version: 2026-08-07.1
AMRFinder translated nucleotide search
  - include -O ORGANISM, --organism ORGANISM option to add mutation searches and suppress common proteins
Running tblastn
Making report
amrfinder took 21 seconds to complete
    OK
[912/1312] GCF_002556945.1
Running: amrfinder -n /home/bacte/bacillus_amr/01_genomes/ncbi_dataset/ncbi_dataset/data/GCF_002556945.1/GCF_002556945.1_ASM255694v1_genomic.fna --plus -o /home/bacte/bacillus_amr/05_amr/amrfinder_raw/GCF_002556945.1.tsv
Software directory: /home/bacte/miniconda3/envs/amrfinder_env/bin/
Software version: 4.2.7
Database directory: /home/bacte/miniconda3/envs/amrfinder_env/share/amrfinderplus/data/2026-08-07.1
Database version: 2026-08-07.1
AMRFinder translated nucleotide search
  - include -O ORGANISM, --organism ORGANISM option to add mutation searches and suppress common proteins
Running tblastn
Making report
amrfinder took 19 seconds to complete
    OK
[913/1312] GCF_002556955.1
Running: amrfinder -n /home/bacte/bacillus_amr/01_genomes/ncbi_dataset/ncbi_dataset/data/GCF_002556955.1/GCF_002556955.1_ASM255695v1_genomic.fna --plus -o /home/bacte/bacillus_amr/05_amr/amrfinder_raw/GCF_002556955.1.tsv
Software directory: /home/bacte/miniconda3/envs/amrfinder_env/bin/
Software version: 4.2.7
Database directory: /home/bacte/miniconda3/envs/amrfinder_env/share/amrfinderplus/data/2026-08-07.1
Database version: 2026-08-07.1
AMRFinder translated nucleotide search
  - include -O ORGANISM, --organism ORGANISM option to add mutation searches and suppress common proteins
Running tblastn
Making report
amrfinder took 18 seconds to complete
    OK
[914/1312] GCF_002557045.1
Running: amrfinder -n /home/bacte/bacillus_amr/01_genomes/ncbi_dataset/ncbi_dataset/data/GCF_002557045.1/GCF_002557045.1_ASM255704v1_genomic.fna --plus -o /home/bacte/bacillus_amr/05_amr/amrfinder_raw/GCF_002557045.1.tsv
Software directory: /home/bacte/miniconda3/envs/amrfinder_env/bin/
Software version: 4.2.7
Database directory: /home/bacte/miniconda3/envs/amrfinder_env/share/amrfinderplus/data/2026-08-07.1
Database version: 2026-08-07.1
AMRFinder translated nucleotide search
  - include -O ORGANISM, --organism ORGANISM option to add mutation searches and suppress common proteins
Running tblastn
Making report
amrfinder took 17 seconds to complete
    OK
[915/1312] GCF_002557225.1
Running: amrfinder -n /home/bacte/bacillus_amr/01_genomes/ncbi_dataset/ncbi_dataset/data/GCF_002557225.1/GCF_002557225.1_ASM255722v1_genomic.fna --plus -o /home/bacte/bacillus_amr/05_amr/amrfinder_raw/GCF_002557225.1.tsv
Software directory: /home/bacte/miniconda3/envs/amrfinder_env/bin/
Software version: 4.2.7
Database directory: /home/bacte/miniconda3/envs/amrfinder_env/share/amrfinderplus/data/2026-08-07.1
Database version: 2026-08-07.1
AMRFinder translated nucleotide search
  - include -O ORGANISM, --organism ORGANISM option to add mutation searches and suppress common proteins
Running tblastn
Making report
amrfinder took 13 seconds to complete
    OK
[916/1312] GCF_002557865.1
Running: amrfinder -n /home/bacte/bacillus_amr/01_genomes/ncbi_dataset/ncbi_dataset/data/GCF_002557865.1/GCF_002557865.1_ASM255786v1_genomic.fna --plus -o /home/bacte/bacillus_amr/05_amr/amrfinder_raw/GCF_002557865.1.tsv
Software directory: /home/bacte/miniconda3/envs/amrfinder_env/bin/
Software version: 4.2.7
Database directory: /home/bacte/miniconda3/envs/amrfinder_env/share/amrfinderplus/data/2026-08-07.1
Database version: 2026-08-07.1
AMRFinder translated nucleotide search
  - include -O ORGANISM, --organism ORGANISM option to add mutation searches and suppress common proteins
Running tblastn
Making report
amrfinder took 15 seconds to complete
    OK
[917/1312] GCF_002568725.1
Running: amrfinder -n /home/bacte/bacillus_amr/01_genomes/ncbi_dataset/ncbi_dataset/data/GCF_002568725.1/GCF_002568725.1_ASM256872v1_genomic.fna --plus -o /home/bacte/bacillus_amr/05_amr/amrfinder_raw/GCF_002568725.1.tsv
Software directory: /home/bacte/miniconda3/envs/amrfinder_env/bin/
Software version: 4.2.7
Database directory: /home/bacte/miniconda3/envs/amrfinder_env/share/amrfinderplus/data/2026-08-07.1
Database version: 2026-08-07.1
AMRFinder translated nucleotide search
  - include -O ORGANISM, --organism ORGANISM option to add mutation searches and suppress common proteins
Running tblastn
Making report
amrfinder took 13 seconds to complete
    OK
[918/1312] GCF_002568745.1
Running: amrfinder -n /home/bacte/bacillus_amr/01_genomes/ncbi_dataset/ncbi_dataset/data/GCF_002568745.1/GCF_002568745.1_ASM256874v1_genomic.fna --plus -o /home/bacte/bacillus_amr/05_amr/amrfinder_raw/GCF_002568745.1.tsv
Software directory: /home/bacte/miniconda3/envs/amrfinder_env/bin/
Software version: 4.2.7
Database directory: /home/bacte/miniconda3/envs/amrfinder_env/share/amrfinderplus/data/2026-08-07.1
Database version: 2026-08-07.1
AMRFinder translated nucleotide search
  - include -O ORGANISM, --organism ORGANISM option to add mutation searches and suppress common proteins
Running tblastn
Making report
amrfinder took 18 seconds to complete
    OK
[919/1312] GCF_002568825.1
Running: amrfinder -n /home/bacte/bacillus_amr/01_genomes/ncbi_dataset/ncbi_dataset/data/GCF_002568825.1/GCF_002568825.1_ASM256882v1_genomic.fna --plus -o /home/bacte/bacillus_amr/05_amr/amrfinder_raw/GCF_002568825.1.tsv
Software directory: /home/bacte/miniconda3/envs/amrfinder_env/bin/
Software version: 4.2.7
Database directory: /home/bacte/miniconda3/envs/amrfinder_env/share/amrfinderplus/data/2026-08-07.1
Database version: 2026-08-07.1
AMRFinder translated nucleotide search
  - include -O ORGANISM, --organism ORGANISM option to add mutation searches and suppress common proteins
Running tblastn
Making report
amrfinder took 19 seconds to complete
    OK
[920/1312] GCF_002569035.1
Running: amrfinder -n /home/bacte/bacillus_amr/01_genomes/ncbi_dataset/ncbi_dataset/data/GCF_002569035.1/GCF_002569035.1_ASM256903v1_genomic.fna --plus -o /home/bacte/bacillus_amr/05_amr/amrfinder_raw/GCF_002569035.1.tsv
Software directory: /home/bacte/miniconda3/envs/amrfinder_env/bin/
Software version: 4.2.7
Database directory: /home/bacte/miniconda3/envs/amrfinder_env/share/amrfinderplus/data/2026-08-07.1
Database version: 2026-08-07.1
AMRFinder translated nucleotide search
  - include -O ORGANISM, --organism ORGANISM option to add mutation searches and suppress common proteins
Running tblastn
Making report
amrfinder took 17 seconds to complete
    OK
[921/1312] GCF_002569175.1
Running: amrfinder -n /home/bacte/bacillus_amr/01_genomes/ncbi_dataset/ncbi_dataset/data/GCF_002569175.1/GCF_002569175.1_ASM256917v1_genomic.fna --plus -o /home/bacte/bacillus_amr/05_amr/amrfinder_raw/GCF_002569175.1.tsv
Software directory: /home/bacte/miniconda3/envs/amrfinder_env/bin/
Software version: 4.2.7
Database directory: /home/bacte/miniconda3/envs/amrfinder_env/share/amrfinderplus/data/2026-08-07.1
Database version: 2026-08-07.1
AMRFinder translated nucleotide search
  - include -O ORGANISM, --organism ORGANISM option to add mutation searches and suppress common proteins
Running tblastn
Making report
amrfinder took 16 seconds to complete
    OK
[922/1312] GCF_002569295.1
Running: amrfinder -n /home/bacte/bacillus_amr/01_genomes/ncbi_dataset/ncbi_dataset/data/GCF_002569295.1/GCF_002569295.1_ASM256929v1_genomic.fna --plus -o /home/bacte/bacillus_amr/05_amr/amrfinder_raw/GCF_002569295.1.tsv
Software directory: /home/bacte/miniconda3/envs/amrfinder_env/bin/
Software version: 4.2.7
Database directory: /home/bacte/miniconda3/envs/amrfinder_env/share/amrfinderplus/data/2026-08-07.1
Database version: 2026-08-07.1
AMRFinder translated nucleotide search
  - include -O ORGANISM, --organism ORGANISM option to add mutation searches and suppress common proteins
Running tblastn
Making report
amrfinder took 18 seconds to complete
    OK
[923/1312] GCF_002569325.1
Running: amrfinder -n /home/bacte/bacillus_amr/01_genomes/ncbi_dataset/ncbi_dataset/data/GCF_002569325.1/GCF_002569325.1_ASM256932v1_genomic.fna --plus -o /home/bacte/bacillus_amr/05_amr/amrfinder_raw/GCF_002569325.1.tsv
Software directory: /home/bacte/miniconda3/envs/amrfinder_env/bin/
Software version: 4.2.7
Database directory: /home/bacte/miniconda3/envs/amrfinder_env/share/amrfinderplus/data/2026-08-07.1
Database version: 2026-08-07.1
AMRFinder translated nucleotide search
  - include -O ORGANISM, --organism ORGANISM option to add mutation searches and suppress common proteins
Running tblastn
Making report
amrfinder took 17 seconds to complete
    OK
[924/1312] GCF_002569465.1
Running: amrfinder -n /home/bacte/bacillus_amr/01_genomes/ncbi_dataset/ncbi_dataset/data/GCF_002569465.1/GCF_002569465.1_ASM256946v1_genomic.fna --plus -o /home/bacte/bacillus_amr/05_amr/amrfinder_raw/GCF_002569465.1.tsv
Software directory: /home/bacte/miniconda3/envs/amrfinder_env/bin/
Software version: 4.2.7
Database directory: /home/bacte/miniconda3/envs/amrfinder_env/share/amrfinderplus/data/2026-08-07.1
Database version: 2026-08-07.1
AMRFinder translated nucleotide search
  - include -O ORGANISM, --organism ORGANISM option to add mutation searches and suppress common proteins
Running tblastn
Making report
amrfinder took 16 seconds to complete
    OK
[925/1312] GCF_002569835.1
Running: amrfinder -n /home/bacte/bacillus_amr/01_genomes/ncbi_dataset/ncbi_dataset/data/GCF_002569835.1/GCF_002569835.1_ASM256983v1_genomic.fna --plus -o /home/bacte/bacillus_amr/05_amr/amrfinder_raw/GCF_002569835.1.tsv
Software directory: /home/bacte/miniconda3/envs/amrfinder_env/bin/
Software version: 4.2.7
Database directory: /home/bacte/miniconda3/envs/amrfinder_env/share/amrfinderplus/data/2026-08-07.1
Database version: 2026-08-07.1
AMRFinder translated nucleotide search
  - include -O ORGANISM, --organism ORGANISM option to add mutation searches and suppress common proteins
Running tblastn
Making report
amrfinder took 15 seconds to complete
    OK
[926/1312] GCF_002569895.1
Running: amrfinder -n /home/bacte/bacillus_amr/01_genomes/ncbi_dataset/ncbi_dataset/data/GCF_002569895.1/GCF_002569895.1_ASM256989v1_genomic.fna --plus -o /home/bacte/bacillus_amr/05_amr/amrfinder_raw/GCF_002569895.1.tsv
Software directory: /home/bacte/miniconda3/envs/amrfinder_env/bin/
Software version: 4.2.7
Database directory: /home/bacte/miniconda3/envs/amrfinder_env/share/amrfinderplus/data/2026-08-07.1
Database version: 2026-08-07.1
AMRFinder translated nucleotide search
  - include -O ORGANISM, --organism ORGANISM option to add mutation searches and suppress common proteins
Running tblastn
Making report
amrfinder took 18 seconds to complete
    OK
[927/1312] GCF_002570065.1
Running: amrfinder -n /home/bacte/bacillus_amr/01_genomes/ncbi_dataset/ncbi_dataset/data/GCF_002570065.1/GCF_002570065.1_ASM257006v1_genomic.fna --plus -o /home/bacte/bacillus_amr/05_amr/amrfinder_raw/GCF_002570065.1.tsv
Software directory: /home/bacte/miniconda3/envs/amrfinder_env/bin/
Software version: 4.2.7
Database directory: /home/bacte/miniconda3/envs/amrfinder_env/share/amrfinderplus/data/2026-08-07.1
Database version: 2026-08-07.1
AMRFinder translated nucleotide search
  - include -O ORGANISM, --organism ORGANISM option to add mutation searches and suppress common proteins
Running tblastn
Making report
amrfinder took 13 seconds to complete
    OK
[928/1312] GCF_002570105.1
Running: amrfinder -n /home/bacte/bacillus_amr/01_genomes/ncbi_dataset/ncbi_dataset/data/GCF_002570105.1/GCF_002570105.1_ASM257010v1_genomic.fna --plus -o /home/bacte/bacillus_amr/05_amr/amrfinder_raw/GCF_002570105.1.tsv
Software directory: /home/bacte/miniconda3/envs/amrfinder_env/bin/
Software version: 4.2.7
Database directory: /home/bacte/miniconda3/envs/amrfinder_env/share/amrfinderplus/data/2026-08-07.1
Database version: 2026-08-07.1
AMRFinder translated nucleotide search
  - include -O ORGANISM, --organism ORGANISM option to add mutation searches and suppress common proteins
Running tblastn
Making report
amrfinder took 15 seconds to complete
    OK
[929/1312] GCF_002570115.1
Running: amrfinder -n /home/bacte/bacillus_amr/01_genomes/ncbi_dataset/ncbi_dataset/data/GCF_002570115.1/GCF_002570115.1_ASM257011v1_genomic.fna --plus -o /home/bacte/bacillus_amr/05_amr/amrfinder_raw/GCF_002570115.1.tsv
Software directory: /home/bacte/miniconda3/envs/amrfinder_env/bin/
Software version: 4.2.7
Database directory: /home/bacte/miniconda3/envs/amrfinder_env/share/amrfinderplus/data/2026-08-07.1
Database version: 2026-08-07.1
AMRFinder translated nucleotide search
  - include -O ORGANISM, --organism ORGANISM option to add mutation searches and suppress common proteins
Running tblastn
Making report
amrfinder took 24 seconds to complete
    OK
[930/1312] GCF_002570155.1
Running: amrfinder -n /home/bacte/bacillus_amr/01_genomes/ncbi_dataset/ncbi_dataset/data/GCF_002570155.1/GCF_002570155.1_ASM257015v1_genomic.fna --plus -o /home/bacte/bacillus_amr/05_amr/amrfinder_raw/GCF_002570155.1.tsv
Software directory: /home/bacte/miniconda3/envs/amrfinder_env/bin/
Software version: 4.2.7
Database directory: /home/bacte/miniconda3/envs/amrfinder_env/share/amrfinderplus/data/2026-08-07.1
Database version: 2026-08-07.1
AMRFinder translated nucleotide search
  - include -O ORGANISM, --organism ORGANISM option to add mutation searches and suppress common proteins
Running tblastn
Making report
amrfinder took 22 seconds to complete
    OK
[931/1312] GCF_002570165.1
Running: amrfinder -n /home/bacte/bacillus_amr/01_genomes/ncbi_dataset/ncbi_dataset/data/GCF_002570165.1/GCF_002570165.1_ASM257016v1_genomic.fna --plus -o /home/bacte/bacillus_amr/05_amr/amrfinder_raw/GCF_002570165.1.tsv
Software directory: /home/bacte/miniconda3/envs/amrfinder_env/bin/
Software version: 4.2.7
Database directory: /home/bacte/miniconda3/envs/amrfinder_env/share/amrfinderplus/data/2026-08-07.1
Database version: 2026-08-07.1
AMRFinder translated nucleotide search
  - include -O ORGANISM, --organism ORGANISM option to add mutation searches and suppress common proteins
Running tblastn
Making report
amrfinder took 16 seconds to complete
    OK
[932/1312] GCF_002570345.1
Running: amrfinder -n /home/bacte/bacillus_amr/01_genomes/ncbi_dataset/ncbi_dataset/data/GCF_002570345.1/GCF_002570345.1_ASM257034v1_genomic.fna --plus -o /home/bacte/bacillus_amr/05_amr/amrfinder_raw/GCF_002570345.1.tsv
Software directory: /home/bacte/miniconda3/envs/amrfinder_env/bin/
Software version: 4.2.7
Database directory: /home/bacte/miniconda3/envs/amrfinder_env/share/amrfinderplus/data/2026-08-07.1
Database version: 2026-08-07.1
AMRFinder translated nucleotide search
  - include -O ORGANISM, --organism ORGANISM option to add mutation searches and suppress common proteins
Running tblastn
Making report
amrfinder took 29 seconds to complete
    OK
[933/1312] GCF_002570385.1
Running: amrfinder -n /home/bacte/bacillus_amr/01_genomes/ncbi_dataset/ncbi_dataset/data/GCF_002570385.1/GCF_002570385.1_ASM257038v1_genomic.fna --plus -o /home/bacte/bacillus_amr/05_amr/amrfinder_raw/GCF_002570385.1.tsv
Software directory: /home/bacte/miniconda3/envs/amrfinder_env/bin/
Software version: 4.2.7
Database directory: /home/bacte/miniconda3/envs/amrfinder_env/share/amrfinderplus/data/2026-08-07.1
Database version: 2026-08-07.1
AMRFinder translated nucleotide search
  - include -O ORGANISM, --organism ORGANISM option to add mutation searches and suppress common proteins
Running tblastn
Making report
amrfinder took 17 seconds to complete
    OK
[934/1312] GCF_002570405.1
Running: amrfinder -n /home/bacte/bacillus_amr/01_genomes/ncbi_dataset/ncbi_dataset/data/GCF_002570405.1/GCF_002570405.1_ASM257040v1_genomic.fna --plus -o /home/bacte/bacillus_amr/05_amr/amrfinder_raw/GCF_002570405.1.tsv
Software directory: /home/bacte/miniconda3/envs/amrfinder_env/bin/
Software version: 4.2.7
Database directory: /home/bacte/miniconda3/envs/amrfinder_env/share/amrfinderplus/data/2026-08-07.1
Database version: 2026-08-07.1
AMRFinder translated nucleotide search
  - include -O ORGANISM, --organism ORGANISM option to add mutation searches and suppress common proteins
Running tblastn
Making report
amrfinder took 19 seconds to complete
    OK
[935/1312] GCF_002571435.1
Running: amrfinder -n /home/bacte/bacillus_amr/01_genomes/ncbi_dataset/ncbi_dataset/data/GCF_002571435.1/GCF_002571435.1_ASM257143v1_genomic.fna --plus -o /home/bacte/bacillus_amr/05_amr/amrfinder_raw/GCF_002571435.1.tsv
Software directory: /home/bacte/miniconda3/envs/amrfinder_env/bin/
Software version: 4.2.7
Database directory: /home/bacte/miniconda3/envs/amrfinder_env/share/amrfinderplus/data/2026-08-07.1
Database version: 2026-08-07.1
AMRFinder translated nucleotide search
  - include -O ORGANISM, --organism ORGANISM option to add mutation searches and suppress common proteins
Running tblastn
Making report
amrfinder took 19 seconds to complete
    OK
[936/1312] GCF_002571675.1
Running: amrfinder -n /home/bacte/bacillus_amr/01_genomes/ncbi_dataset/ncbi_dataset/data/GCF_002571675.1/GCF_002571675.1_ASM257167v1_genomic.fna --plus -o /home/bacte/bacillus_amr/05_amr/amrfinder_raw/GCF_002571675.1.tsv
Software directory: /home/bacte/miniconda3/envs/amrfinder_env/bin/
Software version: 4.2.7
Database directory: /home/bacte/miniconda3/envs/amrfinder_env/share/amrfinderplus/data/2026-08-07.1
Database version: 2026-08-07.1
AMRFinder translated nucleotide search
  - include -O ORGANISM, --organism ORGANISM option to add mutation searches and suppress common proteins
Running tblastn
Making report
amrfinder took 19 seconds to complete
    OK
[937/1312] GCF_002571825.1
Running: amrfinder -n /home/bacte/bacillus_amr/01_genomes/ncbi_dataset/ncbi_dataset/data/GCF_002571825.1/GCF_002571825.1_ASM257182v1_genomic.fna --plus -o /home/bacte/bacillus_amr/05_amr/amrfinder_raw/GCF_002571825.1.tsv
Software directory: /home/bacte/miniconda3/envs/amrfinder_env/bin/
Software version: 4.2.7
Database directory: /home/bacte/miniconda3/envs/amrfinder_env/share/amrfinderplus/data/2026-08-07.1
Database version: 2026-08-07.1
AMRFinder translated nucleotide search
  - include -O ORGANISM, --organism ORGANISM option to add mutation searches and suppress common proteins
Running tblastn
Making report
amrfinder took 16 seconds to complete
    OK
[938/1312] GCF_002572005.1
Running: amrfinder -n /home/bacte/bacillus_amr/01_genomes/ncbi_dataset/ncbi_dataset/data/GCF_002572005.1/GCF_002572005.1_ASM257200v1_genomic.fna --plus -o /home/bacte/bacillus_amr/05_amr/amrfinder_raw/GCF_002572005.1.tsv
Software directory: /home/bacte/miniconda3/envs/amrfinder_env/bin/
Software version: 4.2.7
Database directory: /home/bacte/miniconda3/envs/amrfinder_env/share/amrfinderplus/data/2026-08-07.1
Database version: 2026-08-07.1
AMRFinder translated nucleotide search
  - include -O ORGANISM, --organism ORGANISM option to add mutation searches and suppress common proteins
Running tblastn
Making report
amrfinder took 16 seconds to complete
    OK
[939/1312] GCF_002572035.1
Running: amrfinder -n /home/bacte/bacillus_amr/01_genomes/ncbi_dataset/ncbi_dataset/data/GCF_002572035.1/GCF_002572035.1_ASM257203v1_genomic.fna --plus -o /home/bacte/bacillus_amr/05_amr/amrfinder_raw/GCF_002572035.1.tsv
Software directory: /home/bacte/miniconda3/envs/amrfinder_env/bin/
Software version: 4.2.7
Database directory: /home/bacte/miniconda3/envs/amrfinder_env/share/amrfinderplus/data/2026-08-07.1
Database version: 2026-08-07.1
AMRFinder translated nucleotide search
  - include -O ORGANISM, --organism ORGANISM option to add mutation searches and suppress common proteins
Running tblastn
Making report
amrfinder took 22 seconds to complete
    OK
[940/1312] GCF_002572235.1
Running: amrfinder -n /home/bacte/bacillus_amr/01_genomes/ncbi_dataset/ncbi_dataset/data/GCF_002572235.1/GCF_002572235.1_ASM257223v1_genomic.fna --plus -o /home/bacte/bacillus_amr/05_amr/amrfinder_raw/GCF_002572235.1.tsv
Software directory: /home/bacte/miniconda3/envs/amrfinder_env/bin/
Software version: 4.2.7
Database directory: /home/bacte/miniconda3/envs/amrfinder_env/share/amrfinderplus/data/2026-08-07.1
Database version: 2026-08-07.1
AMRFinder translated nucleotide search
  - include -O ORGANISM, --organism ORGANISM option to add mutation searches and suppress common proteins
Running tblastn
Making report
amrfinder took 13 seconds to complete
    OK
[941/1312] GCF_002572245.1
Running: amrfinder -n /home/bacte/bacillus_amr/01_genomes/ncbi_dataset/ncbi_dataset/data/GCF_002572245.1/GCF_002572245.1_ASM257224v1_genomic.fna --plus -o /home/bacte/bacillus_amr/05_amr/amrfinder_raw/GCF_002572245.1.tsv
Software directory: /home/bacte/miniconda3/envs/amrfinder_env/bin/
Software version: 4.2.7
Database directory: /home/bacte/miniconda3/envs/amrfinder_env/share/amrfinderplus/data/2026-08-07.1
Database version: 2026-08-07.1
AMRFinder translated nucleotide search
  - include -O ORGANISM, --organism ORGANISM option to add mutation searches and suppress common proteins
Running tblastn
Making report
amrfinder took 12 seconds to complete
    OK
[942/1312] GCF_002572415.1
Running: amrfinder -n /home/bacte/bacillus_amr/01_genomes/ncbi_dataset/ncbi_dataset/data/GCF_002572415.1/GCF_002572415.1_ASM257241v1_genomic.fna --plus -o /home/bacte/bacillus_amr/05_amr/amrfinder_raw/GCF_002572415.1.tsv
Software directory: /home/bacte/miniconda3/envs/amrfinder_env/bin/
Software version: 4.2.7
Database directory: /home/bacte/miniconda3/envs/amrfinder_env/share/amrfinderplus/data/2026-08-07.1
Database version: 2026-08-07.1
AMRFinder translated nucleotide search
  - include -O ORGANISM, --organism ORGANISM option to add mutation searches and suppress common proteins
Running tblastn
Making report
amrfinder took 20 seconds to complete
    OK
[943/1312] GCF_002572455.1
Running: amrfinder -n /home/bacte/bacillus_amr/01_genomes/ncbi_dataset/ncbi_dataset/data/GCF_002572455.1/GCF_002572455.1_ASM257245v1_genomic.fna --plus -o /home/bacte/bacillus_amr/05_amr/amrfinder_raw/GCF_002572455.1.tsv
Software directory: /home/bacte/miniconda3/envs/amrfinder_env/bin/
Software version: 4.2.7
Database directory: /home/bacte/miniconda3/envs/amrfinder_env/share/amrfinderplus/data/2026-08-07.1
Database version: 2026-08-07.1
AMRFinder translated nucleotide search
  - include -O ORGANISM, --organism ORGANISM option to add mutation searches and suppress common proteins
Running tblastn
Making report
amrfinder took 17 seconds to complete
    OK
[944/1312] GCF_002579775.1
Running: amrfinder -n /home/bacte/bacillus_amr/01_genomes/ncbi_dataset/ncbi_dataset/data/GCF_002579775.1/GCF_002579775.1_ASM257977v1_genomic.fna --plus -o /home/bacte/bacillus_amr/05_amr/amrfinder_raw/GCF_002579775.1.tsv
Software directory: /home/bacte/miniconda3/envs/amrfinder_env/bin/
Software version: 4.2.7
Database directory: /home/bacte/miniconda3/envs/amrfinder_env/share/amrfinderplus/data/2026-08-07.1
Database version: 2026-08-07.1
AMRFinder translated nucleotide search
  - include -O ORGANISM, --organism ORGANISM option to add mutation searches and suppress common proteins
Running tblastn
Making report
amrfinder took 19 seconds to complete
    OK
[945/1312] GCF_002579895.1
Running: amrfinder -n /home/bacte/bacillus_amr/01_genomes/ncbi_dataset/ncbi_dataset/data/GCF_002579895.1/GCF_002579895.1_ASM257989v1_genomic.fna --plus -o /home/bacte/bacillus_amr/05_amr/amrfinder_raw/GCF_002579895.1.tsv
Software directory: /home/bacte/miniconda3/envs/amrfinder_env/bin/
Software version: 4.2.7
Database directory: /home/bacte/miniconda3/envs/amrfinder_env/share/amrfinderplus/data/2026-08-07.1
Database version: 2026-08-07.1
AMRFinder translated nucleotide search
  - include -O ORGANISM, --organism ORGANISM option to add mutation searches and suppress common proteins
Running tblastn
Making report
amrfinder took 17 seconds to complete
    OK
[946/1312] GCF_002580575.1
Running: amrfinder -n /home/bacte/bacillus_amr/01_genomes/ncbi_dataset/ncbi_dataset/data/GCF_002580575.1/GCF_002580575.1_ASM258057v1_genomic.fna --plus -o /home/bacte/bacillus_amr/05_amr/amrfinder_raw/GCF_002580575.1.tsv
Software directory: /home/bacte/miniconda3/envs/amrfinder_env/bin/
Software version: 4.2.7
Database directory: /home/bacte/miniconda3/envs/amrfinder_env/share/amrfinderplus/data/2026-08-07.1
Database version: 2026-08-07.1
AMRFinder translated nucleotide search
  - include -O ORGANISM, --organism ORGANISM option to add mutation searches and suppress common proteins
Running tblastn
Making report
amrfinder took 13 seconds to complete
    OK
[947/1312] GCF_002580895.1
Running: amrfinder -n /home/bacte/bacillus_amr/01_genomes/ncbi_dataset/ncbi_dataset/data/GCF_002580895.1/GCF_002580895.1_ASM258089v1_genomic.fna --plus -o /home/bacte/bacillus_amr/05_amr/amrfinder_raw/GCF_002580895.1.tsv
Software directory: /home/bacte/miniconda3/envs/amrfinder_env/bin/
Software version: 4.2.7
Database directory: /home/bacte/miniconda3/envs/amrfinder_env/share/amrfinderplus/data/2026-08-07.1
Database version: 2026-08-07.1
AMRFinder translated nucleotide search
  - include -O ORGANISM, --organism ORGANISM option to add mutation searches and suppress common proteins
Running tblastn
Making report
amrfinder took 17 seconds to complete
    OK
[948/1312] GCF_002580975.1
Running: amrfinder -n /home/bacte/bacillus_amr/01_genomes/ncbi_dataset/ncbi_dataset/data/GCF_002580975.1/GCF_002580975.1_ASM258097v1_genomic.fna --plus -o /home/bacte/bacillus_amr/05_amr/amrfinder_raw/GCF_002580975.1.tsv
Software directory: /home/bacte/miniconda3/envs/amrfinder_env/bin/
Software version: 4.2.7
Database directory: /home/bacte/miniconda3/envs/amrfinder_env/share/amrfinderplus/data/2026-08-07.1
Database version: 2026-08-07.1
AMRFinder translated nucleotide search
  - include -O ORGANISM, --organism ORGANISM option to add mutation searches and suppress common proteins
Running tblastn
Making report
amrfinder took 13 seconds to complete
    OK
[949/1312] GCF_002581125.1
Running: amrfinder -n /home/bacte/bacillus_amr/01_genomes/ncbi_dataset/ncbi_dataset/data/GCF_002581125.1/GCF_002581125.1_ASM258112v1_genomic.fna --plus -o /home/bacte/bacillus_amr/05_amr/amrfinder_raw/GCF_002581125.1.tsv
Software directory: /home/bacte/miniconda3/envs/amrfinder_env/bin/
Software version: 4.2.7
Database directory: /home/bacte/miniconda3/envs/amrfinder_env/share/amrfinderplus/data/2026-08-07.1
Database version: 2026-08-07.1
AMRFinder translated nucleotide search
  - include -O ORGANISM, --organism ORGANISM option to add mutation searches and suppress common proteins
Running tblastn
Making report
amrfinder took 16 seconds to complete
    OK
[950/1312] GCF_002581205.1
Running: amrfinder -n /home/bacte/bacillus_amr/01_genomes/ncbi_dataset/ncbi_dataset/data/GCF_002581205.1/GCF_002581205.1_ASM258120v1_genomic.fna --plus -o /home/bacte/bacillus_amr/05_amr/amrfinder_raw/GCF_002581205.1.tsv
Software directory: /home/bacte/miniconda3/envs/amrfinder_env/bin/
Software version: 4.2.7
Database directory: /home/bacte/miniconda3/envs/amrfinder_env/share/amrfinderplus/data/2026-08-07.1
Database version: 2026-08-07.1
AMRFinder translated nucleotide search
  - include -O ORGANISM, --organism ORGANISM option to add mutation searches and suppress common proteins
Running tblastn
Making report
amrfinder took 17 seconds to complete
    OK
[951/1312] GCF_002581675.1
Running: amrfinder -n /home/bacte/bacillus_amr/01_genomes/ncbi_dataset/ncbi_dataset/data/GCF_002581675.1/GCF_002581675.1_ASM258167v1_genomic.fna --plus -o /home/bacte/bacillus_amr/05_amr/amrfinder_raw/GCF_002581675.1.tsv
Software directory: /home/bacte/miniconda3/envs/amrfinder_env/bin/
Software version: 4.2.7
Database directory: /home/bacte/miniconda3/envs/amrfinder_env/share/amrfinderplus/data/2026-08-07.1
Database version: 2026-08-07.1
AMRFinder translated nucleotide search
  - include -O ORGANISM, --organism ORGANISM option to add mutation searches and suppress common proteins
Running tblastn
Making report
amrfinder took 16 seconds to complete
    OK
[952/1312] GCF_002581955.1
Running: amrfinder -n /home/bacte/bacillus_amr/01_genomes/ncbi_dataset/ncbi_dataset/data/GCF_002581955.1/GCF_002581955.1_ASM258195v1_genomic.fna --plus -o /home/bacte/bacillus_amr/05_amr/amrfinder_raw/GCF_002581955.1.tsv
Software directory: /home/bacte/miniconda3/envs/amrfinder_env/bin/
Software version: 4.2.7
Database directory: /home/bacte/miniconda3/envs/amrfinder_env/share/amrfinderplus/data/2026-08-07.1
Database version: 2026-08-07.1
AMRFinder translated nucleotide search
  - include -O ORGANISM, --organism ORGANISM option to add mutation searches and suppress common proteins
Running tblastn
Making report
amrfinder took 30 seconds to complete
    OK
[953/1312] GCF_002582025.1
Running: amrfinder -n /home/bacte/bacillus_amr/01_genomes/ncbi_dataset/ncbi_dataset/data/GCF_002582025.1/GCF_002582025.1_ASM258202v1_genomic.fna --plus -o /home/bacte/bacillus_amr/05_amr/amrfinder_raw/GCF_002582025.1.tsv
Software directory: /home/bacte/miniconda3/envs/amrfinder_env/bin/
Software version: 4.2.7
Database directory: /home/bacte/miniconda3/envs/amrfinder_env/share/amrfinderplus/data/2026-08-07.1
Database version: 2026-08-07.1
AMRFinder translated nucleotide search
  - include -O ORGANISM, --organism ORGANISM option to add mutation searches and suppress common proteins
Running tblastn
Making report
amrfinder took 13 seconds to complete
    OK
[954/1312] GCF_002582715.1
Running: amrfinder -n /home/bacte/bacillus_amr/01_genomes/ncbi_dataset/ncbi_dataset/data/GCF_002582715.1/GCF_002582715.1_ASM258271v1_genomic.fna --plus -o /home/bacte/bacillus_amr/05_amr/amrfinder_raw/GCF_002582715.1.tsv
Software directory: /home/bacte/miniconda3/envs/amrfinder_env/bin/
Software version: 4.2.7
Database directory: /home/bacte/miniconda3/envs/amrfinder_env/share/amrfinderplus/data/2026-08-07.1
Database version: 2026-08-07.1
AMRFinder translated nucleotide search
  - include -O ORGANISM, --organism ORGANISM option to add mutation searches and suppress common proteins
Running tblastn
Making report
amrfinder took 16 seconds to complete
    OK
[955/1312] GCF_002585395.1
Running: amrfinder -n /home/bacte/bacillus_amr/01_genomes/ncbi_dataset/ncbi_dataset/data/GCF_002585395.1/GCF_002585395.1_ASM258539v1_genomic.fna --plus -o /home/bacte/bacillus_amr/05_amr/amrfinder_raw/GCF_002585395.1.tsv
Software directory: /home/bacte/miniconda3/envs/amrfinder_env/bin/
Software version: 4.2.7
Database directory: /home/bacte/miniconda3/envs/amrfinder_env/share/amrfinderplus/data/2026-08-07.1
Database version: 2026-08-07.1
AMRFinder translated nucleotide search
  - include -O ORGANISM, --organism ORGANISM option to add mutation searches and suppress common proteins
Running tblastn
Making report
amrfinder took 16 seconds to complete
    OK
[956/1312] GCF_002588695.1
Running: amrfinder -n /home/bacte/bacillus_amr/01_genomes/ncbi_dataset/ncbi_dataset/data/GCF_002588695.1/GCF_002588695.1_ASM258869v1_genomic.fna --plus -o /home/bacte/bacillus_amr/05_amr/amrfinder_raw/GCF_002588695.1.tsv
Software directory: /home/bacte/miniconda3/envs/amrfinder_env/bin/
Software version: 4.2.7
Database directory: /home/bacte/miniconda3/envs/amrfinder_env/share/amrfinderplus/data/2026-08-07.1
Database version: 2026-08-07.1
AMRFinder translated nucleotide search
  - include -O ORGANISM, --organism ORGANISM option to add mutation searches and suppress common proteins
Running tblastn
Making report
amrfinder took 16 seconds to complete
    OK
[957/1312] GCF_002589195.1
Running: amrfinder -n /home/bacte/bacillus_amr/01_genomes/ncbi_dataset/ncbi_dataset/data/GCF_002589195.1/GCF_002589195.1_ASM258919v1_genomic.fna --plus -o /home/bacte/bacillus_amr/05_amr/amrfinder_raw/GCF_002589195.1.tsv
Software directory: /home/bacte/miniconda3/envs/amrfinder_env/bin/
Software version: 4.2.7
Database directory: /home/bacte/miniconda3/envs/amrfinder_env/share/amrfinderplus/data/2026-08-07.1
Database version: 2026-08-07.1
AMRFinder translated nucleotide search
  - include -O ORGANISM, --organism ORGANISM option to add mutation searches and suppress common proteins
Running tblastn
Making report
amrfinder took 16 seconds to complete
    OK
[958/1312] GCF_002589295.1
Running: amrfinder -n /home/bacte/bacillus_amr/01_genomes/ncbi_dataset/ncbi_dataset/data/GCF_002589295.1/GCF_002589295.1_ASM258929v1_genomic.fna --plus -o /home/bacte/bacillus_amr/05_amr/amrfinder_raw/GCF_002589295.1.tsv
Software directory: /home/bacte/miniconda3/envs/amrfinder_env/bin/
Software version: 4.2.7
Database directory: /home/bacte/miniconda3/envs/amrfinder_env/share/amrfinderplus/data/2026-08-07.1
Database version: 2026-08-07.1
AMRFinder translated nucleotide search
  - include -O ORGANISM, --organism ORGANISM option to add mutation searches and suppress common proteins
Running tblastn
Making report
amrfinder took 17 seconds to complete
    OK
[959/1312] GCF_002589305.1
Running: amrfinder -n /home/bacte/bacillus_amr/01_genomes/ncbi_dataset/ncbi_dataset/data/GCF_002589305.1/GCF_002589305.1_ASM258930v1_genomic.fna --plus -o /home/bacte/bacillus_amr/05_amr/amrfinder_raw/GCF_002589305.1.tsv
Software directory: /home/bacte/miniconda3/envs/amrfinder_env/bin/
Software version: 4.2.7
Database directory: /home/bacte/miniconda3/envs/amrfinder_env/share/amrfinderplus/data/2026-08-07.1
Database version: 2026-08-07.1
AMRFinder translated nucleotide search
  - include -O ORGANISM, --organism ORGANISM option to add mutation searches and suppress common proteins
Running tblastn
Making report
amrfinder took 12 seconds to complete
    OK
[960/1312] GCF_036962425.1
Running: amrfinder -n /home/bacte/bacillus_amr/01_genomes/ncbi_dataset/ncbi_dataset/data/GCF_036962425.1/GCF_036962425.1_ASM3696242v1_genomic.fna --plus -o /home/bacte/bacillus_amr/05_amr/amrfinder_raw/GCF_036962425.1.tsv
Software directory: /home/bacte/miniconda3/envs/amrfinder_env/bin/
Software version: 4.2.7
Database directory: /home/bacte/miniconda3/envs/amrfinder_env/share/amrfinderplus/data/2026-08-07.1
Database version: 2026-08-07.1
AMRFinder translated nucleotide search
  - include -O ORGANISM, --organism ORGANISM option to add mutation searches and suppress common proteins
Running tblastn
Making report
amrfinder took 13 seconds to complete
    OK
[961/1312] GCF_036962565.1
Running: amrfinder -n /home/bacte/bacillus_amr/01_genomes/ncbi_dataset/ncbi_dataset/data/GCF_036962565.1/GCF_036962565.1_ASM3696256v1_genomic.fna --plus -o /home/bacte/bacillus_amr/05_amr/amrfinder_raw/GCF_036962565.1.tsv
Software directory: /home/bacte/miniconda3/envs/amrfinder_env/bin/
Software version: 4.2.7
Database directory: /home/bacte/miniconda3/envs/amrfinder_env/share/amrfinderplus/data/2026-08-07.1
Database version: 2026-08-07.1
AMRFinder translated nucleotide search
  - include -O ORGANISM, --organism ORGANISM option to add mutation searches and suppress common proteins
Running tblastn
Making report
amrfinder took 11 seconds to complete
    OK
[962/1312] GCF_036964965.1
Running: amrfinder -n /home/bacte/bacillus_amr/01_genomes/ncbi_dataset/ncbi_dataset/data/GCF_036964965.1/GCF_036964965.1_ASM3696496v1_genomic.fna --plus -o /home/bacte/bacillus_amr/05_amr/amrfinder_raw/GCF_036964965.1.tsv
Software directory: /home/bacte/miniconda3/envs/amrfinder_env/bin/
Software version: 4.2.7
Database directory: /home/bacte/miniconda3/envs/amrfinder_env/share/amrfinderplus/data/2026-08-07.1
Database version: 2026-08-07.1
AMRFinder translated nucleotide search
  - include -O ORGANISM, --organism ORGANISM option to add mutation searches and suppress common proteins
Running tblastn
Making report
amrfinder took 11 seconds to complete
    OK
[963/1312] GCF_036966245.1
Running: amrfinder -n /home/bacte/bacillus_amr/01_genomes/ncbi_dataset/ncbi_dataset/data/GCF_036966245.1/GCF_036966245.1_ASM3696624v1_genomic.fna --plus -o /home/bacte/bacillus_amr/05_amr/amrfinder_raw/GCF_036966245.1.tsv
Software directory: /home/bacte/miniconda3/envs/amrfinder_env/bin/
Software version: 4.2.7
Database directory: /home/bacte/miniconda3/envs/amrfinder_env/share/amrfinderplus/data/2026-08-07.1
Database version: 2026-08-07.1
AMRFinder translated nucleotide search
  - include -O ORGANISM, --organism ORGANISM option to add mutation searches and suppress common proteins
Running tblastn
Making report
amrfinder took 13 seconds to complete
    OK
[964/1312] GCF_036966425.1
Running: amrfinder -n /home/bacte/bacillus_amr/01_genomes/ncbi_dataset/ncbi_dataset/data/GCF_036966425.1/GCF_036966425.1_ASM3696642v1_genomic.fna --plus -o /home/bacte/bacillus_amr/05_amr/amrfinder_raw/GCF_036966425.1.tsv
Software directory: /home/bacte/miniconda3/envs/amrfinder_env/bin/
Software version: 4.2.7
Database directory: /home/bacte/miniconda3/envs/amrfinder_env/share/amrfinderplus/data/2026-08-07.1
Database version: 2026-08-07.1
AMRFinder translated nucleotide search
  - include -O ORGANISM, --organism ORGANISM option to add mutation searches and suppress common proteins
Running tblastn
Making report
amrfinder took 11 seconds to complete
    OK
[965/1312] GCF_036966465.1
Running: amrfinder -n /home/bacte/bacillus_amr/01_genomes/ncbi_dataset/ncbi_dataset/data/GCF_036966465.1/GCF_036966465.1_ASM3696646v1_genomic.fna --plus -o /home/bacte/bacillus_amr/05_amr/amrfinder_raw/GCF_036966465.1.tsv
Software directory: /home/bacte/miniconda3/envs/amrfinder_env/bin/
Software version: 4.2.7
Database directory: /home/bacte/miniconda3/envs/amrfinder_env/share/amrfinderplus/data/2026-08-07.1
Database version: 2026-08-07.1
AMRFinder translated nucleotide search
  - include -O ORGANISM, --organism ORGANISM option to add mutation searches and suppress common proteins
Running tblastn
Making report
amrfinder took 12 seconds to complete
    OK
[966/1312] GCF_040492355.1
Running: amrfinder -n /home/bacte/bacillus_amr/01_genomes/ncbi_dataset/ncbi_dataset/data/GCF_040492355.1/GCF_040492355.1_ASM4049235v1_genomic.fna --plus -o /home/bacte/bacillus_amr/05_amr/amrfinder_raw/GCF_040492355.1.tsv
Software directory: /home/bacte/miniconda3/envs/amrfinder_env/bin/
Software version: 4.2.7
Database directory: /home/bacte/miniconda3/envs/amrfinder_env/share/amrfinderplus/data/2026-08-07.1
Database version: 2026-08-07.1
AMRFinder translated nucleotide search
  - include -O ORGANISM, --organism ORGANISM option to add mutation searches and suppress common proteins
Running tblastn
Making report
amrfinder took 12 seconds to complete
    OK
[967/1312] GCF_042863285.1
Running: amrfinder -n /home/bacte/bacillus_amr/01_genomes/ncbi_dataset/ncbi_dataset/data/GCF_042863285.1/GCF_042863285.1_ASM4286328v1_genomic.fna --plus -o /home/bacte/bacillus_amr/05_amr/amrfinder_raw/GCF_042863285.1.tsv
Software directory: /home/bacte/miniconda3/envs/amrfinder_env/bin/
Software version: 4.2.7
Database directory: /home/bacte/miniconda3/envs/amrfinder_env/share/amrfinderplus/data/2026-08-07.1
Database version: 2026-08-07.1
AMRFinder translated nucleotide search
  - include -O ORGANISM, --organism ORGANISM option to add mutation searches and suppress common proteins
Running tblastn
Making report
amrfinder took 30 seconds to complete
    OK
[968/1312] GCF_053570865.1
Running: amrfinder -n /home/bacte/bacillus_amr/01_genomes/ncbi_dataset/ncbi_dataset/data/GCF_053570865.1/GCF_053570865.1_ASM5357086v1_genomic.fna --plus -o /home/bacte/bacillus_amr/05_amr/amrfinder_raw/GCF_053570865.1.tsv
Software directory: /home/bacte/miniconda3/envs/amrfinder_env/bin/
Software version: 4.2.7
Database directory: /home/bacte/miniconda3/envs/amrfinder_env/share/amrfinderplus/data/2026-08-07.1
Database version: 2026-08-07.1
AMRFinder translated nucleotide search
  - include -O ORGANISM, --organism ORGANISM option to add mutation searches and suppress common proteins
Running tblastn
Making report
amrfinder took 19 seconds to complete
    OK
[969/1312] GCF_056491305.1
Running: amrfinder -n /home/bacte/bacillus_amr/01_genomes/ncbi_dataset/ncbi_dataset/data/GCF_056491305.1/GCF_056491305.1_ASM5649130v1_genomic.fna --plus -o /home/bacte/bacillus_amr/05_amr/amrfinder_raw/GCF_056491305.1.tsv
Software directory: /home/bacte/miniconda3/envs/amrfinder_env/bin/
Software version: 4.2.7
Database directory: /home/bacte/miniconda3/envs/amrfinder_env/share/amrfinderplus/data/2026-08-07.1
Database version: 2026-08-07.1
AMRFinder translated nucleotide search
  - include -O ORGANISM, --organism ORGANISM option to add mutation searches and suppress common proteins
Running tblastn
Making report
amrfinder took 206 seconds to complete
    OK
[970/1312] GCF_056491345.1
Running: amrfinder -n /home/bacte/bacillus_amr/01_genomes/ncbi_dataset/ncbi_dataset/data/GCF_056491345.1/GCF_056491345.1_ASM5649134v1_genomic.fna --plus -o /home/bacte/bacillus_amr/05_amr/amrfinder_raw/GCF_056491345.1.tsv
Software directory: /home/bacte/miniconda3/envs/amrfinder_env/bin/
Software version: 4.2.7
Database directory: /home/bacte/miniconda3/envs/amrfinder_env/share/amrfinderplus/data/2026-08-07.1
Database version: 2026-08-07.1
AMRFinder translated nucleotide search
  - include -O ORGANISM, --organism ORGANISM option to add mutation searches and suppress common proteins
Running tblastn
Making report
amrfinder took 214 seconds to complete
    OK
[971/1312] GCF_056491365.1
Running: amrfinder -n /home/bacte/bacillus_amr/01_genomes/ncbi_dataset/ncbi_dataset/data/GCF_056491365.1/GCF_056491365.1_ASM5649136v1_genomic.fna --plus -o /home/bacte/bacillus_amr/05_amr/amrfinder_raw/GCF_056491365.1.tsv
Software directory: /home/bacte/miniconda3/envs/amrfinder_env/bin/
Software version: 4.2.7
Database directory: /home/bacte/miniconda3/envs/amrfinder_env/share/amrfinderplus/data/2026-08-07.1
Database version: 2026-08-07.1
AMRFinder translated nucleotide search
  - include -O ORGANISM, --organism ORGANISM option to add mutation searches and suppress common proteins
Running tblastn
Making report
amrfinder took 214 seconds to complete
    OK
[972/1312] GCF_056491385.1
Running: amrfinder -n /home/bacte/bacillus_amr/01_genomes/ncbi_dataset/ncbi_dataset/data/GCF_056491385.1/GCF_056491385.1_ASM5649138v1_genomic.fna --plus -o /home/bacte/bacillus_amr/05_amr/amrfinder_raw/GCF_056491385.1.tsv
Software directory: /home/bacte/miniconda3/envs/amrfinder_env/bin/
Software version: 4.2.7
Database directory: /home/bacte/miniconda3/envs/amrfinder_env/share/amrfinderplus/data/2026-08-07.1
Database version: 2026-08-07.1
AMRFinder translated nucleotide search
  - include -O ORGANISM, --organism ORGANISM option to add mutation searches and suppress common proteins
Running tblastn
Making report
amrfinder took 211 seconds to complete
    OK
[973/1312] GCF_056491405.1
Running: amrfinder -n /home/bacte/bacillus_amr/01_genomes/ncbi_dataset/ncbi_dataset/data/GCF_056491405.1/GCF_056491405.1_ASM5649140v1_genomic.fna --plus -o /home/bacte/bacillus_amr/05_amr/amrfinder_raw/GCF_056491405.1.tsv
Software directory: /home/bacte/miniconda3/envs/amrfinder_env/bin/
Software version: 4.2.7
Database directory: /home/bacte/miniconda3/envs/amrfinder_env/share/amrfinderplus/data/2026-08-07.1
Database version: 2026-08-07.1
AMRFinder translated nucleotide search
  - include -O ORGANISM, --organism ORGANISM option to add mutation searches and suppress common proteins
Running tblastn
Making report
amrfinder took 179 seconds to complete
    OK
[974/1312] GCF_057814315.1
Running: amrfinder -n /home/bacte/bacillus_amr/01_genomes/ncbi_dataset/ncbi_dataset/data/GCF_057814315.1/GCF_057814315.1_ASM5781431v1_genomic.fna --plus -o /home/bacte/bacillus_amr/05_amr/amrfinder_raw/GCF_057814315.1.tsv
Software directory: /home/bacte/miniconda3/envs/amrfinder_env/bin/
Software version: 4.2.7
Database directory: /home/bacte/miniconda3/envs/amrfinder_env/share/amrfinderplus/data/2026-08-07.1
Database version: 2026-08-07.1
AMRFinder translated nucleotide search
  - include -O ORGANISM, --organism ORGANISM option to add mutation searches and suppress common proteins
Running tblastn
Making report
amrfinder took 25 seconds to complete
    OK
[975/1312] GCF_006349645.1
Running: amrfinder -n /home/bacte/bacillus_amr/01_genomes/ncbi_dataset/ncbi_dataset/data/GCF_006349645.1/GCF_006349645.1_ASM634964v1_genomic.fna --plus -o /home/bacte/bacillus_amr/05_amr/amrfinder_raw/GCF_006349645.1.tsv
Software directory: /home/bacte/miniconda3/envs/amrfinder_env/bin/
Software version: 4.2.7
Database directory: /home/bacte/miniconda3/envs/amrfinder_env/share/amrfinderplus/data/2026-08-07.1
Database version: 2026-08-07.1
AMRFinder translated nucleotide search
  - include -O ORGANISM, --organism ORGANISM option to add mutation searches and suppress common proteins
Running tblastn
Making report
amrfinder took 16 seconds to complete
    OK
[976/1312] GCF_020667855.1
Running: amrfinder -n /home/bacte/bacillus_amr/01_genomes/ncbi_dataset/ncbi_dataset/data/GCF_020667855.1/GCF_020667855.1_ASM2066785v1_genomic.fna --plus -o /home/bacte/bacillus_amr/05_amr/amrfinder_raw/GCF_020667855.1.tsv
Software directory: /home/bacte/miniconda3/envs/amrfinder_env/bin/
Software version: 4.2.7
Database directory: /home/bacte/miniconda3/envs/amrfinder_env/share/amrfinderplus/data/2026-08-07.1
Database version: 2026-08-07.1
AMRFinder translated nucleotide search
  - include -O ORGANISM, --organism ORGANISM option to add mutation searches and suppress common proteins
Running tblastn
Making report
amrfinder took 135 seconds to complete
    OK
[977/1312] GCF_037414965.1
Running: amrfinder -n /home/bacte/bacillus_amr/01_genomes/ncbi_dataset/ncbi_dataset/data/GCF_037414965.1/GCF_037414965.1_ASM3741496v1_genomic.fna --plus -o /home/bacte/bacillus_amr/05_amr/amrfinder_raw/GCF_037414965.1.tsv
Software directory: /home/bacte/miniconda3/envs/amrfinder_env/bin/
Software version: 4.2.7
Database directory: /home/bacte/miniconda3/envs/amrfinder_env/share/amrfinderplus/data/2026-08-07.1
Database version: 2026-08-07.1
AMRFinder translated nucleotide search
  - include -O ORGANISM, --organism ORGANISM option to add mutation searches and suppress common proteins
Running tblastn
Making report
amrfinder took 26 seconds to complete
    OK
[978/1312] GCF_050464625.1
Running: amrfinder -n /home/bacte/bacillus_amr/01_genomes/ncbi_dataset/ncbi_dataset/data/GCF_050464625.1/GCF_050464625.1_ASM5046462v1_genomic.fna --plus -o /home/bacte/bacillus_amr/05_amr/amrfinder_raw/GCF_050464625.1.tsv
Software directory: /home/bacte/miniconda3/envs/amrfinder_env/bin/
Software version: 4.2.7
Database directory: /home/bacte/miniconda3/envs/amrfinder_env/share/amrfinderplus/data/2026-08-07.1
Database version: 2026-08-07.1
AMRFinder translated nucleotide search
  - include -O ORGANISM, --organism ORGANISM option to add mutation searches and suppress common proteins
Running tblastn
Making report
amrfinder took 9 seconds to complete
    OK
[979/1312] GCF_056775555.1
Running: amrfinder -n /home/bacte/bacillus_amr/01_genomes/ncbi_dataset/ncbi_dataset/data/GCF_056775555.1/GCF_056775555.1_ASM5677555v1_genomic.fna --plus -o /home/bacte/bacillus_amr/05_amr/amrfinder_raw/GCF_056775555.1.tsv
Software directory: /home/bacte/miniconda3/envs/amrfinder_env/bin/
Software version: 4.2.7
Database directory: /home/bacte/miniconda3/envs/amrfinder_env/share/amrfinderplus/data/2026-08-07.1
Database version: 2026-08-07.1
AMRFinder translated nucleotide search
  - include -O ORGANISM, --organism ORGANISM option to add mutation searches and suppress common proteins
Running tblastn
Making report
amrfinder took 36 seconds to complete
    OK
[980/1312] GCF_057321065.1
Running: amrfinder -n /home/bacte/bacillus_amr/01_genomes/ncbi_dataset/ncbi_dataset/data/GCF_057321065.1/GCF_057321065.1_ASM5732106v1_genomic.fna --plus -o /home/bacte/bacillus_amr/05_amr/amrfinder_raw/GCF_057321065.1.tsv
Software directory: /home/bacte/miniconda3/envs/amrfinder_env/bin/
Software version: 4.2.7
Database directory: /home/bacte/miniconda3/envs/amrfinder_env/share/amrfinderplus/data/2026-08-07.1
Database version: 2026-08-07.1
AMRFinder translated nucleotide search
  - include -O ORGANISM, --organism ORGANISM option to add mutation searches and suppress common proteins
Running tblastn
Making report
amrfinder took 68 seconds to complete
    OK
[981/1312] GCF_982398145.1
Running: amrfinder -n /home/bacte/bacillus_amr/01_genomes/ncbi_dataset/ncbi_dataset/data/GCF_982398145.1/GCF_982398145.1_MHES12_v1_genomic.fna --plus -o /home/bacte/bacillus_amr/05_amr/amrfinder_raw/GCF_982398145.1.tsv
Software directory: /home/bacte/miniconda3/envs/amrfinder_env/bin/
Software version: 4.2.7
Database directory: /home/bacte/miniconda3/envs/amrfinder_env/share/amrfinderplus/data/2026-08-07.1
Database version: 2026-08-07.1
AMRFinder translated nucleotide search
  - include -O ORGANISM, --organism ORGANISM option to add mutation searches and suppress common proteins
Running tblastn
Making report
amrfinder took 69 seconds to complete
    OK
[982/1312] GCF_023920485.1
Running: amrfinder -n /home/bacte/bacillus_amr/01_genomes/ncbi_dataset/ncbi_dataset/data/GCF_023920485.1/GCF_023920485.1_ASM2392048v1_genomic.fna --plus -o /home/bacte/bacillus_amr/05_amr/amrfinder_raw/GCF_023920485.1.tsv
Software directory: /home/bacte/miniconda3/envs/amrfinder_env/bin/
Software version: 4.2.7
Database directory: /home/bacte/miniconda3/envs/amrfinder_env/share/amrfinderplus/data/2026-08-07.1
Database version: 2026-08-07.1
AMRFinder translated nucleotide search
  - include -O ORGANISM, --organism ORGANISM option to add mutation searches and suppress common proteins
Running tblastn
Making report
amrfinder took 84 seconds to complete
    OK
[983/1312] GCF_000786145.2
Running: amrfinder -n /home/bacte/bacillus_amr/01_genomes/ncbi_dataset/ncbi_dataset/data/GCF_000786145.2/GCF_000786145.2_ASM78614v2_genomic.fna --plus -o /home/bacte/bacillus_amr/05_amr/amrfinder_raw/GCF_000786145.2.tsv
Software directory: /home/bacte/miniconda3/envs/amrfinder_env/bin/
Software version: 4.2.7
Database directory: /home/bacte/miniconda3/envs/amrfinder_env/share/amrfinderplus/data/2026-08-07.1
Database version: 2026-08-07.1
AMRFinder translated nucleotide search
  - include -O ORGANISM, --organism ORGANISM option to add mutation searches and suppress common proteins
Running tblastn
Making report
amrfinder took 18 seconds to complete
    OK
[984/1312] GCF_000833005.1
Running: amrfinder -n /home/bacte/bacillus_amr/01_genomes/ncbi_dataset/ncbi_dataset/data/GCF_000833005.1/GCF_000833005.1_ASM83300v1_genomic.fna --plus -o /home/bacte/bacillus_amr/05_amr/amrfinder_raw/GCF_000833005.1.tsv
Software directory: /home/bacte/miniconda3/envs/amrfinder_env/bin/
Software version: 4.2.7
Database directory: /home/bacte/miniconda3/envs/amrfinder_env/share/amrfinderplus/data/2026-08-07.1
Database version: 2026-08-07.1
AMRFinder translated nucleotide search
  - include -O ORGANISM, --organism ORGANISM option to add mutation searches and suppress common proteins
Running tblastn
Making report
amrfinder took 71 seconds to complete
    OK
[985/1312] GCF_000875875.2
Running: amrfinder -n /home/bacte/bacillus_amr/01_genomes/ncbi_dataset/ncbi_dataset/data/GCF_000875875.2/GCF_000875875.2_ASM87587v2_genomic.fna --plus -o /home/bacte/bacillus_amr/05_amr/amrfinder_raw/GCF_000875875.2.tsv
Software directory: /home/bacte/miniconda3/envs/amrfinder_env/bin/
Software version: 4.2.7
Database directory: /home/bacte/miniconda3/envs/amrfinder_env/share/amrfinderplus/data/2026-08-07.1
Database version: 2026-08-07.1
AMRFinder translated nucleotide search
  - include -O ORGANISM, --organism ORGANISM option to add mutation searches and suppress common proteins
Running tblastn
Making report
amrfinder took 78 seconds to complete
    OK
[986/1312] GCF_000960265.2
Running: amrfinder -n /home/bacte/bacillus_amr/01_genomes/ncbi_dataset/ncbi_dataset/data/GCF_000960265.2/GCF_000960265.2_ASM96026v2_genomic.fna --plus -o /home/bacte/bacillus_amr/05_amr/amrfinder_raw/GCF_000960265.2.tsv
Software directory: /home/bacte/miniconda3/envs/amrfinder_env/bin/
Software version: 4.2.7
Database directory: /home/bacte/miniconda3/envs/amrfinder_env/share/amrfinderplus/data/2026-08-07.1
Database version: 2026-08-07.1
AMRFinder translated nucleotide search
  - include -O ORGANISM, --organism ORGANISM option to add mutation searches and suppress common proteins
Running tblastn
Making report
amrfinder took 15 seconds to complete
    OK
[987/1312] GCF_001023595.1
Running: amrfinder -n /home/bacte/bacillus_amr/01_genomes/ncbi_dataset/ncbi_dataset/data/GCF_001023595.1/GCF_001023595.1_ASM102359v1_genomic.fna --plus -o /home/bacte/bacillus_amr/05_amr/amrfinder_raw/GCF_001023595.1.tsv
Software directory: /home/bacte/miniconda3/envs/amrfinder_env/bin/
Software version: 4.2.7
Database directory: /home/bacte/miniconda3/envs/amrfinder_env/share/amrfinderplus/data/2026-08-07.1
Database version: 2026-08-07.1
AMRFinder translated nucleotide search
  - include -O ORGANISM, --organism ORGANISM option to add mutation searches and suppress common proteins
Running tblastn
Making report
amrfinder took 60 seconds to complete
    OK
[988/1312] GCF_001175005.1
Running: amrfinder -n /home/bacte/bacillus_amr/01_genomes/ncbi_dataset/ncbi_dataset/data/GCF_001175005.1/GCF_001175005.1_Co1-6_genomic.fna --plus -o /home/bacte/bacillus_amr/05_amr/amrfinder_raw/GCF_001175005.1.tsv
Software directory: /home/bacte/miniconda3/envs/amrfinder_env/bin/
Software version: 4.2.7
Database directory: /home/bacte/miniconda3/envs/amrfinder_env/share/amrfinderplus/data/2026-08-07.1
Database version: 2026-08-07.1
AMRFinder translated nucleotide search
  - include -O ORGANISM, --organism ORGANISM option to add mutation searches and suppress common proteins
Running tblastn
Making report
amrfinder took 76 seconds to complete
    OK
[989/1312] GCF_001461835.1
Running: amrfinder -n /home/bacte/bacillus_amr/01_genomes/ncbi_dataset/ncbi_dataset/data/GCF_001461835.1/GCF_001461835.1_ASM146183v1_genomic.fna --plus -o /home/bacte/bacillus_amr/05_amr/amrfinder_raw/GCF_001461835.1.tsv
Software directory: /home/bacte/miniconda3/envs/amrfinder_env/bin/
Software version: 4.2.7
Database directory: /home/bacte/miniconda3/envs/amrfinder_env/share/amrfinderplus/data/2026-08-07.1
Database version: 2026-08-07.1
AMRFinder translated nucleotide search
  - include -O ORGANISM, --organism ORGANISM option to add mutation searches and suppress common proteins
Running tblastn
Making report
amrfinder took 20 seconds to complete
    OK
[990/1312] GCF_001469675.1
Running: amrfinder -n /home/bacte/bacillus_amr/01_genomes/ncbi_dataset/ncbi_dataset/data/GCF_001469675.1/GCF_001469675.1_ASM146967v1_genomic.fna --plus -o /home/bacte/bacillus_amr/05_amr/amrfinder_raw/GCF_001469675.1.tsv
Software directory: /home/bacte/miniconda3/envs/amrfinder_env/bin/
Software version: 4.2.7
Database directory: /home/bacte/miniconda3/envs/amrfinder_env/share/amrfinderplus/data/2026-08-07.1
Database version: 2026-08-07.1
AMRFinder translated nucleotide search
  - include -O ORGANISM, --organism ORGANISM option to add mutation searches and suppress common proteins
Running tblastn
Making report
amrfinder took 55 seconds to complete
    OK
[991/1312] GCF_001517185.1
Running: amrfinder -n /home/bacte/bacillus_amr/01_genomes/ncbi_dataset/ncbi_dataset/data/GCF_001517185.1/GCF_001517185.1_ASM151718v1_genomic.fna --plus -o /home/bacte/bacillus_amr/05_amr/amrfinder_raw/GCF_001517185.1.tsv
Software directory: /home/bacte/miniconda3/envs/amrfinder_env/bin/
Software version: 4.2.7
Database directory: /home/bacte/miniconda3/envs/amrfinder_env/share/amrfinderplus/data/2026-08-07.1
Database version: 2026-08-07.1
AMRFinder translated nucleotide search
  - include -O ORGANISM, --organism ORGANISM option to add mutation searches and suppress common proteins
Running tblastn
Making report
amrfinder took 21 seconds to complete
    OK
[992/1312] GCF_001593395.2
Running: amrfinder -n /home/bacte/bacillus_amr/01_genomes/ncbi_dataset/ncbi_dataset/data/GCF_001593395.2/GCF_001593395.2_ASM159339v2_genomic.fna --plus -o /home/bacte/bacillus_amr/05_amr/amrfinder_raw/GCF_001593395.2.tsv
Software directory: /home/bacte/miniconda3/envs/amrfinder_env/bin/
Software version: 4.2.7
Database directory: /home/bacte/miniconda3/envs/amrfinder_env/share/amrfinderplus/data/2026-08-07.1
Database version: 2026-08-07.1
AMRFinder translated nucleotide search
  - include -O ORGANISM, --organism ORGANISM option to add mutation searches and suppress common proteins
Running tblastn
Making report
amrfinder took 78 seconds to complete
    OK
[993/1312] GCF_001685645.1
Running: amrfinder -n /home/bacte/bacillus_amr/01_genomes/ncbi_dataset/ncbi_dataset/data/GCF_001685645.1/GCF_001685645.1_ASM168564v1_genomic.fna --plus -o /home/bacte/bacillus_amr/05_amr/amrfinder_raw/GCF_001685645.1.tsv
Software directory: /home/bacte/miniconda3/envs/amrfinder_env/bin/
Software version: 4.2.7
Database directory: /home/bacte/miniconda3/envs/amrfinder_env/share/amrfinderplus/data/2026-08-07.1
Database version: 2026-08-07.1
AMRFinder translated nucleotide search
  - include -O ORGANISM, --organism ORGANISM option to add mutation searches and suppress common proteins
Running tblastn
Making report
amrfinder took 75 seconds to complete
    OK
[994/1312] GCF_002072695.1
Running: amrfinder -n /home/bacte/bacillus_amr/01_genomes/ncbi_dataset/ncbi_dataset/data/GCF_002072695.1/GCF_002072695.1_ASM207269v1_genomic.fna --plus -o /home/bacte/bacillus_amr/05_amr/amrfinder_raw/GCF_002072695.1.tsv
Software directory: /home/bacte/miniconda3/envs/amrfinder_env/bin/
Software version: 4.2.7
Database directory: /home/bacte/miniconda3/envs/amrfinder_env/share/amrfinderplus/data/2026-08-07.1
Database version: 2026-08-07.1
AMRFinder translated nucleotide search
  - include -O ORGANISM, --organism ORGANISM option to add mutation searches and suppress common proteins
Running tblastn
Making report
amrfinder took 71 seconds to complete
    OK
[995/1312] GCF_002105595.1
Running: amrfinder -n /home/bacte/bacillus_amr/01_genomes/ncbi_dataset/ncbi_dataset/data/GCF_002105595.1/GCF_002105595.1_ASM210559v1_genomic.fna --plus -o /home/bacte/bacillus_amr/05_amr/amrfinder_raw/GCF_002105595.1.tsv
Software directory: /home/bacte/miniconda3/envs/amrfinder_env/bin/
Software version: 4.2.7
Database directory: /home/bacte/miniconda3/envs/amrfinder_env/share/amrfinderplus/data/2026-08-07.1
Database version: 2026-08-07.1
AMRFinder translated nucleotide search
  - include -O ORGANISM, --organism ORGANISM option to add mutation searches and suppress common proteins
Running tblastn
Making report
amrfinder took 74 seconds to complete
    OK
[996/1312] GCF_002117165.1
Running: amrfinder -n /home/bacte/bacillus_amr/01_genomes/ncbi_dataset/ncbi_dataset/data/GCF_002117165.1/GCF_002117165.1_ASM211716v1_genomic.fna --plus -o /home/bacte/bacillus_amr/05_amr/amrfinder_raw/GCF_002117165.1.tsv
Software directory: /home/bacte/miniconda3/envs/amrfinder_env/bin/
Software version: 4.2.7
Database directory: /home/bacte/miniconda3/envs/amrfinder_env/share/amrfinderplus/data/2026-08-07.1
Database version: 2026-08-07.1
AMRFinder translated nucleotide search
  - include -O ORGANISM, --organism ORGANISM option to add mutation searches and suppress common proteins
Running tblastn
Making report
amrfinder took 78 seconds to complete
    OK
[997/1312] GCF_002192235.1
Running: amrfinder -n /home/bacte/bacillus_amr/01_genomes/ncbi_dataset/ncbi_dataset/data/GCF_002192235.1/GCF_002192235.1_ASM219223v1_genomic.fna --plus -o /home/bacte/bacillus_amr/05_amr/amrfinder_raw/GCF_002192235.1.tsv
Software directory: /home/bacte/miniconda3/envs/amrfinder_env/bin/
Software version: 4.2.7
Database directory: /home/bacte/miniconda3/envs/amrfinder_env/share/amrfinderplus/data/2026-08-07.1
Database version: 2026-08-07.1
AMRFinder translated nucleotide search
  - include -O ORGANISM, --organism ORGANISM option to add mutation searches and suppress common proteins
Running tblastn
Making report
amrfinder took 73 seconds to complete
    OK
[998/1312] GCF_002204665.1
Running: amrfinder -n /home/bacte/bacillus_amr/01_genomes/ncbi_dataset/ncbi_dataset/data/GCF_002204665.1/GCF_002204665.1_ASM220466v1_genomic.fna --plus -o /home/bacte/bacillus_amr/05_amr/amrfinder_raw/GCF_002204665.1.tsv
Software directory: /home/bacte/miniconda3/envs/amrfinder_env/bin/
Software version: 4.2.7
Database directory: /home/bacte/miniconda3/envs/amrfinder_env/share/amrfinderplus/data/2026-08-07.1
Database version: 2026-08-07.1
AMRFinder translated nucleotide search
  - include -O ORGANISM, --organism ORGANISM option to add mutation searches and suppress common proteins
Running tblastn
Making report
amrfinder took 23 seconds to complete
    OK
[999/1312] GCF_002205715.1
Running: amrfinder -n /home/bacte/bacillus_amr/01_genomes/ncbi_dataset/ncbi_dataset/data/GCF_002205715.1/GCF_002205715.1_ASM220571v1_genomic.fna --plus -o /home/bacte/bacillus_amr/05_amr/amrfinder_raw/GCF_002205715.1.tsv
Software directory: /home/bacte/miniconda3/envs/amrfinder_env/bin/
Software version: 4.2.7
Database directory: /home/bacte/miniconda3/envs/amrfinder_env/share/amrfinderplus/data/2026-08-07.1
Database version: 2026-08-07.1
AMRFinder translated nucleotide search
  - include -O ORGANISM, --organism ORGANISM option to add mutation searches and suppress common proteins
Running tblastn
Making report
amrfinder took 76 seconds to complete
    OK
[1000/1312] GCF_002216755.1
Running: amrfinder -n /home/bacte/bacillus_amr/01_genomes/ncbi_dataset/ncbi_dataset/data/GCF_002216755.1/GCF_002216755.1_ASM221675v1_genomic.fna --plus -o /home/bacte/bacillus_amr/05_amr/amrfinder_raw/GCF_002216755.1.tsv
Software directory: /home/bacte/miniconda3/envs/amrfinder_env/bin/
Software version: 4.2.7
Database directory: /home/bacte/miniconda3/envs/amrfinder_env/share/amrfinderplus/data/2026-08-07.1
Database version: 2026-08-07.1
AMRFinder translated nucleotide search
  - include -O ORGANISM, --organism ORGANISM option to add mutation searches and suppress common proteins
Running tblastn
Making report
amrfinder took 73 seconds to complete
    OK
[1001/1312] GCF_002835205.1
Running: amrfinder -n /home/bacte/bacillus_amr/01_genomes/ncbi_dataset/ncbi_dataset/data/GCF_002835205.1/GCF_002835205.1_ASM283520v1_genomic.fna --plus -o /home/bacte/bacillus_amr/05_amr/amrfinder_raw/GCF_002835205.1.tsv
Software directory: /home/bacte/miniconda3/envs/amrfinder_env/bin/
Software version: 4.2.7
Database directory: /home/bacte/miniconda3/envs/amrfinder_env/share/amrfinderplus/data/2026-08-07.1
Database version: 2026-08-07.1
AMRFinder translated nucleotide search
  - include -O ORGANISM, --organism ORGANISM option to add mutation searches and suppress common proteins
Running tblastn
Making report
amrfinder took 39 seconds to complete
    OK
[1002/1312] GCF_003012025.1
Running: amrfinder -n /home/bacte/bacillus_amr/01_genomes/ncbi_dataset/ncbi_dataset/data/GCF_003012025.1/GCF_003012025.1_ASM301202v1_genomic.fna --plus -o /home/bacte/bacillus_amr/05_amr/amrfinder_raw/GCF_003012025.1.tsv
Software directory: /home/bacte/miniconda3/envs/amrfinder_env/bin/
Software version: 4.2.7
Database directory: /home/bacte/miniconda3/envs/amrfinder_env/share/amrfinderplus/data/2026-08-07.1
Database version: 2026-08-07.1
AMRFinder translated nucleotide search
  - include -O ORGANISM, --organism ORGANISM option to add mutation searches and suppress common proteins
Running tblastn
Making report
amrfinder took 17 seconds to complete
    OK
[1003/1312] GCF_003150855.1
Running: amrfinder -n /home/bacte/bacillus_amr/01_genomes/ncbi_dataset/ncbi_dataset/data/GCF_003150855.1/GCF_003150855.1_ASM315085v2_genomic.fna --plus -o /home/bacte/bacillus_amr/05_amr/amrfinder_raw/GCF_003150855.1.tsv
Software directory: /home/bacte/miniconda3/envs/amrfinder_env/bin/
Software version: 4.2.7
Database directory: /home/bacte/miniconda3/envs/amrfinder_env/share/amrfinderplus/data/2026-08-07.1
Database version: 2026-08-07.1
AMRFinder translated nucleotide search
  - include -O ORGANISM, --organism ORGANISM option to add mutation searches and suppress common proteins
Running tblastn
Making report
amrfinder took 81 seconds to complete
    OK
[1004/1312] GCF_003285085.1
Running: amrfinder -n /home/bacte/bacillus_amr/01_genomes/ncbi_dataset/ncbi_dataset/data/GCF_003285085.1/GCF_003285085.1_ASM328508v1_genomic.fna --plus -o /home/bacte/bacillus_amr/05_amr/amrfinder_raw/GCF_003285085.1.tsv
Software directory: /home/bacte/miniconda3/envs/amrfinder_env/bin/
Software version: 4.2.7
Database directory: /home/bacte/miniconda3/envs/amrfinder_env/share/amrfinderplus/data/2026-08-07.1
Database version: 2026-08-07.1
AMRFinder translated nucleotide search
  - include -O ORGANISM, --organism ORGANISM option to add mutation searches and suppress common proteins
Running tblastn
Making report
amrfinder took 81 seconds to complete
    OK
[1005/1312] GCF_003431885.1
Running: amrfinder -n /home/bacte/bacillus_amr/01_genomes/ncbi_dataset/ncbi_dataset/data/GCF_003431885.1/GCF_003431885.1_ASM343188v1_genomic.fna --plus -o /home/bacte/bacillus_amr/05_amr/amrfinder_raw/GCF_003431885.1.tsv
Software directory: /home/bacte/miniconda3/envs/amrfinder_env/bin/
Software version: 4.2.7
Database directory: /home/bacte/miniconda3/envs/amrfinder_env/share/amrfinderplus/data/2026-08-07.1
Database version: 2026-08-07.1
AMRFinder translated nucleotide search
  - include -O ORGANISM, --organism ORGANISM option to add mutation searches and suppress common proteins
Running tblastn
Making report
amrfinder took 75 seconds to complete
    OK
[1006/1312] GCF_003854915.1
Running: amrfinder -n /home/bacte/bacillus_amr/01_genomes/ncbi_dataset/ncbi_dataset/data/GCF_003854915.1/GCF_003854915.1_ASM385491v1_genomic.fna --plus -o /home/bacte/bacillus_amr/05_amr/amrfinder_raw/GCF_003854915.1.tsv
Software directory: /home/bacte/miniconda3/envs/amrfinder_env/bin/
Software version: 4.2.7
Database directory: /home/bacte/miniconda3/envs/amrfinder_env/share/amrfinderplus/data/2026-08-07.1
Database version: 2026-08-07.1
AMRFinder translated nucleotide search
  - include -O ORGANISM, --organism ORGANISM option to add mutation searches and suppress common proteins
Running tblastn
Making report
amrfinder took 84 seconds to complete
    OK
[1007/1312] GCF_003860445.1
Running: amrfinder -n /home/bacte/bacillus_amr/01_genomes/ncbi_dataset/ncbi_dataset/data/GCF_003860445.1/GCF_003860445.1_ASM386044v1_genomic.fna --plus -o /home/bacte/bacillus_amr/05_amr/amrfinder_raw/GCF_003860445.1.tsv
Software directory: /home/bacte/miniconda3/envs/amrfinder_env/bin/
Software version: 4.2.7
Database directory: /home/bacte/miniconda3/envs/amrfinder_env/share/amrfinderplus/data/2026-08-07.1
Database version: 2026-08-07.1
AMRFinder translated nucleotide search
  - include -O ORGANISM, --organism ORGANISM option to add mutation searches and suppress common proteins
Running tblastn
Making report
amrfinder took 91 seconds to complete
    OK
[1008/1312] GCF_003946895.1
Running: amrfinder -n /home/bacte/bacillus_amr/01_genomes/ncbi_dataset/ncbi_dataset/data/GCF_003946895.1/GCF_003946895.1_ASM394689v1_genomic.fna --plus -o /home/bacte/bacillus_amr/05_amr/amrfinder_raw/GCF_003946895.1.tsv
Software directory: /home/bacte/miniconda3/envs/amrfinder_env/bin/
Software version: 4.2.7
Database directory: /home/bacte/miniconda3/envs/amrfinder_env/share/amrfinderplus/data/2026-08-07.1
Database version: 2026-08-07.1
AMRFinder translated nucleotide search
  - include -O ORGANISM, --organism ORGANISM option to add mutation searches and suppress common proteins
Running tblastn
Making report
amrfinder took 26 seconds to complete
    OK
[1009/1312] GCF_003986895.1
Running: amrfinder -n /home/bacte/bacillus_amr/01_genomes/ncbi_dataset/ncbi_dataset/data/GCF_003986895.1/GCF_003986895.1_ASM398689v1_genomic.fna --plus -o /home/bacte/bacillus_amr/05_amr/amrfinder_raw/GCF_003986895.1.tsv
Software directory: /home/bacte/miniconda3/envs/amrfinder_env/bin/
Software version: 4.2.7
Database directory: /home/bacte/miniconda3/envs/amrfinder_env/share/amrfinderplus/data/2026-08-07.1
Database version: 2026-08-07.1
AMRFinder translated nucleotide search
  - include -O ORGANISM, --organism ORGANISM option to add mutation searches and suppress common proteins
Running tblastn
Making report
amrfinder took 30 seconds to complete
    OK
[1010/1312] GCF_004009895.1
Running: amrfinder -n /home/bacte/bacillus_amr/01_genomes/ncbi_dataset/ncbi_dataset/data/GCF_004009895.1/GCF_004009895.1_ASM400989v1_genomic.fna --plus -o /home/bacte/bacillus_amr/05_amr/amrfinder_raw/GCF_004009895.1.tsv
Software directory: /home/bacte/miniconda3/envs/amrfinder_env/bin/
Software version: 4.2.7
Database directory: /home/bacte/miniconda3/envs/amrfinder_env/share/amrfinderplus/data/2026-08-07.1
Database version: 2026-08-07.1
AMRFinder translated nucleotide search
  - include -O ORGANISM, --organism ORGANISM option to add mutation searches and suppress common proteins
Running tblastn
Making report
amrfinder took 74 seconds to complete
    OK
[1011/1312] GCF_004294525.1
Running: amrfinder -n /home/bacte/bacillus_amr/01_genomes/ncbi_dataset/ncbi_dataset/data/GCF_004294525.1/GCF_004294525.1_ASM429452v1_genomic.fna --plus -o /home/bacte/bacillus_amr/05_amr/amrfinder_raw/GCF_004294525.1.tsv
Software directory: /home/bacte/miniconda3/envs/amrfinder_env/bin/
Software version: 4.2.7
Database directory: /home/bacte/miniconda3/envs/amrfinder_env/share/amrfinderplus/data/2026-08-07.1
Database version: 2026-08-07.1
AMRFinder translated nucleotide search
  - include -O ORGANISM, --organism ORGANISM option to add mutation searches and suppress common proteins
Running tblastn
Making report
amrfinder took 39 seconds to complete
    OK
[1012/1312] GCF_006351595.1
Running: amrfinder -n /home/bacte/bacillus_amr/01_genomes/ncbi_dataset/ncbi_dataset/data/GCF_006351595.1/GCF_006351595.1_ASM635159v1_genomic.fna --plus -o /home/bacte/bacillus_amr/05_amr/amrfinder_raw/GCF_006351595.1.tsv
Software directory: /home/bacte/miniconda3/envs/amrfinder_env/bin/
Software version: 4.2.7
Database directory: /home/bacte/miniconda3/envs/amrfinder_env/share/amrfinderplus/data/2026-08-07.1
Database version: 2026-08-07.1
AMRFinder translated nucleotide search
  - include -O ORGANISM, --organism ORGANISM option to add mutation searches and suppress common proteins
Running tblastn
Making report
amrfinder took 23 seconds to complete
    OK
[1013/1312] GCF_006351615.1
Running: amrfinder -n /home/bacte/bacillus_amr/01_genomes/ncbi_dataset/ncbi_dataset/data/GCF_006351615.1/GCF_006351615.1_ASM635161v1_genomic.fna --plus -o /home/bacte/bacillus_amr/05_amr/amrfinder_raw/GCF_006351615.1.tsv
Software directory: /home/bacte/miniconda3/envs/amrfinder_env/bin/
Software version: 4.2.7
Database directory: /home/bacte/miniconda3/envs/amrfinder_env/share/amrfinderplus/data/2026-08-07.1
Database version: 2026-08-07.1
AMRFinder translated nucleotide search
  - include -O ORGANISM, --organism ORGANISM option to add mutation searches and suppress common proteins
Running tblastn
Making report
amrfinder took 12 seconds to complete
    OK
[1014/1312] GCF_006351625.1
Running: amrfinder -n /home/bacte/bacillus_amr/01_genomes/ncbi_dataset/ncbi_dataset/data/GCF_006351625.1/GCF_006351625.1_ASM635162v1_genomic.fna --plus -o /home/bacte/bacillus_amr/05_amr/amrfinder_raw/GCF_006351625.1.tsv
Software directory: /home/bacte/miniconda3/envs/amrfinder_env/bin/
Software version: 4.2.7
Database directory: /home/bacte/miniconda3/envs/amrfinder_env/share/amrfinderplus/data/2026-08-07.1
Database version: 2026-08-07.1
AMRFinder translated nucleotide search
  - include -O ORGANISM, --organism ORGANISM option to add mutation searches and suppress common proteins
Running tblastn
Making report
amrfinder took 20 seconds to complete
    OK
[1015/1312] GCF_006351665.1
Running: amrfinder -n /home/bacte/bacillus_amr/01_genomes/ncbi_dataset/ncbi_dataset/data/GCF_006351665.1/GCF_006351665.1_ASM635166v1_genomic.fna --plus -o /home/bacte/bacillus_amr/05_amr/amrfinder_raw/GCF_006351665.1.tsv
Software directory: /home/bacte/miniconda3/envs/amrfinder_env/bin/
Software version: 4.2.7
Database directory: /home/bacte/miniconda3/envs/amrfinder_env/share/amrfinderplus/data/2026-08-07.1
Database version: 2026-08-07.1
AMRFinder translated nucleotide search
  - include -O ORGANISM, --organism ORGANISM option to add mutation searches and suppress common proteins
Running tblastn
Making report
amrfinder took 17 seconds to complete
    OK
[1016/1312] GCF_006351675.1
Running: amrfinder -n /home/bacte/bacillus_amr/01_genomes/ncbi_dataset/ncbi_dataset/data/GCF_006351675.1/GCF_006351675.1_ASM635167v1_genomic.fna --plus -o /home/bacte/bacillus_amr/05_amr/amrfinder_raw/GCF_006351675.1.tsv
Software directory: /home/bacte/miniconda3/envs/amrfinder_env/bin/
Software version: 4.2.7
Database directory: /home/bacte/miniconda3/envs/amrfinder_env/share/amrfinderplus/data/2026-08-07.1
Database version: 2026-08-07.1
AMRFinder translated nucleotide search
  - include -O ORGANISM, --organism ORGANISM option to add mutation searches and suppress common proteins
Running tblastn
Making report
amrfinder took 25 seconds to complete
    OK
[1017/1312] GCF_006351695.1
Running: amrfinder -n /home/bacte/bacillus_amr/01_genomes/ncbi_dataset/ncbi_dataset/data/GCF_006351695.1/GCF_006351695.1_ASM635169v1_genomic.fna --plus -o /home/bacte/bacillus_amr/05_amr/amrfinder_raw/GCF_006351695.1.tsv
Software directory: /home/bacte/miniconda3/envs/amrfinder_env/bin/
Software version: 4.2.7
Database directory: /home/bacte/miniconda3/envs/amrfinder_env/share/amrfinderplus/data/2026-08-07.1
Database version: 2026-08-07.1
AMRFinder translated nucleotide search
  - include -O ORGANISM, --organism ORGANISM option to add mutation searches and suppress common proteins
Running tblastn
Making report
amrfinder took 21 seconds to complete
    OK
[1018/1312] GCF_006351705.1
Running: amrfinder -n /home/bacte/bacillus_amr/01_genomes/ncbi_dataset/ncbi_dataset/data/GCF_006351705.1/GCF_006351705.1_ASM635170v1_genomic.fna --plus -o /home/bacte/bacillus_amr/05_amr/amrfinder_raw/GCF_006351705.1.tsv
Software directory: /home/bacte/miniconda3/envs/amrfinder_env/bin/
Software version: 4.2.7
Database directory: /home/bacte/miniconda3/envs/amrfinder_env/share/amrfinderplus/data/2026-08-07.1
Database version: 2026-08-07.1
AMRFinder translated nucleotide search
  - include -O ORGANISM, --organism ORGANISM option to add mutation searches and suppress common proteins
Running tblastn
Making report
amrfinder took 18 seconds to complete
    OK
[1019/1312] GCF_006489275.1
Running: amrfinder -n /home/bacte/bacillus_amr/01_genomes/ncbi_dataset/ncbi_dataset/data/GCF_006489275.1/GCF_006489275.1_ASM648927v1_genomic.fna --plus -o /home/bacte/bacillus_amr/05_amr/amrfinder_raw/GCF_006489275.1.tsv
Software directory: /home/bacte/miniconda3/envs/amrfinder_env/bin/
Software version: 4.2.7
Database directory: /home/bacte/miniconda3/envs/amrfinder_env/share/amrfinderplus/data/2026-08-07.1
Database version: 2026-08-07.1
AMRFinder translated nucleotide search
  - include -O ORGANISM, --organism ORGANISM option to add mutation searches and suppress common proteins
Running tblastn
Making report
amrfinder took 70 seconds to complete
    OK
[1020/1312] GCF_006965525.1
Running: amrfinder -n /home/bacte/bacillus_amr/01_genomes/ncbi_dataset/ncbi_dataset/data/GCF_006965525.1/GCF_006965525.1_ASM696552v1_genomic.fna --plus -o /home/bacte/bacillus_amr/05_amr/amrfinder_raw/GCF_006965525.1.tsv
Software directory: /home/bacte/miniconda3/envs/amrfinder_env/bin/
Software version: 4.2.7
Database directory: /home/bacte/miniconda3/envs/amrfinder_env/share/amrfinderplus/data/2026-08-07.1
Database version: 2026-08-07.1
AMRFinder translated nucleotide search
  - include -O ORGANISM, --organism ORGANISM option to add mutation searches and suppress common proteins
Running tblastn
Making report
amrfinder took 80 seconds to complete
    OK
[1021/1312] GCF_008367895.1
Running: amrfinder -n /home/bacte/bacillus_amr/01_genomes/ncbi_dataset/ncbi_dataset/data/GCF_008367895.1/GCF_008367895.1_ASM836789v1_genomic.fna --plus -o /home/bacte/bacillus_amr/05_amr/amrfinder_raw/GCF_008367895.1.tsv
Software directory: /home/bacte/miniconda3/envs/amrfinder_env/bin/
Software version: 4.2.7
Database directory: /home/bacte/miniconda3/envs/amrfinder_env/share/amrfinderplus/data/2026-08-07.1
Database version: 2026-08-07.1
AMRFinder translated nucleotide search
  - include -O ORGANISM, --organism ORGANISM option to add mutation searches and suppress common proteins
Running tblastn
Making report
amrfinder took 78 seconds to complete
    OK
[1022/1312] GCF_009193045.1
Running: amrfinder -n /home/bacte/bacillus_amr/01_genomes/ncbi_dataset/ncbi_dataset/data/GCF_009193045.1/GCF_009193045.1_ASM919304v1_genomic.fna --plus -o /home/bacte/bacillus_amr/05_amr/amrfinder_raw/GCF_009193045.1.tsv
Software directory: /home/bacte/miniconda3/envs/amrfinder_env/bin/
Software version: 4.2.7
Database directory: /home/bacte/miniconda3/envs/amrfinder_env/share/amrfinderplus/data/2026-08-07.1
Database version: 2026-08-07.1
AMRFinder translated nucleotide search
  - include -O ORGANISM, --organism ORGANISM option to add mutation searches and suppress common proteins
Running tblastn
Making report
amrfinder took 16 seconds to complete
    OK
[1023/1312] GCF_009683055.1
Running: amrfinder -n /home/bacte/bacillus_amr/01_genomes/ncbi_dataset/ncbi_dataset/data/GCF_009683055.1/GCF_009683055.1_ASM968305v1_genomic.fna --plus -o /home/bacte/bacillus_amr/05_amr/amrfinder_raw/GCF_009683055.1.tsv
Software directory: /home/bacte/miniconda3/envs/amrfinder_env/bin/
Software version: 4.2.7
Database directory: /home/bacte/miniconda3/envs/amrfinder_env/share/amrfinderplus/data/2026-08-07.1
Database version: 2026-08-07.1
AMRFinder translated nucleotide search
  - include -O ORGANISM, --organism ORGANISM option to add mutation searches and suppress common proteins
Running tblastn
Making report
amrfinder took 24 seconds to complete
    OK
[1024/1312] GCF_009683125.1
Running: amrfinder -n /home/bacte/bacillus_amr/01_genomes/ncbi_dataset/ncbi_dataset/data/GCF_009683125.1/GCF_009683125.1_ASM968312v1_genomic.fna --plus -o /home/bacte/bacillus_amr/05_amr/amrfinder_raw/GCF_009683125.1.tsv
Software directory: /home/bacte/miniconda3/envs/amrfinder_env/bin/
Software version: 4.2.7
Database directory: /home/bacte/miniconda3/envs/amrfinder_env/share/amrfinderplus/data/2026-08-07.1
Database version: 2026-08-07.1
AMRFinder translated nucleotide search
  - include -O ORGANISM, --organism ORGANISM option to add mutation searches and suppress common proteins
Running tblastn
Making report
amrfinder took 15 seconds to complete
    OK
[1025/1312] GCF_009683155.1
Running: amrfinder -n /home/bacte/bacillus_amr/01_genomes/ncbi_dataset/ncbi_dataset/data/GCF_009683155.1/GCF_009683155.1_ASM968315v1_genomic.fna --plus -o /home/bacte/bacillus_amr/05_amr/amrfinder_raw/GCF_009683155.1.tsv
Software directory: /home/bacte/miniconda3/envs/amrfinder_env/bin/
Software version: 4.2.7
Database directory: /home/bacte/miniconda3/envs/amrfinder_env/share/amrfinderplus/data/2026-08-07.1
Database version: 2026-08-07.1
AMRFinder translated nucleotide search
  - include -O ORGANISM, --organism ORGANISM option to add mutation searches and suppress common proteins
Running tblastn
Making report
amrfinder took 14 seconds to complete
    OK
[1026/1312] GCF_009996865.1
Running: amrfinder -n /home/bacte/bacillus_amr/01_genomes/ncbi_dataset/ncbi_dataset/data/GCF_009996865.1/GCF_009996865.1_ASM999686v1_genomic.fna --plus -o /home/bacte/bacillus_amr/05_amr/amrfinder_raw/GCF_009996865.1.tsv
Software directory: /home/bacte/miniconda3/envs/amrfinder_env/bin/
Software version: 4.2.7
Database directory: /home/bacte/miniconda3/envs/amrfinder_env/share/amrfinderplus/data/2026-08-07.1
Database version: 2026-08-07.1
AMRFinder translated nucleotide search
  - include -O ORGANISM, --organism ORGANISM option to add mutation searches and suppress common proteins
Running tblastn
Making report
amrfinder took 25 seconds to complete
    OK
[1027/1312] GCF_010671715.1
Running: amrfinder -n /home/bacte/bacillus_amr/01_genomes/ncbi_dataset/ncbi_dataset/data/GCF_010671715.1/GCF_010671715.1_ASM1067171v1_genomic.fna --plus -o /home/bacte/bacillus_amr/05_amr/amrfinder_raw/GCF_010671715.1.tsv
Software directory: /home/bacte/miniconda3/envs/amrfinder_env/bin/
Software version: 4.2.7
Database directory: /home/bacte/miniconda3/envs/amrfinder_env/share/amrfinderplus/data/2026-08-07.1
Database version: 2026-08-07.1
AMRFinder translated nucleotide search
  - include -O ORGANISM, --organism ORGANISM option to add mutation searches and suppress common proteins
Running tblastn
Making report
amrfinder took 13 seconds to complete
    OK
[1028/1312] GCF_011043745.1
Running: amrfinder -n /home/bacte/bacillus_amr/01_genomes/ncbi_dataset/ncbi_dataset/data/GCF_011043745.1/GCF_011043745.1_ASM1104374v1_genomic.fna --plus -o /home/bacte/bacillus_amr/05_amr/amrfinder_raw/GCF_011043745.1.tsv
Software directory: /home/bacte/miniconda3/envs/amrfinder_env/bin/
Software version: 4.2.7
Database directory: /home/bacte/miniconda3/envs/amrfinder_env/share/amrfinderplus/data/2026-08-07.1
Database version: 2026-08-07.1
AMRFinder translated nucleotide search
  - include -O ORGANISM, --organism ORGANISM option to add mutation searches and suppress common proteins
Running tblastn
Making report
amrfinder took 25 seconds to complete
    OK
[1029/1312] GCF_011100445.1
Running: amrfinder -n /home/bacte/bacillus_amr/01_genomes/ncbi_dataset/ncbi_dataset/data/GCF_011100445.1/GCF_011100445.1_ASM1110044v1_genomic.fna --plus -o /home/bacte/bacillus_amr/05_amr/amrfinder_raw/GCF_011100445.1.tsv
Software directory: /home/bacte/miniconda3/envs/amrfinder_env/bin/
Software version: 4.2.7
Database directory: /home/bacte/miniconda3/envs/amrfinder_env/share/amrfinderplus/data/2026-08-07.1
Database version: 2026-08-07.1
AMRFinder translated nucleotide search
  - include -O ORGANISM, --organism ORGANISM option to add mutation searches and suppress common proteins
Running tblastn
Making report
amrfinder took 72 seconds to complete
    OK
[1030/1312] GCF_011317125.1
Running: amrfinder -n /home/bacte/bacillus_amr/01_genomes/ncbi_dataset/ncbi_dataset/data/GCF_011317125.1/GCF_011317125.1_ASM1131712v1_genomic.fna --plus -o /home/bacte/bacillus_amr/05_amr/amrfinder_raw/GCF_011317125.1.tsv
Software directory: /home/bacte/miniconda3/envs/amrfinder_env/bin/
Software version: 4.2.7
Database directory: /home/bacte/miniconda3/envs/amrfinder_env/share/amrfinderplus/data/2026-08-07.1
Database version: 2026-08-07.1
AMRFinder translated nucleotide search
  - include -O ORGANISM, --organism ORGANISM option to add mutation searches and suppress common proteins
Running tblastn
Making report
amrfinder took 38 seconds to complete
    OK
[1031/1312] GCF_011421515.1
Running: amrfinder -n /home/bacte/bacillus_amr/01_genomes/ncbi_dataset/ncbi_dataset/data/GCF_011421515.1/GCF_011421515.1_ASM1142151v1_genomic.fna --plus -o /home/bacte/bacillus_amr/05_amr/amrfinder_raw/GCF_011421515.1.tsv
Software directory: /home/bacte/miniconda3/envs/amrfinder_env/bin/
Software version: 4.2.7
Database directory: /home/bacte/miniconda3/envs/amrfinder_env/share/amrfinderplus/data/2026-08-07.1
Database version: 2026-08-07.1
AMRFinder translated nucleotide search
  - include -O ORGANISM, --organism ORGANISM option to add mutation searches and suppress common proteins
Running tblastn
Making report
amrfinder took 26 seconds to complete
    OK
[1032/1312] GCF_012226065.1
Running: amrfinder -n /home/bacte/bacillus_amr/01_genomes/ncbi_dataset/ncbi_dataset/data/GCF_012226065.1/GCF_012226065.1_ASM1222606v1_genomic.fna --plus -o /home/bacte/bacillus_amr/05_amr/amrfinder_raw/GCF_012226065.1.tsv
Software directory: /home/bacte/miniconda3/envs/amrfinder_env/bin/
Software version: 4.2.7
Database directory: /home/bacte/miniconda3/envs/amrfinder_env/share/amrfinderplus/data/2026-08-07.1
Database version: 2026-08-07.1
AMRFinder translated nucleotide search
  - include -O ORGANISM, --organism ORGANISM option to add mutation searches and suppress common proteins
Running tblastn
Making report
amrfinder took 73 seconds to complete
    OK
[1033/1312] GCF_012935315.1
Running: amrfinder -n /home/bacte/bacillus_amr/01_genomes/ncbi_dataset/ncbi_dataset/data/GCF_012935315.1/GCF_012935315.1_ASM1293531v1_genomic.fna --plus -o /home/bacte/bacillus_amr/05_amr/amrfinder_raw/GCF_012935315.1.tsv
Software directory: /home/bacte/miniconda3/envs/amrfinder_env/bin/
Software version: 4.2.7
Database directory: /home/bacte/miniconda3/envs/amrfinder_env/share/amrfinderplus/data/2026-08-07.1
Database version: 2026-08-07.1
AMRFinder translated nucleotide search
  - include -O ORGANISM, --organism ORGANISM option to add mutation searches and suppress common proteins
Running tblastn
Making report
amrfinder took 14 seconds to complete
    OK
[1034/1312] GCF_013122275.1
Running: amrfinder -n /home/bacte/bacillus_amr/01_genomes/ncbi_dataset/ncbi_dataset/data/GCF_013122275.1/GCF_013122275.1_ASM1312227v1_genomic.fna --plus -o /home/bacte/bacillus_amr/05_amr/amrfinder_raw/GCF_013122275.1.tsv
Software directory: /home/bacte/miniconda3/envs/amrfinder_env/bin/
Software version: 4.2.7
Database directory: /home/bacte/miniconda3/envs/amrfinder_env/share/amrfinderplus/data/2026-08-07.1
Database version: 2026-08-07.1
AMRFinder translated nucleotide search
  - include -O ORGANISM, --organism ORGANISM option to add mutation searches and suppress common proteins
Running tblastn
Making report
amrfinder took 79 seconds to complete
    OK
[1035/1312] GCF_013201465.1
Running: amrfinder -n /home/bacte/bacillus_amr/01_genomes/ncbi_dataset/ncbi_dataset/data/GCF_013201465.1/GCF_013201465.1_ASM1320146v1_genomic.fna --plus -o /home/bacte/bacillus_amr/05_amr/amrfinder_raw/GCF_013201465.1.tsv
Software directory: /home/bacte/miniconda3/envs/amrfinder_env/bin/
Software version: 4.2.7
Database directory: /home/bacte/miniconda3/envs/amrfinder_env/share/amrfinderplus/data/2026-08-07.1
Database version: 2026-08-07.1
AMRFinder translated nucleotide search
  - include -O ORGANISM, --organism ORGANISM option to add mutation searches and suppress common proteins
Running tblastn
Making report
amrfinder took 74 seconds to complete
    OK
[1036/1312] GCF_013284475.1
Running: amrfinder -n /home/bacte/bacillus_amr/01_genomes/ncbi_dataset/ncbi_dataset/data/GCF_013284475.1/GCF_013284475.1_ASM1328447v1_genomic.fna --plus -o /home/bacte/bacillus_amr/05_amr/amrfinder_raw/GCF_013284475.1.tsv
Software directory: /home/bacte/miniconda3/envs/amrfinder_env/bin/
Software version: 4.2.7
Database directory: /home/bacte/miniconda3/envs/amrfinder_env/share/amrfinderplus/data/2026-08-07.1
Database version: 2026-08-07.1
AMRFinder translated nucleotide search
  - include -O ORGANISM, --organism ORGANISM option to add mutation searches and suppress common proteins
Running tblastn
Making report
amrfinder took 25 seconds to complete
    OK
[1037/1312] GCF_013284545.1
Running: amrfinder -n /home/bacte/bacillus_amr/01_genomes/ncbi_dataset/ncbi_dataset/data/GCF_013284545.1/GCF_013284545.1_ASM1328454v1_genomic.fna --plus -o /home/bacte/bacillus_amr/05_amr/amrfinder_raw/GCF_013284545.1.tsv
Software directory: /home/bacte/miniconda3/envs/amrfinder_env/bin/
Software version: 4.2.7
Database directory: /home/bacte/miniconda3/envs/amrfinder_env/share/amrfinderplus/data/2026-08-07.1
Database version: 2026-08-07.1
AMRFinder translated nucleotide search
  - include -O ORGANISM, --organism ORGANISM option to add mutation searches and suppress common proteins
Running tblastn
Making report
amrfinder took 19 seconds to complete
    OK
[1038/1312] GCF_013284555.1
Running: amrfinder -n /home/bacte/bacillus_amr/01_genomes/ncbi_dataset/ncbi_dataset/data/GCF_013284555.1/GCF_013284555.1_ASM1328455v1_genomic.fna --plus -o /home/bacte/bacillus_amr/05_amr/amrfinder_raw/GCF_013284555.1.tsv
Software directory: /home/bacte/miniconda3/envs/amrfinder_env/bin/
Software version: 4.2.7
Database directory: /home/bacte/miniconda3/envs/amrfinder_env/share/amrfinderplus/data/2026-08-07.1
Database version: 2026-08-07.1
AMRFinder translated nucleotide search
  - include -O ORGANISM, --organism ORGANISM option to add mutation searches and suppress common proteins
Running tblastn
Making report
amrfinder took 13 seconds to complete
    OK
[1039/1312] GCF_013284575.1
Running: amrfinder -n /home/bacte/bacillus_amr/01_genomes/ncbi_dataset/ncbi_dataset/data/GCF_013284575.1/GCF_013284575.1_ASM1328457v1_genomic.fna --plus -o /home/bacte/bacillus_amr/05_amr/amrfinder_raw/GCF_013284575.1.tsv
Software directory: /home/bacte/miniconda3/envs/amrfinder_env/bin/
Software version: 4.2.7
Database directory: /home/bacte/miniconda3/envs/amrfinder_env/share/amrfinderplus/data/2026-08-07.1
Database version: 2026-08-07.1
AMRFinder translated nucleotide search
  - include -O ORGANISM, --organism ORGANISM option to add mutation searches and suppress common proteins
Running tblastn
Making report
amrfinder took 20 seconds to complete
    OK
[1040/1312] GCF_013284625.1
Running: amrfinder -n /home/bacte/bacillus_amr/01_genomes/ncbi_dataset/ncbi_dataset/data/GCF_013284625.1/GCF_013284625.1_ASM1328462v1_genomic.fna --plus -o /home/bacte/bacillus_amr/05_amr/amrfinder_raw/GCF_013284625.1.tsv
Software directory: /home/bacte/miniconda3/envs/amrfinder_env/bin/
Software version: 4.2.7
Database directory: /home/bacte/miniconda3/envs/amrfinder_env/share/amrfinderplus/data/2026-08-07.1
Database version: 2026-08-07.1
AMRFinder translated nucleotide search
  - include -O ORGANISM, --organism ORGANISM option to add mutation searches and suppress common proteins
Running tblastn
Making report
amrfinder took 23 seconds to complete
    OK
[1041/1312] GCF_013284655.1
Running: amrfinder -n /home/bacte/bacillus_amr/01_genomes/ncbi_dataset/ncbi_dataset/data/GCF_013284655.1/GCF_013284655.1_ASM1328465v1_genomic.fna --plus -o /home/bacte/bacillus_amr/05_amr/amrfinder_raw/GCF_013284655.1.tsv
Software directory: /home/bacte/miniconda3/envs/amrfinder_env/bin/
Software version: 4.2.7
Database directory: /home/bacte/miniconda3/envs/amrfinder_env/share/amrfinderplus/data/2026-08-07.1
Database version: 2026-08-07.1
AMRFinder translated nucleotide search
  - include -O ORGANISM, --organism ORGANISM option to add mutation searches and suppress common proteins
Running tblastn
Making report
amrfinder took 24 seconds to complete
    OK
[1042/1312] GCF_013284725.1
Running: amrfinder -n /home/bacte/bacillus_amr/01_genomes/ncbi_dataset/ncbi_dataset/data/GCF_013284725.1/GCF_013284725.1_ASM1328472v1_genomic.fna --plus -o /home/bacte/bacillus_amr/05_amr/amrfinder_raw/GCF_013284725.1.tsv
Software directory: /home/bacte/miniconda3/envs/amrfinder_env/bin/
Software version: 4.2.7
Database directory: /home/bacte/miniconda3/envs/amrfinder_env/share/amrfinderplus/data/2026-08-07.1
Database version: 2026-08-07.1
AMRFinder translated nucleotide search
  - include -O ORGANISM, --organism ORGANISM option to add mutation searches and suppress common proteins
Running tblastn
Making report
amrfinder took 17 seconds to complete
    OK
[1043/1312] GCF_013284745.1
Running: amrfinder -n /home/bacte/bacillus_amr/01_genomes/ncbi_dataset/ncbi_dataset/data/GCF_013284745.1/GCF_013284745.1_ASM1328474v1_genomic.fna --plus -o /home/bacte/bacillus_amr/05_amr/amrfinder_raw/GCF_013284745.1.tsv
Software directory: /home/bacte/miniconda3/envs/amrfinder_env/bin/
Software version: 4.2.7
Database directory: /home/bacte/miniconda3/envs/amrfinder_env/share/amrfinderplus/data/2026-08-07.1
Database version: 2026-08-07.1
AMRFinder translated nucleotide search
  - include -O ORGANISM, --organism ORGANISM option to add mutation searches and suppress common proteins
Running tblastn
Making report
amrfinder took 24 seconds to complete
    OK
[1044/1312] GCF_013284765.1
Running: amrfinder -n /home/bacte/bacillus_amr/01_genomes/ncbi_dataset/ncbi_dataset/data/GCF_013284765.1/GCF_013284765.1_ASM1328476v1_genomic.fna --plus -o /home/bacte/bacillus_amr/05_amr/amrfinder_raw/GCF_013284765.1.tsv
Software directory: /home/bacte/miniconda3/envs/amrfinder_env/bin/
Software version: 4.2.7
Database directory: /home/bacte/miniconda3/envs/amrfinder_env/share/amrfinderplus/data/2026-08-07.1
Database version: 2026-08-07.1
AMRFinder translated nucleotide search
  - include -O ORGANISM, --organism ORGANISM option to add mutation searches and suppress common proteins
Running tblastn
Making report
amrfinder took 18 seconds to complete
    OK
[1045/1312] GCF_013284775.1
Running: amrfinder -n /home/bacte/bacillus_amr/01_genomes/ncbi_dataset/ncbi_dataset/data/GCF_013284775.1/GCF_013284775.1_ASM1328477v1_genomic.fna --plus -o /home/bacte/bacillus_amr/05_amr/amrfinder_raw/GCF_013284775.1.tsv
Software directory: /home/bacte/miniconda3/envs/amrfinder_env/bin/
Software version: 4.2.7
Database directory: /home/bacte/miniconda3/envs/amrfinder_env/share/amrfinderplus/data/2026-08-07.1
Database version: 2026-08-07.1
AMRFinder translated nucleotide search
  - include -O ORGANISM, --organism ORGANISM option to add mutation searches and suppress common proteins
Running tblastn
Making report
amrfinder took 23 seconds to complete
    OK
[1046/1312] GCF_013284785.2
Running: amrfinder -n /home/bacte/bacillus_amr/01_genomes/ncbi_dataset/ncbi_dataset/data/GCF_013284785.2/GCF_013284785.2_ASM1328478v2_genomic.fna --plus -o /home/bacte/bacillus_amr/05_amr/amrfinder_raw/GCF_013284785.2.tsv
Software directory: /home/bacte/miniconda3/envs/amrfinder_env/bin/
Software version: 4.2.7
Database directory: /home/bacte/miniconda3/envs/amrfinder_env/share/amrfinderplus/data/2026-08-07.1
Database version: 2026-08-07.1
AMRFinder translated nucleotide search
  - include -O ORGANISM, --organism ORGANISM option to add mutation searches and suppress common proteins
Running tblastn
Making report
amrfinder took 75 seconds to complete
    OK
[1047/1312] GCF_013284825.1
Running: amrfinder -n /home/bacte/bacillus_amr/01_genomes/ncbi_dataset/ncbi_dataset/data/GCF_013284825.1/GCF_013284825.1_ASM1328482v1_genomic.fna --plus -o /home/bacte/bacillus_amr/05_amr/amrfinder_raw/GCF_013284825.1.tsv
Software directory: /home/bacte/miniconda3/envs/amrfinder_env/bin/
Software version: 4.2.7
Database directory: /home/bacte/miniconda3/envs/amrfinder_env/share/amrfinderplus/data/2026-08-07.1
Database version: 2026-08-07.1
AMRFinder translated nucleotide search
  - include -O ORGANISM, --organism ORGANISM option to add mutation searches and suppress common proteins
Running tblastn
Making report
amrfinder took 25 seconds to complete
    OK
[1048/1312] GCF_013285045.1
Running: amrfinder -n /home/bacte/bacillus_amr/01_genomes/ncbi_dataset/ncbi_dataset/data/GCF_013285045.1/GCF_013285045.1_ASM1328504v1_genomic.fna --plus -o /home/bacte/bacillus_amr/05_amr/amrfinder_raw/GCF_013285045.1.tsv
Software directory: /home/bacte/miniconda3/envs/amrfinder_env/bin/
Software version: 4.2.7
Database directory: /home/bacte/miniconda3/envs/amrfinder_env/share/amrfinderplus/data/2026-08-07.1
Database version: 2026-08-07.1
AMRFinder translated nucleotide search
  - include -O ORGANISM, --organism ORGANISM option to add mutation searches and suppress common proteins
Running tblastn
Making report
amrfinder took 14 seconds to complete
    OK
[1049/1312] GCF_013285055.1
Running: amrfinder -n /home/bacte/bacillus_amr/01_genomes/ncbi_dataset/ncbi_dataset/data/GCF_013285055.1/GCF_013285055.1_ASM1328505v1_genomic.fna --plus -o /home/bacte/bacillus_amr/05_amr/amrfinder_raw/GCF_013285055.1.tsv
Software directory: /home/bacte/miniconda3/envs/amrfinder_env/bin/
Software version: 4.2.7
Database directory: /home/bacte/miniconda3/envs/amrfinder_env/share/amrfinderplus/data/2026-08-07.1
Database version: 2026-08-07.1
AMRFinder translated nucleotide search
  - include -O ORGANISM, --organism ORGANISM option to add mutation searches and suppress common proteins
Running tblastn
Making report
amrfinder took 23 seconds to complete
    OK
[1050/1312] GCF_013285085.2
Running: amrfinder -n /home/bacte/bacillus_amr/01_genomes/ncbi_dataset/ncbi_dataset/data/GCF_013285085.2/GCF_013285085.2_ASM1328508v2_genomic.fna --plus -o /home/bacte/bacillus_amr/05_amr/amrfinder_raw/GCF_013285085.2.tsv
Software directory: /home/bacte/miniconda3/envs/amrfinder_env/bin/
Software version: 4.2.7
Database directory: /home/bacte/miniconda3/envs/amrfinder_env/share/amrfinderplus/data/2026-08-07.1
Database version: 2026-08-07.1
AMRFinder translated nucleotide search
  - include -O ORGANISM, --organism ORGANISM option to add mutation searches and suppress common proteins
Running tblastn
Making report
amrfinder took 76 seconds to complete
    OK
[1051/1312] GCF_013285105.1
Running: amrfinder -n /home/bacte/bacillus_amr/01_genomes/ncbi_dataset/ncbi_dataset/data/GCF_013285105.1/GCF_013285105.1_ASM1328510v1_genomic.fna --plus -o /home/bacte/bacillus_amr/05_amr/amrfinder_raw/GCF_013285105.1.tsv
Software directory: /home/bacte/miniconda3/envs/amrfinder_env/bin/
Software version: 4.2.7
Database directory: /home/bacte/miniconda3/envs/amrfinder_env/share/amrfinderplus/data/2026-08-07.1
Database version: 2026-08-07.1
AMRFinder translated nucleotide search
  - include -O ORGANISM, --organism ORGANISM option to add mutation searches and suppress common proteins
Running tblastn
Making report
amrfinder took 14 seconds to complete
    OK
[1052/1312] GCF_013348705.1
Running: amrfinder -n /home/bacte/bacillus_amr/01_genomes/ncbi_dataset/ncbi_dataset/data/GCF_013348705.1/GCF_013348705.1_ASM1334870v1_genomic.fna --plus -o /home/bacte/bacillus_amr/05_amr/amrfinder_raw/GCF_013348705.1.tsv
Software directory: /home/bacte/miniconda3/envs/amrfinder_env/bin/
Software version: 4.2.7
Database directory: /home/bacte/miniconda3/envs/amrfinder_env/share/amrfinderplus/data/2026-08-07.1
Database version: 2026-08-07.1
AMRFinder translated nucleotide search
  - include -O ORGANISM, --organism ORGANISM option to add mutation searches and suppress common proteins
Running tblastn
Making report
amrfinder took 80 seconds to complete
    OK
[1053/1312] GCF_013875015.1
Running: amrfinder -n /home/bacte/bacillus_amr/01_genomes/ncbi_dataset/ncbi_dataset/data/GCF_013875015.1/GCF_013875015.1_ASM1387501v1_genomic.fna --plus -o /home/bacte/bacillus_amr/05_amr/amrfinder_raw/GCF_013875015.1.tsv
Software directory: /home/bacte/miniconda3/envs/amrfinder_env/bin/
Software version: 4.2.7
Database directory: /home/bacte/miniconda3/envs/amrfinder_env/share/amrfinderplus/data/2026-08-07.1
Database version: 2026-08-07.1
AMRFinder translated nucleotide search
  - include -O ORGANISM, --organism ORGANISM option to add mutation searches and suppress common proteins
Running tblastn
Making report
amrfinder took 77 seconds to complete
    OK
[1054/1312] GCF_014211995.1
Running: amrfinder -n /home/bacte/bacillus_amr/01_genomes/ncbi_dataset/ncbi_dataset/data/GCF_014211995.1/GCF_014211995.1_ASM1421199v1_genomic.fna --plus -o /home/bacte/bacillus_amr/05_amr/amrfinder_raw/GCF_014211995.1.tsv
Software directory: /home/bacte/miniconda3/envs/amrfinder_env/bin/
Software version: 4.2.7
Database directory: /home/bacte/miniconda3/envs/amrfinder_env/share/amrfinderplus/data/2026-08-07.1
Database version: 2026-08-07.1
AMRFinder translated nucleotide search
  - include -O ORGANISM, --organism ORGANISM option to add mutation searches and suppress common proteins
Running tblastn
Making report
amrfinder took 76 seconds to complete
    OK
[1055/1312] GCF_014495825.1
Running: amrfinder -n /home/bacte/bacillus_amr/01_genomes/ncbi_dataset/ncbi_dataset/data/GCF_014495825.1/GCF_014495825.1_ASM1449582v1_genomic.fna --plus -o /home/bacte/bacillus_amr/05_amr/amrfinder_raw/GCF_014495825.1.tsv
Software directory: /home/bacte/miniconda3/envs/amrfinder_env/bin/
Software version: 4.2.7
Database directory: /home/bacte/miniconda3/envs/amrfinder_env/share/amrfinderplus/data/2026-08-07.1
Database version: 2026-08-07.1
AMRFinder translated nucleotide search
  - include -O ORGANISM, --organism ORGANISM option to add mutation searches and suppress common proteins
Running tblastn
Making report
amrfinder took 78 seconds to complete
    OK
[1056/1312] GCF_015354255.1
Running: amrfinder -n /home/bacte/bacillus_amr/01_genomes/ncbi_dataset/ncbi_dataset/data/GCF_015354255.1/GCF_015354255.1_ASM1535425v1_genomic.fna --plus -o /home/bacte/bacillus_amr/05_amr/amrfinder_raw/GCF_015354255.1.tsv
Software directory: /home/bacte/miniconda3/envs/amrfinder_env/bin/
Software version: 4.2.7
Database directory: /home/bacte/miniconda3/envs/amrfinder_env/share/amrfinderplus/data/2026-08-07.1
Database version: 2026-08-07.1
AMRFinder translated nucleotide search
  - include -O ORGANISM, --organism ORGANISM option to add mutation searches and suppress common proteins
Running tblastn
Making report
amrfinder took 27 seconds to complete
    OK
[1057/1312] GCF_016106735.1
Running: amrfinder -n /home/bacte/bacillus_amr/01_genomes/ncbi_dataset/ncbi_dataset/data/GCF_016106735.1/GCF_016106735.1_ASM1610673v1_genomic.fna --plus -o /home/bacte/bacillus_amr/05_amr/amrfinder_raw/GCF_016106735.1.tsv
Software directory: /home/bacte/miniconda3/envs/amrfinder_env/bin/
Software version: 4.2.7
Database directory: /home/bacte/miniconda3/envs/amrfinder_env/share/amrfinderplus/data/2026-08-07.1
Database version: 2026-08-07.1
AMRFinder translated nucleotide search
  - include -O ORGANISM, --organism ORGANISM option to add mutation searches and suppress common proteins
Running tblastn
Making report
amrfinder took 18 seconds to complete
    OK
[1058/1312] GCF_016766595.1
Running: amrfinder -n /home/bacte/bacillus_amr/01_genomes/ncbi_dataset/ncbi_dataset/data/GCF_016766595.1/GCF_016766595.1_ASM1676659v1_genomic.fna --plus -o /home/bacte/bacillus_amr/05_amr/amrfinder_raw/GCF_016766595.1.tsv
Software directory: /home/bacte/miniconda3/envs/amrfinder_env/bin/
Software version: 4.2.7
Database directory: /home/bacte/miniconda3/envs/amrfinder_env/share/amrfinderplus/data/2026-08-07.1
Database version: 2026-08-07.1
AMRFinder translated nucleotide search
  - include -O ORGANISM, --organism ORGANISM option to add mutation searches and suppress common proteins
Running tblastn
Making report
amrfinder took 76 seconds to complete
    OK
[1059/1312] GCF_016772005.1
Running: amrfinder -n /home/bacte/bacillus_amr/01_genomes/ncbi_dataset/ncbi_dataset/data/GCF_016772005.1/GCF_016772005.1_ASM1677200v1_genomic.fna --plus -o /home/bacte/bacillus_amr/05_amr/amrfinder_raw/GCF_016772005.1.tsv
Software directory: /home/bacte/miniconda3/envs/amrfinder_env/bin/
Software version: 4.2.7
Database directory: /home/bacte/miniconda3/envs/amrfinder_env/share/amrfinderplus/data/2026-08-07.1
Database version: 2026-08-07.1
AMRFinder translated nucleotide search
  - include -O ORGANISM, --organism ORGANISM option to add mutation searches and suppress common proteins
Running tblastn
Making report
amrfinder took 25 seconds to complete
    OK
[1060/1312] GCF_016772025.1
Running: amrfinder -n /home/bacte/bacillus_amr/01_genomes/ncbi_dataset/ncbi_dataset/data/GCF_016772025.1/GCF_016772025.1_ASM1677202v1_genomic.fna --plus -o /home/bacte/bacillus_amr/05_amr/amrfinder_raw/GCF_016772025.1.tsv
Software directory: /home/bacte/miniconda3/envs/amrfinder_env/bin/
Software version: 4.2.7
Database directory: /home/bacte/miniconda3/envs/amrfinder_env/share/amrfinderplus/data/2026-08-07.1
Database version: 2026-08-07.1
AMRFinder translated nucleotide search
  - include -O ORGANISM, --organism ORGANISM option to add mutation searches and suppress common proteins
Running tblastn
Making report
amrfinder took 25 seconds to complete
    OK
[1061/1312] GCF_016834435.1
Running: amrfinder -n /home/bacte/bacillus_amr/01_genomes/ncbi_dataset/ncbi_dataset/data/GCF_016834435.1/GCF_016834435.1_ASM1683443v1_genomic.fna --plus -o /home/bacte/bacillus_amr/05_amr/amrfinder_raw/GCF_016834435.1.tsv
Software directory: /home/bacte/miniconda3/envs/amrfinder_env/bin/
Software version: 4.2.7
Database directory: /home/bacte/miniconda3/envs/amrfinder_env/share/amrfinderplus/data/2026-08-07.1
Database version: 2026-08-07.1
AMRFinder translated nucleotide search
  - include -O ORGANISM, --organism ORGANISM option to add mutation searches and suppress common proteins
Running tblastn
Making report
amrfinder took 75 seconds to complete
    OK
[1062/1312] GCF_018729285.1
Running: amrfinder -n /home/bacte/bacillus_amr/01_genomes/ncbi_dataset/ncbi_dataset/data/GCF_018729285.1/GCF_018729285.1_ASM1872928v1_genomic.fna --plus -o /home/bacte/bacillus_amr/05_amr/amrfinder_raw/GCF_018729285.1.tsv
Software directory: /home/bacte/miniconda3/envs/amrfinder_env/bin/
Software version: 4.2.7
Database directory: /home/bacte/miniconda3/envs/amrfinder_env/share/amrfinderplus/data/2026-08-07.1
Database version: 2026-08-07.1
AMRFinder translated nucleotide search
  - include -O ORGANISM, --organism ORGANISM option to add mutation searches and suppress common proteins
Running tblastn
Making report
amrfinder took 36 seconds to complete
    OK
[1063/1312] GCF_018729415.1
Running: amrfinder -n /home/bacte/bacillus_amr/01_genomes/ncbi_dataset/ncbi_dataset/data/GCF_018729415.1/GCF_018729415.1_ASM1872941v1_genomic.fna --plus -o /home/bacte/bacillus_amr/05_amr/amrfinder_raw/GCF_018729415.1.tsv
Software directory: /home/bacte/miniconda3/envs/amrfinder_env/bin/
Software version: 4.2.7
Database directory: /home/bacte/miniconda3/envs/amrfinder_env/share/amrfinderplus/data/2026-08-07.1
Database version: 2026-08-07.1
AMRFinder translated nucleotide search
  - include -O ORGANISM, --organism ORGANISM option to add mutation searches and suppress common proteins
Running tblastn
Making report
amrfinder took 38 seconds to complete
    OK
[1064/1312] GCF_019163475.1
Running: amrfinder -n /home/bacte/bacillus_amr/01_genomes/ncbi_dataset/ncbi_dataset/data/GCF_019163475.1/GCF_019163475.1_ASM1916347v1_genomic.fna --plus -o /home/bacte/bacillus_amr/05_amr/amrfinder_raw/GCF_019163475.1.tsv
Software directory: /home/bacte/miniconda3/envs/amrfinder_env/bin/
Software version: 4.2.7
Database directory: /home/bacte/miniconda3/envs/amrfinder_env/share/amrfinderplus/data/2026-08-07.1
Database version: 2026-08-07.1
AMRFinder translated nucleotide search
  - include -O ORGANISM, --organism ORGANISM option to add mutation searches and suppress common proteins
Running tblastn
Making report
amrfinder took 76 seconds to complete
    OK
[1065/1312] GCF_019464595.1
Running: amrfinder -n /home/bacte/bacillus_amr/01_genomes/ncbi_dataset/ncbi_dataset/data/GCF_019464595.1/GCF_019464595.1_ASM1946459v1_genomic.fna --plus -o /home/bacte/bacillus_amr/05_amr/amrfinder_raw/GCF_019464595.1.tsv
Software directory: /home/bacte/miniconda3/envs/amrfinder_env/bin/
Software version: 4.2.7
Database directory: /home/bacte/miniconda3/envs/amrfinder_env/share/amrfinderplus/data/2026-08-07.1
Database version: 2026-08-07.1
AMRFinder translated nucleotide search
  - include -O ORGANISM, --organism ORGANISM option to add mutation searches and suppress common proteins
Running tblastn
Making report
amrfinder took 77 seconds to complete
    OK
[1066/1312] GCF_019603335.1
Running: amrfinder -n /home/bacte/bacillus_amr/01_genomes/ncbi_dataset/ncbi_dataset/data/GCF_019603335.1/GCF_019603335.1_ASM1960333v1_genomic.fna --plus -o /home/bacte/bacillus_amr/05_amr/amrfinder_raw/GCF_019603335.1.tsv
Software directory: /home/bacte/miniconda3/envs/amrfinder_env/bin/
Software version: 4.2.7
Database directory: /home/bacte/miniconda3/envs/amrfinder_env/share/amrfinderplus/data/2026-08-07.1
Database version: 2026-08-07.1
AMRFinder translated nucleotide search
  - include -O ORGANISM, --organism ORGANISM option to add mutation searches and suppress common proteins
Running tblastn
Making report
amrfinder took 75 seconds to complete
    OK
[1067/1312] GCF_020177005.1
Running: amrfinder -n /home/bacte/bacillus_amr/01_genomes/ncbi_dataset/ncbi_dataset/data/GCF_020177005.1/GCF_020177005.1_ASM2017700v1_genomic.fna --plus -o /home/bacte/bacillus_amr/05_amr/amrfinder_raw/GCF_020177005.1.tsv
Software directory: /home/bacte/miniconda3/envs/amrfinder_env/bin/
Software version: 4.2.7
Database directory: /home/bacte/miniconda3/envs/amrfinder_env/share/amrfinderplus/data/2026-08-07.1
Database version: 2026-08-07.1
AMRFinder translated nucleotide search
  - include -O ORGANISM, --organism ORGANISM option to add mutation searches and suppress common proteins
Running tblastn
Making report
amrfinder took 15 seconds to complete
    OK
[1068/1312] GCF_020179855.1
Running: amrfinder -n /home/bacte/bacillus_amr/01_genomes/ncbi_dataset/ncbi_dataset/data/GCF_020179855.1/GCF_020179855.1_ASM2017985v1_genomic.fna --plus -o /home/bacte/bacillus_amr/05_amr/amrfinder_raw/GCF_020179855.1.tsv
Software directory: /home/bacte/miniconda3/envs/amrfinder_env/bin/
Software version: 4.2.7
Database directory: /home/bacte/miniconda3/envs/amrfinder_env/share/amrfinderplus/data/2026-08-07.1
Database version: 2026-08-07.1
AMRFinder translated nucleotide search
  - include -O ORGANISM, --organism ORGANISM option to add mutation searches and suppress common proteins
Running tblastn
Making report
amrfinder took 15 seconds to complete
    OK
[1069/1312] GCF_020179885.1
Running: amrfinder -n /home/bacte/bacillus_amr/01_genomes/ncbi_dataset/ncbi_dataset/data/GCF_020179885.1/GCF_020179885.1_ASM2017988v1_genomic.fna --plus -o /home/bacte/bacillus_amr/05_amr/amrfinder_raw/GCF_020179885.1.tsv
Software directory: /home/bacte/miniconda3/envs/amrfinder_env/bin/
Software version: 4.2.7
Database directory: /home/bacte/miniconda3/envs/amrfinder_env/share/amrfinderplus/data/2026-08-07.1
Database version: 2026-08-07.1
AMRFinder translated nucleotide search
  - include -O ORGANISM, --organism ORGANISM option to add mutation searches and suppress common proteins
Running tblastn
Making report
amrfinder took 17 seconds to complete
    OK
[1070/1312] GCF_020551965.1
Running: amrfinder -n /home/bacte/bacillus_amr/01_genomes/ncbi_dataset/ncbi_dataset/data/GCF_020551965.1/GCF_020551965.1_ASM2055196v1_genomic.fna --plus -o /home/bacte/bacillus_amr/05_amr/amrfinder_raw/GCF_020551965.1.tsv
Software directory: /home/bacte/miniconda3/envs/amrfinder_env/bin/
Software version: 4.2.7
Database directory: /home/bacte/miniconda3/envs/amrfinder_env/share/amrfinderplus/data/2026-08-07.1
Database version: 2026-08-07.1
AMRFinder translated nucleotide search
  - include -O ORGANISM, --organism ORGANISM option to add mutation searches and suppress common proteins
Running tblastn
Making report
amrfinder took 17 seconds to complete
    OK
[1071/1312] GCF_020685215.1
Running: amrfinder -n /home/bacte/bacillus_amr/01_genomes/ncbi_dataset/ncbi_dataset/data/GCF_020685215.1/GCF_020685215.1_ASM2068521v1_genomic.fna --plus -o /home/bacte/bacillus_amr/05_amr/amrfinder_raw/GCF_020685215.1.tsv
Software directory: /home/bacte/miniconda3/envs/amrfinder_env/bin/
Software version: 4.2.7
Database directory: /home/bacte/miniconda3/envs/amrfinder_env/share/amrfinderplus/data/2026-08-07.1
Database version: 2026-08-07.1
AMRFinder translated nucleotide search
  - include -O ORGANISM, --organism ORGANISM option to add mutation searches and suppress common proteins
Running tblastn
Making report
amrfinder took 14 seconds to complete
    OK
[1072/1312] GCF_020861635.1
Running: amrfinder -n /home/bacte/bacillus_amr/01_genomes/ncbi_dataset/ncbi_dataset/data/GCF_020861635.1/GCF_020861635.1_ASM2086163v1_genomic.fna --plus -o /home/bacte/bacillus_amr/05_amr/amrfinder_raw/GCF_020861635.1.tsv
Software directory: /home/bacte/miniconda3/envs/amrfinder_env/bin/
Software version: 4.2.7
Database directory: /home/bacte/miniconda3/envs/amrfinder_env/share/amrfinderplus/data/2026-08-07.1
Database version: 2026-08-07.1
AMRFinder translated nucleotide search
  - include -O ORGANISM, --organism ORGANISM option to add mutation searches and suppress common proteins
Running tblastn
Making report
amrfinder took 22 seconds to complete
    OK
[1073/1312] GCF_020907785.1
Running: amrfinder -n /home/bacte/bacillus_amr/01_genomes/ncbi_dataset/ncbi_dataset/data/GCF_020907785.1/GCF_020907785.1_ASM2090778v1_genomic.fna --plus -o /home/bacte/bacillus_amr/05_amr/amrfinder_raw/GCF_020907785.1.tsv
Software directory: /home/bacte/miniconda3/envs/amrfinder_env/bin/
Software version: 4.2.7
Database directory: /home/bacte/miniconda3/envs/amrfinder_env/share/amrfinderplus/data/2026-08-07.1
Database version: 2026-08-07.1
AMRFinder translated nucleotide search
  - include -O ORGANISM, --organism ORGANISM option to add mutation searches and suppress common proteins
Running tblastn
Making report
amrfinder took 41 seconds to complete
    OK
[1074/1312] GCF_020911825.1
Running: amrfinder -n /home/bacte/bacillus_amr/01_genomes/ncbi_dataset/ncbi_dataset/data/GCF_020911825.1/GCF_020911825.1_ASM2091182v1_genomic.fna --plus -o /home/bacte/bacillus_amr/05_amr/amrfinder_raw/GCF_020911825.1.tsv
Software directory: /home/bacte/miniconda3/envs/amrfinder_env/bin/
Software version: 4.2.7
Database directory: /home/bacte/miniconda3/envs/amrfinder_env/share/amrfinderplus/data/2026-08-07.1
Database version: 2026-08-07.1
AMRFinder translated nucleotide search
  - include -O ORGANISM, --organism ORGANISM option to add mutation searches and suppress common proteins
Running tblastn
Making report
amrfinder took 77 seconds to complete
    OK
[1075/1312] GCF_021202875.1
Running: amrfinder -n /home/bacte/bacillus_amr/01_genomes/ncbi_dataset/ncbi_dataset/data/GCF_021202875.1/GCF_021202875.1_ASM2120287v1_genomic.fna --plus -o /home/bacte/bacillus_amr/05_amr/amrfinder_raw/GCF_021202875.1.tsv
Software directory: /home/bacte/miniconda3/envs/amrfinder_env/bin/
Software version: 4.2.7
Database directory: /home/bacte/miniconda3/envs/amrfinder_env/share/amrfinderplus/data/2026-08-07.1
Database version: 2026-08-07.1
AMRFinder translated nucleotide search
  - include -O ORGANISM, --organism ORGANISM option to add mutation searches and suppress common proteins
Running tblastn
Making report
amrfinder took 29 seconds to complete
    OK
[1076/1312] GCF_021228895.1
Running: amrfinder -n /home/bacte/bacillus_amr/01_genomes/ncbi_dataset/ncbi_dataset/data/GCF_021228895.1/GCF_021228895.1_ASM2122889v1_genomic.fna --plus -o /home/bacte/bacillus_amr/05_amr/amrfinder_raw/GCF_021228895.1.tsv
Software directory: /home/bacte/miniconda3/envs/amrfinder_env/bin/
Software version: 4.2.7
Database directory: /home/bacte/miniconda3/envs/amrfinder_env/share/amrfinderplus/data/2026-08-07.1
Database version: 2026-08-07.1
AMRFinder translated nucleotide search
  - include -O ORGANISM, --organism ORGANISM option to add mutation searches and suppress common proteins
Running tblastn
Making report
amrfinder took 81 seconds to complete
    OK
[1077/1312] GCF_022370935.1
Running: amrfinder -n /home/bacte/bacillus_amr/01_genomes/ncbi_dataset/ncbi_dataset/data/GCF_022370935.1/GCF_022370935.1_ASM2237093v1_genomic.fna --plus -o /home/bacte/bacillus_amr/05_amr/amrfinder_raw/GCF_022370935.1.tsv
Software directory: /home/bacte/miniconda3/envs/amrfinder_env/bin/
Software version: 4.2.7
Database directory: /home/bacte/miniconda3/envs/amrfinder_env/share/amrfinderplus/data/2026-08-07.1
Database version: 2026-08-07.1
AMRFinder translated nucleotide search
  - include -O ORGANISM, --organism ORGANISM option to add mutation searches and suppress common proteins
Running tblastn
Making report
amrfinder took 78 seconds to complete
    OK
[1078/1312] GCF_022385235.1
Running: amrfinder -n /home/bacte/bacillus_amr/01_genomes/ncbi_dataset/ncbi_dataset/data/GCF_022385235.1/GCF_022385235.1_ASM2238523v1_genomic.fna --plus -o /home/bacte/bacillus_amr/05_amr/amrfinder_raw/GCF_022385235.1.tsv
Software directory: /home/bacte/miniconda3/envs/amrfinder_env/bin/
Software version: 4.2.7
Database directory: /home/bacte/miniconda3/envs/amrfinder_env/share/amrfinderplus/data/2026-08-07.1
Database version: 2026-08-07.1
AMRFinder translated nucleotide search
  - include -O ORGANISM, --organism ORGANISM option to add mutation searches and suppress common proteins
Running tblastn
Making report
amrfinder took 77 seconds to complete
    OK
[1079/1312] GCF_022488425.1
Running: amrfinder -n /home/bacte/bacillus_amr/01_genomes/ncbi_dataset/ncbi_dataset/data/GCF_022488425.1/GCF_022488425.1_ASM2248842v1_genomic.fna --plus -o /home/bacte/bacillus_amr/05_amr/amrfinder_raw/GCF_022488425.1.tsv
Software directory: /home/bacte/miniconda3/envs/amrfinder_env/bin/
Software version: 4.2.7
Database directory: /home/bacte/miniconda3/envs/amrfinder_env/share/amrfinderplus/data/2026-08-07.1
Database version: 2026-08-07.1
AMRFinder translated nucleotide search
  - include -O ORGANISM, --organism ORGANISM option to add mutation searches and suppress common proteins
Running tblastn
Making report
amrfinder took 74 seconds to complete
    OK
[1080/1312] GCF_024125385.1
Running: amrfinder -n /home/bacte/bacillus_amr/01_genomes/ncbi_dataset/ncbi_dataset/data/GCF_024125385.1/GCF_024125385.1_ASM2412538v1_genomic.fna --plus -o /home/bacte/bacillus_amr/05_amr/amrfinder_raw/GCF_024125385.1.tsv
Software directory: /home/bacte/miniconda3/envs/amrfinder_env/bin/
Software version: 4.2.7
Database directory: /home/bacte/miniconda3/envs/amrfinder_env/share/amrfinderplus/data/2026-08-07.1
Database version: 2026-08-07.1
AMRFinder translated nucleotide search
  - include -O ORGANISM, --organism ORGANISM option to add mutation searches and suppress common proteins
Running tblastn
Making report
amrfinder took 11 seconds to complete
    OK
[1081/1312] GCF_024125405.1
Running: amrfinder -n /home/bacte/bacillus_amr/01_genomes/ncbi_dataset/ncbi_dataset/data/GCF_024125405.1/GCF_024125405.1_ASM2412540v1_genomic.fna --plus -o /home/bacte/bacillus_amr/05_amr/amrfinder_raw/GCF_024125405.1.tsv
Software directory: /home/bacte/miniconda3/envs/amrfinder_env/bin/
Software version: 4.2.7
Database directory: /home/bacte/miniconda3/envs/amrfinder_env/share/amrfinderplus/data/2026-08-07.1
Database version: 2026-08-07.1
AMRFinder translated nucleotide search
  - include -O ORGANISM, --organism ORGANISM option to add mutation searches and suppress common proteins
Running tblastn
Making report
amrfinder took 14 seconds to complete
    OK
[1082/1312] GCF_024259405.1
Running: amrfinder -n /home/bacte/bacillus_amr/01_genomes/ncbi_dataset/ncbi_dataset/data/GCF_024259405.1/GCF_024259405.1_ASM2425940v1_genomic.fna --plus -o /home/bacte/bacillus_amr/05_amr/amrfinder_raw/GCF_024259405.1.tsv
Software directory: /home/bacte/miniconda3/envs/amrfinder_env/bin/
Software version: 4.2.7
Database directory: /home/bacte/miniconda3/envs/amrfinder_env/share/amrfinderplus/data/2026-08-07.1
Database version: 2026-08-07.1
AMRFinder translated nucleotide search
  - include -O ORGANISM, --organism ORGANISM option to add mutation searches and suppress common proteins
Running tblastn
Making report
amrfinder took 23 seconds to complete
    OK
[1083/1312] GCF_024917135.1
Running: amrfinder -n /home/bacte/bacillus_amr/01_genomes/ncbi_dataset/ncbi_dataset/data/GCF_024917135.1/GCF_024917135.1_ASM2491713v1_genomic.fna --plus -o /home/bacte/bacillus_amr/05_amr/amrfinder_raw/GCF_024917135.1.tsv
Software directory: /home/bacte/miniconda3/envs/amrfinder_env/bin/
Software version: 4.2.7
Database directory: /home/bacte/miniconda3/envs/amrfinder_env/share/amrfinderplus/data/2026-08-07.1
Database version: 2026-08-07.1
AMRFinder translated nucleotide search
  - include -O ORGANISM, --organism ORGANISM option to add mutation searches and suppress common proteins
Running tblastn
Making report
amrfinder took 76 seconds to complete
    OK
[1084/1312] GCF_025857215.1
Running: amrfinder -n /home/bacte/bacillus_amr/01_genomes/ncbi_dataset/ncbi_dataset/data/GCF_025857215.1/GCF_025857215.1_ASM2585721v1_genomic.fna --plus -o /home/bacte/bacillus_amr/05_amr/amrfinder_raw/GCF_025857215.1.tsv
Software directory: /home/bacte/miniconda3/envs/amrfinder_env/bin/
Software version: 4.2.7
Database directory: /home/bacte/miniconda3/envs/amrfinder_env/share/amrfinderplus/data/2026-08-07.1
Database version: 2026-08-07.1
AMRFinder translated nucleotide search
  - include -O ORGANISM, --organism ORGANISM option to add mutation searches and suppress common proteins
Running tblastn
Making report
amrfinder took 82 seconds to complete
    OK
[1085/1312] GCF_025917635.1
Running: amrfinder -n /home/bacte/bacillus_amr/01_genomes/ncbi_dataset/ncbi_dataset/data/GCF_025917635.1/GCF_025917635.1_ASM2591763v1_genomic.fna --plus -o /home/bacte/bacillus_amr/05_amr/amrfinder_raw/GCF_025917635.1.tsv
Software directory: /home/bacte/miniconda3/envs/amrfinder_env/bin/
Software version: 4.2.7
Database directory: /home/bacte/miniconda3/envs/amrfinder_env/share/amrfinderplus/data/2026-08-07.1
Database version: 2026-08-07.1
AMRFinder translated nucleotide search
  - include -O ORGANISM, --organism ORGANISM option to add mutation searches and suppress common proteins
Running tblastn
Making report
amrfinder took 79 seconds to complete
    OK
[1086/1312] GCF_026194235.1
Running: amrfinder -n /home/bacte/bacillus_amr/01_genomes/ncbi_dataset/ncbi_dataset/data/GCF_026194235.1/GCF_026194235.1_ASM2619423v1_genomic.fna --plus -o /home/bacte/bacillus_amr/05_amr/amrfinder_raw/GCF_026194235.1.tsv
Software directory: /home/bacte/miniconda3/envs/amrfinder_env/bin/
Software version: 4.2.7
Database directory: /home/bacte/miniconda3/envs/amrfinder_env/share/amrfinderplus/data/2026-08-07.1
Database version: 2026-08-07.1
AMRFinder translated nucleotide search
  - include -O ORGANISM, --organism ORGANISM option to add mutation searches and suppress common proteins
Running tblastn
Making report
amrfinder took 75 seconds to complete
    OK
[1087/1312] GCF_026241745.1
Running: amrfinder -n /home/bacte/bacillus_amr/01_genomes/ncbi_dataset/ncbi_dataset/data/GCF_026241745.1/GCF_026241745.1_ASM2624174v1_genomic.fna --plus -o /home/bacte/bacillus_amr/05_amr/amrfinder_raw/GCF_026241745.1.tsv
Software directory: /home/bacte/miniconda3/envs/amrfinder_env/bin/
Software version: 4.2.7
Database directory: /home/bacte/miniconda3/envs/amrfinder_env/share/amrfinderplus/data/2026-08-07.1
Database version: 2026-08-07.1
AMRFinder translated nucleotide search
  - include -O ORGANISM, --organism ORGANISM option to add mutation searches and suppress common proteins
Running tblastn
Making report
amrfinder took 16 seconds to complete
    OK
[1088/1312] GCF_026242165.1
Running: amrfinder -n /home/bacte/bacillus_amr/01_genomes/ncbi_dataset/ncbi_dataset/data/GCF_026242165.1/GCF_026242165.1_ASM2624216v1_genomic.fna --plus -o /home/bacte/bacillus_amr/05_amr/amrfinder_raw/GCF_026242165.1.tsv
Software directory: /home/bacte/miniconda3/envs/amrfinder_env/bin/
Software version: 4.2.7
Database directory: /home/bacte/miniconda3/envs/amrfinder_env/share/amrfinderplus/data/2026-08-07.1
Database version: 2026-08-07.1
AMRFinder translated nucleotide search
  - include -O ORGANISM, --organism ORGANISM option to add mutation searches and suppress common proteins
Running tblastn
Making report
amrfinder took 26 seconds to complete
    OK
[1089/1312] GCF_026275485.1
Running: amrfinder -n /home/bacte/bacillus_amr/01_genomes/ncbi_dataset/ncbi_dataset/data/GCF_026275485.1/GCF_026275485.1_ASM2627548v1_genomic.fna --plus -o /home/bacte/bacillus_amr/05_amr/amrfinder_raw/GCF_026275485.1.tsv
Software directory: /home/bacte/miniconda3/envs/amrfinder_env/bin/
Software version: 4.2.7
Database directory: /home/bacte/miniconda3/envs/amrfinder_env/share/amrfinderplus/data/2026-08-07.1
Database version: 2026-08-07.1
AMRFinder translated nucleotide search
  - include -O ORGANISM, --organism ORGANISM option to add mutation searches and suppress common proteins
Running tblastn
Making report
amrfinder took 23 seconds to complete
    OK
[1090/1312] GCF_027857035.1
Running: amrfinder -n /home/bacte/bacillus_amr/01_genomes/ncbi_dataset/ncbi_dataset/data/GCF_027857035.1/GCF_027857035.1_ASM2785703v1_genomic.fna --plus -o /home/bacte/bacillus_amr/05_amr/amrfinder_raw/GCF_027857035.1.tsv
Software directory: /home/bacte/miniconda3/envs/amrfinder_env/bin/
Software version: 4.2.7
Database directory: /home/bacte/miniconda3/envs/amrfinder_env/share/amrfinderplus/data/2026-08-07.1
Database version: 2026-08-07.1
AMRFinder translated nucleotide search
  - include -O ORGANISM, --organism ORGANISM option to add mutation searches and suppress common proteins
Running tblastn
Making report
amrfinder took 77 seconds to complete
    OK
[1091/1312] GCF_029016665.1
Running: amrfinder -n /home/bacte/bacillus_amr/01_genomes/ncbi_dataset/ncbi_dataset/data/GCF_029016665.1/GCF_029016665.1_ASM2901666v1_genomic.fna --plus -o /home/bacte/bacillus_amr/05_amr/amrfinder_raw/GCF_029016665.1.tsv
Software directory: /home/bacte/miniconda3/envs/amrfinder_env/bin/
Software version: 4.2.7
Database directory: /home/bacte/miniconda3/envs/amrfinder_env/share/amrfinderplus/data/2026-08-07.1
Database version: 2026-08-07.1
AMRFinder translated nucleotide search
  - include -O ORGANISM, --organism ORGANISM option to add mutation searches and suppress common proteins
Running tblastn
Making report
amrfinder took 78 seconds to complete
    OK
[1092/1312] GCF_029215565.1
Running: amrfinder -n /home/bacte/bacillus_amr/01_genomes/ncbi_dataset/ncbi_dataset/data/GCF_029215565.1/GCF_029215565.1_ASM2921556v1_genomic.fna --plus -o /home/bacte/bacillus_amr/05_amr/amrfinder_raw/GCF_029215565.1.tsv
Software directory: /home/bacte/miniconda3/envs/amrfinder_env/bin/
Software version: 4.2.7
Database directory: /home/bacte/miniconda3/envs/amrfinder_env/share/amrfinderplus/data/2026-08-07.1
Database version: 2026-08-07.1
AMRFinder translated nucleotide search
  - include -O ORGANISM, --organism ORGANISM option to add mutation searches and suppress common proteins
Running tblastn
Making report
amrfinder took 77 seconds to complete
    OK
[1093/1312] GCF_029282585.1
Running: amrfinder -n /home/bacte/bacillus_amr/01_genomes/ncbi_dataset/ncbi_dataset/data/GCF_029282585.1/GCF_029282585.1_ASM2928258v1_genomic.fna --plus -o /home/bacte/bacillus_amr/05_amr/amrfinder_raw/GCF_029282585.1.tsv
Software directory: /home/bacte/miniconda3/envs/amrfinder_env/bin/
Software version: 4.2.7
Database directory: /home/bacte/miniconda3/envs/amrfinder_env/share/amrfinderplus/data/2026-08-07.1
Database version: 2026-08-07.1
AMRFinder translated nucleotide search
  - include -O ORGANISM, --organism ORGANISM option to add mutation searches and suppress common proteins
Running tblastn
Making report
amrfinder took 84 seconds to complete
    OK
[1094/1312] GCF_029636745.1
Running: amrfinder -n /home/bacte/bacillus_amr/01_genomes/ncbi_dataset/ncbi_dataset/data/GCF_029636745.1/GCF_029636745.1_ASM2963674v1_genomic.fna --plus -o /home/bacte/bacillus_amr/05_amr/amrfinder_raw/GCF_029636745.1.tsv
Software directory: /home/bacte/miniconda3/envs/amrfinder_env/bin/
Software version: 4.2.7
Database directory: /home/bacte/miniconda3/envs/amrfinder_env/share/amrfinderplus/data/2026-08-07.1
Database version: 2026-08-07.1
AMRFinder translated nucleotide search
  - include -O ORGANISM, --organism ORGANISM option to add mutation searches and suppress common proteins
Running tblastn
Making report
amrfinder took 77 seconds to complete
    OK
[1095/1312] GCF_029846455.1
Running: amrfinder -n /home/bacte/bacillus_amr/01_genomes/ncbi_dataset/ncbi_dataset/data/GCF_029846455.1/GCF_029846455.1_ASM2984645v1_genomic.fna --plus -o /home/bacte/bacillus_amr/05_amr/amrfinder_raw/GCF_029846455.1.tsv
Software directory: /home/bacte/miniconda3/envs/amrfinder_env/bin/
Software version: 4.2.7
Database directory: /home/bacte/miniconda3/envs/amrfinder_env/share/amrfinderplus/data/2026-08-07.1
Database version: 2026-08-07.1
AMRFinder translated nucleotide search
  - include -O ORGANISM, --organism ORGANISM option to add mutation searches and suppress common proteins
Running tblastn
Making report
amrfinder took 23 seconds to complete
    OK
[1096/1312] GCF_029910295.1
Running: amrfinder -n /home/bacte/bacillus_amr/01_genomes/ncbi_dataset/ncbi_dataset/data/GCF_029910295.1/GCF_029910295.1_ASM2991029v1_genomic.fna --plus -o /home/bacte/bacillus_amr/05_amr/amrfinder_raw/GCF_029910295.1.tsv
Software directory: /home/bacte/miniconda3/envs/amrfinder_env/bin/
Software version: 4.2.7
Database directory: /home/bacte/miniconda3/envs/amrfinder_env/share/amrfinderplus/data/2026-08-07.1
Database version: 2026-08-07.1
AMRFinder translated nucleotide search
  - include -O ORGANISM, --organism ORGANISM option to add mutation searches and suppress common proteins
Running tblastn
Making report
amrfinder took 76 seconds to complete
    OK
[1097/1312] GCF_030028255.1
Running: amrfinder -n /home/bacte/bacillus_amr/01_genomes/ncbi_dataset/ncbi_dataset/data/GCF_030028255.1/GCF_030028255.1_ASM3002825v1_genomic.fna --plus -o /home/bacte/bacillus_amr/05_amr/amrfinder_raw/GCF_030028255.1.tsv
Software directory: /home/bacte/miniconda3/envs/amrfinder_env/bin/
Software version: 4.2.7
Database directory: /home/bacte/miniconda3/envs/amrfinder_env/share/amrfinderplus/data/2026-08-07.1
Database version: 2026-08-07.1
AMRFinder translated nucleotide search
  - include -O ORGANISM, --organism ORGANISM option to add mutation searches and suppress common proteins
Running tblastn
Making report
amrfinder took 73 seconds to complete
    OK
[1098/1312] GCF_030123305.1
Running: amrfinder -n /home/bacte/bacillus_amr/01_genomes/ncbi_dataset/ncbi_dataset/data/GCF_030123305.1/GCF_030123305.1_ASM3012330v1_genomic.fna --plus -o /home/bacte/bacillus_amr/05_amr/amrfinder_raw/GCF_030123305.1.tsv
Software directory: /home/bacte/miniconda3/envs/amrfinder_env/bin/
Software version: 4.2.7
Database directory: /home/bacte/miniconda3/envs/amrfinder_env/share/amrfinderplus/data/2026-08-07.1
Database version: 2026-08-07.1
AMRFinder translated nucleotide search
  - include -O ORGANISM, --organism ORGANISM option to add mutation searches and suppress common proteins
Running tblastn
Making report
amrfinder took 74 seconds to complete
    OK
[1099/1312] GCF_030252385.1
Running: amrfinder -n /home/bacte/bacillus_amr/01_genomes/ncbi_dataset/ncbi_dataset/data/GCF_030252385.1/GCF_030252385.1_ASM3025238v1_genomic.fna --plus -o /home/bacte/bacillus_amr/05_amr/amrfinder_raw/GCF_030252385.1.tsv
Software directory: /home/bacte/miniconda3/envs/amrfinder_env/bin/
Software version: 4.2.7
Database directory: /home/bacte/miniconda3/envs/amrfinder_env/share/amrfinderplus/data/2026-08-07.1
Database version: 2026-08-07.1
AMRFinder translated nucleotide search
  - include -O ORGANISM, --organism ORGANISM option to add mutation searches and suppress common proteins
Running tblastn
Making report
amrfinder took 75 seconds to complete
    OK
[1100/1312] GCF_030284665.1
Running: amrfinder -n /home/bacte/bacillus_amr/01_genomes/ncbi_dataset/ncbi_dataset/data/GCF_030284665.1/GCF_030284665.1_ASM3028466v1_genomic.fna --plus -o /home/bacte/bacillus_amr/05_amr/amrfinder_raw/GCF_030284665.1.tsv
Software directory: /home/bacte/miniconda3/envs/amrfinder_env/bin/
Software version: 4.2.7
Database directory: /home/bacte/miniconda3/envs/amrfinder_env/share/amrfinderplus/data/2026-08-07.1
Database version: 2026-08-07.1
AMRFinder translated nucleotide search
  - include -O ORGANISM, --organism ORGANISM option to add mutation searches and suppress common proteins
Running tblastn
Making report
amrfinder took 42 seconds to complete
    OK
[1101/1312] GCF_030348305.1
Running: amrfinder -n /home/bacte/bacillus_amr/01_genomes/ncbi_dataset/ncbi_dataset/data/GCF_030348305.1/GCF_030348305.1_ASM3034830v1_genomic.fna --plus -o /home/bacte/bacillus_amr/05_amr/amrfinder_raw/GCF_030348305.1.tsv
Software directory: /home/bacte/miniconda3/envs/amrfinder_env/bin/
Software version: 4.2.7
Database directory: /home/bacte/miniconda3/envs/amrfinder_env/share/amrfinderplus/data/2026-08-07.1
Database version: 2026-08-07.1
AMRFinder translated nucleotide search
  - include -O ORGANISM, --organism ORGANISM option to add mutation searches and suppress common proteins
Running tblastn
Making report
amrfinder took 77 seconds to complete
    OK
[1102/1312] GCF_030378485.1
Running: amrfinder -n /home/bacte/bacillus_amr/01_genomes/ncbi_dataset/ncbi_dataset/data/GCF_030378485.1/GCF_030378485.1_ASM3037848v1_genomic.fna --plus -o /home/bacte/bacillus_amr/05_amr/amrfinder_raw/GCF_030378485.1.tsv
Software directory: /home/bacte/miniconda3/envs/amrfinder_env/bin/
Software version: 4.2.7
Database directory: /home/bacte/miniconda3/envs/amrfinder_env/share/amrfinderplus/data/2026-08-07.1
Database version: 2026-08-07.1
AMRFinder translated nucleotide search
  - include -O ORGANISM, --organism ORGANISM option to add mutation searches and suppress common proteins
Running tblastn
Making report
amrfinder took 79 seconds to complete
    OK
[1103/1312] GCF_030544925.1
Running: amrfinder -n /home/bacte/bacillus_amr/01_genomes/ncbi_dataset/ncbi_dataset/data/GCF_030544925.1/GCF_030544925.1_ASM3054492v1_genomic.fna --plus -o /home/bacte/bacillus_amr/05_amr/amrfinder_raw/GCF_030544925.1.tsv
Software directory: /home/bacte/miniconda3/envs/amrfinder_env/bin/
Software version: 4.2.7
Database directory: /home/bacte/miniconda3/envs/amrfinder_env/share/amrfinderplus/data/2026-08-07.1
Database version: 2026-08-07.1
AMRFinder translated nucleotide search
  - include -O ORGANISM, --organism ORGANISM option to add mutation searches and suppress common proteins
Running tblastn
Making report
amrfinder took 79 seconds to complete
    OK
[1104/1312] GCF_030550855.1
Running: amrfinder -n /home/bacte/bacillus_amr/01_genomes/ncbi_dataset/ncbi_dataset/data/GCF_030550855.1/GCF_030550855.1_ASM3055085v1_genomic.fna --plus -o /home/bacte/bacillus_amr/05_amr/amrfinder_raw/GCF_030550855.1.tsv
Software directory: /home/bacte/miniconda3/envs/amrfinder_env/bin/
Software version: 4.2.7
Database directory: /home/bacte/miniconda3/envs/amrfinder_env/share/amrfinderplus/data/2026-08-07.1
Database version: 2026-08-07.1
AMRFinder translated nucleotide search
  - include -O ORGANISM, --organism ORGANISM option to add mutation searches and suppress common proteins
Running tblastn
Making report
amrfinder took 11 seconds to complete
    OK
[1105/1312] GCF_030676795.1
Running: amrfinder -n /home/bacte/bacillus_amr/01_genomes/ncbi_dataset/ncbi_dataset/data/GCF_030676795.1/GCF_030676795.1_ASM3067679v1_genomic.fna --plus -o /home/bacte/bacillus_amr/05_amr/amrfinder_raw/GCF_030676795.1.tsv
Software directory: /home/bacte/miniconda3/envs/amrfinder_env/bin/
Software version: 4.2.7
Database directory: /home/bacte/miniconda3/envs/amrfinder_env/share/amrfinderplus/data/2026-08-07.1
Database version: 2026-08-07.1
AMRFinder translated nucleotide search
  - include -O ORGANISM, --organism ORGANISM option to add mutation searches and suppress common proteins
Running tblastn
Making report
amrfinder took 30 seconds to complete
    OK
[1106/1312] GCF_030704265.1
Running: amrfinder -n /home/bacte/bacillus_amr/01_genomes/ncbi_dataset/ncbi_dataset/data/GCF_030704265.1/GCF_030704265.1_ASM3070426v1_genomic.fna --plus -o /home/bacte/bacillus_amr/05_amr/amrfinder_raw/GCF_030704265.1.tsv
Software directory: /home/bacte/miniconda3/envs/amrfinder_env/bin/
Software version: 4.2.7
Database directory: /home/bacte/miniconda3/envs/amrfinder_env/share/amrfinderplus/data/2026-08-07.1
Database version: 2026-08-07.1
AMRFinder translated nucleotide search
  - include -O ORGANISM, --organism ORGANISM option to add mutation searches and suppress common proteins
Running tblastn
Making report
amrfinder took 76 seconds to complete
    OK
[1107/1312] GCF_031118725.1
Running: amrfinder -n /home/bacte/bacillus_amr/01_genomes/ncbi_dataset/ncbi_dataset/data/GCF_031118725.1/GCF_031118725.1_ASM3111872v1_genomic.fna --plus -o /home/bacte/bacillus_amr/05_amr/amrfinder_raw/GCF_031118725.1.tsv
Software directory: /home/bacte/miniconda3/envs/amrfinder_env/bin/
Software version: 4.2.7
Database directory: /home/bacte/miniconda3/envs/amrfinder_env/share/amrfinderplus/data/2026-08-07.1
Database version: 2026-08-07.1
AMRFinder translated nucleotide search
  - include -O ORGANISM, --organism ORGANISM option to add mutation searches and suppress common proteins
Running tblastn
Making report
amrfinder took 39 seconds to complete
    OK
[1108/1312] GCF_031324265.1
Running: amrfinder -n /home/bacte/bacillus_amr/01_genomes/ncbi_dataset/ncbi_dataset/data/GCF_031324265.1/GCF_031324265.1_ASM3132426v1_genomic.fna --plus -o /home/bacte/bacillus_amr/05_amr/amrfinder_raw/GCF_031324265.1.tsv
Software directory: /home/bacte/miniconda3/envs/amrfinder_env/bin/
Software version: 4.2.7
Database directory: /home/bacte/miniconda3/envs/amrfinder_env/share/amrfinderplus/data/2026-08-07.1
Database version: 2026-08-07.1
AMRFinder translated nucleotide search
  - include -O ORGANISM, --organism ORGANISM option to add mutation searches and suppress common proteins
Running tblastn
Making report
amrfinder took 49 seconds to complete
    OK
[1109/1312] GCF_031460235.1
Running: amrfinder -n /home/bacte/bacillus_amr/01_genomes/ncbi_dataset/ncbi_dataset/data/GCF_031460235.1/GCF_031460235.1_ASM3146023v1_genomic.fna --plus -o /home/bacte/bacillus_amr/05_amr/amrfinder_raw/GCF_031460235.1.tsv
Software directory: /home/bacte/miniconda3/envs/amrfinder_env/bin/
Software version: 4.2.7
Database directory: /home/bacte/miniconda3/envs/amrfinder_env/share/amrfinderplus/data/2026-08-07.1
Database version: 2026-08-07.1
AMRFinder translated nucleotide search
  - include -O ORGANISM, --organism ORGANISM option to add mutation searches and suppress common proteins
Running tblastn
Making report
amrfinder took 30 seconds to complete
    OK
[1110/1312] GCF_031883715.1
Running: amrfinder -n /home/bacte/bacillus_amr/01_genomes/ncbi_dataset/ncbi_dataset/data/GCF_031883715.1/GCF_031883715.1_ASM3188371v1_genomic.fna --plus -o /home/bacte/bacillus_amr/05_amr/amrfinder_raw/GCF_031883715.1.tsv
Software directory: /home/bacte/miniconda3/envs/amrfinder_env/bin/
Software version: 4.2.7
Database directory: /home/bacte/miniconda3/envs/amrfinder_env/share/amrfinderplus/data/2026-08-07.1
Database version: 2026-08-07.1
AMRFinder translated nucleotide search
  - include -O ORGANISM, --organism ORGANISM option to add mutation searches and suppress common proteins
Running tblastn
Making report
amrfinder took 81 seconds to complete
    OK
[1111/1312] GCF_032291985.1
Running: amrfinder -n /home/bacte/bacillus_amr/01_genomes/ncbi_dataset/ncbi_dataset/data/GCF_032291985.1/GCF_032291985.1_ASM3229198v1_genomic.fna --plus -o /home/bacte/bacillus_amr/05_amr/amrfinder_raw/GCF_032291985.1.tsv
Software directory: /home/bacte/miniconda3/envs/amrfinder_env/bin/
Software version: 4.2.7
Database directory: /home/bacte/miniconda3/envs/amrfinder_env/share/amrfinderplus/data/2026-08-07.1
Database version: 2026-08-07.1
AMRFinder translated nucleotide search
  - include -O ORGANISM, --organism ORGANISM option to add mutation searches and suppress common proteins
Running tblastn
Making report
amrfinder took 82 seconds to complete
    OK
[1112/1312] GCF_033798645.1
Running: amrfinder -n /home/bacte/bacillus_amr/01_genomes/ncbi_dataset/ncbi_dataset/data/GCF_033798645.1/GCF_033798645.1_ASM3379864v1_genomic.fna --plus -o /home/bacte/bacillus_amr/05_amr/amrfinder_raw/GCF_033798645.1.tsv
Software directory: /home/bacte/miniconda3/envs/amrfinder_env/bin/
Software version: 4.2.7
Database directory: /home/bacte/miniconda3/envs/amrfinder_env/share/amrfinderplus/data/2026-08-07.1
Database version: 2026-08-07.1
AMRFinder translated nucleotide search
  - include -O ORGANISM, --organism ORGANISM option to add mutation searches and suppress common proteins
Running tblastn
Making report
amrfinder took 79 seconds to complete
    OK
[1113/1312] GCF_033949375.1
Running: amrfinder -n /home/bacte/bacillus_amr/01_genomes/ncbi_dataset/ncbi_dataset/data/GCF_033949375.1/GCF_033949375.1_ASM3394937v1_genomic.fna --plus -o /home/bacte/bacillus_amr/05_amr/amrfinder_raw/GCF_033949375.1.tsv
Software directory: /home/bacte/miniconda3/envs/amrfinder_env/bin/
Software version: 4.2.7
Database directory: /home/bacte/miniconda3/envs/amrfinder_env/share/amrfinderplus/data/2026-08-07.1
Database version: 2026-08-07.1
AMRFinder translated nucleotide search
  - include -O ORGANISM, --organism ORGANISM option to add mutation searches and suppress common proteins
Running tblastn
Making report
amrfinder took 14 seconds to complete
    OK
[1114/1312] GCF_034060585.1
Running: amrfinder -n /home/bacte/bacillus_amr/01_genomes/ncbi_dataset/ncbi_dataset/data/GCF_034060585.1/GCF_034060585.1_ASM3406058v1_genomic.fna --plus -o /home/bacte/bacillus_amr/05_amr/amrfinder_raw/GCF_034060585.1.tsv
Software directory: /home/bacte/miniconda3/envs/amrfinder_env/bin/
Software version: 4.2.7
Database directory: /home/bacte/miniconda3/envs/amrfinder_env/share/amrfinderplus/data/2026-08-07.1
Database version: 2026-08-07.1
AMRFinder translated nucleotide search
  - include -O ORGANISM, --organism ORGANISM option to add mutation searches and suppress common proteins
Running tblastn
Making report
amrfinder took 72 seconds to complete
    OK
[1115/1312] GCF_034061945.1
Running: amrfinder -n /home/bacte/bacillus_amr/01_genomes/ncbi_dataset/ncbi_dataset/data/GCF_034061945.1/GCF_034061945.1_ASM3406194v1_genomic.fna --plus -o /home/bacte/bacillus_amr/05_amr/amrfinder_raw/GCF_034061945.1.tsv
Software directory: /home/bacte/miniconda3/envs/amrfinder_env/bin/
Software version: 4.2.7
Database directory: /home/bacte/miniconda3/envs/amrfinder_env/share/amrfinderplus/data/2026-08-07.1
Database version: 2026-08-07.1
AMRFinder translated nucleotide search
  - include -O ORGANISM, --organism ORGANISM option to add mutation searches and suppress common proteins
Running tblastn
Making report
amrfinder took 74 seconds to complete
    OK
[1116/1312] GCF_035658255.2
Running: amrfinder -n /home/bacte/bacillus_amr/01_genomes/ncbi_dataset/ncbi_dataset/data/GCF_035658255.2/GCF_035658255.2_ASM3565825v2_genomic.fna --plus -o /home/bacte/bacillus_amr/05_amr/amrfinder_raw/GCF_035658255.2.tsv
Software directory: /home/bacte/miniconda3/envs/amrfinder_env/bin/
Software version: 4.2.7
Database directory: /home/bacte/miniconda3/envs/amrfinder_env/share/amrfinderplus/data/2026-08-07.1
Database version: 2026-08-07.1
AMRFinder translated nucleotide search
  - include -O ORGANISM, --organism ORGANISM option to add mutation searches and suppress common proteins
Running tblastn
Making report
amrfinder took 75 seconds to complete
    OK
[1117/1312] GCF_035807455.1
Running: amrfinder -n /home/bacte/bacillus_amr/01_genomes/ncbi_dataset/ncbi_dataset/data/GCF_035807455.1/GCF_035807455.1_ASM3580745v1_genomic.fna --plus -o /home/bacte/bacillus_amr/05_amr/amrfinder_raw/GCF_035807455.1.tsv
Software directory: /home/bacte/miniconda3/envs/amrfinder_env/bin/
Software version: 4.2.7
Database directory: /home/bacte/miniconda3/envs/amrfinder_env/share/amrfinderplus/data/2026-08-07.1
Database version: 2026-08-07.1
AMRFinder translated nucleotide search
  - include -O ORGANISM, --organism ORGANISM option to add mutation searches and suppress common proteins
Running tblastn
Making report
amrfinder took 23 seconds to complete
    OK
[1118/1312] GCF_035808035.1
Running: amrfinder -n /home/bacte/bacillus_amr/01_genomes/ncbi_dataset/ncbi_dataset/data/GCF_035808035.1/GCF_035808035.1_ASM3580803v1_genomic.fna --plus -o /home/bacte/bacillus_amr/05_amr/amrfinder_raw/GCF_035808035.1.tsv
Software directory: /home/bacte/miniconda3/envs/amrfinder_env/bin/
Software version: 4.2.7
Database directory: /home/bacte/miniconda3/envs/amrfinder_env/share/amrfinderplus/data/2026-08-07.1
Database version: 2026-08-07.1
AMRFinder translated nucleotide search
  - include -O ORGANISM, --organism ORGANISM option to add mutation searches and suppress common proteins
Running tblastn
Making report
amrfinder took 22 seconds to complete
    OK
[1119/1312] GCF_035808075.1
Running: amrfinder -n /home/bacte/bacillus_amr/01_genomes/ncbi_dataset/ncbi_dataset/data/GCF_035808075.1/GCF_035808075.1_ASM3580807v1_genomic.fna --plus -o /home/bacte/bacillus_amr/05_amr/amrfinder_raw/GCF_035808075.1.tsv
Software directory: /home/bacte/miniconda3/envs/amrfinder_env/bin/
Software version: 4.2.7
Database directory: /home/bacte/miniconda3/envs/amrfinder_env/share/amrfinderplus/data/2026-08-07.1
Database version: 2026-08-07.1
AMRFinder translated nucleotide search
  - include -O ORGANISM, --organism ORGANISM option to add mutation searches and suppress common proteins
Running tblastn
Making report
amrfinder took 37 seconds to complete
    OK
[1120/1312] GCF_036323435.1
Running: amrfinder -n /home/bacte/bacillus_amr/01_genomes/ncbi_dataset/ncbi_dataset/data/GCF_036323435.1/GCF_036323435.1_ASM3632343v1_genomic.fna --plus -o /home/bacte/bacillus_amr/05_amr/amrfinder_raw/GCF_036323435.1.tsv
Software directory: /home/bacte/miniconda3/envs/amrfinder_env/bin/
Software version: 4.2.7
Database directory: /home/bacte/miniconda3/envs/amrfinder_env/share/amrfinderplus/data/2026-08-07.1
Database version: 2026-08-07.1
AMRFinder translated nucleotide search
  - include -O ORGANISM, --organism ORGANISM option to add mutation searches and suppress common proteins
Running tblastn
Making report
amrfinder took 77 seconds to complete
    OK
[1121/1312] GCF_036348355.1
Running: amrfinder -n /home/bacte/bacillus_amr/01_genomes/ncbi_dataset/ncbi_dataset/data/GCF_036348355.1/GCF_036348355.1_ASM3634835v1_genomic.fna --plus -o /home/bacte/bacillus_amr/05_amr/amrfinder_raw/GCF_036348355.1.tsv
Software directory: /home/bacte/miniconda3/envs/amrfinder_env/bin/
Software version: 4.2.7
Database directory: /home/bacte/miniconda3/envs/amrfinder_env/share/amrfinderplus/data/2026-08-07.1
Database version: 2026-08-07.1
AMRFinder translated nucleotide search
  - include -O ORGANISM, --organism ORGANISM option to add mutation searches and suppress common proteins
Running tblastn
Making report
amrfinder took 40 seconds to complete
    OK
[1122/1312] GCF_036961785.1
Running: amrfinder -n /home/bacte/bacillus_amr/01_genomes/ncbi_dataset/ncbi_dataset/data/GCF_036961785.1/GCF_036961785.1_ASM3696178v1_genomic.fna --plus -o /home/bacte/bacillus_amr/05_amr/amrfinder_raw/GCF_036961785.1.tsv
Software directory: /home/bacte/miniconda3/envs/amrfinder_env/bin/
Software version: 4.2.7
Database directory: /home/bacte/miniconda3/envs/amrfinder_env/share/amrfinderplus/data/2026-08-07.1
Database version: 2026-08-07.1
AMRFinder translated nucleotide search
  - include -O ORGANISM, --organism ORGANISM option to add mutation searches and suppress common proteins
Running tblastn
Making report
amrfinder took 9 seconds to complete
    OK
[1123/1312] GCF_036961825.1
Running: amrfinder -n /home/bacte/bacillus_amr/01_genomes/ncbi_dataset/ncbi_dataset/data/GCF_036961825.1/GCF_036961825.1_ASM3696182v1_genomic.fna --plus -o /home/bacte/bacillus_amr/05_amr/amrfinder_raw/GCF_036961825.1.tsv
Software directory: /home/bacte/miniconda3/envs/amrfinder_env/bin/
Software version: 4.2.7
Database directory: /home/bacte/miniconda3/envs/amrfinder_env/share/amrfinderplus/data/2026-08-07.1
Database version: 2026-08-07.1
AMRFinder translated nucleotide search
  - include -O ORGANISM, --organism ORGANISM option to add mutation searches and suppress common proteins
Running tblastn
Making report
amrfinder took 12 seconds to complete
    OK
[1124/1312] GCF_036961965.1
Running: amrfinder -n /home/bacte/bacillus_amr/01_genomes/ncbi_dataset/ncbi_dataset/data/GCF_036961965.1/GCF_036961965.1_ASM3696196v1_genomic.fna --plus -o /home/bacte/bacillus_amr/05_amr/amrfinder_raw/GCF_036961965.1.tsv
Software directory: /home/bacte/miniconda3/envs/amrfinder_env/bin/
Software version: 4.2.7
Database directory: /home/bacte/miniconda3/envs/amrfinder_env/share/amrfinderplus/data/2026-08-07.1
Database version: 2026-08-07.1
AMRFinder translated nucleotide search
  - include -O ORGANISM, --organism ORGANISM option to add mutation searches and suppress common proteins
Running tblastn
Making report
amrfinder took 10 seconds to complete
    OK
[1125/1312] GCF_036962265.1
Running: amrfinder -n /home/bacte/bacillus_amr/01_genomes/ncbi_dataset/ncbi_dataset/data/GCF_036962265.1/GCF_036962265.1_ASM3696226v1_genomic.fna --plus -o /home/bacte/bacillus_amr/05_amr/amrfinder_raw/GCF_036962265.1.tsv
Software directory: /home/bacte/miniconda3/envs/amrfinder_env/bin/
Software version: 4.2.7
Database directory: /home/bacte/miniconda3/envs/amrfinder_env/share/amrfinderplus/data/2026-08-07.1
Database version: 2026-08-07.1
AMRFinder translated nucleotide search
  - include -O ORGANISM, --organism ORGANISM option to add mutation searches and suppress common proteins
Running tblastn
Making report
amrfinder took 14 seconds to complete
    OK
[1126/1312] GCF_036962485.1
Running: amrfinder -n /home/bacte/bacillus_amr/01_genomes/ncbi_dataset/ncbi_dataset/data/GCF_036962485.1/GCF_036962485.1_ASM3696248v1_genomic.fna --plus -o /home/bacte/bacillus_amr/05_amr/amrfinder_raw/GCF_036962485.1.tsv
Software directory: /home/bacte/miniconda3/envs/amrfinder_env/bin/
Software version: 4.2.7
Database directory: /home/bacte/miniconda3/envs/amrfinder_env/share/amrfinderplus/data/2026-08-07.1
Database version: 2026-08-07.1
AMRFinder translated nucleotide search
  - include -O ORGANISM, --organism ORGANISM option to add mutation searches and suppress common proteins
Running tblastn
Making report
amrfinder took 20 seconds to complete
    OK
[1127/1312] GCF_036962945.1
Running: amrfinder -n /home/bacte/bacillus_amr/01_genomes/ncbi_dataset/ncbi_dataset/data/GCF_036962945.1/GCF_036962945.1_ASM3696294v1_genomic.fna --plus -o /home/bacte/bacillus_amr/05_amr/amrfinder_raw/GCF_036962945.1.tsv
Software directory: /home/bacte/miniconda3/envs/amrfinder_env/bin/
Software version: 4.2.7
Database directory: /home/bacte/miniconda3/envs/amrfinder_env/share/amrfinderplus/data/2026-08-07.1
Database version: 2026-08-07.1
AMRFinder translated nucleotide search
  - include -O ORGANISM, --organism ORGANISM option to add mutation searches and suppress common proteins
Running tblastn
Making report
amrfinder took 15 seconds to complete
    OK
[1128/1312] GCF_036962985.1
Running: amrfinder -n /home/bacte/bacillus_amr/01_genomes/ncbi_dataset/ncbi_dataset/data/GCF_036962985.1/GCF_036962985.1_ASM3696298v1_genomic.fna --plus -o /home/bacte/bacillus_amr/05_amr/amrfinder_raw/GCF_036962985.1.tsv
Software directory: /home/bacte/miniconda3/envs/amrfinder_env/bin/
Software version: 4.2.7
Database directory: /home/bacte/miniconda3/envs/amrfinder_env/share/amrfinderplus/data/2026-08-07.1
Database version: 2026-08-07.1
AMRFinder translated nucleotide search
  - include -O ORGANISM, --organism ORGANISM option to add mutation searches and suppress common proteins
Running tblastn
Making report
amrfinder took 12 seconds to complete
    OK
[1129/1312] GCF_036963185.1
Running: amrfinder -n /home/bacte/bacillus_amr/01_genomes/ncbi_dataset/ncbi_dataset/data/GCF_036963185.1/GCF_036963185.1_ASM3696318v1_genomic.fna --plus -o /home/bacte/bacillus_amr/05_amr/amrfinder_raw/GCF_036963185.1.tsv
Software directory: /home/bacte/miniconda3/envs/amrfinder_env/bin/
Software version: 4.2.7
Database directory: /home/bacte/miniconda3/envs/amrfinder_env/share/amrfinderplus/data/2026-08-07.1
Database version: 2026-08-07.1
AMRFinder translated nucleotide search
  - include -O ORGANISM, --organism ORGANISM option to add mutation searches and suppress common proteins
Running tblastn
Making report
amrfinder took 11 seconds to complete
    OK
[1130/1312] GCF_036963205.1
Running: amrfinder -n /home/bacte/bacillus_amr/01_genomes/ncbi_dataset/ncbi_dataset/data/GCF_036963205.1/GCF_036963205.1_ASM3696320v1_genomic.fna --plus -o /home/bacte/bacillus_amr/05_amr/amrfinder_raw/GCF_036963205.1.tsv
Software directory: /home/bacte/miniconda3/envs/amrfinder_env/bin/
Software version: 4.2.7
Database directory: /home/bacte/miniconda3/envs/amrfinder_env/share/amrfinderplus/data/2026-08-07.1
Database version: 2026-08-07.1
AMRFinder translated nucleotide search
  - include -O ORGANISM, --organism ORGANISM option to add mutation searches and suppress common proteins
Running tblastn
Making report
amrfinder took 11 seconds to complete
    OK
[1131/1312] GCF_036963425.1
Running: amrfinder -n /home/bacte/bacillus_amr/01_genomes/ncbi_dataset/ncbi_dataset/data/GCF_036963425.1/GCF_036963425.1_ASM3696342v1_genomic.fna --plus -o /home/bacte/bacillus_amr/05_amr/amrfinder_raw/GCF_036963425.1.tsv
Software directory: /home/bacte/miniconda3/envs/amrfinder_env/bin/
Software version: 4.2.7
Database directory: /home/bacte/miniconda3/envs/amrfinder_env/share/amrfinderplus/data/2026-08-07.1
Database version: 2026-08-07.1
AMRFinder translated nucleotide search
  - include -O ORGANISM, --organism ORGANISM option to add mutation searches and suppress common proteins
Running tblastn
Making report
amrfinder took 23 seconds to complete
    OK
[1132/1312] GCF_036963465.1
Running: amrfinder -n /home/bacte/bacillus_amr/01_genomes/ncbi_dataset/ncbi_dataset/data/GCF_036963465.1/GCF_036963465.1_ASM3696346v1_genomic.fna --plus -o /home/bacte/bacillus_amr/05_amr/amrfinder_raw/GCF_036963465.1.tsv
Software directory: /home/bacte/miniconda3/envs/amrfinder_env/bin/
Software version: 4.2.7
Database directory: /home/bacte/miniconda3/envs/amrfinder_env/share/amrfinderplus/data/2026-08-07.1
Database version: 2026-08-07.1
AMRFinder translated nucleotide search
  - include -O ORGANISM, --organism ORGANISM option to add mutation searches and suppress common proteins
Running tblastn
Making report
amrfinder took 12 seconds to complete
    OK
[1133/1312] GCF_036964795.1
Running: amrfinder -n /home/bacte/bacillus_amr/01_genomes/ncbi_dataset/ncbi_dataset/data/GCF_036964795.1/GCF_036964795.1_ASM3696479v1_genomic.fna --plus -o /home/bacte/bacillus_amr/05_amr/amrfinder_raw/GCF_036964795.1.tsv
Software directory: /home/bacte/miniconda3/envs/amrfinder_env/bin/
Software version: 4.2.7
Database directory: /home/bacte/miniconda3/envs/amrfinder_env/share/amrfinderplus/data/2026-08-07.1
Database version: 2026-08-07.1
AMRFinder translated nucleotide search
  - include -O ORGANISM, --organism ORGANISM option to add mutation searches and suppress common proteins
Running tblastn
Making report
amrfinder took 72 seconds to complete
    OK
[1134/1312] GCF_036965865.1
Running: amrfinder -n /home/bacte/bacillus_amr/01_genomes/ncbi_dataset/ncbi_dataset/data/GCF_036965865.1/GCF_036965865.1_ASM3696586v1_genomic.fna --plus -o /home/bacte/bacillus_amr/05_amr/amrfinder_raw/GCF_036965865.1.tsv
Software directory: /home/bacte/miniconda3/envs/amrfinder_env/bin/
Software version: 4.2.7
Database directory: /home/bacte/miniconda3/envs/amrfinder_env/share/amrfinderplus/data/2026-08-07.1
Database version: 2026-08-07.1
AMRFinder translated nucleotide search
  - include -O ORGANISM, --organism ORGANISM option to add mutation searches and suppress common proteins
Running tblastn
Making report
amrfinder took 12 seconds to complete
    OK
[1135/1312] GCF_036965885.1
Running: amrfinder -n /home/bacte/bacillus_amr/01_genomes/ncbi_dataset/ncbi_dataset/data/GCF_036965885.1/GCF_036965885.1_ASM3696588v1_genomic.fna --plus -o /home/bacte/bacillus_amr/05_amr/amrfinder_raw/GCF_036965885.1.tsv
Software directory: /home/bacte/miniconda3/envs/amrfinder_env/bin/
Software version: 4.2.7
Database directory: /home/bacte/miniconda3/envs/amrfinder_env/share/amrfinderplus/data/2026-08-07.1
Database version: 2026-08-07.1
AMRFinder translated nucleotide search
  - include -O ORGANISM, --organism ORGANISM option to add mutation searches and suppress common proteins
Running tblastn
Making report
amrfinder took 11 seconds to complete
    OK
[1136/1312] GCF_036965905.1
Running: amrfinder -n /home/bacte/bacillus_amr/01_genomes/ncbi_dataset/ncbi_dataset/data/GCF_036965905.1/GCF_036965905.1_ASM3696590v1_genomic.fna --plus -o /home/bacte/bacillus_amr/05_amr/amrfinder_raw/GCF_036965905.1.tsv
Software directory: /home/bacte/miniconda3/envs/amrfinder_env/bin/
Software version: 4.2.7
Database directory: /home/bacte/miniconda3/envs/amrfinder_env/share/amrfinderplus/data/2026-08-07.1
Database version: 2026-08-07.1
AMRFinder translated nucleotide search
  - include -O ORGANISM, --organism ORGANISM option to add mutation searches and suppress common proteins
Running tblastn
Making report
amrfinder took 12 seconds to complete
    OK
[1137/1312] GCF_036966145.1
Running: amrfinder -n /home/bacte/bacillus_amr/01_genomes/ncbi_dataset/ncbi_dataset/data/GCF_036966145.1/GCF_036966145.1_ASM3696614v1_genomic.fna --plus -o /home/bacte/bacillus_amr/05_amr/amrfinder_raw/GCF_036966145.1.tsv
Software directory: /home/bacte/miniconda3/envs/amrfinder_env/bin/
Software version: 4.2.7
Database directory: /home/bacte/miniconda3/envs/amrfinder_env/share/amrfinderplus/data/2026-08-07.1
Database version: 2026-08-07.1
AMRFinder translated nucleotide search
  - include -O ORGANISM, --organism ORGANISM option to add mutation searches and suppress common proteins
Running tblastn
Making report
amrfinder took 14 seconds to complete
    OK
[1138/1312] GCF_036966165.1
Running: amrfinder -n /home/bacte/bacillus_amr/01_genomes/ncbi_dataset/ncbi_dataset/data/GCF_036966165.1/GCF_036966165.1_ASM3696616v1_genomic.fna --plus -o /home/bacte/bacillus_amr/05_amr/amrfinder_raw/GCF_036966165.1.tsv
Software directory: /home/bacte/miniconda3/envs/amrfinder_env/bin/
Software version: 4.2.7
Database directory: /home/bacte/miniconda3/envs/amrfinder_env/share/amrfinderplus/data/2026-08-07.1
Database version: 2026-08-07.1
AMRFinder translated nucleotide search
  - include -O ORGANISM, --organism ORGANISM option to add mutation searches and suppress common proteins
Running tblastn
Making report
amrfinder took 10 seconds to complete
    OK
[1139/1312] GCF_036966185.1
Running: amrfinder -n /home/bacte/bacillus_amr/01_genomes/ncbi_dataset/ncbi_dataset/data/GCF_036966185.1/GCF_036966185.1_ASM3696618v1_genomic.fna --plus -o /home/bacte/bacillus_amr/05_amr/amrfinder_raw/GCF_036966185.1.tsv
Software directory: /home/bacte/miniconda3/envs/amrfinder_env/bin/
Software version: 4.2.7
Database directory: /home/bacte/miniconda3/envs/amrfinder_env/share/amrfinderplus/data/2026-08-07.1
Database version: 2026-08-07.1
AMRFinder translated nucleotide search
  - include -O ORGANISM, --organism ORGANISM option to add mutation searches and suppress common proteins
Running tblastn
Making report
amrfinder took 23 seconds to complete
    OK
[1140/1312] GCF_036966225.1
Running: amrfinder -n /home/bacte/bacillus_amr/01_genomes/ncbi_dataset/ncbi_dataset/data/GCF_036966225.1/GCF_036966225.1_ASM3696622v1_genomic.fna --plus -o /home/bacte/bacillus_amr/05_amr/amrfinder_raw/GCF_036966225.1.tsv
Software directory: /home/bacte/miniconda3/envs/amrfinder_env/bin/
Software version: 4.2.7
Database directory: /home/bacte/miniconda3/envs/amrfinder_env/share/amrfinderplus/data/2026-08-07.1
Database version: 2026-08-07.1
AMRFinder translated nucleotide search
  - include -O ORGANISM, --organism ORGANISM option to add mutation searches and suppress common proteins
Running tblastn
Making report
amrfinder took 16 seconds to complete
    OK
[1141/1312] GCF_036966325.1
Running: amrfinder -n /home/bacte/bacillus_amr/01_genomes/ncbi_dataset/ncbi_dataset/data/GCF_036966325.1/GCF_036966325.1_ASM3696632v1_genomic.fna --plus -o /home/bacte/bacillus_amr/05_amr/amrfinder_raw/GCF_036966325.1.tsv
Software directory: /home/bacte/miniconda3/envs/amrfinder_env/bin/
Software version: 4.2.7
Database directory: /home/bacte/miniconda3/envs/amrfinder_env/share/amrfinderplus/data/2026-08-07.1
Database version: 2026-08-07.1
AMRFinder translated nucleotide search
  - include -O ORGANISM, --organism ORGANISM option to add mutation searches and suppress common proteins
Running tblastn
Making report
amrfinder took 11 seconds to complete
    OK
[1142/1312] GCF_036966385.1
Running: amrfinder -n /home/bacte/bacillus_amr/01_genomes/ncbi_dataset/ncbi_dataset/data/GCF_036966385.1/GCF_036966385.1_ASM3696638v1_genomic.fna --plus -o /home/bacte/bacillus_amr/05_amr/amrfinder_raw/GCF_036966385.1.tsv
Software directory: /home/bacte/miniconda3/envs/amrfinder_env/bin/
Software version: 4.2.7
Database directory: /home/bacte/miniconda3/envs/amrfinder_env/share/amrfinderplus/data/2026-08-07.1
Database version: 2026-08-07.1
AMRFinder translated nucleotide search
  - include -O ORGANISM, --organism ORGANISM option to add mutation searches and suppress common proteins
Running tblastn
Making report
amrfinder took 8 seconds to complete
    OK
[1143/1312] GCF_036967085.1
Running: amrfinder -n /home/bacte/bacillus_amr/01_genomes/ncbi_dataset/ncbi_dataset/data/GCF_036967085.1/GCF_036967085.1_ASM3696708v1_genomic.fna --plus -o /home/bacte/bacillus_amr/05_amr/amrfinder_raw/GCF_036967085.1.tsv
Software directory: /home/bacte/miniconda3/envs/amrfinder_env/bin/
Software version: 4.2.7
Database directory: /home/bacte/miniconda3/envs/amrfinder_env/share/amrfinderplus/data/2026-08-07.1
Database version: 2026-08-07.1
AMRFinder translated nucleotide search
  - include -O ORGANISM, --organism ORGANISM option to add mutation searches and suppress common proteins
Running tblastn
Making report
amrfinder took 14 seconds to complete
    OK
[1144/1312] GCF_036967145.1
Running: amrfinder -n /home/bacte/bacillus_amr/01_genomes/ncbi_dataset/ncbi_dataset/data/GCF_036967145.1/GCF_036967145.1_ASM3696714v1_genomic.fna --plus -o /home/bacte/bacillus_amr/05_amr/amrfinder_raw/GCF_036967145.1.tsv
Software directory: /home/bacte/miniconda3/envs/amrfinder_env/bin/
Software version: 4.2.7
Database directory: /home/bacte/miniconda3/envs/amrfinder_env/share/amrfinderplus/data/2026-08-07.1
Database version: 2026-08-07.1
AMRFinder translated nucleotide search
  - include -O ORGANISM, --organism ORGANISM option to add mutation searches and suppress common proteins
Running tblastn
Making report
amrfinder took 36 seconds to complete
    OK
[1145/1312] GCF_037094735.1
Running: amrfinder -n /home/bacte/bacillus_amr/01_genomes/ncbi_dataset/ncbi_dataset/data/GCF_037094735.1/GCF_037094735.1_JJ334_genomic.fna --plus -o /home/bacte/bacillus_amr/05_amr/amrfinder_raw/GCF_037094735.1.tsv
Software directory: /home/bacte/miniconda3/envs/amrfinder_env/bin/
Software version: 4.2.7
Database directory: /home/bacte/miniconda3/envs/amrfinder_env/share/amrfinderplus/data/2026-08-07.1
Database version: 2026-08-07.1
AMRFinder translated nucleotide search
  - include -O ORGANISM, --organism ORGANISM option to add mutation searches and suppress common proteins
Running tblastn
Making report
amrfinder took 71 seconds to complete
    OK
[1146/1312] GCF_037095775.1
Running: amrfinder -n /home/bacte/bacillus_amr/01_genomes/ncbi_dataset/ncbi_dataset/data/GCF_037095775.1/GCF_037095775.1_ASM3709577v1_genomic.fna --plus -o /home/bacte/bacillus_amr/05_amr/amrfinder_raw/GCF_037095775.1.tsv
Software directory: /home/bacte/miniconda3/envs/amrfinder_env/bin/
Software version: 4.2.7
Database directory: /home/bacte/miniconda3/envs/amrfinder_env/share/amrfinderplus/data/2026-08-07.1
Database version: 2026-08-07.1
AMRFinder translated nucleotide search
  - include -O ORGANISM, --organism ORGANISM option to add mutation searches and suppress common proteins
Running tblastn
Making report
amrfinder took 16 seconds to complete
    OK
[1147/1312] GCF_039851945.1
Running: amrfinder -n /home/bacte/bacillus_amr/01_genomes/ncbi_dataset/ncbi_dataset/data/GCF_039851945.1/GCF_039851945.1_ASM3985194v1_genomic.fna --plus -o /home/bacte/bacillus_amr/05_amr/amrfinder_raw/GCF_039851945.1.tsv
Software directory: /home/bacte/miniconda3/envs/amrfinder_env/bin/
Software version: 4.2.7
Database directory: /home/bacte/miniconda3/envs/amrfinder_env/share/amrfinderplus/data/2026-08-07.1
Database version: 2026-08-07.1
AMRFinder translated nucleotide search
  - include -O ORGANISM, --organism ORGANISM option to add mutation searches and suppress common proteins
Running tblastn
Making report
amrfinder took 74 seconds to complete
    OK
[1148/1312] GCF_039851955.1
Running: amrfinder -n /home/bacte/bacillus_amr/01_genomes/ncbi_dataset/ncbi_dataset/data/GCF_039851955.1/GCF_039851955.1_ASM3985195v1_genomic.fna --plus -o /home/bacte/bacillus_amr/05_amr/amrfinder_raw/GCF_039851955.1.tsv
Software directory: /home/bacte/miniconda3/envs/amrfinder_env/bin/
Software version: 4.2.7
Database directory: /home/bacte/miniconda3/envs/amrfinder_env/share/amrfinderplus/data/2026-08-07.1
Database version: 2026-08-07.1
AMRFinder translated nucleotide search
  - include -O ORGANISM, --organism ORGANISM option to add mutation searches and suppress common proteins
Running tblastn
Making report
amrfinder took 80 seconds to complete
    OK
[1149/1312] GCF_040408265.1
Running: amrfinder -n /home/bacte/bacillus_amr/01_genomes/ncbi_dataset/ncbi_dataset/data/GCF_040408265.1/GCF_040408265.1_ASM4040826v1_genomic.fna --plus -o /home/bacte/bacillus_amr/05_amr/amrfinder_raw/GCF_040408265.1.tsv
Software directory: /home/bacte/miniconda3/envs/amrfinder_env/bin/
Software version: 4.2.7
Database directory: /home/bacte/miniconda3/envs/amrfinder_env/share/amrfinderplus/data/2026-08-07.1
Database version: 2026-08-07.1
AMRFinder translated nucleotide search
  - include -O ORGANISM, --organism ORGANISM option to add mutation searches and suppress common proteins
Running tblastn
Making report
amrfinder took 19 seconds to complete
    OK
[1150/1312] GCF_040492415.1
Running: amrfinder -n /home/bacte/bacillus_amr/01_genomes/ncbi_dataset/ncbi_dataset/data/GCF_040492415.1/GCF_040492415.1_ASM4049241v1_genomic.fna --plus -o /home/bacte/bacillus_amr/05_amr/amrfinder_raw/GCF_040492415.1.tsv
Software directory: /home/bacte/miniconda3/envs/amrfinder_env/bin/
Software version: 4.2.7
Database directory: /home/bacte/miniconda3/envs/amrfinder_env/share/amrfinderplus/data/2026-08-07.1
Database version: 2026-08-07.1
AMRFinder translated nucleotide search
  - include -O ORGANISM, --organism ORGANISM option to add mutation searches and suppress common proteins
Running tblastn
Making report
amrfinder took 10 seconds to complete
    OK
[1151/1312] GCF_040712045.1
Running: amrfinder -n /home/bacte/bacillus_amr/01_genomes/ncbi_dataset/ncbi_dataset/data/GCF_040712045.1/GCF_040712045.1_JM236_genomic.fna --plus -o /home/bacte/bacillus_amr/05_amr/amrfinder_raw/GCF_040712045.1.tsv
Software directory: /home/bacte/miniconda3/envs/amrfinder_env/bin/
Software version: 4.2.7
Database directory: /home/bacte/miniconda3/envs/amrfinder_env/share/amrfinderplus/data/2026-08-07.1
Database version: 2026-08-07.1
AMRFinder translated nucleotide search
  - include -O ORGANISM, --organism ORGANISM option to add mutation searches and suppress common proteins
Running tblastn
Making report
amrfinder took 81 seconds to complete
    OK
[1152/1312] GCF_040712055.1
Running: amrfinder -n /home/bacte/bacillus_amr/01_genomes/ncbi_dataset/ncbi_dataset/data/GCF_040712055.1/GCF_040712055.1_JM204_genomic.fna --plus -o /home/bacte/bacillus_amr/05_amr/amrfinder_raw/GCF_040712055.1.tsv
Software directory: /home/bacte/miniconda3/envs/amrfinder_env/bin/
Software version: 4.2.7
Database directory: /home/bacte/miniconda3/envs/amrfinder_env/share/amrfinderplus/data/2026-08-07.1
Database version: 2026-08-07.1
AMRFinder translated nucleotide search
  - include -O ORGANISM, --organism ORGANISM option to add mutation searches and suppress common proteins
Running tblastn
Making report
amrfinder took 78 seconds to complete
    OK
[1153/1312] GCF_040712065.1
Running: amrfinder -n /home/bacte/bacillus_amr/01_genomes/ncbi_dataset/ncbi_dataset/data/GCF_040712065.1/GCF_040712065.1_JM199_genomic.fna --plus -o /home/bacte/bacillus_amr/05_amr/amrfinder_raw/GCF_040712065.1.tsv
Software directory: /home/bacte/miniconda3/envs/amrfinder_env/bin/
Software version: 4.2.7
Database directory: /home/bacte/miniconda3/envs/amrfinder_env/share/amrfinderplus/data/2026-08-07.1
Database version: 2026-08-07.1
AMRFinder translated nucleotide search
  - include -O ORGANISM, --organism ORGANISM option to add mutation searches and suppress common proteins
Running tblastn
Making report
amrfinder took 77 seconds to complete
    OK
[1154/1312] GCF_040712115.1
Running: amrfinder -n /home/bacte/bacillus_amr/01_genomes/ncbi_dataset/ncbi_dataset/data/GCF_040712115.1/GCF_040712115.1_JJ747_genomic.fna --plus -o /home/bacte/bacillus_amr/05_amr/amrfinder_raw/GCF_040712115.1.tsv
Software directory: /home/bacte/miniconda3/envs/amrfinder_env/bin/
Software version: 4.2.7
Database directory: /home/bacte/miniconda3/envs/amrfinder_env/share/amrfinderplus/data/2026-08-07.1
Database version: 2026-08-07.1
AMRFinder translated nucleotide search
  - include -O ORGANISM, --organism ORGANISM option to add mutation searches and suppress common proteins
Running tblastn
Making report
amrfinder took 80 seconds to complete
    OK
[1155/1312] GCF_040712125.1
Running: amrfinder -n /home/bacte/bacillus_amr/01_genomes/ncbi_dataset/ncbi_dataset/data/GCF_040712125.1/GCF_040712125.1_JJ213_genomic.fna --plus -o /home/bacte/bacillus_amr/05_amr/amrfinder_raw/GCF_040712125.1.tsv
Software directory: /home/bacte/miniconda3/envs/amrfinder_env/bin/
Software version: 4.2.7
Database directory: /home/bacte/miniconda3/envs/amrfinder_env/share/amrfinderplus/data/2026-08-07.1
Database version: 2026-08-07.1
AMRFinder translated nucleotide search
  - include -O ORGANISM, --organism ORGANISM option to add mutation searches and suppress common proteins
Running tblastn
Making report
amrfinder took 78 seconds to complete
    OK
[1156/1312] GCF_040712135.1
Running: amrfinder -n /home/bacte/bacillus_amr/01_genomes/ncbi_dataset/ncbi_dataset/data/GCF_040712135.1/GCF_040712135.1_JJ1043_genomic.fna --plus -o /home/bacte/bacillus_amr/05_amr/amrfinder_raw/GCF_040712135.1.tsv
Software directory: /home/bacte/miniconda3/envs/amrfinder_env/bin/
Software version: 4.2.7
Database directory: /home/bacte/miniconda3/envs/amrfinder_env/share/amrfinderplus/data/2026-08-07.1
Database version: 2026-08-07.1
AMRFinder translated nucleotide search
  - include -O ORGANISM, --organism ORGANISM option to add mutation searches and suppress common proteins
Running tblastn
Making report
amrfinder took 75 seconds to complete
    OK
[1157/1312] GCF_040712195.1
Running: amrfinder -n /home/bacte/bacillus_amr/01_genomes/ncbi_dataset/ncbi_dataset/data/GCF_040712195.1/GCF_040712195.1_JJ951_genomic.fna --plus -o /home/bacte/bacillus_amr/05_amr/amrfinder_raw/GCF_040712195.1.tsv
Software directory: /home/bacte/miniconda3/envs/amrfinder_env/bin/
Software version: 4.2.7
Database directory: /home/bacte/miniconda3/envs/amrfinder_env/share/amrfinderplus/data/2026-08-07.1
Database version: 2026-08-07.1
AMRFinder translated nucleotide search
  - include -O ORGANISM, --organism ORGANISM option to add mutation searches and suppress common proteins
Running tblastn
Making report
amrfinder took 75 seconds to complete
    OK
[1158/1312] GCF_040712215.1
Running: amrfinder -n /home/bacte/bacillus_amr/01_genomes/ncbi_dataset/ncbi_dataset/data/GCF_040712215.1/GCF_040712215.1_JJ1284_genomic.fna --plus -o /home/bacte/bacillus_amr/05_amr/amrfinder_raw/GCF_040712215.1.tsv
Software directory: /home/bacte/miniconda3/envs/amrfinder_env/bin/
Software version: 4.2.7
Database directory: /home/bacte/miniconda3/envs/amrfinder_env/share/amrfinderplus/data/2026-08-07.1
Database version: 2026-08-07.1
AMRFinder translated nucleotide search
  - include -O ORGANISM, --organism ORGANISM option to add mutation searches and suppress common proteins
Running tblastn
Making report
amrfinder took 79 seconds to complete
    OK
[1159/1312] GCF_040712235.1
Running: amrfinder -n /home/bacte/bacillus_amr/01_genomes/ncbi_dataset/ncbi_dataset/data/GCF_040712235.1/GCF_040712235.1_JJ947_genomic.fna --plus -o /home/bacte/bacillus_amr/05_amr/amrfinder_raw/GCF_040712235.1.tsv
Software directory: /home/bacte/miniconda3/envs/amrfinder_env/bin/
Software version: 4.2.7
Database directory: /home/bacte/miniconda3/envs/amrfinder_env/share/amrfinderplus/data/2026-08-07.1
Database version: 2026-08-07.1
AMRFinder translated nucleotide search
  - include -O ORGANISM, --organism ORGANISM option to add mutation searches and suppress common proteins
Running tblastn
Making report
amrfinder took 75 seconds to complete
    OK
[1160/1312] GCF_040984565.1
Running: amrfinder -n /home/bacte/bacillus_amr/01_genomes/ncbi_dataset/ncbi_dataset/data/GCF_040984565.1/GCF_040984565.1_ASM4098456v1_genomic.fna --plus -o /home/bacte/bacillus_amr/05_amr/amrfinder_raw/GCF_040984565.1.tsv
Software directory: /home/bacte/miniconda3/envs/amrfinder_env/bin/
Software version: 4.2.7
Database directory: /home/bacte/miniconda3/envs/amrfinder_env/share/amrfinderplus/data/2026-08-07.1
Database version: 2026-08-07.1
AMRFinder translated nucleotide search
  - include -O ORGANISM, --organism ORGANISM option to add mutation searches and suppress common proteins
Running tblastn
Making report
amrfinder took 14 seconds to complete
    OK
[1161/1312] GCF_041729945.1
Running: amrfinder -n /home/bacte/bacillus_amr/01_genomes/ncbi_dataset/ncbi_dataset/data/GCF_041729945.1/GCF_041729945.1_ASM4172994v1_genomic.fna --plus -o /home/bacte/bacillus_amr/05_amr/amrfinder_raw/GCF_041729945.1.tsv
Software directory: /home/bacte/miniconda3/envs/amrfinder_env/bin/
Software version: 4.2.7
Database directory: /home/bacte/miniconda3/envs/amrfinder_env/share/amrfinderplus/data/2026-08-07.1
Database version: 2026-08-07.1
AMRFinder translated nucleotide search
  - include -O ORGANISM, --organism ORGANISM option to add mutation searches and suppress common proteins
Running tblastn
Making report
amrfinder took 76 seconds to complete
    OK
[1162/1312] GCF_041949825.1
Running: amrfinder -n /home/bacte/bacillus_amr/01_genomes/ncbi_dataset/ncbi_dataset/data/GCF_041949825.1/GCF_041949825.1_ASM4194982v1_genomic.fna --plus -o /home/bacte/bacillus_amr/05_amr/amrfinder_raw/GCF_041949825.1.tsv
Software directory: /home/bacte/miniconda3/envs/amrfinder_env/bin/
Software version: 4.2.7
Database directory: /home/bacte/miniconda3/envs/amrfinder_env/share/amrfinderplus/data/2026-08-07.1
Database version: 2026-08-07.1
AMRFinder translated nucleotide search
  - include -O ORGANISM, --organism ORGANISM option to add mutation searches and suppress common proteins
Running tblastn
Making report
amrfinder took 13 seconds to complete
    OK
[1163/1312] GCF_041950475.1
Running: amrfinder -n /home/bacte/bacillus_amr/01_genomes/ncbi_dataset/ncbi_dataset/data/GCF_041950475.1/GCF_041950475.1_ASM4195047v1_genomic.fna --plus -o /home/bacte/bacillus_amr/05_amr/amrfinder_raw/GCF_041950475.1.tsv
Software directory: /home/bacte/miniconda3/envs/amrfinder_env/bin/
Software version: 4.2.7
Database directory: /home/bacte/miniconda3/envs/amrfinder_env/share/amrfinderplus/data/2026-08-07.1
Database version: 2026-08-07.1
AMRFinder translated nucleotide search
  - include -O ORGANISM, --organism ORGANISM option to add mutation searches and suppress common proteins
Running tblastn
Making report
amrfinder took 76 seconds to complete
    OK
[1164/1312] GCF_042465255.1
Running: amrfinder -n /home/bacte/bacillus_amr/01_genomes/ncbi_dataset/ncbi_dataset/data/GCF_042465255.1/GCF_042465255.1_JM907_genomic.fna --plus -o /home/bacte/bacillus_amr/05_amr/amrfinder_raw/GCF_042465255.1.tsv
Software directory: /home/bacte/miniconda3/envs/amrfinder_env/bin/
Software version: 4.2.7
Database directory: /home/bacte/miniconda3/envs/amrfinder_env/share/amrfinderplus/data/2026-08-07.1
Database version: 2026-08-07.1
AMRFinder translated nucleotide search
  - include -O ORGANISM, --organism ORGANISM option to add mutation searches and suppress common proteins
Running tblastn
Making report
amrfinder took 78 seconds to complete
    OK
[1165/1312] GCF_044357885.1
Running: amrfinder -n /home/bacte/bacillus_amr/01_genomes/ncbi_dataset/ncbi_dataset/data/GCF_044357885.1/GCF_044357885.1_ASM4435788v1_genomic.fna --plus -o /home/bacte/bacillus_amr/05_amr/amrfinder_raw/GCF_044357885.1.tsv
Software directory: /home/bacte/miniconda3/envs/amrfinder_env/bin/
Software version: 4.2.7
Database directory: /home/bacte/miniconda3/envs/amrfinder_env/share/amrfinderplus/data/2026-08-07.1
Database version: 2026-08-07.1
AMRFinder translated nucleotide search
  - include -O ORGANISM, --organism ORGANISM option to add mutation searches and suppress common proteins
Running tblastn
Making report
amrfinder took 79 seconds to complete
    OK
[1166/1312] GCF_044385035.1
Running: amrfinder -n /home/bacte/bacillus_amr/01_genomes/ncbi_dataset/ncbi_dataset/data/GCF_044385035.1/GCF_044385035.1_ASM4438503v1_genomic.fna --plus -o /home/bacte/bacillus_amr/05_amr/amrfinder_raw/GCF_044385035.1.tsv
Software directory: /home/bacte/miniconda3/envs/amrfinder_env/bin/
Software version: 4.2.7
Database directory: /home/bacte/miniconda3/envs/amrfinder_env/share/amrfinderplus/data/2026-08-07.1
Database version: 2026-08-07.1
AMRFinder translated nucleotide search
  - include -O ORGANISM, --organism ORGANISM option to add mutation searches and suppress common proteins
Running tblastn
Making report
amrfinder took 9 seconds to complete
    OK
[1167/1312] GCF_044881275.1
Running: amrfinder -n /home/bacte/bacillus_amr/01_genomes/ncbi_dataset/ncbi_dataset/data/GCF_044881275.1/GCF_044881275.1_ASM4488127v1_genomic.fna --plus -o /home/bacte/bacillus_amr/05_amr/amrfinder_raw/GCF_044881275.1.tsv
Software directory: /home/bacte/miniconda3/envs/amrfinder_env/bin/
Software version: 4.2.7
Database directory: /home/bacte/miniconda3/envs/amrfinder_env/share/amrfinderplus/data/2026-08-07.1
Database version: 2026-08-07.1
AMRFinder translated nucleotide search
  - include -O ORGANISM, --organism ORGANISM option to add mutation searches and suppress common proteins
Running tblastn
Making report
amrfinder took 9 seconds to complete
    OK
[1168/1312] GCF_044901645.1
Running: amrfinder -n /home/bacte/bacillus_amr/01_genomes/ncbi_dataset/ncbi_dataset/data/GCF_044901645.1/GCF_044901645.1_ASM4490164v1_genomic.fna --plus -o /home/bacte/bacillus_amr/05_amr/amrfinder_raw/GCF_044901645.1.tsv
Software directory: /home/bacte/miniconda3/envs/amrfinder_env/bin/
Software version: 4.2.7
Database directory: /home/bacte/miniconda3/envs/amrfinder_env/share/amrfinderplus/data/2026-08-07.1
Database version: 2026-08-07.1
AMRFinder translated nucleotide search
  - include -O ORGANISM, --organism ORGANISM option to add mutation searches and suppress common proteins
Running tblastn
Making report
amrfinder took 11 seconds to complete
    OK
[1169/1312] GCF_044901725.1
Running: amrfinder -n /home/bacte/bacillus_amr/01_genomes/ncbi_dataset/ncbi_dataset/data/GCF_044901725.1/GCF_044901725.1_ASM4490172v1_genomic.fna --plus -o /home/bacte/bacillus_amr/05_amr/amrfinder_raw/GCF_044901725.1.tsv
Software directory: /home/bacte/miniconda3/envs/amrfinder_env/bin/
Software version: 4.2.7
Database directory: /home/bacte/miniconda3/envs/amrfinder_env/share/amrfinderplus/data/2026-08-07.1
Database version: 2026-08-07.1
AMRFinder translated nucleotide search
  - include -O ORGANISM, --organism ORGANISM option to add mutation searches and suppress common proteins
Running tblastn
Making report
amrfinder took 9 seconds to complete
    OK
[1170/1312] GCF_044901785.1
Running: amrfinder -n /home/bacte/bacillus_amr/01_genomes/ncbi_dataset/ncbi_dataset/data/GCF_044901785.1/GCF_044901785.1_ASM4490178v1_genomic.fna --plus -o /home/bacte/bacillus_amr/05_amr/amrfinder_raw/GCF_044901785.1.tsv
Software directory: /home/bacte/miniconda3/envs/amrfinder_env/bin/
Software version: 4.2.7
Database directory: /home/bacte/miniconda3/envs/amrfinder_env/share/amrfinderplus/data/2026-08-07.1
Database version: 2026-08-07.1
AMRFinder translated nucleotide search
  - include -O ORGANISM, --organism ORGANISM option to add mutation searches and suppress common proteins
Running tblastn
Making report
amrfinder took 8 seconds to complete
    OK
[1171/1312] GCF_044905085.1
Running: amrfinder -n /home/bacte/bacillus_amr/01_genomes/ncbi_dataset/ncbi_dataset/data/GCF_044905085.1/GCF_044905085.1_ASM4490508v1_genomic.fna --plus -o /home/bacte/bacillus_amr/05_amr/amrfinder_raw/GCF_044905085.1.tsv
Software directory: /home/bacte/miniconda3/envs/amrfinder_env/bin/
Software version: 4.2.7
Database directory: /home/bacte/miniconda3/envs/amrfinder_env/share/amrfinderplus/data/2026-08-07.1
Database version: 2026-08-07.1
AMRFinder translated nucleotide search
  - include -O ORGANISM, --organism ORGANISM option to add mutation searches and suppress common proteins
Running tblastn
Making report
amrfinder took 82 seconds to complete
    OK
[1172/1312] GCF_045276195.1
Running: amrfinder -n /home/bacte/bacillus_amr/01_genomes/ncbi_dataset/ncbi_dataset/data/GCF_045276195.1/GCF_045276195.1_ASM4527619v1_genomic.fna --plus -o /home/bacte/bacillus_amr/05_amr/amrfinder_raw/GCF_045276195.1.tsv
Software directory: /home/bacte/miniconda3/envs/amrfinder_env/bin/
Software version: 4.2.7
Database directory: /home/bacte/miniconda3/envs/amrfinder_env/share/amrfinderplus/data/2026-08-07.1
Database version: 2026-08-07.1
AMRFinder translated nucleotide search
  - include -O ORGANISM, --organism ORGANISM option to add mutation searches and suppress common proteins
Running tblastn
Making report
amrfinder took 80 seconds to complete
    OK
[1173/1312] GCF_045924925.1
Running: amrfinder -n /home/bacte/bacillus_amr/01_genomes/ncbi_dataset/ncbi_dataset/data/GCF_045924925.1/GCF_045924925.1_ASM4592492v1_genomic.fna --plus -o /home/bacte/bacillus_amr/05_amr/amrfinder_raw/GCF_045924925.1.tsv
Software directory: /home/bacte/miniconda3/envs/amrfinder_env/bin/
Software version: 4.2.7
Database directory: /home/bacte/miniconda3/envs/amrfinder_env/share/amrfinderplus/data/2026-08-07.1
Database version: 2026-08-07.1
AMRFinder translated nucleotide search
  - include -O ORGANISM, --organism ORGANISM option to add mutation searches and suppress common proteins
Running tblastn
Making report
amrfinder took 82 seconds to complete
    OK
[1174/1312] GCF_045925855.1
Running: amrfinder -n /home/bacte/bacillus_amr/01_genomes/ncbi_dataset/ncbi_dataset/data/GCF_045925855.1/GCF_045925855.1_ASM4592585v1_genomic.fna --plus -o /home/bacte/bacillus_amr/05_amr/amrfinder_raw/GCF_045925855.1.tsv
Software directory: /home/bacte/miniconda3/envs/amrfinder_env/bin/
Software version: 4.2.7
Database directory: /home/bacte/miniconda3/envs/amrfinder_env/share/amrfinderplus/data/2026-08-07.1
Database version: 2026-08-07.1
AMRFinder translated nucleotide search
  - include -O ORGANISM, --organism ORGANISM option to add mutation searches and suppress common proteins
Running tblastn
Making report
amrfinder took 77 seconds to complete
    OK
[1175/1312] GCF_046101815.1
Running: amrfinder -n /home/bacte/bacillus_amr/01_genomes/ncbi_dataset/ncbi_dataset/data/GCF_046101815.1/GCF_046101815.1_ASM4610181v1_genomic.fna --plus -o /home/bacte/bacillus_amr/05_amr/amrfinder_raw/GCF_046101815.1.tsv
Software directory: /home/bacte/miniconda3/envs/amrfinder_env/bin/
Software version: 4.2.7
Database directory: /home/bacte/miniconda3/envs/amrfinder_env/share/amrfinderplus/data/2026-08-07.1
Database version: 2026-08-07.1
AMRFinder translated nucleotide search
  - include -O ORGANISM, --organism ORGANISM option to add mutation searches and suppress common proteins
Running tblastn
Making report
amrfinder took 77 seconds to complete
    OK
[1176/1312] GCF_047300835.1
Running: amrfinder -n /home/bacte/bacillus_amr/01_genomes/ncbi_dataset/ncbi_dataset/data/GCF_047300835.1/GCF_047300835.1_ASM4730083v1_genomic.fna --plus -o /home/bacte/bacillus_amr/05_amr/amrfinder_raw/GCF_047300835.1.tsv
Software directory: /home/bacte/miniconda3/envs/amrfinder_env/bin/
Software version: 4.2.7
Database directory: /home/bacte/miniconda3/envs/amrfinder_env/share/amrfinderplus/data/2026-08-07.1
Database version: 2026-08-07.1
AMRFinder translated nucleotide search
  - include -O ORGANISM, --organism ORGANISM option to add mutation searches and suppress common proteins
Running tblastn
Making report
amrfinder took 74 seconds to complete
    OK
[1177/1312] GCF_047300865.1
Running: amrfinder -n /home/bacte/bacillus_amr/01_genomes/ncbi_dataset/ncbi_dataset/data/GCF_047300865.1/GCF_047300865.1_ASM4730086v1_genomic.fna --plus -o /home/bacte/bacillus_amr/05_amr/amrfinder_raw/GCF_047300865.1.tsv
Software directory: /home/bacte/miniconda3/envs/amrfinder_env/bin/
Software version: 4.2.7
Database directory: /home/bacte/miniconda3/envs/amrfinder_env/share/amrfinderplus/data/2026-08-07.1
Database version: 2026-08-07.1
AMRFinder translated nucleotide search
  - include -O ORGANISM, --organism ORGANISM option to add mutation searches and suppress common proteins
Running tblastn
Making report
amrfinder took 76 seconds to complete
    OK
[1178/1312] GCF_047302555.1
Running: amrfinder -n /home/bacte/bacillus_amr/01_genomes/ncbi_dataset/ncbi_dataset/data/GCF_047302555.1/GCF_047302555.1_SY54.1.0_genomic.fna --plus -o /home/bacte/bacillus_amr/05_amr/amrfinder_raw/GCF_047302555.1.tsv
Software directory: /home/bacte/miniconda3/envs/amrfinder_env/bin/
Software version: 4.2.7
Database directory: /home/bacte/miniconda3/envs/amrfinder_env/share/amrfinderplus/data/2026-08-07.1
Database version: 2026-08-07.1
AMRFinder translated nucleotide search
  - include -O ORGANISM, --organism ORGANISM option to add mutation searches and suppress common proteins
Running tblastn
Making report
amrfinder took 77 seconds to complete
    OK
[1179/1312] GCF_047314745.1
Running: amrfinder -n /home/bacte/bacillus_amr/01_genomes/ncbi_dataset/ncbi_dataset/data/GCF_047314745.1/GCF_047314745.1_ASM4731474v1_genomic.fna --plus -o /home/bacte/bacillus_amr/05_amr/amrfinder_raw/GCF_047314745.1.tsv
Software directory: /home/bacte/miniconda3/envs/amrfinder_env/bin/
Software version: 4.2.7
Database directory: /home/bacte/miniconda3/envs/amrfinder_env/share/amrfinderplus/data/2026-08-07.1
Database version: 2026-08-07.1
AMRFinder translated nucleotide search
  - include -O ORGANISM, --organism ORGANISM option to add mutation searches and suppress common proteins
Running tblastn
Making report
amrfinder took 37 seconds to complete
    OK
[1180/1312] GCF_047947095.1
Running: amrfinder -n /home/bacte/bacillus_amr/01_genomes/ncbi_dataset/ncbi_dataset/data/GCF_047947095.1/GCF_047947095.1_ASM4794709v1_genomic.fna --plus -o /home/bacte/bacillus_amr/05_amr/amrfinder_raw/GCF_047947095.1.tsv
Software directory: /home/bacte/miniconda3/envs/amrfinder_env/bin/
Software version: 4.2.7
Database directory: /home/bacte/miniconda3/envs/amrfinder_env/share/amrfinderplus/data/2026-08-07.1
Database version: 2026-08-07.1
AMRFinder translated nucleotide search
  - include -O ORGANISM, --organism ORGANISM option to add mutation searches and suppress common proteins
Running tblastn
Making report
amrfinder took 81 seconds to complete
    OK
[1181/1312] GCF_048013385.1
Running: amrfinder -n /home/bacte/bacillus_amr/01_genomes/ncbi_dataset/ncbi_dataset/data/GCF_048013385.1/GCF_048013385.1_ASM4801338v1_genomic.fna --plus -o /home/bacte/bacillus_amr/05_amr/amrfinder_raw/GCF_048013385.1.tsv
Software directory: /home/bacte/miniconda3/envs/amrfinder_env/bin/
Software version: 4.2.7
Database directory: /home/bacte/miniconda3/envs/amrfinder_env/share/amrfinderplus/data/2026-08-07.1
Database version: 2026-08-07.1
AMRFinder translated nucleotide search
  - include -O ORGANISM, --organism ORGANISM option to add mutation searches and suppress common proteins
Running tblastn
Making report
amrfinder took 81 seconds to complete
    OK
[1182/1312] GCF_048288325.1
Running: amrfinder -n /home/bacte/bacillus_amr/01_genomes/ncbi_dataset/ncbi_dataset/data/GCF_048288325.1/GCF_048288325.1_ASM4828832v1_genomic.fna --plus -o /home/bacte/bacillus_amr/05_amr/amrfinder_raw/GCF_048288325.1.tsv
Software directory: /home/bacte/miniconda3/envs/amrfinder_env/bin/
Software version: 4.2.7
Database directory: /home/bacte/miniconda3/envs/amrfinder_env/share/amrfinderplus/data/2026-08-07.1
Database version: 2026-08-07.1
AMRFinder translated nucleotide search
  - include -O ORGANISM, --organism ORGANISM option to add mutation searches and suppress common proteins
Running tblastn
Making report
amrfinder took 74 seconds to complete
    OK
[1183/1312] GCF_048288335.1
Running: amrfinder -n /home/bacte/bacillus_amr/01_genomes/ncbi_dataset/ncbi_dataset/data/GCF_048288335.1/GCF_048288335.1_ASM4828833v1_genomic.fna --plus -o /home/bacte/bacillus_amr/05_amr/amrfinder_raw/GCF_048288335.1.tsv
Software directory: /home/bacte/miniconda3/envs/amrfinder_env/bin/
Software version: 4.2.7
Database directory: /home/bacte/miniconda3/envs/amrfinder_env/share/amrfinderplus/data/2026-08-07.1
Database version: 2026-08-07.1
AMRFinder translated nucleotide search
  - include -O ORGANISM, --organism ORGANISM option to add mutation searches and suppress common proteins
Running tblastn
Making report
amrfinder took 76 seconds to complete
    OK
[1184/1312] GCF_048585445.1
Running: amrfinder -n /home/bacte/bacillus_amr/01_genomes/ncbi_dataset/ncbi_dataset/data/GCF_048585445.1/GCF_048585445.1_HNAAS02v1_genomic.fna --plus -o /home/bacte/bacillus_amr/05_amr/amrfinder_raw/GCF_048585445.1.tsv
Software directory: /home/bacte/miniconda3/envs/amrfinder_env/bin/
Software version: 4.2.7
Database directory: /home/bacte/miniconda3/envs/amrfinder_env/share/amrfinderplus/data/2026-08-07.1
Database version: 2026-08-07.1
AMRFinder translated nucleotide search
  - include -O ORGANISM, --organism ORGANISM option to add mutation searches and suppress common proteins
Running tblastn
Making report
amrfinder took 76 seconds to complete
    OK
[1185/1312] GCF_049537935.1
Running: amrfinder -n /home/bacte/bacillus_amr/01_genomes/ncbi_dataset/ncbi_dataset/data/GCF_049537935.1/GCF_049537935.1_ASM4953793v1_genomic.fna --plus -o /home/bacte/bacillus_amr/05_amr/amrfinder_raw/GCF_049537935.1.tsv
Software directory: /home/bacte/miniconda3/envs/amrfinder_env/bin/
Software version: 4.2.7
Database directory: /home/bacte/miniconda3/envs/amrfinder_env/share/amrfinderplus/data/2026-08-07.1
Database version: 2026-08-07.1
AMRFinder translated nucleotide search
  - include -O ORGANISM, --organism ORGANISM option to add mutation searches and suppress common proteins
Running tblastn
Making report
amrfinder took 24 seconds to complete
    OK
[1186/1312] GCF_049544895.1
Running: amrfinder -n /home/bacte/bacillus_amr/01_genomes/ncbi_dataset/ncbi_dataset/data/GCF_049544895.1/GCF_049544895.1_ASM4954489v1_genomic.fna --plus -o /home/bacte/bacillus_amr/05_amr/amrfinder_raw/GCF_049544895.1.tsv
Software directory: /home/bacte/miniconda3/envs/amrfinder_env/bin/
Software version: 4.2.7
Database directory: /home/bacte/miniconda3/envs/amrfinder_env/share/amrfinderplus/data/2026-08-07.1
Database version: 2026-08-07.1
AMRFinder translated nucleotide search
  - include -O ORGANISM, --organism ORGANISM option to add mutation searches and suppress common proteins
Running tblastn
Making report
amrfinder took 76 seconds to complete
    OK
[1187/1312] GCF_049803395.1
Running: amrfinder -n /home/bacte/bacillus_amr/01_genomes/ncbi_dataset/ncbi_dataset/data/GCF_049803395.1/GCF_049803395.1_ASM4980339v1_genomic.fna --plus -o /home/bacte/bacillus_amr/05_amr/amrfinder_raw/GCF_049803395.1.tsv
Software directory: /home/bacte/miniconda3/envs/amrfinder_env/bin/
Software version: 4.2.7
Database directory: /home/bacte/miniconda3/envs/amrfinder_env/share/amrfinderplus/data/2026-08-07.1
Database version: 2026-08-07.1
AMRFinder translated nucleotide search
  - include -O ORGANISM, --organism ORGANISM option to add mutation searches and suppress common proteins
Running tblastn
Making report
amrfinder took 23 seconds to complete
    OK
[1188/1312] GCF_049810385.1
Running: amrfinder -n /home/bacte/bacillus_amr/01_genomes/ncbi_dataset/ncbi_dataset/data/GCF_049810385.1/GCF_049810385.1_XZ3-6_genomic.fna --plus -o /home/bacte/bacillus_amr/05_amr/amrfinder_raw/GCF_049810385.1.tsv
Software directory: /home/bacte/miniconda3/envs/amrfinder_env/bin/
Software version: 4.2.7
Database directory: /home/bacte/miniconda3/envs/amrfinder_env/share/amrfinderplus/data/2026-08-07.1
Database version: 2026-08-07.1
AMRFinder translated nucleotide search
  - include -O ORGANISM, --organism ORGANISM option to add mutation searches and suppress common proteins
Running tblastn
Making report
amrfinder took 79 seconds to complete
    OK
[1189/1312] GCF_049819585.1
Running: amrfinder -n /home/bacte/bacillus_amr/01_genomes/ncbi_dataset/ncbi_dataset/data/GCF_049819585.1/GCF_049819585.1_ASM4981958v1_genomic.fna --plus -o /home/bacte/bacillus_amr/05_amr/amrfinder_raw/GCF_049819585.1.tsv
Software directory: /home/bacte/miniconda3/envs/amrfinder_env/bin/
Software version: 4.2.7
Database directory: /home/bacte/miniconda3/envs/amrfinder_env/share/amrfinderplus/data/2026-08-07.1
Database version: 2026-08-07.1
AMRFinder translated nucleotide search
  - include -O ORGANISM, --organism ORGANISM option to add mutation searches and suppress common proteins
Running tblastn
Making report
amrfinder took 73 seconds to complete
    OK
[1190/1312] GCF_049942705.1
Running: amrfinder -n /home/bacte/bacillus_amr/01_genomes/ncbi_dataset/ncbi_dataset/data/GCF_049942705.1/GCF_049942705.1_ASM4994270v1_genomic.fna --plus -o /home/bacte/bacillus_amr/05_amr/amrfinder_raw/GCF_049942705.1.tsv
Software directory: /home/bacte/miniconda3/envs/amrfinder_env/bin/
Software version: 4.2.7
Database directory: /home/bacte/miniconda3/envs/amrfinder_env/share/amrfinderplus/data/2026-08-07.1
Database version: 2026-08-07.1
AMRFinder translated nucleotide search
  - include -O ORGANISM, --organism ORGANISM option to add mutation searches and suppress common proteins
Running tblastn
Making report
amrfinder took 79 seconds to complete
    OK
[1191/1312] GCF_049944735.1
Running: amrfinder -n /home/bacte/bacillus_amr/01_genomes/ncbi_dataset/ncbi_dataset/data/GCF_049944735.1/GCF_049944735.1_ASM4994473v1_genomic.fna --plus -o /home/bacte/bacillus_amr/05_amr/amrfinder_raw/GCF_049944735.1.tsv
Software directory: /home/bacte/miniconda3/envs/amrfinder_env/bin/
Software version: 4.2.7
Database directory: /home/bacte/miniconda3/envs/amrfinder_env/share/amrfinderplus/data/2026-08-07.1
Database version: 2026-08-07.1
AMRFinder translated nucleotide search
  - include -O ORGANISM, --organism ORGANISM option to add mutation searches and suppress common proteins
Running tblastn
Making report
amrfinder took 34 seconds to complete
    OK
[1192/1312] GCF_050106615.1
Running: amrfinder -n /home/bacte/bacillus_amr/01_genomes/ncbi_dataset/ncbi_dataset/data/GCF_050106615.1/GCF_050106615.1_ASM5010661v1_genomic.fna --plus -o /home/bacte/bacillus_amr/05_amr/amrfinder_raw/GCF_050106615.1.tsv
Software directory: /home/bacte/miniconda3/envs/amrfinder_env/bin/
Software version: 4.2.7
Database directory: /home/bacte/miniconda3/envs/amrfinder_env/share/amrfinderplus/data/2026-08-07.1
Database version: 2026-08-07.1
AMRFinder translated nucleotide search
  - include -O ORGANISM, --organism ORGANISM option to add mutation searches and suppress common proteins
Running tblastn
Making report
amrfinder took 11 seconds to complete
    OK
[1193/1312] GCF_050445505.1
Running: amrfinder -n /home/bacte/bacillus_amr/01_genomes/ncbi_dataset/ncbi_dataset/data/GCF_050445505.1/GCF_050445505.1_ASM5044550v1_genomic.fna --plus -o /home/bacte/bacillus_amr/05_amr/amrfinder_raw/GCF_050445505.1.tsv
Software directory: /home/bacte/miniconda3/envs/amrfinder_env/bin/
Software version: 4.2.7
Database directory: /home/bacte/miniconda3/envs/amrfinder_env/share/amrfinderplus/data/2026-08-07.1
Database version: 2026-08-07.1
AMRFinder translated nucleotide search
  - include -O ORGANISM, --organism ORGANISM option to add mutation searches and suppress common proteins
Running tblastn
Making report
amrfinder took 36 seconds to complete
    OK
[1194/1312] GCF_050445565.1
Running: amrfinder -n /home/bacte/bacillus_amr/01_genomes/ncbi_dataset/ncbi_dataset/data/GCF_050445565.1/GCF_050445565.1_ASM5044556v1_genomic.fna --plus -o /home/bacte/bacillus_amr/05_amr/amrfinder_raw/GCF_050445565.1.tsv
Software directory: /home/bacte/miniconda3/envs/amrfinder_env/bin/
Software version: 4.2.7
Database directory: /home/bacte/miniconda3/envs/amrfinder_env/share/amrfinderplus/data/2026-08-07.1
Database version: 2026-08-07.1
AMRFinder translated nucleotide search
  - include -O ORGANISM, --organism ORGANISM option to add mutation searches and suppress common proteins
Running tblastn
Making report
amrfinder took 32 seconds to complete
    OK
[1195/1312] GCF_050821995.1
Running: amrfinder -n /home/bacte/bacillus_amr/01_genomes/ncbi_dataset/ncbi_dataset/data/GCF_050821995.1/GCF_050821995.1_ASM5082199v1_genomic.fna --plus -o /home/bacte/bacillus_amr/05_amr/amrfinder_raw/GCF_050821995.1.tsv
Software directory: /home/bacte/miniconda3/envs/amrfinder_env/bin/
Software version: 4.2.7
Database directory: /home/bacte/miniconda3/envs/amrfinder_env/share/amrfinderplus/data/2026-08-07.1
Database version: 2026-08-07.1
AMRFinder translated nucleotide search
  - include -O ORGANISM, --organism ORGANISM option to add mutation searches and suppress common proteins
Running tblastn
Making report
amrfinder took 72 seconds to complete
    OK
[1196/1312] GCF_050908125.1
Running: amrfinder -n /home/bacte/bacillus_amr/01_genomes/ncbi_dataset/ncbi_dataset/data/GCF_050908125.1/GCF_050908125.1_ASM5090812v1_genomic.fna --plus -o /home/bacte/bacillus_amr/05_amr/amrfinder_raw/GCF_050908125.1.tsv
Software directory: /home/bacte/miniconda3/envs/amrfinder_env/bin/
Software version: 4.2.7
Database directory: /home/bacte/miniconda3/envs/amrfinder_env/share/amrfinderplus/data/2026-08-07.1
Database version: 2026-08-07.1
AMRFinder translated nucleotide search
  - include -O ORGANISM, --organism ORGANISM option to add mutation searches and suppress common proteins
Running tblastn
Making report
amrfinder took 74 seconds to complete
    OK
[1197/1312] GCF_050909115.1
Running: amrfinder -n /home/bacte/bacillus_amr/01_genomes/ncbi_dataset/ncbi_dataset/data/GCF_050909115.1/GCF_050909115.1_ASM5090911v1_genomic.fna --plus -o /home/bacte/bacillus_amr/05_amr/amrfinder_raw/GCF_050909115.1.tsv
Software directory: /home/bacte/miniconda3/envs/amrfinder_env/bin/
Software version: 4.2.7
Database directory: /home/bacte/miniconda3/envs/amrfinder_env/share/amrfinderplus/data/2026-08-07.1
Database version: 2026-08-07.1
AMRFinder translated nucleotide search
  - include -O ORGANISM, --organism ORGANISM option to add mutation searches and suppress common proteins
Running tblastn
Making report
amrfinder took 79 seconds to complete
    OK
[1198/1312] GCF_051175615.1
Running: amrfinder -n /home/bacte/bacillus_amr/01_genomes/ncbi_dataset/ncbi_dataset/data/GCF_051175615.1/GCF_051175615.1_ASM5117561v1_genomic.fna --plus -o /home/bacte/bacillus_amr/05_amr/amrfinder_raw/GCF_051175615.1.tsv
Software directory: /home/bacte/miniconda3/envs/amrfinder_env/bin/
Software version: 4.2.7
Database directory: /home/bacte/miniconda3/envs/amrfinder_env/share/amrfinderplus/data/2026-08-07.1
Database version: 2026-08-07.1
AMRFinder translated nucleotide search
  - include -O ORGANISM, --organism ORGANISM option to add mutation searches and suppress common proteins
Running tblastn
Making report
amrfinder took 75 seconds to complete
    OK
[1199/1312] GCF_051472655.1
Running: amrfinder -n /home/bacte/bacillus_amr/01_genomes/ncbi_dataset/ncbi_dataset/data/GCF_051472655.1/GCF_051472655.1_ASM5147265v1_genomic.fna --plus -o /home/bacte/bacillus_amr/05_amr/amrfinder_raw/GCF_051472655.1.tsv
Software directory: /home/bacte/miniconda3/envs/amrfinder_env/bin/
Software version: 4.2.7
Database directory: /home/bacte/miniconda3/envs/amrfinder_env/share/amrfinderplus/data/2026-08-07.1
Database version: 2026-08-07.1
AMRFinder translated nucleotide search
  - include -O ORGANISM, --organism ORGANISM option to add mutation searches and suppress common proteins
Running tblastn
Making report
amrfinder took 75 seconds to complete
    OK
[1200/1312] GCF_051549775.1
Running: amrfinder -n /home/bacte/bacillus_amr/01_genomes/ncbi_dataset/ncbi_dataset/data/GCF_051549775.1/GCF_051549775.1_ASM5154977v1_genomic.fna --plus -o /home/bacte/bacillus_amr/05_amr/amrfinder_raw/GCF_051549775.1.tsv
Software directory: /home/bacte/miniconda3/envs/amrfinder_env/bin/
Software version: 4.2.7
Database directory: /home/bacte/miniconda3/envs/amrfinder_env/share/amrfinderplus/data/2026-08-07.1
Database version: 2026-08-07.1
AMRFinder translated nucleotide search
  - include -O ORGANISM, --organism ORGANISM option to add mutation searches and suppress common proteins
Running tblastn
Making report
amrfinder took 76 seconds to complete
    OK
[1201/1312] GCF_051935925.1
Running: amrfinder -n /home/bacte/bacillus_amr/01_genomes/ncbi_dataset/ncbi_dataset/data/GCF_051935925.1/GCF_051935925.1_ASM5193592v1_genomic.fna --plus -o /home/bacte/bacillus_amr/05_amr/amrfinder_raw/GCF_051935925.1.tsv
Software directory: /home/bacte/miniconda3/envs/amrfinder_env/bin/
Software version: 4.2.7
Database directory: /home/bacte/miniconda3/envs/amrfinder_env/share/amrfinderplus/data/2026-08-07.1
Database version: 2026-08-07.1
AMRFinder translated nucleotide search
  - include -O ORGANISM, --organism ORGANISM option to add mutation searches and suppress common proteins
Running tblastn
Making report
amrfinder took 77 seconds to complete
    OK
[1202/1312] GCF_052076155.1
Running: amrfinder -n /home/bacte/bacillus_amr/01_genomes/ncbi_dataset/ncbi_dataset/data/GCF_052076155.1/GCF_052076155.1_ASM5207615v1_genomic.fna --plus -o /home/bacte/bacillus_amr/05_amr/amrfinder_raw/GCF_052076155.1.tsv
Software directory: /home/bacte/miniconda3/envs/amrfinder_env/bin/
Software version: 4.2.7
Database directory: /home/bacte/miniconda3/envs/amrfinder_env/share/amrfinderplus/data/2026-08-07.1
Database version: 2026-08-07.1
AMRFinder translated nucleotide search
  - include -O ORGANISM, --organism ORGANISM option to add mutation searches and suppress common proteins
Running tblastn
Making report
amrfinder took 74 seconds to complete
    OK
[1203/1312] GCF_052229975.1
Running: amrfinder -n /home/bacte/bacillus_amr/01_genomes/ncbi_dataset/ncbi_dataset/data/GCF_052229975.1/GCF_052229975.1_ASM5222997v1_genomic.fna --plus -o /home/bacte/bacillus_amr/05_amr/amrfinder_raw/GCF_052229975.1.tsv
Software directory: /home/bacte/miniconda3/envs/amrfinder_env/bin/
Software version: 4.2.7
Database directory: /home/bacte/miniconda3/envs/amrfinder_env/share/amrfinderplus/data/2026-08-07.1
Database version: 2026-08-07.1
AMRFinder translated nucleotide search
  - include -O ORGANISM, --organism ORGANISM option to add mutation searches and suppress common proteins
Running tblastn
Making report
amrfinder took 79 seconds to complete
    OK
[1204/1312] GCF_052535915.1
Running: amrfinder -n /home/bacte/bacillus_amr/01_genomes/ncbi_dataset/ncbi_dataset/data/GCF_052535915.1/GCF_052535915.1_ASM5253591v1_genomic.fna --plus -o /home/bacte/bacillus_amr/05_amr/amrfinder_raw/GCF_052535915.1.tsv
Software directory: /home/bacte/miniconda3/envs/amrfinder_env/bin/
Software version: 4.2.7
Database directory: /home/bacte/miniconda3/envs/amrfinder_env/share/amrfinderplus/data/2026-08-07.1
Database version: 2026-08-07.1
AMRFinder translated nucleotide search
  - include -O ORGANISM, --organism ORGANISM option to add mutation searches and suppress common proteins
Running tblastn
Making report
amrfinder took 36 seconds to complete
    OK
[1205/1312] GCF_052568175.1
Running: amrfinder -n /home/bacte/bacillus_amr/01_genomes/ncbi_dataset/ncbi_dataset/data/GCF_052568175.1/GCF_052568175.1_ASM5256817v1_genomic.fna --plus -o /home/bacte/bacillus_amr/05_amr/amrfinder_raw/GCF_052568175.1.tsv
Software directory: /home/bacte/miniconda3/envs/amrfinder_env/bin/
Software version: 4.2.7
Database directory: /home/bacte/miniconda3/envs/amrfinder_env/share/amrfinderplus/data/2026-08-07.1
Database version: 2026-08-07.1
AMRFinder translated nucleotide search
  - include -O ORGANISM, --organism ORGANISM option to add mutation searches and suppress common proteins
Running tblastn
Making report
amrfinder took 78 seconds to complete
    OK
[1206/1312] GCF_052568205.1
Running: amrfinder -n /home/bacte/bacillus_amr/01_genomes/ncbi_dataset/ncbi_dataset/data/GCF_052568205.1/GCF_052568205.1_ASM5256820v1_genomic.fna --plus -o /home/bacte/bacillus_amr/05_amr/amrfinder_raw/GCF_052568205.1.tsv
Software directory: /home/bacte/miniconda3/envs/amrfinder_env/bin/
Software version: 4.2.7
Database directory: /home/bacte/miniconda3/envs/amrfinder_env/share/amrfinderplus/data/2026-08-07.1
Database version: 2026-08-07.1
AMRFinder translated nucleotide search
  - include -O ORGANISM, --organism ORGANISM option to add mutation searches and suppress common proteins
Running tblastn
Making report
amrfinder took 77 seconds to complete
    OK
[1207/1312] GCF_052692685.1
Running: amrfinder -n /home/bacte/bacillus_amr/01_genomes/ncbi_dataset/ncbi_dataset/data/GCF_052692685.1/GCF_052692685.1_ASM5269268v1_genomic.fna --plus -o /home/bacte/bacillus_amr/05_amr/amrfinder_raw/GCF_052692685.1.tsv
Software directory: /home/bacte/miniconda3/envs/amrfinder_env/bin/
Software version: 4.2.7
Database directory: /home/bacte/miniconda3/envs/amrfinder_env/share/amrfinderplus/data/2026-08-07.1
Database version: 2026-08-07.1
AMRFinder translated nucleotide search
  - include -O ORGANISM, --organism ORGANISM option to add mutation searches and suppress common proteins
Running tblastn
Making report
amrfinder took 82 seconds to complete
    OK
[1208/1312] GCF_052922385.1
Running: amrfinder -n /home/bacte/bacillus_amr/01_genomes/ncbi_dataset/ncbi_dataset/data/GCF_052922385.1/GCF_052922385.1_ASM5292238v1_genomic.fna --plus -o /home/bacte/bacillus_amr/05_amr/amrfinder_raw/GCF_052922385.1.tsv
Software directory: /home/bacte/miniconda3/envs/amrfinder_env/bin/
Software version: 4.2.7
Database directory: /home/bacte/miniconda3/envs/amrfinder_env/share/amrfinderplus/data/2026-08-07.1
Database version: 2026-08-07.1
AMRFinder translated nucleotide search
  - include -O ORGANISM, --organism ORGANISM option to add mutation searches and suppress common proteins
Running tblastn
Making report
amrfinder took 14 seconds to complete
    OK
[1209/1312] GCF_052977405.1
Running: amrfinder -n /home/bacte/bacillus_amr/01_genomes/ncbi_dataset/ncbi_dataset/data/GCF_052977405.1/GCF_052977405.1_ASM5297740v1_genomic.fna --plus -o /home/bacte/bacillus_amr/05_amr/amrfinder_raw/GCF_052977405.1.tsv
Software directory: /home/bacte/miniconda3/envs/amrfinder_env/bin/
Software version: 4.2.7
Database directory: /home/bacte/miniconda3/envs/amrfinder_env/share/amrfinderplus/data/2026-08-07.1
Database version: 2026-08-07.1
AMRFinder translated nucleotide search
  - include -O ORGANISM, --organism ORGANISM option to add mutation searches and suppress common proteins
Running tblastn
Making report
amrfinder took 27 seconds to complete
    OK
[1210/1312] GCF_053470225.1
Running: amrfinder -n /home/bacte/bacillus_amr/01_genomes/ncbi_dataset/ncbi_dataset/data/GCF_053470225.1/GCF_053470225.1_ASM5347022v1_genomic.fna --plus -o /home/bacte/bacillus_amr/05_amr/amrfinder_raw/GCF_053470225.1.tsv
Software directory: /home/bacte/miniconda3/envs/amrfinder_env/bin/
Software version: 4.2.7
Database directory: /home/bacte/miniconda3/envs/amrfinder_env/share/amrfinderplus/data/2026-08-07.1
Database version: 2026-08-07.1
AMRFinder translated nucleotide search
  - include -O ORGANISM, --organism ORGANISM option to add mutation searches and suppress common proteins
Running tblastn
Making report
amrfinder took 18 seconds to complete
    OK
[1211/1312] GCF_053470245.1
Running: amrfinder -n /home/bacte/bacillus_amr/01_genomes/ncbi_dataset/ncbi_dataset/data/GCF_053470245.1/GCF_053470245.1_ASM5347024v1_genomic.fna --plus -o /home/bacte/bacillus_amr/05_amr/amrfinder_raw/GCF_053470245.1.tsv
Software directory: /home/bacte/miniconda3/envs/amrfinder_env/bin/
Software version: 4.2.7
Database directory: /home/bacte/miniconda3/envs/amrfinder_env/share/amrfinderplus/data/2026-08-07.1
Database version: 2026-08-07.1
AMRFinder translated nucleotide search
  - include -O ORGANISM, --organism ORGANISM option to add mutation searches and suppress common proteins
Running tblastn
Making report
amrfinder took 26 seconds to complete
    OK
[1212/1312] GCF_053569555.1
Running: amrfinder -n /home/bacte/bacillus_amr/01_genomes/ncbi_dataset/ncbi_dataset/data/GCF_053569555.1/GCF_053569555.1_ASM5356955v1_genomic.fna --plus -o /home/bacte/bacillus_amr/05_amr/amrfinder_raw/GCF_053569555.1.tsv
Software directory: /home/bacte/miniconda3/envs/amrfinder_env/bin/
Software version: 4.2.7
Database directory: /home/bacte/miniconda3/envs/amrfinder_env/share/amrfinderplus/data/2026-08-07.1
Database version: 2026-08-07.1
AMRFinder translated nucleotide search
  - include -O ORGANISM, --organism ORGANISM option to add mutation searches and suppress common proteins
Running tblastn
Making report
amrfinder took 8 seconds to complete
    OK
[1213/1312] GCF_053571025.1
Running: amrfinder -n /home/bacte/bacillus_amr/01_genomes/ncbi_dataset/ncbi_dataset/data/GCF_053571025.1/GCF_053571025.1_ASM5357102v1_genomic.fna --plus -o /home/bacte/bacillus_amr/05_amr/amrfinder_raw/GCF_053571025.1.tsv
Software directory: /home/bacte/miniconda3/envs/amrfinder_env/bin/
Software version: 4.2.7
Database directory: /home/bacte/miniconda3/envs/amrfinder_env/share/amrfinderplus/data/2026-08-07.1
Database version: 2026-08-07.1
AMRFinder translated nucleotide search
  - include -O ORGANISM, --organism ORGANISM option to add mutation searches and suppress common proteins
Running tblastn
Making report
amrfinder took 13 seconds to complete
    OK
[1214/1312] GCF_053750075.1
Running: amrfinder -n /home/bacte/bacillus_amr/01_genomes/ncbi_dataset/ncbi_dataset/data/GCF_053750075.1/GCF_053750075.1_ASM5375007v1_genomic.fna --plus -o /home/bacte/bacillus_amr/05_amr/amrfinder_raw/GCF_053750075.1.tsv
Software directory: /home/bacte/miniconda3/envs/amrfinder_env/bin/
Software version: 4.2.7
Database directory: /home/bacte/miniconda3/envs/amrfinder_env/share/amrfinderplus/data/2026-08-07.1
Database version: 2026-08-07.1
AMRFinder translated nucleotide search
  - include -O ORGANISM, --organism ORGANISM option to add mutation searches and suppress common proteins
Running tblastn
Making report
amrfinder took 77 seconds to complete
    OK
[1215/1312] GCF_053847225.1
Running: amrfinder -n /home/bacte/bacillus_amr/01_genomes/ncbi_dataset/ncbi_dataset/data/GCF_053847225.1/GCF_053847225.1_ASM5384722v1_genomic.fna --plus -o /home/bacte/bacillus_amr/05_amr/amrfinder_raw/GCF_053847225.1.tsv
Software directory: /home/bacte/miniconda3/envs/amrfinder_env/bin/
Software version: 4.2.7
Database directory: /home/bacte/miniconda3/envs/amrfinder_env/share/amrfinderplus/data/2026-08-07.1
Database version: 2026-08-07.1
AMRFinder translated nucleotide search
  - include -O ORGANISM, --organism ORGANISM option to add mutation searches and suppress common proteins
Running tblastn
Making report
amrfinder took 74 seconds to complete
    OK
[1216/1312] GCF_054165805.1
Running: amrfinder -n /home/bacte/bacillus_amr/01_genomes/ncbi_dataset/ncbi_dataset/data/GCF_054165805.1/GCF_054165805.1_ASM5416580v1_genomic.fna --plus -o /home/bacte/bacillus_amr/05_amr/amrfinder_raw/GCF_054165805.1.tsv
Software directory: /home/bacte/miniconda3/envs/amrfinder_env/bin/
Software version: 4.2.7
Database directory: /home/bacte/miniconda3/envs/amrfinder_env/share/amrfinderplus/data/2026-08-07.1
Database version: 2026-08-07.1
AMRFinder translated nucleotide search
  - include -O ORGANISM, --organism ORGANISM option to add mutation searches and suppress common proteins
Running tblastn
Making report
amrfinder took 76 seconds to complete
    OK
[1217/1312] GCF_054850045.1
Running: amrfinder -n /home/bacte/bacillus_amr/01_genomes/ncbi_dataset/ncbi_dataset/data/GCF_054850045.1/GCF_054850045.1_ASM5485004v1_genomic.fna --plus -o /home/bacte/bacillus_amr/05_amr/amrfinder_raw/GCF_054850045.1.tsv
Software directory: /home/bacte/miniconda3/envs/amrfinder_env/bin/
Software version: 4.2.7
Database directory: /home/bacte/miniconda3/envs/amrfinder_env/share/amrfinderplus/data/2026-08-07.1
Database version: 2026-08-07.1
AMRFinder translated nucleotide search
  - include -O ORGANISM, --organism ORGANISM option to add mutation searches and suppress common proteins
Running tblastn
Making report
amrfinder took 16 seconds to complete
    OK
[1218/1312] GCF_054889435.1
Running: amrfinder -n /home/bacte/bacillus_amr/01_genomes/ncbi_dataset/ncbi_dataset/data/GCF_054889435.1/GCF_054889435.1_ASM5488943v1_genomic.fna --plus -o /home/bacte/bacillus_amr/05_amr/amrfinder_raw/GCF_054889435.1.tsv
Software directory: /home/bacte/miniconda3/envs/amrfinder_env/bin/
Software version: 4.2.7
Database directory: /home/bacte/miniconda3/envs/amrfinder_env/share/amrfinderplus/data/2026-08-07.1
Database version: 2026-08-07.1
AMRFinder translated nucleotide search
  - include -O ORGANISM, --organism ORGANISM option to add mutation searches and suppress common proteins
Running tblastn
Making report
amrfinder took 78 seconds to complete
    OK
[1219/1312] GCF_054954805.1
Running: amrfinder -n /home/bacte/bacillus_amr/01_genomes/ncbi_dataset/ncbi_dataset/data/GCF_054954805.1/GCF_054954805.1_ASM5495480v1_genomic.fna --plus -o /home/bacte/bacillus_amr/05_amr/amrfinder_raw/GCF_054954805.1.tsv
Software directory: /home/bacte/miniconda3/envs/amrfinder_env/bin/
Software version: 4.2.7
Database directory: /home/bacte/miniconda3/envs/amrfinder_env/share/amrfinderplus/data/2026-08-07.1
Database version: 2026-08-07.1
AMRFinder translated nucleotide search
  - include -O ORGANISM, --organism ORGANISM option to add mutation searches and suppress common proteins
Running tblastn
Making report
amrfinder took 77 seconds to complete
    OK
[1220/1312] GCF_054966515.1
Running: amrfinder -n /home/bacte/bacillus_amr/01_genomes/ncbi_dataset/ncbi_dataset/data/GCF_054966515.1/GCF_054966515.1_ASM5496651v1_genomic.fna --plus -o /home/bacte/bacillus_amr/05_amr/amrfinder_raw/GCF_054966515.1.tsv
Software directory: /home/bacte/miniconda3/envs/amrfinder_env/bin/
Software version: 4.2.7
Database directory: /home/bacte/miniconda3/envs/amrfinder_env/share/amrfinderplus/data/2026-08-07.1
Database version: 2026-08-07.1
AMRFinder translated nucleotide search
  - include -O ORGANISM, --organism ORGANISM option to add mutation searches and suppress common proteins
Running tblastn
Making report
amrfinder took 23 seconds to complete
    OK
[1221/1312] GCF_055690625.1
Running: amrfinder -n /home/bacte/bacillus_amr/01_genomes/ncbi_dataset/ncbi_dataset/data/GCF_055690625.1/GCF_055690625.1_ASM5569062v1_genomic.fna --plus -o /home/bacte/bacillus_amr/05_amr/amrfinder_raw/GCF_055690625.1.tsv
Software directory: /home/bacte/miniconda3/envs/amrfinder_env/bin/
Software version: 4.2.7
Database directory: /home/bacte/miniconda3/envs/amrfinder_env/share/amrfinderplus/data/2026-08-07.1
Database version: 2026-08-07.1
AMRFinder translated nucleotide search
  - include -O ORGANISM, --organism ORGANISM option to add mutation searches and suppress common proteins
Running tblastn
Making report
amrfinder took 79 seconds to complete
    OK
[1222/1312] GCF_055690645.1
Running: amrfinder -n /home/bacte/bacillus_amr/01_genomes/ncbi_dataset/ncbi_dataset/data/GCF_055690645.1/GCF_055690645.1_ASM5569064v1_genomic.fna --plus -o /home/bacte/bacillus_amr/05_amr/amrfinder_raw/GCF_055690645.1.tsv
Software directory: /home/bacte/miniconda3/envs/amrfinder_env/bin/
Software version: 4.2.7
Database directory: /home/bacte/miniconda3/envs/amrfinder_env/share/amrfinderplus/data/2026-08-07.1
Database version: 2026-08-07.1
AMRFinder translated nucleotide search
  - include -O ORGANISM, --organism ORGANISM option to add mutation searches and suppress common proteins
Running tblastn
Making report
amrfinder took 81 seconds to complete
    OK
[1223/1312] GCF_055690665.1
Running: amrfinder -n /home/bacte/bacillus_amr/01_genomes/ncbi_dataset/ncbi_dataset/data/GCF_055690665.1/GCF_055690665.1_ASM5569066v1_genomic.fna --plus -o /home/bacte/bacillus_amr/05_amr/amrfinder_raw/GCF_055690665.1.tsv
Software directory: /home/bacte/miniconda3/envs/amrfinder_env/bin/
Software version: 4.2.7
Database directory: /home/bacte/miniconda3/envs/amrfinder_env/share/amrfinderplus/data/2026-08-07.1
Database version: 2026-08-07.1
AMRFinder translated nucleotide search
  - include -O ORGANISM, --organism ORGANISM option to add mutation searches and suppress common proteins
Running tblastn
Making report
amrfinder took 77 seconds to complete
    OK
[1224/1312] GCF_055709905.1
Running: amrfinder -n /home/bacte/bacillus_amr/01_genomes/ncbi_dataset/ncbi_dataset/data/GCF_055709905.1/GCF_055709905.1_ASM5570990v1_genomic.fna --plus -o /home/bacte/bacillus_amr/05_amr/amrfinder_raw/GCF_055709905.1.tsv
Software directory: /home/bacte/miniconda3/envs/amrfinder_env/bin/
Software version: 4.2.7
Database directory: /home/bacte/miniconda3/envs/amrfinder_env/share/amrfinderplus/data/2026-08-07.1
Database version: 2026-08-07.1
AMRFinder translated nucleotide search
  - include -O ORGANISM, --organism ORGANISM option to add mutation searches and suppress common proteins
Running tblastn
Making report
amrfinder took 21 seconds to complete
    OK
[1225/1312] GCF_056413905.1
Running: amrfinder -n /home/bacte/bacillus_amr/01_genomes/ncbi_dataset/ncbi_dataset/data/GCF_056413905.1/GCF_056413905.1_ASM5641390v1_genomic.fna --plus -o /home/bacte/bacillus_amr/05_amr/amrfinder_raw/GCF_056413905.1.tsv
Software directory: /home/bacte/miniconda3/envs/amrfinder_env/bin/
Software version: 4.2.7
Database directory: /home/bacte/miniconda3/envs/amrfinder_env/share/amrfinderplus/data/2026-08-07.1
Database version: 2026-08-07.1
AMRFinder translated nucleotide search
  - include -O ORGANISM, --organism ORGANISM option to add mutation searches and suppress common proteins
Running tblastn
Making report
amrfinder took 76 seconds to complete
    OK
[1226/1312] GCF_056437605.1
Running: amrfinder -n /home/bacte/bacillus_amr/01_genomes/ncbi_dataset/ncbi_dataset/data/GCF_056437605.1/GCF_056437605.1_ASM5643760v1_genomic.fna --plus -o /home/bacte/bacillus_amr/05_amr/amrfinder_raw/GCF_056437605.1.tsv
Software directory: /home/bacte/miniconda3/envs/amrfinder_env/bin/
Software version: 4.2.7
Database directory: /home/bacte/miniconda3/envs/amrfinder_env/share/amrfinderplus/data/2026-08-07.1
Database version: 2026-08-07.1
AMRFinder translated nucleotide search
  - include -O ORGANISM, --organism ORGANISM option to add mutation searches and suppress common proteins
Running tblastn
Making report
amrfinder took 78 seconds to complete
    OK
[1227/1312] GCF_056640695.1
Running: amrfinder -n /home/bacte/bacillus_amr/01_genomes/ncbi_dataset/ncbi_dataset/data/GCF_056640695.1/GCF_056640695.1_ASM5664069v1_genomic.fna --plus -o /home/bacte/bacillus_amr/05_amr/amrfinder_raw/GCF_056640695.1.tsv
Software directory: /home/bacte/miniconda3/envs/amrfinder_env/bin/
Software version: 4.2.7
Database directory: /home/bacte/miniconda3/envs/amrfinder_env/share/amrfinderplus/data/2026-08-07.1
Database version: 2026-08-07.1
AMRFinder translated nucleotide search
  - include -O ORGANISM, --organism ORGANISM option to add mutation searches and suppress common proteins
Running tblastn
Making report
amrfinder took 78 seconds to complete
    OK
[1228/1312] GCF_056674955.1
Running: amrfinder -n /home/bacte/bacillus_amr/01_genomes/ncbi_dataset/ncbi_dataset/data/GCF_056674955.1/GCF_056674955.1_ASM5667495v1_genomic.fna --plus -o /home/bacte/bacillus_amr/05_amr/amrfinder_raw/GCF_056674955.1.tsv
Software directory: /home/bacte/miniconda3/envs/amrfinder_env/bin/
Software version: 4.2.7
Database directory: /home/bacte/miniconda3/envs/amrfinder_env/share/amrfinderplus/data/2026-08-07.1
Database version: 2026-08-07.1
AMRFinder translated nucleotide search
  - include -O ORGANISM, --organism ORGANISM option to add mutation searches and suppress common proteins
Running tblastn
Making report
amrfinder took 40 seconds to complete
    OK
[1229/1312] GCF_056725985.1
Running: amrfinder -n /home/bacte/bacillus_amr/01_genomes/ncbi_dataset/ncbi_dataset/data/GCF_056725985.1/GCF_056725985.1_ASM5672598v1_genomic.fna --plus -o /home/bacte/bacillus_amr/05_amr/amrfinder_raw/GCF_056725985.1.tsv
Software directory: /home/bacte/miniconda3/envs/amrfinder_env/bin/
Software version: 4.2.7
Database directory: /home/bacte/miniconda3/envs/amrfinder_env/share/amrfinderplus/data/2026-08-07.1
Database version: 2026-08-07.1
AMRFinder translated nucleotide search
  - include -O ORGANISM, --organism ORGANISM option to add mutation searches and suppress common proteins
Running tblastn
Making report
amrfinder took 78 seconds to complete
    OK
[1230/1312] GCF_057096045.1
Running: amrfinder -n /home/bacte/bacillus_amr/01_genomes/ncbi_dataset/ncbi_dataset/data/GCF_057096045.1/GCF_057096045.1_ASM5709604v1_genomic.fna --plus -o /home/bacte/bacillus_amr/05_amr/amrfinder_raw/GCF_057096045.1.tsv
Software directory: /home/bacte/miniconda3/envs/amrfinder_env/bin/
Software version: 4.2.7
Database directory: /home/bacte/miniconda3/envs/amrfinder_env/share/amrfinderplus/data/2026-08-07.1
Database version: 2026-08-07.1
AMRFinder translated nucleotide search
  - include -O ORGANISM, --organism ORGANISM option to add mutation searches and suppress common proteins
Running tblastn
Making report
amrfinder took 79 seconds to complete
    OK
[1231/1312] GCF_057162765.1
Running: amrfinder -n /home/bacte/bacillus_amr/01_genomes/ncbi_dataset/ncbi_dataset/data/GCF_057162765.1/GCF_057162765.1_ASM5716276v1_genomic.fna --plus -o /home/bacte/bacillus_amr/05_amr/amrfinder_raw/GCF_057162765.1.tsv
Software directory: /home/bacte/miniconda3/envs/amrfinder_env/bin/
Software version: 4.2.7
Database directory: /home/bacte/miniconda3/envs/amrfinder_env/share/amrfinderplus/data/2026-08-07.1
Database version: 2026-08-07.1
AMRFinder translated nucleotide search
  - include -O ORGANISM, --organism ORGANISM option to add mutation searches and suppress common proteins
Running tblastn
Making report
amrfinder took 24 seconds to complete
    OK
[1232/1312] GCF_057175425.1
Running: amrfinder -n /home/bacte/bacillus_amr/01_genomes/ncbi_dataset/ncbi_dataset/data/GCF_057175425.1/GCF_057175425.1_ASM5717542v1_genomic.fna --plus -o /home/bacte/bacillus_amr/05_amr/amrfinder_raw/GCF_057175425.1.tsv
Software directory: /home/bacte/miniconda3/envs/amrfinder_env/bin/
Software version: 4.2.7
Database directory: /home/bacte/miniconda3/envs/amrfinder_env/share/amrfinderplus/data/2026-08-07.1
Database version: 2026-08-07.1
AMRFinder translated nucleotide search
  - include -O ORGANISM, --organism ORGANISM option to add mutation searches and suppress common proteins
Running tblastn
Making report
amrfinder took 79 seconds to complete
    OK
[1233/1312] GCF_057220775.1
Running: amrfinder -n /home/bacte/bacillus_amr/01_genomes/ncbi_dataset/ncbi_dataset/data/GCF_057220775.1/GCF_057220775.1_ASM5722077v1_genomic.fna --plus -o /home/bacte/bacillus_amr/05_amr/amrfinder_raw/GCF_057220775.1.tsv
Software directory: /home/bacte/miniconda3/envs/amrfinder_env/bin/
Software version: 4.2.7
Database directory: /home/bacte/miniconda3/envs/amrfinder_env/share/amrfinderplus/data/2026-08-07.1
Database version: 2026-08-07.1
AMRFinder translated nucleotide search
  - include -O ORGANISM, --organism ORGANISM option to add mutation searches and suppress common proteins
Running tblastn
Making report
amrfinder took 75 seconds to complete
    OK
[1234/1312] GCF_057334255.1
Running: amrfinder -n /home/bacte/bacillus_amr/01_genomes/ncbi_dataset/ncbi_dataset/data/GCF_057334255.1/GCF_057334255.1_ASM5733425v1_genomic.fna --plus -o /home/bacte/bacillus_amr/05_amr/amrfinder_raw/GCF_057334255.1.tsv
Software directory: /home/bacte/miniconda3/envs/amrfinder_env/bin/
Software version: 4.2.7
Database directory: /home/bacte/miniconda3/envs/amrfinder_env/share/amrfinderplus/data/2026-08-07.1
Database version: 2026-08-07.1
AMRFinder translated nucleotide search
  - include -O ORGANISM, --organism ORGANISM option to add mutation searches and suppress common proteins
Running tblastn
Making report
amrfinder took 23 seconds to complete
    OK
[1235/1312] GCF_057334635.1
Running: amrfinder -n /home/bacte/bacillus_amr/01_genomes/ncbi_dataset/ncbi_dataset/data/GCF_057334635.1/GCF_057334635.1_ASM5733463v1_genomic.fna --plus -o /home/bacte/bacillus_amr/05_amr/amrfinder_raw/GCF_057334635.1.tsv
Software directory: /home/bacte/miniconda3/envs/amrfinder_env/bin/
Software version: 4.2.7
Database directory: /home/bacte/miniconda3/envs/amrfinder_env/share/amrfinderplus/data/2026-08-07.1
Database version: 2026-08-07.1
AMRFinder translated nucleotide search
  - include -O ORGANISM, --organism ORGANISM option to add mutation searches and suppress common proteins
Running tblastn
Making report
amrfinder took 25 seconds to complete
    OK
[1236/1312] GCF_057654735.1
Running: amrfinder -n /home/bacte/bacillus_amr/01_genomes/ncbi_dataset/ncbi_dataset/data/GCF_057654735.1/GCF_057654735.1_ASM5765473v1_genomic.fna --plus -o /home/bacte/bacillus_amr/05_amr/amrfinder_raw/GCF_057654735.1.tsv
Software directory: /home/bacte/miniconda3/envs/amrfinder_env/bin/
Software version: 4.2.7
Database directory: /home/bacte/miniconda3/envs/amrfinder_env/share/amrfinderplus/data/2026-08-07.1
Database version: 2026-08-07.1
AMRFinder translated nucleotide search
  - include -O ORGANISM, --organism ORGANISM option to add mutation searches and suppress common proteins
Running tblastn
Making report
amrfinder took 88 seconds to complete
    OK
[1237/1312] GCF_058167685.1
Running: amrfinder -n /home/bacte/bacillus_amr/01_genomes/ncbi_dataset/ncbi_dataset/data/GCF_058167685.1/GCF_058167685.1_ASM5816768v1_genomic.fna --plus -o /home/bacte/bacillus_amr/05_amr/amrfinder_raw/GCF_058167685.1.tsv
Software directory: /home/bacte/miniconda3/envs/amrfinder_env/bin/
Software version: 4.2.7
Database directory: /home/bacte/miniconda3/envs/amrfinder_env/share/amrfinderplus/data/2026-08-07.1
Database version: 2026-08-07.1
AMRFinder translated nucleotide search
  - include -O ORGANISM, --organism ORGANISM option to add mutation searches and suppress common proteins
Running tblastn
Making report
amrfinder took 77 seconds to complete
    OK
[1238/1312] GCF_058320775.1
Running: amrfinder -n /home/bacte/bacillus_amr/01_genomes/ncbi_dataset/ncbi_dataset/data/GCF_058320775.1/GCF_058320775.1_ASM5832077v1_genomic.fna --plus -o /home/bacte/bacillus_amr/05_amr/amrfinder_raw/GCF_058320775.1.tsv
Software directory: /home/bacte/miniconda3/envs/amrfinder_env/bin/
Software version: 4.2.7
Database directory: /home/bacte/miniconda3/envs/amrfinder_env/share/amrfinderplus/data/2026-08-07.1
Database version: 2026-08-07.1
AMRFinder translated nucleotide search
  - include -O ORGANISM, --organism ORGANISM option to add mutation searches and suppress common proteins
Running tblastn
Making report
amrfinder took 37 seconds to complete
    OK
[1239/1312] GCF_058629395.1
Running: amrfinder -n /home/bacte/bacillus_amr/01_genomes/ncbi_dataset/ncbi_dataset/data/GCF_058629395.1/GCF_058629395.1_ASM5862939v1_genomic.fna --plus -o /home/bacte/bacillus_amr/05_amr/amrfinder_raw/GCF_058629395.1.tsv
Software directory: /home/bacte/miniconda3/envs/amrfinder_env/bin/
Software version: 4.2.7
Database directory: /home/bacte/miniconda3/envs/amrfinder_env/share/amrfinderplus/data/2026-08-07.1
Database version: 2026-08-07.1
AMRFinder translated nucleotide search
  - include -O ORGANISM, --organism ORGANISM option to add mutation searches and suppress common proteins
Running tblastn
Making report
amrfinder took 14 seconds to complete
    OK
[1240/1312] GCF_058629415.1
Running: amrfinder -n /home/bacte/bacillus_amr/01_genomes/ncbi_dataset/ncbi_dataset/data/GCF_058629415.1/GCF_058629415.1_ASM5862941v1_genomic.fna --plus -o /home/bacte/bacillus_amr/05_amr/amrfinder_raw/GCF_058629415.1.tsv
Software directory: /home/bacte/miniconda3/envs/amrfinder_env/bin/
Software version: 4.2.7
Database directory: /home/bacte/miniconda3/envs/amrfinder_env/share/amrfinderplus/data/2026-08-07.1
Database version: 2026-08-07.1
AMRFinder translated nucleotide search
  - include -O ORGANISM, --organism ORGANISM option to add mutation searches and suppress common proteins
Running tblastn
Making report
amrfinder took 22 seconds to complete
    OK
[1241/1312] GCF_058629435.1
Running: amrfinder -n /home/bacte/bacillus_amr/01_genomes/ncbi_dataset/ncbi_dataset/data/GCF_058629435.1/GCF_058629435.1_ASM5862943v1_genomic.fna --plus -o /home/bacte/bacillus_amr/05_amr/amrfinder_raw/GCF_058629435.1.tsv
Software directory: /home/bacte/miniconda3/envs/amrfinder_env/bin/
Software version: 4.2.7
Database directory: /home/bacte/miniconda3/envs/amrfinder_env/share/amrfinderplus/data/2026-08-07.1
Database version: 2026-08-07.1
AMRFinder translated nucleotide search
  - include -O ORGANISM, --organism ORGANISM option to add mutation searches and suppress common proteins
Running tblastn
Making report
amrfinder took 23 seconds to complete
    OK
[1242/1312] GCF_059078255.1
Running: amrfinder -n /home/bacte/bacillus_amr/01_genomes/ncbi_dataset/ncbi_dataset/data/GCF_059078255.1/GCF_059078255.1_ASM5907825v1_genomic.fna --plus -o /home/bacte/bacillus_amr/05_amr/amrfinder_raw/GCF_059078255.1.tsv
Software directory: /home/bacte/miniconda3/envs/amrfinder_env/bin/
Software version: 4.2.7
Database directory: /home/bacte/miniconda3/envs/amrfinder_env/share/amrfinderplus/data/2026-08-07.1
Database version: 2026-08-07.1
AMRFinder translated nucleotide search
  - include -O ORGANISM, --organism ORGANISM option to add mutation searches and suppress common proteins
Running tblastn
Making report
amrfinder took 23 seconds to complete
    OK
[1243/1312] GCF_059147195.1
Running: amrfinder -n /home/bacte/bacillus_amr/01_genomes/ncbi_dataset/ncbi_dataset/data/GCF_059147195.1/GCF_059147195.1_ASM5914719v1_genomic.fna --plus -o /home/bacte/bacillus_amr/05_amr/amrfinder_raw/GCF_059147195.1.tsv
Software directory: /home/bacte/miniconda3/envs/amrfinder_env/bin/
Software version: 4.2.7
Database directory: /home/bacte/miniconda3/envs/amrfinder_env/share/amrfinderplus/data/2026-08-07.1
Database version: 2026-08-07.1
AMRFinder translated nucleotide search
  - include -O ORGANISM, --organism ORGANISM option to add mutation searches and suppress common proteins
Running tblastn
Making report
amrfinder took 83 seconds to complete
    OK
[1244/1312] GCF_059147205.1
Running: amrfinder -n /home/bacte/bacillus_amr/01_genomes/ncbi_dataset/ncbi_dataset/data/GCF_059147205.1/GCF_059147205.1_ASM5914720v1_genomic.fna --plus -o /home/bacte/bacillus_amr/05_amr/amrfinder_raw/GCF_059147205.1.tsv
Software directory: /home/bacte/miniconda3/envs/amrfinder_env/bin/
Software version: 4.2.7
Database directory: /home/bacte/miniconda3/envs/amrfinder_env/share/amrfinderplus/data/2026-08-07.1
Database version: 2026-08-07.1
AMRFinder translated nucleotide search
  - include -O ORGANISM, --organism ORGANISM option to add mutation searches and suppress common proteins
Running tblastn
Making report
amrfinder took 77 seconds to complete
    OK
[1245/1312] GCF_059547635.1
Running: amrfinder -n /home/bacte/bacillus_amr/01_genomes/ncbi_dataset/ncbi_dataset/data/GCF_059547635.1/GCF_059547635.1_ASM5954763v1_genomic.fna --plus -o /home/bacte/bacillus_amr/05_amr/amrfinder_raw/GCF_059547635.1.tsv
Software directory: /home/bacte/miniconda3/envs/amrfinder_env/bin/
Software version: 4.2.7
Database directory: /home/bacte/miniconda3/envs/amrfinder_env/share/amrfinderplus/data/2026-08-07.1
Database version: 2026-08-07.1
AMRFinder translated nucleotide search
  - include -O ORGANISM, --organism ORGANISM option to add mutation searches and suppress common proteins
Running tblastn
Making report
amrfinder took 27 seconds to complete
    OK
[1246/1312] GCF_059618005.1
Running: amrfinder -n /home/bacte/bacillus_amr/01_genomes/ncbi_dataset/ncbi_dataset/data/GCF_059618005.1/GCF_059618005.1_ASM5961800v1_genomic.fna --plus -o /home/bacte/bacillus_amr/05_amr/amrfinder_raw/GCF_059618005.1.tsv
Software directory: /home/bacte/miniconda3/envs/amrfinder_env/bin/
Software version: 4.2.7
Database directory: /home/bacte/miniconda3/envs/amrfinder_env/share/amrfinderplus/data/2026-08-07.1
Database version: 2026-08-07.1
AMRFinder translated nucleotide search
  - include -O ORGANISM, --organism ORGANISM option to add mutation searches and suppress common proteins
Running tblastn
Making report
amrfinder took 79 seconds to complete
    OK
[1247/1312] GCF_059629335.1
Running: amrfinder -n /home/bacte/bacillus_amr/01_genomes/ncbi_dataset/ncbi_dataset/data/GCF_059629335.1/GCF_059629335.1_ASM5962933v1_genomic.fna --plus -o /home/bacte/bacillus_amr/05_amr/amrfinder_raw/GCF_059629335.1.tsv
Software directory: /home/bacte/miniconda3/envs/amrfinder_env/bin/
Software version: 4.2.7
Database directory: /home/bacte/miniconda3/envs/amrfinder_env/share/amrfinderplus/data/2026-08-07.1
Database version: 2026-08-07.1
AMRFinder translated nucleotide search
  - include -O ORGANISM, --organism ORGANISM option to add mutation searches and suppress common proteins
Running tblastn
Making report
amrfinder took 8 seconds to complete
    OK
[1248/1312] GCF_059740425.1
Running: amrfinder -n /home/bacte/bacillus_amr/01_genomes/ncbi_dataset/ncbi_dataset/data/GCF_059740425.1/GCF_059740425.1_ASM5974042v1_genomic.fna --plus -o /home/bacte/bacillus_amr/05_amr/amrfinder_raw/GCF_059740425.1.tsv
Software directory: /home/bacte/miniconda3/envs/amrfinder_env/bin/
Software version: 4.2.7
Database directory: /home/bacte/miniconda3/envs/amrfinder_env/share/amrfinderplus/data/2026-08-07.1
Database version: 2026-08-07.1
AMRFinder translated nucleotide search
  - include -O ORGANISM, --organism ORGANISM option to add mutation searches and suppress common proteins
Running tblastn
Making report
amrfinder took 79 seconds to complete
    OK
[1249/1312] GCF_059759445.1
Running: amrfinder -n /home/bacte/bacillus_amr/01_genomes/ncbi_dataset/ncbi_dataset/data/GCF_059759445.1/GCF_059759445.1_ASM5975944v1_genomic.fna --plus -o /home/bacte/bacillus_amr/05_amr/amrfinder_raw/GCF_059759445.1.tsv
Software directory: /home/bacte/miniconda3/envs/amrfinder_env/bin/
Software version: 4.2.7
Database directory: /home/bacte/miniconda3/envs/amrfinder_env/share/amrfinderplus/data/2026-08-07.1
Database version: 2026-08-07.1
AMRFinder translated nucleotide search
  - include -O ORGANISM, --organism ORGANISM option to add mutation searches and suppress common proteins
Running tblastn
Making report
amrfinder took 74 seconds to complete
    OK
[1250/1312] GCF_059981775.1
Running: amrfinder -n /home/bacte/bacillus_amr/01_genomes/ncbi_dataset/ncbi_dataset/data/GCF_059981775.1/GCF_059981775.1_ASM5998177v1_genomic.fna --plus -o /home/bacte/bacillus_amr/05_amr/amrfinder_raw/GCF_059981775.1.tsv
Software directory: /home/bacte/miniconda3/envs/amrfinder_env/bin/
Software version: 4.2.7
Database directory: /home/bacte/miniconda3/envs/amrfinder_env/share/amrfinderplus/data/2026-08-07.1
Database version: 2026-08-07.1
AMRFinder translated nucleotide search
  - include -O ORGANISM, --organism ORGANISM option to add mutation searches and suppress common proteins
Running tblastn
Making report
amrfinder took 79 seconds to complete
    OK
[1251/1312] GCF_060059705.1
Running: amrfinder -n /home/bacte/bacillus_amr/01_genomes/ncbi_dataset/ncbi_dataset/data/GCF_060059705.1/GCF_060059705.1_ASM6005970v1_genomic.fna --plus -o /home/bacte/bacillus_amr/05_amr/amrfinder_raw/GCF_060059705.1.tsv
Software directory: /home/bacte/miniconda3/envs/amrfinder_env/bin/
Software version: 4.2.7
Database directory: /home/bacte/miniconda3/envs/amrfinder_env/share/amrfinderplus/data/2026-08-07.1
Database version: 2026-08-07.1
AMRFinder translated nucleotide search
  - include -O ORGANISM, --organism ORGANISM option to add mutation searches and suppress common proteins
Running tblastn
Making report
amrfinder took 72 seconds to complete
    OK
[1252/1312] GCF_060082625.1
Running: amrfinder -n /home/bacte/bacillus_amr/01_genomes/ncbi_dataset/ncbi_dataset/data/GCF_060082625.1/GCF_060082625.1_ASM6008262v1_genomic.fna --plus -o /home/bacte/bacillus_amr/05_amr/amrfinder_raw/GCF_060082625.1.tsv
Software directory: /home/bacte/miniconda3/envs/amrfinder_env/bin/
Software version: 4.2.7
Database directory: /home/bacte/miniconda3/envs/amrfinder_env/share/amrfinderplus/data/2026-08-07.1
Database version: 2026-08-07.1
AMRFinder translated nucleotide search
  - include -O ORGANISM, --organism ORGANISM option to add mutation searches and suppress common proteins
Running tblastn
Making report
amrfinder took 76 seconds to complete
    OK
[1253/1312] GCF_060145795.1
Running: amrfinder -n /home/bacte/bacillus_amr/01_genomes/ncbi_dataset/ncbi_dataset/data/GCF_060145795.1/GCF_060145795.1_ASM6014579v1_genomic.fna --plus -o /home/bacte/bacillus_amr/05_amr/amrfinder_raw/GCF_060145795.1.tsv
Software directory: /home/bacte/miniconda3/envs/amrfinder_env/bin/
Software version: 4.2.7
Database directory: /home/bacte/miniconda3/envs/amrfinder_env/share/amrfinderplus/data/2026-08-07.1
Database version: 2026-08-07.1
AMRFinder translated nucleotide search
  - include -O ORGANISM, --organism ORGANISM option to add mutation searches and suppress common proteins
Running tblastn
Making report
amrfinder took 73 seconds to complete
    OK
[1254/1312] GCF_060145825.1
Running: amrfinder -n /home/bacte/bacillus_amr/01_genomes/ncbi_dataset/ncbi_dataset/data/GCF_060145825.1/GCF_060145825.1_ASM6014582v1_genomic.fna --plus -o /home/bacte/bacillus_amr/05_amr/amrfinder_raw/GCF_060145825.1.tsv
Software directory: /home/bacte/miniconda3/envs/amrfinder_env/bin/
Software version: 4.2.7
Database directory: /home/bacte/miniconda3/envs/amrfinder_env/share/amrfinderplus/data/2026-08-07.1
Database version: 2026-08-07.1
AMRFinder translated nucleotide search
  - include -O ORGANISM, --organism ORGANISM option to add mutation searches and suppress common proteins
Running tblastn
Making report
amrfinder took 79 seconds to complete
    OK
[1255/1312] GCF_060591375.1
Running: amrfinder -n /home/bacte/bacillus_amr/01_genomes/ncbi_dataset/ncbi_dataset/data/GCF_060591375.1/GCF_060591375.1_ASM6059137v1_genomic.fna --plus -o /home/bacte/bacillus_amr/05_amr/amrfinder_raw/GCF_060591375.1.tsv
Software directory: /home/bacte/miniconda3/envs/amrfinder_env/bin/
Software version: 4.2.7
Database directory: /home/bacte/miniconda3/envs/amrfinder_env/share/amrfinderplus/data/2026-08-07.1
Database version: 2026-08-07.1
AMRFinder translated nucleotide search
  - include -O ORGANISM, --organism ORGANISM option to add mutation searches and suppress common proteins
Running tblastn
Making report
amrfinder took 10 seconds to complete
    OK
[1256/1312] GCF_061073905.1
Running: amrfinder -n /home/bacte/bacillus_amr/01_genomes/ncbi_dataset/ncbi_dataset/data/GCF_061073905.1/GCF_061073905.1_ASM6107390v1_genomic.fna --plus -o /home/bacte/bacillus_amr/05_amr/amrfinder_raw/GCF_061073905.1.tsv
Software directory: /home/bacte/miniconda3/envs/amrfinder_env/bin/
Software version: 4.2.7
Database directory: /home/bacte/miniconda3/envs/amrfinder_env/share/amrfinderplus/data/2026-08-07.1
Database version: 2026-08-07.1
AMRFinder translated nucleotide search
  - include -O ORGANISM, --organism ORGANISM option to add mutation searches and suppress common proteins
Running tblastn
Making report
amrfinder took 23 seconds to complete
    OK
[1257/1312] GCF_904841115.1
Running: amrfinder -n /home/bacte/bacillus_amr/01_genomes/ncbi_dataset/ncbi_dataset/data/GCF_904841115.1/GCF_904841115.1_ASM90484111v1_genomic.fna --plus -o /home/bacte/bacillus_amr/05_amr/amrfinder_raw/GCF_904841115.1.tsv
Software directory: /home/bacte/miniconda3/envs/amrfinder_env/bin/
Software version: 4.2.7
Database directory: /home/bacte/miniconda3/envs/amrfinder_env/share/amrfinderplus/data/2026-08-07.1
Database version: 2026-08-07.1
AMRFinder translated nucleotide search
  - include -O ORGANISM, --organism ORGANISM option to add mutation searches and suppress common proteins
Running tblastn
Making report
amrfinder took 74 seconds to complete
    OK
[1258/1312] GCF_904842145.1
Running: amrfinder -n /home/bacte/bacillus_amr/01_genomes/ncbi_dataset/ncbi_dataset/data/GCF_904842145.1/GCF_904842145.1_ASM90484214v1_genomic.fna --plus -o /home/bacte/bacillus_amr/05_amr/amrfinder_raw/GCF_904842145.1.tsv
Software directory: /home/bacte/miniconda3/envs/amrfinder_env/bin/
Software version: 4.2.7
Database directory: /home/bacte/miniconda3/envs/amrfinder_env/share/amrfinderplus/data/2026-08-07.1
Database version: 2026-08-07.1
AMRFinder translated nucleotide search
  - include -O ORGANISM, --organism ORGANISM option to add mutation searches and suppress common proteins
Running tblastn
Making report
amrfinder took 77 seconds to complete
    OK
[1259/1312] GCF_949768215.1
Running: amrfinder -n /home/bacte/bacillus_amr/01_genomes/ncbi_dataset/ncbi_dataset/data/GCF_949768215.1/GCF_949768215.1_IT-133MI5_genomic.fna --plus -o /home/bacte/bacillus_amr/05_amr/amrfinder_raw/GCF_949768215.1.tsv
Software directory: /home/bacte/miniconda3/envs/amrfinder_env/bin/
Software version: 4.2.7
Database directory: /home/bacte/miniconda3/envs/amrfinder_env/share/amrfinderplus/data/2026-08-07.1
Database version: 2026-08-07.1
AMRFinder translated nucleotide search
  - include -O ORGANISM, --organism ORGANISM option to add mutation searches and suppress common proteins
Running tblastn
Making report
amrfinder took 24 seconds to complete
    OK
[1260/1312] GCF_977015195.1
Running: amrfinder -n /home/bacte/bacillus_amr/01_genomes/ncbi_dataset/ncbi_dataset/data/GCF_977015195.1/GCF_977015195.1_BSCM_059_assembly_genomic.fna --plus -o /home/bacte/bacillus_amr/05_amr/amrfinder_raw/GCF_977015195.1.tsv
Software directory: /home/bacte/miniconda3/envs/amrfinder_env/bin/
Software version: 4.2.7
Database directory: /home/bacte/miniconda3/envs/amrfinder_env/share/amrfinderplus/data/2026-08-07.1
Database version: 2026-08-07.1
AMRFinder translated nucleotide search
  - include -O ORGANISM, --organism ORGANISM option to add mutation searches and suppress common proteins
Running tblastn
Making report
amrfinder took 84 seconds to complete
    OK
[1261/1312] GCF_977015285.1
Running: amrfinder -n /home/bacte/bacillus_amr/01_genomes/ncbi_dataset/ncbi_dataset/data/GCF_977015285.1/GCF_977015285.1_BSCM_099_assembly_genomic.fna --plus -o /home/bacte/bacillus_amr/05_amr/amrfinder_raw/GCF_977015285.1.tsv
Software directory: /home/bacte/miniconda3/envs/amrfinder_env/bin/
Software version: 4.2.7
Database directory: /home/bacte/miniconda3/envs/amrfinder_env/share/amrfinderplus/data/2026-08-07.1
Database version: 2026-08-07.1
AMRFinder translated nucleotide search
  - include -O ORGANISM, --organism ORGANISM option to add mutation searches and suppress common proteins
Running tblastn
Making report
amrfinder took 81 seconds to complete
    OK
[1262/1312] GCF_977015355.1
Running: amrfinder -n /home/bacte/bacillus_amr/01_genomes/ncbi_dataset/ncbi_dataset/data/GCF_977015355.1/GCF_977015355.1_BSCM_013_assembly_genomic.fna --plus -o /home/bacte/bacillus_amr/05_amr/amrfinder_raw/GCF_977015355.1.tsv
Software directory: /home/bacte/miniconda3/envs/amrfinder_env/bin/
Software version: 4.2.7
Database directory: /home/bacte/miniconda3/envs/amrfinder_env/share/amrfinderplus/data/2026-08-07.1
Database version: 2026-08-07.1
AMRFinder translated nucleotide search
  - include -O ORGANISM, --organism ORGANISM option to add mutation searches and suppress common proteins
Running tblastn
Making report
amrfinder took 71 seconds to complete
    OK
[1263/1312] GCF_977015475.1
Running: amrfinder -n /home/bacte/bacillus_amr/01_genomes/ncbi_dataset/ncbi_dataset/data/GCF_977015475.1/GCF_977015475.1_BSCM_075_assembly_genomic.fna --plus -o /home/bacte/bacillus_amr/05_amr/amrfinder_raw/GCF_977015475.1.tsv
Software directory: /home/bacte/miniconda3/envs/amrfinder_env/bin/
Software version: 4.2.7
Database directory: /home/bacte/miniconda3/envs/amrfinder_env/share/amrfinderplus/data/2026-08-07.1
Database version: 2026-08-07.1
AMRFinder translated nucleotide search
  - include -O ORGANISM, --organism ORGANISM option to add mutation searches and suppress common proteins
Running tblastn
Making report
amrfinder took 78 seconds to complete
    OK
[1264/1312] GCF_977015535.1
Running: amrfinder -n /home/bacte/bacillus_amr/01_genomes/ncbi_dataset/ncbi_dataset/data/GCF_977015535.1/GCF_977015535.1_BSCM_101_assembly_genomic.fna --plus -o /home/bacte/bacillus_amr/05_amr/amrfinder_raw/GCF_977015535.1.tsv
Software directory: /home/bacte/miniconda3/envs/amrfinder_env/bin/
Software version: 4.2.7
Database directory: /home/bacte/miniconda3/envs/amrfinder_env/share/amrfinderplus/data/2026-08-07.1
Database version: 2026-08-07.1
AMRFinder translated nucleotide search
  - include -O ORGANISM, --organism ORGANISM option to add mutation searches and suppress common proteins
Running tblastn
Making report
amrfinder took 80 seconds to complete
    OK
[1265/1312] GCF_979889575.1
Running: amrfinder -n /home/bacte/bacillus_amr/01_genomes/ncbi_dataset/ncbi_dataset/data/GCF_979889575.1/GCF_979889575.1_SRL163_genomic.fna --plus -o /home/bacte/bacillus_amr/05_amr/amrfinder_raw/GCF_979889575.1.tsv
Software directory: /home/bacte/miniconda3/envs/amrfinder_env/bin/
Software version: 4.2.7
Database directory: /home/bacte/miniconda3/envs/amrfinder_env/share/amrfinderplus/data/2026-08-07.1
Database version: 2026-08-07.1
AMRFinder translated nucleotide search
  - include -O ORGANISM, --organism ORGANISM option to add mutation searches and suppress common proteins
Running tblastn
Making report
amrfinder took 77 seconds to complete
    OK
[1266/1312] GCF_979901685.1
Running: amrfinder -n /home/bacte/bacillus_amr/01_genomes/ncbi_dataset/ncbi_dataset/data/GCF_979901685.1/GCF_979901685.1_SRL244_genomic.fna --plus -o /home/bacte/bacillus_amr/05_amr/amrfinder_raw/GCF_979901685.1.tsv
Software directory: /home/bacte/miniconda3/envs/amrfinder_env/bin/
Software version: 4.2.7
Database directory: /home/bacte/miniconda3/envs/amrfinder_env/share/amrfinderplus/data/2026-08-07.1
Database version: 2026-08-07.1
AMRFinder translated nucleotide search
  - include -O ORGANISM, --organism ORGANISM option to add mutation searches and suppress common proteins
Running tblastn
Making report
amrfinder took 79 seconds to complete
    OK
[1267/1312] GCF_979902625.1
Running: amrfinder -n /home/bacte/bacillus_amr/01_genomes/ncbi_dataset/ncbi_dataset/data/GCF_979902625.1/GCF_979902625.1_SRL221_genomic.fna --plus -o /home/bacte/bacillus_amr/05_amr/amrfinder_raw/GCF_979902625.1.tsv
Software directory: /home/bacte/miniconda3/envs/amrfinder_env/bin/
Software version: 4.2.7
Database directory: /home/bacte/miniconda3/envs/amrfinder_env/share/amrfinderplus/data/2026-08-07.1
Database version: 2026-08-07.1
AMRFinder translated nucleotide search
  - include -O ORGANISM, --organism ORGANISM option to add mutation searches and suppress common proteins
Running tblastn
Making report
amrfinder took 78 seconds to complete
    OK
[1268/1312] GCF_979914115.1
Running: amrfinder -n /home/bacte/bacillus_amr/01_genomes/ncbi_dataset/ncbi_dataset/data/GCF_979914115.1/GCF_979914115.1_SRL379_genomic.fna --plus -o /home/bacte/bacillus_amr/05_amr/amrfinder_raw/GCF_979914115.1.tsv
Software directory: /home/bacte/miniconda3/envs/amrfinder_env/bin/
Software version: 4.2.7
Database directory: /home/bacte/miniconda3/envs/amrfinder_env/share/amrfinderplus/data/2026-08-07.1
Database version: 2026-08-07.1
AMRFinder translated nucleotide search
  - include -O ORGANISM, --organism ORGANISM option to add mutation searches and suppress common proteins
Running tblastn
Making report
amrfinder took 78 seconds to complete
    OK
[1269/1312] GCF_979914865.1
Running: amrfinder -n /home/bacte/bacillus_amr/01_genomes/ncbi_dataset/ncbi_dataset/data/GCF_979914865.1/GCF_979914865.1_SRL374_genomic.fna --plus -o /home/bacte/bacillus_amr/05_amr/amrfinder_raw/GCF_979914865.1.tsv
Software directory: /home/bacte/miniconda3/envs/amrfinder_env/bin/
Software version: 4.2.7
Database directory: /home/bacte/miniconda3/envs/amrfinder_env/share/amrfinderplus/data/2026-08-07.1
Database version: 2026-08-07.1
AMRFinder translated nucleotide search
  - include -O ORGANISM, --organism ORGANISM option to add mutation searches and suppress common proteins
Running tblastn
Making report
amrfinder took 88 seconds to complete
    OK
[1270/1312] GCF_000262385.1
Running: amrfinder -n /home/bacte/bacillus_amr/01_genomes/ncbi_dataset/ncbi_dataset/data/GCF_000262385.1/GCF_000262385.1_ASM26238v1_genomic.fna --plus -o /home/bacte/bacillus_amr/05_amr/amrfinder_raw/GCF_000262385.1.tsv
Software directory: /home/bacte/miniconda3/envs/amrfinder_env/bin/
Software version: 4.2.7
Database directory: /home/bacte/miniconda3/envs/amrfinder_env/share/amrfinderplus/data/2026-08-07.1
Database version: 2026-08-07.1
AMRFinder translated nucleotide search
  - include -O ORGANISM, --organism ORGANISM option to add mutation searches and suppress common proteins
Running tblastn
Making report
amrfinder took 82 seconds to complete
    OK
[1271/1312] GCF_001756265.1
Running: amrfinder -n /home/bacte/bacillus_amr/01_genomes/ncbi_dataset/ncbi_dataset/data/GCF_001756265.1/GCF_001756265.1_ASM175626v1_genomic.fna --plus -o /home/bacte/bacillus_amr/05_amr/amrfinder_raw/GCF_001756265.1.tsv
Software directory: /home/bacte/miniconda3/envs/amrfinder_env/bin/
Software version: 4.2.7
Database directory: /home/bacte/miniconda3/envs/amrfinder_env/share/amrfinderplus/data/2026-08-07.1
Database version: 2026-08-07.1
AMRFinder translated nucleotide search
  - include -O ORGANISM, --organism ORGANISM option to add mutation searches and suppress common proteins
Running tblastn
Making report
amrfinder took 13 seconds to complete
    OK
[1272/1312] GCF_002550225.1
Running: amrfinder -n /home/bacte/bacillus_amr/01_genomes/ncbi_dataset/ncbi_dataset/data/GCF_002550225.1/GCF_002550225.1_ASM255022v1_genomic.fna --plus -o /home/bacte/bacillus_amr/05_amr/amrfinder_raw/GCF_002550225.1.tsv
Software directory: /home/bacte/miniconda3/envs/amrfinder_env/bin/
Software version: 4.2.7
Database directory: /home/bacte/miniconda3/envs/amrfinder_env/share/amrfinderplus/data/2026-08-07.1
Database version: 2026-08-07.1
AMRFinder translated nucleotide search
  - include -O ORGANISM, --organism ORGANISM option to add mutation searches and suppress common proteins
Running tblastn
Making report
amrfinder took 12 seconds to complete
    OK
[1273/1312] GCF_002555155.1
Running: amrfinder -n /home/bacte/bacillus_amr/01_genomes/ncbi_dataset/ncbi_dataset/data/GCF_002555155.1/GCF_002555155.1_ASM255515v1_genomic.fna --plus -o /home/bacte/bacillus_amr/05_amr/amrfinder_raw/GCF_002555155.1.tsv
Software directory: /home/bacte/miniconda3/envs/amrfinder_env/bin/
Software version: 4.2.7
Database directory: /home/bacte/miniconda3/envs/amrfinder_env/share/amrfinderplus/data/2026-08-07.1
Database version: 2026-08-07.1
AMRFinder translated nucleotide search
  - include -O ORGANISM, --organism ORGANISM option to add mutation searches and suppress common proteins
Running tblastn
Making report
amrfinder took 16 seconds to complete
    OK
[1274/1312] GCF_002555265.1
Running: amrfinder -n /home/bacte/bacillus_amr/01_genomes/ncbi_dataset/ncbi_dataset/data/GCF_002555265.1/GCF_002555265.1_ASM255526v1_genomic.fna --plus -o /home/bacte/bacillus_amr/05_amr/amrfinder_raw/GCF_002555265.1.tsv
Software directory: /home/bacte/miniconda3/envs/amrfinder_env/bin/
Software version: 4.2.7
Database directory: /home/bacte/miniconda3/envs/amrfinder_env/share/amrfinderplus/data/2026-08-07.1
Database version: 2026-08-07.1
AMRFinder translated nucleotide search
  - include -O ORGANISM, --organism ORGANISM option to add mutation searches and suppress common proteins
Running tblastn
Making report
amrfinder took 21 seconds to complete
    OK
[1275/1312] GCF_002555305.1
Running: amrfinder -n /home/bacte/bacillus_amr/01_genomes/ncbi_dataset/ncbi_dataset/data/GCF_002555305.1/GCF_002555305.1_ASM255530v1_genomic.fna --plus -o /home/bacte/bacillus_amr/05_amr/amrfinder_raw/GCF_002555305.1.tsv
Software directory: /home/bacte/miniconda3/envs/amrfinder_env/bin/
Software version: 4.2.7
Database directory: /home/bacte/miniconda3/envs/amrfinder_env/share/amrfinderplus/data/2026-08-07.1
Database version: 2026-08-07.1
AMRFinder translated nucleotide search
  - include -O ORGANISM, --organism ORGANISM option to add mutation searches and suppress common proteins
Running tblastn
Making report
amrfinder took 22 seconds to complete
    OK
[1276/1312] GCF_002555385.1
Running: amrfinder -n /home/bacte/bacillus_amr/01_genomes/ncbi_dataset/ncbi_dataset/data/GCF_002555385.1/GCF_002555385.1_ASM255538v1_genomic.fna --plus -o /home/bacte/bacillus_amr/05_amr/amrfinder_raw/GCF_002555385.1.tsv
Software directory: /home/bacte/miniconda3/envs/amrfinder_env/bin/
Software version: 4.2.7
Database directory: /home/bacte/miniconda3/envs/amrfinder_env/share/amrfinderplus/data/2026-08-07.1
Database version: 2026-08-07.1
AMRFinder translated nucleotide search
  - include -O ORGANISM, --organism ORGANISM option to add mutation searches and suppress common proteins
Running tblastn
Making report
amrfinder took 13 seconds to complete
    OK
[1277/1312] GCF_002555735.1
Running: amrfinder -n /home/bacte/bacillus_amr/01_genomes/ncbi_dataset/ncbi_dataset/data/GCF_002555735.1/GCF_002555735.1_ASM255573v1_genomic.fna --plus -o /home/bacte/bacillus_amr/05_amr/amrfinder_raw/GCF_002555735.1.tsv
Software directory: /home/bacte/miniconda3/envs/amrfinder_env/bin/
Software version: 4.2.7
Database directory: /home/bacte/miniconda3/envs/amrfinder_env/share/amrfinderplus/data/2026-08-07.1
Database version: 2026-08-07.1
AMRFinder translated nucleotide search
  - include -O ORGANISM, --organism ORGANISM option to add mutation searches and suppress common proteins
Running tblastn
Making report
amrfinder took 21 seconds to complete
    OK
[1278/1312] GCF_002555945.1
Running: amrfinder -n /home/bacte/bacillus_amr/01_genomes/ncbi_dataset/ncbi_dataset/data/GCF_002555945.1/GCF_002555945.1_ASM255594v1_genomic.fna --plus -o /home/bacte/bacillus_amr/05_amr/amrfinder_raw/GCF_002555945.1.tsv
Software directory: /home/bacte/miniconda3/envs/amrfinder_env/bin/
Software version: 4.2.7
Database directory: /home/bacte/miniconda3/envs/amrfinder_env/share/amrfinderplus/data/2026-08-07.1
Database version: 2026-08-07.1
AMRFinder translated nucleotide search
  - include -O ORGANISM, --organism ORGANISM option to add mutation searches and suppress common proteins
Running tblastn
Making report
amrfinder took 15 seconds to complete
    OK
[1279/1312] GCF_002556085.1
Running: amrfinder -n /home/bacte/bacillus_amr/01_genomes/ncbi_dataset/ncbi_dataset/data/GCF_002556085.1/GCF_002556085.1_ASM255608v1_genomic.fna --plus -o /home/bacte/bacillus_amr/05_amr/amrfinder_raw/GCF_002556085.1.tsv
Software directory: /home/bacte/miniconda3/envs/amrfinder_env/bin/
Software version: 4.2.7
Database directory: /home/bacte/miniconda3/envs/amrfinder_env/share/amrfinderplus/data/2026-08-07.1
Database version: 2026-08-07.1
AMRFinder translated nucleotide search
  - include -O ORGANISM, --organism ORGANISM option to add mutation searches and suppress common proteins
Running tblastn
Making report
amrfinder took 12 seconds to complete
    OK
[1280/1312] GCF_002556425.1
Running: amrfinder -n /home/bacte/bacillus_amr/01_genomes/ncbi_dataset/ncbi_dataset/data/GCF_002556425.1/GCF_002556425.1_ASM255642v1_genomic.fna --plus -o /home/bacte/bacillus_amr/05_amr/amrfinder_raw/GCF_002556425.1.tsv
Software directory: /home/bacte/miniconda3/envs/amrfinder_env/bin/
Software version: 4.2.7
Database directory: /home/bacte/miniconda3/envs/amrfinder_env/share/amrfinderplus/data/2026-08-07.1
Database version: 2026-08-07.1
AMRFinder translated nucleotide search
  - include -O ORGANISM, --organism ORGANISM option to add mutation searches and suppress common proteins
Running tblastn
Making report
amrfinder took 20 seconds to complete
    OK
[1281/1312] GCF_002556825.1
Running: amrfinder -n /home/bacte/bacillus_amr/01_genomes/ncbi_dataset/ncbi_dataset/data/GCF_002556825.1/GCF_002556825.1_ASM255682v1_genomic.fna --plus -o /home/bacte/bacillus_amr/05_amr/amrfinder_raw/GCF_002556825.1.tsv
Software directory: /home/bacte/miniconda3/envs/amrfinder_env/bin/
Software version: 4.2.7
Database directory: /home/bacte/miniconda3/envs/amrfinder_env/share/amrfinderplus/data/2026-08-07.1
Database version: 2026-08-07.1
AMRFinder translated nucleotide search
  - include -O ORGANISM, --organism ORGANISM option to add mutation searches and suppress common proteins
Running tblastn
Making report
amrfinder took 14 seconds to complete
    OK
[1282/1312] GCF_002556905.1
Running: amrfinder -n /home/bacte/bacillus_amr/01_genomes/ncbi_dataset/ncbi_dataset/data/GCF_002556905.1/GCF_002556905.1_ASM255690v1_genomic.fna --plus -o /home/bacte/bacillus_amr/05_amr/amrfinder_raw/GCF_002556905.1.tsv
Software directory: /home/bacte/miniconda3/envs/amrfinder_env/bin/
Software version: 4.2.7
Database directory: /home/bacte/miniconda3/envs/amrfinder_env/share/amrfinderplus/data/2026-08-07.1
Database version: 2026-08-07.1
AMRFinder translated nucleotide search
  - include -O ORGANISM, --organism ORGANISM option to add mutation searches and suppress common proteins
Running tblastn
Making report
amrfinder took 17 seconds to complete
    OK
[1283/1312] GCF_002557475.1
Running: amrfinder -n /home/bacte/bacillus_amr/01_genomes/ncbi_dataset/ncbi_dataset/data/GCF_002557475.1/GCF_002557475.1_ASM255747v1_genomic.fna --plus -o /home/bacte/bacillus_amr/05_amr/amrfinder_raw/GCF_002557475.1.tsv
Software directory: /home/bacte/miniconda3/envs/amrfinder_env/bin/
Software version: 4.2.7
Database directory: /home/bacte/miniconda3/envs/amrfinder_env/share/amrfinderplus/data/2026-08-07.1
Database version: 2026-08-07.1
AMRFinder translated nucleotide search
  - include -O ORGANISM, --organism ORGANISM option to add mutation searches and suppress common proteins
Running tblastn
Making report
amrfinder took 15 seconds to complete
    OK
[1284/1312] GCF_002557855.1
Running: amrfinder -n /home/bacte/bacillus_amr/01_genomes/ncbi_dataset/ncbi_dataset/data/GCF_002557855.1/GCF_002557855.1_ASM255785v1_genomic.fna --plus -o /home/bacte/bacillus_amr/05_amr/amrfinder_raw/GCF_002557855.1.tsv
Software directory: /home/bacte/miniconda3/envs/amrfinder_env/bin/
Software version: 4.2.7
Database directory: /home/bacte/miniconda3/envs/amrfinder_env/share/amrfinderplus/data/2026-08-07.1
Database version: 2026-08-07.1
AMRFinder translated nucleotide search
  - include -O ORGANISM, --organism ORGANISM option to add mutation searches and suppress common proteins
Running tblastn
Making report
amrfinder took 21 seconds to complete
    OK
[1285/1312] GCF_002569595.1
Running: amrfinder -n /home/bacte/bacillus_amr/01_genomes/ncbi_dataset/ncbi_dataset/data/GCF_002569595.1/GCF_002569595.1_ASM256959v1_genomic.fna --plus -o /home/bacte/bacillus_amr/05_amr/amrfinder_raw/GCF_002569595.1.tsv
Software directory: /home/bacte/miniconda3/envs/amrfinder_env/bin/
Software version: 4.2.7
Database directory: /home/bacte/miniconda3/envs/amrfinder_env/share/amrfinderplus/data/2026-08-07.1
Database version: 2026-08-07.1
AMRFinder translated nucleotide search
  - include -O ORGANISM, --organism ORGANISM option to add mutation searches and suppress common proteins
Running tblastn
Making report
amrfinder took 12 seconds to complete
    OK
[1286/1312] GCF_002569665.1
Running: amrfinder -n /home/bacte/bacillus_amr/01_genomes/ncbi_dataset/ncbi_dataset/data/GCF_002569665.1/GCF_002569665.1_ASM256966v1_genomic.fna --plus -o /home/bacte/bacillus_amr/05_amr/amrfinder_raw/GCF_002569665.1.tsv
Software directory: /home/bacte/miniconda3/envs/amrfinder_env/bin/
Software version: 4.2.7
Database directory: /home/bacte/miniconda3/envs/amrfinder_env/share/amrfinderplus/data/2026-08-07.1
Database version: 2026-08-07.1
AMRFinder translated nucleotide search
  - include -O ORGANISM, --organism ORGANISM option to add mutation searches and suppress common proteins
Running tblastn
Making report
amrfinder took 18 seconds to complete
    OK
[1287/1312] GCF_002569715.1
Running: amrfinder -n /home/bacte/bacillus_amr/01_genomes/ncbi_dataset/ncbi_dataset/data/GCF_002569715.1/GCF_002569715.1_ASM256971v1_genomic.fna --plus -o /home/bacte/bacillus_amr/05_amr/amrfinder_raw/GCF_002569715.1.tsv
Software directory: /home/bacte/miniconda3/envs/amrfinder_env/bin/
Software version: 4.2.7
Database directory: /home/bacte/miniconda3/envs/amrfinder_env/share/amrfinderplus/data/2026-08-07.1
Database version: 2026-08-07.1
AMRFinder translated nucleotide search
  - include -O ORGANISM, --organism ORGANISM option to add mutation searches and suppress common proteins
Running tblastn
Making report
amrfinder took 18 seconds to complete
    OK
[1288/1312] GCF_002570265.1
Running: amrfinder -n /home/bacte/bacillus_amr/01_genomes/ncbi_dataset/ncbi_dataset/data/GCF_002570265.1/GCF_002570265.1_ASM257026v1_genomic.fna --plus -o /home/bacte/bacillus_amr/05_amr/amrfinder_raw/GCF_002570265.1.tsv
Software directory: /home/bacte/miniconda3/envs/amrfinder_env/bin/
Software version: 4.2.7
Database directory: /home/bacte/miniconda3/envs/amrfinder_env/share/amrfinderplus/data/2026-08-07.1
Database version: 2026-08-07.1
AMRFinder translated nucleotide search
  - include -O ORGANISM, --organism ORGANISM option to add mutation searches and suppress common proteins
Running tblastn
Making report
amrfinder took 17 seconds to complete
    OK
[1289/1312] GCF_002570305.1
Running: amrfinder -n /home/bacte/bacillus_amr/01_genomes/ncbi_dataset/ncbi_dataset/data/GCF_002570305.1/GCF_002570305.1_ASM257030v1_genomic.fna --plus -o /home/bacte/bacillus_amr/05_amr/amrfinder_raw/GCF_002570305.1.tsv
Software directory: /home/bacte/miniconda3/envs/amrfinder_env/bin/
Software version: 4.2.7
Database directory: /home/bacte/miniconda3/envs/amrfinder_env/share/amrfinderplus/data/2026-08-07.1
Database version: 2026-08-07.1
AMRFinder translated nucleotide search
  - include -O ORGANISM, --organism ORGANISM option to add mutation searches and suppress common proteins
Running tblastn
Making report
amrfinder took 17 seconds to complete
    OK
[1290/1312] GCF_002570335.1
Running: amrfinder -n /home/bacte/bacillus_amr/01_genomes/ncbi_dataset/ncbi_dataset/data/GCF_002570335.1/GCF_002570335.1_ASM257033v1_genomic.fna --plus -o /home/bacte/bacillus_amr/05_amr/amrfinder_raw/GCF_002570335.1.tsv
Software directory: /home/bacte/miniconda3/envs/amrfinder_env/bin/
Software version: 4.2.7
Database directory: /home/bacte/miniconda3/envs/amrfinder_env/share/amrfinderplus/data/2026-08-07.1
Database version: 2026-08-07.1
AMRFinder translated nucleotide search
  - include -O ORGANISM, --organism ORGANISM option to add mutation searches and suppress common proteins
Running tblastn
Making report
amrfinder took 17 seconds to complete
    OK
[1291/1312] GCF_002572045.1
Running: amrfinder -n /home/bacte/bacillus_amr/01_genomes/ncbi_dataset/ncbi_dataset/data/GCF_002572045.1/GCF_002572045.1_ASM257204v1_genomic.fna --plus -o /home/bacte/bacillus_amr/05_amr/amrfinder_raw/GCF_002572045.1.tsv
Software directory: /home/bacte/miniconda3/envs/amrfinder_env/bin/
Software version: 4.2.7
Database directory: /home/bacte/miniconda3/envs/amrfinder_env/share/amrfinderplus/data/2026-08-07.1
Database version: 2026-08-07.1
AMRFinder translated nucleotide search
  - include -O ORGANISM, --organism ORGANISM option to add mutation searches and suppress common proteins
Running tblastn
Making report
amrfinder took 14 seconds to complete
    OK
[1292/1312] GCF_002572225.1
Running: amrfinder -n /home/bacte/bacillus_amr/01_genomes/ncbi_dataset/ncbi_dataset/data/GCF_002572225.1/GCF_002572225.1_ASM257222v1_genomic.fna --plus -o /home/bacte/bacillus_amr/05_amr/amrfinder_raw/GCF_002572225.1.tsv
Software directory: /home/bacte/miniconda3/envs/amrfinder_env/bin/
Software version: 4.2.7
Database directory: /home/bacte/miniconda3/envs/amrfinder_env/share/amrfinderplus/data/2026-08-07.1
Database version: 2026-08-07.1
AMRFinder translated nucleotide search
  - include -O ORGANISM, --organism ORGANISM option to add mutation searches and suppress common proteins
Running tblastn
Making report
amrfinder took 22 seconds to complete
    OK
[1293/1312] GCF_002579445.1
Running: amrfinder -n /home/bacte/bacillus_amr/01_genomes/ncbi_dataset/ncbi_dataset/data/GCF_002579445.1/GCF_002579445.1_ASM257944v1_genomic.fna --plus -o /home/bacte/bacillus_amr/05_amr/amrfinder_raw/GCF_002579445.1.tsv
Software directory: /home/bacte/miniconda3/envs/amrfinder_env/bin/
Software version: 4.2.7
Database directory: /home/bacte/miniconda3/envs/amrfinder_env/share/amrfinderplus/data/2026-08-07.1
Database version: 2026-08-07.1
AMRFinder translated nucleotide search
  - include -O ORGANISM, --organism ORGANISM option to add mutation searches and suppress common proteins
Running tblastn
Making report
amrfinder took 24 seconds to complete
    OK
[1294/1312] GCF_002579865.1
Running: amrfinder -n /home/bacte/bacillus_amr/01_genomes/ncbi_dataset/ncbi_dataset/data/GCF_002579865.1/GCF_002579865.1_ASM257986v1_genomic.fna --plus -o /home/bacte/bacillus_amr/05_amr/amrfinder_raw/GCF_002579865.1.tsv
Software directory: /home/bacte/miniconda3/envs/amrfinder_env/bin/
Software version: 4.2.7
Database directory: /home/bacte/miniconda3/envs/amrfinder_env/share/amrfinderplus/data/2026-08-07.1
Database version: 2026-08-07.1
AMRFinder translated nucleotide search
  - include -O ORGANISM, --organism ORGANISM option to add mutation searches and suppress common proteins
Running tblastn
Making report
amrfinder took 21 seconds to complete
    OK
[1295/1312] GCF_002579945.1
Running: amrfinder -n /home/bacte/bacillus_amr/01_genomes/ncbi_dataset/ncbi_dataset/data/GCF_002579945.1/GCF_002579945.1_ASM257994v1_genomic.fna --plus -o /home/bacte/bacillus_amr/05_amr/amrfinder_raw/GCF_002579945.1.tsv
Software directory: /home/bacte/miniconda3/envs/amrfinder_env/bin/
Software version: 4.2.7
Database directory: /home/bacte/miniconda3/envs/amrfinder_env/share/amrfinderplus/data/2026-08-07.1
Database version: 2026-08-07.1
AMRFinder translated nucleotide search
  - include -O ORGANISM, --organism ORGANISM option to add mutation searches and suppress common proteins
Running tblastn
Making report
amrfinder took 16 seconds to complete
    OK
[1296/1312] GCF_002580235.1
Running: amrfinder -n /home/bacte/bacillus_amr/01_genomes/ncbi_dataset/ncbi_dataset/data/GCF_002580235.1/GCF_002580235.1_ASM258023v1_genomic.fna --plus -o /home/bacte/bacillus_amr/05_amr/amrfinder_raw/GCF_002580235.1.tsv
Software directory: /home/bacte/miniconda3/envs/amrfinder_env/bin/
Software version: 4.2.7
Database directory: /home/bacte/miniconda3/envs/amrfinder_env/share/amrfinderplus/data/2026-08-07.1
Database version: 2026-08-07.1
AMRFinder translated nucleotide search
  - include -O ORGANISM, --organism ORGANISM option to add mutation searches and suppress common proteins
Running tblastn
Making report
amrfinder took 19 seconds to complete
    OK
[1297/1312] GCF_002580335.1
Running: amrfinder -n /home/bacte/bacillus_amr/01_genomes/ncbi_dataset/ncbi_dataset/data/GCF_002580335.1/GCF_002580335.1_ASM258033v1_genomic.fna --plus -o /home/bacte/bacillus_amr/05_amr/amrfinder_raw/GCF_002580335.1.tsv
Software directory: /home/bacte/miniconda3/envs/amrfinder_env/bin/
Software version: 4.2.7
Database directory: /home/bacte/miniconda3/envs/amrfinder_env/share/amrfinderplus/data/2026-08-07.1
Database version: 2026-08-07.1
AMRFinder translated nucleotide search
  - include -O ORGANISM, --organism ORGANISM option to add mutation searches and suppress common proteins
Running tblastn
Making report
amrfinder took 15 seconds to complete
    OK
[1298/1312] GCF_002580565.1
Running: amrfinder -n /home/bacte/bacillus_amr/01_genomes/ncbi_dataset/ncbi_dataset/data/GCF_002580565.1/GCF_002580565.1_ASM258056v1_genomic.fna --plus -o /home/bacte/bacillus_amr/05_amr/amrfinder_raw/GCF_002580565.1.tsv
Software directory: /home/bacte/miniconda3/envs/amrfinder_env/bin/
Software version: 4.2.7
Database directory: /home/bacte/miniconda3/envs/amrfinder_env/share/amrfinderplus/data/2026-08-07.1
Database version: 2026-08-07.1
AMRFinder translated nucleotide search
  - include -O ORGANISM, --organism ORGANISM option to add mutation searches and suppress common proteins
Running tblastn
Making report
amrfinder took 14 seconds to complete
    OK
[1299/1312] GCF_002580595.1
Running: amrfinder -n /home/bacte/bacillus_amr/01_genomes/ncbi_dataset/ncbi_dataset/data/GCF_002580595.1/GCF_002580595.1_ASM258059v1_genomic.fna --plus -o /home/bacte/bacillus_amr/05_amr/amrfinder_raw/GCF_002580595.1.tsv
Software directory: /home/bacte/miniconda3/envs/amrfinder_env/bin/
Software version: 4.2.7
Database directory: /home/bacte/miniconda3/envs/amrfinder_env/share/amrfinderplus/data/2026-08-07.1
Database version: 2026-08-07.1
AMRFinder translated nucleotide search
  - include -O ORGANISM, --organism ORGANISM option to add mutation searches and suppress common proteins
Running tblastn
Making report
amrfinder took 18 seconds to complete
    OK
[1300/1312] GCF_002581055.1
Running: amrfinder -n /home/bacte/bacillus_amr/01_genomes/ncbi_dataset/ncbi_dataset/data/GCF_002581055.1/GCF_002581055.1_ASM258105v1_genomic.fna --plus -o /home/bacte/bacillus_amr/05_amr/amrfinder_raw/GCF_002581055.1.tsv
Software directory: /home/bacte/miniconda3/envs/amrfinder_env/bin/
Software version: 4.2.7
Database directory: /home/bacte/miniconda3/envs/amrfinder_env/share/amrfinderplus/data/2026-08-07.1
Database version: 2026-08-07.1
AMRFinder translated nucleotide search
  - include -O ORGANISM, --organism ORGANISM option to add mutation searches and suppress common proteins
Running tblastn
Making report
amrfinder took 24 seconds to complete
    OK
[1301/1312] GCF_002582335.1
Running: amrfinder -n /home/bacte/bacillus_amr/01_genomes/ncbi_dataset/ncbi_dataset/data/GCF_002582335.1/GCF_002582335.1_ASM258233v1_genomic.fna --plus -o /home/bacte/bacillus_amr/05_amr/amrfinder_raw/GCF_002582335.1.tsv
Software directory: /home/bacte/miniconda3/envs/amrfinder_env/bin/
Software version: 4.2.7
Database directory: /home/bacte/miniconda3/envs/amrfinder_env/share/amrfinderplus/data/2026-08-07.1
Database version: 2026-08-07.1
AMRFinder translated nucleotide search
  - include -O ORGANISM, --organism ORGANISM option to add mutation searches and suppress common proteins
Running tblastn
Making report
amrfinder took 24 seconds to complete
    OK
[1302/1312] GCF_002583885.1
Running: amrfinder -n /home/bacte/bacillus_amr/01_genomes/ncbi_dataset/ncbi_dataset/data/GCF_002583885.1/GCF_002583885.1_ASM258388v1_genomic.fna --plus -o /home/bacte/bacillus_amr/05_amr/amrfinder_raw/GCF_002583885.1.tsv
Software directory: /home/bacte/miniconda3/envs/amrfinder_env/bin/
Software version: 4.2.7
Database directory: /home/bacte/miniconda3/envs/amrfinder_env/share/amrfinderplus/data/2026-08-07.1
Database version: 2026-08-07.1
AMRFinder translated nucleotide search
  - include -O ORGANISM, --organism ORGANISM option to add mutation searches and suppress common proteins
Running tblastn
Making report
amrfinder took 11 seconds to complete
    OK
[1303/1312] GCF_002589695.1
Running: amrfinder -n /home/bacte/bacillus_amr/01_genomes/ncbi_dataset/ncbi_dataset/data/GCF_002589695.1/GCF_002589695.1_ASM258969v1_genomic.fna --plus -o /home/bacte/bacillus_amr/05_amr/amrfinder_raw/GCF_002589695.1.tsv
Software directory: /home/bacte/miniconda3/envs/amrfinder_env/bin/
Software version: 4.2.7
Database directory: /home/bacte/miniconda3/envs/amrfinder_env/share/amrfinderplus/data/2026-08-07.1
Database version: 2026-08-07.1
AMRFinder translated nucleotide search
  - include -O ORGANISM, --organism ORGANISM option to add mutation searches and suppress common proteins
Running tblastn
Making report
amrfinder took 13 seconds to complete
    OK
[1304/1312] GCF_002998985.1
Running: amrfinder -n /home/bacte/bacillus_amr/01_genomes/ncbi_dataset/ncbi_dataset/data/GCF_002998985.1/GCF_002998985.1_ASM299898v1_genomic.fna --plus -o /home/bacte/bacillus_amr/05_amr/amrfinder_raw/GCF_002998985.1.tsv
Software directory: /home/bacte/miniconda3/envs/amrfinder_env/bin/
Software version: 4.2.7
Database directory: /home/bacte/miniconda3/envs/amrfinder_env/share/amrfinderplus/data/2026-08-07.1
Database version: 2026-08-07.1
AMRFinder translated nucleotide search
  - include -O ORGANISM, --organism ORGANISM option to add mutation searches and suppress common proteins
Running tblastn
Making report
amrfinder took 31 seconds to complete
    OK
[1305/1312] GCF_024320765.1
Running: amrfinder -n /home/bacte/bacillus_amr/01_genomes/ncbi_dataset/ncbi_dataset/data/GCF_024320765.1/GCF_024320765.1_ASM2432076v1_genomic.fna --plus -o /home/bacte/bacillus_amr/05_amr/amrfinder_raw/GCF_024320765.1.tsv
Software directory: /home/bacte/miniconda3/envs/amrfinder_env/bin/
Software version: 4.2.7
Database directory: /home/bacte/miniconda3/envs/amrfinder_env/share/amrfinderplus/data/2026-08-07.1
Database version: 2026-08-07.1
AMRFinder translated nucleotide search
  - include -O ORGANISM, --organism ORGANISM option to add mutation searches and suppress common proteins
Running tblastn
Making report
amrfinder took 24 seconds to complete
    OK
[1306/1312] GCF_024498015.1
Running: amrfinder -n /home/bacte/bacillus_amr/01_genomes/ncbi_dataset/ncbi_dataset/data/GCF_024498015.1/GCF_024498015.1_ASM2449801v1_genomic.fna --plus -o /home/bacte/bacillus_amr/05_amr/amrfinder_raw/GCF_024498015.1.tsv
Software directory: /home/bacte/miniconda3/envs/amrfinder_env/bin/
Software version: 4.2.7
Database directory: /home/bacte/miniconda3/envs/amrfinder_env/share/amrfinderplus/data/2026-08-07.1
Database version: 2026-08-07.1
AMRFinder translated nucleotide search
  - include -O ORGANISM, --organism ORGANISM option to add mutation searches and suppress common proteins
Running tblastn
Making report
amrfinder took 17 seconds to complete
    OK
[1307/1312] GCF_030123185.1
Running: amrfinder -n /home/bacte/bacillus_amr/01_genomes/ncbi_dataset/ncbi_dataset/data/GCF_030123185.1/GCF_030123185.1_ASM3012318v1_genomic.fna --plus -o /home/bacte/bacillus_amr/05_amr/amrfinder_raw/GCF_030123185.1.tsv
Software directory: /home/bacte/miniconda3/envs/amrfinder_env/bin/
Software version: 4.2.7
Database directory: /home/bacte/miniconda3/envs/amrfinder_env/share/amrfinderplus/data/2026-08-07.1
Database version: 2026-08-07.1
AMRFinder translated nucleotide search
  - include -O ORGANISM, --organism ORGANISM option to add mutation searches and suppress common proteins
Running tblastn
Making report
amrfinder took 184 seconds to complete
    OK
[1308/1312] GCF_036963245.1
Running: amrfinder -n /home/bacte/bacillus_amr/01_genomes/ncbi_dataset/ncbi_dataset/data/GCF_036963245.1/GCF_036963245.1_ASM3696324v1_genomic.fna --plus -o /home/bacte/bacillus_amr/05_amr/amrfinder_raw/GCF_036963245.1.tsv
Software directory: /home/bacte/miniconda3/envs/amrfinder_env/bin/
Software version: 4.2.7
Database directory: /home/bacte/miniconda3/envs/amrfinder_env/share/amrfinderplus/data/2026-08-07.1
Database version: 2026-08-07.1
AMRFinder translated nucleotide search
  - include -O ORGANISM, --organism ORGANISM option to add mutation searches and suppress common proteins
Running tblastn
Making report
amrfinder took 13 seconds to complete
    OK
[1309/1312] GCF_036963285.1
Running: amrfinder -n /home/bacte/bacillus_amr/01_genomes/ncbi_dataset/ncbi_dataset/data/GCF_036963285.1/GCF_036963285.1_ASM3696328v1_genomic.fna --plus -o /home/bacte/bacillus_amr/05_amr/amrfinder_raw/GCF_036963285.1.tsv
Software directory: /home/bacte/miniconda3/envs/amrfinder_env/bin/
Software version: 4.2.7
Database directory: /home/bacte/miniconda3/envs/amrfinder_env/share/amrfinderplus/data/2026-08-07.1
Database version: 2026-08-07.1
AMRFinder translated nucleotide search
  - include -O ORGANISM, --organism ORGANISM option to add mutation searches and suppress common proteins
Running tblastn
Making report
amrfinder took 12 seconds to complete
    OK
[1310/1312] GCF_037907685.1
Running: amrfinder -n /home/bacte/bacillus_amr/01_genomes/ncbi_dataset/ncbi_dataset/data/GCF_037907685.1/GCF_037907685.1_ASM3790768v1_genomic.fna --plus -o /home/bacte/bacillus_amr/05_amr/amrfinder_raw/GCF_037907685.1.tsv
Software directory: /home/bacte/miniconda3/envs/amrfinder_env/bin/
Software version: 4.2.7
Database directory: /home/bacte/miniconda3/envs/amrfinder_env/share/amrfinderplus/data/2026-08-07.1
Database version: 2026-08-07.1
AMRFinder translated nucleotide search
  - include -O ORGANISM, --organism ORGANISM option to add mutation searches and suppress common proteins
Running tblastn
Making report
amrfinder took 33 seconds to complete
    OK
[1311/1312] GCF_040492535.1
Running: amrfinder -n /home/bacte/bacillus_amr/01_genomes/ncbi_dataset/ncbi_dataset/data/GCF_040492535.1/GCF_040492535.1_ASM4049253v1_genomic.fna --plus -o /home/bacte/bacillus_amr/05_amr/amrfinder_raw/GCF_040492535.1.tsv
Software directory: /home/bacte/miniconda3/envs/amrfinder_env/bin/
Software version: 4.2.7
Database directory: /home/bacte/miniconda3/envs/amrfinder_env/share/amrfinderplus/data/2026-08-07.1
Database version: 2026-08-07.1
AMRFinder translated nucleotide search
  - include -O ORGANISM, --organism ORGANISM option to add mutation searches and suppress common proteins
Running tblastn
Making report
amrfinder took 11 seconds to complete
    OK
[1312/1312] GCF_025942125.1
Running: amrfinder -n /home/bacte/bacillus_amr/01_genomes/ncbi_dataset/ncbi_dataset/data/GCF_025942125.1/GCF_025942125.1_ASM2594212v1_genomic.fna --plus -o /home/bacte/bacillus_amr/05_amr/amrfinder_raw/GCF_025942125.1.tsv
Software directory: /home/bacte/miniconda3/envs/amrfinder_env/bin/
Software version: 4.2.7
Database directory: /home/bacte/miniconda3/envs/amrfinder_env/share/amrfinderplus/data/2026-08-07.1
Database version: 2026-08-07.1
AMRFinder translated nucleotide search
  - include -O ORGANISM, --organism ORGANISM option to add mutation searches and suppress common proteins
Running tblastn
Making report
amrfinder took 11 seconds to complete
    OK

Finished: 2026-10-05T05:13:59-06:00
Total accessions: 1312
Failed: 0
Output files: 1312
