BACILLUS AMR PROJECT
STEP 13 - GTOTREE FIRMICUTES PHYLOGENOMIC MARKERS

Date: 2026-10-05T11:56:09-06:00
GToTree: GToTree v1.8.16
HMM set: /home/bacte/miniconda3/envs/bacillus_phylo/share/gtotree/hmm_sets/Firmicutes.hmm
HMM profiles: 119
Input proteomes: 1312



                                  GToTree v1.8.16
                         (github.com/AstrobioMike/GToTree)


 ---------------------------------  RUN INFO  --------------------------------- 

[0;33m
    Input genome sources include:
[0m      - Amino-acid files listed in /home/bacte/bacillus_amr/06_phylogeny/protein_faa_unique_paths.txt (1312 genomes)

                             [0;32mTotal input genomes: 1312[0m

  [0;33m********************************** [0mNOTICE [0;33m**********************************[0m  
    We seem to be aiming to work with 1312 total genomes. This is quite a
    bit, and the time the individual gene alignments take can quickly become
    prohibitive with many thousands of genomes like this. By default, GToTree
    is going use the 'super5' muscle algorithm to help speed up the alignments
    for this run (since we have so many here). If you don't want this to
    happen, you should cancel this run now with 'ctrl + c', and add the '-X' 
    flag to the GToTree call.

    More info can be found here:
      github.com/AstrobioMike/GToTree/wiki/things-to-consider#working-with-many-genomes

    And while we're chatting, you may also want to consider
    using "representative" genomes, if you're not already. More info on that can be found here:
      github.com/AstrobioMike/GToTree/wiki/things-to-consider#consider-using-representative-genomes

    We will wait 30 seconds before continuing with our regularly scheduled program :)
  [0;33m****************************************************************************[0m  

[0;33m
    HMM source to be used:
[0m      - /home/bacte/miniconda3/envs/bacillus_phylo/share/gtotree/hmm_sets/Firmicutes.hmm (119 targets)
[0;33m
    Options set:
[0m      - The output directory has been set to "/home/bacte/bacillus_amr/06_phylogeny/gtotree_firmicutes/"
      - Only generating alignment, no tree, as the "-N" option has been provided


 ############################################################################## 
 ####         Working on the genomes provided as amino acid files          ####
 ############################################################################## 

           It is currently 11:56 AM; the process started at 11:56 AM.
               Current process runtime: 0 hours and 0 minutes.

   --------------------------------------------------------------------------   
	On assembly [0;32mGCF_000259405.1[0m; Number 1 of 1312 total.
   --------------------------------------------------------------------------   

      Performing HMM search...
        Found 118 of the targeted 119 genes.
        Est. % comp: 99.16; Est. % redund: 0.84

   --------------------------------------------------------------------------   
	On assembly [0;32mGCF_000262385.1[0m; Number 2 of 1312 total.
   --------------------------------------------------------------------------   

      Performing HMM search...
        Found 117 of the targeted 119 genes.
        Est. % comp: 98.32; Est. % redund: 0.84

   --------------------------------------------------------------------------   
	On assembly [0;32mGCF_000385965.2[0m; Number 3 of 1312 total.
   --------------------------------------------------------------------------   

      Performing HMM search...
        Found 116 of the targeted 119 genes.
        Est. % comp: 97.48; Est. % redund: 0.00

   --------------------------------------------------------------------------   
	On assembly [0;32mGCF_000444215.1[0m; Number 4 of 1312 total.
   --------------------------------------------------------------------------   

      Performing HMM search...
        Found 117 of the targeted 119 genes.
        Est. % comp: 98.32; Est. % redund: 0.84

   --------------------------------------------------------------------------   
	On assembly [0;32mGCF_000465655.1[0m; Number 5 of 1312 total.
   --------------------------------------------------------------------------   

      Performing HMM search...
        Found 118 of the targeted 119 genes.
        Est. % comp: 99.16; Est. % redund: 0.84

   --------------------------------------------------------------------------   
	On assembly [0;32mGCF_000706705.1[0m; Number 6 of 1312 total.
   --------------------------------------------------------------------------   

      Performing HMM search...
        Found 119 of the targeted 119 genes.
        Est. % comp: 100.00; Est. % redund: 0.00

   --------------------------------------------------------------------------   
	On assembly [0;32mGCF_000786145.2[0m; Number 7 of 1312 total.
   --------------------------------------------------------------------------   

      Performing HMM search...
        Found 118 of the targeted 119 genes.
        Est. % comp: 99.16; Est. % redund: 0.84

   --------------------------------------------------------------------------   
	On assembly [0;32mGCF_000817575.1[0m; Number 8 of 1312 total.
   --------------------------------------------------------------------------   

      Performing HMM search...
        Found 118 of the targeted 119 genes.
        Est. % comp: 99.16; Est. % redund: 0.84

   --------------------------------------------------------------------------   
	On assembly [0;32mGCF_000833005.1[0m; Number 9 of 1312 total.
   --------------------------------------------------------------------------   

      Performing HMM search...
        Found 118 of the targeted 119 genes.
        Est. % comp: 99.16; Est. % redund: 0.84

   --------------------------------------------------------------------------   
	On assembly [0;32mGCF_000875875.2[0m; Number 10 of 1312 total.
   --------------------------------------------------------------------------   

      Performing HMM search...
        Found 118 of the targeted 119 genes.
        Est. % comp: 99.16; Est. % redund: 0.84

   --------------------------------------------------------------------------   
	On assembly [0;32mGCF_000931375.1[0m; Number 11 of 1312 total.
   --------------------------------------------------------------------------   

      Performing HMM search...
        Found 119 of the targeted 119 genes.
        Est. % comp: 100.00; Est. % redund: 0.84

   --------------------------------------------------------------------------   
	On assembly [0;32mGCF_000960265.2[0m; Number 12 of 1312 total.
   --------------------------------------------------------------------------   

      Performing HMM search...
        Found 118 of the targeted 119 genes.
        Est. % comp: 99.16; Est. % redund: 0.84

   --------------------------------------------------------------------------   
	On assembly [0;32mGCF_001017635.1[0m; Number 13 of 1312 total.
   --------------------------------------------------------------------------   

      Performing HMM search...
        Found 117 of the targeted 119 genes.
        Est. % comp: 98.32; Est. % redund: 0.00

   --------------------------------------------------------------------------   
	On assembly [0;32mGCF_001023595.1[0m; Number 14 of 1312 total.
   --------------------------------------------------------------------------   

      Performing HMM search...
        Found 118 of the targeted 119 genes.
        Est. % comp: 99.16; Est. % redund: 0.84

   --------------------------------------------------------------------------   
	On assembly [0;32mGCF_001029865.1[0m; Number 15 of 1312 total.
   --------------------------------------------------------------------------   

      Performing HMM search...
        Found 119 of the targeted 119 genes.
        Est. % comp: 100.00; Est. % redund: 0.00

   --------------------------------------------------------------------------   
	On assembly [0;32mGCF_001029875.1[0m; Number 16 of 1312 total.
   --------------------------------------------------------------------------   

      Performing HMM search...
        Found 119 of the targeted 119 genes.
        Est. % comp: 100.00; Est. % redund: 1.68

   --------------------------------------------------------------------------   
	On assembly [0;32mGCF_001175005.1[0m; Number 17 of 1312 total.
   --------------------------------------------------------------------------   

      Performing HMM search...
        Found 118 of the targeted 119 genes.
        Est. % comp: 99.16; Est. % redund: 0.84

   --------------------------------------------------------------------------   
	On assembly [0;32mGCF_001275045.2[0m; Number 18 of 1312 total.
   --------------------------------------------------------------------------   

      Performing HMM search...
        Found 119 of the targeted 119 genes.
        Est. % comp: 100.00; Est. % redund: 1.68

   --------------------------------------------------------------------------   
	On assembly [0;32mGCF_001278635.1[0m; Number 19 of 1312 total.
   --------------------------------------------------------------------------   

      Performing HMM search...
        Found 118 of the targeted 119 genes.
        Est. % comp: 99.16; Est. % redund: 1.68

   --------------------------------------------------------------------------   
	On assembly [0;32mGCF_001431285.1[0m; Number 20 of 1312 total.
   --------------------------------------------------------------------------   

      Performing HMM search...
        Found 118 of the targeted 119 genes.
        Est. % comp: 99.16; Est. % redund: 0.84

   --------------------------------------------------------------------------   
	On assembly [0;32mGCF_001461835.1[0m; Number 21 of 1312 total.
   --------------------------------------------------------------------------   

      Performing HMM search...
        Found 119 of the targeted 119 genes.
        Est. % comp: 100.00; Est. % redund: 0.84

   --------------------------------------------------------------------------   
	On assembly [0;32mGCF_001469675.1[0m; Number 22 of 1312 total.
   --------------------------------------------------------------------------   

      Performing HMM search...
        Found 118 of the targeted 119 genes.
        Est. % comp: 99.16; Est. % redund: 0.84

   --------------------------------------------------------------------------   
	On assembly [0;32mGCF_001517185.1[0m; Number 23 of 1312 total.
   --------------------------------------------------------------------------   

      Performing HMM search...
        Found 118 of the targeted 119 genes.
        Est. % comp: 99.16; Est. % redund: 0.84

   --------------------------------------------------------------------------   
	On assembly [0;32mGCF_001578205.1[0m; Number 24 of 1312 total.
   --------------------------------------------------------------------------   

      Performing HMM search...
        Found 119 of the targeted 119 genes.
        Est. % comp: 100.00; Est. % redund: 0.84

   --------------------------------------------------------------------------   
	On assembly [0;32mGCF_001579695.1[0m; Number 25 of 1312 total.
   --------------------------------------------------------------------------   

      Performing HMM search...
        Found 119 of the targeted 119 genes.
        Est. % comp: 100.00; Est. % redund: 1.68

   --------------------------------------------------------------------------   
	On assembly [0;32mGCF_001593395.2[0m; Number 26 of 1312 total.
   --------------------------------------------------------------------------   

      Performing HMM search...
        Found 118 of the targeted 119 genes.
        Est. % comp: 99.16; Est. % redund: 0.84

   --------------------------------------------------------------------------   
	On assembly [0;32mGCF_001604995.1[0m; Number 27 of 1312 total.
   --------------------------------------------------------------------------   

      Performing HMM search...
        Found 119 of the targeted 119 genes.
        Est. % comp: 100.00; Est. % redund: 0.00

   --------------------------------------------------------------------------   
	On assembly [0;32mGCF_001617995.1[0m; Number 28 of 1312 total.
   --------------------------------------------------------------------------   

      Performing HMM search...
        Found 118 of the targeted 119 genes.
        Est. % comp: 99.16; Est. % redund: 0.84

   --------------------------------------------------------------------------   
	On assembly [0;32mGCF_001625135.1[0m; Number 29 of 1312 total.
   --------------------------------------------------------------------------   

      Performing HMM search...
        Found 119 of the targeted 119 genes.
        Est. % comp: 100.00; Est. % redund: 0.00

   --------------------------------------------------------------------------   
	On assembly [0;32mGCF_001678165.1[0m; Number 30 of 1312 total.
   --------------------------------------------------------------------------   

      Performing HMM search...
        Found 113 of the targeted 119 genes.
        Est. % comp: 94.96; Est. % redund: 0.00

   --------------------------------------------------------------------------   
	On assembly [0;32mGCF_001679765.1[0m; Number 31 of 1312 total.
   --------------------------------------------------------------------------   

      Performing HMM search...
        Found 118 of the targeted 119 genes.
        Est. % comp: 99.16; Est. % redund: 0.00

   --------------------------------------------------------------------------   
	On assembly [0;32mGCF_001685645.1[0m; Number 32 of 1312 total.
   --------------------------------------------------------------------------   

      Performing HMM search...
        Found 118 of the targeted 119 genes.
        Est. % comp: 99.16; Est. % redund: 0.84

   --------------------------------------------------------------------------   
	On assembly [0;32mGCF_001756265.1[0m; Number 33 of 1312 total.
   --------------------------------------------------------------------------   

      Performing HMM search...
        Found 119 of the targeted 119 genes.
        Est. % comp: 100.00; Est. % redund: 1.68

   --------------------------------------------------------------------------   
	On assembly [0;32mGCF_001757675.1[0m; Number 34 of 1312 total.
   --------------------------------------------------------------------------   

      Performing HMM search...
        Found 119 of the targeted 119 genes.
        Est. % comp: 100.00; Est. % redund: 0.00

   --------------------------------------------------------------------------   
	On assembly [0;32mGCF_001757685.1[0m; Number 35 of 1312 total.
   --------------------------------------------------------------------------   

      Performing HMM search...
        Found 119 of the targeted 119 genes.
        Est. % comp: 100.00; Est. % redund: 0.00

   --------------------------------------------------------------------------   
	On assembly [0;32mGCF_001757695.1[0m; Number 36 of 1312 total.
   --------------------------------------------------------------------------   

      Performing HMM search...
        Found 119 of the targeted 119 genes.
        Est. % comp: 100.00; Est. % redund: 0.84

   --------------------------------------------------------------------------   
	On assembly [0;32mGCF_001757745.1[0m; Number 37 of 1312 total.
   --------------------------------------------------------------------------   

      Performing HMM search...
        Found 119 of the targeted 119 genes.
        Est. % comp: 100.00; Est. % redund: 0.00

   --------------------------------------------------------------------------   
	On assembly [0;32mGCF_001757785.1[0m; Number 38 of 1312 total.
   --------------------------------------------------------------------------   

      Performing HMM search...
        Found 119 of the targeted 119 genes.
        Est. % comp: 100.00; Est. % redund: 1.68

   --------------------------------------------------------------------------   
	On assembly [0;32mGCF_001757825.1[0m; Number 39 of 1312 total.
   --------------------------------------------------------------------------   

      Performing HMM search...
        Found 119 of the targeted 119 genes.
        Est. % comp: 100.00; Est. % redund: 1.68

   --------------------------------------------------------------------------   
	On assembly [0;32mGCF_001757835.1[0m; Number 40 of 1312 total.
   --------------------------------------------------------------------------   

      Performing HMM search...
        Found 119 of the targeted 119 genes.
        Est. % comp: 100.00; Est. % redund: 0.84

   --------------------------------------------------------------------------   
	On assembly [0;32mGCF_001757845.1[0m; Number 41 of 1312 total.
   --------------------------------------------------------------------------   

      Performing HMM search...
        Found 119 of the targeted 119 genes.
        Est. % comp: 100.00; Est. % redund: 0.84

   --------------------------------------------------------------------------   
	On assembly [0;32mGCF_001757875.1[0m; Number 42 of 1312 total.
   --------------------------------------------------------------------------   

      Performing HMM search...
        Found 119 of the targeted 119 genes.
        Est. % comp: 100.00; Est. % redund: 1.68

   --------------------------------------------------------------------------   
	On assembly [0;32mGCF_001757905.1[0m; Number 43 of 1312 total.
   --------------------------------------------------------------------------   

      Performing HMM search...
        Found 119 of the targeted 119 genes.
        Est. % comp: 100.00; Est. % redund: 1.68

   --------------------------------------------------------------------------   
	On assembly [0;32mGCF_001757915.1[0m; Number 44 of 1312 total.
   --------------------------------------------------------------------------   

      Performing HMM search...
        Found 119 of the targeted 119 genes.
        Est. % comp: 100.00; Est. % redund: 1.68

   --------------------------------------------------------------------------   
	On assembly [0;32mGCF_001757935.1[0m; Number 45 of 1312 total.
   --------------------------------------------------------------------------   

      Performing HMM search...
        Found 119 of the targeted 119 genes.
        Est. % comp: 100.00; Est. % redund: 1.68

   --------------------------------------------------------------------------   
	On assembly [0;32mGCF_001757965.1[0m; Number 46 of 1312 total.
   --------------------------------------------------------------------------   

      Performing HMM search...
        Found 119 of the targeted 119 genes.
        Est. % comp: 100.00; Est. % redund: 1.68

   --------------------------------------------------------------------------   
	On assembly [0;32mGCF_001757985.1[0m; Number 47 of 1312 total.
   --------------------------------------------------------------------------   

      Performing HMM search...
        Found 119 of the targeted 119 genes.
        Est. % comp: 100.00; Est. % redund: 1.68

   --------------------------------------------------------------------------   
	On assembly [0;32mGCF_001757995.1[0m; Number 48 of 1312 total.
   --------------------------------------------------------------------------   

      Performing HMM search...
        Found 119 of the targeted 119 genes.
        Est. % comp: 100.00; Est. % redund: 0.84

   --------------------------------------------------------------------------   
	On assembly [0;32mGCF_001758015.1[0m; Number 49 of 1312 total.
   --------------------------------------------------------------------------   

      Performing HMM search...
        Found 119 of the targeted 119 genes.
        Est. % comp: 100.00; Est. % redund: 1.68

   --------------------------------------------------------------------------   
	On assembly [0;32mGCF_001855755.1[0m; Number 50 of 1312 total.
   --------------------------------------------------------------------------   

      Performing HMM search...
        Found 119 of the targeted 119 genes.
        Est. % comp: 100.00; Est. % redund: 1.68

   --------------------------------------------------------------------------   
	On assembly [0;32mGCF_001866745.1[0m; Number 51 of 1312 total.
   --------------------------------------------------------------------------   

      Performing HMM search...
        Found 118 of the targeted 119 genes.
        Est. % comp: 99.16; Est. % redund: 1.68

   --------------------------------------------------------------------------   
	On assembly [0;32mGCF_001874385.1[0m; Number 52 of 1312 total.
   --------------------------------------------------------------------------   

      Performing HMM search...
        Found 118 of the targeted 119 genes.
        Est. % comp: 99.16; Est. % redund: 0.84

   --------------------------------------------------------------------------   
	On assembly [0;32mGCF_001876545.1[0m; Number 53 of 1312 total.
   --------------------------------------------------------------------------   

      Performing HMM search...
        Found 119 of the targeted 119 genes.
        Est. % comp: 100.00; Est. % redund: 4.20

   --------------------------------------------------------------------------   
	On assembly [0;32mGCF_001876555.1[0m; Number 54 of 1312 total.
   --------------------------------------------------------------------------   

      Performing HMM search...
        Found 119 of the targeted 119 genes.
        Est. % comp: 100.00; Est. % redund: 2.52

   --------------------------------------------------------------------------   
	On assembly [0;32mGCF_001876575.1[0m; Number 55 of 1312 total.
   --------------------------------------------------------------------------   

      Performing HMM search...
        Found 119 of the targeted 119 genes.
        Est. % comp: 100.00; Est. % redund: 2.52

   --------------------------------------------------------------------------   
	On assembly [0;32mGCF_001876655.1[0m; Number 56 of 1312 total.
   --------------------------------------------------------------------------   

      Performing HMM search...
        Found 119 of the targeted 119 genes.
        Est. % comp: 100.00; Est. % redund: 1.68

   --------------------------------------------------------------------------   
	On assembly [0;32mGCF_001880125.1[0m; Number 57 of 1312 total.
   --------------------------------------------------------------------------   

      Performing HMM search...
        Found 119 of the targeted 119 genes.
        Est. % comp: 100.00; Est. % redund: 0.00

   --------------------------------------------------------------------------   
	On assembly [0;32mGCF_002068155.1[0m; Number 58 of 1312 total.
   --------------------------------------------------------------------------   

      Performing HMM search...
        Found 119 of the targeted 119 genes.
        Est. % comp: 100.00; Est. % redund: 0.84

   --------------------------------------------------------------------------   
	On assembly [0;32mGCF_002072695.1[0m; Number 59 of 1312 total.
   --------------------------------------------------------------------------   

      Performing HMM search...
        Found 118 of the targeted 119 genes.
        Est. % comp: 99.16; Est. % redund: 0.84

   --------------------------------------------------------------------------   
	On assembly [0;32mGCF_002072735.1[0m; Number 60 of 1312 total.
   --------------------------------------------------------------------------   

      Performing HMM search...
        Found 119 of the targeted 119 genes.
        Est. % comp: 100.00; Est. % redund: 0.00

   --------------------------------------------------------------------------   
	On assembly [0;32mGCF_002105595.1[0m; Number 61 of 1312 total.
   --------------------------------------------------------------------------   

      Performing HMM search...
        Found 118 of the targeted 119 genes.
        Est. % comp: 99.16; Est. % redund: 0.84

   --------------------------------------------------------------------------   
	On assembly [0;32mGCF_002117165.1[0m; Number 62 of 1312 total.
   --------------------------------------------------------------------------   

      Performing HMM search...
        Found 118 of the targeted 119 genes.
        Est. % comp: 99.16; Est. % redund: 0.84

   --------------------------------------------------------------------------   
	On assembly [0;32mGCF_002142595.1[0m; Number 63 of 1312 total.
   --------------------------------------------------------------------------   

      Performing HMM search...
        Found 119 of the targeted 119 genes.
        Est. % comp: 100.00; Est. % redund: 0.00

   --------------------------------------------------------------------------   
	On assembly [0;32mGCF_002146655.1[0m; Number 64 of 1312 total.
   --------------------------------------------------------------------------   

      Performing HMM search...
        Found 119 of the targeted 119 genes.
        Est. % comp: 100.00; Est. % redund: 0.84

   --------------------------------------------------------------------------   
	On assembly [0;32mGCF_002192235.1[0m; Number 65 of 1312 total.
   --------------------------------------------------------------------------   

      Performing HMM search...
        Found 118 of the targeted 119 genes.
        Est. % comp: 99.16; Est. % redund: 0.84

   --------------------------------------------------------------------------   
	On assembly [0;32mGCF_002204665.1[0m; Number 66 of 1312 total.
   --------------------------------------------------------------------------   

      Performing HMM search...
        Found 118 of the targeted 119 genes.
        Est. % comp: 99.16; Est. % redund: 0.84

   --------------------------------------------------------------------------   
	On assembly [0;32mGCF_002205715.1[0m; Number 67 of 1312 total.
   --------------------------------------------------------------------------   

      Performing HMM search...
        Found 118 of the targeted 119 genes.
        Est. % comp: 99.16; Est. % redund: 0.84

   --------------------------------------------------------------------------   
	On assembly [0;32mGCF_002211235.1[0m; Number 68 of 1312 total.
   --------------------------------------------------------------------------   

      Performing HMM search...
        Found 119 of the targeted 119 genes.
        Est. % comp: 100.00; Est. % redund: 0.84

   --------------------------------------------------------------------------   
	On assembly [0;32mGCF_002214765.1[0m; Number 69 of 1312 total.
   --------------------------------------------------------------------------   

      Performing HMM search...
        Found 119 of the targeted 119 genes.
        Est. % comp: 100.00; Est. % redund: 0.84

   --------------------------------------------------------------------------   
	On assembly [0;32mGCF_002216755.1[0m; Number 70 of 1312 total.
   --------------------------------------------------------------------------   

      Performing HMM search...
        Found 118 of the targeted 119 genes.
        Est. % comp: 99.16; Est. % redund: 0.84

   --------------------------------------------------------------------------   
	On assembly [0;32mGCF_002224345.1[0m; Number 71 of 1312 total.
   --------------------------------------------------------------------------   

      Performing HMM search...
        Found 119 of the targeted 119 genes.
        Est. % comp: 100.00; Est. % redund: 0.00

   --------------------------------------------------------------------------   
	On assembly [0;32mGCF_002243495.1[0m; Number 72 of 1312 total.
   --------------------------------------------------------------------------   

      Performing HMM search...
        Found 119 of the targeted 119 genes.
        Est. % comp: 100.00; Est. % redund: 0.84

   --------------------------------------------------------------------------   
	On assembly [0;32mGCF_002277775.1[0m; Number 73 of 1312 total.
   --------------------------------------------------------------------------   

      Performing HMM search...
        Found 119 of the targeted 119 genes.
        Est. % comp: 100.00; Est. % redund: 0.00

   --------------------------------------------------------------------------   
	On assembly [0;32mGCF_002550055.1[0m; Number 74 of 1312 total.
   --------------------------------------------------------------------------   

      Performing HMM search...
        Found 119 of the targeted 119 genes.
        Est. % comp: 100.00; Est. % redund: 0.84

   --------------------------------------------------------------------------   
	On assembly [0;32mGCF_002550185.1[0m; Number 75 of 1312 total.
   --------------------------------------------------------------------------   

      Performing HMM search...
        Found 119 of the targeted 119 genes.
        Est. % comp: 100.00; Est. % redund: 0.00

   --------------------------------------------------------------------------   
	On assembly [0;32mGCF_002550215.1[0m; Number 76 of 1312 total.
   --------------------------------------------------------------------------   

      Performing HMM search...
        Found 118 of the targeted 119 genes.
        Est. % comp: 99.16; Est. % redund: 0.00

   --------------------------------------------------------------------------   
	On assembly [0;32mGCF_002550225.1[0m; Number 77 of 1312 total.
   --------------------------------------------------------------------------   

      Performing HMM search...
        Found 119 of the targeted 119 genes.
        Est. % comp: 100.00; Est. % redund: 0.00

   --------------------------------------------------------------------------   
	On assembly [0;32mGCF_002550355.1[0m; Number 78 of 1312 total.
   --------------------------------------------------------------------------   

      Performing HMM search...
        Found 119 of the targeted 119 genes.
        Est. % comp: 100.00; Est. % redund: 1.68

   --------------------------------------------------------------------------   
	On assembly [0;32mGCF_002550475.1[0m; Number 79 of 1312 total.
   --------------------------------------------------------------------------   

      Performing HMM search...
        Found 119 of the targeted 119 genes.
        Est. % comp: 100.00; Est. % redund: 0.00

   --------------------------------------------------------------------------   
	On assembly [0;32mGCF_002550525.1[0m; Number 80 of 1312 total.
   --------------------------------------------------------------------------   

      Performing HMM search...
        Found 119 of the targeted 119 genes.
        Est. % comp: 100.00; Est. % redund: 1.68

   --------------------------------------------------------------------------   
	On assembly [0;32mGCF_002550685.1[0m; Number 81 of 1312 total.
   --------------------------------------------------------------------------   

      Performing HMM search...
        Found 119 of the targeted 119 genes.
        Est. % comp: 100.00; Est. % redund: 2.52

   --------------------------------------------------------------------------   
	On assembly [0;32mGCF_002550725.1[0m; Number 82 of 1312 total.
   --------------------------------------------------------------------------   

      Performing HMM search...
        Found 119 of the targeted 119 genes.
        Est. % comp: 100.00; Est. % redund: 1.68

   --------------------------------------------------------------------------   
	On assembly [0;32mGCF_002550925.1[0m; Number 83 of 1312 total.
   --------------------------------------------------------------------------   

      Performing HMM search...
        Found 119 of the targeted 119 genes.
        Est. % comp: 100.00; Est. % redund: 1.68

   --------------------------------------------------------------------------   
	On assembly [0;32mGCF_002551565.1[0m; Number 84 of 1312 total.
   --------------------------------------------------------------------------   

      Performing HMM search...
        Found 119 of the targeted 119 genes.
        Est. % comp: 100.00; Est. % redund: 1.68

   --------------------------------------------------------------------------   
	On assembly [0;32mGCF_002551705.1[0m; Number 85 of 1312 total.
   --------------------------------------------------------------------------   

      Performing HMM search...
        Found 119 of the targeted 119 genes.
        Est. % comp: 100.00; Est. % redund: 1.68

   --------------------------------------------------------------------------   
	On assembly [0;32mGCF_002551775.1[0m; Number 86 of 1312 total.
   --------------------------------------------------------------------------   

      Performing HMM search...
        Found 119 of the targeted 119 genes.
        Est. % comp: 100.00; Est. % redund: 0.00

   --------------------------------------------------------------------------   
	On assembly [0;32mGCF_002551815.1[0m; Number 87 of 1312 total.
   --------------------------------------------------------------------------   

      Performing HMM search...
        Found 119 of the targeted 119 genes.
        Est. % comp: 100.00; Est. % redund: 0.00

   --------------------------------------------------------------------------   
	On assembly [0;32mGCF_002551895.1[0m; Number 88 of 1312 total.
   --------------------------------------------------------------------------   

      Performing HMM search...
        Found 119 of the targeted 119 genes.
        Est. % comp: 100.00; Est. % redund: 0.00

   --------------------------------------------------------------------------   
	On assembly [0;32mGCF_002552035.1[0m; Number 89 of 1312 total.
   --------------------------------------------------------------------------   

      Performing HMM search...
        Found 119 of the targeted 119 genes.
        Est. % comp: 100.00; Est. % redund: 1.68

   --------------------------------------------------------------------------   
	On assembly [0;32mGCF_002552045.1[0m; Number 90 of 1312 total.
   --------------------------------------------------------------------------   

      Performing HMM search...
        Found 119 of the targeted 119 genes.
        Est. % comp: 100.00; Est. % redund: 0.00

   --------------------------------------------------------------------------   
	On assembly [0;32mGCF_002552055.1[0m; Number 91 of 1312 total.
   --------------------------------------------------------------------------   

      Performing HMM search...
        Found 119 of the targeted 119 genes.
        Est. % comp: 100.00; Est. % redund: 0.84

   --------------------------------------------------------------------------   
	On assembly [0;32mGCF_002552125.1[0m; Number 92 of 1312 total.
   --------------------------------------------------------------------------   

      Performing HMM search...
        Found 119 of the targeted 119 genes.
        Est. % comp: 100.00; Est. % redund: 1.68

   --------------------------------------------------------------------------   
	On assembly [0;32mGCF_002552245.1[0m; Number 93 of 1312 total.
   --------------------------------------------------------------------------   

      Performing HMM search...
        Found 119 of the targeted 119 genes.
        Est. % comp: 100.00; Est. % redund: 0.84

   --------------------------------------------------------------------------   
	On assembly [0;32mGCF_002552335.1[0m; Number 94 of 1312 total.
   --------------------------------------------------------------------------   

      Performing HMM search...
        Found 119 of the targeted 119 genes.
        Est. % comp: 100.00; Est. % redund: 0.00

   --------------------------------------------------------------------------   
	On assembly [0;32mGCF_002552395.1[0m; Number 95 of 1312 total.
   --------------------------------------------------------------------------   

      Performing HMM search...
        Found 119 of the targeted 119 genes.
        Est. % comp: 100.00; Est. % redund: 0.00

   --------------------------------------------------------------------------   
	On assembly [0;32mGCF_002552545.1[0m; Number 96 of 1312 total.
   --------------------------------------------------------------------------   

      Performing HMM search...
        Found 119 of the targeted 119 genes.
        Est. % comp: 100.00; Est. % redund: 1.68

   --------------------------------------------------------------------------   
	On assembly [0;32mGCF_002552615.1[0m; Number 97 of 1312 total.
   --------------------------------------------------------------------------   

      Performing HMM search...
        Found 119 of the targeted 119 genes.
        Est. % comp: 100.00; Est. % redund: 2.52

   --------------------------------------------------------------------------   
	On assembly [0;32mGCF_002552675.1[0m; Number 98 of 1312 total.
   --------------------------------------------------------------------------   

      Performing HMM search...
        Found 119 of the targeted 119 genes.
        Est. % comp: 100.00; Est. % redund: 1.68

   --------------------------------------------------------------------------   
	On assembly [0;32mGCF_002552785.1[0m; Number 99 of 1312 total.
   --------------------------------------------------------------------------   

      Performing HMM search...
        Found 119 of the targeted 119 genes.
        Est. % comp: 100.00; Est. % redund: 0.84

   --------------------------------------------------------------------------   
	On assembly [0;32mGCF_002552915.1[0m; Number 100 of 1312 total.
   --------------------------------------------------------------------------   

      Performing HMM search...
        Found 119 of the targeted 119 genes.
        Est. % comp: 100.00; Est. % redund: 0.00

   --------------------------------------------------------------------------   
	On assembly [0;32mGCF_002552975.1[0m; Number 101 of 1312 total.
   --------------------------------------------------------------------------   

      Performing HMM search...
        Found 119 of the targeted 119 genes.
        Est. % comp: 100.00; Est. % redund: 1.68

   --------------------------------------------------------------------------   
	On assembly [0;32mGCF_002552985.1[0m; Number 102 of 1312 total.
   --------------------------------------------------------------------------   

      Performing HMM search...
        Found 119 of the targeted 119 genes.
        Est. % comp: 100.00; Est. % redund: 0.00

   --------------------------------------------------------------------------   
	On assembly [0;32mGCF_002552995.1[0m; Number 103 of 1312 total.
   --------------------------------------------------------------------------   

      Performing HMM search...
        Found 119 of the targeted 119 genes.
        Est. % comp: 100.00; Est. % redund: 0.00

   --------------------------------------------------------------------------   
	On assembly [0;32mGCF_002553055.1[0m; Number 104 of 1312 total.
   --------------------------------------------------------------------------   

      Performing HMM search...
        Found 119 of the targeted 119 genes.
        Est. % comp: 100.00; Est. % redund: 0.00

   --------------------------------------------------------------------------   
	On assembly [0;32mGCF_002553105.1[0m; Number 105 of 1312 total.
   --------------------------------------------------------------------------   

      Performing HMM search...
        Found 119 of the targeted 119 genes.
        Est. % comp: 100.00; Est. % redund: 1.68

   --------------------------------------------------------------------------   
	On assembly [0;32mGCF_002553115.1[0m; Number 106 of 1312 total.
   --------------------------------------------------------------------------   

      Performing HMM search...
        Found 119 of the targeted 119 genes.
        Est. % comp: 100.00; Est. % redund: 1.68

   --------------------------------------------------------------------------   
	On assembly [0;32mGCF_002553315.1[0m; Number 107 of 1312 total.
   --------------------------------------------------------------------------   

      Performing HMM search...
        Found 119 of the targeted 119 genes.
        Est. % comp: 100.00; Est. % redund: 0.00

   --------------------------------------------------------------------------   
	On assembly [0;32mGCF_002553325.1[0m; Number 108 of 1312 total.
   --------------------------------------------------------------------------   

      Performing HMM search...
        Found 119 of the targeted 119 genes.
        Est. % comp: 100.00; Est. % redund: 0.84

   --------------------------------------------------------------------------   
	On assembly [0;32mGCF_002553375.1[0m; Number 109 of 1312 total.
   --------------------------------------------------------------------------   

      Performing HMM search...
        Found 119 of the targeted 119 genes.
        Est. % comp: 100.00; Est. % redund: 1.68

   --------------------------------------------------------------------------   
	On assembly [0;32mGCF_002554865.1[0m; Number 110 of 1312 total.
   --------------------------------------------------------------------------   

      Performing HMM search...
        Found 119 of the targeted 119 genes.
        Est. % comp: 100.00; Est. % redund: 0.84

   --------------------------------------------------------------------------   
	On assembly [0;32mGCF_002555155.1[0m; Number 111 of 1312 total.
   --------------------------------------------------------------------------   

      Performing HMM search...
        Found 119 of the targeted 119 genes.
        Est. % comp: 100.00; Est. % redund: 0.84

   --------------------------------------------------------------------------   
	On assembly [0;32mGCF_002555265.1[0m; Number 112 of 1312 total.
   --------------------------------------------------------------------------   

      Performing HMM search...
        Found 119 of the targeted 119 genes.
        Est. % comp: 100.00; Est. % redund: 0.00

   --------------------------------------------------------------------------   
	On assembly [0;32mGCF_002555305.1[0m; Number 113 of 1312 total.
   --------------------------------------------------------------------------   

      Performing HMM search...
        Found 119 of the targeted 119 genes.
        Est. % comp: 100.00; Est. % redund: 0.84

   --------------------------------------------------------------------------   
	On assembly [0;32mGCF_002555385.1[0m; Number 114 of 1312 total.
   --------------------------------------------------------------------------   

      Performing HMM search...
        Found 119 of the targeted 119 genes.
        Est. % comp: 100.00; Est. % redund: 0.84

   --------------------------------------------------------------------------   
	On assembly [0;32mGCF_002555545.1[0m; Number 115 of 1312 total.
   --------------------------------------------------------------------------   

      Performing HMM search...
        Found 119 of the targeted 119 genes.
        Est. % comp: 100.00; Est. % redund: 0.84

   --------------------------------------------------------------------------   
	On assembly [0;32mGCF_002555585.1[0m; Number 116 of 1312 total.
   --------------------------------------------------------------------------   

      Performing HMM search...
        Found 119 of the targeted 119 genes.
        Est. % comp: 100.00; Est. % redund: 0.84

   --------------------------------------------------------------------------   
	On assembly [0;32mGCF_002555615.1[0m; Number 117 of 1312 total.
   --------------------------------------------------------------------------   

      Performing HMM search...
        Found 119 of the targeted 119 genes.
        Est. % comp: 100.00; Est. % redund: 1.68

   --------------------------------------------------------------------------   
	On assembly [0;32mGCF_002555685.1[0m; Number 118 of 1312 total.
   --------------------------------------------------------------------------   

      Performing HMM search...
        Found 119 of the targeted 119 genes.
        Est. % comp: 100.00; Est. % redund: 1.68

   --------------------------------------------------------------------------   
	On assembly [0;32mGCF_002555735.1[0m; Number 119 of 1312 total.
   --------------------------------------------------------------------------   

      Performing HMM search...
        Found 119 of the targeted 119 genes.
        Est. % comp: 100.00; Est. % redund: 0.84

   --------------------------------------------------------------------------   
	On assembly [0;32mGCF_002555785.1[0m; Number 120 of 1312 total.
   --------------------------------------------------------------------------   

      Performing HMM search...
        Found 119 of the targeted 119 genes.
        Est. % comp: 100.00; Est. % redund: 0.84

   --------------------------------------------------------------------------   
	On assembly [0;32mGCF_002555905.1[0m; Number 121 of 1312 total.
   --------------------------------------------------------------------------   

      Performing HMM search...
        Found 119 of the targeted 119 genes.
        Est. % comp: 100.00; Est. % redund: 1.68

   --------------------------------------------------------------------------   
	On assembly [0;32mGCF_002555915.1[0m; Number 122 of 1312 total.
   --------------------------------------------------------------------------   

      Performing HMM search...
        Found 119 of the targeted 119 genes.
        Est. % comp: 100.00; Est. % redund: 1.68

   --------------------------------------------------------------------------   
	On assembly [0;32mGCF_002555945.1[0m; Number 123 of 1312 total.
   --------------------------------------------------------------------------   

      Performing HMM search...
        Found 119 of the targeted 119 genes.
        Est. % comp: 100.00; Est. % redund: 0.84

   --------------------------------------------------------------------------   
	On assembly [0;32mGCF_002555955.1[0m; Number 124 of 1312 total.
   --------------------------------------------------------------------------   

      Performing HMM search...
        Found 119 of the targeted 119 genes.
        Est. % comp: 100.00; Est. % redund: 1.68

   --------------------------------------------------------------------------   
	On assembly [0;32mGCF_002556085.1[0m; Number 125 of 1312 total.
   --------------------------------------------------------------------------   

      Performing HMM search...
        Found 119 of the targeted 119 genes.
        Est. % comp: 100.00; Est. % redund: 0.00

   --------------------------------------------------------------------------   
	On assembly [0;32mGCF_002556205.1[0m; Number 126 of 1312 total.
   --------------------------------------------------------------------------   

      Performing HMM search...
        Found 119 of the targeted 119 genes.
        Est. % comp: 100.00; Est. % redund: 0.84

   --------------------------------------------------------------------------   
	On assembly [0;32mGCF_002556235.1[0m; Number 127 of 1312 total.
   --------------------------------------------------------------------------   

      Performing HMM search...
        Found 119 of the targeted 119 genes.
        Est. % comp: 100.00; Est. % redund: 1.68

   --------------------------------------------------------------------------   
	On assembly [0;32mGCF_002556265.1[0m; Number 128 of 1312 total.
   --------------------------------------------------------------------------   

      Performing HMM search...
        Found 119 of the targeted 119 genes.
        Est. % comp: 100.00; Est. % redund: 0.84

   --------------------------------------------------------------------------   
	On assembly [0;32mGCF_002556385.1[0m; Number 129 of 1312 total.
   --------------------------------------------------------------------------   

      Performing HMM search...
        Found 115 of the targeted 119 genes.
        Est. % comp: 96.64; Est. % redund: 0.84

   --------------------------------------------------------------------------   
	On assembly [0;32mGCF_002556425.1[0m; Number 130 of 1312 total.
   --------------------------------------------------------------------------   

      Performing HMM search...
        Found 119 of the targeted 119 genes.
        Est. % comp: 100.00; Est. % redund: 1.68

   --------------------------------------------------------------------------   
	On assembly [0;32mGCF_002556825.1[0m; Number 131 of 1312 total.
   --------------------------------------------------------------------------   

      Performing HMM search...
        Found 119 of the targeted 119 genes.
        Est. % comp: 100.00; Est. % redund: 0.84

   --------------------------------------------------------------------------   
	On assembly [0;32mGCF_002556885.1[0m; Number 132 of 1312 total.
   --------------------------------------------------------------------------   

      Performing HMM search...
        Found 119 of the targeted 119 genes.
        Est. % comp: 100.00; Est. % redund: 0.84

   --------------------------------------------------------------------------   
	On assembly [0;32mGCF_002556905.1[0m; Number 133 of 1312 total.
   --------------------------------------------------------------------------   

      Performing HMM search...
        Found 119 of the targeted 119 genes.
        Est. % comp: 100.00; Est. % redund: 0.84

   --------------------------------------------------------------------------   
	On assembly [0;32mGCF_002556945.1[0m; Number 134 of 1312 total.
   --------------------------------------------------------------------------   

      Performing HMM search...
        Found 119 of the targeted 119 genes.
        Est. % comp: 100.00; Est. % redund: 1.68

   --------------------------------------------------------------------------   
	On assembly [0;32mGCF_002556955.1[0m; Number 135 of 1312 total.
   --------------------------------------------------------------------------   

      Performing HMM search...
        Found 119 of the targeted 119 genes.
        Est. % comp: 100.00; Est. % redund: 1.68

   --------------------------------------------------------------------------   
	On assembly [0;32mGCF_002557045.1[0m; Number 136 of 1312 total.
   --------------------------------------------------------------------------   

      Performing HMM search...
        Found 119 of the targeted 119 genes.
        Est. % comp: 100.00; Est. % redund: 1.68

   --------------------------------------------------------------------------   
	On assembly [0;32mGCF_002557225.1[0m; Number 137 of 1312 total.
   --------------------------------------------------------------------------   

      Performing HMM search...
        Found 119 of the targeted 119 genes.
        Est. % comp: 100.00; Est. % redund: 1.68

   --------------------------------------------------------------------------   
	On assembly [0;32mGCF_002557385.1[0m; Number 138 of 1312 total.
   --------------------------------------------------------------------------   

      Performing HMM search...
        Found 119 of the targeted 119 genes.
        Est. % comp: 100.00; Est. % redund: 1.68

   --------------------------------------------------------------------------   
	On assembly [0;32mGCF_002557465.1[0m; Number 139 of 1312 total.
   --------------------------------------------------------------------------   

      Performing HMM search...
        Found 116 of the targeted 119 genes.
        Est. % comp: 97.48; Est. % redund: 0.84

   --------------------------------------------------------------------------   
	On assembly [0;32mGCF_002557475.1[0m; Number 140 of 1312 total.
   --------------------------------------------------------------------------   

      Performing HMM search...
        Found 119 of the targeted 119 genes.
        Est. % comp: 100.00; Est. % redund: 0.00

   --------------------------------------------------------------------------   
	On assembly [0;32mGCF_002557855.1[0m; Number 141 of 1312 total.
   --------------------------------------------------------------------------   

      Performing HMM search...
        Found 119 of the targeted 119 genes.
        Est. % comp: 100.00; Est. % redund: 1.68

   --------------------------------------------------------------------------   
	On assembly [0;32mGCF_002557865.1[0m; Number 142 of 1312 total.
   --------------------------------------------------------------------------   

      Performing HMM search...
        Found 119 of the targeted 119 genes.
        Est. % comp: 100.00; Est. % redund: 1.68

   --------------------------------------------------------------------------   
	On assembly [0;32mGCF_002558005.1[0m; Number 143 of 1312 total.
   --------------------------------------------------------------------------   

      Performing HMM search...
        Found 71 of the targeted 119 genes.
        Est. % comp: 59.66; Est. % redund: 0.00

   --------------------------------------------------------------------------   
	On assembly [0;32mGCF_002558075.1[0m; Number 144 of 1312 total.
   --------------------------------------------------------------------------   

      Performing HMM search...
        Found 119 of the targeted 119 genes.
        Est. % comp: 100.00; Est. % redund: 0.00

   --------------------------------------------------------------------------   
	On assembly [0;32mGCF_002558095.1[0m; Number 145 of 1312 total.
   --------------------------------------------------------------------------   

      Performing HMM search...
        Found 62 of the targeted 119 genes.
        Est. % comp: 52.10; Est. % redund: 0.00

   --------------------------------------------------------------------------   
	On assembly [0;32mGCF_002558235.1[0m; Number 146 of 1312 total.
   --------------------------------------------------------------------------   

      Performing HMM search...
        Found 119 of the targeted 119 genes.
        Est. % comp: 100.00; Est. % redund: 1.68

   --------------------------------------------------------------------------   
	On assembly [0;32mGCF_002558335.1[0m; Number 147 of 1312 total.
   --------------------------------------------------------------------------   

      Performing HMM search...
        Found 119 of the targeted 119 genes.
        Est. % comp: 100.00; Est. % redund: 0.00

   --------------------------------------------------------------------------   
	On assembly [0;32mGCF_002558375.1[0m; Number 148 of 1312 total.
   --------------------------------------------------------------------------   

      Performing HMM search...
        Found 2 of the targeted 119 genes.
        Est. % comp: 1.68; Est. % redund: 0.00

   --------------------------------------------------------------------------   
	On assembly [0;32mGCF_002558385.1[0m; Number 149 of 1312 total.
   --------------------------------------------------------------------------   

      Performing HMM search...
        Found 119 of the targeted 119 genes.
        Est. % comp: 100.00; Est. % redund: 1.68

   --------------------------------------------------------------------------   
	On assembly [0;32mGCF_002558525.1[0m; Number 150 of 1312 total.
   --------------------------------------------------------------------------   

      Performing HMM search...
        Found 119 of the targeted 119 genes.
        Est. % comp: 100.00; Est. % redund: 0.84

   --------------------------------------------------------------------------   
	On assembly [0;32mGCF_002558545.1[0m; Number 151 of 1312 total.
   --------------------------------------------------------------------------   

      Performing HMM search...
        Found 119 of the targeted 119 genes.
        Est. % comp: 100.00; Est. % redund: 0.00

   --------------------------------------------------------------------------   
	On assembly [0;32mGCF_002558635.1[0m; Number 152 of 1312 total.
   --------------------------------------------------------------------------   

      Performing HMM search...
        Found 119 of the targeted 119 genes.
        Est. % comp: 100.00; Est. % redund: 0.84

   --------------------------------------------------------------------------   
	On assembly [0;32mGCF_002558815.1[0m; Number 153 of 1312 total.
   --------------------------------------------------------------------------   

      Performing HMM search...
        Found 119 of the targeted 119 genes.
        Est. % comp: 100.00; Est. % redund: 0.00

   --------------------------------------------------------------------------   
	On assembly [0;32mGCF_002558915.1[0m; Number 154 of 1312 total.
   --------------------------------------------------------------------------   

      Performing HMM search...
        Found 119 of the targeted 119 genes.
        Est. % comp: 100.00; Est. % redund: 1.68

   --------------------------------------------------------------------------   
	On assembly [0;32mGCF_002558995.1[0m; Number 155 of 1312 total.
   --------------------------------------------------------------------------   

      Performing HMM search...
        Found 119 of the targeted 119 genes.
        Est. % comp: 100.00; Est. % redund: 0.00

   --------------------------------------------------------------------------   
	On assembly [0;32mGCF_002559035.1[0m; Number 156 of 1312 total.
   --------------------------------------------------------------------------   

      Performing HMM search...
        Found 119 of the targeted 119 genes.
        Est. % comp: 100.00; Est. % redund: 0.00

   --------------------------------------------------------------------------   
	On assembly [0;32mGCF_002559215.1[0m; Number 157 of 1312 total.
   --------------------------------------------------------------------------   

      Performing HMM search...
        Found 119 of the targeted 119 genes.
        Est. % comp: 100.00; Est. % redund: 0.84

   --------------------------------------------------------------------------   
	On assembly [0;32mGCF_002559275.1[0m; Number 158 of 1312 total.
   --------------------------------------------------------------------------   

      Performing HMM search...
        Found 119 of the targeted 119 genes.
        Est. % comp: 100.00; Est. % redund: 0.00

   --------------------------------------------------------------------------   
	On assembly [0;32mGCF_002559295.1[0m; Number 159 of 1312 total.
   --------------------------------------------------------------------------   

      Performing HMM search...
        Found 119 of the targeted 119 genes.
        Est. % comp: 100.00; Est. % redund: 0.00

   --------------------------------------------------------------------------   
	On assembly [0;32mGCF_002559355.1[0m; Number 160 of 1312 total.
   --------------------------------------------------------------------------   

      Performing HMM search...
        Found 119 of the targeted 119 genes.
        Est. % comp: 100.00; Est. % redund: 0.00

   --------------------------------------------------------------------------   
	On assembly [0;32mGCF_002559645.1[0m; Number 161 of 1312 total.
   --------------------------------------------------------------------------   

      Performing HMM search...
        Found 119 of the targeted 119 genes.
        Est. % comp: 100.00; Est. % redund: 0.84

   --------------------------------------------------------------------------   
	On assembly [0;32mGCF_002559825.1[0m; Number 162 of 1312 total.
   --------------------------------------------------------------------------   

      Performing HMM search...
        Found 119 of the targeted 119 genes.
        Est. % comp: 100.00; Est. % redund: 0.00

   --------------------------------------------------------------------------   
	On assembly [0;32mGCF_002559945.1[0m; Number 163 of 1312 total.
   --------------------------------------------------------------------------   

      Performing HMM search...
        Found 119 of the targeted 119 genes.
        Est. % comp: 100.00; Est. % redund: 0.00

   --------------------------------------------------------------------------   
	On assembly [0;32mGCF_002560105.1[0m; Number 164 of 1312 total.
   --------------------------------------------------------------------------   

      Performing HMM search...
        Found 119 of the targeted 119 genes.
        Est. % comp: 100.00; Est. % redund: 1.68

   --------------------------------------------------------------------------   
	On assembly [0;32mGCF_002560145.1[0m; Number 165 of 1312 total.
   --------------------------------------------------------------------------   

      Performing HMM search...
        Found 119 of the targeted 119 genes.
        Est. % comp: 100.00; Est. % redund: 0.00

   --------------------------------------------------------------------------   
	On assembly [0;32mGCF_002560475.1[0m; Number 166 of 1312 total.
   --------------------------------------------------------------------------   

      Performing HMM search...
        Found 119 of the targeted 119 genes.
        Est. % comp: 100.00; Est. % redund: 0.00

   --------------------------------------------------------------------------   
	On assembly [0;32mGCF_002560575.1[0m; Number 167 of 1312 total.
   --------------------------------------------------------------------------   

      Performing HMM search...
        Found 119 of the targeted 119 genes.
        Est. % comp: 100.00; Est. % redund: 0.00

   --------------------------------------------------------------------------   
	On assembly [0;32mGCF_002560605.1[0m; Number 168 of 1312 total.
   --------------------------------------------------------------------------   

      Performing HMM search...
        Found 119 of the targeted 119 genes.
        Est. % comp: 100.00; Est. % redund: 1.68

   --------------------------------------------------------------------------   
	On assembly [0;32mGCF_002560645.1[0m; Number 169 of 1312 total.
   --------------------------------------------------------------------------   

      Performing HMM search...
        Found 119 of the targeted 119 genes.
        Est. % comp: 100.00; Est. % redund: 0.00

   --------------------------------------------------------------------------   
	On assembly [0;32mGCF_002560815.1[0m; Number 170 of 1312 total.
   --------------------------------------------------------------------------   

      Performing HMM search...
        Found 119 of the targeted 119 genes.
        Est. % comp: 100.00; Est. % redund: 1.68

   --------------------------------------------------------------------------   
	On assembly [0;32mGCF_002561375.1[0m; Number 171 of 1312 total.
   --------------------------------------------------------------------------   

      Performing HMM search...
        Found 119 of the targeted 119 genes.
        Est. % comp: 100.00; Est. % redund: 1.68

   --------------------------------------------------------------------------   
	On assembly [0;32mGCF_002561435.1[0m; Number 172 of 1312 total.
   --------------------------------------------------------------------------   

      Performing HMM search...
        Found 119 of the targeted 119 genes.
        Est. % comp: 100.00; Est. % redund: 0.00

   --------------------------------------------------------------------------   
	On assembly [0;32mGCF_002561585.1[0m; Number 173 of 1312 total.
   --------------------------------------------------------------------------   

      Performing HMM search...
        Found 119 of the targeted 119 genes.
        Est. % comp: 100.00; Est. % redund: 0.00

   --------------------------------------------------------------------------   
	On assembly [0;32mGCF_002561665.1[0m; Number 174 of 1312 total.
   --------------------------------------------------------------------------   

      Performing HMM search...
        Found 119 of the targeted 119 genes.
        Est. % comp: 100.00; Est. % redund: 0.00

   --------------------------------------------------------------------------   
	On assembly [0;32mGCF_002561725.1[0m; Number 175 of 1312 total.
   --------------------------------------------------------------------------   

      Performing HMM search...
        Found 119 of the targeted 119 genes.
        Est. % comp: 100.00; Est. % redund: 0.00

   --------------------------------------------------------------------------   
	On assembly [0;32mGCF_002561735.1[0m; Number 176 of 1312 total.
   --------------------------------------------------------------------------   

      Performing HMM search...
        Found 118 of the targeted 119 genes.
        Est. % comp: 99.16; Est. % redund: 0.84

   --------------------------------------------------------------------------   
	On assembly [0;32mGCF_002561875.1[0m; Number 177 of 1312 total.
   --------------------------------------------------------------------------   

      Performing HMM search...
        Found 118 of the targeted 119 genes.
        Est. % comp: 99.16; Est. % redund: 0.84

   --------------------------------------------------------------------------   
	On assembly [0;32mGCF_002562045.1[0m; Number 178 of 1312 total.
   --------------------------------------------------------------------------   

      Performing HMM search...
        Found 119 of the targeted 119 genes.
        Est. % comp: 100.00; Est. % redund: 1.68

   --------------------------------------------------------------------------   
	On assembly [0;32mGCF_002562295.1[0m; Number 179 of 1312 total.
   --------------------------------------------------------------------------   

      Performing HMM search...
        Found 119 of the targeted 119 genes.
        Est. % comp: 100.00; Est. % redund: 0.00

   --------------------------------------------------------------------------   
	On assembly [0;32mGCF_002562345.1[0m; Number 180 of 1312 total.
   --------------------------------------------------------------------------   

      Performing HMM search...
        Found 119 of the targeted 119 genes.
        Est. % comp: 100.00; Est. % redund: 0.00

   --------------------------------------------------------------------------   
	On assembly [0;32mGCF_002562415.1[0m; Number 181 of 1312 total.
   --------------------------------------------------------------------------   

      Performing HMM search...
        Found 119 of the targeted 119 genes.
        Est. % comp: 100.00; Est. % redund: 0.00

   --------------------------------------------------------------------------   
	On assembly [0;32mGCF_002562915.1[0m; Number 182 of 1312 total.
   --------------------------------------------------------------------------   

      Performing HMM search...
        Found 119 of the targeted 119 genes.
        Est. % comp: 100.00; Est. % redund: 0.84

   --------------------------------------------------------------------------   
	On assembly [0;32mGCF_002563045.1[0m; Number 183 of 1312 total.
   --------------------------------------------------------------------------   

      Performing HMM search...
        Found 119 of the targeted 119 genes.
        Est. % comp: 100.00; Est. % redund: 1.68

   --------------------------------------------------------------------------   
	On assembly [0;32mGCF_002563145.1[0m; Number 184 of 1312 total.
   --------------------------------------------------------------------------   

      Performing HMM search...
        Found 119 of the targeted 119 genes.
        Est. % comp: 100.00; Est. % redund: 0.00

   --------------------------------------------------------------------------   
	On assembly [0;32mGCF_002563235.1[0m; Number 185 of 1312 total.
   --------------------------------------------------------------------------   

      Performing HMM search...
        Found 119 of the targeted 119 genes.
        Est. % comp: 100.00; Est. % redund: 0.84

   --------------------------------------------------------------------------   
	On assembly [0;32mGCF_002563275.1[0m; Number 186 of 1312 total.
   --------------------------------------------------------------------------   

      Performing HMM search...
        Found 119 of the targeted 119 genes.
        Est. % comp: 100.00; Est. % redund: 0.00

   --------------------------------------------------------------------------   
	On assembly [0;32mGCF_002564695.1[0m; Number 187 of 1312 total.
   --------------------------------------------------------------------------   

      Performing HMM search...
        Found 119 of the targeted 119 genes.
        Est. % comp: 100.00; Est. % redund: 0.00

   --------------------------------------------------------------------------   
	On assembly [0;32mGCF_002564885.1[0m; Number 188 of 1312 total.
   --------------------------------------------------------------------------   

      Performing HMM search...
        Found 119 of the targeted 119 genes.
        Est. % comp: 100.00; Est. % redund: 0.00

   --------------------------------------------------------------------------   
	On assembly [0;32mGCF_002565025.1[0m; Number 189 of 1312 total.
   --------------------------------------------------------------------------   

      Performing HMM search...
        Found 119 of the targeted 119 genes.
        Est. % comp: 100.00; Est. % redund: 0.00

   --------------------------------------------------------------------------   
	On assembly [0;32mGCF_002565085.1[0m; Number 190 of 1312 total.
   --------------------------------------------------------------------------   

      Performing HMM search...
        Found 119 of the targeted 119 genes.
        Est. % comp: 100.00; Est. % redund: 0.84

   --------------------------------------------------------------------------   
	On assembly [0;32mGCF_002565195.1[0m; Number 191 of 1312 total.
   --------------------------------------------------------------------------   

      Performing HMM search...
        Found 119 of the targeted 119 genes.
        Est. % comp: 100.00; Est. % redund: 1.68

   --------------------------------------------------------------------------   
	On assembly [0;32mGCF_002565455.1[0m; Number 192 of 1312 total.
   --------------------------------------------------------------------------   

      Performing HMM search...
        Found 119 of the targeted 119 genes.
        Est. % comp: 100.00; Est. % redund: 0.00

   --------------------------------------------------------------------------   
	On assembly [0;32mGCF_002565505.1[0m; Number 193 of 1312 total.
   --------------------------------------------------------------------------   

      Performing HMM search...
        Found 119 of the targeted 119 genes.
        Est. % comp: 100.00; Est. % redund: 0.00

   --------------------------------------------------------------------------   
	On assembly [0;32mGCF_002565765.1[0m; Number 194 of 1312 total.
   --------------------------------------------------------------------------   

      Performing HMM search...
        Found 119 of the targeted 119 genes.
        Est. % comp: 100.00; Est. % redund: 0.00

   --------------------------------------------------------------------------   
	On assembly [0;32mGCF_002566325.1[0m; Number 195 of 1312 total.
   --------------------------------------------------------------------------   

      Performing HMM search...
        Found 119 of the targeted 119 genes.
        Est. % comp: 100.00; Est. % redund: 0.84

   --------------------------------------------------------------------------   
	On assembly [0;32mGCF_002566425.1[0m; Number 196 of 1312 total.
   --------------------------------------------------------------------------   

      Performing HMM search...
        Found 119 of the targeted 119 genes.
        Est. % comp: 100.00; Est. % redund: 0.00

   --------------------------------------------------------------------------   
	On assembly [0;32mGCF_002566505.1[0m; Number 197 of 1312 total.
   --------------------------------------------------------------------------   

      Performing HMM search...
        Found 119 of the targeted 119 genes.
        Est. % comp: 100.00; Est. % redund: 0.84

   --------------------------------------------------------------------------   
	On assembly [0;32mGCF_002566535.1[0m; Number 198 of 1312 total.
   --------------------------------------------------------------------------   

      Performing HMM search...
        Found 119 of the targeted 119 genes.
        Est. % comp: 100.00; Est. % redund: 0.84

   --------------------------------------------------------------------------   
	On assembly [0;32mGCF_002566555.1[0m; Number 199 of 1312 total.
   --------------------------------------------------------------------------   

      Performing HMM search...
        Found 119 of the targeted 119 genes.
        Est. % comp: 100.00; Est. % redund: 0.00

   --------------------------------------------------------------------------   
	On assembly [0;32mGCF_002566605.1[0m; Number 200 of 1312 total.
   --------------------------------------------------------------------------   

      Performing HMM search...
        Found 119 of the targeted 119 genes.
        Est. % comp: 100.00; Est. % redund: 0.84

   --------------------------------------------------------------------------   
	On assembly [0;32mGCF_002566645.1[0m; Number 201 of 1312 total.
   --------------------------------------------------------------------------   

      Performing HMM search...
        Found 119 of the targeted 119 genes.
        Est. % comp: 100.00; Est. % redund: 1.68

   --------------------------------------------------------------------------   
	On assembly [0;32mGCF_002566755.1[0m; Number 202 of 1312 total.
   --------------------------------------------------------------------------   

      Performing HMM search...
        Found 119 of the targeted 119 genes.
        Est. % comp: 100.00; Est. % redund: 0.84

   --------------------------------------------------------------------------   
	On assembly [0;32mGCF_002566845.1[0m; Number 203 of 1312 total.
   --------------------------------------------------------------------------   

      Performing HMM search...
        Found 119 of the targeted 119 genes.
        Est. % comp: 100.00; Est. % redund: 0.00

   --------------------------------------------------------------------------   
	On assembly [0;32mGCF_002566935.1[0m; Number 204 of 1312 total.
   --------------------------------------------------------------------------   

      Performing HMM search...
        Found 119 of the targeted 119 genes.
        Est. % comp: 100.00; Est. % redund: 0.00

   --------------------------------------------------------------------------   
	On assembly [0;32mGCF_002567065.1[0m; Number 205 of 1312 total.
   --------------------------------------------------------------------------   

      Performing HMM search...
        Found 119 of the targeted 119 genes.
        Est. % comp: 100.00; Est. % redund: 0.00

   --------------------------------------------------------------------------   
	On assembly [0;32mGCF_002567265.1[0m; Number 206 of 1312 total.
   --------------------------------------------------------------------------   

      Performing HMM search...
        Found 119 of the targeted 119 genes.
        Est. % comp: 100.00; Est. % redund: 1.68

   --------------------------------------------------------------------------   
	On assembly [0;32mGCF_002567295.1[0m; Number 207 of 1312 total.
   --------------------------------------------------------------------------   

      Performing HMM search...
        Found 119 of the targeted 119 genes.
        Est. % comp: 100.00; Est. % redund: 0.00

   --------------------------------------------------------------------------   
	On assembly [0;32mGCF_002567375.1[0m; Number 208 of 1312 total.
   --------------------------------------------------------------------------   

      Performing HMM search...
        Found 119 of the targeted 119 genes.
        Est. % comp: 100.00; Est. % redund: 0.84

   --------------------------------------------------------------------------   
	On assembly [0;32mGCF_002567675.1[0m; Number 209 of 1312 total.
   --------------------------------------------------------------------------   

      Performing HMM search...
        Found 119 of the targeted 119 genes.
        Est. % comp: 100.00; Est. % redund: 0.00

   --------------------------------------------------------------------------   
	On assembly [0;32mGCF_002567745.1[0m; Number 210 of 1312 total.
   --------------------------------------------------------------------------   

      Performing HMM search...
        Found 119 of the targeted 119 genes.
        Est. % comp: 100.00; Est. % redund: 0.00

   --------------------------------------------------------------------------   
	On assembly [0;32mGCF_002567785.1[0m; Number 211 of 1312 total.
   --------------------------------------------------------------------------   

      Performing HMM search...
        Found 119 of the targeted 119 genes.
        Est. % comp: 100.00; Est. % redund: 0.00

   --------------------------------------------------------------------------   
	On assembly [0;32mGCF_002567875.1[0m; Number 212 of 1312 total.
   --------------------------------------------------------------------------   

      Performing HMM search...
        Found 119 of the targeted 119 genes.
        Est. % comp: 100.00; Est. % redund: 0.00

   --------------------------------------------------------------------------   
	On assembly [0;32mGCF_002567905.1[0m; Number 213 of 1312 total.
   --------------------------------------------------------------------------   

      Performing HMM search...
        Found 119 of the targeted 119 genes.
        Est. % comp: 100.00; Est. % redund: 1.68

   --------------------------------------------------------------------------   
	On assembly [0;32mGCF_002567955.1[0m; Number 214 of 1312 total.
   --------------------------------------------------------------------------   

      Performing HMM search...
        Found 119 of the targeted 119 genes.
        Est. % comp: 100.00; Est. % redund: 1.68

   --------------------------------------------------------------------------   
	On assembly [0;32mGCF_002568175.1[0m; Number 215 of 1312 total.
   --------------------------------------------------------------------------   

      Performing HMM search...
        Found 119 of the targeted 119 genes.
        Est. % comp: 100.00; Est. % redund: 0.00

   --------------------------------------------------------------------------   
	On assembly [0;32mGCF_002568265.1[0m; Number 216 of 1312 total.
   --------------------------------------------------------------------------   

      Performing HMM search...
        Found 119 of the targeted 119 genes.
        Est. % comp: 100.00; Est. % redund: 0.00

   --------------------------------------------------------------------------   
	On assembly [0;32mGCF_002568425.1[0m; Number 217 of 1312 total.
   --------------------------------------------------------------------------   

      Performing HMM search...
        Found 119 of the targeted 119 genes.
        Est. % comp: 100.00; Est. % redund: 0.00

   --------------------------------------------------------------------------   
	On assembly [0;32mGCF_002568525.1[0m; Number 218 of 1312 total.
   --------------------------------------------------------------------------   

      Performing HMM search...
        Found 119 of the targeted 119 genes.
        Est. % comp: 100.00; Est. % redund: 1.68

   --------------------------------------------------------------------------   
	On assembly [0;32mGCF_002568595.1[0m; Number 219 of 1312 total.
   --------------------------------------------------------------------------   

      Performing HMM search...
        Found 119 of the targeted 119 genes.
        Est. % comp: 100.00; Est. % redund: 1.68

   --------------------------------------------------------------------------   
	On assembly [0;32mGCF_002568725.1[0m; Number 220 of 1312 total.
   --------------------------------------------------------------------------   

      Performing HMM search...
        Found 119 of the targeted 119 genes.
        Est. % comp: 100.00; Est. % redund: 1.68

   --------------------------------------------------------------------------   
	On assembly [0;32mGCF_002568745.1[0m; Number 221 of 1312 total.
   --------------------------------------------------------------------------   

      Performing HMM search...
        Found 119 of the targeted 119 genes.
        Est. % comp: 100.00; Est. % redund: 1.68

   --------------------------------------------------------------------------   
	On assembly [0;32mGCF_002568765.1[0m; Number 222 of 1312 total.
   --------------------------------------------------------------------------   

      Performing HMM search...
        Found 119 of the targeted 119 genes.
        Est. % comp: 100.00; Est. % redund: 1.68

   --------------------------------------------------------------------------   
	On assembly [0;32mGCF_002568825.1[0m; Number 223 of 1312 total.
   --------------------------------------------------------------------------   

      Performing HMM search...
        Found 119 of the targeted 119 genes.
        Est. % comp: 100.00; Est. % redund: 0.84

   --------------------------------------------------------------------------   
	On assembly [0;32mGCF_002569035.1[0m; Number 224 of 1312 total.
   --------------------------------------------------------------------------   

      Performing HMM search...
        Found 119 of the targeted 119 genes.
        Est. % comp: 100.00; Est. % redund: 0.84

   --------------------------------------------------------------------------   
	On assembly [0;32mGCF_002569175.1[0m; Number 225 of 1312 total.
   --------------------------------------------------------------------------   

      Performing HMM search...
        Found 119 of the targeted 119 genes.
        Est. % comp: 100.00; Est. % redund: 1.68

   --------------------------------------------------------------------------   
	On assembly [0;32mGCF_002569295.1[0m; Number 226 of 1312 total.
   --------------------------------------------------------------------------   

      Performing HMM search...
        Found 119 of the targeted 119 genes.
        Est. % comp: 100.00; Est. % redund: 0.84

   --------------------------------------------------------------------------   
	On assembly [0;32mGCF_002569325.1[0m; Number 227 of 1312 total.
   --------------------------------------------------------------------------   

      Performing HMM search...
        Found 119 of the targeted 119 genes.
        Est. % comp: 100.00; Est. % redund: 0.84

   --------------------------------------------------------------------------   
	On assembly [0;32mGCF_002569465.1[0m; Number 228 of 1312 total.
   --------------------------------------------------------------------------   

      Performing HMM search...
        Found 119 of the targeted 119 genes.
        Est. % comp: 100.00; Est. % redund: 1.68

   --------------------------------------------------------------------------   
	On assembly [0;32mGCF_002569565.1[0m; Number 229 of 1312 total.
   --------------------------------------------------------------------------   

      Performing HMM search...
        Found 119 of the targeted 119 genes.
        Est. % comp: 100.00; Est. % redund: 1.68

   --------------------------------------------------------------------------   
	On assembly [0;32mGCF_002569595.1[0m; Number 230 of 1312 total.
   --------------------------------------------------------------------------   

      Performing HMM search...
        Found 119 of the targeted 119 genes.
        Est. % comp: 100.00; Est. % redund: 0.00

   --------------------------------------------------------------------------   
	On assembly [0;32mGCF_002569665.1[0m; Number 231 of 1312 total.
   --------------------------------------------------------------------------   

      Performing HMM search...
        Found 119 of the targeted 119 genes.
        Est. % comp: 100.00; Est. % redund: 0.84

   --------------------------------------------------------------------------   
	On assembly [0;32mGCF_002569715.1[0m; Number 232 of 1312 total.
   --------------------------------------------------------------------------   

      Performing HMM search...
        Found 119 of the targeted 119 genes.
        Est. % comp: 100.00; Est. % redund: 0.84

   --------------------------------------------------------------------------   
	On assembly [0;32mGCF_002569835.1[0m; Number 233 of 1312 total.
   --------------------------------------------------------------------------   

      Performing HMM search...
        Found 119 of the targeted 119 genes.
        Est. % comp: 100.00; Est. % redund: 1.68

   --------------------------------------------------------------------------   
	On assembly [0;32mGCF_002569895.1[0m; Number 234 of 1312 total.
   --------------------------------------------------------------------------   

      Performing HMM search...
        Found 119 of the targeted 119 genes.
        Est. % comp: 100.00; Est. % redund: 0.84

   --------------------------------------------------------------------------   
	On assembly [0;32mGCF_002569985.1[0m; Number 235 of 1312 total.
   --------------------------------------------------------------------------   

      Performing HMM search...
        Found 119 of the targeted 119 genes.
        Est. % comp: 100.00; Est. % redund: 0.84

   --------------------------------------------------------------------------   
	On assembly [0;32mGCF_002570065.1[0m; Number 236 of 1312 total.
   --------------------------------------------------------------------------   

      Performing HMM search...
        Found 119 of the targeted 119 genes.
        Est. % comp: 100.00; Est. % redund: 0.84

   --------------------------------------------------------------------------   
	On assembly [0;32mGCF_002570105.1[0m; Number 237 of 1312 total.
   --------------------------------------------------------------------------   

      Performing HMM search...
        Found 119 of the targeted 119 genes.
        Est. % comp: 100.00; Est. % redund: 2.52

   --------------------------------------------------------------------------   
	On assembly [0;32mGCF_002570115.1[0m; Number 238 of 1312 total.
   --------------------------------------------------------------------------   

      Performing HMM search...
        Found 119 of the targeted 119 genes.
        Est. % comp: 100.00; Est. % redund: 0.84

   --------------------------------------------------------------------------   
	On assembly [0;32mGCF_002570155.1[0m; Number 239 of 1312 total.
   --------------------------------------------------------------------------   

      Performing HMM search...
        Found 119 of the targeted 119 genes.
        Est. % comp: 100.00; Est. % redund: 0.84

   --------------------------------------------------------------------------   
	On assembly [0;32mGCF_002570165.1[0m; Number 240 of 1312 total.
   --------------------------------------------------------------------------   

      Performing HMM search...
        Found 119 of the targeted 119 genes.
        Est. % comp: 100.00; Est. % redund: 0.84

   --------------------------------------------------------------------------   
	On assembly [0;32mGCF_002570265.1[0m; Number 241 of 1312 total.
   --------------------------------------------------------------------------   

      Performing HMM search...
        Found 119 of the targeted 119 genes.
        Est. % comp: 100.00; Est. % redund: 0.00

   --------------------------------------------------------------------------   
	On assembly [0;32mGCF_002570305.1[0m; Number 242 of 1312 total.
   --------------------------------------------------------------------------   

      Performing HMM search...
        Found 119 of the targeted 119 genes.
        Est. % comp: 100.00; Est. % redund: 0.84

   --------------------------------------------------------------------------   
	On assembly [0;32mGCF_002570335.1[0m; Number 243 of 1312 total.
   --------------------------------------------------------------------------   

      Performing HMM search...
        Found 119 of the targeted 119 genes.
        Est. % comp: 100.00; Est. % redund: 0.00

   --------------------------------------------------------------------------   
	On assembly [0;32mGCF_002570345.1[0m; Number 244 of 1312 total.
   --------------------------------------------------------------------------   

      Performing HMM search...
        Found 119 of the targeted 119 genes.
        Est. % comp: 100.00; Est. % redund: 0.84

   --------------------------------------------------------------------------   
	On assembly [0;32mGCF_002570385.1[0m; Number 245 of 1312 total.
   --------------------------------------------------------------------------   

      Performing HMM search...
        Found 119 of the targeted 119 genes.
        Est. % comp: 100.00; Est. % redund: 0.84

   --------------------------------------------------------------------------   
	On assembly [0;32mGCF_002570405.1[0m; Number 246 of 1312 total.
   --------------------------------------------------------------------------   

      Performing HMM search...
        Found 119 of the targeted 119 genes.
        Est. % comp: 100.00; Est. % redund: 1.68

   --------------------------------------------------------------------------   
	On assembly [0;32mGCF_002570485.1[0m; Number 247 of 1312 total.
   --------------------------------------------------------------------------   

      Performing HMM search...
        Found 119 of the targeted 119 genes.
        Est. % comp: 100.00; Est. % redund: 0.84

   --------------------------------------------------------------------------   
	On assembly [0;32mGCF_002571105.1[0m; Number 248 of 1312 total.
   --------------------------------------------------------------------------   

      Performing HMM search...
        Found 118 of the targeted 119 genes.
        Est. % comp: 99.16; Est. % redund: 0.00

   --------------------------------------------------------------------------   
	On assembly [0;32mGCF_002571195.1[0m; Number 249 of 1312 total.
   --------------------------------------------------------------------------   

      Performing HMM search...
        Found 119 of the targeted 119 genes.
        Est. % comp: 100.00; Est. % redund: 0.00

   --------------------------------------------------------------------------   
	On assembly [0;32mGCF_002571225.1[0m; Number 250 of 1312 total.
   --------------------------------------------------------------------------   

      Performing HMM search...
        Found 119 of the targeted 119 genes.
        Est. % comp: 100.00; Est. % redund: 0.00

   --------------------------------------------------------------------------   
	On assembly [0;32mGCF_002571435.1[0m; Number 251 of 1312 total.
   --------------------------------------------------------------------------   

      Performing HMM search...
        Found 119 of the targeted 119 genes.
        Est. % comp: 100.00; Est. % redund: 0.84

   --------------------------------------------------------------------------   
	On assembly [0;32mGCF_002571675.1[0m; Number 252 of 1312 total.
   --------------------------------------------------------------------------   

      Performing HMM search...
        Found 119 of the targeted 119 genes.
        Est. % comp: 100.00; Est. % redund: 0.84

   --------------------------------------------------------------------------   
	On assembly [0;32mGCF_002571825.1[0m; Number 253 of 1312 total.
   --------------------------------------------------------------------------   

      Performing HMM search...
        Found 119 of the targeted 119 genes.
        Est. % comp: 100.00; Est. % redund: 1.68

   --------------------------------------------------------------------------   
	On assembly [0;32mGCF_002571845.1[0m; Number 254 of 1312 total.
   --------------------------------------------------------------------------   

      Performing HMM search...
        Found 119 of the targeted 119 genes.
        Est. % comp: 100.00; Est. % redund: 1.68

   --------------------------------------------------------------------------   
	On assembly [0;32mGCF_002572005.1[0m; Number 255 of 1312 total.
   --------------------------------------------------------------------------   

      Performing HMM search...
        Found 119 of the targeted 119 genes.
        Est. % comp: 100.00; Est. % redund: 0.84

   --------------------------------------------------------------------------   
	On assembly [0;32mGCF_002572035.1[0m; Number 256 of 1312 total.
   --------------------------------------------------------------------------   

      Performing HMM search...
        Found 119 of the targeted 119 genes.
        Est. % comp: 100.00; Est. % redund: 1.68

   --------------------------------------------------------------------------   
	On assembly [0;32mGCF_002572045.1[0m; Number 257 of 1312 total.
   --------------------------------------------------------------------------   

      Performing HMM search...
        Found 119 of the targeted 119 genes.
        Est. % comp: 100.00; Est. % redund: 2.52

   --------------------------------------------------------------------------   
	On assembly [0;32mGCF_002572225.1[0m; Number 258 of 1312 total.
   --------------------------------------------------------------------------   

      Performing HMM search...
        Found 119 of the targeted 119 genes.
        Est. % comp: 100.00; Est. % redund: 0.84

   --------------------------------------------------------------------------   
	On assembly [0;32mGCF_002572235.1[0m; Number 259 of 1312 total.
   --------------------------------------------------------------------------   

      Performing HMM search...
        Found 119 of the targeted 119 genes.
        Est. % comp: 100.00; Est. % redund: 0.84

   --------------------------------------------------------------------------   
	On assembly [0;32mGCF_002572245.1[0m; Number 260 of 1312 total.
   --------------------------------------------------------------------------   

      Performing HMM search...
        Found 119 of the targeted 119 genes.
        Est. % comp: 100.00; Est. % redund: 1.68

   --------------------------------------------------------------------------   
	On assembly [0;32mGCF_002572415.1[0m; Number 261 of 1312 total.
   --------------------------------------------------------------------------   

      Performing HMM search...
        Found 119 of the targeted 119 genes.
        Est. % comp: 100.00; Est. % redund: 0.84

   --------------------------------------------------------------------------   
	On assembly [0;32mGCF_002572455.1[0m; Number 262 of 1312 total.
   --------------------------------------------------------------------------   

      Performing HMM search...
        Found 119 of the targeted 119 genes.
        Est. % comp: 100.00; Est. % redund: 0.84

   --------------------------------------------------------------------------   
	On assembly [0;32mGCF_002574125.1[0m; Number 263 of 1312 total.
   --------------------------------------------------------------------------   

      Performing HMM search...
        Found 119 of the targeted 119 genes.
        Est. % comp: 100.00; Est. % redund: 0.00

   --------------------------------------------------------------------------   
	On assembly [0;32mGCF_002574325.1[0m; Number 264 of 1312 total.
   --------------------------------------------------------------------------   

      Performing HMM search...
        Found 119 of the targeted 119 genes.
        Est. % comp: 100.00; Est. % redund: 0.00

   --------------------------------------------------------------------------   
	On assembly [0;32mGCF_002574495.1[0m; Number 265 of 1312 total.
   --------------------------------------------------------------------------   

      Performing HMM search...
        Found 119 of the targeted 119 genes.
        Est. % comp: 100.00; Est. % redund: 0.84

   --------------------------------------------------------------------------   
	On assembly [0;32mGCF_002574545.1[0m; Number 266 of 1312 total.
   --------------------------------------------------------------------------   

      Performing HMM search...
        Found 119 of the targeted 119 genes.
        Est. % comp: 100.00; Est. % redund: 0.84

   --------------------------------------------------------------------------   
	On assembly [0;32mGCF_002574575.1[0m; Number 267 of 1312 total.
   --------------------------------------------------------------------------   

      Performing HMM search...
        Found 119 of the targeted 119 genes.
        Est. % comp: 100.00; Est. % redund: 1.68

   --------------------------------------------------------------------------   
	On assembly [0;32mGCF_002574595.1[0m; Number 268 of 1312 total.
   --------------------------------------------------------------------------   

      Performing HMM search...
        Found 119 of the targeted 119 genes.
        Est. % comp: 100.00; Est. % redund: 0.84

   --------------------------------------------------------------------------   
	On assembly [0;32mGCF_002574675.1[0m; Number 269 of 1312 total.
   --------------------------------------------------------------------------   

      Performing HMM search...
        Found 119 of the targeted 119 genes.
        Est. % comp: 100.00; Est. % redund: 0.84

   --------------------------------------------------------------------------   
	On assembly [0;32mGCF_002575215.1[0m; Number 270 of 1312 total.
   --------------------------------------------------------------------------   

      Performing HMM search...
        Found 119 of the targeted 119 genes.
        Est. % comp: 100.00; Est. % redund: 1.68

   --------------------------------------------------------------------------   
	On assembly [0;32mGCF_002575305.1[0m; Number 271 of 1312 total.
   --------------------------------------------------------------------------   

      Performing HMM search...
        Found 119 of the targeted 119 genes.
        Est. % comp: 100.00; Est. % redund: 0.84

   --------------------------------------------------------------------------   
	On assembly [0;32mGCF_002575365.1[0m; Number 272 of 1312 total.
   --------------------------------------------------------------------------   

      Performing HMM search...
        Found 119 of the targeted 119 genes.
        Est. % comp: 100.00; Est. % redund: 0.84

   --------------------------------------------------------------------------   
	On assembly [0;32mGCF_002575445.1[0m; Number 273 of 1312 total.
   --------------------------------------------------------------------------   

      Performing HMM search...
        Found 119 of the targeted 119 genes.
        Est. % comp: 100.00; Est. % redund: 0.00

   --------------------------------------------------------------------------   
	On assembly [0;32mGCF_002575515.1[0m; Number 274 of 1312 total.
   --------------------------------------------------------------------------   

      Performing HMM search...
        Found 119 of the targeted 119 genes.
        Est. % comp: 100.00; Est. % redund: 0.00

   --------------------------------------------------------------------------   
	On assembly [0;32mGCF_002575645.1[0m; Number 275 of 1312 total.
   --------------------------------------------------------------------------   

      Performing HMM search...
        Found 119 of the targeted 119 genes.
        Est. % comp: 100.00; Est. % redund: 1.68

   --------------------------------------------------------------------------   
	On assembly [0;32mGCF_002575895.1[0m; Number 276 of 1312 total.
   --------------------------------------------------------------------------   

      Performing HMM search...
        Found 119 of the targeted 119 genes.
        Est. % comp: 100.00; Est. % redund: 0.00

   --------------------------------------------------------------------------   
	On assembly [0;32mGCF_002575925.1[0m; Number 277 of 1312 total.
   --------------------------------------------------------------------------   

      Performing HMM search...
        Found 118 of the targeted 119 genes.
        Est. % comp: 99.16; Est. % redund: 0.00

   --------------------------------------------------------------------------   
	On assembly [0;32mGCF_002576395.1[0m; Number 278 of 1312 total.
   --------------------------------------------------------------------------   

      Performing HMM search...
        Found 119 of the targeted 119 genes.
        Est. % comp: 100.00; Est. % redund: 0.00

   --------------------------------------------------------------------------   
	On assembly [0;32mGCF_002576405.1[0m; Number 279 of 1312 total.
   --------------------------------------------------------------------------   

      Performing HMM search...
        Found 119 of the targeted 119 genes.
        Est. % comp: 100.00; Est. % redund: 1.68

   --------------------------------------------------------------------------   
	On assembly [0;32mGCF_002576565.1[0m; Number 280 of 1312 total.
   --------------------------------------------------------------------------   

      Performing HMM search...
        Found 119 of the targeted 119 genes.
        Est. % comp: 100.00; Est. % redund: 0.84

   --------------------------------------------------------------------------   
	On assembly [0;32mGCF_002576585.1[0m; Number 281 of 1312 total.
   --------------------------------------------------------------------------   

      Performing HMM search...
        Found 118 of the targeted 119 genes.
        Est. % comp: 99.16; Est. % redund: 0.00

   --------------------------------------------------------------------------   
	On assembly [0;32mGCF_002576665.1[0m; Number 282 of 1312 total.
   --------------------------------------------------------------------------   

      Performing HMM search...
        Found 119 of the targeted 119 genes.
        Est. % comp: 100.00; Est. % redund: 0.00

   --------------------------------------------------------------------------   
	On assembly [0;32mGCF_002576725.1[0m; Number 283 of 1312 total.
   --------------------------------------------------------------------------   

      Performing HMM search...
        Found 119 of the targeted 119 genes.
        Est. % comp: 100.00; Est. % redund: 6.72

   --------------------------------------------------------------------------   
	On assembly [0;32mGCF_002576755.1[0m; Number 284 of 1312 total.
   --------------------------------------------------------------------------   

      Performing HMM search...
        Found 119 of the targeted 119 genes.
        Est. % comp: 100.00; Est. % redund: 0.00

   --------------------------------------------------------------------------   
	On assembly [0;32mGCF_002577025.1[0m; Number 285 of 1312 total.
   --------------------------------------------------------------------------   

      Performing HMM search...
        Found 119 of the targeted 119 genes.
        Est. % comp: 100.00; Est. % redund: 0.00

   --------------------------------------------------------------------------   
	On assembly [0;32mGCF_002577195.1[0m; Number 286 of 1312 total.
   --------------------------------------------------------------------------   

      Performing HMM search...
        Found 119 of the targeted 119 genes.
        Est. % comp: 100.00; Est. % redund: 0.00

   --------------------------------------------------------------------------   
	On assembly [0;32mGCF_002577285.1[0m; Number 287 of 1312 total.
   --------------------------------------------------------------------------   

      Performing HMM search...
        Found 119 of the targeted 119 genes.
        Est. % comp: 100.00; Est. % redund: 0.00

   --------------------------------------------------------------------------   
	On assembly [0;32mGCF_002577365.1[0m; Number 288 of 1312 total.
   --------------------------------------------------------------------------   

      Performing HMM search...
        Found 119 of the targeted 119 genes.
        Est. % comp: 100.00; Est. % redund: 0.84

   --------------------------------------------------------------------------   
	On assembly [0;32mGCF_002577445.1[0m; Number 289 of 1312 total.
   --------------------------------------------------------------------------   

      Performing HMM search...
        Found 119 of the targeted 119 genes.
        Est. % comp: 100.00; Est. % redund: 1.68

   --------------------------------------------------------------------------   
	On assembly [0;32mGCF_002577525.1[0m; Number 290 of 1312 total.
   --------------------------------------------------------------------------   

      Performing HMM search...
        Found 119 of the targeted 119 genes.
        Est. % comp: 100.00; Est. % redund: 1.68

   --------------------------------------------------------------------------   
	On assembly [0;32mGCF_002577605.1[0m; Number 291 of 1312 total.
   --------------------------------------------------------------------------   

      Performing HMM search...
        Found 119 of the targeted 119 genes.
        Est. % comp: 100.00; Est. % redund: 0.84

   --------------------------------------------------------------------------   
	On assembly [0;32mGCF_002577625.1[0m; Number 292 of 1312 total.
   --------------------------------------------------------------------------   

      Performing HMM search...
        Found 119 of the targeted 119 genes.
        Est. % comp: 100.00; Est. % redund: 0.00

   --------------------------------------------------------------------------   
	On assembly [0;32mGCF_002577655.1[0m; Number 293 of 1312 total.
   --------------------------------------------------------------------------   

      Performing HMM search...
        Found 119 of the targeted 119 genes.
        Est. % comp: 100.00; Est. % redund: 5.88

   --------------------------------------------------------------------------   
	On assembly [0;32mGCF_002577745.1[0m; Number 294 of 1312 total.
   --------------------------------------------------------------------------   

      Performing HMM search...
        Found 119 of the targeted 119 genes.
        Est. % comp: 100.00; Est. % redund: 0.84

   --------------------------------------------------------------------------   
	On assembly [0;32mGCF_002577805.1[0m; Number 295 of 1312 total.
   --------------------------------------------------------------------------   

      Performing HMM search...
        Found 119 of the targeted 119 genes.
        Est. % comp: 100.00; Est. % redund: 0.00

   --------------------------------------------------------------------------   
	On assembly [0;32mGCF_002577835.1[0m; Number 296 of 1312 total.
   --------------------------------------------------------------------------   

      Performing HMM search...
        Found 119 of the targeted 119 genes.
        Est. % comp: 100.00; Est. % redund: 0.00

   --------------------------------------------------------------------------   
	On assembly [0;32mGCF_002578625.1[0m; Number 297 of 1312 total.
   --------------------------------------------------------------------------   

      Performing HMM search...
        Found 119 of the targeted 119 genes.
        Est. % comp: 100.00; Est. % redund: 0.00

   --------------------------------------------------------------------------   
	On assembly [0;32mGCF_002579445.1[0m; Number 298 of 1312 total.
   --------------------------------------------------------------------------   

      Performing HMM search...
        Found 119 of the targeted 119 genes.
        Est. % comp: 100.00; Est. % redund: 1.68

   --------------------------------------------------------------------------   
	On assembly [0;32mGCF_002579775.1[0m; Number 299 of 1312 total.
   --------------------------------------------------------------------------   

      Performing HMM search...
        Found 119 of the targeted 119 genes.
        Est. % comp: 100.00; Est. % redund: 1.68

   --------------------------------------------------------------------------   
	On assembly [0;32mGCF_002579865.1[0m; Number 300 of 1312 total.
   --------------------------------------------------------------------------   

      Performing HMM search...
        Found 119 of the targeted 119 genes.
        Est. % comp: 100.00; Est. % redund: 0.84

   --------------------------------------------------------------------------   
	On assembly [0;32mGCF_002579895.1[0m; Number 301 of 1312 total.
   --------------------------------------------------------------------------   

      Performing HMM search...
        Found 119 of the targeted 119 genes.
        Est. % comp: 100.00; Est. % redund: 2.52

   --------------------------------------------------------------------------   
	On assembly [0;32mGCF_002579945.1[0m; Number 302 of 1312 total.
   --------------------------------------------------------------------------   

      Performing HMM search...
        Found 119 of the targeted 119 genes.
        Est. % comp: 100.00; Est. % redund: 0.00

   --------------------------------------------------------------------------   
	On assembly [0;32mGCF_002580235.1[0m; Number 303 of 1312 total.
   --------------------------------------------------------------------------   

      Performing HMM search...
        Found 119 of the targeted 119 genes.
        Est. % comp: 100.00; Est. % redund: 0.00

   --------------------------------------------------------------------------   
	On assembly [0;32mGCF_002580335.1[0m; Number 304 of 1312 total.
   --------------------------------------------------------------------------   

      Performing HMM search...
        Found 119 of the targeted 119 genes.
        Est. % comp: 100.00; Est. % redund: 0.84

   --------------------------------------------------------------------------   
	On assembly [0;32mGCF_002580565.1[0m; Number 305 of 1312 total.
   --------------------------------------------------------------------------   

      Performing HMM search...
        Found 119 of the targeted 119 genes.
        Est. % comp: 100.00; Est. % redund: 0.84

   --------------------------------------------------------------------------   
	On assembly [0;32mGCF_002580575.1[0m; Number 306 of 1312 total.
   --------------------------------------------------------------------------   

      Performing HMM search...
        Found 119 of the targeted 119 genes.
        Est. % comp: 100.00; Est. % redund: 1.68

   --------------------------------------------------------------------------   
	On assembly [0;32mGCF_002580595.1[0m; Number 307 of 1312 total.
   --------------------------------------------------------------------------   

      Performing HMM search...
        Found 119 of the targeted 119 genes.
        Est. % comp: 100.00; Est. % redund: 0.84

   --------------------------------------------------------------------------   
	On assembly [0;32mGCF_002580895.1[0m; Number 308 of 1312 total.
   --------------------------------------------------------------------------   

      Performing HMM search...
        Found 119 of the targeted 119 genes.
        Est. % comp: 100.00; Est. % redund: 0.84

   --------------------------------------------------------------------------   
	On assembly [0;32mGCF_002580975.1[0m; Number 309 of 1312 total.
   --------------------------------------------------------------------------   

      Performing HMM search...
        Found 119 of the targeted 119 genes.
        Est. % comp: 100.00; Est. % redund: 0.84

   --------------------------------------------------------------------------   
	On assembly [0;32mGCF_002581055.1[0m; Number 310 of 1312 total.
   --------------------------------------------------------------------------   

      Performing HMM search...
        Found 119 of the targeted 119 genes.
        Est. % comp: 100.00; Est. % redund: 0.00

   --------------------------------------------------------------------------   
	On assembly [0;32mGCF_002581125.1[0m; Number 311 of 1312 total.
   --------------------------------------------------------------------------   

      Performing HMM search...
        Found 119 of the targeted 119 genes.
        Est. % comp: 100.00; Est. % redund: 1.68

   --------------------------------------------------------------------------   
	On assembly [0;32mGCF_002581205.1[0m; Number 312 of 1312 total.
   --------------------------------------------------------------------------   

      Performing HMM search...
        Found 119 of the targeted 119 genes.
        Est. % comp: 100.00; Est. % redund: 1.68

   --------------------------------------------------------------------------   
	On assembly [0;32mGCF_002581285.1[0m; Number 313 of 1312 total.
   --------------------------------------------------------------------------   

      Performing HMM search...
        Found 119 of the targeted 119 genes.
        Est. % comp: 100.00; Est. % redund: 1.68

   --------------------------------------------------------------------------   
	On assembly [0;32mGCF_002581675.1[0m; Number 314 of 1312 total.
   --------------------------------------------------------------------------   

      Performing HMM search...
        Found 119 of the targeted 119 genes.
        Est. % comp: 100.00; Est. % redund: 2.52

   --------------------------------------------------------------------------   
	On assembly [0;32mGCF_002581955.1[0m; Number 315 of 1312 total.
   --------------------------------------------------------------------------   

      Performing HMM search...
        Found 119 of the targeted 119 genes.
        Est. % comp: 100.00; Est. % redund: 0.84

   --------------------------------------------------------------------------   
	On assembly [0;32mGCF_002582025.1[0m; Number 316 of 1312 total.
   --------------------------------------------------------------------------   

      Performing HMM search...
        Found 119 of the targeted 119 genes.
        Est. % comp: 100.00; Est. % redund: 0.84

   --------------------------------------------------------------------------   
	On assembly [0;32mGCF_002582335.1[0m; Number 317 of 1312 total.
   --------------------------------------------------------------------------   

      Performing HMM search...
        Found 119 of the targeted 119 genes.
        Est. % comp: 100.00; Est. % redund: 1.68

   --------------------------------------------------------------------------   
	On assembly [0;32mGCF_002582485.1[0m; Number 318 of 1312 total.
   --------------------------------------------------------------------------   

      Performing HMM search...
        Found 119 of the targeted 119 genes.
        Est. % comp: 100.00; Est. % redund: 1.68

   --------------------------------------------------------------------------   
	On assembly [0;32mGCF_002582715.1[0m; Number 319 of 1312 total.
   --------------------------------------------------------------------------   

      Performing HMM search...
        Found 119 of the targeted 119 genes.
        Est. % comp: 100.00; Est. % redund: 1.68

   --------------------------------------------------------------------------   
	On assembly [0;32mGCF_002583065.1[0m; Number 320 of 1312 total.
   --------------------------------------------------------------------------   

      Performing HMM search...
        Found 119 of the targeted 119 genes.
        Est. % comp: 100.00; Est. % redund: 0.00

   --------------------------------------------------------------------------   
	On assembly [0;32mGCF_002583235.1[0m; Number 321 of 1312 total.
   --------------------------------------------------------------------------   

      Performing HMM search...
        Found 119 of the targeted 119 genes.
        Est. % comp: 100.00; Est. % redund: 0.00

   --------------------------------------------------------------------------   
	On assembly [0;32mGCF_002583505.1[0m; Number 322 of 1312 total.
   --------------------------------------------------------------------------   

      Performing HMM search...
        Found 119 of the targeted 119 genes.
        Est. % comp: 100.00; Est. % redund: 1.68

   --------------------------------------------------------------------------   
	On assembly [0;32mGCF_002583515.1[0m; Number 323 of 1312 total.
   --------------------------------------------------------------------------   

      Performing HMM search...
        Found 119 of the targeted 119 genes.
        Est. % comp: 100.00; Est. % redund: 0.00

   --------------------------------------------------------------------------   
	On assembly [0;32mGCF_002583535.1[0m; Number 324 of 1312 total.
   --------------------------------------------------------------------------   

      Performing HMM search...
        Found 119 of the targeted 119 genes.
        Est. % comp: 100.00; Est. % redund: 0.00

   --------------------------------------------------------------------------   
	On assembly [0;32mGCF_002583735.1[0m; Number 325 of 1312 total.
   --------------------------------------------------------------------------   

      Performing HMM search...
        Found 119 of the targeted 119 genes.
        Est. % comp: 100.00; Est. % redund: 0.84

   --------------------------------------------------------------------------   
	On assembly [0;32mGCF_002583885.1[0m; Number 326 of 1312 total.
   --------------------------------------------------------------------------   

      Performing HMM search...
        Found 119 of the targeted 119 genes.
        Est. % comp: 100.00; Est. % redund: 0.00

   --------------------------------------------------------------------------   
	On assembly [0;32mGCF_002584075.1[0m; Number 327 of 1312 total.
   --------------------------------------------------------------------------   

      Performing HMM search...
        Found 119 of the targeted 119 genes.
        Est. % comp: 100.00; Est. % redund: 0.84

   --------------------------------------------------------------------------   
	On assembly [0;32mGCF_002584345.1[0m; Number 328 of 1312 total.
   --------------------------------------------------------------------------   

      Performing HMM search...
        Found 119 of the targeted 119 genes.
        Est. % comp: 100.00; Est. % redund: 0.00

   --------------------------------------------------------------------------   
	On assembly [0;32mGCF_002584635.1[0m; Number 329 of 1312 total.
   --------------------------------------------------------------------------   

      Performing HMM search...
        Found 119 of the targeted 119 genes.
        Est. % comp: 100.00; Est. % redund: 6.72

   --------------------------------------------------------------------------   
	On assembly [0;32mGCF_002585315.1[0m; Number 330 of 1312 total.
   --------------------------------------------------------------------------   

      Performing HMM search...
        Found 119 of the targeted 119 genes.
        Est. % comp: 100.00; Est. % redund: 1.68

   --------------------------------------------------------------------------   
	On assembly [0;32mGCF_002585395.1[0m; Number 331 of 1312 total.
   --------------------------------------------------------------------------   

      Performing HMM search...
        Found 119 of the targeted 119 genes.
        Est. % comp: 100.00; Est. % redund: 1.68

   --------------------------------------------------------------------------   
	On assembly [0;32mGCF_002585635.1[0m; Number 332 of 1312 total.
   --------------------------------------------------------------------------   

      Performing HMM search...
        Found 119 of the targeted 119 genes.
        Est. % comp: 100.00; Est. % redund: 1.68

   --------------------------------------------------------------------------   
	On assembly [0;32mGCF_002586285.1[0m; Number 333 of 1312 total.
   --------------------------------------------------------------------------   

      Performing HMM search...
        Found 119 of the targeted 119 genes.
        Est. % comp: 100.00; Est. % redund: 0.00

   --------------------------------------------------------------------------   
	On assembly [0;32mGCF_002588695.1[0m; Number 334 of 1312 total.
   --------------------------------------------------------------------------   

      Performing HMM search...
        Found 119 of the targeted 119 genes.
        Est. % comp: 100.00; Est. % redund: 2.52

   --------------------------------------------------------------------------   
	On assembly [0;32mGCF_002588885.1[0m; Number 335 of 1312 total.
   --------------------------------------------------------------------------   

      Performing HMM search...
        Found 119 of the targeted 119 genes.
        Est. % comp: 100.00; Est. % redund: 1.68

   --------------------------------------------------------------------------   
	On assembly [0;32mGCF_002589195.1[0m; Number 336 of 1312 total.
   --------------------------------------------------------------------------   

      Performing HMM search...
        Found 119 of the targeted 119 genes.
        Est. % comp: 100.00; Est. % redund: 1.68

   --------------------------------------------------------------------------   
	On assembly [0;32mGCF_002589295.1[0m; Number 337 of 1312 total.
   --------------------------------------------------------------------------   

      Performing HMM search...
        Found 119 of the targeted 119 genes.
        Est. % comp: 100.00; Est. % redund: 0.84

   --------------------------------------------------------------------------   
	On assembly [0;32mGCF_002589305.1[0m; Number 338 of 1312 total.
   --------------------------------------------------------------------------   

      Performing HMM search...
        Found 119 of the targeted 119 genes.
        Est. % comp: 100.00; Est. % redund: 0.84

   --------------------------------------------------------------------------   
	On assembly [0;32mGCF_002589505.1[0m; Number 339 of 1312 total.
   --------------------------------------------------------------------------   

      Performing HMM search...
        Found 118 of the targeted 119 genes.
        Est. % comp: 99.16; Est. % redund: 0.84

   --------------------------------------------------------------------------   
	On assembly [0;32mGCF_002589695.1[0m; Number 340 of 1312 total.
   --------------------------------------------------------------------------   

      Performing HMM search...
        Found 119 of the targeted 119 genes.
        Est. % comp: 100.00; Est. % redund: 0.00

   --------------------------------------------------------------------------   
	On assembly [0;32mGCF_002741745.1[0m; Number 341 of 1312 total.
   --------------------------------------------------------------------------   

      Performing HMM search...
        Found 118 of the targeted 119 genes.
        Est. % comp: 99.16; Est. % redund: 0.00

   --------------------------------------------------------------------------   
	On assembly [0;32mGCF_002835205.1[0m; Number 342 of 1312 total.
   --------------------------------------------------------------------------   

      Performing HMM search...
        Found 118 of the targeted 119 genes.
        Est. % comp: 99.16; Est. % redund: 0.84

   --------------------------------------------------------------------------   
	On assembly [0;32mGCF_002849425.1[0m; Number 343 of 1312 total.
   --------------------------------------------------------------------------   

      Performing HMM search...
        Found 119 of the targeted 119 genes.
        Est. % comp: 100.00; Est. % redund: 0.84

   --------------------------------------------------------------------------   
	On assembly [0;32mGCF_002914545.1[0m; Number 344 of 1312 total.
   --------------------------------------------------------------------------   

      Performing HMM search...
        Found 119 of the targeted 119 genes.
        Est. % comp: 100.00; Est. % redund: 0.00

   --------------------------------------------------------------------------   
	On assembly [0;32mGCF_002993735.1[0m; Number 345 of 1312 total.
   --------------------------------------------------------------------------   

      Performing HMM search...
        Found 119 of the targeted 119 genes.
        Est. % comp: 100.00; Est. % redund: 1.68

   --------------------------------------------------------------------------   
	On assembly [0;32mGCF_002993745.1[0m; Number 346 of 1312 total.
   --------------------------------------------------------------------------   

      Performing HMM search...
        Found 119 of the targeted 119 genes.
        Est. % comp: 100.00; Est. % redund: 0.00

   --------------------------------------------------------------------------   
	On assembly [0;32mGCF_002993765.1[0m; Number 347 of 1312 total.
   --------------------------------------------------------------------------   

      Performing HMM search...
        Found 119 of the targeted 119 genes.
        Est. % comp: 100.00; Est. % redund: 3.36

   --------------------------------------------------------------------------   
	On assembly [0;32mGCF_002998055.1[0m; Number 348 of 1312 total.
   --------------------------------------------------------------------------   

      Performing HMM search...
        Found 119 of the targeted 119 genes.
        Est. % comp: 100.00; Est. % redund: 0.84

   --------------------------------------------------------------------------   
	On assembly [0;32mGCF_002998135.1[0m; Number 349 of 1312 total.
   --------------------------------------------------------------------------   

      Performing HMM search...
        Found 119 of the targeted 119 genes.
        Est. % comp: 100.00; Est. % redund: 0.84

   --------------------------------------------------------------------------   
	On assembly [0;32mGCF_002998315.1[0m; Number 350 of 1312 total.
   --------------------------------------------------------------------------   

      Performing HMM search...
        Found 119 of the targeted 119 genes.
        Est. % comp: 100.00; Est. % redund: 0.84

   --------------------------------------------------------------------------   
	On assembly [0;32mGCF_002998365.1[0m; Number 351 of 1312 total.
   --------------------------------------------------------------------------   

      Performing HMM search...
        Found 119 of the targeted 119 genes.
        Est. % comp: 100.00; Est. % redund: 0.84

   --------------------------------------------------------------------------   
	On assembly [0;32mGCF_002998455.1[0m; Number 352 of 1312 total.
   --------------------------------------------------------------------------   

      Performing HMM search...
        Found 119 of the targeted 119 genes.
        Est. % comp: 100.00; Est. % redund: 0.84

   --------------------------------------------------------------------------   
	On assembly [0;32mGCF_002998465.1[0m; Number 353 of 1312 total.
   --------------------------------------------------------------------------   

      Performing HMM search...
        Found 119 of the targeted 119 genes.
        Est. % comp: 100.00; Est. % redund: 0.00

   --------------------------------------------------------------------------   
	On assembly [0;32mGCF_002998615.1[0m; Number 354 of 1312 total.
   --------------------------------------------------------------------------   

      Performing HMM search...
        Found 119 of the targeted 119 genes.
        Est. % comp: 100.00; Est. % redund: 0.00

   --------------------------------------------------------------------------   
	On assembly [0;32mGCF_002998675.1[0m; Number 355 of 1312 total.
   --------------------------------------------------------------------------   

      Performing HMM search...
        Found 119 of the targeted 119 genes.
        Est. % comp: 100.00; Est. % redund: 0.84

   --------------------------------------------------------------------------   
	On assembly [0;32mGCF_002998735.1[0m; Number 356 of 1312 total.
   --------------------------------------------------------------------------   

      Performing HMM search...
        Found 119 of the targeted 119 genes.
        Est. % comp: 100.00; Est. % redund: 0.84

   --------------------------------------------------------------------------   
	On assembly [0;32mGCF_002998855.1[0m; Number 357 of 1312 total.
   --------------------------------------------------------------------------   

      Performing HMM search...
        Found 119 of the targeted 119 genes.
        Est. % comp: 100.00; Est. % redund: 0.84

   --------------------------------------------------------------------------   
	On assembly [0;32mGCF_002998985.1[0m; Number 358 of 1312 total.
   --------------------------------------------------------------------------   

      Performing HMM search...
        Found 119 of the targeted 119 genes.
        Est. % comp: 100.00; Est. % redund: 0.00

   --------------------------------------------------------------------------   
	On assembly [0;32mGCF_003004355.1[0m; Number 359 of 1312 total.
   --------------------------------------------------------------------------   

      Performing HMM search...
        Found 119 of the targeted 119 genes.
        Est. % comp: 100.00; Est. % redund: 0.84

   --------------------------------------------------------------------------   
	On assembly [0;32mGCF_003012025.1[0m; Number 360 of 1312 total.
   --------------------------------------------------------------------------   

      Performing HMM search...
        Found 118 of the targeted 119 genes.
        Est. % comp: 99.16; Est. % redund: 0.84

   --------------------------------------------------------------------------   
	On assembly [0;32mGCF_003034105.1[0m; Number 361 of 1312 total.
   --------------------------------------------------------------------------   

      Performing HMM search...
        Found 119 of the targeted 119 genes.
        Est. % comp: 100.00; Est. % redund: 0.00

   --------------------------------------------------------------------------   
	On assembly [0;32mGCF_003046665.1[0m; Number 362 of 1312 total.
   --------------------------------------------------------------------------   

      Performing HMM search...
        Found 118 of the targeted 119 genes.
        Est. % comp: 99.16; Est. % redund: 0.00

   --------------------------------------------------------------------------   
	On assembly [0;32mGCF_003064485.1[0m; Number 363 of 1312 total.
   --------------------------------------------------------------------------   

      Performing HMM search...
        Found 119 of the targeted 119 genes.
        Est. % comp: 100.00; Est. % redund: 0.00

   --------------------------------------------------------------------------   
	On assembly [0;32mGCF_003150715.1[0m; Number 364 of 1312 total.
   --------------------------------------------------------------------------   

      Performing HMM search...
        Found 119 of the targeted 119 genes.
        Est. % comp: 100.00; Est. % redund: 0.00

   --------------------------------------------------------------------------   
	On assembly [0;32mGCF_003150855.1[0m; Number 365 of 1312 total.
   --------------------------------------------------------------------------   

      Performing HMM search...
        Found 118 of the targeted 119 genes.
        Est. % comp: 99.16; Est. % redund: 0.84

   --------------------------------------------------------------------------   
	On assembly [0;32mGCF_003160715.1[0m; Number 366 of 1312 total.
   --------------------------------------------------------------------------   

      Performing HMM search...
        Found 119 of the targeted 119 genes.
        Est. % comp: 100.00; Est. % redund: 0.00

   --------------------------------------------------------------------------   
	On assembly [0;32mGCF_003171815.2[0m; Number 367 of 1312 total.
   --------------------------------------------------------------------------   

      Performing HMM search...
        Found 119 of the targeted 119 genes.
        Est. % comp: 100.00; Est. % redund: 1.68

   --------------------------------------------------------------------------   
	On assembly [0;32mGCF_003285085.1[0m; Number 368 of 1312 total.
   --------------------------------------------------------------------------   

      Performing HMM search...
        Found 118 of the targeted 119 genes.
        Est. % comp: 99.16; Est. % redund: 0.84

   --------------------------------------------------------------------------   
	On assembly [0;32mGCF_003355115.1[0m; Number 369 of 1312 total.
   --------------------------------------------------------------------------   

      Performing HMM search...
        Found 119 of the targeted 119 genes.
        Est. % comp: 100.00; Est. % redund: 0.84

   --------------------------------------------------------------------------   
	On assembly [0;32mGCF_003429225.1[0m; Number 370 of 1312 total.
   --------------------------------------------------------------------------   

      Performing HMM search...
        Found 119 of the targeted 119 genes.
        Est. % comp: 100.00; Est. % redund: 0.84

   --------------------------------------------------------------------------   
	On assembly [0;32mGCF_003429245.1[0m; Number 371 of 1312 total.
   --------------------------------------------------------------------------   

      Performing HMM search...
        Found 119 of the targeted 119 genes.
        Est. % comp: 100.00; Est. % redund: 0.84

   --------------------------------------------------------------------------   
	On assembly [0;32mGCF_003431885.1[0m; Number 372 of 1312 total.
   --------------------------------------------------------------------------   

      Performing HMM search...
        Found 118 of the targeted 119 genes.
        Est. % comp: 99.16; Est. % redund: 0.84

   --------------------------------------------------------------------------   
	On assembly [0;32mGCF_003660145.1[0m; Number 373 of 1312 total.
   --------------------------------------------------------------------------   

      Performing HMM search...
        Found 119 of the targeted 119 genes.
        Est. % comp: 100.00; Est. % redund: 0.84

   --------------------------------------------------------------------------   
	On assembly [0;32mGCF_003854915.1[0m; Number 374 of 1312 total.
   --------------------------------------------------------------------------   

      Performing HMM search...
        Found 118 of the targeted 119 genes.
        Est. % comp: 99.16; Est. % redund: 0.84

   --------------------------------------------------------------------------   
	On assembly [0;32mGCF_003860445.1[0m; Number 375 of 1312 total.
   --------------------------------------------------------------------------   

      Performing HMM search...
        Found 118 of the targeted 119 genes.
        Est. % comp: 99.16; Est. % redund: 0.84

   --------------------------------------------------------------------------   
	On assembly [0;32mGCF_003868675.1[0m; Number 376 of 1312 total.
   --------------------------------------------------------------------------   

      Performing HMM search...
        Found 117 of the targeted 119 genes.
        Est. % comp: 98.32; Est. % redund: 0.84

   --------------------------------------------------------------------------   
	On assembly [0;32mGCF_003931545.1[0m; Number 377 of 1312 total.
   --------------------------------------------------------------------------   

      Performing HMM search...
        Found 119 of the targeted 119 genes.
        Est. % comp: 100.00; Est. % redund: 0.84

   --------------------------------------------------------------------------   
	On assembly [0;32mGCF_003946895.1[0m; Number 378 of 1312 total.
   --------------------------------------------------------------------------   

      Performing HMM search...
        Found 118 of the targeted 119 genes.
        Est. % comp: 99.16; Est. % redund: 0.84

   --------------------------------------------------------------------------   
	On assembly [0;32mGCF_003985025.1[0m; Number 379 of 1312 total.
   --------------------------------------------------------------------------   

      Performing HMM search...
        Found 119 of the targeted 119 genes.
        Est. % comp: 100.00; Est. % redund: 0.00

   --------------------------------------------------------------------------   
	On assembly [0;32mGCF_003986895.1[0m; Number 380 of 1312 total.
   --------------------------------------------------------------------------   

      Performing HMM search...
        Found 118 of the targeted 119 genes.
        Est. % comp: 99.16; Est. % redund: 1.68

   --------------------------------------------------------------------------   
	On assembly [0;32mGCF_004006435.1[0m; Number 381 of 1312 total.
   --------------------------------------------------------------------------   

      Performing HMM search...
        Found 119 of the targeted 119 genes.
        Est. % comp: 100.00; Est. % redund: 0.00

   --------------------------------------------------------------------------   
	On assembly [0;32mGCF_004009895.1[0m; Number 382 of 1312 total.
   --------------------------------------------------------------------------   

      Performing HMM search...
        Found 118 of the targeted 119 genes.
        Est. % comp: 99.16; Est. % redund: 0.84

   --------------------------------------------------------------------------   
	On assembly [0;32mGCF_004022305.1[0m; Number 383 of 1312 total.
   --------------------------------------------------------------------------   

      Performing HMM search...
        Found 119 of the targeted 119 genes.
        Est. % comp: 100.00; Est. % redund: 0.00

   --------------------------------------------------------------------------   
	On assembly [0;32mGCF_004103875.1[0m; Number 384 of 1312 total.
   --------------------------------------------------------------------------   

      Performing HMM search...
        Found 119 of the targeted 119 genes.
        Est. % comp: 100.00; Est. % redund: 0.00

   --------------------------------------------------------------------------   
	On assembly [0;32mGCF_004103895.1[0m; Number 385 of 1312 total.
   --------------------------------------------------------------------------   

      Performing HMM search...
        Found 119 of the targeted 119 genes.
        Est. % comp: 100.00; Est. % redund: 0.00

   --------------------------------------------------------------------------   
	On assembly [0;32mGCF_004124315.2[0m; Number 386 of 1312 total.
   --------------------------------------------------------------------------   

      Performing HMM search...
        Found 119 of the targeted 119 genes.
        Est. % comp: 100.00; Est. % redund: 0.84

   --------------------------------------------------------------------------   
	On assembly [0;32mGCF_004294525.1[0m; Number 387 of 1312 total.
   --------------------------------------------------------------------------   

      Performing HMM search...
        Found 118 of the targeted 119 genes.
        Est. % comp: 99.16; Est. % redund: 4.20

   --------------------------------------------------------------------------   
	On assembly [0;32mGCF_004294535.1[0m; Number 388 of 1312 total.
   --------------------------------------------------------------------------   

      Performing HMM search...
        Found 119 of the targeted 119 genes.
        Est. % comp: 100.00; Est. % redund: 0.00

   --------------------------------------------------------------------------   
	On assembly [0;32mGCF_004294565.1[0m; Number 389 of 1312 total.
   --------------------------------------------------------------------------   

      Performing HMM search...
        Found 119 of the targeted 119 genes.
        Est. % comp: 100.00; Est. % redund: 0.00

   --------------------------------------------------------------------------   
	On assembly [0;32mGCF_004367815.1[0m; Number 390 of 1312 total.
   --------------------------------------------------------------------------   

      Performing HMM search...
        Found 119 of the targeted 119 genes.
        Est. % comp: 100.00; Est. % redund: 0.00

   --------------------------------------------------------------------------   
	On assembly [0;32mGCF_004367825.2[0m; Number 391 of 1312 total.
   --------------------------------------------------------------------------   

      Performing HMM search...
        Found 119 of the targeted 119 genes.
        Est. % comp: 100.00; Est. % redund: 1.68

   --------------------------------------------------------------------------   
	On assembly [0;32mGCF_004563755.2[0m; Number 392 of 1312 total.
   --------------------------------------------------------------------------   

      Performing HMM search...
        Found 119 of the targeted 119 genes.
        Est. % comp: 100.00; Est. % redund: 0.00

   --------------------------------------------------------------------------   
	On assembly [0;32mGCF_004804245.1[0m; Number 393 of 1312 total.
   --------------------------------------------------------------------------   

      Performing HMM search...
        Found 118 of the targeted 119 genes.
        Est. % comp: 99.16; Est. % redund: 0.84

   --------------------------------------------------------------------------   
	On assembly [0;32mGCF_005848985.1[0m; Number 394 of 1312 total.
   --------------------------------------------------------------------------   

      Performing HMM search...
        Found 119 of the targeted 119 genes.
        Est. % comp: 100.00; Est. % redund: 0.00

   --------------------------------------------------------------------------   
	On assembly [0;32mGCF_005849145.1[0m; Number 395 of 1312 total.
   --------------------------------------------------------------------------   

      Performing HMM search...
        Found 119 of the targeted 119 genes.
        Est. % comp: 100.00; Est. % redund: 0.00

   --------------------------------------------------------------------------   
	On assembly [0;32mGCF_005849435.1[0m; Number 396 of 1312 total.
   --------------------------------------------------------------------------   

      Performing HMM search...
        Found 119 of the targeted 119 genes.
        Est. % comp: 100.00; Est. % redund: 0.84

   --------------------------------------------------------------------------   
	On assembly [0;32mGCF_006151815.1[0m; Number 397 of 1312 total.
   --------------------------------------------------------------------------   

      Performing HMM search...
        Found 119 of the targeted 119 genes.
        Est. % comp: 100.00; Est. % redund: 0.00

   --------------------------------------------------------------------------   
	On assembly [0;32mGCF_006349585.1[0m; Number 398 of 1312 total.
   --------------------------------------------------------------------------   

      Performing HMM search...
        Found 119 of the targeted 119 genes.
        Est. % comp: 100.00; Est. % redund: 0.00

   --------------------------------------------------------------------------   
	On assembly [0;32mGCF_006349645.1[0m; Number 399 of 1312 total.
   --------------------------------------------------------------------------   

      Performing HMM search...
        Found 119 of the targeted 119 genes.
        Est. % comp: 100.00; Est. % redund: 0.84

   --------------------------------------------------------------------------   
	On assembly [0;32mGCF_006349665.1[0m; Number 400 of 1312 total.
   --------------------------------------------------------------------------   

      Performing HMM search...
        Found 119 of the targeted 119 genes.
        Est. % comp: 100.00; Est. % redund: 0.84

   --------------------------------------------------------------------------   
	On assembly [0;32mGCF_006349675.1[0m; Number 401 of 1312 total.
   --------------------------------------------------------------------------   

      Performing HMM search...
        Found 119 of the targeted 119 genes.
        Est. % comp: 100.00; Est. % redund: 0.00

   --------------------------------------------------------------------------   
	On assembly [0;32mGCF_006349695.2[0m; Number 402 of 1312 total.
   --------------------------------------------------------------------------   

      Performing HMM search...
        Found 119 of the targeted 119 genes.
        Est. % comp: 100.00; Est. % redund: 0.00

   --------------------------------------------------------------------------   
	On assembly [0;32mGCF_006349715.2[0m; Number 403 of 1312 total.
   --------------------------------------------------------------------------   

      Performing HMM search...
        Found 119 of the targeted 119 genes.
        Est. % comp: 100.00; Est. % redund: 0.00

   --------------------------------------------------------------------------   
	On assembly [0;32mGCF_006349735.2[0m; Number 404 of 1312 total.
   --------------------------------------------------------------------------   

      Performing HMM search...
        Found 119 of the targeted 119 genes.
        Est. % comp: 100.00; Est. % redund: 0.00

   --------------------------------------------------------------------------   
	On assembly [0;32mGCF_006349775.1[0m; Number 405 of 1312 total.
   --------------------------------------------------------------------------   

      Performing HMM search...
        Found 119 of the targeted 119 genes.
        Est. % comp: 100.00; Est. % redund: 0.00

   --------------------------------------------------------------------------   
	On assembly [0;32mGCF_006351595.1[0m; Number 406 of 1312 total.
   --------------------------------------------------------------------------   

      Performing HMM search...
        Found 118 of the targeted 119 genes.
        Est. % comp: 99.16; Est. % redund: 0.84

   --------------------------------------------------------------------------   
	On assembly [0;32mGCF_006351615.1[0m; Number 407 of 1312 total.
   --------------------------------------------------------------------------   

      Performing HMM search...
        Found 118 of the targeted 119 genes.
        Est. % comp: 99.16; Est. % redund: 0.84

   --------------------------------------------------------------------------   
	On assembly [0;32mGCF_006351625.1[0m; Number 408 of 1312 total.
   --------------------------------------------------------------------------   

      Performing HMM search...
        Found 118 of the targeted 119 genes.
        Est. % comp: 99.16; Est. % redund: 0.84

   --------------------------------------------------------------------------   
	On assembly [0;32mGCF_006351665.1[0m; Number 409 of 1312 total.
   --------------------------------------------------------------------------   

      Performing HMM search...
        Found 118 of the targeted 119 genes.
        Est. % comp: 99.16; Est. % redund: 0.84

   --------------------------------------------------------------------------   
	On assembly [0;32mGCF_006351675.1[0m; Number 410 of 1312 total.
   --------------------------------------------------------------------------   

      Performing HMM search...
        Found 118 of the targeted 119 genes.
        Est. % comp: 99.16; Est. % redund: 0.84

   --------------------------------------------------------------------------   
	On assembly [0;32mGCF_006351695.1[0m; Number 411 of 1312 total.
   --------------------------------------------------------------------------   

      Performing HMM search...
        Found 118 of the targeted 119 genes.
        Est. % comp: 99.16; Est. % redund: 2.52

   --------------------------------------------------------------------------   
	On assembly [0;32mGCF_006351705.1[0m; Number 412 of 1312 total.
   --------------------------------------------------------------------------   

      Performing HMM search...
        Found 118 of the targeted 119 genes.
        Est. % comp: 99.16; Est. % redund: 0.84

   --------------------------------------------------------------------------   
	On assembly [0;32mGCF_006489275.1[0m; Number 413 of 1312 total.
   --------------------------------------------------------------------------   

      Performing HMM search...
        Found 117 of the targeted 119 genes.
        Est. % comp: 98.32; Est. % redund: 1.68

   --------------------------------------------------------------------------   
	On assembly [0;32mGCF_006494425.1[0m; Number 414 of 1312 total.
   --------------------------------------------------------------------------   

      Performing HMM search...
        Found 119 of the targeted 119 genes.
        Est. % comp: 100.00; Est. % redund: 0.00

   --------------------------------------------------------------------------   
	On assembly [0;32mGCF_006965525.1[0m; Number 415 of 1312 total.
   --------------------------------------------------------------------------   

      Performing HMM search...
        Found 118 of the targeted 119 genes.
        Est. % comp: 99.16; Est. % redund: 0.84

   --------------------------------------------------------------------------   
	On assembly [0;32mGCF_007097215.1[0m; Number 416 of 1312 total.
   --------------------------------------------------------------------------   

      Performing HMM search...
        Found 118 of the targeted 119 genes.
        Est. % comp: 99.16; Est. % redund: 0.84

   --------------------------------------------------------------------------   
	On assembly [0;32mGCF_008244765.1[0m; Number 417 of 1312 total.
   --------------------------------------------------------------------------   

      Performing HMM search...
        Found 119 of the targeted 119 genes.
        Est. % comp: 100.00; Est. % redund: 0.84

   --------------------------------------------------------------------------   
	On assembly [0;32mGCF_008367895.1[0m; Number 418 of 1312 total.
   --------------------------------------------------------------------------   

      Performing HMM search...
        Found 118 of the targeted 119 genes.
        Est. % comp: 99.16; Est. % redund: 0.84

   --------------------------------------------------------------------------   
	On assembly [0;32mGCF_009193045.1[0m; Number 419 of 1312 total.
   --------------------------------------------------------------------------   

      Performing HMM search...
        Found 118 of the targeted 119 genes.
        Est. % comp: 99.16; Est. % redund: 0.84

   --------------------------------------------------------------------------   
	On assembly [0;32mGCF_009683055.1[0m; Number 420 of 1312 total.
   --------------------------------------------------------------------------   

      Performing HMM search...
        Found 118 of the targeted 119 genes.
        Est. % comp: 99.16; Est. % redund: 5.88

   --------------------------------------------------------------------------   
	On assembly [0;32mGCF_009683125.1[0m; Number 421 of 1312 total.
   --------------------------------------------------------------------------   

      Performing HMM search...
        Found 118 of the targeted 119 genes.
        Est. % comp: 99.16; Est. % redund: 0.84

   --------------------------------------------------------------------------   
	On assembly [0;32mGCF_009683155.1[0m; Number 422 of 1312 total.
   --------------------------------------------------------------------------   

      Performing HMM search...
        Found 118 of the targeted 119 genes.
        Est. % comp: 99.16; Est. % redund: 0.84

   --------------------------------------------------------------------------   
	On assembly [0;32mGCF_009996865.1[0m; Number 423 of 1312 total.
   --------------------------------------------------------------------------   

      Performing HMM search...
        Found 118 of the targeted 119 genes.
        Est. % comp: 99.16; Est. % redund: 1.68

   --------------------------------------------------------------------------   
	On assembly [0;32mGCF_010671715.1[0m; Number 424 of 1312 total.
   --------------------------------------------------------------------------   

      Performing HMM search...
        Found 118 of the targeted 119 genes.
        Est. % comp: 99.16; Est. % redund: 1.68

   --------------------------------------------------------------------------   
	On assembly [0;32mGCF_011043745.1[0m; Number 425 of 1312 total.
   --------------------------------------------------------------------------   

      Performing HMM search...
        Found 118 of the targeted 119 genes.
        Est. % comp: 99.16; Est. % redund: 0.84

   --------------------------------------------------------------------------   
	On assembly [0;32mGCF_011065565.1[0m; Number 426 of 1312 total.
   --------------------------------------------------------------------------   

      Performing HMM search...
        Found 118 of the targeted 119 genes.
        Est. % comp: 99.16; Est. % redund: 1.68

   --------------------------------------------------------------------------   
	On assembly [0;32mGCF_011065615.1[0m; Number 427 of 1312 total.
   --------------------------------------------------------------------------   

      Performing HMM search...
        Found 118 of the targeted 119 genes.
        Est. % comp: 99.16; Est. % redund: 0.84

   --------------------------------------------------------------------------   
	On assembly [0;32mGCF_011066015.1[0m; Number 428 of 1312 total.
   --------------------------------------------------------------------------   

      Performing HMM search...
        Found 118 of the targeted 119 genes.
        Est. % comp: 99.16; Est. % redund: 0.84

   --------------------------------------------------------------------------   
	On assembly [0;32mGCF_011066025.1[0m; Number 429 of 1312 total.
   --------------------------------------------------------------------------   

      Performing HMM search...
        Found 119 of the targeted 119 genes.
        Est. % comp: 100.00; Est. % redund: 1.68

   --------------------------------------------------------------------------   
	On assembly [0;32mGCF_011066055.1[0m; Number 430 of 1312 total.
   --------------------------------------------------------------------------   

      Performing HMM search...
        Found 118 of the targeted 119 genes.
        Est. % comp: 99.16; Est. % redund: 0.84

   --------------------------------------------------------------------------   
	On assembly [0;32mGCF_011066075.1[0m; Number 431 of 1312 total.
   --------------------------------------------------------------------------   

      Performing HMM search...
        Found 118 of the targeted 119 genes.
        Est. % comp: 99.16; Est. % redund: 0.84

   --------------------------------------------------------------------------   
	On assembly [0;32mGCF_011075175.1[0m; Number 432 of 1312 total.
   --------------------------------------------------------------------------   

      Performing HMM search...
        Found 118 of the targeted 119 genes.
        Est. % comp: 99.16; Est. % redund: 1.68

   --------------------------------------------------------------------------   
	On assembly [0;32mGCF_011100445.1[0m; Number 433 of 1312 total.
   --------------------------------------------------------------------------   

      Performing HMM search...
        Found 118 of the targeted 119 genes.
        Est. % comp: 99.16; Est. % redund: 0.84

   --------------------------------------------------------------------------   
	On assembly [0;32mGCF_011317125.1[0m; Number 434 of 1312 total.
   --------------------------------------------------------------------------   

      Performing HMM search...
        Found 118 of the targeted 119 genes.
        Est. % comp: 99.16; Est. % redund: 0.84

   --------------------------------------------------------------------------   
	On assembly [0;32mGCF_011317145.1[0m; Number 435 of 1312 total.
   --------------------------------------------------------------------------   

      Performing HMM search...
        Found 119 of the targeted 119 genes.
        Est. % comp: 100.00; Est. % redund: 0.00

   --------------------------------------------------------------------------   
	On assembly [0;32mGCF_011421515.1[0m; Number 436 of 1312 total.
   --------------------------------------------------------------------------   

      Performing HMM search...
        Found 118 of the targeted 119 genes.
        Est. % comp: 99.16; Est. % redund: 0.84

   --------------------------------------------------------------------------   
	On assembly [0;32mGCF_011751555.1[0m; Number 437 of 1312 total.
   --------------------------------------------------------------------------   

      Performing HMM search...
        Found 119 of the targeted 119 genes.
        Est. % comp: 100.00; Est. % redund: 0.00

   --------------------------------------------------------------------------   
	On assembly [0;32mGCF_011751575.1[0m; Number 438 of 1312 total.
   --------------------------------------------------------------------------   

      Performing HMM search...
        Found 119 of the targeted 119 genes.
        Est. % comp: 100.00; Est. % redund: 0.00

   --------------------------------------------------------------------------   
	On assembly [0;32mGCF_011751595.1[0m; Number 439 of 1312 total.
   --------------------------------------------------------------------------   

      Performing HMM search...
        Found 119 of the targeted 119 genes.
        Est. % comp: 100.00; Est. % redund: 0.00

   --------------------------------------------------------------------------   
	On assembly [0;32mGCF_011754125.1[0m; Number 440 of 1312 total.
   --------------------------------------------------------------------------   

      Performing HMM search...
        Found 118 of the targeted 119 genes.
        Est. % comp: 99.16; Est. % redund: 1.68

   --------------------------------------------------------------------------   
	On assembly [0;32mGCF_011765645.1[0m; Number 441 of 1312 total.
   --------------------------------------------------------------------------   

      Performing HMM search...
        Found 119 of the targeted 119 genes.
        Est. % comp: 100.00; Est. % redund: 0.00

   --------------------------------------------------------------------------   
	On assembly [0;32mGCF_011765855.1[0m; Number 442 of 1312 total.
   --------------------------------------------------------------------------   

      Performing HMM search...
        Found 119 of the targeted 119 genes.
        Est. % comp: 100.00; Est. % redund: 0.00

   --------------------------------------------------------------------------   
	On assembly [0;32mGCF_011800395.1[0m; Number 443 of 1312 total.
   --------------------------------------------------------------------------   

      Performing HMM search...
        Found 119 of the targeted 119 genes.
        Est. % comp: 100.00; Est. % redund: 0.84

   --------------------------------------------------------------------------   
	On assembly [0;32mGCF_011800505.1[0m; Number 444 of 1312 total.
   --------------------------------------------------------------------------   

      Performing HMM search...
        Found 119 of the targeted 119 genes.
        Est. % comp: 100.00; Est. % redund: 0.00

   --------------------------------------------------------------------------   
	On assembly [0;32mGCF_011800725.1[0m; Number 445 of 1312 total.
   --------------------------------------------------------------------------   

      Performing HMM search...
        Found 118 of the targeted 119 genes.
        Est. % comp: 99.16; Est. % redund: 0.84

   --------------------------------------------------------------------------   
	On assembly [0;32mGCF_011800745.1[0m; Number 446 of 1312 total.
   --------------------------------------------------------------------------   

      Performing HMM search...
        Found 119 of the targeted 119 genes.
        Est. % comp: 100.00; Est. % redund: 0.00

   --------------------------------------------------------------------------   
	On assembly [0;32mGCF_012225885.1[0m; Number 447 of 1312 total.
   --------------------------------------------------------------------------   

      Performing HMM search...
        Found 119 of the targeted 119 genes.
        Est. % comp: 100.00; Est. % redund: 0.00

   --------------------------------------------------------------------------   
	On assembly [0;32mGCF_012226065.1[0m; Number 448 of 1312 total.
   --------------------------------------------------------------------------   

      Performing HMM search...
        Found 118 of the targeted 119 genes.
        Est. % comp: 99.16; Est. % redund: 1.68

   --------------------------------------------------------------------------   
	On assembly [0;32mGCF_012648205.1[0m; Number 449 of 1312 total.
   --------------------------------------------------------------------------   

      Performing HMM search...
        Found 119 of the targeted 119 genes.
        Est. % comp: 100.00; Est. % redund: 0.00

   --------------------------------------------------------------------------   
	On assembly [0;32mGCF_012935315.1[0m; Number 450 of 1312 total.
   --------------------------------------------------------------------------   

      Performing HMM search...
        Found 118 of the targeted 119 genes.
        Est. % comp: 99.16; Est. % redund: 0.84

   --------------------------------------------------------------------------   
	On assembly [0;32mGCF_012935335.1[0m; Number 451 of 1312 total.
   --------------------------------------------------------------------------   

      Performing HMM search...
        Found 119 of the targeted 119 genes.
        Est. % comp: 100.00; Est. % redund: 0.00

   --------------------------------------------------------------------------   
	On assembly [0;32mGCF_013122275.1[0m; Number 452 of 1312 total.
   --------------------------------------------------------------------------   

      Performing HMM search...
        Found 118 of the targeted 119 genes.
        Est. % comp: 99.16; Est. % redund: 1.68

   --------------------------------------------------------------------------   
	On assembly [0;32mGCF_013133865.1[0m; Number 453 of 1312 total.
   --------------------------------------------------------------------------   

      Performing HMM search...
        Found 119 of the targeted 119 genes.
        Est. % comp: 100.00; Est. % redund: 0.84

   --------------------------------------------------------------------------   
	On assembly [0;32mGCF_013141905.1[0m; Number 454 of 1312 total.
   --------------------------------------------------------------------------   

      Performing HMM search...
        Found 119 of the targeted 119 genes.
        Est. % comp: 100.00; Est. % redund: 0.00

   --------------------------------------------------------------------------   
	On assembly [0;32mGCF_013201465.1[0m; Number 455 of 1312 total.
   --------------------------------------------------------------------------   

      Performing HMM search...
        Found 118 of the targeted 119 genes.
        Est. % comp: 99.16; Est. % redund: 0.84

   --------------------------------------------------------------------------   
	On assembly [0;32mGCF_013284455.2[0m; Number 456 of 1312 total.
   --------------------------------------------------------------------------   

      Performing HMM search...
        Found 119 of the targeted 119 genes.
        Est. % comp: 100.00; Est. % redund: 0.00

   --------------------------------------------------------------------------   
	On assembly [0;32mGCF_013284475.1[0m; Number 457 of 1312 total.
   --------------------------------------------------------------------------   

      Performing HMM search...
        Found 118 of the targeted 119 genes.
        Est. % comp: 99.16; Est. % redund: 0.84

   --------------------------------------------------------------------------   
	On assembly [0;32mGCF_013284545.1[0m; Number 458 of 1312 total.
   --------------------------------------------------------------------------   

      Performing HMM search...
        Found 118 of the targeted 119 genes.
        Est. % comp: 99.16; Est. % redund: 0.84

   --------------------------------------------------------------------------   
	On assembly [0;32mGCF_013284555.1[0m; Number 459 of 1312 total.
   --------------------------------------------------------------------------   

      Performing HMM search...
        Found 118 of the targeted 119 genes.
        Est. % comp: 99.16; Est. % redund: 0.84

   --------------------------------------------------------------------------   
	On assembly [0;32mGCF_013284575.1[0m; Number 460 of 1312 total.
   --------------------------------------------------------------------------   

      Performing HMM search...
        Found 118 of the targeted 119 genes.
        Est. % comp: 99.16; Est. % redund: 0.84

   --------------------------------------------------------------------------   
	On assembly [0;32mGCF_013284625.1[0m; Number 461 of 1312 total.
   --------------------------------------------------------------------------   

      Performing HMM search...
        Found 118 of the targeted 119 genes.
        Est. % comp: 99.16; Est. % redund: 0.84

   --------------------------------------------------------------------------   
	On assembly [0;32mGCF_013284655.1[0m; Number 462 of 1312 total.
   --------------------------------------------------------------------------   

      Performing HMM search...
        Found 118 of the targeted 119 genes.
        Est. % comp: 99.16; Est. % redund: 0.84

   --------------------------------------------------------------------------   
	On assembly [0;32mGCF_013284725.1[0m; Number 463 of 1312 total.
   --------------------------------------------------------------------------   

      Performing HMM search...
        Found 118 of the targeted 119 genes.
        Est. % comp: 99.16; Est. % redund: 0.84

   --------------------------------------------------------------------------   
	On assembly [0;32mGCF_013284745.1[0m; Number 464 of 1312 total.
   --------------------------------------------------------------------------   

      Performing HMM search...
        Found 118 of the targeted 119 genes.
        Est. % comp: 99.16; Est. % redund: 0.84

   --------------------------------------------------------------------------   
	On assembly [0;32mGCF_013284765.1[0m; Number 465 of 1312 total.
   --------------------------------------------------------------------------   

      Performing HMM search...
        Found 118 of the targeted 119 genes.
        Est. % comp: 99.16; Est. % redund: 0.84

   --------------------------------------------------------------------------   
	On assembly [0;32mGCF_013284775.1[0m; Number 466 of 1312 total.
   --------------------------------------------------------------------------   

      Performing HMM search...
        Found 118 of the targeted 119 genes.
        Est. % comp: 99.16; Est. % redund: 0.84

   --------------------------------------------------------------------------   
	On assembly [0;32mGCF_013284785.2[0m; Number 467 of 1312 total.
   --------------------------------------------------------------------------   

      Performing HMM search...
        Found 118 of the targeted 119 genes.
        Est. % comp: 99.16; Est. % redund: 0.84

   --------------------------------------------------------------------------   
	On assembly [0;32mGCF_013284825.1[0m; Number 468 of 1312 total.
   --------------------------------------------------------------------------   

      Performing HMM search...
        Found 118 of the targeted 119 genes.
        Est. % comp: 99.16; Est. % redund: 1.68

   --------------------------------------------------------------------------   
	On assembly [0;32mGCF_013285045.1[0m; Number 469 of 1312 total.
   --------------------------------------------------------------------------   

      Performing HMM search...
        Found 118 of the targeted 119 genes.
        Est. % comp: 99.16; Est. % redund: 0.84

   --------------------------------------------------------------------------   
	On assembly [0;32mGCF_013285055.1[0m; Number 470 of 1312 total.
   --------------------------------------------------------------------------   

      Performing HMM search...
        Found 118 of the targeted 119 genes.
        Est. % comp: 99.16; Est. % redund: 0.84

   --------------------------------------------------------------------------   
	On assembly [0;32mGCF_013285085.2[0m; Number 471 of 1312 total.
   --------------------------------------------------------------------------   

      Performing HMM search...
        Found 118 of the targeted 119 genes.
        Est. % comp: 99.16; Est. % redund: 0.84

   --------------------------------------------------------------------------   
	On assembly [0;32mGCF_013285105.1[0m; Number 472 of 1312 total.
   --------------------------------------------------------------------------   

      Performing HMM search...
        Found 118 of the targeted 119 genes.
        Est. % comp: 99.16; Est. % redund: 0.84

   --------------------------------------------------------------------------   
	On assembly [0;32mGCF_013305505.1[0m; Number 473 of 1312 total.
   --------------------------------------------------------------------------   

      Performing HMM search...
        Found 118 of the targeted 119 genes.
        Est. % comp: 99.16; Est. % redund: 1.68

   --------------------------------------------------------------------------   
	On assembly [0;32mGCF_013332435.1[0m; Number 474 of 1312 total.
   --------------------------------------------------------------------------   

      Performing HMM search...
        Found 119 of the targeted 119 genes.
        Est. % comp: 100.00; Est. % redund: 0.00

   --------------------------------------------------------------------------   
	On assembly [0;32mGCF_013332455.1[0m; Number 475 of 1312 total.
   --------------------------------------------------------------------------   

      Performing HMM search...
        Found 119 of the targeted 119 genes.
        Est. % comp: 100.00; Est. % redund: 0.00

   --------------------------------------------------------------------------   
	On assembly [0;32mGCF_013347105.1[0m; Number 476 of 1312 total.
   --------------------------------------------------------------------------   

      Performing HMM search...
        Found 119 of the targeted 119 genes.
        Est. % comp: 100.00; Est. % redund: 0.00

   --------------------------------------------------------------------------   
	On assembly [0;32mGCF_013348705.1[0m; Number 477 of 1312 total.
   --------------------------------------------------------------------------   

      Performing HMM search...
        Found 118 of the targeted 119 genes.
        Est. % comp: 99.16; Est. % redund: 0.84

   --------------------------------------------------------------------------   
	On assembly [0;32mGCF_013391605.1[0m; Number 478 of 1312 total.
   --------------------------------------------------------------------------   

      Performing HMM search...
        Found 119 of the targeted 119 genes.
        Est. % comp: 100.00; Est. % redund: 0.84

   --------------------------------------------------------------------------   
	On assembly [0;32mGCF_013391615.1[0m; Number 479 of 1312 total.
   --------------------------------------------------------------------------   

      Performing HMM search...
        Found 119 of the targeted 119 genes.
        Est. % comp: 100.00; Est. % redund: 0.84

   --------------------------------------------------------------------------   
	On assembly [0;32mGCF_013875015.1[0m; Number 480 of 1312 total.
   --------------------------------------------------------------------------   

      Performing HMM search...
        Found 118 of the targeted 119 genes.
        Est. % comp: 99.16; Est. % redund: 0.84

   --------------------------------------------------------------------------   
	On assembly [0;32mGCF_014046405.1[0m; Number 481 of 1312 total.
   --------------------------------------------------------------------------   

      Performing HMM search...
        Found 119 of the targeted 119 genes.
        Est. % comp: 100.00; Est. % redund: 0.00

   --------------------------------------------------------------------------   
	On assembly [0;32mGCF_014211995.1[0m; Number 482 of 1312 total.
   --------------------------------------------------------------------------   

      Performing HMM search...
        Found 117 of the targeted 119 genes.
        Est. % comp: 98.32; Est. % redund: 0.84

   --------------------------------------------------------------------------   
	On assembly [0;32mGCF_014219005.1[0m; Number 483 of 1312 total.
   --------------------------------------------------------------------------   

      Performing HMM search...
        Found 119 of the targeted 119 genes.
        Est. % comp: 100.00; Est. % redund: 0.00

   --------------------------------------------------------------------------   
	On assembly [0;32mGCF_014495825.1[0m; Number 484 of 1312 total.
   --------------------------------------------------------------------------   

      Performing HMM search...
        Found 118 of the targeted 119 genes.
        Est. % comp: 99.16; Est. % redund: 0.84

   --------------------------------------------------------------------------   
	On assembly [0;32mGCF_014534715.1[0m; Number 485 of 1312 total.
   --------------------------------------------------------------------------   

      Performing HMM search...
        Found 118 of the targeted 119 genes.
        Est. % comp: 99.16; Est. % redund: 0.84

   --------------------------------------------------------------------------   
	On assembly [0;32mGCF_014534735.1[0m; Number 486 of 1312 total.
   --------------------------------------------------------------------------   

      Performing HMM search...
        Found 118 of the targeted 119 genes.
        Est. % comp: 99.16; Est. % redund: 0.84

   --------------------------------------------------------------------------   
	On assembly [0;32mGCF_014805495.1[0m; Number 487 of 1312 total.
   --------------------------------------------------------------------------   

      Performing HMM search...
        Found 119 of the targeted 119 genes.
        Est. % comp: 100.00; Est. % redund: 0.00

   --------------------------------------------------------------------------   
	On assembly [0;32mGCF_014856585.1[0m; Number 488 of 1312 total.
   --------------------------------------------------------------------------   

      Performing HMM search...
        Found 119 of the targeted 119 genes.
        Est. % comp: 100.00; Est. % redund: 0.00

   --------------------------------------------------------------------------   
	On assembly [0;32mGCF_014982505.1[0m; Number 489 of 1312 total.
   --------------------------------------------------------------------------   

      Performing HMM search...
        Found 118 of the targeted 119 genes.
        Est. % comp: 99.16; Est. % redund: 0.84

   --------------------------------------------------------------------------   
	On assembly [0;32mGCF_015160895.1[0m; Number 490 of 1312 total.
   --------------------------------------------------------------------------   

      Performing HMM search...
        Found 119 of the targeted 119 genes.
        Est. % comp: 100.00; Est. % redund: 0.00

   --------------------------------------------------------------------------   
	On assembly [0;32mGCF_015354255.1[0m; Number 491 of 1312 total.
   --------------------------------------------------------------------------   

      Performing HMM search...
        Found 118 of the targeted 119 genes.
        Est. % comp: 99.16; Est. % redund: 0.84

   --------------------------------------------------------------------------   
	On assembly [0;32mGCF_015689015.1[0m; Number 492 of 1312 total.
   --------------------------------------------------------------------------   

      Performing HMM search...
        Found 119 of the targeted 119 genes.
        Est. % comp: 100.00; Est. % redund: 0.00

   --------------------------------------------------------------------------   
	On assembly [0;32mGCF_015845455.1[0m; Number 493 of 1312 total.
   --------------------------------------------------------------------------   

      Performing HMM search...
        Found 119 of the targeted 119 genes.
        Est. % comp: 100.00; Est. % redund: 0.84

   --------------------------------------------------------------------------   
	On assembly [0;32mGCF_016106735.1[0m; Number 494 of 1312 total.
   --------------------------------------------------------------------------   

      Performing HMM search...
        Found 118 of the targeted 119 genes.
        Est. % comp: 99.16; Est. % redund: 2.52

   --------------------------------------------------------------------------   
	On assembly [0;32mGCF_016766595.1[0m; Number 495 of 1312 total.
   --------------------------------------------------------------------------   

      Performing HMM search...
        Found 118 of the targeted 119 genes.
        Est. % comp: 99.16; Est. % redund: 0.84

   --------------------------------------------------------------------------   
	On assembly [0;32mGCF_016767255.1[0m; Number 496 of 1312 total.
   --------------------------------------------------------------------------   

      Performing HMM search...
        Found 119 of the targeted 119 genes.
        Est. % comp: 100.00; Est. % redund: 0.00

   --------------------------------------------------------------------------   
	On assembly [0;32mGCF_016767285.1[0m; Number 497 of 1312 total.
   --------------------------------------------------------------------------   

      Performing HMM search...
        Found 119 of the targeted 119 genes.
        Est. % comp: 100.00; Est. % redund: 0.00

   --------------------------------------------------------------------------   
	On assembly [0;32mGCF_016767295.1[0m; Number 498 of 1312 total.
   --------------------------------------------------------------------------   

      Performing HMM search...
        Found 119 of the targeted 119 genes.
        Est. % comp: 100.00; Est. % redund: 0.00

   --------------------------------------------------------------------------   
	On assembly [0;32mGCF_016767335.1[0m; Number 499 of 1312 total.
   --------------------------------------------------------------------------   

      Performing HMM search...
        Found 119 of the targeted 119 genes.
        Est. % comp: 100.00; Est. % redund: 0.00

   --------------------------------------------------------------------------   
	On assembly [0;32mGCF_016767355.1[0m; Number 500 of 1312 total.
   --------------------------------------------------------------------------   

      Performing HMM search...
        Found 119 of the targeted 119 genes.
        Est. % comp: 100.00; Est. % redund: 0.84

   --------------------------------------------------------------------------   
	On assembly [0;32mGCF_016772005.1[0m; Number 501 of 1312 total.
   --------------------------------------------------------------------------   

      Performing HMM search...
        Found 118 of the targeted 119 genes.
        Est. % comp: 99.16; Est. % redund: 0.84

   --------------------------------------------------------------------------   
	On assembly [0;32mGCF_016772025.1[0m; Number 502 of 1312 total.
   --------------------------------------------------------------------------   

      Performing HMM search...
        Found 118 of the targeted 119 genes.
        Est. % comp: 99.16; Est. % redund: 0.84

   --------------------------------------------------------------------------   
	On assembly [0;32mGCF_016834435.1[0m; Number 503 of 1312 total.
   --------------------------------------------------------------------------   

      Performing HMM search...
        Found 118 of the targeted 119 genes.
        Est. % comp: 99.16; Est. % redund: 0.84

   --------------------------------------------------------------------------   
	On assembly [0;32mGCF_017356065.1[0m; Number 504 of 1312 total.
   --------------------------------------------------------------------------   

      Performing HMM search...
        Found 119 of the targeted 119 genes.
        Est. % comp: 100.00; Est. % redund: 0.00

   --------------------------------------------------------------------------   
	On assembly [0;32mGCF_017498755.1[0m; Number 505 of 1312 total.
   --------------------------------------------------------------------------   

      Performing HMM search...
        Found 119 of the targeted 119 genes.
        Est. % comp: 100.00; Est. % redund: 0.84

   --------------------------------------------------------------------------   
	On assembly [0;32mGCF_017498775.1[0m; Number 506 of 1312 total.
   --------------------------------------------------------------------------   

      Performing HMM search...
        Found 119 of the targeted 119 genes.
        Est. % comp: 100.00; Est. % redund: 0.00

   --------------------------------------------------------------------------   
	On assembly [0;32mGCF_017824715.1[0m; Number 507 of 1312 total.
   --------------------------------------------------------------------------   

      Performing HMM search...
        Found 118 of the targeted 119 genes.
        Est. % comp: 99.16; Est. % redund: 0.84

   --------------------------------------------------------------------------   
	On assembly [0;32mGCF_018101255.1[0m; Number 508 of 1312 total.
   --------------------------------------------------------------------------   

      Performing HMM search...
        Found 119 of the targeted 119 genes.
        Est. % comp: 100.00; Est. % redund: 0.00

   --------------------------------------------------------------------------   
	On assembly [0;32mGCF_018101275.1[0m; Number 509 of 1312 total.
   --------------------------------------------------------------------------   

      Performing HMM search...
        Found 119 of the targeted 119 genes.
        Est. % comp: 100.00; Est. % redund: 0.84

   --------------------------------------------------------------------------   
	On assembly [0;32mGCF_018101295.1[0m; Number 510 of 1312 total.
   --------------------------------------------------------------------------   

      Performing HMM search...
        Found 118 of the targeted 119 genes.
        Est. % comp: 99.16; Est. % redund: 0.84

   --------------------------------------------------------------------------   
	On assembly [0;32mGCF_018101335.1[0m; Number 511 of 1312 total.
   --------------------------------------------------------------------------   

      Performing HMM search...
        Found 119 of the targeted 119 genes.
        Est. % comp: 100.00; Est. % redund: 0.84

   --------------------------------------------------------------------------   
	On assembly [0;32mGCF_018221535.1[0m; Number 512 of 1312 total.
   --------------------------------------------------------------------------   

      Performing HMM search...
        Found 119 of the targeted 119 genes.
        Est. % comp: 100.00; Est. % redund: 0.84

   --------------------------------------------------------------------------   
	On assembly [0;32mGCF_018343515.1[0m; Number 513 of 1312 total.
   --------------------------------------------------------------------------   

      Performing HMM search...
        Found 118 of the targeted 119 genes.
        Est. % comp: 99.16; Est. % redund: 2.52

   --------------------------------------------------------------------------   
	On assembly [0;32mGCF_018343615.1[0m; Number 514 of 1312 total.
   --------------------------------------------------------------------------   

      Performing HMM search...
        Found 119 of the targeted 119 genes.
        Est. % comp: 100.00; Est. % redund: 1.68

   --------------------------------------------------------------------------   
	On assembly [0;32mGCF_018343715.1[0m; Number 515 of 1312 total.
   --------------------------------------------------------------------------   

      Performing HMM search...
        Found 118 of the targeted 119 genes.
        Est. % comp: 99.16; Est. % redund: 3.36

   --------------------------------------------------------------------------   
	On assembly [0;32mGCF_018361345.1[0m; Number 516 of 1312 total.
   --------------------------------------------------------------------------   

      Performing HMM search...
        Found 115 of the targeted 119 genes.
        Est. % comp: 96.64; Est. % redund: 0.00

   --------------------------------------------------------------------------   
	On assembly [0;32mGCF_018390475.2[0m; Number 517 of 1312 total.
   --------------------------------------------------------------------------   

      Performing HMM search...
        Found 119 of the targeted 119 genes.
        Est. % comp: 100.00; Est. % redund: 0.84

   --------------------------------------------------------------------------   
	On assembly [0;32mGCF_018729275.1[0m; Number 518 of 1312 total.
   --------------------------------------------------------------------------   

      Performing HMM search...
        Found 119 of the targeted 119 genes.
        Est. % comp: 100.00; Est. % redund: 0.00

   --------------------------------------------------------------------------   
	On assembly [0;32mGCF_018729285.1[0m; Number 519 of 1312 total.
   --------------------------------------------------------------------------   

      Performing HMM search...
        Found 118 of the targeted 119 genes.
        Est. % comp: 99.16; Est. % redund: 0.84

   --------------------------------------------------------------------------   
	On assembly [0;32mGCF_018729415.1[0m; Number 520 of 1312 total.
   --------------------------------------------------------------------------   

      Performing HMM search...
        Found 118 of the targeted 119 genes.
        Est. % comp: 99.16; Est. % redund: 0.84

   --------------------------------------------------------------------------   
	On assembly [0;32mGCF_019039215.1[0m; Number 521 of 1312 total.
   --------------------------------------------------------------------------   

      Performing HMM search...
        Found 118 of the targeted 119 genes.
        Est. % comp: 99.16; Est. % redund: 4.20

   --------------------------------------------------------------------------   
	On assembly [0;32mGCF_019091205.1[0m; Number 522 of 1312 total.
   --------------------------------------------------------------------------   

      Performing HMM search...
        Found 119 of the targeted 119 genes.
        Est. % comp: 100.00; Est. % redund: 0.84

   --------------------------------------------------------------------------   
	On assembly [0;32mGCF_019149305.1[0m; Number 523 of 1312 total.
   --------------------------------------------------------------------------   

      Performing HMM search...
        Found 119 of the targeted 119 genes.
        Est. % comp: 100.00; Est. % redund: 0.00

   --------------------------------------------------------------------------   
	On assembly [0;32mGCF_019163475.1[0m; Number 524 of 1312 total.
   --------------------------------------------------------------------------   

      Performing HMM search...
        Found 118 of the targeted 119 genes.
        Est. % comp: 99.16; Est. % redund: 0.84

   --------------------------------------------------------------------------   
	On assembly [0;32mGCF_019164215.1[0m; Number 525 of 1312 total.
   --------------------------------------------------------------------------   

      Performing HMM search...
        Found 119 of the targeted 119 genes.
        Est. % comp: 100.00; Est. % redund: 0.00

   --------------------------------------------------------------------------   
	On assembly [0;32mGCF_019464595.1[0m; Number 526 of 1312 total.
   --------------------------------------------------------------------------   

      Performing HMM search...
        Found 118 of the targeted 119 genes.
        Est. % comp: 99.16; Est. % redund: 0.84

   --------------------------------------------------------------------------   
	On assembly [0;32mGCF_019598985.1[0m; Number 527 of 1312 total.
   --------------------------------------------------------------------------   

      Performing HMM search...
        Found 116 of the targeted 119 genes.
        Est. % comp: 97.48; Est. % redund: 0.84

   --------------------------------------------------------------------------   
	On assembly [0;32mGCF_019599585.1[0m; Number 528 of 1312 total.
   --------------------------------------------------------------------------   

      Performing HMM search...
        Found 119 of the targeted 119 genes.
        Est. % comp: 100.00; Est. % redund: 0.84

   --------------------------------------------------------------------------   
	On assembly [0;32mGCF_019603335.1[0m; Number 529 of 1312 total.
   --------------------------------------------------------------------------   

      Performing HMM search...
        Found 118 of the targeted 119 genes.
        Est. % comp: 99.16; Est. % redund: 0.84

   --------------------------------------------------------------------------   
	On assembly [0;32mGCF_019738955.1[0m; Number 530 of 1312 total.
   --------------------------------------------------------------------------   

      Performing HMM search...
        Found 119 of the targeted 119 genes.
        Est. % comp: 100.00; Est. % redund: 0.84

   --------------------------------------------------------------------------   
	On assembly [0;32mGCF_020177005.1[0m; Number 531 of 1312 total.
   --------------------------------------------------------------------------   

      Performing HMM search...
        Found 118 of the targeted 119 genes.
        Est. % comp: 99.16; Est. % redund: 0.84

   --------------------------------------------------------------------------   
	On assembly [0;32mGCF_020179025.1[0m; Number 532 of 1312 total.
   --------------------------------------------------------------------------   

      Performing HMM search...
        Found 119 of the targeted 119 genes.
        Est. % comp: 100.00; Est. % redund: 0.00

   --------------------------------------------------------------------------   
	On assembly [0;32mGCF_020179095.1[0m; Number 533 of 1312 total.
   --------------------------------------------------------------------------   

      Performing HMM search...
        Found 119 of the targeted 119 genes.
        Est. % comp: 100.00; Est. % redund: 0.84

   --------------------------------------------------------------------------   
	On assembly [0;32mGCF_020179775.1[0m; Number 534 of 1312 total.
   --------------------------------------------------------------------------   

      Performing HMM search...
        Found 118 of the targeted 119 genes.
        Est. % comp: 99.16; Est. % redund: 0.84

   --------------------------------------------------------------------------   
	On assembly [0;32mGCF_020179855.1[0m; Number 535 of 1312 total.
   --------------------------------------------------------------------------   

      Performing HMM search...
        Found 118 of the targeted 119 genes.
        Est. % comp: 99.16; Est. % redund: 0.84

   --------------------------------------------------------------------------   
	On assembly [0;32mGCF_020179885.1[0m; Number 536 of 1312 total.
   --------------------------------------------------------------------------   

      Performing HMM search...
        Found 118 of the targeted 119 genes.
        Est. % comp: 99.16; Est. % redund: 0.84

   --------------------------------------------------------------------------   
	On assembly [0;32mGCF_020551885.1[0m; Number 537 of 1312 total.
   --------------------------------------------------------------------------   

      Performing HMM search...
        Found 119 of the targeted 119 genes.
        Est. % comp: 100.00; Est. % redund: 0.00

   --------------------------------------------------------------------------   
	On assembly [0;32mGCF_020551965.1[0m; Number 538 of 1312 total.
   --------------------------------------------------------------------------   

      Performing HMM search...
        Found 118 of the targeted 119 genes.
        Est. % comp: 99.16; Est. % redund: 0.84

   --------------------------------------------------------------------------   
	On assembly [0;32mGCF_020667855.1[0m; Number 539 of 1312 total.
   --------------------------------------------------------------------------   

      Performing HMM search...
        Found 119 of the targeted 119 genes.
        Est. % comp: 100.00; Est. % redund: 0.00

   --------------------------------------------------------------------------   
	On assembly [0;32mGCF_020682985.1[0m; Number 540 of 1312 total.
   --------------------------------------------------------------------------   

      Performing HMM search...
        Found 119 of the targeted 119 genes.
        Est. % comp: 100.00; Est. % redund: 0.00

   --------------------------------------------------------------------------   
	On assembly [0;32mGCF_020685165.1[0m; Number 541 of 1312 total.
   --------------------------------------------------------------------------   

      Performing HMM search...
        Found 119 of the targeted 119 genes.
        Est. % comp: 100.00; Est. % redund: 0.84

   --------------------------------------------------------------------------   
	On assembly [0;32mGCF_020685215.1[0m; Number 542 of 1312 total.
   --------------------------------------------------------------------------   

      Performing HMM search...
        Found 118 of the targeted 119 genes.
        Est. % comp: 99.16; Est. % redund: 0.84

   --------------------------------------------------------------------------   
	On assembly [0;32mGCF_020686785.1[0m; Number 543 of 1312 total.
   --------------------------------------------------------------------------   

      Performing HMM search...
        Found 119 of the targeted 119 genes.
        Est. % comp: 100.00; Est. % redund: 2.52

   --------------------------------------------------------------------------   
	On assembly [0;32mGCF_020686805.1[0m; Number 544 of 1312 total.
   --------------------------------------------------------------------------   

      Performing HMM search...
        Found 119 of the targeted 119 genes.
        Est. % comp: 100.00; Est. % redund: 2.52

   --------------------------------------------------------------------------   
	On assembly [0;32mGCF_020686825.1[0m; Number 545 of 1312 total.
   --------------------------------------------------------------------------   

      Performing HMM search...
        Found 119 of the targeted 119 genes.
        Est. % comp: 100.00; Est. % redund: 2.52

   --------------------------------------------------------------------------   
	On assembly [0;32mGCF_020686845.1[0m; Number 546 of 1312 total.
   --------------------------------------------------------------------------   

      Performing HMM search...
        Found 119 of the targeted 119 genes.
        Est. % comp: 100.00; Est. % redund: 2.52

   --------------------------------------------------------------------------   
	On assembly [0;32mGCF_020708615.1[0m; Number 547 of 1312 total.
   --------------------------------------------------------------------------   

      Performing HMM search...
        Found 119 of the targeted 119 genes.
        Est. % comp: 100.00; Est. % redund: 0.00

   --------------------------------------------------------------------------   
	On assembly [0;32mGCF_020861635.1[0m; Number 548 of 1312 total.
   --------------------------------------------------------------------------   

      Performing HMM search...
        Found 118 of the targeted 119 genes.
        Est. % comp: 99.16; Est. % redund: 0.84

   --------------------------------------------------------------------------   
	On assembly [0;32mGCF_020907785.1[0m; Number 549 of 1312 total.
   --------------------------------------------------------------------------   

      Performing HMM search...
        Found 118 of the targeted 119 genes.
        Est. % comp: 99.16; Est. % redund: [0;31m10.92[0m

  [0;33m********************************** [0mNOTICE [0;33m**********************************[0m  
   Estimated redundancy of this genome based on the specified HMMs is [0;31m10.92%[0m.
   While there are no "golden" cutoff values for these things, typically
   going over 10% (if bacterial/archaeal) is getting into the questionable range.
   You may want to consider taking a closer look and/or removing it from the
   from the input genomes.

   Reported in "/home/bacte/bacillus_amr/06_phylogeny/gtotree_firmicutes/run_files/Genomes_with_questionable_redund_estimates.tsv".
  [0;33m****************************************************************************[0m  

   --------------------------------------------------------------------------   
	On assembly [0;32mGCF_020908045.1[0m; Number 550 of 1312 total.
   --------------------------------------------------------------------------   

      Performing HMM search...
        Found 119 of the targeted 119 genes.
        Est. % comp: 100.00; Est. % redund: 0.84

   --------------------------------------------------------------------------   
	On assembly [0;32mGCF_020911825.1[0m; Number 551 of 1312 total.
   --------------------------------------------------------------------------   

      Performing HMM search...
        Found 118 of the targeted 119 genes.
        Est. % comp: 99.16; Est. % redund: 0.84

   --------------------------------------------------------------------------   
	On assembly [0;32mGCF_021202875.1[0m; Number 552 of 1312 total.
   --------------------------------------------------------------------------   

      Performing HMM search...
        Found 118 of the targeted 119 genes.
        Est. % comp: 99.16; Est. % redund: 0.84

   --------------------------------------------------------------------------   
	On assembly [0;32mGCF_021228895.1[0m; Number 553 of 1312 total.
   --------------------------------------------------------------------------   

      Performing HMM search...
        Found 118 of the targeted 119 genes.
        Est. % comp: 99.16; Est. % redund: 1.68

   --------------------------------------------------------------------------   
	On assembly [0;32mGCF_021555035.1[0m; Number 554 of 1312 total.
   --------------------------------------------------------------------------   

      Performing HMM search...
        Found 119 of the targeted 119 genes.
        Est. % comp: 100.00; Est. % redund: 0.00

   --------------------------------------------------------------------------   
	On assembly [0;32mGCF_022370935.1[0m; Number 555 of 1312 total.
   --------------------------------------------------------------------------   

      Performing HMM search...
        Found 118 of the targeted 119 genes.
        Est. % comp: 99.16; Est. % redund: 0.84

   --------------------------------------------------------------------------   
	On assembly [0;32mGCF_022385235.1[0m; Number 556 of 1312 total.
   --------------------------------------------------------------------------   

      Performing HMM search...
        Found 118 of the targeted 119 genes.
        Est. % comp: 99.16; Est. % redund: 0.84

   --------------------------------------------------------------------------   
	On assembly [0;32mGCF_022488425.1[0m; Number 557 of 1312 total.
   --------------------------------------------------------------------------   

      Performing HMM search...
        Found 118 of the targeted 119 genes.
        Est. % comp: 99.16; Est. % redund: 0.84

   --------------------------------------------------------------------------   
	On assembly [0;32mGCF_022647025.1[0m; Number 558 of 1312 total.
   --------------------------------------------------------------------------   

      Performing HMM search...
        Found 119 of the targeted 119 genes.
        Est. % comp: 100.00; Est. % redund: 0.00

   --------------------------------------------------------------------------   
	On assembly [0;32mGCF_022758335.1[0m; Number 559 of 1312 total.
   --------------------------------------------------------------------------   

      Performing HMM search...
        Found 119 of the targeted 119 genes.
        Est. % comp: 100.00; Est. % redund: 0.84

   --------------------------------------------------------------------------   
	On assembly [0;32mGCF_022803025.1[0m; Number 560 of 1312 total.
   --------------------------------------------------------------------------   

      Performing HMM search...
        Found 119 of the targeted 119 genes.
        Est. % comp: 100.00; Est. % redund: 0.00

   --------------------------------------------------------------------------   
	On assembly [0;32mGCF_022819205.1[0m; Number 561 of 1312 total.
   --------------------------------------------------------------------------   

      Performing HMM search...
        Found 119 of the targeted 119 genes.
        Est. % comp: 100.00; Est. % redund: 0.00

   --------------------------------------------------------------------------   
	On assembly [0;32mGCF_022952805.1[0m; Number 562 of 1312 total.
   --------------------------------------------------------------------------   

      Performing HMM search...
        Found 119 of the targeted 119 genes.
        Est. % comp: 100.00; Est. % redund: 0.84

   --------------------------------------------------------------------------   
	On assembly [0;32mGCF_022953115.1[0m; Number 563 of 1312 total.
   --------------------------------------------------------------------------   

      Performing HMM search...
        Found 119 of the targeted 119 genes.
        Est. % comp: 100.00; Est. % redund: 0.84

   --------------------------------------------------------------------------   
	On assembly [0;32mGCF_023115375.1[0m; Number 564 of 1312 total.
   --------------------------------------------------------------------------   

      Performing HMM search...
        Found 118 of the targeted 119 genes.
        Est. % comp: 99.16; Est. % redund: 0.84

   --------------------------------------------------------------------------   
	On assembly [0;32mGCF_023195455.1[0m; Number 565 of 1312 total.
   --------------------------------------------------------------------------   

      Performing HMM search...
        Found 119 of the targeted 119 genes.
        Est. % comp: 100.00; Est. % redund: 1.68

   --------------------------------------------------------------------------   
	On assembly [0;32mGCF_023614045.1[0m; Number 566 of 1312 total.
   --------------------------------------------------------------------------   

      Performing HMM search...
        Found 118 of the targeted 119 genes.
        Est. % comp: 99.16; Est. % redund: 0.00

   --------------------------------------------------------------------------   
	On assembly [0;32mGCF_023920485.1[0m; Number 567 of 1312 total.
   --------------------------------------------------------------------------   

      Performing HMM search...
        Found 119 of the targeted 119 genes.
        Est. % comp: 100.00; Est. % redund: 1.68

   --------------------------------------------------------------------------   
	On assembly [0;32mGCF_024125385.1[0m; Number 568 of 1312 total.
   --------------------------------------------------------------------------   

      Performing HMM search...
        Found 118 of the targeted 119 genes.
        Est. % comp: 99.16; Est. % redund: 0.84

   --------------------------------------------------------------------------   
	On assembly [0;32mGCF_024125405.1[0m; Number 569 of 1312 total.
   --------------------------------------------------------------------------   

      Performing HMM search...
        Found 118 of the targeted 119 genes.
        Est. % comp: 99.16; Est. % redund: 0.84

   --------------------------------------------------------------------------   
	On assembly [0;32mGCF_024259405.1[0m; Number 570 of 1312 total.
   --------------------------------------------------------------------------   

      Performing HMM search...
        Found 118 of the targeted 119 genes.
        Est. % comp: 99.16; Est. % redund: 0.84

   --------------------------------------------------------------------------   
	On assembly [0;32mGCF_024259785.1[0m; Number 571 of 1312 total.
   --------------------------------------------------------------------------   

      Performing HMM search...
        Found 119 of the targeted 119 genes.
        Est. % comp: 100.00; Est. % redund: 0.00

   --------------------------------------------------------------------------   
	On assembly [0;32mGCF_024266645.1[0m; Number 572 of 1312 total.
   --------------------------------------------------------------------------   

      Performing HMM search...
        Found 119 of the targeted 119 genes.
        Est. % comp: 100.00; Est. % redund: 0.00

   --------------------------------------------------------------------------   
	On assembly [0;32mGCF_024297165.1[0m; Number 573 of 1312 total.
   --------------------------------------------------------------------------   

      Performing HMM search...
        Found 119 of the targeted 119 genes.
        Est. % comp: 100.00; Est. % redund: 1.68

   --------------------------------------------------------------------------   
	On assembly [0;32mGCF_024320765.1[0m; Number 574 of 1312 total.
   --------------------------------------------------------------------------   

      Performing HMM search...
        Found 119 of the targeted 119 genes.
        Est. % comp: 100.00; Est. % redund: 0.00

   --------------------------------------------------------------------------   
	On assembly [0;32mGCF_024453785.1[0m; Number 575 of 1312 total.
   --------------------------------------------------------------------------   

      Performing HMM search...
        Found 118 of the targeted 119 genes.
        Est. % comp: 99.16; Est. % redund: 0.84

   --------------------------------------------------------------------------   
	On assembly [0;32mGCF_024464535.1[0m; Number 576 of 1312 total.
   --------------------------------------------------------------------------   

      Performing HMM search...
        Found 119 of the targeted 119 genes.
        Est. % comp: 100.00; Est. % redund: 0.84

   --------------------------------------------------------------------------   
	On assembly [0;32mGCF_024494765.1[0m; Number 577 of 1312 total.
   --------------------------------------------------------------------------   

      Performing HMM search...
        Found 119 of the targeted 119 genes.
        Est. % comp: 100.00; Est. % redund: 0.84

   --------------------------------------------------------------------------   
	On assembly [0;32mGCF_024494775.1[0m; Number 578 of 1312 total.
   --------------------------------------------------------------------------   

      Performing HMM search...
        Found 119 of the targeted 119 genes.
        Est. % comp: 100.00; Est. % redund: 0.00

   --------------------------------------------------------------------------   
	On assembly [0;32mGCF_024494825.1[0m; Number 579 of 1312 total.
   --------------------------------------------------------------------------   

      Performing HMM search...
        Found 119 of the targeted 119 genes.
        Est. % comp: 100.00; Est. % redund: 0.84

   --------------------------------------------------------------------------   
	On assembly [0;32mGCF_024494845.1[0m; Number 580 of 1312 total.
   --------------------------------------------------------------------------   

      Performing HMM search...
        Found 119 of the targeted 119 genes.
        Est. % comp: 100.00; Est. % redund: 0.84

   --------------------------------------------------------------------------   
	On assembly [0;32mGCF_024494865.1[0m; Number 581 of 1312 total.
   --------------------------------------------------------------------------   

      Performing HMM search...
        Found 119 of the targeted 119 genes.
        Est. % comp: 100.00; Est. % redund: 1.68

   --------------------------------------------------------------------------   
	On assembly [0;32mGCF_024494965.1[0m; Number 582 of 1312 total.
   --------------------------------------------------------------------------   

      Performing HMM search...
        Found 119 of the targeted 119 genes.
        Est. % comp: 100.00; Est. % redund: 0.00

   --------------------------------------------------------------------------   
	On assembly [0;32mGCF_024494995.1[0m; Number 583 of 1312 total.
   --------------------------------------------------------------------------   

      Performing HMM search...
        Found 119 of the targeted 119 genes.
        Est. % comp: 100.00; Est. % redund: 1.68

   --------------------------------------------------------------------------   
	On assembly [0;32mGCF_024495005.1[0m; Number 584 of 1312 total.
   --------------------------------------------------------------------------   

      Performing HMM search...
        Found 119 of the targeted 119 genes.
        Est. % comp: 100.00; Est. % redund: 0.84

   --------------------------------------------------------------------------   
	On assembly [0;32mGCF_024495135.1[0m; Number 585 of 1312 total.
   --------------------------------------------------------------------------   

      Performing HMM search...
        Found 119 of the targeted 119 genes.
        Est. % comp: 100.00; Est. % redund: 2.52

   --------------------------------------------------------------------------   
	On assembly [0;32mGCF_024497995.1[0m; Number 586 of 1312 total.
   --------------------------------------------------------------------------   

      Performing HMM search...
        Found 119 of the targeted 119 genes.
        Est. % comp: 100.00; Est. % redund: 0.00

   --------------------------------------------------------------------------   
	On assembly [0;32mGCF_024498015.1[0m; Number 587 of 1312 total.
   --------------------------------------------------------------------------   

      Performing HMM search...
        Found 119 of the targeted 119 genes.
        Est. % comp: 100.00; Est. % redund: 1.68

   --------------------------------------------------------------------------   
	On assembly [0;32mGCF_024498035.1[0m; Number 588 of 1312 total.
   --------------------------------------------------------------------------   

      Performing HMM search...
        Found 119 of the targeted 119 genes.
        Est. % comp: 100.00; Est. % redund: 1.68

   --------------------------------------------------------------------------   
	On assembly [0;32mGCF_024498055.1[0m; Number 589 of 1312 total.
   --------------------------------------------------------------------------   

      Performing HMM search...
        Found 119 of the targeted 119 genes.
        Est. % comp: 100.00; Est. % redund: 0.84

   --------------------------------------------------------------------------   
	On assembly [0;32mGCF_024498095.1[0m; Number 590 of 1312 total.
   --------------------------------------------------------------------------   

      Performing HMM search...
        Found 119 of the targeted 119 genes.
        Est. % comp: 100.00; Est. % redund: 0.84

   --------------------------------------------------------------------------   
	On assembly [0;32mGCF_024702005.1[0m; Number 591 of 1312 total.
   --------------------------------------------------------------------------   

      Performing HMM search...
        Found 119 of the targeted 119 genes.
        Est. % comp: 100.00; Est. % redund: 1.68

   --------------------------------------------------------------------------   
	On assembly [0;32mGCF_024706235.1[0m; Number 592 of 1312 total.
   --------------------------------------------------------------------------   

      Performing HMM search...
        Found 119 of the targeted 119 genes.
        Est. % comp: 100.00; Est. % redund: 0.00

   --------------------------------------------------------------------------   
	On assembly [0;32mGCF_024741115.1[0m; Number 593 of 1312 total.
   --------------------------------------------------------------------------   

      Performing HMM search...
        Found 119 of the targeted 119 genes.
        Est. % comp: 100.00; Est. % redund: 1.68

   --------------------------------------------------------------------------   
	On assembly [0;32mGCF_024917135.1[0m; Number 594 of 1312 total.
   --------------------------------------------------------------------------   

      Performing HMM search...
        Found 118 of the targeted 119 genes.
        Est. % comp: 99.16; Est. % redund: 0.84

   --------------------------------------------------------------------------   
	On assembly [0;32mGCF_025000225.1[0m; Number 595 of 1312 total.
   --------------------------------------------------------------------------   

      Performing HMM search...
        Found 119 of the targeted 119 genes.
        Est. % comp: 100.00; Est. % redund: 0.00

   --------------------------------------------------------------------------   
	On assembly [0;32mGCF_025309755.1[0m; Number 596 of 1312 total.
   --------------------------------------------------------------------------   

      Performing HMM search...
        Found 119 of the targeted 119 genes.
        Est. % comp: 100.00; Est. % redund: 0.84

   --------------------------------------------------------------------------   
	On assembly [0;32mGCF_025833795.1[0m; Number 597 of 1312 total.
   --------------------------------------------------------------------------   

      Performing HMM search...
        Found 119 of the targeted 119 genes.
        Est. % comp: 100.00; Est. % redund: 0.84

   --------------------------------------------------------------------------   
	On assembly [0;32mGCF_025857215.1[0m; Number 598 of 1312 total.
   --------------------------------------------------------------------------   

      Performing HMM search...
        Found 118 of the targeted 119 genes.
        Est. % comp: 99.16; Est. % redund: 0.84

   --------------------------------------------------------------------------   
	On assembly [0;32mGCF_025917635.1[0m; Number 599 of 1312 total.
   --------------------------------------------------------------------------   

      Performing HMM search...
        Found 118 of the targeted 119 genes.
        Est. % comp: 99.16; Est. % redund: 0.84

   --------------------------------------------------------------------------   
	On assembly [0;32mGCF_025942125.1[0m; Number 600 of 1312 total.
   --------------------------------------------------------------------------   

      Performing HMM search...
        Found 119 of the targeted 119 genes.
        Est. % comp: 100.00; Est. % redund: 0.84

   --------------------------------------------------------------------------   
	On assembly [0;32mGCF_025960305.1[0m; Number 601 of 1312 total.
   --------------------------------------------------------------------------   

      Performing HMM search...
        Found 119 of the targeted 119 genes.
        Est. % comp: 100.00; Est. % redund: 0.00

   --------------------------------------------------------------------------   
	On assembly [0;32mGCF_026066475.1[0m; Number 602 of 1312 total.
   --------------------------------------------------------------------------   

      Performing HMM search...
        Found 119 of the targeted 119 genes.
        Est. % comp: 100.00; Est. % redund: 0.84

   --------------------------------------------------------------------------   
	On assembly [0;32mGCF_026131695.1[0m; Number 603 of 1312 total.
   --------------------------------------------------------------------------   

      Performing HMM search...
        Found 119 of the targeted 119 genes.
        Est. % comp: 100.00; Est. % redund: 0.84

   --------------------------------------------------------------------------   
	On assembly [0;32mGCF_026194235.1[0m; Number 604 of 1312 total.
   --------------------------------------------------------------------------   

      Performing HMM search...
        Found 118 of the targeted 119 genes.
        Est. % comp: 99.16; Est. % redund: 1.68

   --------------------------------------------------------------------------   
	On assembly [0;32mGCF_026221135.1[0m; Number 605 of 1312 total.
   --------------------------------------------------------------------------   

      Performing HMM search...
        Found 119 of the targeted 119 genes.
        Est. % comp: 100.00; Est. % redund: 0.00

   --------------------------------------------------------------------------   
	On assembly [0;32mGCF_026241745.1[0m; Number 606 of 1312 total.
   --------------------------------------------------------------------------   

      Performing HMM search...
        Found 118 of the targeted 119 genes.
        Est. % comp: 99.16; Est. % redund: 0.84

   --------------------------------------------------------------------------   
	On assembly [0;32mGCF_026242165.1[0m; Number 607 of 1312 total.
   --------------------------------------------------------------------------   

      Performing HMM search...
        Found 118 of the targeted 119 genes.
        Est. % comp: 99.16; Est. % redund: 0.84

   --------------------------------------------------------------------------   
	On assembly [0;32mGCF_026275485.1[0m; Number 608 of 1312 total.
   --------------------------------------------------------------------------   

      Performing HMM search...
        Found 118 of the targeted 119 genes.
        Est. % comp: 99.16; Est. % redund: 0.84

   --------------------------------------------------------------------------   
	On assembly [0;32mGCF_026420705.1[0m; Number 609 of 1312 total.
   --------------------------------------------------------------------------   

      Performing HMM search...
        Found 118 of the targeted 119 genes.
        Est. % comp: 99.16; Est. % redund: 0.84

   --------------------------------------------------------------------------   
	On assembly [0;32mGCF_026540655.1[0m; Number 610 of 1312 total.
   --------------------------------------------------------------------------   

      Performing HMM search...
        Found 119 of the targeted 119 genes.
        Est. % comp: 100.00; Est. % redund: 0.00

   --------------------------------------------------------------------------   
	On assembly [0;32mGCF_026540675.1[0m; Number 611 of 1312 total.
   --------------------------------------------------------------------------   

      Performing HMM search...
        Found 119 of the targeted 119 genes.
        Est. % comp: 100.00; Est. % redund: 0.00

   --------------------------------------------------------------------------   
	On assembly [0;32mGCF_026672655.1[0m; Number 612 of 1312 total.
   --------------------------------------------------------------------------   

      Performing HMM search...
        Found 119 of the targeted 119 genes.
        Est. % comp: 100.00; Est. % redund: 1.68

   --------------------------------------------------------------------------   
	On assembly [0;32mGCF_026719365.1[0m; Number 613 of 1312 total.
   --------------------------------------------------------------------------   

      Performing HMM search...
        Found 118 of the targeted 119 genes.
        Est. % comp: 99.16; Est. % redund: 0.84

   --------------------------------------------------------------------------   
	On assembly [0;32mGCF_026967595.1[0m; Number 614 of 1312 total.
   --------------------------------------------------------------------------   

      Performing HMM search...
        Found 119 of the targeted 119 genes.
        Est. % comp: 100.00; Est. % redund: 0.00

   --------------------------------------------------------------------------   
	On assembly [0;32mGCF_027853835.1[0m; Number 615 of 1312 total.
   --------------------------------------------------------------------------   

      Performing HMM search...
        Found 118 of the targeted 119 genes.
        Est. % comp: 99.16; Est. % redund: 0.84

   --------------------------------------------------------------------------   
	On assembly [0;32mGCF_027857035.1[0m; Number 616 of 1312 total.
   --------------------------------------------------------------------------   

      Performing HMM search...
        Found 118 of the targeted 119 genes.
        Est. % comp: 99.16; Est. % redund: 0.84

   --------------------------------------------------------------------------   
	On assembly [0;32mGCF_028401745.1[0m; Number 617 of 1312 total.
   --------------------------------------------------------------------------   

      Performing HMM search...
        Found 119 of the targeted 119 genes.
        Est. % comp: 100.00; Est. % redund: 0.84

   --------------------------------------------------------------------------   
	On assembly [0;32mGCF_028728315.1[0m; Number 618 of 1312 total.
   --------------------------------------------------------------------------   

      Performing HMM search...
        Found 119 of the targeted 119 genes.
        Est. % comp: 100.00; Est. % redund: 0.84

   --------------------------------------------------------------------------   
	On assembly [0;32mGCF_028751175.1[0m; Number 619 of 1312 total.
   --------------------------------------------------------------------------   

      Performing HMM search...
        Found 118 of the targeted 119 genes.
        Est. % comp: 99.16; Est. % redund: 3.36

   --------------------------------------------------------------------------   
	On assembly [0;32mGCF_028821655.1[0m; Number 620 of 1312 total.
   --------------------------------------------------------------------------   

      Performing HMM search...
        Found 119 of the targeted 119 genes.
        Est. % comp: 100.00; Est. % redund: 0.00

   --------------------------------------------------------------------------   
	On assembly [0;32mGCF_029016665.1[0m; Number 621 of 1312 total.
   --------------------------------------------------------------------------   

      Performing HMM search...
        Found 118 of the targeted 119 genes.
        Est. % comp: 99.16; Est. % redund: 0.84

   --------------------------------------------------------------------------   
	On assembly [0;32mGCF_029211445.1[0m; Number 622 of 1312 total.
   --------------------------------------------------------------------------   

      Performing HMM search...
        Found 119 of the targeted 119 genes.
        Est. % comp: 100.00; Est. % redund: 0.84

   --------------------------------------------------------------------------   
	On assembly [0;32mGCF_029215565.1[0m; Number 623 of 1312 total.
   --------------------------------------------------------------------------   

      Performing HMM search...
        Found 118 of the targeted 119 genes.
        Est. % comp: 99.16; Est. % redund: 0.84

   --------------------------------------------------------------------------   
	On assembly [0;32mGCF_029282585.1[0m; Number 624 of 1312 total.
   --------------------------------------------------------------------------   

      Performing HMM search...
        Found 118 of the targeted 119 genes.
        Est. % comp: 99.16; Est. % redund: 5.04

   --------------------------------------------------------------------------   
	On assembly [0;32mGCF_029289385.1[0m; Number 625 of 1312 total.
   --------------------------------------------------------------------------   

      Performing HMM search...
        Found 119 of the targeted 119 genes.
        Est. % comp: 100.00; Est. % redund: 0.84

   --------------------------------------------------------------------------   
	On assembly [0;32mGCF_029536185.1[0m; Number 626 of 1312 total.
   --------------------------------------------------------------------------   

      Performing HMM search...
        Found 119 of the targeted 119 genes.
        Est. % comp: 100.00; Est. % redund: 0.00

   --------------------------------------------------------------------------   
	On assembly [0;32mGCF_029541525.1[0m; Number 627 of 1312 total.
   --------------------------------------------------------------------------   

      Performing HMM search...
        Found 119 of the targeted 119 genes.
        Est. % comp: 100.00; Est. % redund: 0.84

   --------------------------------------------------------------------------   
	On assembly [0;32mGCF_029623775.1[0m; Number 628 of 1312 total.
   --------------------------------------------------------------------------   

      Performing HMM search...
        Found 119 of the targeted 119 genes.
        Est. % comp: 100.00; Est. % redund: 0.84

   --------------------------------------------------------------------------   
	On assembly [0;32mGCF_029636745.1[0m; Number 629 of 1312 total.
   --------------------------------------------------------------------------   

      Performing HMM search...
        Found 118 of the targeted 119 genes.
        Est. % comp: 99.16; Est. % redund: 0.84

   --------------------------------------------------------------------------   
	On assembly [0;32mGCF_029772985.1[0m; Number 630 of 1312 total.
   --------------------------------------------------------------------------   

      Performing HMM search...
        Found 118 of the targeted 119 genes.
        Est. % comp: 99.16; Est. % redund: 0.00

   --------------------------------------------------------------------------   
	On assembly [0;32mGCF_029846455.1[0m; Number 631 of 1312 total.
   --------------------------------------------------------------------------   

      Performing HMM search...
        Found 116 of the targeted 119 genes.
        Est. % comp: 97.48; Est. % redund: 0.84

   --------------------------------------------------------------------------   
	On assembly [0;32mGCF_029910295.1[0m; Number 632 of 1312 total.
   --------------------------------------------------------------------------   

      Performing HMM search...
        Found 118 of the targeted 119 genes.
        Est. % comp: 99.16; Est. % redund: 0.84

   --------------------------------------------------------------------------   
	On assembly [0;32mGCF_029958265.1[0m; Number 633 of 1312 total.
   --------------------------------------------------------------------------   

      Performing HMM search...
        Found 119 of the targeted 119 genes.
        Est. % comp: 100.00; Est. % redund: 1.68

   --------------------------------------------------------------------------   
	On assembly [0;32mGCF_030028255.1[0m; Number 634 of 1312 total.
   --------------------------------------------------------------------------   

      Performing HMM search...
        Found 118 of the targeted 119 genes.
        Est. % comp: 99.16; Est. % redund: 0.84

   --------------------------------------------------------------------------   
	On assembly [0;32mGCF_030053655.1[0m; Number 635 of 1312 total.
   --------------------------------------------------------------------------   

      Performing HMM search...
        Found 115 of the targeted 119 genes.
        Est. % comp: 96.64; Est. % redund: 0.00

   --------------------------------------------------------------------------   
	On assembly [0;32mGCF_030053795.1[0m; Number 636 of 1312 total.
   --------------------------------------------------------------------------   

      Performing HMM search...
        Found 118 of the targeted 119 genes.
        Est. % comp: 99.16; Est. % redund: 0.00

   --------------------------------------------------------------------------   
	On assembly [0;32mGCF_030123145.1[0m; Number 637 of 1312 total.
   --------------------------------------------------------------------------   

      Performing HMM search...
        Found 119 of the targeted 119 genes.
        Est. % comp: 100.00; Est. % redund: 0.00

   --------------------------------------------------------------------------   
	On assembly [0;32mGCF_030123185.1[0m; Number 638 of 1312 total.
   --------------------------------------------------------------------------   

      Performing HMM search...
        Found 119 of the targeted 119 genes.
        Est. % comp: 100.00; Est. % redund: 0.84

   --------------------------------------------------------------------------   
	On assembly [0;32mGCF_030123205.1[0m; Number 639 of 1312 total.
   --------------------------------------------------------------------------   

      Performing HMM search...
        Found 119 of the targeted 119 genes.
        Est. % comp: 100.00; Est. % redund: 0.00

   --------------------------------------------------------------------------   
	On assembly [0;32mGCF_030123305.1[0m; Number 640 of 1312 total.
   --------------------------------------------------------------------------   

      Performing HMM search...
        Found 118 of the targeted 119 genes.
        Est. % comp: 99.16; Est. % redund: 0.84

   --------------------------------------------------------------------------   
	On assembly [0;32mGCF_030166595.1[0m; Number 641 of 1312 total.
   --------------------------------------------------------------------------   

      Performing HMM search...
        Found 119 of the targeted 119 genes.
        Est. % comp: 100.00; Est. % redund: 0.00

   --------------------------------------------------------------------------   
	On assembly [0;32mGCF_030209735.1[0m; Number 642 of 1312 total.
   --------------------------------------------------------------------------   

      Performing HMM search...
        Found 119 of the targeted 119 genes.
        Est. % comp: 100.00; Est. % redund: 0.84

   --------------------------------------------------------------------------   
	On assembly [0;32mGCF_030252385.1[0m; Number 643 of 1312 total.
   --------------------------------------------------------------------------   

      Performing HMM search...
        Found 118 of the targeted 119 genes.
        Est. % comp: 99.16; Est. % redund: 0.84

   --------------------------------------------------------------------------   
	On assembly [0;32mGCF_030284405.1[0m; Number 644 of 1312 total.
   --------------------------------------------------------------------------   

      Performing HMM search...
        Found 119 of the targeted 119 genes.
        Est. % comp: 100.00; Est. % redund: 1.68

   --------------------------------------------------------------------------   
	On assembly [0;32mGCF_030284525.1[0m; Number 645 of 1312 total.
   --------------------------------------------------------------------------   

      Performing HMM search...
        Found 118 of the targeted 119 genes.
        Est. % comp: 99.16; Est. % redund: 0.00

   --------------------------------------------------------------------------   
	On assembly [0;32mGCF_030284565.1[0m; Number 646 of 1312 total.
   --------------------------------------------------------------------------   

      Performing HMM search...
        Found 118 of the targeted 119 genes.
        Est. % comp: 99.16; Est. % redund: 0.84

   --------------------------------------------------------------------------   
	On assembly [0;32mGCF_030284665.1[0m; Number 647 of 1312 total.
   --------------------------------------------------------------------------   

      Performing HMM search...
        Found 118 of the targeted 119 genes.
        Est. % comp: 99.16; Est. % redund: 0.84

   --------------------------------------------------------------------------   
	On assembly [0;32mGCF_030284675.1[0m; Number 648 of 1312 total.
   --------------------------------------------------------------------------   

      Performing HMM search...
        Found 119 of the targeted 119 genes.
        Est. % comp: 100.00; Est. % redund: 0.84

   --------------------------------------------------------------------------   
	On assembly [0;32mGCF_030285945.1[0m; Number 649 of 1312 total.
   --------------------------------------------------------------------------   

      Performing HMM search...
        Found 118 of the targeted 119 genes.
        Est. % comp: 99.16; Est. % redund: 0.00

   --------------------------------------------------------------------------   
	On assembly [0;32mGCF_030292055.1[0m; Number 650 of 1312 total.
   --------------------------------------------------------------------------   

      Performing HMM search...
        Found 119 of the targeted 119 genes.
        Est. % comp: 100.00; Est. % redund: 0.00

   --------------------------------------------------------------------------   
	On assembly [0;32mGCF_030348245.1[0m; Number 651 of 1312 total.
   --------------------------------------------------------------------------   

      Performing HMM search...
        Found 117 of the targeted 119 genes.
        Est. % comp: 98.32; Est. % redund: 0.00

   --------------------------------------------------------------------------   
	On assembly [0;32mGCF_030348305.1[0m; Number 652 of 1312 total.
   --------------------------------------------------------------------------   

      Performing HMM search...
        Found 118 of the targeted 119 genes.
        Est. % comp: 99.16; Est. % redund: 0.84

   --------------------------------------------------------------------------   
	On assembly [0;32mGCF_030378485.1[0m; Number 653 of 1312 total.
   --------------------------------------------------------------------------   

      Performing HMM search...
        Found 118 of the targeted 119 genes.
        Est. % comp: 99.16; Est. % redund: 1.68

   --------------------------------------------------------------------------   
	On assembly [0;32mGCF_030412285.1[0m; Number 654 of 1312 total.
   --------------------------------------------------------------------------   

      Performing HMM search...
        Found 119 of the targeted 119 genes.
        Est. % comp: 100.00; Est. % redund: 0.00

   --------------------------------------------------------------------------   
	On assembly [0;32mGCF_030544925.1[0m; Number 655 of 1312 total.
   --------------------------------------------------------------------------   

      Performing HMM search...
        Found 118 of the targeted 119 genes.
        Est. % comp: 99.16; Est. % redund: 0.84

   --------------------------------------------------------------------------   
	On assembly [0;32mGCF_030550855.1[0m; Number 656 of 1312 total.
   --------------------------------------------------------------------------   

      Performing HMM search...
        Found 118 of the targeted 119 genes.
        Est. % comp: 99.16; Est. % redund: 0.84

   --------------------------------------------------------------------------   
	On assembly [0;32mGCF_030676795.1[0m; Number 657 of 1312 total.
   --------------------------------------------------------------------------   

      Performing HMM search...
        Found 118 of the targeted 119 genes.
        Est. % comp: 99.16; Est. % redund: 0.84

   --------------------------------------------------------------------------   
	On assembly [0;32mGCF_030704265.1[0m; Number 658 of 1312 total.
   --------------------------------------------------------------------------   

      Performing HMM search...
        Found 118 of the targeted 119 genes.
        Est. % comp: 99.16; Est. % redund: 0.84

   --------------------------------------------------------------------------   
	On assembly [0;32mGCF_030757775.1[0m; Number 659 of 1312 total.
   --------------------------------------------------------------------------   

      Performing HMM search...
        Found 119 of the targeted 119 genes.
        Est. % comp: 100.00; Est. % redund: 0.00

   --------------------------------------------------------------------------   
	On assembly [0;32mGCF_030851295.1[0m; Number 660 of 1312 total.
   --------------------------------------------------------------------------   

      Performing HMM search...
        Found 119 of the targeted 119 genes.
        Est. % comp: 100.00; Est. % redund: 0.00

   --------------------------------------------------------------------------   
	On assembly [0;32mGCF_030863625.1[0m; Number 661 of 1312 total.
   --------------------------------------------------------------------------   

      Performing HMM search...
        Found 119 of the targeted 119 genes.
        Est. % comp: 100.00; Est. % redund: 0.00

   --------------------------------------------------------------------------   
	On assembly [0;32mGCF_031001775.1[0m; Number 662 of 1312 total.
   --------------------------------------------------------------------------   

      Performing HMM search...
        Found 119 of the targeted 119 genes.
        Est. % comp: 100.00; Est. % redund: 0.00

   --------------------------------------------------------------------------   
	On assembly [0;32mGCF_031118725.1[0m; Number 663 of 1312 total.
   --------------------------------------------------------------------------   

      Performing HMM search...
        Found 118 of the targeted 119 genes.
        Est. % comp: 99.16; Est. % redund: 0.84

   --------------------------------------------------------------------------   
	On assembly [0;32mGCF_031216075.1[0m; Number 664 of 1312 total.
   --------------------------------------------------------------------------   

      Performing HMM search...
        Found 119 of the targeted 119 genes.
        Est. % comp: 100.00; Est. % redund: 0.00

   --------------------------------------------------------------------------   
	On assembly [0;32mGCF_031324045.1[0m; Number 665 of 1312 total.
   --------------------------------------------------------------------------   

      Performing HMM search...
        Found 119 of the targeted 119 genes.
        Est. % comp: 100.00; Est. % redund: 1.68

   --------------------------------------------------------------------------   
	On assembly [0;32mGCF_031324265.1[0m; Number 666 of 1312 total.
   --------------------------------------------------------------------------   

      Performing HMM search...
        Found 118 of the targeted 119 genes.
        Est. % comp: 99.16; Est. % redund: 0.84

   --------------------------------------------------------------------------   
	On assembly [0;32mGCF_031460235.1[0m; Number 667 of 1312 total.
   --------------------------------------------------------------------------   

      Performing HMM search...
        Found 118 of the targeted 119 genes.
        Est. % comp: 99.16; Est. % redund: 0.84

   --------------------------------------------------------------------------   
	On assembly [0;32mGCF_031834575.1[0m; Number 668 of 1312 total.
   --------------------------------------------------------------------------   

      Performing HMM search...
        Found 119 of the targeted 119 genes.
        Est. % comp: 100.00; Est. % redund: 0.84

   --------------------------------------------------------------------------   
	On assembly [0;32mGCF_031883715.1[0m; Number 669 of 1312 total.
   --------------------------------------------------------------------------   

      Performing HMM search...
        Found 118 of the targeted 119 genes.
        Est. % comp: 99.16; Est. % redund: 0.84

   --------------------------------------------------------------------------   
	On assembly [0;32mGCF_032291985.1[0m; Number 670 of 1312 total.
   --------------------------------------------------------------------------   

      Performing HMM search...
        Found 118 of the targeted 119 genes.
        Est. % comp: 99.16; Est. % redund: 0.84

   --------------------------------------------------------------------------   
	On assembly [0;32mGCF_032461565.1[0m; Number 671 of 1312 total.
   --------------------------------------------------------------------------   

      Performing HMM search...
        Found 119 of the targeted 119 genes.
        Est. % comp: 100.00; Est. % redund: 0.00

   --------------------------------------------------------------------------   
	On assembly [0;32mGCF_032461585.1[0m; Number 672 of 1312 total.
   --------------------------------------------------------------------------   

      Performing HMM search...
        Found 118 of the targeted 119 genes.
        Est. % comp: 99.16; Est. % redund: 0.84

   --------------------------------------------------------------------------   
	On assembly [0;32mGCF_032461625.1[0m; Number 673 of 1312 total.
   --------------------------------------------------------------------------   

      Performing HMM search...
        Found 118 of the targeted 119 genes.
        Est. % comp: 99.16; Est. % redund: 0.84

   --------------------------------------------------------------------------   
	On assembly [0;32mGCF_032461835.1[0m; Number 674 of 1312 total.
   --------------------------------------------------------------------------   

      Performing HMM search...
        Found 119 of the targeted 119 genes.
        Est. % comp: 100.00; Est. % redund: 0.00

   --------------------------------------------------------------------------   
	On assembly [0;32mGCF_032763365.1[0m; Number 675 of 1312 total.
   --------------------------------------------------------------------------   

      Performing HMM search...
        Found 119 of the targeted 119 genes.
        Est. % comp: 100.00; Est. % redund: 0.00

   --------------------------------------------------------------------------   
	On assembly [0;32mGCF_032918205.1[0m; Number 676 of 1312 total.
   --------------------------------------------------------------------------   

      Performing HMM search...
        Found 118 of the targeted 119 genes.
        Est. % comp: 99.16; Est. % redund: 0.84

   --------------------------------------------------------------------------   
	On assembly [0;32mGCF_032930055.1[0m; Number 677 of 1312 total.
   --------------------------------------------------------------------------   

      Performing HMM search...
        Found 118 of the targeted 119 genes.
        Est. % comp: 99.16; Est. % redund: 0.84

   --------------------------------------------------------------------------   
	On assembly [0;32mGCF_032933215.1[0m; Number 678 of 1312 total.
   --------------------------------------------------------------------------   

      Performing HMM search...
        Found 118 of the targeted 119 genes.
        Est. % comp: 99.16; Est. % redund: 0.84

   --------------------------------------------------------------------------   
	On assembly [0;32mGCF_033100155.1[0m; Number 679 of 1312 total.
   --------------------------------------------------------------------------   

      Performing HMM search...
        Found 119 of the targeted 119 genes.
        Est. % comp: 100.00; Est. % redund: 0.00

   --------------------------------------------------------------------------   
	On assembly [0;32mGCF_033194635.1[0m; Number 680 of 1312 total.
   --------------------------------------------------------------------------   

      Performing HMM search...
        Found 118 of the targeted 119 genes.
        Est. % comp: 99.16; Est. % redund: 1.68

   --------------------------------------------------------------------------   
	On assembly [0;32mGCF_033449965.1[0m; Number 681 of 1312 total.
   --------------------------------------------------------------------------   

      Performing HMM search...
        Found 110 of the targeted 119 genes.
        Est. % comp: 92.44; Est. % redund: 4.20

   --------------------------------------------------------------------------   
	On assembly [0;32mGCF_033452345.1[0m; Number 682 of 1312 total.
   --------------------------------------------------------------------------   

      Performing HMM search...
        Found 119 of the targeted 119 genes.
        Est. % comp: 100.00; Est. % redund: 0.00

   --------------------------------------------------------------------------   
	On assembly [0;32mGCF_033798645.1[0m; Number 683 of 1312 total.
   --------------------------------------------------------------------------   

      Performing HMM search...
        Found 116 of the targeted 119 genes.
        Est. % comp: 97.48; Est. % redund: 0.84

   --------------------------------------------------------------------------   
	On assembly [0;32mGCF_033949325.1[0m; Number 684 of 1312 total.
   --------------------------------------------------------------------------   

      Performing HMM search...
        Found 119 of the targeted 119 genes.
        Est. % comp: 100.00; Est. % redund: 0.00

   --------------------------------------------------------------------------   
	On assembly [0;32mGCF_033949375.1[0m; Number 685 of 1312 total.
   --------------------------------------------------------------------------   

      Performing HMM search...
        Found 118 of the targeted 119 genes.
        Est. % comp: 99.16; Est. % redund: 0.84

   --------------------------------------------------------------------------   
	On assembly [0;32mGCF_034045075.1[0m; Number 686 of 1312 total.
   --------------------------------------------------------------------------   

      Performing HMM search...
        Found 119 of the targeted 119 genes.
        Est. % comp: 100.00; Est. % redund: 0.84

   --------------------------------------------------------------------------   
	On assembly [0;32mGCF_034054115.1[0m; Number 687 of 1312 total.
   --------------------------------------------------------------------------   

      Performing HMM search...
        Found 119 of the targeted 119 genes.
        Est. % comp: 100.00; Est. % redund: 0.00

   --------------------------------------------------------------------------   
	On assembly [0;32mGCF_034060585.1[0m; Number 688 of 1312 total.
   --------------------------------------------------------------------------   

      Performing HMM search...
        Found 118 of the targeted 119 genes.
        Est. % comp: 99.16; Est. % redund: 0.84

   --------------------------------------------------------------------------   
	On assembly [0;32mGCF_034061945.1[0m; Number 689 of 1312 total.
   --------------------------------------------------------------------------   

      Performing HMM search...
        Found 118 of the targeted 119 genes.
        Est. % comp: 99.16; Est. % redund: 0.84

   --------------------------------------------------------------------------   
	On assembly [0;32mGCF_035064525.1[0m; Number 690 of 1312 total.
   --------------------------------------------------------------------------   

      Performing HMM search...
        Found 119 of the targeted 119 genes.
        Est. % comp: 100.00; Est. % redund: 0.00

   --------------------------------------------------------------------------   
	On assembly [0;32mGCF_035064545.1[0m; Number 691 of 1312 total.
   --------------------------------------------------------------------------   

      Performing HMM search...
        Found 119 of the targeted 119 genes.
        Est. % comp: 100.00; Est. % redund: 2.52

   --------------------------------------------------------------------------   
	On assembly [0;32mGCF_035065055.1[0m; Number 692 of 1312 total.
   --------------------------------------------------------------------------   

      Performing HMM search...
        Found 119 of the targeted 119 genes.
        Est. % comp: 100.00; Est. % redund: 0.00

   --------------------------------------------------------------------------   
	On assembly [0;32mGCF_035065085.1[0m; Number 693 of 1312 total.
   --------------------------------------------------------------------------   

      Performing HMM search...
        Found 119 of the targeted 119 genes.
        Est. % comp: 100.00; Est. % redund: 0.84

   --------------------------------------------------------------------------   
	On assembly [0;32mGCF_035658255.2[0m; Number 694 of 1312 total.
   --------------------------------------------------------------------------   

      Performing HMM search...
        Found 118 of the targeted 119 genes.
        Est. % comp: 99.16; Est. % redund: 0.84

   --------------------------------------------------------------------------   
	On assembly [0;32mGCF_035726865.1[0m; Number 695 of 1312 total.
   --------------------------------------------------------------------------   

      Performing HMM search...
        Found 118 of the targeted 119 genes.
        Est. % comp: 99.16; Est. % redund: 0.84

   --------------------------------------------------------------------------   
	On assembly [0;32mGCF_035807355.1[0m; Number 696 of 1312 total.
   --------------------------------------------------------------------------   

      Performing HMM search...
        Found 119 of the targeted 119 genes.
        Est. % comp: 100.00; Est. % redund: 0.84

   --------------------------------------------------------------------------   
	On assembly [0;32mGCF_035807415.1[0m; Number 697 of 1312 total.
   --------------------------------------------------------------------------   

      Performing HMM search...
        Found 119 of the targeted 119 genes.
        Est. % comp: 100.00; Est. % redund: 0.84

   --------------------------------------------------------------------------   
	On assembly [0;32mGCF_035807435.1[0m; Number 698 of 1312 total.
   --------------------------------------------------------------------------   

      Performing HMM search...
        Found 119 of the targeted 119 genes.
        Est. % comp: 100.00; Est. % redund: 0.84

   --------------------------------------------------------------------------   
	On assembly [0;32mGCF_035807455.1[0m; Number 699 of 1312 total.
   --------------------------------------------------------------------------   

      Performing HMM search...
        Found 118 of the targeted 119 genes.
        Est. % comp: 99.16; Est. % redund: 1.68

   --------------------------------------------------------------------------   
	On assembly [0;32mGCF_035807515.1[0m; Number 700 of 1312 total.
   --------------------------------------------------------------------------   

      Performing HMM search...
        Found 119 of the targeted 119 genes.
        Est. % comp: 100.00; Est. % redund: 0.84

   --------------------------------------------------------------------------   
	On assembly [0;32mGCF_035808035.1[0m; Number 701 of 1312 total.
   --------------------------------------------------------------------------   

      Performing HMM search...
        Found 118 of the targeted 119 genes.
        Est. % comp: 99.16; Est. % redund: 0.84

   --------------------------------------------------------------------------   
	On assembly [0;32mGCF_035808075.1[0m; Number 702 of 1312 total.
   --------------------------------------------------------------------------   

      Performing HMM search...
        Found 118 of the targeted 119 genes.
        Est. % comp: 99.16; Est. % redund: 0.84

   --------------------------------------------------------------------------   
	On assembly [0;32mGCF_036289505.1[0m; Number 703 of 1312 total.
   --------------------------------------------------------------------------   

      Performing HMM search...
        Found 119 of the targeted 119 genes.
        Est. % comp: 100.00; Est. % redund: 0.00

   --------------------------------------------------------------------------   
	On assembly [0;32mGCF_036323435.1[0m; Number 704 of 1312 total.
   --------------------------------------------------------------------------   

      Performing HMM search...
        Found 118 of the targeted 119 genes.
        Est. % comp: 99.16; Est. % redund: 0.84

   --------------------------------------------------------------------------   
	On assembly [0;32mGCF_036348295.1[0m; Number 705 of 1312 total.
   --------------------------------------------------------------------------   

      Performing HMM search...
        Found 119 of the targeted 119 genes.
        Est. % comp: 100.00; Est. % redund: 0.00

   --------------------------------------------------------------------------   
	On assembly [0;32mGCF_036348315.1[0m; Number 706 of 1312 total.
   --------------------------------------------------------------------------   

      Performing HMM search...
        Found 119 of the targeted 119 genes.
        Est. % comp: 100.00; Est. % redund: 0.00

   --------------------------------------------------------------------------   
	On assembly [0;32mGCF_036348335.1[0m; Number 707 of 1312 total.
   --------------------------------------------------------------------------   

      Performing HMM search...
        Found 119 of the targeted 119 genes.
        Est. % comp: 100.00; Est. % redund: 0.84

   --------------------------------------------------------------------------   
	On assembly [0;32mGCF_036348355.1[0m; Number 708 of 1312 total.
   --------------------------------------------------------------------------   

      Performing HMM search...
        Found 118 of the targeted 119 genes.
        Est. % comp: 99.16; Est. % redund: 1.68

   --------------------------------------------------------------------------   
	On assembly [0;32mGCF_036348375.1[0m; Number 709 of 1312 total.
   --------------------------------------------------------------------------   

      Performing HMM search...
        Found 119 of the targeted 119 genes.
        Est. % comp: 100.00; Est. % redund: 0.00

   --------------------------------------------------------------------------   
	On assembly [0;32mGCF_036351855.1[0m; Number 710 of 1312 total.
   --------------------------------------------------------------------------   

      Performing HMM search...
        Found 119 of the targeted 119 genes.
        Est. % comp: 100.00; Est. % redund: 0.00

   --------------------------------------------------------------------------   
	On assembly [0;32mGCF_036351915.1[0m; Number 711 of 1312 total.
   --------------------------------------------------------------------------   

      Performing HMM search...
        Found 119 of the targeted 119 genes.
        Est. % comp: 100.00; Est. % redund: 0.00

   --------------------------------------------------------------------------   
	On assembly [0;32mGCF_036408805.1[0m; Number 712 of 1312 total.
   --------------------------------------------------------------------------   

      Performing HMM search...
        Found 119 of the targeted 119 genes.
        Est. % comp: 100.00; Est. % redund: 0.00

   --------------------------------------------------------------------------   
	On assembly [0;32mGCF_036408815.1[0m; Number 713 of 1312 total.
   --------------------------------------------------------------------------   

      Performing HMM search...
        Found 119 of the targeted 119 genes.
        Est. % comp: 100.00; Est. % redund: 0.00

   --------------------------------------------------------------------------   
	On assembly [0;32mGCF_036408835.1[0m; Number 714 of 1312 total.
   --------------------------------------------------------------------------   

      Performing HMM search...
        Found 119 of the targeted 119 genes.
        Est. % comp: 100.00; Est. % redund: 0.00

   --------------------------------------------------------------------------   
	On assembly [0;32mGCF_036408975.1[0m; Number 715 of 1312 total.
   --------------------------------------------------------------------------   

      Performing HMM search...
        Found 119 of the targeted 119 genes.
        Est. % comp: 100.00; Est. % redund: 0.00

   --------------------------------------------------------------------------   
	On assembly [0;32mGCF_036541465.1[0m; Number 716 of 1312 total.
   --------------------------------------------------------------------------   

      Performing HMM search...
        Found 118 of the targeted 119 genes.
        Est. % comp: 99.16; Est. % redund: 1.68

   --------------------------------------------------------------------------   
	On assembly [0;32mGCF_036621155.1[0m; Number 717 of 1312 total.
   --------------------------------------------------------------------------   

      Performing HMM search...
        Found 119 of the targeted 119 genes.
        Est. % comp: 100.00; Est. % redund: 0.84

   --------------------------------------------------------------------------   
	On assembly [0;32mGCF_036621195.1[0m; Number 718 of 1312 total.
   --------------------------------------------------------------------------   

      Performing HMM search...
        Found 119 of the targeted 119 genes.
        Est. % comp: 100.00; Est. % redund: 0.84

   --------------------------------------------------------------------------   
	On assembly [0;32mGCF_036621215.1[0m; Number 719 of 1312 total.
   --------------------------------------------------------------------------   

      Performing HMM search...
        Found 119 of the targeted 119 genes.
        Est. % comp: 100.00; Est. % redund: 0.00

   --------------------------------------------------------------------------   
	On assembly [0;32mGCF_036621235.1[0m; Number 720 of 1312 total.
   --------------------------------------------------------------------------   

      Performing HMM search...
        Found 119 of the targeted 119 genes.
        Est. % comp: 100.00; Est. % redund: 0.00

   --------------------------------------------------------------------------   
	On assembly [0;32mGCF_036621255.1[0m; Number 721 of 1312 total.
   --------------------------------------------------------------------------   

      Performing HMM search...
        Found 119 of the targeted 119 genes.
        Est. % comp: 100.00; Est. % redund: 0.00

   --------------------------------------------------------------------------   
	On assembly [0;32mGCF_036621275.1[0m; Number 722 of 1312 total.
   --------------------------------------------------------------------------   

      Performing HMM search...
        Found 119 of the targeted 119 genes.
        Est. % comp: 100.00; Est. % redund: 0.00

   --------------------------------------------------------------------------   
	On assembly [0;32mGCF_036621295.1[0m; Number 723 of 1312 total.
   --------------------------------------------------------------------------   

      Performing HMM search...
        Found 119 of the targeted 119 genes.
        Est. % comp: 100.00; Est. % redund: 0.84

   --------------------------------------------------------------------------   
	On assembly [0;32mGCF_036621315.1[0m; Number 724 of 1312 total.
   --------------------------------------------------------------------------   

      Performing HMM search...
        Found 119 of the targeted 119 genes.
        Est. % comp: 100.00; Est. % redund: 0.00

   --------------------------------------------------------------------------   
	On assembly [0;32mGCF_036621335.1[0m; Number 725 of 1312 total.
   --------------------------------------------------------------------------   

      Performing HMM search...
        Found 119 of the targeted 119 genes.
        Est. % comp: 100.00; Est. % redund: 0.00

   --------------------------------------------------------------------------   
	On assembly [0;32mGCF_036621355.1[0m; Number 726 of 1312 total.
   --------------------------------------------------------------------------   

      Performing HMM search...
        Found 119 of the targeted 119 genes.
        Est. % comp: 100.00; Est. % redund: 0.84

   --------------------------------------------------------------------------   
	On assembly [0;32mGCF_036621365.1[0m; Number 727 of 1312 total.
   --------------------------------------------------------------------------   

      Performing HMM search...
        Found 119 of the targeted 119 genes.
        Est. % comp: 100.00; Est. % redund: 0.00

   --------------------------------------------------------------------------   
	On assembly [0;32mGCF_036621395.1[0m; Number 728 of 1312 total.
   --------------------------------------------------------------------------   

      Performing HMM search...
        Found 119 of the targeted 119 genes.
        Est. % comp: 100.00; Est. % redund: 0.84

   --------------------------------------------------------------------------   
	On assembly [0;32mGCF_036961785.1[0m; Number 729 of 1312 total.
   --------------------------------------------------------------------------   

      Performing HMM search...
        Found 118 of the targeted 119 genes.
        Est. % comp: 99.16; Est. % redund: 1.68

   --------------------------------------------------------------------------   
	On assembly [0;32mGCF_036961825.1[0m; Number 730 of 1312 total.
   --------------------------------------------------------------------------   

      Performing HMM search...
        Found 118 of the targeted 119 genes.
        Est. % comp: 99.16; Est. % redund: 0.84

   --------------------------------------------------------------------------   
	On assembly [0;32mGCF_036961945.1[0m; Number 731 of 1312 total.
   --------------------------------------------------------------------------   

      Performing HMM search...
        Found 119 of the targeted 119 genes.
        Est. % comp: 100.00; Est. % redund: 0.84

   --------------------------------------------------------------------------   
	On assembly [0;32mGCF_036961965.1[0m; Number 732 of 1312 total.
   --------------------------------------------------------------------------   

      Performing HMM search...
        Found 118 of the targeted 119 genes.
        Est. % comp: 99.16; Est. % redund: 4.20

   --------------------------------------------------------------------------   
	On assembly [0;32mGCF_036962035.1[0m; Number 733 of 1312 total.
   --------------------------------------------------------------------------   

      Performing HMM search...
        Found 119 of the targeted 119 genes.
        Est. % comp: 100.00; Est. % redund: 6.72

   --------------------------------------------------------------------------   
	On assembly [0;32mGCF_036962085.1[0m; Number 734 of 1312 total.
   --------------------------------------------------------------------------   

      Performing HMM search...
        Found 119 of the targeted 119 genes.
        Est. % comp: 100.00; Est. % redund: 0.84

   --------------------------------------------------------------------------   
	On assembly [0;32mGCF_036962145.1[0m; Number 735 of 1312 total.
   --------------------------------------------------------------------------   

      Performing HMM search...
        Found 118 of the targeted 119 genes.
        Est. % comp: 99.16; Est. % redund: 5.88

   --------------------------------------------------------------------------   
	On assembly [0;32mGCF_036962185.1[0m; Number 736 of 1312 total.
   --------------------------------------------------------------------------   

      Performing HMM search...
        Found 119 of the targeted 119 genes.
        Est. % comp: 100.00; Est. % redund: 0.00

   --------------------------------------------------------------------------   
	On assembly [0;32mGCF_036962205.1[0m; Number 737 of 1312 total.
   --------------------------------------------------------------------------   

      Performing HMM search...
        Found 119 of the targeted 119 genes.
        Est. % comp: 100.00; Est. % redund: 0.00

   --------------------------------------------------------------------------   
	On assembly [0;32mGCF_036962225.1[0m; Number 738 of 1312 total.
   --------------------------------------------------------------------------   

      Performing HMM search...
        Found 119 of the targeted 119 genes.
        Est. % comp: 100.00; Est. % redund: 0.00

   --------------------------------------------------------------------------   
	On assembly [0;32mGCF_036962245.1[0m; Number 739 of 1312 total.
   --------------------------------------------------------------------------   

      Performing HMM search...
        Found 119 of the targeted 119 genes.
        Est. % comp: 100.00; Est. % redund: 1.68

   --------------------------------------------------------------------------   
	On assembly [0;32mGCF_036962265.1[0m; Number 740 of 1312 total.
   --------------------------------------------------------------------------   

      Performing HMM search...
        Found 118 of the targeted 119 genes.
        Est. % comp: 99.16; Est. % redund: 0.84

   --------------------------------------------------------------------------   
	On assembly [0;32mGCF_036962285.1[0m; Number 741 of 1312 total.
   --------------------------------------------------------------------------   

      Performing HMM search...
        Found 119 of the targeted 119 genes.
        Est. % comp: 100.00; Est. % redund: 2.52

   --------------------------------------------------------------------------   
	On assembly [0;32mGCF_036962425.1[0m; Number 742 of 1312 total.
   --------------------------------------------------------------------------   

      Performing HMM search...
        Found 119 of the targeted 119 genes.
        Est. % comp: 100.00; Est. % redund: 0.84

   --------------------------------------------------------------------------   
	On assembly [0;32mGCF_036962445.1[0m; Number 743 of 1312 total.
   --------------------------------------------------------------------------   

      Performing HMM search...
        Found 119 of the targeted 119 genes.
        Est. % comp: 100.00; Est. % redund: 0.84

   --------------------------------------------------------------------------   
	On assembly [0;32mGCF_036962485.1[0m; Number 744 of 1312 total.
   --------------------------------------------------------------------------   

      Performing HMM search...
        Found 118 of the targeted 119 genes.
        Est. % comp: 99.16; Est. % redund: 0.84

   --------------------------------------------------------------------------   
	On assembly [0;32mGCF_036962545.1[0m; Number 745 of 1312 total.
   --------------------------------------------------------------------------   

      Performing HMM search...
        Found 119 of the targeted 119 genes.
        Est. % comp: 100.00; Est. % redund: 0.84

   --------------------------------------------------------------------------   
	On assembly [0;32mGCF_036962565.1[0m; Number 746 of 1312 total.
   --------------------------------------------------------------------------   

      Performing HMM search...
        Found 119 of the targeted 119 genes.
        Est. % comp: 100.00; Est. % redund: 1.68

   --------------------------------------------------------------------------   
	On assembly [0;32mGCF_036962605.1[0m; Number 747 of 1312 total.
   --------------------------------------------------------------------------   

      Performing HMM search...
        Found 119 of the targeted 119 genes.
        Est. % comp: 100.00; Est. % redund: 0.00

   --------------------------------------------------------------------------   
	On assembly [0;32mGCF_036962685.1[0m; Number 748 of 1312 total.
   --------------------------------------------------------------------------   

      Performing HMM search...
        Found 118 of the targeted 119 genes.
        Est. % comp: 99.16; Est. % redund: 3.36

   --------------------------------------------------------------------------   
	On assembly [0;32mGCF_036962705.1[0m; Number 749 of 1312 total.
   --------------------------------------------------------------------------   

      Performing HMM search...
        Found 118 of the targeted 119 genes.
        Est. % comp: 99.16; Est. % redund: 6.72

   --------------------------------------------------------------------------   
	On assembly [0;32mGCF_036962825.1[0m; Number 750 of 1312 total.
   --------------------------------------------------------------------------   

      Performing HMM search...
        Found 119 of the targeted 119 genes.
        Est. % comp: 100.00; Est. % redund: 0.00

   --------------------------------------------------------------------------   
	On assembly [0;32mGCF_036962865.1[0m; Number 751 of 1312 total.
   --------------------------------------------------------------------------   

      Performing HMM search...
        Found 119 of the targeted 119 genes.
        Est. % comp: 100.00; Est. % redund: 0.84

   --------------------------------------------------------------------------   
	On assembly [0;32mGCF_036962945.1[0m; Number 752 of 1312 total.
   --------------------------------------------------------------------------   

      Performing HMM search...
        Found 118 of the targeted 119 genes.
        Est. % comp: 99.16; Est. % redund: 0.84

   --------------------------------------------------------------------------   
	On assembly [0;32mGCF_036962985.1[0m; Number 753 of 1312 total.
   --------------------------------------------------------------------------   

      Performing HMM search...
        Found 118 of the targeted 119 genes.
        Est. % comp: 99.16; Est. % redund: 0.84

   --------------------------------------------------------------------------   
	On assembly [0;32mGCF_036963045.1[0m; Number 754 of 1312 total.
   --------------------------------------------------------------------------   

      Performing HMM search...
        Found 119 of the targeted 119 genes.
        Est. % comp: 100.00; Est. % redund: 0.00

   --------------------------------------------------------------------------   
	On assembly [0;32mGCF_036963145.1[0m; Number 755 of 1312 total.
   --------------------------------------------------------------------------   

      Performing HMM search...
        Found 119 of the targeted 119 genes.
        Est. % comp: 100.00; Est. % redund: 1.68

   --------------------------------------------------------------------------   
	On assembly [0;32mGCF_036963165.1[0m; Number 756 of 1312 total.
   --------------------------------------------------------------------------   

      Performing HMM search...
        Found 119 of the targeted 119 genes.
        Est. % comp: 100.00; Est. % redund: 0.84

   --------------------------------------------------------------------------   
	On assembly [0;32mGCF_036963185.1[0m; Number 757 of 1312 total.
   --------------------------------------------------------------------------   

      Performing HMM search...
        Found 118 of the targeted 119 genes.
        Est. % comp: 99.16; Est. % redund: 0.84

   --------------------------------------------------------------------------   
	On assembly [0;32mGCF_036963205.1[0m; Number 758 of 1312 total.
   --------------------------------------------------------------------------   

      Performing HMM search...
        Found 118 of the targeted 119 genes.
        Est. % comp: 99.16; Est. % redund: 0.84

   --------------------------------------------------------------------------   
	On assembly [0;32mGCF_036963225.1[0m; Number 759 of 1312 total.
   --------------------------------------------------------------------------   

      Performing HMM search...
        Found 119 of the targeted 119 genes.
        Est. % comp: 100.00; Est. % redund: 1.68

   --------------------------------------------------------------------------   
	On assembly [0;32mGCF_036963245.1[0m; Number 760 of 1312 total.
   --------------------------------------------------------------------------   

      Performing HMM search...
        Found 119 of the targeted 119 genes.
        Est. % comp: 100.00; Est. % redund: 1.68

   --------------------------------------------------------------------------   
	On assembly [0;32mGCF_036963285.1[0m; Number 761 of 1312 total.
   --------------------------------------------------------------------------   

      Performing HMM search...
        Found 119 of the targeted 119 genes.
        Est. % comp: 100.00; Est. % redund: 0.84

   --------------------------------------------------------------------------   
	On assembly [0;32mGCF_036963325.1[0m; Number 762 of 1312 total.
   --------------------------------------------------------------------------   

      Performing HMM search...
        Found 119 of the targeted 119 genes.
        Est. % comp: 100.00; Est. % redund: 0.84

   --------------------------------------------------------------------------   
	On assembly [0;32mGCF_036963345.1[0m; Number 763 of 1312 total.
   --------------------------------------------------------------------------   

      Performing HMM search...
        Found 119 of the targeted 119 genes.
        Est. % comp: 100.00; Est. % redund: 1.68

   --------------------------------------------------------------------------   
	On assembly [0;32mGCF_036963425.1[0m; Number 764 of 1312 total.
   --------------------------------------------------------------------------   

      Performing HMM search...
        Found 118 of the targeted 119 genes.
        Est. % comp: 99.16; Est. % redund: 0.84

   --------------------------------------------------------------------------   
	On assembly [0;32mGCF_036963465.1[0m; Number 765 of 1312 total.
   --------------------------------------------------------------------------   

      Performing HMM search...
        Found 118 of the targeted 119 genes.
        Est. % comp: 99.16; Est. % redund: 0.84

   --------------------------------------------------------------------------   
	On assembly [0;32mGCF_036963545.1[0m; Number 766 of 1312 total.
   --------------------------------------------------------------------------   

      Performing HMM search...
        Found 119 of the targeted 119 genes.
        Est. % comp: 100.00; Est. % redund: 0.84

   --------------------------------------------------------------------------   
	On assembly [0;32mGCF_036963585.1[0m; Number 767 of 1312 total.
   --------------------------------------------------------------------------   

      Performing HMM search...
        Found 119 of the targeted 119 genes.
        Est. % comp: 100.00; Est. % redund: 0.00

   --------------------------------------------------------------------------   
	On assembly [0;32mGCF_036964705.1[0m; Number 768 of 1312 total.
   --------------------------------------------------------------------------   

      Performing HMM search...
        Found 119 of the targeted 119 genes.
        Est. % comp: 100.00; Est. % redund: 0.00

   --------------------------------------------------------------------------   
	On assembly [0;32mGCF_036964795.1[0m; Number 769 of 1312 total.
   --------------------------------------------------------------------------   

      Performing HMM search...
        Found 118 of the targeted 119 genes.
        Est. % comp: 99.16; Est. % redund: 0.84

   --------------------------------------------------------------------------   
	On assembly [0;32mGCF_036964805.1[0m; Number 770 of 1312 total.
   --------------------------------------------------------------------------   

      Performing HMM search...
        Found 119 of the targeted 119 genes.
        Est. % comp: 100.00; Est. % redund: 0.84

   --------------------------------------------------------------------------   
	On assembly [0;32mGCF_036964885.1[0m; Number 771 of 1312 total.
   --------------------------------------------------------------------------   

      Performing HMM search...
        Found 119 of the targeted 119 genes.
        Est. % comp: 100.00; Est. % redund: 1.68

   --------------------------------------------------------------------------   
	On assembly [0;32mGCF_036964945.1[0m; Number 772 of 1312 total.
   --------------------------------------------------------------------------   

      Performing HMM search...
        Found 119 of the targeted 119 genes.
        Est. % comp: 100.00; Est. % redund: 0.84

   --------------------------------------------------------------------------   
	On assembly [0;32mGCF_036964965.1[0m; Number 773 of 1312 total.
   --------------------------------------------------------------------------   

      Performing HMM search...
        Found 119 of the targeted 119 genes.
        Est. % comp: 100.00; Est. % redund: 1.68

   --------------------------------------------------------------------------   
	On assembly [0;32mGCF_036965045.1[0m; Number 774 of 1312 total.
   --------------------------------------------------------------------------   

      Performing HMM search...
        Found 119 of the targeted 119 genes.
        Est. % comp: 100.00; Est. % redund: 6.72

   --------------------------------------------------------------------------   
	On assembly [0;32mGCF_036965085.1[0m; Number 775 of 1312 total.
   --------------------------------------------------------------------------   

      Performing HMM search...
        Found 118 of the targeted 119 genes.
        Est. % comp: 99.16; Est. % redund: 5.04

   --------------------------------------------------------------------------   
	On assembly [0;32mGCF_036965165.1[0m; Number 776 of 1312 total.
   --------------------------------------------------------------------------   

      Performing HMM search...
        Found 118 of the targeted 119 genes.
        Est. % comp: 99.16; Est. % redund: 5.88

   --------------------------------------------------------------------------   
	On assembly [0;32mGCF_036965225.1[0m; Number 777 of 1312 total.
   --------------------------------------------------------------------------   

      Performing HMM search...
        Found 118 of the targeted 119 genes.
        Est. % comp: 99.16; Est. % redund: 5.88

   --------------------------------------------------------------------------   
	On assembly [0;32mGCF_036965365.1[0m; Number 778 of 1312 total.
   --------------------------------------------------------------------------   

      Performing HMM search...
        Found 119 of the targeted 119 genes.
        Est. % comp: 100.00; Est. % redund: 0.84

   --------------------------------------------------------------------------   
	On assembly [0;32mGCF_036965505.1[0m; Number 779 of 1312 total.
   --------------------------------------------------------------------------   

      Performing HMM search...
        Found 119 of the targeted 119 genes.
        Est. % comp: 100.00; Est. % redund: 0.00

   --------------------------------------------------------------------------   
	On assembly [0;32mGCF_036965725.1[0m; Number 780 of 1312 total.
   --------------------------------------------------------------------------   

      Performing HMM search...
        Found 119 of the targeted 119 genes.
        Est. % comp: 100.00; Est. % redund: 0.00

   --------------------------------------------------------------------------   
	On assembly [0;32mGCF_036965825.1[0m; Number 781 of 1312 total.
   --------------------------------------------------------------------------   

      Performing HMM search...
        Found 119 of the targeted 119 genes.
        Est. % comp: 100.00; Est. % redund: 0.00

   --------------------------------------------------------------------------   
	On assembly [0;32mGCF_036965865.1[0m; Number 782 of 1312 total.
   --------------------------------------------------------------------------   

      Performing HMM search...
        Found 118 of the targeted 119 genes.
        Est. % comp: 99.16; Est. % redund: 0.84

   --------------------------------------------------------------------------   
	On assembly [0;32mGCF_036965885.1[0m; Number 783 of 1312 total.
   --------------------------------------------------------------------------   

      Performing HMM search...
        Found 118 of the targeted 119 genes.
        Est. % comp: 99.16; Est. % redund: 0.84

   --------------------------------------------------------------------------   
	On assembly [0;32mGCF_036965905.1[0m; Number 784 of 1312 total.
   --------------------------------------------------------------------------   

      Performing HMM search...
        Found 118 of the targeted 119 genes.
        Est. % comp: 99.16; Est. % redund: 0.84

   --------------------------------------------------------------------------   
	On assembly [0;32mGCF_036965965.1[0m; Number 785 of 1312 total.
   --------------------------------------------------------------------------   

      Performing HMM search...
        Found 119 of the targeted 119 genes.
        Est. % comp: 100.00; Est. % redund: 1.68

   --------------------------------------------------------------------------   
	On assembly [0;32mGCF_036966005.1[0m; Number 786 of 1312 total.
   --------------------------------------------------------------------------   

      Performing HMM search...
        Found 119 of the targeted 119 genes.
        Est. % comp: 100.00; Est. % redund: 0.84

   --------------------------------------------------------------------------   
	On assembly [0;32mGCF_036966045.1[0m; Number 787 of 1312 total.
   --------------------------------------------------------------------------   

      Performing HMM search...
        Found 119 of the targeted 119 genes.
        Est. % comp: 100.00; Est. % redund: 0.84

   --------------------------------------------------------------------------   
	On assembly [0;32mGCF_036966065.1[0m; Number 788 of 1312 total.
   --------------------------------------------------------------------------   

      Performing HMM search...
        Found 119 of the targeted 119 genes.
        Est. % comp: 100.00; Est. % redund: 2.52

   --------------------------------------------------------------------------   
	On assembly [0;32mGCF_036966125.1[0m; Number 789 of 1312 total.
   --------------------------------------------------------------------------   

      Performing HMM search...
        Found 119 of the targeted 119 genes.
        Est. % comp: 100.00; Est. % redund: 0.00

   --------------------------------------------------------------------------   
	On assembly [0;32mGCF_036966145.1[0m; Number 790 of 1312 total.
   --------------------------------------------------------------------------   

      Performing HMM search...
        Found 118 of the targeted 119 genes.
        Est. % comp: 99.16; Est. % redund: 0.84

   --------------------------------------------------------------------------   
	On assembly [0;32mGCF_036966165.1[0m; Number 791 of 1312 total.
   --------------------------------------------------------------------------   

      Performing HMM search...
        Found 118 of the targeted 119 genes.
        Est. % comp: 99.16; Est. % redund: 0.84

   --------------------------------------------------------------------------   
	On assembly [0;32mGCF_036966185.1[0m; Number 792 of 1312 total.
   --------------------------------------------------------------------------   

      Performing HMM search...
        Found 118 of the targeted 119 genes.
        Est. % comp: 99.16; Est. % redund: 0.84

   --------------------------------------------------------------------------   
	On assembly [0;32mGCF_036966225.1[0m; Number 793 of 1312 total.
   --------------------------------------------------------------------------   

      Performing HMM search...
        Found 118 of the targeted 119 genes.
        Est. % comp: 99.16; Est. % redund: 2.52

   --------------------------------------------------------------------------   
	On assembly [0;32mGCF_036966245.1[0m; Number 794 of 1312 total.
   --------------------------------------------------------------------------   

      Performing HMM search...
        Found 119 of the targeted 119 genes.
        Est. % comp: 100.00; Est. % redund: 1.68

   --------------------------------------------------------------------------   
	On assembly [0;32mGCF_036966285.1[0m; Number 795 of 1312 total.
   --------------------------------------------------------------------------   

      Performing HMM search...
        Found 119 of the targeted 119 genes.
        Est. % comp: 100.00; Est. % redund: 0.00

   --------------------------------------------------------------------------   
	On assembly [0;32mGCF_036966305.1[0m; Number 796 of 1312 total.
   --------------------------------------------------------------------------   

      Performing HMM search...
        Found 119 of the targeted 119 genes.
        Est. % comp: 100.00; Est. % redund: 0.84

   --------------------------------------------------------------------------   
	On assembly [0;32mGCF_036966325.1[0m; Number 797 of 1312 total.
   --------------------------------------------------------------------------   

      Performing HMM search...
        Found 118 of the targeted 119 genes.
        Est. % comp: 99.16; Est. % redund: 0.84

   --------------------------------------------------------------------------   
	On assembly [0;32mGCF_036966345.1[0m; Number 798 of 1312 total.
   --------------------------------------------------------------------------   

      Performing HMM search...
        Found 119 of the targeted 119 genes.
        Est. % comp: 100.00; Est. % redund: 0.84

   --------------------------------------------------------------------------   
	On assembly [0;32mGCF_036966385.1[0m; Number 799 of 1312 total.
   --------------------------------------------------------------------------   

      Performing HMM search...
        Found 118 of the targeted 119 genes.
        Est. % comp: 99.16; Est. % redund: 0.84

   --------------------------------------------------------------------------   
	On assembly [0;32mGCF_036966405.1[0m; Number 800 of 1312 total.
   --------------------------------------------------------------------------   

      Performing HMM search...
        Found 119 of the targeted 119 genes.
        Est. % comp: 100.00; Est. % redund: 0.00

   --------------------------------------------------------------------------   
	On assembly [0;32mGCF_036966425.1[0m; Number 801 of 1312 total.
   --------------------------------------------------------------------------   

      Performing HMM search...
        Found 119 of the targeted 119 genes.
        Est. % comp: 100.00; Est. % redund: 1.68

   --------------------------------------------------------------------------   
	On assembly [0;32mGCF_036966445.1[0m; Number 802 of 1312 total.
   --------------------------------------------------------------------------   

      Performing HMM search...
        Found 119 of the targeted 119 genes.
        Est. % comp: 100.00; Est. % redund: 0.00

   --------------------------------------------------------------------------   
	On assembly [0;32mGCF_036966465.1[0m; Number 803 of 1312 total.
   --------------------------------------------------------------------------   

      Performing HMM search...
        Found 119 of the targeted 119 genes.
        Est. % comp: 100.00; Est. % redund: 0.84

   --------------------------------------------------------------------------   
	On assembly [0;32mGCF_036966585.1[0m; Number 804 of 1312 total.
   --------------------------------------------------------------------------   

      Performing HMM search...
        Found 119 of the targeted 119 genes.
        Est. % comp: 100.00; Est. % redund: 0.00

   --------------------------------------------------------------------------   
	On assembly [0;32mGCF_036966605.1[0m; Number 805 of 1312 total.
   --------------------------------------------------------------------------   

      Performing HMM search...
        Found 119 of the targeted 119 genes.
        Est. % comp: 100.00; Est. % redund: 0.84

   --------------------------------------------------------------------------   
	On assembly [0;32mGCF_036966625.1[0m; Number 806 of 1312 total.
   --------------------------------------------------------------------------   

      Performing HMM search...
        Found 119 of the targeted 119 genes.
        Est. % comp: 100.00; Est. % redund: 0.84

   --------------------------------------------------------------------------   
	On assembly [0;32mGCF_036966645.1[0m; Number 807 of 1312 total.
   --------------------------------------------------------------------------   

      Performing HMM search...
        Found 119 of the targeted 119 genes.
        Est. % comp: 100.00; Est. % redund: 0.84

   --------------------------------------------------------------------------   
	On assembly [0;32mGCF_036966665.1[0m; Number 808 of 1312 total.
   --------------------------------------------------------------------------   

      Performing HMM search...
        Found 118 of the targeted 119 genes.
        Est. % comp: 99.16; Est. % redund: 1.68

   --------------------------------------------------------------------------   
	On assembly [0;32mGCF_036966685.1[0m; Number 809 of 1312 total.
   --------------------------------------------------------------------------   

      Performing HMM search...
        Found 119 of the targeted 119 genes.
        Est. % comp: 100.00; Est. % redund: 1.68

   --------------------------------------------------------------------------   
	On assembly [0;32mGCF_036966705.1[0m; Number 810 of 1312 total.
   --------------------------------------------------------------------------   

      Performing HMM search...
        Found 119 of the targeted 119 genes.
        Est. % comp: 100.00; Est. % redund: 0.00

   --------------------------------------------------------------------------   
	On assembly [0;32mGCF_036966745.1[0m; Number 811 of 1312 total.
   --------------------------------------------------------------------------   

      Performing HMM search...
        Found 119 of the targeted 119 genes.
        Est. % comp: 100.00; Est. % redund: 0.84

   --------------------------------------------------------------------------   
	On assembly [0;32mGCF_036966765.1[0m; Number 812 of 1312 total.
   --------------------------------------------------------------------------   

      Performing HMM search...
        Found 119 of the targeted 119 genes.
        Est. % comp: 100.00; Est. % redund: 0.00

   --------------------------------------------------------------------------   
	On assembly [0;32mGCF_036966785.1[0m; Number 813 of 1312 total.
   --------------------------------------------------------------------------   

      Performing HMM search...
        Found 119 of the targeted 119 genes.
        Est. % comp: 100.00; Est. % redund: 0.84

   --------------------------------------------------------------------------   
	On assembly [0;32mGCF_036966825.1[0m; Number 814 of 1312 total.
   --------------------------------------------------------------------------   

      Performing HMM search...
        Found 118 of the targeted 119 genes.
        Est. % comp: 99.16; Est. % redund: 1.68

   --------------------------------------------------------------------------   
	On assembly [0;32mGCF_036966845.1[0m; Number 815 of 1312 total.
   --------------------------------------------------------------------------   

      Performing HMM search...
        Found 119 of the targeted 119 genes.
        Est. % comp: 100.00; Est. % redund: 0.84

   --------------------------------------------------------------------------   
	On assembly [0;32mGCF_036966865.1[0m; Number 816 of 1312 total.
   --------------------------------------------------------------------------   

      Performing HMM search...
        Found 119 of the targeted 119 genes.
        Est. % comp: 100.00; Est. % redund: 0.84

   --------------------------------------------------------------------------   
	On assembly [0;32mGCF_036966885.1[0m; Number 817 of 1312 total.
   --------------------------------------------------------------------------   

      Performing HMM search...
        Found 119 of the targeted 119 genes.
        Est. % comp: 100.00; Est. % redund: 0.00

   --------------------------------------------------------------------------   
	On assembly [0;32mGCF_036966905.1[0m; Number 818 of 1312 total.
   --------------------------------------------------------------------------   

      Performing HMM search...
        Found 119 of the targeted 119 genes.
        Est. % comp: 100.00; Est. % redund: 0.00

   --------------------------------------------------------------------------   
	On assembly [0;32mGCF_036966925.1[0m; Number 819 of 1312 total.
   --------------------------------------------------------------------------   

      Performing HMM search...
        Found 119 of the targeted 119 genes.
        Est. % comp: 100.00; Est. % redund: 0.84

   --------------------------------------------------------------------------   
	On assembly [0;32mGCF_036966945.1[0m; Number 820 of 1312 total.
   --------------------------------------------------------------------------   

      Performing HMM search...
        Found 119 of the targeted 119 genes.
        Est. % comp: 100.00; Est. % redund: 0.84

   --------------------------------------------------------------------------   
	On assembly [0;32mGCF_036966965.1[0m; Number 821 of 1312 total.
   --------------------------------------------------------------------------   

      Performing HMM search...
        Found 119 of the targeted 119 genes.
        Est. % comp: 100.00; Est. % redund: 0.00

   --------------------------------------------------------------------------   
	On assembly [0;32mGCF_036967005.1[0m; Number 822 of 1312 total.
   --------------------------------------------------------------------------   

      Performing HMM search...
        Found 117 of the targeted 119 genes.
        Est. % comp: 98.32; Est. % redund: 0.84

   --------------------------------------------------------------------------   
	On assembly [0;32mGCF_036967025.1[0m; Number 823 of 1312 total.
   --------------------------------------------------------------------------   

      Performing HMM search...
        Found 119 of the targeted 119 genes.
        Est. % comp: 100.00; Est. % redund: 0.00

   --------------------------------------------------------------------------   
	On assembly [0;32mGCF_036967045.1[0m; Number 824 of 1312 total.
   --------------------------------------------------------------------------   

      Performing HMM search...
        Found 119 of the targeted 119 genes.
        Est. % comp: 100.00; Est. % redund: 0.84

   --------------------------------------------------------------------------   
	On assembly [0;32mGCF_036967065.1[0m; Number 825 of 1312 total.
   --------------------------------------------------------------------------   

      Performing HMM search...
        Found 118 of the targeted 119 genes.
        Est. % comp: 99.16; Est. % redund: 0.84

   --------------------------------------------------------------------------   
	On assembly [0;32mGCF_036967085.1[0m; Number 826 of 1312 total.
   --------------------------------------------------------------------------   

      Performing HMM search...
        Found 118 of the targeted 119 genes.
        Est. % comp: 99.16; Est. % redund: 0.84

   --------------------------------------------------------------------------   
	On assembly [0;32mGCF_036967105.1[0m; Number 827 of 1312 total.
   --------------------------------------------------------------------------   

      Performing HMM search...
        Found 119 of the targeted 119 genes.
        Est. % comp: 100.00; Est. % redund: 0.00

   --------------------------------------------------------------------------   
	On assembly [0;32mGCF_036967125.1[0m; Number 828 of 1312 total.
   --------------------------------------------------------------------------   

      Performing HMM search...
        Found 119 of the targeted 119 genes.
        Est. % comp: 100.00; Est. % redund: 0.00

   --------------------------------------------------------------------------   
	On assembly [0;32mGCF_036967145.1[0m; Number 829 of 1312 total.
   --------------------------------------------------------------------------   

      Performing HMM search...
        Found 118 of the targeted 119 genes.
        Est. % comp: 99.16; Est. % redund: 0.84

   --------------------------------------------------------------------------   
	On assembly [0;32mGCF_037026705.1[0m; Number 830 of 1312 total.
   --------------------------------------------------------------------------   

      Performing HMM search...
        Found 119 of the targeted 119 genes.
        Est. % comp: 100.00; Est. % redund: 0.00

   --------------------------------------------------------------------------   
	On assembly [0;32mGCF_037027085.1[0m; Number 831 of 1312 total.
   --------------------------------------------------------------------------   

      Performing HMM search...
        Found 119 of the targeted 119 genes.
        Est. % comp: 100.00; Est. % redund: 0.00

   --------------------------------------------------------------------------   
	On assembly [0;32mGCF_037027125.1[0m; Number 832 of 1312 total.
   --------------------------------------------------------------------------   

      Performing HMM search...
        Found 119 of the targeted 119 genes.
        Est. % comp: 100.00; Est. % redund: 0.00

   --------------------------------------------------------------------------   
	On assembly [0;32mGCF_037094735.1[0m; Number 833 of 1312 total.
   --------------------------------------------------------------------------   

      Performing HMM search...
        Found 118 of the targeted 119 genes.
        Est. % comp: 99.16; Est. % redund: 0.84

   --------------------------------------------------------------------------   
	On assembly [0;32mGCF_037094765.1[0m; Number 834 of 1312 total.
   --------------------------------------------------------------------------   

      Performing HMM search...
        Found 119 of the targeted 119 genes.
        Est. % comp: 100.00; Est. % redund: 0.84

   --------------------------------------------------------------------------   
	On assembly [0;32mGCF_037094775.1[0m; Number 835 of 1312 total.
   --------------------------------------------------------------------------   

      Performing HMM search...
        Found 119 of the targeted 119 genes.
        Est. % comp: 100.00; Est. % redund: 0.00

   --------------------------------------------------------------------------   
	On assembly [0;32mGCF_037094785.1[0m; Number 836 of 1312 total.
   --------------------------------------------------------------------------   

      Performing HMM search...
        Found 119 of the targeted 119 genes.
        Est. % comp: 100.00; Est. % redund: 1.68

   --------------------------------------------------------------------------   
	On assembly [0;32mGCF_037095775.1[0m; Number 837 of 1312 total.
   --------------------------------------------------------------------------   

      Performing HMM search...
        Found 118 of the targeted 119 genes.
        Est. % comp: 99.16; Est. % redund: 0.84

   --------------------------------------------------------------------------   
	On assembly [0;32mGCF_037104495.1[0m; Number 838 of 1312 total.
   --------------------------------------------------------------------------   

      Performing HMM search...
        Found 119 of the targeted 119 genes.
        Est. % comp: 100.00; Est. % redund: 0.00

   --------------------------------------------------------------------------   
	On assembly [0;32mGCF_037414965.1[0m; Number 839 of 1312 total.
   --------------------------------------------------------------------------   

      Performing HMM search...
        Found 119 of the targeted 119 genes.
        Est. % comp: 100.00; Est. % redund: 0.00

   --------------------------------------------------------------------------   
	On assembly [0;32mGCF_037907685.1[0m; Number 840 of 1312 total.
   --------------------------------------------------------------------------   

      Performing HMM search...
        Found 119 of the targeted 119 genes.
        Est. % comp: 100.00; Est. % redund: 0.00

   --------------------------------------------------------------------------   
	On assembly [0;32mGCF_037907705.1[0m; Number 841 of 1312 total.
   --------------------------------------------------------------------------   

      Performing HMM search...
        Found 119 of the targeted 119 genes.
        Est. % comp: 100.00; Est. % redund: 0.00

   --------------------------------------------------------------------------   
	On assembly [0;32mGCF_037997165.1[0m; Number 842 of 1312 total.
   --------------------------------------------------------------------------   

      Performing HMM search...
        Found 118 of the targeted 119 genes.
        Est. % comp: 99.16; Est. % redund: 0.00

   --------------------------------------------------------------------------   
	On assembly [0;32mGCF_038069635.2[0m; Number 843 of 1312 total.
   --------------------------------------------------------------------------   

      Performing HMM search...
        Found 119 of the targeted 119 genes.
        Est. % comp: 100.00; Est. % redund: 0.00

   --------------------------------------------------------------------------   
	On assembly [0;32mGCF_038442665.1[0m; Number 844 of 1312 total.
   --------------------------------------------------------------------------   

      Performing HMM search...
        Found 118 of the targeted 119 genes.
        Est. % comp: 99.16; Est. % redund: 0.00

   --------------------------------------------------------------------------   
	On assembly [0;32mGCF_038561975.1[0m; Number 845 of 1312 total.
   --------------------------------------------------------------------------   

      Performing HMM search...
        Found 119 of the targeted 119 genes.
        Est. % comp: 100.00; Est. % redund: 0.00

   --------------------------------------------------------------------------   
	On assembly [0;32mGCF_039519175.1[0m; Number 846 of 1312 total.
   --------------------------------------------------------------------------   

      Performing HMM search...
        Found 119 of the targeted 119 genes.
        Est. % comp: 100.00; Est. % redund: 0.84

   --------------------------------------------------------------------------   
	On assembly [0;32mGCF_039619305.1[0m; Number 847 of 1312 total.
   --------------------------------------------------------------------------   

      Performing HMM search...
        Found 119 of the targeted 119 genes.
        Est. % comp: 100.00; Est. % redund: 0.00

   --------------------------------------------------------------------------   
	On assembly [0;32mGCF_039671235.1[0m; Number 848 of 1312 total.
   --------------------------------------------------------------------------   

      Performing HMM search...
        Found 119 of the targeted 119 genes.
        Est. % comp: 100.00; Est. % redund: 0.00

   --------------------------------------------------------------------------   
	On assembly [0;32mGCF_039680825.1[0m; Number 849 of 1312 total.
   --------------------------------------------------------------------------   

      Performing HMM search...
        Found 119 of the targeted 119 genes.
        Est. % comp: 100.00; Est. % redund: 1.68

   --------------------------------------------------------------------------   
	On assembly [0;32mGCF_039851945.1[0m; Number 850 of 1312 total.
   --------------------------------------------------------------------------   

      Performing HMM search...
        Found 118 of the targeted 119 genes.
        Est. % comp: 99.16; Est. % redund: 0.84

   --------------------------------------------------------------------------   
	On assembly [0;32mGCF_039851955.1[0m; Number 851 of 1312 total.
   --------------------------------------------------------------------------   

      Performing HMM search...
        Found 118 of the targeted 119 genes.
        Est. % comp: 99.16; Est. % redund: 0.84

   --------------------------------------------------------------------------   
	On assembly [0;32mGCF_040151235.1[0m; Number 852 of 1312 total.
   --------------------------------------------------------------------------   

      Performing HMM search...
        Found 118 of the targeted 119 genes.
        Est. % comp: 99.16; Est. % redund: 0.84

   --------------------------------------------------------------------------   
	On assembly [0;32mGCF_040151275.1[0m; Number 853 of 1312 total.
   --------------------------------------------------------------------------   

      Performing HMM search...
        Found 119 of the targeted 119 genes.
        Est. % comp: 100.00; Est. % redund: 0.00

   --------------------------------------------------------------------------   
	On assembly [0;32mGCF_040151295.1[0m; Number 854 of 1312 total.
   --------------------------------------------------------------------------   

      Performing HMM search...
        Found 119 of the targeted 119 genes.
        Est. % comp: 100.00; Est. % redund: 0.00

   --------------------------------------------------------------------------   
	On assembly [0;32mGCF_040151315.1[0m; Number 855 of 1312 total.
   --------------------------------------------------------------------------   

      Performing HMM search...
        Found 119 of the targeted 119 genes.
        Est. % comp: 100.00; Est. % redund: 0.00

   --------------------------------------------------------------------------   
	On assembly [0;32mGCF_040151435.1[0m; Number 856 of 1312 total.
   --------------------------------------------------------------------------   

      Performing HMM search...
        Found 119 of the targeted 119 genes.
        Est. % comp: 100.00; Est. % redund: 0.00

   --------------------------------------------------------------------------   
	On assembly [0;32mGCF_040194375.1[0m; Number 857 of 1312 total.
   --------------------------------------------------------------------------   

      Performing HMM search...
        Found 118 of the targeted 119 genes.
        Est. % comp: 99.16; Est. % redund: 0.84

   --------------------------------------------------------------------------   
	On assembly [0;32mGCF_040256795.1[0m; Number 858 of 1312 total.
   --------------------------------------------------------------------------   

      Performing HMM search...
        Found 119 of the targeted 119 genes.
        Est. % comp: 100.00; Est. % redund: 0.00

   --------------------------------------------------------------------------   
	On assembly [0;32mGCF_040408265.1[0m; Number 859 of 1312 total.
   --------------------------------------------------------------------------   

      Performing HMM search...
        Found 118 of the targeted 119 genes.
        Est. % comp: 99.16; Est. % redund: 0.84

   --------------------------------------------------------------------------   
	On assembly [0;32mGCF_040492265.1[0m; Number 860 of 1312 total.
   --------------------------------------------------------------------------   

      Performing HMM search...
        Found 119 of the targeted 119 genes.
        Est. % comp: 100.00; Est. % redund: 0.00

   --------------------------------------------------------------------------   
	On assembly [0;32mGCF_040492315.1[0m; Number 861 of 1312 total.
   --------------------------------------------------------------------------   

      Performing HMM search...
        Found 119 of the targeted 119 genes.
        Est. % comp: 100.00; Est. % redund: 0.84

   --------------------------------------------------------------------------   
	On assembly [0;32mGCF_040492355.1[0m; Number 862 of 1312 total.
   --------------------------------------------------------------------------   

      Performing HMM search...
        Found 119 of the targeted 119 genes.
        Est. % comp: 100.00; Est. % redund: 0.84

   --------------------------------------------------------------------------   
	On assembly [0;32mGCF_040492375.1[0m; Number 863 of 1312 total.
   --------------------------------------------------------------------------   

      Performing HMM search...
        Found 119 of the targeted 119 genes.
        Est. % comp: 100.00; Est. % redund: 6.72

   --------------------------------------------------------------------------   
	On assembly [0;32mGCF_040492395.1[0m; Number 864 of 1312 total.
   --------------------------------------------------------------------------   

      Performing HMM search...
        Found 119 of the targeted 119 genes.
        Est. % comp: 100.00; Est. % redund: 0.84

   --------------------------------------------------------------------------   
	On assembly [0;32mGCF_040492415.1[0m; Number 865 of 1312 total.
   --------------------------------------------------------------------------   

      Performing HMM search...
        Found 118 of the targeted 119 genes.
        Est. % comp: 99.16; Est. % redund: 0.84

   --------------------------------------------------------------------------   
	On assembly [0;32mGCF_040492435.1[0m; Number 866 of 1312 total.
   --------------------------------------------------------------------------   

      Performing HMM search...
        Found 119 of the targeted 119 genes.
        Est. % comp: 100.00; Est. % redund: 1.68

   --------------------------------------------------------------------------   
	On assembly [0;32mGCF_040492535.1[0m; Number 867 of 1312 total.
   --------------------------------------------------------------------------   

      Performing HMM search...
        Found 119 of the targeted 119 genes.
        Est. % comp: 100.00; Est. % redund: 0.84

   --------------------------------------------------------------------------   
	On assembly [0;32mGCF_040492555.1[0m; Number 868 of 1312 total.
   --------------------------------------------------------------------------   

      Performing HMM search...
        Found 119 of the targeted 119 genes.
        Est. % comp: 100.00; Est. % redund: 0.00

   --------------------------------------------------------------------------   
	On assembly [0;32mGCF_040492615.1[0m; Number 869 of 1312 total.
   --------------------------------------------------------------------------   

      Performing HMM search...
        Found 119 of the targeted 119 genes.
        Est. % comp: 100.00; Est. % redund: 0.84

   --------------------------------------------------------------------------   
	On assembly [0;32mGCF_040492735.1[0m; Number 870 of 1312 total.
   --------------------------------------------------------------------------   

      Performing HMM search...
        Found 119 of the targeted 119 genes.
        Est. % comp: 100.00; Est. % redund: 0.84

   --------------------------------------------------------------------------   
	On assembly [0;32mGCF_040492755.1[0m; Number 871 of 1312 total.
   --------------------------------------------------------------------------   

      Performing HMM search...
        Found 119 of the targeted 119 genes.
        Est. % comp: 100.00; Est. % redund: 0.84

   --------------------------------------------------------------------------   
	On assembly [0;32mGCF_040492795.1[0m; Number 872 of 1312 total.
   --------------------------------------------------------------------------   

      Performing HMM search...
        Found 119 of the targeted 119 genes.
        Est. % comp: 100.00; Est. % redund: 0.84

   --------------------------------------------------------------------------   
	On assembly [0;32mGCF_040492835.1[0m; Number 873 of 1312 total.
   --------------------------------------------------------------------------   

      Performing HMM search...
        Found 119 of the targeted 119 genes.
        Est. % comp: 100.00; Est. % redund: 0.84

   --------------------------------------------------------------------------   
	On assembly [0;32mGCF_040492895.1[0m; Number 874 of 1312 total.
   --------------------------------------------------------------------------   

      Performing HMM search...
        Found 119 of the targeted 119 genes.
        Est. % comp: 100.00; Est. % redund: 0.84

   --------------------------------------------------------------------------   
	On assembly [0;32mGCF_040712045.1[0m; Number 875 of 1312 total.
   --------------------------------------------------------------------------   

      Performing HMM search...
        Found 118 of the targeted 119 genes.
        Est. % comp: 99.16; Est. % redund: 0.84

   --------------------------------------------------------------------------   
	On assembly [0;32mGCF_040712055.1[0m; Number 876 of 1312 total.
   --------------------------------------------------------------------------   

      Performing HMM search...
        Found 118 of the targeted 119 genes.
        Est. % comp: 99.16; Est. % redund: 0.84

   --------------------------------------------------------------------------   
	On assembly [0;32mGCF_040712065.1[0m; Number 877 of 1312 total.
   --------------------------------------------------------------------------   

      Performing HMM search...
        Found 118 of the targeted 119 genes.
        Est. % comp: 99.16; Est. % redund: 1.68

   --------------------------------------------------------------------------   
	On assembly [0;32mGCF_040712115.1[0m; Number 878 of 1312 total.
   --------------------------------------------------------------------------   

      Performing HMM search...
        Found 118 of the targeted 119 genes.
        Est. % comp: 99.16; Est. % redund: 0.84

   --------------------------------------------------------------------------   
	On assembly [0;32mGCF_040712125.1[0m; Number 879 of 1312 total.
   --------------------------------------------------------------------------   

      Performing HMM search...
        Found 118 of the targeted 119 genes.
        Est. % comp: 99.16; Est. % redund: 0.84

   --------------------------------------------------------------------------   
	On assembly [0;32mGCF_040712135.1[0m; Number 880 of 1312 total.
   --------------------------------------------------------------------------   

      Performing HMM search...
        Found 118 of the targeted 119 genes.
        Est. % comp: 99.16; Est. % redund: 0.84

   --------------------------------------------------------------------------   
	On assembly [0;32mGCF_040712175.1[0m; Number 881 of 1312 total.
   --------------------------------------------------------------------------   

      Performing HMM search...
        Found 119 of the targeted 119 genes.
        Est. % comp: 100.00; Est. % redund: 0.00

   --------------------------------------------------------------------------   
	On assembly [0;32mGCF_040712195.1[0m; Number 882 of 1312 total.
   --------------------------------------------------------------------------   

      Performing HMM search...
        Found 118 of the targeted 119 genes.
        Est. % comp: 99.16; Est. % redund: 0.84

   --------------------------------------------------------------------------   
	On assembly [0;32mGCF_040712205.1[0m; Number 883 of 1312 total.
   --------------------------------------------------------------------------   

      Performing HMM search...
        Found 119 of the targeted 119 genes.
        Est. % comp: 100.00; Est. % redund: 0.84

   --------------------------------------------------------------------------   
	On assembly [0;32mGCF_040712215.1[0m; Number 884 of 1312 total.
   --------------------------------------------------------------------------   

      Performing HMM search...
        Found 118 of the targeted 119 genes.
        Est. % comp: 99.16; Est. % redund: 0.84

   --------------------------------------------------------------------------   
	On assembly [0;32mGCF_040712225.1[0m; Number 885 of 1312 total.
   --------------------------------------------------------------------------   

      Performing HMM search...
        Found 119 of the targeted 119 genes.
        Est. % comp: 100.00; Est. % redund: 0.84

   --------------------------------------------------------------------------   
	On assembly [0;32mGCF_040712235.1[0m; Number 886 of 1312 total.
   --------------------------------------------------------------------------   

      Performing HMM search...
        Found 118 of the targeted 119 genes.
        Est. % comp: 99.16; Est. % redund: 0.84

   --------------------------------------------------------------------------   
	On assembly [0;32mGCF_040712255.1[0m; Number 887 of 1312 total.
   --------------------------------------------------------------------------   

      Performing HMM search...
        Found 119 of the targeted 119 genes.
        Est. % comp: 100.00; Est. % redund: 0.00

   --------------------------------------------------------------------------   
	On assembly [0;32mGCF_040712265.1[0m; Number 888 of 1312 total.
   --------------------------------------------------------------------------   

      Performing HMM search...
        Found 119 of the targeted 119 genes.
        Est. % comp: 100.00; Est. % redund: 0.00

   --------------------------------------------------------------------------   
	On assembly [0;32mGCF_040712275.1[0m; Number 889 of 1312 total.
   --------------------------------------------------------------------------   

      Performing HMM search...
        Found 119 of the targeted 119 genes.
        Est. % comp: 100.00; Est. % redund: 0.00

   --------------------------------------------------------------------------   
	On assembly [0;32mGCF_040829845.1[0m; Number 890 of 1312 total.
   --------------------------------------------------------------------------   

      Performing HMM search...
        Found 119 of the targeted 119 genes.
        Est. % comp: 100.00; Est. % redund: 1.68

   --------------------------------------------------------------------------   
	On assembly [0;32mGCF_040829855.1[0m; Number 891 of 1312 total.
   --------------------------------------------------------------------------   

      Performing HMM search...
        Found 119 of the targeted 119 genes.
        Est. % comp: 100.00; Est. % redund: 0.00

   --------------------------------------------------------------------------   
	On assembly [0;32mGCF_040893075.1[0m; Number 892 of 1312 total.
   --------------------------------------------------------------------------   

      Performing HMM search...
        Found 119 of the targeted 119 genes.
        Est. % comp: 100.00; Est. % redund: 0.84

   --------------------------------------------------------------------------   
	On assembly [0;32mGCF_040937925.1[0m; Number 893 of 1312 total.
   --------------------------------------------------------------------------   

      Performing HMM search...
        Found 118 of the targeted 119 genes.
        Est. % comp: 99.16; Est. % redund: 0.00

   --------------------------------------------------------------------------   
	On assembly [0;32mGCF_040965915.1[0m; Number 894 of 1312 total.
   --------------------------------------------------------------------------   

      Performing HMM search...
        Found 119 of the targeted 119 genes.
        Est. % comp: 100.00; Est. % redund: 0.84

   --------------------------------------------------------------------------   
	On assembly [0;32mGCF_040984565.1[0m; Number 895 of 1312 total.
   --------------------------------------------------------------------------   

      Performing HMM search...
        Found 118 of the targeted 119 genes.
        Est. % comp: 99.16; Est. % redund: 0.84

   --------------------------------------------------------------------------   
	On assembly [0;32mGCF_041023695.1[0m; Number 896 of 1312 total.
   --------------------------------------------------------------------------   

      Performing HMM search...
        Found 119 of the targeted 119 genes.
        Est. % comp: 100.00; Est. % redund: 0.00

   --------------------------------------------------------------------------   
	On assembly [0;32mGCF_041153445.1[0m; Number 897 of 1312 total.
   --------------------------------------------------------------------------   

      Performing HMM search...
        Found 119 of the targeted 119 genes.
        Est. % comp: 100.00; Est. % redund: 0.00

   --------------------------------------------------------------------------   
	On assembly [0;32mGCF_041222785.1[0m; Number 898 of 1312 total.
   --------------------------------------------------------------------------   

      Performing HMM search...
        Found 119 of the targeted 119 genes.
        Est. % comp: 100.00; Est. % redund: 0.00

   --------------------------------------------------------------------------   
	On assembly [0;32mGCF_041224885.1[0m; Number 899 of 1312 total.
   --------------------------------------------------------------------------   

      Performing HMM search...
        Found 119 of the targeted 119 genes.
        Est. % comp: 100.00; Est. % redund: 0.84

   --------------------------------------------------------------------------   
	On assembly [0;32mGCF_041344815.1[0m; Number 900 of 1312 total.
   --------------------------------------------------------------------------   

      Performing HMM search...
        Found 118 of the targeted 119 genes.
        Est. % comp: 99.16; Est. % redund: 0.00

   --------------------------------------------------------------------------   
	On assembly [0;32mGCF_041360755.1[0m; Number 901 of 1312 total.
   --------------------------------------------------------------------------   

      Performing HMM search...
        Found 119 of the targeted 119 genes.
        Est. % comp: 100.00; Est. % redund: 0.00

   --------------------------------------------------------------------------   
	On assembly [0;32mGCF_041366395.1[0m; Number 902 of 1312 total.
   --------------------------------------------------------------------------   

      Performing HMM search...
        Found 119 of the targeted 119 genes.
        Est. % comp: 100.00; Est. % redund: 0.00

   --------------------------------------------------------------------------   
	On assembly [0;32mGCF_041385545.1[0m; Number 903 of 1312 total.
   --------------------------------------------------------------------------   

      Performing HMM search...
        Found 119 of the targeted 119 genes.
        Est. % comp: 100.00; Est. % redund: 0.00

   --------------------------------------------------------------------------   
	On assembly [0;32mGCF_041514415.1[0m; Number 904 of 1312 total.
   --------------------------------------------------------------------------   

      Performing HMM search...
        Found 119 of the targeted 119 genes.
        Est. % comp: 100.00; Est. % redund: 0.00

   --------------------------------------------------------------------------   
	On assembly [0;32mGCF_041729945.1[0m; Number 905 of 1312 total.
   --------------------------------------------------------------------------   

      Performing HMM search...
        Found 118 of the targeted 119 genes.
        Est. % comp: 99.16; Est. % redund: 0.84

   --------------------------------------------------------------------------   
	On assembly [0;32mGCF_041947055.1[0m; Number 906 of 1312 total.
   --------------------------------------------------------------------------   

      Performing HMM search...
        Found 118 of the targeted 119 genes.
        Est. % comp: 99.16; Est. % redund: 1.68

   --------------------------------------------------------------------------   
	On assembly [0;32mGCF_041947065.1[0m; Number 907 of 1312 total.
   --------------------------------------------------------------------------   

      Performing HMM search...
        Found 118 of the targeted 119 genes.
        Est. % comp: 99.16; Est. % redund: 0.84

   --------------------------------------------------------------------------   
	On assembly [0;32mGCF_041949825.1[0m; Number 908 of 1312 total.
   --------------------------------------------------------------------------   

      Performing HMM search...
        Found 118 of the targeted 119 genes.
        Est. % comp: 99.16; Est. % redund: 0.84

   --------------------------------------------------------------------------   
	On assembly [0;32mGCF_041950475.1[0m; Number 909 of 1312 total.
   --------------------------------------------------------------------------   

      Performing HMM search...
        Found 118 of the targeted 119 genes.
        Est. % comp: 99.16; Est. % redund: 0.84

   --------------------------------------------------------------------------   
	On assembly [0;32mGCF_042296235.1[0m; Number 910 of 1312 total.
   --------------------------------------------------------------------------   

      Performing HMM search...
        Found 118 of the targeted 119 genes.
        Est. % comp: 99.16; Est. % redund: 0.84

   --------------------------------------------------------------------------   
	On assembly [0;32mGCF_042465255.1[0m; Number 911 of 1312 total.
   --------------------------------------------------------------------------   

      Performing HMM search...
        Found 118 of the targeted 119 genes.
        Est. % comp: 99.16; Est. % redund: 0.84

   --------------------------------------------------------------------------   
	On assembly [0;32mGCF_042611165.1[0m; Number 912 of 1312 total.
   --------------------------------------------------------------------------   

      Performing HMM search...
        Found 118 of the targeted 119 genes.
        Est. % comp: 99.16; Est. % redund: 0.84

   --------------------------------------------------------------------------   
	On assembly [0;32mGCF_042611185.1[0m; Number 913 of 1312 total.
   --------------------------------------------------------------------------   

      Performing HMM search...
        Found 119 of the targeted 119 genes.
        Est. % comp: 100.00; Est. % redund: 0.00

   --------------------------------------------------------------------------   
	On assembly [0;32mGCF_042863285.1[0m; Number 914 of 1312 total.
   --------------------------------------------------------------------------   

      Performing HMM search...
        Found 119 of the targeted 119 genes.
        Est. % comp: 100.00; Est. % redund: 4.20

   --------------------------------------------------------------------------   
	On assembly [0;32mGCF_044130245.1[0m; Number 915 of 1312 total.
   --------------------------------------------------------------------------   

      Performing HMM search...
        Found 119 of the targeted 119 genes.
        Est. % comp: 100.00; Est. % redund: 0.00

   --------------------------------------------------------------------------   
	On assembly [0;32mGCF_044357885.1[0m; Number 916 of 1312 total.
   --------------------------------------------------------------------------   

      Performing HMM search...
        Found 118 of the targeted 119 genes.
        Est. % comp: 99.16; Est. % redund: 0.84

   --------------------------------------------------------------------------   
	On assembly [0;32mGCF_044385035.1[0m; Number 917 of 1312 total.
   --------------------------------------------------------------------------   

      Performing HMM search...
        Found 116 of the targeted 119 genes.
        Est. % comp: 97.48; Est. % redund: 0.84

   --------------------------------------------------------------------------   
	On assembly [0;32mGCF_044498105.1[0m; Number 918 of 1312 total.
   --------------------------------------------------------------------------   

      Performing HMM search...
        Found 119 of the targeted 119 genes.
        Est. % comp: 100.00; Est. % redund: 0.84

   --------------------------------------------------------------------------   
	On assembly [0;32mGCF_044626275.1[0m; Number 919 of 1312 total.
   --------------------------------------------------------------------------   

      Performing HMM search...
        Found 119 of the targeted 119 genes.
        Est. % comp: 100.00; Est. % redund: 0.84

   --------------------------------------------------------------------------   
	On assembly [0;32mGCF_044626315.1[0m; Number 920 of 1312 total.
   --------------------------------------------------------------------------   

      Performing HMM search...
        Found 119 of the targeted 119 genes.
        Est. % comp: 100.00; Est. % redund: 2.52

   --------------------------------------------------------------------------   
	On assembly [0;32mGCF_044626335.1[0m; Number 921 of 1312 total.
   --------------------------------------------------------------------------   

      Performing HMM search...
        Found 119 of the targeted 119 genes.
        Est. % comp: 100.00; Est. % redund: 0.00

   --------------------------------------------------------------------------   
	On assembly [0;32mGCF_044626375.1[0m; Number 922 of 1312 total.
   --------------------------------------------------------------------------   

      Performing HMM search...
        Found 119 of the targeted 119 genes.
        Est. % comp: 100.00; Est. % redund: 0.00

   --------------------------------------------------------------------------   
	On assembly [0;32mGCF_044628115.1[0m; Number 923 of 1312 total.
   --------------------------------------------------------------------------   

      Performing HMM search...
        Found 119 of the targeted 119 genes.
        Est. % comp: 100.00; Est. % redund: 0.00

   --------------------------------------------------------------------------   
	On assembly [0;32mGCF_044751405.1[0m; Number 924 of 1312 total.
   --------------------------------------------------------------------------   

      Performing HMM search...
        Found 119 of the targeted 119 genes.
        Est. % comp: 100.00; Est. % redund: 0.84

   --------------------------------------------------------------------------   
	On assembly [0;32mGCF_044783125.1[0m; Number 925 of 1312 total.
   --------------------------------------------------------------------------   

      Performing HMM search...
        Found 119 of the targeted 119 genes.
        Est. % comp: 100.00; Est. % redund: 0.00

   --------------------------------------------------------------------------   
	On assembly [0;32mGCF_044881275.1[0m; Number 926 of 1312 total.
   --------------------------------------------------------------------------   

      Performing HMM search...
        Found 116 of the targeted 119 genes.
        Est. % comp: 97.48; Est. % redund: 0.84

   --------------------------------------------------------------------------   
	On assembly [0;32mGCF_044901645.1[0m; Number 927 of 1312 total.
   --------------------------------------------------------------------------   

      Performing HMM search...
        Found 117 of the targeted 119 genes.
        Est. % comp: 98.32; Est. % redund: 0.84

   --------------------------------------------------------------------------   
	On assembly [0;32mGCF_044901705.1[0m; Number 928 of 1312 total.
   --------------------------------------------------------------------------   

      Performing HMM search...
        Found 118 of the targeted 119 genes.
        Est. % comp: 99.16; Est. % redund: 0.00

   --------------------------------------------------------------------------   
	On assembly [0;32mGCF_044901725.1[0m; Number 929 of 1312 total.
   --------------------------------------------------------------------------   

      Performing HMM search...
        Found 117 of the targeted 119 genes.
        Est. % comp: 98.32; Est. % redund: 0.84

   --------------------------------------------------------------------------   
	On assembly [0;32mGCF_044901785.1[0m; Number 930 of 1312 total.
   --------------------------------------------------------------------------   

      Performing HMM search...
        Found 118 of the targeted 119 genes.
        Est. % comp: 99.16; Est. % redund: 0.84

   --------------------------------------------------------------------------   
	On assembly [0;32mGCF_044905085.1[0m; Number 931 of 1312 total.
   --------------------------------------------------------------------------   

      Performing HMM search...
        Found 118 of the targeted 119 genes.
        Est. % comp: 99.16; Est. % redund: 0.84

   --------------------------------------------------------------------------   
	On assembly [0;32mGCF_045276195.1[0m; Number 932 of 1312 total.
   --------------------------------------------------------------------------   

      Performing HMM search...
        Found 118 of the targeted 119 genes.
        Est. % comp: 99.16; Est. % redund: 0.84

   --------------------------------------------------------------------------   
	On assembly [0;32mGCF_045277765.1[0m; Number 933 of 1312 total.
   --------------------------------------------------------------------------   

      Performing HMM search...
        Found 119 of the targeted 119 genes.
        Est. % comp: 100.00; Est. % redund: 0.00

   --------------------------------------------------------------------------   
	On assembly [0;32mGCF_045278795.1[0m; Number 934 of 1312 total.
   --------------------------------------------------------------------------   

      Performing HMM search...
        Found 119 of the targeted 119 genes.
        Est. % comp: 100.00; Est. % redund: 0.84

   --------------------------------------------------------------------------   
	On assembly [0;32mGCF_045291565.1[0m; Number 935 of 1312 total.
   --------------------------------------------------------------------------   

      Performing HMM search...
        Found 119 of the targeted 119 genes.
        Est. % comp: 100.00; Est. % redund: 0.00

   --------------------------------------------------------------------------   
	On assembly [0;32mGCF_045348155.1[0m; Number 936 of 1312 total.
   --------------------------------------------------------------------------   

      Performing HMM search...
        Found 119 of the targeted 119 genes.
        Est. % comp: 100.00; Est. % redund: 0.84

   --------------------------------------------------------------------------   
	On assembly [0;32mGCF_045924905.1[0m; Number 937 of 1312 total.
   --------------------------------------------------------------------------   

      Performing HMM search...
        Found 119 of the targeted 119 genes.
        Est. % comp: 100.00; Est. % redund: 0.00

   --------------------------------------------------------------------------   
	On assembly [0;32mGCF_045924925.1[0m; Number 938 of 1312 total.
   --------------------------------------------------------------------------   

      Performing HMM search...
        Found 118 of the targeted 119 genes.
        Est. % comp: 99.16; Est. % redund: 0.84

   --------------------------------------------------------------------------   
	On assembly [0;32mGCF_045925855.1[0m; Number 939 of 1312 total.
   --------------------------------------------------------------------------   

      Performing HMM search...
        Found 118 of the targeted 119 genes.
        Est. % comp: 99.16; Est. % redund: 0.84

   --------------------------------------------------------------------------   
	On assembly [0;32mGCF_046101815.1[0m; Number 940 of 1312 total.
   --------------------------------------------------------------------------   

      Performing HMM search...
        Found 118 of the targeted 119 genes.
        Est. % comp: 99.16; Est. % redund: 0.84

   --------------------------------------------------------------------------   
	On assembly [0;32mGCF_046267865.1[0m; Number 941 of 1312 total.
   --------------------------------------------------------------------------   

      Performing HMM search...
        Found 118 of the targeted 119 genes.
        Est. % comp: 99.16; Est. % redund: 0.84

   --------------------------------------------------------------------------   
	On assembly [0;32mGCF_046269165.1[0m; Number 942 of 1312 total.
   --------------------------------------------------------------------------   

      Performing HMM search...
        Found 119 of the targeted 119 genes.
        Est. % comp: 100.00; Est. % redund: 0.00

   --------------------------------------------------------------------------   
	On assembly [0;32mGCF_046619435.1[0m; Number 943 of 1312 total.
   --------------------------------------------------------------------------   

      Performing HMM search...
        Found 119 of the targeted 119 genes.
        Est. % comp: 100.00; Est. % redund: 1.68

   --------------------------------------------------------------------------   
	On assembly [0;32mGCF_046619495.1[0m; Number 944 of 1312 total.
   --------------------------------------------------------------------------   

      Performing HMM search...
        Found 119 of the targeted 119 genes.
        Est. % comp: 100.00; Est. % redund: 0.84

   --------------------------------------------------------------------------   
	On assembly [0;32mGCF_046619505.1[0m; Number 945 of 1312 total.
   --------------------------------------------------------------------------   

      Performing HMM search...
        Found 119 of the targeted 119 genes.
        Est. % comp: 100.00; Est. % redund: 1.68

   --------------------------------------------------------------------------   
	On assembly [0;32mGCF_046619515.1[0m; Number 946 of 1312 total.
   --------------------------------------------------------------------------   

      Performing HMM search...
        Found 119 of the targeted 119 genes.
        Est. % comp: 100.00; Est. % redund: 0.00

   --------------------------------------------------------------------------   
	On assembly [0;32mGCF_046628085.1[0m; Number 947 of 1312 total.
   --------------------------------------------------------------------------   

      Performing HMM search...
        Found 119 of the targeted 119 genes.
        Est. % comp: 100.00; Est. % redund: 0.84

   --------------------------------------------------------------------------   
	On assembly [0;32mGCF_046628115.1[0m; Number 948 of 1312 total.
   --------------------------------------------------------------------------   

      Performing HMM search...
        Found 119 of the targeted 119 genes.
        Est. % comp: 100.00; Est. % redund: 0.84

   --------------------------------------------------------------------------   
	On assembly [0;32mGCF_047273435.1[0m; Number 949 of 1312 total.
   --------------------------------------------------------------------------   

      Performing HMM search...
        Found 118 of the targeted 119 genes.
        Est. % comp: 99.16; Est. % redund: 0.00

   --------------------------------------------------------------------------   
	On assembly [0;32mGCF_047300835.1[0m; Number 950 of 1312 total.
   --------------------------------------------------------------------------   

      Performing HMM search...
        Found 118 of the targeted 119 genes.
        Est. % comp: 99.16; Est. % redund: 0.84

   --------------------------------------------------------------------------   
	On assembly [0;32mGCF_047300865.1[0m; Number 951 of 1312 total.
   --------------------------------------------------------------------------   

      Performing HMM search...
        Found 118 of the targeted 119 genes.
        Est. % comp: 99.16; Est. % redund: 0.84

   --------------------------------------------------------------------------   
	On assembly [0;32mGCF_047302535.1[0m; Number 952 of 1312 total.
   --------------------------------------------------------------------------   

      Performing HMM search...
        Found 119 of the targeted 119 genes.
        Est. % comp: 100.00; Est. % redund: 0.00

   --------------------------------------------------------------------------   
	On assembly [0;32mGCF_047302545.1[0m; Number 953 of 1312 total.
   --------------------------------------------------------------------------   

      Performing HMM search...
        Found 119 of the targeted 119 genes.
        Est. % comp: 100.00; Est. % redund: 0.00

   --------------------------------------------------------------------------   
	On assembly [0;32mGCF_047302555.1[0m; Number 954 of 1312 total.
   --------------------------------------------------------------------------   

      Performing HMM search...
        Found 118 of the targeted 119 genes.
        Est. % comp: 99.16; Est. % redund: 0.84

   --------------------------------------------------------------------------   
	On assembly [0;32mGCF_047305475.1[0m; Number 955 of 1312 total.
   --------------------------------------------------------------------------   

      Performing HMM search...
        Found 119 of the targeted 119 genes.
        Est. % comp: 100.00; Est. % redund: 0.84

   --------------------------------------------------------------------------   
	On assembly [0;32mGCF_047314745.1[0m; Number 956 of 1312 total.
   --------------------------------------------------------------------------   

      Performing HMM search...
        Found 118 of the targeted 119 genes.
        Est. % comp: 99.16; Est. % redund: 0.84

   --------------------------------------------------------------------------   
	On assembly [0;32mGCF_047444815.1[0m; Number 957 of 1312 total.
   --------------------------------------------------------------------------   

      Performing HMM search...
        Found 119 of the targeted 119 genes.
        Est. % comp: 100.00; Est. % redund: 0.00

   --------------------------------------------------------------------------   
	On assembly [0;32mGCF_047444915.1[0m; Number 958 of 1312 total.
   --------------------------------------------------------------------------   

      Performing HMM search...
        Found 119 of the targeted 119 genes.
        Est. % comp: 100.00; Est. % redund: 0.00

   --------------------------------------------------------------------------   
	On assembly [0;32mGCF_047780485.1[0m; Number 959 of 1312 total.
   --------------------------------------------------------------------------   

      Performing HMM search...
        Found 118 of the targeted 119 genes.
        Est. % comp: 99.16; Est. % redund: 0.84

   --------------------------------------------------------------------------   
	On assembly [0;32mGCF_047947095.1[0m; Number 960 of 1312 total.
   --------------------------------------------------------------------------   

      Performing HMM search...
        Found 118 of the targeted 119 genes.
        Est. % comp: 99.16; Est. % redund: 0.84

   --------------------------------------------------------------------------   
	On assembly [0;32mGCF_047977995.1[0m; Number 961 of 1312 total.
   --------------------------------------------------------------------------   

      Performing HMM search...
        Found 119 of the targeted 119 genes.
        Est. % comp: 100.00; Est. % redund: 1.68

   --------------------------------------------------------------------------   
	On assembly [0;32mGCF_048013385.1[0m; Number 962 of 1312 total.
   --------------------------------------------------------------------------   

      Performing HMM search...
        Found 118 of the targeted 119 genes.
        Est. % comp: 99.16; Est. % redund: 0.84

   --------------------------------------------------------------------------   
	On assembly [0;32mGCF_048053935.1[0m; Number 963 of 1312 total.
   --------------------------------------------------------------------------   

      Performing HMM search...
        Found 119 of the targeted 119 genes.
        Est. % comp: 100.00; Est. % redund: 0.84

   --------------------------------------------------------------------------   
	On assembly [0;32mGCF_048053955.1[0m; Number 964 of 1312 total.
   --------------------------------------------------------------------------   

      Performing HMM search...
        Found 119 of the targeted 119 genes.
        Est. % comp: 100.00; Est. % redund: 0.00

   --------------------------------------------------------------------------   
	On assembly [0;32mGCF_048054015.1[0m; Number 965 of 1312 total.
   --------------------------------------------------------------------------   

      Performing HMM search...
        Found 119 of the targeted 119 genes.
        Est. % comp: 100.00; Est. % redund: 0.00

   --------------------------------------------------------------------------   
	On assembly [0;32mGCF_048054055.1[0m; Number 966 of 1312 total.
   --------------------------------------------------------------------------   

      Performing HMM search...
        Found 119 of the targeted 119 genes.
        Est. % comp: 100.00; Est. % redund: 0.00

   --------------------------------------------------------------------------   
	On assembly [0;32mGCF_048288325.1[0m; Number 967 of 1312 total.
   --------------------------------------------------------------------------   

      Performing HMM search...
        Found 118 of the targeted 119 genes.
        Est. % comp: 99.16; Est. % redund: 0.84

   --------------------------------------------------------------------------   
	On assembly [0;32mGCF_048288335.1[0m; Number 968 of 1312 total.
   --------------------------------------------------------------------------   

      Performing HMM search...
        Found 118 of the targeted 119 genes.
        Est. % comp: 99.16; Est. % redund: 0.84

   --------------------------------------------------------------------------   
	On assembly [0;32mGCF_048585445.1[0m; Number 969 of 1312 total.
   --------------------------------------------------------------------------   

      Performing HMM search...
        Found 118 of the targeted 119 genes.
        Est. % comp: 99.16; Est. % redund: 0.84

   --------------------------------------------------------------------------   
	On assembly [0;32mGCF_049059085.1[0m; Number 970 of 1312 total.
   --------------------------------------------------------------------------   

      Performing HMM search...
        Found 119 of the targeted 119 genes.
        Est. % comp: 100.00; Est. % redund: 0.00

   --------------------------------------------------------------------------   
	On assembly [0;32mGCF_049059145.1[0m; Number 971 of 1312 total.
   --------------------------------------------------------------------------   

      Performing HMM search...
        Found 118 of the targeted 119 genes.
        Est. % comp: 99.16; Est. % redund: 0.84

   --------------------------------------------------------------------------   
	On assembly [0;32mGCF_049059205.1[0m; Number 972 of 1312 total.
   --------------------------------------------------------------------------   

      Performing HMM search...
        Found 118 of the targeted 119 genes.
        Est. % comp: 99.16; Est. % redund: 0.84

   --------------------------------------------------------------------------   
	On assembly [0;32mGCF_049059225.1[0m; Number 973 of 1312 total.
   --------------------------------------------------------------------------   

      Performing HMM search...
        Found 118 of the targeted 119 genes.
        Est. % comp: 99.16; Est. % redund: 0.84

   --------------------------------------------------------------------------   
	On assembly [0;32mGCF_049059245.1[0m; Number 974 of 1312 total.
   --------------------------------------------------------------------------   

      Performing HMM search...
        Found 118 of the targeted 119 genes.
        Est. % comp: 99.16; Est. % redund: 0.84

   --------------------------------------------------------------------------   
	On assembly [0;32mGCF_049059285.1[0m; Number 975 of 1312 total.
   --------------------------------------------------------------------------   

      Performing HMM search...
        Found 119 of the targeted 119 genes.
        Est. % comp: 100.00; Est. % redund: 0.84

   --------------------------------------------------------------------------   
	On assembly [0;32mGCF_049059325.1[0m; Number 976 of 1312 total.
   --------------------------------------------------------------------------   

      Performing HMM search...
        Found 119 of the targeted 119 genes.
        Est. % comp: 100.00; Est. % redund: 0.00

   --------------------------------------------------------------------------   
	On assembly [0;32mGCF_049059365.1[0m; Number 977 of 1312 total.
   --------------------------------------------------------------------------   

      Performing HMM search...
        Found 118 of the targeted 119 genes.
        Est. % comp: 99.16; Est. % redund: 0.84

   --------------------------------------------------------------------------   
	On assembly [0;32mGCF_049059385.1[0m; Number 978 of 1312 total.
   --------------------------------------------------------------------------   

      Performing HMM search...
        Found 118 of the targeted 119 genes.
        Est. % comp: 99.16; Est. % redund: 0.84

   --------------------------------------------------------------------------   
	On assembly [0;32mGCF_049059425.1[0m; Number 979 of 1312 total.
   --------------------------------------------------------------------------   

      Performing HMM search...
        Found 118 of the targeted 119 genes.
        Est. % comp: 99.16; Est. % redund: 0.84

   --------------------------------------------------------------------------   
	On assembly [0;32mGCF_049059505.1[0m; Number 980 of 1312 total.
   --------------------------------------------------------------------------   

      Performing HMM search...
        Found 118 of the targeted 119 genes.
        Est. % comp: 99.16; Est. % redund: 0.84

   --------------------------------------------------------------------------   
	On assembly [0;32mGCF_049059525.1[0m; Number 981 of 1312 total.
   --------------------------------------------------------------------------   

      Performing HMM search...
        Found 118 of the targeted 119 genes.
        Est. % comp: 99.16; Est. % redund: 0.84

   --------------------------------------------------------------------------   
	On assembly [0;32mGCF_049060485.1[0m; Number 982 of 1312 total.
   --------------------------------------------------------------------------   

      Performing HMM search...
        Found 118 of the targeted 119 genes.
        Est. % comp: 99.16; Est. % redund: 0.84

   --------------------------------------------------------------------------   
	On assembly [0;32mGCF_049537935.1[0m; Number 983 of 1312 total.
   --------------------------------------------------------------------------   

      Performing HMM search...
        Found 118 of the targeted 119 genes.
        Est. % comp: 99.16; Est. % redund: 0.84

   --------------------------------------------------------------------------   
	On assembly [0;32mGCF_049542595.1[0m; Number 984 of 1312 total.
   --------------------------------------------------------------------------   

      Performing HMM search...
        Found 119 of the targeted 119 genes.
        Est. % comp: 100.00; Est. % redund: 0.84

   --------------------------------------------------------------------------   
	On assembly [0;32mGCF_049544895.1[0m; Number 985 of 1312 total.
   --------------------------------------------------------------------------   

      Performing HMM search...
        Found 118 of the targeted 119 genes.
        Est. % comp: 99.16; Est. % redund: 0.84

   --------------------------------------------------------------------------   
	On assembly [0;32mGCF_049801175.1[0m; Number 986 of 1312 total.
   --------------------------------------------------------------------------   

      Performing HMM search...
        Found 119 of the targeted 119 genes.
        Est. % comp: 100.00; Est. % redund: 1.68

   --------------------------------------------------------------------------   
	On assembly [0;32mGCF_049803375.1[0m; Number 987 of 1312 total.
   --------------------------------------------------------------------------   

      Performing HMM search...
        Found 119 of the targeted 119 genes.
        Est. % comp: 100.00; Est. % redund: 0.84

   --------------------------------------------------------------------------   
	On assembly [0;32mGCF_049803395.1[0m; Number 988 of 1312 total.
   --------------------------------------------------------------------------   

      Performing HMM search...
        Found 118 of the targeted 119 genes.
        Est. % comp: 99.16; Est. % redund: 0.84

   --------------------------------------------------------------------------   
	On assembly [0;32mGCF_049810385.1[0m; Number 989 of 1312 total.
   --------------------------------------------------------------------------   

      Performing HMM search...
        Found 118 of the targeted 119 genes.
        Est. % comp: 99.16; Est. % redund: 0.84

   --------------------------------------------------------------------------   
	On assembly [0;32mGCF_049819585.1[0m; Number 990 of 1312 total.
   --------------------------------------------------------------------------   

      Performing HMM search...
        Found 118 of the targeted 119 genes.
        Est. % comp: 99.16; Est. % redund: 0.84

   --------------------------------------------------------------------------   
	On assembly [0;32mGCF_049860545.1[0m; Number 991 of 1312 total.
   --------------------------------------------------------------------------   

      Performing HMM search...
        Found 118 of the targeted 119 genes.
        Est. % comp: 99.16; Est. % redund: 0.00

   --------------------------------------------------------------------------   
	On assembly [0;32mGCF_049942705.1[0m; Number 992 of 1312 total.
   --------------------------------------------------------------------------   

      Performing HMM search...
        Found 118 of the targeted 119 genes.
        Est. % comp: 99.16; Est. % redund: 0.84

   --------------------------------------------------------------------------   
	On assembly [0;32mGCF_049944735.1[0m; Number 993 of 1312 total.
   --------------------------------------------------------------------------   

      Performing HMM search...
        Found 118 of the targeted 119 genes.
        Est. % comp: 99.16; Est. % redund: 0.84

   --------------------------------------------------------------------------   
	On assembly [0;32mGCF_049949115.1[0m; Number 994 of 1312 total.
   --------------------------------------------------------------------------   

      Performing HMM search...
        Found 119 of the targeted 119 genes.
        Est. % comp: 100.00; Est. % redund: 0.00

   --------------------------------------------------------------------------   
	On assembly [0;32mGCF_049990405.1[0m; Number 995 of 1312 total.
   --------------------------------------------------------------------------   

      Performing HMM search...
        Found 119 of the targeted 119 genes.
        Est. % comp: 100.00; Est. % redund: 1.68

   --------------------------------------------------------------------------   
	On assembly [0;32mGCF_050017575.1[0m; Number 996 of 1312 total.
   --------------------------------------------------------------------------   

      Performing HMM search...
        Found 119 of the targeted 119 genes.
        Est. % comp: 100.00; Est. % redund: 0.00

   --------------------------------------------------------------------------   
	On assembly [0;32mGCF_050106615.1[0m; Number 997 of 1312 total.
   --------------------------------------------------------------------------   

      Performing HMM search...
        Found 118 of the targeted 119 genes.
        Est. % comp: 99.16; Est. % redund: 0.84

   --------------------------------------------------------------------------   
	On assembly [0;32mGCF_050209365.1[0m; Number 998 of 1312 total.
   --------------------------------------------------------------------------   

      Performing HMM search...
        Found 118 of the targeted 119 genes.
        Est. % comp: 99.16; Est. % redund: 0.84

   --------------------------------------------------------------------------   
	On assembly [0;32mGCF_050210255.1[0m; Number 999 of 1312 total.
   --------------------------------------------------------------------------   

      Performing HMM search...
        Found 118 of the targeted 119 genes.
        Est. % comp: 99.16; Est. % redund: 0.84

   --------------------------------------------------------------------------   
	On assembly [0;32mGCF_050210445.1[0m; Number 1000 of 1312 total.
   --------------------------------------------------------------------------   

      Performing HMM search...
        Found 119 of the targeted 119 genes.
        Est. % comp: 100.00; Est. % redund: 0.84

   --------------------------------------------------------------------------   
	On assembly [0;32mGCF_050410745.1[0m; Number 1001 of 1312 total.
   --------------------------------------------------------------------------   

      Performing HMM search...
        Found 118 of the targeted 119 genes.
        Est. % comp: 99.16; Est. % redund: 0.84

   --------------------------------------------------------------------------   
	On assembly [0;32mGCF_050445505.1[0m; Number 1002 of 1312 total.
   --------------------------------------------------------------------------   

      Performing HMM search...
        Found 118 of the targeted 119 genes.
        Est. % comp: 99.16; Est. % redund: 0.84

   --------------------------------------------------------------------------   
	On assembly [0;32mGCF_050445545.1[0m; Number 1003 of 1312 total.
   --------------------------------------------------------------------------   

      Performing HMM search...
        Found 119 of the targeted 119 genes.
        Est. % comp: 100.00; Est. % redund: 1.68

   --------------------------------------------------------------------------   
	On assembly [0;32mGCF_050445565.1[0m; Number 1004 of 1312 total.
   --------------------------------------------------------------------------   

      Performing HMM search...
        Found 118 of the targeted 119 genes.
        Est. % comp: 99.16; Est. % redund: 0.84

   --------------------------------------------------------------------------   
	On assembly [0;32mGCF_050445615.1[0m; Number 1005 of 1312 total.
   --------------------------------------------------------------------------   

      Performing HMM search...
        Found 119 of the targeted 119 genes.
        Est. % comp: 100.00; Est. % redund: 5.04

   --------------------------------------------------------------------------   
	On assembly [0;32mGCF_050462765.1[0m; Number 1006 of 1312 total.
   --------------------------------------------------------------------------   

      Performing HMM search...
        Found 119 of the targeted 119 genes.
        Est. % comp: 100.00; Est. % redund: 0.84

   --------------------------------------------------------------------------   
	On assembly [0;32mGCF_050464625.1[0m; Number 1007 of 1312 total.
   --------------------------------------------------------------------------   

      Performing HMM search...
        Found 119 of the targeted 119 genes.
        Est. % comp: 100.00; Est. % redund: 0.00

   --------------------------------------------------------------------------   
	On assembly [0;32mGCF_050510835.1[0m; Number 1008 of 1312 total.
   --------------------------------------------------------------------------   

      Performing HMM search...
        Found 119 of the targeted 119 genes.
        Est. % comp: 100.00; Est. % redund: 0.00

   --------------------------------------------------------------------------   
	On assembly [0;32mGCF_050510875.1[0m; Number 1009 of 1312 total.
   --------------------------------------------------------------------------   

      Performing HMM search...
        Found 119 of the targeted 119 genes.
        Est. % comp: 100.00; Est. % redund: 0.00

   --------------------------------------------------------------------------   
	On assembly [0;32mGCF_050574115.1[0m; Number 1010 of 1312 total.
   --------------------------------------------------------------------------   

      Performing HMM search...
        Found 119 of the targeted 119 genes.
        Est. % comp: 100.00; Est. % redund: 0.84

   --------------------------------------------------------------------------   
	On assembly [0;32mGCF_050821995.1[0m; Number 1011 of 1312 total.
   --------------------------------------------------------------------------   

      Performing HMM search...
        Found 118 of the targeted 119 genes.
        Est. % comp: 99.16; Est. % redund: 0.84

   --------------------------------------------------------------------------   
	On assembly [0;32mGCF_050858825.1[0m; Number 1012 of 1312 total.
   --------------------------------------------------------------------------   

      Performing HMM search...
        Found 119 of the targeted 119 genes.
        Est. % comp: 100.00; Est. % redund: 0.00

   --------------------------------------------------------------------------   
	On assembly [0;32mGCF_050858875.1[0m; Number 1013 of 1312 total.
   --------------------------------------------------------------------------   

      Performing HMM search...
        Found 119 of the targeted 119 genes.
        Est. % comp: 100.00; Est. % redund: 0.00

   --------------------------------------------------------------------------   
	On assembly [0;32mGCF_050908125.1[0m; Number 1014 of 1312 total.
   --------------------------------------------------------------------------   

      Performing HMM search...
        Found 118 of the targeted 119 genes.
        Est. % comp: 99.16; Est. % redund: 0.84

   --------------------------------------------------------------------------   
	On assembly [0;32mGCF_050909115.1[0m; Number 1015 of 1312 total.
   --------------------------------------------------------------------------   

      Performing HMM search...
        Found 118 of the targeted 119 genes.
        Est. % comp: 99.16; Est. % redund: 0.84

   --------------------------------------------------------------------------   
	On assembly [0;32mGCF_051027385.1[0m; Number 1016 of 1312 total.
   --------------------------------------------------------------------------   

      Performing HMM search...
        Found 119 of the targeted 119 genes.
        Est. % comp: 100.00; Est. % redund: 0.00

   --------------------------------------------------------------------------   
	On assembly [0;32mGCF_051027395.1[0m; Number 1017 of 1312 total.
   --------------------------------------------------------------------------   

      Performing HMM search...
        Found 119 of the targeted 119 genes.
        Est. % comp: 100.00; Est. % redund: 0.00

   --------------------------------------------------------------------------   
	On assembly [0;32mGCF_051027415.1[0m; Number 1018 of 1312 total.
   --------------------------------------------------------------------------   

      Performing HMM search...
        Found 119 of the targeted 119 genes.
        Est. % comp: 100.00; Est. % redund: 0.00

   --------------------------------------------------------------------------   
	On assembly [0;32mGCF_051175615.1[0m; Number 1019 of 1312 total.
   --------------------------------------------------------------------------   

      Performing HMM search...
        Found 118 of the targeted 119 genes.
        Est. % comp: 99.16; Est. % redund: 0.84

   --------------------------------------------------------------------------   
	On assembly [0;32mGCF_051192595.1[0m; Number 1020 of 1312 total.
   --------------------------------------------------------------------------   

      Performing HMM search...
        Found 119 of the targeted 119 genes.
        Est. % comp: 100.00; Est. % redund: 0.00

   --------------------------------------------------------------------------   
	On assembly [0;32mGCF_051472655.1[0m; Number 1021 of 1312 total.
   --------------------------------------------------------------------------   

      Performing HMM search...
        Found 117 of the targeted 119 genes.
        Est. % comp: 98.32; Est. % redund: 0.84

   --------------------------------------------------------------------------   
	On assembly [0;32mGCF_051486545.1[0m; Number 1022 of 1312 total.
   --------------------------------------------------------------------------   

      Performing HMM search...
        Found 119 of the targeted 119 genes.
        Est. % comp: 100.00; Est. % redund: 0.00

   --------------------------------------------------------------------------   
	On assembly [0;32mGCF_051487145.1[0m; Number 1023 of 1312 total.
   --------------------------------------------------------------------------   

      Performing HMM search...
        Found 119 of the targeted 119 genes.
        Est. % comp: 100.00; Est. % redund: 0.00

   --------------------------------------------------------------------------   
	On assembly [0;32mGCF_051487275.1[0m; Number 1024 of 1312 total.
   --------------------------------------------------------------------------   

      Performing HMM search...
        Found 119 of the targeted 119 genes.
        Est. % comp: 100.00; Est. % redund: 0.00

   --------------------------------------------------------------------------   
	On assembly [0;32mGCF_051487365.1[0m; Number 1025 of 1312 total.
   --------------------------------------------------------------------------   

      Performing HMM search...
        Found 119 of the targeted 119 genes.
        Est. % comp: 100.00; Est. % redund: 0.00

   --------------------------------------------------------------------------   
	On assembly [0;32mGCF_051487605.1[0m; Number 1026 of 1312 total.
   --------------------------------------------------------------------------   

      Performing HMM search...
        Found 119 of the targeted 119 genes.
        Est. % comp: 100.00; Est. % redund: 0.00

   --------------------------------------------------------------------------   
	On assembly [0;32mGCF_051549775.1[0m; Number 1027 of 1312 total.
   --------------------------------------------------------------------------   

      Performing HMM search...
        Found 118 of the targeted 119 genes.
        Est. % comp: 99.16; Est. % redund: 0.84

   --------------------------------------------------------------------------   
	On assembly [0;32mGCF_051550235.1[0m; Number 1028 of 1312 total.
   --------------------------------------------------------------------------   

      Performing HMM search...
        Found 119 of the targeted 119 genes.
        Est. % comp: 100.00; Est. % redund: 0.00

   --------------------------------------------------------------------------   
	On assembly [0;32mGCF_051810305.1[0m; Number 1029 of 1312 total.
   --------------------------------------------------------------------------   

      Performing HMM search...
        Found 117 of the targeted 119 genes.
        Est. % comp: 98.32; Est. % redund: 1.68

   --------------------------------------------------------------------------   
	On assembly [0;32mGCF_051853135.1[0m; Number 1030 of 1312 total.
   --------------------------------------------------------------------------   

      Performing HMM search...
        Found 118 of the targeted 119 genes.
        Est. % comp: 99.16; Est. % redund: 3.36

   --------------------------------------------------------------------------   
	On assembly [0;32mGCF_051858235.2[0m; Number 1031 of 1312 total.
   --------------------------------------------------------------------------   

      Performing HMM search...
        Found 119 of the targeted 119 genes.
        Est. % comp: 100.00; Est. % redund: 0.00

   --------------------------------------------------------------------------   
	On assembly [0;32mGCF_051904015.1[0m; Number 1032 of 1312 total.
   --------------------------------------------------------------------------   

      Performing HMM search...
        Found 119 of the targeted 119 genes.
        Est. % comp: 100.00; Est. % redund: 0.00

   --------------------------------------------------------------------------   
	On assembly [0;32mGCF_051904025.1[0m; Number 1033 of 1312 total.
   --------------------------------------------------------------------------   

      Performing HMM search...
        Found 119 of the targeted 119 genes.
        Est. % comp: 100.00; Est. % redund: 0.00

   --------------------------------------------------------------------------   
	On assembly [0;32mGCF_051908735.1[0m; Number 1034 of 1312 total.
   --------------------------------------------------------------------------   

      Performing HMM search...
        Found 119 of the targeted 119 genes.
        Est. % comp: 100.00; Est. % redund: 0.00

   --------------------------------------------------------------------------   
	On assembly [0;32mGCF_051935925.1[0m; Number 1035 of 1312 total.
   --------------------------------------------------------------------------   

      Performing HMM search...
        Found 118 of the targeted 119 genes.
        Est. % comp: 99.16; Est. % redund: 0.84

   --------------------------------------------------------------------------   
	On assembly [0;32mGCF_052044605.1[0m; Number 1036 of 1312 total.
   --------------------------------------------------------------------------   

      Performing HMM search...
        Found 119 of the targeted 119 genes.
        Est. % comp: 100.00; Est. % redund: 0.00

   --------------------------------------------------------------------------   
	On assembly [0;32mGCF_052044835.1[0m; Number 1037 of 1312 total.
   --------------------------------------------------------------------------   

      Performing HMM search...
        Found 119 of the targeted 119 genes.
        Est. % comp: 100.00; Est. % redund: 0.00

   --------------------------------------------------------------------------   
	On assembly [0;32mGCF_052044955.1[0m; Number 1038 of 1312 total.
   --------------------------------------------------------------------------   

      Performing HMM search...
        Found 119 of the targeted 119 genes.
        Est. % comp: 100.00; Est. % redund: 0.00

   --------------------------------------------------------------------------   
	On assembly [0;32mGCF_052045225.1[0m; Number 1039 of 1312 total.
   --------------------------------------------------------------------------   

      Performing HMM search...
        Found 118 of the targeted 119 genes.
        Est. % comp: 99.16; Est. % redund: 0.84

   --------------------------------------------------------------------------   
	On assembly [0;32mGCF_052045475.1[0m; Number 1040 of 1312 total.
   --------------------------------------------------------------------------   

      Performing HMM search...
        Found 118 of the targeted 119 genes.
        Est. % comp: 99.16; Est. % redund: 0.84

   --------------------------------------------------------------------------   
	On assembly [0;32mGCF_052045575.1[0m; Number 1041 of 1312 total.
   --------------------------------------------------------------------------   

      Performing HMM search...
        Found 119 of the targeted 119 genes.
        Est. % comp: 100.00; Est. % redund: 0.00

   --------------------------------------------------------------------------   
	On assembly [0;32mGCF_052076155.1[0m; Number 1042 of 1312 total.
   --------------------------------------------------------------------------   

      Performing HMM search...
        Found 118 of the targeted 119 genes.
        Est. % comp: 99.16; Est. % redund: 0.84

   --------------------------------------------------------------------------   
	On assembly [0;32mGCF_052113145.1[0m; Number 1043 of 1312 total.
   --------------------------------------------------------------------------   

      Performing HMM search...
        Found 118 of the targeted 119 genes.
        Est. % comp: 99.16; Est. % redund: 0.84

   --------------------------------------------------------------------------   
	On assembly [0;32mGCF_052113405.1[0m; Number 1044 of 1312 total.
   --------------------------------------------------------------------------   

      Performing HMM search...
        Found 119 of the targeted 119 genes.
        Est. % comp: 100.00; Est. % redund: 0.00

   --------------------------------------------------------------------------   
	On assembly [0;32mGCF_052180195.1[0m; Number 1045 of 1312 total.
   --------------------------------------------------------------------------   

      Performing HMM search...
        Found 119 of the targeted 119 genes.
        Est. % comp: 100.00; Est. % redund: 0.84

   --------------------------------------------------------------------------   
	On assembly [0;32mGCF_052229975.1[0m; Number 1046 of 1312 total.
   --------------------------------------------------------------------------   

      Performing HMM search...
        Found 118 of the targeted 119 genes.
        Est. % comp: 99.16; Est. % redund: 0.84

   --------------------------------------------------------------------------   
	On assembly [0;32mGCF_052259025.1[0m; Number 1047 of 1312 total.
   --------------------------------------------------------------------------   

      Performing HMM search...
        Found 119 of the targeted 119 genes.
        Est. % comp: 100.00; Est. % redund: 0.84

   --------------------------------------------------------------------------   
	On assembly [0;32mGCF_052535915.1[0m; Number 1048 of 1312 total.
   --------------------------------------------------------------------------   

      Performing HMM search...
        Found 118 of the targeted 119 genes.
        Est. % comp: 99.16; Est. % redund: 0.84

   --------------------------------------------------------------------------   
	On assembly [0;32mGCF_052542035.1[0m; Number 1049 of 1312 total.
   --------------------------------------------------------------------------   

      Performing HMM search...
        Found 119 of the targeted 119 genes.
        Est. % comp: 100.00; Est. % redund: 0.00

   --------------------------------------------------------------------------   
	On assembly [0;32mGCF_052542115.1[0m; Number 1050 of 1312 total.
   --------------------------------------------------------------------------   

      Performing HMM search...
        Found 119 of the targeted 119 genes.
        Est. % comp: 100.00; Est. % redund: 0.00

   --------------------------------------------------------------------------   
	On assembly [0;32mGCF_052568175.1[0m; Number 1051 of 1312 total.
   --------------------------------------------------------------------------   

      Performing HMM search...
        Found 118 of the targeted 119 genes.
        Est. % comp: 99.16; Est. % redund: 0.84

   --------------------------------------------------------------------------   
	On assembly [0;32mGCF_052568205.1[0m; Number 1052 of 1312 total.
   --------------------------------------------------------------------------   

      Performing HMM search...
        Found 118 of the targeted 119 genes.
        Est. % comp: 99.16; Est. % redund: 0.84

   --------------------------------------------------------------------------   
	On assembly [0;32mGCF_052585365.1[0m; Number 1053 of 1312 total.
   --------------------------------------------------------------------------   

      Performing HMM search...
        Found 117 of the targeted 119 genes.
        Est. % comp: 98.32; Est. % redund: 0.00

   --------------------------------------------------------------------------   
	On assembly [0;32mGCF_052585385.1[0m; Number 1054 of 1312 total.
   --------------------------------------------------------------------------   

      Performing HMM search...
        Found 118 of the targeted 119 genes.
        Est. % comp: 99.16; Est. % redund: 0.00

   --------------------------------------------------------------------------   
	On assembly [0;32mGCF_052591155.1[0m; Number 1055 of 1312 total.
   --------------------------------------------------------------------------   

      Performing HMM search...
        Found 116 of the targeted 119 genes.
        Est. % comp: 97.48; Est. % redund: 0.00

   --------------------------------------------------------------------------   
	On assembly [0;32mGCF_052601275.1[0m; Number 1056 of 1312 total.
   --------------------------------------------------------------------------   

      Performing HMM search...
        Found 119 of the targeted 119 genes.
        Est. % comp: 100.00; Est. % redund: 0.00

   --------------------------------------------------------------------------   
	On assembly [0;32mGCF_052682215.1[0m; Number 1057 of 1312 total.
   --------------------------------------------------------------------------   

      Performing HMM search...
        Found 119 of the targeted 119 genes.
        Est. % comp: 100.00; Est. % redund: 0.84

   --------------------------------------------------------------------------   
	On assembly [0;32mGCF_052692055.1[0m; Number 1058 of 1312 total.
   --------------------------------------------------------------------------   

      Performing HMM search...
        Found 119 of the targeted 119 genes.
        Est. % comp: 100.00; Est. % redund: 0.84

   --------------------------------------------------------------------------   
	On assembly [0;32mGCF_052692675.1[0m; Number 1059 of 1312 total.
   --------------------------------------------------------------------------   

      Performing HMM search...
        Found 117 of the targeted 119 genes.
        Est. % comp: 98.32; Est. % redund: 0.84

   --------------------------------------------------------------------------   
	On assembly [0;32mGCF_052692685.1[0m; Number 1060 of 1312 total.
   --------------------------------------------------------------------------   

      Performing HMM search...
        Found 117 of the targeted 119 genes.
        Est. % comp: 98.32; Est. % redund: 0.84

   --------------------------------------------------------------------------   
	On assembly [0;32mGCF_052693045.1[0m; Number 1061 of 1312 total.
   --------------------------------------------------------------------------   

      Performing HMM search...
        Found 119 of the targeted 119 genes.
        Est. % comp: 100.00; Est. % redund: 0.00

   --------------------------------------------------------------------------   
	On assembly [0;32mGCF_052806235.1[0m; Number 1062 of 1312 total.
   --------------------------------------------------------------------------   

      Performing HMM search...
        Found 119 of the targeted 119 genes.
        Est. % comp: 100.00; Est. % redund: 0.00

   --------------------------------------------------------------------------   
	On assembly [0;32mGCF_052828465.1[0m; Number 1063 of 1312 total.
   --------------------------------------------------------------------------   

      Performing HMM search...
        Found 119 of the targeted 119 genes.
        Est. % comp: 100.00; Est. % redund: 0.00

   --------------------------------------------------------------------------   
	On assembly [0;32mGCF_052922385.1[0m; Number 1064 of 1312 total.
   --------------------------------------------------------------------------   

      Performing HMM search...
        Found 118 of the targeted 119 genes.
        Est. % comp: 99.16; Est. % redund: 0.84

   --------------------------------------------------------------------------   
	On assembly [0;32mGCF_052977405.1[0m; Number 1065 of 1312 total.
   --------------------------------------------------------------------------   

      Performing HMM search...
        Found 118 of the targeted 119 genes.
        Est. % comp: 99.16; Est. % redund: 0.84

   --------------------------------------------------------------------------   
	On assembly [0;32mGCF_053291865.1[0m; Number 1066 of 1312 total.
   --------------------------------------------------------------------------   

      Performing HMM search...
        Found 119 of the targeted 119 genes.
        Est. % comp: 100.00; Est. % redund: 0.84

   --------------------------------------------------------------------------   
	On assembly [0;32mGCF_053291885.1[0m; Number 1067 of 1312 total.
   --------------------------------------------------------------------------   

      Performing HMM search...
        Found 119 of the targeted 119 genes.
        Est. % comp: 100.00; Est. % redund: 0.00

   --------------------------------------------------------------------------   
	On assembly [0;32mGCF_053291905.1[0m; Number 1068 of 1312 total.
   --------------------------------------------------------------------------   

      Performing HMM search...
        Found 119 of the targeted 119 genes.
        Est. % comp: 100.00; Est. % redund: 0.00

   --------------------------------------------------------------------------   
	On assembly [0;32mGCF_053470225.1[0m; Number 1069 of 1312 total.
   --------------------------------------------------------------------------   

      Performing HMM search...
        Found 118 of the targeted 119 genes.
        Est. % comp: 99.16; Est. % redund: 0.84

   --------------------------------------------------------------------------   
	On assembly [0;32mGCF_053470245.1[0m; Number 1070 of 1312 total.
   --------------------------------------------------------------------------   

      Performing HMM search...
        Found 118 of the targeted 119 genes.
        Est. % comp: 99.16; Est. % redund: 0.84

   --------------------------------------------------------------------------   
	On assembly [0;32mGCF_053545315.1[0m; Number 1071 of 1312 total.
   --------------------------------------------------------------------------   

      Performing HMM search...
        Found 118 of the targeted 119 genes.
        Est. % comp: 99.16; Est. % redund: 0.84

   --------------------------------------------------------------------------   
	On assembly [0;32mGCF_053569555.1[0m; Number 1072 of 1312 total.
   --------------------------------------------------------------------------   

      Performing HMM search...
        Found 117 of the targeted 119 genes.
        Est. % comp: 98.32; Est. % redund: 1.68

   --------------------------------------------------------------------------   
	On assembly [0;32mGCF_053570865.1[0m; Number 1073 of 1312 total.
   --------------------------------------------------------------------------   

      Performing HMM search...
        Found 117 of the targeted 119 genes.
        Est. % comp: 98.32; Est. % redund: 1.68

   --------------------------------------------------------------------------   
	On assembly [0;32mGCF_053570905.1[0m; Number 1074 of 1312 total.
   --------------------------------------------------------------------------   

      Performing HMM search...
        Found 119 of the targeted 119 genes.
        Est. % comp: 100.00; Est. % redund: 0.84

   --------------------------------------------------------------------------   
	On assembly [0;32mGCF_053570985.1[0m; Number 1075 of 1312 total.
   --------------------------------------------------------------------------   

      Performing HMM search...
        Found 118 of the targeted 119 genes.
        Est. % comp: 99.16; Est. % redund: 0.00

   --------------------------------------------------------------------------   
	On assembly [0;32mGCF_053571025.1[0m; Number 1076 of 1312 total.
   --------------------------------------------------------------------------   

      Performing HMM search...
        Found 118 of the targeted 119 genes.
        Est. % comp: 99.16; Est. % redund: 0.84

   --------------------------------------------------------------------------   
	On assembly [0;32mGCF_053663195.1[0m; Number 1077 of 1312 total.
   --------------------------------------------------------------------------   

      Performing HMM search...
        Found 118 of the targeted 119 genes.
        Est. % comp: 99.16; Est. % redund: 0.84

   --------------------------------------------------------------------------   
	On assembly [0;32mGCF_053663335.1[0m; Number 1078 of 1312 total.
   --------------------------------------------------------------------------   

      Performing HMM search...
        Found 118 of the targeted 119 genes.
        Est. % comp: 99.16; Est. % redund: 0.84

   --------------------------------------------------------------------------   
	On assembly [0;32mGCF_053663355.1[0m; Number 1079 of 1312 total.
   --------------------------------------------------------------------------   

      Performing HMM search...
        Found 118 of the targeted 119 genes.
        Est. % comp: 99.16; Est. % redund: 0.84

   --------------------------------------------------------------------------   
	On assembly [0;32mGCF_053663395.1[0m; Number 1080 of 1312 total.
   --------------------------------------------------------------------------   

      Performing HMM search...
        Found 118 of the targeted 119 genes.
        Est. % comp: 99.16; Est. % redund: 0.84

   --------------------------------------------------------------------------   
	On assembly [0;32mGCF_053663455.1[0m; Number 1081 of 1312 total.
   --------------------------------------------------------------------------   

      Performing HMM search...
        Found 118 of the targeted 119 genes.
        Est. % comp: 99.16; Est. % redund: 0.84

   --------------------------------------------------------------------------   
	On assembly [0;32mGCF_053750075.1[0m; Number 1082 of 1312 total.
   --------------------------------------------------------------------------   

      Performing HMM search...
        Found 118 of the targeted 119 genes.
        Est. % comp: 99.16; Est. % redund: 0.84

   --------------------------------------------------------------------------   
	On assembly [0;32mGCF_053750095.1[0m; Number 1083 of 1312 total.
   --------------------------------------------------------------------------   

      Performing HMM search...
        Found 118 of the targeted 119 genes.
        Est. % comp: 99.16; Est. % redund: 0.84

   --------------------------------------------------------------------------   
	On assembly [0;32mGCF_053847225.1[0m; Number 1084 of 1312 total.
   --------------------------------------------------------------------------   

      Performing HMM search...
        Found 118 of the targeted 119 genes.
        Est. % comp: 99.16; Est. % redund: 0.84

   --------------------------------------------------------------------------   
	On assembly [0;32mGCF_053852075.1[0m; Number 1085 of 1312 total.
   --------------------------------------------------------------------------   

      Performing HMM search...
        Found 119 of the targeted 119 genes.
        Est. % comp: 100.00; Est. % redund: 0.00

   --------------------------------------------------------------------------   
	On assembly [0;32mGCF_053894975.1[0m; Number 1086 of 1312 total.
   --------------------------------------------------------------------------   

      Performing HMM search...
        Found 119 of the targeted 119 genes.
        Est. % comp: 100.00; Est. % redund: 2.52

   --------------------------------------------------------------------------   
	On assembly [0;32mGCF_053895045.1[0m; Number 1087 of 1312 total.
   --------------------------------------------------------------------------   

      Performing HMM search...
        Found 118 of the targeted 119 genes.
        Est. % comp: 99.16; Est. % redund: 0.00

   --------------------------------------------------------------------------   
	On assembly [0;32mGCF_054054465.1[0m; Number 1088 of 1312 total.
   --------------------------------------------------------------------------   

      Performing HMM search...
        Found 119 of the targeted 119 genes.
        Est. % comp: 100.00; Est. % redund: 0.00

   --------------------------------------------------------------------------   
	On assembly [0;32mGCF_054073805.1[0m; Number 1089 of 1312 total.
   --------------------------------------------------------------------------   

      Performing HMM search...
        Found 119 of the targeted 119 genes.
        Est. % comp: 100.00; Est. % redund: 0.84

   --------------------------------------------------------------------------   
	On assembly [0;32mGCF_054165805.1[0m; Number 1090 of 1312 total.
   --------------------------------------------------------------------------   

      Performing HMM search...
        Found 118 of the targeted 119 genes.
        Est. % comp: 99.16; Est. % redund: 0.84

   --------------------------------------------------------------------------   
	On assembly [0;32mGCF_054182705.1[0m; Number 1091 of 1312 total.
   --------------------------------------------------------------------------   

      Performing HMM search...
        Found 119 of the targeted 119 genes.
        Est. % comp: 100.00; Est. % redund: 1.68

   --------------------------------------------------------------------------   
	On assembly [0;32mGCF_054182725.1[0m; Number 1092 of 1312 total.
   --------------------------------------------------------------------------   

      Performing HMM search...
        Found 119 of the targeted 119 genes.
        Est. % comp: 100.00; Est. % redund: 0.84

   --------------------------------------------------------------------------   
	On assembly [0;32mGCF_054226265.1[0m; Number 1093 of 1312 total.
   --------------------------------------------------------------------------   

      Performing HMM search...
        Found 118 of the targeted 119 genes.
        Est. % comp: 99.16; Est. % redund: 0.84

   --------------------------------------------------------------------------   
	On assembly [0;32mGCF_054456595.1[0m; Number 1094 of 1312 total.
   --------------------------------------------------------------------------   

      Performing HMM search...
        Found 119 of the targeted 119 genes.
        Est. % comp: 100.00; Est. % redund: 0.00

   --------------------------------------------------------------------------   
	On assembly [0;32mGCF_054461375.1[0m; Number 1095 of 1312 total.
   --------------------------------------------------------------------------   

      Performing HMM search...
        Found 119 of the targeted 119 genes.
        Est. % comp: 100.00; Est. % redund: 0.84

   --------------------------------------------------------------------------   
	On assembly [0;32mGCF_054462015.1[0m; Number 1096 of 1312 total.
   --------------------------------------------------------------------------   

      Performing HMM search...
        Found 119 of the targeted 119 genes.
        Est. % comp: 100.00; Est. % redund: 0.00

   --------------------------------------------------------------------------   
	On assembly [0;32mGCF_054552515.1[0m; Number 1097 of 1312 total.
   --------------------------------------------------------------------------   

      Performing HMM search...
        Found 118 of the targeted 119 genes.
        Est. % comp: 99.16; Est. % redund: 0.00

   --------------------------------------------------------------------------   
	On assembly [0;32mGCF_054552535.1[0m; Number 1098 of 1312 total.
   --------------------------------------------------------------------------   

      Performing HMM search...
        Found 118 of the targeted 119 genes.
        Est. % comp: 99.16; Est. % redund: 0.00

   --------------------------------------------------------------------------   
	On assembly [0;32mGCF_054552595.1[0m; Number 1099 of 1312 total.
   --------------------------------------------------------------------------   

      Performing HMM search...
        Found 118 of the targeted 119 genes.
        Est. % comp: 99.16; Est. % redund: 0.00

   --------------------------------------------------------------------------   
	On assembly [0;32mGCF_054552615.1[0m; Number 1100 of 1312 total.
   --------------------------------------------------------------------------   

      Performing HMM search...
        Found 118 of the targeted 119 genes.
        Est. % comp: 99.16; Est. % redund: 0.00

   --------------------------------------------------------------------------   
	On assembly [0;32mGCF_054570475.1[0m; Number 1101 of 1312 total.
   --------------------------------------------------------------------------   

      Performing HMM search...
        Found 119 of the targeted 119 genes.
        Est. % comp: 100.00; Est. % redund: 0.84

   --------------------------------------------------------------------------   
	On assembly [0;32mGCF_054816535.1[0m; Number 1102 of 1312 total.
   --------------------------------------------------------------------------   

      Performing HMM search...
        Found 118 of the targeted 119 genes.
        Est. % comp: 99.16; Est. % redund: 0.84

   --------------------------------------------------------------------------   
	On assembly [0;32mGCF_054850045.1[0m; Number 1103 of 1312 total.
   --------------------------------------------------------------------------   

      Performing HMM search...
        Found 118 of the targeted 119 genes.
        Est. % comp: 99.16; Est. % redund: 0.84

   --------------------------------------------------------------------------   
	On assembly [0;32mGCF_054850195.1[0m; Number 1104 of 1312 total.
   --------------------------------------------------------------------------   

      Performing HMM search...
        Found 119 of the targeted 119 genes.
        Est. % comp: 100.00; Est. % redund: 0.00

   --------------------------------------------------------------------------   
	On assembly [0;32mGCF_054889435.1[0m; Number 1105 of 1312 total.
   --------------------------------------------------------------------------   

      Performing HMM search...
        Found 118 of the targeted 119 genes.
        Est. % comp: 99.16; Est. % redund: 0.84

   --------------------------------------------------------------------------   
	On assembly [0;32mGCF_054900515.1[0m; Number 1106 of 1312 total.
   --------------------------------------------------------------------------   

      Performing HMM search...
        Found 118 of the targeted 119 genes.
        Est. % comp: 99.16; Est. % redund: 0.84

   --------------------------------------------------------------------------   
	On assembly [0;32mGCF_054954805.1[0m; Number 1107 of 1312 total.
   --------------------------------------------------------------------------   

      Performing HMM search...
        Found 118 of the targeted 119 genes.
        Est. % comp: 99.16; Est. % redund: 0.84

   --------------------------------------------------------------------------   
	On assembly [0;32mGCF_054966515.1[0m; Number 1108 of 1312 total.
   --------------------------------------------------------------------------   

      Performing HMM search...
        Found 118 of the targeted 119 genes.
        Est. % comp: 99.16; Est. % redund: 0.84

   --------------------------------------------------------------------------   
	On assembly [0;32mGCF_055229245.1[0m; Number 1109 of 1312 total.
   --------------------------------------------------------------------------   

      Performing HMM search...
        Found 119 of the targeted 119 genes.
        Est. % comp: 100.00; Est. % redund: 0.00

   --------------------------------------------------------------------------   
	On assembly [0;32mGCF_055326565.1[0m; Number 1110 of 1312 total.
   --------------------------------------------------------------------------   

      Performing HMM search...
        Found 119 of the targeted 119 genes.
        Est. % comp: 100.00; Est. % redund: 0.00

   --------------------------------------------------------------------------   
	On assembly [0;32mGCF_055326625.1[0m; Number 1111 of 1312 total.
   --------------------------------------------------------------------------   

      Performing HMM search...
        Found 119 of the targeted 119 genes.
        Est. % comp: 100.00; Est. % redund: 5.88

   --------------------------------------------------------------------------   
	On assembly [0;32mGCF_055378645.1[0m; Number 1112 of 1312 total.
   --------------------------------------------------------------------------   

      Performing HMM search...
        Found 119 of the targeted 119 genes.
        Est. % comp: 100.00; Est. % redund: 0.00

   --------------------------------------------------------------------------   
	On assembly [0;32mGCF_055378935.1[0m; Number 1113 of 1312 total.
   --------------------------------------------------------------------------   

      Performing HMM search...
        Found 119 of the targeted 119 genes.
        Est. % comp: 100.00; Est. % redund: 0.00

   --------------------------------------------------------------------------   
	On assembly [0;32mGCF_055475255.1[0m; Number 1114 of 1312 total.
   --------------------------------------------------------------------------   

      Performing HMM search...
        Found 118 of the targeted 119 genes.
        Est. % comp: 99.16; Est. % redund: 0.84

   --------------------------------------------------------------------------   
	On assembly [0;32mGCF_055690625.1[0m; Number 1115 of 1312 total.
   --------------------------------------------------------------------------   

      Performing HMM search...
        Found 118 of the targeted 119 genes.
        Est. % comp: 99.16; Est. % redund: 0.84

   --------------------------------------------------------------------------   
	On assembly [0;32mGCF_055690645.1[0m; Number 1116 of 1312 total.
   --------------------------------------------------------------------------   

      Performing HMM search...
        Found 118 of the targeted 119 genes.
        Est. % comp: 99.16; Est. % redund: 0.84

   --------------------------------------------------------------------------   
	On assembly [0;32mGCF_055690665.1[0m; Number 1117 of 1312 total.
   --------------------------------------------------------------------------   

      Performing HMM search...
        Found 118 of the targeted 119 genes.
        Est. % comp: 99.16; Est. % redund: 0.84

   --------------------------------------------------------------------------   
	On assembly [0;32mGCF_055690685.1[0m; Number 1118 of 1312 total.
   --------------------------------------------------------------------------   

      Performing HMM search...
        Found 119 of the targeted 119 genes.
        Est. % comp: 100.00; Est. % redund: 0.00

   --------------------------------------------------------------------------   
	On assembly [0;32mGCF_055709905.1[0m; Number 1119 of 1312 total.
   --------------------------------------------------------------------------   

      Performing HMM search...
        Found 118 of the targeted 119 genes.
        Est. % comp: 99.16; Est. % redund: 0.84

   --------------------------------------------------------------------------   
	On assembly [0;32mGCF_055793445.1[0m; Number 1120 of 1312 total.
   --------------------------------------------------------------------------   

      Performing HMM search...
        Found 119 of the targeted 119 genes.
        Est. % comp: 100.00; Est. % redund: 0.84

   --------------------------------------------------------------------------   
	On assembly [0;32mGCF_055801795.1[0m; Number 1121 of 1312 total.
   --------------------------------------------------------------------------   

      Performing HMM search...
        Found 119 of the targeted 119 genes.
        Est. % comp: 100.00; Est. % redund: 0.00

   --------------------------------------------------------------------------   
	On assembly [0;32mGCF_055825275.1[0m; Number 1122 of 1312 total.
   --------------------------------------------------------------------------   

      Performing HMM search...
        Found 119 of the targeted 119 genes.
        Est. % comp: 100.00; Est. % redund: 0.00

   --------------------------------------------------------------------------   
	On assembly [0;32mGCF_056008865.1[0m; Number 1123 of 1312 total.
   --------------------------------------------------------------------------   

      Performing HMM search...
        Found 118 of the targeted 119 genes.
        Est. % comp: 99.16; Est. % redund: 0.84

   --------------------------------------------------------------------------   
	On assembly [0;32mGCF_056033845.1[0m; Number 1124 of 1312 total.
   --------------------------------------------------------------------------   

      Performing HMM search...
        Found 119 of the targeted 119 genes.
        Est. % comp: 100.00; Est. % redund: 0.84

   --------------------------------------------------------------------------   
	On assembly [0;32mGCF_056033865.1[0m; Number 1125 of 1312 total.
   --------------------------------------------------------------------------   

      Performing HMM search...
        Found 117 of the targeted 119 genes.
        Est. % comp: 98.32; Est. % redund: 0.00

   --------------------------------------------------------------------------   
	On assembly [0;32mGCF_056033885.1[0m; Number 1126 of 1312 total.
   --------------------------------------------------------------------------   

      Performing HMM search...
        Found 119 of the targeted 119 genes.
        Est. % comp: 100.00; Est. % redund: 0.00

   --------------------------------------------------------------------------   
	On assembly [0;32mGCF_056033925.1[0m; Number 1127 of 1312 total.
   --------------------------------------------------------------------------   

      Performing HMM search...
        Found 119 of the targeted 119 genes.
        Est. % comp: 100.00; Est. % redund: 0.00

   --------------------------------------------------------------------------   
	On assembly [0;32mGCF_056098965.1[0m; Number 1128 of 1312 total.
   --------------------------------------------------------------------------   

      Performing HMM search...
        Found 119 of the targeted 119 genes.
        Est. % comp: 100.00; Est. % redund: 0.84

   --------------------------------------------------------------------------   
	On assembly [0;32mGCF_056156505.1[0m; Number 1129 of 1312 total.
   --------------------------------------------------------------------------   

      Performing HMM search...
        Found 118 of the targeted 119 genes.
        Est. % comp: 99.16; Est. % redund: 0.00

   --------------------------------------------------------------------------   
	On assembly [0;32mGCF_056312695.1[0m; Number 1130 of 1312 total.
   --------------------------------------------------------------------------   

      Performing HMM search...
        Found 118 of the targeted 119 genes.
        Est. % comp: 99.16; Est. % redund: 0.84

   --------------------------------------------------------------------------   
	On assembly [0;32mGCF_056377955.1[0m; Number 1131 of 1312 total.
   --------------------------------------------------------------------------   

      Performing HMM search...
        Found 119 of the targeted 119 genes.
        Est. % comp: 100.00; Est. % redund: 0.00

   --------------------------------------------------------------------------   
	On assembly [0;32mGCF_056395645.1[0m; Number 1132 of 1312 total.
   --------------------------------------------------------------------------   

      Performing HMM search...
        Found 119 of the targeted 119 genes.
        Est. % comp: 100.00; Est. % redund: 1.68

   --------------------------------------------------------------------------   
	On assembly [0;32mGCF_056396765.1[0m; Number 1133 of 1312 total.
   --------------------------------------------------------------------------   

      Performing HMM search...
        Found 116 of the targeted 119 genes.
        Est. % comp: 97.48; Est. % redund: 0.84

   --------------------------------------------------------------------------   
	On assembly [0;32mGCF_056396785.1[0m; Number 1134 of 1312 total.
   --------------------------------------------------------------------------   

      Performing HMM search...
        Found 118 of the targeted 119 genes.
        Est. % comp: 99.16; Est. % redund: 0.00

   --------------------------------------------------------------------------   
	On assembly [0;32mGCF_056396905.1[0m; Number 1135 of 1312 total.
   --------------------------------------------------------------------------   

      Performing HMM search...
        Found 118 of the targeted 119 genes.
        Est. % comp: 99.16; Est. % redund: 0.00

   --------------------------------------------------------------------------   
	On assembly [0;32mGCF_056397025.1[0m; Number 1136 of 1312 total.
   --------------------------------------------------------------------------   

      Performing HMM search...
        Found 119 of the targeted 119 genes.
        Est. % comp: 100.00; Est. % redund: 0.00

   --------------------------------------------------------------------------   
	On assembly [0;32mGCF_056398025.1[0m; Number 1137 of 1312 total.
   --------------------------------------------------------------------------   

      Performing HMM search...
        Found 118 of the targeted 119 genes.
        Est. % comp: 99.16; Est. % redund: 0.84

   --------------------------------------------------------------------------   
	On assembly [0;32mGCF_056398845.1[0m; Number 1138 of 1312 total.
   --------------------------------------------------------------------------   

      Performing HMM search...
        Found 119 of the targeted 119 genes.
        Est. % comp: 100.00; Est. % redund: 0.84

   --------------------------------------------------------------------------   
	On assembly [0;32mGCF_056399205.1[0m; Number 1139 of 1312 total.
   --------------------------------------------------------------------------   

      Performing HMM search...
        Found 119 of the targeted 119 genes.
        Est. % comp: 100.00; Est. % redund: 0.00

   --------------------------------------------------------------------------   
	On assembly [0;32mGCF_056399565.1[0m; Number 1140 of 1312 total.
   --------------------------------------------------------------------------   

      Performing HMM search...
        Found 118 of the targeted 119 genes.
        Est. % comp: 99.16; Est. % redund: 0.84

   --------------------------------------------------------------------------   
	On assembly [0;32mGCF_056401715.1[0m; Number 1141 of 1312 total.
   --------------------------------------------------------------------------   

      Performing HMM search...
        Found 119 of the targeted 119 genes.
        Est. % comp: 100.00; Est. % redund: 0.84

   --------------------------------------------------------------------------   
	On assembly [0;32mGCF_056413905.1[0m; Number 1142 of 1312 total.
   --------------------------------------------------------------------------   

      Performing HMM search...
        Found 118 of the targeted 119 genes.
        Est. % comp: 99.16; Est. % redund: 0.84

   --------------------------------------------------------------------------   
	On assembly [0;32mGCF_056428825.1[0m; Number 1143 of 1312 total.
   --------------------------------------------------------------------------   

      Performing HMM search...
        Found 119 of the targeted 119 genes.
        Est. % comp: 100.00; Est. % redund: 0.84

   --------------------------------------------------------------------------   
	On assembly [0;32mGCF_056428865.1[0m; Number 1144 of 1312 total.
   --------------------------------------------------------------------------   

      Performing HMM search...
        Found 119 of the targeted 119 genes.
        Est. % comp: 100.00; Est. % redund: 0.84

   --------------------------------------------------------------------------   
	On assembly [0;32mGCF_056431345.1[0m; Number 1145 of 1312 total.
   --------------------------------------------------------------------------   

      Performing HMM search...
        Found 119 of the targeted 119 genes.
        Est. % comp: 100.00; Est. % redund: 0.84

   --------------------------------------------------------------------------   
	On assembly [0;32mGCF_056437605.1[0m; Number 1146 of 1312 total.
   --------------------------------------------------------------------------   

      Performing HMM search...
        Found 118 of the targeted 119 genes.
        Est. % comp: 99.16; Est. % redund: 0.84

   --------------------------------------------------------------------------   
	On assembly [0;32mGCF_056491305.1[0m; Number 1147 of 1312 total.
   --------------------------------------------------------------------------   

      Performing HMM search...
        Found 118 of the targeted 119 genes.
        Est. % comp: 99.16; Est. % redund: 0.00

   --------------------------------------------------------------------------   
	On assembly [0;32mGCF_056491345.1[0m; Number 1148 of 1312 total.
   --------------------------------------------------------------------------   

      Performing HMM search...
        Found 119 of the targeted 119 genes.
        Est. % comp: 100.00; Est. % redund: 0.84

   --------------------------------------------------------------------------   
	On assembly [0;32mGCF_056491365.1[0m; Number 1149 of 1312 total.
   --------------------------------------------------------------------------   

      Performing HMM search...
        Found 119 of the targeted 119 genes.
        Est. % comp: 100.00; Est. % redund: 0.84

   --------------------------------------------------------------------------   
	On assembly [0;32mGCF_056491385.1[0m; Number 1150 of 1312 total.
   --------------------------------------------------------------------------   

      Performing HMM search...
        Found 119 of the targeted 119 genes.
        Est. % comp: 100.00; Est. % redund: 0.84

   --------------------------------------------------------------------------   
	On assembly [0;32mGCF_056491405.1[0m; Number 1151 of 1312 total.
   --------------------------------------------------------------------------   

      Performing HMM search...
        Found 118 of the targeted 119 genes.
        Est. % comp: 99.16; Est. % redund: 0.84

   --------------------------------------------------------------------------   
	On assembly [0;32mGCF_056519215.1[0m; Number 1152 of 1312 total.
   --------------------------------------------------------------------------   

      Performing HMM search...
        Found 119 of the targeted 119 genes.
        Est. % comp: 100.00; Est. % redund: 0.00

   --------------------------------------------------------------------------   
	On assembly [0;32mGCF_056521245.1[0m; Number 1153 of 1312 total.
   --------------------------------------------------------------------------   

      Performing HMM search...
        Found 119 of the targeted 119 genes.
        Est. % comp: 100.00; Est. % redund: 0.84

   --------------------------------------------------------------------------   
	On assembly [0;32mGCF_056640695.1[0m; Number 1154 of 1312 total.
   --------------------------------------------------------------------------   

      Performing HMM search...
        Found 118 of the targeted 119 genes.
        Est. % comp: 99.16; Est. % redund: 0.84

   --------------------------------------------------------------------------   
	On assembly [0;32mGCF_056674955.1[0m; Number 1155 of 1312 total.
   --------------------------------------------------------------------------   

      Performing HMM search...
        Found 118 of the targeted 119 genes.
        Est. % comp: 99.16; Est. % redund: 1.68

   --------------------------------------------------------------------------   
	On assembly [0;32mGCF_056711665.1[0m; Number 1156 of 1312 total.
   --------------------------------------------------------------------------   

      Performing HMM search...
        Found 119 of the targeted 119 genes.
        Est. % comp: 100.00; Est. % redund: 1.68

   --------------------------------------------------------------------------   
	On assembly [0;32mGCF_056725985.1[0m; Number 1157 of 1312 total.
   --------------------------------------------------------------------------   

      Performing HMM search...
        Found 118 of the targeted 119 genes.
        Est. % comp: 99.16; Est. % redund: 0.84

   --------------------------------------------------------------------------   
	On assembly [0;32mGCF_056775555.1[0m; Number 1158 of 1312 total.
   --------------------------------------------------------------------------   

      Performing HMM search...
        Found 119 of the targeted 119 genes.
        Est. % comp: 100.00; Est. % redund: 0.00

   --------------------------------------------------------------------------   
	On assembly [0;32mGCF_056777085.1[0m; Number 1159 of 1312 total.
   --------------------------------------------------------------------------   

      Performing HMM search...
        Found 119 of the targeted 119 genes.
        Est. % comp: 100.00; Est. % redund: 0.00

   --------------------------------------------------------------------------   
	On assembly [0;32mGCF_056784195.1[0m; Number 1160 of 1312 total.
   --------------------------------------------------------------------------   

      Performing HMM search...
        Found 119 of the targeted 119 genes.
        Est. % comp: 100.00; Est. % redund: 0.00

   --------------------------------------------------------------------------   
	On assembly [0;32mGCF_056832985.1[0m; Number 1161 of 1312 total.
   --------------------------------------------------------------------------   

      Performing HMM search...
        Found 119 of the targeted 119 genes.
        Est. % comp: 100.00; Est. % redund: 0.00

   --------------------------------------------------------------------------   
	On assembly [0;32mGCF_056958415.1[0m; Number 1162 of 1312 total.
   --------------------------------------------------------------------------   

      Performing HMM search...
        Found 119 of the targeted 119 genes.
        Est. % comp: 100.00; Est. % redund: 0.84

   --------------------------------------------------------------------------   
	On assembly [0;32mGCF_057096045.1[0m; Number 1163 of 1312 total.
   --------------------------------------------------------------------------   

      Performing HMM search...
        Found 118 of the targeted 119 genes.
        Est. % comp: 99.16; Est. % redund: 0.84

   --------------------------------------------------------------------------   
	On assembly [0;32mGCF_057162765.1[0m; Number 1164 of 1312 total.
   --------------------------------------------------------------------------   

      Performing HMM search...
        Found 118 of the targeted 119 genes.
        Est. % comp: 99.16; Est. % redund: 0.84

   --------------------------------------------------------------------------   
	On assembly [0;32mGCF_057175425.1[0m; Number 1165 of 1312 total.
   --------------------------------------------------------------------------   

      Performing HMM search...
        Found 118 of the targeted 119 genes.
        Est. % comp: 99.16; Est. % redund: 0.84

   --------------------------------------------------------------------------   
	On assembly [0;32mGCF_057220775.1[0m; Number 1166 of 1312 total.
   --------------------------------------------------------------------------   

      Performing HMM search...
        Found 118 of the targeted 119 genes.
        Est. % comp: 99.16; Est. % redund: 0.84

   --------------------------------------------------------------------------   
	On assembly [0;32mGCF_057321065.1[0m; Number 1167 of 1312 total.
   --------------------------------------------------------------------------   

      Performing HMM search...
        Found 119 of the targeted 119 genes.
        Est. % comp: 100.00; Est. % redund: 0.00

   --------------------------------------------------------------------------   
	On assembly [0;32mGCF_057333855.1[0m; Number 1168 of 1312 total.
   --------------------------------------------------------------------------   

      Performing HMM search...
        Found 119 of the targeted 119 genes.
        Est. % comp: 100.00; Est. % redund: 0.00

   --------------------------------------------------------------------------   
	On assembly [0;32mGCF_057334035.1[0m; Number 1169 of 1312 total.
   --------------------------------------------------------------------------   

      Performing HMM search...
        Found 119 of the targeted 119 genes.
        Est. % comp: 100.00; Est. % redund: 0.00

   --------------------------------------------------------------------------   
	On assembly [0;32mGCF_057334055.1[0m; Number 1170 of 1312 total.
   --------------------------------------------------------------------------   

      Performing HMM search...
        Found 119 of the targeted 119 genes.
        Est. % comp: 100.00; Est. % redund: 0.00

   --------------------------------------------------------------------------   
	On assembly [0;32mGCF_057334135.1[0m; Number 1171 of 1312 total.
   --------------------------------------------------------------------------   

      Performing HMM search...
        Found 119 of the targeted 119 genes.
        Est. % comp: 100.00; Est. % redund: 0.00

   --------------------------------------------------------------------------   
	On assembly [0;32mGCF_057334155.1[0m; Number 1172 of 1312 total.
   --------------------------------------------------------------------------   

      Performing HMM search...
        Found 112 of the targeted 119 genes.
        Est. % comp: 94.12; Est. % redund: 0.84

   --------------------------------------------------------------------------   
	On assembly [0;32mGCF_057334235.1[0m; Number 1173 of 1312 total.
   --------------------------------------------------------------------------   

      Performing HMM search...
        Found 119 of the targeted 119 genes.
        Est. % comp: 100.00; Est. % redund: 0.00

   --------------------------------------------------------------------------   
	On assembly [0;32mGCF_057334255.1[0m; Number 1174 of 1312 total.
   --------------------------------------------------------------------------   

      Performing HMM search...
        Found 118 of the targeted 119 genes.
        Est. % comp: 99.16; Est. % redund: 0.84

   --------------------------------------------------------------------------   
	On assembly [0;32mGCF_057334335.1[0m; Number 1175 of 1312 total.
   --------------------------------------------------------------------------   

      Performing HMM search...
        Found 119 of the targeted 119 genes.
        Est. % comp: 100.00; Est. % redund: 0.00

   --------------------------------------------------------------------------   
	On assembly [0;32mGCF_057334475.1[0m; Number 1176 of 1312 total.
   --------------------------------------------------------------------------   

      Performing HMM search...
        Found 119 of the targeted 119 genes.
        Est. % comp: 100.00; Est. % redund: 0.00

   --------------------------------------------------------------------------   
	On assembly [0;32mGCF_057334495.1[0m; Number 1177 of 1312 total.
   --------------------------------------------------------------------------   

      Performing HMM search...
        Found 119 of the targeted 119 genes.
        Est. % comp: 100.00; Est. % redund: 0.00

   --------------------------------------------------------------------------   
	On assembly [0;32mGCF_057334575.1[0m; Number 1178 of 1312 total.
   --------------------------------------------------------------------------   

      Performing HMM search...
        Found 119 of the targeted 119 genes.
        Est. % comp: 100.00; Est. % redund: 0.00

   --------------------------------------------------------------------------   
	On assembly [0;32mGCF_057334615.1[0m; Number 1179 of 1312 total.
   --------------------------------------------------------------------------   

      Performing HMM search...
        Found 119 of the targeted 119 genes.
        Est. % comp: 100.00; Est. % redund: 0.00

   --------------------------------------------------------------------------   
	On assembly [0;32mGCF_057334635.1[0m; Number 1180 of 1312 total.
   --------------------------------------------------------------------------   

      Performing HMM search...
        Found 118 of the targeted 119 genes.
        Est. % comp: 99.16; Est. % redund: 0.84

   --------------------------------------------------------------------------   
	On assembly [0;32mGCF_057654735.1[0m; Number 1181 of 1312 total.
   --------------------------------------------------------------------------   

      Performing HMM search...
        Found 118 of the targeted 119 genes.
        Est. % comp: 99.16; Est. % redund: 1.68

   --------------------------------------------------------------------------   
	On assembly [0;32mGCF_057676625.1[0m; Number 1182 of 1312 total.
   --------------------------------------------------------------------------   

      Performing HMM search...
        Found 119 of the targeted 119 genes.
        Est. % comp: 100.00; Est. % redund: 0.00

   --------------------------------------------------------------------------   
	On assembly [0;32mGCF_057814095.1[0m; Number 1183 of 1312 total.
   --------------------------------------------------------------------------   

      Performing HMM search...
        Found 119 of the targeted 119 genes.
        Est. % comp: 100.00; Est. % redund: 2.52

   --------------------------------------------------------------------------   
	On assembly [0;32mGCF_057814315.1[0m; Number 1184 of 1312 total.
   --------------------------------------------------------------------------   

      Performing HMM search...
        Found 119 of the targeted 119 genes.
        Est. % comp: 100.00; Est. % redund: 2.52

   --------------------------------------------------------------------------   
	On assembly [0;32mGCF_058067225.1[0m; Number 1185 of 1312 total.
   --------------------------------------------------------------------------   

      Performing HMM search...
        Found 119 of the targeted 119 genes.
        Est. % comp: 100.00; Est. % redund: 0.00

   --------------------------------------------------------------------------   
	On assembly [0;32mGCF_058091895.1[0m; Number 1186 of 1312 total.
   --------------------------------------------------------------------------   

      Performing HMM search...
        Found 119 of the targeted 119 genes.
        Est. % comp: 100.00; Est. % redund: 0.84

   --------------------------------------------------------------------------   
	On assembly [0;32mGCF_058137905.1[0m; Number 1187 of 1312 total.
   --------------------------------------------------------------------------   

      Performing HMM search...
        Found 118 of the targeted 119 genes.
        Est. % comp: 99.16; Est. % redund: 0.00

   --------------------------------------------------------------------------   
	On assembly [0;32mGCF_058167685.1[0m; Number 1188 of 1312 total.
   --------------------------------------------------------------------------   

      Performing HMM search...
        Found 118 of the targeted 119 genes.
        Est. % comp: 99.16; Est. % redund: 0.84

   --------------------------------------------------------------------------   
	On assembly [0;32mGCF_058182495.1[0m; Number 1189 of 1312 total.
   --------------------------------------------------------------------------   

      Performing HMM search...
        Found 119 of the targeted 119 genes.
        Est. % comp: 100.00; Est. % redund: 0.00

   --------------------------------------------------------------------------   
	On assembly [0;32mGCF_058215615.1[0m; Number 1190 of 1312 total.
   --------------------------------------------------------------------------   

      Performing HMM search...
        Found 118 of the targeted 119 genes.
        Est. % comp: 99.16; Est. % redund: 0.00

   --------------------------------------------------------------------------   
	On assembly [0;32mGCF_058215645.1[0m; Number 1191 of 1312 total.
   --------------------------------------------------------------------------   

      Performing HMM search...
        Found 111 of the targeted 119 genes.
        Est. % comp: 93.28; Est. % redund: 0.00

   --------------------------------------------------------------------------   
	On assembly [0;32mGCF_058215675.1[0m; Number 1192 of 1312 total.
   --------------------------------------------------------------------------   

      Performing HMM search...
        Found 106 of the targeted 119 genes.
        Est. % comp: 89.08; Est. % redund: 0.00

   --------------------------------------------------------------------------   
	On assembly [0;32mGCF_058320775.1[0m; Number 1193 of 1312 total.
   --------------------------------------------------------------------------   

      Performing HMM search...
        Found 118 of the targeted 119 genes.
        Est. % comp: 99.16; Est. % redund: 0.84

   --------------------------------------------------------------------------   
	On assembly [0;32mGCF_058629295.1[0m; Number 1194 of 1312 total.
   --------------------------------------------------------------------------   

      Performing HMM search...
        Found 119 of the targeted 119 genes.
        Est. % comp: 100.00; Est. % redund: 0.00

   --------------------------------------------------------------------------   
	On assembly [0;32mGCF_058629315.1[0m; Number 1195 of 1312 total.
   --------------------------------------------------------------------------   

      Performing HMM search...
        Found 119 of the targeted 119 genes.
        Est. % comp: 100.00; Est. % redund: 0.84

   --------------------------------------------------------------------------   
	On assembly [0;32mGCF_058629395.1[0m; Number 1196 of 1312 total.
   --------------------------------------------------------------------------   

      Performing HMM search...
        Found 118 of the targeted 119 genes.
        Est. % comp: 99.16; Est. % redund: 0.84

   --------------------------------------------------------------------------   
	On assembly [0;32mGCF_058629415.1[0m; Number 1197 of 1312 total.
   --------------------------------------------------------------------------   

      Performing HMM search...
        Found 119 of the targeted 119 genes.
        Est. % comp: 100.00; Est. % redund: 1.68

   --------------------------------------------------------------------------   
	On assembly [0;32mGCF_058629435.1[0m; Number 1198 of 1312 total.
   --------------------------------------------------------------------------   

      Performing HMM search...
        Found 118 of the targeted 119 genes.
        Est. % comp: 99.16; Est. % redund: 1.68

   --------------------------------------------------------------------------   
	On assembly [0;32mGCF_058731845.1[0m; Number 1199 of 1312 total.
   --------------------------------------------------------------------------   

      Performing HMM search...
        Found 119 of the targeted 119 genes.
        Est. % comp: 100.00; Est. % redund: 0.84

   --------------------------------------------------------------------------   
	On assembly [0;32mGCF_058932585.1[0m; Number 1200 of 1312 total.
   --------------------------------------------------------------------------   

      Performing HMM search...
        Found 119 of the targeted 119 genes.
        Est. % comp: 100.00; Est. % redund: 0.84

   --------------------------------------------------------------------------   
	On assembly [0;32mGCF_059078195.1[0m; Number 1201 of 1312 total.
   --------------------------------------------------------------------------   

      Performing HMM search...
        Found 119 of the targeted 119 genes.
        Est. % comp: 100.00; Est. % redund: 0.84

   --------------------------------------------------------------------------   
	On assembly [0;32mGCF_059078255.1[0m; Number 1202 of 1312 total.
   --------------------------------------------------------------------------   

      Performing HMM search...
        Found 118 of the targeted 119 genes.
        Est. % comp: 99.16; Est. % redund: 0.84

   --------------------------------------------------------------------------   
	On assembly [0;32mGCF_059147195.1[0m; Number 1203 of 1312 total.
   --------------------------------------------------------------------------   

      Performing HMM search...
        Found 118 of the targeted 119 genes.
        Est. % comp: 99.16; Est. % redund: 0.84

   --------------------------------------------------------------------------   
	On assembly [0;32mGCF_059147205.1[0m; Number 1204 of 1312 total.
   --------------------------------------------------------------------------   

      Performing HMM search...
        Found 118 of the targeted 119 genes.
        Est. % comp: 99.16; Est. % redund: 0.84

   --------------------------------------------------------------------------   
	On assembly [0;32mGCF_059379545.1[0m; Number 1205 of 1312 total.
   --------------------------------------------------------------------------   

      Performing HMM search...
        Found 119 of the targeted 119 genes.
        Est. % comp: 100.00; Est. % redund: 0.00

   --------------------------------------------------------------------------   
	On assembly [0;32mGCF_059547565.1[0m; Number 1206 of 1312 total.
   --------------------------------------------------------------------------   

      Performing HMM search...
        Found 119 of the targeted 119 genes.
        Est. % comp: 100.00; Est. % redund: 0.00

   --------------------------------------------------------------------------   
	On assembly [0;32mGCF_059547635.1[0m; Number 1207 of 1312 total.
   --------------------------------------------------------------------------   

      Performing HMM search...
        Found 118 of the targeted 119 genes.
        Est. % comp: 99.16; Est. % redund: 0.84

   --------------------------------------------------------------------------   
	On assembly [0;32mGCF_059618005.1[0m; Number 1208 of 1312 total.
   --------------------------------------------------------------------------   

      Performing HMM search...
        Found 118 of the targeted 119 genes.
        Est. % comp: 99.16; Est. % redund: 0.84

   --------------------------------------------------------------------------   
	On assembly [0;32mGCF_059629335.1[0m; Number 1209 of 1312 total.
   --------------------------------------------------------------------------   

      Performing HMM search...
        Found 118 of the targeted 119 genes.
        Est. % comp: 99.16; Est. % redund: 2.52

   --------------------------------------------------------------------------   
	On assembly [0;32mGCF_059718295.1[0m; Number 1210 of 1312 total.
   --------------------------------------------------------------------------   

      Performing HMM search...
        Found 119 of the targeted 119 genes.
        Est. % comp: 100.00; Est. % redund: 0.00

   --------------------------------------------------------------------------   
	On assembly [0;32mGCF_059740395.1[0m; Number 1211 of 1312 total.
   --------------------------------------------------------------------------   

      Performing HMM search...
        Found 119 of the targeted 119 genes.
        Est. % comp: 100.00; Est. % redund: 0.00

   --------------------------------------------------------------------------   
	On assembly [0;32mGCF_059740425.1[0m; Number 1212 of 1312 total.
   --------------------------------------------------------------------------   

      Performing HMM search...
        Found 117 of the targeted 119 genes.
        Est. % comp: 98.32; Est. % redund: 0.84

   --------------------------------------------------------------------------   
	On assembly [0;32mGCF_059759445.1[0m; Number 1213 of 1312 total.
   --------------------------------------------------------------------------   

      Performing HMM search...
        Found 118 of the targeted 119 genes.
        Est. % comp: 99.16; Est. % redund: 0.84

   --------------------------------------------------------------------------   
	On assembly [0;32mGCF_059760185.1[0m; Number 1214 of 1312 total.
   --------------------------------------------------------------------------   

      Performing HMM search...
        Found 119 of the targeted 119 genes.
        Est. % comp: 100.00; Est. % redund: 0.00

   --------------------------------------------------------------------------   
	On assembly [0;32mGCF_059801065.1[0m; Number 1215 of 1312 total.
   --------------------------------------------------------------------------   

      Performing HMM search...
        Found 119 of the targeted 119 genes.
        Est. % comp: 100.00; Est. % redund: 0.00

   --------------------------------------------------------------------------   
	On assembly [0;32mGCF_059814295.1[0m; Number 1216 of 1312 total.
   --------------------------------------------------------------------------   

      Performing HMM search...
        Found 119 of the targeted 119 genes.
        Est. % comp: 100.00; Est. % redund: 0.84

   --------------------------------------------------------------------------   
	On assembly [0;32mGCF_059814325.1[0m; Number 1217 of 1312 total.
   --------------------------------------------------------------------------   

      Performing HMM search...
        Found 119 of the targeted 119 genes.
        Est. % comp: 100.00; Est. % redund: 0.00

   --------------------------------------------------------------------------   
	On assembly [0;32mGCF_059814395.1[0m; Number 1218 of 1312 total.
   --------------------------------------------------------------------------   

      Performing HMM search...
        Found 119 of the targeted 119 genes.
        Est. % comp: 100.00; Est. % redund: 0.00

   --------------------------------------------------------------------------   
	On assembly [0;32mGCF_059818205.1[0m; Number 1219 of 1312 total.
   --------------------------------------------------------------------------   

      Performing HMM search...
        Found 119 of the targeted 119 genes.
        Est. % comp: 100.00; Est. % redund: 0.00

   --------------------------------------------------------------------------   
	On assembly [0;32mGCF_059818275.1[0m; Number 1220 of 1312 total.
   --------------------------------------------------------------------------   

      Performing HMM search...
        Found 119 of the targeted 119 genes.
        Est. % comp: 100.00; Est. % redund: 0.84

   --------------------------------------------------------------------------   
	On assembly [0;32mGCF_059818285.1[0m; Number 1221 of 1312 total.
   --------------------------------------------------------------------------   

      Performing HMM search...
        Found 119 of the targeted 119 genes.
        Est. % comp: 100.00; Est. % redund: 0.00

   --------------------------------------------------------------------------   
	On assembly [0;32mGCF_059958735.1[0m; Number 1222 of 1312 total.
   --------------------------------------------------------------------------   

      Performing HMM search...
        Found 117 of the targeted 119 genes.
        Est. % comp: 98.32; Est. % redund: 0.84

   --------------------------------------------------------------------------   
	On assembly [0;32mGCF_059958745.1[0m; Number 1223 of 1312 total.
   --------------------------------------------------------------------------   

      Performing HMM search...
        Found 118 of the targeted 119 genes.
        Est. % comp: 99.16; Est. % redund: 0.84

   --------------------------------------------------------------------------   
	On assembly [0;32mGCF_059958825.1[0m; Number 1224 of 1312 total.
   --------------------------------------------------------------------------   

      Performing HMM search...
        Found 89 of the targeted 119 genes.
        Est. % comp: 74.79; Est. % redund: 0.00

   --------------------------------------------------------------------------   
	On assembly [0;32mGCF_059975615.1[0m; Number 1225 of 1312 total.
   --------------------------------------------------------------------------   

      Performing HMM search...
        Found 119 of the targeted 119 genes.
        Est. % comp: 100.00; Est. % redund: 0.84

   --------------------------------------------------------------------------   
	On assembly [0;32mGCF_059981775.1[0m; Number 1226 of 1312 total.
   --------------------------------------------------------------------------   

      Performing HMM search...
        Found 118 of the targeted 119 genes.
        Est. % comp: 99.16; Est. % redund: 0.84

   --------------------------------------------------------------------------   
	On assembly [0;32mGCF_060019415.1[0m; Number 1227 of 1312 total.
   --------------------------------------------------------------------------   

      Performing HMM search...
        Found 119 of the targeted 119 genes.
        Est. % comp: 100.00; Est. % redund: 0.84

   --------------------------------------------------------------------------   
	On assembly [0;32mGCF_060038125.1[0m; Number 1228 of 1312 total.
   --------------------------------------------------------------------------   

      Performing HMM search...
        Found 119 of the targeted 119 genes.
        Est. % comp: 100.00; Est. % redund: 0.84

   --------------------------------------------------------------------------   
	On assembly [0;32mGCF_060059705.1[0m; Number 1229 of 1312 total.
   --------------------------------------------------------------------------   

      Performing HMM search...
        Found 118 of the targeted 119 genes.
        Est. % comp: 99.16; Est. % redund: 0.84

   --------------------------------------------------------------------------   
	On assembly [0;32mGCF_060082625.1[0m; Number 1230 of 1312 total.
   --------------------------------------------------------------------------   

      Performing HMM search...
        Found 118 of the targeted 119 genes.
        Est. % comp: 99.16; Est. % redund: 0.84

   --------------------------------------------------------------------------   
	On assembly [0;32mGCF_060123785.1[0m; Number 1231 of 1312 total.
   --------------------------------------------------------------------------   

      Performing HMM search...
        Found 118 of the targeted 119 genes.
        Est. % comp: 99.16; Est. % redund: 0.84

   --------------------------------------------------------------------------   
	On assembly [0;32mGCF_060145795.1[0m; Number 1232 of 1312 total.
   --------------------------------------------------------------------------   

      Performing HMM search...
        Found 118 of the targeted 119 genes.
        Est. % comp: 99.16; Est. % redund: 0.84

   --------------------------------------------------------------------------   
	On assembly [0;32mGCF_060145825.1[0m; Number 1233 of 1312 total.
   --------------------------------------------------------------------------   

      Performing HMM search...
        Found 118 of the targeted 119 genes.
        Est. % comp: 99.16; Est. % redund: 1.68

   --------------------------------------------------------------------------   
	On assembly [0;32mGCF_060228485.1[0m; Number 1234 of 1312 total.
   --------------------------------------------------------------------------   

      Performing HMM search...
        Found 119 of the targeted 119 genes.
        Est. % comp: 100.00; Est. % redund: 0.84

   --------------------------------------------------------------------------   
	On assembly [0;32mGCF_060371815.1[0m; Number 1235 of 1312 total.
   --------------------------------------------------------------------------   

      Performing HMM search...
        Found 119 of the targeted 119 genes.
        Est. % comp: 100.00; Est. % redund: 0.00

   --------------------------------------------------------------------------   
	On assembly [0;32mGCF_060371845.1[0m; Number 1236 of 1312 total.
   --------------------------------------------------------------------------   

      Performing HMM search...
        Found 119 of the targeted 119 genes.
        Est. % comp: 100.00; Est. % redund: 0.00

   --------------------------------------------------------------------------   
	On assembly [0;32mGCF_060371875.1[0m; Number 1237 of 1312 total.
   --------------------------------------------------------------------------   

      Performing HMM search...
        Found 119 of the targeted 119 genes.
        Est. % comp: 100.00; Est. % redund: 0.84

   --------------------------------------------------------------------------   
	On assembly [0;32mGCF_060371935.1[0m; Number 1238 of 1312 total.
   --------------------------------------------------------------------------   

      Performing HMM search...
        Found 119 of the targeted 119 genes.
        Est. % comp: 100.00; Est. % redund: 0.00

   --------------------------------------------------------------------------   
	On assembly [0;32mGCF_060371975.1[0m; Number 1239 of 1312 total.
   --------------------------------------------------------------------------   

      Performing HMM search...
        Found 119 of the targeted 119 genes.
        Est. % comp: 100.00; Est. % redund: 0.00

   --------------------------------------------------------------------------   
	On assembly [0;32mGCF_060371995.1[0m; Number 1240 of 1312 total.
   --------------------------------------------------------------------------   

      Performing HMM search...
        Found 119 of the targeted 119 genes.
        Est. % comp: 100.00; Est. % redund: 1.68

   --------------------------------------------------------------------------   
	On assembly [0;32mGCF_060372075.1[0m; Number 1241 of 1312 total.
   --------------------------------------------------------------------------   

      Performing HMM search...
        Found 119 of the targeted 119 genes.
        Est. % comp: 100.00; Est. % redund: 1.68

   --------------------------------------------------------------------------   
	On assembly [0;32mGCF_060372085.1[0m; Number 1242 of 1312 total.
   --------------------------------------------------------------------------   

      Performing HMM search...
        Found 119 of the targeted 119 genes.
        Est. % comp: 100.00; Est. % redund: 0.84

   --------------------------------------------------------------------------   
	On assembly [0;32mGCF_060372155.1[0m; Number 1243 of 1312 total.
   --------------------------------------------------------------------------   

      Performing HMM search...
        Found 119 of the targeted 119 genes.
        Est. % comp: 100.00; Est. % redund: 0.84

   --------------------------------------------------------------------------   
	On assembly [0;32mGCF_060372195.1[0m; Number 1244 of 1312 total.
   --------------------------------------------------------------------------   

      Performing HMM search...
        Found 119 of the targeted 119 genes.
        Est. % comp: 100.00; Est. % redund: 1.68

   --------------------------------------------------------------------------   
	On assembly [0;32mGCF_060372215.1[0m; Number 1245 of 1312 total.
   --------------------------------------------------------------------------   

      Performing HMM search...
        Found 119 of the targeted 119 genes.
        Est. % comp: 100.00; Est. % redund: 0.84

   --------------------------------------------------------------------------   
	On assembly [0;32mGCF_060372285.1[0m; Number 1246 of 1312 total.
   --------------------------------------------------------------------------   

      Performing HMM search...
        Found 119 of the targeted 119 genes.
        Est. % comp: 100.00; Est. % redund: 1.68

   --------------------------------------------------------------------------   
	On assembly [0;32mGCF_060435285.1[0m; Number 1247 of 1312 total.
   --------------------------------------------------------------------------   

      Performing HMM search...
        Found 119 of the targeted 119 genes.
        Est. % comp: 100.00; Est. % redund: 0.84

   --------------------------------------------------------------------------   
	On assembly [0;32mGCF_060484235.1[0m; Number 1248 of 1312 total.
   --------------------------------------------------------------------------   

      Performing HMM search...
        Found 119 of the targeted 119 genes.
        Est. % comp: 100.00; Est. % redund: 1.68

   --------------------------------------------------------------------------   
	On assembly [0;32mGCF_060484255.1[0m; Number 1249 of 1312 total.
   --------------------------------------------------------------------------   

      Performing HMM search...
        Found 118 of the targeted 119 genes.
        Est. % comp: 99.16; Est. % redund: 0.00

   --------------------------------------------------------------------------   
	On assembly [0;32mGCF_060484315.1[0m; Number 1250 of 1312 total.
   --------------------------------------------------------------------------   

      Performing HMM search...
        Found 119 of the targeted 119 genes.
        Est. % comp: 100.00; Est. % redund: 0.00

   --------------------------------------------------------------------------   
	On assembly [0;32mGCF_060591375.1[0m; Number 1251 of 1312 total.
   --------------------------------------------------------------------------   

      Performing HMM search...
        Found 118 of the targeted 119 genes.
        Est. % comp: 99.16; Est. % redund: 0.84

   --------------------------------------------------------------------------   
	On assembly [0;32mGCF_060594815.1[0m; Number 1252 of 1312 total.
   --------------------------------------------------------------------------   

      Performing HMM search...
        Found 118 of the targeted 119 genes.
        Est. % comp: 99.16; Est. % redund: 1.68

   --------------------------------------------------------------------------   
	On assembly [0;32mGCF_060807305.1[0m; Number 1253 of 1312 total.
   --------------------------------------------------------------------------   

      Performing HMM search...
        Found 118 of the targeted 119 genes.
        Est. % comp: 99.16; Est. % redund: 1.68

   --------------------------------------------------------------------------   
	On assembly [0;32mGCF_060947105.1[0m; Number 1254 of 1312 total.
   --------------------------------------------------------------------------   

      Performing HMM search...
        Found 119 of the targeted 119 genes.
        Est. % comp: 100.00; Est. % redund: 0.00

   --------------------------------------------------------------------------   
	On assembly [0;32mGCF_060992135.1[0m; Number 1255 of 1312 total.
   --------------------------------------------------------------------------   

      Performing HMM search...
        Found 119 of the targeted 119 genes.
        Est. % comp: 100.00; Est. % redund: 0.00

   --------------------------------------------------------------------------   
	On assembly [0;32mGCF_060993455.1[0m; Number 1256 of 1312 total.
   --------------------------------------------------------------------------   

      Performing HMM search...
        Found 119 of the targeted 119 genes.
        Est. % comp: 100.00; Est. % redund: 0.84

   --------------------------------------------------------------------------   
	On assembly [0;32mGCF_061073905.1[0m; Number 1257 of 1312 total.
   --------------------------------------------------------------------------   

      Performing HMM search...
        Found 118 of the targeted 119 genes.
        Est. % comp: 99.16; Est. % redund: 0.84

   --------------------------------------------------------------------------   
	On assembly [0;32mGCF_061143345.1[0m; Number 1258 of 1312 total.
   --------------------------------------------------------------------------   

      Performing HMM search...
        Found 119 of the targeted 119 genes.
        Est. % comp: 100.00; Est. % redund: 0.00

   --------------------------------------------------------------------------   
	On assembly [0;32mGCF_061144305.1[0m; Number 1259 of 1312 total.
   --------------------------------------------------------------------------   

      Performing HMM search...
        Found 119 of the targeted 119 genes.
        Est. % comp: 100.00; Est. % redund: 0.00

   --------------------------------------------------------------------------   
	On assembly [0;32mGCF_061144365.1[0m; Number 1260 of 1312 total.
   --------------------------------------------------------------------------   

      Performing HMM search...
        Found 119 of the targeted 119 genes.
        Est. % comp: 100.00; Est. % redund: 0.00

   --------------------------------------------------------------------------   
	On assembly [0;32mGCF_061144405.1[0m; Number 1261 of 1312 total.
   --------------------------------------------------------------------------   

      Performing HMM search...
        Found 119 of the targeted 119 genes.
        Est. % comp: 100.00; Est. % redund: 0.00

   --------------------------------------------------------------------------   
	On assembly [0;32mGCF_061208445.1[0m; Number 1262 of 1312 total.
   --------------------------------------------------------------------------   

      Performing HMM search...
        Found 119 of the targeted 119 genes.
        Est. % comp: 100.00; Est. % redund: 1.68

   --------------------------------------------------------------------------   
	On assembly [0;32mGCF_061230955.1[0m; Number 1263 of 1312 total.
   --------------------------------------------------------------------------   

      Performing HMM search...
        Found 118 of the targeted 119 genes.
        Est. % comp: 99.16; Est. % redund: 0.00

   --------------------------------------------------------------------------   
	On assembly [0;32mGCF_061231015.1[0m; Number 1264 of 1312 total.
   --------------------------------------------------------------------------   

      Performing HMM search...
        Found 118 of the targeted 119 genes.
        Est. % comp: 99.16; Est. % redund: 0.00

   --------------------------------------------------------------------------   
	On assembly [0;32mGCF_061231035.1[0m; Number 1265 of 1312 total.
   --------------------------------------------------------------------------   

      Performing HMM search...
        Found 118 of the targeted 119 genes.
        Est. % comp: 99.16; Est. % redund: 0.00

   --------------------------------------------------------------------------   
	On assembly [0;32mGCF_061231135.1[0m; Number 1266 of 1312 total.
   --------------------------------------------------------------------------   

      Performing HMM search...
        Found 119 of the targeted 119 genes.
        Est. % comp: 100.00; Est. % redund: 0.00

   --------------------------------------------------------------------------   
	On assembly [0;32mGCF_061232475.1[0m; Number 1267 of 1312 total.
   --------------------------------------------------------------------------   

      Performing HMM search...
        Found 119 of the targeted 119 genes.
        Est. % comp: 100.00; Est. % redund: 0.00

   --------------------------------------------------------------------------   
	On assembly [0;32mGCF_061232545.1[0m; Number 1268 of 1312 total.
   --------------------------------------------------------------------------   

      Performing HMM search...
        Found 119 of the targeted 119 genes.
        Est. % comp: 100.00; Est. % redund: 0.00

   --------------------------------------------------------------------------   
	On assembly [0;32mGCF_061232575.1[0m; Number 1269 of 1312 total.
   --------------------------------------------------------------------------   

      Performing HMM search...
        Found 119 of the targeted 119 genes.
        Est. % comp: 100.00; Est. % redund: 0.00

   --------------------------------------------------------------------------   
	On assembly [0;32mGCF_061541425.1[0m; Number 1270 of 1312 total.
   --------------------------------------------------------------------------   

      Performing HMM search...
        Found 111 of the targeted 119 genes.
        Est. % comp: 93.28; Est. % redund: 0.84

   --------------------------------------------------------------------------   
	On assembly [0;32mGCF_061541925.1[0m; Number 1271 of 1312 total.
   --------------------------------------------------------------------------   

      Performing HMM search...
        Found 112 of the targeted 119 genes.
        Est. % comp: 94.12; Est. % redund: 0.00

   --------------------------------------------------------------------------   
	On assembly [0;32mGCF_061541955.1[0m; Number 1272 of 1312 total.
   --------------------------------------------------------------------------   

      Performing HMM search...
        Found 119 of the targeted 119 genes.
        Est. % comp: 100.00; Est. % redund: 0.00

   --------------------------------------------------------------------------   
	On assembly [0;32mGCF_903970865.1[0m; Number 1273 of 1312 total.
   --------------------------------------------------------------------------   

      Performing HMM search...
        Found 119 of the targeted 119 genes.
        Est. % comp: 100.00; Est. % redund: 0.00

   --------------------------------------------------------------------------   
	On assembly [0;32mGCF_903970875.1[0m; Number 1274 of 1312 total.
   --------------------------------------------------------------------------   

      Performing HMM search...
        Found 119 of the targeted 119 genes.
        Est. % comp: 100.00; Est. % redund: 1.68

   --------------------------------------------------------------------------   
	On assembly [0;32mGCF_903971065.1[0m; Number 1275 of 1312 total.
   --------------------------------------------------------------------------   

      Performing HMM search...
        Found 119 of the targeted 119 genes.
        Est. % comp: 100.00; Est. % redund: 1.68

   --------------------------------------------------------------------------   
	On assembly [0;32mGCF_904841115.1[0m; Number 1276 of 1312 total.
   --------------------------------------------------------------------------   

      Performing HMM search...
        Found 117 of the targeted 119 genes.
        Est. % comp: 98.32; Est. % redund: 0.84

   --------------------------------------------------------------------------   
	On assembly [0;32mGCF_904842145.1[0m; Number 1277 of 1312 total.
   --------------------------------------------------------------------------   

      Performing HMM search...
        Found 118 of the targeted 119 genes.
        Est. % comp: 99.16; Est. % redund: 0.84

   --------------------------------------------------------------------------   
	On assembly [0;32mGCF_949767885.1[0m; Number 1278 of 1312 total.
   --------------------------------------------------------------------------   

      Performing HMM search...
        Found 119 of the targeted 119 genes.
        Est. % comp: 100.00; Est. % redund: 1.68

   --------------------------------------------------------------------------   
	On assembly [0;32mGCF_949767925.1[0m; Number 1279 of 1312 total.
   --------------------------------------------------------------------------   

      Performing HMM search...
        Found 119 of the targeted 119 genes.
        Est. % comp: 100.00; Est. % redund: 1.68

   --------------------------------------------------------------------------   
	On assembly [0;32mGCF_949768135.1[0m; Number 1280 of 1312 total.
   --------------------------------------------------------------------------   

      Performing HMM search...
        Found 119 of the targeted 119 genes.
        Est. % comp: 100.00; Est. % redund: 0.84

   --------------------------------------------------------------------------   
	On assembly [0;32mGCF_949768215.1[0m; Number 1281 of 1312 total.
   --------------------------------------------------------------------------   

      Performing HMM search...
        Found 118 of the targeted 119 genes.
        Est. % comp: 99.16; Est. % redund: 0.84

   --------------------------------------------------------------------------   
	On assembly [0;32mGCF_964264945.1[0m; Number 1282 of 1312 total.
   --------------------------------------------------------------------------   

      Performing HMM search...
        Found 119 of the targeted 119 genes.
        Est. % comp: 100.00; Est. % redund: 0.00

   --------------------------------------------------------------------------   
	On assembly [0;32mGCF_977015195.1[0m; Number 1283 of 1312 total.
   --------------------------------------------------------------------------   

      Performing HMM search...
        Found 118 of the targeted 119 genes.
        Est. % comp: 99.16; Est. % redund: 0.84

   --------------------------------------------------------------------------   
	On assembly [0;32mGCF_977015285.1[0m; Number 1284 of 1312 total.
   --------------------------------------------------------------------------   

      Performing HMM search...
        Found 118 of the targeted 119 genes.
        Est. % comp: 99.16; Est. % redund: 0.84

   --------------------------------------------------------------------------   
	On assembly [0;32mGCF_977015325.1[0m; Number 1285 of 1312 total.
   --------------------------------------------------------------------------   

      Performing HMM search...
        Found 119 of the targeted 119 genes.
        Est. % comp: 100.00; Est. % redund: 0.00

   --------------------------------------------------------------------------   
	On assembly [0;32mGCF_977015355.1[0m; Number 1286 of 1312 total.
   --------------------------------------------------------------------------   

      Performing HMM search...
        Found 118 of the targeted 119 genes.
        Est. % comp: 99.16; Est. % redund: 0.84

   --------------------------------------------------------------------------   
	On assembly [0;32mGCF_977015415.1[0m; Number 1287 of 1312 total.
   --------------------------------------------------------------------------   

      Performing HMM search...
        Found 119 of the targeted 119 genes.
        Est. % comp: 100.00; Est. % redund: 0.00

   --------------------------------------------------------------------------   
	On assembly [0;32mGCF_977015475.1[0m; Number 1288 of 1312 total.
   --------------------------------------------------------------------------   

      Performing HMM search...
        Found 118 of the targeted 119 genes.
        Est. % comp: 99.16; Est. % redund: 0.84

   --------------------------------------------------------------------------   
	On assembly [0;32mGCF_977015505.1[0m; Number 1289 of 1312 total.
   --------------------------------------------------------------------------   

      Performing HMM search...
        Found 118 of the targeted 119 genes.
        Est. % comp: 99.16; Est. % redund: 0.00

   --------------------------------------------------------------------------   
	On assembly [0;32mGCF_977015535.1[0m; Number 1290 of 1312 total.
   --------------------------------------------------------------------------   

      Performing HMM search...
        Found 118 of the targeted 119 genes.
        Est. % comp: 99.16; Est. % redund: 0.84

   --------------------------------------------------------------------------   
	On assembly [0;32mGCF_977015745.1[0m; Number 1291 of 1312 total.
   --------------------------------------------------------------------------   

      Performing HMM search...
        Found 119 of the targeted 119 genes.
        Est. % comp: 100.00; Est. % redund: 0.00

   --------------------------------------------------------------------------   
	On assembly [0;32mGCF_977016005.1[0m; Number 1292 of 1312 total.
   --------------------------------------------------------------------------   

      Performing HMM search...
        Found 119 of the targeted 119 genes.
        Est. % comp: 100.00; Est. % redund: 0.00

   --------------------------------------------------------------------------   
	On assembly [0;32mGCF_977016065.1[0m; Number 1293 of 1312 total.
   --------------------------------------------------------------------------   

      Performing HMM search...
        Found 119 of the targeted 119 genes.
        Est. % comp: 100.00; Est. % redund: 0.00

   --------------------------------------------------------------------------   
	On assembly [0;32mGCF_979253805.1[0m; Number 1294 of 1312 total.
   --------------------------------------------------------------------------   

      Performing HMM search...
        Found 119 of the targeted 119 genes.
        Est. % comp: 100.00; Est. % redund: 0.84

   --------------------------------------------------------------------------   
	On assembly [0;32mGCF_979889575.1[0m; Number 1295 of 1312 total.
   --------------------------------------------------------------------------   

      Performing HMM search...
        Found 118 of the targeted 119 genes.
        Est. % comp: 99.16; Est. % redund: 0.84

   --------------------------------------------------------------------------   
	On assembly [0;32mGCF_979893815.1[0m; Number 1296 of 1312 total.
   --------------------------------------------------------------------------   

      Performing HMM search...
        Found 119 of the targeted 119 genes.
        Est. % comp: 100.00; Est. % redund: 0.84

   --------------------------------------------------------------------------   
	On assembly [0;32mGCF_979895345.1[0m; Number 1297 of 1312 total.
   --------------------------------------------------------------------------   

      Performing HMM search...
        Found 119 of the targeted 119 genes.
        Est. % comp: 100.00; Est. % redund: 0.84

   --------------------------------------------------------------------------   
	On assembly [0;32mGCF_979901285.1[0m; Number 1298 of 1312 total.
   --------------------------------------------------------------------------   

      Performing HMM search...
        Found 119 of the targeted 119 genes.
        Est. % comp: 100.00; Est. % redund: 0.84

   --------------------------------------------------------------------------   
	On assembly [0;32mGCF_979901685.1[0m; Number 1299 of 1312 total.
   --------------------------------------------------------------------------   

      Performing HMM search...
        Found 118 of the targeted 119 genes.
        Est. % comp: 99.16; Est. % redund: 0.84

   --------------------------------------------------------------------------   
	On assembly [0;32mGCF_979902625.1[0m; Number 1300 of 1312 total.
   --------------------------------------------------------------------------   

      Performing HMM search...
        Found 118 of the targeted 119 genes.
        Est. % comp: 99.16; Est. % redund: 0.84

   --------------------------------------------------------------------------   
	On assembly [0;32mGCF_979908215.1[0m; Number 1301 of 1312 total.
   --------------------------------------------------------------------------   

      Performing HMM search...
        Found 119 of the targeted 119 genes.
        Est. % comp: 100.00; Est. % redund: 0.84

   --------------------------------------------------------------------------   
	On assembly [0;32mGCF_979912685.1[0m; Number 1302 of 1312 total.
   --------------------------------------------------------------------------   

      Performing HMM search...
        Found 118 of the targeted 119 genes.
        Est. % comp: 99.16; Est. % redund: 0.84

   --------------------------------------------------------------------------   
	On assembly [0;32mGCF_979914115.1[0m; Number 1303 of 1312 total.
   --------------------------------------------------------------------------   

      Performing HMM search...
        Found 118 of the targeted 119 genes.
        Est. % comp: 99.16; Est. % redund: 0.84

   --------------------------------------------------------------------------   
	On assembly [0;32mGCF_979914865.1[0m; Number 1304 of 1312 total.
   --------------------------------------------------------------------------   

      Performing HMM search...
        Found 118 of the targeted 119 genes.
        Est. % comp: 99.16; Est. % redund: 0.84

   --------------------------------------------------------------------------   
	On assembly [0;32mGCF_979925135.1[0m; Number 1305 of 1312 total.
   --------------------------------------------------------------------------   

      Performing HMM search...
        Found 119 of the targeted 119 genes.
        Est. % comp: 100.00; Est. % redund: 0.00

   --------------------------------------------------------------------------   
	On assembly [0;32mGCF_979925865.1[0m; Number 1306 of 1312 total.
   --------------------------------------------------------------------------   

      Performing HMM search...
        Found 119 of the targeted 119 genes.
        Est. % comp: 100.00; Est. % redund: 2.52

   --------------------------------------------------------------------------   
	On assembly [0;32mGCF_979930925.1[0m; Number 1307 of 1312 total.
   --------------------------------------------------------------------------   

      Performing HMM search...
        Found 119 of the targeted 119 genes.
        Est. % comp: 100.00; Est. % redund: 0.84

   --------------------------------------------------------------------------   
	On assembly [0;32mGCF_979932065.1[0m; Number 1308 of 1312 total.
   --------------------------------------------------------------------------   

      Performing HMM search...
        Found 119 of the targeted 119 genes.
        Est. % comp: 100.00; Est. % redund: 0.84

   --------------------------------------------------------------------------   
	On assembly [0;32mGCF_982398145.1[0m; Number 1309 of 1312 total.
   --------------------------------------------------------------------------   

      Performing HMM search...
        Found 119 of the targeted 119 genes.
        Est. % comp: 100.00; Est. % redund: 0.00

   --------------------------------------------------------------------------   
	On assembly [0;32mGCF_984799155.1[0m; Number 1310 of 1312 total.
   --------------------------------------------------------------------------   

      Performing HMM search...
        Found 119 of the targeted 119 genes.
        Est. % comp: 100.00; Est. % redund: 3.36

   --------------------------------------------------------------------------   
	On assembly [0;32mGCF_984799205.1[0m; Number 1311 of 1312 total.
   --------------------------------------------------------------------------   

      Performing HMM search...
        Found 118 of the targeted 119 genes.
        Est. % comp: 99.16; Est. % redund: 0.84

   --------------------------------------------------------------------------   
	On assembly [0;32mGCF_986269535.1[0m; Number 1312 of 1312 total.
   --------------------------------------------------------------------------   

      Performing HMM search...
        Found 119 of the targeted 119 genes.
        Est. % comp: 100.00; Est. % redund: 0.00

_______________________________________________________________________________


 ############################################################################## 
 ####                     Filtering genes by length                        ####
 ############################################################################## 

     Keeping those with lengths within 20% of the median for the gene set.

           It is currently 01:16 PM; the process started at 11:56 AM.
               Current process runtime: 1 hours and 19 minutes.

   --------------------------------------------------------------------------   

    Filtering [0;32m5-FTHF_cyc-lig[0m sequences by length...

	Retained 1303 sequences of the initial 1303 (100.0%).

   --------------------------------------------------------------------------   

    Filtering [0;32mADK[0m sequences by length...

	Retained 1305 sequences of the initial 1305 (100.0%).

   --------------------------------------------------------------------------   

    Filtering [0;32mAICARFT_IMPCHas[0m sequences by length...

	Retained 1299 sequences of the initial 1299 (100.0%).

   --------------------------------------------------------------------------   

    Filtering [0;32mATP-synt[0m sequences by length...

	Retained 1310 sequences of the initial 1310 (100.0%).

   --------------------------------------------------------------------------   

    Filtering [0;32mATP-synt_A[0m sequences by length...

	Retained 1307 sequences of the initial 1307 (100.0%).

   --------------------------------------------------------------------------   

    Filtering [0;32mATP-synt_B[0m sequences by length...

	Retained 1306 sequences of the initial 1306 (100.0%).

   --------------------------------------------------------------------------   

    Filtering [0;32mATP-synt_DE_N[0m sequences by length...

	Retained 1310 sequences of the initial 1310 (100.0%).

   --------------------------------------------------------------------------   

    Filtering [0;32mATP_bind_2[0m sequences by length...

	Retained 1306 sequences of the initial 1307 (99.92%).

   --------------------------------------------------------------------------   

    Filtering [0;32mAdenylsucc_synt[0m sequences by length...

	Retained 1302 sequences of the initial 1302 (100.0%).

   --------------------------------------------------------------------------   

    Filtering [0;32mCTP_transf_1[0m sequences by length...

	Retained 1305 sequences of the initial 1305 (100.0%).

   --------------------------------------------------------------------------   

    Filtering [0;32mCpn10[0m sequences by length...

	Retained 1309 sequences of the initial 1309 (100.0%).

   --------------------------------------------------------------------------   

    Filtering [0;32mCpn60_TCP1[0m sequences by length...

	Retained 1304 sequences of the initial 1304 (100.0%).

   --------------------------------------------------------------------------   

    Filtering [0;32mCytidylate_kin2[0m sequences by length...

	Retained 1268 sequences of the initial 1268 (100.0%).

   --------------------------------------------------------------------------   

    Filtering [0;32mDAGK_prokar[0m sequences by length...

	Retained 1307 sequences of the initial 1307 (100.0%).

   --------------------------------------------------------------------------   

    Filtering [0;32mDHOase[0m sequences by length...

	Retained 1305 sequences of the initial 1306 (99.92%).

   --------------------------------------------------------------------------   

    Filtering [0;32mDNA_pol3_delta[0m sequences by length...

	Retained 927 sequences of the initial 928 (99.89%).

   --------------------------------------------------------------------------   

    Filtering [0;32mDNA_processg_A[0m sequences by length...

	Retained 1255 sequences of the initial 1256 (99.92%).

   --------------------------------------------------------------------------   

    Filtering [0;32mDUF1934[0m sequences by length...

	Retained 1304 sequences of the initial 1304 (100.0%).

   --------------------------------------------------------------------------   

    Filtering [0;32mDUF448[0m sequences by length...

	Retained 1311 sequences of the initial 1311 (100.0%).

   --------------------------------------------------------------------------   

    Filtering [0;32mDUF951[0m sequences by length...

	Retained 1309 sequences of the initial 1311 (99.85%).

   --------------------------------------------------------------------------   

    Filtering [0;32mDnaJ_C[0m sequences by length...

	Retained 1306 sequences of the initial 1306 (100.0%).

   --------------------------------------------------------------------------   

    Filtering [0;32mEF_TS[0m sequences by length...

	Retained 1307 sequences of the initial 1307 (100.0%).

   --------------------------------------------------------------------------   

    Filtering [0;32mExonuc_VII_L[0m sequences by length...

	Retained 1303 sequences of the initial 1303 (100.0%).

   --------------------------------------------------------------------------   

    Filtering [0;32mExonuc_VII_S[0m sequences by length...

	Retained 1307 sequences of the initial 1307 (100.0%).

   --------------------------------------------------------------------------   

    Filtering [0;32mFA_synthesis[0m sequences by length...

	Retained 1307 sequences of the initial 1308 (99.92%).

   --------------------------------------------------------------------------   

    Filtering [0;32mFbpA[0m sequences by length...

	Retained 1294 sequences of the initial 1295 (99.92%).

   --------------------------------------------------------------------------   

    Filtering [0;32mGatB_N[0m sequences by length...

	Retained 1303 sequences of the initial 1303 (100.0%).

   --------------------------------------------------------------------------   

    Filtering [0;32mGlu-tRNAGln[0m sequences by length...

	Retained 1311 sequences of the initial 1311 (100.0%).

   --------------------------------------------------------------------------   

    Filtering [0;32mGrpE[0m sequences by length...

	Retained 1300 sequences of the initial 1300 (100.0%).

   --------------------------------------------------------------------------   

    Filtering [0;32mHSP33[0m sequences by length...

	Retained 1303 sequences of the initial 1303 (100.0%).

   --------------------------------------------------------------------------   

    Filtering [0;32mHam1p_like[0m sequences by length...

	Retained 1304 sequences of the initial 1305 (99.92%).

   --------------------------------------------------------------------------   

    Filtering [0;32mHpr_kinase_C[0m sequences by length...

	Retained 1197 sequences of the initial 1198 (99.92%).

   --------------------------------------------------------------------------   

    Filtering [0;32mHrcA[0m sequences by length...

	Retained 1307 sequences of the initial 1308 (99.92%).

   --------------------------------------------------------------------------   

    Filtering [0;32mIPPT[0m sequences by length...

	Retained 1306 sequences of the initial 1307 (99.92%).

   --------------------------------------------------------------------------   

    Filtering [0;32mIPT[0m sequences by length...

	Retained 1304 sequences of the initial 1305 (99.92%).

   --------------------------------------------------------------------------   

    Filtering [0;32mIreB[0m sequences by length...

	Retained 1310 sequences of the initial 1310 (100.0%).

   --------------------------------------------------------------------------   

    Filtering [0;32mMethyltrans_RNA[0m sequences by length...

	Retained 1308 sequences of the initial 1308 (100.0%).

   --------------------------------------------------------------------------   

    Filtering [0;32mMnmE_helical[0m sequences by length...

	Retained 1309 sequences of the initial 1309 (100.0%).

   --------------------------------------------------------------------------   

    Filtering [0;32mMreC[0m sequences by length...

	Retained 1214 sequences of the initial 1215 (99.92%).

   --------------------------------------------------------------------------   

    Filtering [0;32mNifU_N[0m sequences by length...

	Retained 1267 sequences of the initial 1267 (100.0%).

   --------------------------------------------------------------------------   

    Filtering [0;32mNusG[0m sequences by length...

	Retained 930 sequences of the initial 931 (99.89%).

   --------------------------------------------------------------------------   

    Filtering [0;32mOSCP[0m sequences by length...

	Retained 1307 sequences of the initial 1307 (100.0%).

   --------------------------------------------------------------------------   

    Filtering [0;32mPGI[0m sequences by length...

	Retained 1283 sequences of the initial 1284 (99.92%).

   --------------------------------------------------------------------------   

    Filtering [0;32mPGK[0m sequences by length...

	Retained 1307 sequences of the initial 1307 (100.0%).

   --------------------------------------------------------------------------   

    Filtering [0;32mPept_tRNA_hydro[0m sequences by length...

	Retained 1297 sequences of the initial 1297 (100.0%).

   --------------------------------------------------------------------------   

    Filtering [0;32mPeptidase_A8[0m sequences by length...

	Retained 1299 sequences of the initial 1300 (99.92%).

   --------------------------------------------------------------------------   

    Filtering [0;32mPrenyltransf[0m sequences by length...

	Retained 1301 sequences of the initial 1301 (100.0%).

   --------------------------------------------------------------------------   

    Filtering [0;32mQueuosine_synth[0m sequences by length...

	Retained 1297 sequences of the initial 1297 (100.0%).

   --------------------------------------------------------------------------   

    Filtering [0;32mRBFA[0m sequences by length...

	Retained 1311 sequences of the initial 1311 (100.0%).

   --------------------------------------------------------------------------   

    Filtering [0;32mRNA_pol_L[0m sequences by length...

	Retained 1294 sequences of the initial 1297 (99.77%).

   --------------------------------------------------------------------------   

    Filtering [0;32mRNA_pol_Rpb6[0m sequences by length...

	Retained 1309 sequences of the initial 1309 (100.0%).

   --------------------------------------------------------------------------   

    Filtering [0;32mRRF[0m sequences by length...

	Retained 1308 sequences of the initial 1309 (99.92%).

   --------------------------------------------------------------------------   

    Filtering [0;32mRecO_C[0m sequences by length...

	Retained 1304 sequences of the initial 1306 (99.85%).

   --------------------------------------------------------------------------   

    Filtering [0;32mRecX[0m sequences by length...

	Retained 1308 sequences of the initial 1309 (99.92%).

   --------------------------------------------------------------------------   

    Filtering [0;32mRibonuclease_P[0m sequences by length...

	Retained 1307 sequences of the initial 1307 (100.0%).

   --------------------------------------------------------------------------   

    Filtering [0;32mRibosom_S12_S23[0m sequences by length...

	Retained 1306 sequences of the initial 1306 (100.0%).

   --------------------------------------------------------------------------   

    Filtering [0;32mRibosomal_L1[0m sequences by length...

	Retained 1308 sequences of the initial 1308 (100.0%).

   --------------------------------------------------------------------------   

    Filtering [0;32mRibosomal_L13[0m sequences by length...

	Retained 1306 sequences of the initial 1306 (100.0%).

   --------------------------------------------------------------------------   

    Filtering [0;32mRibosomal_L14[0m sequences by length...

	Retained 1308 sequences of the initial 1308 (100.0%).

   --------------------------------------------------------------------------   

    Filtering [0;32mRibosomal_L16[0m sequences by length...

	Retained 1308 sequences of the initial 1308 (100.0%).

   --------------------------------------------------------------------------   

    Filtering [0;32mRibosomal_L17[0m sequences by length...

	Retained 1309 sequences of the initial 1309 (100.0%).

   --------------------------------------------------------------------------   

    Filtering [0;32mRibosomal_L18p[0m sequences by length...

	Retained 1310 sequences of the initial 1310 (100.0%).

   --------------------------------------------------------------------------   

    Filtering [0;32mRibosomal_L19[0m sequences by length...

	Retained 1310 sequences of the initial 1310 (100.0%).

   --------------------------------------------------------------------------   

    Filtering [0;32mRibosomal_L20[0m sequences by length...

	Retained 1308 sequences of the initial 1308 (100.0%).

   --------------------------------------------------------------------------   

    Filtering [0;32mRibosomal_L21p[0m sequences by length...

	Retained 1310 sequences of the initial 1310 (100.0%).

   --------------------------------------------------------------------------   

    Filtering [0;32mRibosomal_L22[0m sequences by length...

	Retained 1308 sequences of the initial 1308 (100.0%).

   --------------------------------------------------------------------------   

    Filtering [0;32mRibosomal_L23[0m sequences by length...

	Retained 1308 sequences of the initial 1308 (100.0%).

   --------------------------------------------------------------------------   

    Filtering [0;32mRibosomal_L27[0m sequences by length...

	Retained 1308 sequences of the initial 1309 (99.92%).

   --------------------------------------------------------------------------   

    Filtering [0;32mRibosomal_L27A[0m sequences by length...

	Retained 1306 sequences of the initial 1306 (100.0%).

   --------------------------------------------------------------------------   

    Filtering [0;32mRibosomal_L28[0m sequences by length...

	Retained 1308 sequences of the initial 1309 (99.92%).

   --------------------------------------------------------------------------   

    Filtering [0;32mRibosomal_L29[0m sequences by length...

	Retained 1310 sequences of the initial 1310 (100.0%).

   --------------------------------------------------------------------------   

    Filtering [0;32mRibosomal_L3[0m sequences by length...

	Retained 1308 sequences of the initial 1308 (100.0%).

   --------------------------------------------------------------------------   

    Filtering [0;32mRibosomal_L34[0m sequences by length...

	Retained 1310 sequences of the initial 1310 (100.0%).

   --------------------------------------------------------------------------   

    Filtering [0;32mRibosomal_L35p[0m sequences by length...

	Retained 1309 sequences of the initial 1309 (100.0%).

   --------------------------------------------------------------------------   

    Filtering [0;32mRibosomal_L36[0m sequences by length...

	Retained 1309 sequences of the initial 1309 (100.0%).

   --------------------------------------------------------------------------   

    Filtering [0;32mRibosomal_L4[0m sequences by length...

	Retained 1307 sequences of the initial 1307 (100.0%).

   --------------------------------------------------------------------------   

    Filtering [0;32mRibosomal_L6[0m sequences by length...

	Retained 1308 sequences of the initial 1308 (100.0%).

   --------------------------------------------------------------------------   

    Filtering [0;32mRibosomal_L9_C[0m sequences by length...

	Retained 1308 sequences of the initial 1309 (99.92%).

   --------------------------------------------------------------------------   

    Filtering [0;32mRibosomal_S10[0m sequences by length...

	Retained 1309 sequences of the initial 1309 (100.0%).

   --------------------------------------------------------------------------   

    Filtering [0;32mRibosomal_S11[0m sequences by length...

	Retained 1309 sequences of the initial 1309 (100.0%).

   --------------------------------------------------------------------------   

    Filtering [0;32mRibosomal_S13[0m sequences by length...

	Retained 1309 sequences of the initial 1309 (100.0%).

   --------------------------------------------------------------------------   

    Filtering [0;32mRibosomal_S15[0m sequences by length...

	Retained 1307 sequences of the initial 1308 (99.92%).

   --------------------------------------------------------------------------   

    Filtering [0;32mRibosomal_S16[0m sequences by length...

	Retained 1311 sequences of the initial 1311 (100.0%).

   --------------------------------------------------------------------------   

    Filtering [0;32mRibosomal_S17[0m sequences by length...

	Retained 1310 sequences of the initial 1310 (100.0%).

   --------------------------------------------------------------------------   

    Filtering [0;32mRibosomal_S19[0m sequences by length...

	Retained 1308 sequences of the initial 1308 (100.0%).

   --------------------------------------------------------------------------   

    Filtering [0;32mRibosomal_S2[0m sequences by length...

	Retained 1309 sequences of the initial 1309 (100.0%).

   --------------------------------------------------------------------------   

    Filtering [0;32mRibosomal_S20p[0m sequences by length...

	Retained 1310 sequences of the initial 1310 (100.0%).

   --------------------------------------------------------------------------   

    Filtering [0;32mRibosomal_S21[0m sequences by length...

	Retained 1311 sequences of the initial 1311 (100.0%).

   --------------------------------------------------------------------------   

    Filtering [0;32mRibosomal_S30AE[0m sequences by length...

	Retained 1303 sequences of the initial 1303 (100.0%).

   --------------------------------------------------------------------------   

    Filtering [0;32mRibosomal_S6[0m sequences by length...

	Retained 1310 sequences of the initial 1310 (100.0%).

   --------------------------------------------------------------------------   

    Filtering [0;32mRibosomal_S7[0m sequences by length...

	Retained 1306 sequences of the initial 1306 (100.0%).

   --------------------------------------------------------------------------   

    Filtering [0;32mRibosomal_S8[0m sequences by length...

	Retained 1308 sequences of the initial 1308 (100.0%).

   --------------------------------------------------------------------------   

    Filtering [0;32mRibosomal_S9[0m sequences by length...

	Retained 1307 sequences of the initial 1307 (100.0%).

   --------------------------------------------------------------------------   

    Filtering [0;32mRsfS[0m sequences by length...

	Retained 1308 sequences of the initial 1308 (100.0%).

   --------------------------------------------------------------------------   

    Filtering [0;32mRuvX[0m sequences by length...

	Retained 1308 sequences of the initial 1308 (100.0%).

   --------------------------------------------------------------------------   

    Filtering [0;32mSAICAR_synt[0m sequences by length...

	Retained 1245 sequences of the initial 1245 (100.0%).

   --------------------------------------------------------------------------   

    Filtering [0;32mSHMT[0m sequences by length...

	Retained 1185 sequences of the initial 1186 (99.92%).

   --------------------------------------------------------------------------   

    Filtering [0;32mSMC_ScpA[0m sequences by length...

	Retained 1308 sequences of the initial 1308 (100.0%).

   --------------------------------------------------------------------------   

    Filtering [0;32mSMC_ScpB[0m sequences by length...

	Retained 1289 sequences of the initial 1289 (100.0%).

   --------------------------------------------------------------------------   

    Filtering [0;32mSPOUT_MTase[0m sequences by length...

	Retained 1305 sequences of the initial 1305 (100.0%).

   --------------------------------------------------------------------------   

    Filtering [0;32mSecE[0m sequences by length...

	Retained 1306 sequences of the initial 1306 (100.0%).

   --------------------------------------------------------------------------   

    Filtering [0;32mSecG[0m sequences by length...

	Retained 1307 sequences of the initial 1307 (100.0%).

   --------------------------------------------------------------------------   

    Filtering [0;32mSmpB[0m sequences by length...

	Retained 1308 sequences of the initial 1308 (100.0%).

   --------------------------------------------------------------------------   

    Filtering [0;32mTGT[0m sequences by length...

	Retained 1303 sequences of the initial 1303 (100.0%).

   --------------------------------------------------------------------------   

    Filtering [0;32mTrmK[0m sequences by length...

	Retained 1302 sequences of the initial 1302 (100.0%).

   --------------------------------------------------------------------------   

    Filtering [0;32mTsaE[0m sequences by length...

	Retained 1264 sequences of the initial 1264 (100.0%).

   --------------------------------------------------------------------------   

    Filtering [0;32mTyr_Deacylase[0m sequences by length...

	Retained 1302 sequences of the initial 1302 (100.0%).

   --------------------------------------------------------------------------   

    Filtering [0;32mUPF0052[0m sequences by length...

	Retained 1307 sequences of the initial 1307 (100.0%).

   --------------------------------------------------------------------------   

    Filtering [0;32mUPF0054[0m sequences by length...

	Retained 1309 sequences of the initial 1309 (100.0%).

   --------------------------------------------------------------------------   

    Filtering [0;32mVEG[0m sequences by length...

	Retained 1307 sequences of the initial 1307 (100.0%).

   --------------------------------------------------------------------------   

    Filtering [0;32mYGGT[0m sequences by length...

	Retained 1307 sequences of the initial 1309 (99.85%).

   --------------------------------------------------------------------------   

    Filtering [0;32mYajC[0m sequences by length...

	Retained 1308 sequences of the initial 1308 (100.0%).

   --------------------------------------------------------------------------   

    Filtering [0;32mYbaB_DNA_bd[0m sequences by length...

	Retained 1304 sequences of the initial 1305 (99.92%).

   --------------------------------------------------------------------------   

    Filtering [0;32mYbbR[0m sequences by length...

	Retained 1306 sequences of the initial 1306 (100.0%).

   --------------------------------------------------------------------------   

    Filtering [0;32mYceD[0m sequences by length...

	Retained 1309 sequences of the initial 1309 (100.0%).

   --------------------------------------------------------------------------   

    Filtering [0;32mYidD[0m sequences by length...

	Retained 1285 sequences of the initial 1285 (100.0%).

   --------------------------------------------------------------------------   

    Filtering [0;32meIF-1a[0m sequences by length...

	Retained 1308 sequences of the initial 1308 (100.0%).

   --------------------------------------------------------------------------   

    Filtering [0;32mribosomal_L24[0m sequences by length...

	Retained 1309 sequences of the initial 1309 (100.0%).

   --------------------------------------------------------------------------   

    Filtering [0;32mtRNA_m1G_MT[0m sequences by length...

	Retained 1307 sequences of the initial 1307 (100.0%).

________________________________________________________________________________ 



 ############################################################################## 
 ####                Filtering genomes with too few hits                   ####
 ############################################################################## 

     Removing those with fewer than 50% of the total SCGs targeted.

           It is currently 01:17 PM; the process started at 11:56 AM.
               Current process runtime: 1 hours and 21 minutes.

  [0;33m********************************** [0mNOTICE [0;33m**********************************[0m  
    1 genome(s) removed from analysis due to having too few hits.

    Reported in "/home/bacte/bacillus_amr/06_phylogeny/gtotree_firmicutes/run_files/Genomes_removed_for_too_few_hits.tsv".
  [0;33m****************************************************************************[0m  

________________________________________________________________________________



 ############################################################################## 
 ####          Aligning, trimming, and inserting gap-sequences             ####
 ############################################################################## 

           It is currently 01:18 PM; the process started at 11:56 AM.
               Current process runtime: 1 hours and 21 minutes.



   --------------------------------------------------------------------------   
	    Aligning and cleaning gene [0;32m5-FTHF_cyc-lig[0m; Number 1 of 119.
   --------------------------------------------------------------------------   

muscle 5.1.linux64 []  3.9Gb RAM, 8 cores
Built May 16 2023 07:53:40
(C) Copyright 2004-2021 Robert C. Edgar.
https://drive5.com

Input: 1303 seqs, length avg 188 max 197

00:00 8.8Mb   0.077% Derep 0 uniques, 0 dupes00:00 8.8Mb   100.0% Derep 400 uniques, 902 dupes
00:00 9.0Mb    0.25% UCLUST 400 seqs EE<0.01, 0 centroids, 0 members00:00 9.0Mb  CPU has 8 cores, running 5 threads                     
00:01 9.2Mb    37.8% UCLUST 400 seqs EE<0.01, 9 centroids, 141 members00:02 9.2Mb    53.0% UCLUST 400 seqs EE<0.01, 10 centroids, 201 members00:03 9.2Mb    81.5% UCLUST 400 seqs EE<0.01, 12 centroids, 313 members00:03 9.2Mb   100.0% UCLUST 400 seqs EE<0.01, 13 centroids, 386 members
00:03 9.5Mb     7.7% UCLUST 13 seqs EE<0.30, 0 centroids, 0 members    00:03 43Mb    100.0% UCLUST 13 seqs EE<0.30, 1 centroids, 11 members
00:03 43Mb    100.0% Make cluster MFAs                              
1 clusters pass 1                     
1 clusters pass 2
00:03 43Mb   
00:03 43Mb   Align cluster 1 / 1 (13 seqs)
00:03 43Mb   
00:03 43Mb      1.3% Calc posteriors00:03 312Mb   100.0% Calc posteriors
00:03 312Mb     1.3% Consistency (1/2)00:03 312Mb   100.0% Consistency (1/2)
00:03 312Mb     1.3% Consistency (2/2)00:03 312Mb   100.0% Consistency (2/2)
00:03 312Mb     8.3% UPGMA5           00:03 312Mb   100.0% UPGMA5
00:03 312Mb     1.0% Refining00:03 312Mb   100.0% Refining
00:03 312Mb   100.0% Consensus sequences
Inserting 903 dupes... done.            



   --------------------------------------------------------------------------   
	    Aligning and cleaning gene [0;32mADK[0m; Number 2 of 119.
   --------------------------------------------------------------------------   

muscle 5.1.linux64 []  3.9Gb RAM, 8 cores
Built May 16 2023 07:53:40
(C) Copyright 2004-2021 Robert C. Edgar.
https://drive5.com

Input: 1305 seqs, length avg 217 max 219

00:00 8.8Mb   0.077% Derep 0 uniques, 0 dupes00:00 8.8Mb   100.0% Derep 134 uniques, 1170 dupes
00:00 9.0Mb    0.75% UCLUST 134 seqs EE<0.01, 0 centroids, 0 members00:00 9.0Mb  CPU has 8 cores, running 5 threads                     
00:01 9.1Mb    18.7% UCLUST 134 seqs EE<0.01, 1 centroids, 23 members00:01 9.2Mb   100.0% UCLUST 134 seqs EE<0.01, 2 centroids, 131 members
00:01 9.4Mb    50.0% UCLUST 2 seqs EE<0.30, 0 centroids, 0 members    00:01 9.4Mb   100.0% UCLUST 2 seqs EE<0.30, 1 centroids, 0 members
00:01 43Mb    100.0% Make cluster MFAs                            
1 clusters pass 1                     
1 clusters pass 2
00:01 43Mb   
00:01 43Mb   Align cluster 1 / 1 (2 seqs)
00:01 43Mb   
00:01 43Mb    100.0% Calc posteriors
00:01 43Mb    100.0% UPGMA5         
00:01 43Mb    100.0% Consensus sequences
Inserting 1171 dupes... done.           



   --------------------------------------------------------------------------   
	    Aligning and cleaning gene [0;32mAICARFT_IMPCHas[0m; Number 3 of 119.
   --------------------------------------------------------------------------   

muscle 5.1.linux64 []  3.9Gb RAM, 8 cores
Built May 16 2023 07:53:40
(C) Copyright 2004-2021 Robert C. Edgar.
https://drive5.com

Input: 1299 seqs, length avg 512 max 512

00:00 9.6Mb   0.077% Derep 0 uniques, 0 dupes00:00 9.6Mb   100.0% Derep 415 uniques, 883 dupes
00:00 9.8Mb    0.24% UCLUST 416 seqs EE<0.01, 0 centroids, 0 members00:00 9.8Mb  CPU has 8 cores, running 5 threads                     
00:01 10Mb      1.4% UCLUST 416 seqs EE<0.01, 2 centroids, 3 members00:02 10Mb      8.9% UCLUST 416 seqs EE<0.01, 2 centroids, 34 members00:03 10Mb     17.1% UCLUST 416 seqs EE<0.01, 2 centroids, 68 members00:04 10Mb     25.7% UCLUST 416 seqs EE<0.01, 2 centroids, 104 members00:05 10Mb     34.6% UCLUST 416 seqs EE<0.01, 2 centroids, 141 members00:06 10Mb     43.5% UCLUST 416 seqs EE<0.01, 2 centroids, 178 members00:07 10Mb     51.4% UCLUST 416 seqs EE<0.01, 2 centroids, 211 members00:08 10Mb     60.3% UCLUST 416 seqs EE<0.01, 2 centroids, 248 members00:09 10Mb     67.3% UCLUST 416 seqs EE<0.01, 2 centroids, 277 members00:10 10Mb     73.3% UCLUST 416 seqs EE<0.01, 2 centroids, 302 members00:11 10Mb     79.1% UCLUST 416 seqs EE<0.01, 2 centroids, 326 members00:12 10Mb     86.3% UCLUST 416 seqs EE<0.01, 2 centroids, 356 members00:13 10Mb     93.8% UCLUST 416 seqs EE<0.01, 2 centroids, 387 members00:13 10Mb    100.0% UCLUST 416 seqs EE<0.01, 2 centroids, 413 members
00:13 11Mb     50.0% UCLUST 2 seqs EE<0.30, 0 centroids, 0 members    00:13 11Mb    100.0% UCLUST 2 seqs EE<0.30, 1 centroids, 0 members
00:13 45Mb    100.0% Make cluster MFAs                            
1 clusters pass 1                     
1 clusters pass 2
00:13 45Mb   
00:13 45Mb   Align cluster 1 / 1 (2 seqs)
00:13 45Mb   
00:13 45Mb    100.0% Calc posteriors
00:14 45Mb    100.0% UPGMA5         
00:14 46Mb    100.0% Consensus sequences
Inserting 883 dupes... done.            



   --------------------------------------------------------------------------   
	    Aligning and cleaning gene [0;32mATP-synt[0m; Number 4 of 119.
   --------------------------------------------------------------------------   

muscle 5.1.linux64 []  3.9Gb RAM, 8 cores
Built May 16 2023 07:53:40
(C) Copyright 2004-2021 Robert C. Edgar.
https://drive5.com

Input: 1310 seqs, length avg 287 max 288

00:00 9.2Mb   0.076% Derep 0 uniques, 0 dupes00:00 9.2Mb   100.0% Derep 119 uniques, 1190 dupes
00:00 9.3Mb    0.84% UCLUST 119 seqs EE<0.01, 0 centroids, 0 members00:00 9.3Mb  CPU has 8 cores, running 5 threads                     
00:01 9.5Mb    31.1% UCLUST 119 seqs EE<0.01, 2 centroids, 34 members00:02 9.6Mb    95.8% UCLUST 119 seqs EE<0.01, 4 centroids, 109 members00:02 9.6Mb   100.0% UCLUST 119 seqs EE<0.01, 4 centroids, 114 members
00:02 9.7Mb    25.0% UCLUST 4 seqs EE<0.30, 0 centroids, 0 members    00:02 43Mb    100.0% UCLUST 4 seqs EE<0.30, 1 centroids, 2 members
00:02 43Mb    100.0% Make cluster MFAs                            
1 clusters pass 1                     
1 clusters pass 2
00:02 43Mb   
00:02 43Mb   Align cluster 1 / 1 (4 seqs)
00:02 43Mb   
00:02 111Mb    16.7% Calc posteriors00:02 312Mb   100.0% Calc posteriors
00:02 312Mb    16.7% Consistency (1/2)00:02 312Mb   100.0% Consistency (1/2)
00:02 312Mb    16.7% Consistency (2/2)00:02 312Mb   100.0% Consistency (2/2)
00:02 312Mb    33.3% UPGMA5           00:02 312Mb   100.0% UPGMA5
00:02 312Mb     1.0% Refining00:02 312Mb   100.0% Refining
00:02 312Mb   100.0% Consensus sequences
Inserting 1191 dupes... done.           



   --------------------------------------------------------------------------   
	    Aligning and cleaning gene [0;32mATP-synt_A[0m; Number 5 of 119.
   --------------------------------------------------------------------------   

muscle 5.1.linux64 []  3.9Gb RAM, 8 cores
Built May 16 2023 07:53:40
(C) Copyright 2004-2021 Robert C. Edgar.
https://drive5.com

Input: 1307 seqs, length avg 242 max 244

00:00 8.8Mb   0.077% Derep 0 uniques, 0 dupes00:00 8.8Mb   100.0% Derep 116 uniques, 1190 dupes
00:00 9.0Mb    0.86% UCLUST 116 seqs EE<0.01, 0 centroids, 0 members00:00 9.0Mb  CPU has 8 cores, running 5 threads                     
00:01 9.2Mb    47.4% UCLUST 116 seqs EE<0.01, 2 centroids, 52 members00:01 9.2Mb   100.0% UCLUST 116 seqs EE<0.01, 7 centroids, 108 members
00:01 9.4Mb    14.3% UCLUST 7 seqs EE<0.30, 0 centroids, 0 members    00:01 43Mb    100.0% UCLUST 7 seqs EE<0.30, 1 centroids, 5 members
00:01 43Mb    100.0% Make cluster MFAs                            
1 clusters pass 1                     
1 clusters pass 2
00:01 43Mb   
00:01 43Mb   Align cluster 1 / 1 (7 seqs)
00:01 43Mb   
00:01 110Mb     4.8% Calc posteriors00:01 311Mb   100.0% Calc posteriors
00:01 311Mb     4.8% Consistency (1/2)00:01 312Mb   100.0% Consistency (1/2)
00:01 312Mb     4.8% Consistency (2/2)00:01 312Mb   100.0% Consistency (2/2)
00:01 312Mb    16.7% UPGMA5           00:01 312Mb   100.0% UPGMA5
00:01 312Mb     1.0% Refining00:01 312Mb   100.0% Refining
00:01 312Mb   100.0% Consensus sequences
Inserting 1191 dupes... done.           



   --------------------------------------------------------------------------   
	    Aligning and cleaning gene [0;32mATP-synt_B[0m; Number 6 of 119.
   --------------------------------------------------------------------------   

muscle 5.1.linux64 []  3.9Gb RAM, 8 cores
Built May 16 2023 07:53:40
(C) Copyright 2004-2021 Robert C. Edgar.
https://drive5.com

Input: 1306 seqs, length avg 170 max 177

00:00 8.8Mb   0.077% Derep 0 uniques, 0 dupes00:00 8.8Mb   100.0% Derep 107 uniques, 1198 dupes
00:00 9.0Mb    0.93% UCLUST 107 seqs EE<0.01, 0 centroids, 0 members00:00 9.0Mb  CPU has 8 cores, running 5 threads                     
00:00 9.2Mb   100.0% UCLUST 107 seqs EE<0.01, 7 centroids, 99 members
00:00 10Mb     14.3% UCLUST 7 seqs EE<0.30, 0 centroids, 0 members   00:00 43Mb    100.0% UCLUST 7 seqs EE<0.30, 1 centroids, 5 members
00:00 43Mb    100.0% Make cluster MFAs                            
1 clusters pass 1                     
1 clusters pass 2
00:00 43Mb   
00:00 43Mb   Align cluster 1 / 1 (7 seqs)
00:00 43Mb   
00:00 43Mb      4.8% Calc posteriors00:00 311Mb   100.0% Calc posteriors
00:00 311Mb     4.8% Consistency (1/2)00:00 311Mb   100.0% Consistency (1/2)
00:00 311Mb     4.8% Consistency (2/2)00:00 311Mb   100.0% Consistency (2/2)
00:00 311Mb    16.7% UPGMA5           00:00 311Mb   100.0% UPGMA5
00:00 312Mb     1.0% Refining00:00 312Mb   100.0% Refining
00:00 312Mb   100.0% Consensus sequences
Inserting 1199 dupes... done.           



   --------------------------------------------------------------------------   
	    Aligning and cleaning gene [0;32mATP-synt_DE_N[0m; Number 7 of 119.
   --------------------------------------------------------------------------   

muscle 5.1.linux64 []  3.9Gb RAM, 8 cores
Built May 16 2023 07:53:40
(C) Copyright 2004-2021 Robert C. Edgar.
https://drive5.com

Input: 1310 seqs, length avg 132 max 135

00:00 8.7Mb   0.076% Derep 0 uniques, 0 dupes00:00 8.7Mb   100.0% Derep 89 uniques, 1220 dupes
00:00 9.1Mb     1.1% UCLUST 89 seqs EE<0.01, 0 centroids, 0 members00:00 9.1Mb  CPU has 8 cores, running 5 threads                    
00:00 9.2Mb   100.0% UCLUST 89 seqs EE<0.01, 3 centroids, 85 members
00:00 9.4Mb    33.3% UCLUST 3 seqs EE<0.30, 0 centroids, 0 members  00:00 43Mb    100.0% UCLUST 3 seqs EE<0.30, 1 centroids, 1 members
00:00 43Mb    100.0% Make cluster MFAs                            
1 clusters pass 1                     
1 clusters pass 2
00:00 43Mb   
00:00 43Mb   Align cluster 1 / 1 (3 seqs)
00:00 43Mb   
00:00 43Mb     33.3% Calc posteriors00:00 178Mb   100.0% Calc posteriors
00:00 177Mb    33.3% Consistency (1/2)00:00 177Mb   100.0% Consistency (1/2)
00:00 177Mb    33.3% Consistency (2/2)00:00 177Mb   100.0% Consistency (2/2)
00:00 177Mb    50.0% UPGMA5           00:00 177Mb   100.0% UPGMA5
00:00 177Mb     1.0% Refining00:00 177Mb   100.0% Refining
00:00 177Mb   100.0% Consensus sequences
Inserting 1221 dupes... done.           



   --------------------------------------------------------------------------   
	    Aligning and cleaning gene [0;32mATP_bind_2[0m; Number 8 of 119.
   --------------------------------------------------------------------------   

muscle 5.1.linux64 []  3.9Gb RAM, 8 cores
Built May 16 2023 07:53:40
(C) Copyright 2004-2021 Robert C. Edgar.
https://drive5.com

Input: 1306 seqs, length avg 294 max 304

00:00 9.2Mb   0.077% Derep 0 uniques, 0 dupes00:00 9.2Mb   100.0% Derep 124 uniques, 1181 dupes
00:00 9.3Mb    0.81% UCLUST 124 seqs EE<0.01, 0 centroids, 0 members00:00 9.3Mb  CPU has 8 cores, running 5 threads                     
00:01 9.6Mb    25.8% UCLUST 124 seqs EE<0.01, 4 centroids, 27 members00:02 9.6Mb    77.4% UCLUST 124 seqs EE<0.01, 5 centroids, 90 members00:03 9.6Mb    90.3% UCLUST 124 seqs EE<0.01, 5 centroids, 106 members00:03 9.6Mb   100.0% UCLUST 124 seqs EE<0.01, 5 centroids, 118 members
00:03 9.8Mb    20.0% UCLUST 5 seqs EE<0.30, 0 centroids, 0 members    00:03 43Mb    100.0% UCLUST 5 seqs EE<0.30, 1 centroids, 3 members
00:03 43Mb    100.0% Make cluster MFAs                            
1 clusters pass 1                     
1 clusters pass 2
00:03 43Mb   
00:03 43Mb   Align cluster 1 / 1 (5 seqs)
00:03 43Mb   
00:03 111Mb    10.0% Calc posteriors00:03 312Mb   100.0% Calc posteriors
00:03 312Mb    10.0% Consistency (1/2)00:03 312Mb   100.0% Consistency (1/2)
00:03 312Mb    10.0% Consistency (2/2)00:03 313Mb   100.0% Consistency (2/2)
00:03 313Mb    25.0% UPGMA5           00:03 313Mb   100.0% UPGMA5
00:03 313Mb     1.0% Refining00:03 313Mb   100.0% Refining
00:03 313Mb   100.0% Consensus sequences
Inserting 1182 dupes... done.           



   --------------------------------------------------------------------------   
	    Aligning and cleaning gene [0;32mAdenylsucc_synt[0m; Number 9 of 119.
   --------------------------------------------------------------------------   

muscle 5.1.linux64 []  3.9Gb RAM, 8 cores
Built May 16 2023 07:53:40
(C) Copyright 2004-2021 Robert C. Edgar.
https://drive5.com

Input: 1302 seqs, length avg 430 max 431

00:00 9.2Mb   0.077% Derep 0 uniques, 0 dupes00:00 9.2Mb   100.0% Derep 166 uniques, 1135 dupes
00:00 9.3Mb     0.6% UCLUST 166 seqs EE<0.01, 0 centroids, 0 members00:00 9.3Mb  CPU has 8 cores, running 5 threads                     
00:01 9.6Mb    10.2% UCLUST 166 seqs EE<0.01, 1 centroids, 15 members00:02 9.6Mb    34.9% UCLUST 166 seqs EE<0.01, 1 centroids, 56 members00:03 9.6Mb    53.0% UCLUST 166 seqs EE<0.01, 1 centroids, 86 members00:05 9.7Mb    74.7% UCLUST 166 seqs EE<0.01, 1 centroids, 122 members00:06 9.7Mb    93.4% UCLUST 166 seqs EE<0.01, 1 centroids, 153 members00:06 9.7Mb   100.0% UCLUST 166 seqs EE<0.01, 2 centroids, 163 members
00:06 9.9Mb    50.0% UCLUST 2 seqs EE<0.30, 0 centroids, 0 members    00:06 9.9Mb   100.0% UCLUST 2 seqs EE<0.30, 1 centroids, 0 members
00:06 44Mb    100.0% Make cluster MFAs                            
1 clusters pass 1                     
1 clusters pass 2
00:06 44Mb   
00:06 44Mb   Align cluster 1 / 1 (2 seqs)
00:06 44Mb   
00:06 44Mb    100.0% Calc posteriors
00:06 43Mb    100.0% UPGMA5         
00:06 44Mb    100.0% Consensus sequences
Inserting 1136 dupes... done.           



   --------------------------------------------------------------------------   
	    Aligning and cleaning gene [0;32mCTP_transf_1[0m; Number 10 of 119.
   --------------------------------------------------------------------------   

muscle 5.1.linux64 []  3.9Gb RAM, 8 cores
Built May 16 2023 07:53:40
(C) Copyright 2004-2021 Robert C. Edgar.
https://drive5.com

Input: 1305 seqs, length avg 265 max 269

00:00 9.2Mb   0.077% Derep 0 uniques, 0 dupes00:00 9.2Mb   100.0% Derep 198 uniques, 1106 dupes
00:00 9.3Mb    0.51% UCLUST 198 seqs EE<0.01, 0 centroids, 0 members00:00 9.3Mb  CPU has 8 cores, running 5 threads                     
00:01 9.6Mb    41.9% UCLUST 198 seqs EE<0.01, 6 centroids, 76 members00:02 9.6Mb    83.8% UCLUST 198 seqs EE<0.01, 10 centroids, 155 members00:02 9.7Mb   100.0% UCLUST 198 seqs EE<0.01, 12 centroids, 185 members
00:02 9.8Mb     8.3% UCLUST 12 seqs EE<0.30, 0 centroids, 0 members    00:03 43Mb     83.3% UCLUST 12 seqs EE<0.30, 1 centroids, 8 members00:03 43Mb    100.0% UCLUST 12 seqs EE<0.30, 1 centroids, 10 members
00:03 43Mb    100.0% Make cluster MFAs                              
1 clusters pass 1                     
1 clusters pass 2
00:03 43Mb   
00:03 43Mb   Align cluster 1 / 1 (12 seqs)
00:03 43Mb   
00:03 111Mb     1.5% Calc posteriors00:03 312Mb   100.0% Calc posteriors
00:03 312Mb     1.5% Consistency (1/2)00:03 313Mb   100.0% Consistency (1/2)
00:03 313Mb     1.5% Consistency (2/2)00:03 313Mb   100.0% Consistency (2/2)
00:03 313Mb     9.1% UPGMA5           00:03 313Mb   100.0% UPGMA5
00:03 313Mb     1.0% Refining00:03 313Mb   100.0% Refining
00:03 313Mb   100.0% Consensus sequences
Inserting 1107 dupes... done.           



   --------------------------------------------------------------------------   
	    Aligning and cleaning gene [0;32mCpn10[0m; Number 11 of 119.
   --------------------------------------------------------------------------   

muscle 5.1.linux64 []  3.9Gb RAM, 8 cores
Built May 16 2023 07:53:40
(C) Copyright 2004-2021 Robert C. Edgar.
https://drive5.com

Input: 1309 seqs, length avg 94 max 100

00:00 8.7Mb   0.076% Derep 0 uniques, 0 dupes00:00 8.7Mb   100.0% Derep 46 uniques, 1262 dupes
00:00 8.8Mb     2.2% UCLUST 46 seqs EE<0.01, 0 centroids, 0 members00:00 8.8Mb  CPU has 8 cores, running 5 threads                    
00:00 8.9Mb   100.0% UCLUST 46 seqs EE<0.01, 2 centroids, 43 members
00:00 9.2Mb    50.0% UCLUST 2 seqs EE<0.30, 0 centroids, 0 members  00:00 9.2Mb   100.0% UCLUST 2 seqs EE<0.30, 1 centroids, 0 members
00:00 43Mb    100.0% Make cluster MFAs                            
1 clusters pass 1                     
1 clusters pass 2
00:00 43Mb   
00:00 43Mb   Align cluster 1 / 1 (2 seqs)
00:00 43Mb   
00:00 43Mb    100.0% Calc posteriors
00:00 43Mb    100.0% UPGMA5         
00:00 43Mb    100.0% Consensus sequences
Inserting 1263 dupes... done.           



   --------------------------------------------------------------------------   
	    Aligning and cleaning gene [0;32mCpn60_TCP1[0m; Number 12 of 119.
   --------------------------------------------------------------------------   

muscle 5.1.linux64 []  3.9Gb RAM, 8 cores
Built May 16 2023 07:53:40
(C) Copyright 2004-2021 Robert C. Edgar.
https://drive5.com

Input: 1304 seqs, length avg 544 max 547

00:00 9.9Mb   0.077% Derep 0 uniques, 0 dupes00:00 9.9Mb   100.0% Derep 139 uniques, 1164 dupes
00:00 10Mb     0.72% UCLUST 139 seqs EE<0.01, 0 centroids, 0 members00:00 10Mb   CPU has 8 cores, running 5 threads                     
00:01 10Mb      4.3% UCLUST 139 seqs EE<0.01, 3 centroids, 2 members00:02 11Mb     12.2% UCLUST 139 seqs EE<0.01, 3 centroids, 13 members00:03 11Mb     25.9% UCLUST 139 seqs EE<0.01, 4 centroids, 31 members00:04 11Mb     41.0% UCLUST 139 seqs EE<0.01, 4 centroids, 52 members00:05 11Mb     59.0% UCLUST 139 seqs EE<0.01, 4 centroids, 77 members00:06 11Mb     74.1% UCLUST 139 seqs EE<0.01, 4 centroids, 98 members00:07 11Mb     87.1% UCLUST 139 seqs EE<0.01, 4 centroids, 116 members00:08 11Mb     99.3% UCLUST 139 seqs EE<0.01, 4 centroids, 133 members00:08 11Mb    100.0% UCLUST 139 seqs EE<0.01, 5 centroids, 133 members
00:08 22Mb     20.0% UCLUST 5 seqs EE<0.30, 0 centroids, 0 members    00:08 44Mb    100.0% UCLUST 5 seqs EE<0.30, 1 centroids, 3 members
00:08 44Mb    100.0% Make cluster MFAs                            
1 clusters pass 1                     
1 clusters pass 2
00:08 44Mb   
00:08 44Mb   Align cluster 1 / 1 (5 seqs)
00:08 44Mb   
00:08 112Mb    10.0% Calc posteriors00:08 325Mb   100.0% Calc posteriors
00:08 313Mb    10.0% Consistency (1/2)00:08 314Mb   100.0% Consistency (1/2)
00:08 314Mb    10.0% Consistency (2/2)00:08 314Mb   100.0% Consistency (2/2)
00:08 314Mb    25.0% UPGMA5           00:08 314Mb   100.0% UPGMA5
00:08 314Mb     1.0% Refining00:08 314Mb   100.0% Refining
00:08 314Mb   100.0% Consensus sequences
Inserting 1165 dupes... done.           



   --------------------------------------------------------------------------   
	    Aligning and cleaning gene [0;32mCytidylate_kin2[0m; Number 13 of 119.
   --------------------------------------------------------------------------   

muscle 5.1.linux64 []  3.9Gb RAM, 8 cores
Built May 16 2023 07:53:40
(C) Copyright 2004-2021 Robert C. Edgar.
https://drive5.com

Input: 1268 seqs, length avg 225 max 228

00:00 8.8Mb   0.079% Derep 0 uniques, 0 dupes00:00 8.8Mb   100.0% Derep 200 uniques, 1067 dupes
00:00 9.0Mb     0.5% UCLUST 200 seqs EE<0.01, 0 centroids, 0 members00:00 9.0Mb  CPU has 8 cores, running 5 threads                     
00:01 9.1Mb     3.0% UCLUST 200 seqs EE<0.01, 3 centroids, 2 members00:02 9.2Mb    48.5% UCLUST 200 seqs EE<0.01, 4 centroids, 92 members00:02 9.2Mb   100.0% UCLUST 200 seqs EE<0.01, 4 centroids, 195 members
00:02 9.4Mb    25.0% UCLUST 4 seqs EE<0.30, 0 centroids, 0 members    00:02 43Mb    100.0% UCLUST 4 seqs EE<0.30, 1 centroids, 2 members
00:02 43Mb    100.0% Make cluster MFAs                            
1 clusters pass 1                     
1 clusters pass 2
00:02 43Mb   
00:02 43Mb   Align cluster 1 / 1 (4 seqs)
00:02 43Mb   
00:02 110Mb    16.7% Calc posteriors00:03 311Mb   100.0% Calc posteriors
00:03 311Mb    16.7% Consistency (1/2)00:03 312Mb   100.0% Consistency (1/2)
00:03 312Mb    16.7% Consistency (2/2)00:03 312Mb   100.0% Consistency (2/2)
00:03 312Mb    33.3% UPGMA5           00:03 312Mb   100.0% UPGMA5
00:03 312Mb     1.0% Refining00:03 312Mb   100.0% Refining
00:03 312Mb   100.0% Consensus sequences
Inserting 1068 dupes... done.           



   --------------------------------------------------------------------------   
	    Aligning and cleaning gene [0;32mDAGK_prokar[0m; Number 14 of 119.
   --------------------------------------------------------------------------   

muscle 5.1.linux64 []  3.9Gb RAM, 8 cores
Built May 16 2023 07:53:40
(C) Copyright 2004-2021 Robert C. Edgar.
https://drive5.com

Input: 1307 seqs, length avg 122 max 134

00:00 8.7Mb   0.077% Derep 0 uniques, 0 dupes00:00 8.7Mb   100.0% Derep 197 uniques, 1109 dupes
00:00 8.9Mb    0.51% UCLUST 197 seqs EE<0.01, 0 centroids, 0 members00:00 8.9Mb  CPU has 8 cores, running 5 threads                     
00:00 9.6Mb   100.0% UCLUST 197 seqs EE<0.01, 19 centroids, 177 members
00:00 9.6Mb     5.3% UCLUST 19 seqs EE<0.30, 0 centroids, 0 members    00:00 43Mb    100.0% UCLUST 19 seqs EE<0.30, 1 centroids, 17 members
00:00 43Mb    100.0% Make cluster MFAs                              
1 clusters pass 1                     
1 clusters pass 2
00:00 43Mb   
00:00 43Mb   Align cluster 1 / 1 (19 seqs)
00:00 43Mb   
00:00 110Mb    0.58% Calc posteriors00:01 312Mb    14.6% Calc posteriors00:01 311Mb   100.0% Calc posteriors
00:01 311Mb    0.58% Consistency (1/2)00:01 312Mb   100.0% Consistency (1/2)
00:01 312Mb    0.58% Consistency (2/2)00:01 312Mb   100.0% Consistency (2/2)
00:01 312Mb     5.6% UPGMA5           00:01 312Mb   100.0% UPGMA5
00:01 312Mb     1.0% Refining00:01 312Mb   100.0% Refining
00:01 312Mb   100.0% Consensus sequences
Inserting 1110 dupes... done.           



   --------------------------------------------------------------------------   
	    Aligning and cleaning gene [0;32mDHOase[0m; Number 15 of 119.
   --------------------------------------------------------------------------   

muscle 5.1.linux64 []  3.9Gb RAM, 8 cores
Built May 16 2023 07:53:40
(C) Copyright 2004-2021 Robert C. Edgar.
https://drive5.com

Input: 1305 seqs, length avg 428 max 429

00:00 9.2Mb   0.077% Derep 0 uniques, 0 dupes00:00 9.2Mb   100.0% Derep 386 uniques, 918 dupes
00:00 9.3Mb    0.26% UCLUST 386 seqs EE<0.01, 0 centroids, 0 members00:00 9.3Mb  CPU has 8 cores, running 5 threads                     
00:01 9.6Mb     7.0% UCLUST 386 seqs EE<0.01, 3 centroids, 23 members00:02 9.6Mb    18.9% UCLUST 386 seqs EE<0.01, 3 centroids, 69 members00:03 9.7Mb    30.3% UCLUST 386 seqs EE<0.01, 3 centroids, 113 members00:04 9.7Mb    40.9% UCLUST 386 seqs EE<0.01, 3 centroids, 154 members00:05 9.7Mb    52.6% UCLUST 386 seqs EE<0.01, 3 centroids, 199 members00:06 9.7Mb    63.0% UCLUST 386 seqs EE<0.01, 3 centroids, 239 members00:07 9.7Mb    74.9% UCLUST 386 seqs EE<0.01, 3 centroids, 285 members00:08 9.8Mb    78.8% UCLUST 386 seqs EE<0.01, 3 centroids, 300 members00:09 9.8Mb    82.6% UCLUST 386 seqs EE<0.01, 3 centroids, 315 members00:10 9.8Mb    94.3% UCLUST 386 seqs EE<0.01, 3 centroids, 360 members00:10 10.0Mb  100.0% UCLUST 386 seqs EE<0.01, 5 centroids, 380 members
00:10 10Mb     20.0% UCLUST 5 seqs EE<0.30, 0 centroids, 0 members    00:10 44Mb    100.0% UCLUST 5 seqs EE<0.30, 1 centroids, 3 members
00:10 44Mb    100.0% Make cluster MFAs                            
1 clusters pass 1                     
1 clusters pass 2
00:10 44Mb   
00:10 44Mb   Align cluster 1 / 1 (5 seqs)
00:10 44Mb   
00:10 44Mb     10.0% Calc posteriors00:10 320Mb   100.0% Calc posteriors
00:10 312Mb    10.0% Consistency (1/2)00:10 313Mb   100.0% Consistency (1/2)
00:10 313Mb    10.0% Consistency (2/2)00:10 313Mb   100.0% Consistency (2/2)
00:10 313Mb    25.0% UPGMA5           00:10 313Mb   100.0% UPGMA5
00:10 313Mb     1.0% Refining00:10 313Mb   100.0% Refining
00:10 313Mb   100.0% Consensus sequences
Inserting 919 dupes... done.            



   --------------------------------------------------------------------------   
	    Aligning and cleaning gene [0;32mDNA_pol3_delta[0m; Number 16 of 119.
   --------------------------------------------------------------------------   

muscle 5.1.linux64 []  3.9Gb RAM, 8 cores
Built May 16 2023 07:53:40
(C) Copyright 2004-2021 Robert C. Edgar.
https://drive5.com

Input: 927 seqs, length avg 339 max 347

00:00 8.7Mb    0.11% Derep 0 uniques, 0 dupes00:00 8.7Mb   100.0% Derep 253 uniques, 673 dupes
00:00 9.1Mb     0.4% UCLUST 253 seqs EE<0.01, 0 centroids, 0 members00:00 9.1Mb  CPU has 8 cores, running 5 threads                     
00:01 9.2Mb    14.6% UCLUST 253 seqs EE<0.01, 2 centroids, 34 members00:02 9.4Mb    36.4% UCLUST 253 seqs EE<0.01, 4 centroids, 87 members00:03 9.4Mb    58.9% UCLUST 253 seqs EE<0.01, 5 centroids, 143 members00:04 9.4Mb    81.8% UCLUST 253 seqs EE<0.01, 6 centroids, 200 members00:04 9.4Mb   100.0% UCLUST 253 seqs EE<0.01, 7 centroids, 245 members
00:04 9.5Mb    14.3% UCLUST 7 seqs EE<0.30, 0 centroids, 0 members    00:04 43Mb    100.0% UCLUST 7 seqs EE<0.30, 1 centroids, 5 members
00:04 43Mb    100.0% Make cluster MFAs                            
1 clusters pass 1                     
1 clusters pass 2
00:04 43Mb   
00:04 43Mb   Align cluster 1 / 1 (7 seqs)
00:04 43Mb   
00:04 43Mb      4.8% Calc posteriors00:05 312Mb   100.0% Calc posteriors
00:05 312Mb     4.8% Consistency (1/2)00:05 312Mb   100.0% Consistency (1/2)
00:05 312Mb     4.8% Consistency (2/2)00:05 312Mb   100.0% Consistency (2/2)
00:05 312Mb    16.7% UPGMA5           00:05 312Mb   100.0% UPGMA5
00:05 312Mb     1.0% Refining00:05 313Mb   100.0% Refining
00:05 313Mb   100.0% Consensus sequences
Inserting 674 dupes... done.            



   --------------------------------------------------------------------------   
	    Aligning and cleaning gene [0;32mDNA_processg_A[0m; Number 17 of 119.
   --------------------------------------------------------------------------   

muscle 5.1.linux64 []  3.9Gb RAM, 8 cores
Built May 16 2023 07:53:40
(C) Copyright 2004-2021 Robert C. Edgar.
https://drive5.com

Input: 1255 seqs, length avg 295 max 300

00:00 9.0Mb    0.08% Derep 0 uniques, 0 dupes00:00 9.1Mb   100.0% Derep 356 uniques, 898 dupes
00:00 9.3Mb    0.28% UCLUST 357 seqs EE<0.01, 0 centroids, 0 members00:00 9.3Mb  CPU has 8 cores, running 5 threads                     
00:01 9.5Mb    15.1% UCLUST 357 seqs EE<0.01, 2 centroids, 51 members00:02 9.6Mb    28.9% UCLUST 357 seqs EE<0.01, 3 centroids, 99 members00:03 9.6Mb    45.1% UCLUST 357 seqs EE<0.01, 3 centroids, 157 members00:04 9.6Mb    57.4% UCLUST 357 seqs EE<0.01, 8 centroids, 196 members00:05 9.6Mb    60.2% UCLUST 357 seqs EE<0.01, 14 centroids, 200 members00:06 9.6Mb    77.6% UCLUST 357 seqs EE<0.01, 14 centroids, 262 members00:07 9.7Mb    96.4% UCLUST 357 seqs EE<0.01, 15 centroids, 328 members00:07 13Mb    100.0% UCLUST 357 seqs EE<0.01, 17 centroids, 339 members
00:07 13Mb      5.6% UCLUST 18 seqs EE<0.30, 0 centroids, 0 members    00:07 44Mb    100.0% UCLUST 18 seqs EE<0.30, 1 centroids, 16 members
00:07 47Mb    100.0% Make cluster MFAs                              
1 clusters pass 1                     
1 clusters pass 2
00:07 47Mb   
00:07 47Mb   Align cluster 1 / 1 (18 seqs)
00:07 47Mb   
00:07 114Mb    0.65% Calc posteriors00:08 316Mb    13.7% Calc posteriors00:08 312Mb   100.0% Calc posteriors
00:08 312Mb    0.65% Consistency (1/2)00:08 313Mb   100.0% Consistency (1/2)
00:08 313Mb    0.65% Consistency (2/2)00:08 313Mb   100.0% Consistency (2/2)
00:08 313Mb     5.9% UPGMA5           00:08 313Mb   100.0% UPGMA5
00:08 313Mb     1.0% Refining00:09 313Mb     7.0% Refining00:09 314Mb   100.0% Refining
00:09 314Mb   100.0% Consensus sequences
Inserting 898 dupes... done.            



   --------------------------------------------------------------------------   
	    Aligning and cleaning gene [0;32mDUF1934[0m; Number 18 of 119.
   --------------------------------------------------------------------------   

muscle 5.1.linux64 []  3.9Gb RAM, 8 cores
Built May 16 2023 07:53:40
(C) Copyright 2004-2021 Robert C. Edgar.
https://drive5.com

Input: 1304 seqs, length avg 143 max 152

00:00 8.8Mb   0.077% Derep 0 uniques, 0 dupes00:00 8.8Mb   100.0% Derep 158 uniques, 1145 dupes
00:00 9.0Mb    0.63% UCLUST 158 seqs EE<0.01, 0 centroids, 0 members00:00 9.0Mb  CPU has 8 cores, running 5 threads                     
00:01 9.2Mb    44.3% UCLUST 158 seqs EE<0.01, 12 centroids, 57 members00:01 9.2Mb   100.0% UCLUST 158 seqs EE<0.01, 15 centroids, 142 members
00:01 10.0Mb    6.2% UCLUST 16 seqs EE<0.30, 0 centroids, 0 members    00:01 43Mb    100.0% UCLUST 16 seqs EE<0.30, 1 centroids, 14 members
00:01 43Mb    100.0% Make cluster MFAs                              
1 clusters pass 1                     
1 clusters pass 2
00:01 43Mb   
00:01 43Mb   Align cluster 1 / 1 (16 seqs)
00:01 43Mb   
00:01 43Mb     0.83% Calc posteriors00:01 312Mb   100.0% Calc posteriors
00:01 312Mb    0.83% Consistency (1/2)00:01 312Mb   100.0% Consistency (1/2)
00:01 312Mb    0.83% Consistency (2/2)00:01 312Mb   100.0% Consistency (2/2)
00:01 312Mb     6.7% UPGMA5           00:01 312Mb   100.0% UPGMA5
00:01 312Mb     1.0% Refining00:01 312Mb   100.0% Refining
00:01 312Mb   100.0% Consensus sequences
Inserting 1146 dupes... done.           



   --------------------------------------------------------------------------   
	    Aligning and cleaning gene [0;32mDUF448[0m; Number 19 of 119.
   --------------------------------------------------------------------------   

muscle 5.1.linux64 []  3.9Gb RAM, 8 cores
Built May 16 2023 07:53:40
(C) Copyright 2004-2021 Robert C. Edgar.
https://drive5.com

Input: 1311 seqs, length avg 91 max 96

00:00 8.7Mb   0.076% Derep 0 uniques, 0 dupes00:00 8.7Mb   100.0% Derep 93 uniques, 1217 dupes
00:00 8.8Mb     1.1% UCLUST 93 seqs EE<0.01, 0 centroids, 0 members00:00 8.8Mb  CPU has 8 cores, running 5 threads                    
00:00 9.0Mb   100.0% UCLUST 93 seqs EE<0.01, 3 centroids, 89 members
00:00 9.2Mb    33.3% UCLUST 3 seqs EE<0.30, 0 centroids, 0 members  00:00 43Mb    100.0% UCLUST 3 seqs EE<0.30, 1 centroids, 1 members
00:00 43Mb    100.0% Make cluster MFAs                            
1 clusters pass 1                     
1 clusters pass 2
00:00 43Mb   
00:00 43Mb   Align cluster 1 / 1 (3 seqs)
00:00 43Mb   
00:00 110Mb    33.3% Calc posteriors00:00 177Mb   100.0% Calc posteriors
00:00 177Mb    33.3% Consistency (1/2)00:00 177Mb   100.0% Consistency (1/2)
00:00 177Mb    33.3% Consistency (2/2)00:00 177Mb   100.0% Consistency (2/2)
00:00 177Mb    50.0% UPGMA5           00:00 177Mb   100.0% UPGMA5
00:00 177Mb     1.0% Refining00:00 177Mb   100.0% Refining
00:00 177Mb   100.0% Consensus sequences
Inserting 1218 dupes... done.           



   --------------------------------------------------------------------------   
	    Aligning and cleaning gene [0;32mDUF951[0m; Number 20 of 119.
   --------------------------------------------------------------------------   

muscle 5.1.linux64 []  3.9Gb RAM, 8 cores
Built May 16 2023 07:53:40
(C) Copyright 2004-2021 Robert C. Edgar.
https://drive5.com

Input: 1309 seqs, length avg 67 max 68

00:00 8.7Mb   0.076% Derep 0 uniques, 0 dupes00:00 8.7Mb   100.0% Derep 80 uniques, 1228 dupes
00:00 8.8Mb     1.2% UCLUST 80 seqs EE<0.01, 0 centroids, 0 members00:00 8.8Mb  CPU has 8 cores, running 5 threads                    
00:00 8.9Mb   100.0% UCLUST 80 seqs EE<0.01, 2 centroids, 77 members
00:00 9.1Mb    33.3% UCLUST 3 seqs EE<0.30, 0 centroids, 0 members  00:00 43Mb    100.0% UCLUST 3 seqs EE<0.30, 1 centroids, 1 members
00:00 43Mb    100.0% Make cluster MFAs                            
1 clusters pass 1                     
1 clusters pass 2
00:00 43Mb   
00:00 43Mb   Align cluster 1 / 1 (3 seqs)
00:00 43Mb   
00:00 43Mb     33.3% Calc posteriors00:00 177Mb   100.0% Calc posteriors
00:00 177Mb    33.3% Consistency (1/2)00:00 177Mb   100.0% Consistency (1/2)
00:00 177Mb    33.3% Consistency (2/2)00:00 177Mb   100.0% Consistency (2/2)
00:00 177Mb    50.0% UPGMA5           00:00 177Mb   100.0% UPGMA5
00:00 177Mb     1.0% Refining00:00 177Mb   100.0% Refining
00:00 177Mb   100.0% Consensus sequences
Inserting 1229 dupes... done.           



   --------------------------------------------------------------------------   
	    Aligning and cleaning gene [0;32mDnaJ_C[0m; Number 21 of 119.
   --------------------------------------------------------------------------   

muscle 5.1.linux64 []  3.9Gb RAM, 8 cores
Built May 16 2023 07:53:40
(C) Copyright 2004-2021 Robert C. Edgar.
https://drive5.com

Input: 1306 seqs, length avg 373 max 378

00:00 9.2Mb   0.077% Derep 0 uniques, 0 dupes00:00 9.2Mb   100.0% Derep 185 uniques, 1120 dupes
00:00 9.3Mb    0.54% UCLUST 185 seqs EE<0.01, 0 centroids, 0 members00:00 9.3Mb  CPU has 8 cores, running 5 threads                     
00:01 9.6Mb    15.1% UCLUST 185 seqs EE<0.01, 5 centroids, 22 members00:02 9.7Mb    22.2% UCLUST 185 seqs EE<0.01, 10 centroids, 30 members00:03 9.7Mb    36.2% UCLUST 185 seqs EE<0.01, 11 centroids, 55 members00:04 9.7Mb    51.4% UCLUST 185 seqs EE<0.01, 13 centroids, 81 members00:05 9.7Mb    57.3% UCLUST 185 seqs EE<0.01, 16 centroids, 89 members00:06 9.7Mb    78.4% UCLUST 185 seqs EE<0.01, 16 centroids, 128 members00:08 9.7Mb   100.0% UCLUST 185 seqs EE<0.01, 18 centroids, 166 members
00:08 9.7Mb     5.6% UCLUST 18 seqs EE<0.30, 0 centroids, 0 members    00:08 44Mb    100.0% UCLUST 18 seqs EE<0.30, 1 centroids, 16 members
00:08 44Mb    100.0% Make cluster MFAs                              
1 clusters pass 1                     
1 clusters pass 2
00:08 44Mb   
00:08 44Mb   Align cluster 1 / 1 (18 seqs)
00:08 44Mb   
00:08 44Mb     0.65% Calc posteriors00:09 318Mb    37.9% Calc posteriors00:09 318Mb   100.0% Calc posteriors
00:09 312Mb    0.65% Consistency (1/2)00:09 313Mb   100.0% Consistency (1/2)
00:09 313Mb    0.65% Consistency (2/2)00:09 313Mb   100.0% Consistency (2/2)
00:09 313Mb     5.9% UPGMA5           00:09 313Mb   100.0% UPGMA5
00:09 313Mb     1.0% Refining00:09 314Mb   100.0% Refining
00:09 314Mb   100.0% Consensus sequences
Inserting 1121 dupes... done.           



   --------------------------------------------------------------------------   
	    Aligning and cleaning gene [0;32mEF_TS[0m; Number 22 of 119.
   --------------------------------------------------------------------------   

muscle 5.1.linux64 []  3.9Gb RAM, 8 cores
Built May 16 2023 07:53:40
(C) Copyright 2004-2021 Robert C. Edgar.
https://drive5.com

Input: 1307 seqs, length avg 294 max 295

00:00 9.2Mb   0.077% Derep 0 uniques, 0 dupes00:00 9.2Mb   100.0% Derep 131 uniques, 1175 dupes
00:00 9.3Mb    0.76% UCLUST 131 seqs EE<0.01, 0 centroids, 0 members00:00 9.3Mb  CPU has 8 cores, running 5 threads                     
00:01 9.5Mb    26.0% UCLUST 131 seqs EE<0.01, 1 centroids, 32 members00:02 9.6Mb    81.7% UCLUST 131 seqs EE<0.01, 1 centroids, 105 members00:02 9.6Mb   100.0% UCLUST 131 seqs EE<0.01, 1 centroids, 129 members
00:02 9.8Mb   100.0% UCLUST 1 seqs EE<0.30, 0 centroids, 0 members    
00:02 9.8Mb   100.0% Make cluster MFAs                            
1 clusters pass 1                     
1 clusters pass 2
00:02 9.8Mb  Align cluster 1 / 1 (1 seq)
00:02 9.8Mb   100.0% Consensus sequences
Inserting 1176 dupes... done.           



   --------------------------------------------------------------------------   
	    Aligning and cleaning gene [0;32mExonuc_VII_L[0m; Number 23 of 119.
   --------------------------------------------------------------------------   

muscle 5.1.linux64 []  3.9Gb RAM, 8 cores
Built May 16 2023 07:53:40
(C) Copyright 2004-2021 Robert C. Edgar.
https://drive5.com

Input: 1303 seqs, length avg 450 max 455

00:00 9.2Mb   0.077% Derep 0 uniques, 0 dupes00:00 9.2Mb   100.0% Derep 309 uniques, 993 dupes
00:00 9.3Mb    0.32% UCLUST 309 seqs EE<0.01, 0 centroids, 0 members00:00 9.3Mb  CPU has 8 cores, running 5 threads                     
00:01 9.6Mb     1.6% UCLUST 309 seqs EE<0.01, 2 centroids, 2 members00:02 9.8Mb    10.0% UCLUST 309 seqs EE<0.01, 5 centroids, 25 members00:03 9.8Mb    21.7% UCLUST 309 seqs EE<0.01, 5 centroids, 61 members00:04 9.8Mb    34.0% UCLUST 309 seqs EE<0.01, 5 centroids, 99 members00:05 9.8Mb    42.4% UCLUST 309 seqs EE<0.01, 7 centroids, 123 members00:06 9.8Mb    46.6% UCLUST 309 seqs EE<0.01, 8 centroids, 135 members00:07 9.8Mb    50.2% UCLUST 309 seqs EE<0.01, 10 centroids, 144 members00:08 9.8Mb    62.5% UCLUST 309 seqs EE<0.01, 10 centroids, 182 members00:09 9.8Mb    75.1% UCLUST 309 seqs EE<0.01, 10 centroids, 221 members00:10 9.8Mb    86.7% UCLUST 309 seqs EE<0.01, 10 centroids, 257 members00:11 9.8Mb    96.8% UCLUST 309 seqs EE<0.01, 10 centroids, 288 members00:11 9.8Mb   100.0% UCLUST 309 seqs EE<0.01, 11 centroids, 297 members
00:11 10.0Mb    9.1% UCLUST 11 seqs EE<0.30, 0 centroids, 0 members    00:12 44Mb     45.5% UCLUST 11 seqs EE<0.30, 1 centroids, 3 members00:12 44Mb    100.0% UCLUST 11 seqs EE<0.30, 1 centroids, 9 members
00:12 44Mb    100.0% Make cluster MFAs                             
1 clusters pass 1                     
1 clusters pass 2
00:12 44Mb   
00:12 44Mb   Align cluster 1 / 1 (11 seqs)
00:12 44Mb   
00:12 111Mb     1.8% Calc posteriors00:12 320Mb   100.0% Calc posteriors
00:12 312Mb     1.8% Consistency (1/2)00:12 313Mb   100.0% Consistency (1/2)
00:12 313Mb     1.8% Consistency (2/2)00:12 313Mb   100.0% Consistency (2/2)
00:12 313Mb    10.0% UPGMA5           00:12 313Mb   100.0% UPGMA5
00:12 313Mb     1.0% Refining00:12 314Mb   100.0% Refining
00:12 314Mb   100.0% Consensus sequences
Inserting 994 dupes... done.            



   --------------------------------------------------------------------------   
	    Aligning and cleaning gene [0;32mExonuc_VII_S[0m; Number 24 of 119.
   --------------------------------------------------------------------------   

muscle 5.1.linux64 []  3.9Gb RAM, 8 cores
Built May 16 2023 07:53:40
(C) Copyright 2004-2021 Robert C. Edgar.
https://drive5.com

Input: 1307 seqs, length avg 81 max 86

00:00 8.7Mb   0.077% Derep 0 uniques, 0 dupes00:00 8.7Mb   100.0% Derep 93 uniques, 1213 dupes
00:00 8.8Mb     1.1% UCLUST 93 seqs EE<0.01, 0 centroids, 0 members00:00 8.8Mb  CPU has 8 cores, running 5 threads                    
00:00 9.0Mb   100.0% UCLUST 93 seqs EE<0.01, 14 centroids, 78 members
00:00 9.2Mb     7.1% UCLUST 14 seqs EE<0.30, 0 centroids, 0 members  00:00 43Mb    100.0% UCLUST 14 seqs EE<0.30, 1 centroids, 12 members
00:00 43Mb    100.0% Make cluster MFAs                              
1 clusters pass 1                     
1 clusters pass 2
00:00 43Mb   
00:00 43Mb   Align cluster 1 / 1 (14 seqs)
00:00 43Mb   
00:00 43Mb      1.1% Calc posteriors00:00 312Mb   100.0% Calc posteriors
00:00 311Mb     1.1% Consistency (1/2)00:00 311Mb   100.0% Consistency (1/2)
00:00 311Mb     1.1% Consistency (2/2)00:00 311Mb   100.0% Consistency (2/2)
00:00 311Mb     7.7% UPGMA5           00:00 311Mb   100.0% UPGMA5
00:00 311Mb     1.0% Refining00:00 312Mb   100.0% Refining
00:00 312Mb   100.0% Consensus sequences
Inserting 1214 dupes... done.           



   --------------------------------------------------------------------------   
	    Aligning and cleaning gene [0;32mFA_synthesis[0m; Number 25 of 119.
   --------------------------------------------------------------------------   

muscle 5.1.linux64 []  3.9Gb RAM, 8 cores
Built May 16 2023 07:53:40
(C) Copyright 2004-2021 Robert C. Edgar.
https://drive5.com

Input: 1307 seqs, length avg 331 max 337

00:00 9.2Mb   0.077% Derep 0 uniques, 0 dupes00:00 9.2Mb   100.0% Derep 208 uniques, 1098 dupes
00:00 9.3Mb    0.48% UCLUST 208 seqs EE<0.01, 0 centroids, 0 members00:00 9.3Mb  CPU has 8 cores, running 5 threads                     
00:01 9.7Mb    14.9% UCLUST 208 seqs EE<0.01, 5 centroids, 25 members00:02 9.7Mb    42.3% UCLUST 208 seqs EE<0.01, 6 centroids, 81 members00:03 9.7Mb    59.6% UCLUST 208 seqs EE<0.01, 7 centroids, 116 members00:04 9.7Mb    82.7% UCLUST 208 seqs EE<0.01, 7 centroids, 164 members00:04 9.7Mb   100.0% UCLUST 208 seqs EE<0.01, 7 centroids, 200 members
00:04 14Mb     14.3% UCLUST 7 seqs EE<0.30, 0 centroids, 0 members    00:04 44Mb    100.0% UCLUST 7 seqs EE<0.30, 1 centroids, 5 members
00:04 44Mb    100.0% Make cluster MFAs                            
1 clusters pass 1                     
1 clusters pass 2
00:04 44Mb   
00:04 44Mb   Align cluster 1 / 1 (7 seqs)
00:04 44Mb   
00:04 44Mb      4.8% Calc posteriors00:05 317Mb    42.9% Calc posteriors00:05 312Mb   100.0% Calc posteriors
00:05 312Mb     4.8% Consistency (1/2)00:05 312Mb   100.0% Consistency (1/2)
00:05 312Mb     4.8% Consistency (2/2)00:05 312Mb   100.0% Consistency (2/2)
00:05 312Mb    16.7% UPGMA5           00:05 312Mb   100.0% UPGMA5
00:05 312Mb     1.0% Refining00:05 313Mb   100.0% Refining
00:05 313Mb   100.0% Consensus sequences
Inserting 1099 dupes... done.           



   --------------------------------------------------------------------------   
	    Aligning and cleaning gene [0;32mFbpA[0m; Number 26 of 119.
   --------------------------------------------------------------------------   

muscle 5.1.linux64 []  3.9Gb RAM, 8 cores
Built May 16 2023 07:53:40
(C) Copyright 2004-2021 Robert C. Edgar.
https://drive5.com

Input: 1294 seqs, length avg 569 max 576

00:00 9.8Mb   0.077% Derep 0 uniques, 0 dupes00:00 9.8Mb   100.0% Derep 402 uniques, 891 dupes
00:00 10Mb     0.25% UCLUST 402 seqs EE<0.01, 0 centroids, 0 members00:00 10Mb   CPU has 8 cores, running 5 threads                     
00:01 11Mb      1.5% UCLUST 402 seqs EE<0.01, 3 centroids, 2 members00:02 11Mb      4.0% UCLUST 402 seqs EE<0.01, 5 centroids, 10 members00:03 11Mb      7.5% UCLUST 402 seqs EE<0.01, 5 centroids, 24 members00:04 11Mb     10.7% UCLUST 402 seqs EE<0.01, 5 centroids, 37 members00:05 11Mb     12.2% UCLUST 402 seqs EE<0.01, 5 centroids, 43 members00:06 11Mb     12.7% UCLUST 402 seqs EE<0.01, 5 centroids, 45 members00:07 11Mb     16.2% UCLUST 402 seqs EE<0.01, 5 centroids, 59 members00:08 11Mb     20.4% UCLUST 402 seqs EE<0.01, 5 centroids, 76 members00:09 11Mb     24.1% UCLUST 402 seqs EE<0.01, 5 centroids, 91 members00:10 11Mb     27.4% UCLUST 402 seqs EE<0.01, 6 centroids, 103 members00:11 11Mb     31.8% UCLUST 402 seqs EE<0.01, 6 centroids, 121 members00:12 11Mb     37.6% UCLUST 402 seqs EE<0.01, 6 centroids, 144 members00:13 11Mb     42.8% UCLUST 402 seqs EE<0.01, 6 centroids, 165 members00:14 11Mb     48.3% UCLUST 402 seqs EE<0.01, 6 centroids, 187 members00:15 11Mb     54.5% UCLUST 402 seqs EE<0.01, 6 centroids, 212 members00:16 11Mb     60.9% UCLUST 402 seqs EE<0.01, 6 centroids, 238 members00:17 11Mb     66.9% UCLUST 402 seqs EE<0.01, 6 centroids, 262 members00:18 11Mb     71.4% UCLUST 402 seqs EE<0.01, 6 centroids, 280 members00:19 11Mb     74.4% UCLUST 402 seqs EE<0.01, 6 centroids, 292 members00:20 11Mb     78.6% UCLUST 402 seqs EE<0.01, 6 centroids, 309 members00:21 11Mb     81.3% UCLUST 402 seqs EE<0.01, 6 centroids, 320 members00:22 11Mb     83.3% UCLUST 402 seqs EE<0.01, 6 centroids, 328 members00:23 11Mb     86.3% UCLUST 402 seqs EE<0.01, 6 centroids, 340 members00:24 11Mb     88.8% UCLUST 402 seqs EE<0.01, 6 centroids, 350 members00:25 11Mb     91.5% UCLUST 402 seqs EE<0.01, 6 centroids, 361 members00:26 11Mb     94.5% UCLUST 402 seqs EE<0.01, 6 centroids, 373 members00:27 11Mb     96.5% UCLUST 402 seqs EE<0.01, 6 centroids, 381 members00:28 11Mb     98.5% UCLUST 402 seqs EE<0.01, 7 centroids, 388 members00:28 11Mb    100.0% UCLUST 402 seqs EE<0.01, 8 centroids, 393 members
00:28 24Mb     12.5% UCLUST 8 seqs EE<0.30, 0 centroids, 0 members    00:28 45Mb    100.0% UCLUST 8 seqs EE<0.30, 1 centroids, 6 members
00:29 45Mb    100.0% Make cluster MFAs                            
1 clusters pass 1                     
1 clusters pass 2
00:29 45Mb   
00:29 45Mb   Align cluster 1 / 1 (8 seqs)
00:29 45Mb   
00:29 45Mb      3.6% Calc posteriors00:29 326Mb   100.0% Calc posteriors
00:29 313Mb     3.6% Consistency (1/2)00:29 315Mb   100.0% Consistency (1/2)
00:29 315Mb     3.6% Consistency (2/2)00:29 315Mb   100.0% Consistency (2/2)
00:29 315Mb    14.3% UPGMA5           00:29 315Mb   100.0% UPGMA5
00:29 315Mb     1.0% Refining00:29 316Mb   100.0% Refining
00:29 316Mb   100.0% Consensus sequences
Inserting 892 dupes... done.            



   --------------------------------------------------------------------------   
	    Aligning and cleaning gene [0;32mGatB_N[0m; Number 27 of 119.
   --------------------------------------------------------------------------   

muscle 5.1.linux64 []  3.9Gb RAM, 8 cores
Built May 16 2023 07:53:40
(C) Copyright 2004-2021 Robert C. Edgar.
https://drive5.com

Input: 1303 seqs, length avg 476 max 477

00:00 9.2Mb   0.077% Derep 0 uniques, 0 dupes00:00 9.2Mb   100.0% Derep 156 uniques, 1146 dupes
00:00 9.3Mb    0.64% UCLUST 156 seqs EE<0.01, 0 centroids, 0 members00:00 9.3Mb  CPU has 8 cores, running 5 threads                     
00:01 9.7Mb    14.1% UCLUST 156 seqs EE<0.01, 1 centroids, 20 members00:02 9.7Mb    37.2% UCLUST 156 seqs EE<0.01, 1 centroids, 56 members00:03 9.7Mb    59.6% UCLUST 156 seqs EE<0.01, 2 centroids, 90 members00:04 9.9Mb    82.1% UCLUST 156 seqs EE<0.01, 2 centroids, 125 members00:04 9.9Mb   100.0% UCLUST 156 seqs EE<0.01, 3 centroids, 152 members
00:04 9.9Mb    33.3% UCLUST 3 seqs EE<0.30, 0 centroids, 0 members    00:04 44Mb    100.0% UCLUST 3 seqs EE<0.30, 1 centroids, 1 members
00:04 44Mb    100.0% Make cluster MFAs                            
1 clusters pass 1                     
1 clusters pass 2
00:04 44Mb   
00:04 44Mb   Align cluster 1 / 1 (3 seqs)
00:04 44Mb   
00:04 111Mb    33.3% Calc posteriors00:04 187Mb   100.0% Calc posteriors
00:04 178Mb    33.3% Consistency (1/2)00:04 179Mb   100.0% Consistency (1/2)
00:04 179Mb    33.3% Consistency (2/2)00:04 179Mb   100.0% Consistency (2/2)
00:04 179Mb    50.0% UPGMA5           00:04 179Mb   100.0% UPGMA5
00:04 179Mb     1.0% Refining00:04 179Mb   100.0% Refining
00:04 179Mb   100.0% Consensus sequences
Inserting 1147 dupes... done.           



   --------------------------------------------------------------------------   
	    Aligning and cleaning gene [0;32mGlu-tRNAGln[0m; Number 28 of 119.
   --------------------------------------------------------------------------   

muscle 5.1.linux64 []  3.9Gb RAM, 8 cores
Built May 16 2023 07:53:40
(C) Copyright 2004-2021 Robert C. Edgar.
https://drive5.com

Input: 1311 seqs, length avg 96 max 99

00:00 8.7Mb   0.076% Derep 0 uniques, 0 dupes00:00 8.7Mb   100.0% Derep 70 uniques, 1240 dupes
00:00 8.8Mb     1.4% UCLUST 70 seqs EE<0.01, 0 centroids, 0 members00:00 8.8Mb  CPU has 8 cores, running 5 threads                    
00:00 9.0Mb   100.0% UCLUST 70 seqs EE<0.01, 1 centroids, 68 members
00:00 9.2Mb   100.0% UCLUST 1 seqs EE<0.30, 0 centroids, 0 members  
00:00 9.2Mb   100.0% Make cluster MFAs                            
1 clusters pass 1                     
1 clusters pass 2
00:00 9.2Mb  Align cluster 1 / 1 (1 seq)
00:00 9.2Mb   100.0% Consensus sequences
Inserting 1241 dupes... done.           



   --------------------------------------------------------------------------   
	    Aligning and cleaning gene [0;32mGrpE[0m; Number 29 of 119.
   --------------------------------------------------------------------------   

muscle 5.1.linux64 []  3.9Gb RAM, 8 cores
Built May 16 2023 07:53:40
(C) Copyright 2004-2021 Robert C. Edgar.
https://drive5.com

Input: 1300 seqs, length avg 189 max 217

00:00 8.8Mb   0.077% Derep 0 uniques, 0 dupes00:00 8.8Mb   100.0% Derep 180 uniques, 1119 dupes
00:00 9.0Mb    0.56% UCLUST 180 seqs EE<0.01, 0 centroids, 0 members00:00 9.0Mb  CPU has 8 cores, running 5 threads                     
00:01 11Mb     18.3% UCLUST 180 seqs EE<0.01, 18 centroids, 14 members00:01 11Mb    100.0% UCLUST 180 seqs EE<0.01, 28 centroids, 151 members
00:01 11Mb      3.6% UCLUST 28 seqs EE<0.30, 0 centroids, 0 members    00:02 43Mb     60.7% UCLUST 28 seqs EE<0.30, 1 centroids, 15 members00:02 43Mb    100.0% UCLUST 28 seqs EE<0.30, 1 centroids, 26 members
00:02 43Mb    100.0% Make cluster MFAs                              
1 clusters pass 1                     
1 clusters pass 2
00:02 43Mb   
00:02 43Mb   Align cluster 1 / 1 (28 seqs)
00:02 43Mb   
00:02 110Mb    0.26% Calc posteriors00:02 312Mb   100.0% Calc posteriors
00:02 312Mb    0.26% Consistency (1/2)00:03 313Mb    98.7% Consistency (1/2)00:03 313Mb   100.0% Consistency (1/2)
00:03 313Mb    0.26% Consistency (2/2)00:03 313Mb   100.0% Consistency (2/2)
00:03 313Mb     3.7% UPGMA5           00:03 313Mb   100.0% UPGMA5
00:03 313Mb     1.0% Refining00:03 314Mb   100.0% Refining
00:03 314Mb   100.0% Consensus sequences
Inserting 1120 dupes... done.           



   --------------------------------------------------------------------------   
	    Aligning and cleaning gene [0;32mHSP33[0m; Number 30 of 119.
   --------------------------------------------------------------------------   

muscle 5.1.linux64 []  3.9Gb RAM, 8 cores
Built May 16 2023 07:53:40
(C) Copyright 2004-2021 Robert C. Edgar.
https://drive5.com

Input: 1303 seqs, length avg 291 max 295

00:00 9.2Mb   0.077% Derep 0 uniques, 0 dupes00:00 9.2Mb   100.0% Derep 215 uniques, 1087 dupes
00:00 9.3Mb    0.47% UCLUST 215 seqs EE<0.01, 0 centroids, 0 members00:00 9.3Mb  CPU has 8 cores, running 5 threads                     
00:01 9.6Mb    17.2% UCLUST 215 seqs EE<0.01, 3 centroids, 33 members00:02 9.6Mb    47.0% UCLUST 215 seqs EE<0.01, 3 centroids, 97 members00:03 9.6Mb    82.3% UCLUST 215 seqs EE<0.01, 3 centroids, 173 members00:03 9.7Mb   100.0% UCLUST 215 seqs EE<0.01, 4 centroids, 210 members
00:03 9.8Mb    25.0% UCLUST 4 seqs EE<0.30, 0 centroids, 0 members    00:03 43Mb    100.0% UCLUST 4 seqs EE<0.30, 1 centroids, 2 members
00:03 43Mb    100.0% Make cluster MFAs                            
1 clusters pass 1                     
1 clusters pass 2
00:03 43Mb   
00:03 43Mb   Align cluster 1 / 1 (4 seqs)
00:03 43Mb   
00:03 43Mb     16.7% Calc posteriors00:03 312Mb   100.0% Calc posteriors
00:03 312Mb    16.7% Consistency (1/2)00:03 312Mb   100.0% Consistency (1/2)
00:03 312Mb    16.7% Consistency (2/2)00:03 312Mb   100.0% Consistency (2/2)
00:03 312Mb    33.3% UPGMA5           00:03 312Mb   100.0% UPGMA5
00:03 312Mb     1.0% Refining00:03 312Mb   100.0% Refining
00:03 312Mb   100.0% Consensus sequences
Inserting 1088 dupes... done.           



   --------------------------------------------------------------------------   
	    Aligning and cleaning gene [0;32mHam1p_like[0m; Number 31 of 119.
   --------------------------------------------------------------------------   

muscle 5.1.linux64 []  3.9Gb RAM, 8 cores
Built May 16 2023 07:53:40
(C) Copyright 2004-2021 Robert C. Edgar.
https://drive5.com

Input: 1304 seqs, length avg 200 max 206

00:00 8.8Mb   0.077% Derep 0 uniques, 0 dupes00:00 8.8Mb   100.0% Derep 260 uniques, 1043 dupes
00:00 9.0Mb    0.38% UCLUST 261 seqs EE<0.01, 0 centroids, 0 members00:00 9.0Mb  CPU has 8 cores, running 5 threads                     
00:01 9.2Mb     7.3% UCLUST 261 seqs EE<0.01, 6 centroids, 12 members00:02 9.2Mb    67.4% UCLUST 261 seqs EE<0.01, 9 centroids, 166 members00:02 9.2Mb   100.0% UCLUST 261 seqs EE<0.01, 10 centroids, 250 members
00:02 9.4Mb    10.0% UCLUST 10 seqs EE<0.30, 0 centroids, 0 members    00:02 43Mb    100.0% UCLUST 10 seqs EE<0.30, 1 centroids, 8 members
00:02 43Mb    100.0% Make cluster MFAs                             
1 clusters pass 1                     
1 clusters pass 2
00:02 43Mb   
00:02 43Mb   Align cluster 1 / 1 (10 seqs)
00:02 43Mb   
00:02 43Mb      2.2% Calc posteriors00:02 312Mb   100.0% Calc posteriors
00:02 312Mb     2.2% Consistency (1/2)00:02 312Mb   100.0% Consistency (1/2)
00:02 312Mb     2.2% Consistency (2/2)00:02 312Mb   100.0% Consistency (2/2)
00:02 312Mb    11.1% UPGMA5           00:02 312Mb   100.0% UPGMA5
00:02 312Mb     1.0% Refining00:02 312Mb   100.0% Refining
00:02 312Mb   100.0% Consensus sequences
Inserting 1043 dupes... done.           



   --------------------------------------------------------------------------   
	    Aligning and cleaning gene [0;32mHpr_kinase_C[0m; Number 32 of 119.
   --------------------------------------------------------------------------   

muscle 5.1.linux64 []  3.9Gb RAM, 8 cores
Built May 16 2023 07:53:40
(C) Copyright 2004-2021 Robert C. Edgar.
https://drive5.com

Input: 1197 seqs, length avg 310 max 318

00:00 9.1Mb   0.084% Derep 0 uniques, 0 dupes00:00 9.1Mb   100.0% Derep 93 uniques, 1103 dupes
00:00 9.3Mb     1.1% UCLUST 93 seqs EE<0.01, 0 centroids, 0 members00:00 9.3Mb  CPU has 8 cores, running 5 threads                    
00:01 9.4Mb    24.7% UCLUST 93 seqs EE<0.01, 2 centroids, 20 members00:02 9.5Mb    91.4% UCLUST 93 seqs EE<0.01, 2 centroids, 82 members00:02 9.5Mb   100.0% UCLUST 93 seqs EE<0.01, 2 centroids, 90 members
00:02 9.5Mb    50.0% UCLUST 2 seqs EE<0.30, 0 centroids, 0 members  00:02 9.5Mb   100.0% UCLUST 2 seqs EE<0.30, 1 centroids, 0 members
00:02 43Mb    100.0% Make cluster MFAs                            
1 clusters pass 1                     
1 clusters pass 2
00:02 43Mb   
00:02 43Mb   Align cluster 1 / 1 (2 seqs)
00:02 43Mb   
00:02 43Mb    100.0% Calc posteriors
00:02 43Mb    100.0% UPGMA5         
00:02 44Mb    100.0% Consensus sequences
Inserting 1104 dupes... done.           



   --------------------------------------------------------------------------   
	    Aligning and cleaning gene [0;32mHrcA[0m; Number 33 of 119.
   --------------------------------------------------------------------------   

muscle 5.1.linux64 []  3.9Gb RAM, 8 cores
Built May 16 2023 07:53:40
(C) Copyright 2004-2021 Robert C. Edgar.
https://drive5.com

Input: 1307 seqs, length avg 341 max 344

00:00 9.2Mb   0.077% Derep 0 uniques, 0 dupes00:00 9.2Mb   100.0% Derep 154 uniques, 1152 dupes
00:00 9.3Mb    0.65% UCLUST 155 seqs EE<0.01, 0 centroids, 0 members00:00 9.3Mb  CPU has 8 cores, running 5 threads                     
00:01 9.5Mb    11.0% UCLUST 155 seqs EE<0.01, 2 centroids, 14 members00:02 9.6Mb    45.8% UCLUST 155 seqs EE<0.01, 2 centroids, 68 members00:03 9.7Mb    72.9% UCLUST 155 seqs EE<0.01, 4 centroids, 108 members00:04 9.7Mb    86.5% UCLUST 155 seqs EE<0.01, 4 centroids, 129 members00:05 9.7Mb    99.4% UCLUST 155 seqs EE<0.01, 4 centroids, 149 members00:05 9.7Mb   100.0% UCLUST 155 seqs EE<0.01, 4 centroids, 150 members
00:05 9.7Mb    25.0% UCLUST 4 seqs EE<0.30, 0 centroids, 0 members    00:05 43Mb    100.0% UCLUST 4 seqs EE<0.30, 1 centroids, 2 members
00:05 43Mb    100.0% Make cluster MFAs                            
1 clusters pass 1                     
1 clusters pass 2
00:05 43Mb   
00:05 43Mb   Align cluster 1 / 1 (4 seqs)
00:05 43Mb   
00:05 43Mb     16.7% Calc posteriors00:05 312Mb   100.0% Calc posteriors
00:05 312Mb    16.7% Consistency (1/2)00:05 312Mb   100.0% Consistency (1/2)
00:05 312Mb    16.7% Consistency (2/2)00:05 312Mb   100.0% Consistency (2/2)
00:05 312Mb    33.3% UPGMA5           00:05 312Mb   100.0% UPGMA5
00:05 312Mb     1.0% Refining00:05 313Mb   100.0% Refining
00:05 313Mb   100.0% Consensus sequences
Inserting 1152 dupes... done.           



   --------------------------------------------------------------------------   
	    Aligning and cleaning gene [0;32mIPPT[0m; Number 34 of 119.
   --------------------------------------------------------------------------   

muscle 5.1.linux64 []  3.9Gb RAM, 8 cores
Built May 16 2023 07:53:40
(C) Copyright 2004-2021 Robert C. Edgar.
https://drive5.com

Input: 1306 seqs, length avg 316 max 333

00:00 9.2Mb   0.077% Derep 0 uniques, 0 dupes00:00 9.2Mb   100.0% Derep 351 uniques, 954 dupes
00:00 9.3Mb    0.28% UCLUST 351 seqs EE<0.01, 0 centroids, 0 members00:00 9.3Mb  CPU has 8 cores, running 5 threads                     
00:01 9.6Mb     6.8% UCLUST 351 seqs EE<0.01, 6 centroids, 17 members00:02 9.6Mb    20.5% UCLUST 351 seqs EE<0.01, 6 centroids, 65 members00:03 9.6Mb    28.5% UCLUST 351 seqs EE<0.01, 6 centroids, 93 members00:04 9.6Mb    36.5% UCLUST 351 seqs EE<0.01, 6 centroids, 121 members00:05 9.6Mb    43.9% UCLUST 351 seqs EE<0.01, 6 centroids, 147 members00:06 9.5Mb    53.3% UCLUST 351 seqs EE<0.01, 8 centroids, 178 members00:07 9.6Mb    65.2% UCLUST 351 seqs EE<0.01, 8 centroids, 220 members00:08 9.7Mb    80.9% UCLUST 351 seqs EE<0.01, 9 centroids, 274 members00:09 14Mb     99.7% UCLUST 351 seqs EE<0.01, 11 centroids, 338 members00:09 14Mb    100.0% UCLUST 351 seqs EE<0.01, 11 centroids, 339 members
00:09 14Mb      9.1% UCLUST 11 seqs EE<0.30, 0 centroids, 0 members    00:09 44Mb    100.0% UCLUST 11 seqs EE<0.30, 1 centroids, 9 members
00:09 44Mb    100.0% Make cluster MFAs                             
1 clusters pass 1                     
1 clusters pass 2
00:09 44Mb   
00:09 44Mb   Align cluster 1 / 1 (11 seqs)
00:09 44Mb   
00:09 111Mb     1.8% Calc posteriors00:09 312Mb   100.0% Calc posteriors
00:09 312Mb     1.8% Consistency (1/2)00:09 313Mb   100.0% Consistency (1/2)
00:09 313Mb     1.8% Consistency (2/2)00:09 313Mb   100.0% Consistency (2/2)
00:09 313Mb    10.0% UPGMA5           00:09 313Mb   100.0% UPGMA5
00:09 313Mb     1.0% Refining00:09 313Mb   100.0% Refining
00:09 313Mb   100.0% Consensus sequences
Inserting 955 dupes... done.            



   --------------------------------------------------------------------------   
	    Aligning and cleaning gene [0;32mIPT[0m; Number 35 of 119.
   --------------------------------------------------------------------------   

muscle 5.1.linux64 []  3.9Gb RAM, 8 cores
Built May 16 2023 07:53:40
(C) Copyright 2004-2021 Robert C. Edgar.
https://drive5.com

Input: 1304 seqs, length avg 316 max 333

00:00 9.2Mb   0.077% Derep 0 uniques, 0 dupes00:00 9.2Mb   100.0% Derep 349 uniques, 954 dupes
00:00 9.3Mb    0.29% UCLUST 349 seqs EE<0.01, 0 centroids, 0 members00:00 9.3Mb  CPU has 8 cores, running 5 threads                     
00:01 9.6Mb     7.7% UCLUST 349 seqs EE<0.01, 6 centroids, 20 members00:02 9.6Mb    20.9% UCLUST 349 seqs EE<0.01, 6 centroids, 66 members00:03 9.6Mb    26.6% UCLUST 349 seqs EE<0.01, 6 centroids, 86 members00:04 9.6Mb    33.2% UCLUST 349 seqs EE<0.01, 6 centroids, 109 members00:05 9.6Mb    40.4% UCLUST 349 seqs EE<0.01, 6 centroids, 134 members00:06 9.6Mb    48.1% UCLUST 349 seqs EE<0.01, 6 centroids, 161 members00:07 9.5Mb    61.6% UCLUST 349 seqs EE<0.01, 8 centroids, 206 members00:08 9.7Mb    69.1% UCLUST 349 seqs EE<0.01, 9 centroids, 231 members00:09 9.6Mb    91.7% UCLUST 349 seqs EE<0.01, 9 centroids, 310 members00:09 14Mb    100.0% UCLUST 349 seqs EE<0.01, 10 centroids, 338 members
00:09 14Mb     10.0% UCLUST 10 seqs EE<0.30, 0 centroids, 0 members    00:09 44Mb    100.0% UCLUST 10 seqs EE<0.30, 1 centroids, 8 members
00:09 44Mb    100.0% Make cluster MFAs                             
1 clusters pass 1                     
1 clusters pass 2
00:09 44Mb   
00:09 44Mb   Align cluster 1 / 1 (10 seqs)
00:09 44Mb   
00:09 111Mb     2.2% Calc posteriors00:09 312Mb   100.0% Calc posteriors
00:09 312Mb     2.2% Consistency (1/2)00:09 312Mb   100.0% Consistency (1/2)
00:09 312Mb     2.2% Consistency (2/2)00:09 313Mb   100.0% Consistency (2/2)
00:09 313Mb    11.1% UPGMA5           00:09 313Mb   100.0% UPGMA5
00:09 313Mb     1.0% Refining00:10 313Mb    33.0% Refining00:10 313Mb   100.0% Refining
00:10 313Mb   100.0% Consensus sequences
Inserting 955 dupes... done.            



   --------------------------------------------------------------------------   
	    Aligning and cleaning gene [0;32mIreB[0m; Number 36 of 119.
   --------------------------------------------------------------------------   

muscle 5.1.linux64 []  3.9Gb RAM, 8 cores
Built May 16 2023 07:53:40
(C) Copyright 2004-2021 Robert C. Edgar.
https://drive5.com

Input: 1310 seqs, length avg 88 max 89

00:00 8.7Mb   0.076% Derep 0 uniques, 0 dupes00:00 8.7Mb   100.0% Derep 42 uniques, 1267 dupes
00:00 8.8Mb     2.4% UCLUST 42 seqs EE<0.01, 0 centroids, 0 members00:00 8.8Mb  CPU has 8 cores, running 5 threads                    
00:00 8.9Mb   100.0% UCLUST 42 seqs EE<0.01, 2 centroids, 39 members
00:00 9.1Mb    50.0% UCLUST 2 seqs EE<0.30, 0 centroids, 0 members  00:00 9.1Mb   100.0% UCLUST 2 seqs EE<0.30, 1 centroids, 0 members
00:00 43Mb    100.0% Make cluster MFAs                            
1 clusters pass 1                     
1 clusters pass 2
00:00 43Mb   
00:00 43Mb   Align cluster 1 / 1 (2 seqs)
00:00 43Mb   
00:00 43Mb    100.0% Calc posteriors
00:00 43Mb    100.0% UPGMA5         
00:00 43Mb    100.0% Consensus sequences
Inserting 1268 dupes... done.           



   --------------------------------------------------------------------------   
	    Aligning and cleaning gene [0;32mMethyltrans_RNA[0m; Number 37 of 119.
   --------------------------------------------------------------------------   

muscle 5.1.linux64 []  3.9Gb RAM, 8 cores
Built May 16 2023 07:53:40
(C) Copyright 2004-2021 Robert C. Edgar.
https://drive5.com

Input: 1308 seqs, length avg 253 max 256

00:00 9.0Mb   0.076% Derep 0 uniques, 0 dupes00:00 9.0Mb   100.0% Derep 295 uniques, 1012 dupes
00:00 9.2Mb    0.34% UCLUST 296 seqs EE<0.01, 0 centroids, 0 members00:00 9.2Mb  CPU has 8 cores, running 5 threads                     
00:01 9.4Mb    15.9% UCLUST 296 seqs EE<0.01, 1 centroids, 45 members00:02 9.4Mb    52.7% UCLUST 296 seqs EE<0.01, 1 centroids, 154 members00:03 9.5Mb    89.2% UCLUST 296 seqs EE<0.01, 5 centroids, 258 members00:04 9.5Mb   100.0% UCLUST 296 seqs EE<0.01, 7 centroids, 288 members
00:04 9.7Mb    14.3% UCLUST 7 seqs EE<0.30, 0 centroids, 0 members    00:04 43Mb    100.0% UCLUST 7 seqs EE<0.30, 1 centroids, 5 members
00:04 43Mb    100.0% Make cluster MFAs                            
1 clusters pass 1                     
1 clusters pass 2
00:04 43Mb   
00:04 43Mb   Align cluster 1 / 1 (7 seqs)
00:04 43Mb   
00:04 110Mb     4.8% Calc posteriors00:04 312Mb   100.0% Calc posteriors
00:04 312Mb     4.8% Consistency (1/2)00:04 312Mb   100.0% Consistency (1/2)
00:04 312Mb     4.8% Consistency (2/2)00:04 312Mb   100.0% Consistency (2/2)
00:04 312Mb    16.7% UPGMA5           00:04 312Mb   100.0% UPGMA5
00:04 312Mb     1.0% Refining00:04 313Mb   100.0% Refining
00:04 313Mb   100.0% Consensus sequences
Inserting 1012 dupes... done.           



   --------------------------------------------------------------------------   
	    Aligning and cleaning gene [0;32mMnmE_helical[0m; Number 38 of 119.
   --------------------------------------------------------------------------   

muscle 5.1.linux64 []  3.9Gb RAM, 8 cores
Built May 16 2023 07:53:40
(C) Copyright 2004-2021 Robert C. Edgar.
https://drive5.com

Input: 1309 seqs, length avg 459 max 462

00:00 9.2Mb   0.076% Derep 0 uniques, 0 dupes00:00 9.2Mb   100.0% Derep 280 uniques, 1028 dupes
00:00 9.3Mb    0.36% UCLUST 280 seqs EE<0.01, 0 centroids, 0 members00:00 9.3Mb  CPU has 8 cores, running 5 threads                     
00:01 9.7Mb    11.1% UCLUST 280 seqs EE<0.01, 1 centroids, 29 members00:02 9.7Mb    23.9% UCLUST 280 seqs EE<0.01, 1 centroids, 65 members00:03 9.7Mb    36.4% UCLUST 280 seqs EE<0.01, 1 centroids, 100 members00:04 9.7Mb    49.3% UCLUST 280 seqs EE<0.01, 1 centroids, 136 members00:05 9.7Mb    62.1% UCLUST 280 seqs EE<0.01, 1 centroids, 172 members00:06 9.7Mb    75.7% UCLUST 280 seqs EE<0.01, 2 centroids, 209 members00:07 10.0Mb   90.4% UCLUST 280 seqs EE<0.01, 2 centroids, 250 members00:07 10.0Mb  100.0% UCLUST 280 seqs EE<0.01, 2 centroids, 277 members
00:07 10.0Mb   50.0% UCLUST 2 seqs EE<0.30, 0 centroids, 0 members    00:07 10.0Mb  100.0% UCLUST 2 seqs EE<0.30, 1 centroids, 0 members
00:07 44Mb    100.0% Make cluster MFAs                            
1 clusters pass 1                     
1 clusters pass 2
00:07 44Mb   
00:07 44Mb   Align cluster 1 / 1 (2 seqs)
00:07 44Mb   
00:07 44Mb    100.0% Calc posteriors
00:07 44Mb    100.0% UPGMA5         
00:07 45Mb    100.0% Consensus sequences
Inserting 1029 dupes... done.           



   --------------------------------------------------------------------------   
	    Aligning and cleaning gene [0;32mMreC[0m; Number 39 of 119.
   --------------------------------------------------------------------------   

muscle 5.1.linux64 []  3.9Gb RAM, 8 cores
Built May 16 2023 07:53:40
(C) Copyright 2004-2021 Robert C. Edgar.
https://drive5.com

Input: 1214 seqs, length avg 288 max 310

00:00 9.1Mb   0.082% Derep 0 uniques, 0 dupes00:00 9.1Mb   100.0% Derep 154 uniques, 1059 dupes
00:00 9.3Mb    0.65% UCLUST 154 seqs EE<0.01, 0 centroids, 0 members00:00 9.3Mb  CPU has 8 cores, running 5 threads                     
00:01 9.5Mb    24.0% UCLUST 154 seqs EE<0.01, 10 centroids, 26 members00:02 13Mb     54.5% UCLUST 154 seqs EE<0.01, 16 centroids, 67 members00:02 13Mb    100.0% UCLUST 154 seqs EE<0.01, 17 centroids, 136 members
00:02 13Mb      5.9% UCLUST 17 seqs EE<0.30, 0 centroids, 0 members    00:02 43Mb    100.0% UCLUST 17 seqs EE<0.30, 1 centroids, 15 members
00:02 43Mb    100.0% Make cluster MFAs                              
1 clusters pass 1                     
1 clusters pass 2
00:02 43Mb   
00:02 43Mb   Align cluster 1 / 1 (17 seqs)
00:02 43Mb   
00:02 110Mb    0.74% Calc posteriors00:03 315Mb    43.4% Calc posteriors00:03 312Mb   100.0% Calc posteriors
00:03 312Mb    0.74% Consistency (1/2)00:03 313Mb   100.0% Consistency (1/2)
00:03 313Mb    0.74% Consistency (2/2)00:03 313Mb   100.0% Consistency (2/2)
00:03 313Mb     6.2% UPGMA5           00:03 313Mb   100.0% UPGMA5
00:03 313Mb     1.0% Refining00:03 314Mb   100.0% Refining
00:03 314Mb   100.0% Consensus sequences
Inserting 1060 dupes... done.           



   --------------------------------------------------------------------------   
	    Aligning and cleaning gene [0;32mNifU_N[0m; Number 40 of 119.
   --------------------------------------------------------------------------   

muscle 5.1.linux64 []  3.9Gb RAM, 8 cores
Built May 16 2023 07:53:40
(C) Copyright 2004-2021 Robert C. Edgar.
https://drive5.com

Input: 1266 seqs, length avg 145 max 149

00:00 8.8Mb   0.079% Derep 0 uniques, 0 dupes00:00 8.8Mb   100.0% Derep 84 uniques, 1181 dupes
00:00 9.0Mb     1.2% UCLUST 84 seqs EE<0.01, 0 centroids, 0 members00:00 9.0Mb  CPU has 8 cores, running 5 threads                    
00:01 9.2Mb    92.9% UCLUST 84 seqs EE<0.01, 8 centroids, 69 members00:01 9.2Mb   100.0% UCLUST 84 seqs EE<0.01, 8 centroids, 75 members
00:01 9.4Mb    12.5% UCLUST 8 seqs EE<0.30, 0 centroids, 0 members  00:01 43Mb    100.0% UCLUST 8 seqs EE<0.30, 1 centroids, 6 members
00:01 43Mb    100.0% Make cluster MFAs                            
1 clusters pass 1                     
1 clusters pass 2
00:01 43Mb   
00:01 43Mb   Align cluster 1 / 1 (8 seqs)
00:01 43Mb   
00:01 43Mb      3.6% Calc posteriors00:01 311Mb   100.0% Calc posteriors
00:01 311Mb     3.6% Consistency (1/2)00:01 311Mb   100.0% Consistency (1/2)
00:01 311Mb     3.6% Consistency (2/2)00:01 312Mb   100.0% Consistency (2/2)
00:01 312Mb    14.3% UPGMA5           00:01 312Mb   100.0% UPGMA5
00:01 312Mb     1.0% Refining00:01 312Mb   100.0% Refining
00:01 312Mb   100.0% Consensus sequences
Inserting 1182 dupes... done.           



   --------------------------------------------------------------------------   
	    Aligning and cleaning gene [0;32mNusG[0m; Number 41 of 119.
   --------------------------------------------------------------------------   

muscle 5.1.linux64 []  3.9Gb RAM, 8 cores
Built May 16 2023 07:53:40
(C) Copyright 2004-2021 Robert C. Edgar.
https://drive5.com

Input: 930 seqs, length avg 177 max 178

00:00 8.6Mb    0.11% Derep 0 uniques, 0 dupes00:00 8.6Mb   100.0% Derep 49 uniques, 880 dupes
00:00 8.8Mb     2.0% UCLUST 49 seqs EE<0.01, 0 centroids, 0 members00:00 8.8Mb  CPU has 8 cores, running 5 threads                    
00:00 9.0Mb   100.0% UCLUST 49 seqs EE<0.01, 1 centroids, 47 members
00:00 9.2Mb   100.0% UCLUST 1 seqs EE<0.30, 0 centroids, 0 members  
00:00 9.2Mb   100.0% Make cluster MFAs                            
1 clusters pass 1                     
1 clusters pass 2
00:00 9.2Mb  Align cluster 1 / 1 (1 seq)
00:00 9.2Mb   100.0% Consensus sequences
Inserting 881 dupes... done.            



   --------------------------------------------------------------------------   
	    Aligning and cleaning gene [0;32mOSCP[0m; Number 42 of 119.
   --------------------------------------------------------------------------   

muscle 5.1.linux64 []  3.9Gb RAM, 8 cores
Built May 16 2023 07:53:40
(C) Copyright 2004-2021 Robert C. Edgar.
https://drive5.com

Input: 1307 seqs, length avg 181 max 184

00:00 8.8Mb   0.077% Derep 0 uniques, 0 dupes00:00 8.8Mb   100.0% Derep 156 uniques, 1150 dupes
00:00 9.0Mb    0.64% UCLUST 156 seqs EE<0.01, 0 centroids, 0 members00:00 9.0Mb  CPU has 8 cores, running 5 threads                     
00:00 9.2Mb   100.0% UCLUST 156 seqs EE<0.01, 3 centroids, 152 members
00:00 9.4Mb    33.3% UCLUST 3 seqs EE<0.30, 0 centroids, 0 members    00:00 43Mb    100.0% UCLUST 3 seqs EE<0.30, 1 centroids, 1 members
00:00 43Mb    100.0% Make cluster MFAs                            
1 clusters pass 1                     
1 clusters pass 2
00:00 43Mb   
00:00 43Mb   Align cluster 1 / 1 (3 seqs)
00:00 43Mb   
00:00 110Mb    33.3% Calc posteriors00:00 110Mb   100.0% Calc posteriors
00:00 177Mb    33.3% Consistency (1/2)00:00 177Mb   100.0% Consistency (1/2)
00:00 177Mb    33.3% Consistency (2/2)00:00 177Mb   100.0% Consistency (2/2)
00:00 177Mb    50.0% UPGMA5           00:00 177Mb   100.0% UPGMA5
00:00 177Mb     1.0% Refining00:00 177Mb   100.0% Refining
00:00 177Mb   100.0% Consensus sequences
Inserting 1151 dupes... done.           



   --------------------------------------------------------------------------   
	    Aligning and cleaning gene [0;32mPGI[0m; Number 43 of 119.
   --------------------------------------------------------------------------   

muscle 5.1.linux64 []  3.9Gb RAM, 8 cores
Built May 16 2023 07:53:40
(C) Copyright 2004-2021 Robert C. Edgar.
https://drive5.com

Input: 1283 seqs, length avg 450 max 453

00:00 9.2Mb   0.078% Derep 0 uniques, 0 dupes00:00 9.2Mb   100.0% Derep 209 uniques, 1073 dupes
00:00 9.4Mb    0.48% UCLUST 210 seqs EE<0.01, 0 centroids, 0 members00:00 9.4Mb  CPU has 8 cores, running 5 threads                     
00:01 9.6Mb     1.9% UCLUST 210 seqs EE<0.01, 1 centroids, 2 members00:02 9.8Mb    24.3% UCLUST 210 seqs EE<0.01, 2 centroids, 48 members00:03 9.8Mb    46.7% UCLUST 210 seqs EE<0.01, 3 centroids, 94 members00:04 9.8Mb    70.0% UCLUST 210 seqs EE<0.01, 3 centroids, 143 members00:05 9.8Mb    91.9% UCLUST 210 seqs EE<0.01, 3 centroids, 189 members00:05 9.8Mb   100.0% UCLUST 210 seqs EE<0.01, 3 centroids, 206 members
00:05 9.8Mb    33.3% UCLUST 3 seqs EE<0.30, 0 centroids, 0 members    00:05 44Mb    100.0% UCLUST 3 seqs EE<0.30, 1 centroids, 1 members
00:05 44Mb    100.0% Make cluster MFAs                            
1 clusters pass 1                     
1 clusters pass 2
00:05 44Mb   
00:05 44Mb   Align cluster 1 / 1 (3 seqs)
00:05 44Mb   
00:05 111Mb    33.3% Calc posteriors00:05 178Mb   100.0% Calc posteriors
00:05 178Mb    33.3% Consistency (1/2)00:05 179Mb   100.0% Consistency (1/2)
00:05 179Mb    33.3% Consistency (2/2)00:05 179Mb   100.0% Consistency (2/2)
00:05 179Mb    50.0% UPGMA5           00:05 179Mb   100.0% UPGMA5
00:05 179Mb     1.0% Refining00:05 179Mb   100.0% Refining
00:05 179Mb   100.0% Consensus sequences
Inserting 1073 dupes... done.           



   --------------------------------------------------------------------------   
	    Aligning and cleaning gene [0;32mPGK[0m; Number 44 of 119.
   --------------------------------------------------------------------------   

muscle 5.1.linux64 []  3.9Gb RAM, 8 cores
Built May 16 2023 07:53:40
(C) Copyright 2004-2021 Robert C. Edgar.
https://drive5.com

Input: 1307 seqs, length avg 394 max 395

00:01 9.2Mb   0.077% Derep 0 uniques, 0 dupes00:01 9.2Mb   100.0% Derep 213 uniques, 1093 dupes
00:01 9.3Mb    0.47% UCLUST 213 seqs EE<0.01, 0 centroids, 0 members00:01 9.3Mb  CPU has 8 cores, running 5 threads                     
00:02 9.6Mb    24.9% UCLUST 213 seqs EE<0.01, 1 centroids, 51 members00:03 9.6Mb    49.8% UCLUST 213 seqs EE<0.01, 1 centroids, 104 members00:04 9.7Mb    73.7% UCLUST 213 seqs EE<0.01, 1 centroids, 155 members00:05 9.7Mb    99.5% UCLUST 213 seqs EE<0.01, 1 centroids, 210 members00:05 9.7Mb   100.0% UCLUST 213 seqs EE<0.01, 1 centroids, 211 members
00:05 9.9Mb   100.0% UCLUST 1 seqs EE<0.30, 0 centroids, 0 members    
00:05 9.9Mb   100.0% Make cluster MFAs                            
1 clusters pass 1                     
1 clusters pass 2
00:05 9.9Mb  Align cluster 1 / 1 (1 seq)
00:05 9.9Mb   100.0% Consensus sequences
Inserting 1094 dupes... done.           



   --------------------------------------------------------------------------   
	    Aligning and cleaning gene [0;32mPept_tRNA_hydro[0m; Number 45 of 119.
   --------------------------------------------------------------------------   

muscle 5.1.linux64 []  3.9Gb RAM, 8 cores
Built May 16 2023 07:53:40
(C) Copyright 2004-2021 Robert C. Edgar.
https://drive5.com

Input: 1297 seqs, length avg 187 max 188

00:00 8.8Mb   0.077% Derep 0 uniques, 0 dupes00:00 8.8Mb   100.0% Derep 185 uniques, 1111 dupes
00:00 9.0Mb    0.54% UCLUST 185 seqs EE<0.01, 0 centroids, 0 members00:00 9.0Mb  CPU has 8 cores, running 5 threads                     
00:01 9.1Mb    62.2% UCLUST 185 seqs EE<0.01, 1 centroids, 113 members00:02 9.1Mb    70.8% UCLUST 185 seqs EE<0.01, 1 centroids, 129 members00:03 9.2Mb    99.5% UCLUST 185 seqs EE<0.01, 1 centroids, 182 members00:03 9.2Mb   100.0% UCLUST 185 seqs EE<0.01, 1 centroids, 183 members
00:03 9.4Mb   100.0% UCLUST 1 seqs EE<0.30, 0 centroids, 0 members    
00:03 9.4Mb   100.0% Make cluster MFAs                            
1 clusters pass 1                     
1 clusters pass 2
00:03 9.4Mb  Align cluster 1 / 1 (1 seq)
00:03 9.4Mb   100.0% Consensus sequences
Inserting 1112 dupes... done.           



   --------------------------------------------------------------------------   
	    Aligning and cleaning gene [0;32mPeptidase_A8[0m; Number 46 of 119.
   --------------------------------------------------------------------------   

muscle 5.1.linux64 []  3.9Gb RAM, 8 cores
Built May 16 2023 07:53:40
(C) Copyright 2004-2021 Robert C. Edgar.
https://drive5.com

Input: 1299 seqs, length avg 154 max 179

00:00 8.8Mb   0.077% Derep 0 uniques, 0 dupes00:00 8.8Mb   100.0% Derep 119 uniques, 1179 dupes
00:00 9.0Mb    0.84% UCLUST 119 seqs EE<0.01, 0 centroids, 0 members00:00 9.0Mb  CPU has 8 cores, running 5 threads                     
00:01 10Mb     68.9% UCLUST 119 seqs EE<0.01, 7 centroids, 74 members00:01 10Mb    100.0% UCLUST 119 seqs EE<0.01, 7 centroids, 111 members
00:01 10Mb     14.3% UCLUST 7 seqs EE<0.30, 0 centroids, 0 members    00:01 44Mb    100.0% UCLUST 7 seqs EE<0.30, 1 centroids, 5 members
00:01 44Mb    100.0% Make cluster MFAs                            
1 clusters pass 1                     
1 clusters pass 2
00:01 44Mb   
00:01 44Mb   Align cluster 1 / 1 (7 seqs)
00:01 44Mb   
00:01 44Mb      4.8% Calc posteriors00:01 311Mb   100.0% Calc posteriors
00:01 313Mb     4.8% Consistency (1/2)00:01 313Mb   100.0% Consistency (1/2)
00:01 313Mb     4.8% Consistency (2/2)00:01 313Mb   100.0% Consistency (2/2)
00:01 313Mb    16.7% UPGMA5           00:01 313Mb   100.0% UPGMA5
00:01 313Mb     1.0% Refining00:01 313Mb   100.0% Refining
00:01 313Mb   100.0% Consensus sequences
Inserting 1180 dupes... done.           



   --------------------------------------------------------------------------   
	    Aligning and cleaning gene [0;32mPrenyltransf[0m; Number 47 of 119.
   --------------------------------------------------------------------------   

muscle 5.1.linux64 []  3.9Gb RAM, 8 cores
Built May 16 2023 07:53:40
(C) Copyright 2004-2021 Robert C. Edgar.
https://drive5.com

Input: 1301 seqs, length avg 259 max 265

00:00 9.2Mb   0.077% Derep 0 uniques, 0 dupes00:00 9.2Mb   100.0% Derep 154 uniques, 1146 dupes
00:00 9.3Mb    0.65% UCLUST 154 seqs EE<0.01, 0 centroids, 0 members00:00 9.3Mb  CPU has 8 cores, running 5 threads                     
00:01 9.5Mb    18.8% UCLUST 154 seqs EE<0.01, 2 centroids, 26 members00:02 9.6Mb    50.0% UCLUST 154 seqs EE<0.01, 4 centroids, 72 members00:03 9.6Mb    70.1% UCLUST 154 seqs EE<0.01, 6 centroids, 101 members00:03 9.6Mb   100.0% UCLUST 154 seqs EE<0.01, 7 centroids, 146 members
00:03 9.8Mb    14.3% UCLUST 7 seqs EE<0.30, 0 centroids, 0 members    00:04 43Mb     85.7% UCLUST 7 seqs EE<0.30, 1 centroids, 4 members00:04 43Mb    100.0% UCLUST 7 seqs EE<0.30, 1 centroids, 5 members
00:04 43Mb    100.0% Make cluster MFAs                            
1 clusters pass 1                     
1 clusters pass 2
00:04 43Mb   
00:04 43Mb   Align cluster 1 / 1 (7 seqs)
00:04 43Mb   
00:04 43Mb      4.8% Calc posteriors00:04 312Mb   100.0% Calc posteriors
00:04 312Mb     4.8% Consistency (1/2)00:04 312Mb   100.0% Consistency (1/2)
00:04 312Mb     4.8% Consistency (2/2)00:04 312Mb   100.0% Consistency (2/2)
00:04 312Mb    16.7% UPGMA5           00:04 312Mb   100.0% UPGMA5
00:04 312Mb     1.0% Refining00:04 313Mb   100.0% Refining
00:04 313Mb   100.0% Consensus sequences
Inserting 1147 dupes... done.           



   --------------------------------------------------------------------------   
	    Aligning and cleaning gene [0;32mQueuosine_synth[0m; Number 48 of 119.
   --------------------------------------------------------------------------   

muscle 5.1.linux64 []  3.9Gb RAM, 8 cores
Built May 16 2023 07:53:40
(C) Copyright 2004-2021 Robert C. Edgar.
https://drive5.com

Input: 1297 seqs, length avg 345 max 351

00:00 9.1Mb   0.077% Derep 0 uniques, 0 dupes00:00 9.1Mb   100.0% Derep 250 uniques, 1046 dupes
00:00 9.3Mb     0.4% UCLUST 250 seqs EE<0.01, 0 centroids, 0 members00:00 9.3Mb  CPU has 8 cores, running 5 threads                     
00:01 9.6Mb    20.4% UCLUST 250 seqs EE<0.01, 1 centroids, 49 members00:02 9.6Mb    39.2% UCLUST 250 seqs EE<0.01, 1 centroids, 96 members00:03 9.6Mb    56.4% UCLUST 250 seqs EE<0.01, 2 centroids, 138 members00:04 9.6Mb    76.0% UCLUST 250 seqs EE<0.01, 2 centroids, 187 members00:05 9.7Mb    97.6% UCLUST 250 seqs EE<0.01, 2 centroids, 241 members00:05 9.7Mb   100.0% UCLUST 250 seqs EE<0.01, 2 centroids, 247 members
00:05 9.9Mb    50.0% UCLUST 2 seqs EE<0.30, 0 centroids, 0 members    00:05 9.9Mb   100.0% UCLUST 2 seqs EE<0.30, 1 centroids, 0 members
00:05 44Mb    100.0% Make cluster MFAs                            
1 clusters pass 1                     
1 clusters pass 2
00:05 44Mb   
00:05 44Mb   Align cluster 1 / 1 (2 seqs)
00:05 44Mb   
00:05 44Mb    100.0% Calc posteriors
00:05 44Mb    100.0% UPGMA5         
00:05 44Mb    100.0% Consensus sequences
Inserting 1047 dupes... done.           



   --------------------------------------------------------------------------   
	    Aligning and cleaning gene [0;32mRBFA[0m; Number 49 of 119.
   --------------------------------------------------------------------------   

muscle 5.1.linux64 []  3.9Gb RAM, 8 cores
Built May 16 2023 07:53:40
(C) Copyright 2004-2021 Robert C. Edgar.
https://drive5.com

Input: 1311 seqs, length avg 117 max 124

00:00 8.7Mb   0.076% Derep 0 uniques, 0 dupes00:00 8.7Mb   100.0% Derep 69 uniques, 1241 dupes
00:00 8.8Mb     1.4% UCLUST 69 seqs EE<0.01, 0 centroids, 0 members00:00 8.8Mb  CPU has 8 cores, running 5 threads                    
00:01 9.0Mb    56.5% UCLUST 69 seqs EE<0.01, 5 centroids, 33 members00:01 9.0Mb   100.0% UCLUST 69 seqs EE<0.01, 7 centroids, 61 members
00:01 9.2Mb    12.5% UCLUST 8 seqs EE<0.30, 0 centroids, 0 members  00:01 43Mb    100.0% UCLUST 8 seqs EE<0.30, 1 centroids, 6 members
00:01 43Mb    100.0% Make cluster MFAs                            
1 clusters pass 1                     
1 clusters pass 2
00:01 43Mb   
00:01 43Mb   Align cluster 1 / 1 (8 seqs)
00:01 43Mb   
00:01 43Mb      3.6% Calc posteriors00:01 312Mb   100.0% Calc posteriors
00:01 311Mb     3.6% Consistency (1/2)00:01 311Mb   100.0% Consistency (1/2)
00:01 311Mb     3.6% Consistency (2/2)00:01 311Mb   100.0% Consistency (2/2)
00:01 311Mb    14.3% UPGMA5           00:01 311Mb   100.0% UPGMA5
00:01 311Mb     1.0% Refining00:01 311Mb   100.0% Refining
00:01 311Mb   100.0% Consensus sequences
Inserting 1242 dupes... done.           



   --------------------------------------------------------------------------   
	    Aligning and cleaning gene [0;32mRNA_pol_L[0m; Number 50 of 119.
   --------------------------------------------------------------------------   

muscle 5.1.linux64 []  3.9Gb RAM, 8 cores
Built May 16 2023 07:53:40
(C) Copyright 2004-2021 Robert C. Edgar.
https://drive5.com

Input: 1294 seqs, length avg 314 max 314

00:00 9.2Mb   0.077% Derep 0 uniques, 0 dupes00:00 9.2Mb   100.0% Derep 52 uniques, 1241 dupes
00:00 9.4Mb     1.9% UCLUST 52 seqs EE<0.01, 0 centroids, 0 members00:00 9.4Mb  CPU has 8 cores, running 5 threads                    
00:00 9.5Mb   100.0% UCLUST 52 seqs EE<0.01, 1 centroids, 50 members
00:00 9.7Mb   100.0% UCLUST 1 seqs EE<0.30, 0 centroids, 0 members  
00:00 9.7Mb   100.0% Make cluster MFAs                            
1 clusters pass 1                     
1 clusters pass 2
00:00 9.7Mb  Align cluster 1 / 1 (1 seq)
00:00 9.7Mb   100.0% Consensus sequences
Inserting 1242 dupes... done.           



   --------------------------------------------------------------------------   
	    Aligning and cleaning gene [0;32mRNA_pol_Rpb6[0m; Number 51 of 119.
   --------------------------------------------------------------------------   

muscle 5.1.linux64 []  3.9Gb RAM, 8 cores
Built May 16 2023 07:53:40
(C) Copyright 2004-2021 Robert C. Edgar.
https://drive5.com

Input: 1309 seqs, length avg 68 max 77

00:00 8.7Mb   0.076% Derep 0 uniques, 0 dupes00:00 8.7Mb   100.0% Derep 79 uniques, 1229 dupes
00:00 8.8Mb     1.3% UCLUST 79 seqs EE<0.01, 0 centroids, 0 members00:00 8.8Mb  CPU has 8 cores, running 5 threads                    
00:00 8.9Mb   100.0% UCLUST 79 seqs EE<0.01, 14 centroids, 64 members
00:00 9.1Mb     7.1% UCLUST 14 seqs EE<0.30, 0 centroids, 0 members  00:00 43Mb    100.0% UCLUST 14 seqs EE<0.30, 1 centroids, 12 members
00:00 43Mb    100.0% Make cluster MFAs                              
1 clusters pass 1                     
1 clusters pass 2
00:00 43Mb   
00:00 43Mb   Align cluster 1 / 1 (14 seqs)
00:00 43Mb   
00:00 43Mb      1.1% Calc posteriors00:00 311Mb   100.0% Calc posteriors
00:00 311Mb     1.1% Consistency (1/2)00:00 311Mb   100.0% Consistency (1/2)
00:00 311Mb     1.1% Consistency (2/2)00:00 311Mb   100.0% Consistency (2/2)
00:00 311Mb     7.7% UPGMA5           00:00 311Mb   100.0% UPGMA5
00:00 311Mb     1.0% Refining00:00 311Mb   100.0% Refining
00:00 311Mb   100.0% Consensus sequences
Inserting 1230 dupes... done.           



   --------------------------------------------------------------------------   
	    Aligning and cleaning gene [0;32mRRF[0m; Number 52 of 119.
   --------------------------------------------------------------------------   

muscle 5.1.linux64 []  3.9Gb RAM, 8 cores
Built May 16 2023 07:53:40
(C) Copyright 2004-2021 Robert C. Edgar.
https://drive5.com

Input: 1308 seqs, length avg 185 max 185

00:00 8.7Mb   0.076% Derep 0 uniques, 0 dupes00:00 8.7Mb   100.0% Derep 93 uniques, 1214 dupes
00:00 9.1Mb     1.1% UCLUST 93 seqs EE<0.01, 0 centroids, 0 members00:00 9.1Mb  CPU has 8 cores, running 5 threads                    
00:00 9.1Mb   100.0% UCLUST 93 seqs EE<0.01, 1 centroids, 91 members
00:00 9.4Mb   100.0% UCLUST 1 seqs EE<0.30, 0 centroids, 0 members  
00:00 9.4Mb   100.0% Make cluster MFAs                            
1 clusters pass 1                     
1 clusters pass 2
00:00 9.4Mb  Align cluster 1 / 1 (1 seq)
00:00 9.4Mb   100.0% Consensus sequences
Inserting 1215 dupes... done.           



   --------------------------------------------------------------------------   
	    Aligning and cleaning gene [0;32mRecO_C[0m; Number 53 of 119.
   --------------------------------------------------------------------------   

muscle 5.1.linux64 []  3.9Gb RAM, 8 cores
Built May 16 2023 07:53:40
(C) Copyright 2004-2021 Robert C. Edgar.
https://drive5.com

Input: 1304 seqs, length avg 252 max 261

00:00 8.9Mb   0.077% Derep 0 uniques, 0 dupes00:00 8.9Mb   100.0% Derep 190 uniques, 1113 dupes
00:00 9.1Mb    0.53% UCLUST 190 seqs EE<0.01, 0 centroids, 0 members00:00 9.1Mb  CPU has 8 cores, running 5 threads                     
00:01 9.2Mb     9.5% UCLUST 190 seqs EE<0.01, 2 centroids, 15 members00:02 9.3Mb    66.3% UCLUST 190 seqs EE<0.01, 3 centroids, 122 members00:02 9.3Mb   100.0% UCLUST 190 seqs EE<0.01, 4 centroids, 185 members
00:02 12Mb     25.0% UCLUST 4 seqs EE<0.30, 0 centroids, 0 members    00:02 43Mb    100.0% UCLUST 4 seqs EE<0.30, 1 centroids, 2 members
00:02 43Mb    100.0% Make cluster MFAs                            
1 clusters pass 1                     
1 clusters pass 2
00:02 43Mb   
00:02 43Mb   Align cluster 1 / 1 (4 seqs)
00:02 43Mb   
00:02 110Mb    16.7% Calc posteriors00:02 312Mb   100.0% Calc posteriors
00:02 312Mb    16.7% Consistency (1/2)00:02 312Mb   100.0% Consistency (1/2)
00:02 312Mb    16.7% Consistency (2/2)00:02 312Mb   100.0% Consistency (2/2)
00:02 312Mb    33.3% UPGMA5           00:02 312Mb   100.0% UPGMA5
00:02 312Mb     1.0% Refining00:02 312Mb   100.0% Refining
00:02 312Mb   100.0% Consensus sequences
Inserting 1114 dupes... done.           



   --------------------------------------------------------------------------   
	    Aligning and cleaning gene [0;32mRecX[0m; Number 54 of 119.
   --------------------------------------------------------------------------   

muscle 5.1.linux64 []  3.9Gb RAM, 8 cores
Built May 16 2023 07:53:40
(C) Copyright 2004-2021 Robert C. Edgar.
https://drive5.com

Input: 1308 seqs, length avg 266 max 279

00:00 9.2Mb   0.076% Derep 0 uniques, 0 dupes00:00 9.2Mb   100.0% Derep 276 uniques, 1031 dupes
00:00 9.3Mb    0.36% UCLUST 276 seqs EE<0.01, 0 centroids, 0 members00:00 9.3Mb  CPU has 8 cores, running 5 threads                     
00:01 9.6Mb     2.9% UCLUST 276 seqs EE<0.01, 4 centroids, 3 members00:02 9.6Mb    27.9% UCLUST 276 seqs EE<0.01, 6 centroids, 70 members00:03 9.6Mb    45.7% UCLUST 276 seqs EE<0.01, 9 centroids, 116 members00:04 9.6Mb    63.8% UCLUST 276 seqs EE<0.01, 10 centroids, 165 members00:06 9.6Mb    81.9% UCLUST 276 seqs EE<0.01, 10 centroids, 215 members00:07 9.6Mb    92.0% UCLUST 276 seqs EE<0.01, 10 centroids, 243 members00:07 9.7Mb   100.0% UCLUST 276 seqs EE<0.01, 10 centroids, 265 members
00:07 9.9Mb    10.0% UCLUST 10 seqs EE<0.30, 0 centroids, 0 members    00:07 44Mb    100.0% UCLUST 10 seqs EE<0.30, 1 centroids, 8 members
00:07 44Mb    100.0% Make cluster MFAs                             
1 clusters pass 1                     
1 clusters pass 2
00:07 44Mb   
00:07 44Mb   Align cluster 1 / 1 (10 seqs)
00:07 44Mb   
00:07 44Mb      2.2% Calc posteriors00:07 312Mb   100.0% Calc posteriors
00:07 312Mb     2.2% Consistency (1/2)00:07 312Mb   100.0% Consistency (1/2)
00:07 312Mb     2.2% Consistency (2/2)00:07 313Mb   100.0% Consistency (2/2)
00:07 313Mb    11.1% UPGMA5           00:07 313Mb   100.0% UPGMA5
00:07 313Mb     1.0% Refining00:07 313Mb   100.0% Refining
00:07 313Mb   100.0% Consensus sequences
Inserting 1032 dupes... done.           



   --------------------------------------------------------------------------   
	    Aligning and cleaning gene [0;32mRibonuclease_P[0m; Number 55 of 119.
   --------------------------------------------------------------------------   

muscle 5.1.linux64 []  3.9Gb RAM, 8 cores
Built May 16 2023 07:53:40
(C) Copyright 2004-2021 Robert C. Edgar.
https://drive5.com

Input: 1307 seqs, length avg 116 max 126

00:00 8.7Mb   0.077% Derep 0 uniques, 0 dupes00:00 8.7Mb   100.0% Derep 131 uniques, 1175 dupes
00:00 8.8Mb    0.76% UCLUST 131 seqs EE<0.01, 0 centroids, 0 members00:00 8.8Mb  CPU has 8 cores, running 5 threads                     
00:00 9.0Mb   100.0% UCLUST 131 seqs EE<0.01, 17 centroids, 113 members
00:00 9.2Mb     5.9% UCLUST 17 seqs EE<0.30, 0 centroids, 0 members    00:00 43Mb    100.0% UCLUST 17 seqs EE<0.30, 1 centroids, 15 members
00:00 43Mb    100.0% Make cluster MFAs                              
1 clusters pass 1                     
1 clusters pass 2
00:00 43Mb   
00:00 43Mb   Align cluster 1 / 1 (17 seqs)
00:00 43Mb   
00:00 110Mb    0.74% Calc posteriors00:00 311Mb   100.0% Calc posteriors
00:00 311Mb    0.74% Consistency (1/2)00:00 312Mb   100.0% Consistency (1/2)
00:00 312Mb    0.74% Consistency (2/2)00:00 312Mb   100.0% Consistency (2/2)
00:00 312Mb     6.2% UPGMA5           00:00 312Mb   100.0% UPGMA5
00:00 312Mb     1.0% Refining00:00 312Mb   100.0% Refining
00:00 312Mb   100.0% Consensus sequences
Inserting 1176 dupes... done.           



   --------------------------------------------------------------------------   
	    Aligning and cleaning gene [0;32mRibosom_S12_S23[0m; Number 56 of 119.
   --------------------------------------------------------------------------   

muscle 5.1.linux64 []  3.9Gb RAM, 8 cores
Built May 16 2023 07:53:40
(C) Copyright 2004-2021 Robert C. Edgar.
https://drive5.com

Input: 1306 seqs, length avg 139 max 140

00:00 8.8Mb   0.077% Derep 0 uniques, 0 dupes00:00 8.8Mb   100.0% Derep 40 uniques, 1265 dupes
00:00 9.0Mb     2.5% UCLUST 40 seqs EE<0.01, 0 centroids, 0 members00:00 9.0Mb  CPU has 8 cores, running 5 threads                    
00:00 9.1Mb   100.0% UCLUST 40 seqs EE<0.01, 1 centroids, 38 members
00:00 9.3Mb   100.0% UCLUST 1 seqs EE<0.30, 0 centroids, 0 members  
00:00 9.3Mb   100.0% Make cluster MFAs                            
1 clusters pass 1                     
1 clusters pass 2
00:00 9.3Mb  Align cluster 1 / 1 (1 seq)
00:00 9.3Mb   100.0% Consensus sequences
Inserting 1266 dupes... done.           



   --------------------------------------------------------------------------   
	    Aligning and cleaning gene [0;32mRibosomal_L1[0m; Number 57 of 119.
   --------------------------------------------------------------------------   

muscle 5.1.linux64 []  3.9Gb RAM, 8 cores
Built May 16 2023 07:53:40
(C) Copyright 2004-2021 Robert C. Edgar.
https://drive5.com

Input: 1308 seqs, length avg 231 max 233

00:00 8.7Mb   0.076% Derep 0 uniques, 0 dupes00:00 8.7Mb   100.0% Derep 92 uniques, 1215 dupes
00:00 9.1Mb     1.1% UCLUST 92 seqs EE<0.01, 0 centroids, 0 members00:00 9.1Mb  CPU has 8 cores, running 5 threads                    
00:01 9.1Mb    19.6% UCLUST 92 seqs EE<0.01, 1 centroids, 16 members00:01 9.2Mb   100.0% UCLUST 92 seqs EE<0.01, 1 centroids, 90 members
00:01 9.4Mb   100.0% UCLUST 1 seqs EE<0.30, 0 centroids, 0 members  
00:01 9.4Mb   100.0% Make cluster MFAs                            
1 clusters pass 1                     
1 clusters pass 2
00:01 9.4Mb  Align cluster 1 / 1 (1 seq)
00:01 9.4Mb   100.0% Consensus sequences
Inserting 1216 dupes... done.           



   --------------------------------------------------------------------------   
	    Aligning and cleaning gene [0;32mRibosomal_L13[0m; Number 58 of 119.
   --------------------------------------------------------------------------   

muscle 5.1.linux64 []  3.9Gb RAM, 8 cores
Built May 16 2023 07:53:40
(C) Copyright 2004-2021 Robert C. Edgar.
https://drive5.com

Input: 1306 seqs, length avg 145 max 145

00:00 8.8Mb   0.077% Derep 0 uniques, 0 dupes00:00 8.8Mb   100.0% Derep 43 uniques, 1262 dupes
00:00 9.0Mb     2.3% UCLUST 43 seqs EE<0.01, 0 centroids, 0 members00:00 9.0Mb  CPU has 8 cores, running 5 threads                    
00:00 9.2Mb   100.0% UCLUST 43 seqs EE<0.01, 1 centroids, 41 members
00:00 9.4Mb   100.0% UCLUST 1 seqs EE<0.30, 0 centroids, 0 members  
00:00 9.4Mb   100.0% Make cluster MFAs                            
1 clusters pass 1                     
1 clusters pass 2
00:00 9.4Mb  Align cluster 1 / 1 (1 seq)
00:00 9.4Mb   100.0% Consensus sequences
Inserting 1263 dupes... done.           



   --------------------------------------------------------------------------   
	    Aligning and cleaning gene [0;32mRibosomal_L14[0m; Number 59 of 119.
   --------------------------------------------------------------------------   

muscle 5.1.linux64 []  3.9Gb RAM, 8 cores
Built May 16 2023 07:53:40
(C) Copyright 2004-2021 Robert C. Edgar.
https://drive5.com

Input: 1308 seqs, length avg 122 max 122

00:00 8.7Mb   0.076% Derep 0 uniques, 0 dupes00:00 8.7Mb   100.0% Derep 50 uniques, 1257 dupes
00:00 8.8Mb     2.0% UCLUST 50 seqs EE<0.01, 0 centroids, 0 members00:00 8.8Mb  CPU has 8 cores, running 5 threads                    
00:01 9.0Mb    74.0% UCLUST 50 seqs EE<0.01, 1 centroids, 35 members00:01 9.0Mb   100.0% UCLUST 50 seqs EE<0.01, 1 centroids, 48 members
00:01 9.2Mb   100.0% UCLUST 1 seqs EE<0.30, 0 centroids, 0 members  
00:01 9.2Mb   100.0% Make cluster MFAs                            
1 clusters pass 1                     
1 clusters pass 2
00:01 9.2Mb  Align cluster 1 / 1 (1 seq)
00:01 9.2Mb   100.0% Consensus sequences
Inserting 1258 dupes... done.           



   --------------------------------------------------------------------------   
	    Aligning and cleaning gene [0;32mRibosomal_L16[0m; Number 60 of 119.
   --------------------------------------------------------------------------   

muscle 5.1.linux64 []  3.9Gb RAM, 8 cores
Built May 16 2023 07:53:40
(C) Copyright 2004-2021 Robert C. Edgar.
https://drive5.com

Input: 1308 seqs, length avg 144 max 144

00:00 8.7Mb   0.076% Derep 0 uniques, 0 dupes00:00 8.7Mb   100.0% Derep 46 uniques, 1261 dupes
00:00 9.1Mb     2.2% UCLUST 46 seqs EE<0.01, 0 centroids, 0 members00:00 9.1Mb  CPU has 8 cores, running 5 threads                    
00:01 9.2Mb    34.8% UCLUST 46 seqs EE<0.01, 1 centroids, 14 members00:01 9.2Mb   100.0% UCLUST 46 seqs EE<0.01, 1 centroids, 44 members
00:01 9.4Mb   100.0% UCLUST 1 seqs EE<0.30, 0 centroids, 0 members  
00:01 9.4Mb   100.0% Make cluster MFAs                            
1 clusters pass 1                     
1 clusters pass 2
00:01 9.4Mb  Align cluster 1 / 1 (1 seq)
00:01 9.4Mb   100.0% Consensus sequences
Inserting 1262 dupes... done.           



   --------------------------------------------------------------------------   
	    Aligning and cleaning gene [0;32mRibosomal_L17[0m; Number 61 of 119.
   --------------------------------------------------------------------------   

muscle 5.1.linux64 []  3.9Gb RAM, 8 cores
Built May 16 2023 07:53:40
(C) Copyright 2004-2021 Robert C. Edgar.
https://drive5.com

Input: 1309 seqs, length avg 120 max 131

00:00 8.7Mb   0.076% Derep 0 uniques, 0 dupes00:00 8.7Mb   100.0% Derep 42 uniques, 1266 dupes
00:00 8.8Mb     2.4% UCLUST 42 seqs EE<0.01, 0 centroids, 0 members00:00 8.8Mb  CPU has 8 cores, running 5 threads                    
00:00 9.0Mb   100.0% UCLUST 42 seqs EE<0.01, 2 centroids, 39 members
00:00 9.2Mb    50.0% UCLUST 2 seqs EE<0.30, 0 centroids, 0 members  00:00 9.2Mb   100.0% UCLUST 2 seqs EE<0.30, 1 centroids, 0 members
00:00 43Mb    100.0% Make cluster MFAs                            
1 clusters pass 1                     
1 clusters pass 2
00:00 43Mb   
00:00 43Mb   Align cluster 1 / 1 (2 seqs)
00:00 43Mb   
00:00 43Mb    100.0% Calc posteriors
00:00 43Mb    100.0% UPGMA5         
00:00 43Mb    100.0% Consensus sequences
Inserting 1267 dupes... done.           



   --------------------------------------------------------------------------   
	    Aligning and cleaning gene [0;32mRibosomal_L18p[0m; Number 62 of 119.
   --------------------------------------------------------------------------   

muscle 5.1.linux64 []  3.9Gb RAM, 8 cores
Built May 16 2023 07:53:40
(C) Copyright 2004-2021 Robert C. Edgar.
https://drive5.com

Input: 1310 seqs, length avg 120 max 120

00:00 8.7Mb   0.076% Derep 0 uniques, 0 dupes00:00 8.7Mb   100.0% Derep 63 uniques, 1246 dupes
00:00 8.8Mb     1.6% UCLUST 63 seqs EE<0.01, 0 centroids, 0 members00:00 8.8Mb  CPU has 8 cores, running 5 threads                    
00:00 9.0Mb   100.0% UCLUST 63 seqs EE<0.01, 1 centroids, 61 members
00:00 9.2Mb   100.0% UCLUST 1 seqs EE<0.30, 0 centroids, 0 members  
00:00 9.2Mb   100.0% Make cluster MFAs                            
1 clusters pass 1                     
1 clusters pass 2
00:00 9.2Mb  Align cluster 1 / 1 (1 seq)
00:00 9.2Mb   100.0% Consensus sequences
Inserting 1247 dupes... done.           



   --------------------------------------------------------------------------   
	    Aligning and cleaning gene [0;32mRibosomal_L19[0m; Number 63 of 119.
   --------------------------------------------------------------------------   

muscle 5.1.linux64 []  3.9Gb RAM, 8 cores
Built May 16 2023 07:53:40
(C) Copyright 2004-2021 Robert C. Edgar.
https://drive5.com

Input: 1310 seqs, length avg 115 max 115

00:00 8.7Mb   0.076% Derep 0 uniques, 0 dupes00:00 8.7Mb   100.0% Derep 47 uniques, 1262 dupes
00:00 8.8Mb     2.1% UCLUST 47 seqs EE<0.01, 0 centroids, 0 members00:00 8.8Mb  CPU has 8 cores, running 5 threads                    
00:00 9.0Mb   100.0% UCLUST 47 seqs EE<0.01, 1 centroids, 45 members
00:00 9.2Mb   100.0% UCLUST 1 seqs EE<0.30, 0 centroids, 0 members  
00:00 9.2Mb   100.0% Make cluster MFAs                            
1 clusters pass 1                     
1 clusters pass 2
00:00 9.2Mb  Align cluster 1 / 1 (1 seq)
00:00 9.2Mb   100.0% Consensus sequences
Inserting 1263 dupes... done.           



   --------------------------------------------------------------------------   
	    Aligning and cleaning gene [0;32mRibosomal_L20[0m; Number 64 of 119.
   --------------------------------------------------------------------------   

muscle 5.1.linux64 []  3.9Gb RAM, 8 cores
Built May 16 2023 07:53:40
(C) Copyright 2004-2021 Robert C. Edgar.
https://drive5.com

Input: 1308 seqs, length avg 119 max 119

00:00 8.7Mb   0.076% Derep 0 uniques, 0 dupes00:00 8.7Mb   100.0% Derep 47 uniques, 1260 dupes
00:00 8.8Mb     2.1% UCLUST 47 seqs EE<0.01, 0 centroids, 0 members00:00 8.8Mb  CPU has 8 cores, running 5 threads                    
00:00 9.0Mb   100.0% UCLUST 47 seqs EE<0.01, 1 centroids, 45 members
00:00 9.2Mb   100.0% UCLUST 1 seqs EE<0.30, 0 centroids, 0 members  
00:00 9.2Mb   100.0% Make cluster MFAs                            
1 clusters pass 1                     
1 clusters pass 2
00:00 9.2Mb  Align cluster 1 / 1 (1 seq)
00:00 9.2Mb   100.0% Consensus sequences
Inserting 1261 dupes... done.           



   --------------------------------------------------------------------------   
	    Aligning and cleaning gene [0;32mRibosomal_L21p[0m; Number 65 of 119.
   --------------------------------------------------------------------------   

muscle 5.1.linux64 []  3.9Gb RAM, 8 cores
Built May 16 2023 07:53:40
(C) Copyright 2004-2021 Robert C. Edgar.
https://drive5.com

Input: 1310 seqs, length avg 102 max 102

00:00 8.7Mb   0.076% Derep 0 uniques, 0 dupes00:00 8.7Mb   100.0% Derep 50 uniques, 1259 dupes
00:00 8.8Mb     2.0% UCLUST 50 seqs EE<0.01, 0 centroids, 0 members00:00 8.8Mb  CPU has 8 cores, running 5 threads                    
00:00 9.0Mb   100.0% UCLUST 50 seqs EE<0.01, 1 centroids, 48 members
00:00 9.2Mb   100.0% UCLUST 1 seqs EE<0.30, 0 centroids, 0 members  
00:00 9.2Mb   100.0% Make cluster MFAs                            
1 clusters pass 1                     
1 clusters pass 2
00:00 9.2Mb  Align cluster 1 / 1 (1 seq)
00:00 9.2Mb   100.0% Consensus sequences
Inserting 1260 dupes... done.           



   --------------------------------------------------------------------------   
	    Aligning and cleaning gene [0;32mRibosomal_L22[0m; Number 66 of 119.
   --------------------------------------------------------------------------   

muscle 5.1.linux64 []  3.9Gb RAM, 8 cores
Built May 16 2023 07:53:40
(C) Copyright 2004-2021 Robert C. Edgar.
https://drive5.com

Input: 1308 seqs, length avg 113 max 114

00:00 8.7Mb   0.076% Derep 0 uniques, 0 dupes00:00 8.7Mb   100.0% Derep 44 uniques, 1263 dupes
00:00 8.8Mb     2.3% UCLUST 44 seqs EE<0.01, 0 centroids, 0 members00:00 8.8Mb  CPU has 8 cores, running 5 threads                    
00:00 8.9Mb   100.0% UCLUST 44 seqs EE<0.01, 1 centroids, 42 members
00:00 9.2Mb   100.0% UCLUST 1 seqs EE<0.30, 0 centroids, 0 members  
00:00 9.2Mb   100.0% Make cluster MFAs                            
1 clusters pass 1                     
1 clusters pass 2
00:00 9.2Mb  Align cluster 1 / 1 (1 seq)
00:00 9.2Mb   100.0% Consensus sequences
Inserting 1264 dupes... done.           



   --------------------------------------------------------------------------   
	    Aligning and cleaning gene [0;32mRibosomal_L23[0m; Number 67 of 119.
   --------------------------------------------------------------------------   

muscle 5.1.linux64 []  3.9Gb RAM, 8 cores
Built May 16 2023 07:53:40
(C) Copyright 2004-2021 Robert C. Edgar.
https://drive5.com

Input: 1308 seqs, length avg 95 max 96

00:00 8.7Mb   0.076% Derep 0 uniques, 0 dupes00:00 8.7Mb   100.0% Derep 56 uniques, 1251 dupes
00:00 8.8Mb     1.8% UCLUST 56 seqs EE<0.01, 0 centroids, 0 members00:00 8.8Mb  CPU has 8 cores, running 5 threads                    
00:00 8.9Mb   100.0% UCLUST 56 seqs EE<0.01, 1 centroids, 54 members
00:00 9.1Mb   100.0% UCLUST 1 seqs EE<0.30, 0 centroids, 0 members  
00:00 9.1Mb   100.0% Make cluster MFAs                            
1 clusters pass 1                     
1 clusters pass 2
00:00 9.1Mb  Align cluster 1 / 1 (1 seq)
00:00 9.1Mb   100.0% Consensus sequences
Inserting 1252 dupes... done.           



   --------------------------------------------------------------------------   
	    Aligning and cleaning gene [0;32mRibosomal_L27[0m; Number 68 of 119.
   --------------------------------------------------------------------------   

muscle 5.1.linux64 []  3.9Gb RAM, 8 cores
Built May 16 2023 07:53:40
(C) Copyright 2004-2021 Robert C. Edgar.
https://drive5.com

Input: 1308 seqs, length avg 95 max 97

00:00 8.7Mb   0.076% Derep 0 uniques, 0 dupes00:00 8.7Mb   100.0% Derep 35 uniques, 1272 dupes
00:00 8.8Mb     2.9% UCLUST 35 seqs EE<0.01, 0 centroids, 0 members00:00 8.8Mb  CPU has 8 cores, running 5 threads                    
00:01 9.0Mb    20.0% UCLUST 35 seqs EE<0.01, 1 centroids, 5 members00:01 9.0Mb   100.0% UCLUST 35 seqs EE<0.01, 2 centroids, 32 members
00:01 9.2Mb    50.0% UCLUST 2 seqs EE<0.30, 0 centroids, 0 members  00:01 9.2Mb   100.0% UCLUST 2 seqs EE<0.30, 1 centroids, 0 members
00:01 43Mb    100.0% Make cluster MFAs                            
1 clusters pass 1                     
1 clusters pass 2
00:01 43Mb   
00:01 43Mb   Align cluster 1 / 1 (2 seqs)
00:01 43Mb   
00:01 43Mb    100.0% Calc posteriors
00:01 43Mb    100.0% UPGMA5         
00:01 43Mb    100.0% Consensus sequences
Inserting 1273 dupes... done.           



   --------------------------------------------------------------------------   
	    Aligning and cleaning gene [0;32mRibosomal_L27A[0m; Number 69 of 119.
   --------------------------------------------------------------------------   

muscle 5.1.linux64 []  3.9Gb RAM, 8 cores
Built May 16 2023 07:53:40
(C) Copyright 2004-2021 Robert C. Edgar.
https://drive5.com

Input: 1306 seqs, length avg 146 max 146

00:00 8.8Mb   0.077% Derep 0 uniques, 0 dupes00:00 8.8Mb   100.0% Derep 60 uniques, 1245 dupes
00:00 9.0Mb     1.7% UCLUST 60 seqs EE<0.01, 0 centroids, 0 members00:00 9.0Mb  CPU has 8 cores, running 5 threads                    
00:01 9.2Mb    51.7% UCLUST 60 seqs EE<0.01, 1 centroids, 29 members00:01 9.2Mb   100.0% UCLUST 60 seqs EE<0.01, 1 centroids, 58 members
00:01 9.4Mb   100.0% UCLUST 1 seqs EE<0.30, 0 centroids, 0 members  
00:01 9.4Mb   100.0% Make cluster MFAs                            
1 clusters pass 1                     
1 clusters pass 2
00:01 9.4Mb  Align cluster 1 / 1 (1 seq)
00:01 9.4Mb   100.0% Consensus sequences
Inserting 1246 dupes... done.           



   --------------------------------------------------------------------------   
	    Aligning and cleaning gene [0;32mRibosomal_L28[0m; Number 70 of 119.
   --------------------------------------------------------------------------   

muscle 5.1.linux64 []  3.9Gb RAM, 8 cores
Built May 16 2023 07:53:40
(C) Copyright 2004-2021 Robert C. Edgar.
https://drive5.com

Input: 1308 seqs, length avg 62 max 62

00:00 8.5Mb   0.076% Derep 0 uniques, 0 dupes00:00 8.6Mb   100.0% Derep 29 uniques, 1278 dupes
00:00 8.8Mb     3.4% UCLUST 29 seqs EE<0.01, 0 centroids, 0 members00:00 8.8Mb  CPU has 8 cores, running 5 threads                    
00:00 8.8Mb   100.0% UCLUST 29 seqs EE<0.01, 1 centroids, 27 members
00:00 9.0Mb   100.0% UCLUST 1 seqs EE<0.30, 0 centroids, 0 members  
00:00 9.0Mb   100.0% Make cluster MFAs                            
1 clusters pass 1                     
1 clusters pass 2
00:00 9.0Mb  Align cluster 1 / 1 (1 seq)
00:00 9.0Mb   100.0% Consensus sequences
Inserting 1279 dupes... done.           



   --------------------------------------------------------------------------   
	    Aligning and cleaning gene [0;32mRibosomal_L29[0m; Number 71 of 119.
   --------------------------------------------------------------------------   

muscle 5.1.linux64 []  3.9Gb RAM, 8 cores
Built May 16 2023 07:53:40
(C) Copyright 2004-2021 Robert C. Edgar.
https://drive5.com

Input: 1310 seqs, length avg 66 max 67

00:00 8.7Mb   0.076% Derep 0 uniques, 0 dupes00:00 8.7Mb   100.0% Derep 26 uniques, 1283 dupes
00:00 8.8Mb     3.8% UCLUST 26 seqs EE<0.01, 0 centroids, 0 members00:00 8.8Mb  CPU has 8 cores, running 5 threads                    
00:00 8.9Mb   100.0% UCLUST 26 seqs EE<0.01, 2 centroids, 23 members
00:00 9.1Mb    50.0% UCLUST 2 seqs EE<0.30, 0 centroids, 0 members  00:00 9.1Mb   100.0% UCLUST 2 seqs EE<0.30, 1 centroids, 0 members
00:00 43Mb    100.0% Make cluster MFAs                            
1 clusters pass 1                     
1 clusters pass 2
00:00 43Mb   
00:00 43Mb   Align cluster 1 / 1 (2 seqs)
00:00 43Mb   
00:00 43Mb    100.0% Calc posteriors
00:00 43Mb    100.0% UPGMA5         
00:00 43Mb    100.0% Consensus sequences
Inserting 1284 dupes... done.           



   --------------------------------------------------------------------------   
	    Aligning and cleaning gene [0;32mRibosomal_L3[0m; Number 72 of 119.
   --------------------------------------------------------------------------   

muscle 5.1.linux64 []  3.9Gb RAM, 8 cores
Built May 16 2023 07:53:40
(C) Copyright 2004-2021 Robert C. Edgar.
https://drive5.com

Input: 1308 seqs, length avg 209 max 210

00:00 8.7Mb   0.076% Derep 0 uniques, 0 dupes00:00 8.7Mb   100.0% Derep 86 uniques, 1221 dupes
00:00 9.1Mb     1.2% UCLUST 86 seqs EE<0.01, 0 centroids, 0 members00:00 9.1Mb  CPU has 8 cores, running 5 threads                    
00:01 9.1Mb    50.0% UCLUST 86 seqs EE<0.01, 1 centroids, 41 members00:01 9.1Mb   100.0% UCLUST 86 seqs EE<0.01, 1 centroids, 84 members
00:01 9.4Mb   100.0% UCLUST 1 seqs EE<0.30, 0 centroids, 0 members  
00:01 9.4Mb   100.0% Make cluster MFAs                            
1 clusters pass 1                     
1 clusters pass 2
00:01 9.4Mb  Align cluster 1 / 1 (1 seq)
00:01 9.4Mb   100.0% Consensus sequences
Inserting 1222 dupes... done.           



   --------------------------------------------------------------------------   
	    Aligning and cleaning gene [0;32mRibosomal_L34[0m; Number 73 of 119.
   --------------------------------------------------------------------------   

muscle 5.1.linux64 []  3.9Gb RAM, 8 cores
Built May 16 2023 07:53:40
(C) Copyright 2004-2021 Robert C. Edgar.
https://drive5.com

Input: 1310 seqs, length avg 44 max 44

00:00 8.5Mb   0.076% Derep 0 uniques, 0 dupes00:00 8.6Mb   100.0% Derep 28 uniques, 1281 dupes
00:00 8.8Mb     3.6% UCLUST 28 seqs EE<0.01, 0 centroids, 0 members00:00 8.8Mb  CPU has 8 cores, running 5 threads                    
00:00 8.8Mb   100.0% UCLUST 28 seqs EE<0.01, 1 centroids, 26 members
00:00 9.0Mb   100.0% UCLUST 1 seqs EE<0.30, 0 centroids, 0 members  
00:00 9.0Mb   100.0% Make cluster MFAs                            
1 clusters pass 1                     
1 clusters pass 2
00:00 9.0Mb  Align cluster 1 / 1 (1 seq)
00:00 9.0Mb   100.0% Consensus sequences
Inserting 1282 dupes... done.           



   --------------------------------------------------------------------------   
	    Aligning and cleaning gene [0;32mRibosomal_L35p[0m; Number 74 of 119.
   --------------------------------------------------------------------------   

muscle 5.1.linux64 []  3.9Gb RAM, 8 cores
Built May 16 2023 07:53:40
(C) Copyright 2004-2021 Robert C. Edgar.
https://drive5.com

Input: 1309 seqs, length avg 66 max 66

00:00 8.7Mb   0.076% Derep 0 uniques, 0 dupes00:00 8.7Mb   100.0% Derep 33 uniques, 1275 dupes
00:00 8.8Mb     3.0% UCLUST 33 seqs EE<0.01, 0 centroids, 0 members00:00 8.8Mb  CPU has 8 cores, running 5 threads                    
00:00 8.9Mb   100.0% UCLUST 33 seqs EE<0.01, 1 centroids, 31 members
00:00 9.1Mb   100.0% UCLUST 1 seqs EE<0.30, 0 centroids, 0 members  
00:00 9.1Mb   100.0% Make cluster MFAs                            
1 clusters pass 1                     
1 clusters pass 2
00:00 9.1Mb  Align cluster 1 / 1 (1 seq)
00:00 9.1Mb   100.0% Consensus sequences
Inserting 1276 dupes... done.           



   --------------------------------------------------------------------------   
	    Aligning and cleaning gene [0;32mRibosomal_L36[0m; Number 75 of 119.
   --------------------------------------------------------------------------   

muscle 5.1.linux64 []  3.9Gb RAM, 8 cores
Built May 16 2023 07:53:40
(C) Copyright 2004-2021 Robert C. Edgar.
https://drive5.com

Input: 1309 seqs, length avg 37 max 37

00:00 8.5Mb   0.076% Derep 0 uniques, 0 dupes00:00 8.6Mb   100.0% Derep 5 uniques, 1303 dupes
00:00 8.8Mb    20.0% UCLUST 5 seqs EE<0.01, 0 centroids, 0 members00:00 8.8Mb  CPU has 8 cores, running 5 threads                   
00:00 8.8Mb   100.0% UCLUST 5 seqs EE<0.01, 1 centroids, 3 members
00:00 9.0Mb   100.0% UCLUST 1 seqs EE<0.30, 0 centroids, 0 members
00:00 9.0Mb   100.0% Make cluster MFAs                            
1 clusters pass 1                     
1 clusters pass 2
00:00 9.0Mb  Align cluster 1 / 1 (1 seq)
00:00 9.0Mb   100.0% Consensus sequences
Inserting 1304 dupes... done.           



   --------------------------------------------------------------------------   
	    Aligning and cleaning gene [0;32mRibosomal_L4[0m; Number 76 of 119.
   --------------------------------------------------------------------------   

muscle 5.1.linux64 []  3.9Gb RAM, 8 cores
Built May 16 2023 07:53:40
(C) Copyright 2004-2021 Robert C. Edgar.
https://drive5.com

Input: 1307 seqs, length avg 207 max 207

00:00 8.8Mb   0.077% Derep 0 uniques, 0 dupes00:00 8.8Mb   100.0% Derep 83 uniques, 1223 dupes
00:00 9.0Mb     1.2% UCLUST 83 seqs EE<0.01, 0 centroids, 0 members00:00 9.0Mb  CPU has 8 cores, running 5 threads                    
00:00 9.1Mb   100.0% UCLUST 83 seqs EE<0.01, 1 centroids, 81 members
00:00 9.4Mb   100.0% UCLUST 1 seqs EE<0.30, 0 centroids, 0 members  
00:00 9.4Mb   100.0% Make cluster MFAs                            
1 clusters pass 1                     
1 clusters pass 2
00:00 9.4Mb  Align cluster 1 / 1 (1 seq)
00:00 9.4Mb   100.0% Consensus sequences
Inserting 1224 dupes... done.           



   --------------------------------------------------------------------------   
	    Aligning and cleaning gene [0;32mRibosomal_L6[0m; Number 77 of 119.
   --------------------------------------------------------------------------   

muscle 5.1.linux64 []  3.9Gb RAM, 8 cores
Built May 16 2023 07:53:40
(C) Copyright 2004-2021 Robert C. Edgar.
https://drive5.com

Input: 1308 seqs, length avg 179 max 179

00:00 8.7Mb   0.076% Derep 0 uniques, 0 dupes00:00 8.7Mb   100.0% Derep 88 uniques, 1219 dupes
00:00 9.1Mb     1.1% UCLUST 88 seqs EE<0.01, 0 centroids, 0 members00:00 9.1Mb  CPU has 8 cores, running 5 threads                    
00:01 9.2Mb    47.7% UCLUST 88 seqs EE<0.01, 2 centroids, 39 members00:01 9.3Mb   100.0% UCLUST 88 seqs EE<0.01, 2 centroids, 85 members
00:01 9.5Mb    50.0% UCLUST 2 seqs EE<0.30, 0 centroids, 0 members  00:01 9.5Mb   100.0% UCLUST 2 seqs EE<0.30, 1 centroids, 0 members
00:01 43Mb    100.0% Make cluster MFAs                            
1 clusters pass 1                     
1 clusters pass 2
00:01 43Mb   
00:01 43Mb   Align cluster 1 / 1 (2 seqs)
00:01 43Mb   
00:01 43Mb    100.0% Calc posteriors
00:01 43Mb    100.0% UPGMA5         
00:01 43Mb    100.0% Consensus sequences
Inserting 1220 dupes... done.           



   --------------------------------------------------------------------------   
	    Aligning and cleaning gene [0;32mRibosomal_L9_C[0m; Number 78 of 119.
   --------------------------------------------------------------------------   

muscle 5.1.linux64 []  3.9Gb RAM, 8 cores
Built May 16 2023 07:53:40
(C) Copyright 2004-2021 Robert C. Edgar.
https://drive5.com

Input: 1308 seqs, length avg 149 max 149

00:00 8.7Mb   0.076% Derep 0 uniques, 0 dupes00:00 8.7Mb   100.0% Derep 120 uniques, 1187 dupes
00:00 9.1Mb    0.83% UCLUST 120 seqs EE<0.01, 0 centroids, 0 members00:00 9.1Mb  CPU has 8 cores, running 5 threads                     
00:01 9.2Mb    69.2% UCLUST 120 seqs EE<0.01, 1 centroids, 81 members00:01 9.2Mb   100.0% UCLUST 120 seqs EE<0.01, 1 centroids, 118 members
00:01 9.4Mb   100.0% UCLUST 1 seqs EE<0.30, 0 centroids, 0 members    
00:01 9.4Mb   100.0% Make cluster MFAs                            
1 clusters pass 1                     
1 clusters pass 2
00:01 9.4Mb  Align cluster 1 / 1 (1 seq)
00:01 9.4Mb   100.0% Consensus sequences
Inserting 1188 dupes... done.           



   --------------------------------------------------------------------------   
	    Aligning and cleaning gene [0;32mRibosomal_S10[0m; Number 79 of 119.
   --------------------------------------------------------------------------   

muscle 5.1.linux64 []  3.9Gb RAM, 8 cores
Built May 16 2023 07:53:40
(C) Copyright 2004-2021 Robert C. Edgar.
https://drive5.com

Input: 1309 seqs, length avg 102 max 116

00:00 8.7Mb   0.076% Derep 0 uniques, 0 dupes00:00 8.7Mb   100.0% Derep 23 uniques, 1285 dupes
00:00 8.8Mb     4.3% UCLUST 23 seqs EE<0.01, 0 centroids, 0 members00:00 8.8Mb  CPU has 8 cores, running 5 threads                    
00:00 8.9Mb   100.0% UCLUST 23 seqs EE<0.01, 1 centroids, 21 members
00:00 9.2Mb   100.0% UCLUST 1 seqs EE<0.30, 0 centroids, 0 members  
00:00 9.2Mb   100.0% Make cluster MFAs                            
1 clusters pass 1                     
1 clusters pass 2
00:00 9.2Mb  Align cluster 1 / 1 (1 seq)
00:00 9.2Mb   100.0% Consensus sequences
Inserting 1286 dupes... done.           



   --------------------------------------------------------------------------   
	    Aligning and cleaning gene [0;32mRibosomal_S11[0m; Number 80 of 119.
   --------------------------------------------------------------------------   

muscle 5.1.linux64 []  3.9Gb RAM, 8 cores
Built May 16 2023 07:53:40
(C) Copyright 2004-2021 Robert C. Edgar.
https://drive5.com

Input: 1309 seqs, length avg 130 max 131

00:00 8.7Mb   0.076% Derep 0 uniques, 0 dupes00:00 8.7Mb   100.0% Derep 45 uniques, 1263 dupes
00:00 9.1Mb     2.2% UCLUST 45 seqs EE<0.01, 0 centroids, 0 members00:00 9.1Mb  CPU has 8 cores, running 5 threads                    
00:00 9.2Mb   100.0% UCLUST 45 seqs EE<0.01, 1 centroids, 43 members
00:00 9.4Mb   100.0% UCLUST 1 seqs EE<0.30, 0 centroids, 0 members  
00:00 9.4Mb   100.0% Make cluster MFAs                            
1 clusters pass 1                     
1 clusters pass 2
00:00 9.4Mb  Align cluster 1 / 1 (1 seq)
00:00 9.4Mb   100.0% Consensus sequences
Inserting 1264 dupes... done.           



   --------------------------------------------------------------------------   
	    Aligning and cleaning gene [0;32mRibosomal_S13[0m; Number 81 of 119.
   --------------------------------------------------------------------------   

muscle 5.1.linux64 []  3.9Gb RAM, 8 cores
Built May 16 2023 07:53:40
(C) Copyright 2004-2021 Robert C. Edgar.
https://drive5.com

Input: 1309 seqs, length avg 121 max 122

00:00 8.7Mb   0.076% Derep 0 uniques, 0 dupes00:00 8.7Mb   100.0% Derep 49 uniques, 1259 dupes
00:00 8.8Mb     2.0% UCLUST 49 seqs EE<0.01, 0 centroids, 0 members00:00 8.8Mb  CPU has 8 cores, running 5 threads                    
00:00 9.0Mb   100.0% UCLUST 49 seqs EE<0.01, 1 centroids, 47 members
00:00 9.2Mb   100.0% UCLUST 1 seqs EE<0.30, 0 centroids, 0 members  
00:00 9.2Mb   100.0% Make cluster MFAs                            
1 clusters pass 1                     
1 clusters pass 2
00:00 9.2Mb  Align cluster 1 / 1 (1 seq)
00:00 9.2Mb   100.0% Consensus sequences
Inserting 1260 dupes... done.           



   --------------------------------------------------------------------------   
	    Aligning and cleaning gene [0;32mRibosomal_S15[0m; Number 82 of 119.
   --------------------------------------------------------------------------   

muscle 5.1.linux64 []  3.9Gb RAM, 8 cores
Built May 16 2023 07:53:40
(C) Copyright 2004-2021 Robert C. Edgar.
https://drive5.com

Input: 1307 seqs, length avg 89 max 89

00:00 8.7Mb   0.077% Derep 0 uniques, 0 dupes00:00 8.7Mb   100.0% Derep 34 uniques, 1272 dupes
00:00 8.8Mb     2.9% UCLUST 34 seqs EE<0.01, 0 centroids, 0 members00:00 8.8Mb  CPU has 8 cores, running 5 threads                    
00:00 8.9Mb   100.0% UCLUST 34 seqs EE<0.01, 1 centroids, 32 members
00:00 9.1Mb   100.0% UCLUST 1 seqs EE<0.30, 0 centroids, 0 members  
00:00 9.1Mb   100.0% Make cluster MFAs                            
1 clusters pass 1                     
1 clusters pass 2
00:00 9.1Mb  Align cluster 1 / 1 (1 seq)
00:00 9.1Mb   100.0% Consensus sequences
Inserting 1273 dupes... done.           



   --------------------------------------------------------------------------   
	    Aligning and cleaning gene [0;32mRibosomal_S16[0m; Number 83 of 119.
   --------------------------------------------------------------------------   

muscle 5.1.linux64 []  3.9Gb RAM, 8 cores
Built May 16 2023 07:53:40
(C) Copyright 2004-2021 Robert C. Edgar.
https://drive5.com

Input: 1311 seqs, length avg 90 max 90

00:00 8.7Mb   0.076% Derep 0 uniques, 0 dupes00:00 8.7Mb   100.0% Derep 47 uniques, 1263 dupes
00:00 8.8Mb     2.1% UCLUST 47 seqs EE<0.01, 0 centroids, 0 members00:00 8.8Mb  CPU has 8 cores, running 5 threads                    
00:00 9.0Mb   100.0% UCLUST 47 seqs EE<0.01, 1 centroids, 45 members
00:00 9.2Mb   100.0% UCLUST 1 seqs EE<0.30, 0 centroids, 0 members  
00:00 9.2Mb   100.0% Make cluster MFAs                            
1 clusters pass 1                     
1 clusters pass 2
00:00 9.2Mb  Align cluster 1 / 1 (1 seq)
00:00 9.2Mb   100.0% Consensus sequences
Inserting 1264 dupes... done.           



   --------------------------------------------------------------------------   
	    Aligning and cleaning gene [0;32mRibosomal_S17[0m; Number 84 of 119.
   --------------------------------------------------------------------------   

muscle 5.1.linux64 []  3.9Gb RAM, 8 cores
Built May 16 2023 07:53:40
(C) Copyright 2004-2021 Robert C. Edgar.
https://drive5.com

Input: 1309 seqs, length avg 87 max 87

00:00 8.7Mb   0.076% Derep 0 uniques, 0 dupes00:00 8.7Mb   100.0% Derep 44 uniques, 1264 dupes
00:00 8.8Mb     2.3% UCLUST 44 seqs EE<0.01, 0 centroids, 0 members00:00 8.8Mb  CPU has 8 cores, running 5 threads                    
00:00 8.9Mb   100.0% UCLUST 44 seqs EE<0.01, 1 centroids, 42 members
00:00 9.1Mb   100.0% UCLUST 1 seqs EE<0.30, 0 centroids, 0 members  
00:00 9.1Mb   100.0% Make cluster MFAs                            
1 clusters pass 1                     
1 clusters pass 2
00:00 9.1Mb  Align cluster 1 / 1 (1 seq)
00:00 9.1Mb   100.0% Consensus sequences
Inserting 1265 dupes... done.           



   --------------------------------------------------------------------------   
	    Aligning and cleaning gene [0;32mRibosomal_S19[0m; Number 85 of 119.
   --------------------------------------------------------------------------   

muscle 5.1.linux64 []  3.9Gb RAM, 8 cores
Built May 16 2023 07:53:40
(C) Copyright 2004-2021 Robert C. Edgar.
https://drive5.com

Input: 1308 seqs, length avg 92 max 92

00:00 8.7Mb   0.076% Derep 0 uniques, 0 dupes00:00 8.7Mb   100.0% Derep 38 uniques, 1269 dupes
00:00 8.8Mb     2.6% UCLUST 38 seqs EE<0.01, 0 centroids, 0 members00:00 8.8Mb  CPU has 8 cores, running 5 threads                    
00:00 8.9Mb   100.0% UCLUST 38 seqs EE<0.01, 1 centroids, 36 members
00:00 9.1Mb   100.0% UCLUST 1 seqs EE<0.30, 0 centroids, 0 members  
00:00 9.1Mb   100.0% Make cluster MFAs                            
1 clusters pass 1                     
1 clusters pass 2
00:00 9.1Mb  Align cluster 1 / 1 (1 seq)
00:00 9.1Mb   100.0% Consensus sequences
Inserting 1270 dupes... done.           



   --------------------------------------------------------------------------   
	    Aligning and cleaning gene [0;32mRibosomal_S2[0m; Number 86 of 119.
   --------------------------------------------------------------------------   

muscle 5.1.linux64 []  3.9Gb RAM, 8 cores
Built May 16 2023 07:53:40
(C) Copyright 2004-2021 Robert C. Edgar.
https://drive5.com

Input: 1309 seqs, length avg 240 max 247

00:00 8.7Mb   0.076% Derep 0 uniques, 0 dupes00:00 8.7Mb   100.0% Derep 75 uniques, 1233 dupes
00:00 9.1Mb     1.3% UCLUST 75 seqs EE<0.01, 0 centroids, 0 members00:00 9.1Mb  CPU has 8 cores, running 5 threads                    
00:00 9.2Mb   100.0% UCLUST 75 seqs EE<0.01, 6 centroids, 68 members
00:00 9.4Mb    16.7% UCLUST 6 seqs EE<0.30, 0 centroids, 0 members  00:00 43Mb    100.0% UCLUST 6 seqs EE<0.30, 1 centroids, 4 members
00:00 43Mb    100.0% Make cluster MFAs                            
1 clusters pass 1                     
1 clusters pass 2
00:00 43Mb   
00:00 43Mb   Align cluster 1 / 1 (6 seqs)
00:00 43Mb   
00:00 43Mb      6.7% Calc posteriors00:00 314Mb   100.0% Calc posteriors
00:00 311Mb     6.7% Consistency (1/2)00:00 312Mb   100.0% Consistency (1/2)
00:00 312Mb     6.7% Consistency (2/2)00:00 312Mb   100.0% Consistency (2/2)
00:00 312Mb    20.0% UPGMA5           00:00 312Mb   100.0% UPGMA5
00:00 312Mb     1.0% Refining00:00 312Mb   100.0% Refining
00:00 312Mb   100.0% Consensus sequences
Inserting 1234 dupes... done.           



   --------------------------------------------------------------------------   
	    Aligning and cleaning gene [0;32mRibosomal_S20p[0m; Number 87 of 119.
   --------------------------------------------------------------------------   

muscle 5.1.linux64 []  3.9Gb RAM, 8 cores
Built May 16 2023 07:53:40
(C) Copyright 2004-2021 Robert C. Edgar.
https://drive5.com

Input: 1310 seqs, length avg 87 max 88

00:00 8.7Mb   0.076% Derep 0 uniques, 0 dupes00:00 8.7Mb   100.0% Derep 55 uniques, 1254 dupes
00:00 8.8Mb     1.8% UCLUST 55 seqs EE<0.01, 0 centroids, 0 members00:00 8.8Mb  CPU has 8 cores, running 5 threads                    
00:00 9.0Mb   100.0% UCLUST 55 seqs EE<0.01, 5 centroids, 49 members
00:00 9.1Mb    20.0% UCLUST 5 seqs EE<0.30, 0 centroids, 0 members  00:00 43Mb    100.0% UCLUST 5 seqs EE<0.30, 1 centroids, 3 members
00:00 43Mb    100.0% Make cluster MFAs                            
1 clusters pass 1                     
1 clusters pass 2
00:00 43Mb   
00:00 43Mb   Align cluster 1 / 1 (5 seqs)
00:00 43Mb   
00:00 110Mb    10.0% Calc posteriors00:00 311Mb   100.0% Calc posteriors
00:00 311Mb    10.0% Consistency (1/2)00:00 311Mb   100.0% Consistency (1/2)
00:00 311Mb    10.0% Consistency (2/2)00:00 311Mb   100.0% Consistency (2/2)
00:00 311Mb    25.0% UPGMA5           00:00 311Mb   100.0% UPGMA5
00:00 311Mb     1.0% Refining00:00 311Mb   100.0% Refining
00:00 311Mb   100.0% Consensus sequences
Inserting 1255 dupes... done.           



   --------------------------------------------------------------------------   
	    Aligning and cleaning gene [0;32mRibosomal_S21[0m; Number 88 of 119.
   --------------------------------------------------------------------------   

muscle 5.1.linux64 []  3.9Gb RAM, 8 cores
Built May 16 2023 07:53:40
(C) Copyright 2004-2021 Robert C. Edgar.
https://drive5.com

Input: 1311 seqs, length avg 57 max 57

00:00 8.5Mb   0.076% Derep 0 uniques, 0 dupes00:00 8.6Mb   100.0% Derep 22 uniques, 1288 dupes
00:00 8.8Mb     4.5% UCLUST 22 seqs EE<0.01, 0 centroids, 0 members00:00 8.8Mb  CPU has 8 cores, running 5 threads                    
00:00 8.8Mb   100.0% UCLUST 22 seqs EE<0.01, 1 centroids, 20 members
00:00 9.0Mb   100.0% UCLUST 1 seqs EE<0.30, 0 centroids, 0 members  
00:00 9.0Mb   100.0% Make cluster MFAs                            
1 clusters pass 1                     
1 clusters pass 2
00:00 9.0Mb  Align cluster 1 / 1 (1 seq)
00:00 9.0Mb   100.0% Consensus sequences
Inserting 1289 dupes... done.           



   --------------------------------------------------------------------------   
	    Aligning and cleaning gene [0;32mRibosomal_S30AE[0m; Number 89 of 119.
   --------------------------------------------------------------------------   

muscle 5.1.linux64 []  3.9Gb RAM, 8 cores
Built May 16 2023 07:53:40
(C) Copyright 2004-2021 Robert C. Edgar.
https://drive5.com

Input: 1303 seqs, length avg 185 max 192

00:00 8.8Mb   0.077% Derep 0 uniques, 0 dupes00:00 8.8Mb   100.0% Derep 122 uniques, 1180 dupes
00:00 9.0Mb    0.82% UCLUST 122 seqs EE<0.01, 0 centroids, 0 members00:00 9.0Mb  CPU has 8 cores, running 5 threads                     
00:01 9.2Mb    63.9% UCLUST 122 seqs EE<0.01, 14 centroids, 63 members00:01 10Mb    100.0% UCLUST 122 seqs EE<0.01, 16 centroids, 105 members
00:01 10Mb      6.2% UCLUST 16 seqs EE<0.30, 0 centroids, 0 members    00:01 43Mb    100.0% UCLUST 16 seqs EE<0.30, 1 centroids, 14 members
00:01 43Mb    100.0% Make cluster MFAs                              
1 clusters pass 1                     
1 clusters pass 2
00:01 43Mb   
00:01 43Mb   Align cluster 1 / 1 (16 seqs)
00:01 43Mb   
00:01 110Mb    0.83% Calc posteriors00:01 312Mb   100.0% Calc posteriors
00:01 312Mb    0.83% Consistency (1/2)00:01 312Mb   100.0% Consistency (1/2)
00:01 312Mb    0.83% Consistency (2/2)00:01 312Mb   100.0% Consistency (2/2)
00:01 312Mb     6.7% UPGMA5           00:01 312Mb   100.0% UPGMA5
00:01 312Mb     1.0% Refining00:01 312Mb   100.0% Refining
00:01 312Mb   100.0% Consensus sequences
Inserting 1181 dupes... done.           



   --------------------------------------------------------------------------   
	    Aligning and cleaning gene [0;32mRibosomal_S6[0m; Number 90 of 119.
   --------------------------------------------------------------------------   

muscle 5.1.linux64 []  3.9Gb RAM, 8 cores
Built May 16 2023 07:53:40
(C) Copyright 2004-2021 Robert C. Edgar.
https://drive5.com

Input: 1310 seqs, length avg 95 max 96

00:00 8.7Mb   0.076% Derep 0 uniques, 0 dupes00:00 8.7Mb   100.0% Derep 69 uniques, 1240 dupes
00:00 8.8Mb     1.4% UCLUST 69 seqs EE<0.01, 0 centroids, 0 members00:00 8.8Mb  CPU has 8 cores, running 5 threads                    
00:00 9.0Mb   100.0% UCLUST 69 seqs EE<0.01, 3 centroids, 65 members
00:00 9.2Mb    33.3% UCLUST 3 seqs EE<0.30, 0 centroids, 0 members  00:00 43Mb    100.0% UCLUST 3 seqs EE<0.30, 1 centroids, 1 members
00:00 43Mb    100.0% Make cluster MFAs                            
1 clusters pass 1                     
1 clusters pass 2
00:00 43Mb   
00:00 43Mb   Align cluster 1 / 1 (3 seqs)
00:00 43Mb   
00:00 110Mb    33.3% Calc posteriors00:00 177Mb   100.0% Calc posteriors
00:00 177Mb    33.3% Consistency (1/2)00:00 177Mb   100.0% Consistency (1/2)
00:00 177Mb    33.3% Consistency (2/2)00:00 177Mb   100.0% Consistency (2/2)
00:00 177Mb    50.0% UPGMA5           00:00 177Mb   100.0% UPGMA5
00:00 177Mb     1.0% Refining00:00 177Mb   100.0% Refining
00:00 177Mb   100.0% Consensus sequences
Inserting 1241 dupes... done.           



   --------------------------------------------------------------------------   
	    Aligning and cleaning gene [0;32mRibosomal_S7[0m; Number 91 of 119.
   --------------------------------------------------------------------------   

muscle 5.1.linux64 []  3.9Gb RAM, 8 cores
Built May 16 2023 07:53:40
(C) Copyright 2004-2021 Robert C. Edgar.
https://drive5.com

Input: 1306 seqs, length avg 156 max 156

00:00 8.8Mb   0.077% Derep 0 uniques, 0 dupes00:00 8.8Mb   100.0% Derep 49 uniques, 1256 dupes
00:00 9.0Mb     2.0% UCLUST 49 seqs EE<0.01, 0 centroids, 0 members00:00 9.0Mb  CPU has 8 cores, running 5 threads                    
00:01 9.2Mb    63.3% UCLUST 49 seqs EE<0.01, 1 centroids, 29 members00:01 9.2Mb   100.0% UCLUST 49 seqs EE<0.01, 1 centroids, 47 members
00:01 9.4Mb   100.0% UCLUST 1 seqs EE<0.30, 0 centroids, 0 members  
00:01 9.4Mb   100.0% Make cluster MFAs                            
1 clusters pass 1                     
1 clusters pass 2
00:01 9.4Mb  Align cluster 1 / 1 (1 seq)
00:01 9.4Mb   100.0% Consensus sequences
Inserting 1257 dupes... done.           



   --------------------------------------------------------------------------   
	    Aligning and cleaning gene [0;32mRibosomal_S8[0m; Number 92 of 119.
   --------------------------------------------------------------------------   

muscle 5.1.linux64 []  3.9Gb RAM, 8 cores
Built May 16 2023 07:53:40
(C) Copyright 2004-2021 Robert C. Edgar.
https://drive5.com

Input: 1308 seqs, length avg 132 max 132

00:00 8.7Mb   0.076% Derep 0 uniques, 0 dupes00:00 8.7Mb   100.0% Derep 42 uniques, 1265 dupes
00:00 9.1Mb     2.4% UCLUST 42 seqs EE<0.01, 0 centroids, 0 members00:00 9.1Mb  CPU has 8 cores, running 5 threads                    
00:00 9.1Mb   100.0% UCLUST 42 seqs EE<0.01, 1 centroids, 40 members
00:00 9.3Mb   100.0% UCLUST 1 seqs EE<0.30, 0 centroids, 0 members  
00:00 9.3Mb   100.0% Make cluster MFAs                            
1 clusters pass 1                     
1 clusters pass 2
00:00 9.3Mb  Align cluster 1 / 1 (1 seq)
00:00 9.3Mb   100.0% Consensus sequences
Inserting 1266 dupes... done.           



   --------------------------------------------------------------------------   
	    Aligning and cleaning gene [0;32mRibosomal_S9[0m; Number 93 of 119.
   --------------------------------------------------------------------------   

muscle 5.1.linux64 []  3.9Gb RAM, 8 cores
Built May 16 2023 07:53:40
(C) Copyright 2004-2021 Robert C. Edgar.
https://drive5.com

Input: 1307 seqs, length avg 130 max 130

00:00 8.8Mb   0.077% Derep 0 uniques, 0 dupes00:00 8.8Mb   100.0% Derep 56 uniques, 1250 dupes
00:00 9.0Mb     1.8% UCLUST 56 seqs EE<0.01, 0 centroids, 0 members00:00 9.0Mb  CPU has 8 cores, running 5 threads                    
00:00 9.1Mb   100.0% UCLUST 56 seqs EE<0.01, 1 centroids, 54 members
00:00 9.3Mb   100.0% UCLUST 1 seqs EE<0.30, 0 centroids, 0 members  
00:00 9.3Mb   100.0% Make cluster MFAs                            
1 clusters pass 1                     
1 clusters pass 2
00:00 9.3Mb  Align cluster 1 / 1 (1 seq)
00:00 9.3Mb   100.0% Consensus sequences
Inserting 1251 dupes... done.           



   --------------------------------------------------------------------------   
	    Aligning and cleaning gene [0;32mRsfS[0m; Number 94 of 119.
   --------------------------------------------------------------------------   

muscle 5.1.linux64 []  3.9Gb RAM, 8 cores
Built May 16 2023 07:53:40
(C) Copyright 2004-2021 Robert C. Edgar.
https://drive5.com

Input: 1308 seqs, length avg 118 max 119

00:00 8.7Mb   0.076% Derep 0 uniques, 0 dupes00:00 8.7Mb   100.0% Derep 104 uniques, 1203 dupes
00:00 8.8Mb    0.96% UCLUST 104 seqs EE<0.01, 0 centroids, 0 members00:00 8.8Mb  CPU has 8 cores, running 5 threads                     
00:00 9.0Mb   100.0% UCLUST 104 seqs EE<0.01, 4 centroids, 99 members
00:00 9.2Mb    20.0% UCLUST 5 seqs EE<0.30, 0 centroids, 0 members   00:00 43Mb    100.0% UCLUST 5 seqs EE<0.30, 1 centroids, 3 members
00:00 43Mb    100.0% Make cluster MFAs                            
1 clusters pass 1                     
1 clusters pass 2
00:00 43Mb   
00:00 43Mb   Align cluster 1 / 1 (5 seqs)
00:00 43Mb   
00:00 110Mb    10.0% Calc posteriors00:00 312Mb   100.0% Calc posteriors
00:00 311Mb    10.0% Consistency (1/2)00:00 311Mb   100.0% Consistency (1/2)
00:00 311Mb    10.0% Consistency (2/2)00:00 311Mb   100.0% Consistency (2/2)
00:00 311Mb    25.0% UPGMA5           00:00 311Mb   100.0% UPGMA5
00:00 311Mb     1.0% Refining00:00 311Mb   100.0% Refining
00:00 311Mb   100.0% Consensus sequences
Inserting 1204 dupes... done.           



   --------------------------------------------------------------------------   
	    Aligning and cleaning gene [0;32mRuvX[0m; Number 95 of 119.
   --------------------------------------------------------------------------   

muscle 5.1.linux64 []  3.9Gb RAM, 8 cores
Built May 16 2023 07:53:40
(C) Copyright 2004-2021 Robert C. Edgar.
https://drive5.com

Input: 1308 seqs, length avg 138 max 141

00:01 8.7Mb   0.076% Derep 0 uniques, 0 dupes00:01 8.7Mb   100.0% Derep 115 uniques, 1192 dupes
00:01 9.1Mb    0.87% UCLUST 115 seqs EE<0.01, 0 centroids, 0 members00:01 9.1Mb  CPU has 8 cores, running 5 threads                     
00:01 9.1Mb   100.0% UCLUST 115 seqs EE<0.01, 2 centroids, 112 members
00:01 9.4Mb    50.0% UCLUST 2 seqs EE<0.30, 0 centroids, 0 members    00:01 9.4Mb   100.0% UCLUST 2 seqs EE<0.30, 1 centroids, 0 members
00:01 43Mb    100.0% Make cluster MFAs                            
1 clusters pass 1                     
1 clusters pass 2
00:01 43Mb   
00:01 43Mb   Align cluster 1 / 1 (2 seqs)
00:01 43Mb   
00:01 43Mb    100.0% Calc posteriors
00:01 43Mb    100.0% UPGMA5         
00:01 43Mb    100.0% Consensus sequences
Inserting 1193 dupes... done.           



   --------------------------------------------------------------------------   
	    Aligning and cleaning gene [0;32mSAICAR_synt[0m; Number 96 of 119.
   --------------------------------------------------------------------------   

muscle 5.1.linux64 []  3.9Gb RAM, 8 cores
Built May 16 2023 07:53:40
(C) Copyright 2004-2021 Robert C. Edgar.
https://drive5.com

Input: 1245 seqs, length avg 239 max 243

00:00 8.8Mb    0.08% Derep 0 uniques, 0 dupes00:00 8.8Mb   100.0% Derep 267 uniques, 977 dupes
00:00 9.0Mb    0.37% UCLUST 267 seqs EE<0.01, 0 centroids, 0 members00:00 9.0Mb  CPU has 8 cores, running 5 threads                     
00:01 9.1Mb     6.7% UCLUST 267 seqs EE<0.01, 1 centroids, 16 members00:02 9.2Mb    46.1% UCLUST 267 seqs EE<0.01, 3 centroids, 119 members00:03 9.2Mb    67.0% UCLUST 267 seqs EE<0.01, 3 centroids, 175 members00:04 9.3Mb    95.9% UCLUST 267 seqs EE<0.01, 3 centroids, 252 members00:04 9.2Mb   100.0% UCLUST 267 seqs EE<0.01, 4 centroids, 262 members
00:04 9.5Mb    20.0% UCLUST 5 seqs EE<0.30, 0 centroids, 0 members    00:04 43Mb    100.0% UCLUST 5 seqs EE<0.30, 1 centroids, 3 members
00:04 43Mb    100.0% Make cluster MFAs                            
1 clusters pass 1                     
1 clusters pass 2
00:04 43Mb   
00:04 43Mb   Align cluster 1 / 1 (5 seqs)
00:04 43Mb   
00:04 43Mb     10.0% Calc posteriors00:04 314Mb   100.0% Calc posteriors
00:04 312Mb    10.0% Consistency (1/2)00:04 312Mb   100.0% Consistency (1/2)
00:04 312Mb    10.0% Consistency (2/2)00:04 312Mb   100.0% Consistency (2/2)
00:04 312Mb    25.0% UPGMA5           00:04 312Mb   100.0% UPGMA5
00:04 312Mb     1.0% Refining00:04 312Mb   100.0% Refining
00:04 312Mb   100.0% Consensus sequences
Inserting 978 dupes... done.            



   --------------------------------------------------------------------------   
	    Aligning and cleaning gene [0;32mSHMT[0m; Number 97 of 119.
   --------------------------------------------------------------------------   

muscle 5.1.linux64 []  3.9Gb RAM, 8 cores
Built May 16 2023 07:53:40
(C) Copyright 2004-2021 Robert C. Edgar.
https://drive5.com

Input: 1185 seqs, length avg 414 max 415

00:00 9.1Mb   0.084% Derep 0 uniques, 0 dupes00:00 9.1Mb   100.0% Derep 199 uniques, 985 dupes
00:00 9.2Mb     0.5% UCLUST 199 seqs EE<0.01, 0 centroids, 0 members00:00 9.2Mb  CPU has 8 cores, running 5 threads                     
00:01 9.5Mb     8.0% UCLUST 199 seqs EE<0.01, 1 centroids, 14 members00:02 9.5Mb    31.2% UCLUST 199 seqs EE<0.01, 1 centroids, 60 members00:03 9.5Mb    54.8% UCLUST 199 seqs EE<0.01, 2 centroids, 106 members00:04 9.6Mb    74.9% UCLUST 199 seqs EE<0.01, 2 centroids, 146 members00:06 9.6Mb    83.4% UCLUST 199 seqs EE<0.01, 2 centroids, 163 members00:07 9.6Mb    92.5% UCLUST 199 seqs EE<0.01, 2 centroids, 181 members00:07 9.6Mb   100.0% UCLUST 199 seqs EE<0.01, 2 centroids, 196 members
00:07 9.8Mb    50.0% UCLUST 2 seqs EE<0.30, 0 centroids, 0 members    00:07 9.8Mb   100.0% UCLUST 2 seqs EE<0.30, 1 centroids, 0 members
00:07 44Mb    100.0% Make cluster MFAs                            
1 clusters pass 1                     
1 clusters pass 2
00:07 44Mb   
00:07 44Mb   Align cluster 1 / 1 (2 seqs)
00:07 44Mb   
00:07 44Mb    100.0% Calc posteriors
00:07 43Mb    100.0% UPGMA5         
00:07 44Mb    100.0% Consensus sequences
Inserting 986 dupes... done.            



   --------------------------------------------------------------------------   
	    Aligning and cleaning gene [0;32mSMC_ScpA[0m; Number 98 of 119.
   --------------------------------------------------------------------------   

muscle 5.1.linux64 []  3.9Gb RAM, 8 cores
Built May 16 2023 07:53:40
(C) Copyright 2004-2021 Robert C. Edgar.
https://drive5.com

Input: 1308 seqs, length avg 249 max 256

00:00 8.7Mb   0.076% Derep 0 uniques, 0 dupes00:00 8.7Mb   100.0% Derep 187 uniques, 1120 dupes
00:00 9.1Mb    0.53% UCLUST 187 seqs EE<0.01, 0 centroids, 0 members00:00 9.1Mb  CPU has 8 cores, running 5 threads                     
00:01 9.2Mb    30.5% UCLUST 187 seqs EE<0.01, 8 centroids, 48 members00:02 9.2Mb    71.7% UCLUST 187 seqs EE<0.01, 12 centroids, 121 members00:02 9.3Mb   100.0% UCLUST 187 seqs EE<0.01, 13 centroids, 173 members
00:02 9.5Mb     7.7% UCLUST 13 seqs EE<0.30, 0 centroids, 0 members    00:02 43Mb    100.0% UCLUST 13 seqs EE<0.30, 1 centroids, 11 members
00:02 43Mb    100.0% Make cluster MFAs                              
1 clusters pass 1                     
1 clusters pass 2
00:02 43Mb   
00:02 43Mb   Align cluster 1 / 1 (13 seqs)
00:02 43Mb   
00:02 110Mb     1.3% Calc posteriors00:02 312Mb   100.0% Calc posteriors
00:02 312Mb     1.3% Consistency (1/2)00:02 312Mb   100.0% Consistency (1/2)
00:02 312Mb     1.3% Consistency (2/2)00:02 312Mb   100.0% Consistency (2/2)
00:02 312Mb     8.3% UPGMA5           00:02 312Mb   100.0% UPGMA5
00:02 312Mb     1.0% Refining00:02 313Mb   100.0% Refining
00:02 313Mb   100.0% Consensus sequences
Inserting 1121 dupes... done.           



   --------------------------------------------------------------------------   
	    Aligning and cleaning gene [0;32mSMC_ScpB[0m; Number 99 of 119.
   --------------------------------------------------------------------------   

muscle 5.1.linux64 []  3.9Gb RAM, 8 cores
Built May 16 2023 07:53:40
(C) Copyright 2004-2021 Robert C. Edgar.
https://drive5.com

Input: 1289 seqs, length avg 194 max 198

00:00 8.8Mb   0.078% Derep 0 uniques, 0 dupes00:00 8.8Mb   100.0% Derep 165 uniques, 1123 dupes
00:00 9.0Mb    0.61% UCLUST 165 seqs EE<0.01, 0 centroids, 0 members00:00 9.0Mb  CPU has 8 cores, running 5 threads                     
00:01 9.1Mb    48.5% UCLUST 165 seqs EE<0.01, 3 centroids, 76 members00:01 9.2Mb   100.0% UCLUST 165 seqs EE<0.01, 9 centroids, 155 members
00:01 11Mb     10.0% UCLUST 10 seqs EE<0.30, 0 centroids, 0 members   00:01 43Mb    100.0% UCLUST 10 seqs EE<0.30, 1 centroids, 8 members
00:01 44Mb    100.0% Make cluster MFAs                             
1 clusters pass 1                     
1 clusters pass 2
00:01 44Mb   
00:01 44Mb   Align cluster 1 / 1 (10 seqs)
00:01 44Mb   
00:01 44Mb      2.2% Calc posteriors00:01 313Mb   100.0% Calc posteriors
00:01 313Mb     2.2% Consistency (1/2)00:01 313Mb   100.0% Consistency (1/2)
00:01 313Mb     2.2% Consistency (2/2)00:01 313Mb   100.0% Consistency (2/2)
00:01 313Mb    11.1% UPGMA5           00:01 313Mb   100.0% UPGMA5
00:01 313Mb     1.0% Refining00:01 313Mb   100.0% Refining
00:01 313Mb   100.0% Consensus sequences
Inserting 1124 dupes... done.           



   --------------------------------------------------------------------------   
	    Aligning and cleaning gene [0;32mSPOUT_MTase[0m; Number 100 of 119.
   --------------------------------------------------------------------------   

muscle 5.1.linux64 []  3.9Gb RAM, 8 cores
Built May 16 2023 07:53:40
(C) Copyright 2004-2021 Robert C. Edgar.
https://drive5.com

Input: 1305 seqs, length avg 159 max 159

00:00 8.8Mb   0.077% Derep 0 uniques, 0 dupes00:00 8.8Mb   100.0% Derep 245 uniques, 1059 dupes
00:00 9.0Mb    0.41% UCLUST 245 seqs EE<0.01, 0 centroids, 0 members00:00 9.0Mb  CPU has 8 cores, running 5 threads                     
00:01 9.2Mb    55.1% UCLUST 245 seqs EE<0.01, 1 centroids, 133 members00:01 9.3Mb   100.0% UCLUST 245 seqs EE<0.01, 1 centroids, 243 members
00:01 9.5Mb   100.0% UCLUST 1 seqs EE<0.30, 0 centroids, 0 members    
00:01 9.5Mb   100.0% Make cluster MFAs                            
1 clusters pass 1                     
1 clusters pass 2
00:01 9.5Mb  Align cluster 1 / 1 (1 seq)
00:01 9.5Mb   100.0% Consensus sequences
Inserting 1060 dupes... done.           



   --------------------------------------------------------------------------   
	    Aligning and cleaning gene [0;32mSecE[0m; Number 101 of 119.
   --------------------------------------------------------------------------   

muscle 5.1.linux64 []  3.9Gb RAM, 8 cores
Built May 16 2023 07:53:40
(C) Copyright 2004-2021 Robert C. Edgar.
https://drive5.com

Input: 1306 seqs, length avg 59 max 61

00:00 8.5Mb   0.077% Derep 0 uniques, 0 dupes00:00 8.5Mb   100.0% Derep 51 uniques, 1254 dupes
00:00 8.8Mb     2.0% UCLUST 51 seqs EE<0.01, 0 centroids, 0 members00:00 8.8Mb  CPU has 8 cores, running 5 threads                    
00:00 8.8Mb   100.0% UCLUST 51 seqs EE<0.01, 7 centroids, 43 members
00:00 9.0Mb    14.3% UCLUST 7 seqs EE<0.30, 0 centroids, 0 members  00:00 43Mb    100.0% UCLUST 7 seqs EE<0.30, 1 centroids, 5 members
00:00 43Mb    100.0% Make cluster MFAs                            
1 clusters pass 1                     
1 clusters pass 2
00:00 43Mb   
00:00 43Mb   Align cluster 1 / 1 (7 seqs)
00:00 43Mb   
00:00 43Mb      4.8% Calc posteriors00:00 311Mb   100.0% Calc posteriors
00:00 311Mb     4.8% Consistency (1/2)00:00 311Mb   100.0% Consistency (1/2)
00:00 311Mb     4.8% Consistency (2/2)00:00 311Mb   100.0% Consistency (2/2)
00:00 311Mb    16.7% UPGMA5           00:00 311Mb   100.0% UPGMA5
00:00 311Mb     1.0% Refining00:00 311Mb   100.0% Refining
00:00 311Mb   100.0% Consensus sequences
Inserting 1255 dupes... done.           



   --------------------------------------------------------------------------   
	    Aligning and cleaning gene [0;32mSecG[0m; Number 102 of 119.
   --------------------------------------------------------------------------   

muscle 5.1.linux64 []  3.9Gb RAM, 8 cores
Built May 16 2023 07:53:40
(C) Copyright 2004-2021 Robert C. Edgar.
https://drive5.com

Input: 1307 seqs, length avg 77 max 78

00:00 8.7Mb   0.077% Derep 0 uniques, 0 dupes00:00 8.7Mb   100.0% Derep 61 uniques, 1245 dupes
00:00 8.8Mb     1.6% UCLUST 61 seqs EE<0.01, 0 centroids, 0 members00:00 8.8Mb  CPU has 8 cores, running 5 threads                    
00:00 8.9Mb   100.0% UCLUST 61 seqs EE<0.01, 2 centroids, 58 members
00:00 9.1Mb    33.3% UCLUST 3 seqs EE<0.30, 0 centroids, 0 members  00:00 43Mb    100.0% UCLUST 3 seqs EE<0.30, 1 centroids, 1 members
00:00 43Mb    100.0% Make cluster MFAs                            
1 clusters pass 1                     
1 clusters pass 2
00:00 43Mb   
00:00 43Mb   Align cluster 1 / 1 (3 seqs)
00:00 43Mb   
00:00 110Mb    33.3% Calc posteriors00:00 244Mb   100.0% Calc posteriors
00:00 177Mb    33.3% Consistency (1/2)00:00 177Mb   100.0% Consistency (1/2)
00:00 177Mb    33.3% Consistency (2/2)00:00 177Mb   100.0% Consistency (2/2)
00:00 177Mb    50.0% UPGMA5           00:00 177Mb   100.0% UPGMA5
00:00 177Mb     1.0% Refining00:00 177Mb   100.0% Refining
00:00 177Mb   100.0% Consensus sequences
Inserting 1246 dupes... done.           



   --------------------------------------------------------------------------   
	    Aligning and cleaning gene [0;32mSmpB[0m; Number 103 of 119.
   --------------------------------------------------------------------------   

muscle 5.1.linux64 []  3.9Gb RAM, 8 cores
Built May 16 2023 07:53:40
(C) Copyright 2004-2021 Robert C. Edgar.
https://drive5.com

Input: 1308 seqs, length avg 156 max 157

00:00 8.7Mb   0.076% Derep 0 uniques, 0 dupes00:00 8.7Mb   100.0% Derep 89 uniques, 1218 dupes
00:00 9.1Mb     1.1% UCLUST 89 seqs EE<0.01, 0 centroids, 0 members00:00 9.1Mb  CPU has 8 cores, running 5 threads                    
00:00 9.2Mb   100.0% UCLUST 89 seqs EE<0.01, 1 centroids, 87 members
00:00 9.4Mb   100.0% UCLUST 1 seqs EE<0.30, 0 centroids, 0 members  
00:00 9.4Mb   100.0% Make cluster MFAs                            
1 clusters pass 1                     
1 clusters pass 2
00:00 9.4Mb  Align cluster 1 / 1 (1 seq)
00:00 9.4Mb   100.0% Consensus sequences
Inserting 1219 dupes... done.           



   --------------------------------------------------------------------------   
	    Aligning and cleaning gene [0;32mTGT[0m; Number 104 of 119.
   --------------------------------------------------------------------------   

muscle 5.1.linux64 []  3.9Gb RAM, 8 cores
Built May 16 2023 07:53:40
(C) Copyright 2004-2021 Robert C. Edgar.
https://drive5.com

Input: 1303 seqs, length avg 380 max 388

00:00 9.2Mb   0.077% Derep 0 uniques, 0 dupes00:00 9.2Mb   100.0% Derep 142 uniques, 1160 dupes
00:00 9.3Mb     0.7% UCLUST 142 seqs EE<0.01, 0 centroids, 0 members00:00 9.3Mb  CPU has 8 cores, running 5 threads                     
00:01 9.6Mb    18.3% UCLUST 142 seqs EE<0.01, 2 centroids, 23 members00:02 9.7Mb    57.0% UCLUST 142 seqs EE<0.01, 2 centroids, 78 members00:03 9.7Mb    92.3% UCLUST 142 seqs EE<0.01, 2 centroids, 128 members00:03 9.7Mb   100.0% UCLUST 142 seqs EE<0.01, 2 centroids, 139 members
00:03 15Mb     50.0% UCLUST 2 seqs EE<0.30, 0 centroids, 0 members    00:03 15Mb    100.0% UCLUST 2 seqs EE<0.30, 1 centroids, 0 members
00:03 44Mb    100.0% Make cluster MFAs                            
1 clusters pass 1                     
1 clusters pass 2
00:03 44Mb   
00:03 44Mb   Align cluster 1 / 1 (2 seqs)
00:03 44Mb   
00:03 44Mb    100.0% Calc posteriors
00:03 44Mb    100.0% UPGMA5         
00:03 44Mb    100.0% Consensus sequences
Inserting 1161 dupes... done.           



   --------------------------------------------------------------------------   
	    Aligning and cleaning gene [0;32mTrmK[0m; Number 105 of 119.
   --------------------------------------------------------------------------   

muscle 5.1.linux64 []  3.9Gb RAM, 8 cores
Built May 16 2023 07:53:40
(C) Copyright 2004-2021 Robert C. Edgar.
https://drive5.com

Input: 1302 seqs, length avg 232 max 240

00:00 8.8Mb   0.077% Derep 0 uniques, 0 dupes00:00 8.8Mb   100.0% Derep 346 uniques, 955 dupes
00:00 9.0Mb    0.29% UCLUST 346 seqs EE<0.01, 0 centroids, 0 members00:00 9.0Mb  CPU has 8 cores, running 5 threads                     
00:01 9.1Mb     3.2% UCLUST 346 seqs EE<0.01, 2 centroids, 8 members00:02 9.2Mb    23.4% UCLUST 346 seqs EE<0.01, 7 centroids, 73 members00:03 9.2Mb    36.4% UCLUST 346 seqs EE<0.01, 7 centroids, 118 members00:04 9.2Mb    46.2% UCLUST 346 seqs EE<0.01, 7 centroids, 152 members00:05 9.2Mb    59.0% UCLUST 346 seqs EE<0.01, 7 centroids, 196 members00:06 11Mb     91.0% UCLUST 346 seqs EE<0.01, 9 centroids, 305 members00:06 11Mb    100.0% UCLUST 346 seqs EE<0.01, 9 centroids, 336 members
00:06 9.5Mb    11.1% UCLUST 9 seqs EE<0.30, 0 centroids, 0 members    00:06 43Mb    100.0% UCLUST 9 seqs EE<0.30, 1 centroids, 7 members
00:06 43Mb    100.0% Make cluster MFAs                            
1 clusters pass 1                     
1 clusters pass 2
00:06 43Mb   
00:06 43Mb   Align cluster 1 / 1 (9 seqs)
00:06 43Mb   
00:06 110Mb     2.8% Calc posteriors00:06 312Mb   100.0% Calc posteriors
00:06 312Mb     2.8% Consistency (1/2)00:06 312Mb   100.0% Consistency (1/2)
00:06 312Mb     2.8% Consistency (2/2)00:06 312Mb   100.0% Consistency (2/2)
00:06 312Mb    12.5% UPGMA5           00:06 312Mb   100.0% UPGMA5
00:06 312Mb     1.0% Refining00:06 312Mb   100.0% Refining
00:06 312Mb   100.0% Consensus sequences
Inserting 956 dupes... done.            



   --------------------------------------------------------------------------   
	    Aligning and cleaning gene [0;32mTsaE[0m; Number 106 of 119.
   --------------------------------------------------------------------------   

muscle 5.1.linux64 []  3.9Gb RAM, 8 cores
Built May 16 2023 07:53:40
(C) Copyright 2004-2021 Robert C. Edgar.
https://drive5.com

Input: 1264 seqs, length avg 157 max 171

00:00 8.8Mb   0.079% Derep 0 uniques, 0 dupes00:00 8.8Mb   100.0% Derep 221 uniques, 1042 dupes
00:00 9.0Mb    0.45% UCLUST 221 seqs EE<0.01, 0 centroids, 0 members00:00 9.0Mb  CPU has 8 cores, running 5 threads                     
00:01 9.2Mb    36.2% UCLUST 221 seqs EE<0.01, 3 centroids, 76 members00:01 10Mb    100.0% UCLUST 221 seqs EE<0.01, 8 centroids, 212 members
00:01 10Mb     12.5% UCLUST 8 seqs EE<0.30, 0 centroids, 0 members    00:01 43Mb    100.0% UCLUST 8 seqs EE<0.30, 1 centroids, 6 members
00:01 43Mb    100.0% Make cluster MFAs                            
1 clusters pass 1                     
1 clusters pass 2
00:01 43Mb   
00:01 43Mb   Align cluster 1 / 1 (8 seqs)
00:01 43Mb   
00:01 43Mb      3.6% Calc posteriors00:01 311Mb   100.0% Calc posteriors
00:01 311Mb     3.6% Consistency (1/2)00:01 311Mb   100.0% Consistency (1/2)
00:01 312Mb     3.6% Consistency (2/2)00:01 312Mb   100.0% Consistency (2/2)
00:01 312Mb    14.3% UPGMA5           00:01 312Mb   100.0% UPGMA5
00:01 312Mb     1.0% Refining00:01 312Mb   100.0% Refining
00:01 312Mb   100.0% Consensus sequences
Inserting 1043 dupes... done.           



   --------------------------------------------------------------------------   
	    Aligning and cleaning gene [0;32mTyr_Deacylase[0m; Number 107 of 119.
   --------------------------------------------------------------------------   

muscle 5.1.linux64 []  3.9Gb RAM, 8 cores
Built May 16 2023 07:53:40
(C) Copyright 2004-2021 Robert C. Edgar.
https://drive5.com

Input: 1302 seqs, length avg 146 max 154

00:00 8.8Mb   0.077% Derep 0 uniques, 0 dupes00:00 8.8Mb   100.0% Derep 204 uniques, 1097 dupes
00:00 9.0Mb    0.49% UCLUST 204 seqs EE<0.01, 0 centroids, 0 members00:00 9.0Mb  CPU has 8 cores, running 5 threads                     
00:01 9.2Mb    30.9% UCLUST 204 seqs EE<0.01, 2 centroids, 60 members00:01 9.2Mb   100.0% UCLUST 204 seqs EE<0.01, 2 centroids, 201 members
00:01 9.4Mb    50.0% UCLUST 2 seqs EE<0.30, 0 centroids, 0 members    00:01 9.4Mb   100.0% UCLUST 2 seqs EE<0.30, 1 centroids, 0 members
00:01 43Mb    100.0% Make cluster MFAs                            
1 clusters pass 1                     
1 clusters pass 2
00:01 43Mb   
00:01 43Mb   Align cluster 1 / 1 (2 seqs)
00:01 43Mb   
00:01 43Mb    100.0% Calc posteriors
00:01 43Mb    100.0% UPGMA5         
00:01 43Mb    100.0% Consensus sequences
Inserting 1098 dupes... done.           



   --------------------------------------------------------------------------   
	    Aligning and cleaning gene [0;32mUPF0052[0m; Number 108 of 119.
   --------------------------------------------------------------------------   

muscle 5.1.linux64 []  3.9Gb RAM, 8 cores
Built May 16 2023 07:53:40
(C) Copyright 2004-2021 Robert C. Edgar.
https://drive5.com

Input: 1307 seqs, length avg 317 max 329

00:00 9.2Mb   0.077% Derep 0 uniques, 0 dupes00:00 9.2Mb   100.0% Derep 185 uniques, 1121 dupes
00:00 9.3Mb    0.54% UCLUST 185 seqs EE<0.01, 0 centroids, 0 members00:00 9.3Mb  CPU has 8 cores, running 5 threads                     
00:01 9.6Mb    12.4% UCLUST 185 seqs EE<0.01, 4 centroids, 18 members00:02 9.6Mb    36.2% UCLUST 185 seqs EE<0.01, 6 centroids, 60 members00:03 9.6Mb    40.5% UCLUST 185 seqs EE<0.01, 6 centroids, 68 members00:04 9.6Mb    41.6% UCLUST 185 seqs EE<0.01, 6 centroids, 70 members00:05 9.6Mb    58.9% UCLUST 185 seqs EE<0.01, 6 centroids, 102 members00:06 9.6Mb    74.6% UCLUST 185 seqs EE<0.01, 6 centroids, 131 members00:07 9.6Mb    87.6% UCLUST 185 seqs EE<0.01, 6 centroids, 155 members00:07 9.6Mb   100.0% UCLUST 185 seqs EE<0.01, 6 centroids, 178 members
00:07 9.8Mb    16.7% UCLUST 6 seqs EE<0.30, 0 centroids, 0 members    00:07 43Mb    100.0% UCLUST 6 seqs EE<0.30, 1 centroids, 4 members
00:07 43Mb    100.0% Make cluster MFAs                            
1 clusters pass 1                     
1 clusters pass 2
00:07 43Mb   
00:07 43Mb   Align cluster 1 / 1 (6 seqs)
00:07 43Mb   
00:07 111Mb     6.7% Calc posteriors00:07 316Mb   100.0% Calc posteriors
00:07 312Mb     6.7% Consistency (1/2)00:07 312Mb   100.0% Consistency (1/2)
00:07 312Mb     6.7% Consistency (2/2)00:07 312Mb   100.0% Consistency (2/2)
00:07 312Mb    20.0% UPGMA5           00:07 312Mb   100.0% UPGMA5
00:07 312Mb     1.0% Refining00:07 313Mb   100.0% Refining
00:07 313Mb   100.0% Consensus sequences
Inserting 1122 dupes... done.           



   --------------------------------------------------------------------------   
	    Aligning and cleaning gene [0;32mUPF0054[0m; Number 109 of 119.
   --------------------------------------------------------------------------   

muscle 5.1.linux64 []  3.9Gb RAM, 8 cores
Built May 16 2023 07:53:40
(C) Copyright 2004-2021 Robert C. Edgar.
https://drive5.com

Input: 1309 seqs, length avg 157 max 160

00:00 8.7Mb   0.076% Derep 0 uniques, 0 dupes00:00 8.7Mb   100.0% Derep 185 uniques, 1123 dupes
00:00 9.1Mb    0.54% UCLUST 185 seqs EE<0.01, 0 centroids, 0 members00:00 9.1Mb  CPU has 8 cores, running 5 threads                     
00:01 9.2Mb    76.2% UCLUST 185 seqs EE<0.01, 3 centroids, 137 members00:01 9.2Mb   100.0% UCLUST 185 seqs EE<0.01, 3 centroids, 181 members
00:01 9.4Mb    33.3% UCLUST 3 seqs EE<0.30, 0 centroids, 0 members    00:01 43Mb    100.0% UCLUST 3 seqs EE<0.30, 1 centroids, 1 members
00:01 43Mb    100.0% Make cluster MFAs                            
1 clusters pass 1                     
1 clusters pass 2
00:01 43Mb   
00:01 43Mb   Align cluster 1 / 1 (3 seqs)
00:01 43Mb   
00:01 110Mb    33.3% Calc posteriors00:01 178Mb   100.0% Calc posteriors
00:01 177Mb    33.3% Consistency (1/2)00:01 177Mb   100.0% Consistency (1/2)
00:01 177Mb    33.3% Consistency (2/2)00:01 177Mb   100.0% Consistency (2/2)
00:01 177Mb    50.0% UPGMA5           00:01 177Mb   100.0% UPGMA5
00:01 177Mb     1.0% Refining00:01 177Mb   100.0% Refining
00:01 177Mb   100.0% Consensus sequences
Inserting 1124 dupes... done.           



   --------------------------------------------------------------------------   
	    Aligning and cleaning gene [0;32mVEG[0m; Number 110 of 119.
   --------------------------------------------------------------------------   

muscle 5.1.linux64 []  3.9Gb RAM, 8 cores
Built May 16 2023 07:53:40
(C) Copyright 2004-2021 Robert C. Edgar.
https://drive5.com

Input: 1307 seqs, length avg 86 max 91

00:00 8.7Mb   0.077% Derep 0 uniques, 0 dupes00:00 8.7Mb   100.0% Derep 61 uniques, 1245 dupes
00:00 8.8Mb     1.6% UCLUST 61 seqs EE<0.01, 0 centroids, 0 members00:00 8.8Mb  CPU has 8 cores, running 5 threads                    
00:00 8.9Mb   100.0% UCLUST 61 seqs EE<0.01, 8 centroids, 52 members
00:00 9.1Mb    12.5% UCLUST 8 seqs EE<0.30, 0 centroids, 0 members  00:00 43Mb    100.0% UCLUST 8 seqs EE<0.30, 1 centroids, 6 members
00:00 43Mb    100.0% Make cluster MFAs                            
1 clusters pass 1                     
1 clusters pass 2
00:00 43Mb   
00:00 43Mb   Align cluster 1 / 1 (8 seqs)
00:00 43Mb   
00:00 43Mb      3.6% Calc posteriors00:00 312Mb   100.0% Calc posteriors
00:00 311Mb     3.6% Consistency (1/2)00:00 311Mb   100.0% Consistency (1/2)
00:00 311Mb     3.6% Consistency (2/2)00:00 311Mb   100.0% Consistency (2/2)
00:00 311Mb    14.3% UPGMA5           00:00 311Mb   100.0% UPGMA5
00:00 311Mb     1.0% Refining00:00 311Mb   100.0% Refining
00:00 311Mb   100.0% Consensus sequences
Inserting 1246 dupes... done.           



   --------------------------------------------------------------------------   
	    Aligning and cleaning gene [0;32mYGGT[0m; Number 111 of 119.
   --------------------------------------------------------------------------   

muscle 5.1.linux64 []  3.9Gb RAM, 8 cores
Built May 16 2023 07:53:40
(C) Copyright 2004-2021 Robert C. Edgar.
https://drive5.com

Input: 1307 seqs, length avg 90 max 93

00:00 8.7Mb   0.077% Derep 0 uniques, 0 dupes00:00 8.7Mb   100.0% Derep 133 uniques, 1173 dupes
00:00 8.8Mb    0.75% UCLUST 133 seqs EE<0.01, 0 centroids, 0 members00:00 8.8Mb  CPU has 8 cores, running 5 threads                     
00:00 9.0Mb   100.0% UCLUST 133 seqs EE<0.01, 10 centroids, 122 members
00:00 9.2Mb    10.0% UCLUST 10 seqs EE<0.30, 0 centroids, 0 members    00:00 43Mb    100.0% UCLUST 10 seqs EE<0.30, 1 centroids, 8 members
00:00 43Mb    100.0% Make cluster MFAs                             
1 clusters pass 1                     
1 clusters pass 2
00:00 43Mb   
00:00 43Mb   Align cluster 1 / 1 (10 seqs)
00:00 43Mb   
00:00 110Mb     2.2% Calc posteriors00:01 312Mb    46.7% Calc posteriors00:01 311Mb   100.0% Calc posteriors
00:01 311Mb     2.2% Consistency (1/2)00:01 311Mb   100.0% Consistency (1/2)
00:01 311Mb     2.2% Consistency (2/2)00:01 311Mb   100.0% Consistency (2/2)
00:01 311Mb    11.1% UPGMA5           00:01 311Mb   100.0% UPGMA5
00:01 311Mb     1.0% Refining00:01 311Mb   100.0% Refining
00:01 311Mb   100.0% Consensus sequences
Inserting 1174 dupes... done.           



   --------------------------------------------------------------------------   
	    Aligning and cleaning gene [0;32mYajC[0m; Number 112 of 119.
   --------------------------------------------------------------------------   

muscle 5.1.linux64 []  3.9Gb RAM, 8 cores
Built May 16 2023 07:53:40
(C) Copyright 2004-2021 Robert C. Edgar.
https://drive5.com

Input: 1308 seqs, length avg 87 max 97

00:00 8.7Mb   0.076% Derep 0 uniques, 0 dupes00:00 8.7Mb   100.0% Derep 89 uniques, 1218 dupes
00:00 8.8Mb     1.1% UCLUST 89 seqs EE<0.01, 0 centroids, 0 members00:00 8.8Mb  CPU has 8 cores, running 5 threads                    
00:00 8.9Mb   100.0% UCLUST 89 seqs EE<0.01, 18 centroids, 70 members
00:00 9.2Mb     5.6% UCLUST 18 seqs EE<0.30, 0 centroids, 0 members  00:00 43Mb    100.0% UCLUST 18 seqs EE<0.30, 1 centroids, 16 members
00:00 43Mb    100.0% Make cluster MFAs                              
1 clusters pass 1                     
1 clusters pass 2
00:00 43Mb   
00:00 43Mb   Align cluster 1 / 1 (18 seqs)
00:00 43Mb   
00:00 110Mb    0.65% Calc posteriors00:00 311Mb   100.0% Calc posteriors
00:00 311Mb    0.65% Consistency (1/2)00:00 311Mb   100.0% Consistency (1/2)
00:00 311Mb    0.65% Consistency (2/2)00:00 311Mb   100.0% Consistency (2/2)
00:00 311Mb     5.9% UPGMA5           00:00 311Mb   100.0% UPGMA5
00:00 311Mb     1.0% Refining00:00 312Mb   100.0% Refining
00:00 312Mb   100.0% Consensus sequences
Inserting 1219 dupes... done.           



   --------------------------------------------------------------------------   
	    Aligning and cleaning gene [0;32mYbaB_DNA_bd[0m; Number 113 of 119.
   --------------------------------------------------------------------------   

muscle 5.1.linux64 []  3.9Gb RAM, 8 cores
Built May 16 2023 07:53:40
(C) Copyright 2004-2021 Robert C. Edgar.
https://drive5.com

Input: 1304 seqs, length avg 107 max 111

00:00 8.7Mb   0.077% Derep 0 uniques, 0 dupes00:00 8.7Mb   100.0% Derep 82 uniques, 1221 dupes
00:00 8.8Mb     1.2% UCLUST 82 seqs EE<0.01, 0 centroids, 0 members00:00 8.8Mb  CPU has 8 cores, running 5 threads                    
00:00 9.0Mb   100.0% UCLUST 82 seqs EE<0.01, 3 centroids, 78 members
00:00 9.2Mb    33.3% UCLUST 3 seqs EE<0.30, 0 centroids, 0 members  00:00 43Mb    100.0% UCLUST 3 seqs EE<0.30, 1 centroids, 1 members
00:00 43Mb    100.0% Make cluster MFAs                            
1 clusters pass 1                     
1 clusters pass 2
00:00 43Mb   
00:00 43Mb   Align cluster 1 / 1 (3 seqs)
00:00 43Mb   
00:00 110Mb    33.3% Calc posteriors00:00 110Mb   100.0% Calc posteriors
00:00 177Mb    33.3% Consistency (1/2)00:00 177Mb   100.0% Consistency (1/2)
00:00 177Mb    33.3% Consistency (2/2)00:00 177Mb   100.0% Consistency (2/2)
00:00 177Mb    50.0% UPGMA5           00:00 177Mb   100.0% UPGMA5
00:00 177Mb     1.0% Refining00:00 177Mb   100.0% Refining
00:00 177Mb   100.0% Consensus sequences
Inserting 1222 dupes... done.           



   --------------------------------------------------------------------------   
	    Aligning and cleaning gene [0;32mYbbR[0m; Number 114 of 119.
   --------------------------------------------------------------------------   

muscle 5.1.linux64 []  3.9Gb RAM, 8 cores
Built May 16 2023 07:53:40
(C) Copyright 2004-2021 Robert C. Edgar.
https://drive5.com

Input: 1306 seqs, length avg 482 max 525

00:00 9.2Mb   0.077% Derep 0 uniques, 0 dupes00:00 9.2Mb   100.0% Derep 455 uniques, 850 dupes
00:00 9.3Mb    0.22% UCLUST 455 seqs EE<0.01, 0 centroids, 0 members00:00 9.3Mb  CPU has 8 cores, running 5 threads                     
00:01 9.9Mb     2.0% UCLUST 455 seqs EE<0.01, 7 centroids, 1 members00:02 9.9Mb     3.5% UCLUST 455 seqs EE<0.01, 10 centroids, 5 members00:03 9.9Mb     5.1% UCLUST 455 seqs EE<0.01, 12 centroids, 10 members00:04 9.9Mb     6.2% UCLUST 455 seqs EE<0.01, 14 centroids, 13 members00:05 9.9Mb     7.7% UCLUST 455 seqs EE<0.01, 16 centroids, 18 members00:06 9.9Mb     9.5% UCLUST 455 seqs EE<0.01, 16 centroids, 26 members00:07 9.9Mb    10.5% UCLUST 455 seqs EE<0.01, 18 centroids, 29 members00:08 9.9Mb    11.9% UCLUST 455 seqs EE<0.01, 21 centroids, 32 members00:09 9.9Mb    13.4% UCLUST 455 seqs EE<0.01, 22 centroids, 38 members00:10 9.9Mb    15.4% UCLUST 455 seqs EE<0.01, 22 centroids, 47 members00:11 9.9Mb    16.9% UCLUST 455 seqs EE<0.01, 22 centroids, 54 members00:12 9.9Mb    18.9% UCLUST 455 seqs EE<0.01, 23 centroids, 62 members00:13 9.9Mb    20.7% UCLUST 455 seqs EE<0.01, 23 centroids, 70 members00:14 9.7Mb    21.5% UCLUST 455 seqs EE<0.01, 25 centroids, 72 members00:15 9.7Mb    22.6% UCLUST 455 seqs EE<0.01, 26 centroids, 76 members00:16 9.7Mb    24.0% UCLUST 455 seqs EE<0.01, 26 centroids, 82 members00:17 9.7Mb    25.5% UCLUST 455 seqs EE<0.01, 29 centroids, 86 members00:18 9.7Mb    28.1% UCLUST 455 seqs EE<0.01, 29 centroids, 98 members00:19 9.7Mb    29.5% UCLUST 455 seqs EE<0.01, 32 centroids, 101 members00:20 9.7Mb    31.0% UCLUST 455 seqs EE<0.01, 36 centroids, 104 members00:21 9.7Mb    31.4% UCLUST 455 seqs EE<0.01, 36 centroids, 106 members00:22 9.7Mb    32.1% UCLUST 455 seqs EE<0.01, 36 centroids, 109 members00:23 9.9Mb    34.1% UCLUST 455 seqs EE<0.01, 38 centroids, 116 members00:24 9.9Mb    36.5% UCLUST 455 seqs EE<0.01, 40 centroids, 125 members00:25 9.9Mb    39.6% UCLUST 455 seqs EE<0.01, 43 centroids, 136 members00:26 9.9Mb    40.9% UCLUST 455 seqs EE<0.01, 46 centroids, 139 members00:27 9.9Mb    48.6% UCLUST 455 seqs EE<0.01, 47 centroids, 173 members00:28 20Mb     55.2% UCLUST 455 seqs EE<0.01, 51 centroids, 199 members00:29 20Mb     60.4% UCLUST 455 seqs EE<0.01, 54 centroids, 220 members00:30 20Mb     69.5% UCLUST 455 seqs EE<0.01, 55 centroids, 260 members00:31 20Mb     74.3% UCLUST 455 seqs EE<0.01, 59 centroids, 278 members00:32 20Mb     79.1% UCLUST 455 seqs EE<0.01, 62 centroids, 297 members00:33 20Mb     87.5% UCLUST 455 seqs EE<0.01, 64 centroids, 333 members00:34 20Mb     91.2% UCLUST 455 seqs EE<0.01, 67 centroids, 347 members00:35 20Mb     95.4% UCLUST 455 seqs EE<0.01, 70 centroids, 363 members00:36 20Mb     97.4% UCLUST 455 seqs EE<0.01, 75 centroids, 367 members00:37 20Mb     98.9% UCLUST 455 seqs EE<0.01, 78 centroids, 371 members00:37 20Mb    100.0% UCLUST 455 seqs EE<0.01, 80 centroids, 374 members
00:38 20Mb      1.2% UCLUST 81 seqs EE<0.30, 0 centroids, 0 members    00:39 44Mb     22.2% UCLUST 81 seqs EE<0.30, 1 centroids, 16 members00:40 44Mb     42.0% UCLUST 81 seqs EE<0.30, 1 centroids, 32 members00:41 44Mb     69.1% UCLUST 81 seqs EE<0.30, 1 centroids, 54 members00:41 55Mb    100.0% UCLUST 81 seqs EE<0.30, 1 centroids, 79 members
00:41 55Mb    100.0% Make cluster MFAs                              
1 clusters pass 1                     
1 clusters pass 2
00:41 55Mb   
00:41 55Mb   Align cluster 1 / 1 (81 seqs)
00:41 55Mb   
00:41 122Mb   0.031% Calc posteriors00:42 323Mb    0.19% Calc posteriors00:43 323Mb     2.9% Calc posteriors00:44 324Mb     5.3% Calc posteriors00:45 324Mb     7.8% Calc posteriors00:46 324Mb    10.3% Calc posteriors00:47 324Mb    12.9% Calc posteriors00:48 324Mb    15.4% Calc posteriors00:49 324Mb    18.1% Calc posteriors00:50 324Mb    20.7% Calc posteriors00:51 324Mb    23.3% Calc posteriors00:52 325Mb    25.8% Calc posteriors00:53 325Mb    28.5% Calc posteriors00:55 325Mb    31.0% Calc posteriors00:56 325Mb    32.5% Calc posteriors00:57 326Mb    35.1% Calc posteriors00:58 325Mb    37.5% Calc posteriors00:59 326Mb    40.2% Calc posteriors01:00 316Mb    42.7% Calc posteriors01:01 316Mb    45.2% Calc posteriors01:02 326Mb    47.9% Calc posteriors01:03 327Mb    50.4% Calc posteriors01:04 327Mb    53.0% Calc posteriors01:05 327Mb    55.8% Calc posteriors01:06 327Mb    58.4% Calc posteriors01:07 327Mb    61.1% Calc posteriors01:08 327Mb    63.9% Calc posteriors01:09 328Mb    66.5% Calc posteriors01:10 317Mb    69.2% Calc posteriors01:11 327Mb    71.9% Calc posteriors01:12 327Mb    74.6% Calc posteriors01:13 328Mb    77.2% Calc posteriors01:14 328Mb    80.0% Calc posteriors01:15 328Mb    82.8% Calc posteriors01:16 318Mb    85.4% Calc posteriors01:17 329Mb    88.1% Calc posteriors01:18 329Mb    90.9% Calc posteriors01:19 329Mb    93.6% Calc posteriors01:20 329Mb    96.1% Calc posteriors01:21 330Mb    98.2% Calc posteriors01:22 320Mb    99.4% Calc posteriors01:22 320Mb   100.0% Calc posteriors
01:22 320Mb   0.031% Consistency (1/2)01:23 322Mb    18.0% Consistency (1/2)01:24 323Mb    57.4% Consistency (1/2)01:25 325Mb    85.7% Consistency (1/2)01:25 328Mb   100.0% Consistency (1/2)
01:25 328Mb   0.031% Consistency (2/2)01:26 329Mb     5.1% Consistency (2/2)01:27 329Mb    44.5% Consistency (2/2)01:28 329Mb    79.9% Consistency (2/2)01:29 329Mb    99.7% Consistency (2/2)01:29 329Mb   100.0% Consistency (2/2)
01:29 329Mb     1.2% UPGMA5           01:29 329Mb   100.0% UPGMA5
01:29 329Mb     1.0% Refining01:29 338Mb   100.0% Refining
01:29 338Mb   100.0% Consensus sequences
Inserting 851 dupes... done.            



   --------------------------------------------------------------------------   
	    Aligning and cleaning gene [0;32mYceD[0m; Number 115 of 119.
   --------------------------------------------------------------------------   

muscle 5.1.linux64 []  3.9Gb RAM, 8 cores
Built May 16 2023 07:53:40
(C) Copyright 2004-2021 Robert C. Edgar.
https://drive5.com

Input: 1309 seqs, length avg 170 max 180

00:00 8.7Mb   0.076% Derep 0 uniques, 0 dupes00:00 8.7Mb   100.0% Derep 143 uniques, 1165 dupes
00:00 9.1Mb     0.7% UCLUST 143 seqs EE<0.01, 0 centroids, 0 members00:00 9.1Mb  CPU has 8 cores, running 5 threads                     
00:01 9.2Mb     6.3% UCLUST 143 seqs EE<0.01, 5 centroids, 3 members00:01 10Mb    100.0% UCLUST 143 seqs EE<0.01, 13 centroids, 129 members
00:01 10Mb      7.7% UCLUST 13 seqs EE<0.30, 0 centroids, 0 members    00:02 43Mb     30.8% UCLUST 13 seqs EE<0.30, 1 centroids, 2 members00:02 43Mb    100.0% UCLUST 13 seqs EE<0.30, 1 centroids, 11 members
00:02 43Mb    100.0% Make cluster MFAs                              
1 clusters pass 1                     
1 clusters pass 2
00:02 43Mb   
00:02 43Mb   Align cluster 1 / 1 (13 seqs)
00:02 43Mb   
00:02 110Mb     1.3% Calc posteriors00:02 311Mb   100.0% Calc posteriors
00:02 311Mb     1.3% Consistency (1/2)00:02 312Mb   100.0% Consistency (1/2)
00:02 312Mb     1.3% Consistency (2/2)00:02 312Mb   100.0% Consistency (2/2)
00:02 312Mb     8.3% UPGMA5           00:02 312Mb   100.0% UPGMA5
00:02 312Mb     1.0% Refining00:02 312Mb   100.0% Refining
00:02 312Mb   100.0% Consensus sequences
Inserting 1166 dupes... done.           



   --------------------------------------------------------------------------   
	    Aligning and cleaning gene [0;32mYidD[0m; Number 116 of 119.
   --------------------------------------------------------------------------   

muscle 5.1.linux64 []  3.9Gb RAM, 8 cores
Built May 16 2023 07:53:40
(C) Copyright 2004-2021 Robert C. Edgar.
https://drive5.com

Input: 1285 seqs, length avg 76 max 85

00:00 8.6Mb   0.078% Derep 0 uniques, 0 dupes00:00 8.6Mb   100.0% Derep 125 uniques, 1159 dupes
00:00 8.8Mb     0.8% UCLUST 125 seqs EE<0.01, 0 centroids, 0 members00:00 8.8Mb  CPU has 8 cores, running 5 threads                     
00:00 8.9Mb   100.0% UCLUST 125 seqs EE<0.01, 15 centroids, 109 members
00:00 9.1Mb     6.7% UCLUST 15 seqs EE<0.30, 0 centroids, 0 members    00:00 43Mb    100.0% UCLUST 15 seqs EE<0.30, 1 centroids, 13 members
00:00 43Mb    100.0% Make cluster MFAs                              
1 clusters pass 1                     
1 clusters pass 2
00:00 43Mb   
00:00 43Mb   Align cluster 1 / 1 (15 seqs)
00:00 43Mb   
00:00 43Mb     0.95% Calc posteriors00:00 311Mb   100.0% Calc posteriors
00:00 311Mb    0.95% Consistency (1/2)00:00 311Mb   100.0% Consistency (1/2)
00:00 311Mb    0.95% Consistency (2/2)00:00 311Mb   100.0% Consistency (2/2)
00:00 311Mb     7.1% UPGMA5           00:00 311Mb   100.0% UPGMA5
00:00 311Mb     1.0% Refining00:00 312Mb   100.0% Refining
00:00 312Mb   100.0% Consensus sequences
Inserting 1160 dupes... done.           



   --------------------------------------------------------------------------   
	    Aligning and cleaning gene [0;32meIF-1a[0m; Number 117 of 119.
   --------------------------------------------------------------------------   

muscle 5.1.linux64 []  3.9Gb RAM, 8 cores
Built May 16 2023 07:53:40
(C) Copyright 2004-2021 Robert C. Edgar.
https://drive5.com

Input: 1308 seqs, length avg 72 max 72

00:00 8.7Mb   0.076% Derep 0 uniques, 0 dupes00:00 8.7Mb   100.0% Derep 23 uniques, 1284 dupes
00:00 8.8Mb     4.3% UCLUST 23 seqs EE<0.01, 0 centroids, 0 members00:00 8.8Mb  CPU has 8 cores, running 5 threads                    
00:00 8.9Mb   100.0% UCLUST 23 seqs EE<0.01, 1 centroids, 21 members
00:00 9.1Mb   100.0% UCLUST 1 seqs EE<0.30, 0 centroids, 0 members  
00:00 9.1Mb   100.0% Make cluster MFAs                            
1 clusters pass 1                     
1 clusters pass 2
00:00 9.1Mb  Align cluster 1 / 1 (1 seq)
00:00 9.1Mb   100.0% Consensus sequences
Inserting 1285 dupes... done.           



   --------------------------------------------------------------------------   
	    Aligning and cleaning gene [0;32mribosomal_L24[0m; Number 118 of 119.
   --------------------------------------------------------------------------   

muscle 5.1.linux64 []  3.9Gb RAM, 8 cores
Built May 16 2023 07:53:40
(C) Copyright 2004-2021 Robert C. Edgar.
https://drive5.com

Input: 1309 seqs, length avg 103 max 103

00:00 8.7Mb   0.076% Derep 0 uniques, 0 dupes00:00 8.7Mb   100.0% Derep 56 uniques, 1252 dupes
00:00 8.8Mb     1.8% UCLUST 56 seqs EE<0.01, 0 centroids, 0 members00:00 8.8Mb  CPU has 8 cores, running 5 threads                    
00:00 9.0Mb   100.0% UCLUST 56 seqs EE<0.01, 1 centroids, 54 members
00:00 9.2Mb   100.0% UCLUST 1 seqs EE<0.30, 0 centroids, 0 members  
00:00 9.2Mb   100.0% Make cluster MFAs                            
1 clusters pass 1                     
1 clusters pass 2
00:00 9.2Mb  Align cluster 1 / 1 (1 seq)
00:00 9.2Mb   100.0% Consensus sequences
Inserting 1253 dupes... done.           



   --------------------------------------------------------------------------   
	    Aligning and cleaning gene [0;32mtRNA_m1G_MT[0m; Number 119 of 119.
   --------------------------------------------------------------------------   

muscle 5.1.linux64 []  3.9Gb RAM, 8 cores
Built May 16 2023 07:53:40
(C) Copyright 2004-2021 Robert C. Edgar.
https://drive5.com

Input: 1307 seqs, length avg 244 max 252

00:00 8.8Mb   0.077% Derep 0 uniques, 0 dupes00:00 8.8Mb   100.0% Derep 188 uniques, 1118 dupes
00:00 9.0Mb    0.53% UCLUST 188 seqs EE<0.01, 0 centroids, 0 members00:00 9.0Mb  CPU has 8 cores, running 5 threads                     
00:01 9.2Mb     6.9% UCLUST 188 seqs EE<0.01, 4 centroids, 8 members00:03 9.2Mb    40.4% UCLUST 188 seqs EE<0.01, 7 centroids, 68 members00:04 9.2Mb    64.4% UCLUST 188 seqs EE<0.01, 7 centroids, 113 members00:04 9.3Mb   100.0% UCLUST 188 seqs EE<0.01, 8 centroids, 179 members
00:04 12Mb     12.5% UCLUST 8 seqs EE<0.30, 0 centroids, 0 members    00:04 43Mb    100.0% UCLUST 8 seqs EE<0.30, 1 centroids, 6 members
00:04 43Mb    100.0% Make cluster MFAs                            
1 clusters pass 1                     
1 clusters pass 2
00:04 43Mb   
00:04 43Mb   Align cluster 1 / 1 (8 seqs)
00:04 43Mb   
00:04 43Mb      3.6% Calc posteriors00:04 314Mb   100.0% Calc posteriors
00:04 312Mb     3.6% Consistency (1/2)00:04 312Mb   100.0% Consistency (1/2)
00:04 312Mb     3.6% Consistency (2/2)00:04 312Mb   100.0% Consistency (2/2)
00:04 312Mb    14.3% UPGMA5           00:04 312Mb   100.0% UPGMA5
00:04 312Mb     1.0% Refining00:04 312Mb   100.0% Refining
00:04 312Mb   100.0% Consensus sequences
Inserting 1119 dupes... done.           



________________________________________________________________________________



 ############################################################################## 
 ####                  Catting all alignments together                     ####
 ############################################################################## 

           It is currently 01:26 PM; the process started at 11:56 AM.
               Current process runtime: 1 hours and 30 minutes.


________________________________________________________________________________




#################################################################################
####                                 [0;32mDone!![0m                                  ####
#################################################################################

  Overall, 1311 genomes of the input 1312 were retained (see notes below).

    Alignment written to:
        [0;32m/home/bacte/bacillus_amr/06_phylogeny/gtotree_firmicutes/Aligned_SCGs.faa[0m

    Main genomes summary table written to:
        [0;32m/home/bacte/bacillus_amr/06_phylogeny/gtotree_firmicutes/Genomes_summary_info.tsv[0m

    Summary table with hits per target gene per genome written to:
        [0;32m/home/bacte/bacillus_amr/06_phylogeny/gtotree_firmicutes/SCG_hit_counts.tsv[0m

    Partitions file (for downstream use with mixed-model treeing) written to:
        [0;32m/home/bacte/bacillus_amr/06_phylogeny/gtotree_firmicutes/run_files/Partitions.txt[0m
        [0;32m/home/bacte/bacillus_amr/06_phylogeny/gtotree_firmicutes/run_files/Partitions.nex[0m

 _______________________________________________________________________________

  Notes:

        1 genome(s) removed due to having too few hits to the targeted SCGs.
        1 genome(s) had an estimated redundancy of >= 10%.

    Reported along with additional informative run files in:
        [0;32m/home/bacte/bacillus_amr/06_phylogeny/gtotree_firmicutes/run_files/[0m

 _______________________________________________________________________________

    Log file written to:
        [0;32m/home/bacte/bacillus_amr/06_phylogeny/gtotree_firmicutes/gtotree-runlog.txt[0m
 _______________________________________________________________________________

    [0;33mPrograms used and their citations have been written to:
[0m        [0;32m/home/bacte/bacillus_amr/06_phylogeny/gtotree_firmicutes/citations.txt[0m

 _______________________________________________________________________________


                                         Total process runtime: 1 hours and 30 minutes.
                                                      [0;32mHappy Monday :)[0m

