BACILLUS AMR PROJECT
STEP 17 - PROKKA ANNOTATION OF AMR CONTEXT WINDOWS

Date: 2026-10-06T12:52:39-06:00
Prokka: prokka 1.15.6
Input windows: 41

[1/41] L001_GCF_001617995.1_emrC
[12:52:39] This is prokka 1.15.6
[12:52:39] Written by Torsten Seemann <torsten.seemann@gmail.com>
[12:52:39] Homepage is https://github.com/tseemann/prokka
[12:52:39] Local time is Tue Oct  6 12:52:39 2026
[12:52:39] You are bacte
[12:52:39] Operating system is linux
[12:52:39] You have BioPerl 1.7.8
[12:52:39] System has 8 cores.
[12:52:39] Will use maximum of 2 cores.
[12:52:39] Annotating as >>> Bacteria <<<
[12:52:39] Generating locus_tag from '/home/bacte/bacillus_amr/08_genomic_context/windows_10kb/L001_GCF_001617995.1_emrC.fna' contents.
[12:52:39] Setting --locustag KHCAKFNF from MD5 41ca4f7ff563e47df29740f61a08ff5b
[12:52:39] Creating new output folder: /home/bacte/bacillus_amr/08_genomic_context/prokka/L001_GCF_001617995.1_emrC
[12:52:39] Running: mkdir -p \/home\/bacte\/bacillus_amr\/08_genomic_context\/prokka\/L001_GCF_001617995\.1_emrC
[12:52:39] Using filename prefix: L001_GCF_001617995.1_emrC.XXX
[12:52:39] Setting HMMER_NCPU=1
[12:52:39] Writing log to: /home/bacte/bacillus_amr/08_genomic_context/prokka/L001_GCF_001617995.1_emrC/L001_GCF_001617995.1_emrC.log
[12:52:39] Command: /home/bacte/miniconda3/envs/bacillus_ecogenomics/bin/prokka /home/bacte/bacillus_amr/08_genomic_context/windows_10kb/L001_GCF_001617995.1_emrC.fna --outdir /home/bacte/bacillus_amr/08_genomic_context/prokka/L001_GCF_001617995.1_emrC --prefix L001_GCF_001617995.1_emrC --kingdom Bacteria --genus Bacillus --cpus 2
[12:52:39] Looking for 'aragorn' - found /home/bacte/miniconda3/envs/bacillus_ecogenomics/bin/aragorn
[12:52:39] Determined aragorn version is v1.2 from 'ARAGORN v1.2.41 Dean Laslett'
[12:52:39] Looking for 'barrnap' - found /home/bacte/miniconda3/envs/bacillus_ecogenomics/bin/barrnap
[12:52:39] Determined barrnap version is v1.10 from 'barrnap 1.10.5'
[12:52:39] Looking for 'blastp' - found /home/bacte/miniconda3/envs/bacillus_ecogenomics/bin/blastp
[12:52:39] Determined blastp version is v2.17 from 'blastp: 2.17.0+'
[12:52:39] Looking for 'cmpress' - found /home/bacte/miniconda3/envs/bacillus_ecogenomics/bin/cmpress
[12:52:39] Determined cmpress version is v1.1 from '# INFERNAL 1.1.5 (Sep 2023)'
[12:52:39] Looking for 'cmscan' - found /home/bacte/miniconda3/envs/bacillus_ecogenomics/bin/cmscan
[12:52:39] Determined cmscan version is v1.1 from '# INFERNAL 1.1.5 (Sep 2023)'
[12:52:39] Looking for 'egrep' - found /usr/bin/egrep
[12:52:39] Looking for 'find' - found /usr/bin/find
[12:52:39] Looking for 'grep' - found /usr/bin/grep
[12:52:39] Looking for 'hmmpress' - found /home/bacte/miniconda3/envs/bacillus_ecogenomics/bin/hmmpress
[12:52:39] Determined hmmpress version is v3.4 from '# HMMER 3.4 (Aug 2023); http://hmmer.org/'
[12:52:39] Looking for 'hmmscan' - found /home/bacte/miniconda3/envs/bacillus_ecogenomics/bin/hmmscan
[12:52:39] Determined hmmscan version is v3.4 from '# HMMER 3.4 (Aug 2023); http://hmmer.org/'
[12:52:39] Looking for 'java' - found /home/bacte/miniconda3/envs/bacillus_ecogenomics/bin/java
[12:52:39] Looking for 'makeblastdb' - found /home/bacte/miniconda3/envs/bacillus_ecogenomics/bin/makeblastdb
[12:52:39] Determined makeblastdb version is v2.17 from 'makeblastdb: 2.17.0+'
[12:52:39] Looking for 'minced' - found /home/bacte/miniconda3/envs/bacillus_ecogenomics/bin/minced
[12:52:39] Determined minced version is v4.2 from 'minced 0.4.2'
[12:52:39] Looking for 'parallel' - found /home/bacte/miniconda3/envs/bacillus_ecogenomics/bin/parallel
[12:52:39] Determined parallel version is 20260422 from 'GNU parallel 20260422'
[12:52:39] Looking for 'prodigal' - found /home/bacte/miniconda3/envs/bacillus_ecogenomics/bin/prodigal
[12:52:39] Determined prodigal version is v2.6 from 'Prodigal V2.6.3: February, 2016'
[12:52:39] Looking for 'prokka-genbank_to_fasta_db' - found /home/bacte/miniconda3/envs/bacillus_ecogenomics/bin/prokka-genbank_to_fasta_db
[12:52:39] Looking for 'sed' - found /usr/bin/sed
[12:52:39] Looking for 'tbl2asn' - found /home/bacte/miniconda3/envs/bacillus_ecogenomics/bin/tbl2asn
[12:52:40] Determined tbl2asn version is v25.7 from 'tbl2asn 25.7   arguments:'
[12:52:40] Using genetic code table 11.
[12:52:40] Loading and checking input file: /home/bacte/bacillus_amr/08_genomic_context/windows_10kb/L001_GCF_001617995.1_emrC.fna
[12:52:40] Wrote 1 contigs totalling 20360 bp.
[12:52:40] Predicting tRNAs and tmRNAs
[12:52:40] Running: aragorn -l -gc11  -w \/home\/bacte\/bacillus_amr\/08_genomic_context\/prokka\/L001_GCF_001617995\.1_emrC\/L001_GCF_001617995\.1_emrC\.fna
[12:52:40] Found 0 tRNAs
[12:52:40] Predicting Ribosomal RNAs
[12:52:40] Running Barrnap with 2 threads
[12:52:40] Found 0 rRNAs
[12:52:40] Skipping ncRNA search, enable with --rfam if desired.
[12:52:40] Total of 0 tRNA + rRNA features
[12:52:40] Searching for CRISPR repeats
[12:52:40] Found 0 CRISPRs
[12:52:40] Predicting coding sequences
[12:52:40] Contigs total 20360 bp, so using single mode
[12:52:40] Running: prodigal -i \/home\/bacte\/bacillus_amr\/08_genomic_context\/prokka\/L001_GCF_001617995\.1_emrC\/L001_GCF_001617995\.1_emrC\.fna -c -m -g 11 -p single -f sco -q


Warning:  ideally Prodigal should be given at least 100000 bases for training.
You may get better results with the -p meta option.

[12:52:40] Found 30 CDS
[12:52:40] Connecting features back to sequences
[12:52:40] Not using genus-specific database. Try --usegenus to enable it.
[12:52:40] Annotating CDS, please be patient.
[12:52:40] Will use 2 CPUs for similarity searching.
[12:52:40] There are still 30 unannotated CDS left (started with 30)
[12:52:40] Will use blast to search against /home/bacte/miniconda3/envs/bacillus_ecogenomics/db/kingdom/Bacteria/IS with 2 CPUs
[12:52:40] Running: cat \/home\/bacte\/bacillus_amr\/08_genomic_context\/prokka\/L001_GCF_001617995\.1_emrC\/L001_GCF_001617995\.1_emrC\.IS\.tmp\.2626\.faa | parallel --gnu --plain -j 2 --block 1427 --recstart '>' --pipe blastp -query - -db /home/bacte/miniconda3/envs/bacillus_ecogenomics/db/kingdom/Bacteria/IS -evalue 1e-30 -qcov_hsp_perc 90 -num_threads 1 -num_descriptions 1 -num_alignments 1 -seg no > \/home\/bacte\/bacillus_amr\/08_genomic_context\/prokka\/L001_GCF_001617995\.1_emrC\/L001_GCF_001617995\.1_emrC\.IS\.tmp\.2626\.blast 2> /dev/null
[12:52:41] Deleting unwanted file: /home/bacte/bacillus_amr/08_genomic_context/prokka/L001_GCF_001617995.1_emrC/L001_GCF_001617995.1_emrC.IS.tmp.2626.faa
[12:52:41] Deleting unwanted file: /home/bacte/bacillus_amr/08_genomic_context/prokka/L001_GCF_001617995.1_emrC/L001_GCF_001617995.1_emrC.IS.tmp.2626.blast
[12:52:41] There are still 30 unannotated CDS left (started with 30)
[12:52:41] Will use blast to search against /home/bacte/miniconda3/envs/bacillus_ecogenomics/db/kingdom/Bacteria/AMR with 2 CPUs
[12:52:41] Running: cat \/home\/bacte\/bacillus_amr\/08_genomic_context\/prokka\/L001_GCF_001617995\.1_emrC\/L001_GCF_001617995\.1_emrC\.AMR\.tmp\.2626\.faa | parallel --gnu --plain -j 2 --block 1427 --recstart '>' --pipe blastp -query - -db /home/bacte/miniconda3/envs/bacillus_ecogenomics/db/kingdom/Bacteria/AMR -evalue 1e-300 -qcov_hsp_perc 90 -num_threads 1 -num_descriptions 1 -num_alignments 1 -seg no > \/home\/bacte\/bacillus_amr\/08_genomic_context\/prokka\/L001_GCF_001617995\.1_emrC\/L001_GCF_001617995\.1_emrC\.AMR\.tmp\.2626\.blast 2> /dev/null
[12:52:42] Deleting unwanted file: /home/bacte/bacillus_amr/08_genomic_context/prokka/L001_GCF_001617995.1_emrC/L001_GCF_001617995.1_emrC.AMR.tmp.2626.faa
[12:52:42] Deleting unwanted file: /home/bacte/bacillus_amr/08_genomic_context/prokka/L001_GCF_001617995.1_emrC/L001_GCF_001617995.1_emrC.AMR.tmp.2626.blast
[12:52:42] There are still 30 unannotated CDS left (started with 30)
[12:52:42] Will use blast to search against /home/bacte/miniconda3/envs/bacillus_ecogenomics/db/kingdom/Bacteria/sprot with 2 CPUs
[12:52:42] Running: cat \/home\/bacte\/bacillus_amr\/08_genomic_context\/prokka\/L001_GCF_001617995\.1_emrC\/L001_GCF_001617995\.1_emrC\.sprot\.tmp\.2626\.faa | parallel --gnu --plain -j 2 --block 1427 --recstart '>' --pipe blastp -query - -db /home/bacte/miniconda3/envs/bacillus_ecogenomics/db/kingdom/Bacteria/sprot -evalue 1e-09 -qcov_hsp_perc 80 -num_threads 1 -num_descriptions 1 -num_alignments 1 -seg no > \/home\/bacte\/bacillus_amr\/08_genomic_context\/prokka\/L001_GCF_001617995\.1_emrC\/L001_GCF_001617995\.1_emrC\.sprot\.tmp\.2626\.blast 2> /dev/null
[12:52:43] Modify product: Acetyltransferase SACOL1063 => Acetyltransferase
[12:52:43] Cleaned 1 /product names
[12:52:43] Deleting unwanted file: /home/bacte/bacillus_amr/08_genomic_context/prokka/L001_GCF_001617995.1_emrC/L001_GCF_001617995.1_emrC.sprot.tmp.2626.faa
[12:52:43] Deleting unwanted file: /home/bacte/bacillus_amr/08_genomic_context/prokka/L001_GCF_001617995.1_emrC/L001_GCF_001617995.1_emrC.sprot.tmp.2626.blast
[12:52:43] There are still 20 unannotated CDS left (started with 30)
[12:52:43] Will use hmmer3 to search against /home/bacte/miniconda3/envs/bacillus_ecogenomics/db/hmm/HAMAP.hmm with 2 CPUs
[12:52:43] Running: cat \/home\/bacte\/bacillus_amr\/08_genomic_context\/prokka\/L001_GCF_001617995\.1_emrC\/L001_GCF_001617995\.1_emrC\.HAMAP\.hmm\.tmp\.2626\.faa | parallel --gnu --plain -j 2 --block 715 --recstart '>' --pipe hmmscan --noali --notextw --acc -E 1e-09 --cpu 1 /home/bacte/miniconda3/envs/bacillus_ecogenomics/db/hmm/HAMAP.hmm /dev/stdin > \/home\/bacte\/bacillus_amr\/08_genomic_context\/prokka\/L001_GCF_001617995\.1_emrC\/L001_GCF_001617995\.1_emrC\.HAMAP\.hmm\.tmp\.2626\.hmmer3 2> /dev/null
[12:52:44] Deleting unwanted file: /home/bacte/bacillus_amr/08_genomic_context/prokka/L001_GCF_001617995.1_emrC/L001_GCF_001617995.1_emrC.HAMAP.hmm.tmp.2626.faa
[12:52:44] Deleting unwanted file: /home/bacte/bacillus_amr/08_genomic_context/prokka/L001_GCF_001617995.1_emrC/L001_GCF_001617995.1_emrC.HAMAP.hmm.tmp.2626.hmmer3
[12:52:44] Labelling remaining 19 proteins as 'hypothetical protein'
[12:52:44] Found 10 unique /gene codes.
[12:52:44] Fixed 0 colliding /gene names.
[12:52:44] Adding /locus_tag identifiers
[12:52:44] Assigned 30 locus_tags to CDS and RNA features.
[12:52:44] Writing outputs to /home/bacte/bacillus_amr/08_genomic_context/prokka/L001_GCF_001617995.1_emrC/
[12:52:44] Generating annotation statistics file
[12:52:44] Generating Genbank and Sequin files
[12:52:44] Running: tbl2asn -V b -a r10k -l paired-ends -M n -N 1 -y 'Annotated using prokka 1.15.6 from https://github.com/tseemann/prokka' -Z \/home\/bacte\/bacillus_amr\/08_genomic_context\/prokka\/L001_GCF_001617995\.1_emrC\/L001_GCF_001617995\.1_emrC\.err -i \/home\/bacte\/bacillus_amr\/08_genomic_context\/prokka\/L001_GCF_001617995\.1_emrC\/L001_GCF_001617995\.1_emrC\.fsa 2> /dev/null
[tbl2asn-forever] Found Prokka input, correcting dates in .gbf|.sqn files.
[tbl2asn-forever] Correcting dates in /home/bacte/bacillus_amr/08_genomic_context/prokka/L001_GCF_001617995.1_emrC/L001_GCF_001617995.1_emrC.gbf
[tbl2asn-forever] Correcting dates in /home/bacte/bacillus_amr/08_genomic_context/prokka/L001_GCF_001617995.1_emrC/L001_GCF_001617995.1_emrC.sqn
[tbl2asn-forever] Dates changed from 01-JAN-2019 to 06-OCT-2026
[12:52:44] Deleting unwanted file: /home/bacte/bacillus_amr/08_genomic_context/prokka/L001_GCF_001617995.1_emrC/errorsummary.val
[12:52:44] Deleting unwanted file: /home/bacte/bacillus_amr/08_genomic_context/prokka/L001_GCF_001617995.1_emrC/L001_GCF_001617995.1_emrC.dr
[12:52:44] Deleting unwanted file: /home/bacte/bacillus_amr/08_genomic_context/prokka/L001_GCF_001617995.1_emrC/L001_GCF_001617995.1_emrC.fixedproducts
[12:52:44] Deleting unwanted file: /home/bacte/bacillus_amr/08_genomic_context/prokka/L001_GCF_001617995.1_emrC/L001_GCF_001617995.1_emrC.ecn
[12:52:44] Deleting unwanted file: /home/bacte/bacillus_amr/08_genomic_context/prokka/L001_GCF_001617995.1_emrC/L001_GCF_001617995.1_emrC.val
[12:52:44] Repairing broken .GBK output that tbl2asn produces...
[12:52:44] Running: sed 's/COORDINATES: profile/COORDINATES:profile/' < \/home\/bacte\/bacillus_amr\/08_genomic_context\/prokka\/L001_GCF_001617995\.1_emrC\/L001_GCF_001617995\.1_emrC\.gbf > \/home\/bacte\/bacillus_amr\/08_genomic_context\/prokka\/L001_GCF_001617995\.1_emrC\/L001_GCF_001617995\.1_emrC\.gbk
[12:52:44] Deleting unwanted file: /home/bacte/bacillus_amr/08_genomic_context/prokka/L001_GCF_001617995.1_emrC/L001_GCF_001617995.1_emrC.gbf
[12:52:44] Output files:
[12:52:44] /home/bacte/bacillus_amr/08_genomic_context/prokka/L001_GCF_001617995.1_emrC/L001_GCF_001617995.1_emrC.gff
[12:52:44] /home/bacte/bacillus_amr/08_genomic_context/prokka/L001_GCF_001617995.1_emrC/L001_GCF_001617995.1_emrC.tsv
[12:52:44] /home/bacte/bacillus_amr/08_genomic_context/prokka/L001_GCF_001617995.1_emrC/L001_GCF_001617995.1_emrC.err
[12:52:44] /home/bacte/bacillus_amr/08_genomic_context/prokka/L001_GCF_001617995.1_emrC/L001_GCF_001617995.1_emrC.faa
[12:52:44] /home/bacte/bacillus_amr/08_genomic_context/prokka/L001_GCF_001617995.1_emrC/L001_GCF_001617995.1_emrC.ffn
[12:52:44] /home/bacte/bacillus_amr/08_genomic_context/prokka/L001_GCF_001617995.1_emrC/L001_GCF_001617995.1_emrC.sqn
[12:52:44] /home/bacte/bacillus_amr/08_genomic_context/prokka/L001_GCF_001617995.1_emrC/L001_GCF_001617995.1_emrC.fsa
[12:52:44] /home/bacte/bacillus_amr/08_genomic_context/prokka/L001_GCF_001617995.1_emrC/L001_GCF_001617995.1_emrC.gbk
[12:52:44] /home/bacte/bacillus_amr/08_genomic_context/prokka/L001_GCF_001617995.1_emrC/L001_GCF_001617995.1_emrC.log
[12:52:44] /home/bacte/bacillus_amr/08_genomic_context/prokka/L001_GCF_001617995.1_emrC/L001_GCF_001617995.1_emrC.txt
[12:52:44] /home/bacte/bacillus_amr/08_genomic_context/prokka/L001_GCF_001617995.1_emrC/L001_GCF_001617995.1_emrC.tbl
[12:52:44] /home/bacte/bacillus_amr/08_genomic_context/prokka/L001_GCF_001617995.1_emrC/L001_GCF_001617995.1_emrC.fna
[12:52:44] Annotation finished successfully.
[12:52:44] Walltime used: 0.08 minutes
[12:52:44] If you use this result please cite the Prokka paper:
[12:52:44] Seemann T (2014) Prokka: rapid prokaryotic genome annotation. Bioinformatics. 30(14):2068-9.
[12:52:44] Type 'prokka --citation' for more details.
[12:52:44] Share and enjoy!
[2/41] L002_GCF_002566845.1_abaF
[12:52:44] This is prokka 1.15.6
[12:52:44] Written by Torsten Seemann <torsten.seemann@gmail.com>
[12:52:44] Homepage is https://github.com/tseemann/prokka
[12:52:44] Local time is Tue Oct  6 12:52:44 2026
[12:52:44] You are bacte
[12:52:44] Operating system is linux
[12:52:44] You have BioPerl 1.7.8
[12:52:44] System has 8 cores.
[12:52:44] Will use maximum of 2 cores.
[12:52:44] Annotating as >>> Bacteria <<<
[12:52:44] Generating locus_tag from '/home/bacte/bacillus_amr/08_genomic_context/windows_10kb/L002_GCF_002566845.1_abaF.fna' contents.
[12:52:45] Setting --locustag GBOJHHMO from MD5 0b83116881a4cc2435e7c0c2c4fa2099
[12:52:45] Creating new output folder: /home/bacte/bacillus_amr/08_genomic_context/prokka/L002_GCF_002566845.1_abaF
[12:52:45] Running: mkdir -p \/home\/bacte\/bacillus_amr\/08_genomic_context\/prokka\/L002_GCF_002566845\.1_abaF
[12:52:45] Using filename prefix: L002_GCF_002566845.1_abaF.XXX
[12:52:45] Setting HMMER_NCPU=1
[12:52:45] Writing log to: /home/bacte/bacillus_amr/08_genomic_context/prokka/L002_GCF_002566845.1_abaF/L002_GCF_002566845.1_abaF.log
[12:52:45] Command: /home/bacte/miniconda3/envs/bacillus_ecogenomics/bin/prokka /home/bacte/bacillus_amr/08_genomic_context/windows_10kb/L002_GCF_002566845.1_abaF.fna --outdir /home/bacte/bacillus_amr/08_genomic_context/prokka/L002_GCF_002566845.1_abaF --prefix L002_GCF_002566845.1_abaF --kingdom Bacteria --genus Bacillus --cpus 2
[12:52:45] Looking for 'aragorn' - found /home/bacte/miniconda3/envs/bacillus_ecogenomics/bin/aragorn
[12:52:45] Determined aragorn version is v1.2 from 'ARAGORN v1.2.41 Dean Laslett'
[12:52:45] Looking for 'barrnap' - found /home/bacte/miniconda3/envs/bacillus_ecogenomics/bin/barrnap
[12:52:45] Determined barrnap version is v1.10 from 'barrnap 1.10.5'
[12:52:45] Looking for 'blastp' - found /home/bacte/miniconda3/envs/bacillus_ecogenomics/bin/blastp
[12:52:45] Determined blastp version is v2.17 from 'blastp: 2.17.0+'
[12:52:45] Looking for 'cmpress' - found /home/bacte/miniconda3/envs/bacillus_ecogenomics/bin/cmpress
[12:52:45] Determined cmpress version is v1.1 from '# INFERNAL 1.1.5 (Sep 2023)'
[12:52:45] Looking for 'cmscan' - found /home/bacte/miniconda3/envs/bacillus_ecogenomics/bin/cmscan
[12:52:45] Determined cmscan version is v1.1 from '# INFERNAL 1.1.5 (Sep 2023)'
[12:52:45] Looking for 'egrep' - found /usr/bin/egrep
[12:52:45] Looking for 'find' - found /usr/bin/find
[12:52:45] Looking for 'grep' - found /usr/bin/grep
[12:52:45] Looking for 'hmmpress' - found /home/bacte/miniconda3/envs/bacillus_ecogenomics/bin/hmmpress
[12:52:45] Determined hmmpress version is v3.4 from '# HMMER 3.4 (Aug 2023); http://hmmer.org/'
[12:52:45] Looking for 'hmmscan' - found /home/bacte/miniconda3/envs/bacillus_ecogenomics/bin/hmmscan
[12:52:45] Determined hmmscan version is v3.4 from '# HMMER 3.4 (Aug 2023); http://hmmer.org/'
[12:52:45] Looking for 'java' - found /home/bacte/miniconda3/envs/bacillus_ecogenomics/bin/java
[12:52:45] Looking for 'makeblastdb' - found /home/bacte/miniconda3/envs/bacillus_ecogenomics/bin/makeblastdb
[12:52:45] Determined makeblastdb version is v2.17 from 'makeblastdb: 2.17.0+'
[12:52:45] Looking for 'minced' - found /home/bacte/miniconda3/envs/bacillus_ecogenomics/bin/minced
[12:52:45] Determined minced version is v4.2 from 'minced 0.4.2'
[12:52:45] Looking for 'parallel' - found /home/bacte/miniconda3/envs/bacillus_ecogenomics/bin/parallel
[12:52:45] Determined parallel version is 20260422 from 'GNU parallel 20260422'
[12:52:45] Looking for 'prodigal' - found /home/bacte/miniconda3/envs/bacillus_ecogenomics/bin/prodigal
[12:52:45] Determined prodigal version is v2.6 from 'Prodigal V2.6.3: February, 2016'
[12:52:45] Looking for 'prokka-genbank_to_fasta_db' - found /home/bacte/miniconda3/envs/bacillus_ecogenomics/bin/prokka-genbank_to_fasta_db
[12:52:45] Looking for 'sed' - found /usr/bin/sed
[12:52:45] Looking for 'tbl2asn' - found /home/bacte/miniconda3/envs/bacillus_ecogenomics/bin/tbl2asn
[12:52:45] Determined tbl2asn version is v25.7 from 'tbl2asn 25.7   arguments:'
[12:52:45] Using genetic code table 11.
[12:52:45] Loading and checking input file: /home/bacte/bacillus_amr/08_genomic_context/windows_10kb/L002_GCF_002566845.1_abaF.fna
[12:52:45] Wrote 1 contigs totalling 19307 bp.
[12:52:45] Predicting tRNAs and tmRNAs
[12:52:45] Running: aragorn -l -gc11  -w \/home\/bacte\/bacillus_amr\/08_genomic_context\/prokka\/L002_GCF_002566845\.1_abaF\/L002_GCF_002566845\.1_abaF\.fna
[12:52:45] Found 0 tRNAs
[12:52:45] Predicting Ribosomal RNAs
[12:52:45] Running Barrnap with 2 threads
[12:52:45] Found 0 rRNAs
[12:52:45] Skipping ncRNA search, enable with --rfam if desired.
[12:52:45] Total of 0 tRNA + rRNA features
[12:52:45] Searching for CRISPR repeats
[12:52:46] Found 0 CRISPRs
[12:52:46] Predicting coding sequences
[12:52:46] Contigs total 19307 bp, so using single mode
[12:52:46] Running: prodigal -i \/home\/bacte\/bacillus_amr\/08_genomic_context\/prokka\/L002_GCF_002566845\.1_abaF\/L002_GCF_002566845\.1_abaF\.fna -c -m -g 11 -p single -f sco -q


Error:  Sequence must be 20000 characters (only 19307 read).
(Consider running with the -p meta option or finding more contigs from the same genome.)

[12:52:46] Found 0 CDS
[12:52:46] Connecting features back to sequences
[12:52:46] Not using genus-specific database. Try --usegenus to enable it.
[12:52:46] Annotating CDS, please be patient.
[12:52:46] Will use 2 CPUs for similarity searching.
[12:52:46] Found 0 unique /gene codes.
[12:52:46] Fixed 0 colliding /gene names.
[12:52:46] Adding /locus_tag identifiers
[12:52:46] Assigned 0 locus_tags to CDS and RNA features.
[12:52:46] Writing outputs to /home/bacte/bacillus_amr/08_genomic_context/prokka/L002_GCF_002566845.1_abaF/
[12:52:46] Generating annotation statistics file
[12:52:46] Generating Genbank and Sequin files
[12:52:46] Running: tbl2asn -V b -a r10k -l paired-ends -M n -N 1 -y 'Annotated using prokka 1.15.6 from https://github.com/tseemann/prokka' -Z \/home\/bacte\/bacillus_amr\/08_genomic_context\/prokka\/L002_GCF_002566845\.1_abaF\/L002_GCF_002566845\.1_abaF\.err -i \/home\/bacte\/bacillus_amr\/08_genomic_context\/prokka\/L002_GCF_002566845\.1_abaF\/L002_GCF_002566845\.1_abaF\.fsa 2> /dev/null
[tbl2asn-forever] Found Prokka input, correcting dates in .gbf|.sqn files.
[tbl2asn-forever] Correcting dates in /home/bacte/bacillus_amr/08_genomic_context/prokka/L002_GCF_002566845.1_abaF/L002_GCF_002566845.1_abaF.gbf
[tbl2asn-forever] Correcting dates in /home/bacte/bacillus_amr/08_genomic_context/prokka/L002_GCF_002566845.1_abaF/L002_GCF_002566845.1_abaF.sqn
[tbl2asn-forever] Dates changed from 01-JAN-2019 to 06-OCT-2026
[12:52:46] Deleting unwanted file: /home/bacte/bacillus_amr/08_genomic_context/prokka/L002_GCF_002566845.1_abaF/errorsummary.val
[12:52:46] Deleting unwanted file: /home/bacte/bacillus_amr/08_genomic_context/prokka/L002_GCF_002566845.1_abaF/L002_GCF_002566845.1_abaF.dr
[12:52:46] Deleting unwanted file: /home/bacte/bacillus_amr/08_genomic_context/prokka/L002_GCF_002566845.1_abaF/L002_GCF_002566845.1_abaF.fixedproducts
[12:52:46] Deleting unwanted file: /home/bacte/bacillus_amr/08_genomic_context/prokka/L002_GCF_002566845.1_abaF/L002_GCF_002566845.1_abaF.ecn
[12:52:46] Deleting unwanted file: /home/bacte/bacillus_amr/08_genomic_context/prokka/L002_GCF_002566845.1_abaF/L002_GCF_002566845.1_abaF.val
[12:52:46] Repairing broken .GBK output that tbl2asn produces...
[12:52:46] Running: sed 's/COORDINATES: profile/COORDINATES:profile/' < \/home\/bacte\/bacillus_amr\/08_genomic_context\/prokka\/L002_GCF_002566845\.1_abaF\/L002_GCF_002566845\.1_abaF\.gbf > \/home\/bacte\/bacillus_amr\/08_genomic_context\/prokka\/L002_GCF_002566845\.1_abaF\/L002_GCF_002566845\.1_abaF\.gbk
[12:52:46] Deleting unwanted file: /home/bacte/bacillus_amr/08_genomic_context/prokka/L002_GCF_002566845.1_abaF/L002_GCF_002566845.1_abaF.gbf
[12:52:46] Output files:
[12:52:46] /home/bacte/bacillus_amr/08_genomic_context/prokka/L002_GCF_002566845.1_abaF/L002_GCF_002566845.1_abaF.fna
[12:52:46] /home/bacte/bacillus_amr/08_genomic_context/prokka/L002_GCF_002566845.1_abaF/L002_GCF_002566845.1_abaF.fsa
[12:52:46] /home/bacte/bacillus_amr/08_genomic_context/prokka/L002_GCF_002566845.1_abaF/L002_GCF_002566845.1_abaF.gbk
[12:52:46] /home/bacte/bacillus_amr/08_genomic_context/prokka/L002_GCF_002566845.1_abaF/L002_GCF_002566845.1_abaF.sprot.tmp.3002.faa
[12:52:46] /home/bacte/bacillus_amr/08_genomic_context/prokka/L002_GCF_002566845.1_abaF/L002_GCF_002566845.1_abaF.ffn
[12:52:46] /home/bacte/bacillus_amr/08_genomic_context/prokka/L002_GCF_002566845.1_abaF/L002_GCF_002566845.1_abaF.sqn
[12:52:46] /home/bacte/bacillus_amr/08_genomic_context/prokka/L002_GCF_002566845.1_abaF/L002_GCF_002566845.1_abaF.tsv
[12:52:46] /home/bacte/bacillus_amr/08_genomic_context/prokka/L002_GCF_002566845.1_abaF/L002_GCF_002566845.1_abaF.AMR.tmp.3002.faa
[12:52:46] /home/bacte/bacillus_amr/08_genomic_context/prokka/L002_GCF_002566845.1_abaF/L002_GCF_002566845.1_abaF.IS.tmp.3002.faa
[12:52:46] /home/bacte/bacillus_amr/08_genomic_context/prokka/L002_GCF_002566845.1_abaF/L002_GCF_002566845.1_abaF.gff
[12:52:46] /home/bacte/bacillus_amr/08_genomic_context/prokka/L002_GCF_002566845.1_abaF/L002_GCF_002566845.1_abaF.HAMAP.hmm.tmp.3002.faa
[12:52:46] /home/bacte/bacillus_amr/08_genomic_context/prokka/L002_GCF_002566845.1_abaF/L002_GCF_002566845.1_abaF.err
[12:52:46] /home/bacte/bacillus_amr/08_genomic_context/prokka/L002_GCF_002566845.1_abaF/L002_GCF_002566845.1_abaF.tbl
[12:52:46] /home/bacte/bacillus_amr/08_genomic_context/prokka/L002_GCF_002566845.1_abaF/L002_GCF_002566845.1_abaF.log
[12:52:46] /home/bacte/bacillus_amr/08_genomic_context/prokka/L002_GCF_002566845.1_abaF/L002_GCF_002566845.1_abaF.faa
[12:52:46] /home/bacte/bacillus_amr/08_genomic_context/prokka/L002_GCF_002566845.1_abaF/L002_GCF_002566845.1_abaF.txt
[12:52:46] Annotation finished successfully.
[12:52:46] Walltime used: 0.03 minutes
[12:52:46] If you use this result please cite the Prokka paper:
[12:52:46] Seemann T (2014) Prokka: rapid prokaryotic genome annotation. Bioinformatics. 30(14):2068-9.
[12:52:46] Type 'prokka --citation' for more details.
[12:52:46] Thank you, come again.
[3/41] L003_GCF_002567785.1_abaF
[12:52:46] This is prokka 1.15.6
[12:52:46] Written by Torsten Seemann <torsten.seemann@gmail.com>
[12:52:46] Homepage is https://github.com/tseemann/prokka
[12:52:46] Local time is Tue Oct  6 12:52:46 2026
[12:52:46] You are bacte
[12:52:46] Operating system is linux
[12:52:46] You have BioPerl 1.7.8
[12:52:46] System has 8 cores.
[12:52:46] Will use maximum of 2 cores.
[12:52:46] Annotating as >>> Bacteria <<<
[12:52:46] Generating locus_tag from '/home/bacte/bacillus_amr/08_genomic_context/windows_10kb/L003_GCF_002567785.1_abaF.fna' contents.
[12:52:46] Setting --locustag GGODKIBJ from MD5 008d42b3c095521d119a10e0a8bad929
[12:52:46] Creating new output folder: /home/bacte/bacillus_amr/08_genomic_context/prokka/L003_GCF_002567785.1_abaF
[12:52:46] Running: mkdir -p \/home\/bacte\/bacillus_amr\/08_genomic_context\/prokka\/L003_GCF_002567785\.1_abaF
[12:52:46] Using filename prefix: L003_GCF_002567785.1_abaF.XXX
[12:52:46] Setting HMMER_NCPU=1
[12:52:46] Writing log to: /home/bacte/bacillus_amr/08_genomic_context/prokka/L003_GCF_002567785.1_abaF/L003_GCF_002567785.1_abaF.log
[12:52:46] Command: /home/bacte/miniconda3/envs/bacillus_ecogenomics/bin/prokka /home/bacte/bacillus_amr/08_genomic_context/windows_10kb/L003_GCF_002567785.1_abaF.fna --outdir /home/bacte/bacillus_amr/08_genomic_context/prokka/L003_GCF_002567785.1_abaF --prefix L003_GCF_002567785.1_abaF --kingdom Bacteria --genus Bacillus --cpus 2
[12:52:46] Looking for 'aragorn' - found /home/bacte/miniconda3/envs/bacillus_ecogenomics/bin/aragorn
[12:52:46] Determined aragorn version is v1.2 from 'ARAGORN v1.2.41 Dean Laslett'
[12:52:46] Looking for 'barrnap' - found /home/bacte/miniconda3/envs/bacillus_ecogenomics/bin/barrnap
[12:52:46] Determined barrnap version is v1.10 from 'barrnap 1.10.5'
[12:52:46] Looking for 'blastp' - found /home/bacte/miniconda3/envs/bacillus_ecogenomics/bin/blastp
[12:52:46] Determined blastp version is v2.17 from 'blastp: 2.17.0+'
[12:52:46] Looking for 'cmpress' - found /home/bacte/miniconda3/envs/bacillus_ecogenomics/bin/cmpress
[12:52:46] Determined cmpress version is v1.1 from '# INFERNAL 1.1.5 (Sep 2023)'
[12:52:46] Looking for 'cmscan' - found /home/bacte/miniconda3/envs/bacillus_ecogenomics/bin/cmscan
[12:52:46] Determined cmscan version is v1.1 from '# INFERNAL 1.1.5 (Sep 2023)'
[12:52:46] Looking for 'egrep' - found /usr/bin/egrep
[12:52:46] Looking for 'find' - found /usr/bin/find
[12:52:46] Looking for 'grep' - found /usr/bin/grep
[12:52:46] Looking for 'hmmpress' - found /home/bacte/miniconda3/envs/bacillus_ecogenomics/bin/hmmpress
[12:52:46] Determined hmmpress version is v3.4 from '# HMMER 3.4 (Aug 2023); http://hmmer.org/'
[12:52:46] Looking for 'hmmscan' - found /home/bacte/miniconda3/envs/bacillus_ecogenomics/bin/hmmscan
[12:52:46] Determined hmmscan version is v3.4 from '# HMMER 3.4 (Aug 2023); http://hmmer.org/'
[12:52:46] Looking for 'java' - found /home/bacte/miniconda3/envs/bacillus_ecogenomics/bin/java
[12:52:46] Looking for 'makeblastdb' - found /home/bacte/miniconda3/envs/bacillus_ecogenomics/bin/makeblastdb
[12:52:46] Determined makeblastdb version is v2.17 from 'makeblastdb: 2.17.0+'
[12:52:46] Looking for 'minced' - found /home/bacte/miniconda3/envs/bacillus_ecogenomics/bin/minced
[12:52:46] Determined minced version is v4.2 from 'minced 0.4.2'
[12:52:46] Looking for 'parallel' - found /home/bacte/miniconda3/envs/bacillus_ecogenomics/bin/parallel
[12:52:46] Determined parallel version is 20260422 from 'GNU parallel 20260422'
[12:52:46] Looking for 'prodigal' - found /home/bacte/miniconda3/envs/bacillus_ecogenomics/bin/prodigal
[12:52:46] Determined prodigal version is v2.6 from 'Prodigal V2.6.3: February, 2016'
[12:52:46] Looking for 'prokka-genbank_to_fasta_db' - found /home/bacte/miniconda3/envs/bacillus_ecogenomics/bin/prokka-genbank_to_fasta_db
[12:52:46] Looking for 'sed' - found /usr/bin/sed
[12:52:46] Looking for 'tbl2asn' - found /home/bacte/miniconda3/envs/bacillus_ecogenomics/bin/tbl2asn
[12:52:46] Determined tbl2asn version is v25.7 from 'tbl2asn 25.7   arguments:'
[12:52:46] Using genetic code table 11.
[12:52:46] Loading and checking input file: /home/bacte/bacillus_amr/08_genomic_context/windows_10kb/L003_GCF_002567785.1_abaF.fna
[12:52:46] Wrote 1 contigs totalling 11385 bp.
[12:52:46] Predicting tRNAs and tmRNAs
[12:52:46] Running: aragorn -l -gc11  -w \/home\/bacte\/bacillus_amr\/08_genomic_context\/prokka\/L003_GCF_002567785\.1_abaF\/L003_GCF_002567785\.1_abaF\.fna
[12:52:46] Found 0 tRNAs
[12:52:46] Predicting Ribosomal RNAs
[12:52:46] Running Barrnap with 2 threads
[12:52:46] Found 0 rRNAs
[12:52:46] Skipping ncRNA search, enable with --rfam if desired.
[12:52:46] Total of 0 tRNA + rRNA features
[12:52:46] Searching for CRISPR repeats
[12:52:47] Found 0 CRISPRs
[12:52:47] Predicting coding sequences
[12:52:47] Contigs total 11385 bp, so using single mode
[12:52:47] Running: prodigal -i \/home\/bacte\/bacillus_amr\/08_genomic_context\/prokka\/L003_GCF_002567785\.1_abaF\/L003_GCF_002567785\.1_abaF\.fna -c -m -g 11 -p single -f sco -q


Error:  Sequence must be 20000 characters (only 11385 read).
(Consider running with the -p meta option or finding more contigs from the same genome.)

[12:52:47] Found 0 CDS
[12:52:47] Connecting features back to sequences
[12:52:47] Not using genus-specific database. Try --usegenus to enable it.
[12:52:47] Annotating CDS, please be patient.
[12:52:47] Will use 2 CPUs for similarity searching.
[12:52:47] Found 0 unique /gene codes.
[12:52:47] Fixed 0 colliding /gene names.
[12:52:47] Adding /locus_tag identifiers
[12:52:47] Assigned 0 locus_tags to CDS and RNA features.
[12:52:47] Writing outputs to /home/bacte/bacillus_amr/08_genomic_context/prokka/L003_GCF_002567785.1_abaF/
[12:52:47] Generating annotation statistics file
[12:52:47] Generating Genbank and Sequin files
[12:52:47] Running: tbl2asn -V b -a r10k -l paired-ends -M n -N 1 -y 'Annotated using prokka 1.15.6 from https://github.com/tseemann/prokka' -Z \/home\/bacte\/bacillus_amr\/08_genomic_context\/prokka\/L003_GCF_002567785\.1_abaF\/L003_GCF_002567785\.1_abaF\.err -i \/home\/bacte\/bacillus_amr\/08_genomic_context\/prokka\/L003_GCF_002567785\.1_abaF\/L003_GCF_002567785\.1_abaF\.fsa 2> /dev/null
[tbl2asn-forever] Found Prokka input, correcting dates in .gbf|.sqn files.
[tbl2asn-forever] Correcting dates in /home/bacte/bacillus_amr/08_genomic_context/prokka/L003_GCF_002567785.1_abaF/L003_GCF_002567785.1_abaF.gbf
[tbl2asn-forever] Correcting dates in /home/bacte/bacillus_amr/08_genomic_context/prokka/L003_GCF_002567785.1_abaF/L003_GCF_002567785.1_abaF.sqn
[tbl2asn-forever] Dates changed from 01-JAN-2019 to 06-OCT-2026
[12:52:47] Deleting unwanted file: /home/bacte/bacillus_amr/08_genomic_context/prokka/L003_GCF_002567785.1_abaF/errorsummary.val
[12:52:47] Deleting unwanted file: /home/bacte/bacillus_amr/08_genomic_context/prokka/L003_GCF_002567785.1_abaF/L003_GCF_002567785.1_abaF.dr
[12:52:47] Deleting unwanted file: /home/bacte/bacillus_amr/08_genomic_context/prokka/L003_GCF_002567785.1_abaF/L003_GCF_002567785.1_abaF.fixedproducts
[12:52:47] Deleting unwanted file: /home/bacte/bacillus_amr/08_genomic_context/prokka/L003_GCF_002567785.1_abaF/L003_GCF_002567785.1_abaF.ecn
[12:52:47] Deleting unwanted file: /home/bacte/bacillus_amr/08_genomic_context/prokka/L003_GCF_002567785.1_abaF/L003_GCF_002567785.1_abaF.val
[12:52:47] Repairing broken .GBK output that tbl2asn produces...
[12:52:47] Running: sed 's/COORDINATES: profile/COORDINATES:profile/' < \/home\/bacte\/bacillus_amr\/08_genomic_context\/prokka\/L003_GCF_002567785\.1_abaF\/L003_GCF_002567785\.1_abaF\.gbf > \/home\/bacte\/bacillus_amr\/08_genomic_context\/prokka\/L003_GCF_002567785\.1_abaF\/L003_GCF_002567785\.1_abaF\.gbk
[12:52:47] Deleting unwanted file: /home/bacte/bacillus_amr/08_genomic_context/prokka/L003_GCF_002567785.1_abaF/L003_GCF_002567785.1_abaF.gbf
[12:52:47] Output files:
[12:52:47] /home/bacte/bacillus_amr/08_genomic_context/prokka/L003_GCF_002567785.1_abaF/L003_GCF_002567785.1_abaF.sprot.tmp.3163.faa
[12:52:47] /home/bacte/bacillus_amr/08_genomic_context/prokka/L003_GCF_002567785.1_abaF/L003_GCF_002567785.1_abaF.fsa
[12:52:47] /home/bacte/bacillus_amr/08_genomic_context/prokka/L003_GCF_002567785.1_abaF/L003_GCF_002567785.1_abaF.gbk
[12:52:47] /home/bacte/bacillus_amr/08_genomic_context/prokka/L003_GCF_002567785.1_abaF/L003_GCF_002567785.1_abaF.tsv
[12:52:47] /home/bacte/bacillus_amr/08_genomic_context/prokka/L003_GCF_002567785.1_abaF/L003_GCF_002567785.1_abaF.faa
[12:52:47] /home/bacte/bacillus_amr/08_genomic_context/prokka/L003_GCF_002567785.1_abaF/L003_GCF_002567785.1_abaF.err
[12:52:47] /home/bacte/bacillus_amr/08_genomic_context/prokka/L003_GCF_002567785.1_abaF/L003_GCF_002567785.1_abaF.IS.tmp.3163.faa
[12:52:47] /home/bacte/bacillus_amr/08_genomic_context/prokka/L003_GCF_002567785.1_abaF/L003_GCF_002567785.1_abaF.sqn
[12:52:47] /home/bacte/bacillus_amr/08_genomic_context/prokka/L003_GCF_002567785.1_abaF/L003_GCF_002567785.1_abaF.HAMAP.hmm.tmp.3163.faa
[12:52:47] /home/bacte/bacillus_amr/08_genomic_context/prokka/L003_GCF_002567785.1_abaF/L003_GCF_002567785.1_abaF.ffn
[12:52:47] /home/bacte/bacillus_amr/08_genomic_context/prokka/L003_GCF_002567785.1_abaF/L003_GCF_002567785.1_abaF.tbl
[12:52:47] /home/bacte/bacillus_amr/08_genomic_context/prokka/L003_GCF_002567785.1_abaF/L003_GCF_002567785.1_abaF.txt
[12:52:47] /home/bacte/bacillus_amr/08_genomic_context/prokka/L003_GCF_002567785.1_abaF/L003_GCF_002567785.1_abaF.gff
[12:52:47] /home/bacte/bacillus_amr/08_genomic_context/prokka/L003_GCF_002567785.1_abaF/L003_GCF_002567785.1_abaF.log
[12:52:47] /home/bacte/bacillus_amr/08_genomic_context/prokka/L003_GCF_002567785.1_abaF/L003_GCF_002567785.1_abaF.AMR.tmp.3163.faa
[12:52:47] /home/bacte/bacillus_amr/08_genomic_context/prokka/L003_GCF_002567785.1_abaF/L003_GCF_002567785.1_abaF.fna
[12:52:47] Annotation finished successfully.
[12:52:47] Walltime used: 0.02 minutes
[12:52:47] If you use this result please cite the Prokka paper:
[12:52:47] Seemann T (2014) Prokka: rapid prokaryotic genome annotation. Bioinformatics. 30(14):2068-9.
[12:52:47] Type 'prokka --citation' for more details.
[12:52:47] Share and enjoy!
[4/41] L004_GCF_002583515.1_abaF
[12:52:47] This is prokka 1.15.6
[12:52:47] Written by Torsten Seemann <torsten.seemann@gmail.com>
[12:52:47] Homepage is https://github.com/tseemann/prokka
[12:52:47] Local time is Tue Oct  6 12:52:47 2026
[12:52:47] You are bacte
[12:52:47] Operating system is linux
[12:52:47] You have BioPerl 1.7.8
[12:52:47] System has 8 cores.
[12:52:47] Will use maximum of 2 cores.
[12:52:47] Annotating as >>> Bacteria <<<
[12:52:47] Generating locus_tag from '/home/bacte/bacillus_amr/08_genomic_context/windows_10kb/L004_GCF_002583515.1_abaF.fna' contents.
[12:52:47] Setting --locustag HGEPILLM from MD5 10e92556e9819bdddce86687d353ee39
[12:52:47] Creating new output folder: /home/bacte/bacillus_amr/08_genomic_context/prokka/L004_GCF_002583515.1_abaF
[12:52:47] Running: mkdir -p \/home\/bacte\/bacillus_amr\/08_genomic_context\/prokka\/L004_GCF_002583515\.1_abaF
[12:52:47] Using filename prefix: L004_GCF_002583515.1_abaF.XXX
[12:52:47] Setting HMMER_NCPU=1
[12:52:47] Writing log to: /home/bacte/bacillus_amr/08_genomic_context/prokka/L004_GCF_002583515.1_abaF/L004_GCF_002583515.1_abaF.log
[12:52:47] Command: /home/bacte/miniconda3/envs/bacillus_ecogenomics/bin/prokka /home/bacte/bacillus_amr/08_genomic_context/windows_10kb/L004_GCF_002583515.1_abaF.fna --outdir /home/bacte/bacillus_amr/08_genomic_context/prokka/L004_GCF_002583515.1_abaF --prefix L004_GCF_002583515.1_abaF --kingdom Bacteria --genus Bacillus --cpus 2
[12:52:47] Looking for 'aragorn' - found /home/bacte/miniconda3/envs/bacillus_ecogenomics/bin/aragorn
[12:52:47] Determined aragorn version is v1.2 from 'ARAGORN v1.2.41 Dean Laslett'
[12:52:47] Looking for 'barrnap' - found /home/bacte/miniconda3/envs/bacillus_ecogenomics/bin/barrnap
[12:52:47] Determined barrnap version is v1.10 from 'barrnap 1.10.5'
[12:52:47] Looking for 'blastp' - found /home/bacte/miniconda3/envs/bacillus_ecogenomics/bin/blastp
[12:52:47] Determined blastp version is v2.17 from 'blastp: 2.17.0+'
[12:52:47] Looking for 'cmpress' - found /home/bacte/miniconda3/envs/bacillus_ecogenomics/bin/cmpress
[12:52:47] Determined cmpress version is v1.1 from '# INFERNAL 1.1.5 (Sep 2023)'
[12:52:47] Looking for 'cmscan' - found /home/bacte/miniconda3/envs/bacillus_ecogenomics/bin/cmscan
[12:52:47] Determined cmscan version is v1.1 from '# INFERNAL 1.1.5 (Sep 2023)'
[12:52:47] Looking for 'egrep' - found /usr/bin/egrep
[12:52:47] Looking for 'find' - found /usr/bin/find
[12:52:47] Looking for 'grep' - found /usr/bin/grep
[12:52:47] Looking for 'hmmpress' - found /home/bacte/miniconda3/envs/bacillus_ecogenomics/bin/hmmpress
[12:52:47] Determined hmmpress version is v3.4 from '# HMMER 3.4 (Aug 2023); http://hmmer.org/'
[12:52:47] Looking for 'hmmscan' - found /home/bacte/miniconda3/envs/bacillus_ecogenomics/bin/hmmscan
[12:52:47] Determined hmmscan version is v3.4 from '# HMMER 3.4 (Aug 2023); http://hmmer.org/'
[12:52:47] Looking for 'java' - found /home/bacte/miniconda3/envs/bacillus_ecogenomics/bin/java
[12:52:47] Looking for 'makeblastdb' - found /home/bacte/miniconda3/envs/bacillus_ecogenomics/bin/makeblastdb
[12:52:47] Determined makeblastdb version is v2.17 from 'makeblastdb: 2.17.0+'
[12:52:47] Looking for 'minced' - found /home/bacte/miniconda3/envs/bacillus_ecogenomics/bin/minced
[12:52:47] Determined minced version is v4.2 from 'minced 0.4.2'
[12:52:47] Looking for 'parallel' - found /home/bacte/miniconda3/envs/bacillus_ecogenomics/bin/parallel
[12:52:47] Determined parallel version is 20260422 from 'GNU parallel 20260422'
[12:52:47] Looking for 'prodigal' - found /home/bacte/miniconda3/envs/bacillus_ecogenomics/bin/prodigal
[12:52:47] Determined prodigal version is v2.6 from 'Prodigal V2.6.3: February, 2016'
[12:52:47] Looking for 'prokka-genbank_to_fasta_db' - found /home/bacte/miniconda3/envs/bacillus_ecogenomics/bin/prokka-genbank_to_fasta_db
[12:52:47] Looking for 'sed' - found /usr/bin/sed
[12:52:47] Looking for 'tbl2asn' - found /home/bacte/miniconda3/envs/bacillus_ecogenomics/bin/tbl2asn
[12:52:47] Determined tbl2asn version is v25.7 from 'tbl2asn 25.7   arguments:'
[12:52:47] Using genetic code table 11.
[12:52:47] Loading and checking input file: /home/bacte/bacillus_amr/08_genomic_context/windows_10kb/L004_GCF_002583515.1_abaF.fna
[12:52:47] Wrote 1 contigs totalling 11475 bp.
[12:52:47] Predicting tRNAs and tmRNAs
[12:52:47] Running: aragorn -l -gc11  -w \/home\/bacte\/bacillus_amr\/08_genomic_context\/prokka\/L004_GCF_002583515\.1_abaF\/L004_GCF_002583515\.1_abaF\.fna
[12:52:47] Found 0 tRNAs
[12:52:47] Predicting Ribosomal RNAs
[12:52:47] Running Barrnap with 2 threads
[12:52:48] Found 0 rRNAs
[12:52:48] Skipping ncRNA search, enable with --rfam if desired.
[12:52:48] Total of 0 tRNA + rRNA features
[12:52:48] Searching for CRISPR repeats
[12:52:48] Found 0 CRISPRs
[12:52:48] Predicting coding sequences
[12:52:48] Contigs total 11475 bp, so using single mode
[12:52:48] Running: prodigal -i \/home\/bacte\/bacillus_amr\/08_genomic_context\/prokka\/L004_GCF_002583515\.1_abaF\/L004_GCF_002583515\.1_abaF\.fna -c -m -g 11 -p single -f sco -q


Error:  Sequence must be 20000 characters (only 11475 read).
(Consider running with the -p meta option or finding more contigs from the same genome.)

[12:52:48] Found 0 CDS
[12:52:48] Connecting features back to sequences
[12:52:48] Not using genus-specific database. Try --usegenus to enable it.
[12:52:48] Annotating CDS, please be patient.
[12:52:48] Will use 2 CPUs for similarity searching.
[12:52:48] Found 0 unique /gene codes.
[12:52:48] Fixed 0 colliding /gene names.
[12:52:48] Adding /locus_tag identifiers
[12:52:48] Assigned 0 locus_tags to CDS and RNA features.
[12:52:48] Writing outputs to /home/bacte/bacillus_amr/08_genomic_context/prokka/L004_GCF_002583515.1_abaF/
[12:52:48] Generating annotation statistics file
[12:52:48] Generating Genbank and Sequin files
[12:52:48] Running: tbl2asn -V b -a r10k -l paired-ends -M n -N 1 -y 'Annotated using prokka 1.15.6 from https://github.com/tseemann/prokka' -Z \/home\/bacte\/bacillus_amr\/08_genomic_context\/prokka\/L004_GCF_002583515\.1_abaF\/L004_GCF_002583515\.1_abaF\.err -i \/home\/bacte\/bacillus_amr\/08_genomic_context\/prokka\/L004_GCF_002583515\.1_abaF\/L004_GCF_002583515\.1_abaF\.fsa 2> /dev/null
[tbl2asn-forever] Found Prokka input, correcting dates in .gbf|.sqn files.
[tbl2asn-forever] Correcting dates in /home/bacte/bacillus_amr/08_genomic_context/prokka/L004_GCF_002583515.1_abaF/L004_GCF_002583515.1_abaF.gbf
[tbl2asn-forever] Correcting dates in /home/bacte/bacillus_amr/08_genomic_context/prokka/L004_GCF_002583515.1_abaF/L004_GCF_002583515.1_abaF.sqn
[tbl2asn-forever] Dates changed from 01-JAN-2019 to 06-OCT-2026
[12:52:48] Deleting unwanted file: /home/bacte/bacillus_amr/08_genomic_context/prokka/L004_GCF_002583515.1_abaF/errorsummary.val
[12:52:48] Deleting unwanted file: /home/bacte/bacillus_amr/08_genomic_context/prokka/L004_GCF_002583515.1_abaF/L004_GCF_002583515.1_abaF.dr
[12:52:48] Deleting unwanted file: /home/bacte/bacillus_amr/08_genomic_context/prokka/L004_GCF_002583515.1_abaF/L004_GCF_002583515.1_abaF.fixedproducts
[12:52:48] Deleting unwanted file: /home/bacte/bacillus_amr/08_genomic_context/prokka/L004_GCF_002583515.1_abaF/L004_GCF_002583515.1_abaF.ecn
[12:52:48] Deleting unwanted file: /home/bacte/bacillus_amr/08_genomic_context/prokka/L004_GCF_002583515.1_abaF/L004_GCF_002583515.1_abaF.val
[12:52:48] Repairing broken .GBK output that tbl2asn produces...
[12:52:48] Running: sed 's/COORDINATES: profile/COORDINATES:profile/' < \/home\/bacte\/bacillus_amr\/08_genomic_context\/prokka\/L004_GCF_002583515\.1_abaF\/L004_GCF_002583515\.1_abaF\.gbf > \/home\/bacte\/bacillus_amr\/08_genomic_context\/prokka\/L004_GCF_002583515\.1_abaF\/L004_GCF_002583515\.1_abaF\.gbk
[12:52:48] Deleting unwanted file: /home/bacte/bacillus_amr/08_genomic_context/prokka/L004_GCF_002583515.1_abaF/L004_GCF_002583515.1_abaF.gbf
[12:52:48] Output files:
[12:52:48] /home/bacte/bacillus_amr/08_genomic_context/prokka/L004_GCF_002583515.1_abaF/L004_GCF_002583515.1_abaF.HAMAP.hmm.tmp.3323.faa
[12:52:48] /home/bacte/bacillus_amr/08_genomic_context/prokka/L004_GCF_002583515.1_abaF/L004_GCF_002583515.1_abaF.ffn
[12:52:48] /home/bacte/bacillus_amr/08_genomic_context/prokka/L004_GCF_002583515.1_abaF/L004_GCF_002583515.1_abaF.tbl
[12:52:48] /home/bacte/bacillus_amr/08_genomic_context/prokka/L004_GCF_002583515.1_abaF/L004_GCF_002583515.1_abaF.faa
[12:52:48] /home/bacte/bacillus_amr/08_genomic_context/prokka/L004_GCF_002583515.1_abaF/L004_GCF_002583515.1_abaF.log
[12:52:48] /home/bacte/bacillus_amr/08_genomic_context/prokka/L004_GCF_002583515.1_abaF/L004_GCF_002583515.1_abaF.sqn
[12:52:48] /home/bacte/bacillus_amr/08_genomic_context/prokka/L004_GCF_002583515.1_abaF/L004_GCF_002583515.1_abaF.txt
[12:52:48] /home/bacte/bacillus_amr/08_genomic_context/prokka/L004_GCF_002583515.1_abaF/L004_GCF_002583515.1_abaF.IS.tmp.3323.faa
[12:52:48] /home/bacte/bacillus_amr/08_genomic_context/prokka/L004_GCF_002583515.1_abaF/L004_GCF_002583515.1_abaF.fna
[12:52:48] /home/bacte/bacillus_amr/08_genomic_context/prokka/L004_GCF_002583515.1_abaF/L004_GCF_002583515.1_abaF.err
[12:52:48] /home/bacte/bacillus_amr/08_genomic_context/prokka/L004_GCF_002583515.1_abaF/L004_GCF_002583515.1_abaF.fsa
[12:52:48] /home/bacte/bacillus_amr/08_genomic_context/prokka/L004_GCF_002583515.1_abaF/L004_GCF_002583515.1_abaF.AMR.tmp.3323.faa
[12:52:48] /home/bacte/bacillus_amr/08_genomic_context/prokka/L004_GCF_002583515.1_abaF/L004_GCF_002583515.1_abaF.gbk
[12:52:48] /home/bacte/bacillus_amr/08_genomic_context/prokka/L004_GCF_002583515.1_abaF/L004_GCF_002583515.1_abaF.sprot.tmp.3323.faa
[12:52:48] /home/bacte/bacillus_amr/08_genomic_context/prokka/L004_GCF_002583515.1_abaF/L004_GCF_002583515.1_abaF.gff
[12:52:48] /home/bacte/bacillus_amr/08_genomic_context/prokka/L004_GCF_002583515.1_abaF/L004_GCF_002583515.1_abaF.tsv
[12:52:48] Annotation finished successfully.
[12:52:48] Walltime used: 0.02 minutes
[12:52:48] If you use this result please cite the Prokka paper:
[12:52:48] Seemann T (2014) Prokka: rapid prokaryotic genome annotation. Bioinformatics. 30(14):2068-9.
[12:52:48] Type 'prokka --citation' for more details.
[12:52:48] Share and enjoy!
[5/41] L005_GCF_024495135.1_abaF
[12:52:48] This is prokka 1.15.6
[12:52:48] Written by Torsten Seemann <torsten.seemann@gmail.com>
[12:52:48] Homepage is https://github.com/tseemann/prokka
[12:52:48] Local time is Tue Oct  6 12:52:48 2026
[12:52:48] You are bacte
[12:52:48] Operating system is linux
[12:52:48] You have BioPerl 1.7.8
[12:52:48] System has 8 cores.
[12:52:48] Will use maximum of 2 cores.
[12:52:48] Annotating as >>> Bacteria <<<
[12:52:48] Generating locus_tag from '/home/bacte/bacillus_amr/08_genomic_context/windows_10kb/L005_GCF_024495135.1_abaF.fna' contents.
[12:52:48] Setting --locustag CNJPFBNC from MD5 c739fb7c5c797715d0b5d74c47d5e09c
[12:52:48] Creating new output folder: /home/bacte/bacillus_amr/08_genomic_context/prokka/L005_GCF_024495135.1_abaF
[12:52:48] Running: mkdir -p \/home\/bacte\/bacillus_amr\/08_genomic_context\/prokka\/L005_GCF_024495135\.1_abaF
[12:52:48] Using filename prefix: L005_GCF_024495135.1_abaF.XXX
[12:52:48] Setting HMMER_NCPU=1
[12:52:48] Writing log to: /home/bacte/bacillus_amr/08_genomic_context/prokka/L005_GCF_024495135.1_abaF/L005_GCF_024495135.1_abaF.log
[12:52:48] Command: /home/bacte/miniconda3/envs/bacillus_ecogenomics/bin/prokka /home/bacte/bacillus_amr/08_genomic_context/windows_10kb/L005_GCF_024495135.1_abaF.fna --outdir /home/bacte/bacillus_amr/08_genomic_context/prokka/L005_GCF_024495135.1_abaF --prefix L005_GCF_024495135.1_abaF --kingdom Bacteria --genus Bacillus --cpus 2
[12:52:48] Looking for 'aragorn' - found /home/bacte/miniconda3/envs/bacillus_ecogenomics/bin/aragorn
[12:52:48] Determined aragorn version is v1.2 from 'ARAGORN v1.2.41 Dean Laslett'
[12:52:48] Looking for 'barrnap' - found /home/bacte/miniconda3/envs/bacillus_ecogenomics/bin/barrnap
[12:52:48] Determined barrnap version is v1.10 from 'barrnap 1.10.5'
[12:52:48] Looking for 'blastp' - found /home/bacte/miniconda3/envs/bacillus_ecogenomics/bin/blastp
[12:52:48] Determined blastp version is v2.17 from 'blastp: 2.17.0+'
[12:52:48] Looking for 'cmpress' - found /home/bacte/miniconda3/envs/bacillus_ecogenomics/bin/cmpress
[12:52:48] Determined cmpress version is v1.1 from '# INFERNAL 1.1.5 (Sep 2023)'
[12:52:48] Looking for 'cmscan' - found /home/bacte/miniconda3/envs/bacillus_ecogenomics/bin/cmscan
[12:52:48] Determined cmscan version is v1.1 from '# INFERNAL 1.1.5 (Sep 2023)'
[12:52:48] Looking for 'egrep' - found /usr/bin/egrep
[12:52:48] Looking for 'find' - found /usr/bin/find
[12:52:48] Looking for 'grep' - found /usr/bin/grep
[12:52:48] Looking for 'hmmpress' - found /home/bacte/miniconda3/envs/bacillus_ecogenomics/bin/hmmpress
[12:52:48] Determined hmmpress version is v3.4 from '# HMMER 3.4 (Aug 2023); http://hmmer.org/'
[12:52:48] Looking for 'hmmscan' - found /home/bacte/miniconda3/envs/bacillus_ecogenomics/bin/hmmscan
[12:52:48] Determined hmmscan version is v3.4 from '# HMMER 3.4 (Aug 2023); http://hmmer.org/'
[12:52:48] Looking for 'java' - found /home/bacte/miniconda3/envs/bacillus_ecogenomics/bin/java
[12:52:48] Looking for 'makeblastdb' - found /home/bacte/miniconda3/envs/bacillus_ecogenomics/bin/makeblastdb
[12:52:48] Determined makeblastdb version is v2.17 from 'makeblastdb: 2.17.0+'
[12:52:48] Looking for 'minced' - found /home/bacte/miniconda3/envs/bacillus_ecogenomics/bin/minced
[12:52:48] Determined minced version is v4.2 from 'minced 0.4.2'
[12:52:48] Looking for 'parallel' - found /home/bacte/miniconda3/envs/bacillus_ecogenomics/bin/parallel
[12:52:48] Determined parallel version is 20260422 from 'GNU parallel 20260422'
[12:52:48] Looking for 'prodigal' - found /home/bacte/miniconda3/envs/bacillus_ecogenomics/bin/prodigal
[12:52:48] Determined prodigal version is v2.6 from 'Prodigal V2.6.3: February, 2016'
[12:52:48] Looking for 'prokka-genbank_to_fasta_db' - found /home/bacte/miniconda3/envs/bacillus_ecogenomics/bin/prokka-genbank_to_fasta_db
[12:52:48] Looking for 'sed' - found /usr/bin/sed
[12:52:48] Looking for 'tbl2asn' - found /home/bacte/miniconda3/envs/bacillus_ecogenomics/bin/tbl2asn
[12:52:48] Determined tbl2asn version is v25.7 from 'tbl2asn 25.7   arguments:'
[12:52:48] Using genetic code table 11.
[12:52:48] Loading and checking input file: /home/bacte/bacillus_amr/08_genomic_context/windows_10kb/L005_GCF_024495135.1_abaF.fna
[12:52:48] Wrote 1 contigs totalling 21272 bp.
[12:52:48] Predicting tRNAs and tmRNAs
[12:52:48] Running: aragorn -l -gc11  -w \/home\/bacte\/bacillus_amr\/08_genomic_context\/prokka\/L005_GCF_024495135\.1_abaF\/L005_GCF_024495135\.1_abaF\.fna
[12:52:48] Found 0 tRNAs
[12:52:48] Predicting Ribosomal RNAs
[12:52:48] Running Barrnap with 2 threads
[12:52:49] Found 0 rRNAs
[12:52:49] Skipping ncRNA search, enable with --rfam if desired.
[12:52:49] Total of 0 tRNA + rRNA features
[12:52:49] Searching for CRISPR repeats
[12:52:49] Found 0 CRISPRs
[12:52:49] Predicting coding sequences
[12:52:49] Contigs total 21272 bp, so using single mode
[12:52:49] Running: prodigal -i \/home\/bacte\/bacillus_amr\/08_genomic_context\/prokka\/L005_GCF_024495135\.1_abaF\/L005_GCF_024495135\.1_abaF\.fna -c -m -g 11 -p single -f sco -q


Warning:  ideally Prodigal should be given at least 100000 bases for training.
You may get better results with the -p meta option.

[12:52:49] Found 20 CDS
[12:52:49] Connecting features back to sequences
[12:52:49] Not using genus-specific database. Try --usegenus to enable it.
[12:52:49] Annotating CDS, please be patient.
[12:52:49] Will use 2 CPUs for similarity searching.
[12:52:49] There are still 20 unannotated CDS left (started with 20)
[12:52:49] Will use blast to search against /home/bacte/miniconda3/envs/bacillus_ecogenomics/db/kingdom/Bacteria/IS with 2 CPUs
[12:52:49] Running: cat \/home\/bacte\/bacillus_amr\/08_genomic_context\/prokka\/L005_GCF_024495135\.1_abaF\/L005_GCF_024495135\.1_abaF\.IS\.tmp\.3482\.faa | parallel --gnu --plain -j 2 --block 1199 --recstart '>' --pipe blastp -query - -db /home/bacte/miniconda3/envs/bacillus_ecogenomics/db/kingdom/Bacteria/IS -evalue 1e-30 -qcov_hsp_perc 90 -num_threads 1 -num_descriptions 1 -num_alignments 1 -seg no > \/home\/bacte\/bacillus_amr\/08_genomic_context\/prokka\/L005_GCF_024495135\.1_abaF\/L005_GCF_024495135\.1_abaF\.IS\.tmp\.3482\.blast 2> /dev/null
[12:52:50] Deleting unwanted file: /home/bacte/bacillus_amr/08_genomic_context/prokka/L005_GCF_024495135.1_abaF/L005_GCF_024495135.1_abaF.IS.tmp.3482.faa
[12:52:50] Deleting unwanted file: /home/bacte/bacillus_amr/08_genomic_context/prokka/L005_GCF_024495135.1_abaF/L005_GCF_024495135.1_abaF.IS.tmp.3482.blast
[12:52:50] There are still 20 unannotated CDS left (started with 20)
[12:52:50] Will use blast to search against /home/bacte/miniconda3/envs/bacillus_ecogenomics/db/kingdom/Bacteria/AMR with 2 CPUs
[12:52:50] Running: cat \/home\/bacte\/bacillus_amr\/08_genomic_context\/prokka\/L005_GCF_024495135\.1_abaF\/L005_GCF_024495135\.1_abaF\.AMR\.tmp\.3482\.faa | parallel --gnu --plain -j 2 --block 1199 --recstart '>' --pipe blastp -query - -db /home/bacte/miniconda3/envs/bacillus_ecogenomics/db/kingdom/Bacteria/AMR -evalue 1e-300 -qcov_hsp_perc 90 -num_threads 1 -num_descriptions 1 -num_alignments 1 -seg no > \/home\/bacte\/bacillus_amr\/08_genomic_context\/prokka\/L005_GCF_024495135\.1_abaF\/L005_GCF_024495135\.1_abaF\.AMR\.tmp\.3482\.blast 2> /dev/null
[12:52:50] Deleting unwanted file: /home/bacte/bacillus_amr/08_genomic_context/prokka/L005_GCF_024495135.1_abaF/L005_GCF_024495135.1_abaF.AMR.tmp.3482.faa
[12:52:50] Deleting unwanted file: /home/bacte/bacillus_amr/08_genomic_context/prokka/L005_GCF_024495135.1_abaF/L005_GCF_024495135.1_abaF.AMR.tmp.3482.blast
[12:52:50] There are still 20 unannotated CDS left (started with 20)
[12:52:50] Will use blast to search against /home/bacte/miniconda3/envs/bacillus_ecogenomics/db/kingdom/Bacteria/sprot with 2 CPUs
[12:52:50] Running: cat \/home\/bacte\/bacillus_amr\/08_genomic_context\/prokka\/L005_GCF_024495135\.1_abaF\/L005_GCF_024495135\.1_abaF\.sprot\.tmp\.3482\.faa | parallel --gnu --plain -j 2 --block 1199 --recstart '>' --pipe blastp -query - -db /home/bacte/miniconda3/envs/bacillus_ecogenomics/db/kingdom/Bacteria/sprot -evalue 1e-09 -qcov_hsp_perc 80 -num_threads 1 -num_descriptions 1 -num_alignments 1 -seg no > \/home\/bacte\/bacillus_amr\/08_genomic_context\/prokka\/L005_GCF_024495135\.1_abaF\/L005_GCF_024495135\.1_abaF\.sprot\.tmp\.3482\.blast 2> /dev/null
[12:52:52] Deleting unwanted file: /home/bacte/bacillus_amr/08_genomic_context/prokka/L005_GCF_024495135.1_abaF/L005_GCF_024495135.1_abaF.sprot.tmp.3482.faa
[12:52:52] Deleting unwanted file: /home/bacte/bacillus_amr/08_genomic_context/prokka/L005_GCF_024495135.1_abaF/L005_GCF_024495135.1_abaF.sprot.tmp.3482.blast
[12:52:52] There are still 11 unannotated CDS left (started with 20)
[12:52:52] Will use hmmer3 to search against /home/bacte/miniconda3/envs/bacillus_ecogenomics/db/hmm/HAMAP.hmm with 2 CPUs
[12:52:52] Running: cat \/home\/bacte\/bacillus_amr\/08_genomic_context\/prokka\/L005_GCF_024495135\.1_abaF\/L005_GCF_024495135\.1_abaF\.HAMAP\.hmm\.tmp\.3482\.faa | parallel --gnu --plain -j 2 --block 443 --recstart '>' --pipe hmmscan --noali --notextw --acc -E 1e-09 --cpu 1 /home/bacte/miniconda3/envs/bacillus_ecogenomics/db/hmm/HAMAP.hmm /dev/stdin > \/home\/bacte\/bacillus_amr\/08_genomic_context\/prokka\/L005_GCF_024495135\.1_abaF\/L005_GCF_024495135\.1_abaF\.HAMAP\.hmm\.tmp\.3482\.hmmer3 2> /dev/null
[12:52:52] Deleting unwanted file: /home/bacte/bacillus_amr/08_genomic_context/prokka/L005_GCF_024495135.1_abaF/L005_GCF_024495135.1_abaF.HAMAP.hmm.tmp.3482.faa
[12:52:52] Deleting unwanted file: /home/bacte/bacillus_amr/08_genomic_context/prokka/L005_GCF_024495135.1_abaF/L005_GCF_024495135.1_abaF.HAMAP.hmm.tmp.3482.hmmer3
[12:52:52] Labelling remaining 11 proteins as 'hypothetical protein'
[12:52:52] Found 8 unique /gene codes.
[12:52:52] Fixed 0 colliding /gene names.
[12:52:52] Adding /locus_tag identifiers
[12:52:52] Assigned 20 locus_tags to CDS and RNA features.
[12:52:52] Writing outputs to /home/bacte/bacillus_amr/08_genomic_context/prokka/L005_GCF_024495135.1_abaF/
[12:52:52] Generating annotation statistics file
[12:52:52] Generating Genbank and Sequin files
[12:52:52] Running: tbl2asn -V b -a r10k -l paired-ends -M n -N 1 -y 'Annotated using prokka 1.15.6 from https://github.com/tseemann/prokka' -Z \/home\/bacte\/bacillus_amr\/08_genomic_context\/prokka\/L005_GCF_024495135\.1_abaF\/L005_GCF_024495135\.1_abaF\.err -i \/home\/bacte\/bacillus_amr\/08_genomic_context\/prokka\/L005_GCF_024495135\.1_abaF\/L005_GCF_024495135\.1_abaF\.fsa 2> /dev/null
[tbl2asn-forever] Found Prokka input, correcting dates in .gbf|.sqn files.
[tbl2asn-forever] Correcting dates in /home/bacte/bacillus_amr/08_genomic_context/prokka/L005_GCF_024495135.1_abaF/L005_GCF_024495135.1_abaF.gbf
[tbl2asn-forever] Correcting dates in /home/bacte/bacillus_amr/08_genomic_context/prokka/L005_GCF_024495135.1_abaF/L005_GCF_024495135.1_abaF.sqn
[tbl2asn-forever] Dates changed from 01-JAN-2019 to 06-OCT-2026
[12:52:52] Deleting unwanted file: /home/bacte/bacillus_amr/08_genomic_context/prokka/L005_GCF_024495135.1_abaF/errorsummary.val
[12:52:52] Deleting unwanted file: /home/bacte/bacillus_amr/08_genomic_context/prokka/L005_GCF_024495135.1_abaF/L005_GCF_024495135.1_abaF.dr
[12:52:52] Deleting unwanted file: /home/bacte/bacillus_amr/08_genomic_context/prokka/L005_GCF_024495135.1_abaF/L005_GCF_024495135.1_abaF.fixedproducts
[12:52:52] Deleting unwanted file: /home/bacte/bacillus_amr/08_genomic_context/prokka/L005_GCF_024495135.1_abaF/L005_GCF_024495135.1_abaF.ecn
[12:52:52] Deleting unwanted file: /home/bacte/bacillus_amr/08_genomic_context/prokka/L005_GCF_024495135.1_abaF/L005_GCF_024495135.1_abaF.val
[12:52:52] Repairing broken .GBK output that tbl2asn produces...
[12:52:52] Running: sed 's/COORDINATES: profile/COORDINATES:profile/' < \/home\/bacte\/bacillus_amr\/08_genomic_context\/prokka\/L005_GCF_024495135\.1_abaF\/L005_GCF_024495135\.1_abaF\.gbf > \/home\/bacte\/bacillus_amr\/08_genomic_context\/prokka\/L005_GCF_024495135\.1_abaF\/L005_GCF_024495135\.1_abaF\.gbk
[12:52:53] Deleting unwanted file: /home/bacte/bacillus_amr/08_genomic_context/prokka/L005_GCF_024495135.1_abaF/L005_GCF_024495135.1_abaF.gbf
[12:52:53] Output files:
[12:52:53] /home/bacte/bacillus_amr/08_genomic_context/prokka/L005_GCF_024495135.1_abaF/L005_GCF_024495135.1_abaF.fna
[12:52:53] /home/bacte/bacillus_amr/08_genomic_context/prokka/L005_GCF_024495135.1_abaF/L005_GCF_024495135.1_abaF.fsa
[12:52:53] /home/bacte/bacillus_amr/08_genomic_context/prokka/L005_GCF_024495135.1_abaF/L005_GCF_024495135.1_abaF.sqn
[12:52:53] /home/bacte/bacillus_amr/08_genomic_context/prokka/L005_GCF_024495135.1_abaF/L005_GCF_024495135.1_abaF.gff
[12:52:53] /home/bacte/bacillus_amr/08_genomic_context/prokka/L005_GCF_024495135.1_abaF/L005_GCF_024495135.1_abaF.gbk
[12:52:53] /home/bacte/bacillus_amr/08_genomic_context/prokka/L005_GCF_024495135.1_abaF/L005_GCF_024495135.1_abaF.tsv
[12:52:53] /home/bacte/bacillus_amr/08_genomic_context/prokka/L005_GCF_024495135.1_abaF/L005_GCF_024495135.1_abaF.faa
[12:52:53] /home/bacte/bacillus_amr/08_genomic_context/prokka/L005_GCF_024495135.1_abaF/L005_GCF_024495135.1_abaF.tbl
[12:52:53] /home/bacte/bacillus_amr/08_genomic_context/prokka/L005_GCF_024495135.1_abaF/L005_GCF_024495135.1_abaF.log
[12:52:53] /home/bacte/bacillus_amr/08_genomic_context/prokka/L005_GCF_024495135.1_abaF/L005_GCF_024495135.1_abaF.txt
[12:52:53] /home/bacte/bacillus_amr/08_genomic_context/prokka/L005_GCF_024495135.1_abaF/L005_GCF_024495135.1_abaF.ffn
[12:52:53] /home/bacte/bacillus_amr/08_genomic_context/prokka/L005_GCF_024495135.1_abaF/L005_GCF_024495135.1_abaF.err
[12:52:53] Annotation finished successfully.
[12:52:53] Walltime used: 0.08 minutes
[12:52:53] If you use this result please cite the Prokka paper:
[12:52:53] Seemann T (2014) Prokka: rapid prokaryotic genome annotation. Bioinformatics. 30(14):2068-9.
[12:52:53] Type 'prokka --citation' for more details.
[12:52:53] Share and enjoy!
[6/41] L006_GCF_036621235.1_fosBx1
[12:52:53] This is prokka 1.15.6
[12:52:53] Written by Torsten Seemann <torsten.seemann@gmail.com>
[12:52:53] Homepage is https://github.com/tseemann/prokka
[12:52:53] Local time is Tue Oct  6 12:52:53 2026
[12:52:53] You are bacte
[12:52:53] Operating system is linux
[12:52:53] You have BioPerl 1.7.8
[12:52:53] System has 8 cores.
[12:52:53] Will use maximum of 2 cores.
[12:52:53] Annotating as >>> Bacteria <<<
[12:52:53] Generating locus_tag from '/home/bacte/bacillus_amr/08_genomic_context/windows_10kb/L006_GCF_036621235.1_fosBx1.fna' contents.
[12:52:53] Setting --locustag MKDGKBBF from MD5 64d04bbf8148f1426ef68335f1771f73
[12:52:53] Creating new output folder: /home/bacte/bacillus_amr/08_genomic_context/prokka/L006_GCF_036621235.1_fosBx1
[12:52:53] Running: mkdir -p \/home\/bacte\/bacillus_amr\/08_genomic_context\/prokka\/L006_GCF_036621235\.1_fosBx1
[12:52:53] Using filename prefix: L006_GCF_036621235.1_fosBx1.XXX
[12:52:53] Setting HMMER_NCPU=1
[12:52:53] Writing log to: /home/bacte/bacillus_amr/08_genomic_context/prokka/L006_GCF_036621235.1_fosBx1/L006_GCF_036621235.1_fosBx1.log
[12:52:53] Command: /home/bacte/miniconda3/envs/bacillus_ecogenomics/bin/prokka /home/bacte/bacillus_amr/08_genomic_context/windows_10kb/L006_GCF_036621235.1_fosBx1.fna --outdir /home/bacte/bacillus_amr/08_genomic_context/prokka/L006_GCF_036621235.1_fosBx1 --prefix L006_GCF_036621235.1_fosBx1 --kingdom Bacteria --genus Bacillus --cpus 2
[12:52:53] Looking for 'aragorn' - found /home/bacte/miniconda3/envs/bacillus_ecogenomics/bin/aragorn
[12:52:53] Determined aragorn version is v1.2 from 'ARAGORN v1.2.41 Dean Laslett'
[12:52:53] Looking for 'barrnap' - found /home/bacte/miniconda3/envs/bacillus_ecogenomics/bin/barrnap
[12:52:53] Determined barrnap version is v1.10 from 'barrnap 1.10.5'
[12:52:53] Looking for 'blastp' - found /home/bacte/miniconda3/envs/bacillus_ecogenomics/bin/blastp
[12:52:53] Determined blastp version is v2.17 from 'blastp: 2.17.0+'
[12:52:53] Looking for 'cmpress' - found /home/bacte/miniconda3/envs/bacillus_ecogenomics/bin/cmpress
[12:52:53] Determined cmpress version is v1.1 from '# INFERNAL 1.1.5 (Sep 2023)'
[12:52:53] Looking for 'cmscan' - found /home/bacte/miniconda3/envs/bacillus_ecogenomics/bin/cmscan
[12:52:53] Determined cmscan version is v1.1 from '# INFERNAL 1.1.5 (Sep 2023)'
[12:52:53] Looking for 'egrep' - found /usr/bin/egrep
[12:52:53] Looking for 'find' - found /usr/bin/find
[12:52:53] Looking for 'grep' - found /usr/bin/grep
[12:52:53] Looking for 'hmmpress' - found /home/bacte/miniconda3/envs/bacillus_ecogenomics/bin/hmmpress
[12:52:53] Determined hmmpress version is v3.4 from '# HMMER 3.4 (Aug 2023); http://hmmer.org/'
[12:52:53] Looking for 'hmmscan' - found /home/bacte/miniconda3/envs/bacillus_ecogenomics/bin/hmmscan
[12:52:53] Determined hmmscan version is v3.4 from '# HMMER 3.4 (Aug 2023); http://hmmer.org/'
[12:52:53] Looking for 'java' - found /home/bacte/miniconda3/envs/bacillus_ecogenomics/bin/java
[12:52:53] Looking for 'makeblastdb' - found /home/bacte/miniconda3/envs/bacillus_ecogenomics/bin/makeblastdb
[12:52:53] Determined makeblastdb version is v2.17 from 'makeblastdb: 2.17.0+'
[12:52:53] Looking for 'minced' - found /home/bacte/miniconda3/envs/bacillus_ecogenomics/bin/minced
[12:52:53] Determined minced version is v4.2 from 'minced 0.4.2'
[12:52:53] Looking for 'parallel' - found /home/bacte/miniconda3/envs/bacillus_ecogenomics/bin/parallel
[12:52:53] Determined parallel version is 20260422 from 'GNU parallel 20260422'
[12:52:53] Looking for 'prodigal' - found /home/bacte/miniconda3/envs/bacillus_ecogenomics/bin/prodigal
[12:52:53] Determined prodigal version is v2.6 from 'Prodigal V2.6.3: February, 2016'
[12:52:53] Looking for 'prokka-genbank_to_fasta_db' - found /home/bacte/miniconda3/envs/bacillus_ecogenomics/bin/prokka-genbank_to_fasta_db
[12:52:53] Looking for 'sed' - found /usr/bin/sed
[12:52:53] Looking for 'tbl2asn' - found /home/bacte/miniconda3/envs/bacillus_ecogenomics/bin/tbl2asn
[12:52:53] Determined tbl2asn version is v25.7 from 'tbl2asn 25.7   arguments:'
[12:52:53] Using genetic code table 11.
[12:52:53] Loading and checking input file: /home/bacte/bacillus_amr/08_genomic_context/windows_10kb/L006_GCF_036621235.1_fosBx1.fna
[12:52:53] Wrote 1 contigs totalling 20414 bp.
[12:52:53] Predicting tRNAs and tmRNAs
[12:52:53] Running: aragorn -l -gc11  -w \/home\/bacte\/bacillus_amr\/08_genomic_context\/prokka\/L006_GCF_036621235\.1_fosBx1\/L006_GCF_036621235\.1_fosBx1\.fna
[12:52:53] Found 0 tRNAs
[12:52:53] Predicting Ribosomal RNAs
[12:52:53] Running Barrnap with 2 threads
[12:52:53] Found 0 rRNAs
[12:52:53] Skipping ncRNA search, enable with --rfam if desired.
[12:52:53] Total of 0 tRNA + rRNA features
[12:52:53] Searching for CRISPR repeats
[12:52:54] Found 0 CRISPRs
[12:52:54] Predicting coding sequences
[12:52:54] Contigs total 20414 bp, so using single mode
[12:52:54] Running: prodigal -i \/home\/bacte\/bacillus_amr\/08_genomic_context\/prokka\/L006_GCF_036621235\.1_fosBx1\/L006_GCF_036621235\.1_fosBx1\.fna -c -m -g 11 -p single -f sco -q


Warning:  ideally Prodigal should be given at least 100000 bases for training.
You may get better results with the -p meta option.

[12:52:54] Found 23 CDS
[12:52:54] Connecting features back to sequences
[12:52:54] Not using genus-specific database. Try --usegenus to enable it.
[12:52:54] Annotating CDS, please be patient.
[12:52:54] Will use 2 CPUs for similarity searching.
[12:52:54] There are still 23 unannotated CDS left (started with 23)
[12:52:54] Will use blast to search against /home/bacte/miniconda3/envs/bacillus_ecogenomics/db/kingdom/Bacteria/IS with 2 CPUs
[12:52:54] Running: cat \/home\/bacte\/bacillus_amr\/08_genomic_context\/prokka\/L006_GCF_036621235\.1_fosBx1\/L006_GCF_036621235\.1_fosBx1\.IS\.tmp\.3854\.faa | parallel --gnu --plain -j 2 --block 1462 --recstart '>' --pipe blastp -query - -db /home/bacte/miniconda3/envs/bacillus_ecogenomics/db/kingdom/Bacteria/IS -evalue 1e-30 -qcov_hsp_perc 90 -num_threads 1 -num_descriptions 1 -num_alignments 1 -seg no > \/home\/bacte\/bacillus_amr\/08_genomic_context\/prokka\/L006_GCF_036621235\.1_fosBx1\/L006_GCF_036621235\.1_fosBx1\.IS\.tmp\.3854\.blast 2> /dev/null
[12:52:54] Deleting unwanted file: /home/bacte/bacillus_amr/08_genomic_context/prokka/L006_GCF_036621235.1_fosBx1/L006_GCF_036621235.1_fosBx1.IS.tmp.3854.faa
[12:52:54] Deleting unwanted file: /home/bacte/bacillus_amr/08_genomic_context/prokka/L006_GCF_036621235.1_fosBx1/L006_GCF_036621235.1_fosBx1.IS.tmp.3854.blast
[12:52:54] There are still 23 unannotated CDS left (started with 23)
[12:52:54] Will use blast to search against /home/bacte/miniconda3/envs/bacillus_ecogenomics/db/kingdom/Bacteria/AMR with 2 CPUs
[12:52:54] Running: cat \/home\/bacte\/bacillus_amr\/08_genomic_context\/prokka\/L006_GCF_036621235\.1_fosBx1\/L006_GCF_036621235\.1_fosBx1\.AMR\.tmp\.3854\.faa | parallel --gnu --plain -j 2 --block 1462 --recstart '>' --pipe blastp -query - -db /home/bacte/miniconda3/envs/bacillus_ecogenomics/db/kingdom/Bacteria/AMR -evalue 1e-300 -qcov_hsp_perc 90 -num_threads 1 -num_descriptions 1 -num_alignments 1 -seg no > \/home\/bacte\/bacillus_amr\/08_genomic_context\/prokka\/L006_GCF_036621235\.1_fosBx1\/L006_GCF_036621235\.1_fosBx1\.AMR\.tmp\.3854\.blast 2> /dev/null
[12:52:55] Deleting unwanted file: /home/bacte/bacillus_amr/08_genomic_context/prokka/L006_GCF_036621235.1_fosBx1/L006_GCF_036621235.1_fosBx1.AMR.tmp.3854.faa
[12:52:55] Deleting unwanted file: /home/bacte/bacillus_amr/08_genomic_context/prokka/L006_GCF_036621235.1_fosBx1/L006_GCF_036621235.1_fosBx1.AMR.tmp.3854.blast
[12:52:55] There are still 23 unannotated CDS left (started with 23)
[12:52:55] Will use blast to search against /home/bacte/miniconda3/envs/bacillus_ecogenomics/db/kingdom/Bacteria/sprot with 2 CPUs
[12:52:55] Running: cat \/home\/bacte\/bacillus_amr\/08_genomic_context\/prokka\/L006_GCF_036621235\.1_fosBx1\/L006_GCF_036621235\.1_fosBx1\.sprot\.tmp\.3854\.faa | parallel --gnu --plain -j 2 --block 1462 --recstart '>' --pipe blastp -query - -db /home/bacte/miniconda3/envs/bacillus_ecogenomics/db/kingdom/Bacteria/sprot -evalue 1e-09 -qcov_hsp_perc 80 -num_threads 1 -num_descriptions 1 -num_alignments 1 -seg no > \/home\/bacte\/bacillus_amr\/08_genomic_context\/prokka\/L006_GCF_036621235\.1_fosBx1\/L006_GCF_036621235\.1_fosBx1\.sprot\.tmp\.3854\.blast 2> /dev/null
[12:52:57] Deleting unwanted file: /home/bacte/bacillus_amr/08_genomic_context/prokka/L006_GCF_036621235.1_fosBx1/L006_GCF_036621235.1_fosBx1.sprot.tmp.3854.faa
[12:52:57] Deleting unwanted file: /home/bacte/bacillus_amr/08_genomic_context/prokka/L006_GCF_036621235.1_fosBx1/L006_GCF_036621235.1_fosBx1.sprot.tmp.3854.blast
[12:52:57] There are still 8 unannotated CDS left (started with 23)
[12:52:57] Will use hmmer3 to search against /home/bacte/miniconda3/envs/bacillus_ecogenomics/db/hmm/HAMAP.hmm with 2 CPUs
[12:52:57] Running: cat \/home\/bacte\/bacillus_amr\/08_genomic_context\/prokka\/L006_GCF_036621235\.1_fosBx1\/L006_GCF_036621235\.1_fosBx1\.HAMAP\.hmm\.tmp\.3854\.faa | parallel --gnu --plain -j 2 --block 406 --recstart '>' --pipe hmmscan --noali --notextw --acc -E 1e-09 --cpu 1 /home/bacte/miniconda3/envs/bacillus_ecogenomics/db/hmm/HAMAP.hmm /dev/stdin > \/home\/bacte\/bacillus_amr\/08_genomic_context\/prokka\/L006_GCF_036621235\.1_fosBx1\/L006_GCF_036621235\.1_fosBx1\.HAMAP\.hmm\.tmp\.3854\.hmmer3 2> /dev/null
[12:52:57] Deleting unwanted file: /home/bacte/bacillus_amr/08_genomic_context/prokka/L006_GCF_036621235.1_fosBx1/L006_GCF_036621235.1_fosBx1.HAMAP.hmm.tmp.3854.faa
[12:52:57] Deleting unwanted file: /home/bacte/bacillus_amr/08_genomic_context/prokka/L006_GCF_036621235.1_fosBx1/L006_GCF_036621235.1_fosBx1.HAMAP.hmm.tmp.3854.hmmer3
[12:52:57] Labelling remaining 8 proteins as 'hypothetical protein'
[12:52:57] Found 13 unique /gene codes.
[12:52:57] Fixed 0 colliding /gene names.
[12:52:57] Adding /locus_tag identifiers
[12:52:57] Assigned 23 locus_tags to CDS and RNA features.
[12:52:57] Writing outputs to /home/bacte/bacillus_amr/08_genomic_context/prokka/L006_GCF_036621235.1_fosBx1/
[12:52:57] Generating annotation statistics file
[12:52:57] Generating Genbank and Sequin files
[12:52:57] Running: tbl2asn -V b -a r10k -l paired-ends -M n -N 1 -y 'Annotated using prokka 1.15.6 from https://github.com/tseemann/prokka' -Z \/home\/bacte\/bacillus_amr\/08_genomic_context\/prokka\/L006_GCF_036621235\.1_fosBx1\/L006_GCF_036621235\.1_fosBx1\.err -i \/home\/bacte\/bacillus_amr\/08_genomic_context\/prokka\/L006_GCF_036621235\.1_fosBx1\/L006_GCF_036621235\.1_fosBx1\.fsa 2> /dev/null
[tbl2asn-forever] Found Prokka input, correcting dates in .gbf|.sqn files.
[tbl2asn-forever] Correcting dates in /home/bacte/bacillus_amr/08_genomic_context/prokka/L006_GCF_036621235.1_fosBx1/L006_GCF_036621235.1_fosBx1.gbf
[tbl2asn-forever] Correcting dates in /home/bacte/bacillus_amr/08_genomic_context/prokka/L006_GCF_036621235.1_fosBx1/L006_GCF_036621235.1_fosBx1.sqn
[tbl2asn-forever] Dates changed from 01-JAN-2019 to 06-OCT-2026
[12:52:58] Deleting unwanted file: /home/bacte/bacillus_amr/08_genomic_context/prokka/L006_GCF_036621235.1_fosBx1/errorsummary.val
[12:52:58] Deleting unwanted file: /home/bacte/bacillus_amr/08_genomic_context/prokka/L006_GCF_036621235.1_fosBx1/L006_GCF_036621235.1_fosBx1.dr
[12:52:58] Deleting unwanted file: /home/bacte/bacillus_amr/08_genomic_context/prokka/L006_GCF_036621235.1_fosBx1/L006_GCF_036621235.1_fosBx1.fixedproducts
[12:52:58] Deleting unwanted file: /home/bacte/bacillus_amr/08_genomic_context/prokka/L006_GCF_036621235.1_fosBx1/L006_GCF_036621235.1_fosBx1.ecn
[12:52:58] Deleting unwanted file: /home/bacte/bacillus_amr/08_genomic_context/prokka/L006_GCF_036621235.1_fosBx1/L006_GCF_036621235.1_fosBx1.val
[12:52:58] Repairing broken .GBK output that tbl2asn produces...
[12:52:58] Running: sed 's/COORDINATES: profile/COORDINATES:profile/' < \/home\/bacte\/bacillus_amr\/08_genomic_context\/prokka\/L006_GCF_036621235\.1_fosBx1\/L006_GCF_036621235\.1_fosBx1\.gbf > \/home\/bacte\/bacillus_amr\/08_genomic_context\/prokka\/L006_GCF_036621235\.1_fosBx1\/L006_GCF_036621235\.1_fosBx1\.gbk
[12:52:58] Deleting unwanted file: /home/bacte/bacillus_amr/08_genomic_context/prokka/L006_GCF_036621235.1_fosBx1/L006_GCF_036621235.1_fosBx1.gbf
[12:52:58] Output files:
[12:52:58] /home/bacte/bacillus_amr/08_genomic_context/prokka/L006_GCF_036621235.1_fosBx1/L006_GCF_036621235.1_fosBx1.fsa
[12:52:58] /home/bacte/bacillus_amr/08_genomic_context/prokka/L006_GCF_036621235.1_fosBx1/L006_GCF_036621235.1_fosBx1.tsv
[12:52:58] /home/bacte/bacillus_amr/08_genomic_context/prokka/L006_GCF_036621235.1_fosBx1/L006_GCF_036621235.1_fosBx1.tbl
[12:52:58] /home/bacte/bacillus_amr/08_genomic_context/prokka/L006_GCF_036621235.1_fosBx1/L006_GCF_036621235.1_fosBx1.err
[12:52:58] /home/bacte/bacillus_amr/08_genomic_context/prokka/L006_GCF_036621235.1_fosBx1/L006_GCF_036621235.1_fosBx1.gff
[12:52:58] /home/bacte/bacillus_amr/08_genomic_context/prokka/L006_GCF_036621235.1_fosBx1/L006_GCF_036621235.1_fosBx1.gbk
[12:52:58] /home/bacte/bacillus_amr/08_genomic_context/prokka/L006_GCF_036621235.1_fosBx1/L006_GCF_036621235.1_fosBx1.sqn
[12:52:58] /home/bacte/bacillus_amr/08_genomic_context/prokka/L006_GCF_036621235.1_fosBx1/L006_GCF_036621235.1_fosBx1.log
[12:52:58] /home/bacte/bacillus_amr/08_genomic_context/prokka/L006_GCF_036621235.1_fosBx1/L006_GCF_036621235.1_fosBx1.fna
[12:52:58] /home/bacte/bacillus_amr/08_genomic_context/prokka/L006_GCF_036621235.1_fosBx1/L006_GCF_036621235.1_fosBx1.txt
[12:52:58] /home/bacte/bacillus_amr/08_genomic_context/prokka/L006_GCF_036621235.1_fosBx1/L006_GCF_036621235.1_fosBx1.faa
[12:52:58] /home/bacte/bacillus_amr/08_genomic_context/prokka/L006_GCF_036621235.1_fosBx1/L006_GCF_036621235.1_fosBx1.ffn
[12:52:58] Annotation finished successfully.
[12:52:58] Walltime used: 0.08 minutes
[12:52:58] If you use this result please cite the Prokka paper:
[12:52:58] Seemann T (2014) Prokka: rapid prokaryotic genome annotation. Bioinformatics. 30(14):2068-9.
[12:52:58] Type 'prokka --citation' for more details.
[12:52:58] Share and enjoy!
[7/41] L007_GCF_002993765.1_blaTEM
[12:52:58] This is prokka 1.15.6
[12:52:58] Written by Torsten Seemann <torsten.seemann@gmail.com>
[12:52:58] Homepage is https://github.com/tseemann/prokka
[12:52:58] Local time is Tue Oct  6 12:52:58 2026
[12:52:58] You are bacte
[12:52:58] Operating system is linux
[12:52:58] You have BioPerl 1.7.8
[12:52:58] System has 8 cores.
[12:52:58] Will use maximum of 2 cores.
[12:52:58] Annotating as >>> Bacteria <<<
[12:52:58] Generating locus_tag from '/home/bacte/bacillus_amr/08_genomic_context/windows_10kb/L007_GCF_002993765.1_blaTEM.fna' contents.
[12:52:58] Setting --locustag BHPHKKLI from MD5 b191445249ca35898c12926569196873
[12:52:58] Creating new output folder: /home/bacte/bacillus_amr/08_genomic_context/prokka/L007_GCF_002993765.1_blaTEM
[12:52:58] Running: mkdir -p \/home\/bacte\/bacillus_amr\/08_genomic_context\/prokka\/L007_GCF_002993765\.1_blaTEM
[12:52:58] Using filename prefix: L007_GCF_002993765.1_blaTEM.XXX
[12:52:58] Setting HMMER_NCPU=1
[12:52:58] Writing log to: /home/bacte/bacillus_amr/08_genomic_context/prokka/L007_GCF_002993765.1_blaTEM/L007_GCF_002993765.1_blaTEM.log
[12:52:58] Command: /home/bacte/miniconda3/envs/bacillus_ecogenomics/bin/prokka /home/bacte/bacillus_amr/08_genomic_context/windows_10kb/L007_GCF_002993765.1_blaTEM.fna --outdir /home/bacte/bacillus_amr/08_genomic_context/prokka/L007_GCF_002993765.1_blaTEM --prefix L007_GCF_002993765.1_blaTEM --kingdom Bacteria --genus Bacillus --cpus 2
[12:52:58] Looking for 'aragorn' - found /home/bacte/miniconda3/envs/bacillus_ecogenomics/bin/aragorn
[12:52:58] Determined aragorn version is v1.2 from 'ARAGORN v1.2.41 Dean Laslett'
[12:52:58] Looking for 'barrnap' - found /home/bacte/miniconda3/envs/bacillus_ecogenomics/bin/barrnap
[12:52:58] Determined barrnap version is v1.10 from 'barrnap 1.10.5'
[12:52:58] Looking for 'blastp' - found /home/bacte/miniconda3/envs/bacillus_ecogenomics/bin/blastp
[12:52:58] Determined blastp version is v2.17 from 'blastp: 2.17.0+'
[12:52:58] Looking for 'cmpress' - found /home/bacte/miniconda3/envs/bacillus_ecogenomics/bin/cmpress
[12:52:58] Determined cmpress version is v1.1 from '# INFERNAL 1.1.5 (Sep 2023)'
[12:52:58] Looking for 'cmscan' - found /home/bacte/miniconda3/envs/bacillus_ecogenomics/bin/cmscan
[12:52:58] Determined cmscan version is v1.1 from '# INFERNAL 1.1.5 (Sep 2023)'
[12:52:58] Looking for 'egrep' - found /usr/bin/egrep
[12:52:58] Looking for 'find' - found /usr/bin/find
[12:52:58] Looking for 'grep' - found /usr/bin/grep
[12:52:58] Looking for 'hmmpress' - found /home/bacte/miniconda3/envs/bacillus_ecogenomics/bin/hmmpress
[12:52:58] Determined hmmpress version is v3.4 from '# HMMER 3.4 (Aug 2023); http://hmmer.org/'
[12:52:58] Looking for 'hmmscan' - found /home/bacte/miniconda3/envs/bacillus_ecogenomics/bin/hmmscan
[12:52:58] Determined hmmscan version is v3.4 from '# HMMER 3.4 (Aug 2023); http://hmmer.org/'
[12:52:58] Looking for 'java' - found /home/bacte/miniconda3/envs/bacillus_ecogenomics/bin/java
[12:52:58] Looking for 'makeblastdb' - found /home/bacte/miniconda3/envs/bacillus_ecogenomics/bin/makeblastdb
[12:52:58] Determined makeblastdb version is v2.17 from 'makeblastdb: 2.17.0+'
[12:52:58] Looking for 'minced' - found /home/bacte/miniconda3/envs/bacillus_ecogenomics/bin/minced
[12:52:58] Determined minced version is v4.2 from 'minced 0.4.2'
[12:52:58] Looking for 'parallel' - found /home/bacte/miniconda3/envs/bacillus_ecogenomics/bin/parallel
[12:52:58] Determined parallel version is 20260422 from 'GNU parallel 20260422'
[12:52:58] Looking for 'prodigal' - found /home/bacte/miniconda3/envs/bacillus_ecogenomics/bin/prodigal
[12:52:58] Determined prodigal version is v2.6 from 'Prodigal V2.6.3: February, 2016'
[12:52:58] Looking for 'prokka-genbank_to_fasta_db' - found /home/bacte/miniconda3/envs/bacillus_ecogenomics/bin/prokka-genbank_to_fasta_db
[12:52:58] Looking for 'sed' - found /usr/bin/sed
[12:52:58] Looking for 'tbl2asn' - found /home/bacte/miniconda3/envs/bacillus_ecogenomics/bin/tbl2asn
[12:52:58] Determined tbl2asn version is v25.7 from 'tbl2asn 25.7   arguments:'
[12:52:58] Using genetic code table 11.
[12:52:58] Loading and checking input file: /home/bacte/bacillus_amr/08_genomic_context/windows_10kb/L007_GCF_002993765.1_blaTEM.fna
[12:52:58] Wrote 1 contigs totalling 530 bp.
[12:52:58] Predicting tRNAs and tmRNAs
[12:52:58] Running: aragorn -l -gc11  -w \/home\/bacte\/bacillus_amr\/08_genomic_context\/prokka\/L007_GCF_002993765\.1_blaTEM\/L007_GCF_002993765\.1_blaTEM\.fna
[12:52:58] Found 0 tRNAs
[12:52:58] Predicting Ribosomal RNAs
[12:52:58] Running Barrnap with 2 threads
[12:52:58] Found 0 rRNAs
[12:52:58] Skipping ncRNA search, enable with --rfam if desired.
[12:52:58] Total of 0 tRNA + rRNA features
[12:52:58] Searching for CRISPR repeats
[12:52:59] Found 0 CRISPRs
[12:52:59] Predicting coding sequences
[12:52:59] Contigs total 530 bp, so using single mode
[12:52:59] Running: prodigal -i \/home\/bacte\/bacillus_amr\/08_genomic_context\/prokka\/L007_GCF_002993765\.1_blaTEM\/L007_GCF_002993765\.1_blaTEM\.fna -c -m -g 11 -p single -f sco -q


Error:  Sequence must be 20000 characters (only 530 read).
(Consider running with the -p meta option or finding more contigs from the same genome.)

[12:52:59] Found 0 CDS
[12:52:59] Connecting features back to sequences
[12:52:59] Not using genus-specific database. Try --usegenus to enable it.
[12:52:59] Annotating CDS, please be patient.
[12:52:59] Will use 2 CPUs for similarity searching.
[12:52:59] Found 0 unique /gene codes.
[12:52:59] Fixed 0 colliding /gene names.
[12:52:59] Adding /locus_tag identifiers
[12:52:59] Assigned 0 locus_tags to CDS and RNA features.
[12:52:59] Writing outputs to /home/bacte/bacillus_amr/08_genomic_context/prokka/L007_GCF_002993765.1_blaTEM/
[12:52:59] Generating annotation statistics file
[12:52:59] Generating Genbank and Sequin files
[12:52:59] Running: tbl2asn -V b -a r10k -l paired-ends -M n -N 1 -y 'Annotated using prokka 1.15.6 from https://github.com/tseemann/prokka' -Z \/home\/bacte\/bacillus_amr\/08_genomic_context\/prokka\/L007_GCF_002993765\.1_blaTEM\/L007_GCF_002993765\.1_blaTEM\.err -i \/home\/bacte\/bacillus_amr\/08_genomic_context\/prokka\/L007_GCF_002993765\.1_blaTEM\/L007_GCF_002993765\.1_blaTEM\.fsa 2> /dev/null
[tbl2asn-forever] Found Prokka input, correcting dates in .gbf|.sqn files.
[tbl2asn-forever] Correcting dates in /home/bacte/bacillus_amr/08_genomic_context/prokka/L007_GCF_002993765.1_blaTEM/L007_GCF_002993765.1_blaTEM.gbf
[tbl2asn-forever] Correcting dates in /home/bacte/bacillus_amr/08_genomic_context/prokka/L007_GCF_002993765.1_blaTEM/L007_GCF_002993765.1_blaTEM.sqn
[tbl2asn-forever] Dates changed from 01-JAN-2019 to 06-OCT-2026
[12:52:59] Deleting unwanted file: /home/bacte/bacillus_amr/08_genomic_context/prokka/L007_GCF_002993765.1_blaTEM/errorsummary.val
[12:52:59] Deleting unwanted file: /home/bacte/bacillus_amr/08_genomic_context/prokka/L007_GCF_002993765.1_blaTEM/L007_GCF_002993765.1_blaTEM.dr
[12:52:59] Deleting unwanted file: /home/bacte/bacillus_amr/08_genomic_context/prokka/L007_GCF_002993765.1_blaTEM/L007_GCF_002993765.1_blaTEM.fixedproducts
[12:52:59] Deleting unwanted file: /home/bacte/bacillus_amr/08_genomic_context/prokka/L007_GCF_002993765.1_blaTEM/L007_GCF_002993765.1_blaTEM.ecn
[12:52:59] Deleting unwanted file: /home/bacte/bacillus_amr/08_genomic_context/prokka/L007_GCF_002993765.1_blaTEM/L007_GCF_002993765.1_blaTEM.val
[12:52:59] Repairing broken .GBK output that tbl2asn produces...
[12:52:59] Running: sed 's/COORDINATES: profile/COORDINATES:profile/' < \/home\/bacte\/bacillus_amr\/08_genomic_context\/prokka\/L007_GCF_002993765\.1_blaTEM\/L007_GCF_002993765\.1_blaTEM\.gbf > \/home\/bacte\/bacillus_amr\/08_genomic_context\/prokka\/L007_GCF_002993765\.1_blaTEM\/L007_GCF_002993765\.1_blaTEM\.gbk
[12:52:59] Deleting unwanted file: /home/bacte/bacillus_amr/08_genomic_context/prokka/L007_GCF_002993765.1_blaTEM/L007_GCF_002993765.1_blaTEM.gbf
[12:52:59] Output files:
[12:52:59] /home/bacte/bacillus_amr/08_genomic_context/prokka/L007_GCF_002993765.1_blaTEM/L007_GCF_002993765.1_blaTEM.HAMAP.hmm.tmp.4224.faa
[12:52:59] /home/bacte/bacillus_amr/08_genomic_context/prokka/L007_GCF_002993765.1_blaTEM/L007_GCF_002993765.1_blaTEM.gff
[12:52:59] /home/bacte/bacillus_amr/08_genomic_context/prokka/L007_GCF_002993765.1_blaTEM/L007_GCF_002993765.1_blaTEM.err
[12:52:59] /home/bacte/bacillus_amr/08_genomic_context/prokka/L007_GCF_002993765.1_blaTEM/L007_GCF_002993765.1_blaTEM.AMR.tmp.4224.faa
[12:52:59] /home/bacte/bacillus_amr/08_genomic_context/prokka/L007_GCF_002993765.1_blaTEM/L007_GCF_002993765.1_blaTEM.log
[12:52:59] /home/bacte/bacillus_amr/08_genomic_context/prokka/L007_GCF_002993765.1_blaTEM/L007_GCF_002993765.1_blaTEM.sprot.tmp.4224.faa
[12:52:59] /home/bacte/bacillus_amr/08_genomic_context/prokka/L007_GCF_002993765.1_blaTEM/L007_GCF_002993765.1_blaTEM.fsa
[12:52:59] /home/bacte/bacillus_amr/08_genomic_context/prokka/L007_GCF_002993765.1_blaTEM/L007_GCF_002993765.1_blaTEM.ffn
[12:52:59] /home/bacte/bacillus_amr/08_genomic_context/prokka/L007_GCF_002993765.1_blaTEM/L007_GCF_002993765.1_blaTEM.faa
[12:52:59] /home/bacte/bacillus_amr/08_genomic_context/prokka/L007_GCF_002993765.1_blaTEM/L007_GCF_002993765.1_blaTEM.IS.tmp.4224.faa
[12:52:59] /home/bacte/bacillus_amr/08_genomic_context/prokka/L007_GCF_002993765.1_blaTEM/L007_GCF_002993765.1_blaTEM.txt
[12:52:59] /home/bacte/bacillus_amr/08_genomic_context/prokka/L007_GCF_002993765.1_blaTEM/L007_GCF_002993765.1_blaTEM.fna
[12:52:59] /home/bacte/bacillus_amr/08_genomic_context/prokka/L007_GCF_002993765.1_blaTEM/L007_GCF_002993765.1_blaTEM.gbk
[12:52:59] /home/bacte/bacillus_amr/08_genomic_context/prokka/L007_GCF_002993765.1_blaTEM/L007_GCF_002993765.1_blaTEM.tbl
[12:52:59] /home/bacte/bacillus_amr/08_genomic_context/prokka/L007_GCF_002993765.1_blaTEM/L007_GCF_002993765.1_blaTEM.sqn
[12:52:59] /home/bacte/bacillus_amr/08_genomic_context/prokka/L007_GCF_002993765.1_blaTEM/L007_GCF_002993765.1_blaTEM.tsv
[12:52:59] Annotation finished successfully.
[12:52:59] Walltime used: 0.02 minutes
[12:52:59] If you use this result please cite the Prokka paper:
[12:52:59] Seemann T (2014) Prokka: rapid prokaryotic genome annotation. Bioinformatics. 30(14):2068-9.
[12:52:59] Type 'prokka --citation' for more details.
[12:52:59] Share and enjoy!
[8/41] L008_GCF_002993735.1_emrC
[12:52:59] This is prokka 1.15.6
[12:52:59] Written by Torsten Seemann <torsten.seemann@gmail.com>
[12:52:59] Homepage is https://github.com/tseemann/prokka
[12:52:59] Local time is Tue Oct  6 12:52:59 2026
[12:52:59] You are bacte
[12:52:59] Operating system is linux
[12:52:59] You have BioPerl 1.7.8
[12:52:59] System has 8 cores.
[12:52:59] Will use maximum of 2 cores.
[12:52:59] Annotating as >>> Bacteria <<<
[12:52:59] Generating locus_tag from '/home/bacte/bacillus_amr/08_genomic_context/windows_10kb/L008_GCF_002993735.1_emrC.fna' contents.
[12:52:59] Setting --locustag NKOBCMKL from MD5 748bc64567e66c2763f5e08c0847cfb9
[12:52:59] Creating new output folder: /home/bacte/bacillus_amr/08_genomic_context/prokka/L008_GCF_002993735.1_emrC
[12:52:59] Running: mkdir -p \/home\/bacte\/bacillus_amr\/08_genomic_context\/prokka\/L008_GCF_002993735\.1_emrC
[12:52:59] Using filename prefix: L008_GCF_002993735.1_emrC.XXX
[12:52:59] Setting HMMER_NCPU=1
[12:52:59] Writing log to: /home/bacte/bacillus_amr/08_genomic_context/prokka/L008_GCF_002993735.1_emrC/L008_GCF_002993735.1_emrC.log
[12:52:59] Command: /home/bacte/miniconda3/envs/bacillus_ecogenomics/bin/prokka /home/bacte/bacillus_amr/08_genomic_context/windows_10kb/L008_GCF_002993735.1_emrC.fna --outdir /home/bacte/bacillus_amr/08_genomic_context/prokka/L008_GCF_002993735.1_emrC --prefix L008_GCF_002993735.1_emrC --kingdom Bacteria --genus Bacillus --cpus 2
[12:52:59] Looking for 'aragorn' - found /home/bacte/miniconda3/envs/bacillus_ecogenomics/bin/aragorn
[12:52:59] Determined aragorn version is v1.2 from 'ARAGORN v1.2.41 Dean Laslett'
[12:52:59] Looking for 'barrnap' - found /home/bacte/miniconda3/envs/bacillus_ecogenomics/bin/barrnap
[12:52:59] Determined barrnap version is v1.10 from 'barrnap 1.10.5'
[12:52:59] Looking for 'blastp' - found /home/bacte/miniconda3/envs/bacillus_ecogenomics/bin/blastp
[12:52:59] Determined blastp version is v2.17 from 'blastp: 2.17.0+'
[12:52:59] Looking for 'cmpress' - found /home/bacte/miniconda3/envs/bacillus_ecogenomics/bin/cmpress
[12:52:59] Determined cmpress version is v1.1 from '# INFERNAL 1.1.5 (Sep 2023)'
[12:52:59] Looking for 'cmscan' - found /home/bacte/miniconda3/envs/bacillus_ecogenomics/bin/cmscan
[12:52:59] Determined cmscan version is v1.1 from '# INFERNAL 1.1.5 (Sep 2023)'
[12:52:59] Looking for 'egrep' - found /usr/bin/egrep
[12:52:59] Looking for 'find' - found /usr/bin/find
[12:52:59] Looking for 'grep' - found /usr/bin/grep
[12:52:59] Looking for 'hmmpress' - found /home/bacte/miniconda3/envs/bacillus_ecogenomics/bin/hmmpress
[12:52:59] Determined hmmpress version is v3.4 from '# HMMER 3.4 (Aug 2023); http://hmmer.org/'
[12:52:59] Looking for 'hmmscan' - found /home/bacte/miniconda3/envs/bacillus_ecogenomics/bin/hmmscan
[12:52:59] Determined hmmscan version is v3.4 from '# HMMER 3.4 (Aug 2023); http://hmmer.org/'
[12:52:59] Looking for 'java' - found /home/bacte/miniconda3/envs/bacillus_ecogenomics/bin/java
[12:52:59] Looking for 'makeblastdb' - found /home/bacte/miniconda3/envs/bacillus_ecogenomics/bin/makeblastdb
[12:52:59] Determined makeblastdb version is v2.17 from 'makeblastdb: 2.17.0+'
[12:52:59] Looking for 'minced' - found /home/bacte/miniconda3/envs/bacillus_ecogenomics/bin/minced
[12:52:59] Determined minced version is v4.2 from 'minced 0.4.2'
[12:52:59] Looking for 'parallel' - found /home/bacte/miniconda3/envs/bacillus_ecogenomics/bin/parallel
[12:52:59] Determined parallel version is 20260422 from 'GNU parallel 20260422'
[12:52:59] Looking for 'prodigal' - found /home/bacte/miniconda3/envs/bacillus_ecogenomics/bin/prodigal
[12:52:59] Determined prodigal version is v2.6 from 'Prodigal V2.6.3: February, 2016'
[12:52:59] Looking for 'prokka-genbank_to_fasta_db' - found /home/bacte/miniconda3/envs/bacillus_ecogenomics/bin/prokka-genbank_to_fasta_db
[12:52:59] Looking for 'sed' - found /usr/bin/sed
[12:52:59] Looking for 'tbl2asn' - found /home/bacte/miniconda3/envs/bacillus_ecogenomics/bin/tbl2asn
[12:52:59] Determined tbl2asn version is v25.7 from 'tbl2asn 25.7   arguments:'
[12:52:59] Using genetic code table 11.
[12:52:59] Loading and checking input file: /home/bacte/bacillus_amr/08_genomic_context/windows_10kb/L008_GCF_002993735.1_emrC.fna
[12:52:59] Wrote 1 contigs totalling 20375 bp.
[12:52:59] Predicting tRNAs and tmRNAs
[12:52:59] Running: aragorn -l -gc11  -w \/home\/bacte\/bacillus_amr\/08_genomic_context\/prokka\/L008_GCF_002993735\.1_emrC\/L008_GCF_002993735\.1_emrC\.fna
[12:52:59] Found 0 tRNAs
[12:52:59] Predicting Ribosomal RNAs
[12:52:59] Running Barrnap with 2 threads
[12:53:00] Found 0 rRNAs
[12:53:00] Skipping ncRNA search, enable with --rfam if desired.
[12:53:00] Total of 0 tRNA + rRNA features
[12:53:00] Searching for CRISPR repeats
[12:53:00] Found 0 CRISPRs
[12:53:00] Predicting coding sequences
[12:53:00] Contigs total 20375 bp, so using single mode
[12:53:00] Running: prodigal -i \/home\/bacte\/bacillus_amr\/08_genomic_context\/prokka\/L008_GCF_002993735\.1_emrC\/L008_GCF_002993735\.1_emrC\.fna -c -m -g 11 -p single -f sco -q


Warning:  ideally Prodigal should be given at least 100000 bases for training.
You may get better results with the -p meta option.

[12:53:00] Found 26 CDS
[12:53:00] Connecting features back to sequences
[12:53:00] Not using genus-specific database. Try --usegenus to enable it.
[12:53:00] Annotating CDS, please be patient.
[12:53:00] Will use 2 CPUs for similarity searching.
[12:53:00] There are still 26 unannotated CDS left (started with 26)
[12:53:00] Will use blast to search against /home/bacte/miniconda3/envs/bacillus_ecogenomics/db/kingdom/Bacteria/IS with 2 CPUs
[12:53:00] Running: cat \/home\/bacte\/bacillus_amr\/08_genomic_context\/prokka\/L008_GCF_002993735\.1_emrC\/L008_GCF_002993735\.1_emrC\.IS\.tmp\.4385\.faa | parallel --gnu --plain -j 2 --block 1494 --recstart '>' --pipe blastp -query - -db /home/bacte/miniconda3/envs/bacillus_ecogenomics/db/kingdom/Bacteria/IS -evalue 1e-30 -qcov_hsp_perc 90 -num_threads 1 -num_descriptions 1 -num_alignments 1 -seg no > \/home\/bacte\/bacillus_amr\/08_genomic_context\/prokka\/L008_GCF_002993735\.1_emrC\/L008_GCF_002993735\.1_emrC\.IS\.tmp\.4385\.blast 2> /dev/null
[12:53:00] Deleting unwanted file: /home/bacte/bacillus_amr/08_genomic_context/prokka/L008_GCF_002993735.1_emrC/L008_GCF_002993735.1_emrC.IS.tmp.4385.faa
[12:53:00] Deleting unwanted file: /home/bacte/bacillus_amr/08_genomic_context/prokka/L008_GCF_002993735.1_emrC/L008_GCF_002993735.1_emrC.IS.tmp.4385.blast
[12:53:00] There are still 26 unannotated CDS left (started with 26)
[12:53:00] Will use blast to search against /home/bacte/miniconda3/envs/bacillus_ecogenomics/db/kingdom/Bacteria/AMR with 2 CPUs
[12:53:00] Running: cat \/home\/bacte\/bacillus_amr\/08_genomic_context\/prokka\/L008_GCF_002993735\.1_emrC\/L008_GCF_002993735\.1_emrC\.AMR\.tmp\.4385\.faa | parallel --gnu --plain -j 2 --block 1494 --recstart '>' --pipe blastp -query - -db /home/bacte/miniconda3/envs/bacillus_ecogenomics/db/kingdom/Bacteria/AMR -evalue 1e-300 -qcov_hsp_perc 90 -num_threads 1 -num_descriptions 1 -num_alignments 1 -seg no > \/home\/bacte\/bacillus_amr\/08_genomic_context\/prokka\/L008_GCF_002993735\.1_emrC\/L008_GCF_002993735\.1_emrC\.AMR\.tmp\.4385\.blast 2> /dev/null
[12:53:01] Deleting unwanted file: /home/bacte/bacillus_amr/08_genomic_context/prokka/L008_GCF_002993735.1_emrC/L008_GCF_002993735.1_emrC.AMR.tmp.4385.faa
[12:53:01] Deleting unwanted file: /home/bacte/bacillus_amr/08_genomic_context/prokka/L008_GCF_002993735.1_emrC/L008_GCF_002993735.1_emrC.AMR.tmp.4385.blast
[12:53:01] There are still 26 unannotated CDS left (started with 26)
[12:53:01] Will use blast to search against /home/bacte/miniconda3/envs/bacillus_ecogenomics/db/kingdom/Bacteria/sprot with 2 CPUs
[12:53:01] Running: cat \/home\/bacte\/bacillus_amr\/08_genomic_context\/prokka\/L008_GCF_002993735\.1_emrC\/L008_GCF_002993735\.1_emrC\.sprot\.tmp\.4385\.faa | parallel --gnu --plain -j 2 --block 1494 --recstart '>' --pipe blastp -query - -db /home/bacte/miniconda3/envs/bacillus_ecogenomics/db/kingdom/Bacteria/sprot -evalue 1e-09 -qcov_hsp_perc 80 -num_threads 1 -num_descriptions 1 -num_alignments 1 -seg no > \/home\/bacte\/bacillus_amr\/08_genomic_context\/prokka\/L008_GCF_002993735\.1_emrC\/L008_GCF_002993735\.1_emrC\.sprot\.tmp\.4385\.blast 2> /dev/null
[12:53:03] Modify product: Uncharacterized protein YqbN => putative protein YqbN
[12:53:03] Modify product: Uncharacterized protein YqbO => putative protein YqbO
[12:53:03] Cleaned 2 /product names
[12:53:03] Deleting unwanted file: /home/bacte/bacillus_amr/08_genomic_context/prokka/L008_GCF_002993735.1_emrC/L008_GCF_002993735.1_emrC.sprot.tmp.4385.faa
[12:53:03] Deleting unwanted file: /home/bacte/bacillus_amr/08_genomic_context/prokka/L008_GCF_002993735.1_emrC/L008_GCF_002993735.1_emrC.sprot.tmp.4385.blast
[12:53:03] There are still 16 unannotated CDS left (started with 26)
[12:53:03] Will use hmmer3 to search against /home/bacte/miniconda3/envs/bacillus_ecogenomics/db/hmm/HAMAP.hmm with 2 CPUs
[12:53:03] Running: cat \/home\/bacte\/bacillus_amr\/08_genomic_context\/prokka\/L008_GCF_002993735\.1_emrC\/L008_GCF_002993735\.1_emrC\.HAMAP\.hmm\.tmp\.4385\.faa | parallel --gnu --plain -j 2 --block 708 --recstart '>' --pipe hmmscan --noali --notextw --acc -E 1e-09 --cpu 1 /home/bacte/miniconda3/envs/bacillus_ecogenomics/db/hmm/HAMAP.hmm /dev/stdin > \/home\/bacte\/bacillus_amr\/08_genomic_context\/prokka\/L008_GCF_002993735\.1_emrC\/L008_GCF_002993735\.1_emrC\.HAMAP\.hmm\.tmp\.4385\.hmmer3 2> /dev/null
[12:53:03] Deleting unwanted file: /home/bacte/bacillus_amr/08_genomic_context/prokka/L008_GCF_002993735.1_emrC/L008_GCF_002993735.1_emrC.HAMAP.hmm.tmp.4385.faa
[12:53:03] Deleting unwanted file: /home/bacte/bacillus_amr/08_genomic_context/prokka/L008_GCF_002993735.1_emrC/L008_GCF_002993735.1_emrC.HAMAP.hmm.tmp.4385.hmmer3
[12:53:03] Labelling remaining 16 proteins as 'hypothetical protein'
[12:53:03] Found 10 unique /gene codes.
[12:53:03] Fixed 0 colliding /gene names.
[12:53:03] Adding /locus_tag identifiers
[12:53:03] Assigned 26 locus_tags to CDS and RNA features.
[12:53:03] Writing outputs to /home/bacte/bacillus_amr/08_genomic_context/prokka/L008_GCF_002993735.1_emrC/
[12:53:03] Generating annotation statistics file
[12:53:03] Generating Genbank and Sequin files
[12:53:03] Running: tbl2asn -V b -a r10k -l paired-ends -M n -N 1 -y 'Annotated using prokka 1.15.6 from https://github.com/tseemann/prokka' -Z \/home\/bacte\/bacillus_amr\/08_genomic_context\/prokka\/L008_GCF_002993735\.1_emrC\/L008_GCF_002993735\.1_emrC\.err -i \/home\/bacte\/bacillus_amr\/08_genomic_context\/prokka\/L008_GCF_002993735\.1_emrC\/L008_GCF_002993735\.1_emrC\.fsa 2> /dev/null
[tbl2asn-forever] Found Prokka input, correcting dates in .gbf|.sqn files.
[tbl2asn-forever] Correcting dates in /home/bacte/bacillus_amr/08_genomic_context/prokka/L008_GCF_002993735.1_emrC/L008_GCF_002993735.1_emrC.gbf
[tbl2asn-forever] Correcting dates in /home/bacte/bacillus_amr/08_genomic_context/prokka/L008_GCF_002993735.1_emrC/L008_GCF_002993735.1_emrC.sqn
[tbl2asn-forever] Dates changed from 01-JAN-2019 to 06-OCT-2026
[12:53:04] Deleting unwanted file: /home/bacte/bacillus_amr/08_genomic_context/prokka/L008_GCF_002993735.1_emrC/errorsummary.val
[12:53:04] Deleting unwanted file: /home/bacte/bacillus_amr/08_genomic_context/prokka/L008_GCF_002993735.1_emrC/L008_GCF_002993735.1_emrC.dr
[12:53:04] Deleting unwanted file: /home/bacte/bacillus_amr/08_genomic_context/prokka/L008_GCF_002993735.1_emrC/L008_GCF_002993735.1_emrC.fixedproducts
[12:53:04] Deleting unwanted file: /home/bacte/bacillus_amr/08_genomic_context/prokka/L008_GCF_002993735.1_emrC/L008_GCF_002993735.1_emrC.ecn
[12:53:04] Deleting unwanted file: /home/bacte/bacillus_amr/08_genomic_context/prokka/L008_GCF_002993735.1_emrC/L008_GCF_002993735.1_emrC.val
[12:53:04] Repairing broken .GBK output that tbl2asn produces...
[12:53:04] Running: sed 's/COORDINATES: profile/COORDINATES:profile/' < \/home\/bacte\/bacillus_amr\/08_genomic_context\/prokka\/L008_GCF_002993735\.1_emrC\/L008_GCF_002993735\.1_emrC\.gbf > \/home\/bacte\/bacillus_amr\/08_genomic_context\/prokka\/L008_GCF_002993735\.1_emrC\/L008_GCF_002993735\.1_emrC\.gbk
[12:53:04] Deleting unwanted file: /home/bacte/bacillus_amr/08_genomic_context/prokka/L008_GCF_002993735.1_emrC/L008_GCF_002993735.1_emrC.gbf
[12:53:04] Output files:
[12:53:04] /home/bacte/bacillus_amr/08_genomic_context/prokka/L008_GCF_002993735.1_emrC/L008_GCF_002993735.1_emrC.ffn
[12:53:04] /home/bacte/bacillus_amr/08_genomic_context/prokka/L008_GCF_002993735.1_emrC/L008_GCF_002993735.1_emrC.txt
[12:53:04] /home/bacte/bacillus_amr/08_genomic_context/prokka/L008_GCF_002993735.1_emrC/L008_GCF_002993735.1_emrC.log
[12:53:04] /home/bacte/bacillus_amr/08_genomic_context/prokka/L008_GCF_002993735.1_emrC/L008_GCF_002993735.1_emrC.fsa
[12:53:04] /home/bacte/bacillus_amr/08_genomic_context/prokka/L008_GCF_002993735.1_emrC/L008_GCF_002993735.1_emrC.fna
[12:53:04] /home/bacte/bacillus_amr/08_genomic_context/prokka/L008_GCF_002993735.1_emrC/L008_GCF_002993735.1_emrC.sqn
[12:53:04] /home/bacte/bacillus_amr/08_genomic_context/prokka/L008_GCF_002993735.1_emrC/L008_GCF_002993735.1_emrC.faa
[12:53:04] /home/bacte/bacillus_amr/08_genomic_context/prokka/L008_GCF_002993735.1_emrC/L008_GCF_002993735.1_emrC.tbl
[12:53:04] /home/bacte/bacillus_amr/08_genomic_context/prokka/L008_GCF_002993735.1_emrC/L008_GCF_002993735.1_emrC.err
[12:53:04] /home/bacte/bacillus_amr/08_genomic_context/prokka/L008_GCF_002993735.1_emrC/L008_GCF_002993735.1_emrC.gff
[12:53:04] /home/bacte/bacillus_amr/08_genomic_context/prokka/L008_GCF_002993735.1_emrC/L008_GCF_002993735.1_emrC.tsv
[12:53:04] /home/bacte/bacillus_amr/08_genomic_context/prokka/L008_GCF_002993735.1_emrC/L008_GCF_002993735.1_emrC.gbk
[12:53:04] Annotation finished successfully.
[12:53:04] Walltime used: 0.08 minutes
[12:53:04] If you use this result please cite the Prokka paper:
[12:53:04] Seemann T (2014) Prokka: rapid prokaryotic genome annotation. Bioinformatics. 30(14):2068-9.
[12:53:04] Type 'prokka --citation' for more details.
[12:53:04] Share and enjoy!
[9/41] L009_GCF_060371875.1_mleBCB
[12:53:04] This is prokka 1.15.6
[12:53:04] Written by Torsten Seemann <torsten.seemann@gmail.com>
[12:53:04] Homepage is https://github.com/tseemann/prokka
[12:53:04] Local time is Tue Oct  6 12:53:04 2026
[12:53:04] You are bacte
[12:53:04] Operating system is linux
[12:53:04] You have BioPerl 1.7.8
[12:53:04] System has 8 cores.
[12:53:04] Will use maximum of 2 cores.
[12:53:04] Annotating as >>> Bacteria <<<
[12:53:04] Generating locus_tag from '/home/bacte/bacillus_amr/08_genomic_context/windows_10kb/L009_GCF_060371875.1_mleBCB.fna' contents.
[12:53:04] Setting --locustag KLCINNHD from MD5 45c2771d7566bf1d02115d2aabb2672b
[12:53:04] Creating new output folder: /home/bacte/bacillus_amr/08_genomic_context/prokka/L009_GCF_060371875.1_mleBCB
[12:53:04] Running: mkdir -p \/home\/bacte\/bacillus_amr\/08_genomic_context\/prokka\/L009_GCF_060371875\.1_mleBCB
[12:53:04] Using filename prefix: L009_GCF_060371875.1_mleBCB.XXX
[12:53:04] Setting HMMER_NCPU=1
[12:53:04] Writing log to: /home/bacte/bacillus_amr/08_genomic_context/prokka/L009_GCF_060371875.1_mleBCB/L009_GCF_060371875.1_mleBCB.log
[12:53:04] Command: /home/bacte/miniconda3/envs/bacillus_ecogenomics/bin/prokka /home/bacte/bacillus_amr/08_genomic_context/windows_10kb/L009_GCF_060371875.1_mleBCB.fna --outdir /home/bacte/bacillus_amr/08_genomic_context/prokka/L009_GCF_060371875.1_mleBCB --prefix L009_GCF_060371875.1_mleBCB --kingdom Bacteria --genus Bacillus --cpus 2
[12:53:04] Looking for 'aragorn' - found /home/bacte/miniconda3/envs/bacillus_ecogenomics/bin/aragorn
[12:53:04] Determined aragorn version is v1.2 from 'ARAGORN v1.2.41 Dean Laslett'
[12:53:04] Looking for 'barrnap' - found /home/bacte/miniconda3/envs/bacillus_ecogenomics/bin/barrnap
[12:53:04] Determined barrnap version is v1.10 from 'barrnap 1.10.5'
[12:53:04] Looking for 'blastp' - found /home/bacte/miniconda3/envs/bacillus_ecogenomics/bin/blastp
[12:53:04] Determined blastp version is v2.17 from 'blastp: 2.17.0+'
[12:53:04] Looking for 'cmpress' - found /home/bacte/miniconda3/envs/bacillus_ecogenomics/bin/cmpress
[12:53:04] Determined cmpress version is v1.1 from '# INFERNAL 1.1.5 (Sep 2023)'
[12:53:04] Looking for 'cmscan' - found /home/bacte/miniconda3/envs/bacillus_ecogenomics/bin/cmscan
[12:53:04] Determined cmscan version is v1.1 from '# INFERNAL 1.1.5 (Sep 2023)'
[12:53:04] Looking for 'egrep' - found /usr/bin/egrep
[12:53:04] Looking for 'find' - found /usr/bin/find
[12:53:04] Looking for 'grep' - found /usr/bin/grep
[12:53:04] Looking for 'hmmpress' - found /home/bacte/miniconda3/envs/bacillus_ecogenomics/bin/hmmpress
[12:53:04] Determined hmmpress version is v3.4 from '# HMMER 3.4 (Aug 2023); http://hmmer.org/'
[12:53:04] Looking for 'hmmscan' - found /home/bacte/miniconda3/envs/bacillus_ecogenomics/bin/hmmscan
[12:53:04] Determined hmmscan version is v3.4 from '# HMMER 3.4 (Aug 2023); http://hmmer.org/'
[12:53:04] Looking for 'java' - found /home/bacte/miniconda3/envs/bacillus_ecogenomics/bin/java
[12:53:04] Looking for 'makeblastdb' - found /home/bacte/miniconda3/envs/bacillus_ecogenomics/bin/makeblastdb
[12:53:04] Determined makeblastdb version is v2.17 from 'makeblastdb: 2.17.0+'
[12:53:04] Looking for 'minced' - found /home/bacte/miniconda3/envs/bacillus_ecogenomics/bin/minced
[12:53:04] Determined minced version is v4.2 from 'minced 0.4.2'
[12:53:04] Looking for 'parallel' - found /home/bacte/miniconda3/envs/bacillus_ecogenomics/bin/parallel
[12:53:04] Determined parallel version is 20260422 from 'GNU parallel 20260422'
[12:53:04] Looking for 'prodigal' - found /home/bacte/miniconda3/envs/bacillus_ecogenomics/bin/prodigal
[12:53:04] Determined prodigal version is v2.6 from 'Prodigal V2.6.3: February, 2016'
[12:53:04] Looking for 'prokka-genbank_to_fasta_db' - found /home/bacte/miniconda3/envs/bacillus_ecogenomics/bin/prokka-genbank_to_fasta_db
[12:53:04] Looking for 'sed' - found /usr/bin/sed
[12:53:04] Looking for 'tbl2asn' - found /home/bacte/miniconda3/envs/bacillus_ecogenomics/bin/tbl2asn
[12:53:04] Determined tbl2asn version is v25.7 from 'tbl2asn 25.7   arguments:'
[12:53:04] Using genetic code table 11.
[12:53:04] Loading and checking input file: /home/bacte/bacillus_amr/08_genomic_context/windows_10kb/L009_GCF_060371875.1_mleBCB.fna
[12:53:04] Wrote 1 contigs totalling 7554 bp.
[12:53:04] Predicting tRNAs and tmRNAs
[12:53:04] Running: aragorn -l -gc11  -w \/home\/bacte\/bacillus_amr\/08_genomic_context\/prokka\/L009_GCF_060371875\.1_mleBCB\/L009_GCF_060371875\.1_mleBCB\.fna
[12:53:04] Found 0 tRNAs
[12:53:04] Predicting Ribosomal RNAs
[12:53:04] Running Barrnap with 2 threads
[12:53:05] Found 0 rRNAs
[12:53:05] Skipping ncRNA search, enable with --rfam if desired.
[12:53:05] Total of 0 tRNA + rRNA features
[12:53:05] Searching for CRISPR repeats
[12:53:05] Found 0 CRISPRs
[12:53:05] Predicting coding sequences
[12:53:05] Contigs total 7554 bp, so using single mode
[12:53:05] Running: prodigal -i \/home\/bacte\/bacillus_amr\/08_genomic_context\/prokka\/L009_GCF_060371875\.1_mleBCB\/L009_GCF_060371875\.1_mleBCB\.fna -c -m -g 11 -p single -f sco -q


Error:  Sequence must be 20000 characters (only 7554 read).
(Consider running with the -p meta option or finding more contigs from the same genome.)

[12:53:05] Found 0 CDS
[12:53:05] Connecting features back to sequences
[12:53:05] Not using genus-specific database. Try --usegenus to enable it.
[12:53:05] Annotating CDS, please be patient.
[12:53:05] Will use 2 CPUs for similarity searching.
[12:53:05] Found 0 unique /gene codes.
[12:53:05] Fixed 0 colliding /gene names.
[12:53:05] Adding /locus_tag identifiers
[12:53:05] Assigned 0 locus_tags to CDS and RNA features.
[12:53:05] Writing outputs to /home/bacte/bacillus_amr/08_genomic_context/prokka/L009_GCF_060371875.1_mleBCB/
[12:53:05] Generating annotation statistics file
[12:53:05] Generating Genbank and Sequin files
[12:53:05] Running: tbl2asn -V b -a r10k -l paired-ends -M n -N 1 -y 'Annotated using prokka 1.15.6 from https://github.com/tseemann/prokka' -Z \/home\/bacte\/bacillus_amr\/08_genomic_context\/prokka\/L009_GCF_060371875\.1_mleBCB\/L009_GCF_060371875\.1_mleBCB\.err -i \/home\/bacte\/bacillus_amr\/08_genomic_context\/prokka\/L009_GCF_060371875\.1_mleBCB\/L009_GCF_060371875\.1_mleBCB\.fsa 2> /dev/null
[tbl2asn-forever] Found Prokka input, correcting dates in .gbf|.sqn files.
[tbl2asn-forever] Correcting dates in /home/bacte/bacillus_amr/08_genomic_context/prokka/L009_GCF_060371875.1_mleBCB/L009_GCF_060371875.1_mleBCB.gbf
[tbl2asn-forever] Correcting dates in /home/bacte/bacillus_amr/08_genomic_context/prokka/L009_GCF_060371875.1_mleBCB/L009_GCF_060371875.1_mleBCB.sqn
[tbl2asn-forever] Dates changed from 01-JAN-2019 to 06-OCT-2026
[12:53:05] Deleting unwanted file: /home/bacte/bacillus_amr/08_genomic_context/prokka/L009_GCF_060371875.1_mleBCB/errorsummary.val
[12:53:05] Deleting unwanted file: /home/bacte/bacillus_amr/08_genomic_context/prokka/L009_GCF_060371875.1_mleBCB/L009_GCF_060371875.1_mleBCB.dr
[12:53:05] Deleting unwanted file: /home/bacte/bacillus_amr/08_genomic_context/prokka/L009_GCF_060371875.1_mleBCB/L009_GCF_060371875.1_mleBCB.fixedproducts
[12:53:05] Deleting unwanted file: /home/bacte/bacillus_amr/08_genomic_context/prokka/L009_GCF_060371875.1_mleBCB/L009_GCF_060371875.1_mleBCB.ecn
[12:53:05] Deleting unwanted file: /home/bacte/bacillus_amr/08_genomic_context/prokka/L009_GCF_060371875.1_mleBCB/L009_GCF_060371875.1_mleBCB.val
[12:53:05] Repairing broken .GBK output that tbl2asn produces...
[12:53:05] Running: sed 's/COORDINATES: profile/COORDINATES:profile/' < \/home\/bacte\/bacillus_amr\/08_genomic_context\/prokka\/L009_GCF_060371875\.1_mleBCB\/L009_GCF_060371875\.1_mleBCB\.gbf > \/home\/bacte\/bacillus_amr\/08_genomic_context\/prokka\/L009_GCF_060371875\.1_mleBCB\/L009_GCF_060371875\.1_mleBCB\.gbk
[12:53:05] Deleting unwanted file: /home/bacte/bacillus_amr/08_genomic_context/prokka/L009_GCF_060371875.1_mleBCB/L009_GCF_060371875.1_mleBCB.gbf
[12:53:05] Output files:
[12:53:05] /home/bacte/bacillus_amr/08_genomic_context/prokka/L009_GCF_060371875.1_mleBCB/L009_GCF_060371875.1_mleBCB.sqn
[12:53:05] /home/bacte/bacillus_amr/08_genomic_context/prokka/L009_GCF_060371875.1_mleBCB/L009_GCF_060371875.1_mleBCB.sprot.tmp.4735.faa
[12:53:05] /home/bacte/bacillus_amr/08_genomic_context/prokka/L009_GCF_060371875.1_mleBCB/L009_GCF_060371875.1_mleBCB.tbl
[12:53:05] /home/bacte/bacillus_amr/08_genomic_context/prokka/L009_GCF_060371875.1_mleBCB/L009_GCF_060371875.1_mleBCB.faa
[12:53:05] /home/bacte/bacillus_amr/08_genomic_context/prokka/L009_GCF_060371875.1_mleBCB/L009_GCF_060371875.1_mleBCB.ffn
[12:53:05] /home/bacte/bacillus_amr/08_genomic_context/prokka/L009_GCF_060371875.1_mleBCB/L009_GCF_060371875.1_mleBCB.txt
[12:53:05] /home/bacte/bacillus_amr/08_genomic_context/prokka/L009_GCF_060371875.1_mleBCB/L009_GCF_060371875.1_mleBCB.gbk
[12:53:05] /home/bacte/bacillus_amr/08_genomic_context/prokka/L009_GCF_060371875.1_mleBCB/L009_GCF_060371875.1_mleBCB.IS.tmp.4735.faa
[12:53:05] /home/bacte/bacillus_amr/08_genomic_context/prokka/L009_GCF_060371875.1_mleBCB/L009_GCF_060371875.1_mleBCB.AMR.tmp.4735.faa
[12:53:05] /home/bacte/bacillus_amr/08_genomic_context/prokka/L009_GCF_060371875.1_mleBCB/L009_GCF_060371875.1_mleBCB.log
[12:53:05] /home/bacte/bacillus_amr/08_genomic_context/prokka/L009_GCF_060371875.1_mleBCB/L009_GCF_060371875.1_mleBCB.tsv
[12:53:05] /home/bacte/bacillus_amr/08_genomic_context/prokka/L009_GCF_060371875.1_mleBCB/L009_GCF_060371875.1_mleBCB.err
[12:53:05] /home/bacte/bacillus_amr/08_genomic_context/prokka/L009_GCF_060371875.1_mleBCB/L009_GCF_060371875.1_mleBCB.fna
[12:53:05] /home/bacte/bacillus_amr/08_genomic_context/prokka/L009_GCF_060371875.1_mleBCB/L009_GCF_060371875.1_mleBCB.HAMAP.hmm.tmp.4735.faa
[12:53:05] /home/bacte/bacillus_amr/08_genomic_context/prokka/L009_GCF_060371875.1_mleBCB/L009_GCF_060371875.1_mleBCB.gff
[12:53:05] /home/bacte/bacillus_amr/08_genomic_context/prokka/L009_GCF_060371875.1_mleBCB/L009_GCF_060371875.1_mleBCB.fsa
[12:53:05] Annotation finished successfully.
[12:53:05] Walltime used: 0.02 minutes
[12:53:05] If you use this result please cite the Prokka paper:
[12:53:05] Seemann T (2014) Prokka: rapid prokaryotic genome annotation. Bioinformatics. 30(14):2068-9.
[12:53:05] Type 'prokka --citation' for more details.
[12:53:05] Share and enjoy!
[10/41] L010_GCF_036966405.1_aph3-IIa
[12:53:05] This is prokka 1.15.6
[12:53:05] Written by Torsten Seemann <torsten.seemann@gmail.com>
[12:53:05] Homepage is https://github.com/tseemann/prokka
[12:53:05] Local time is Tue Oct  6 12:53:05 2026
[12:53:05] You are bacte
[12:53:05] Operating system is linux
[12:53:05] You have BioPerl 1.7.8
[12:53:05] System has 8 cores.
[12:53:05] Will use maximum of 2 cores.
[12:53:05] Annotating as >>> Bacteria <<<
[12:53:05] Generating locus_tag from '/home/bacte/bacillus_amr/08_genomic_context/windows_10kb/L010_GCF_036966405.1_aph3-IIa.fna' contents.
[12:53:05] Setting --locustag IDILCDMK from MD5 2d25cd64c104d8fde5042eb5edc3deaf
[12:53:05] Creating new output folder: /home/bacte/bacillus_amr/08_genomic_context/prokka/L010_GCF_036966405.1_aph3-IIa
[12:53:05] Running: mkdir -p \/home\/bacte\/bacillus_amr\/08_genomic_context\/prokka\/L010_GCF_036966405\.1_aph3\-IIa
[12:53:05] Using filename prefix: L010_GCF_036966405.1_aph3-IIa.XXX
[12:53:05] Setting HMMER_NCPU=1
[12:53:05] Writing log to: /home/bacte/bacillus_amr/08_genomic_context/prokka/L010_GCF_036966405.1_aph3-IIa/L010_GCF_036966405.1_aph3-IIa.log
[12:53:05] Command: /home/bacte/miniconda3/envs/bacillus_ecogenomics/bin/prokka /home/bacte/bacillus_amr/08_genomic_context/windows_10kb/L010_GCF_036966405.1_aph3-IIa.fna --outdir /home/bacte/bacillus_amr/08_genomic_context/prokka/L010_GCF_036966405.1_aph3-IIa --prefix L010_GCF_036966405.1_aph3-IIa --kingdom Bacteria --genus Bacillus --cpus 2
[12:53:05] Looking for 'aragorn' - found /home/bacte/miniconda3/envs/bacillus_ecogenomics/bin/aragorn
[12:53:05] Determined aragorn version is v1.2 from 'ARAGORN v1.2.41 Dean Laslett'
[12:53:05] Looking for 'barrnap' - found /home/bacte/miniconda3/envs/bacillus_ecogenomics/bin/barrnap
[12:53:05] Determined barrnap version is v1.10 from 'barrnap 1.10.5'
[12:53:05] Looking for 'blastp' - found /home/bacte/miniconda3/envs/bacillus_ecogenomics/bin/blastp
[12:53:05] Determined blastp version is v2.17 from 'blastp: 2.17.0+'
[12:53:05] Looking for 'cmpress' - found /home/bacte/miniconda3/envs/bacillus_ecogenomics/bin/cmpress
[12:53:05] Determined cmpress version is v1.1 from '# INFERNAL 1.1.5 (Sep 2023)'
[12:53:05] Looking for 'cmscan' - found /home/bacte/miniconda3/envs/bacillus_ecogenomics/bin/cmscan
[12:53:05] Determined cmscan version is v1.1 from '# INFERNAL 1.1.5 (Sep 2023)'
[12:53:05] Looking for 'egrep' - found /usr/bin/egrep
[12:53:05] Looking for 'find' - found /usr/bin/find
[12:53:05] Looking for 'grep' - found /usr/bin/grep
[12:53:05] Looking for 'hmmpress' - found /home/bacte/miniconda3/envs/bacillus_ecogenomics/bin/hmmpress
[12:53:05] Determined hmmpress version is v3.4 from '# HMMER 3.4 (Aug 2023); http://hmmer.org/'
[12:53:05] Looking for 'hmmscan' - found /home/bacte/miniconda3/envs/bacillus_ecogenomics/bin/hmmscan
[12:53:05] Determined hmmscan version is v3.4 from '# HMMER 3.4 (Aug 2023); http://hmmer.org/'
[12:53:05] Looking for 'java' - found /home/bacte/miniconda3/envs/bacillus_ecogenomics/bin/java
[12:53:05] Looking for 'makeblastdb' - found /home/bacte/miniconda3/envs/bacillus_ecogenomics/bin/makeblastdb
[12:53:05] Determined makeblastdb version is v2.17 from 'makeblastdb: 2.17.0+'
[12:53:05] Looking for 'minced' - found /home/bacte/miniconda3/envs/bacillus_ecogenomics/bin/minced
[12:53:05] Determined minced version is v4.2 from 'minced 0.4.2'
[12:53:05] Looking for 'parallel' - found /home/bacte/miniconda3/envs/bacillus_ecogenomics/bin/parallel
[12:53:05] Determined parallel version is 20260422 from 'GNU parallel 20260422'
[12:53:05] Looking for 'prodigal' - found /home/bacte/miniconda3/envs/bacillus_ecogenomics/bin/prodigal
[12:53:05] Determined prodigal version is v2.6 from 'Prodigal V2.6.3: February, 2016'
[12:53:05] Looking for 'prokka-genbank_to_fasta_db' - found /home/bacte/miniconda3/envs/bacillus_ecogenomics/bin/prokka-genbank_to_fasta_db
[12:53:05] Looking for 'sed' - found /usr/bin/sed
[12:53:05] Looking for 'tbl2asn' - found /home/bacte/miniconda3/envs/bacillus_ecogenomics/bin/tbl2asn
[12:53:05] Determined tbl2asn version is v25.7 from 'tbl2asn 25.7   arguments:'
[12:53:05] Using genetic code table 11.
[12:53:05] Loading and checking input file: /home/bacte/bacillus_amr/08_genomic_context/windows_10kb/L010_GCF_036966405.1_aph3-IIa.fna
[12:53:05] Wrote 1 contigs totalling 1436 bp.
[12:53:05] Predicting tRNAs and tmRNAs
[12:53:05] Running: aragorn -l -gc11  -w \/home\/bacte\/bacillus_amr\/08_genomic_context\/prokka\/L010_GCF_036966405\.1_aph3\-IIa\/L010_GCF_036966405\.1_aph3\-IIa\.fna
[12:53:05] Found 0 tRNAs
[12:53:05] Predicting Ribosomal RNAs
[12:53:05] Running Barrnap with 2 threads
[12:53:06] Found 0 rRNAs
[12:53:06] Skipping ncRNA search, enable with --rfam if desired.
[12:53:06] Total of 0 tRNA + rRNA features
[12:53:06] Searching for CRISPR repeats
[12:53:06] Found 0 CRISPRs
[12:53:06] Predicting coding sequences
[12:53:06] Contigs total 1436 bp, so using single mode
[12:53:06] Running: prodigal -i \/home\/bacte\/bacillus_amr\/08_genomic_context\/prokka\/L010_GCF_036966405\.1_aph3\-IIa\/L010_GCF_036966405\.1_aph3\-IIa\.fna -c -m -g 11 -p single -f sco -q


Error:  Sequence must be 20000 characters (only 1436 read).
(Consider running with the -p meta option or finding more contigs from the same genome.)

[12:53:06] Found 0 CDS
[12:53:06] Connecting features back to sequences
[12:53:06] Not using genus-specific database. Try --usegenus to enable it.
[12:53:06] Annotating CDS, please be patient.
[12:53:06] Will use 2 CPUs for similarity searching.
[12:53:06] Found 0 unique /gene codes.
[12:53:06] Fixed 0 colliding /gene names.
[12:53:06] Adding /locus_tag identifiers
[12:53:06] Assigned 0 locus_tags to CDS and RNA features.
[12:53:06] Writing outputs to /home/bacte/bacillus_amr/08_genomic_context/prokka/L010_GCF_036966405.1_aph3-IIa/
[12:53:06] Generating annotation statistics file
[12:53:06] Generating Genbank and Sequin files
[12:53:06] Running: tbl2asn -V b -a r10k -l paired-ends -M n -N 1 -y 'Annotated using prokka 1.15.6 from https://github.com/tseemann/prokka' -Z \/home\/bacte\/bacillus_amr\/08_genomic_context\/prokka\/L010_GCF_036966405\.1_aph3\-IIa\/L010_GCF_036966405\.1_aph3\-IIa\.err -i \/home\/bacte\/bacillus_amr\/08_genomic_context\/prokka\/L010_GCF_036966405\.1_aph3\-IIa\/L010_GCF_036966405\.1_aph3\-IIa\.fsa 2> /dev/null
[tbl2asn-forever] Found Prokka input, correcting dates in .gbf|.sqn files.
[tbl2asn-forever] Correcting dates in /home/bacte/bacillus_amr/08_genomic_context/prokka/L010_GCF_036966405.1_aph3-IIa/L010_GCF_036966405.1_aph3-IIa.gbf
[tbl2asn-forever] Correcting dates in /home/bacte/bacillus_amr/08_genomic_context/prokka/L010_GCF_036966405.1_aph3-IIa/L010_GCF_036966405.1_aph3-IIa.sqn
[tbl2asn-forever] Dates changed from 01-JAN-2019 to 06-OCT-2026
[12:53:06] Deleting unwanted file: /home/bacte/bacillus_amr/08_genomic_context/prokka/L010_GCF_036966405.1_aph3-IIa/errorsummary.val
[12:53:06] Deleting unwanted file: /home/bacte/bacillus_amr/08_genomic_context/prokka/L010_GCF_036966405.1_aph3-IIa/L010_GCF_036966405.1_aph3-IIa.dr
[12:53:06] Deleting unwanted file: /home/bacte/bacillus_amr/08_genomic_context/prokka/L010_GCF_036966405.1_aph3-IIa/L010_GCF_036966405.1_aph3-IIa.fixedproducts
[12:53:06] Deleting unwanted file: /home/bacte/bacillus_amr/08_genomic_context/prokka/L010_GCF_036966405.1_aph3-IIa/L010_GCF_036966405.1_aph3-IIa.ecn
[12:53:06] Deleting unwanted file: /home/bacte/bacillus_amr/08_genomic_context/prokka/L010_GCF_036966405.1_aph3-IIa/L010_GCF_036966405.1_aph3-IIa.val
[12:53:06] Repairing broken .GBK output that tbl2asn produces...
[12:53:06] Running: sed 's/COORDINATES: profile/COORDINATES:profile/' < \/home\/bacte\/bacillus_amr\/08_genomic_context\/prokka\/L010_GCF_036966405\.1_aph3\-IIa\/L010_GCF_036966405\.1_aph3\-IIa\.gbf > \/home\/bacte\/bacillus_amr\/08_genomic_context\/prokka\/L010_GCF_036966405\.1_aph3\-IIa\/L010_GCF_036966405\.1_aph3\-IIa\.gbk
[12:53:06] Deleting unwanted file: /home/bacte/bacillus_amr/08_genomic_context/prokka/L010_GCF_036966405.1_aph3-IIa/L010_GCF_036966405.1_aph3-IIa.gbf
[12:53:06] Output files:
[12:53:06] /home/bacte/bacillus_amr/08_genomic_context/prokka/L010_GCF_036966405.1_aph3-IIa/L010_GCF_036966405.1_aph3-IIa.AMR.tmp.4894.faa
[12:53:06] /home/bacte/bacillus_amr/08_genomic_context/prokka/L010_GCF_036966405.1_aph3-IIa/L010_GCF_036966405.1_aph3-IIa.sqn
[12:53:06] /home/bacte/bacillus_amr/08_genomic_context/prokka/L010_GCF_036966405.1_aph3-IIa/L010_GCF_036966405.1_aph3-IIa.txt
[12:53:06] /home/bacte/bacillus_amr/08_genomic_context/prokka/L010_GCF_036966405.1_aph3-IIa/L010_GCF_036966405.1_aph3-IIa.err
[12:53:06] /home/bacte/bacillus_amr/08_genomic_context/prokka/L010_GCF_036966405.1_aph3-IIa/L010_GCF_036966405.1_aph3-IIa.fna
[12:53:06] /home/bacte/bacillus_amr/08_genomic_context/prokka/L010_GCF_036966405.1_aph3-IIa/L010_GCF_036966405.1_aph3-IIa.gff
[12:53:06] /home/bacte/bacillus_amr/08_genomic_context/prokka/L010_GCF_036966405.1_aph3-IIa/L010_GCF_036966405.1_aph3-IIa.ffn
[12:53:06] /home/bacte/bacillus_amr/08_genomic_context/prokka/L010_GCF_036966405.1_aph3-IIa/L010_GCF_036966405.1_aph3-IIa.gbk
[12:53:06] /home/bacte/bacillus_amr/08_genomic_context/prokka/L010_GCF_036966405.1_aph3-IIa/L010_GCF_036966405.1_aph3-IIa.tsv
[12:53:06] /home/bacte/bacillus_amr/08_genomic_context/prokka/L010_GCF_036966405.1_aph3-IIa/L010_GCF_036966405.1_aph3-IIa.faa
[12:53:06] /home/bacte/bacillus_amr/08_genomic_context/prokka/L010_GCF_036966405.1_aph3-IIa/L010_GCF_036966405.1_aph3-IIa.IS.tmp.4894.faa
[12:53:06] /home/bacte/bacillus_amr/08_genomic_context/prokka/L010_GCF_036966405.1_aph3-IIa/L010_GCF_036966405.1_aph3-IIa.tbl
[12:53:06] /home/bacte/bacillus_amr/08_genomic_context/prokka/L010_GCF_036966405.1_aph3-IIa/L010_GCF_036966405.1_aph3-IIa.fsa
[12:53:06] /home/bacte/bacillus_amr/08_genomic_context/prokka/L010_GCF_036966405.1_aph3-IIa/L010_GCF_036966405.1_aph3-IIa.log
[12:53:06] /home/bacte/bacillus_amr/08_genomic_context/prokka/L010_GCF_036966405.1_aph3-IIa/L010_GCF_036966405.1_aph3-IIa.sprot.tmp.4894.faa
[12:53:06] /home/bacte/bacillus_amr/08_genomic_context/prokka/L010_GCF_036966405.1_aph3-IIa/L010_GCF_036966405.1_aph3-IIa.HAMAP.hmm.tmp.4894.faa
[12:53:06] Annotation finished successfully.
[12:53:06] Walltime used: 0.02 minutes
[12:53:06] If you use this result please cite the Prokka paper:
[12:53:06] Seemann T (2014) Prokka: rapid prokaryotic genome annotation. Bioinformatics. 30(14):2068-9.
[12:53:06] Type 'prokka --citation' for more details.
[12:53:06] Share and enjoy!
[11/41] L011_GCF_040492755.1_emrC
[12:53:07] This is prokka 1.15.6
[12:53:07] Written by Torsten Seemann <torsten.seemann@gmail.com>
[12:53:07] Homepage is https://github.com/tseemann/prokka
[12:53:07] Local time is Tue Oct  6 12:53:07 2026
[12:53:07] You are bacte
[12:53:07] Operating system is linux
[12:53:07] You have BioPerl 1.7.8
[12:53:07] System has 8 cores.
[12:53:07] Will use maximum of 2 cores.
[12:53:07] Annotating as >>> Bacteria <<<
[12:53:07] Generating locus_tag from '/home/bacte/bacillus_amr/08_genomic_context/windows_10kb/L011_GCF_040492755.1_emrC.fna' contents.
[12:53:07] Setting --locustag CKOCONJI from MD5 c48c8732ddbba2112f0450d6d711d97b
[12:53:07] Creating new output folder: /home/bacte/bacillus_amr/08_genomic_context/prokka/L011_GCF_040492755.1_emrC
[12:53:07] Running: mkdir -p \/home\/bacte\/bacillus_amr\/08_genomic_context\/prokka\/L011_GCF_040492755\.1_emrC
[12:53:07] Using filename prefix: L011_GCF_040492755.1_emrC.XXX
[12:53:07] Setting HMMER_NCPU=1
[12:53:07] Writing log to: /home/bacte/bacillus_amr/08_genomic_context/prokka/L011_GCF_040492755.1_emrC/L011_GCF_040492755.1_emrC.log
[12:53:07] Command: /home/bacte/miniconda3/envs/bacillus_ecogenomics/bin/prokka /home/bacte/bacillus_amr/08_genomic_context/windows_10kb/L011_GCF_040492755.1_emrC.fna --outdir /home/bacte/bacillus_amr/08_genomic_context/prokka/L011_GCF_040492755.1_emrC --prefix L011_GCF_040492755.1_emrC --kingdom Bacteria --genus Bacillus --cpus 2
[12:53:07] Looking for 'aragorn' - found /home/bacte/miniconda3/envs/bacillus_ecogenomics/bin/aragorn
[12:53:07] Determined aragorn version is v1.2 from 'ARAGORN v1.2.41 Dean Laslett'
[12:53:07] Looking for 'barrnap' - found /home/bacte/miniconda3/envs/bacillus_ecogenomics/bin/barrnap
[12:53:07] Determined barrnap version is v1.10 from 'barrnap 1.10.5'
[12:53:07] Looking for 'blastp' - found /home/bacte/miniconda3/envs/bacillus_ecogenomics/bin/blastp
[12:53:07] Determined blastp version is v2.17 from 'blastp: 2.17.0+'
[12:53:07] Looking for 'cmpress' - found /home/bacte/miniconda3/envs/bacillus_ecogenomics/bin/cmpress
[12:53:07] Determined cmpress version is v1.1 from '# INFERNAL 1.1.5 (Sep 2023)'
[12:53:07] Looking for 'cmscan' - found /home/bacte/miniconda3/envs/bacillus_ecogenomics/bin/cmscan
[12:53:07] Determined cmscan version is v1.1 from '# INFERNAL 1.1.5 (Sep 2023)'
[12:53:07] Looking for 'egrep' - found /usr/bin/egrep
[12:53:07] Looking for 'find' - found /usr/bin/find
[12:53:07] Looking for 'grep' - found /usr/bin/grep
[12:53:07] Looking for 'hmmpress' - found /home/bacte/miniconda3/envs/bacillus_ecogenomics/bin/hmmpress
[12:53:07] Determined hmmpress version is v3.4 from '# HMMER 3.4 (Aug 2023); http://hmmer.org/'
[12:53:07] Looking for 'hmmscan' - found /home/bacte/miniconda3/envs/bacillus_ecogenomics/bin/hmmscan
[12:53:07] Determined hmmscan version is v3.4 from '# HMMER 3.4 (Aug 2023); http://hmmer.org/'
[12:53:07] Looking for 'java' - found /home/bacte/miniconda3/envs/bacillus_ecogenomics/bin/java
[12:53:07] Looking for 'makeblastdb' - found /home/bacte/miniconda3/envs/bacillus_ecogenomics/bin/makeblastdb
[12:53:07] Determined makeblastdb version is v2.17 from 'makeblastdb: 2.17.0+'
[12:53:07] Looking for 'minced' - found /home/bacte/miniconda3/envs/bacillus_ecogenomics/bin/minced
[12:53:07] Determined minced version is v4.2 from 'minced 0.4.2'
[12:53:07] Looking for 'parallel' - found /home/bacte/miniconda3/envs/bacillus_ecogenomics/bin/parallel
[12:53:07] Determined parallel version is 20260422 from 'GNU parallel 20260422'
[12:53:07] Looking for 'prodigal' - found /home/bacte/miniconda3/envs/bacillus_ecogenomics/bin/prodigal
[12:53:07] Determined prodigal version is v2.6 from 'Prodigal V2.6.3: February, 2016'
[12:53:07] Looking for 'prokka-genbank_to_fasta_db' - found /home/bacte/miniconda3/envs/bacillus_ecogenomics/bin/prokka-genbank_to_fasta_db
[12:53:07] Looking for 'sed' - found /usr/bin/sed
[12:53:07] Looking for 'tbl2asn' - found /home/bacte/miniconda3/envs/bacillus_ecogenomics/bin/tbl2asn
[12:53:07] Determined tbl2asn version is v25.7 from 'tbl2asn 25.7   arguments:'
[12:53:07] Using genetic code table 11.
[12:53:07] Loading and checking input file: /home/bacte/bacillus_amr/08_genomic_context/windows_10kb/L011_GCF_040492755.1_emrC.fna
[12:53:07] Wrote 1 contigs totalling 10447 bp.
[12:53:07] Predicting tRNAs and tmRNAs
[12:53:07] Running: aragorn -l -gc11  -w \/home\/bacte\/bacillus_amr\/08_genomic_context\/prokka\/L011_GCF_040492755\.1_emrC\/L011_GCF_040492755\.1_emrC\.fna
[12:53:07] Found 0 tRNAs
[12:53:07] Predicting Ribosomal RNAs
[12:53:07] Running Barrnap with 2 threads
[12:53:08] Found 0 rRNAs
[12:53:08] Skipping ncRNA search, enable with --rfam if desired.
[12:53:08] Total of 0 tRNA + rRNA features
[12:53:08] Searching for CRISPR repeats
[12:53:08] Found 0 CRISPRs
[12:53:08] Predicting coding sequences
[12:53:08] Contigs total 10447 bp, so using single mode
[12:53:08] Running: prodigal -i \/home\/bacte\/bacillus_amr\/08_genomic_context\/prokka\/L011_GCF_040492755\.1_emrC\/L011_GCF_040492755\.1_emrC\.fna -c -m -g 11 -p single -f sco -q


Error:  Sequence must be 20000 characters (only 10447 read).
(Consider running with the -p meta option or finding more contigs from the same genome.)

[12:53:08] Found 0 CDS
[12:53:08] Connecting features back to sequences
[12:53:08] Not using genus-specific database. Try --usegenus to enable it.
[12:53:08] Annotating CDS, please be patient.
[12:53:08] Will use 2 CPUs for similarity searching.
[12:53:08] Found 0 unique /gene codes.
[12:53:08] Fixed 0 colliding /gene names.
[12:53:08] Adding /locus_tag identifiers
[12:53:08] Assigned 0 locus_tags to CDS and RNA features.
[12:53:08] Writing outputs to /home/bacte/bacillus_amr/08_genomic_context/prokka/L011_GCF_040492755.1_emrC/
[12:53:08] Generating annotation statistics file
[12:53:08] Generating Genbank and Sequin files
[12:53:08] Running: tbl2asn -V b -a r10k -l paired-ends -M n -N 1 -y 'Annotated using prokka 1.15.6 from https://github.com/tseemann/prokka' -Z \/home\/bacte\/bacillus_amr\/08_genomic_context\/prokka\/L011_GCF_040492755\.1_emrC\/L011_GCF_040492755\.1_emrC\.err -i \/home\/bacte\/bacillus_amr\/08_genomic_context\/prokka\/L011_GCF_040492755\.1_emrC\/L011_GCF_040492755\.1_emrC\.fsa 2> /dev/null
[tbl2asn-forever] Found Prokka input, correcting dates in .gbf|.sqn files.
[tbl2asn-forever] Correcting dates in /home/bacte/bacillus_amr/08_genomic_context/prokka/L011_GCF_040492755.1_emrC/L011_GCF_040492755.1_emrC.gbf
[tbl2asn-forever] Correcting dates in /home/bacte/bacillus_amr/08_genomic_context/prokka/L011_GCF_040492755.1_emrC/L011_GCF_040492755.1_emrC.sqn
[tbl2asn-forever] Dates changed from 01-JAN-2019 to 06-OCT-2026
[12:53:08] Deleting unwanted file: /home/bacte/bacillus_amr/08_genomic_context/prokka/L011_GCF_040492755.1_emrC/errorsummary.val
[12:53:08] Deleting unwanted file: /home/bacte/bacillus_amr/08_genomic_context/prokka/L011_GCF_040492755.1_emrC/L011_GCF_040492755.1_emrC.dr
[12:53:08] Deleting unwanted file: /home/bacte/bacillus_amr/08_genomic_context/prokka/L011_GCF_040492755.1_emrC/L011_GCF_040492755.1_emrC.fixedproducts
[12:53:08] Deleting unwanted file: /home/bacte/bacillus_amr/08_genomic_context/prokka/L011_GCF_040492755.1_emrC/L011_GCF_040492755.1_emrC.ecn
[12:53:08] Deleting unwanted file: /home/bacte/bacillus_amr/08_genomic_context/prokka/L011_GCF_040492755.1_emrC/L011_GCF_040492755.1_emrC.val
[12:53:08] Repairing broken .GBK output that tbl2asn produces...
[12:53:08] Running: sed 's/COORDINATES: profile/COORDINATES:profile/' < \/home\/bacte\/bacillus_amr\/08_genomic_context\/prokka\/L011_GCF_040492755\.1_emrC\/L011_GCF_040492755\.1_emrC\.gbf > \/home\/bacte\/bacillus_amr\/08_genomic_context\/prokka\/L011_GCF_040492755\.1_emrC\/L011_GCF_040492755\.1_emrC\.gbk
[12:53:08] Deleting unwanted file: /home/bacte/bacillus_amr/08_genomic_context/prokka/L011_GCF_040492755.1_emrC/L011_GCF_040492755.1_emrC.gbf
[12:53:08] Output files:
[12:53:08] /home/bacte/bacillus_amr/08_genomic_context/prokka/L011_GCF_040492755.1_emrC/L011_GCF_040492755.1_emrC.fsa
[12:53:08] /home/bacte/bacillus_amr/08_genomic_context/prokka/L011_GCF_040492755.1_emrC/L011_GCF_040492755.1_emrC.tbl
[12:53:08] /home/bacte/bacillus_amr/08_genomic_context/prokka/L011_GCF_040492755.1_emrC/L011_GCF_040492755.1_emrC.ffn
[12:53:08] /home/bacte/bacillus_amr/08_genomic_context/prokka/L011_GCF_040492755.1_emrC/L011_GCF_040492755.1_emrC.err
[12:53:08] /home/bacte/bacillus_amr/08_genomic_context/prokka/L011_GCF_040492755.1_emrC/L011_GCF_040492755.1_emrC.sprot.tmp.5052.faa
[12:53:08] /home/bacte/bacillus_amr/08_genomic_context/prokka/L011_GCF_040492755.1_emrC/L011_GCF_040492755.1_emrC.AMR.tmp.5052.faa
[12:53:08] /home/bacte/bacillus_amr/08_genomic_context/prokka/L011_GCF_040492755.1_emrC/L011_GCF_040492755.1_emrC.fna
[12:53:08] /home/bacte/bacillus_amr/08_genomic_context/prokka/L011_GCF_040492755.1_emrC/L011_GCF_040492755.1_emrC.txt
[12:53:08] /home/bacte/bacillus_amr/08_genomic_context/prokka/L011_GCF_040492755.1_emrC/L011_GCF_040492755.1_emrC.gff
[12:53:08] /home/bacte/bacillus_amr/08_genomic_context/prokka/L011_GCF_040492755.1_emrC/L011_GCF_040492755.1_emrC.IS.tmp.5052.faa
[12:53:08] /home/bacte/bacillus_amr/08_genomic_context/prokka/L011_GCF_040492755.1_emrC/L011_GCF_040492755.1_emrC.sqn
[12:53:08] /home/bacte/bacillus_amr/08_genomic_context/prokka/L011_GCF_040492755.1_emrC/L011_GCF_040492755.1_emrC.tsv
[12:53:08] /home/bacte/bacillus_amr/08_genomic_context/prokka/L011_GCF_040492755.1_emrC/L011_GCF_040492755.1_emrC.HAMAP.hmm.tmp.5052.faa
[12:53:08] /home/bacte/bacillus_amr/08_genomic_context/prokka/L011_GCF_040492755.1_emrC/L011_GCF_040492755.1_emrC.gbk
[12:53:08] /home/bacte/bacillus_amr/08_genomic_context/prokka/L011_GCF_040492755.1_emrC/L011_GCF_040492755.1_emrC.faa
[12:53:08] /home/bacte/bacillus_amr/08_genomic_context/prokka/L011_GCF_040492755.1_emrC/L011_GCF_040492755.1_emrC.log
[12:53:08] Annotation finished successfully.
[12:53:08] Walltime used: 0.02 minutes
[12:53:08] If you use this result please cite the Prokka paper:
[12:53:08] Seemann T (2014) Prokka: rapid prokaryotic genome annotation. Bioinformatics. 30(14):2068-9.
[12:53:08] Type 'prokka --citation' for more details.
[12:53:08] Share and enjoy!
[12/41] L012_GCF_040492895.1_emrC
[12:53:08] This is prokka 1.15.6
[12:53:08] Written by Torsten Seemann <torsten.seemann@gmail.com>
[12:53:08] Homepage is https://github.com/tseemann/prokka
[12:53:08] Local time is Tue Oct  6 12:53:08 2026
[12:53:08] You are bacte
[12:53:08] Operating system is linux
[12:53:08] You have BioPerl 1.7.8
[12:53:08] System has 8 cores.
[12:53:08] Will use maximum of 2 cores.
[12:53:08] Annotating as >>> Bacteria <<<
[12:53:08] Generating locus_tag from '/home/bacte/bacillus_amr/08_genomic_context/windows_10kb/L012_GCF_040492895.1_emrC.fna' contents.
[12:53:08] Setting --locustag POEPOPMJ from MD5 98e98963210c7ebd4b090eefd7beca44
[12:53:08] Creating new output folder: /home/bacte/bacillus_amr/08_genomic_context/prokka/L012_GCF_040492895.1_emrC
[12:53:08] Running: mkdir -p \/home\/bacte\/bacillus_amr\/08_genomic_context\/prokka\/L012_GCF_040492895\.1_emrC
[12:53:08] Using filename prefix: L012_GCF_040492895.1_emrC.XXX
[12:53:08] Setting HMMER_NCPU=1
[12:53:08] Writing log to: /home/bacte/bacillus_amr/08_genomic_context/prokka/L012_GCF_040492895.1_emrC/L012_GCF_040492895.1_emrC.log
[12:53:08] Command: /home/bacte/miniconda3/envs/bacillus_ecogenomics/bin/prokka /home/bacte/bacillus_amr/08_genomic_context/windows_10kb/L012_GCF_040492895.1_emrC.fna --outdir /home/bacte/bacillus_amr/08_genomic_context/prokka/L012_GCF_040492895.1_emrC --prefix L012_GCF_040492895.1_emrC --kingdom Bacteria --genus Bacillus --cpus 2
[12:53:08] Looking for 'aragorn' - found /home/bacte/miniconda3/envs/bacillus_ecogenomics/bin/aragorn
[12:53:08] Determined aragorn version is v1.2 from 'ARAGORN v1.2.41 Dean Laslett'
[12:53:08] Looking for 'barrnap' - found /home/bacte/miniconda3/envs/bacillus_ecogenomics/bin/barrnap
[12:53:08] Determined barrnap version is v1.10 from 'barrnap 1.10.5'
[12:53:08] Looking for 'blastp' - found /home/bacte/miniconda3/envs/bacillus_ecogenomics/bin/blastp
[12:53:08] Determined blastp version is v2.17 from 'blastp: 2.17.0+'
[12:53:08] Looking for 'cmpress' - found /home/bacte/miniconda3/envs/bacillus_ecogenomics/bin/cmpress
[12:53:08] Determined cmpress version is v1.1 from '# INFERNAL 1.1.5 (Sep 2023)'
[12:53:08] Looking for 'cmscan' - found /home/bacte/miniconda3/envs/bacillus_ecogenomics/bin/cmscan
[12:53:08] Determined cmscan version is v1.1 from '# INFERNAL 1.1.5 (Sep 2023)'
[12:53:08] Looking for 'egrep' - found /usr/bin/egrep
[12:53:08] Looking for 'find' - found /usr/bin/find
[12:53:08] Looking for 'grep' - found /usr/bin/grep
[12:53:08] Looking for 'hmmpress' - found /home/bacte/miniconda3/envs/bacillus_ecogenomics/bin/hmmpress
[12:53:08] Determined hmmpress version is v3.4 from '# HMMER 3.4 (Aug 2023); http://hmmer.org/'
[12:53:08] Looking for 'hmmscan' - found /home/bacte/miniconda3/envs/bacillus_ecogenomics/bin/hmmscan
[12:53:08] Determined hmmscan version is v3.4 from '# HMMER 3.4 (Aug 2023); http://hmmer.org/'
[12:53:08] Looking for 'java' - found /home/bacte/miniconda3/envs/bacillus_ecogenomics/bin/java
[12:53:08] Looking for 'makeblastdb' - found /home/bacte/miniconda3/envs/bacillus_ecogenomics/bin/makeblastdb
[12:53:08] Determined makeblastdb version is v2.17 from 'makeblastdb: 2.17.0+'
[12:53:08] Looking for 'minced' - found /home/bacte/miniconda3/envs/bacillus_ecogenomics/bin/minced
[12:53:08] Determined minced version is v4.2 from 'minced 0.4.2'
[12:53:08] Looking for 'parallel' - found /home/bacte/miniconda3/envs/bacillus_ecogenomics/bin/parallel
[12:53:09] Determined parallel version is 20260422 from 'GNU parallel 20260422'
[12:53:09] Looking for 'prodigal' - found /home/bacte/miniconda3/envs/bacillus_ecogenomics/bin/prodigal
[12:53:09] Determined prodigal version is v2.6 from 'Prodigal V2.6.3: February, 2016'
[12:53:09] Looking for 'prokka-genbank_to_fasta_db' - found /home/bacte/miniconda3/envs/bacillus_ecogenomics/bin/prokka-genbank_to_fasta_db
[12:53:09] Looking for 'sed' - found /usr/bin/sed
[12:53:09] Looking for 'tbl2asn' - found /home/bacte/miniconda3/envs/bacillus_ecogenomics/bin/tbl2asn
[12:53:09] Determined tbl2asn version is v25.7 from 'tbl2asn 25.7   arguments:'
[12:53:09] Using genetic code table 11.
[12:53:09] Loading and checking input file: /home/bacte/bacillus_amr/08_genomic_context/windows_10kb/L012_GCF_040492895.1_emrC.fna
[12:53:09] Wrote 1 contigs totalling 10557 bp.
[12:53:09] Predicting tRNAs and tmRNAs
[12:53:09] Running: aragorn -l -gc11  -w \/home\/bacte\/bacillus_amr\/08_genomic_context\/prokka\/L012_GCF_040492895\.1_emrC\/L012_GCF_040492895\.1_emrC\.fna
[12:53:09] Found 0 tRNAs
[12:53:09] Predicting Ribosomal RNAs
[12:53:09] Running Barrnap with 2 threads
[12:53:09] Found 0 rRNAs
[12:53:09] Skipping ncRNA search, enable with --rfam if desired.
[12:53:09] Total of 0 tRNA + rRNA features
[12:53:09] Searching for CRISPR repeats
[12:53:09] Found 0 CRISPRs
[12:53:09] Predicting coding sequences
[12:53:09] Contigs total 10557 bp, so using single mode
[12:53:09] Running: prodigal -i \/home\/bacte\/bacillus_amr\/08_genomic_context\/prokka\/L012_GCF_040492895\.1_emrC\/L012_GCF_040492895\.1_emrC\.fna -c -m -g 11 -p single -f sco -q


Error:  Sequence must be 20000 characters (only 10557 read).
(Consider running with the -p meta option or finding more contigs from the same genome.)

[12:53:09] Found 0 CDS
[12:53:09] Connecting features back to sequences
[12:53:09] Not using genus-specific database. Try --usegenus to enable it.
[12:53:09] Annotating CDS, please be patient.
[12:53:09] Will use 2 CPUs for similarity searching.
[12:53:09] Found 0 unique /gene codes.
[12:53:09] Fixed 0 colliding /gene names.
[12:53:09] Adding /locus_tag identifiers
[12:53:09] Assigned 0 locus_tags to CDS and RNA features.
[12:53:09] Writing outputs to /home/bacte/bacillus_amr/08_genomic_context/prokka/L012_GCF_040492895.1_emrC/
[12:53:09] Generating annotation statistics file
[12:53:09] Generating Genbank and Sequin files
[12:53:09] Running: tbl2asn -V b -a r10k -l paired-ends -M n -N 1 -y 'Annotated using prokka 1.15.6 from https://github.com/tseemann/prokka' -Z \/home\/bacte\/bacillus_amr\/08_genomic_context\/prokka\/L012_GCF_040492895\.1_emrC\/L012_GCF_040492895\.1_emrC\.err -i \/home\/bacte\/bacillus_amr\/08_genomic_context\/prokka\/L012_GCF_040492895\.1_emrC\/L012_GCF_040492895\.1_emrC\.fsa 2> /dev/null
[tbl2asn-forever] Found Prokka input, correcting dates in .gbf|.sqn files.
[tbl2asn-forever] Correcting dates in /home/bacte/bacillus_amr/08_genomic_context/prokka/L012_GCF_040492895.1_emrC/L012_GCF_040492895.1_emrC.gbf
[tbl2asn-forever] Correcting dates in /home/bacte/bacillus_amr/08_genomic_context/prokka/L012_GCF_040492895.1_emrC/L012_GCF_040492895.1_emrC.sqn
[tbl2asn-forever] Dates changed from 01-JAN-2019 to 06-OCT-2026
[12:53:10] Deleting unwanted file: /home/bacte/bacillus_amr/08_genomic_context/prokka/L012_GCF_040492895.1_emrC/errorsummary.val
[12:53:10] Deleting unwanted file: /home/bacte/bacillus_amr/08_genomic_context/prokka/L012_GCF_040492895.1_emrC/L012_GCF_040492895.1_emrC.dr
[12:53:10] Deleting unwanted file: /home/bacte/bacillus_amr/08_genomic_context/prokka/L012_GCF_040492895.1_emrC/L012_GCF_040492895.1_emrC.fixedproducts
[12:53:10] Deleting unwanted file: /home/bacte/bacillus_amr/08_genomic_context/prokka/L012_GCF_040492895.1_emrC/L012_GCF_040492895.1_emrC.ecn
[12:53:10] Deleting unwanted file: /home/bacte/bacillus_amr/08_genomic_context/prokka/L012_GCF_040492895.1_emrC/L012_GCF_040492895.1_emrC.val
[12:53:10] Repairing broken .GBK output that tbl2asn produces...
[12:53:10] Running: sed 's/COORDINATES: profile/COORDINATES:profile/' < \/home\/bacte\/bacillus_amr\/08_genomic_context\/prokka\/L012_GCF_040492895\.1_emrC\/L012_GCF_040492895\.1_emrC\.gbf > \/home\/bacte\/bacillus_amr\/08_genomic_context\/prokka\/L012_GCF_040492895\.1_emrC\/L012_GCF_040492895\.1_emrC\.gbk
[12:53:10] Deleting unwanted file: /home/bacte/bacillus_amr/08_genomic_context/prokka/L012_GCF_040492895.1_emrC/L012_GCF_040492895.1_emrC.gbf
[12:53:10] Output files:
[12:53:10] /home/bacte/bacillus_amr/08_genomic_context/prokka/L012_GCF_040492895.1_emrC/L012_GCF_040492895.1_emrC.HAMAP.hmm.tmp.5212.faa
[12:53:10] /home/bacte/bacillus_amr/08_genomic_context/prokka/L012_GCF_040492895.1_emrC/L012_GCF_040492895.1_emrC.fna
[12:53:10] /home/bacte/bacillus_amr/08_genomic_context/prokka/L012_GCF_040492895.1_emrC/L012_GCF_040492895.1_emrC.AMR.tmp.5212.faa
[12:53:10] /home/bacte/bacillus_amr/08_genomic_context/prokka/L012_GCF_040492895.1_emrC/L012_GCF_040492895.1_emrC.tsv
[12:53:10] /home/bacte/bacillus_amr/08_genomic_context/prokka/L012_GCF_040492895.1_emrC/L012_GCF_040492895.1_emrC.sprot.tmp.5212.faa
[12:53:10] /home/bacte/bacillus_amr/08_genomic_context/prokka/L012_GCF_040492895.1_emrC/L012_GCF_040492895.1_emrC.gbk
[12:53:10] /home/bacte/bacillus_amr/08_genomic_context/prokka/L012_GCF_040492895.1_emrC/L012_GCF_040492895.1_emrC.sqn
[12:53:10] /home/bacte/bacillus_amr/08_genomic_context/prokka/L012_GCF_040492895.1_emrC/L012_GCF_040492895.1_emrC.fsa
[12:53:10] /home/bacte/bacillus_amr/08_genomic_context/prokka/L012_GCF_040492895.1_emrC/L012_GCF_040492895.1_emrC.ffn
[12:53:10] /home/bacte/bacillus_amr/08_genomic_context/prokka/L012_GCF_040492895.1_emrC/L012_GCF_040492895.1_emrC.txt
[12:53:10] /home/bacte/bacillus_amr/08_genomic_context/prokka/L012_GCF_040492895.1_emrC/L012_GCF_040492895.1_emrC.log
[12:53:10] /home/bacte/bacillus_amr/08_genomic_context/prokka/L012_GCF_040492895.1_emrC/L012_GCF_040492895.1_emrC.tbl
[12:53:10] /home/bacte/bacillus_amr/08_genomic_context/prokka/L012_GCF_040492895.1_emrC/L012_GCF_040492895.1_emrC.err
[12:53:10] /home/bacte/bacillus_amr/08_genomic_context/prokka/L012_GCF_040492895.1_emrC/L012_GCF_040492895.1_emrC.faa
[12:53:10] /home/bacte/bacillus_amr/08_genomic_context/prokka/L012_GCF_040492895.1_emrC/L012_GCF_040492895.1_emrC.gff
[12:53:10] /home/bacte/bacillus_amr/08_genomic_context/prokka/L012_GCF_040492895.1_emrC/L012_GCF_040492895.1_emrC.IS.tmp.5212.faa
[12:53:10] Annotation finished successfully.
[12:53:10] Walltime used: 0.03 minutes
[12:53:10] If you use this result please cite the Prokka paper:
[12:53:10] Seemann T (2014) Prokka: rapid prokaryotic genome annotation. Bioinformatics. 30(14):2068-9.
[12:53:10] Type 'prokka --citation' for more details.
[12:53:10] Thank you, come again.
[13/41] L013_GCF_040151275.1_blaTEM
[12:53:10] This is prokka 1.15.6
[12:53:10] Written by Torsten Seemann <torsten.seemann@gmail.com>
[12:53:10] Homepage is https://github.com/tseemann/prokka
[12:53:10] Local time is Tue Oct  6 12:53:10 2026
[12:53:10] You are bacte
[12:53:10] Operating system is linux
[12:53:10] You have BioPerl 1.7.8
[12:53:10] System has 8 cores.
[12:53:10] Will use maximum of 2 cores.
[12:53:10] Annotating as >>> Bacteria <<<
[12:53:10] Generating locus_tag from '/home/bacte/bacillus_amr/08_genomic_context/windows_10kb/L013_GCF_040151275.1_blaTEM.fna' contents.
[12:53:10] Setting --locustag KJCIEJPO from MD5 43c2e3989de39fedb95dfd5c0e848954
[12:53:10] Creating new output folder: /home/bacte/bacillus_amr/08_genomic_context/prokka/L013_GCF_040151275.1_blaTEM
[12:53:10] Running: mkdir -p \/home\/bacte\/bacillus_amr\/08_genomic_context\/prokka\/L013_GCF_040151275\.1_blaTEM
[12:53:10] Using filename prefix: L013_GCF_040151275.1_blaTEM.XXX
[12:53:10] Setting HMMER_NCPU=1
[12:53:10] Writing log to: /home/bacte/bacillus_amr/08_genomic_context/prokka/L013_GCF_040151275.1_blaTEM/L013_GCF_040151275.1_blaTEM.log
[12:53:10] Command: /home/bacte/miniconda3/envs/bacillus_ecogenomics/bin/prokka /home/bacte/bacillus_amr/08_genomic_context/windows_10kb/L013_GCF_040151275.1_blaTEM.fna --outdir /home/bacte/bacillus_amr/08_genomic_context/prokka/L013_GCF_040151275.1_blaTEM --prefix L013_GCF_040151275.1_blaTEM --kingdom Bacteria --genus Bacillus --cpus 2
[12:53:10] Looking for 'aragorn' - found /home/bacte/miniconda3/envs/bacillus_ecogenomics/bin/aragorn
[12:53:10] Determined aragorn version is v1.2 from 'ARAGORN v1.2.41 Dean Laslett'
[12:53:10] Looking for 'barrnap' - found /home/bacte/miniconda3/envs/bacillus_ecogenomics/bin/barrnap
[12:53:10] Determined barrnap version is v1.10 from 'barrnap 1.10.5'
[12:53:10] Looking for 'blastp' - found /home/bacte/miniconda3/envs/bacillus_ecogenomics/bin/blastp
[12:53:10] Determined blastp version is v2.17 from 'blastp: 2.17.0+'
[12:53:10] Looking for 'cmpress' - found /home/bacte/miniconda3/envs/bacillus_ecogenomics/bin/cmpress
[12:53:10] Determined cmpress version is v1.1 from '# INFERNAL 1.1.5 (Sep 2023)'
[12:53:10] Looking for 'cmscan' - found /home/bacte/miniconda3/envs/bacillus_ecogenomics/bin/cmscan
[12:53:10] Determined cmscan version is v1.1 from '# INFERNAL 1.1.5 (Sep 2023)'
[12:53:10] Looking for 'egrep' - found /usr/bin/egrep
[12:53:10] Looking for 'find' - found /usr/bin/find
[12:53:10] Looking for 'grep' - found /usr/bin/grep
[12:53:10] Looking for 'hmmpress' - found /home/bacte/miniconda3/envs/bacillus_ecogenomics/bin/hmmpress
[12:53:10] Determined hmmpress version is v3.4 from '# HMMER 3.4 (Aug 2023); http://hmmer.org/'
[12:53:10] Looking for 'hmmscan' - found /home/bacte/miniconda3/envs/bacillus_ecogenomics/bin/hmmscan
[12:53:10] Determined hmmscan version is v3.4 from '# HMMER 3.4 (Aug 2023); http://hmmer.org/'
[12:53:10] Looking for 'java' - found /home/bacte/miniconda3/envs/bacillus_ecogenomics/bin/java
[12:53:10] Looking for 'makeblastdb' - found /home/bacte/miniconda3/envs/bacillus_ecogenomics/bin/makeblastdb
[12:53:10] Determined makeblastdb version is v2.17 from 'makeblastdb: 2.17.0+'
[12:53:10] Looking for 'minced' - found /home/bacte/miniconda3/envs/bacillus_ecogenomics/bin/minced
[12:53:10] Determined minced version is v4.2 from 'minced 0.4.2'
[12:53:10] Looking for 'parallel' - found /home/bacte/miniconda3/envs/bacillus_ecogenomics/bin/parallel
[12:53:10] Determined parallel version is 20260422 from 'GNU parallel 20260422'
[12:53:10] Looking for 'prodigal' - found /home/bacte/miniconda3/envs/bacillus_ecogenomics/bin/prodigal
[12:53:10] Determined prodigal version is v2.6 from 'Prodigal V2.6.3: February, 2016'
[12:53:10] Looking for 'prokka-genbank_to_fasta_db' - found /home/bacte/miniconda3/envs/bacillus_ecogenomics/bin/prokka-genbank_to_fasta_db
[12:53:10] Looking for 'sed' - found /usr/bin/sed
[12:53:10] Looking for 'tbl2asn' - found /home/bacte/miniconda3/envs/bacillus_ecogenomics/bin/tbl2asn
[12:53:10] Determined tbl2asn version is v25.7 from 'tbl2asn 25.7   arguments:'
[12:53:10] Using genetic code table 11.
[12:53:10] Loading and checking input file: /home/bacte/bacillus_amr/08_genomic_context/windows_10kb/L013_GCF_040151275.1_blaTEM.fna
[12:53:10] Wrote 1 contigs totalling 1011 bp.
[12:53:10] Predicting tRNAs and tmRNAs
[12:53:10] Running: aragorn -l -gc11  -w \/home\/bacte\/bacillus_amr\/08_genomic_context\/prokka\/L013_GCF_040151275\.1_blaTEM\/L013_GCF_040151275\.1_blaTEM\.fna
[12:53:10] Found 0 tRNAs
[12:53:10] Predicting Ribosomal RNAs
[12:53:10] Running Barrnap with 2 threads
[12:53:11] Found 0 rRNAs
[12:53:11] Skipping ncRNA search, enable with --rfam if desired.
[12:53:11] Total of 0 tRNA + rRNA features
[12:53:11] Searching for CRISPR repeats
[12:53:11] Found 0 CRISPRs
[12:53:11] Predicting coding sequences
[12:53:11] Contigs total 1011 bp, so using single mode
[12:53:11] Running: prodigal -i \/home\/bacte\/bacillus_amr\/08_genomic_context\/prokka\/L013_GCF_040151275\.1_blaTEM\/L013_GCF_040151275\.1_blaTEM\.fna -c -m -g 11 -p single -f sco -q


Error:  Sequence must be 20000 characters (only 1011 read).
(Consider running with the -p meta option or finding more contigs from the same genome.)

[12:53:11] Found 0 CDS
[12:53:11] Connecting features back to sequences
[12:53:11] Not using genus-specific database. Try --usegenus to enable it.
[12:53:11] Annotating CDS, please be patient.
[12:53:11] Will use 2 CPUs for similarity searching.
[12:53:11] Found 0 unique /gene codes.
[12:53:11] Fixed 0 colliding /gene names.
[12:53:11] Adding /locus_tag identifiers
[12:53:11] Assigned 0 locus_tags to CDS and RNA features.
[12:53:11] Writing outputs to /home/bacte/bacillus_amr/08_genomic_context/prokka/L013_GCF_040151275.1_blaTEM/
[12:53:11] Generating annotation statistics file
[12:53:11] Generating Genbank and Sequin files
[12:53:11] Running: tbl2asn -V b -a r10k -l paired-ends -M n -N 1 -y 'Annotated using prokka 1.15.6 from https://github.com/tseemann/prokka' -Z \/home\/bacte\/bacillus_amr\/08_genomic_context\/prokka\/L013_GCF_040151275\.1_blaTEM\/L013_GCF_040151275\.1_blaTEM\.err -i \/home\/bacte\/bacillus_amr\/08_genomic_context\/prokka\/L013_GCF_040151275\.1_blaTEM\/L013_GCF_040151275\.1_blaTEM\.fsa 2> /dev/null
[tbl2asn-forever] Found Prokka input, correcting dates in .gbf|.sqn files.
[tbl2asn-forever] Correcting dates in /home/bacte/bacillus_amr/08_genomic_context/prokka/L013_GCF_040151275.1_blaTEM/L013_GCF_040151275.1_blaTEM.gbf
[tbl2asn-forever] Correcting dates in /home/bacte/bacillus_amr/08_genomic_context/prokka/L013_GCF_040151275.1_blaTEM/L013_GCF_040151275.1_blaTEM.sqn
[tbl2asn-forever] Dates changed from 01-JAN-2019 to 06-OCT-2026
[12:53:11] Deleting unwanted file: /home/bacte/bacillus_amr/08_genomic_context/prokka/L013_GCF_040151275.1_blaTEM/errorsummary.val
[12:53:11] Deleting unwanted file: /home/bacte/bacillus_amr/08_genomic_context/prokka/L013_GCF_040151275.1_blaTEM/L013_GCF_040151275.1_blaTEM.dr
[12:53:11] Deleting unwanted file: /home/bacte/bacillus_amr/08_genomic_context/prokka/L013_GCF_040151275.1_blaTEM/L013_GCF_040151275.1_blaTEM.fixedproducts
[12:53:11] Deleting unwanted file: /home/bacte/bacillus_amr/08_genomic_context/prokka/L013_GCF_040151275.1_blaTEM/L013_GCF_040151275.1_blaTEM.ecn
[12:53:11] Deleting unwanted file: /home/bacte/bacillus_amr/08_genomic_context/prokka/L013_GCF_040151275.1_blaTEM/L013_GCF_040151275.1_blaTEM.val
[12:53:11] Repairing broken .GBK output that tbl2asn produces...
[12:53:11] Running: sed 's/COORDINATES: profile/COORDINATES:profile/' < \/home\/bacte\/bacillus_amr\/08_genomic_context\/prokka\/L013_GCF_040151275\.1_blaTEM\/L013_GCF_040151275\.1_blaTEM\.gbf > \/home\/bacte\/bacillus_amr\/08_genomic_context\/prokka\/L013_GCF_040151275\.1_blaTEM\/L013_GCF_040151275\.1_blaTEM\.gbk
[12:53:11] Deleting unwanted file: /home/bacte/bacillus_amr/08_genomic_context/prokka/L013_GCF_040151275.1_blaTEM/L013_GCF_040151275.1_blaTEM.gbf
[12:53:11] Output files:
[12:53:11] /home/bacte/bacillus_amr/08_genomic_context/prokka/L013_GCF_040151275.1_blaTEM/L013_GCF_040151275.1_blaTEM.tbl
[12:53:11] /home/bacte/bacillus_amr/08_genomic_context/prokka/L013_GCF_040151275.1_blaTEM/L013_GCF_040151275.1_blaTEM.gff
[12:53:11] /home/bacte/bacillus_amr/08_genomic_context/prokka/L013_GCF_040151275.1_blaTEM/L013_GCF_040151275.1_blaTEM.fna
[12:53:11] /home/bacte/bacillus_amr/08_genomic_context/prokka/L013_GCF_040151275.1_blaTEM/L013_GCF_040151275.1_blaTEM.err
[12:53:11] /home/bacte/bacillus_amr/08_genomic_context/prokka/L013_GCF_040151275.1_blaTEM/L013_GCF_040151275.1_blaTEM.sprot.tmp.5371.faa
[12:53:11] /home/bacte/bacillus_amr/08_genomic_context/prokka/L013_GCF_040151275.1_blaTEM/L013_GCF_040151275.1_blaTEM.AMR.tmp.5371.faa
[12:53:11] /home/bacte/bacillus_amr/08_genomic_context/prokka/L013_GCF_040151275.1_blaTEM/L013_GCF_040151275.1_blaTEM.sqn
[12:53:11] /home/bacte/bacillus_amr/08_genomic_context/prokka/L013_GCF_040151275.1_blaTEM/L013_GCF_040151275.1_blaTEM.faa
[12:53:11] /home/bacte/bacillus_amr/08_genomic_context/prokka/L013_GCF_040151275.1_blaTEM/L013_GCF_040151275.1_blaTEM.tsv
[12:53:11] /home/bacte/bacillus_amr/08_genomic_context/prokka/L013_GCF_040151275.1_blaTEM/L013_GCF_040151275.1_blaTEM.gbk
[12:53:11] /home/bacte/bacillus_amr/08_genomic_context/prokka/L013_GCF_040151275.1_blaTEM/L013_GCF_040151275.1_blaTEM.ffn
[12:53:11] /home/bacte/bacillus_amr/08_genomic_context/prokka/L013_GCF_040151275.1_blaTEM/L013_GCF_040151275.1_blaTEM.log
[12:53:11] /home/bacte/bacillus_amr/08_genomic_context/prokka/L013_GCF_040151275.1_blaTEM/L013_GCF_040151275.1_blaTEM.fsa
[12:53:11] /home/bacte/bacillus_amr/08_genomic_context/prokka/L013_GCF_040151275.1_blaTEM/L013_GCF_040151275.1_blaTEM.HAMAP.hmm.tmp.5371.faa
[12:53:11] /home/bacte/bacillus_amr/08_genomic_context/prokka/L013_GCF_040151275.1_blaTEM/L013_GCF_040151275.1_blaTEM.IS.tmp.5371.faa
[12:53:11] /home/bacte/bacillus_amr/08_genomic_context/prokka/L013_GCF_040151275.1_blaTEM/L013_GCF_040151275.1_blaTEM.txt
[12:53:11] Annotation finished successfully.
[12:53:11] Walltime used: 0.02 minutes
[12:53:11] If you use this result please cite the Prokka paper:
[12:53:11] Seemann T (2014) Prokka: rapid prokaryotic genome annotation. Bioinformatics. 30(14):2068-9.
[12:53:11] Type 'prokka --citation' for more details.
[12:53:11] Share and enjoy!
[14/41] L014_GCF_053895045.1_msrD
[12:53:11] This is prokka 1.15.6
[12:53:11] Written by Torsten Seemann <torsten.seemann@gmail.com>
[12:53:11] Homepage is https://github.com/tseemann/prokka
[12:53:11] Local time is Tue Oct  6 12:53:11 2026
[12:53:11] You are bacte
[12:53:11] Operating system is linux
[12:53:11] You have BioPerl 1.7.8
[12:53:11] System has 8 cores.
[12:53:11] Will use maximum of 2 cores.
[12:53:11] Annotating as >>> Bacteria <<<
[12:53:11] Generating locus_tag from '/home/bacte/bacillus_amr/08_genomic_context/windows_10kb/L014_GCF_053895045.1_msrD.fna' contents.
[12:53:11] Setting --locustag DGBOAENJ from MD5 d0b8ae73b2fea5f39e792de5b0c447e6
[12:53:11] Creating new output folder: /home/bacte/bacillus_amr/08_genomic_context/prokka/L014_GCF_053895045.1_msrD
[12:53:11] Running: mkdir -p \/home\/bacte\/bacillus_amr\/08_genomic_context\/prokka\/L014_GCF_053895045\.1_msrD
[12:53:11] Using filename prefix: L014_GCF_053895045.1_msrD.XXX
[12:53:11] Setting HMMER_NCPU=1
[12:53:11] Writing log to: /home/bacte/bacillus_amr/08_genomic_context/prokka/L014_GCF_053895045.1_msrD/L014_GCF_053895045.1_msrD.log
[12:53:11] Command: /home/bacte/miniconda3/envs/bacillus_ecogenomics/bin/prokka /home/bacte/bacillus_amr/08_genomic_context/windows_10kb/L014_GCF_053895045.1_msrD.fna --outdir /home/bacte/bacillus_amr/08_genomic_context/prokka/L014_GCF_053895045.1_msrD --prefix L014_GCF_053895045.1_msrD --kingdom Bacteria --genus Bacillus --cpus 2
[12:53:11] Looking for 'aragorn' - found /home/bacte/miniconda3/envs/bacillus_ecogenomics/bin/aragorn
[12:53:11] Determined aragorn version is v1.2 from 'ARAGORN v1.2.41 Dean Laslett'
[12:53:11] Looking for 'barrnap' - found /home/bacte/miniconda3/envs/bacillus_ecogenomics/bin/barrnap
[12:53:11] Determined barrnap version is v1.10 from 'barrnap 1.10.5'
[12:53:11] Looking for 'blastp' - found /home/bacte/miniconda3/envs/bacillus_ecogenomics/bin/blastp
[12:53:11] Determined blastp version is v2.17 from 'blastp: 2.17.0+'
[12:53:11] Looking for 'cmpress' - found /home/bacte/miniconda3/envs/bacillus_ecogenomics/bin/cmpress
[12:53:11] Determined cmpress version is v1.1 from '# INFERNAL 1.1.5 (Sep 2023)'
[12:53:11] Looking for 'cmscan' - found /home/bacte/miniconda3/envs/bacillus_ecogenomics/bin/cmscan
[12:53:11] Determined cmscan version is v1.1 from '# INFERNAL 1.1.5 (Sep 2023)'
[12:53:11] Looking for 'egrep' - found /usr/bin/egrep
[12:53:11] Looking for 'find' - found /usr/bin/find
[12:53:11] Looking for 'grep' - found /usr/bin/grep
[12:53:11] Looking for 'hmmpress' - found /home/bacte/miniconda3/envs/bacillus_ecogenomics/bin/hmmpress
[12:53:11] Determined hmmpress version is v3.4 from '# HMMER 3.4 (Aug 2023); http://hmmer.org/'
[12:53:11] Looking for 'hmmscan' - found /home/bacte/miniconda3/envs/bacillus_ecogenomics/bin/hmmscan
[12:53:11] Determined hmmscan version is v3.4 from '# HMMER 3.4 (Aug 2023); http://hmmer.org/'
[12:53:11] Looking for 'java' - found /home/bacte/miniconda3/envs/bacillus_ecogenomics/bin/java
[12:53:11] Looking for 'makeblastdb' - found /home/bacte/miniconda3/envs/bacillus_ecogenomics/bin/makeblastdb
[12:53:11] Determined makeblastdb version is v2.17 from 'makeblastdb: 2.17.0+'
[12:53:11] Looking for 'minced' - found /home/bacte/miniconda3/envs/bacillus_ecogenomics/bin/minced
[12:53:11] Determined minced version is v4.2 from 'minced 0.4.2'
[12:53:11] Looking for 'parallel' - found /home/bacte/miniconda3/envs/bacillus_ecogenomics/bin/parallel
[12:53:12] Determined parallel version is 20260422 from 'GNU parallel 20260422'
[12:53:12] Looking for 'prodigal' - found /home/bacte/miniconda3/envs/bacillus_ecogenomics/bin/prodigal
[12:53:12] Determined prodigal version is v2.6 from 'Prodigal V2.6.3: February, 2016'
[12:53:12] Looking for 'prokka-genbank_to_fasta_db' - found /home/bacte/miniconda3/envs/bacillus_ecogenomics/bin/prokka-genbank_to_fasta_db
[12:53:12] Looking for 'sed' - found /usr/bin/sed
[12:53:12] Looking for 'tbl2asn' - found /home/bacte/miniconda3/envs/bacillus_ecogenomics/bin/tbl2asn
[12:53:12] Determined tbl2asn version is v25.7 from 'tbl2asn 25.7   arguments:'
[12:53:12] Using genetic code table 11.
[12:53:12] Loading and checking input file: /home/bacte/bacillus_amr/08_genomic_context/windows_10kb/L014_GCF_053895045.1_msrD.fna
[12:53:12] Wrote 1 contigs totalling 1651 bp.
[12:53:12] Predicting tRNAs and tmRNAs
[12:53:12] Running: aragorn -l -gc11  -w \/home\/bacte\/bacillus_amr\/08_genomic_context\/prokka\/L014_GCF_053895045\.1_msrD\/L014_GCF_053895045\.1_msrD\.fna
[12:53:12] Found 0 tRNAs
[12:53:12] Predicting Ribosomal RNAs
[12:53:12] Running Barrnap with 2 threads
[12:53:12] Found 0 rRNAs
[12:53:12] Skipping ncRNA search, enable with --rfam if desired.
[12:53:12] Total of 0 tRNA + rRNA features
[12:53:12] Searching for CRISPR repeats
[12:53:12] Found 0 CRISPRs
[12:53:12] Predicting coding sequences
[12:53:12] Contigs total 1651 bp, so using single mode
[12:53:12] Running: prodigal -i \/home\/bacte\/bacillus_amr\/08_genomic_context\/prokka\/L014_GCF_053895045\.1_msrD\/L014_GCF_053895045\.1_msrD\.fna -c -m -g 11 -p single -f sco -q


Error:  Sequence must be 20000 characters (only 1651 read).
(Consider running with the -p meta option or finding more contigs from the same genome.)

[12:53:12] Found 0 CDS
[12:53:12] Connecting features back to sequences
[12:53:12] Not using genus-specific database. Try --usegenus to enable it.
[12:53:12] Annotating CDS, please be patient.
[12:53:12] Will use 2 CPUs for similarity searching.
[12:53:12] Found 0 unique /gene codes.
[12:53:12] Fixed 0 colliding /gene names.
[12:53:12] Adding /locus_tag identifiers
[12:53:12] Assigned 0 locus_tags to CDS and RNA features.
[12:53:12] Writing outputs to /home/bacte/bacillus_amr/08_genomic_context/prokka/L014_GCF_053895045.1_msrD/
[12:53:12] Generating annotation statistics file
[12:53:12] Generating Genbank and Sequin files
[12:53:12] Running: tbl2asn -V b -a r10k -l paired-ends -M n -N 1 -y 'Annotated using prokka 1.15.6 from https://github.com/tseemann/prokka' -Z \/home\/bacte\/bacillus_amr\/08_genomic_context\/prokka\/L014_GCF_053895045\.1_msrD\/L014_GCF_053895045\.1_msrD\.err -i \/home\/bacte\/bacillus_amr\/08_genomic_context\/prokka\/L014_GCF_053895045\.1_msrD\/L014_GCF_053895045\.1_msrD\.fsa 2> /dev/null
[tbl2asn-forever] Found Prokka input, correcting dates in .gbf|.sqn files.
[tbl2asn-forever] Correcting dates in /home/bacte/bacillus_amr/08_genomic_context/prokka/L014_GCF_053895045.1_msrD/L014_GCF_053895045.1_msrD.gbf
[tbl2asn-forever] Correcting dates in /home/bacte/bacillus_amr/08_genomic_context/prokka/L014_GCF_053895045.1_msrD/L014_GCF_053895045.1_msrD.sqn
[tbl2asn-forever] Dates changed from 01-JAN-2019 to 06-OCT-2026
[12:53:12] Deleting unwanted file: /home/bacte/bacillus_amr/08_genomic_context/prokka/L014_GCF_053895045.1_msrD/errorsummary.val
[12:53:12] Deleting unwanted file: /home/bacte/bacillus_amr/08_genomic_context/prokka/L014_GCF_053895045.1_msrD/L014_GCF_053895045.1_msrD.dr
[12:53:12] Deleting unwanted file: /home/bacte/bacillus_amr/08_genomic_context/prokka/L014_GCF_053895045.1_msrD/L014_GCF_053895045.1_msrD.fixedproducts
[12:53:12] Deleting unwanted file: /home/bacte/bacillus_amr/08_genomic_context/prokka/L014_GCF_053895045.1_msrD/L014_GCF_053895045.1_msrD.ecn
[12:53:12] Deleting unwanted file: /home/bacte/bacillus_amr/08_genomic_context/prokka/L014_GCF_053895045.1_msrD/L014_GCF_053895045.1_msrD.val
[12:53:12] Repairing broken .GBK output that tbl2asn produces...
[12:53:12] Running: sed 's/COORDINATES: profile/COORDINATES:profile/' < \/home\/bacte\/bacillus_amr\/08_genomic_context\/prokka\/L014_GCF_053895045\.1_msrD\/L014_GCF_053895045\.1_msrD\.gbf > \/home\/bacte\/bacillus_amr\/08_genomic_context\/prokka\/L014_GCF_053895045\.1_msrD\/L014_GCF_053895045\.1_msrD\.gbk
[12:53:12] Deleting unwanted file: /home/bacte/bacillus_amr/08_genomic_context/prokka/L014_GCF_053895045.1_msrD/L014_GCF_053895045.1_msrD.gbf
[12:53:12] Output files:
[12:53:12] /home/bacte/bacillus_amr/08_genomic_context/prokka/L014_GCF_053895045.1_msrD/L014_GCF_053895045.1_msrD.ffn
[12:53:12] /home/bacte/bacillus_amr/08_genomic_context/prokka/L014_GCF_053895045.1_msrD/L014_GCF_053895045.1_msrD.IS.tmp.5530.faa
[12:53:12] /home/bacte/bacillus_amr/08_genomic_context/prokka/L014_GCF_053895045.1_msrD/L014_GCF_053895045.1_msrD.sqn
[12:53:12] /home/bacte/bacillus_amr/08_genomic_context/prokka/L014_GCF_053895045.1_msrD/L014_GCF_053895045.1_msrD.tbl
[12:53:12] /home/bacte/bacillus_amr/08_genomic_context/prokka/L014_GCF_053895045.1_msrD/L014_GCF_053895045.1_msrD.fsa
[12:53:12] /home/bacte/bacillus_amr/08_genomic_context/prokka/L014_GCF_053895045.1_msrD/L014_GCF_053895045.1_msrD.AMR.tmp.5530.faa
[12:53:12] /home/bacte/bacillus_amr/08_genomic_context/prokka/L014_GCF_053895045.1_msrD/L014_GCF_053895045.1_msrD.faa
[12:53:12] /home/bacte/bacillus_amr/08_genomic_context/prokka/L014_GCF_053895045.1_msrD/L014_GCF_053895045.1_msrD.sprot.tmp.5530.faa
[12:53:12] /home/bacte/bacillus_amr/08_genomic_context/prokka/L014_GCF_053895045.1_msrD/L014_GCF_053895045.1_msrD.HAMAP.hmm.tmp.5530.faa
[12:53:12] /home/bacte/bacillus_amr/08_genomic_context/prokka/L014_GCF_053895045.1_msrD/L014_GCF_053895045.1_msrD.err
[12:53:12] /home/bacte/bacillus_amr/08_genomic_context/prokka/L014_GCF_053895045.1_msrD/L014_GCF_053895045.1_msrD.gbk
[12:53:12] /home/bacte/bacillus_amr/08_genomic_context/prokka/L014_GCF_053895045.1_msrD/L014_GCF_053895045.1_msrD.log
[12:53:12] /home/bacte/bacillus_amr/08_genomic_context/prokka/L014_GCF_053895045.1_msrD/L014_GCF_053895045.1_msrD.tsv
[12:53:12] /home/bacte/bacillus_amr/08_genomic_context/prokka/L014_GCF_053895045.1_msrD/L014_GCF_053895045.1_msrD.fna
[12:53:12] /home/bacte/bacillus_amr/08_genomic_context/prokka/L014_GCF_053895045.1_msrD/L014_GCF_053895045.1_msrD.txt
[12:53:12] /home/bacte/bacillus_amr/08_genomic_context/prokka/L014_GCF_053895045.1_msrD/L014_GCF_053895045.1_msrD.gff
[12:53:12] Annotation finished successfully.
[12:53:12] Walltime used: 0.02 minutes
[12:53:12] If you use this result please cite the Prokka paper:
[12:53:12] Seemann T (2014) Prokka: rapid prokaryotic genome annotation. Bioinformatics. 30(14):2068-9.
[12:53:12] Type 'prokka --citation' for more details.
[12:53:12] Share and enjoy!
[15/41] L015_GCF_036621355.1_fosBx1
[12:53:13] This is prokka 1.15.6
[12:53:13] Written by Torsten Seemann <torsten.seemann@gmail.com>
[12:53:13] Homepage is https://github.com/tseemann/prokka
[12:53:13] Local time is Tue Oct  6 12:53:13 2026
[12:53:13] You are bacte
[12:53:13] Operating system is linux
[12:53:13] You have BioPerl 1.7.8
[12:53:13] System has 8 cores.
[12:53:13] Will use maximum of 2 cores.
[12:53:13] Annotating as >>> Bacteria <<<
[12:53:13] Generating locus_tag from '/home/bacte/bacillus_amr/08_genomic_context/windows_10kb/L015_GCF_036621355.1_fosBx1.fna' contents.
[12:53:13] Setting --locustag PDOPFIPL from MD5 9d89f295b04c303b8df06e2c5f2ce433
[12:53:13] Creating new output folder: /home/bacte/bacillus_amr/08_genomic_context/prokka/L015_GCF_036621355.1_fosBx1
[12:53:13] Running: mkdir -p \/home\/bacte\/bacillus_amr\/08_genomic_context\/prokka\/L015_GCF_036621355\.1_fosBx1
[12:53:13] Using filename prefix: L015_GCF_036621355.1_fosBx1.XXX
[12:53:13] Setting HMMER_NCPU=1
[12:53:13] Writing log to: /home/bacte/bacillus_amr/08_genomic_context/prokka/L015_GCF_036621355.1_fosBx1/L015_GCF_036621355.1_fosBx1.log
[12:53:13] Command: /home/bacte/miniconda3/envs/bacillus_ecogenomics/bin/prokka /home/bacte/bacillus_amr/08_genomic_context/windows_10kb/L015_GCF_036621355.1_fosBx1.fna --outdir /home/bacte/bacillus_amr/08_genomic_context/prokka/L015_GCF_036621355.1_fosBx1 --prefix L015_GCF_036621355.1_fosBx1 --kingdom Bacteria --genus Bacillus --cpus 2
[12:53:13] Looking for 'aragorn' - found /home/bacte/miniconda3/envs/bacillus_ecogenomics/bin/aragorn
[12:53:13] Determined aragorn version is v1.2 from 'ARAGORN v1.2.41 Dean Laslett'
[12:53:13] Looking for 'barrnap' - found /home/bacte/miniconda3/envs/bacillus_ecogenomics/bin/barrnap
[12:53:13] Determined barrnap version is v1.10 from 'barrnap 1.10.5'
[12:53:13] Looking for 'blastp' - found /home/bacte/miniconda3/envs/bacillus_ecogenomics/bin/blastp
[12:53:13] Determined blastp version is v2.17 from 'blastp: 2.17.0+'
[12:53:13] Looking for 'cmpress' - found /home/bacte/miniconda3/envs/bacillus_ecogenomics/bin/cmpress
[12:53:13] Determined cmpress version is v1.1 from '# INFERNAL 1.1.5 (Sep 2023)'
[12:53:13] Looking for 'cmscan' - found /home/bacte/miniconda3/envs/bacillus_ecogenomics/bin/cmscan
[12:53:13] Determined cmscan version is v1.1 from '# INFERNAL 1.1.5 (Sep 2023)'
[12:53:13] Looking for 'egrep' - found /usr/bin/egrep
[12:53:13] Looking for 'find' - found /usr/bin/find
[12:53:13] Looking for 'grep' - found /usr/bin/grep
[12:53:13] Looking for 'hmmpress' - found /home/bacte/miniconda3/envs/bacillus_ecogenomics/bin/hmmpress
[12:53:13] Determined hmmpress version is v3.4 from '# HMMER 3.4 (Aug 2023); http://hmmer.org/'
[12:53:13] Looking for 'hmmscan' - found /home/bacte/miniconda3/envs/bacillus_ecogenomics/bin/hmmscan
[12:53:13] Determined hmmscan version is v3.4 from '# HMMER 3.4 (Aug 2023); http://hmmer.org/'
[12:53:13] Looking for 'java' - found /home/bacte/miniconda3/envs/bacillus_ecogenomics/bin/java
[12:53:13] Looking for 'makeblastdb' - found /home/bacte/miniconda3/envs/bacillus_ecogenomics/bin/makeblastdb
[12:53:13] Determined makeblastdb version is v2.17 from 'makeblastdb: 2.17.0+'
[12:53:13] Looking for 'minced' - found /home/bacte/miniconda3/envs/bacillus_ecogenomics/bin/minced
[12:53:13] Determined minced version is v4.2 from 'minced 0.4.2'
[12:53:13] Looking for 'parallel' - found /home/bacte/miniconda3/envs/bacillus_ecogenomics/bin/parallel
[12:53:13] Determined parallel version is 20260422 from 'GNU parallel 20260422'
[12:53:13] Looking for 'prodigal' - found /home/bacte/miniconda3/envs/bacillus_ecogenomics/bin/prodigal
[12:53:13] Determined prodigal version is v2.6 from 'Prodigal V2.6.3: February, 2016'
[12:53:13] Looking for 'prokka-genbank_to_fasta_db' - found /home/bacte/miniconda3/envs/bacillus_ecogenomics/bin/prokka-genbank_to_fasta_db
[12:53:13] Looking for 'sed' - found /usr/bin/sed
[12:53:13] Looking for 'tbl2asn' - found /home/bacte/miniconda3/envs/bacillus_ecogenomics/bin/tbl2asn
[12:53:13] Determined tbl2asn version is v25.7 from 'tbl2asn 25.7   arguments:'
[12:53:13] Using genetic code table 11.
[12:53:13] Loading and checking input file: /home/bacte/bacillus_amr/08_genomic_context/windows_10kb/L015_GCF_036621355.1_fosBx1.fna
[12:53:13] Wrote 1 contigs totalling 20414 bp.
[12:53:13] Predicting tRNAs and tmRNAs
[12:53:13] Running: aragorn -l -gc11  -w \/home\/bacte\/bacillus_amr\/08_genomic_context\/prokka\/L015_GCF_036621355\.1_fosBx1\/L015_GCF_036621355\.1_fosBx1\.fna
[12:53:13] Found 0 tRNAs
[12:53:13] Predicting Ribosomal RNAs
[12:53:13] Running Barrnap with 2 threads
[12:53:14] Found 0 rRNAs
[12:53:14] Skipping ncRNA search, enable with --rfam if desired.
[12:53:14] Total of 0 tRNA + rRNA features
[12:53:14] Searching for CRISPR repeats
[12:53:14] Found 0 CRISPRs
[12:53:14] Predicting coding sequences
[12:53:14] Contigs total 20414 bp, so using single mode
[12:53:14] Running: prodigal -i \/home\/bacte\/bacillus_amr\/08_genomic_context\/prokka\/L015_GCF_036621355\.1_fosBx1\/L015_GCF_036621355\.1_fosBx1\.fna -c -m -g 11 -p single -f sco -q


Warning:  ideally Prodigal should be given at least 100000 bases for training.
You may get better results with the -p meta option.

[12:53:14] Found 23 CDS
[12:53:14] Connecting features back to sequences
[12:53:14] Not using genus-specific database. Try --usegenus to enable it.
[12:53:14] Annotating CDS, please be patient.
[12:53:14] Will use 2 CPUs for similarity searching.
[12:53:14] There are still 23 unannotated CDS left (started with 23)
[12:53:14] Will use blast to search against /home/bacte/miniconda3/envs/bacillus_ecogenomics/db/kingdom/Bacteria/IS with 2 CPUs
[12:53:14] Running: cat \/home\/bacte\/bacillus_amr\/08_genomic_context\/prokka\/L015_GCF_036621355\.1_fosBx1\/L015_GCF_036621355\.1_fosBx1\.IS\.tmp\.5689\.faa | parallel --gnu --plain -j 2 --block 1462 --recstart '>' --pipe blastp -query - -db /home/bacte/miniconda3/envs/bacillus_ecogenomics/db/kingdom/Bacteria/IS -evalue 1e-30 -qcov_hsp_perc 90 -num_threads 1 -num_descriptions 1 -num_alignments 1 -seg no > \/home\/bacte\/bacillus_amr\/08_genomic_context\/prokka\/L015_GCF_036621355\.1_fosBx1\/L015_GCF_036621355\.1_fosBx1\.IS\.tmp\.5689\.blast 2> /dev/null
[12:53:15] Deleting unwanted file: /home/bacte/bacillus_amr/08_genomic_context/prokka/L015_GCF_036621355.1_fosBx1/L015_GCF_036621355.1_fosBx1.IS.tmp.5689.faa
[12:53:15] Deleting unwanted file: /home/bacte/bacillus_amr/08_genomic_context/prokka/L015_GCF_036621355.1_fosBx1/L015_GCF_036621355.1_fosBx1.IS.tmp.5689.blast
[12:53:15] There are still 23 unannotated CDS left (started with 23)
[12:53:15] Will use blast to search against /home/bacte/miniconda3/envs/bacillus_ecogenomics/db/kingdom/Bacteria/AMR with 2 CPUs
[12:53:15] Running: cat \/home\/bacte\/bacillus_amr\/08_genomic_context\/prokka\/L015_GCF_036621355\.1_fosBx1\/L015_GCF_036621355\.1_fosBx1\.AMR\.tmp\.5689\.faa | parallel --gnu --plain -j 2 --block 1462 --recstart '>' --pipe blastp -query - -db /home/bacte/miniconda3/envs/bacillus_ecogenomics/db/kingdom/Bacteria/AMR -evalue 1e-300 -qcov_hsp_perc 90 -num_threads 1 -num_descriptions 1 -num_alignments 1 -seg no > \/home\/bacte\/bacillus_amr\/08_genomic_context\/prokka\/L015_GCF_036621355\.1_fosBx1\/L015_GCF_036621355\.1_fosBx1\.AMR\.tmp\.5689\.blast 2> /dev/null
[12:53:16] Deleting unwanted file: /home/bacte/bacillus_amr/08_genomic_context/prokka/L015_GCF_036621355.1_fosBx1/L015_GCF_036621355.1_fosBx1.AMR.tmp.5689.faa
[12:53:16] Deleting unwanted file: /home/bacte/bacillus_amr/08_genomic_context/prokka/L015_GCF_036621355.1_fosBx1/L015_GCF_036621355.1_fosBx1.AMR.tmp.5689.blast
[12:53:16] There are still 23 unannotated CDS left (started with 23)
[12:53:16] Will use blast to search against /home/bacte/miniconda3/envs/bacillus_ecogenomics/db/kingdom/Bacteria/sprot with 2 CPUs
[12:53:16] Running: cat \/home\/bacte\/bacillus_amr\/08_genomic_context\/prokka\/L015_GCF_036621355\.1_fosBx1\/L015_GCF_036621355\.1_fosBx1\.sprot\.tmp\.5689\.faa | parallel --gnu --plain -j 2 --block 1462 --recstart '>' --pipe blastp -query - -db /home/bacte/miniconda3/envs/bacillus_ecogenomics/db/kingdom/Bacteria/sprot -evalue 1e-09 -qcov_hsp_perc 80 -num_threads 1 -num_descriptions 1 -num_alignments 1 -seg no > \/home\/bacte\/bacillus_amr\/08_genomic_context\/prokka\/L015_GCF_036621355\.1_fosBx1\/L015_GCF_036621355\.1_fosBx1\.sprot\.tmp\.5689\.blast 2> /dev/null
[12:53:18] Deleting unwanted file: /home/bacte/bacillus_amr/08_genomic_context/prokka/L015_GCF_036621355.1_fosBx1/L015_GCF_036621355.1_fosBx1.sprot.tmp.5689.faa
[12:53:18] Deleting unwanted file: /home/bacte/bacillus_amr/08_genomic_context/prokka/L015_GCF_036621355.1_fosBx1/L015_GCF_036621355.1_fosBx1.sprot.tmp.5689.blast
[12:53:18] There are still 8 unannotated CDS left (started with 23)
[12:53:18] Will use hmmer3 to search against /home/bacte/miniconda3/envs/bacillus_ecogenomics/db/hmm/HAMAP.hmm with 2 CPUs
[12:53:18] Running: cat \/home\/bacte\/bacillus_amr\/08_genomic_context\/prokka\/L015_GCF_036621355\.1_fosBx1\/L015_GCF_036621355\.1_fosBx1\.HAMAP\.hmm\.tmp\.5689\.faa | parallel --gnu --plain -j 2 --block 406 --recstart '>' --pipe hmmscan --noali --notextw --acc -E 1e-09 --cpu 1 /home/bacte/miniconda3/envs/bacillus_ecogenomics/db/hmm/HAMAP.hmm /dev/stdin > \/home\/bacte\/bacillus_amr\/08_genomic_context\/prokka\/L015_GCF_036621355\.1_fosBx1\/L015_GCF_036621355\.1_fosBx1\.HAMAP\.hmm\.tmp\.5689\.hmmer3 2> /dev/null
[12:53:19] Deleting unwanted file: /home/bacte/bacillus_amr/08_genomic_context/prokka/L015_GCF_036621355.1_fosBx1/L015_GCF_036621355.1_fosBx1.HAMAP.hmm.tmp.5689.faa
[12:53:19] Deleting unwanted file: /home/bacte/bacillus_amr/08_genomic_context/prokka/L015_GCF_036621355.1_fosBx1/L015_GCF_036621355.1_fosBx1.HAMAP.hmm.tmp.5689.hmmer3
[12:53:19] Labelling remaining 8 proteins as 'hypothetical protein'
[12:53:19] Found 13 unique /gene codes.
[12:53:19] Fixed 0 colliding /gene names.
[12:53:19] Adding /locus_tag identifiers
[12:53:19] Assigned 23 locus_tags to CDS and RNA features.
[12:53:19] Writing outputs to /home/bacte/bacillus_amr/08_genomic_context/prokka/L015_GCF_036621355.1_fosBx1/
[12:53:19] Generating annotation statistics file
[12:53:19] Generating Genbank and Sequin files
[12:53:19] Running: tbl2asn -V b -a r10k -l paired-ends -M n -N 1 -y 'Annotated using prokka 1.15.6 from https://github.com/tseemann/prokka' -Z \/home\/bacte\/bacillus_amr\/08_genomic_context\/prokka\/L015_GCF_036621355\.1_fosBx1\/L015_GCF_036621355\.1_fosBx1\.err -i \/home\/bacte\/bacillus_amr\/08_genomic_context\/prokka\/L015_GCF_036621355\.1_fosBx1\/L015_GCF_036621355\.1_fosBx1\.fsa 2> /dev/null
[tbl2asn-forever] Found Prokka input, correcting dates in .gbf|.sqn files.
[tbl2asn-forever] Correcting dates in /home/bacte/bacillus_amr/08_genomic_context/prokka/L015_GCF_036621355.1_fosBx1/L015_GCF_036621355.1_fosBx1.gbf
[tbl2asn-forever] Correcting dates in /home/bacte/bacillus_amr/08_genomic_context/prokka/L015_GCF_036621355.1_fosBx1/L015_GCF_036621355.1_fosBx1.sqn
[tbl2asn-forever] Dates changed from 01-JAN-2019 to 06-OCT-2026
[12:53:19] Deleting unwanted file: /home/bacte/bacillus_amr/08_genomic_context/prokka/L015_GCF_036621355.1_fosBx1/errorsummary.val
[12:53:19] Deleting unwanted file: /home/bacte/bacillus_amr/08_genomic_context/prokka/L015_GCF_036621355.1_fosBx1/L015_GCF_036621355.1_fosBx1.dr
[12:53:19] Deleting unwanted file: /home/bacte/bacillus_amr/08_genomic_context/prokka/L015_GCF_036621355.1_fosBx1/L015_GCF_036621355.1_fosBx1.fixedproducts
[12:53:19] Deleting unwanted file: /home/bacte/bacillus_amr/08_genomic_context/prokka/L015_GCF_036621355.1_fosBx1/L015_GCF_036621355.1_fosBx1.ecn
[12:53:19] Deleting unwanted file: /home/bacte/bacillus_amr/08_genomic_context/prokka/L015_GCF_036621355.1_fosBx1/L015_GCF_036621355.1_fosBx1.val
[12:53:19] Repairing broken .GBK output that tbl2asn produces...
[12:53:19] Running: sed 's/COORDINATES: profile/COORDINATES:profile/' < \/home\/bacte\/bacillus_amr\/08_genomic_context\/prokka\/L015_GCF_036621355\.1_fosBx1\/L015_GCF_036621355\.1_fosBx1\.gbf > \/home\/bacte\/bacillus_amr\/08_genomic_context\/prokka\/L015_GCF_036621355\.1_fosBx1\/L015_GCF_036621355\.1_fosBx1\.gbk
[12:53:19] Deleting unwanted file: /home/bacte/bacillus_amr/08_genomic_context/prokka/L015_GCF_036621355.1_fosBx1/L015_GCF_036621355.1_fosBx1.gbf
[12:53:19] Output files:
[12:53:19] /home/bacte/bacillus_amr/08_genomic_context/prokka/L015_GCF_036621355.1_fosBx1/L015_GCF_036621355.1_fosBx1.log
[12:53:19] /home/bacte/bacillus_amr/08_genomic_context/prokka/L015_GCF_036621355.1_fosBx1/L015_GCF_036621355.1_fosBx1.ffn
[12:53:19] /home/bacte/bacillus_amr/08_genomic_context/prokka/L015_GCF_036621355.1_fosBx1/L015_GCF_036621355.1_fosBx1.tsv
[12:53:19] /home/bacte/bacillus_amr/08_genomic_context/prokka/L015_GCF_036621355.1_fosBx1/L015_GCF_036621355.1_fosBx1.gbk
[12:53:19] /home/bacte/bacillus_amr/08_genomic_context/prokka/L015_GCF_036621355.1_fosBx1/L015_GCF_036621355.1_fosBx1.txt
[12:53:19] /home/bacte/bacillus_amr/08_genomic_context/prokka/L015_GCF_036621355.1_fosBx1/L015_GCF_036621355.1_fosBx1.sqn
[12:53:19] /home/bacte/bacillus_amr/08_genomic_context/prokka/L015_GCF_036621355.1_fosBx1/L015_GCF_036621355.1_fosBx1.gff
[12:53:19] /home/bacte/bacillus_amr/08_genomic_context/prokka/L015_GCF_036621355.1_fosBx1/L015_GCF_036621355.1_fosBx1.faa
[12:53:19] /home/bacte/bacillus_amr/08_genomic_context/prokka/L015_GCF_036621355.1_fosBx1/L015_GCF_036621355.1_fosBx1.fsa
[12:53:19] /home/bacte/bacillus_amr/08_genomic_context/prokka/L015_GCF_036621355.1_fosBx1/L015_GCF_036621355.1_fosBx1.tbl
[12:53:19] /home/bacte/bacillus_amr/08_genomic_context/prokka/L015_GCF_036621355.1_fosBx1/L015_GCF_036621355.1_fosBx1.err
[12:53:19] /home/bacte/bacillus_amr/08_genomic_context/prokka/L015_GCF_036621355.1_fosBx1/L015_GCF_036621355.1_fosBx1.fna
[12:53:19] Annotation finished successfully.
[12:53:19] Walltime used: 0.10 minutes
[12:53:19] If you use this result please cite the Prokka paper:
[12:53:19] Seemann T (2014) Prokka: rapid prokaryotic genome annotation. Bioinformatics. 30(14):2068-9.
[12:53:19] Type 'prokka --citation' for more details.
[12:53:19] Thank you, come again.
[16/41] L016_GCF_002558235.1_mphM
[12:53:19] This is prokka 1.15.6
[12:53:19] Written by Torsten Seemann <torsten.seemann@gmail.com>
[12:53:19] Homepage is https://github.com/tseemann/prokka
[12:53:19] Local time is Tue Oct  6 12:53:19 2026
[12:53:19] You are bacte
[12:53:19] Operating system is linux
[12:53:19] You have BioPerl 1.7.8
[12:53:19] System has 8 cores.
[12:53:19] Will use maximum of 2 cores.
[12:53:19] Annotating as >>> Bacteria <<<
[12:53:19] Generating locus_tag from '/home/bacte/bacillus_amr/08_genomic_context/windows_10kb/L016_GCF_002558235.1_mphM.fna' contents.
[12:53:19] Setting --locustag HHFONNCF from MD5 11f877cf68af4d3372b286361589c84b
[12:53:19] Creating new output folder: /home/bacte/bacillus_amr/08_genomic_context/prokka/L016_GCF_002558235.1_mphM
[12:53:19] Running: mkdir -p \/home\/bacte\/bacillus_amr\/08_genomic_context\/prokka\/L016_GCF_002558235\.1_mphM
[12:53:19] Using filename prefix: L016_GCF_002558235.1_mphM.XXX
[12:53:19] Setting HMMER_NCPU=1
[12:53:19] Writing log to: /home/bacte/bacillus_amr/08_genomic_context/prokka/L016_GCF_002558235.1_mphM/L016_GCF_002558235.1_mphM.log
[12:53:19] Command: /home/bacte/miniconda3/envs/bacillus_ecogenomics/bin/prokka /home/bacte/bacillus_amr/08_genomic_context/windows_10kb/L016_GCF_002558235.1_mphM.fna --outdir /home/bacte/bacillus_amr/08_genomic_context/prokka/L016_GCF_002558235.1_mphM --prefix L016_GCF_002558235.1_mphM --kingdom Bacteria --genus Bacillus --cpus 2
[12:53:19] Looking for 'aragorn' - found /home/bacte/miniconda3/envs/bacillus_ecogenomics/bin/aragorn
[12:53:19] Determined aragorn version is v1.2 from 'ARAGORN v1.2.41 Dean Laslett'
[12:53:19] Looking for 'barrnap' - found /home/bacte/miniconda3/envs/bacillus_ecogenomics/bin/barrnap
[12:53:19] Determined barrnap version is v1.10 from 'barrnap 1.10.5'
[12:53:19] Looking for 'blastp' - found /home/bacte/miniconda3/envs/bacillus_ecogenomics/bin/blastp
[12:53:19] Determined blastp version is v2.17 from 'blastp: 2.17.0+'
[12:53:19] Looking for 'cmpress' - found /home/bacte/miniconda3/envs/bacillus_ecogenomics/bin/cmpress
[12:53:19] Determined cmpress version is v1.1 from '# INFERNAL 1.1.5 (Sep 2023)'
[12:53:19] Looking for 'cmscan' - found /home/bacte/miniconda3/envs/bacillus_ecogenomics/bin/cmscan
[12:53:19] Determined cmscan version is v1.1 from '# INFERNAL 1.1.5 (Sep 2023)'
[12:53:19] Looking for 'egrep' - found /usr/bin/egrep
[12:53:19] Looking for 'find' - found /usr/bin/find
[12:53:19] Looking for 'grep' - found /usr/bin/grep
[12:53:19] Looking for 'hmmpress' - found /home/bacte/miniconda3/envs/bacillus_ecogenomics/bin/hmmpress
[12:53:19] Determined hmmpress version is v3.4 from '# HMMER 3.4 (Aug 2023); http://hmmer.org/'
[12:53:19] Looking for 'hmmscan' - found /home/bacte/miniconda3/envs/bacillus_ecogenomics/bin/hmmscan
[12:53:19] Determined hmmscan version is v3.4 from '# HMMER 3.4 (Aug 2023); http://hmmer.org/'
[12:53:19] Looking for 'java' - found /home/bacte/miniconda3/envs/bacillus_ecogenomics/bin/java
[12:53:19] Looking for 'makeblastdb' - found /home/bacte/miniconda3/envs/bacillus_ecogenomics/bin/makeblastdb
[12:53:20] Determined makeblastdb version is v2.17 from 'makeblastdb: 2.17.0+'
[12:53:20] Looking for 'minced' - found /home/bacte/miniconda3/envs/bacillus_ecogenomics/bin/minced
[12:53:20] Determined minced version is v4.2 from 'minced 0.4.2'
[12:53:20] Looking for 'parallel' - found /home/bacte/miniconda3/envs/bacillus_ecogenomics/bin/parallel
[12:53:20] Determined parallel version is 20260422 from 'GNU parallel 20260422'
[12:53:20] Looking for 'prodigal' - found /home/bacte/miniconda3/envs/bacillus_ecogenomics/bin/prodigal
[12:53:20] Determined prodigal version is v2.6 from 'Prodigal V2.6.3: February, 2016'
[12:53:20] Looking for 'prokka-genbank_to_fasta_db' - found /home/bacte/miniconda3/envs/bacillus_ecogenomics/bin/prokka-genbank_to_fasta_db
[12:53:20] Looking for 'sed' - found /usr/bin/sed
[12:53:20] Looking for 'tbl2asn' - found /home/bacte/miniconda3/envs/bacillus_ecogenomics/bin/tbl2asn
[12:53:20] Determined tbl2asn version is v25.7 from 'tbl2asn 25.7   arguments:'
[12:53:20] Using genetic code table 11.
[12:53:20] Loading and checking input file: /home/bacte/bacillus_amr/08_genomic_context/windows_10kb/L016_GCF_002558235.1_mphM.fna
[12:53:20] Wrote 1 contigs totalling 20897 bp.
[12:53:20] Predicting tRNAs and tmRNAs
[12:53:20] Running: aragorn -l -gc11  -w \/home\/bacte\/bacillus_amr\/08_genomic_context\/prokka\/L016_GCF_002558235\.1_mphM\/L016_GCF_002558235\.1_mphM\.fna
[12:53:20] Found 0 tRNAs
[12:53:20] Predicting Ribosomal RNAs
[12:53:20] Running Barrnap with 2 threads
[12:53:20] Found 0 rRNAs
[12:53:20] Skipping ncRNA search, enable with --rfam if desired.
[12:53:20] Total of 0 tRNA + rRNA features
[12:53:20] Searching for CRISPR repeats
[12:53:20] Found 0 CRISPRs
[12:53:20] Predicting coding sequences
[12:53:20] Contigs total 20897 bp, so using single mode
[12:53:20] Running: prodigal -i \/home\/bacte\/bacillus_amr\/08_genomic_context\/prokka\/L016_GCF_002558235\.1_mphM\/L016_GCF_002558235\.1_mphM\.fna -c -m -g 11 -p single -f sco -q


Warning:  ideally Prodigal should be given at least 100000 bases for training.
You may get better results with the -p meta option.

[12:53:20] Found 26 CDS
[12:53:20] Connecting features back to sequences
[12:53:20] Not using genus-specific database. Try --usegenus to enable it.
[12:53:20] Annotating CDS, please be patient.
[12:53:20] Will use 2 CPUs for similarity searching.
[12:53:20] There are still 26 unannotated CDS left (started with 26)
[12:53:20] Will use blast to search against /home/bacte/miniconda3/envs/bacillus_ecogenomics/db/kingdom/Bacteria/IS with 2 CPUs
[12:53:20] Running: cat \/home\/bacte\/bacillus_amr\/08_genomic_context\/prokka\/L016_GCF_002558235\.1_mphM\/L016_GCF_002558235\.1_mphM\.IS\.tmp\.6059\.faa | parallel --gnu --plain -j 2 --block 1248 --recstart '>' --pipe blastp -query - -db /home/bacte/miniconda3/envs/bacillus_ecogenomics/db/kingdom/Bacteria/IS -evalue 1e-30 -qcov_hsp_perc 90 -num_threads 1 -num_descriptions 1 -num_alignments 1 -seg no > \/home\/bacte\/bacillus_amr\/08_genomic_context\/prokka\/L016_GCF_002558235\.1_mphM\/L016_GCF_002558235\.1_mphM\.IS\.tmp\.6059\.blast 2> /dev/null
[12:53:21] Deleting unwanted file: /home/bacte/bacillus_amr/08_genomic_context/prokka/L016_GCF_002558235.1_mphM/L016_GCF_002558235.1_mphM.IS.tmp.6059.faa
[12:53:21] Deleting unwanted file: /home/bacte/bacillus_amr/08_genomic_context/prokka/L016_GCF_002558235.1_mphM/L016_GCF_002558235.1_mphM.IS.tmp.6059.blast
[12:53:21] There are still 26 unannotated CDS left (started with 26)
[12:53:21] Will use blast to search against /home/bacte/miniconda3/envs/bacillus_ecogenomics/db/kingdom/Bacteria/AMR with 2 CPUs
[12:53:21] Running: cat \/home\/bacte\/bacillus_amr\/08_genomic_context\/prokka\/L016_GCF_002558235\.1_mphM\/L016_GCF_002558235\.1_mphM\.AMR\.tmp\.6059\.faa | parallel --gnu --plain -j 2 --block 1248 --recstart '>' --pipe blastp -query - -db /home/bacte/miniconda3/envs/bacillus_ecogenomics/db/kingdom/Bacteria/AMR -evalue 1e-300 -qcov_hsp_perc 90 -num_threads 1 -num_descriptions 1 -num_alignments 1 -seg no > \/home\/bacte\/bacillus_amr\/08_genomic_context\/prokka\/L016_GCF_002558235\.1_mphM\/L016_GCF_002558235\.1_mphM\.AMR\.tmp\.6059\.blast 2> /dev/null
[12:53:22] Deleting unwanted file: /home/bacte/bacillus_amr/08_genomic_context/prokka/L016_GCF_002558235.1_mphM/L016_GCF_002558235.1_mphM.AMR.tmp.6059.faa
[12:53:22] Deleting unwanted file: /home/bacte/bacillus_amr/08_genomic_context/prokka/L016_GCF_002558235.1_mphM/L016_GCF_002558235.1_mphM.AMR.tmp.6059.blast
[12:53:22] There are still 26 unannotated CDS left (started with 26)
[12:53:22] Will use blast to search against /home/bacte/miniconda3/envs/bacillus_ecogenomics/db/kingdom/Bacteria/sprot with 2 CPUs
[12:53:22] Running: cat \/home\/bacte\/bacillus_amr\/08_genomic_context\/prokka\/L016_GCF_002558235\.1_mphM\/L016_GCF_002558235\.1_mphM\.sprot\.tmp\.6059\.faa | parallel --gnu --plain -j 2 --block 1248 --recstart '>' --pipe blastp -query - -db /home/bacte/miniconda3/envs/bacillus_ecogenomics/db/kingdom/Bacteria/sprot -evalue 1e-09 -qcov_hsp_perc 80 -num_threads 1 -num_descriptions 1 -num_alignments 1 -seg no > \/home\/bacte\/bacillus_amr\/08_genomic_context\/prokka\/L016_GCF_002558235\.1_mphM\/L016_GCF_002558235\.1_mphM\.sprot\.tmp\.6059\.blast 2> /dev/null
[12:53:25] Modify product: Uncharacterized HTH-type transcriptional regulator MT0088 => putative HTH-type transcriptional regulator
[12:53:25] Cleaned 1 /product names
[12:53:25] Deleting unwanted file: /home/bacte/bacillus_amr/08_genomic_context/prokka/L016_GCF_002558235.1_mphM/L016_GCF_002558235.1_mphM.sprot.tmp.6059.faa
[12:53:25] Deleting unwanted file: /home/bacte/bacillus_amr/08_genomic_context/prokka/L016_GCF_002558235.1_mphM/L016_GCF_002558235.1_mphM.sprot.tmp.6059.blast
[12:53:25] There are still 18 unannotated CDS left (started with 26)
[12:53:25] Will use hmmer3 to search against /home/bacte/miniconda3/envs/bacillus_ecogenomics/db/hmm/HAMAP.hmm with 2 CPUs
[12:53:25] Running: cat \/home\/bacte\/bacillus_amr\/08_genomic_context\/prokka\/L016_GCF_002558235\.1_mphM\/L016_GCF_002558235\.1_mphM\.HAMAP\.hmm\.tmp\.6059\.faa | parallel --gnu --plain -j 2 --block 624 --recstart '>' --pipe hmmscan --noali --notextw --acc -E 1e-09 --cpu 1 /home/bacte/miniconda3/envs/bacillus_ecogenomics/db/hmm/HAMAP.hmm /dev/stdin > \/home\/bacte\/bacillus_amr\/08_genomic_context\/prokka\/L016_GCF_002558235\.1_mphM\/L016_GCF_002558235\.1_mphM\.HAMAP\.hmm\.tmp\.6059\.hmmer3 2> /dev/null
[12:53:26] Deleting unwanted file: /home/bacte/bacillus_amr/08_genomic_context/prokka/L016_GCF_002558235.1_mphM/L016_GCF_002558235.1_mphM.HAMAP.hmm.tmp.6059.faa
[12:53:26] Deleting unwanted file: /home/bacte/bacillus_amr/08_genomic_context/prokka/L016_GCF_002558235.1_mphM/L016_GCF_002558235.1_mphM.HAMAP.hmm.tmp.6059.hmmer3
[12:53:26] Labelling remaining 18 proteins as 'hypothetical protein'
[12:53:26] Found 7 unique /gene codes.
[12:53:26] Fixed 0 colliding /gene names.
[12:53:26] Adding /locus_tag identifiers
[12:53:26] Assigned 26 locus_tags to CDS and RNA features.
[12:53:26] Writing outputs to /home/bacte/bacillus_amr/08_genomic_context/prokka/L016_GCF_002558235.1_mphM/
[12:53:26] Generating annotation statistics file
[12:53:26] Generating Genbank and Sequin files
[12:53:26] Running: tbl2asn -V b -a r10k -l paired-ends -M n -N 1 -y 'Annotated using prokka 1.15.6 from https://github.com/tseemann/prokka' -Z \/home\/bacte\/bacillus_amr\/08_genomic_context\/prokka\/L016_GCF_002558235\.1_mphM\/L016_GCF_002558235\.1_mphM\.err -i \/home\/bacte\/bacillus_amr\/08_genomic_context\/prokka\/L016_GCF_002558235\.1_mphM\/L016_GCF_002558235\.1_mphM\.fsa 2> /dev/null
[tbl2asn-forever] Found Prokka input, correcting dates in .gbf|.sqn files.
[tbl2asn-forever] Correcting dates in /home/bacte/bacillus_amr/08_genomic_context/prokka/L016_GCF_002558235.1_mphM/L016_GCF_002558235.1_mphM.gbf
[tbl2asn-forever] Correcting dates in /home/bacte/bacillus_amr/08_genomic_context/prokka/L016_GCF_002558235.1_mphM/L016_GCF_002558235.1_mphM.sqn
[tbl2asn-forever] Dates changed from 01-JAN-2019 to 06-OCT-2026
[12:53:26] Deleting unwanted file: /home/bacte/bacillus_amr/08_genomic_context/prokka/L016_GCF_002558235.1_mphM/errorsummary.val
[12:53:26] Deleting unwanted file: /home/bacte/bacillus_amr/08_genomic_context/prokka/L016_GCF_002558235.1_mphM/L016_GCF_002558235.1_mphM.dr
[12:53:26] Deleting unwanted file: /home/bacte/bacillus_amr/08_genomic_context/prokka/L016_GCF_002558235.1_mphM/L016_GCF_002558235.1_mphM.fixedproducts
[12:53:26] Deleting unwanted file: /home/bacte/bacillus_amr/08_genomic_context/prokka/L016_GCF_002558235.1_mphM/L016_GCF_002558235.1_mphM.ecn
[12:53:26] Deleting unwanted file: /home/bacte/bacillus_amr/08_genomic_context/prokka/L016_GCF_002558235.1_mphM/L016_GCF_002558235.1_mphM.val
[12:53:26] Repairing broken .GBK output that tbl2asn produces...
[12:53:26] Running: sed 's/COORDINATES: profile/COORDINATES:profile/' < \/home\/bacte\/bacillus_amr\/08_genomic_context\/prokka\/L016_GCF_002558235\.1_mphM\/L016_GCF_002558235\.1_mphM\.gbf > \/home\/bacte\/bacillus_amr\/08_genomic_context\/prokka\/L016_GCF_002558235\.1_mphM\/L016_GCF_002558235\.1_mphM\.gbk
[12:53:26] Deleting unwanted file: /home/bacte/bacillus_amr/08_genomic_context/prokka/L016_GCF_002558235.1_mphM/L016_GCF_002558235.1_mphM.gbf
[12:53:26] Output files:
[12:53:26] /home/bacte/bacillus_amr/08_genomic_context/prokka/L016_GCF_002558235.1_mphM/L016_GCF_002558235.1_mphM.gff
[12:53:26] /home/bacte/bacillus_amr/08_genomic_context/prokka/L016_GCF_002558235.1_mphM/L016_GCF_002558235.1_mphM.ffn
[12:53:26] /home/bacte/bacillus_amr/08_genomic_context/prokka/L016_GCF_002558235.1_mphM/L016_GCF_002558235.1_mphM.txt
[12:53:26] /home/bacte/bacillus_amr/08_genomic_context/prokka/L016_GCF_002558235.1_mphM/L016_GCF_002558235.1_mphM.faa
[12:53:26] /home/bacte/bacillus_amr/08_genomic_context/prokka/L016_GCF_002558235.1_mphM/L016_GCF_002558235.1_mphM.log
[12:53:26] /home/bacte/bacillus_amr/08_genomic_context/prokka/L016_GCF_002558235.1_mphM/L016_GCF_002558235.1_mphM.sqn
[12:53:26] /home/bacte/bacillus_amr/08_genomic_context/prokka/L016_GCF_002558235.1_mphM/L016_GCF_002558235.1_mphM.gbk
[12:53:26] /home/bacte/bacillus_amr/08_genomic_context/prokka/L016_GCF_002558235.1_mphM/L016_GCF_002558235.1_mphM.tbl
[12:53:26] /home/bacte/bacillus_amr/08_genomic_context/prokka/L016_GCF_002558235.1_mphM/L016_GCF_002558235.1_mphM.err
[12:53:26] /home/bacte/bacillus_amr/08_genomic_context/prokka/L016_GCF_002558235.1_mphM/L016_GCF_002558235.1_mphM.fsa
[12:53:26] /home/bacte/bacillus_amr/08_genomic_context/prokka/L016_GCF_002558235.1_mphM/L016_GCF_002558235.1_mphM.fna
[12:53:26] /home/bacte/bacillus_amr/08_genomic_context/prokka/L016_GCF_002558235.1_mphM/L016_GCF_002558235.1_mphM.tsv
[12:53:26] Annotation finished successfully.
[12:53:26] Walltime used: 0.12 minutes
[12:53:26] If you use this result please cite the Prokka paper:
[12:53:26] Seemann T (2014) Prokka: rapid prokaryotic genome annotation. Bioinformatics. 30(14):2068-9.
[12:53:26] Type 'prokka --citation' for more details.
[12:53:26] Share and enjoy!
[17/41] L017_GCF_002575305.1_mphM
[12:53:26] This is prokka 1.15.6
[12:53:26] Written by Torsten Seemann <torsten.seemann@gmail.com>
[12:53:26] Homepage is https://github.com/tseemann/prokka
[12:53:26] Local time is Tue Oct  6 12:53:26 2026
[12:53:26] You are bacte
[12:53:26] Operating system is linux
[12:53:26] You have BioPerl 1.7.8
[12:53:26] System has 8 cores.
[12:53:26] Will use maximum of 2 cores.
[12:53:26] Annotating as >>> Bacteria <<<
[12:53:26] Generating locus_tag from '/home/bacte/bacillus_amr/08_genomic_context/windows_10kb/L017_GCF_002575305.1_mphM.fna' contents.
[12:53:26] Setting --locustag HFKBNKCK from MD5 1f4b74c4b4d3774239d141ed8a4cd5ef
[12:53:26] Creating new output folder: /home/bacte/bacillus_amr/08_genomic_context/prokka/L017_GCF_002575305.1_mphM
[12:53:26] Running: mkdir -p \/home\/bacte\/bacillus_amr\/08_genomic_context\/prokka\/L017_GCF_002575305\.1_mphM
[12:53:26] Using filename prefix: L017_GCF_002575305.1_mphM.XXX
[12:53:26] Setting HMMER_NCPU=1
[12:53:26] Writing log to: /home/bacte/bacillus_amr/08_genomic_context/prokka/L017_GCF_002575305.1_mphM/L017_GCF_002575305.1_mphM.log
[12:53:26] Command: /home/bacte/miniconda3/envs/bacillus_ecogenomics/bin/prokka /home/bacte/bacillus_amr/08_genomic_context/windows_10kb/L017_GCF_002575305.1_mphM.fna --outdir /home/bacte/bacillus_amr/08_genomic_context/prokka/L017_GCF_002575305.1_mphM --prefix L017_GCF_002575305.1_mphM --kingdom Bacteria --genus Bacillus --cpus 2
[12:53:26] Looking for 'aragorn' - found /home/bacte/miniconda3/envs/bacillus_ecogenomics/bin/aragorn
[12:53:26] Determined aragorn version is v1.2 from 'ARAGORN v1.2.41 Dean Laslett'
[12:53:26] Looking for 'barrnap' - found /home/bacte/miniconda3/envs/bacillus_ecogenomics/bin/barrnap
[12:53:26] Determined barrnap version is v1.10 from 'barrnap 1.10.5'
[12:53:26] Looking for 'blastp' - found /home/bacte/miniconda3/envs/bacillus_ecogenomics/bin/blastp
[12:53:27] Determined blastp version is v2.17 from 'blastp: 2.17.0+'
[12:53:27] Looking for 'cmpress' - found /home/bacte/miniconda3/envs/bacillus_ecogenomics/bin/cmpress
[12:53:27] Determined cmpress version is v1.1 from '# INFERNAL 1.1.5 (Sep 2023)'
[12:53:27] Looking for 'cmscan' - found /home/bacte/miniconda3/envs/bacillus_ecogenomics/bin/cmscan
[12:53:27] Determined cmscan version is v1.1 from '# INFERNAL 1.1.5 (Sep 2023)'
[12:53:27] Looking for 'egrep' - found /usr/bin/egrep
[12:53:27] Looking for 'find' - found /usr/bin/find
[12:53:27] Looking for 'grep' - found /usr/bin/grep
[12:53:27] Looking for 'hmmpress' - found /home/bacte/miniconda3/envs/bacillus_ecogenomics/bin/hmmpress
[12:53:27] Determined hmmpress version is v3.4 from '# HMMER 3.4 (Aug 2023); http://hmmer.org/'
[12:53:27] Looking for 'hmmscan' - found /home/bacte/miniconda3/envs/bacillus_ecogenomics/bin/hmmscan
[12:53:27] Determined hmmscan version is v3.4 from '# HMMER 3.4 (Aug 2023); http://hmmer.org/'
[12:53:27] Looking for 'java' - found /home/bacte/miniconda3/envs/bacillus_ecogenomics/bin/java
[12:53:27] Looking for 'makeblastdb' - found /home/bacte/miniconda3/envs/bacillus_ecogenomics/bin/makeblastdb
[12:53:27] Determined makeblastdb version is v2.17 from 'makeblastdb: 2.17.0+'
[12:53:27] Looking for 'minced' - found /home/bacte/miniconda3/envs/bacillus_ecogenomics/bin/minced
[12:53:27] Determined minced version is v4.2 from 'minced 0.4.2'
[12:53:27] Looking for 'parallel' - found /home/bacte/miniconda3/envs/bacillus_ecogenomics/bin/parallel
[12:53:27] Determined parallel version is 20260422 from 'GNU parallel 20260422'
[12:53:27] Looking for 'prodigal' - found /home/bacte/miniconda3/envs/bacillus_ecogenomics/bin/prodigal
[12:53:27] Determined prodigal version is v2.6 from 'Prodigal V2.6.3: February, 2016'
[12:53:27] Looking for 'prokka-genbank_to_fasta_db' - found /home/bacte/miniconda3/envs/bacillus_ecogenomics/bin/prokka-genbank_to_fasta_db
[12:53:27] Looking for 'sed' - found /usr/bin/sed
[12:53:27] Looking for 'tbl2asn' - found /home/bacte/miniconda3/envs/bacillus_ecogenomics/bin/tbl2asn
[12:53:27] Determined tbl2asn version is v25.7 from 'tbl2asn 25.7   arguments:'
[12:53:27] Using genetic code table 11.
[12:53:27] Loading and checking input file: /home/bacte/bacillus_amr/08_genomic_context/windows_10kb/L017_GCF_002575305.1_mphM.fna
[12:53:27] Wrote 1 contigs totalling 20897 bp.
[12:53:27] Predicting tRNAs and tmRNAs
[12:53:27] Running: aragorn -l -gc11  -w \/home\/bacte\/bacillus_amr\/08_genomic_context\/prokka\/L017_GCF_002575305\.1_mphM\/L017_GCF_002575305\.1_mphM\.fna
[12:53:27] Found 0 tRNAs
[12:53:27] Predicting Ribosomal RNAs
[12:53:27] Running Barrnap with 2 threads
[12:53:28] Found 0 rRNAs
[12:53:28] Skipping ncRNA search, enable with --rfam if desired.
[12:53:28] Total of 0 tRNA + rRNA features
[12:53:28] Searching for CRISPR repeats
[12:53:28] Found 0 CRISPRs
[12:53:28] Predicting coding sequences
[12:53:28] Contigs total 20897 bp, so using single mode
[12:53:28] Running: prodigal -i \/home\/bacte\/bacillus_amr\/08_genomic_context\/prokka\/L017_GCF_002575305\.1_mphM\/L017_GCF_002575305\.1_mphM\.fna -c -m -g 11 -p single -f sco -q


Warning:  ideally Prodigal should be given at least 100000 bases for training.
You may get better results with the -p meta option.

[12:53:28] Found 33 CDS
[12:53:28] Connecting features back to sequences
[12:53:28] Not using genus-specific database. Try --usegenus to enable it.
[12:53:28] Annotating CDS, please be patient.
[12:53:28] Will use 2 CPUs for similarity searching.
[12:53:28] There are still 33 unannotated CDS left (started with 33)
[12:53:28] Will use blast to search against /home/bacte/miniconda3/envs/bacillus_ecogenomics/db/kingdom/Bacteria/IS with 2 CPUs
[12:53:28] Running: cat \/home\/bacte\/bacillus_amr\/08_genomic_context\/prokka\/L017_GCF_002575305\.1_mphM\/L017_GCF_002575305\.1_mphM\.IS\.tmp\.6431\.faa | parallel --gnu --plain -j 2 --block 1351 --recstart '>' --pipe blastp -query - -db /home/bacte/miniconda3/envs/bacillus_ecogenomics/db/kingdom/Bacteria/IS -evalue 1e-30 -qcov_hsp_perc 90 -num_threads 1 -num_descriptions 1 -num_alignments 1 -seg no > \/home\/bacte\/bacillus_amr\/08_genomic_context\/prokka\/L017_GCF_002575305\.1_mphM\/L017_GCF_002575305\.1_mphM\.IS\.tmp\.6431\.blast 2> /dev/null
[12:53:29] Deleting unwanted file: /home/bacte/bacillus_amr/08_genomic_context/prokka/L017_GCF_002575305.1_mphM/L017_GCF_002575305.1_mphM.IS.tmp.6431.faa
[12:53:29] Deleting unwanted file: /home/bacte/bacillus_amr/08_genomic_context/prokka/L017_GCF_002575305.1_mphM/L017_GCF_002575305.1_mphM.IS.tmp.6431.blast
[12:53:29] There are still 32 unannotated CDS left (started with 33)
[12:53:29] Will use blast to search against /home/bacte/miniconda3/envs/bacillus_ecogenomics/db/kingdom/Bacteria/AMR with 2 CPUs
[12:53:29] Running: cat \/home\/bacte\/bacillus_amr\/08_genomic_context\/prokka\/L017_GCF_002575305\.1_mphM\/L017_GCF_002575305\.1_mphM\.AMR\.tmp\.6431\.faa | parallel --gnu --plain -j 2 --block 1249 --recstart '>' --pipe blastp -query - -db /home/bacte/miniconda3/envs/bacillus_ecogenomics/db/kingdom/Bacteria/AMR -evalue 1e-300 -qcov_hsp_perc 90 -num_threads 1 -num_descriptions 1 -num_alignments 1 -seg no > \/home\/bacte\/bacillus_amr\/08_genomic_context\/prokka\/L017_GCF_002575305\.1_mphM\/L017_GCF_002575305\.1_mphM\.AMR\.tmp\.6431\.blast 2> /dev/null
[12:53:30] Deleting unwanted file: /home/bacte/bacillus_amr/08_genomic_context/prokka/L017_GCF_002575305.1_mphM/L017_GCF_002575305.1_mphM.AMR.tmp.6431.faa
[12:53:30] Deleting unwanted file: /home/bacte/bacillus_amr/08_genomic_context/prokka/L017_GCF_002575305.1_mphM/L017_GCF_002575305.1_mphM.AMR.tmp.6431.blast
[12:53:30] There are still 32 unannotated CDS left (started with 33)
[12:53:30] Will use blast to search against /home/bacte/miniconda3/envs/bacillus_ecogenomics/db/kingdom/Bacteria/sprot with 2 CPUs
[12:53:30] Running: cat \/home\/bacte\/bacillus_amr\/08_genomic_context\/prokka\/L017_GCF_002575305\.1_mphM\/L017_GCF_002575305\.1_mphM\.sprot\.tmp\.6431\.faa | parallel --gnu --plain -j 2 --block 1249 --recstart '>' --pipe blastp -query - -db /home/bacte/miniconda3/envs/bacillus_ecogenomics/db/kingdom/Bacteria/sprot -evalue 1e-09 -qcov_hsp_perc 80 -num_threads 1 -num_descriptions 1 -num_alignments 1 -seg no > \/home\/bacte\/bacillus_amr\/08_genomic_context\/prokka\/L017_GCF_002575305\.1_mphM\/L017_GCF_002575305\.1_mphM\.sprot\.tmp\.6431\.blast 2> /dev/null
[12:53:32] Modify product: Uncharacterized protein YizA => putative protein YizA
[12:53:32] Cleaned 1 /product names
[12:53:32] Deleting unwanted file: /home/bacte/bacillus_amr/08_genomic_context/prokka/L017_GCF_002575305.1_mphM/L017_GCF_002575305.1_mphM.sprot.tmp.6431.faa
[12:53:32] Deleting unwanted file: /home/bacte/bacillus_amr/08_genomic_context/prokka/L017_GCF_002575305.1_mphM/L017_GCF_002575305.1_mphM.sprot.tmp.6431.blast
[12:53:32] There are still 25 unannotated CDS left (started with 33)
[12:53:32] Will use hmmer3 to search against /home/bacte/miniconda3/envs/bacillus_ecogenomics/db/hmm/HAMAP.hmm with 2 CPUs
[12:53:32] Running: cat \/home\/bacte\/bacillus_amr\/08_genomic_context\/prokka\/L017_GCF_002575305\.1_mphM\/L017_GCF_002575305\.1_mphM\.HAMAP\.hmm\.tmp\.6431\.faa | parallel --gnu --plain -j 2 --block 736 --recstart '>' --pipe hmmscan --noali --notextw --acc -E 1e-09 --cpu 1 /home/bacte/miniconda3/envs/bacillus_ecogenomics/db/hmm/HAMAP.hmm /dev/stdin > \/home\/bacte\/bacillus_amr\/08_genomic_context\/prokka\/L017_GCF_002575305\.1_mphM\/L017_GCF_002575305\.1_mphM\.HAMAP\.hmm\.tmp\.6431\.hmmer3 2> /dev/null
[12:53:34] Deleting unwanted file: /home/bacte/bacillus_amr/08_genomic_context/prokka/L017_GCF_002575305.1_mphM/L017_GCF_002575305.1_mphM.HAMAP.hmm.tmp.6431.faa
[12:53:34] Deleting unwanted file: /home/bacte/bacillus_amr/08_genomic_context/prokka/L017_GCF_002575305.1_mphM/L017_GCF_002575305.1_mphM.HAMAP.hmm.tmp.6431.hmmer3
[12:53:34] Labelling remaining 24 proteins as 'hypothetical protein'
[12:53:34] Found 6 unique /gene codes.
[12:53:34] Fixed 2 duplicate /gene - cotSA_1 cotSA_2
[12:53:34] Fixed 1 colliding /gene names.
[12:53:34] Adding /locus_tag identifiers
[12:53:34] Assigned 33 locus_tags to CDS and RNA features.
[12:53:34] Writing outputs to /home/bacte/bacillus_amr/08_genomic_context/prokka/L017_GCF_002575305.1_mphM/
[12:53:34] Generating annotation statistics file
[12:53:34] Generating Genbank and Sequin files
[12:53:34] Running: tbl2asn -V b -a r10k -l paired-ends -M n -N 1 -y 'Annotated using prokka 1.15.6 from https://github.com/tseemann/prokka' -Z \/home\/bacte\/bacillus_amr\/08_genomic_context\/prokka\/L017_GCF_002575305\.1_mphM\/L017_GCF_002575305\.1_mphM\.err -i \/home\/bacte\/bacillus_amr\/08_genomic_context\/prokka\/L017_GCF_002575305\.1_mphM\/L017_GCF_002575305\.1_mphM\.fsa 2> /dev/null
[tbl2asn-forever] Found Prokka input, correcting dates in .gbf|.sqn files.
[tbl2asn-forever] Correcting dates in /home/bacte/bacillus_amr/08_genomic_context/prokka/L017_GCF_002575305.1_mphM/L017_GCF_002575305.1_mphM.gbf
[tbl2asn-forever] Correcting dates in /home/bacte/bacillus_amr/08_genomic_context/prokka/L017_GCF_002575305.1_mphM/L017_GCF_002575305.1_mphM.sqn
[tbl2asn-forever] Dates changed from 01-JAN-2019 to 06-OCT-2026
[12:53:34] Deleting unwanted file: /home/bacte/bacillus_amr/08_genomic_context/prokka/L017_GCF_002575305.1_mphM/errorsummary.val
[12:53:34] Deleting unwanted file: /home/bacte/bacillus_amr/08_genomic_context/prokka/L017_GCF_002575305.1_mphM/L017_GCF_002575305.1_mphM.dr
[12:53:34] Deleting unwanted file: /home/bacte/bacillus_amr/08_genomic_context/prokka/L017_GCF_002575305.1_mphM/L017_GCF_002575305.1_mphM.fixedproducts
[12:53:34] Deleting unwanted file: /home/bacte/bacillus_amr/08_genomic_context/prokka/L017_GCF_002575305.1_mphM/L017_GCF_002575305.1_mphM.ecn
[12:53:34] Deleting unwanted file: /home/bacte/bacillus_amr/08_genomic_context/prokka/L017_GCF_002575305.1_mphM/L017_GCF_002575305.1_mphM.val
[12:53:34] Repairing broken .GBK output that tbl2asn produces...
[12:53:34] Running: sed 's/COORDINATES: profile/COORDINATES:profile/' < \/home\/bacte\/bacillus_amr\/08_genomic_context\/prokka\/L017_GCF_002575305\.1_mphM\/L017_GCF_002575305\.1_mphM\.gbf > \/home\/bacte\/bacillus_amr\/08_genomic_context\/prokka\/L017_GCF_002575305\.1_mphM\/L017_GCF_002575305\.1_mphM\.gbk
[12:53:34] Deleting unwanted file: /home/bacte/bacillus_amr/08_genomic_context/prokka/L017_GCF_002575305.1_mphM/L017_GCF_002575305.1_mphM.gbf
[12:53:34] Output files:
[12:53:34] /home/bacte/bacillus_amr/08_genomic_context/prokka/L017_GCF_002575305.1_mphM/L017_GCF_002575305.1_mphM.txt
[12:53:34] /home/bacte/bacillus_amr/08_genomic_context/prokka/L017_GCF_002575305.1_mphM/L017_GCF_002575305.1_mphM.gbk
[12:53:34] /home/bacte/bacillus_amr/08_genomic_context/prokka/L017_GCF_002575305.1_mphM/L017_GCF_002575305.1_mphM.tbl
[12:53:34] /home/bacte/bacillus_amr/08_genomic_context/prokka/L017_GCF_002575305.1_mphM/L017_GCF_002575305.1_mphM.fsa
[12:53:34] /home/bacte/bacillus_amr/08_genomic_context/prokka/L017_GCF_002575305.1_mphM/L017_GCF_002575305.1_mphM.tsv
[12:53:34] /home/bacte/bacillus_amr/08_genomic_context/prokka/L017_GCF_002575305.1_mphM/L017_GCF_002575305.1_mphM.faa
[12:53:34] /home/bacte/bacillus_amr/08_genomic_context/prokka/L017_GCF_002575305.1_mphM/L017_GCF_002575305.1_mphM.err
[12:53:34] /home/bacte/bacillus_amr/08_genomic_context/prokka/L017_GCF_002575305.1_mphM/L017_GCF_002575305.1_mphM.ffn
[12:53:34] /home/bacte/bacillus_amr/08_genomic_context/prokka/L017_GCF_002575305.1_mphM/L017_GCF_002575305.1_mphM.sqn
[12:53:34] /home/bacte/bacillus_amr/08_genomic_context/prokka/L017_GCF_002575305.1_mphM/L017_GCF_002575305.1_mphM.log
[12:53:34] /home/bacte/bacillus_amr/08_genomic_context/prokka/L017_GCF_002575305.1_mphM/L017_GCF_002575305.1_mphM.fna
[12:53:34] /home/bacte/bacillus_amr/08_genomic_context/prokka/L017_GCF_002575305.1_mphM/L017_GCF_002575305.1_mphM.gff
[12:53:34] Annotation finished successfully.
[12:53:34] Walltime used: 0.13 minutes
[12:53:34] If you use this result please cite the Prokka paper:
[12:53:34] Seemann T (2014) Prokka: rapid prokaryotic genome annotation. Bioinformatics. 30(14):2068-9.
[12:53:34] Type 'prokka --citation' for more details.
[12:53:34] Thank you, come again.
[18/41] L018_GCF_002575365.1_mphM
[12:53:34] This is prokka 1.15.6
[12:53:34] Written by Torsten Seemann <torsten.seemann@gmail.com>
[12:53:34] Homepage is https://github.com/tseemann/prokka
[12:53:34] Local time is Tue Oct  6 12:53:34 2026
[12:53:34] You are bacte
[12:53:34] Operating system is linux
[12:53:34] You have BioPerl 1.7.8
[12:53:34] System has 8 cores.
[12:53:34] Will use maximum of 2 cores.
[12:53:34] Annotating as >>> Bacteria <<<
[12:53:34] Generating locus_tag from '/home/bacte/bacillus_amr/08_genomic_context/windows_10kb/L018_GCF_002575365.1_mphM.fna' contents.
[12:53:34] Setting --locustag AMHKGCPM from MD5 a6140c96ed4ac7db794909ec386862c2
[12:53:34] Creating new output folder: /home/bacte/bacillus_amr/08_genomic_context/prokka/L018_GCF_002575365.1_mphM
[12:53:34] Running: mkdir -p \/home\/bacte\/bacillus_amr\/08_genomic_context\/prokka\/L018_GCF_002575365\.1_mphM
[12:53:34] Using filename prefix: L018_GCF_002575365.1_mphM.XXX
[12:53:34] Setting HMMER_NCPU=1
[12:53:34] Writing log to: /home/bacte/bacillus_amr/08_genomic_context/prokka/L018_GCF_002575365.1_mphM/L018_GCF_002575365.1_mphM.log
[12:53:34] Command: /home/bacte/miniconda3/envs/bacillus_ecogenomics/bin/prokka /home/bacte/bacillus_amr/08_genomic_context/windows_10kb/L018_GCF_002575365.1_mphM.fna --outdir /home/bacte/bacillus_amr/08_genomic_context/prokka/L018_GCF_002575365.1_mphM --prefix L018_GCF_002575365.1_mphM --kingdom Bacteria --genus Bacillus --cpus 2
[12:53:34] Looking for 'aragorn' - found /home/bacte/miniconda3/envs/bacillus_ecogenomics/bin/aragorn
[12:53:34] Determined aragorn version is v1.2 from 'ARAGORN v1.2.41 Dean Laslett'
[12:53:34] Looking for 'barrnap' - found /home/bacte/miniconda3/envs/bacillus_ecogenomics/bin/barrnap
[12:53:34] Determined barrnap version is v1.10 from 'barrnap 1.10.5'
[12:53:34] Looking for 'blastp' - found /home/bacte/miniconda3/envs/bacillus_ecogenomics/bin/blastp
[12:53:34] Determined blastp version is v2.17 from 'blastp: 2.17.0+'
[12:53:34] Looking for 'cmpress' - found /home/bacte/miniconda3/envs/bacillus_ecogenomics/bin/cmpress
[12:53:34] Determined cmpress version is v1.1 from '# INFERNAL 1.1.5 (Sep 2023)'
[12:53:34] Looking for 'cmscan' - found /home/bacte/miniconda3/envs/bacillus_ecogenomics/bin/cmscan
[12:53:35] Determined cmscan version is v1.1 from '# INFERNAL 1.1.5 (Sep 2023)'
[12:53:35] Looking for 'egrep' - found /usr/bin/egrep
[12:53:35] Looking for 'find' - found /usr/bin/find
[12:53:35] Looking for 'grep' - found /usr/bin/grep
[12:53:35] Looking for 'hmmpress' - found /home/bacte/miniconda3/envs/bacillus_ecogenomics/bin/hmmpress
[12:53:35] Determined hmmpress version is v3.4 from '# HMMER 3.4 (Aug 2023); http://hmmer.org/'
[12:53:35] Looking for 'hmmscan' - found /home/bacte/miniconda3/envs/bacillus_ecogenomics/bin/hmmscan
[12:53:35] Determined hmmscan version is v3.4 from '# HMMER 3.4 (Aug 2023); http://hmmer.org/'
[12:53:35] Looking for 'java' - found /home/bacte/miniconda3/envs/bacillus_ecogenomics/bin/java
[12:53:35] Looking for 'makeblastdb' - found /home/bacte/miniconda3/envs/bacillus_ecogenomics/bin/makeblastdb
[12:53:35] Determined makeblastdb version is v2.17 from 'makeblastdb: 2.17.0+'
[12:53:35] Looking for 'minced' - found /home/bacte/miniconda3/envs/bacillus_ecogenomics/bin/minced
[12:53:35] Determined minced version is v4.2 from 'minced 0.4.2'
[12:53:35] Looking for 'parallel' - found /home/bacte/miniconda3/envs/bacillus_ecogenomics/bin/parallel
[12:53:35] Determined parallel version is 20260422 from 'GNU parallel 20260422'
[12:53:35] Looking for 'prodigal' - found /home/bacte/miniconda3/envs/bacillus_ecogenomics/bin/prodigal
[12:53:35] Determined prodigal version is v2.6 from 'Prodigal V2.6.3: February, 2016'
[12:53:35] Looking for 'prokka-genbank_to_fasta_db' - found /home/bacte/miniconda3/envs/bacillus_ecogenomics/bin/prokka-genbank_to_fasta_db
[12:53:35] Looking for 'sed' - found /usr/bin/sed
[12:53:35] Looking for 'tbl2asn' - found /home/bacte/miniconda3/envs/bacillus_ecogenomics/bin/tbl2asn
[12:53:35] Determined tbl2asn version is v25.7 from 'tbl2asn 25.7   arguments:'
[12:53:35] Using genetic code table 11.
[12:53:35] Loading and checking input file: /home/bacte/bacillus_amr/08_genomic_context/windows_10kb/L018_GCF_002575365.1_mphM.fna
[12:53:35] Wrote 1 contigs totalling 20897 bp.
[12:53:35] Predicting tRNAs and tmRNAs
[12:53:35] Running: aragorn -l -gc11  -w \/home\/bacte\/bacillus_amr\/08_genomic_context\/prokka\/L018_GCF_002575365\.1_mphM\/L018_GCF_002575365\.1_mphM\.fna
[12:53:35] Found 0 tRNAs
[12:53:35] Predicting Ribosomal RNAs
[12:53:35] Running Barrnap with 2 threads
[12:53:35] Found 0 rRNAs
[12:53:35] Skipping ncRNA search, enable with --rfam if desired.
[12:53:35] Total of 0 tRNA + rRNA features
[12:53:35] Searching for CRISPR repeats
[12:53:36] Found 0 CRISPRs
[12:53:36] Predicting coding sequences
[12:53:36] Contigs total 20897 bp, so using single mode
[12:53:36] Running: prodigal -i \/home\/bacte\/bacillus_amr\/08_genomic_context\/prokka\/L018_GCF_002575365\.1_mphM\/L018_GCF_002575365\.1_mphM\.fna -c -m -g 11 -p single -f sco -q


Warning:  ideally Prodigal should be given at least 100000 bases for training.
You may get better results with the -p meta option.

[12:53:36] Found 31 CDS
[12:53:36] Connecting features back to sequences
[12:53:36] Not using genus-specific database. Try --usegenus to enable it.
[12:53:36] Annotating CDS, please be patient.
[12:53:36] Will use 2 CPUs for similarity searching.
[12:53:36] There are still 31 unannotated CDS left (started with 31)
[12:53:36] Will use blast to search against /home/bacte/miniconda3/envs/bacillus_ecogenomics/db/kingdom/Bacteria/IS with 2 CPUs
[12:53:36] Running: cat \/home\/bacte\/bacillus_amr\/08_genomic_context\/prokka\/L018_GCF_002575365\.1_mphM\/L018_GCF_002575365\.1_mphM\.IS\.tmp\.6813\.faa | parallel --gnu --plain -j 2 --block 1309 --recstart '>' --pipe blastp -query - -db /home/bacte/miniconda3/envs/bacillus_ecogenomics/db/kingdom/Bacteria/IS -evalue 1e-30 -qcov_hsp_perc 90 -num_threads 1 -num_descriptions 1 -num_alignments 1 -seg no > \/home\/bacte\/bacillus_amr\/08_genomic_context\/prokka\/L018_GCF_002575365\.1_mphM\/L018_GCF_002575365\.1_mphM\.IS\.tmp\.6813\.blast 2> /dev/null
[12:53:37] Deleting unwanted file: /home/bacte/bacillus_amr/08_genomic_context/prokka/L018_GCF_002575365.1_mphM/L018_GCF_002575365.1_mphM.IS.tmp.6813.faa
[12:53:37] Deleting unwanted file: /home/bacte/bacillus_amr/08_genomic_context/prokka/L018_GCF_002575365.1_mphM/L018_GCF_002575365.1_mphM.IS.tmp.6813.blast
[12:53:37] There are still 30 unannotated CDS left (started with 31)
[12:53:37] Will use blast to search against /home/bacte/miniconda3/envs/bacillus_ecogenomics/db/kingdom/Bacteria/AMR with 2 CPUs
[12:53:37] Running: cat \/home\/bacte\/bacillus_amr\/08_genomic_context\/prokka\/L018_GCF_002575365\.1_mphM\/L018_GCF_002575365\.1_mphM\.AMR\.tmp\.6813\.faa | parallel --gnu --plain -j 2 --block 1221 --recstart '>' --pipe blastp -query - -db /home/bacte/miniconda3/envs/bacillus_ecogenomics/db/kingdom/Bacteria/AMR -evalue 1e-300 -qcov_hsp_perc 90 -num_threads 1 -num_descriptions 1 -num_alignments 1 -seg no > \/home\/bacte\/bacillus_amr\/08_genomic_context\/prokka\/L018_GCF_002575365\.1_mphM\/L018_GCF_002575365\.1_mphM\.AMR\.tmp\.6813\.blast 2> /dev/null
[12:53:38] Deleting unwanted file: /home/bacte/bacillus_amr/08_genomic_context/prokka/L018_GCF_002575365.1_mphM/L018_GCF_002575365.1_mphM.AMR.tmp.6813.faa
[12:53:38] Deleting unwanted file: /home/bacte/bacillus_amr/08_genomic_context/prokka/L018_GCF_002575365.1_mphM/L018_GCF_002575365.1_mphM.AMR.tmp.6813.blast
[12:53:38] There are still 30 unannotated CDS left (started with 31)
[12:53:38] Will use blast to search against /home/bacte/miniconda3/envs/bacillus_ecogenomics/db/kingdom/Bacteria/sprot with 2 CPUs
[12:53:38] Running: cat \/home\/bacte\/bacillus_amr\/08_genomic_context\/prokka\/L018_GCF_002575365\.1_mphM\/L018_GCF_002575365\.1_mphM\.sprot\.tmp\.6813\.faa | parallel --gnu --plain -j 2 --block 1221 --recstart '>' --pipe blastp -query - -db /home/bacte/miniconda3/envs/bacillus_ecogenomics/db/kingdom/Bacteria/sprot -evalue 1e-09 -qcov_hsp_perc 80 -num_threads 1 -num_descriptions 1 -num_alignments 1 -seg no > \/home\/bacte\/bacillus_amr\/08_genomic_context\/prokka\/L018_GCF_002575365\.1_mphM\/L018_GCF_002575365\.1_mphM\.sprot\.tmp\.6813\.blast 2> /dev/null
[12:53:39] Modify product: Uncharacterized protein YizA => putative protein YizA
[12:53:39] Cleaned 1 /product names
[12:53:39] Deleting unwanted file: /home/bacte/bacillus_amr/08_genomic_context/prokka/L018_GCF_002575365.1_mphM/L018_GCF_002575365.1_mphM.sprot.tmp.6813.faa
[12:53:39] Deleting unwanted file: /home/bacte/bacillus_amr/08_genomic_context/prokka/L018_GCF_002575365.1_mphM/L018_GCF_002575365.1_mphM.sprot.tmp.6813.blast
[12:53:39] There are still 23 unannotated CDS left (started with 31)
[12:53:39] Will use hmmer3 to search against /home/bacte/miniconda3/envs/bacillus_ecogenomics/db/hmm/HAMAP.hmm with 2 CPUs
[12:53:39] Running: cat \/home\/bacte\/bacillus_amr\/08_genomic_context\/prokka\/L018_GCF_002575365\.1_mphM\/L018_GCF_002575365\.1_mphM\.HAMAP\.hmm\.tmp\.6813\.faa | parallel --gnu --plain -j 2 --block 708 --recstart '>' --pipe hmmscan --noali --notextw --acc -E 1e-09 --cpu 1 /home/bacte/miniconda3/envs/bacillus_ecogenomics/db/hmm/HAMAP.hmm /dev/stdin > \/home\/bacte\/bacillus_amr\/08_genomic_context\/prokka\/L018_GCF_002575365\.1_mphM\/L018_GCF_002575365\.1_mphM\.HAMAP\.hmm\.tmp\.6813\.hmmer3 2> /dev/null
[12:53:40] Deleting unwanted file: /home/bacte/bacillus_amr/08_genomic_context/prokka/L018_GCF_002575365.1_mphM/L018_GCF_002575365.1_mphM.HAMAP.hmm.tmp.6813.faa
[12:53:40] Deleting unwanted file: /home/bacte/bacillus_amr/08_genomic_context/prokka/L018_GCF_002575365.1_mphM/L018_GCF_002575365.1_mphM.HAMAP.hmm.tmp.6813.hmmer3
[12:53:40] Labelling remaining 22 proteins as 'hypothetical protein'
[12:53:40] Found 6 unique /gene codes.
[12:53:40] Fixed 2 duplicate /gene - cotSA_1 cotSA_2
[12:53:40] Fixed 1 colliding /gene names.
[12:53:40] Adding /locus_tag identifiers
[12:53:40] Assigned 31 locus_tags to CDS and RNA features.
[12:53:40] Writing outputs to /home/bacte/bacillus_amr/08_genomic_context/prokka/L018_GCF_002575365.1_mphM/
[12:53:40] Generating annotation statistics file
[12:53:40] Generating Genbank and Sequin files
[12:53:40] Running: tbl2asn -V b -a r10k -l paired-ends -M n -N 1 -y 'Annotated using prokka 1.15.6 from https://github.com/tseemann/prokka' -Z \/home\/bacte\/bacillus_amr\/08_genomic_context\/prokka\/L018_GCF_002575365\.1_mphM\/L018_GCF_002575365\.1_mphM\.err -i \/home\/bacte\/bacillus_amr\/08_genomic_context\/prokka\/L018_GCF_002575365\.1_mphM\/L018_GCF_002575365\.1_mphM\.fsa 2> /dev/null
[tbl2asn-forever] Found Prokka input, correcting dates in .gbf|.sqn files.
[tbl2asn-forever] Correcting dates in /home/bacte/bacillus_amr/08_genomic_context/prokka/L018_GCF_002575365.1_mphM/L018_GCF_002575365.1_mphM.gbf
[tbl2asn-forever] Correcting dates in /home/bacte/bacillus_amr/08_genomic_context/prokka/L018_GCF_002575365.1_mphM/L018_GCF_002575365.1_mphM.sqn
[tbl2asn-forever] Dates changed from 01-JAN-2019 to 06-OCT-2026
[12:53:40] Deleting unwanted file: /home/bacte/bacillus_amr/08_genomic_context/prokka/L018_GCF_002575365.1_mphM/errorsummary.val
[12:53:40] Deleting unwanted file: /home/bacte/bacillus_amr/08_genomic_context/prokka/L018_GCF_002575365.1_mphM/L018_GCF_002575365.1_mphM.dr
[12:53:40] Deleting unwanted file: /home/bacte/bacillus_amr/08_genomic_context/prokka/L018_GCF_002575365.1_mphM/L018_GCF_002575365.1_mphM.fixedproducts
[12:53:40] Deleting unwanted file: /home/bacte/bacillus_amr/08_genomic_context/prokka/L018_GCF_002575365.1_mphM/L018_GCF_002575365.1_mphM.ecn
[12:53:40] Deleting unwanted file: /home/bacte/bacillus_amr/08_genomic_context/prokka/L018_GCF_002575365.1_mphM/L018_GCF_002575365.1_mphM.val
[12:53:40] Repairing broken .GBK output that tbl2asn produces...
[12:53:40] Running: sed 's/COORDINATES: profile/COORDINATES:profile/' < \/home\/bacte\/bacillus_amr\/08_genomic_context\/prokka\/L018_GCF_002575365\.1_mphM\/L018_GCF_002575365\.1_mphM\.gbf > \/home\/bacte\/bacillus_amr\/08_genomic_context\/prokka\/L018_GCF_002575365\.1_mphM\/L018_GCF_002575365\.1_mphM\.gbk
[12:53:40] Deleting unwanted file: /home/bacte/bacillus_amr/08_genomic_context/prokka/L018_GCF_002575365.1_mphM/L018_GCF_002575365.1_mphM.gbf
[12:53:40] Output files:
[12:53:40] /home/bacte/bacillus_amr/08_genomic_context/prokka/L018_GCF_002575365.1_mphM/L018_GCF_002575365.1_mphM.ffn
[12:53:40] /home/bacte/bacillus_amr/08_genomic_context/prokka/L018_GCF_002575365.1_mphM/L018_GCF_002575365.1_mphM.err
[12:53:40] /home/bacte/bacillus_amr/08_genomic_context/prokka/L018_GCF_002575365.1_mphM/L018_GCF_002575365.1_mphM.faa
[12:53:40] /home/bacte/bacillus_amr/08_genomic_context/prokka/L018_GCF_002575365.1_mphM/L018_GCF_002575365.1_mphM.gbk
[12:53:40] /home/bacte/bacillus_amr/08_genomic_context/prokka/L018_GCF_002575365.1_mphM/L018_GCF_002575365.1_mphM.sqn
[12:53:40] /home/bacte/bacillus_amr/08_genomic_context/prokka/L018_GCF_002575365.1_mphM/L018_GCF_002575365.1_mphM.fsa
[12:53:40] /home/bacte/bacillus_amr/08_genomic_context/prokka/L018_GCF_002575365.1_mphM/L018_GCF_002575365.1_mphM.tsv
[12:53:40] /home/bacte/bacillus_amr/08_genomic_context/prokka/L018_GCF_002575365.1_mphM/L018_GCF_002575365.1_mphM.fna
[12:53:40] /home/bacte/bacillus_amr/08_genomic_context/prokka/L018_GCF_002575365.1_mphM/L018_GCF_002575365.1_mphM.gff
[12:53:40] /home/bacte/bacillus_amr/08_genomic_context/prokka/L018_GCF_002575365.1_mphM/L018_GCF_002575365.1_mphM.txt
[12:53:40] /home/bacte/bacillus_amr/08_genomic_context/prokka/L018_GCF_002575365.1_mphM/L018_GCF_002575365.1_mphM.tbl
[12:53:40] /home/bacte/bacillus_amr/08_genomic_context/prokka/L018_GCF_002575365.1_mphM/L018_GCF_002575365.1_mphM.log
[12:53:40] Annotation finished successfully.
[12:53:40] Walltime used: 0.10 minutes
[12:53:40] If you use this result please cite the Prokka paper:
[12:53:40] Seemann T (2014) Prokka: rapid prokaryotic genome annotation. Bioinformatics. 30(14):2068-9.
[12:53:40] Type 'prokka --citation' for more details.
[12:53:40] Thank you, come again.
[19/41] L019_GCF_002575895.1_mphM
[12:53:41] This is prokka 1.15.6
[12:53:41] Written by Torsten Seemann <torsten.seemann@gmail.com>
[12:53:41] Homepage is https://github.com/tseemann/prokka
[12:53:41] Local time is Tue Oct  6 12:53:41 2026
[12:53:41] You are bacte
[12:53:41] Operating system is linux
[12:53:41] You have BioPerl 1.7.8
[12:53:41] System has 8 cores.
[12:53:41] Will use maximum of 2 cores.
[12:53:41] Annotating as >>> Bacteria <<<
[12:53:41] Generating locus_tag from '/home/bacte/bacillus_amr/08_genomic_context/windows_10kb/L019_GCF_002575895.1_mphM.fna' contents.
[12:53:41] Setting --locustag DGHNDINI from MD5 d017d272225cc9ed8cdfc109b373a2d0
[12:53:41] Creating new output folder: /home/bacte/bacillus_amr/08_genomic_context/prokka/L019_GCF_002575895.1_mphM
[12:53:41] Running: mkdir -p \/home\/bacte\/bacillus_amr\/08_genomic_context\/prokka\/L019_GCF_002575895\.1_mphM
[12:53:41] Using filename prefix: L019_GCF_002575895.1_mphM.XXX
[12:53:41] Setting HMMER_NCPU=1
[12:53:41] Writing log to: /home/bacte/bacillus_amr/08_genomic_context/prokka/L019_GCF_002575895.1_mphM/L019_GCF_002575895.1_mphM.log
[12:53:41] Command: /home/bacte/miniconda3/envs/bacillus_ecogenomics/bin/prokka /home/bacte/bacillus_amr/08_genomic_context/windows_10kb/L019_GCF_002575895.1_mphM.fna --outdir /home/bacte/bacillus_amr/08_genomic_context/prokka/L019_GCF_002575895.1_mphM --prefix L019_GCF_002575895.1_mphM --kingdom Bacteria --genus Bacillus --cpus 2
[12:53:41] Looking for 'aragorn' - found /home/bacte/miniconda3/envs/bacillus_ecogenomics/bin/aragorn
[12:53:41] Determined aragorn version is v1.2 from 'ARAGORN v1.2.41 Dean Laslett'
[12:53:41] Looking for 'barrnap' - found /home/bacte/miniconda3/envs/bacillus_ecogenomics/bin/barrnap
[12:53:41] Determined barrnap version is v1.10 from 'barrnap 1.10.5'
[12:53:41] Looking for 'blastp' - found /home/bacte/miniconda3/envs/bacillus_ecogenomics/bin/blastp
[12:53:41] Determined blastp version is v2.17 from 'blastp: 2.17.0+'
[12:53:41] Looking for 'cmpress' - found /home/bacte/miniconda3/envs/bacillus_ecogenomics/bin/cmpress
[12:53:41] Determined cmpress version is v1.1 from '# INFERNAL 1.1.5 (Sep 2023)'
[12:53:41] Looking for 'cmscan' - found /home/bacte/miniconda3/envs/bacillus_ecogenomics/bin/cmscan
[12:53:41] Determined cmscan version is v1.1 from '# INFERNAL 1.1.5 (Sep 2023)'
[12:53:41] Looking for 'egrep' - found /usr/bin/egrep
[12:53:41] Looking for 'find' - found /usr/bin/find
[12:53:41] Looking for 'grep' - found /usr/bin/grep
[12:53:41] Looking for 'hmmpress' - found /home/bacte/miniconda3/envs/bacillus_ecogenomics/bin/hmmpress
[12:53:41] Determined hmmpress version is v3.4 from '# HMMER 3.4 (Aug 2023); http://hmmer.org/'
[12:53:41] Looking for 'hmmscan' - found /home/bacte/miniconda3/envs/bacillus_ecogenomics/bin/hmmscan
[12:53:41] Determined hmmscan version is v3.4 from '# HMMER 3.4 (Aug 2023); http://hmmer.org/'
[12:53:41] Looking for 'java' - found /home/bacte/miniconda3/envs/bacillus_ecogenomics/bin/java
[12:53:41] Looking for 'makeblastdb' - found /home/bacte/miniconda3/envs/bacillus_ecogenomics/bin/makeblastdb
[12:53:41] Determined makeblastdb version is v2.17 from 'makeblastdb: 2.17.0+'
[12:53:41] Looking for 'minced' - found /home/bacte/miniconda3/envs/bacillus_ecogenomics/bin/minced
[12:53:41] Determined minced version is v4.2 from 'minced 0.4.2'
[12:53:41] Looking for 'parallel' - found /home/bacte/miniconda3/envs/bacillus_ecogenomics/bin/parallel
[12:53:41] Determined parallel version is 20260422 from 'GNU parallel 20260422'
[12:53:41] Looking for 'prodigal' - found /home/bacte/miniconda3/envs/bacillus_ecogenomics/bin/prodigal
[12:53:41] Determined prodigal version is v2.6 from 'Prodigal V2.6.3: February, 2016'
[12:53:41] Looking for 'prokka-genbank_to_fasta_db' - found /home/bacte/miniconda3/envs/bacillus_ecogenomics/bin/prokka-genbank_to_fasta_db
[12:53:41] Looking for 'sed' - found /usr/bin/sed
[12:53:41] Looking for 'tbl2asn' - found /home/bacte/miniconda3/envs/bacillus_ecogenomics/bin/tbl2asn
[12:53:41] Determined tbl2asn version is v25.7 from 'tbl2asn 25.7   arguments:'
[12:53:41] Using genetic code table 11.
[12:53:41] Loading and checking input file: /home/bacte/bacillus_amr/08_genomic_context/windows_10kb/L019_GCF_002575895.1_mphM.fna
[12:53:41] Wrote 1 contigs totalling 20897 bp.
[12:53:41] Predicting tRNAs and tmRNAs
[12:53:41] Running: aragorn -l -gc11  -w \/home\/bacte\/bacillus_amr\/08_genomic_context\/prokka\/L019_GCF_002575895\.1_mphM\/L019_GCF_002575895\.1_mphM\.fna
[12:53:41] Found 0 tRNAs
[12:53:41] Predicting Ribosomal RNAs
[12:53:41] Running Barrnap with 2 threads
[12:53:41] Found 0 rRNAs
[12:53:41] Skipping ncRNA search, enable with --rfam if desired.
[12:53:41] Total of 0 tRNA + rRNA features
[12:53:41] Searching for CRISPR repeats
[12:53:41] Found 0 CRISPRs
[12:53:41] Predicting coding sequences
[12:53:41] Contigs total 20897 bp, so using single mode
[12:53:41] Running: prodigal -i \/home\/bacte\/bacillus_amr\/08_genomic_context\/prokka\/L019_GCF_002575895\.1_mphM\/L019_GCF_002575895\.1_mphM\.fna -c -m -g 11 -p single -f sco -q


Warning:  ideally Prodigal should be given at least 100000 bases for training.
You may get better results with the -p meta option.

[12:53:41] Found 24 CDS
[12:53:41] Connecting features back to sequences
[12:53:41] Not using genus-specific database. Try --usegenus to enable it.
[12:53:41] Annotating CDS, please be patient.
[12:53:41] Will use 2 CPUs for similarity searching.
[12:53:41] There are still 24 unannotated CDS left (started with 24)
[12:53:41] Will use blast to search against /home/bacte/miniconda3/envs/bacillus_ecogenomics/db/kingdom/Bacteria/IS with 2 CPUs
[12:53:41] Running: cat \/home\/bacte\/bacillus_amr\/08_genomic_context\/prokka\/L019_GCF_002575895\.1_mphM\/L019_GCF_002575895\.1_mphM\.IS\.tmp\.7193\.faa | parallel --gnu --plain -j 2 --block 1468 --recstart '>' --pipe blastp -query - -db /home/bacte/miniconda3/envs/bacillus_ecogenomics/db/kingdom/Bacteria/IS -evalue 1e-30 -qcov_hsp_perc 90 -num_threads 1 -num_descriptions 1 -num_alignments 1 -seg no > \/home\/bacte\/bacillus_amr\/08_genomic_context\/prokka\/L019_GCF_002575895\.1_mphM\/L019_GCF_002575895\.1_mphM\.IS\.tmp\.7193\.blast 2> /dev/null
[12:53:42] Deleting unwanted file: /home/bacte/bacillus_amr/08_genomic_context/prokka/L019_GCF_002575895.1_mphM/L019_GCF_002575895.1_mphM.IS.tmp.7193.faa
[12:53:42] Deleting unwanted file: /home/bacte/bacillus_amr/08_genomic_context/prokka/L019_GCF_002575895.1_mphM/L019_GCF_002575895.1_mphM.IS.tmp.7193.blast
[12:53:42] There are still 23 unannotated CDS left (started with 24)
[12:53:42] Will use blast to search against /home/bacte/miniconda3/envs/bacillus_ecogenomics/db/kingdom/Bacteria/AMR with 2 CPUs
[12:53:42] Running: cat \/home\/bacte\/bacillus_amr\/08_genomic_context\/prokka\/L019_GCF_002575895\.1_mphM\/L019_GCF_002575895\.1_mphM\.AMR\.tmp\.7193\.faa | parallel --gnu --plain -j 2 --block 1348 --recstart '>' --pipe blastp -query - -db /home/bacte/miniconda3/envs/bacillus_ecogenomics/db/kingdom/Bacteria/AMR -evalue 1e-300 -qcov_hsp_perc 90 -num_threads 1 -num_descriptions 1 -num_alignments 1 -seg no > \/home\/bacte\/bacillus_amr\/08_genomic_context\/prokka\/L019_GCF_002575895\.1_mphM\/L019_GCF_002575895\.1_mphM\.AMR\.tmp\.7193\.blast 2> /dev/null
[12:53:43] Deleting unwanted file: /home/bacte/bacillus_amr/08_genomic_context/prokka/L019_GCF_002575895.1_mphM/L019_GCF_002575895.1_mphM.AMR.tmp.7193.faa
[12:53:43] Deleting unwanted file: /home/bacte/bacillus_amr/08_genomic_context/prokka/L019_GCF_002575895.1_mphM/L019_GCF_002575895.1_mphM.AMR.tmp.7193.blast
[12:53:43] There are still 23 unannotated CDS left (started with 24)
[12:53:43] Will use blast to search against /home/bacte/miniconda3/envs/bacillus_ecogenomics/db/kingdom/Bacteria/sprot with 2 CPUs
[12:53:43] Running: cat \/home\/bacte\/bacillus_amr\/08_genomic_context\/prokka\/L019_GCF_002575895\.1_mphM\/L019_GCF_002575895\.1_mphM\.sprot\.tmp\.7193\.faa | parallel --gnu --plain -j 2 --block 1348 --recstart '>' --pipe blastp -query - -db /home/bacte/miniconda3/envs/bacillus_ecogenomics/db/kingdom/Bacteria/sprot -evalue 1e-09 -qcov_hsp_perc 80 -num_threads 1 -num_descriptions 1 -num_alignments 1 -seg no > \/home\/bacte\/bacillus_amr\/08_genomic_context\/prokka\/L019_GCF_002575895\.1_mphM\/L019_GCF_002575895\.1_mphM\.sprot\.tmp\.7193\.blast 2> /dev/null
[12:53:45] Deleting unwanted file: /home/bacte/bacillus_amr/08_genomic_context/prokka/L019_GCF_002575895.1_mphM/L019_GCF_002575895.1_mphM.sprot.tmp.7193.faa
[12:53:45] Deleting unwanted file: /home/bacte/bacillus_amr/08_genomic_context/prokka/L019_GCF_002575895.1_mphM/L019_GCF_002575895.1_mphM.sprot.tmp.7193.blast
[12:53:45] There are still 21 unannotated CDS left (started with 24)
[12:53:45] Will use hmmer3 to search against /home/bacte/miniconda3/envs/bacillus_ecogenomics/db/hmm/HAMAP.hmm with 2 CPUs
[12:53:45] Running: cat \/home\/bacte\/bacillus_amr\/08_genomic_context\/prokka\/L019_GCF_002575895\.1_mphM\/L019_GCF_002575895\.1_mphM\.HAMAP\.hmm\.tmp\.7193\.faa | parallel --gnu --plain -j 2 --block 1302 --recstart '>' --pipe hmmscan --noali --notextw --acc -E 1e-09 --cpu 1 /home/bacte/miniconda3/envs/bacillus_ecogenomics/db/hmm/HAMAP.hmm /dev/stdin > \/home\/bacte\/bacillus_amr\/08_genomic_context\/prokka\/L019_GCF_002575895\.1_mphM\/L019_GCF_002575895\.1_mphM\.HAMAP\.hmm\.tmp\.7193\.hmmer3 2> /dev/null
[12:53:46] Deleting unwanted file: /home/bacte/bacillus_amr/08_genomic_context/prokka/L019_GCF_002575895.1_mphM/L019_GCF_002575895.1_mphM.HAMAP.hmm.tmp.7193.faa
[12:53:46] Deleting unwanted file: /home/bacte/bacillus_amr/08_genomic_context/prokka/L019_GCF_002575895.1_mphM/L019_GCF_002575895.1_mphM.HAMAP.hmm.tmp.7193.hmmer3
[12:53:46] Labelling remaining 20 proteins as 'hypothetical protein'
[12:53:46] Found 3 unique /gene codes.
[12:53:46] Fixed 0 colliding /gene names.
[12:53:46] Adding /locus_tag identifiers
[12:53:46] Assigned 24 locus_tags to CDS and RNA features.
[12:53:46] Writing outputs to /home/bacte/bacillus_amr/08_genomic_context/prokka/L019_GCF_002575895.1_mphM/
[12:53:46] Generating annotation statistics file
[12:53:46] Generating Genbank and Sequin files
[12:53:46] Running: tbl2asn -V b -a r10k -l paired-ends -M n -N 1 -y 'Annotated using prokka 1.15.6 from https://github.com/tseemann/prokka' -Z \/home\/bacte\/bacillus_amr\/08_genomic_context\/prokka\/L019_GCF_002575895\.1_mphM\/L019_GCF_002575895\.1_mphM\.err -i \/home\/bacte\/bacillus_amr\/08_genomic_context\/prokka\/L019_GCF_002575895\.1_mphM\/L019_GCF_002575895\.1_mphM\.fsa 2> /dev/null
[tbl2asn-forever] Found Prokka input, correcting dates in .gbf|.sqn files.
[tbl2asn-forever] Correcting dates in /home/bacte/bacillus_amr/08_genomic_context/prokka/L019_GCF_002575895.1_mphM/L019_GCF_002575895.1_mphM.gbf
[tbl2asn-forever] Correcting dates in /home/bacte/bacillus_amr/08_genomic_context/prokka/L019_GCF_002575895.1_mphM/L019_GCF_002575895.1_mphM.sqn
[tbl2asn-forever] Dates changed from 01-JAN-2019 to 06-OCT-2026
[12:53:47] Deleting unwanted file: /home/bacte/bacillus_amr/08_genomic_context/prokka/L019_GCF_002575895.1_mphM/errorsummary.val
[12:53:47] Deleting unwanted file: /home/bacte/bacillus_amr/08_genomic_context/prokka/L019_GCF_002575895.1_mphM/L019_GCF_002575895.1_mphM.dr
[12:53:47] Deleting unwanted file: /home/bacte/bacillus_amr/08_genomic_context/prokka/L019_GCF_002575895.1_mphM/L019_GCF_002575895.1_mphM.fixedproducts
[12:53:47] Deleting unwanted file: /home/bacte/bacillus_amr/08_genomic_context/prokka/L019_GCF_002575895.1_mphM/L019_GCF_002575895.1_mphM.ecn
[12:53:47] Deleting unwanted file: /home/bacte/bacillus_amr/08_genomic_context/prokka/L019_GCF_002575895.1_mphM/L019_GCF_002575895.1_mphM.val
[12:53:47] Repairing broken .GBK output that tbl2asn produces...
[12:53:47] Running: sed 's/COORDINATES: profile/COORDINATES:profile/' < \/home\/bacte\/bacillus_amr\/08_genomic_context\/prokka\/L019_GCF_002575895\.1_mphM\/L019_GCF_002575895\.1_mphM\.gbf > \/home\/bacte\/bacillus_amr\/08_genomic_context\/prokka\/L019_GCF_002575895\.1_mphM\/L019_GCF_002575895\.1_mphM\.gbk
[12:53:47] Deleting unwanted file: /home/bacte/bacillus_amr/08_genomic_context/prokka/L019_GCF_002575895.1_mphM/L019_GCF_002575895.1_mphM.gbf
[12:53:47] Output files:
[12:53:47] /home/bacte/bacillus_amr/08_genomic_context/prokka/L019_GCF_002575895.1_mphM/L019_GCF_002575895.1_mphM.ffn
[12:53:47] /home/bacte/bacillus_amr/08_genomic_context/prokka/L019_GCF_002575895.1_mphM/L019_GCF_002575895.1_mphM.sqn
[12:53:47] /home/bacte/bacillus_amr/08_genomic_context/prokka/L019_GCF_002575895.1_mphM/L019_GCF_002575895.1_mphM.tsv
[12:53:47] /home/bacte/bacillus_amr/08_genomic_context/prokka/L019_GCF_002575895.1_mphM/L019_GCF_002575895.1_mphM.tbl
[12:53:47] /home/bacte/bacillus_amr/08_genomic_context/prokka/L019_GCF_002575895.1_mphM/L019_GCF_002575895.1_mphM.txt
[12:53:47] /home/bacte/bacillus_amr/08_genomic_context/prokka/L019_GCF_002575895.1_mphM/L019_GCF_002575895.1_mphM.log
[12:53:47] /home/bacte/bacillus_amr/08_genomic_context/prokka/L019_GCF_002575895.1_mphM/L019_GCF_002575895.1_mphM.fsa
[12:53:47] /home/bacte/bacillus_amr/08_genomic_context/prokka/L019_GCF_002575895.1_mphM/L019_GCF_002575895.1_mphM.err
[12:53:47] /home/bacte/bacillus_amr/08_genomic_context/prokka/L019_GCF_002575895.1_mphM/L019_GCF_002575895.1_mphM.faa
[12:53:47] /home/bacte/bacillus_amr/08_genomic_context/prokka/L019_GCF_002575895.1_mphM/L019_GCF_002575895.1_mphM.gbk
[12:53:47] /home/bacte/bacillus_amr/08_genomic_context/prokka/L019_GCF_002575895.1_mphM/L019_GCF_002575895.1_mphM.fna
[12:53:47] /home/bacte/bacillus_amr/08_genomic_context/prokka/L019_GCF_002575895.1_mphM/L019_GCF_002575895.1_mphM.gff
[12:53:47] Annotation finished successfully.
[12:53:47] Walltime used: 0.10 minutes
[12:53:47] If you use this result please cite the Prokka paper:
[12:53:47] Seemann T (2014) Prokka: rapid prokaryotic genome annotation. Bioinformatics. 30(14):2068-9.
[12:53:47] Type 'prokka --citation' for more details.
[12:53:47] Thank you, come again.
[20/41] L020_GCF_036621275.1_mphM
[12:53:47] This is prokka 1.15.6
[12:53:47] Written by Torsten Seemann <torsten.seemann@gmail.com>
[12:53:47] Homepage is https://github.com/tseemann/prokka
[12:53:47] Local time is Tue Oct  6 12:53:47 2026
[12:53:47] You are bacte
[12:53:47] Operating system is linux
[12:53:47] You have BioPerl 1.7.8
[12:53:47] System has 8 cores.
[12:53:47] Will use maximum of 2 cores.
[12:53:47] Annotating as >>> Bacteria <<<
[12:53:47] Generating locus_tag from '/home/bacte/bacillus_amr/08_genomic_context/windows_10kb/L020_GCF_036621275.1_mphM.fna' contents.
[12:53:47] Setting --locustag KGJNIIEK from MD5 403722e49d0e7e76f24e88079a50be71
[12:53:47] Creating new output folder: /home/bacte/bacillus_amr/08_genomic_context/prokka/L020_GCF_036621275.1_mphM
[12:53:47] Running: mkdir -p \/home\/bacte\/bacillus_amr\/08_genomic_context\/prokka\/L020_GCF_036621275\.1_mphM
[12:53:47] Using filename prefix: L020_GCF_036621275.1_mphM.XXX
[12:53:47] Setting HMMER_NCPU=1
[12:53:47] Writing log to: /home/bacte/bacillus_amr/08_genomic_context/prokka/L020_GCF_036621275.1_mphM/L020_GCF_036621275.1_mphM.log
[12:53:47] Command: /home/bacte/miniconda3/envs/bacillus_ecogenomics/bin/prokka /home/bacte/bacillus_amr/08_genomic_context/windows_10kb/L020_GCF_036621275.1_mphM.fna --outdir /home/bacte/bacillus_amr/08_genomic_context/prokka/L020_GCF_036621275.1_mphM --prefix L020_GCF_036621275.1_mphM --kingdom Bacteria --genus Bacillus --cpus 2
[12:53:47] Looking for 'aragorn' - found /home/bacte/miniconda3/envs/bacillus_ecogenomics/bin/aragorn
[12:53:47] Determined aragorn version is v1.2 from 'ARAGORN v1.2.41 Dean Laslett'
[12:53:47] Looking for 'barrnap' - found /home/bacte/miniconda3/envs/bacillus_ecogenomics/bin/barrnap
[12:53:47] Determined barrnap version is v1.10 from 'barrnap 1.10.5'
[12:53:47] Looking for 'blastp' - found /home/bacte/miniconda3/envs/bacillus_ecogenomics/bin/blastp
[12:53:47] Determined blastp version is v2.17 from 'blastp: 2.17.0+'
[12:53:47] Looking for 'cmpress' - found /home/bacte/miniconda3/envs/bacillus_ecogenomics/bin/cmpress
[12:53:47] Determined cmpress version is v1.1 from '# INFERNAL 1.1.5 (Sep 2023)'
[12:53:47] Looking for 'cmscan' - found /home/bacte/miniconda3/envs/bacillus_ecogenomics/bin/cmscan
[12:53:47] Determined cmscan version is v1.1 from '# INFERNAL 1.1.5 (Sep 2023)'
[12:53:47] Looking for 'egrep' - found /usr/bin/egrep
[12:53:47] Looking for 'find' - found /usr/bin/find
[12:53:47] Looking for 'grep' - found /usr/bin/grep
[12:53:47] Looking for 'hmmpress' - found /home/bacte/miniconda3/envs/bacillus_ecogenomics/bin/hmmpress
[12:53:47] Determined hmmpress version is v3.4 from '# HMMER 3.4 (Aug 2023); http://hmmer.org/'
[12:53:47] Looking for 'hmmscan' - found /home/bacte/miniconda3/envs/bacillus_ecogenomics/bin/hmmscan
[12:53:47] Determined hmmscan version is v3.4 from '# HMMER 3.4 (Aug 2023); http://hmmer.org/'
[12:53:47] Looking for 'java' - found /home/bacte/miniconda3/envs/bacillus_ecogenomics/bin/java
[12:53:47] Looking for 'makeblastdb' - found /home/bacte/miniconda3/envs/bacillus_ecogenomics/bin/makeblastdb
[12:53:47] Determined makeblastdb version is v2.17 from 'makeblastdb: 2.17.0+'
[12:53:47] Looking for 'minced' - found /home/bacte/miniconda3/envs/bacillus_ecogenomics/bin/minced
[12:53:47] Determined minced version is v4.2 from 'minced 0.4.2'
[12:53:47] Looking for 'parallel' - found /home/bacte/miniconda3/envs/bacillus_ecogenomics/bin/parallel
[12:53:47] Determined parallel version is 20260422 from 'GNU parallel 20260422'
[12:53:47] Looking for 'prodigal' - found /home/bacte/miniconda3/envs/bacillus_ecogenomics/bin/prodigal
[12:53:47] Determined prodigal version is v2.6 from 'Prodigal V2.6.3: February, 2016'
[12:53:47] Looking for 'prokka-genbank_to_fasta_db' - found /home/bacte/miniconda3/envs/bacillus_ecogenomics/bin/prokka-genbank_to_fasta_db
[12:53:47] Looking for 'sed' - found /usr/bin/sed
[12:53:47] Looking for 'tbl2asn' - found /home/bacte/miniconda3/envs/bacillus_ecogenomics/bin/tbl2asn
[12:53:47] Determined tbl2asn version is v25.7 from 'tbl2asn 25.7   arguments:'
[12:53:47] Using genetic code table 11.
[12:53:47] Loading and checking input file: /home/bacte/bacillus_amr/08_genomic_context/windows_10kb/L020_GCF_036621275.1_mphM.fna
[12:53:47] Wrote 1 contigs totalling 20894 bp.
[12:53:47] Predicting tRNAs and tmRNAs
[12:53:47] Running: aragorn -l -gc11  -w \/home\/bacte\/bacillus_amr\/08_genomic_context\/prokka\/L020_GCF_036621275\.1_mphM\/L020_GCF_036621275\.1_mphM\.fna
[12:53:47] Found 0 tRNAs
[12:53:47] Predicting Ribosomal RNAs
[12:53:47] Running Barrnap with 2 threads
[12:53:47] Found 0 rRNAs
[12:53:47] Skipping ncRNA search, enable with --rfam if desired.
[12:53:47] Total of 0 tRNA + rRNA features
[12:53:47] Searching for CRISPR repeats
[12:53:48] Found 0 CRISPRs
[12:53:48] Predicting coding sequences
[12:53:48] Contigs total 20894 bp, so using single mode
[12:53:48] Running: prodigal -i \/home\/bacte\/bacillus_amr\/08_genomic_context\/prokka\/L020_GCF_036621275\.1_mphM\/L020_GCF_036621275\.1_mphM\.fna -c -m -g 11 -p single -f sco -q


Warning:  ideally Prodigal should be given at least 100000 bases for training.
You may get better results with the -p meta option.

[12:53:48] Found 14 CDS
[12:53:48] Connecting features back to sequences
[12:53:48] Not using genus-specific database. Try --usegenus to enable it.
[12:53:48] Annotating CDS, please be patient.
[12:53:48] Will use 2 CPUs for similarity searching.
[12:53:48] There are still 14 unannotated CDS left (started with 14)
[12:53:48] Will use blast to search against /home/bacte/miniconda3/envs/bacillus_ecogenomics/db/kingdom/Bacteria/IS with 2 CPUs
[12:53:48] Running: cat \/home\/bacte\/bacillus_amr\/08_genomic_context\/prokka\/L020_GCF_036621275\.1_mphM\/L020_GCF_036621275\.1_mphM\.IS\.tmp\.7569\.faa | parallel --gnu --plain -j 2 --block 1319 --recstart '>' --pipe blastp -query - -db /home/bacte/miniconda3/envs/bacillus_ecogenomics/db/kingdom/Bacteria/IS -evalue 1e-30 -qcov_hsp_perc 90 -num_threads 1 -num_descriptions 1 -num_alignments 1 -seg no > \/home\/bacte\/bacillus_amr\/08_genomic_context\/prokka\/L020_GCF_036621275\.1_mphM\/L020_GCF_036621275\.1_mphM\.IS\.tmp\.7569\.blast 2> /dev/null
[12:53:48] Deleting unwanted file: /home/bacte/bacillus_amr/08_genomic_context/prokka/L020_GCF_036621275.1_mphM/L020_GCF_036621275.1_mphM.IS.tmp.7569.faa
[12:53:48] Deleting unwanted file: /home/bacte/bacillus_amr/08_genomic_context/prokka/L020_GCF_036621275.1_mphM/L020_GCF_036621275.1_mphM.IS.tmp.7569.blast
[12:53:48] There are still 14 unannotated CDS left (started with 14)
[12:53:48] Will use blast to search against /home/bacte/miniconda3/envs/bacillus_ecogenomics/db/kingdom/Bacteria/AMR with 2 CPUs
[12:53:48] Running: cat \/home\/bacte\/bacillus_amr\/08_genomic_context\/prokka\/L020_GCF_036621275\.1_mphM\/L020_GCF_036621275\.1_mphM\.AMR\.tmp\.7569\.faa | parallel --gnu --plain -j 2 --block 1319 --recstart '>' --pipe blastp -query - -db /home/bacte/miniconda3/envs/bacillus_ecogenomics/db/kingdom/Bacteria/AMR -evalue 1e-300 -qcov_hsp_perc 90 -num_threads 1 -num_descriptions 1 -num_alignments 1 -seg no > \/home\/bacte\/bacillus_amr\/08_genomic_context\/prokka\/L020_GCF_036621275\.1_mphM\/L020_GCF_036621275\.1_mphM\.AMR\.tmp\.7569\.blast 2> /dev/null
[12:53:49] Deleting unwanted file: /home/bacte/bacillus_amr/08_genomic_context/prokka/L020_GCF_036621275.1_mphM/L020_GCF_036621275.1_mphM.AMR.tmp.7569.faa
[12:53:49] Deleting unwanted file: /home/bacte/bacillus_amr/08_genomic_context/prokka/L020_GCF_036621275.1_mphM/L020_GCF_036621275.1_mphM.AMR.tmp.7569.blast
[12:53:49] There are still 14 unannotated CDS left (started with 14)
[12:53:49] Will use blast to search against /home/bacte/miniconda3/envs/bacillus_ecogenomics/db/kingdom/Bacteria/sprot with 2 CPUs
[12:53:49] Running: cat \/home\/bacte\/bacillus_amr\/08_genomic_context\/prokka\/L020_GCF_036621275\.1_mphM\/L020_GCF_036621275\.1_mphM\.sprot\.tmp\.7569\.faa | parallel --gnu --plain -j 2 --block 1319 --recstart '>' --pipe blastp -query - -db /home/bacte/miniconda3/envs/bacillus_ecogenomics/db/kingdom/Bacteria/sprot -evalue 1e-09 -qcov_hsp_perc 80 -num_threads 1 -num_descriptions 1 -num_alignments 1 -seg no > \/home\/bacte\/bacillus_amr\/08_genomic_context\/prokka\/L020_GCF_036621275\.1_mphM\/L020_GCF_036621275\.1_mphM\.sprot\.tmp\.7569\.blast 2> /dev/null
[12:53:51] Deleting unwanted file: /home/bacte/bacillus_amr/08_genomic_context/prokka/L020_GCF_036621275.1_mphM/L020_GCF_036621275.1_mphM.sprot.tmp.7569.faa
[12:53:51] Deleting unwanted file: /home/bacte/bacillus_amr/08_genomic_context/prokka/L020_GCF_036621275.1_mphM/L020_GCF_036621275.1_mphM.sprot.tmp.7569.blast
[12:53:51] There are still 13 unannotated CDS left (started with 14)
[12:53:51] Will use hmmer3 to search against /home/bacte/miniconda3/envs/bacillus_ecogenomics/db/hmm/HAMAP.hmm with 2 CPUs
[12:53:51] Running: cat \/home\/bacte\/bacillus_amr\/08_genomic_context\/prokka\/L020_GCF_036621275\.1_mphM\/L020_GCF_036621275\.1_mphM\.HAMAP\.hmm\.tmp\.7569\.faa | parallel --gnu --plain -j 2 --block 1024 --recstart '>' --pipe hmmscan --noali --notextw --acc -E 1e-09 --cpu 1 /home/bacte/miniconda3/envs/bacillus_ecogenomics/db/hmm/HAMAP.hmm /dev/stdin > \/home\/bacte\/bacillus_amr\/08_genomic_context\/prokka\/L020_GCF_036621275\.1_mphM\/L020_GCF_036621275\.1_mphM\.HAMAP\.hmm\.tmp\.7569\.hmmer3 2> /dev/null
[12:53:52] Deleting unwanted file: /home/bacte/bacillus_amr/08_genomic_context/prokka/L020_GCF_036621275.1_mphM/L020_GCF_036621275.1_mphM.HAMAP.hmm.tmp.7569.faa
[12:53:52] Deleting unwanted file: /home/bacte/bacillus_amr/08_genomic_context/prokka/L020_GCF_036621275.1_mphM/L020_GCF_036621275.1_mphM.HAMAP.hmm.tmp.7569.hmmer3
[12:53:52] Labelling remaining 9 proteins as 'hypothetical protein'
[12:53:52] Possible /pseudo 'HTH-type transcriptional activator RhaR' at L020_GCF_036621275.1_mphM position 8352
[12:53:52] Found 2 unique /gene codes.
[12:53:52] Fixed 3 duplicate /gene - rhaR_1 rhaR_2 rhaR_3
[12:53:52] Fixed 1 colliding /gene names.
[12:53:52] Adding /locus_tag identifiers
[12:53:52] Assigned 14 locus_tags to CDS and RNA features.
[12:53:52] Writing outputs to /home/bacte/bacillus_amr/08_genomic_context/prokka/L020_GCF_036621275.1_mphM/
[12:53:52] Generating annotation statistics file
[12:53:52] Generating Genbank and Sequin files
[12:53:52] Running: tbl2asn -V b -a r10k -l paired-ends -M n -N 1 -y 'Annotated using prokka 1.15.6 from https://github.com/tseemann/prokka' -Z \/home\/bacte\/bacillus_amr\/08_genomic_context\/prokka\/L020_GCF_036621275\.1_mphM\/L020_GCF_036621275\.1_mphM\.err -i \/home\/bacte\/bacillus_amr\/08_genomic_context\/prokka\/L020_GCF_036621275\.1_mphM\/L020_GCF_036621275\.1_mphM\.fsa 2> /dev/null
[tbl2asn-forever] Found Prokka input, correcting dates in .gbf|.sqn files.
[tbl2asn-forever] Correcting dates in /home/bacte/bacillus_amr/08_genomic_context/prokka/L020_GCF_036621275.1_mphM/L020_GCF_036621275.1_mphM.gbf
[tbl2asn-forever] Correcting dates in /home/bacte/bacillus_amr/08_genomic_context/prokka/L020_GCF_036621275.1_mphM/L020_GCF_036621275.1_mphM.sqn
[tbl2asn-forever] Dates changed from 01-JAN-2019 to 06-OCT-2026
[12:53:52] Deleting unwanted file: /home/bacte/bacillus_amr/08_genomic_context/prokka/L020_GCF_036621275.1_mphM/errorsummary.val
[12:53:52] Deleting unwanted file: /home/bacte/bacillus_amr/08_genomic_context/prokka/L020_GCF_036621275.1_mphM/L020_GCF_036621275.1_mphM.dr
[12:53:52] Deleting unwanted file: /home/bacte/bacillus_amr/08_genomic_context/prokka/L020_GCF_036621275.1_mphM/L020_GCF_036621275.1_mphM.fixedproducts
[12:53:52] Deleting unwanted file: /home/bacte/bacillus_amr/08_genomic_context/prokka/L020_GCF_036621275.1_mphM/L020_GCF_036621275.1_mphM.ecn
[12:53:52] Deleting unwanted file: /home/bacte/bacillus_amr/08_genomic_context/prokka/L020_GCF_036621275.1_mphM/L020_GCF_036621275.1_mphM.val
[12:53:52] Repairing broken .GBK output that tbl2asn produces...
[12:53:52] Running: sed 's/COORDINATES: profile/COORDINATES:profile/' < \/home\/bacte\/bacillus_amr\/08_genomic_context\/prokka\/L020_GCF_036621275\.1_mphM\/L020_GCF_036621275\.1_mphM\.gbf > \/home\/bacte\/bacillus_amr\/08_genomic_context\/prokka\/L020_GCF_036621275\.1_mphM\/L020_GCF_036621275\.1_mphM\.gbk
[12:53:52] Deleting unwanted file: /home/bacte/bacillus_amr/08_genomic_context/prokka/L020_GCF_036621275.1_mphM/L020_GCF_036621275.1_mphM.gbf
[12:53:52] Output files:
[12:53:52] /home/bacte/bacillus_amr/08_genomic_context/prokka/L020_GCF_036621275.1_mphM/L020_GCF_036621275.1_mphM.sqn
[12:53:52] /home/bacte/bacillus_amr/08_genomic_context/prokka/L020_GCF_036621275.1_mphM/L020_GCF_036621275.1_mphM.faa
[12:53:52] /home/bacte/bacillus_amr/08_genomic_context/prokka/L020_GCF_036621275.1_mphM/L020_GCF_036621275.1_mphM.gff
[12:53:52] /home/bacte/bacillus_amr/08_genomic_context/prokka/L020_GCF_036621275.1_mphM/L020_GCF_036621275.1_mphM.tbl
[12:53:52] /home/bacte/bacillus_amr/08_genomic_context/prokka/L020_GCF_036621275.1_mphM/L020_GCF_036621275.1_mphM.txt
[12:53:52] /home/bacte/bacillus_amr/08_genomic_context/prokka/L020_GCF_036621275.1_mphM/L020_GCF_036621275.1_mphM.log
[12:53:52] /home/bacte/bacillus_amr/08_genomic_context/prokka/L020_GCF_036621275.1_mphM/L020_GCF_036621275.1_mphM.fna
[12:53:52] /home/bacte/bacillus_amr/08_genomic_context/prokka/L020_GCF_036621275.1_mphM/L020_GCF_036621275.1_mphM.err
[12:53:52] /home/bacte/bacillus_amr/08_genomic_context/prokka/L020_GCF_036621275.1_mphM/L020_GCF_036621275.1_mphM.fsa
[12:53:52] /home/bacte/bacillus_amr/08_genomic_context/prokka/L020_GCF_036621275.1_mphM/L020_GCF_036621275.1_mphM.ffn
[12:53:52] /home/bacte/bacillus_amr/08_genomic_context/prokka/L020_GCF_036621275.1_mphM/L020_GCF_036621275.1_mphM.tsv
[12:53:52] /home/bacte/bacillus_amr/08_genomic_context/prokka/L020_GCF_036621275.1_mphM/L020_GCF_036621275.1_mphM.gbk
[12:53:52] Annotation finished successfully.
[12:53:52] Walltime used: 0.08 minutes
[12:53:52] If you use this result please cite the Prokka paper:
[12:53:52] Seemann T (2014) Prokka: rapid prokaryotic genome annotation. Bioinformatics. 30(14):2068-9.
[12:53:52] Type 'prokka --citation' for more details.
[12:53:52] Share and enjoy!
[21/41] L021_GCF_036621295.1_mphM
[12:53:52] This is prokka 1.15.6
[12:53:52] Written by Torsten Seemann <torsten.seemann@gmail.com>
[12:53:52] Homepage is https://github.com/tseemann/prokka
[12:53:52] Local time is Tue Oct  6 12:53:52 2026
[12:53:52] You are bacte
[12:53:52] Operating system is linux
[12:53:52] You have BioPerl 1.7.8
[12:53:52] System has 8 cores.
[12:53:52] Will use maximum of 2 cores.
[12:53:52] Annotating as >>> Bacteria <<<
[12:53:52] Generating locus_tag from '/home/bacte/bacillus_amr/08_genomic_context/windows_10kb/L021_GCF_036621295.1_mphM.fna' contents.
[12:53:52] Setting --locustag PCJAPOOJ from MD5 9c3a9883390c271ec7b995baa4cf2117
[12:53:52] Creating new output folder: /home/bacte/bacillus_amr/08_genomic_context/prokka/L021_GCF_036621295.1_mphM
[12:53:52] Running: mkdir -p \/home\/bacte\/bacillus_amr\/08_genomic_context\/prokka\/L021_GCF_036621295\.1_mphM
[12:53:52] Using filename prefix: L021_GCF_036621295.1_mphM.XXX
[12:53:52] Setting HMMER_NCPU=1
[12:53:52] Writing log to: /home/bacte/bacillus_amr/08_genomic_context/prokka/L021_GCF_036621295.1_mphM/L021_GCF_036621295.1_mphM.log
[12:53:52] Command: /home/bacte/miniconda3/envs/bacillus_ecogenomics/bin/prokka /home/bacte/bacillus_amr/08_genomic_context/windows_10kb/L021_GCF_036621295.1_mphM.fna --outdir /home/bacte/bacillus_amr/08_genomic_context/prokka/L021_GCF_036621295.1_mphM --prefix L021_GCF_036621295.1_mphM --kingdom Bacteria --genus Bacillus --cpus 2
[12:53:52] Looking for 'aragorn' - found /home/bacte/miniconda3/envs/bacillus_ecogenomics/bin/aragorn
[12:53:52] Determined aragorn version is v1.2 from 'ARAGORN v1.2.41 Dean Laslett'
[12:53:52] Looking for 'barrnap' - found /home/bacte/miniconda3/envs/bacillus_ecogenomics/bin/barrnap
[12:53:52] Determined barrnap version is v1.10 from 'barrnap 1.10.5'
[12:53:52] Looking for 'blastp' - found /home/bacte/miniconda3/envs/bacillus_ecogenomics/bin/blastp
[12:53:53] Determined blastp version is v2.17 from 'blastp: 2.17.0+'
[12:53:53] Looking for 'cmpress' - found /home/bacte/miniconda3/envs/bacillus_ecogenomics/bin/cmpress
[12:53:53] Determined cmpress version is v1.1 from '# INFERNAL 1.1.5 (Sep 2023)'
[12:53:53] Looking for 'cmscan' - found /home/bacte/miniconda3/envs/bacillus_ecogenomics/bin/cmscan
[12:53:53] Determined cmscan version is v1.1 from '# INFERNAL 1.1.5 (Sep 2023)'
[12:53:53] Looking for 'egrep' - found /usr/bin/egrep
[12:53:53] Looking for 'find' - found /usr/bin/find
[12:53:53] Looking for 'grep' - found /usr/bin/grep
[12:53:53] Looking for 'hmmpress' - found /home/bacte/miniconda3/envs/bacillus_ecogenomics/bin/hmmpress
[12:53:53] Determined hmmpress version is v3.4 from '# HMMER 3.4 (Aug 2023); http://hmmer.org/'
[12:53:53] Looking for 'hmmscan' - found /home/bacte/miniconda3/envs/bacillus_ecogenomics/bin/hmmscan
[12:53:53] Determined hmmscan version is v3.4 from '# HMMER 3.4 (Aug 2023); http://hmmer.org/'
[12:53:53] Looking for 'java' - found /home/bacte/miniconda3/envs/bacillus_ecogenomics/bin/java
[12:53:53] Looking for 'makeblastdb' - found /home/bacte/miniconda3/envs/bacillus_ecogenomics/bin/makeblastdb
[12:53:53] Determined makeblastdb version is v2.17 from 'makeblastdb: 2.17.0+'
[12:53:53] Looking for 'minced' - found /home/bacte/miniconda3/envs/bacillus_ecogenomics/bin/minced
[12:53:53] Determined minced version is v4.2 from 'minced 0.4.2'
[12:53:53] Looking for 'parallel' - found /home/bacte/miniconda3/envs/bacillus_ecogenomics/bin/parallel
[12:53:53] Determined parallel version is 20260422 from 'GNU parallel 20260422'
[12:53:53] Looking for 'prodigal' - found /home/bacte/miniconda3/envs/bacillus_ecogenomics/bin/prodigal
[12:53:53] Determined prodigal version is v2.6 from 'Prodigal V2.6.3: February, 2016'
[12:53:53] Looking for 'prokka-genbank_to_fasta_db' - found /home/bacte/miniconda3/envs/bacillus_ecogenomics/bin/prokka-genbank_to_fasta_db
[12:53:53] Looking for 'sed' - found /usr/bin/sed
[12:53:53] Looking for 'tbl2asn' - found /home/bacte/miniconda3/envs/bacillus_ecogenomics/bin/tbl2asn
[12:53:53] Determined tbl2asn version is v25.7 from 'tbl2asn 25.7   arguments:'
[12:53:53] Using genetic code table 11.
[12:53:53] Loading and checking input file: /home/bacte/bacillus_amr/08_genomic_context/windows_10kb/L021_GCF_036621295.1_mphM.fna
[12:53:53] Wrote 1 contigs totalling 20894 bp.
[12:53:53] Predicting tRNAs and tmRNAs
[12:53:53] Running: aragorn -l -gc11  -w \/home\/bacte\/bacillus_amr\/08_genomic_context\/prokka\/L021_GCF_036621295\.1_mphM\/L021_GCF_036621295\.1_mphM\.fna
[12:53:53] Found 0 tRNAs
[12:53:53] Predicting Ribosomal RNAs
[12:53:53] Running Barrnap with 2 threads
[12:53:55] Found 0 rRNAs
[12:53:55] Skipping ncRNA search, enable with --rfam if desired.
[12:53:55] Total of 0 tRNA + rRNA features
[12:53:55] Searching for CRISPR repeats
[12:53:55] Found 0 CRISPRs
[12:53:55] Predicting coding sequences
[12:53:55] Contigs total 20894 bp, so using single mode
[12:53:55] Running: prodigal -i \/home\/bacte\/bacillus_amr\/08_genomic_context\/prokka\/L021_GCF_036621295\.1_mphM\/L021_GCF_036621295\.1_mphM\.fna -c -m -g 11 -p single -f sco -q


Warning:  ideally Prodigal should be given at least 100000 bases for training.
You may get better results with the -p meta option.

[12:53:55] Found 14 CDS
[12:53:55] Connecting features back to sequences
[12:53:55] Not using genus-specific database. Try --usegenus to enable it.
[12:53:55] Annotating CDS, please be patient.
[12:53:55] Will use 2 CPUs for similarity searching.
[12:53:55] There are still 14 unannotated CDS left (started with 14)
[12:53:55] Will use blast to search against /home/bacte/miniconda3/envs/bacillus_ecogenomics/db/kingdom/Bacteria/IS with 2 CPUs
[12:53:55] Running: cat \/home\/bacte\/bacillus_amr\/08_genomic_context\/prokka\/L021_GCF_036621295\.1_mphM\/L021_GCF_036621295\.1_mphM\.IS\.tmp\.7938\.faa | parallel --gnu --plain -j 2 --block 1319 --recstart '>' --pipe blastp -query - -db /home/bacte/miniconda3/envs/bacillus_ecogenomics/db/kingdom/Bacteria/IS -evalue 1e-30 -qcov_hsp_perc 90 -num_threads 1 -num_descriptions 1 -num_alignments 1 -seg no > \/home\/bacte\/bacillus_amr\/08_genomic_context\/prokka\/L021_GCF_036621295\.1_mphM\/L021_GCF_036621295\.1_mphM\.IS\.tmp\.7938\.blast 2> /dev/null
[12:53:56] Deleting unwanted file: /home/bacte/bacillus_amr/08_genomic_context/prokka/L021_GCF_036621295.1_mphM/L021_GCF_036621295.1_mphM.IS.tmp.7938.faa
[12:53:56] Deleting unwanted file: /home/bacte/bacillus_amr/08_genomic_context/prokka/L021_GCF_036621295.1_mphM/L021_GCF_036621295.1_mphM.IS.tmp.7938.blast
[12:53:56] There are still 14 unannotated CDS left (started with 14)
[12:53:56] Will use blast to search against /home/bacte/miniconda3/envs/bacillus_ecogenomics/db/kingdom/Bacteria/AMR with 2 CPUs
[12:53:56] Running: cat \/home\/bacte\/bacillus_amr\/08_genomic_context\/prokka\/L021_GCF_036621295\.1_mphM\/L021_GCF_036621295\.1_mphM\.AMR\.tmp\.7938\.faa | parallel --gnu --plain -j 2 --block 1319 --recstart '>' --pipe blastp -query - -db /home/bacte/miniconda3/envs/bacillus_ecogenomics/db/kingdom/Bacteria/AMR -evalue 1e-300 -qcov_hsp_perc 90 -num_threads 1 -num_descriptions 1 -num_alignments 1 -seg no > \/home\/bacte\/bacillus_amr\/08_genomic_context\/prokka\/L021_GCF_036621295\.1_mphM\/L021_GCF_036621295\.1_mphM\.AMR\.tmp\.7938\.blast 2> /dev/null
[12:53:58] Deleting unwanted file: /home/bacte/bacillus_amr/08_genomic_context/prokka/L021_GCF_036621295.1_mphM/L021_GCF_036621295.1_mphM.AMR.tmp.7938.faa
[12:53:58] Deleting unwanted file: /home/bacte/bacillus_amr/08_genomic_context/prokka/L021_GCF_036621295.1_mphM/L021_GCF_036621295.1_mphM.AMR.tmp.7938.blast
[12:53:58] There are still 14 unannotated CDS left (started with 14)
[12:53:58] Will use blast to search against /home/bacte/miniconda3/envs/bacillus_ecogenomics/db/kingdom/Bacteria/sprot with 2 CPUs
[12:53:58] Running: cat \/home\/bacte\/bacillus_amr\/08_genomic_context\/prokka\/L021_GCF_036621295\.1_mphM\/L021_GCF_036621295\.1_mphM\.sprot\.tmp\.7938\.faa | parallel --gnu --plain -j 2 --block 1319 --recstart '>' --pipe blastp -query - -db /home/bacte/miniconda3/envs/bacillus_ecogenomics/db/kingdom/Bacteria/sprot -evalue 1e-09 -qcov_hsp_perc 80 -num_threads 1 -num_descriptions 1 -num_alignments 1 -seg no > \/home\/bacte\/bacillus_amr\/08_genomic_context\/prokka\/L021_GCF_036621295\.1_mphM\/L021_GCF_036621295\.1_mphM\.sprot\.tmp\.7938\.blast 2> /dev/null
[12:54:00] Deleting unwanted file: /home/bacte/bacillus_amr/08_genomic_context/prokka/L021_GCF_036621295.1_mphM/L021_GCF_036621295.1_mphM.sprot.tmp.7938.faa
[12:54:00] Deleting unwanted file: /home/bacte/bacillus_amr/08_genomic_context/prokka/L021_GCF_036621295.1_mphM/L021_GCF_036621295.1_mphM.sprot.tmp.7938.blast
[12:54:00] There are still 13 unannotated CDS left (started with 14)
[12:54:00] Will use hmmer3 to search against /home/bacte/miniconda3/envs/bacillus_ecogenomics/db/hmm/HAMAP.hmm with 2 CPUs
[12:54:00] Running: cat \/home\/bacte\/bacillus_amr\/08_genomic_context\/prokka\/L021_GCF_036621295\.1_mphM\/L021_GCF_036621295\.1_mphM\.HAMAP\.hmm\.tmp\.7938\.faa | parallel --gnu --plain -j 2 --block 1024 --recstart '>' --pipe hmmscan --noali --notextw --acc -E 1e-09 --cpu 1 /home/bacte/miniconda3/envs/bacillus_ecogenomics/db/hmm/HAMAP.hmm /dev/stdin > \/home\/bacte\/bacillus_amr\/08_genomic_context\/prokka\/L021_GCF_036621295\.1_mphM\/L021_GCF_036621295\.1_mphM\.HAMAP\.hmm\.tmp\.7938\.hmmer3 2> /dev/null
[12:54:02] Deleting unwanted file: /home/bacte/bacillus_amr/08_genomic_context/prokka/L021_GCF_036621295.1_mphM/L021_GCF_036621295.1_mphM.HAMAP.hmm.tmp.7938.faa
[12:54:02] Deleting unwanted file: /home/bacte/bacillus_amr/08_genomic_context/prokka/L021_GCF_036621295.1_mphM/L021_GCF_036621295.1_mphM.HAMAP.hmm.tmp.7938.hmmer3
[12:54:02] Labelling remaining 9 proteins as 'hypothetical protein'
[12:54:02] Possible /pseudo 'HTH-type transcriptional activator RhaR' at L021_GCF_036621295.1_mphM position 13040
[12:54:02] Found 2 unique /gene codes.
[12:54:02] Fixed 3 duplicate /gene - rhaR_1 rhaR_2 rhaR_3
[12:54:02] Fixed 1 colliding /gene names.
[12:54:02] Adding /locus_tag identifiers
[12:54:02] Assigned 14 locus_tags to CDS and RNA features.
[12:54:02] Writing outputs to /home/bacte/bacillus_amr/08_genomic_context/prokka/L021_GCF_036621295.1_mphM/
[12:54:02] Generating annotation statistics file
[12:54:02] Generating Genbank and Sequin files
[12:54:02] Running: tbl2asn -V b -a r10k -l paired-ends -M n -N 1 -y 'Annotated using prokka 1.15.6 from https://github.com/tseemann/prokka' -Z \/home\/bacte\/bacillus_amr\/08_genomic_context\/prokka\/L021_GCF_036621295\.1_mphM\/L021_GCF_036621295\.1_mphM\.err -i \/home\/bacte\/bacillus_amr\/08_genomic_context\/prokka\/L021_GCF_036621295\.1_mphM\/L021_GCF_036621295\.1_mphM\.fsa 2> /dev/null
[tbl2asn-forever] Found Prokka input, correcting dates in .gbf|.sqn files.
[tbl2asn-forever] Correcting dates in /home/bacte/bacillus_amr/08_genomic_context/prokka/L021_GCF_036621295.1_mphM/L021_GCF_036621295.1_mphM.gbf
[tbl2asn-forever] Correcting dates in /home/bacte/bacillus_amr/08_genomic_context/prokka/L021_GCF_036621295.1_mphM/L021_GCF_036621295.1_mphM.sqn
[tbl2asn-forever] Dates changed from 01-JAN-2019 to 06-OCT-2026
[12:54:02] Deleting unwanted file: /home/bacte/bacillus_amr/08_genomic_context/prokka/L021_GCF_036621295.1_mphM/errorsummary.val
[12:54:02] Deleting unwanted file: /home/bacte/bacillus_amr/08_genomic_context/prokka/L021_GCF_036621295.1_mphM/L021_GCF_036621295.1_mphM.dr
[12:54:02] Deleting unwanted file: /home/bacte/bacillus_amr/08_genomic_context/prokka/L021_GCF_036621295.1_mphM/L021_GCF_036621295.1_mphM.fixedproducts
[12:54:02] Deleting unwanted file: /home/bacte/bacillus_amr/08_genomic_context/prokka/L021_GCF_036621295.1_mphM/L021_GCF_036621295.1_mphM.ecn
[12:54:02] Deleting unwanted file: /home/bacte/bacillus_amr/08_genomic_context/prokka/L021_GCF_036621295.1_mphM/L021_GCF_036621295.1_mphM.val
[12:54:02] Repairing broken .GBK output that tbl2asn produces...
[12:54:02] Running: sed 's/COORDINATES: profile/COORDINATES:profile/' < \/home\/bacte\/bacillus_amr\/08_genomic_context\/prokka\/L021_GCF_036621295\.1_mphM\/L021_GCF_036621295\.1_mphM\.gbf > \/home\/bacte\/bacillus_amr\/08_genomic_context\/prokka\/L021_GCF_036621295\.1_mphM\/L021_GCF_036621295\.1_mphM\.gbk
[12:54:02] Deleting unwanted file: /home/bacte/bacillus_amr/08_genomic_context/prokka/L021_GCF_036621295.1_mphM/L021_GCF_036621295.1_mphM.gbf
[12:54:02] Output files:
[12:54:02] /home/bacte/bacillus_amr/08_genomic_context/prokka/L021_GCF_036621295.1_mphM/L021_GCF_036621295.1_mphM.ffn
[12:54:02] /home/bacte/bacillus_amr/08_genomic_context/prokka/L021_GCF_036621295.1_mphM/L021_GCF_036621295.1_mphM.fsa
[12:54:02] /home/bacte/bacillus_amr/08_genomic_context/prokka/L021_GCF_036621295.1_mphM/L021_GCF_036621295.1_mphM.tsv
[12:54:02] /home/bacte/bacillus_amr/08_genomic_context/prokka/L021_GCF_036621295.1_mphM/L021_GCF_036621295.1_mphM.sqn
[12:54:02] /home/bacte/bacillus_amr/08_genomic_context/prokka/L021_GCF_036621295.1_mphM/L021_GCF_036621295.1_mphM.err
[12:54:02] /home/bacte/bacillus_amr/08_genomic_context/prokka/L021_GCF_036621295.1_mphM/L021_GCF_036621295.1_mphM.tbl
[12:54:02] /home/bacte/bacillus_amr/08_genomic_context/prokka/L021_GCF_036621295.1_mphM/L021_GCF_036621295.1_mphM.gff
[12:54:02] /home/bacte/bacillus_amr/08_genomic_context/prokka/L021_GCF_036621295.1_mphM/L021_GCF_036621295.1_mphM.gbk
[12:54:02] /home/bacte/bacillus_amr/08_genomic_context/prokka/L021_GCF_036621295.1_mphM/L021_GCF_036621295.1_mphM.log
[12:54:02] /home/bacte/bacillus_amr/08_genomic_context/prokka/L021_GCF_036621295.1_mphM/L021_GCF_036621295.1_mphM.fna
[12:54:02] /home/bacte/bacillus_amr/08_genomic_context/prokka/L021_GCF_036621295.1_mphM/L021_GCF_036621295.1_mphM.txt
[12:54:02] /home/bacte/bacillus_amr/08_genomic_context/prokka/L021_GCF_036621295.1_mphM/L021_GCF_036621295.1_mphM.faa
[12:54:02] Annotation finished successfully.
[12:54:02] Walltime used: 0.17 minutes
[12:54:02] If you use this result please cite the Prokka paper:
[12:54:02] Seemann T (2014) Prokka: rapid prokaryotic genome annotation. Bioinformatics. 30(14):2068-9.
[12:54:02] Type 'prokka --citation' for more details.
[12:54:02] Thank you, come again.
[22/41] L022_GCF_036621315.1_mphM
[12:54:02] This is prokka 1.15.6
[12:54:02] Written by Torsten Seemann <torsten.seemann@gmail.com>
[12:54:02] Homepage is https://github.com/tseemann/prokka
[12:54:02] Local time is Tue Oct  6 12:54:02 2026
[12:54:02] You are bacte
[12:54:02] Operating system is linux
[12:54:02] You have BioPerl 1.7.8
[12:54:02] System has 8 cores.
[12:54:02] Will use maximum of 2 cores.
[12:54:02] Annotating as >>> Bacteria <<<
[12:54:02] Generating locus_tag from '/home/bacte/bacillus_amr/08_genomic_context/windows_10kb/L022_GCF_036621315.1_mphM.fna' contents.
[12:54:02] Setting --locustag HHBJBFHM from MD5 11b3bf16fc8a9344d91a6e6d58638c6e
[12:54:02] Creating new output folder: /home/bacte/bacillus_amr/08_genomic_context/prokka/L022_GCF_036621315.1_mphM
[12:54:02] Running: mkdir -p \/home\/bacte\/bacillus_amr\/08_genomic_context\/prokka\/L022_GCF_036621315\.1_mphM
[12:54:02] Using filename prefix: L022_GCF_036621315.1_mphM.XXX
[12:54:02] Setting HMMER_NCPU=1
[12:54:02] Writing log to: /home/bacte/bacillus_amr/08_genomic_context/prokka/L022_GCF_036621315.1_mphM/L022_GCF_036621315.1_mphM.log
[12:54:02] Command: /home/bacte/miniconda3/envs/bacillus_ecogenomics/bin/prokka /home/bacte/bacillus_amr/08_genomic_context/windows_10kb/L022_GCF_036621315.1_mphM.fna --outdir /home/bacte/bacillus_amr/08_genomic_context/prokka/L022_GCF_036621315.1_mphM --prefix L022_GCF_036621315.1_mphM --kingdom Bacteria --genus Bacillus --cpus 2
[12:54:02] Looking for 'aragorn' - found /home/bacte/miniconda3/envs/bacillus_ecogenomics/bin/aragorn
[12:54:02] Determined aragorn version is v1.2 from 'ARAGORN v1.2.41 Dean Laslett'
[12:54:02] Looking for 'barrnap' - found /home/bacte/miniconda3/envs/bacillus_ecogenomics/bin/barrnap
[12:54:02] Determined barrnap version is v1.10 from 'barrnap 1.10.5'
[12:54:02] Looking for 'blastp' - found /home/bacte/miniconda3/envs/bacillus_ecogenomics/bin/blastp
[12:54:02] Determined blastp version is v2.17 from 'blastp: 2.17.0+'
[12:54:02] Looking for 'cmpress' - found /home/bacte/miniconda3/envs/bacillus_ecogenomics/bin/cmpress
[12:54:02] Determined cmpress version is v1.1 from '# INFERNAL 1.1.5 (Sep 2023)'
[12:54:02] Looking for 'cmscan' - found /home/bacte/miniconda3/envs/bacillus_ecogenomics/bin/cmscan
[12:54:02] Determined cmscan version is v1.1 from '# INFERNAL 1.1.5 (Sep 2023)'
[12:54:02] Looking for 'egrep' - found /usr/bin/egrep
[12:54:02] Looking for 'find' - found /usr/bin/find
[12:54:02] Looking for 'grep' - found /usr/bin/grep
[12:54:02] Looking for 'hmmpress' - found /home/bacte/miniconda3/envs/bacillus_ecogenomics/bin/hmmpress
[12:54:02] Determined hmmpress version is v3.4 from '# HMMER 3.4 (Aug 2023); http://hmmer.org/'
[12:54:02] Looking for 'hmmscan' - found /home/bacte/miniconda3/envs/bacillus_ecogenomics/bin/hmmscan
[12:54:02] Determined hmmscan version is v3.4 from '# HMMER 3.4 (Aug 2023); http://hmmer.org/'
[12:54:02] Looking for 'java' - found /home/bacte/miniconda3/envs/bacillus_ecogenomics/bin/java
[12:54:02] Looking for 'makeblastdb' - found /home/bacte/miniconda3/envs/bacillus_ecogenomics/bin/makeblastdb
[12:54:03] Determined makeblastdb version is v2.17 from 'makeblastdb: 2.17.0+'
[12:54:03] Looking for 'minced' - found /home/bacte/miniconda3/envs/bacillus_ecogenomics/bin/minced
[12:54:03] Determined minced version is v4.2 from 'minced 0.4.2'
[12:54:03] Looking for 'parallel' - found /home/bacte/miniconda3/envs/bacillus_ecogenomics/bin/parallel
[12:54:03] Determined parallel version is 20260422 from 'GNU parallel 20260422'
[12:54:03] Looking for 'prodigal' - found /home/bacte/miniconda3/envs/bacillus_ecogenomics/bin/prodigal
[12:54:03] Determined prodigal version is v2.6 from 'Prodigal V2.6.3: February, 2016'
[12:54:03] Looking for 'prokka-genbank_to_fasta_db' - found /home/bacte/miniconda3/envs/bacillus_ecogenomics/bin/prokka-genbank_to_fasta_db
[12:54:03] Looking for 'sed' - found /usr/bin/sed
[12:54:03] Looking for 'tbl2asn' - found /home/bacte/miniconda3/envs/bacillus_ecogenomics/bin/tbl2asn
[12:54:03] Determined tbl2asn version is v25.7 from 'tbl2asn 25.7   arguments:'
[12:54:03] Using genetic code table 11.
[12:54:03] Loading and checking input file: /home/bacte/bacillus_amr/08_genomic_context/windows_10kb/L022_GCF_036621315.1_mphM.fna
[12:54:03] Wrote 1 contigs totalling 20894 bp.
[12:54:03] Predicting tRNAs and tmRNAs
[12:54:03] Running: aragorn -l -gc11  -w \/home\/bacte\/bacillus_amr\/08_genomic_context\/prokka\/L022_GCF_036621315\.1_mphM\/L022_GCF_036621315\.1_mphM\.fna
[12:54:03] Found 0 tRNAs
[12:54:03] Predicting Ribosomal RNAs
[12:54:03] Running Barrnap with 2 threads
[12:54:03] Found 0 rRNAs
[12:54:03] Skipping ncRNA search, enable with --rfam if desired.
[12:54:03] Total of 0 tRNA + rRNA features
[12:54:03] Searching for CRISPR repeats
[12:54:03] Found 0 CRISPRs
[12:54:03] Predicting coding sequences
[12:54:03] Contigs total 20894 bp, so using single mode
[12:54:03] Running: prodigal -i \/home\/bacte\/bacillus_amr\/08_genomic_context\/prokka\/L022_GCF_036621315\.1_mphM\/L022_GCF_036621315\.1_mphM\.fna -c -m -g 11 -p single -f sco -q


Warning:  ideally Prodigal should be given at least 100000 bases for training.
You may get better results with the -p meta option.

[12:54:04] Found 14 CDS
[12:54:04] Connecting features back to sequences
[12:54:04] Not using genus-specific database. Try --usegenus to enable it.
[12:54:04] Annotating CDS, please be patient.
[12:54:04] Will use 2 CPUs for similarity searching.
[12:54:04] There are still 14 unannotated CDS left (started with 14)
[12:54:04] Will use blast to search against /home/bacte/miniconda3/envs/bacillus_ecogenomics/db/kingdom/Bacteria/IS with 2 CPUs
[12:54:04] Running: cat \/home\/bacte\/bacillus_amr\/08_genomic_context\/prokka\/L022_GCF_036621315\.1_mphM\/L022_GCF_036621315\.1_mphM\.IS\.tmp\.8306\.faa | parallel --gnu --plain -j 2 --block 1319 --recstart '>' --pipe blastp -query - -db /home/bacte/miniconda3/envs/bacillus_ecogenomics/db/kingdom/Bacteria/IS -evalue 1e-30 -qcov_hsp_perc 90 -num_threads 1 -num_descriptions 1 -num_alignments 1 -seg no > \/home\/bacte\/bacillus_amr\/08_genomic_context\/prokka\/L022_GCF_036621315\.1_mphM\/L022_GCF_036621315\.1_mphM\.IS\.tmp\.8306\.blast 2> /dev/null
[12:54:05] Deleting unwanted file: /home/bacte/bacillus_amr/08_genomic_context/prokka/L022_GCF_036621315.1_mphM/L022_GCF_036621315.1_mphM.IS.tmp.8306.faa
[12:54:05] Deleting unwanted file: /home/bacte/bacillus_amr/08_genomic_context/prokka/L022_GCF_036621315.1_mphM/L022_GCF_036621315.1_mphM.IS.tmp.8306.blast
[12:54:05] There are still 14 unannotated CDS left (started with 14)
[12:54:05] Will use blast to search against /home/bacte/miniconda3/envs/bacillus_ecogenomics/db/kingdom/Bacteria/AMR with 2 CPUs
[12:54:05] Running: cat \/home\/bacte\/bacillus_amr\/08_genomic_context\/prokka\/L022_GCF_036621315\.1_mphM\/L022_GCF_036621315\.1_mphM\.AMR\.tmp\.8306\.faa | parallel --gnu --plain -j 2 --block 1319 --recstart '>' --pipe blastp -query - -db /home/bacte/miniconda3/envs/bacillus_ecogenomics/db/kingdom/Bacteria/AMR -evalue 1e-300 -qcov_hsp_perc 90 -num_threads 1 -num_descriptions 1 -num_alignments 1 -seg no > \/home\/bacte\/bacillus_amr\/08_genomic_context\/prokka\/L022_GCF_036621315\.1_mphM\/L022_GCF_036621315\.1_mphM\.AMR\.tmp\.8306\.blast 2> /dev/null
[12:54:06] Deleting unwanted file: /home/bacte/bacillus_amr/08_genomic_context/prokka/L022_GCF_036621315.1_mphM/L022_GCF_036621315.1_mphM.AMR.tmp.8306.faa
[12:54:06] Deleting unwanted file: /home/bacte/bacillus_amr/08_genomic_context/prokka/L022_GCF_036621315.1_mphM/L022_GCF_036621315.1_mphM.AMR.tmp.8306.blast
[12:54:06] There are still 14 unannotated CDS left (started with 14)
[12:54:06] Will use blast to search against /home/bacte/miniconda3/envs/bacillus_ecogenomics/db/kingdom/Bacteria/sprot with 2 CPUs
[12:54:06] Running: cat \/home\/bacte\/bacillus_amr\/08_genomic_context\/prokka\/L022_GCF_036621315\.1_mphM\/L022_GCF_036621315\.1_mphM\.sprot\.tmp\.8306\.faa | parallel --gnu --plain -j 2 --block 1319 --recstart '>' --pipe blastp -query - -db /home/bacte/miniconda3/envs/bacillus_ecogenomics/db/kingdom/Bacteria/sprot -evalue 1e-09 -qcov_hsp_perc 80 -num_threads 1 -num_descriptions 1 -num_alignments 1 -seg no > \/home\/bacte\/bacillus_amr\/08_genomic_context\/prokka\/L022_GCF_036621315\.1_mphM\/L022_GCF_036621315\.1_mphM\.sprot\.tmp\.8306\.blast 2> /dev/null
[12:54:08] Deleting unwanted file: /home/bacte/bacillus_amr/08_genomic_context/prokka/L022_GCF_036621315.1_mphM/L022_GCF_036621315.1_mphM.sprot.tmp.8306.faa
[12:54:08] Deleting unwanted file: /home/bacte/bacillus_amr/08_genomic_context/prokka/L022_GCF_036621315.1_mphM/L022_GCF_036621315.1_mphM.sprot.tmp.8306.blast
[12:54:08] There are still 13 unannotated CDS left (started with 14)
[12:54:08] Will use hmmer3 to search against /home/bacte/miniconda3/envs/bacillus_ecogenomics/db/hmm/HAMAP.hmm with 2 CPUs
[12:54:08] Running: cat \/home\/bacte\/bacillus_amr\/08_genomic_context\/prokka\/L022_GCF_036621315\.1_mphM\/L022_GCF_036621315\.1_mphM\.HAMAP\.hmm\.tmp\.8306\.faa | parallel --gnu --plain -j 2 --block 1024 --recstart '>' --pipe hmmscan --noali --notextw --acc -E 1e-09 --cpu 1 /home/bacte/miniconda3/envs/bacillus_ecogenomics/db/hmm/HAMAP.hmm /dev/stdin > \/home\/bacte\/bacillus_amr\/08_genomic_context\/prokka\/L022_GCF_036621315\.1_mphM\/L022_GCF_036621315\.1_mphM\.HAMAP\.hmm\.tmp\.8306\.hmmer3 2> /dev/null
[12:54:08] Deleting unwanted file: /home/bacte/bacillus_amr/08_genomic_context/prokka/L022_GCF_036621315.1_mphM/L022_GCF_036621315.1_mphM.HAMAP.hmm.tmp.8306.faa
[12:54:08] Deleting unwanted file: /home/bacte/bacillus_amr/08_genomic_context/prokka/L022_GCF_036621315.1_mphM/L022_GCF_036621315.1_mphM.HAMAP.hmm.tmp.8306.hmmer3
[12:54:08] Labelling remaining 9 proteins as 'hypothetical protein'
[12:54:08] Possible /pseudo 'HTH-type transcriptional activator RhaR' at L022_GCF_036621315.1_mphM position 8352
[12:54:08] Found 2 unique /gene codes.
[12:54:08] Fixed 3 duplicate /gene - rhaR_1 rhaR_2 rhaR_3
[12:54:08] Fixed 1 colliding /gene names.
[12:54:08] Adding /locus_tag identifiers
[12:54:08] Assigned 14 locus_tags to CDS and RNA features.
[12:54:08] Writing outputs to /home/bacte/bacillus_amr/08_genomic_context/prokka/L022_GCF_036621315.1_mphM/
[12:54:08] Generating annotation statistics file
[12:54:08] Generating Genbank and Sequin files
[12:54:08] Running: tbl2asn -V b -a r10k -l paired-ends -M n -N 1 -y 'Annotated using prokka 1.15.6 from https://github.com/tseemann/prokka' -Z \/home\/bacte\/bacillus_amr\/08_genomic_context\/prokka\/L022_GCF_036621315\.1_mphM\/L022_GCF_036621315\.1_mphM\.err -i \/home\/bacte\/bacillus_amr\/08_genomic_context\/prokka\/L022_GCF_036621315\.1_mphM\/L022_GCF_036621315\.1_mphM\.fsa 2> /dev/null
[tbl2asn-forever] Found Prokka input, correcting dates in .gbf|.sqn files.
[tbl2asn-forever] Correcting dates in /home/bacte/bacillus_amr/08_genomic_context/prokka/L022_GCF_036621315.1_mphM/L022_GCF_036621315.1_mphM.gbf
[tbl2asn-forever] Correcting dates in /home/bacte/bacillus_amr/08_genomic_context/prokka/L022_GCF_036621315.1_mphM/L022_GCF_036621315.1_mphM.sqn
[tbl2asn-forever] Dates changed from 01-JAN-2019 to 06-OCT-2026
[12:54:09] Deleting unwanted file: /home/bacte/bacillus_amr/08_genomic_context/prokka/L022_GCF_036621315.1_mphM/errorsummary.val
[12:54:09] Deleting unwanted file: /home/bacte/bacillus_amr/08_genomic_context/prokka/L022_GCF_036621315.1_mphM/L022_GCF_036621315.1_mphM.dr
[12:54:09] Deleting unwanted file: /home/bacte/bacillus_amr/08_genomic_context/prokka/L022_GCF_036621315.1_mphM/L022_GCF_036621315.1_mphM.fixedproducts
[12:54:09] Deleting unwanted file: /home/bacte/bacillus_amr/08_genomic_context/prokka/L022_GCF_036621315.1_mphM/L022_GCF_036621315.1_mphM.ecn
[12:54:09] Deleting unwanted file: /home/bacte/bacillus_amr/08_genomic_context/prokka/L022_GCF_036621315.1_mphM/L022_GCF_036621315.1_mphM.val
[12:54:09] Repairing broken .GBK output that tbl2asn produces...
[12:54:09] Running: sed 's/COORDINATES: profile/COORDINATES:profile/' < \/home\/bacte\/bacillus_amr\/08_genomic_context\/prokka\/L022_GCF_036621315\.1_mphM\/L022_GCF_036621315\.1_mphM\.gbf > \/home\/bacte\/bacillus_amr\/08_genomic_context\/prokka\/L022_GCF_036621315\.1_mphM\/L022_GCF_036621315\.1_mphM\.gbk
[12:54:09] Deleting unwanted file: /home/bacte/bacillus_amr/08_genomic_context/prokka/L022_GCF_036621315.1_mphM/L022_GCF_036621315.1_mphM.gbf
[12:54:09] Output files:
[12:54:09] /home/bacte/bacillus_amr/08_genomic_context/prokka/L022_GCF_036621315.1_mphM/L022_GCF_036621315.1_mphM.tsv
[12:54:09] /home/bacte/bacillus_amr/08_genomic_context/prokka/L022_GCF_036621315.1_mphM/L022_GCF_036621315.1_mphM.err
[12:54:09] /home/bacte/bacillus_amr/08_genomic_context/prokka/L022_GCF_036621315.1_mphM/L022_GCF_036621315.1_mphM.tbl
[12:54:09] /home/bacte/bacillus_amr/08_genomic_context/prokka/L022_GCF_036621315.1_mphM/L022_GCF_036621315.1_mphM.fsa
[12:54:09] /home/bacte/bacillus_amr/08_genomic_context/prokka/L022_GCF_036621315.1_mphM/L022_GCF_036621315.1_mphM.fna
[12:54:09] /home/bacte/bacillus_amr/08_genomic_context/prokka/L022_GCF_036621315.1_mphM/L022_GCF_036621315.1_mphM.sqn
[12:54:09] /home/bacte/bacillus_amr/08_genomic_context/prokka/L022_GCF_036621315.1_mphM/L022_GCF_036621315.1_mphM.log
[12:54:09] /home/bacte/bacillus_amr/08_genomic_context/prokka/L022_GCF_036621315.1_mphM/L022_GCF_036621315.1_mphM.gbk
[12:54:09] /home/bacte/bacillus_amr/08_genomic_context/prokka/L022_GCF_036621315.1_mphM/L022_GCF_036621315.1_mphM.gff
[12:54:09] /home/bacte/bacillus_amr/08_genomic_context/prokka/L022_GCF_036621315.1_mphM/L022_GCF_036621315.1_mphM.ffn
[12:54:09] /home/bacte/bacillus_amr/08_genomic_context/prokka/L022_GCF_036621315.1_mphM/L022_GCF_036621315.1_mphM.txt
[12:54:09] /home/bacte/bacillus_amr/08_genomic_context/prokka/L022_GCF_036621315.1_mphM/L022_GCF_036621315.1_mphM.faa
[12:54:09] Annotation finished successfully.
[12:54:09] Walltime used: 0.12 minutes
[12:54:09] If you use this result please cite the Prokka paper:
[12:54:09] Seemann T (2014) Prokka: rapid prokaryotic genome annotation. Bioinformatics. 30(14):2068-9.
[12:54:09] Type 'prokka --citation' for more details.
[12:54:09] Share and enjoy!
[23/41] L023_GCF_002552785.1_blaIII
[12:54:09] This is prokka 1.15.6
[12:54:09] Written by Torsten Seemann <torsten.seemann@gmail.com>
[12:54:09] Homepage is https://github.com/tseemann/prokka
[12:54:09] Local time is Tue Oct  6 12:54:09 2026
[12:54:09] You are bacte
[12:54:09] Operating system is linux
[12:54:09] You have BioPerl 1.7.8
[12:54:09] System has 8 cores.
[12:54:09] Will use maximum of 2 cores.
[12:54:09] Annotating as >>> Bacteria <<<
[12:54:09] Generating locus_tag from '/home/bacte/bacillus_amr/08_genomic_context/windows_10kb/L023_GCF_002552785.1_blaIII.fna' contents.
[12:54:09] Setting --locustag KBDHENMK from MD5 4bd1e7646d28a731140c07a7073a3752
[12:54:09] Creating new output folder: /home/bacte/bacillus_amr/08_genomic_context/prokka/L023_GCF_002552785.1_blaIII
[12:54:09] Running: mkdir -p \/home\/bacte\/bacillus_amr\/08_genomic_context\/prokka\/L023_GCF_002552785\.1_blaIII
[12:54:09] Using filename prefix: L023_GCF_002552785.1_blaIII.XXX
[12:54:09] Setting HMMER_NCPU=1
[12:54:09] Writing log to: /home/bacte/bacillus_amr/08_genomic_context/prokka/L023_GCF_002552785.1_blaIII/L023_GCF_002552785.1_blaIII.log
[12:54:09] Command: /home/bacte/miniconda3/envs/bacillus_ecogenomics/bin/prokka /home/bacte/bacillus_amr/08_genomic_context/windows_10kb/L023_GCF_002552785.1_blaIII.fna --outdir /home/bacte/bacillus_amr/08_genomic_context/prokka/L023_GCF_002552785.1_blaIII --prefix L023_GCF_002552785.1_blaIII --kingdom Bacteria --genus Bacillus --cpus 2
[12:54:09] Looking for 'aragorn' - found /home/bacte/miniconda3/envs/bacillus_ecogenomics/bin/aragorn
[12:54:09] Determined aragorn version is v1.2 from 'ARAGORN v1.2.41 Dean Laslett'
[12:54:09] Looking for 'barrnap' - found /home/bacte/miniconda3/envs/bacillus_ecogenomics/bin/barrnap
[12:54:09] Determined barrnap version is v1.10 from 'barrnap 1.10.5'
[12:54:09] Looking for 'blastp' - found /home/bacte/miniconda3/envs/bacillus_ecogenomics/bin/blastp
[12:54:09] Determined blastp version is v2.17 from 'blastp: 2.17.0+'
[12:54:09] Looking for 'cmpress' - found /home/bacte/miniconda3/envs/bacillus_ecogenomics/bin/cmpress
[12:54:09] Determined cmpress version is v1.1 from '# INFERNAL 1.1.5 (Sep 2023)'
[12:54:09] Looking for 'cmscan' - found /home/bacte/miniconda3/envs/bacillus_ecogenomics/bin/cmscan
[12:54:09] Determined cmscan version is v1.1 from '# INFERNAL 1.1.5 (Sep 2023)'
[12:54:09] Looking for 'egrep' - found /usr/bin/egrep
[12:54:09] Looking for 'find' - found /usr/bin/find
[12:54:09] Looking for 'grep' - found /usr/bin/grep
[12:54:09] Looking for 'hmmpress' - found /home/bacte/miniconda3/envs/bacillus_ecogenomics/bin/hmmpress
[12:54:09] Determined hmmpress version is v3.4 from '# HMMER 3.4 (Aug 2023); http://hmmer.org/'
[12:54:09] Looking for 'hmmscan' - found /home/bacte/miniconda3/envs/bacillus_ecogenomics/bin/hmmscan
[12:54:09] Determined hmmscan version is v3.4 from '# HMMER 3.4 (Aug 2023); http://hmmer.org/'
[12:54:09] Looking for 'java' - found /home/bacte/miniconda3/envs/bacillus_ecogenomics/bin/java
[12:54:09] Looking for 'makeblastdb' - found /home/bacte/miniconda3/envs/bacillus_ecogenomics/bin/makeblastdb
[12:54:09] Determined makeblastdb version is v2.17 from 'makeblastdb: 2.17.0+'
[12:54:09] Looking for 'minced' - found /home/bacte/miniconda3/envs/bacillus_ecogenomics/bin/minced
[12:54:09] Determined minced version is v4.2 from 'minced 0.4.2'
[12:54:09] Looking for 'parallel' - found /home/bacte/miniconda3/envs/bacillus_ecogenomics/bin/parallel
[12:54:10] Determined parallel version is 20260422 from 'GNU parallel 20260422'
[12:54:10] Looking for 'prodigal' - found /home/bacte/miniconda3/envs/bacillus_ecogenomics/bin/prodigal
[12:54:10] Determined prodigal version is v2.6 from 'Prodigal V2.6.3: February, 2016'
[12:54:10] Looking for 'prokka-genbank_to_fasta_db' - found /home/bacte/miniconda3/envs/bacillus_ecogenomics/bin/prokka-genbank_to_fasta_db
[12:54:10] Looking for 'sed' - found /usr/bin/sed
[12:54:10] Looking for 'tbl2asn' - found /home/bacte/miniconda3/envs/bacillus_ecogenomics/bin/tbl2asn
[12:54:10] Determined tbl2asn version is v25.7 from 'tbl2asn 25.7   arguments:'
[12:54:10] Using genetic code table 11.
[12:54:10] Loading and checking input file: /home/bacte/bacillus_amr/08_genomic_context/windows_10kb/L023_GCF_002552785.1_blaIII.fna
[12:54:10] Wrote 1 contigs totalling 533 bp.
[12:54:10] Predicting tRNAs and tmRNAs
[12:54:10] Running: aragorn -l -gc11  -w \/home\/bacte\/bacillus_amr\/08_genomic_context\/prokka\/L023_GCF_002552785\.1_blaIII\/L023_GCF_002552785\.1_blaIII\.fna
[12:54:10] Found 0 tRNAs
[12:54:10] Predicting Ribosomal RNAs
[12:54:10] Running Barrnap with 2 threads
[12:54:10] Found 0 rRNAs
[12:54:10] Skipping ncRNA search, enable with --rfam if desired.
[12:54:10] Total of 0 tRNA + rRNA features
[12:54:10] Searching for CRISPR repeats
[12:54:10] Found 0 CRISPRs
[12:54:10] Predicting coding sequences
[12:54:10] Contigs total 533 bp, so using single mode
[12:54:10] Running: prodigal -i \/home\/bacte\/bacillus_amr\/08_genomic_context\/prokka\/L023_GCF_002552785\.1_blaIII\/L023_GCF_002552785\.1_blaIII\.fna -c -m -g 11 -p single -f sco -q


Error:  Sequence must be 20000 characters (only 533 read).
(Consider running with the -p meta option or finding more contigs from the same genome.)

[12:54:10] Found 0 CDS
[12:54:10] Connecting features back to sequences
[12:54:10] Not using genus-specific database. Try --usegenus to enable it.
[12:54:10] Annotating CDS, please be patient.
[12:54:10] Will use 2 CPUs for similarity searching.
[12:54:10] Found 0 unique /gene codes.
[12:54:10] Fixed 0 colliding /gene names.
[12:54:10] Adding /locus_tag identifiers
[12:54:10] Assigned 0 locus_tags to CDS and RNA features.
[12:54:10] Writing outputs to /home/bacte/bacillus_amr/08_genomic_context/prokka/L023_GCF_002552785.1_blaIII/
[12:54:10] Generating annotation statistics file
[12:54:10] Generating Genbank and Sequin files
[12:54:10] Running: tbl2asn -V b -a r10k -l paired-ends -M n -N 1 -y 'Annotated using prokka 1.15.6 from https://github.com/tseemann/prokka' -Z \/home\/bacte\/bacillus_amr\/08_genomic_context\/prokka\/L023_GCF_002552785\.1_blaIII\/L023_GCF_002552785\.1_blaIII\.err -i \/home\/bacte\/bacillus_amr\/08_genomic_context\/prokka\/L023_GCF_002552785\.1_blaIII\/L023_GCF_002552785\.1_blaIII\.fsa 2> /dev/null
[tbl2asn-forever] Found Prokka input, correcting dates in .gbf|.sqn files.
[tbl2asn-forever] Correcting dates in /home/bacte/bacillus_amr/08_genomic_context/prokka/L023_GCF_002552785.1_blaIII/L023_GCF_002552785.1_blaIII.gbf
[tbl2asn-forever] Correcting dates in /home/bacte/bacillus_amr/08_genomic_context/prokka/L023_GCF_002552785.1_blaIII/L023_GCF_002552785.1_blaIII.sqn
[tbl2asn-forever] Dates changed from 01-JAN-2019 to 06-OCT-2026
[12:54:10] Deleting unwanted file: /home/bacte/bacillus_amr/08_genomic_context/prokka/L023_GCF_002552785.1_blaIII/errorsummary.val
[12:54:10] Deleting unwanted file: /home/bacte/bacillus_amr/08_genomic_context/prokka/L023_GCF_002552785.1_blaIII/L023_GCF_002552785.1_blaIII.dr
[12:54:10] Deleting unwanted file: /home/bacte/bacillus_amr/08_genomic_context/prokka/L023_GCF_002552785.1_blaIII/L023_GCF_002552785.1_blaIII.fixedproducts
[12:54:10] Deleting unwanted file: /home/bacte/bacillus_amr/08_genomic_context/prokka/L023_GCF_002552785.1_blaIII/L023_GCF_002552785.1_blaIII.ecn
[12:54:10] Deleting unwanted file: /home/bacte/bacillus_amr/08_genomic_context/prokka/L023_GCF_002552785.1_blaIII/L023_GCF_002552785.1_blaIII.val
[12:54:10] Repairing broken .GBK output that tbl2asn produces...
[12:54:10] Running: sed 's/COORDINATES: profile/COORDINATES:profile/' < \/home\/bacte\/bacillus_amr\/08_genomic_context\/prokka\/L023_GCF_002552785\.1_blaIII\/L023_GCF_002552785\.1_blaIII\.gbf > \/home\/bacte\/bacillus_amr\/08_genomic_context\/prokka\/L023_GCF_002552785\.1_blaIII\/L023_GCF_002552785\.1_blaIII\.gbk
[12:54:10] Deleting unwanted file: /home/bacte/bacillus_amr/08_genomic_context/prokka/L023_GCF_002552785.1_blaIII/L023_GCF_002552785.1_blaIII.gbf
[12:54:10] Output files:
[12:54:10] /home/bacte/bacillus_amr/08_genomic_context/prokka/L023_GCF_002552785.1_blaIII/L023_GCF_002552785.1_blaIII.log
[12:54:10] /home/bacte/bacillus_amr/08_genomic_context/prokka/L023_GCF_002552785.1_blaIII/L023_GCF_002552785.1_blaIII.fsa
[12:54:10] /home/bacte/bacillus_amr/08_genomic_context/prokka/L023_GCF_002552785.1_blaIII/L023_GCF_002552785.1_blaIII.ffn
[12:54:10] /home/bacte/bacillus_amr/08_genomic_context/prokka/L023_GCF_002552785.1_blaIII/L023_GCF_002552785.1_blaIII.tsv
[12:54:10] /home/bacte/bacillus_amr/08_genomic_context/prokka/L023_GCF_002552785.1_blaIII/L023_GCF_002552785.1_blaIII.HAMAP.hmm.tmp.8674.faa
[12:54:10] /home/bacte/bacillus_amr/08_genomic_context/prokka/L023_GCF_002552785.1_blaIII/L023_GCF_002552785.1_blaIII.AMR.tmp.8674.faa
[12:54:10] /home/bacte/bacillus_amr/08_genomic_context/prokka/L023_GCF_002552785.1_blaIII/L023_GCF_002552785.1_blaIII.sprot.tmp.8674.faa
[12:54:10] /home/bacte/bacillus_amr/08_genomic_context/prokka/L023_GCF_002552785.1_blaIII/L023_GCF_002552785.1_blaIII.tbl
[12:54:10] /home/bacte/bacillus_amr/08_genomic_context/prokka/L023_GCF_002552785.1_blaIII/L023_GCF_002552785.1_blaIII.IS.tmp.8674.faa
[12:54:10] /home/bacte/bacillus_amr/08_genomic_context/prokka/L023_GCF_002552785.1_blaIII/L023_GCF_002552785.1_blaIII.faa
[12:54:10] /home/bacte/bacillus_amr/08_genomic_context/prokka/L023_GCF_002552785.1_blaIII/L023_GCF_002552785.1_blaIII.gbk
[12:54:10] /home/bacte/bacillus_amr/08_genomic_context/prokka/L023_GCF_002552785.1_blaIII/L023_GCF_002552785.1_blaIII.gff
[12:54:10] /home/bacte/bacillus_amr/08_genomic_context/prokka/L023_GCF_002552785.1_blaIII/L023_GCF_002552785.1_blaIII.err
[12:54:10] /home/bacte/bacillus_amr/08_genomic_context/prokka/L023_GCF_002552785.1_blaIII/L023_GCF_002552785.1_blaIII.fna
[12:54:10] /home/bacte/bacillus_amr/08_genomic_context/prokka/L023_GCF_002552785.1_blaIII/L023_GCF_002552785.1_blaIII.sqn
[12:54:10] /home/bacte/bacillus_amr/08_genomic_context/prokka/L023_GCF_002552785.1_blaIII/L023_GCF_002552785.1_blaIII.txt
[12:54:10] Annotation finished successfully.
[12:54:10] Walltime used: 0.02 minutes
[12:54:10] If you use this result please cite the Prokka paper:
[12:54:10] Seemann T (2014) Prokka: rapid prokaryotic genome annotation. Bioinformatics. 30(14):2068-9.
[12:54:10] Type 'prokka --citation' for more details.
[12:54:10] Share and enjoy!
[24/41] L024_GCF_002568725.1_fosB
[12:54:10] This is prokka 1.15.6
[12:54:10] Written by Torsten Seemann <torsten.seemann@gmail.com>
[12:54:10] Homepage is https://github.com/tseemann/prokka
[12:54:10] Local time is Tue Oct  6 12:54:10 2026
[12:54:10] You are bacte
[12:54:10] Operating system is linux
[12:54:10] You have BioPerl 1.7.8
[12:54:10] System has 8 cores.
[12:54:10] Will use maximum of 2 cores.
[12:54:10] Annotating as >>> Bacteria <<<
[12:54:10] Generating locus_tag from '/home/bacte/bacillus_amr/08_genomic_context/windows_10kb/L024_GCF_002568725.1_fosB.fna' contents.
[12:54:10] Setting --locustag IDIENPEL from MD5 2d2e79e55db989f36cb02ed113bfebbc
[12:54:10] Creating new output folder: /home/bacte/bacillus_amr/08_genomic_context/prokka/L024_GCF_002568725.1_fosB
[12:54:10] Running: mkdir -p \/home\/bacte\/bacillus_amr\/08_genomic_context\/prokka\/L024_GCF_002568725\.1_fosB
[12:54:10] Using filename prefix: L024_GCF_002568725.1_fosB.XXX
[12:54:10] Setting HMMER_NCPU=1
[12:54:10] Writing log to: /home/bacte/bacillus_amr/08_genomic_context/prokka/L024_GCF_002568725.1_fosB/L024_GCF_002568725.1_fosB.log
[12:54:10] Command: /home/bacte/miniconda3/envs/bacillus_ecogenomics/bin/prokka /home/bacte/bacillus_amr/08_genomic_context/windows_10kb/L024_GCF_002568725.1_fosB.fna --outdir /home/bacte/bacillus_amr/08_genomic_context/prokka/L024_GCF_002568725.1_fosB --prefix L024_GCF_002568725.1_fosB --kingdom Bacteria --genus Bacillus --cpus 2
[12:54:10] Looking for 'aragorn' - found /home/bacte/miniconda3/envs/bacillus_ecogenomics/bin/aragorn
[12:54:10] Determined aragorn version is v1.2 from 'ARAGORN v1.2.41 Dean Laslett'
[12:54:10] Looking for 'barrnap' - found /home/bacte/miniconda3/envs/bacillus_ecogenomics/bin/barrnap
[12:54:10] Determined barrnap version is v1.10 from 'barrnap 1.10.5'
[12:54:10] Looking for 'blastp' - found /home/bacte/miniconda3/envs/bacillus_ecogenomics/bin/blastp
[12:54:10] Determined blastp version is v2.17 from 'blastp: 2.17.0+'
[12:54:10] Looking for 'cmpress' - found /home/bacte/miniconda3/envs/bacillus_ecogenomics/bin/cmpress
[12:54:10] Determined cmpress version is v1.1 from '# INFERNAL 1.1.5 (Sep 2023)'
[12:54:10] Looking for 'cmscan' - found /home/bacte/miniconda3/envs/bacillus_ecogenomics/bin/cmscan
[12:54:10] Determined cmscan version is v1.1 from '# INFERNAL 1.1.5 (Sep 2023)'
[12:54:10] Looking for 'egrep' - found /usr/bin/egrep
[12:54:10] Looking for 'find' - found /usr/bin/find
[12:54:10] Looking for 'grep' - found /usr/bin/grep
[12:54:10] Looking for 'hmmpress' - found /home/bacte/miniconda3/envs/bacillus_ecogenomics/bin/hmmpress
[12:54:10] Determined hmmpress version is v3.4 from '# HMMER 3.4 (Aug 2023); http://hmmer.org/'
[12:54:10] Looking for 'hmmscan' - found /home/bacte/miniconda3/envs/bacillus_ecogenomics/bin/hmmscan
[12:54:10] Determined hmmscan version is v3.4 from '# HMMER 3.4 (Aug 2023); http://hmmer.org/'
[12:54:10] Looking for 'java' - found /home/bacte/miniconda3/envs/bacillus_ecogenomics/bin/java
[12:54:10] Looking for 'makeblastdb' - found /home/bacte/miniconda3/envs/bacillus_ecogenomics/bin/makeblastdb
[12:54:10] Determined makeblastdb version is v2.17 from 'makeblastdb: 2.17.0+'
[12:54:10] Looking for 'minced' - found /home/bacte/miniconda3/envs/bacillus_ecogenomics/bin/minced
[12:54:11] Determined minced version is v4.2 from 'minced 0.4.2'
[12:54:11] Looking for 'parallel' - found /home/bacte/miniconda3/envs/bacillus_ecogenomics/bin/parallel
[12:54:11] Determined parallel version is 20260422 from 'GNU parallel 20260422'
[12:54:11] Looking for 'prodigal' - found /home/bacte/miniconda3/envs/bacillus_ecogenomics/bin/prodigal
[12:54:11] Determined prodigal version is v2.6 from 'Prodigal V2.6.3: February, 2016'
[12:54:11] Looking for 'prokka-genbank_to_fasta_db' - found /home/bacte/miniconda3/envs/bacillus_ecogenomics/bin/prokka-genbank_to_fasta_db
[12:54:11] Looking for 'sed' - found /usr/bin/sed
[12:54:11] Looking for 'tbl2asn' - found /home/bacte/miniconda3/envs/bacillus_ecogenomics/bin/tbl2asn
[12:54:11] Determined tbl2asn version is v25.7 from 'tbl2asn 25.7   arguments:'
[12:54:11] Using genetic code table 11.
[12:54:11] Loading and checking input file: /home/bacte/bacillus_amr/08_genomic_context/windows_10kb/L024_GCF_002568725.1_fosB.fna
[12:54:11] Wrote 1 contigs totalling 10770 bp.
[12:54:11] Predicting tRNAs and tmRNAs
[12:54:11] Running: aragorn -l -gc11  -w \/home\/bacte\/bacillus_amr\/08_genomic_context\/prokka\/L024_GCF_002568725\.1_fosB\/L024_GCF_002568725\.1_fosB\.fna
[12:54:11] Found 0 tRNAs
[12:54:11] Predicting Ribosomal RNAs
[12:54:11] Running Barrnap with 2 threads
[12:54:12] Found 0 rRNAs
[12:54:12] Skipping ncRNA search, enable with --rfam if desired.
[12:54:12] Total of 0 tRNA + rRNA features
[12:54:12] Searching for CRISPR repeats
[12:54:12] Found 0 CRISPRs
[12:54:12] Predicting coding sequences
[12:54:12] Contigs total 10770 bp, so using single mode
[12:54:12] Running: prodigal -i \/home\/bacte\/bacillus_amr\/08_genomic_context\/prokka\/L024_GCF_002568725\.1_fosB\/L024_GCF_002568725\.1_fosB\.fna -c -m -g 11 -p single -f sco -q


Error:  Sequence must be 20000 characters (only 10770 read).
(Consider running with the -p meta option or finding more contigs from the same genome.)

[12:54:12] Found 0 CDS
[12:54:12] Connecting features back to sequences
[12:54:12] Not using genus-specific database. Try --usegenus to enable it.
[12:54:12] Annotating CDS, please be patient.
[12:54:12] Will use 2 CPUs for similarity searching.
[12:54:12] Found 0 unique /gene codes.
[12:54:12] Fixed 0 colliding /gene names.
[12:54:12] Adding /locus_tag identifiers
[12:54:12] Assigned 0 locus_tags to CDS and RNA features.
[12:54:12] Writing outputs to /home/bacte/bacillus_amr/08_genomic_context/prokka/L024_GCF_002568725.1_fosB/
[12:54:12] Generating annotation statistics file
[12:54:12] Generating Genbank and Sequin files
[12:54:12] Running: tbl2asn -V b -a r10k -l paired-ends -M n -N 1 -y 'Annotated using prokka 1.15.6 from https://github.com/tseemann/prokka' -Z \/home\/bacte\/bacillus_amr\/08_genomic_context\/prokka\/L024_GCF_002568725\.1_fosB\/L024_GCF_002568725\.1_fosB\.err -i \/home\/bacte\/bacillus_amr\/08_genomic_context\/prokka\/L024_GCF_002568725\.1_fosB\/L024_GCF_002568725\.1_fosB\.fsa 2> /dev/null
[tbl2asn-forever] Found Prokka input, correcting dates in .gbf|.sqn files.
[tbl2asn-forever] Correcting dates in /home/bacte/bacillus_amr/08_genomic_context/prokka/L024_GCF_002568725.1_fosB/L024_GCF_002568725.1_fosB.gbf
[tbl2asn-forever] Correcting dates in /home/bacte/bacillus_amr/08_genomic_context/prokka/L024_GCF_002568725.1_fosB/L024_GCF_002568725.1_fosB.sqn
[tbl2asn-forever] Dates changed from 01-JAN-2019 to 06-OCT-2026
[12:54:12] Deleting unwanted file: /home/bacte/bacillus_amr/08_genomic_context/prokka/L024_GCF_002568725.1_fosB/errorsummary.val
[12:54:12] Deleting unwanted file: /home/bacte/bacillus_amr/08_genomic_context/prokka/L024_GCF_002568725.1_fosB/L024_GCF_002568725.1_fosB.dr
[12:54:12] Deleting unwanted file: /home/bacte/bacillus_amr/08_genomic_context/prokka/L024_GCF_002568725.1_fosB/L024_GCF_002568725.1_fosB.fixedproducts
[12:54:12] Deleting unwanted file: /home/bacte/bacillus_amr/08_genomic_context/prokka/L024_GCF_002568725.1_fosB/L024_GCF_002568725.1_fosB.ecn
[12:54:12] Deleting unwanted file: /home/bacte/bacillus_amr/08_genomic_context/prokka/L024_GCF_002568725.1_fosB/L024_GCF_002568725.1_fosB.val
[12:54:12] Repairing broken .GBK output that tbl2asn produces...
[12:54:12] Running: sed 's/COORDINATES: profile/COORDINATES:profile/' < \/home\/bacte\/bacillus_amr\/08_genomic_context\/prokka\/L024_GCF_002568725\.1_fosB\/L024_GCF_002568725\.1_fosB\.gbf > \/home\/bacte\/bacillus_amr\/08_genomic_context\/prokka\/L024_GCF_002568725\.1_fosB\/L024_GCF_002568725\.1_fosB\.gbk
[12:54:12] Deleting unwanted file: /home/bacte/bacillus_amr/08_genomic_context/prokka/L024_GCF_002568725.1_fosB/L024_GCF_002568725.1_fosB.gbf
[12:54:12] Output files:
[12:54:12] /home/bacte/bacillus_amr/08_genomic_context/prokka/L024_GCF_002568725.1_fosB/L024_GCF_002568725.1_fosB.gbk
[12:54:12] /home/bacte/bacillus_amr/08_genomic_context/prokka/L024_GCF_002568725.1_fosB/L024_GCF_002568725.1_fosB.fsa
[12:54:12] /home/bacte/bacillus_amr/08_genomic_context/prokka/L024_GCF_002568725.1_fosB/L024_GCF_002568725.1_fosB.gff
[12:54:12] /home/bacte/bacillus_amr/08_genomic_context/prokka/L024_GCF_002568725.1_fosB/L024_GCF_002568725.1_fosB.tbl
[12:54:12] /home/bacte/bacillus_amr/08_genomic_context/prokka/L024_GCF_002568725.1_fosB/L024_GCF_002568725.1_fosB.tsv
[12:54:12] /home/bacte/bacillus_amr/08_genomic_context/prokka/L024_GCF_002568725.1_fosB/L024_GCF_002568725.1_fosB.ffn
[12:54:12] /home/bacte/bacillus_amr/08_genomic_context/prokka/L024_GCF_002568725.1_fosB/L024_GCF_002568725.1_fosB.log
[12:54:12] /home/bacte/bacillus_amr/08_genomic_context/prokka/L024_GCF_002568725.1_fosB/L024_GCF_002568725.1_fosB.err
[12:54:12] /home/bacte/bacillus_amr/08_genomic_context/prokka/L024_GCF_002568725.1_fosB/L024_GCF_002568725.1_fosB.AMR.tmp.8834.faa
[12:54:12] /home/bacte/bacillus_amr/08_genomic_context/prokka/L024_GCF_002568725.1_fosB/L024_GCF_002568725.1_fosB.faa
[12:54:12] /home/bacte/bacillus_amr/08_genomic_context/prokka/L024_GCF_002568725.1_fosB/L024_GCF_002568725.1_fosB.fna
[12:54:12] /home/bacte/bacillus_amr/08_genomic_context/prokka/L024_GCF_002568725.1_fosB/L024_GCF_002568725.1_fosB.IS.tmp.8834.faa
[12:54:12] /home/bacte/bacillus_amr/08_genomic_context/prokka/L024_GCF_002568725.1_fosB/L024_GCF_002568725.1_fosB.HAMAP.hmm.tmp.8834.faa
[12:54:12] /home/bacte/bacillus_amr/08_genomic_context/prokka/L024_GCF_002568725.1_fosB/L024_GCF_002568725.1_fosB.sqn
[12:54:12] /home/bacte/bacillus_amr/08_genomic_context/prokka/L024_GCF_002568725.1_fosB/L024_GCF_002568725.1_fosB.sprot.tmp.8834.faa
[12:54:12] /home/bacte/bacillus_amr/08_genomic_context/prokka/L024_GCF_002568725.1_fosB/L024_GCF_002568725.1_fosB.txt
[12:54:12] Annotation finished successfully.
[12:54:12] Walltime used: 0.03 minutes
[12:54:12] If you use this result please cite the Prokka paper:
[12:54:12] Seemann T (2014) Prokka: rapid prokaryotic genome annotation. Bioinformatics. 30(14):2068-9.
[12:54:12] Type 'prokka --citation' for more details.
[12:54:12] Thank you, come again.
[25/41] L025_GCF_002580975.1_fosB
[12:54:12] This is prokka 1.15.6
[12:54:12] Written by Torsten Seemann <torsten.seemann@gmail.com>
[12:54:12] Homepage is https://github.com/tseemann/prokka
[12:54:12] Local time is Tue Oct  6 12:54:12 2026
[12:54:12] You are bacte
[12:54:12] Operating system is linux
[12:54:12] You have BioPerl 1.7.8
[12:54:12] System has 8 cores.
[12:54:12] Will use maximum of 2 cores.
[12:54:12] Annotating as >>> Bacteria <<<
[12:54:12] Generating locus_tag from '/home/bacte/bacillus_amr/08_genomic_context/windows_10kb/L025_GCF_002580975.1_fosB.fna' contents.
[12:54:12] Setting --locustag JLMKMHEN from MD5 356461e773d252d2c3c646f9355ad450
[12:54:12] Creating new output folder: /home/bacte/bacillus_amr/08_genomic_context/prokka/L025_GCF_002580975.1_fosB
[12:54:12] Running: mkdir -p \/home\/bacte\/bacillus_amr\/08_genomic_context\/prokka\/L025_GCF_002580975\.1_fosB
[12:54:12] Using filename prefix: L025_GCF_002580975.1_fosB.XXX
[12:54:12] Setting HMMER_NCPU=1
[12:54:12] Writing log to: /home/bacte/bacillus_amr/08_genomic_context/prokka/L025_GCF_002580975.1_fosB/L025_GCF_002580975.1_fosB.log
[12:54:12] Command: /home/bacte/miniconda3/envs/bacillus_ecogenomics/bin/prokka /home/bacte/bacillus_amr/08_genomic_context/windows_10kb/L025_GCF_002580975.1_fosB.fna --outdir /home/bacte/bacillus_amr/08_genomic_context/prokka/L025_GCF_002580975.1_fosB --prefix L025_GCF_002580975.1_fosB --kingdom Bacteria --genus Bacillus --cpus 2
[12:54:12] Looking for 'aragorn' - found /home/bacte/miniconda3/envs/bacillus_ecogenomics/bin/aragorn
[12:54:12] Determined aragorn version is v1.2 from 'ARAGORN v1.2.41 Dean Laslett'
[12:54:12] Looking for 'barrnap' - found /home/bacte/miniconda3/envs/bacillus_ecogenomics/bin/barrnap
[12:54:12] Determined barrnap version is v1.10 from 'barrnap 1.10.5'
[12:54:12] Looking for 'blastp' - found /home/bacte/miniconda3/envs/bacillus_ecogenomics/bin/blastp
[12:54:12] Determined blastp version is v2.17 from 'blastp: 2.17.0+'
[12:54:12] Looking for 'cmpress' - found /home/bacte/miniconda3/envs/bacillus_ecogenomics/bin/cmpress
[12:54:12] Determined cmpress version is v1.1 from '# INFERNAL 1.1.5 (Sep 2023)'
[12:54:12] Looking for 'cmscan' - found /home/bacte/miniconda3/envs/bacillus_ecogenomics/bin/cmscan
[12:54:12] Determined cmscan version is v1.1 from '# INFERNAL 1.1.5 (Sep 2023)'
[12:54:12] Looking for 'egrep' - found /usr/bin/egrep
[12:54:12] Looking for 'find' - found /usr/bin/find
[12:54:12] Looking for 'grep' - found /usr/bin/grep
[12:54:12] Looking for 'hmmpress' - found /home/bacte/miniconda3/envs/bacillus_ecogenomics/bin/hmmpress
[12:54:12] Determined hmmpress version is v3.4 from '# HMMER 3.4 (Aug 2023); http://hmmer.org/'
[12:54:12] Looking for 'hmmscan' - found /home/bacte/miniconda3/envs/bacillus_ecogenomics/bin/hmmscan
[12:54:12] Determined hmmscan version is v3.4 from '# HMMER 3.4 (Aug 2023); http://hmmer.org/'
[12:54:12] Looking for 'java' - found /home/bacte/miniconda3/envs/bacillus_ecogenomics/bin/java
[12:54:12] Looking for 'makeblastdb' - found /home/bacte/miniconda3/envs/bacillus_ecogenomics/bin/makeblastdb
[12:54:12] Determined makeblastdb version is v2.17 from 'makeblastdb: 2.17.0+'
[12:54:12] Looking for 'minced' - found /home/bacte/miniconda3/envs/bacillus_ecogenomics/bin/minced
[12:54:13] Determined minced version is v4.2 from 'minced 0.4.2'
[12:54:13] Looking for 'parallel' - found /home/bacte/miniconda3/envs/bacillus_ecogenomics/bin/parallel
[12:54:13] Determined parallel version is 20260422 from 'GNU parallel 20260422'
[12:54:13] Looking for 'prodigal' - found /home/bacte/miniconda3/envs/bacillus_ecogenomics/bin/prodigal
[12:54:13] Determined prodigal version is v2.6 from 'Prodigal V2.6.3: February, 2016'
[12:54:13] Looking for 'prokka-genbank_to_fasta_db' - found /home/bacte/miniconda3/envs/bacillus_ecogenomics/bin/prokka-genbank_to_fasta_db
[12:54:13] Looking for 'sed' - found /usr/bin/sed
[12:54:13] Looking for 'tbl2asn' - found /home/bacte/miniconda3/envs/bacillus_ecogenomics/bin/tbl2asn
[12:54:13] Determined tbl2asn version is v25.7 from 'tbl2asn 25.7   arguments:'
[12:54:13] Using genetic code table 11.
[12:54:13] Loading and checking input file: /home/bacte/bacillus_amr/08_genomic_context/windows_10kb/L025_GCF_002580975.1_fosB.fna
[12:54:13] Wrote 1 contigs totalling 18872 bp.
[12:54:13] Predicting tRNAs and tmRNAs
[12:54:13] Running: aragorn -l -gc11  -w \/home\/bacte\/bacillus_amr\/08_genomic_context\/prokka\/L025_GCF_002580975\.1_fosB\/L025_GCF_002580975\.1_fosB\.fna
[12:54:13] Found 0 tRNAs
[12:54:13] Predicting Ribosomal RNAs
[12:54:13] Running Barrnap with 2 threads
[12:54:13] Found 0 rRNAs
[12:54:13] Skipping ncRNA search, enable with --rfam if desired.
[12:54:13] Total of 0 tRNA + rRNA features
[12:54:13] Searching for CRISPR repeats
[12:54:13] Found 0 CRISPRs
[12:54:13] Predicting coding sequences
[12:54:13] Contigs total 18872 bp, so using single mode
[12:54:13] Running: prodigal -i \/home\/bacte\/bacillus_amr\/08_genomic_context\/prokka\/L025_GCF_002580975\.1_fosB\/L025_GCF_002580975\.1_fosB\.fna -c -m -g 11 -p single -f sco -q


Error:  Sequence must be 20000 characters (only 18872 read).
(Consider running with the -p meta option or finding more contigs from the same genome.)

[12:54:13] Found 0 CDS
[12:54:13] Connecting features back to sequences
[12:54:13] Not using genus-specific database. Try --usegenus to enable it.
[12:54:13] Annotating CDS, please be patient.
[12:54:13] Will use 2 CPUs for similarity searching.
[12:54:13] Found 0 unique /gene codes.
[12:54:13] Fixed 0 colliding /gene names.
[12:54:13] Adding /locus_tag identifiers
[12:54:13] Assigned 0 locus_tags to CDS and RNA features.
[12:54:13] Writing outputs to /home/bacte/bacillus_amr/08_genomic_context/prokka/L025_GCF_002580975.1_fosB/
[12:54:13] Generating annotation statistics file
[12:54:13] Generating Genbank and Sequin files
[12:54:13] Running: tbl2asn -V b -a r10k -l paired-ends -M n -N 1 -y 'Annotated using prokka 1.15.6 from https://github.com/tseemann/prokka' -Z \/home\/bacte\/bacillus_amr\/08_genomic_context\/prokka\/L025_GCF_002580975\.1_fosB\/L025_GCF_002580975\.1_fosB\.err -i \/home\/bacte\/bacillus_amr\/08_genomic_context\/prokka\/L025_GCF_002580975\.1_fosB\/L025_GCF_002580975\.1_fosB\.fsa 2> /dev/null
[tbl2asn-forever] Found Prokka input, correcting dates in .gbf|.sqn files.
[tbl2asn-forever] Correcting dates in /home/bacte/bacillus_amr/08_genomic_context/prokka/L025_GCF_002580975.1_fosB/L025_GCF_002580975.1_fosB.gbf
[tbl2asn-forever] Correcting dates in /home/bacte/bacillus_amr/08_genomic_context/prokka/L025_GCF_002580975.1_fosB/L025_GCF_002580975.1_fosB.sqn
[tbl2asn-forever] Dates changed from 01-JAN-2019 to 06-OCT-2026
[12:54:13] Deleting unwanted file: /home/bacte/bacillus_amr/08_genomic_context/prokka/L025_GCF_002580975.1_fosB/errorsummary.val
[12:54:13] Deleting unwanted file: /home/bacte/bacillus_amr/08_genomic_context/prokka/L025_GCF_002580975.1_fosB/L025_GCF_002580975.1_fosB.dr
[12:54:13] Deleting unwanted file: /home/bacte/bacillus_amr/08_genomic_context/prokka/L025_GCF_002580975.1_fosB/L025_GCF_002580975.1_fosB.fixedproducts
[12:54:13] Deleting unwanted file: /home/bacte/bacillus_amr/08_genomic_context/prokka/L025_GCF_002580975.1_fosB/L025_GCF_002580975.1_fosB.ecn
[12:54:13] Deleting unwanted file: /home/bacte/bacillus_amr/08_genomic_context/prokka/L025_GCF_002580975.1_fosB/L025_GCF_002580975.1_fosB.val
[12:54:13] Repairing broken .GBK output that tbl2asn produces...
[12:54:13] Running: sed 's/COORDINATES: profile/COORDINATES:profile/' < \/home\/bacte\/bacillus_amr\/08_genomic_context\/prokka\/L025_GCF_002580975\.1_fosB\/L025_GCF_002580975\.1_fosB\.gbf > \/home\/bacte\/bacillus_amr\/08_genomic_context\/prokka\/L025_GCF_002580975\.1_fosB\/L025_GCF_002580975\.1_fosB\.gbk
[12:54:13] Deleting unwanted file: /home/bacte/bacillus_amr/08_genomic_context/prokka/L025_GCF_002580975.1_fosB/L025_GCF_002580975.1_fosB.gbf
[12:54:13] Output files:
[12:54:13] /home/bacte/bacillus_amr/08_genomic_context/prokka/L025_GCF_002580975.1_fosB/L025_GCF_002580975.1_fosB.gbk
[12:54:13] /home/bacte/bacillus_amr/08_genomic_context/prokka/L025_GCF_002580975.1_fosB/L025_GCF_002580975.1_fosB.tsv
[12:54:13] /home/bacte/bacillus_amr/08_genomic_context/prokka/L025_GCF_002580975.1_fosB/L025_GCF_002580975.1_fosB.sqn
[12:54:13] /home/bacte/bacillus_amr/08_genomic_context/prokka/L025_GCF_002580975.1_fosB/L025_GCF_002580975.1_fosB.err
[12:54:13] /home/bacte/bacillus_amr/08_genomic_context/prokka/L025_GCF_002580975.1_fosB/L025_GCF_002580975.1_fosB.fsa
[12:54:13] /home/bacte/bacillus_amr/08_genomic_context/prokka/L025_GCF_002580975.1_fosB/L025_GCF_002580975.1_fosB.faa
[12:54:13] /home/bacte/bacillus_amr/08_genomic_context/prokka/L025_GCF_002580975.1_fosB/L025_GCF_002580975.1_fosB.AMR.tmp.8994.faa
[12:54:13] /home/bacte/bacillus_amr/08_genomic_context/prokka/L025_GCF_002580975.1_fosB/L025_GCF_002580975.1_fosB.fna
[12:54:13] /home/bacte/bacillus_amr/08_genomic_context/prokka/L025_GCF_002580975.1_fosB/L025_GCF_002580975.1_fosB.gff
[12:54:13] /home/bacte/bacillus_amr/08_genomic_context/prokka/L025_GCF_002580975.1_fosB/L025_GCF_002580975.1_fosB.log
[12:54:13] /home/bacte/bacillus_amr/08_genomic_context/prokka/L025_GCF_002580975.1_fosB/L025_GCF_002580975.1_fosB.ffn
[12:54:13] /home/bacte/bacillus_amr/08_genomic_context/prokka/L025_GCF_002580975.1_fosB/L025_GCF_002580975.1_fosB.IS.tmp.8994.faa
[12:54:13] /home/bacte/bacillus_amr/08_genomic_context/prokka/L025_GCF_002580975.1_fosB/L025_GCF_002580975.1_fosB.txt
[12:54:13] /home/bacte/bacillus_amr/08_genomic_context/prokka/L025_GCF_002580975.1_fosB/L025_GCF_002580975.1_fosB.tbl
[12:54:13] /home/bacte/bacillus_amr/08_genomic_context/prokka/L025_GCF_002580975.1_fosB/L025_GCF_002580975.1_fosB.sprot.tmp.8994.faa
[12:54:13] /home/bacte/bacillus_amr/08_genomic_context/prokka/L025_GCF_002580975.1_fosB/L025_GCF_002580975.1_fosB.HAMAP.hmm.tmp.8994.faa
[12:54:13] Annotation finished successfully.
[12:54:13] Walltime used: 0.02 minutes
[12:54:13] If you use this result please cite the Prokka paper:
[12:54:13] Seemann T (2014) Prokka: rapid prokaryotic genome annotation. Bioinformatics. 30(14):2068-9.
[12:54:13] Type 'prokka --citation' for more details.
[12:54:13] Share and enjoy!
[26/41] L026_GCF_036962425.1_fosB
[12:54:13] This is prokka 1.15.6
[12:54:13] Written by Torsten Seemann <torsten.seemann@gmail.com>
[12:54:13] Homepage is https://github.com/tseemann/prokka
[12:54:13] Local time is Tue Oct  6 12:54:13 2026
[12:54:13] You are bacte
[12:54:13] Operating system is linux
[12:54:13] You have BioPerl 1.7.8
[12:54:13] System has 8 cores.
[12:54:13] Will use maximum of 2 cores.
[12:54:13] Annotating as >>> Bacteria <<<
[12:54:13] Generating locus_tag from '/home/bacte/bacillus_amr/08_genomic_context/windows_10kb/L026_GCF_036962425.1_fosB.fna' contents.
[12:54:14] Setting --locustag HDGJIGID from MD5 1d03202d5c72cbe1f08eb7ff0849d182
[12:54:14] Creating new output folder: /home/bacte/bacillus_amr/08_genomic_context/prokka/L026_GCF_036962425.1_fosB
[12:54:14] Running: mkdir -p \/home\/bacte\/bacillus_amr\/08_genomic_context\/prokka\/L026_GCF_036962425\.1_fosB
[12:54:14] Using filename prefix: L026_GCF_036962425.1_fosB.XXX
[12:54:14] Setting HMMER_NCPU=1
[12:54:14] Writing log to: /home/bacte/bacillus_amr/08_genomic_context/prokka/L026_GCF_036962425.1_fosB/L026_GCF_036962425.1_fosB.log
[12:54:14] Command: /home/bacte/miniconda3/envs/bacillus_ecogenomics/bin/prokka /home/bacte/bacillus_amr/08_genomic_context/windows_10kb/L026_GCF_036962425.1_fosB.fna --outdir /home/bacte/bacillus_amr/08_genomic_context/prokka/L026_GCF_036962425.1_fosB --prefix L026_GCF_036962425.1_fosB --kingdom Bacteria --genus Bacillus --cpus 2
[12:54:14] Looking for 'aragorn' - found /home/bacte/miniconda3/envs/bacillus_ecogenomics/bin/aragorn
[12:54:14] Determined aragorn version is v1.2 from 'ARAGORN v1.2.41 Dean Laslett'
[12:54:14] Looking for 'barrnap' - found /home/bacte/miniconda3/envs/bacillus_ecogenomics/bin/barrnap
[12:54:14] Determined barrnap version is v1.10 from 'barrnap 1.10.5'
[12:54:14] Looking for 'blastp' - found /home/bacte/miniconda3/envs/bacillus_ecogenomics/bin/blastp
[12:54:14] Determined blastp version is v2.17 from 'blastp: 2.17.0+'
[12:54:14] Looking for 'cmpress' - found /home/bacte/miniconda3/envs/bacillus_ecogenomics/bin/cmpress
[12:54:14] Determined cmpress version is v1.1 from '# INFERNAL 1.1.5 (Sep 2023)'
[12:54:14] Looking for 'cmscan' - found /home/bacte/miniconda3/envs/bacillus_ecogenomics/bin/cmscan
[12:54:14] Determined cmscan version is v1.1 from '# INFERNAL 1.1.5 (Sep 2023)'
[12:54:14] Looking for 'egrep' - found /usr/bin/egrep
[12:54:14] Looking for 'find' - found /usr/bin/find
[12:54:14] Looking for 'grep' - found /usr/bin/grep
[12:54:14] Looking for 'hmmpress' - found /home/bacte/miniconda3/envs/bacillus_ecogenomics/bin/hmmpress
[12:54:14] Determined hmmpress version is v3.4 from '# HMMER 3.4 (Aug 2023); http://hmmer.org/'
[12:54:14] Looking for 'hmmscan' - found /home/bacte/miniconda3/envs/bacillus_ecogenomics/bin/hmmscan
[12:54:14] Determined hmmscan version is v3.4 from '# HMMER 3.4 (Aug 2023); http://hmmer.org/'
[12:54:14] Looking for 'java' - found /home/bacte/miniconda3/envs/bacillus_ecogenomics/bin/java
[12:54:14] Looking for 'makeblastdb' - found /home/bacte/miniconda3/envs/bacillus_ecogenomics/bin/makeblastdb
[12:54:14] Determined makeblastdb version is v2.17 from 'makeblastdb: 2.17.0+'
[12:54:14] Looking for 'minced' - found /home/bacte/miniconda3/envs/bacillus_ecogenomics/bin/minced
[12:54:14] Determined minced version is v4.2 from 'minced 0.4.2'
[12:54:14] Looking for 'parallel' - found /home/bacte/miniconda3/envs/bacillus_ecogenomics/bin/parallel
[12:54:14] Determined parallel version is 20260422 from 'GNU parallel 20260422'
[12:54:14] Looking for 'prodigal' - found /home/bacte/miniconda3/envs/bacillus_ecogenomics/bin/prodigal
[12:54:14] Determined prodigal version is v2.6 from 'Prodigal V2.6.3: February, 2016'
[12:54:14] Looking for 'prokka-genbank_to_fasta_db' - found /home/bacte/miniconda3/envs/bacillus_ecogenomics/bin/prokka-genbank_to_fasta_db
[12:54:14] Looking for 'sed' - found /usr/bin/sed
[12:54:14] Looking for 'tbl2asn' - found /home/bacte/miniconda3/envs/bacillus_ecogenomics/bin/tbl2asn
[12:54:14] Determined tbl2asn version is v25.7 from 'tbl2asn 25.7   arguments:'
[12:54:14] Using genetic code table 11.
[12:54:14] Loading and checking input file: /home/bacte/bacillus_amr/08_genomic_context/windows_10kb/L026_GCF_036962425.1_fosB.fna
[12:54:14] Wrote 1 contigs totalling 13401 bp.
[12:54:14] Predicting tRNAs and tmRNAs
[12:54:14] Running: aragorn -l -gc11  -w \/home\/bacte\/bacillus_amr\/08_genomic_context\/prokka\/L026_GCF_036962425\.1_fosB\/L026_GCF_036962425\.1_fosB\.fna
[12:54:14] Found 0 tRNAs
[12:54:14] Predicting Ribosomal RNAs
[12:54:14] Running Barrnap with 2 threads
[12:54:15] Found 0 rRNAs
[12:54:15] Skipping ncRNA search, enable with --rfam if desired.
[12:54:15] Total of 0 tRNA + rRNA features
[12:54:15] Searching for CRISPR repeats
[12:54:15] Found 0 CRISPRs
[12:54:15] Predicting coding sequences
[12:54:15] Contigs total 13401 bp, so using single mode
[12:54:15] Running: prodigal -i \/home\/bacte\/bacillus_amr\/08_genomic_context\/prokka\/L026_GCF_036962425\.1_fosB\/L026_GCF_036962425\.1_fosB\.fna -c -m -g 11 -p single -f sco -q


Error:  Sequence must be 20000 characters (only 13401 read).
(Consider running with the -p meta option or finding more contigs from the same genome.)

[12:54:15] Found 0 CDS
[12:54:15] Connecting features back to sequences
[12:54:15] Not using genus-specific database. Try --usegenus to enable it.
[12:54:15] Annotating CDS, please be patient.
[12:54:15] Will use 2 CPUs for similarity searching.
[12:54:15] Found 0 unique /gene codes.
[12:54:15] Fixed 0 colliding /gene names.
[12:54:15] Adding /locus_tag identifiers
[12:54:15] Assigned 0 locus_tags to CDS and RNA features.
[12:54:15] Writing outputs to /home/bacte/bacillus_amr/08_genomic_context/prokka/L026_GCF_036962425.1_fosB/
[12:54:15] Generating annotation statistics file
[12:54:15] Generating Genbank and Sequin files
[12:54:15] Running: tbl2asn -V b -a r10k -l paired-ends -M n -N 1 -y 'Annotated using prokka 1.15.6 from https://github.com/tseemann/prokka' -Z \/home\/bacte\/bacillus_amr\/08_genomic_context\/prokka\/L026_GCF_036962425\.1_fosB\/L026_GCF_036962425\.1_fosB\.err -i \/home\/bacte\/bacillus_amr\/08_genomic_context\/prokka\/L026_GCF_036962425\.1_fosB\/L026_GCF_036962425\.1_fosB\.fsa 2> /dev/null
[tbl2asn-forever] Found Prokka input, correcting dates in .gbf|.sqn files.
[tbl2asn-forever] Correcting dates in /home/bacte/bacillus_amr/08_genomic_context/prokka/L026_GCF_036962425.1_fosB/L026_GCF_036962425.1_fosB.gbf
[tbl2asn-forever] Correcting dates in /home/bacte/bacillus_amr/08_genomic_context/prokka/L026_GCF_036962425.1_fosB/L026_GCF_036962425.1_fosB.sqn
[tbl2asn-forever] Dates changed from 01-JAN-2019 to 06-OCT-2026
[12:54:15] Deleting unwanted file: /home/bacte/bacillus_amr/08_genomic_context/prokka/L026_GCF_036962425.1_fosB/errorsummary.val
[12:54:15] Deleting unwanted file: /home/bacte/bacillus_amr/08_genomic_context/prokka/L026_GCF_036962425.1_fosB/L026_GCF_036962425.1_fosB.dr
[12:54:15] Deleting unwanted file: /home/bacte/bacillus_amr/08_genomic_context/prokka/L026_GCF_036962425.1_fosB/L026_GCF_036962425.1_fosB.fixedproducts
[12:54:15] Deleting unwanted file: /home/bacte/bacillus_amr/08_genomic_context/prokka/L026_GCF_036962425.1_fosB/L026_GCF_036962425.1_fosB.ecn
[12:54:15] Deleting unwanted file: /home/bacte/bacillus_amr/08_genomic_context/prokka/L026_GCF_036962425.1_fosB/L026_GCF_036962425.1_fosB.val
[12:54:15] Repairing broken .GBK output that tbl2asn produces...
[12:54:15] Running: sed 's/COORDINATES: profile/COORDINATES:profile/' < \/home\/bacte\/bacillus_amr\/08_genomic_context\/prokka\/L026_GCF_036962425\.1_fosB\/L026_GCF_036962425\.1_fosB\.gbf > \/home\/bacte\/bacillus_amr\/08_genomic_context\/prokka\/L026_GCF_036962425\.1_fosB\/L026_GCF_036962425\.1_fosB\.gbk
[12:54:15] Deleting unwanted file: /home/bacte/bacillus_amr/08_genomic_context/prokka/L026_GCF_036962425.1_fosB/L026_GCF_036962425.1_fosB.gbf
[12:54:15] Output files:
[12:54:15] /home/bacte/bacillus_amr/08_genomic_context/prokka/L026_GCF_036962425.1_fosB/L026_GCF_036962425.1_fosB.gbk
[12:54:15] /home/bacte/bacillus_amr/08_genomic_context/prokka/L026_GCF_036962425.1_fosB/L026_GCF_036962425.1_fosB.faa
[12:54:15] /home/bacte/bacillus_amr/08_genomic_context/prokka/L026_GCF_036962425.1_fosB/L026_GCF_036962425.1_fosB.sprot.tmp.9154.faa
[12:54:15] /home/bacte/bacillus_amr/08_genomic_context/prokka/L026_GCF_036962425.1_fosB/L026_GCF_036962425.1_fosB.tsv
[12:54:15] /home/bacte/bacillus_amr/08_genomic_context/prokka/L026_GCF_036962425.1_fosB/L026_GCF_036962425.1_fosB.AMR.tmp.9154.faa
[12:54:15] /home/bacte/bacillus_amr/08_genomic_context/prokka/L026_GCF_036962425.1_fosB/L026_GCF_036962425.1_fosB.IS.tmp.9154.faa
[12:54:15] /home/bacte/bacillus_amr/08_genomic_context/prokka/L026_GCF_036962425.1_fosB/L026_GCF_036962425.1_fosB.fsa
[12:54:15] /home/bacte/bacillus_amr/08_genomic_context/prokka/L026_GCF_036962425.1_fosB/L026_GCF_036962425.1_fosB.tbl
[12:54:15] /home/bacte/bacillus_amr/08_genomic_context/prokka/L026_GCF_036962425.1_fosB/L026_GCF_036962425.1_fosB.gff
[12:54:15] /home/bacte/bacillus_amr/08_genomic_context/prokka/L026_GCF_036962425.1_fosB/L026_GCF_036962425.1_fosB.fna
[12:54:15] /home/bacte/bacillus_amr/08_genomic_context/prokka/L026_GCF_036962425.1_fosB/L026_GCF_036962425.1_fosB.err
[12:54:15] /home/bacte/bacillus_amr/08_genomic_context/prokka/L026_GCF_036962425.1_fosB/L026_GCF_036962425.1_fosB.txt
[12:54:15] /home/bacte/bacillus_amr/08_genomic_context/prokka/L026_GCF_036962425.1_fosB/L026_GCF_036962425.1_fosB.ffn
[12:54:15] /home/bacte/bacillus_amr/08_genomic_context/prokka/L026_GCF_036962425.1_fosB/L026_GCF_036962425.1_fosB.log
[12:54:15] /home/bacte/bacillus_amr/08_genomic_context/prokka/L026_GCF_036962425.1_fosB/L026_GCF_036962425.1_fosB.HAMAP.hmm.tmp.9154.faa
[12:54:15] /home/bacte/bacillus_amr/08_genomic_context/prokka/L026_GCF_036962425.1_fosB/L026_GCF_036962425.1_fosB.sqn
[12:54:15] Annotation finished successfully.
[12:54:15] Walltime used: 0.03 minutes
[12:54:15] If you use this result please cite the Prokka paper:
[12:54:15] Seemann T (2014) Prokka: rapid prokaryotic genome annotation. Bioinformatics. 30(14):2068-9.
[12:54:15] Type 'prokka --citation' for more details.
[12:54:15] Thank you, come again.
[27/41] L027_GCF_004294525.1_aadK
[12:54:15] This is prokka 1.15.6
[12:54:15] Written by Torsten Seemann <torsten.seemann@gmail.com>
[12:54:15] Homepage is https://github.com/tseemann/prokka
[12:54:15] Local time is Tue Oct  6 12:54:15 2026
[12:54:15] You are bacte
[12:54:15] Operating system is linux
[12:54:15] You have BioPerl 1.7.8
[12:54:15] System has 8 cores.
[12:54:15] Will use maximum of 2 cores.
[12:54:15] Annotating as >>> Bacteria <<<
[12:54:15] Generating locus_tag from '/home/bacte/bacillus_amr/08_genomic_context/windows_10kb/L027_GCF_004294525.1_aadK.fna' contents.
[12:54:15] Setting --locustag DCOBHFPE from MD5 dc8b1f9e7c66e6424c2107a6772d3fd4
[12:54:15] Creating new output folder: /home/bacte/bacillus_amr/08_genomic_context/prokka/L027_GCF_004294525.1_aadK
[12:54:15] Running: mkdir -p \/home\/bacte\/bacillus_amr\/08_genomic_context\/prokka\/L027_GCF_004294525\.1_aadK
[12:54:15] Using filename prefix: L027_GCF_004294525.1_aadK.XXX
[12:54:15] Setting HMMER_NCPU=1
[12:54:15] Writing log to: /home/bacte/bacillus_amr/08_genomic_context/prokka/L027_GCF_004294525.1_aadK/L027_GCF_004294525.1_aadK.log
[12:54:15] Command: /home/bacte/miniconda3/envs/bacillus_ecogenomics/bin/prokka /home/bacte/bacillus_amr/08_genomic_context/windows_10kb/L027_GCF_004294525.1_aadK.fna --outdir /home/bacte/bacillus_amr/08_genomic_context/prokka/L027_GCF_004294525.1_aadK --prefix L027_GCF_004294525.1_aadK --kingdom Bacteria --genus Bacillus --cpus 2
[12:54:15] Looking for 'aragorn' - found /home/bacte/miniconda3/envs/bacillus_ecogenomics/bin/aragorn
[12:54:15] Determined aragorn version is v1.2 from 'ARAGORN v1.2.41 Dean Laslett'
[12:54:15] Looking for 'barrnap' - found /home/bacte/miniconda3/envs/bacillus_ecogenomics/bin/barrnap
[12:54:15] Determined barrnap version is v1.10 from 'barrnap 1.10.5'
[12:54:15] Looking for 'blastp' - found /home/bacte/miniconda3/envs/bacillus_ecogenomics/bin/blastp
[12:54:15] Determined blastp version is v2.17 from 'blastp: 2.17.0+'
[12:54:15] Looking for 'cmpress' - found /home/bacte/miniconda3/envs/bacillus_ecogenomics/bin/cmpress
[12:54:15] Determined cmpress version is v1.1 from '# INFERNAL 1.1.5 (Sep 2023)'
[12:54:15] Looking for 'cmscan' - found /home/bacte/miniconda3/envs/bacillus_ecogenomics/bin/cmscan
[12:54:15] Determined cmscan version is v1.1 from '# INFERNAL 1.1.5 (Sep 2023)'
[12:54:15] Looking for 'egrep' - found /usr/bin/egrep
[12:54:15] Looking for 'find' - found /usr/bin/find
[12:54:15] Looking for 'grep' - found /usr/bin/grep
[12:54:15] Looking for 'hmmpress' - found /home/bacte/miniconda3/envs/bacillus_ecogenomics/bin/hmmpress
[12:54:15] Determined hmmpress version is v3.4 from '# HMMER 3.4 (Aug 2023); http://hmmer.org/'
[12:54:15] Looking for 'hmmscan' - found /home/bacte/miniconda3/envs/bacillus_ecogenomics/bin/hmmscan
[12:54:15] Determined hmmscan version is v3.4 from '# HMMER 3.4 (Aug 2023); http://hmmer.org/'
[12:54:15] Looking for 'java' - found /home/bacte/miniconda3/envs/bacillus_ecogenomics/bin/java
[12:54:15] Looking for 'makeblastdb' - found /home/bacte/miniconda3/envs/bacillus_ecogenomics/bin/makeblastdb
[12:54:15] Determined makeblastdb version is v2.17 from 'makeblastdb: 2.17.0+'
[12:54:15] Looking for 'minced' - found /home/bacte/miniconda3/envs/bacillus_ecogenomics/bin/minced
[12:54:15] Determined minced version is v4.2 from 'minced 0.4.2'
[12:54:15] Looking for 'parallel' - found /home/bacte/miniconda3/envs/bacillus_ecogenomics/bin/parallel
[12:54:16] Determined parallel version is 20260422 from 'GNU parallel 20260422'
[12:54:16] Looking for 'prodigal' - found /home/bacte/miniconda3/envs/bacillus_ecogenomics/bin/prodigal
[12:54:16] Determined prodigal version is v2.6 from 'Prodigal V2.6.3: February, 2016'
[12:54:16] Looking for 'prokka-genbank_to_fasta_db' - found /home/bacte/miniconda3/envs/bacillus_ecogenomics/bin/prokka-genbank_to_fasta_db
[12:54:16] Looking for 'sed' - found /usr/bin/sed
[12:54:16] Looking for 'tbl2asn' - found /home/bacte/miniconda3/envs/bacillus_ecogenomics/bin/tbl2asn
[12:54:16] Determined tbl2asn version is v25.7 from 'tbl2asn 25.7   arguments:'
[12:54:16] Using genetic code table 11.
[12:54:16] Loading and checking input file: /home/bacte/bacillus_amr/08_genomic_context/windows_10kb/L027_GCF_004294525.1_aadK.fna
[12:54:16] Wrote 1 contigs totalling 832 bp.
[12:54:16] Predicting tRNAs and tmRNAs
[12:54:16] Running: aragorn -l -gc11  -w \/home\/bacte\/bacillus_amr\/08_genomic_context\/prokka\/L027_GCF_004294525\.1_aadK\/L027_GCF_004294525\.1_aadK\.fna
[12:54:16] Found 0 tRNAs
[12:54:16] Predicting Ribosomal RNAs
[12:54:16] Running Barrnap with 2 threads
[12:54:16] Found 0 rRNAs
[12:54:16] Skipping ncRNA search, enable with --rfam if desired.
[12:54:16] Total of 0 tRNA + rRNA features
[12:54:16] Searching for CRISPR repeats
[12:54:16] Found 0 CRISPRs
[12:54:16] Predicting coding sequences
[12:54:16] Contigs total 832 bp, so using single mode
[12:54:16] Running: prodigal -i \/home\/bacte\/bacillus_amr\/08_genomic_context\/prokka\/L027_GCF_004294525\.1_aadK\/L027_GCF_004294525\.1_aadK\.fna -c -m -g 11 -p single -f sco -q


Error:  Sequence must be 20000 characters (only 832 read).
(Consider running with the -p meta option or finding more contigs from the same genome.)

[12:54:16] Found 0 CDS
[12:54:16] Connecting features back to sequences
[12:54:16] Not using genus-specific database. Try --usegenus to enable it.
[12:54:16] Annotating CDS, please be patient.
[12:54:16] Will use 2 CPUs for similarity searching.
[12:54:16] Found 0 unique /gene codes.
[12:54:16] Fixed 0 colliding /gene names.
[12:54:16] Adding /locus_tag identifiers
[12:54:16] Assigned 0 locus_tags to CDS and RNA features.
[12:54:16] Writing outputs to /home/bacte/bacillus_amr/08_genomic_context/prokka/L027_GCF_004294525.1_aadK/
[12:54:16] Generating annotation statistics file
[12:54:16] Generating Genbank and Sequin files
[12:54:16] Running: tbl2asn -V b -a r10k -l paired-ends -M n -N 1 -y 'Annotated using prokka 1.15.6 from https://github.com/tseemann/prokka' -Z \/home\/bacte\/bacillus_amr\/08_genomic_context\/prokka\/L027_GCF_004294525\.1_aadK\/L027_GCF_004294525\.1_aadK\.err -i \/home\/bacte\/bacillus_amr\/08_genomic_context\/prokka\/L027_GCF_004294525\.1_aadK\/L027_GCF_004294525\.1_aadK\.fsa 2> /dev/null
[tbl2asn-forever] Found Prokka input, correcting dates in .gbf|.sqn files.
[tbl2asn-forever] Correcting dates in /home/bacte/bacillus_amr/08_genomic_context/prokka/L027_GCF_004294525.1_aadK/L027_GCF_004294525.1_aadK.gbf
[tbl2asn-forever] Correcting dates in /home/bacte/bacillus_amr/08_genomic_context/prokka/L027_GCF_004294525.1_aadK/L027_GCF_004294525.1_aadK.sqn
[tbl2asn-forever] Dates changed from 01-JAN-2019 to 06-OCT-2026
[12:54:16] Deleting unwanted file: /home/bacte/bacillus_amr/08_genomic_context/prokka/L027_GCF_004294525.1_aadK/errorsummary.val
[12:54:16] Deleting unwanted file: /home/bacte/bacillus_amr/08_genomic_context/prokka/L027_GCF_004294525.1_aadK/L027_GCF_004294525.1_aadK.dr
[12:54:16] Deleting unwanted file: /home/bacte/bacillus_amr/08_genomic_context/prokka/L027_GCF_004294525.1_aadK/L027_GCF_004294525.1_aadK.fixedproducts
[12:54:16] Deleting unwanted file: /home/bacte/bacillus_amr/08_genomic_context/prokka/L027_GCF_004294525.1_aadK/L027_GCF_004294525.1_aadK.ecn
[12:54:16] Deleting unwanted file: /home/bacte/bacillus_amr/08_genomic_context/prokka/L027_GCF_004294525.1_aadK/L027_GCF_004294525.1_aadK.val
[12:54:16] Repairing broken .GBK output that tbl2asn produces...
[12:54:16] Running: sed 's/COORDINATES: profile/COORDINATES:profile/' < \/home\/bacte\/bacillus_amr\/08_genomic_context\/prokka\/L027_GCF_004294525\.1_aadK\/L027_GCF_004294525\.1_aadK\.gbf > \/home\/bacte\/bacillus_amr\/08_genomic_context\/prokka\/L027_GCF_004294525\.1_aadK\/L027_GCF_004294525\.1_aadK\.gbk
[12:54:16] Deleting unwanted file: /home/bacte/bacillus_amr/08_genomic_context/prokka/L027_GCF_004294525.1_aadK/L027_GCF_004294525.1_aadK.gbf
[12:54:16] Output files:
[12:54:16] /home/bacte/bacillus_amr/08_genomic_context/prokka/L027_GCF_004294525.1_aadK/L027_GCF_004294525.1_aadK.log
[12:54:16] /home/bacte/bacillus_amr/08_genomic_context/prokka/L027_GCF_004294525.1_aadK/L027_GCF_004294525.1_aadK.tsv
[12:54:16] /home/bacte/bacillus_amr/08_genomic_context/prokka/L027_GCF_004294525.1_aadK/L027_GCF_004294525.1_aadK.ffn
[12:54:16] /home/bacte/bacillus_amr/08_genomic_context/prokka/L027_GCF_004294525.1_aadK/L027_GCF_004294525.1_aadK.fsa
[12:54:16] /home/bacte/bacillus_amr/08_genomic_context/prokka/L027_GCF_004294525.1_aadK/L027_GCF_004294525.1_aadK.AMR.tmp.9313.faa
[12:54:16] /home/bacte/bacillus_amr/08_genomic_context/prokka/L027_GCF_004294525.1_aadK/L027_GCF_004294525.1_aadK.gff
[12:54:16] /home/bacte/bacillus_amr/08_genomic_context/prokka/L027_GCF_004294525.1_aadK/L027_GCF_004294525.1_aadK.err
[12:54:16] /home/bacte/bacillus_amr/08_genomic_context/prokka/L027_GCF_004294525.1_aadK/L027_GCF_004294525.1_aadK.sqn
[12:54:16] /home/bacte/bacillus_amr/08_genomic_context/prokka/L027_GCF_004294525.1_aadK/L027_GCF_004294525.1_aadK.HAMAP.hmm.tmp.9313.faa
[12:54:16] /home/bacte/bacillus_amr/08_genomic_context/prokka/L027_GCF_004294525.1_aadK/L027_GCF_004294525.1_aadK.gbk
[12:54:16] /home/bacte/bacillus_amr/08_genomic_context/prokka/L027_GCF_004294525.1_aadK/L027_GCF_004294525.1_aadK.sprot.tmp.9313.faa
[12:54:16] /home/bacte/bacillus_amr/08_genomic_context/prokka/L027_GCF_004294525.1_aadK/L027_GCF_004294525.1_aadK.tbl
[12:54:16] /home/bacte/bacillus_amr/08_genomic_context/prokka/L027_GCF_004294525.1_aadK/L027_GCF_004294525.1_aadK.faa
[12:54:16] /home/bacte/bacillus_amr/08_genomic_context/prokka/L027_GCF_004294525.1_aadK/L027_GCF_004294525.1_aadK.fna
[12:54:16] /home/bacte/bacillus_amr/08_genomic_context/prokka/L027_GCF_004294525.1_aadK/L027_GCF_004294525.1_aadK.IS.tmp.9313.faa
[12:54:16] /home/bacte/bacillus_amr/08_genomic_context/prokka/L027_GCF_004294525.1_aadK/L027_GCF_004294525.1_aadK.txt
[12:54:16] Annotation finished successfully.
[12:54:16] Walltime used: 0.02 minutes
[12:54:16] If you use this result please cite the Prokka paper:
[12:54:16] Seemann T (2014) Prokka: rapid prokaryotic genome annotation. Bioinformatics. 30(14):2068-9.
[12:54:16] Type 'prokka --citation' for more details.
[12:54:16] Share and enjoy!
[28/41] L028_GCF_013348705.1_ant9-Ia
[12:54:17] This is prokka 1.15.6
[12:54:17] Written by Torsten Seemann <torsten.seemann@gmail.com>
[12:54:17] Homepage is https://github.com/tseemann/prokka
[12:54:17] Local time is Tue Oct  6 12:54:17 2026
[12:54:17] You are bacte
[12:54:17] Operating system is linux
[12:54:17] You have BioPerl 1.7.8
[12:54:17] System has 8 cores.
[12:54:17] Will use maximum of 2 cores.
[12:54:17] Annotating as >>> Bacteria <<<
[12:54:17] Generating locus_tag from '/home/bacte/bacillus_amr/08_genomic_context/windows_10kb/L028_GCF_013348705.1_ant9-Ia.fna' contents.
[12:54:17] Setting --locustag CAHGPMBL from MD5 ca1096b5672949af20b448d75bae048f
[12:54:17] Creating new output folder: /home/bacte/bacillus_amr/08_genomic_context/prokka/L028_GCF_013348705.1_ant9-Ia
[12:54:17] Running: mkdir -p \/home\/bacte\/bacillus_amr\/08_genomic_context\/prokka\/L028_GCF_013348705\.1_ant9\-Ia
[12:54:17] Using filename prefix: L028_GCF_013348705.1_ant9-Ia.XXX
[12:54:17] Setting HMMER_NCPU=1
[12:54:17] Writing log to: /home/bacte/bacillus_amr/08_genomic_context/prokka/L028_GCF_013348705.1_ant9-Ia/L028_GCF_013348705.1_ant9-Ia.log
[12:54:17] Command: /home/bacte/miniconda3/envs/bacillus_ecogenomics/bin/prokka /home/bacte/bacillus_amr/08_genomic_context/windows_10kb/L028_GCF_013348705.1_ant9-Ia.fna --outdir /home/bacte/bacillus_amr/08_genomic_context/prokka/L028_GCF_013348705.1_ant9-Ia --prefix L028_GCF_013348705.1_ant9-Ia --kingdom Bacteria --genus Bacillus --cpus 2
[12:54:17] Looking for 'aragorn' - found /home/bacte/miniconda3/envs/bacillus_ecogenomics/bin/aragorn
[12:54:17] Determined aragorn version is v1.2 from 'ARAGORN v1.2.41 Dean Laslett'
[12:54:17] Looking for 'barrnap' - found /home/bacte/miniconda3/envs/bacillus_ecogenomics/bin/barrnap
[12:54:17] Determined barrnap version is v1.10 from 'barrnap 1.10.5'
[12:54:17] Looking for 'blastp' - found /home/bacte/miniconda3/envs/bacillus_ecogenomics/bin/blastp
[12:54:17] Determined blastp version is v2.17 from 'blastp: 2.17.0+'
[12:54:17] Looking for 'cmpress' - found /home/bacte/miniconda3/envs/bacillus_ecogenomics/bin/cmpress
[12:54:17] Determined cmpress version is v1.1 from '# INFERNAL 1.1.5 (Sep 2023)'
[12:54:17] Looking for 'cmscan' - found /home/bacte/miniconda3/envs/bacillus_ecogenomics/bin/cmscan
[12:54:17] Determined cmscan version is v1.1 from '# INFERNAL 1.1.5 (Sep 2023)'
[12:54:17] Looking for 'egrep' - found /usr/bin/egrep
[12:54:17] Looking for 'find' - found /usr/bin/find
[12:54:17] Looking for 'grep' - found /usr/bin/grep
[12:54:17] Looking for 'hmmpress' - found /home/bacte/miniconda3/envs/bacillus_ecogenomics/bin/hmmpress
[12:54:17] Determined hmmpress version is v3.4 from '# HMMER 3.4 (Aug 2023); http://hmmer.org/'
[12:54:17] Looking for 'hmmscan' - found /home/bacte/miniconda3/envs/bacillus_ecogenomics/bin/hmmscan
[12:54:17] Determined hmmscan version is v3.4 from '# HMMER 3.4 (Aug 2023); http://hmmer.org/'
[12:54:17] Looking for 'java' - found /home/bacte/miniconda3/envs/bacillus_ecogenomics/bin/java
[12:54:17] Looking for 'makeblastdb' - found /home/bacte/miniconda3/envs/bacillus_ecogenomics/bin/makeblastdb
[12:54:17] Determined makeblastdb version is v2.17 from 'makeblastdb: 2.17.0+'
[12:54:17] Looking for 'minced' - found /home/bacte/miniconda3/envs/bacillus_ecogenomics/bin/minced
[12:54:17] Determined minced version is v4.2 from 'minced 0.4.2'
[12:54:17] Looking for 'parallel' - found /home/bacte/miniconda3/envs/bacillus_ecogenomics/bin/parallel
[12:54:17] Determined parallel version is 20260422 from 'GNU parallel 20260422'
[12:54:17] Looking for 'prodigal' - found /home/bacte/miniconda3/envs/bacillus_ecogenomics/bin/prodigal
[12:54:17] Determined prodigal version is v2.6 from 'Prodigal V2.6.3: February, 2016'
[12:54:17] Looking for 'prokka-genbank_to_fasta_db' - found /home/bacte/miniconda3/envs/bacillus_ecogenomics/bin/prokka-genbank_to_fasta_db
[12:54:17] Looking for 'sed' - found /usr/bin/sed
[12:54:17] Looking for 'tbl2asn' - found /home/bacte/miniconda3/envs/bacillus_ecogenomics/bin/tbl2asn
[12:54:17] Determined tbl2asn version is v25.7 from 'tbl2asn 25.7   arguments:'
[12:54:17] Using genetic code table 11.
[12:54:17] Loading and checking input file: /home/bacte/bacillus_amr/08_genomic_context/windows_10kb/L028_GCF_013348705.1_ant9-Ia.fna
[12:54:17] Wrote 1 contigs totalling 20780 bp.
[12:54:17] Predicting tRNAs and tmRNAs
[12:54:17] Running: aragorn -l -gc11  -w \/home\/bacte\/bacillus_amr\/08_genomic_context\/prokka\/L028_GCF_013348705\.1_ant9\-Ia\/L028_GCF_013348705\.1_ant9\-Ia\.fna
[12:54:17] Found 0 tRNAs
[12:54:17] Predicting Ribosomal RNAs
[12:54:17] Running Barrnap with 2 threads
[12:54:18] Found 0 rRNAs
[12:54:18] Skipping ncRNA search, enable with --rfam if desired.
[12:54:18] Total of 0 tRNA + rRNA features
[12:54:18] Searching for CRISPR repeats
[12:54:18] Found 0 CRISPRs
[12:54:18] Predicting coding sequences
[12:54:18] Contigs total 20780 bp, so using single mode
[12:54:18] Running: prodigal -i \/home\/bacte\/bacillus_amr\/08_genomic_context\/prokka\/L028_GCF_013348705\.1_ant9\-Ia\/L028_GCF_013348705\.1_ant9\-Ia\.fna -c -m -g 11 -p single -f sco -q


Warning:  ideally Prodigal should be given at least 100000 bases for training.
You may get better results with the -p meta option.

[12:54:18] Found 31 CDS
[12:54:18] Connecting features back to sequences
[12:54:18] Not using genus-specific database. Try --usegenus to enable it.
[12:54:18] Annotating CDS, please be patient.
[12:54:18] Will use 2 CPUs for similarity searching.
[12:54:18] There are still 31 unannotated CDS left (started with 31)
[12:54:18] Will use blast to search against /home/bacte/miniconda3/envs/bacillus_ecogenomics/db/kingdom/Bacteria/IS with 2 CPUs
[12:54:18] Running: cat \/home\/bacte\/bacillus_amr\/08_genomic_context\/prokka\/L028_GCF_013348705\.1_ant9\-Ia\/L028_GCF_013348705\.1_ant9\-Ia\.IS\.tmp\.9474\.faa | parallel --gnu --plain -j 2 --block 1556 --recstart '>' --pipe blastp -query - -db /home/bacte/miniconda3/envs/bacillus_ecogenomics/db/kingdom/Bacteria/IS -evalue 1e-30 -qcov_hsp_perc 90 -num_threads 1 -num_descriptions 1 -num_alignments 1 -seg no > \/home\/bacte\/bacillus_amr\/08_genomic_context\/prokka\/L028_GCF_013348705\.1_ant9\-Ia\/L028_GCF_013348705\.1_ant9\-Ia\.IS\.tmp\.9474\.blast 2> /dev/null
[12:54:19] Deleting unwanted file: /home/bacte/bacillus_amr/08_genomic_context/prokka/L028_GCF_013348705.1_ant9-Ia/L028_GCF_013348705.1_ant9-Ia.IS.tmp.9474.faa
[12:54:19] Deleting unwanted file: /home/bacte/bacillus_amr/08_genomic_context/prokka/L028_GCF_013348705.1_ant9-Ia/L028_GCF_013348705.1_ant9-Ia.IS.tmp.9474.blast
[12:54:19] There are still 31 unannotated CDS left (started with 31)
[12:54:19] Will use blast to search against /home/bacte/miniconda3/envs/bacillus_ecogenomics/db/kingdom/Bacteria/AMR with 2 CPUs
[12:54:19] Running: cat \/home\/bacte\/bacillus_amr\/08_genomic_context\/prokka\/L028_GCF_013348705\.1_ant9\-Ia\/L028_GCF_013348705\.1_ant9\-Ia\.AMR\.tmp\.9474\.faa | parallel --gnu --plain -j 2 --block 1556 --recstart '>' --pipe blastp -query - -db /home/bacte/miniconda3/envs/bacillus_ecogenomics/db/kingdom/Bacteria/AMR -evalue 1e-300 -qcov_hsp_perc 90 -num_threads 1 -num_descriptions 1 -num_alignments 1 -seg no > \/home\/bacte\/bacillus_amr\/08_genomic_context\/prokka\/L028_GCF_013348705\.1_ant9\-Ia\/L028_GCF_013348705\.1_ant9\-Ia\.AMR\.tmp\.9474\.blast 2> /dev/null
[12:54:20] Deleting unwanted file: /home/bacte/bacillus_amr/08_genomic_context/prokka/L028_GCF_013348705.1_ant9-Ia/L028_GCF_013348705.1_ant9-Ia.AMR.tmp.9474.faa
[12:54:20] Deleting unwanted file: /home/bacte/bacillus_amr/08_genomic_context/prokka/L028_GCF_013348705.1_ant9-Ia/L028_GCF_013348705.1_ant9-Ia.AMR.tmp.9474.blast
[12:54:20] There are still 31 unannotated CDS left (started with 31)
[12:54:20] Will use blast to search against /home/bacte/miniconda3/envs/bacillus_ecogenomics/db/kingdom/Bacteria/sprot with 2 CPUs
[12:54:20] Running: cat \/home\/bacte\/bacillus_amr\/08_genomic_context\/prokka\/L028_GCF_013348705\.1_ant9\-Ia\/L028_GCF_013348705\.1_ant9\-Ia\.sprot\.tmp\.9474\.faa | parallel --gnu --plain -j 2 --block 1556 --recstart '>' --pipe blastp -query - -db /home/bacte/miniconda3/envs/bacillus_ecogenomics/db/kingdom/Bacteria/sprot -evalue 1e-09 -qcov_hsp_perc 80 -num_threads 1 -num_descriptions 1 -num_alignments 1 -seg no > \/home\/bacte\/bacillus_amr\/08_genomic_context\/prokka\/L028_GCF_013348705\.1_ant9\-Ia\/L028_GCF_013348705\.1_ant9\-Ia\.sprot\.tmp\.9474\.blast 2> /dev/null
[12:54:21] Modify product: Uncharacterized protein Rv1339 => putative protein
[12:54:21] Modify product: Uncharacterized sugar epimerase YhfK => putative sugar epimerase YhfK
[12:54:21] Modify product: Uncharacterized acyl--CoA ligase YhfT => putative acyl--CoA ligase YhfT
[12:54:21] Modify product: Probable biotin transporter BioY => putative biotin transporter BioY
[12:54:21] Cleaned 4 /product names
[12:54:21] Deleting unwanted file: /home/bacte/bacillus_amr/08_genomic_context/prokka/L028_GCF_013348705.1_ant9-Ia/L028_GCF_013348705.1_ant9-Ia.sprot.tmp.9474.faa
[12:54:21] Deleting unwanted file: /home/bacte/bacillus_amr/08_genomic_context/prokka/L028_GCF_013348705.1_ant9-Ia/L028_GCF_013348705.1_ant9-Ia.sprot.tmp.9474.blast
[12:54:21] There are still 16 unannotated CDS left (started with 31)
[12:54:21] Will use hmmer3 to search against /home/bacte/miniconda3/envs/bacillus_ecogenomics/db/hmm/HAMAP.hmm with 2 CPUs
[12:54:21] Running: cat \/home\/bacte\/bacillus_amr\/08_genomic_context\/prokka\/L028_GCF_013348705\.1_ant9\-Ia\/L028_GCF_013348705\.1_ant9\-Ia\.HAMAP\.hmm\.tmp\.9474\.faa | parallel --gnu --plain -j 2 --block 502 --recstart '>' --pipe hmmscan --noali --notextw --acc -E 1e-09 --cpu 1 /home/bacte/miniconda3/envs/bacillus_ecogenomics/db/hmm/HAMAP.hmm /dev/stdin > \/home\/bacte\/bacillus_amr\/08_genomic_context\/prokka\/L028_GCF_013348705\.1_ant9\-Ia\/L028_GCF_013348705\.1_ant9\-Ia\.HAMAP\.hmm\.tmp\.9474\.hmmer3 2> /dev/null
[12:54:22] Deleting unwanted file: /home/bacte/bacillus_amr/08_genomic_context/prokka/L028_GCF_013348705.1_ant9-Ia/L028_GCF_013348705.1_ant9-Ia.HAMAP.hmm.tmp.9474.faa
[12:54:22] Deleting unwanted file: /home/bacte/bacillus_amr/08_genomic_context/prokka/L028_GCF_013348705.1_ant9-Ia/L028_GCF_013348705.1_ant9-Ia.HAMAP.hmm.tmp.9474.hmmer3
[12:54:22] Labelling remaining 14 proteins as 'hypothetical protein'
[12:54:22] Found 15 unique /gene codes.
[12:54:22] Fixed 2 duplicate /gene - apr_1 apr_2
[12:54:22] Fixed 1 colliding /gene names.
[12:54:22] Adding /locus_tag identifiers
[12:54:22] Assigned 31 locus_tags to CDS and RNA features.
[12:54:22] Writing outputs to /home/bacte/bacillus_amr/08_genomic_context/prokka/L028_GCF_013348705.1_ant9-Ia/
[12:54:22] Generating annotation statistics file
[12:54:22] Generating Genbank and Sequin files
[12:54:22] Running: tbl2asn -V b -a r10k -l paired-ends -M n -N 1 -y 'Annotated using prokka 1.15.6 from https://github.com/tseemann/prokka' -Z \/home\/bacte\/bacillus_amr\/08_genomic_context\/prokka\/L028_GCF_013348705\.1_ant9\-Ia\/L028_GCF_013348705\.1_ant9\-Ia\.err -i \/home\/bacte\/bacillus_amr\/08_genomic_context\/prokka\/L028_GCF_013348705\.1_ant9\-Ia\/L028_GCF_013348705\.1_ant9\-Ia\.fsa 2> /dev/null
[tbl2asn-forever] Found Prokka input, correcting dates in .gbf|.sqn files.
[tbl2asn-forever] Correcting dates in /home/bacte/bacillus_amr/08_genomic_context/prokka/L028_GCF_013348705.1_ant9-Ia/L028_GCF_013348705.1_ant9-Ia.gbf
[tbl2asn-forever] Correcting dates in /home/bacte/bacillus_amr/08_genomic_context/prokka/L028_GCF_013348705.1_ant9-Ia/L028_GCF_013348705.1_ant9-Ia.sqn
[tbl2asn-forever] Dates changed from 01-JAN-2019 to 06-OCT-2026
[12:54:22] Deleting unwanted file: /home/bacte/bacillus_amr/08_genomic_context/prokka/L028_GCF_013348705.1_ant9-Ia/errorsummary.val
[12:54:22] Deleting unwanted file: /home/bacte/bacillus_amr/08_genomic_context/prokka/L028_GCF_013348705.1_ant9-Ia/L028_GCF_013348705.1_ant9-Ia.dr
[12:54:22] Deleting unwanted file: /home/bacte/bacillus_amr/08_genomic_context/prokka/L028_GCF_013348705.1_ant9-Ia/L028_GCF_013348705.1_ant9-Ia.fixedproducts
[12:54:22] Deleting unwanted file: /home/bacte/bacillus_amr/08_genomic_context/prokka/L028_GCF_013348705.1_ant9-Ia/L028_GCF_013348705.1_ant9-Ia.ecn
[12:54:22] Deleting unwanted file: /home/bacte/bacillus_amr/08_genomic_context/prokka/L028_GCF_013348705.1_ant9-Ia/L028_GCF_013348705.1_ant9-Ia.val
[12:54:22] Repairing broken .GBK output that tbl2asn produces...
[12:54:22] Running: sed 's/COORDINATES: profile/COORDINATES:profile/' < \/home\/bacte\/bacillus_amr\/08_genomic_context\/prokka\/L028_GCF_013348705\.1_ant9\-Ia\/L028_GCF_013348705\.1_ant9\-Ia\.gbf > \/home\/bacte\/bacillus_amr\/08_genomic_context\/prokka\/L028_GCF_013348705\.1_ant9\-Ia\/L028_GCF_013348705\.1_ant9\-Ia\.gbk
[12:54:22] Deleting unwanted file: /home/bacte/bacillus_amr/08_genomic_context/prokka/L028_GCF_013348705.1_ant9-Ia/L028_GCF_013348705.1_ant9-Ia.gbf
[12:54:22] Output files:
[12:54:22] /home/bacte/bacillus_amr/08_genomic_context/prokka/L028_GCF_013348705.1_ant9-Ia/L028_GCF_013348705.1_ant9-Ia.err
[12:54:22] /home/bacte/bacillus_amr/08_genomic_context/prokka/L028_GCF_013348705.1_ant9-Ia/L028_GCF_013348705.1_ant9-Ia.tsv
[12:54:22] /home/bacte/bacillus_amr/08_genomic_context/prokka/L028_GCF_013348705.1_ant9-Ia/L028_GCF_013348705.1_ant9-Ia.log
[12:54:22] /home/bacte/bacillus_amr/08_genomic_context/prokka/L028_GCF_013348705.1_ant9-Ia/L028_GCF_013348705.1_ant9-Ia.txt
[12:54:22] /home/bacte/bacillus_amr/08_genomic_context/prokka/L028_GCF_013348705.1_ant9-Ia/L028_GCF_013348705.1_ant9-Ia.gff
[12:54:22] /home/bacte/bacillus_amr/08_genomic_context/prokka/L028_GCF_013348705.1_ant9-Ia/L028_GCF_013348705.1_ant9-Ia.fsa
[12:54:22] /home/bacte/bacillus_amr/08_genomic_context/prokka/L028_GCF_013348705.1_ant9-Ia/L028_GCF_013348705.1_ant9-Ia.tbl
[12:54:22] /home/bacte/bacillus_amr/08_genomic_context/prokka/L028_GCF_013348705.1_ant9-Ia/L028_GCF_013348705.1_ant9-Ia.ffn
[12:54:22] /home/bacte/bacillus_amr/08_genomic_context/prokka/L028_GCF_013348705.1_ant9-Ia/L028_GCF_013348705.1_ant9-Ia.fna
[12:54:22] /home/bacte/bacillus_amr/08_genomic_context/prokka/L028_GCF_013348705.1_ant9-Ia/L028_GCF_013348705.1_ant9-Ia.faa
[12:54:22] /home/bacte/bacillus_amr/08_genomic_context/prokka/L028_GCF_013348705.1_ant9-Ia/L028_GCF_013348705.1_ant9-Ia.sqn
[12:54:22] /home/bacte/bacillus_amr/08_genomic_context/prokka/L028_GCF_013348705.1_ant9-Ia/L028_GCF_013348705.1_ant9-Ia.gbk
[12:54:22] Annotation finished successfully.
[12:54:22] Walltime used: 0.08 minutes
[12:54:22] If you use this result please cite the Prokka paper:
[12:54:22] Seemann T (2014) Prokka: rapid prokaryotic genome annotation. Bioinformatics. 30(14):2068-9.
[12:54:22] Type 'prokka --citation' for more details.
[12:54:22] Share and enjoy!
[29/41] L029_GCF_013348705.1_aph3-IIIa
[12:54:22] This is prokka 1.15.6
[12:54:22] Written by Torsten Seemann <torsten.seemann@gmail.com>
[12:54:22] Homepage is https://github.com/tseemann/prokka
[12:54:22] Local time is Tue Oct  6 12:54:22 2026
[12:54:22] You are bacte
[12:54:22] Operating system is linux
[12:54:22] You have BioPerl 1.7.8
[12:54:22] System has 8 cores.
[12:54:22] Will use maximum of 2 cores.
[12:54:22] Annotating as >>> Bacteria <<<
[12:54:22] Generating locus_tag from '/home/bacte/bacillus_amr/08_genomic_context/windows_10kb/L029_GCF_013348705.1_aph3-IIIa.fna' contents.
[12:54:23] Setting --locustag CKAMBHII from MD5 c4a6b122d3d1bef57bfab5708c5297a6
[12:54:23] Creating new output folder: /home/bacte/bacillus_amr/08_genomic_context/prokka/L029_GCF_013348705.1_aph3-IIIa
[12:54:23] Running: mkdir -p \/home\/bacte\/bacillus_amr\/08_genomic_context\/prokka\/L029_GCF_013348705\.1_aph3\-IIIa
[12:54:23] Using filename prefix: L029_GCF_013348705.1_aph3-IIIa.XXX
[12:54:23] Setting HMMER_NCPU=1
[12:54:23] Writing log to: /home/bacte/bacillus_amr/08_genomic_context/prokka/L029_GCF_013348705.1_aph3-IIIa/L029_GCF_013348705.1_aph3-IIIa.log
[12:54:23] Command: /home/bacte/miniconda3/envs/bacillus_ecogenomics/bin/prokka /home/bacte/bacillus_amr/08_genomic_context/windows_10kb/L029_GCF_013348705.1_aph3-IIIa.fna --outdir /home/bacte/bacillus_amr/08_genomic_context/prokka/L029_GCF_013348705.1_aph3-IIIa --prefix L029_GCF_013348705.1_aph3-IIIa --kingdom Bacteria --genus Bacillus --cpus 2
[12:54:23] Looking for 'aragorn' - found /home/bacte/miniconda3/envs/bacillus_ecogenomics/bin/aragorn
[12:54:23] Determined aragorn version is v1.2 from 'ARAGORN v1.2.41 Dean Laslett'
[12:54:23] Looking for 'barrnap' - found /home/bacte/miniconda3/envs/bacillus_ecogenomics/bin/barrnap
[12:54:23] Determined barrnap version is v1.10 from 'barrnap 1.10.5'
[12:54:23] Looking for 'blastp' - found /home/bacte/miniconda3/envs/bacillus_ecogenomics/bin/blastp
[12:54:23] Determined blastp version is v2.17 from 'blastp: 2.17.0+'
[12:54:23] Looking for 'cmpress' - found /home/bacte/miniconda3/envs/bacillus_ecogenomics/bin/cmpress
[12:54:23] Determined cmpress version is v1.1 from '# INFERNAL 1.1.5 (Sep 2023)'
[12:54:23] Looking for 'cmscan' - found /home/bacte/miniconda3/envs/bacillus_ecogenomics/bin/cmscan
[12:54:23] Determined cmscan version is v1.1 from '# INFERNAL 1.1.5 (Sep 2023)'
[12:54:23] Looking for 'egrep' - found /usr/bin/egrep
[12:54:23] Looking for 'find' - found /usr/bin/find
[12:54:23] Looking for 'grep' - found /usr/bin/grep
[12:54:23] Looking for 'hmmpress' - found /home/bacte/miniconda3/envs/bacillus_ecogenomics/bin/hmmpress
[12:54:23] Determined hmmpress version is v3.4 from '# HMMER 3.4 (Aug 2023); http://hmmer.org/'
[12:54:23] Looking for 'hmmscan' - found /home/bacte/miniconda3/envs/bacillus_ecogenomics/bin/hmmscan
[12:54:23] Determined hmmscan version is v3.4 from '# HMMER 3.4 (Aug 2023); http://hmmer.org/'
[12:54:23] Looking for 'java' - found /home/bacte/miniconda3/envs/bacillus_ecogenomics/bin/java
[12:54:23] Looking for 'makeblastdb' - found /home/bacte/miniconda3/envs/bacillus_ecogenomics/bin/makeblastdb
[12:54:23] Determined makeblastdb version is v2.17 from 'makeblastdb: 2.17.0+'
[12:54:23] Looking for 'minced' - found /home/bacte/miniconda3/envs/bacillus_ecogenomics/bin/minced
[12:54:23] Determined minced version is v4.2 from 'minced 0.4.2'
[12:54:23] Looking for 'parallel' - found /home/bacte/miniconda3/envs/bacillus_ecogenomics/bin/parallel
[12:54:23] Determined parallel version is 20260422 from 'GNU parallel 20260422'
[12:54:23] Looking for 'prodigal' - found /home/bacte/miniconda3/envs/bacillus_ecogenomics/bin/prodigal
[12:54:23] Determined prodigal version is v2.6 from 'Prodigal V2.6.3: February, 2016'
[12:54:23] Looking for 'prokka-genbank_to_fasta_db' - found /home/bacte/miniconda3/envs/bacillus_ecogenomics/bin/prokka-genbank_to_fasta_db
[12:54:23] Looking for 'sed' - found /usr/bin/sed
[12:54:23] Looking for 'tbl2asn' - found /home/bacte/miniconda3/envs/bacillus_ecogenomics/bin/tbl2asn
[12:54:23] Determined tbl2asn version is v25.7 from 'tbl2asn 25.7   arguments:'
[12:54:23] Using genetic code table 11.
[12:54:23] Loading and checking input file: /home/bacte/bacillus_amr/08_genomic_context/windows_10kb/L029_GCF_013348705.1_aph3-IIIa.fna
[12:54:23] Wrote 1 contigs totalling 20792 bp.
[12:54:23] Predicting tRNAs and tmRNAs
[12:54:23] Running: aragorn -l -gc11  -w \/home\/bacte\/bacillus_amr\/08_genomic_context\/prokka\/L029_GCF_013348705\.1_aph3\-IIIa\/L029_GCF_013348705\.1_aph3\-IIIa\.fna
[12:54:23] Found 0 tRNAs
[12:54:23] Predicting Ribosomal RNAs
[12:54:23] Running Barrnap with 2 threads
[12:54:23] Found 0 rRNAs
[12:54:23] Skipping ncRNA search, enable with --rfam if desired.
[12:54:23] Total of 0 tRNA + rRNA features
[12:54:23] Searching for CRISPR repeats
[12:54:24] Found 0 CRISPRs
[12:54:24] Predicting coding sequences
[12:54:24] Contigs total 20792 bp, so using single mode
[12:54:24] Running: prodigal -i \/home\/bacte\/bacillus_amr\/08_genomic_context\/prokka\/L029_GCF_013348705\.1_aph3\-IIIa\/L029_GCF_013348705\.1_aph3\-IIIa\.fna -c -m -g 11 -p single -f sco -q


Warning:  ideally Prodigal should be given at least 100000 bases for training.
You may get better results with the -p meta option.

[12:54:24] Found 34 CDS
[12:54:24] Connecting features back to sequences
[12:54:24] Not using genus-specific database. Try --usegenus to enable it.
[12:54:24] Annotating CDS, please be patient.
[12:54:24] Will use 2 CPUs for similarity searching.
[12:54:24] There are still 34 unannotated CDS left (started with 34)
[12:54:24] Will use blast to search against /home/bacte/miniconda3/envs/bacillus_ecogenomics/db/kingdom/Bacteria/IS with 2 CPUs
[12:54:24] Running: cat \/home\/bacte\/bacillus_amr\/08_genomic_context\/prokka\/L029_GCF_013348705\.1_aph3\-IIIa\/L029_GCF_013348705\.1_aph3\-IIIa\.IS\.tmp\.9844\.faa | parallel --gnu --plain -j 2 --block 1504 --recstart '>' --pipe blastp -query - -db /home/bacte/miniconda3/envs/bacillus_ecogenomics/db/kingdom/Bacteria/IS -evalue 1e-30 -qcov_hsp_perc 90 -num_threads 1 -num_descriptions 1 -num_alignments 1 -seg no > \/home\/bacte\/bacillus_amr\/08_genomic_context\/prokka\/L029_GCF_013348705\.1_aph3\-IIIa\/L029_GCF_013348705\.1_aph3\-IIIa\.IS\.tmp\.9844\.blast 2> /dev/null
[12:54:25] Deleting unwanted file: /home/bacte/bacillus_amr/08_genomic_context/prokka/L029_GCF_013348705.1_aph3-IIIa/L029_GCF_013348705.1_aph3-IIIa.IS.tmp.9844.faa
[12:54:25] Deleting unwanted file: /home/bacte/bacillus_amr/08_genomic_context/prokka/L029_GCF_013348705.1_aph3-IIIa/L029_GCF_013348705.1_aph3-IIIa.IS.tmp.9844.blast
[12:54:25] There are still 34 unannotated CDS left (started with 34)
[12:54:25] Will use blast to search against /home/bacte/miniconda3/envs/bacillus_ecogenomics/db/kingdom/Bacteria/AMR with 2 CPUs
[12:54:25] Running: cat \/home\/bacte\/bacillus_amr\/08_genomic_context\/prokka\/L029_GCF_013348705\.1_aph3\-IIIa\/L029_GCF_013348705\.1_aph3\-IIIa\.AMR\.tmp\.9844\.faa | parallel --gnu --plain -j 2 --block 1504 --recstart '>' --pipe blastp -query - -db /home/bacte/miniconda3/envs/bacillus_ecogenomics/db/kingdom/Bacteria/AMR -evalue 1e-300 -qcov_hsp_perc 90 -num_threads 1 -num_descriptions 1 -num_alignments 1 -seg no > \/home\/bacte\/bacillus_amr\/08_genomic_context\/prokka\/L029_GCF_013348705\.1_aph3\-IIIa\/L029_GCF_013348705\.1_aph3\-IIIa\.AMR\.tmp\.9844\.blast 2> /dev/null
[12:54:25] Deleting unwanted file: /home/bacte/bacillus_amr/08_genomic_context/prokka/L029_GCF_013348705.1_aph3-IIIa/L029_GCF_013348705.1_aph3-IIIa.AMR.tmp.9844.faa
[12:54:25] Deleting unwanted file: /home/bacte/bacillus_amr/08_genomic_context/prokka/L029_GCF_013348705.1_aph3-IIIa/L029_GCF_013348705.1_aph3-IIIa.AMR.tmp.9844.blast
[12:54:25] There are still 34 unannotated CDS left (started with 34)
[12:54:25] Will use blast to search against /home/bacte/miniconda3/envs/bacillus_ecogenomics/db/kingdom/Bacteria/sprot with 2 CPUs
[12:54:25] Running: cat \/home\/bacte\/bacillus_amr\/08_genomic_context\/prokka\/L029_GCF_013348705\.1_aph3\-IIIa\/L029_GCF_013348705\.1_aph3\-IIIa\.sprot\.tmp\.9844\.faa | parallel --gnu --plain -j 2 --block 1504 --recstart '>' --pipe blastp -query - -db /home/bacte/miniconda3/envs/bacillus_ecogenomics/db/kingdom/Bacteria/sprot -evalue 1e-09 -qcov_hsp_perc 80 -num_threads 1 -num_descriptions 1 -num_alignments 1 -seg no > \/home\/bacte\/bacillus_amr\/08_genomic_context\/prokka\/L029_GCF_013348705\.1_aph3\-IIIa\/L029_GCF_013348705\.1_aph3\-IIIa\.sprot\.tmp\.9844\.blast 2> /dev/null
[12:54:27] Modify product: UPF0223 protein BH2638 => hypothetical protein
[12:54:27] Modify product: UPF0637 protein YktB => hypothetical protein
[12:54:27] Cleaned 2 /product names
[12:54:27] Deleting unwanted file: /home/bacte/bacillus_amr/08_genomic_context/prokka/L029_GCF_013348705.1_aph3-IIIa/L029_GCF_013348705.1_aph3-IIIa.sprot.tmp.9844.faa
[12:54:27] Deleting unwanted file: /home/bacte/bacillus_amr/08_genomic_context/prokka/L029_GCF_013348705.1_aph3-IIIa/L029_GCF_013348705.1_aph3-IIIa.sprot.tmp.9844.blast
[12:54:27] There are still 22 unannotated CDS left (started with 34)
[12:54:27] Will use hmmer3 to search against /home/bacte/miniconda3/envs/bacillus_ecogenomics/db/hmm/HAMAP.hmm with 2 CPUs
[12:54:27] Running: cat \/home\/bacte\/bacillus_amr\/08_genomic_context\/prokka\/L029_GCF_013348705\.1_aph3\-IIIa\/L029_GCF_013348705\.1_aph3\-IIIa\.HAMAP\.hmm\.tmp\.9844\.faa | parallel --gnu --plain -j 2 --block 675 --recstart '>' --pipe hmmscan --noali --notextw --acc -E 1e-09 --cpu 1 /home/bacte/miniconda3/envs/bacillus_ecogenomics/db/hmm/HAMAP.hmm /dev/stdin > \/home\/bacte\/bacillus_amr\/08_genomic_context\/prokka\/L029_GCF_013348705\.1_aph3\-IIIa\/L029_GCF_013348705\.1_aph3\-IIIa\.HAMAP\.hmm\.tmp\.9844\.hmmer3 2> /dev/null
[12:54:28] Deleting unwanted file: /home/bacte/bacillus_amr/08_genomic_context/prokka/L029_GCF_013348705.1_aph3-IIIa/L029_GCF_013348705.1_aph3-IIIa.HAMAP.hmm.tmp.9844.faa
[12:54:28] Deleting unwanted file: /home/bacte/bacillus_amr/08_genomic_context/prokka/L029_GCF_013348705.1_aph3-IIIa/L029_GCF_013348705.1_aph3-IIIa.HAMAP.hmm.tmp.9844.hmmer3
[12:54:28] Labelling remaining 22 proteins as 'hypothetical protein'
[12:54:28] Found 10 unique /gene codes.
[12:54:28] Fixed 0 colliding /gene names.
[12:54:28] Adding /locus_tag identifiers
[12:54:28] Assigned 34 locus_tags to CDS and RNA features.
[12:54:28] Writing outputs to /home/bacte/bacillus_amr/08_genomic_context/prokka/L029_GCF_013348705.1_aph3-IIIa/
[12:54:28] Generating annotation statistics file
[12:54:28] Generating Genbank and Sequin files
[12:54:28] Running: tbl2asn -V b -a r10k -l paired-ends -M n -N 1 -y 'Annotated using prokka 1.15.6 from https://github.com/tseemann/prokka' -Z \/home\/bacte\/bacillus_amr\/08_genomic_context\/prokka\/L029_GCF_013348705\.1_aph3\-IIIa\/L029_GCF_013348705\.1_aph3\-IIIa\.err -i \/home\/bacte\/bacillus_amr\/08_genomic_context\/prokka\/L029_GCF_013348705\.1_aph3\-IIIa\/L029_GCF_013348705\.1_aph3\-IIIa\.fsa 2> /dev/null
[tbl2asn-forever] Found Prokka input, correcting dates in .gbf|.sqn files.
[tbl2asn-forever] Correcting dates in /home/bacte/bacillus_amr/08_genomic_context/prokka/L029_GCF_013348705.1_aph3-IIIa/L029_GCF_013348705.1_aph3-IIIa.gbf
[tbl2asn-forever] Correcting dates in /home/bacte/bacillus_amr/08_genomic_context/prokka/L029_GCF_013348705.1_aph3-IIIa/L029_GCF_013348705.1_aph3-IIIa.sqn
[tbl2asn-forever] Dates changed from 01-JAN-2019 to 06-OCT-2026
[12:54:28] Deleting unwanted file: /home/bacte/bacillus_amr/08_genomic_context/prokka/L029_GCF_013348705.1_aph3-IIIa/errorsummary.val
[12:54:28] Deleting unwanted file: /home/bacte/bacillus_amr/08_genomic_context/prokka/L029_GCF_013348705.1_aph3-IIIa/L029_GCF_013348705.1_aph3-IIIa.dr
[12:54:28] Deleting unwanted file: /home/bacte/bacillus_amr/08_genomic_context/prokka/L029_GCF_013348705.1_aph3-IIIa/L029_GCF_013348705.1_aph3-IIIa.fixedproducts
[12:54:28] Deleting unwanted file: /home/bacte/bacillus_amr/08_genomic_context/prokka/L029_GCF_013348705.1_aph3-IIIa/L029_GCF_013348705.1_aph3-IIIa.ecn
[12:54:28] Deleting unwanted file: /home/bacte/bacillus_amr/08_genomic_context/prokka/L029_GCF_013348705.1_aph3-IIIa/L029_GCF_013348705.1_aph3-IIIa.val
[12:54:28] Repairing broken .GBK output that tbl2asn produces...
[12:54:28] Running: sed 's/COORDINATES: profile/COORDINATES:profile/' < \/home\/bacte\/bacillus_amr\/08_genomic_context\/prokka\/L029_GCF_013348705\.1_aph3\-IIIa\/L029_GCF_013348705\.1_aph3\-IIIa\.gbf > \/home\/bacte\/bacillus_amr\/08_genomic_context\/prokka\/L029_GCF_013348705\.1_aph3\-IIIa\/L029_GCF_013348705\.1_aph3\-IIIa\.gbk
[12:54:28] Deleting unwanted file: /home/bacte/bacillus_amr/08_genomic_context/prokka/L029_GCF_013348705.1_aph3-IIIa/L029_GCF_013348705.1_aph3-IIIa.gbf
[12:54:28] Output files:
[12:54:28] /home/bacte/bacillus_amr/08_genomic_context/prokka/L029_GCF_013348705.1_aph3-IIIa/L029_GCF_013348705.1_aph3-IIIa.ffn
[12:54:28] /home/bacte/bacillus_amr/08_genomic_context/prokka/L029_GCF_013348705.1_aph3-IIIa/L029_GCF_013348705.1_aph3-IIIa.faa
[12:54:28] /home/bacte/bacillus_amr/08_genomic_context/prokka/L029_GCF_013348705.1_aph3-IIIa/L029_GCF_013348705.1_aph3-IIIa.tbl
[12:54:28] /home/bacte/bacillus_amr/08_genomic_context/prokka/L029_GCF_013348705.1_aph3-IIIa/L029_GCF_013348705.1_aph3-IIIa.fna
[12:54:28] /home/bacte/bacillus_amr/08_genomic_context/prokka/L029_GCF_013348705.1_aph3-IIIa/L029_GCF_013348705.1_aph3-IIIa.sqn
[12:54:28] /home/bacte/bacillus_amr/08_genomic_context/prokka/L029_GCF_013348705.1_aph3-IIIa/L029_GCF_013348705.1_aph3-IIIa.gff
[12:54:28] /home/bacte/bacillus_amr/08_genomic_context/prokka/L029_GCF_013348705.1_aph3-IIIa/L029_GCF_013348705.1_aph3-IIIa.fsa
[12:54:28] /home/bacte/bacillus_amr/08_genomic_context/prokka/L029_GCF_013348705.1_aph3-IIIa/L029_GCF_013348705.1_aph3-IIIa.err
[12:54:28] /home/bacte/bacillus_amr/08_genomic_context/prokka/L029_GCF_013348705.1_aph3-IIIa/L029_GCF_013348705.1_aph3-IIIa.tsv
[12:54:28] /home/bacte/bacillus_amr/08_genomic_context/prokka/L029_GCF_013348705.1_aph3-IIIa/L029_GCF_013348705.1_aph3-IIIa.log
[12:54:28] /home/bacte/bacillus_amr/08_genomic_context/prokka/L029_GCF_013348705.1_aph3-IIIa/L029_GCF_013348705.1_aph3-IIIa.gbk
[12:54:28] /home/bacte/bacillus_amr/08_genomic_context/prokka/L029_GCF_013348705.1_aph3-IIIa/L029_GCF_013348705.1_aph3-IIIa.txt
[12:54:28] Annotation finished successfully.
[12:54:28] Walltime used: 0.10 minutes
[12:54:28] If you use this result please cite the Prokka paper:
[12:54:28] Seemann T (2014) Prokka: rapid prokaryotic genome annotation. Bioinformatics. 30(14):2068-9.
[12:54:28] Type 'prokka --citation' for more details.
[12:54:28] Thank you, come again.
[30/41] L030_GCF_022370935.1_aph3-IIIa
[12:54:29] This is prokka 1.15.6
[12:54:29] Written by Torsten Seemann <torsten.seemann@gmail.com>
[12:54:29] Homepage is https://github.com/tseemann/prokka
[12:54:29] Local time is Tue Oct  6 12:54:29 2026
[12:54:29] You are bacte
[12:54:29] Operating system is linux
[12:54:29] You have BioPerl 1.7.8
[12:54:29] System has 8 cores.
[12:54:29] Will use maximum of 2 cores.
[12:54:29] Annotating as >>> Bacteria <<<
[12:54:29] Generating locus_tag from '/home/bacte/bacillus_amr/08_genomic_context/windows_10kb/L030_GCF_022370935.1_aph3-IIIa.fna' contents.
[12:54:29] Setting --locustag BKELLLEB from MD5 b4e555eb2c3f73fe0f27352468bead64
[12:54:29] Creating new output folder: /home/bacte/bacillus_amr/08_genomic_context/prokka/L030_GCF_022370935.1_aph3-IIIa
[12:54:29] Running: mkdir -p \/home\/bacte\/bacillus_amr\/08_genomic_context\/prokka\/L030_GCF_022370935\.1_aph3\-IIIa
[12:54:29] Using filename prefix: L030_GCF_022370935.1_aph3-IIIa.XXX
[12:54:29] Setting HMMER_NCPU=1
[12:54:29] Writing log to: /home/bacte/bacillus_amr/08_genomic_context/prokka/L030_GCF_022370935.1_aph3-IIIa/L030_GCF_022370935.1_aph3-IIIa.log
[12:54:29] Command: /home/bacte/miniconda3/envs/bacillus_ecogenomics/bin/prokka /home/bacte/bacillus_amr/08_genomic_context/windows_10kb/L030_GCF_022370935.1_aph3-IIIa.fna --outdir /home/bacte/bacillus_amr/08_genomic_context/prokka/L030_GCF_022370935.1_aph3-IIIa --prefix L030_GCF_022370935.1_aph3-IIIa --kingdom Bacteria --genus Bacillus --cpus 2
[12:54:29] Looking for 'aragorn' - found /home/bacte/miniconda3/envs/bacillus_ecogenomics/bin/aragorn
[12:54:29] Determined aragorn version is v1.2 from 'ARAGORN v1.2.41 Dean Laslett'
[12:54:29] Looking for 'barrnap' - found /home/bacte/miniconda3/envs/bacillus_ecogenomics/bin/barrnap
[12:54:29] Determined barrnap version is v1.10 from 'barrnap 1.10.5'
[12:54:29] Looking for 'blastp' - found /home/bacte/miniconda3/envs/bacillus_ecogenomics/bin/blastp
[12:54:29] Determined blastp version is v2.17 from 'blastp: 2.17.0+'
[12:54:29] Looking for 'cmpress' - found /home/bacte/miniconda3/envs/bacillus_ecogenomics/bin/cmpress
[12:54:29] Determined cmpress version is v1.1 from '# INFERNAL 1.1.5 (Sep 2023)'
[12:54:29] Looking for 'cmscan' - found /home/bacte/miniconda3/envs/bacillus_ecogenomics/bin/cmscan
[12:54:29] Determined cmscan version is v1.1 from '# INFERNAL 1.1.5 (Sep 2023)'
[12:54:29] Looking for 'egrep' - found /usr/bin/egrep
[12:54:29] Looking for 'find' - found /usr/bin/find
[12:54:29] Looking for 'grep' - found /usr/bin/grep
[12:54:29] Looking for 'hmmpress' - found /home/bacte/miniconda3/envs/bacillus_ecogenomics/bin/hmmpress
[12:54:29] Determined hmmpress version is v3.4 from '# HMMER 3.4 (Aug 2023); http://hmmer.org/'
[12:54:29] Looking for 'hmmscan' - found /home/bacte/miniconda3/envs/bacillus_ecogenomics/bin/hmmscan
[12:54:29] Determined hmmscan version is v3.4 from '# HMMER 3.4 (Aug 2023); http://hmmer.org/'
[12:54:29] Looking for 'java' - found /home/bacte/miniconda3/envs/bacillus_ecogenomics/bin/java
[12:54:29] Looking for 'makeblastdb' - found /home/bacte/miniconda3/envs/bacillus_ecogenomics/bin/makeblastdb
[12:54:29] Determined makeblastdb version is v2.17 from 'makeblastdb: 2.17.0+'
[12:54:29] Looking for 'minced' - found /home/bacte/miniconda3/envs/bacillus_ecogenomics/bin/minced
[12:54:29] Determined minced version is v4.2 from 'minced 0.4.2'
[12:54:29] Looking for 'parallel' - found /home/bacte/miniconda3/envs/bacillus_ecogenomics/bin/parallel
[12:54:29] Determined parallel version is 20260422 from 'GNU parallel 20260422'
[12:54:29] Looking for 'prodigal' - found /home/bacte/miniconda3/envs/bacillus_ecogenomics/bin/prodigal
[12:54:29] Determined prodigal version is v2.6 from 'Prodigal V2.6.3: February, 2016'
[12:54:29] Looking for 'prokka-genbank_to_fasta_db' - found /home/bacte/miniconda3/envs/bacillus_ecogenomics/bin/prokka-genbank_to_fasta_db
[12:54:29] Looking for 'sed' - found /usr/bin/sed
[12:54:29] Looking for 'tbl2asn' - found /home/bacte/miniconda3/envs/bacillus_ecogenomics/bin/tbl2asn
[12:54:29] Determined tbl2asn version is v25.7 from 'tbl2asn 25.7   arguments:'
[12:54:29] Using genetic code table 11.
[12:54:29] Loading and checking input file: /home/bacte/bacillus_amr/08_genomic_context/windows_10kb/L030_GCF_022370935.1_aph3-IIIa.fna
[12:54:29] Wrote 1 contigs totalling 20792 bp.
[12:54:29] Predicting tRNAs and tmRNAs
[12:54:29] Running: aragorn -l -gc11  -w \/home\/bacte\/bacillus_amr\/08_genomic_context\/prokka\/L030_GCF_022370935\.1_aph3\-IIIa\/L030_GCF_022370935\.1_aph3\-IIIa\.fna
[12:54:29] Found 0 tRNAs
[12:54:29] Predicting Ribosomal RNAs
[12:54:29] Running Barrnap with 2 threads
[12:54:29] Found 0 rRNAs
[12:54:29] Skipping ncRNA search, enable with --rfam if desired.
[12:54:29] Total of 0 tRNA + rRNA features
[12:54:29] Searching for CRISPR repeats
[12:54:30] Found 0 CRISPRs
[12:54:30] Predicting coding sequences
[12:54:30] Contigs total 20792 bp, so using single mode
[12:54:30] Running: prodigal -i \/home\/bacte\/bacillus_amr\/08_genomic_context\/prokka\/L030_GCF_022370935\.1_aph3\-IIIa\/L030_GCF_022370935\.1_aph3\-IIIa\.fna -c -m -g 11 -p single -f sco -q


Warning:  ideally Prodigal should be given at least 100000 bases for training.
You may get better results with the -p meta option.

[12:54:30] Found 20 CDS
[12:54:30] Connecting features back to sequences
[12:54:30] Not using genus-specific database. Try --usegenus to enable it.
[12:54:30] Annotating CDS, please be patient.
[12:54:30] Will use 2 CPUs for similarity searching.
[12:54:30] There are still 20 unannotated CDS left (started with 20)
[12:54:30] Will use blast to search against /home/bacte/miniconda3/envs/bacillus_ecogenomics/db/kingdom/Bacteria/IS with 2 CPUs
[12:54:30] Running: cat \/home\/bacte\/bacillus_amr\/08_genomic_context\/prokka\/L030_GCF_022370935\.1_aph3\-IIIa\/L030_GCF_022370935\.1_aph3\-IIIa\.IS\.tmp\.10222\.faa | parallel --gnu --plain -j 2 --block 1458 --recstart '>' --pipe blastp -query - -db /home/bacte/miniconda3/envs/bacillus_ecogenomics/db/kingdom/Bacteria/IS -evalue 1e-30 -qcov_hsp_perc 90 -num_threads 1 -num_descriptions 1 -num_alignments 1 -seg no > \/home\/bacte\/bacillus_amr\/08_genomic_context\/prokka\/L030_GCF_022370935\.1_aph3\-IIIa\/L030_GCF_022370935\.1_aph3\-IIIa\.IS\.tmp\.10222\.blast 2> /dev/null
[12:54:30] Deleting unwanted file: /home/bacte/bacillus_amr/08_genomic_context/prokka/L030_GCF_022370935.1_aph3-IIIa/L030_GCF_022370935.1_aph3-IIIa.IS.tmp.10222.faa
[12:54:30] Deleting unwanted file: /home/bacte/bacillus_amr/08_genomic_context/prokka/L030_GCF_022370935.1_aph3-IIIa/L030_GCF_022370935.1_aph3-IIIa.IS.tmp.10222.blast
[12:54:30] There are still 20 unannotated CDS left (started with 20)
[12:54:30] Will use blast to search against /home/bacte/miniconda3/envs/bacillus_ecogenomics/db/kingdom/Bacteria/AMR with 2 CPUs
[12:54:30] Running: cat \/home\/bacte\/bacillus_amr\/08_genomic_context\/prokka\/L030_GCF_022370935\.1_aph3\-IIIa\/L030_GCF_022370935\.1_aph3\-IIIa\.AMR\.tmp\.10222\.faa | parallel --gnu --plain -j 2 --block 1458 --recstart '>' --pipe blastp -query - -db /home/bacte/miniconda3/envs/bacillus_ecogenomics/db/kingdom/Bacteria/AMR -evalue 1e-300 -qcov_hsp_perc 90 -num_threads 1 -num_descriptions 1 -num_alignments 1 -seg no > \/home\/bacte\/bacillus_amr\/08_genomic_context\/prokka\/L030_GCF_022370935\.1_aph3\-IIIa\/L030_GCF_022370935\.1_aph3\-IIIa\.AMR\.tmp\.10222\.blast 2> /dev/null
[12:54:31] Deleting unwanted file: /home/bacte/bacillus_amr/08_genomic_context/prokka/L030_GCF_022370935.1_aph3-IIIa/L030_GCF_022370935.1_aph3-IIIa.AMR.tmp.10222.faa
[12:54:31] Deleting unwanted file: /home/bacte/bacillus_amr/08_genomic_context/prokka/L030_GCF_022370935.1_aph3-IIIa/L030_GCF_022370935.1_aph3-IIIa.AMR.tmp.10222.blast
[12:54:31] There are still 20 unannotated CDS left (started with 20)
[12:54:31] Will use blast to search against /home/bacte/miniconda3/envs/bacillus_ecogenomics/db/kingdom/Bacteria/sprot with 2 CPUs
[12:54:31] Running: cat \/home\/bacte\/bacillus_amr\/08_genomic_context\/prokka\/L030_GCF_022370935\.1_aph3\-IIIa\/L030_GCF_022370935\.1_aph3\-IIIa\.sprot\.tmp\.10222\.faa | parallel --gnu --plain -j 2 --block 1458 --recstart '>' --pipe blastp -query - -db /home/bacte/miniconda3/envs/bacillus_ecogenomics/db/kingdom/Bacteria/sprot -evalue 1e-09 -qcov_hsp_perc 80 -num_threads 1 -num_descriptions 1 -num_alignments 1 -seg no > \/home\/bacte\/bacillus_amr\/08_genomic_context\/prokka\/L030_GCF_022370935\.1_aph3\-IIIa\/L030_GCF_022370935\.1_aph3\-IIIa\.sprot\.tmp\.10222\.blast 2> /dev/null
[12:54:33] Deleting unwanted file: /home/bacte/bacillus_amr/08_genomic_context/prokka/L030_GCF_022370935.1_aph3-IIIa/L030_GCF_022370935.1_aph3-IIIa.sprot.tmp.10222.faa
[12:54:33] Deleting unwanted file: /home/bacte/bacillus_amr/08_genomic_context/prokka/L030_GCF_022370935.1_aph3-IIIa/L030_GCF_022370935.1_aph3-IIIa.sprot.tmp.10222.blast
[12:54:33] There are still 14 unannotated CDS left (started with 20)
[12:54:33] Will use hmmer3 to search against /home/bacte/miniconda3/envs/bacillus_ecogenomics/db/hmm/HAMAP.hmm with 2 CPUs
[12:54:33] Running: cat \/home\/bacte\/bacillus_amr\/08_genomic_context\/prokka\/L030_GCF_022370935\.1_aph3\-IIIa\/L030_GCF_022370935\.1_aph3\-IIIa\.HAMAP\.hmm\.tmp\.10222\.faa | parallel --gnu --plain -j 2 --block 830 --recstart '>' --pipe hmmscan --noali --notextw --acc -E 1e-09 --cpu 1 /home/bacte/miniconda3/envs/bacillus_ecogenomics/db/hmm/HAMAP.hmm /dev/stdin > \/home\/bacte\/bacillus_amr\/08_genomic_context\/prokka\/L030_GCF_022370935\.1_aph3\-IIIa\/L030_GCF_022370935\.1_aph3\-IIIa\.HAMAP\.hmm\.tmp\.10222\.hmmer3 2> /dev/null
[12:54:34] Deleting unwanted file: /home/bacte/bacillus_amr/08_genomic_context/prokka/L030_GCF_022370935.1_aph3-IIIa/L030_GCF_022370935.1_aph3-IIIa.HAMAP.hmm.tmp.10222.faa
[12:54:34] Deleting unwanted file: /home/bacte/bacillus_amr/08_genomic_context/prokka/L030_GCF_022370935.1_aph3-IIIa/L030_GCF_022370935.1_aph3-IIIa.HAMAP.hmm.tmp.10222.hmmer3
[12:54:34] Labelling remaining 14 proteins as 'hypothetical protein'
[12:54:34] Found 6 unique /gene codes.
[12:54:34] Fixed 0 colliding /gene names.
[12:54:34] Adding /locus_tag identifiers
[12:54:34] Assigned 20 locus_tags to CDS and RNA features.
[12:54:34] Writing outputs to /home/bacte/bacillus_amr/08_genomic_context/prokka/L030_GCF_022370935.1_aph3-IIIa/
[12:54:34] Generating annotation statistics file
[12:54:34] Generating Genbank and Sequin files
[12:54:34] Running: tbl2asn -V b -a r10k -l paired-ends -M n -N 1 -y 'Annotated using prokka 1.15.6 from https://github.com/tseemann/prokka' -Z \/home\/bacte\/bacillus_amr\/08_genomic_context\/prokka\/L030_GCF_022370935\.1_aph3\-IIIa\/L030_GCF_022370935\.1_aph3\-IIIa\.err -i \/home\/bacte\/bacillus_amr\/08_genomic_context\/prokka\/L030_GCF_022370935\.1_aph3\-IIIa\/L030_GCF_022370935\.1_aph3\-IIIa\.fsa 2> /dev/null
[tbl2asn-forever] Found Prokka input, correcting dates in .gbf|.sqn files.
[tbl2asn-forever] Correcting dates in /home/bacte/bacillus_amr/08_genomic_context/prokka/L030_GCF_022370935.1_aph3-IIIa/L030_GCF_022370935.1_aph3-IIIa.gbf
[tbl2asn-forever] Correcting dates in /home/bacte/bacillus_amr/08_genomic_context/prokka/L030_GCF_022370935.1_aph3-IIIa/L030_GCF_022370935.1_aph3-IIIa.sqn
[tbl2asn-forever] Dates changed from 01-JAN-2019 to 06-OCT-2026
[12:54:34] Deleting unwanted file: /home/bacte/bacillus_amr/08_genomic_context/prokka/L030_GCF_022370935.1_aph3-IIIa/errorsummary.val
[12:54:34] Deleting unwanted file: /home/bacte/bacillus_amr/08_genomic_context/prokka/L030_GCF_022370935.1_aph3-IIIa/L030_GCF_022370935.1_aph3-IIIa.dr
[12:54:34] Deleting unwanted file: /home/bacte/bacillus_amr/08_genomic_context/prokka/L030_GCF_022370935.1_aph3-IIIa/L030_GCF_022370935.1_aph3-IIIa.fixedproducts
[12:54:34] Deleting unwanted file: /home/bacte/bacillus_amr/08_genomic_context/prokka/L030_GCF_022370935.1_aph3-IIIa/L030_GCF_022370935.1_aph3-IIIa.ecn
[12:54:34] Deleting unwanted file: /home/bacte/bacillus_amr/08_genomic_context/prokka/L030_GCF_022370935.1_aph3-IIIa/L030_GCF_022370935.1_aph3-IIIa.val
[12:54:34] Repairing broken .GBK output that tbl2asn produces...
[12:54:34] Running: sed 's/COORDINATES: profile/COORDINATES:profile/' < \/home\/bacte\/bacillus_amr\/08_genomic_context\/prokka\/L030_GCF_022370935\.1_aph3\-IIIa\/L030_GCF_022370935\.1_aph3\-IIIa\.gbf > \/home\/bacte\/bacillus_amr\/08_genomic_context\/prokka\/L030_GCF_022370935\.1_aph3\-IIIa\/L030_GCF_022370935\.1_aph3\-IIIa\.gbk
[12:54:34] Deleting unwanted file: /home/bacte/bacillus_amr/08_genomic_context/prokka/L030_GCF_022370935.1_aph3-IIIa/L030_GCF_022370935.1_aph3-IIIa.gbf
[12:54:34] Output files:
[12:54:34] /home/bacte/bacillus_amr/08_genomic_context/prokka/L030_GCF_022370935.1_aph3-IIIa/L030_GCF_022370935.1_aph3-IIIa.fna
[12:54:34] /home/bacte/bacillus_amr/08_genomic_context/prokka/L030_GCF_022370935.1_aph3-IIIa/L030_GCF_022370935.1_aph3-IIIa.tsv
[12:54:34] /home/bacte/bacillus_amr/08_genomic_context/prokka/L030_GCF_022370935.1_aph3-IIIa/L030_GCF_022370935.1_aph3-IIIa.err
[12:54:34] /home/bacte/bacillus_amr/08_genomic_context/prokka/L030_GCF_022370935.1_aph3-IIIa/L030_GCF_022370935.1_aph3-IIIa.faa
[12:54:34] /home/bacte/bacillus_amr/08_genomic_context/prokka/L030_GCF_022370935.1_aph3-IIIa/L030_GCF_022370935.1_aph3-IIIa.fsa
[12:54:34] /home/bacte/bacillus_amr/08_genomic_context/prokka/L030_GCF_022370935.1_aph3-IIIa/L030_GCF_022370935.1_aph3-IIIa.gbk
[12:54:34] /home/bacte/bacillus_amr/08_genomic_context/prokka/L030_GCF_022370935.1_aph3-IIIa/L030_GCF_022370935.1_aph3-IIIa.tbl
[12:54:34] /home/bacte/bacillus_amr/08_genomic_context/prokka/L030_GCF_022370935.1_aph3-IIIa/L030_GCF_022370935.1_aph3-IIIa.gff
[12:54:34] /home/bacte/bacillus_amr/08_genomic_context/prokka/L030_GCF_022370935.1_aph3-IIIa/L030_GCF_022370935.1_aph3-IIIa.ffn
[12:54:34] /home/bacte/bacillus_amr/08_genomic_context/prokka/L030_GCF_022370935.1_aph3-IIIa/L030_GCF_022370935.1_aph3-IIIa.log
[12:54:34] /home/bacte/bacillus_amr/08_genomic_context/prokka/L030_GCF_022370935.1_aph3-IIIa/L030_GCF_022370935.1_aph3-IIIa.txt
[12:54:34] /home/bacte/bacillus_amr/08_genomic_context/prokka/L030_GCF_022370935.1_aph3-IIIa/L030_GCF_022370935.1_aph3-IIIa.sqn
[12:54:34] Annotation finished successfully.
[12:54:34] Walltime used: 0.08 minutes
[12:54:34] If you use this result please cite the Prokka paper:
[12:54:34] Seemann T (2014) Prokka: rapid prokaryotic genome annotation. Bioinformatics. 30(14):2068-9.
[12:54:34] Type 'prokka --citation' for more details.
[12:54:34] Share and enjoy!
[31/41] L031_GCF_022370935.1_aph3-IIIa
[12:54:35] This is prokka 1.15.6
[12:54:35] Written by Torsten Seemann <torsten.seemann@gmail.com>
[12:54:35] Homepage is https://github.com/tseemann/prokka
[12:54:35] Local time is Tue Oct  6 12:54:35 2026
[12:54:35] You are bacte
[12:54:35] Operating system is linux
[12:54:35] You have BioPerl 1.7.8
[12:54:35] System has 8 cores.
[12:54:35] Will use maximum of 2 cores.
[12:54:35] Annotating as >>> Bacteria <<<
[12:54:35] Generating locus_tag from '/home/bacte/bacillus_amr/08_genomic_context/windows_10kb/L031_GCF_022370935.1_aph3-IIIa.fna' contents.
[12:54:35] Setting --locustag PDKHPCJG from MD5 9d419c30cff38f99f7aaaba7e6a0333f
[12:54:35] Creating new output folder: /home/bacte/bacillus_amr/08_genomic_context/prokka/L031_GCF_022370935.1_aph3-IIIa
[12:54:35] Running: mkdir -p \/home\/bacte\/bacillus_amr\/08_genomic_context\/prokka\/L031_GCF_022370935\.1_aph3\-IIIa
[12:54:35] Using filename prefix: L031_GCF_022370935.1_aph3-IIIa.XXX
[12:54:35] Setting HMMER_NCPU=1
[12:54:35] Writing log to: /home/bacte/bacillus_amr/08_genomic_context/prokka/L031_GCF_022370935.1_aph3-IIIa/L031_GCF_022370935.1_aph3-IIIa.log
[12:54:35] Command: /home/bacte/miniconda3/envs/bacillus_ecogenomics/bin/prokka /home/bacte/bacillus_amr/08_genomic_context/windows_10kb/L031_GCF_022370935.1_aph3-IIIa.fna --outdir /home/bacte/bacillus_amr/08_genomic_context/prokka/L031_GCF_022370935.1_aph3-IIIa --prefix L031_GCF_022370935.1_aph3-IIIa --kingdom Bacteria --genus Bacillus --cpus 2
[12:54:35] Looking for 'aragorn' - found /home/bacte/miniconda3/envs/bacillus_ecogenomics/bin/aragorn
[12:54:35] Determined aragorn version is v1.2 from 'ARAGORN v1.2.41 Dean Laslett'
[12:54:35] Looking for 'barrnap' - found /home/bacte/miniconda3/envs/bacillus_ecogenomics/bin/barrnap
[12:54:35] Determined barrnap version is v1.10 from 'barrnap 1.10.5'
[12:54:35] Looking for 'blastp' - found /home/bacte/miniconda3/envs/bacillus_ecogenomics/bin/blastp
[12:54:35] Determined blastp version is v2.17 from 'blastp: 2.17.0+'
[12:54:35] Looking for 'cmpress' - found /home/bacte/miniconda3/envs/bacillus_ecogenomics/bin/cmpress
[12:54:35] Determined cmpress version is v1.1 from '# INFERNAL 1.1.5 (Sep 2023)'
[12:54:35] Looking for 'cmscan' - found /home/bacte/miniconda3/envs/bacillus_ecogenomics/bin/cmscan
[12:54:35] Determined cmscan version is v1.1 from '# INFERNAL 1.1.5 (Sep 2023)'
[12:54:35] Looking for 'egrep' - found /usr/bin/egrep
[12:54:35] Looking for 'find' - found /usr/bin/find
[12:54:35] Looking for 'grep' - found /usr/bin/grep
[12:54:35] Looking for 'hmmpress' - found /home/bacte/miniconda3/envs/bacillus_ecogenomics/bin/hmmpress
[12:54:35] Determined hmmpress version is v3.4 from '# HMMER 3.4 (Aug 2023); http://hmmer.org/'
[12:54:35] Looking for 'hmmscan' - found /home/bacte/miniconda3/envs/bacillus_ecogenomics/bin/hmmscan
[12:54:35] Determined hmmscan version is v3.4 from '# HMMER 3.4 (Aug 2023); http://hmmer.org/'
[12:54:35] Looking for 'java' - found /home/bacte/miniconda3/envs/bacillus_ecogenomics/bin/java
[12:54:35] Looking for 'makeblastdb' - found /home/bacte/miniconda3/envs/bacillus_ecogenomics/bin/makeblastdb
[12:54:35] Determined makeblastdb version is v2.17 from 'makeblastdb: 2.17.0+'
[12:54:35] Looking for 'minced' - found /home/bacte/miniconda3/envs/bacillus_ecogenomics/bin/minced
[12:54:35] Determined minced version is v4.2 from 'minced 0.4.2'
[12:54:35] Looking for 'parallel' - found /home/bacte/miniconda3/envs/bacillus_ecogenomics/bin/parallel
[12:54:35] Determined parallel version is 20260422 from 'GNU parallel 20260422'
[12:54:35] Looking for 'prodigal' - found /home/bacte/miniconda3/envs/bacillus_ecogenomics/bin/prodigal
[12:54:35] Determined prodigal version is v2.6 from 'Prodigal V2.6.3: February, 2016'
[12:54:35] Looking for 'prokka-genbank_to_fasta_db' - found /home/bacte/miniconda3/envs/bacillus_ecogenomics/bin/prokka-genbank_to_fasta_db
[12:54:35] Looking for 'sed' - found /usr/bin/sed
[12:54:35] Looking for 'tbl2asn' - found /home/bacte/miniconda3/envs/bacillus_ecogenomics/bin/tbl2asn
[12:54:35] Determined tbl2asn version is v25.7 from 'tbl2asn 25.7   arguments:'
[12:54:35] Using genetic code table 11.
[12:54:35] Loading and checking input file: /home/bacte/bacillus_amr/08_genomic_context/windows_10kb/L031_GCF_022370935.1_aph3-IIIa.fna
[12:54:35] Wrote 1 contigs totalling 20792 bp.
[12:54:35] Predicting tRNAs and tmRNAs
[12:54:35] Running: aragorn -l -gc11  -w \/home\/bacte\/bacillus_amr\/08_genomic_context\/prokka\/L031_GCF_022370935\.1_aph3\-IIIa\/L031_GCF_022370935\.1_aph3\-IIIa\.fna
[12:54:35] Found 0 tRNAs
[12:54:35] Predicting Ribosomal RNAs
[12:54:35] Running Barrnap with 2 threads
[12:54:35] Found 0 rRNAs
[12:54:35] Skipping ncRNA search, enable with --rfam if desired.
[12:54:35] Total of 0 tRNA + rRNA features
[12:54:35] Searching for CRISPR repeats
[12:54:36] Found 0 CRISPRs
[12:54:36] Predicting coding sequences
[12:54:36] Contigs total 20792 bp, so using single mode
[12:54:36] Running: prodigal -i \/home\/bacte\/bacillus_amr\/08_genomic_context\/prokka\/L031_GCF_022370935\.1_aph3\-IIIa\/L031_GCF_022370935\.1_aph3\-IIIa\.fna -c -m -g 11 -p single -f sco -q


Warning:  ideally Prodigal should be given at least 100000 bases for training.
You may get better results with the -p meta option.

[12:54:36] Found 25 CDS
[12:54:36] Connecting features back to sequences
[12:54:36] Not using genus-specific database. Try --usegenus to enable it.
[12:54:36] Annotating CDS, please be patient.
[12:54:36] Will use 2 CPUs for similarity searching.
[12:54:36] There are still 25 unannotated CDS left (started with 25)
[12:54:36] Will use blast to search against /home/bacte/miniconda3/envs/bacillus_ecogenomics/db/kingdom/Bacteria/IS with 2 CPUs
[12:54:36] Running: cat \/home\/bacte\/bacillus_amr\/08_genomic_context\/prokka\/L031_GCF_022370935\.1_aph3\-IIIa\/L031_GCF_022370935\.1_aph3\-IIIa\.IS\.tmp\.10591\.faa | parallel --gnu --plain -j 2 --block 1390 --recstart '>' --pipe blastp -query - -db /home/bacte/miniconda3/envs/bacillus_ecogenomics/db/kingdom/Bacteria/IS -evalue 1e-30 -qcov_hsp_perc 90 -num_threads 1 -num_descriptions 1 -num_alignments 1 -seg no > \/home\/bacte\/bacillus_amr\/08_genomic_context\/prokka\/L031_GCF_022370935\.1_aph3\-IIIa\/L031_GCF_022370935\.1_aph3\-IIIa\.IS\.tmp\.10591\.blast 2> /dev/null
[12:54:36] Deleting unwanted file: /home/bacte/bacillus_amr/08_genomic_context/prokka/L031_GCF_022370935.1_aph3-IIIa/L031_GCF_022370935.1_aph3-IIIa.IS.tmp.10591.faa
[12:54:36] Deleting unwanted file: /home/bacte/bacillus_amr/08_genomic_context/prokka/L031_GCF_022370935.1_aph3-IIIa/L031_GCF_022370935.1_aph3-IIIa.IS.tmp.10591.blast
[12:54:36] There are still 25 unannotated CDS left (started with 25)
[12:54:36] Will use blast to search against /home/bacte/miniconda3/envs/bacillus_ecogenomics/db/kingdom/Bacteria/AMR with 2 CPUs
[12:54:36] Running: cat \/home\/bacte\/bacillus_amr\/08_genomic_context\/prokka\/L031_GCF_022370935\.1_aph3\-IIIa\/L031_GCF_022370935\.1_aph3\-IIIa\.AMR\.tmp\.10591\.faa | parallel --gnu --plain -j 2 --block 1390 --recstart '>' --pipe blastp -query - -db /home/bacte/miniconda3/envs/bacillus_ecogenomics/db/kingdom/Bacteria/AMR -evalue 1e-300 -qcov_hsp_perc 90 -num_threads 1 -num_descriptions 1 -num_alignments 1 -seg no > \/home\/bacte\/bacillus_amr\/08_genomic_context\/prokka\/L031_GCF_022370935\.1_aph3\-IIIa\/L031_GCF_022370935\.1_aph3\-IIIa\.AMR\.tmp\.10591\.blast 2> /dev/null
[12:54:37] Deleting unwanted file: /home/bacte/bacillus_amr/08_genomic_context/prokka/L031_GCF_022370935.1_aph3-IIIa/L031_GCF_022370935.1_aph3-IIIa.AMR.tmp.10591.faa
[12:54:37] Deleting unwanted file: /home/bacte/bacillus_amr/08_genomic_context/prokka/L031_GCF_022370935.1_aph3-IIIa/L031_GCF_022370935.1_aph3-IIIa.AMR.tmp.10591.blast
[12:54:37] There are still 25 unannotated CDS left (started with 25)
[12:54:37] Will use blast to search against /home/bacte/miniconda3/envs/bacillus_ecogenomics/db/kingdom/Bacteria/sprot with 2 CPUs
[12:54:37] Running: cat \/home\/bacte\/bacillus_amr\/08_genomic_context\/prokka\/L031_GCF_022370935\.1_aph3\-IIIa\/L031_GCF_022370935\.1_aph3\-IIIa\.sprot\.tmp\.10591\.faa | parallel --gnu --plain -j 2 --block 1390 --recstart '>' --pipe blastp -query - -db /home/bacte/miniconda3/envs/bacillus_ecogenomics/db/kingdom/Bacteria/sprot -evalue 1e-09 -qcov_hsp_perc 80 -num_threads 1 -num_descriptions 1 -num_alignments 1 -seg no > \/home\/bacte\/bacillus_amr\/08_genomic_context\/prokka\/L031_GCF_022370935\.1_aph3\-IIIa\/L031_GCF_022370935\.1_aph3\-IIIa\.sprot\.tmp\.10591\.blast 2> /dev/null
[12:54:39] Deleting unwanted file: /home/bacte/bacillus_amr/08_genomic_context/prokka/L031_GCF_022370935.1_aph3-IIIa/L031_GCF_022370935.1_aph3-IIIa.sprot.tmp.10591.faa
[12:54:39] Deleting unwanted file: /home/bacte/bacillus_amr/08_genomic_context/prokka/L031_GCF_022370935.1_aph3-IIIa/L031_GCF_022370935.1_aph3-IIIa.sprot.tmp.10591.blast
[12:54:39] There are still 12 unannotated CDS left (started with 25)
[12:54:39] Will use hmmer3 to search against /home/bacte/miniconda3/envs/bacillus_ecogenomics/db/hmm/HAMAP.hmm with 2 CPUs
[12:54:39] Running: cat \/home\/bacte\/bacillus_amr\/08_genomic_context\/prokka\/L031_GCF_022370935\.1_aph3\-IIIa\/L031_GCF_022370935\.1_aph3\-IIIa\.HAMAP\.hmm\.tmp\.10591\.faa | parallel --gnu --plain -j 2 --block 434 --recstart '>' --pipe hmmscan --noali --notextw --acc -E 1e-09 --cpu 1 /home/bacte/miniconda3/envs/bacillus_ecogenomics/db/hmm/HAMAP.hmm /dev/stdin > \/home\/bacte\/bacillus_amr\/08_genomic_context\/prokka\/L031_GCF_022370935\.1_aph3\-IIIa\/L031_GCF_022370935\.1_aph3\-IIIa\.HAMAP\.hmm\.tmp\.10591\.hmmer3 2> /dev/null
[12:54:40] Deleting unwanted file: /home/bacte/bacillus_amr/08_genomic_context/prokka/L031_GCF_022370935.1_aph3-IIIa/L031_GCF_022370935.1_aph3-IIIa.HAMAP.hmm.tmp.10591.faa
[12:54:40] Deleting unwanted file: /home/bacte/bacillus_amr/08_genomic_context/prokka/L031_GCF_022370935.1_aph3-IIIa/L031_GCF_022370935.1_aph3-IIIa.HAMAP.hmm.tmp.10591.hmmer3
[12:54:40] Labelling remaining 10 proteins as 'hypothetical protein'
[12:54:40] Found 15 unique /gene codes.
[12:54:40] Fixed 0 colliding /gene names.
[12:54:40] Adding /locus_tag identifiers
[12:54:40] Assigned 25 locus_tags to CDS and RNA features.
[12:54:40] Writing outputs to /home/bacte/bacillus_amr/08_genomic_context/prokka/L031_GCF_022370935.1_aph3-IIIa/
[12:54:40] Generating annotation statistics file
[12:54:40] Generating Genbank and Sequin files
[12:54:40] Running: tbl2asn -V b -a r10k -l paired-ends -M n -N 1 -y 'Annotated using prokka 1.15.6 from https://github.com/tseemann/prokka' -Z \/home\/bacte\/bacillus_amr\/08_genomic_context\/prokka\/L031_GCF_022370935\.1_aph3\-IIIa\/L031_GCF_022370935\.1_aph3\-IIIa\.err -i \/home\/bacte\/bacillus_amr\/08_genomic_context\/prokka\/L031_GCF_022370935\.1_aph3\-IIIa\/L031_GCF_022370935\.1_aph3\-IIIa\.fsa 2> /dev/null
[tbl2asn-forever] Found Prokka input, correcting dates in .gbf|.sqn files.
[tbl2asn-forever] Correcting dates in /home/bacte/bacillus_amr/08_genomic_context/prokka/L031_GCF_022370935.1_aph3-IIIa/L031_GCF_022370935.1_aph3-IIIa.gbf
[tbl2asn-forever] Correcting dates in /home/bacte/bacillus_amr/08_genomic_context/prokka/L031_GCF_022370935.1_aph3-IIIa/L031_GCF_022370935.1_aph3-IIIa.sqn
[tbl2asn-forever] Dates changed from 01-JAN-2019 to 06-OCT-2026
[12:54:40] Deleting unwanted file: /home/bacte/bacillus_amr/08_genomic_context/prokka/L031_GCF_022370935.1_aph3-IIIa/errorsummary.val
[12:54:40] Deleting unwanted file: /home/bacte/bacillus_amr/08_genomic_context/prokka/L031_GCF_022370935.1_aph3-IIIa/L031_GCF_022370935.1_aph3-IIIa.dr
[12:54:40] Deleting unwanted file: /home/bacte/bacillus_amr/08_genomic_context/prokka/L031_GCF_022370935.1_aph3-IIIa/L031_GCF_022370935.1_aph3-IIIa.fixedproducts
[12:54:40] Deleting unwanted file: /home/bacte/bacillus_amr/08_genomic_context/prokka/L031_GCF_022370935.1_aph3-IIIa/L031_GCF_022370935.1_aph3-IIIa.ecn
[12:54:40] Deleting unwanted file: /home/bacte/bacillus_amr/08_genomic_context/prokka/L031_GCF_022370935.1_aph3-IIIa/L031_GCF_022370935.1_aph3-IIIa.val
[12:54:40] Repairing broken .GBK output that tbl2asn produces...
[12:54:40] Running: sed 's/COORDINATES: profile/COORDINATES:profile/' < \/home\/bacte\/bacillus_amr\/08_genomic_context\/prokka\/L031_GCF_022370935\.1_aph3\-IIIa\/L031_GCF_022370935\.1_aph3\-IIIa\.gbf > \/home\/bacte\/bacillus_amr\/08_genomic_context\/prokka\/L031_GCF_022370935\.1_aph3\-IIIa\/L031_GCF_022370935\.1_aph3\-IIIa\.gbk
[12:54:40] Deleting unwanted file: /home/bacte/bacillus_amr/08_genomic_context/prokka/L031_GCF_022370935.1_aph3-IIIa/L031_GCF_022370935.1_aph3-IIIa.gbf
[12:54:40] Output files:
[12:54:40] /home/bacte/bacillus_amr/08_genomic_context/prokka/L031_GCF_022370935.1_aph3-IIIa/L031_GCF_022370935.1_aph3-IIIa.log
[12:54:40] /home/bacte/bacillus_amr/08_genomic_context/prokka/L031_GCF_022370935.1_aph3-IIIa/L031_GCF_022370935.1_aph3-IIIa.fsa
[12:54:40] /home/bacte/bacillus_amr/08_genomic_context/prokka/L031_GCF_022370935.1_aph3-IIIa/L031_GCF_022370935.1_aph3-IIIa.ffn
[12:54:40] /home/bacte/bacillus_amr/08_genomic_context/prokka/L031_GCF_022370935.1_aph3-IIIa/L031_GCF_022370935.1_aph3-IIIa.fna
[12:54:40] /home/bacte/bacillus_amr/08_genomic_context/prokka/L031_GCF_022370935.1_aph3-IIIa/L031_GCF_022370935.1_aph3-IIIa.tbl
[12:54:40] /home/bacte/bacillus_amr/08_genomic_context/prokka/L031_GCF_022370935.1_aph3-IIIa/L031_GCF_022370935.1_aph3-IIIa.sqn
[12:54:40] /home/bacte/bacillus_amr/08_genomic_context/prokka/L031_GCF_022370935.1_aph3-IIIa/L031_GCF_022370935.1_aph3-IIIa.gbk
[12:54:40] /home/bacte/bacillus_amr/08_genomic_context/prokka/L031_GCF_022370935.1_aph3-IIIa/L031_GCF_022370935.1_aph3-IIIa.err
[12:54:40] /home/bacte/bacillus_amr/08_genomic_context/prokka/L031_GCF_022370935.1_aph3-IIIa/L031_GCF_022370935.1_aph3-IIIa.tsv
[12:54:40] /home/bacte/bacillus_amr/08_genomic_context/prokka/L031_GCF_022370935.1_aph3-IIIa/L031_GCF_022370935.1_aph3-IIIa.faa
[12:54:40] /home/bacte/bacillus_amr/08_genomic_context/prokka/L031_GCF_022370935.1_aph3-IIIa/L031_GCF_022370935.1_aph3-IIIa.txt
[12:54:40] /home/bacte/bacillus_amr/08_genomic_context/prokka/L031_GCF_022370935.1_aph3-IIIa/L031_GCF_022370935.1_aph3-IIIa.gff
[12:54:40] Annotation finished successfully.
[12:54:40] Walltime used: 0.08 minutes
[12:54:40] If you use this result please cite the Prokka paper:
[12:54:40] Seemann T (2014) Prokka: rapid prokaryotic genome annotation. Bioinformatics. 30(14):2068-9.
[12:54:40] Type 'prokka --citation' for more details.
[12:54:40] Share and enjoy!
[32/41] L032_GCF_003854915.1_emrC
[12:54:40] This is prokka 1.15.6
[12:54:40] Written by Torsten Seemann <torsten.seemann@gmail.com>
[12:54:40] Homepage is https://github.com/tseemann/prokka
[12:54:40] Local time is Tue Oct  6 12:54:40 2026
[12:54:40] You are bacte
[12:54:40] Operating system is linux
[12:54:40] You have BioPerl 1.7.8
[12:54:40] System has 8 cores.
[12:54:40] Will use maximum of 2 cores.
[12:54:40] Annotating as >>> Bacteria <<<
[12:54:40] Generating locus_tag from '/home/bacte/bacillus_amr/08_genomic_context/windows_10kb/L032_GCF_003854915.1_emrC.fna' contents.
[12:54:40] Setting --locustag GDJAFNHH from MD5 0d3af711c5c4f6bf7d587bf69c3cfb02
[12:54:40] Creating new output folder: /home/bacte/bacillus_amr/08_genomic_context/prokka/L032_GCF_003854915.1_emrC
[12:54:40] Running: mkdir -p \/home\/bacte\/bacillus_amr\/08_genomic_context\/prokka\/L032_GCF_003854915\.1_emrC
[12:54:40] Using filename prefix: L032_GCF_003854915.1_emrC.XXX
[12:54:40] Setting HMMER_NCPU=1
[12:54:40] Writing log to: /home/bacte/bacillus_amr/08_genomic_context/prokka/L032_GCF_003854915.1_emrC/L032_GCF_003854915.1_emrC.log
[12:54:40] Command: /home/bacte/miniconda3/envs/bacillus_ecogenomics/bin/prokka /home/bacte/bacillus_amr/08_genomic_context/windows_10kb/L032_GCF_003854915.1_emrC.fna --outdir /home/bacte/bacillus_amr/08_genomic_context/prokka/L032_GCF_003854915.1_emrC --prefix L032_GCF_003854915.1_emrC --kingdom Bacteria --genus Bacillus --cpus 2
[12:54:40] Looking for 'aragorn' - found /home/bacte/miniconda3/envs/bacillus_ecogenomics/bin/aragorn
[12:54:40] Determined aragorn version is v1.2 from 'ARAGORN v1.2.41 Dean Laslett'
[12:54:40] Looking for 'barrnap' - found /home/bacte/miniconda3/envs/bacillus_ecogenomics/bin/barrnap
[12:54:40] Determined barrnap version is v1.10 from 'barrnap 1.10.5'
[12:54:40] Looking for 'blastp' - found /home/bacte/miniconda3/envs/bacillus_ecogenomics/bin/blastp
[12:54:40] Determined blastp version is v2.17 from 'blastp: 2.17.0+'
[12:54:40] Looking for 'cmpress' - found /home/bacte/miniconda3/envs/bacillus_ecogenomics/bin/cmpress
[12:54:40] Determined cmpress version is v1.1 from '# INFERNAL 1.1.5 (Sep 2023)'
[12:54:40] Looking for 'cmscan' - found /home/bacte/miniconda3/envs/bacillus_ecogenomics/bin/cmscan
[12:54:40] Determined cmscan version is v1.1 from '# INFERNAL 1.1.5 (Sep 2023)'
[12:54:40] Looking for 'egrep' - found /usr/bin/egrep
[12:54:40] Looking for 'find' - found /usr/bin/find
[12:54:40] Looking for 'grep' - found /usr/bin/grep
[12:54:40] Looking for 'hmmpress' - found /home/bacte/miniconda3/envs/bacillus_ecogenomics/bin/hmmpress
[12:54:40] Determined hmmpress version is v3.4 from '# HMMER 3.4 (Aug 2023); http://hmmer.org/'
[12:54:40] Looking for 'hmmscan' - found /home/bacte/miniconda3/envs/bacillus_ecogenomics/bin/hmmscan
[12:54:40] Determined hmmscan version is v3.4 from '# HMMER 3.4 (Aug 2023); http://hmmer.org/'
[12:54:40] Looking for 'java' - found /home/bacte/miniconda3/envs/bacillus_ecogenomics/bin/java
[12:54:40] Looking for 'makeblastdb' - found /home/bacte/miniconda3/envs/bacillus_ecogenomics/bin/makeblastdb
[12:54:40] Determined makeblastdb version is v2.17 from 'makeblastdb: 2.17.0+'
[12:54:40] Looking for 'minced' - found /home/bacte/miniconda3/envs/bacillus_ecogenomics/bin/minced
[12:54:40] Determined minced version is v4.2 from 'minced 0.4.2'
[12:54:40] Looking for 'parallel' - found /home/bacte/miniconda3/envs/bacillus_ecogenomics/bin/parallel
[12:54:40] Determined parallel version is 20260422 from 'GNU parallel 20260422'
[12:54:40] Looking for 'prodigal' - found /home/bacte/miniconda3/envs/bacillus_ecogenomics/bin/prodigal
[12:54:40] Determined prodigal version is v2.6 from 'Prodigal V2.6.3: February, 2016'
[12:54:40] Looking for 'prokka-genbank_to_fasta_db' - found /home/bacte/miniconda3/envs/bacillus_ecogenomics/bin/prokka-genbank_to_fasta_db
[12:54:40] Looking for 'sed' - found /usr/bin/sed
[12:54:40] Looking for 'tbl2asn' - found /home/bacte/miniconda3/envs/bacillus_ecogenomics/bin/tbl2asn
[12:54:41] Determined tbl2asn version is v25.7 from 'tbl2asn 25.7   arguments:'
[12:54:41] Using genetic code table 11.
[12:54:41] Loading and checking input file: /home/bacte/bacillus_amr/08_genomic_context/windows_10kb/L032_GCF_003854915.1_emrC.fna
[12:54:41] Wrote 1 contigs totalling 20360 bp.
[12:54:41] Predicting tRNAs and tmRNAs
[12:54:41] Running: aragorn -l -gc11  -w \/home\/bacte\/bacillus_amr\/08_genomic_context\/prokka\/L032_GCF_003854915\.1_emrC\/L032_GCF_003854915\.1_emrC\.fna
[12:54:41] Found 0 tRNAs
[12:54:41] Predicting Ribosomal RNAs
[12:54:41] Running Barrnap with 2 threads
[12:54:41] Found 0 rRNAs
[12:54:41] Skipping ncRNA search, enable with --rfam if desired.
[12:54:41] Total of 0 tRNA + rRNA features
[12:54:41] Searching for CRISPR repeats
[12:54:41] Found 0 CRISPRs
[12:54:41] Predicting coding sequences
[12:54:41] Contigs total 20360 bp, so using single mode
[12:54:41] Running: prodigal -i \/home\/bacte\/bacillus_amr\/08_genomic_context\/prokka\/L032_GCF_003854915\.1_emrC\/L032_GCF_003854915\.1_emrC\.fna -c -m -g 11 -p single -f sco -q


Warning:  ideally Prodigal should be given at least 100000 bases for training.
You may get better results with the -p meta option.

[12:54:41] Found 33 CDS
[12:54:41] Connecting features back to sequences
[12:54:41] Not using genus-specific database. Try --usegenus to enable it.
[12:54:41] Annotating CDS, please be patient.
[12:54:41] Will use 2 CPUs for similarity searching.
[12:54:41] There are still 33 unannotated CDS left (started with 33)
[12:54:41] Will use blast to search against /home/bacte/miniconda3/envs/bacillus_ecogenomics/db/kingdom/Bacteria/IS with 2 CPUs
[12:54:41] Running: cat \/home\/bacte\/bacillus_amr\/08_genomic_context\/prokka\/L032_GCF_003854915\.1_emrC\/L032_GCF_003854915\.1_emrC\.IS\.tmp\.10967\.faa | parallel --gnu --plain -j 2 --block 1467 --recstart '>' --pipe blastp -query - -db /home/bacte/miniconda3/envs/bacillus_ecogenomics/db/kingdom/Bacteria/IS -evalue 1e-30 -qcov_hsp_perc 90 -num_threads 1 -num_descriptions 1 -num_alignments 1 -seg no > \/home\/bacte\/bacillus_amr\/08_genomic_context\/prokka\/L032_GCF_003854915\.1_emrC\/L032_GCF_003854915\.1_emrC\.IS\.tmp\.10967\.blast 2> /dev/null
[12:54:42] Deleting unwanted file: /home/bacte/bacillus_amr/08_genomic_context/prokka/L032_GCF_003854915.1_emrC/L032_GCF_003854915.1_emrC.IS.tmp.10967.faa
[12:54:42] Deleting unwanted file: /home/bacte/bacillus_amr/08_genomic_context/prokka/L032_GCF_003854915.1_emrC/L032_GCF_003854915.1_emrC.IS.tmp.10967.blast
[12:54:42] There are still 33 unannotated CDS left (started with 33)
[12:54:42] Will use blast to search against /home/bacte/miniconda3/envs/bacillus_ecogenomics/db/kingdom/Bacteria/AMR with 2 CPUs
[12:54:42] Running: cat \/home\/bacte\/bacillus_amr\/08_genomic_context\/prokka\/L032_GCF_003854915\.1_emrC\/L032_GCF_003854915\.1_emrC\.AMR\.tmp\.10967\.faa | parallel --gnu --plain -j 2 --block 1467 --recstart '>' --pipe blastp -query - -db /home/bacte/miniconda3/envs/bacillus_ecogenomics/db/kingdom/Bacteria/AMR -evalue 1e-300 -qcov_hsp_perc 90 -num_threads 1 -num_descriptions 1 -num_alignments 1 -seg no > \/home\/bacte\/bacillus_amr\/08_genomic_context\/prokka\/L032_GCF_003854915\.1_emrC\/L032_GCF_003854915\.1_emrC\.AMR\.tmp\.10967\.blast 2> /dev/null
[12:54:43] Deleting unwanted file: /home/bacte/bacillus_amr/08_genomic_context/prokka/L032_GCF_003854915.1_emrC/L032_GCF_003854915.1_emrC.AMR.tmp.10967.faa
[12:54:43] Deleting unwanted file: /home/bacte/bacillus_amr/08_genomic_context/prokka/L032_GCF_003854915.1_emrC/L032_GCF_003854915.1_emrC.AMR.tmp.10967.blast
[12:54:43] There are still 33 unannotated CDS left (started with 33)
[12:54:43] Will use blast to search against /home/bacte/miniconda3/envs/bacillus_ecogenomics/db/kingdom/Bacteria/sprot with 2 CPUs
[12:54:43] Running: cat \/home\/bacte\/bacillus_amr\/08_genomic_context\/prokka\/L032_GCF_003854915\.1_emrC\/L032_GCF_003854915\.1_emrC\.sprot\.tmp\.10967\.faa | parallel --gnu --plain -j 2 --block 1467 --recstart '>' --pipe blastp -query - -db /home/bacte/miniconda3/envs/bacillus_ecogenomics/db/kingdom/Bacteria/sprot -evalue 1e-09 -qcov_hsp_perc 80 -num_threads 1 -num_descriptions 1 -num_alignments 1 -seg no > \/home\/bacte\/bacillus_amr\/08_genomic_context\/prokka\/L032_GCF_003854915\.1_emrC\/L032_GCF_003854915\.1_emrC\.sprot\.tmp\.10967\.blast 2> /dev/null
[12:54:45] Modify product: Acetyltransferase SACOL1063 => Acetyltransferase
[12:54:45] Cleaned 1 /product names
[12:54:45] Deleting unwanted file: /home/bacte/bacillus_amr/08_genomic_context/prokka/L032_GCF_003854915.1_emrC/L032_GCF_003854915.1_emrC.sprot.tmp.10967.faa
[12:54:45] Deleting unwanted file: /home/bacte/bacillus_amr/08_genomic_context/prokka/L032_GCF_003854915.1_emrC/L032_GCF_003854915.1_emrC.sprot.tmp.10967.blast
[12:54:45] There are still 23 unannotated CDS left (started with 33)
[12:54:45] Will use hmmer3 to search against /home/bacte/miniconda3/envs/bacillus_ecogenomics/db/hmm/HAMAP.hmm with 2 CPUs
[12:54:45] Running: cat \/home\/bacte\/bacillus_amr\/08_genomic_context\/prokka\/L032_GCF_003854915\.1_emrC\/L032_GCF_003854915\.1_emrC\.HAMAP\.hmm\.tmp\.10967\.faa | parallel --gnu --plain -j 2 --block 755 --recstart '>' --pipe hmmscan --noali --notextw --acc -E 1e-09 --cpu 1 /home/bacte/miniconda3/envs/bacillus_ecogenomics/db/hmm/HAMAP.hmm /dev/stdin > \/home\/bacte\/bacillus_amr\/08_genomic_context\/prokka\/L032_GCF_003854915\.1_emrC\/L032_GCF_003854915\.1_emrC\.HAMAP\.hmm\.tmp\.10967\.hmmer3 2> /dev/null
[12:54:45] Deleting unwanted file: /home/bacte/bacillus_amr/08_genomic_context/prokka/L032_GCF_003854915.1_emrC/L032_GCF_003854915.1_emrC.HAMAP.hmm.tmp.10967.faa
[12:54:45] Deleting unwanted file: /home/bacte/bacillus_amr/08_genomic_context/prokka/L032_GCF_003854915.1_emrC/L032_GCF_003854915.1_emrC.HAMAP.hmm.tmp.10967.hmmer3
[12:54:45] Labelling remaining 21 proteins as 'hypothetical protein'
[12:54:45] Found 11 unique /gene codes.
[12:54:45] Fixed 0 colliding /gene names.
[12:54:45] Adding /locus_tag identifiers
[12:54:45] Assigned 33 locus_tags to CDS and RNA features.
[12:54:45] Writing outputs to /home/bacte/bacillus_amr/08_genomic_context/prokka/L032_GCF_003854915.1_emrC/
[12:54:45] Generating annotation statistics file
[12:54:45] Generating Genbank and Sequin files
[12:54:45] Running: tbl2asn -V b -a r10k -l paired-ends -M n -N 1 -y 'Annotated using prokka 1.15.6 from https://github.com/tseemann/prokka' -Z \/home\/bacte\/bacillus_amr\/08_genomic_context\/prokka\/L032_GCF_003854915\.1_emrC\/L032_GCF_003854915\.1_emrC\.err -i \/home\/bacte\/bacillus_amr\/08_genomic_context\/prokka\/L032_GCF_003854915\.1_emrC\/L032_GCF_003854915\.1_emrC\.fsa 2> /dev/null
[tbl2asn-forever] Found Prokka input, correcting dates in .gbf|.sqn files.
[tbl2asn-forever] Correcting dates in /home/bacte/bacillus_amr/08_genomic_context/prokka/L032_GCF_003854915.1_emrC/L032_GCF_003854915.1_emrC.gbf
[tbl2asn-forever] Correcting dates in /home/bacte/bacillus_amr/08_genomic_context/prokka/L032_GCF_003854915.1_emrC/L032_GCF_003854915.1_emrC.sqn
[tbl2asn-forever] Dates changed from 01-JAN-2019 to 06-OCT-2026
[12:54:46] Deleting unwanted file: /home/bacte/bacillus_amr/08_genomic_context/prokka/L032_GCF_003854915.1_emrC/errorsummary.val
[12:54:46] Deleting unwanted file: /home/bacte/bacillus_amr/08_genomic_context/prokka/L032_GCF_003854915.1_emrC/L032_GCF_003854915.1_emrC.dr
[12:54:46] Deleting unwanted file: /home/bacte/bacillus_amr/08_genomic_context/prokka/L032_GCF_003854915.1_emrC/L032_GCF_003854915.1_emrC.fixedproducts
[12:54:46] Deleting unwanted file: /home/bacte/bacillus_amr/08_genomic_context/prokka/L032_GCF_003854915.1_emrC/L032_GCF_003854915.1_emrC.ecn
[12:54:46] Deleting unwanted file: /home/bacte/bacillus_amr/08_genomic_context/prokka/L032_GCF_003854915.1_emrC/L032_GCF_003854915.1_emrC.val
[12:54:46] Repairing broken .GBK output that tbl2asn produces...
[12:54:46] Running: sed 's/COORDINATES: profile/COORDINATES:profile/' < \/home\/bacte\/bacillus_amr\/08_genomic_context\/prokka\/L032_GCF_003854915\.1_emrC\/L032_GCF_003854915\.1_emrC\.gbf > \/home\/bacte\/bacillus_amr\/08_genomic_context\/prokka\/L032_GCF_003854915\.1_emrC\/L032_GCF_003854915\.1_emrC\.gbk
[12:54:46] Deleting unwanted file: /home/bacte/bacillus_amr/08_genomic_context/prokka/L032_GCF_003854915.1_emrC/L032_GCF_003854915.1_emrC.gbf
[12:54:46] Output files:
[12:54:46] /home/bacte/bacillus_amr/08_genomic_context/prokka/L032_GCF_003854915.1_emrC/L032_GCF_003854915.1_emrC.err
[12:54:46] /home/bacte/bacillus_amr/08_genomic_context/prokka/L032_GCF_003854915.1_emrC/L032_GCF_003854915.1_emrC.tsv
[12:54:46] /home/bacte/bacillus_amr/08_genomic_context/prokka/L032_GCF_003854915.1_emrC/L032_GCF_003854915.1_emrC.gff
[12:54:46] /home/bacte/bacillus_amr/08_genomic_context/prokka/L032_GCF_003854915.1_emrC/L032_GCF_003854915.1_emrC.ffn
[12:54:46] /home/bacte/bacillus_amr/08_genomic_context/prokka/L032_GCF_003854915.1_emrC/L032_GCF_003854915.1_emrC.txt
[12:54:46] /home/bacte/bacillus_amr/08_genomic_context/prokka/L032_GCF_003854915.1_emrC/L032_GCF_003854915.1_emrC.fsa
[12:54:46] /home/bacte/bacillus_amr/08_genomic_context/prokka/L032_GCF_003854915.1_emrC/L032_GCF_003854915.1_emrC.sqn
[12:54:46] /home/bacte/bacillus_amr/08_genomic_context/prokka/L032_GCF_003854915.1_emrC/L032_GCF_003854915.1_emrC.fna
[12:54:46] /home/bacte/bacillus_amr/08_genomic_context/prokka/L032_GCF_003854915.1_emrC/L032_GCF_003854915.1_emrC.faa
[12:54:46] /home/bacte/bacillus_amr/08_genomic_context/prokka/L032_GCF_003854915.1_emrC/L032_GCF_003854915.1_emrC.tbl
[12:54:46] /home/bacte/bacillus_amr/08_genomic_context/prokka/L032_GCF_003854915.1_emrC/L032_GCF_003854915.1_emrC.gbk
[12:54:46] /home/bacte/bacillus_amr/08_genomic_context/prokka/L032_GCF_003854915.1_emrC/L032_GCF_003854915.1_emrC.log
[12:54:46] Annotation finished successfully.
[12:54:46] Walltime used: 0.10 minutes
[12:54:46] If you use this result please cite the Prokka paper:
[12:54:46] Seemann T (2014) Prokka: rapid prokaryotic genome annotation. Bioinformatics. 30(14):2068-9.
[12:54:46] Type 'prokka --citation' for more details.
[12:54:46] Thank you, come again.
[33/41] L033_GCF_045924925.1_emrC
[12:54:46] This is prokka 1.15.6
[12:54:46] Written by Torsten Seemann <torsten.seemann@gmail.com>
[12:54:46] Homepage is https://github.com/tseemann/prokka
[12:54:46] Local time is Tue Oct  6 12:54:46 2026
[12:54:46] You are bacte
[12:54:46] Operating system is linux
[12:54:46] You have BioPerl 1.7.8
[12:54:46] System has 8 cores.
[12:54:46] Will use maximum of 2 cores.
[12:54:46] Annotating as >>> Bacteria <<<
[12:54:46] Generating locus_tag from '/home/bacte/bacillus_amr/08_genomic_context/windows_10kb/L033_GCF_045924925.1_emrC.fna' contents.
[12:54:46] Setting --locustag FAEDNIED from MD5 faed72ed8b076a7dc30a68b323cd307e
[12:54:46] Creating new output folder: /home/bacte/bacillus_amr/08_genomic_context/prokka/L033_GCF_045924925.1_emrC
[12:54:46] Running: mkdir -p \/home\/bacte\/bacillus_amr\/08_genomic_context\/prokka\/L033_GCF_045924925\.1_emrC
[12:54:46] Using filename prefix: L033_GCF_045924925.1_emrC.XXX
[12:54:46] Setting HMMER_NCPU=1
[12:54:46] Writing log to: /home/bacte/bacillus_amr/08_genomic_context/prokka/L033_GCF_045924925.1_emrC/L033_GCF_045924925.1_emrC.log
[12:54:46] Command: /home/bacte/miniconda3/envs/bacillus_ecogenomics/bin/prokka /home/bacte/bacillus_amr/08_genomic_context/windows_10kb/L033_GCF_045924925.1_emrC.fna --outdir /home/bacte/bacillus_amr/08_genomic_context/prokka/L033_GCF_045924925.1_emrC --prefix L033_GCF_045924925.1_emrC --kingdom Bacteria --genus Bacillus --cpus 2
[12:54:46] Looking for 'aragorn' - found /home/bacte/miniconda3/envs/bacillus_ecogenomics/bin/aragorn
[12:54:46] Determined aragorn version is v1.2 from 'ARAGORN v1.2.41 Dean Laslett'
[12:54:46] Looking for 'barrnap' - found /home/bacte/miniconda3/envs/bacillus_ecogenomics/bin/barrnap
[12:54:46] Determined barrnap version is v1.10 from 'barrnap 1.10.5'
[12:54:46] Looking for 'blastp' - found /home/bacte/miniconda3/envs/bacillus_ecogenomics/bin/blastp
[12:54:46] Determined blastp version is v2.17 from 'blastp: 2.17.0+'
[12:54:46] Looking for 'cmpress' - found /home/bacte/miniconda3/envs/bacillus_ecogenomics/bin/cmpress
[12:54:46] Determined cmpress version is v1.1 from '# INFERNAL 1.1.5 (Sep 2023)'
[12:54:46] Looking for 'cmscan' - found /home/bacte/miniconda3/envs/bacillus_ecogenomics/bin/cmscan
[12:54:46] Determined cmscan version is v1.1 from '# INFERNAL 1.1.5 (Sep 2023)'
[12:54:46] Looking for 'egrep' - found /usr/bin/egrep
[12:54:46] Looking for 'find' - found /usr/bin/find
[12:54:46] Looking for 'grep' - found /usr/bin/grep
[12:54:46] Looking for 'hmmpress' - found /home/bacte/miniconda3/envs/bacillus_ecogenomics/bin/hmmpress
[12:54:46] Determined hmmpress version is v3.4 from '# HMMER 3.4 (Aug 2023); http://hmmer.org/'
[12:54:46] Looking for 'hmmscan' - found /home/bacte/miniconda3/envs/bacillus_ecogenomics/bin/hmmscan
[12:54:46] Determined hmmscan version is v3.4 from '# HMMER 3.4 (Aug 2023); http://hmmer.org/'
[12:54:46] Looking for 'java' - found /home/bacte/miniconda3/envs/bacillus_ecogenomics/bin/java
[12:54:46] Looking for 'makeblastdb' - found /home/bacte/miniconda3/envs/bacillus_ecogenomics/bin/makeblastdb
[12:54:46] Determined makeblastdb version is v2.17 from 'makeblastdb: 2.17.0+'
[12:54:46] Looking for 'minced' - found /home/bacte/miniconda3/envs/bacillus_ecogenomics/bin/minced
[12:54:46] Determined minced version is v4.2 from 'minced 0.4.2'
[12:54:46] Looking for 'parallel' - found /home/bacte/miniconda3/envs/bacillus_ecogenomics/bin/parallel
[12:54:46] Determined parallel version is 20260422 from 'GNU parallel 20260422'
[12:54:46] Looking for 'prodigal' - found /home/bacte/miniconda3/envs/bacillus_ecogenomics/bin/prodigal
[12:54:46] Determined prodigal version is v2.6 from 'Prodigal V2.6.3: February, 2016'
[12:54:46] Looking for 'prokka-genbank_to_fasta_db' - found /home/bacte/miniconda3/envs/bacillus_ecogenomics/bin/prokka-genbank_to_fasta_db
[12:54:46] Looking for 'sed' - found /usr/bin/sed
[12:54:46] Looking for 'tbl2asn' - found /home/bacte/miniconda3/envs/bacillus_ecogenomics/bin/tbl2asn
[12:54:46] Determined tbl2asn version is v25.7 from 'tbl2asn 25.7   arguments:'
[12:54:46] Using genetic code table 11.
[12:54:46] Loading and checking input file: /home/bacte/bacillus_amr/08_genomic_context/windows_10kb/L033_GCF_045924925.1_emrC.fna
[12:54:46] Wrote 1 contigs totalling 20360 bp.
[12:54:46] Predicting tRNAs and tmRNAs
[12:54:46] Running: aragorn -l -gc11  -w \/home\/bacte\/bacillus_amr\/08_genomic_context\/prokka\/L033_GCF_045924925\.1_emrC\/L033_GCF_045924925\.1_emrC\.fna
[12:54:46] Found 0 tRNAs
[12:54:46] Predicting Ribosomal RNAs
[12:54:46] Running Barrnap with 2 threads
[12:54:47] Found 0 rRNAs
[12:54:47] Skipping ncRNA search, enable with --rfam if desired.
[12:54:47] Total of 0 tRNA + rRNA features
[12:54:47] Searching for CRISPR repeats
[12:54:47] Found 0 CRISPRs
[12:54:47] Predicting coding sequences
[12:54:47] Contigs total 20360 bp, so using single mode
[12:54:47] Running: prodigal -i \/home\/bacte\/bacillus_amr\/08_genomic_context\/prokka\/L033_GCF_045924925\.1_emrC\/L033_GCF_045924925\.1_emrC\.fna -c -m -g 11 -p single -f sco -q


Warning:  ideally Prodigal should be given at least 100000 bases for training.
You may get better results with the -p meta option.

[12:54:47] Found 33 CDS
[12:54:47] Connecting features back to sequences
[12:54:47] Not using genus-specific database. Try --usegenus to enable it.
[12:54:47] Annotating CDS, please be patient.
[12:54:47] Will use 2 CPUs for similarity searching.
[12:54:47] There are still 33 unannotated CDS left (started with 33)
[12:54:47] Will use blast to search against /home/bacte/miniconda3/envs/bacillus_ecogenomics/db/kingdom/Bacteria/IS with 2 CPUs
[12:54:47] Running: cat \/home\/bacte\/bacillus_amr\/08_genomic_context\/prokka\/L033_GCF_045924925\.1_emrC\/L033_GCF_045924925\.1_emrC\.IS\.tmp\.11346\.faa | parallel --gnu --plain -j 2 --block 1455 --recstart '>' --pipe blastp -query - -db /home/bacte/miniconda3/envs/bacillus_ecogenomics/db/kingdom/Bacteria/IS -evalue 1e-30 -qcov_hsp_perc 90 -num_threads 1 -num_descriptions 1 -num_alignments 1 -seg no > \/home\/bacte\/bacillus_amr\/08_genomic_context\/prokka\/L033_GCF_045924925\.1_emrC\/L033_GCF_045924925\.1_emrC\.IS\.tmp\.11346\.blast 2> /dev/null
[12:54:48] Deleting unwanted file: /home/bacte/bacillus_amr/08_genomic_context/prokka/L033_GCF_045924925.1_emrC/L033_GCF_045924925.1_emrC.IS.tmp.11346.faa
[12:54:48] Deleting unwanted file: /home/bacte/bacillus_amr/08_genomic_context/prokka/L033_GCF_045924925.1_emrC/L033_GCF_045924925.1_emrC.IS.tmp.11346.blast
[12:54:48] There are still 33 unannotated CDS left (started with 33)
[12:54:48] Will use blast to search against /home/bacte/miniconda3/envs/bacillus_ecogenomics/db/kingdom/Bacteria/AMR with 2 CPUs
[12:54:48] Running: cat \/home\/bacte\/bacillus_amr\/08_genomic_context\/prokka\/L033_GCF_045924925\.1_emrC\/L033_GCF_045924925\.1_emrC\.AMR\.tmp\.11346\.faa | parallel --gnu --plain -j 2 --block 1455 --recstart '>' --pipe blastp -query - -db /home/bacte/miniconda3/envs/bacillus_ecogenomics/db/kingdom/Bacteria/AMR -evalue 1e-300 -qcov_hsp_perc 90 -num_threads 1 -num_descriptions 1 -num_alignments 1 -seg no > \/home\/bacte\/bacillus_amr\/08_genomic_context\/prokka\/L033_GCF_045924925\.1_emrC\/L033_GCF_045924925\.1_emrC\.AMR\.tmp\.11346\.blast 2> /dev/null
[12:54:49] Deleting unwanted file: /home/bacte/bacillus_amr/08_genomic_context/prokka/L033_GCF_045924925.1_emrC/L033_GCF_045924925.1_emrC.AMR.tmp.11346.faa
[12:54:49] Deleting unwanted file: /home/bacte/bacillus_amr/08_genomic_context/prokka/L033_GCF_045924925.1_emrC/L033_GCF_045924925.1_emrC.AMR.tmp.11346.blast
[12:54:49] There are still 33 unannotated CDS left (started with 33)
[12:54:49] Will use blast to search against /home/bacte/miniconda3/envs/bacillus_ecogenomics/db/kingdom/Bacteria/sprot with 2 CPUs
[12:54:49] Running: cat \/home\/bacte\/bacillus_amr\/08_genomic_context\/prokka\/L033_GCF_045924925\.1_emrC\/L033_GCF_045924925\.1_emrC\.sprot\.tmp\.11346\.faa | parallel --gnu --plain -j 2 --block 1455 --recstart '>' --pipe blastp -query - -db /home/bacte/miniconda3/envs/bacillus_ecogenomics/db/kingdom/Bacteria/sprot -evalue 1e-09 -qcov_hsp_perc 80 -num_threads 1 -num_descriptions 1 -num_alignments 1 -seg no > \/home\/bacte\/bacillus_amr\/08_genomic_context\/prokka\/L033_GCF_045924925\.1_emrC\/L033_GCF_045924925\.1_emrC\.sprot\.tmp\.11346\.blast 2> /dev/null
[12:54:51] Modify product: Uncharacterized N-acetyltransferase YjcF => putative N-acetyltransferase YjcF
[12:54:51] Cleaned 1 /product names
[12:54:51] Deleting unwanted file: /home/bacte/bacillus_amr/08_genomic_context/prokka/L033_GCF_045924925.1_emrC/L033_GCF_045924925.1_emrC.sprot.tmp.11346.faa
[12:54:51] Deleting unwanted file: /home/bacte/bacillus_amr/08_genomic_context/prokka/L033_GCF_045924925.1_emrC/L033_GCF_045924925.1_emrC.sprot.tmp.11346.blast
[12:54:51] There are still 25 unannotated CDS left (started with 33)
[12:54:51] Will use hmmer3 to search against /home/bacte/miniconda3/envs/bacillus_ecogenomics/db/hmm/HAMAP.hmm with 2 CPUs
[12:54:51] Running: cat \/home\/bacte\/bacillus_amr\/08_genomic_context\/prokka\/L033_GCF_045924925\.1_emrC\/L033_GCF_045924925\.1_emrC\.HAMAP\.hmm\.tmp\.11346\.faa | parallel --gnu --plain -j 2 --block 890 --recstart '>' --pipe hmmscan --noali --notextw --acc -E 1e-09 --cpu 1 /home/bacte/miniconda3/envs/bacillus_ecogenomics/db/hmm/HAMAP.hmm /dev/stdin > \/home\/bacte\/bacillus_amr\/08_genomic_context\/prokka\/L033_GCF_045924925\.1_emrC\/L033_GCF_045924925\.1_emrC\.HAMAP\.hmm\.tmp\.11346\.hmmer3 2> /dev/null
[12:54:51] Deleting unwanted file: /home/bacte/bacillus_amr/08_genomic_context/prokka/L033_GCF_045924925.1_emrC/L033_GCF_045924925.1_emrC.HAMAP.hmm.tmp.11346.faa
[12:54:51] Deleting unwanted file: /home/bacte/bacillus_amr/08_genomic_context/prokka/L033_GCF_045924925.1_emrC/L033_GCF_045924925.1_emrC.HAMAP.hmm.tmp.11346.hmmer3
[12:54:51] Labelling remaining 23 proteins as 'hypothetical protein'
[12:54:51] Found 10 unique /gene codes.
[12:54:51] Fixed 0 colliding /gene names.
[12:54:51] Adding /locus_tag identifiers
[12:54:51] Assigned 33 locus_tags to CDS and RNA features.
[12:54:51] Writing outputs to /home/bacte/bacillus_amr/08_genomic_context/prokka/L033_GCF_045924925.1_emrC/
[12:54:51] Generating annotation statistics file
[12:54:51] Generating Genbank and Sequin files
[12:54:51] Running: tbl2asn -V b -a r10k -l paired-ends -M n -N 1 -y 'Annotated using prokka 1.15.6 from https://github.com/tseemann/prokka' -Z \/home\/bacte\/bacillus_amr\/08_genomic_context\/prokka\/L033_GCF_045924925\.1_emrC\/L033_GCF_045924925\.1_emrC\.err -i \/home\/bacte\/bacillus_amr\/08_genomic_context\/prokka\/L033_GCF_045924925\.1_emrC\/L033_GCF_045924925\.1_emrC\.fsa 2> /dev/null
[tbl2asn-forever] Found Prokka input, correcting dates in .gbf|.sqn files.
[tbl2asn-forever] Correcting dates in /home/bacte/bacillus_amr/08_genomic_context/prokka/L033_GCF_045924925.1_emrC/L033_GCF_045924925.1_emrC.gbf
[tbl2asn-forever] Correcting dates in /home/bacte/bacillus_amr/08_genomic_context/prokka/L033_GCF_045924925.1_emrC/L033_GCF_045924925.1_emrC.sqn
[tbl2asn-forever] Dates changed from 01-JAN-2019 to 06-OCT-2026
[12:54:52] Deleting unwanted file: /home/bacte/bacillus_amr/08_genomic_context/prokka/L033_GCF_045924925.1_emrC/errorsummary.val
[12:54:52] Deleting unwanted file: /home/bacte/bacillus_amr/08_genomic_context/prokka/L033_GCF_045924925.1_emrC/L033_GCF_045924925.1_emrC.dr
[12:54:52] Deleting unwanted file: /home/bacte/bacillus_amr/08_genomic_context/prokka/L033_GCF_045924925.1_emrC/L033_GCF_045924925.1_emrC.fixedproducts
[12:54:52] Deleting unwanted file: /home/bacte/bacillus_amr/08_genomic_context/prokka/L033_GCF_045924925.1_emrC/L033_GCF_045924925.1_emrC.ecn
[12:54:52] Deleting unwanted file: /home/bacte/bacillus_amr/08_genomic_context/prokka/L033_GCF_045924925.1_emrC/L033_GCF_045924925.1_emrC.val
[12:54:52] Repairing broken .GBK output that tbl2asn produces...
[12:54:52] Running: sed 's/COORDINATES: profile/COORDINATES:profile/' < \/home\/bacte\/bacillus_amr\/08_genomic_context\/prokka\/L033_GCF_045924925\.1_emrC\/L033_GCF_045924925\.1_emrC\.gbf > \/home\/bacte\/bacillus_amr\/08_genomic_context\/prokka\/L033_GCF_045924925\.1_emrC\/L033_GCF_045924925\.1_emrC\.gbk
[12:54:52] Deleting unwanted file: /home/bacte/bacillus_amr/08_genomic_context/prokka/L033_GCF_045924925.1_emrC/L033_GCF_045924925.1_emrC.gbf
[12:54:52] Output files:
[12:54:52] /home/bacte/bacillus_amr/08_genomic_context/prokka/L033_GCF_045924925.1_emrC/L033_GCF_045924925.1_emrC.txt
[12:54:52] /home/bacte/bacillus_amr/08_genomic_context/prokka/L033_GCF_045924925.1_emrC/L033_GCF_045924925.1_emrC.fsa
[12:54:52] /home/bacte/bacillus_amr/08_genomic_context/prokka/L033_GCF_045924925.1_emrC/L033_GCF_045924925.1_emrC.tsv
[12:54:52] /home/bacte/bacillus_amr/08_genomic_context/prokka/L033_GCF_045924925.1_emrC/L033_GCF_045924925.1_emrC.ffn
[12:54:52] /home/bacte/bacillus_amr/08_genomic_context/prokka/L033_GCF_045924925.1_emrC/L033_GCF_045924925.1_emrC.err
[12:54:52] /home/bacte/bacillus_amr/08_genomic_context/prokka/L033_GCF_045924925.1_emrC/L033_GCF_045924925.1_emrC.tbl
[12:54:52] /home/bacte/bacillus_amr/08_genomic_context/prokka/L033_GCF_045924925.1_emrC/L033_GCF_045924925.1_emrC.gbk
[12:54:52] /home/bacte/bacillus_amr/08_genomic_context/prokka/L033_GCF_045924925.1_emrC/L033_GCF_045924925.1_emrC.log
[12:54:52] /home/bacte/bacillus_amr/08_genomic_context/prokka/L033_GCF_045924925.1_emrC/L033_GCF_045924925.1_emrC.faa
[12:54:52] /home/bacte/bacillus_amr/08_genomic_context/prokka/L033_GCF_045924925.1_emrC/L033_GCF_045924925.1_emrC.gff
[12:54:52] /home/bacte/bacillus_amr/08_genomic_context/prokka/L033_GCF_045924925.1_emrC/L033_GCF_045924925.1_emrC.fna
[12:54:52] /home/bacte/bacillus_amr/08_genomic_context/prokka/L033_GCF_045924925.1_emrC/L033_GCF_045924925.1_emrC.sqn
[12:54:52] Annotation finished successfully.
[12:54:52] Walltime used: 0.10 minutes
[12:54:52] If you use this result please cite the Prokka paper:
[12:54:52] Seemann T (2014) Prokka: rapid prokaryotic genome annotation. Bioinformatics. 30(14):2068-9.
[12:54:52] Type 'prokka --citation' for more details.
[12:54:52] Thank you, come again.
[34/41] L034_GCF_050445565.1_emrC
[12:54:52] This is prokka 1.15.6
[12:54:52] Written by Torsten Seemann <torsten.seemann@gmail.com>
[12:54:52] Homepage is https://github.com/tseemann/prokka
[12:54:52] Local time is Tue Oct  6 12:54:52 2026
[12:54:52] You are bacte
[12:54:52] Operating system is linux
[12:54:52] You have BioPerl 1.7.8
[12:54:52] System has 8 cores.
[12:54:52] Will use maximum of 2 cores.
[12:54:52] Annotating as >>> Bacteria <<<
[12:54:52] Generating locus_tag from '/home/bacte/bacillus_amr/08_genomic_context/windows_10kb/L034_GCF_050445565.1_emrC.fna' contents.
[12:54:52] Setting --locustag KDPDCJMA from MD5 4d9dc36a0370c25a24494c756f1c7f6d
[12:54:52] Creating new output folder: /home/bacte/bacillus_amr/08_genomic_context/prokka/L034_GCF_050445565.1_emrC
[12:54:52] Running: mkdir -p \/home\/bacte\/bacillus_amr\/08_genomic_context\/prokka\/L034_GCF_050445565\.1_emrC
[12:54:52] Using filename prefix: L034_GCF_050445565.1_emrC.XXX
[12:54:52] Setting HMMER_NCPU=1
[12:54:52] Writing log to: /home/bacte/bacillus_amr/08_genomic_context/prokka/L034_GCF_050445565.1_emrC/L034_GCF_050445565.1_emrC.log
[12:54:52] Command: /home/bacte/miniconda3/envs/bacillus_ecogenomics/bin/prokka /home/bacte/bacillus_amr/08_genomic_context/windows_10kb/L034_GCF_050445565.1_emrC.fna --outdir /home/bacte/bacillus_amr/08_genomic_context/prokka/L034_GCF_050445565.1_emrC --prefix L034_GCF_050445565.1_emrC --kingdom Bacteria --genus Bacillus --cpus 2
[12:54:52] Looking for 'aragorn' - found /home/bacte/miniconda3/envs/bacillus_ecogenomics/bin/aragorn
[12:54:52] Determined aragorn version is v1.2 from 'ARAGORN v1.2.41 Dean Laslett'
[12:54:52] Looking for 'barrnap' - found /home/bacte/miniconda3/envs/bacillus_ecogenomics/bin/barrnap
[12:54:52] Determined barrnap version is v1.10 from 'barrnap 1.10.5'
[12:54:52] Looking for 'blastp' - found /home/bacte/miniconda3/envs/bacillus_ecogenomics/bin/blastp
[12:54:52] Determined blastp version is v2.17 from 'blastp: 2.17.0+'
[12:54:52] Looking for 'cmpress' - found /home/bacte/miniconda3/envs/bacillus_ecogenomics/bin/cmpress
[12:54:52] Determined cmpress version is v1.1 from '# INFERNAL 1.1.5 (Sep 2023)'
[12:54:52] Looking for 'cmscan' - found /home/bacte/miniconda3/envs/bacillus_ecogenomics/bin/cmscan
[12:54:52] Determined cmscan version is v1.1 from '# INFERNAL 1.1.5 (Sep 2023)'
[12:54:52] Looking for 'egrep' - found /usr/bin/egrep
[12:54:52] Looking for 'find' - found /usr/bin/find
[12:54:52] Looking for 'grep' - found /usr/bin/grep
[12:54:52] Looking for 'hmmpress' - found /home/bacte/miniconda3/envs/bacillus_ecogenomics/bin/hmmpress
[12:54:52] Determined hmmpress version is v3.4 from '# HMMER 3.4 (Aug 2023); http://hmmer.org/'
[12:54:52] Looking for 'hmmscan' - found /home/bacte/miniconda3/envs/bacillus_ecogenomics/bin/hmmscan
[12:54:52] Determined hmmscan version is v3.4 from '# HMMER 3.4 (Aug 2023); http://hmmer.org/'
[12:54:52] Looking for 'java' - found /home/bacte/miniconda3/envs/bacillus_ecogenomics/bin/java
[12:54:52] Looking for 'makeblastdb' - found /home/bacte/miniconda3/envs/bacillus_ecogenomics/bin/makeblastdb
[12:54:52] Determined makeblastdb version is v2.17 from 'makeblastdb: 2.17.0+'
[12:54:52] Looking for 'minced' - found /home/bacte/miniconda3/envs/bacillus_ecogenomics/bin/minced
[12:54:52] Determined minced version is v4.2 from 'minced 0.4.2'
[12:54:52] Looking for 'parallel' - found /home/bacte/miniconda3/envs/bacillus_ecogenomics/bin/parallel
[12:54:52] Determined parallel version is 20260422 from 'GNU parallel 20260422'
[12:54:52] Looking for 'prodigal' - found /home/bacte/miniconda3/envs/bacillus_ecogenomics/bin/prodigal
[12:54:52] Determined prodigal version is v2.6 from 'Prodigal V2.6.3: February, 2016'
[12:54:52] Looking for 'prokka-genbank_to_fasta_db' - found /home/bacte/miniconda3/envs/bacillus_ecogenomics/bin/prokka-genbank_to_fasta_db
[12:54:52] Looking for 'sed' - found /usr/bin/sed
[12:54:52] Looking for 'tbl2asn' - found /home/bacte/miniconda3/envs/bacillus_ecogenomics/bin/tbl2asn
[12:54:52] Determined tbl2asn version is v25.7 from 'tbl2asn 25.7   arguments:'
[12:54:52] Using genetic code table 11.
[12:54:52] Loading and checking input file: /home/bacte/bacillus_amr/08_genomic_context/windows_10kb/L034_GCF_050445565.1_emrC.fna
[12:54:52] Wrote 1 contigs totalling 20360 bp.
[12:54:52] Predicting tRNAs and tmRNAs
[12:54:52] Running: aragorn -l -gc11  -w \/home\/bacte\/bacillus_amr\/08_genomic_context\/prokka\/L034_GCF_050445565\.1_emrC\/L034_GCF_050445565\.1_emrC\.fna
[12:54:52] Found 0 tRNAs
[12:54:52] Predicting Ribosomal RNAs
[12:54:52] Running Barrnap with 2 threads
[12:54:53] Found 0 rRNAs
[12:54:53] Skipping ncRNA search, enable with --rfam if desired.
[12:54:53] Total of 0 tRNA + rRNA features
[12:54:53] Searching for CRISPR repeats
[12:54:53] Found 0 CRISPRs
[12:54:53] Predicting coding sequences
[12:54:53] Contigs total 20360 bp, so using single mode
[12:54:53] Running: prodigal -i \/home\/bacte\/bacillus_amr\/08_genomic_context\/prokka\/L034_GCF_050445565\.1_emrC\/L034_GCF_050445565\.1_emrC\.fna -c -m -g 11 -p single -f sco -q


Warning:  ideally Prodigal should be given at least 100000 bases for training.
You may get better results with the -p meta option.

[12:54:53] Found 31 CDS
[12:54:53] Connecting features back to sequences
[12:54:53] Not using genus-specific database. Try --usegenus to enable it.
[12:54:53] Annotating CDS, please be patient.
[12:54:53] Will use 2 CPUs for similarity searching.
[12:54:53] There are still 31 unannotated CDS left (started with 31)
[12:54:53] Will use blast to search against /home/bacte/miniconda3/envs/bacillus_ecogenomics/db/kingdom/Bacteria/IS with 2 CPUs
[12:54:53] Running: cat \/home\/bacte\/bacillus_amr\/08_genomic_context\/prokka\/L034_GCF_050445565\.1_emrC\/L034_GCF_050445565\.1_emrC\.IS\.tmp\.11726\.faa | parallel --gnu --plain -j 2 --block 1388 --recstart '>' --pipe blastp -query - -db /home/bacte/miniconda3/envs/bacillus_ecogenomics/db/kingdom/Bacteria/IS -evalue 1e-30 -qcov_hsp_perc 90 -num_threads 1 -num_descriptions 1 -num_alignments 1 -seg no > \/home\/bacte\/bacillus_amr\/08_genomic_context\/prokka\/L034_GCF_050445565\.1_emrC\/L034_GCF_050445565\.1_emrC\.IS\.tmp\.11726\.blast 2> /dev/null
[12:54:54] Deleting unwanted file: /home/bacte/bacillus_amr/08_genomic_context/prokka/L034_GCF_050445565.1_emrC/L034_GCF_050445565.1_emrC.IS.tmp.11726.faa
[12:54:54] Deleting unwanted file: /home/bacte/bacillus_amr/08_genomic_context/prokka/L034_GCF_050445565.1_emrC/L034_GCF_050445565.1_emrC.IS.tmp.11726.blast
[12:54:54] There are still 31 unannotated CDS left (started with 31)
[12:54:54] Will use blast to search against /home/bacte/miniconda3/envs/bacillus_ecogenomics/db/kingdom/Bacteria/AMR with 2 CPUs
[12:54:54] Running: cat \/home\/bacte\/bacillus_amr\/08_genomic_context\/prokka\/L034_GCF_050445565\.1_emrC\/L034_GCF_050445565\.1_emrC\.AMR\.tmp\.11726\.faa | parallel --gnu --plain -j 2 --block 1388 --recstart '>' --pipe blastp -query - -db /home/bacte/miniconda3/envs/bacillus_ecogenomics/db/kingdom/Bacteria/AMR -evalue 1e-300 -qcov_hsp_perc 90 -num_threads 1 -num_descriptions 1 -num_alignments 1 -seg no > \/home\/bacte\/bacillus_amr\/08_genomic_context\/prokka\/L034_GCF_050445565\.1_emrC\/L034_GCF_050445565\.1_emrC\.AMR\.tmp\.11726\.blast 2> /dev/null
[12:54:55] Deleting unwanted file: /home/bacte/bacillus_amr/08_genomic_context/prokka/L034_GCF_050445565.1_emrC/L034_GCF_050445565.1_emrC.AMR.tmp.11726.faa
[12:54:55] Deleting unwanted file: /home/bacte/bacillus_amr/08_genomic_context/prokka/L034_GCF_050445565.1_emrC/L034_GCF_050445565.1_emrC.AMR.tmp.11726.blast
[12:54:55] There are still 31 unannotated CDS left (started with 31)
[12:54:55] Will use blast to search against /home/bacte/miniconda3/envs/bacillus_ecogenomics/db/kingdom/Bacteria/sprot with 2 CPUs
[12:54:55] Running: cat \/home\/bacte\/bacillus_amr\/08_genomic_context\/prokka\/L034_GCF_050445565\.1_emrC\/L034_GCF_050445565\.1_emrC\.sprot\.tmp\.11726\.faa | parallel --gnu --plain -j 2 --block 1388 --recstart '>' --pipe blastp -query - -db /home/bacte/miniconda3/envs/bacillus_ecogenomics/db/kingdom/Bacteria/sprot -evalue 1e-09 -qcov_hsp_perc 80 -num_threads 1 -num_descriptions 1 -num_alignments 1 -seg no > \/home\/bacte\/bacillus_amr\/08_genomic_context\/prokka\/L034_GCF_050445565\.1_emrC\/L034_GCF_050445565\.1_emrC\.sprot\.tmp\.11726\.blast 2> /dev/null
[12:54:57] Deleting unwanted file: /home/bacte/bacillus_amr/08_genomic_context/prokka/L034_GCF_050445565.1_emrC/L034_GCF_050445565.1_emrC.sprot.tmp.11726.faa
[12:54:57] Deleting unwanted file: /home/bacte/bacillus_amr/08_genomic_context/prokka/L034_GCF_050445565.1_emrC/L034_GCF_050445565.1_emrC.sprot.tmp.11726.blast
[12:54:57] There are still 16 unannotated CDS left (started with 31)
[12:54:57] Will use hmmer3 to search against /home/bacte/miniconda3/envs/bacillus_ecogenomics/db/hmm/HAMAP.hmm with 2 CPUs
[12:54:57] Running: cat \/home\/bacte\/bacillus_amr\/08_genomic_context\/prokka\/L034_GCF_050445565\.1_emrC\/L034_GCF_050445565\.1_emrC\.HAMAP\.hmm\.tmp\.11726\.faa | parallel --gnu --plain -j 2 --block 687 --recstart '>' --pipe hmmscan --noali --notextw --acc -E 1e-09 --cpu 1 /home/bacte/miniconda3/envs/bacillus_ecogenomics/db/hmm/HAMAP.hmm /dev/stdin > \/home\/bacte\/bacillus_amr\/08_genomic_context\/prokka\/L034_GCF_050445565\.1_emrC\/L034_GCF_050445565\.1_emrC\.HAMAP\.hmm\.tmp\.11726\.hmmer3 2> /dev/null
[12:54:58] Deleting unwanted file: /home/bacte/bacillus_amr/08_genomic_context/prokka/L034_GCF_050445565.1_emrC/L034_GCF_050445565.1_emrC.HAMAP.hmm.tmp.11726.faa
[12:54:58] Deleting unwanted file: /home/bacte/bacillus_amr/08_genomic_context/prokka/L034_GCF_050445565.1_emrC/L034_GCF_050445565.1_emrC.HAMAP.hmm.tmp.11726.hmmer3
[12:54:58] Labelling remaining 16 proteins as 'hypothetical protein'
[12:54:58] Possible /pseudo 'Catabolite control protein B' at L034_GCF_050445565.1_emrC position 4284
[12:54:58] Found 14 unique /gene codes.
[12:54:58] Fixed 2 duplicate /gene - ccpB_1 ccpB_2
[12:54:58] Fixed 1 colliding /gene names.
[12:54:58] Adding /locus_tag identifiers
[12:54:58] Assigned 31 locus_tags to CDS and RNA features.
[12:54:58] Writing outputs to /home/bacte/bacillus_amr/08_genomic_context/prokka/L034_GCF_050445565.1_emrC/
[12:54:58] Generating annotation statistics file
[12:54:58] Generating Genbank and Sequin files
[12:54:58] Running: tbl2asn -V b -a r10k -l paired-ends -M n -N 1 -y 'Annotated using prokka 1.15.6 from https://github.com/tseemann/prokka' -Z \/home\/bacte\/bacillus_amr\/08_genomic_context\/prokka\/L034_GCF_050445565\.1_emrC\/L034_GCF_050445565\.1_emrC\.err -i \/home\/bacte\/bacillus_amr\/08_genomic_context\/prokka\/L034_GCF_050445565\.1_emrC\/L034_GCF_050445565\.1_emrC\.fsa 2> /dev/null
[tbl2asn-forever] Found Prokka input, correcting dates in .gbf|.sqn files.
[tbl2asn-forever] Correcting dates in /home/bacte/bacillus_amr/08_genomic_context/prokka/L034_GCF_050445565.1_emrC/L034_GCF_050445565.1_emrC.gbf
[tbl2asn-forever] Correcting dates in /home/bacte/bacillus_amr/08_genomic_context/prokka/L034_GCF_050445565.1_emrC/L034_GCF_050445565.1_emrC.sqn
[tbl2asn-forever] Dates changed from 01-JAN-2019 to 06-OCT-2026
[12:54:58] Deleting unwanted file: /home/bacte/bacillus_amr/08_genomic_context/prokka/L034_GCF_050445565.1_emrC/errorsummary.val
[12:54:58] Deleting unwanted file: /home/bacte/bacillus_amr/08_genomic_context/prokka/L034_GCF_050445565.1_emrC/L034_GCF_050445565.1_emrC.dr
[12:54:58] Deleting unwanted file: /home/bacte/bacillus_amr/08_genomic_context/prokka/L034_GCF_050445565.1_emrC/L034_GCF_050445565.1_emrC.fixedproducts
[12:54:58] Deleting unwanted file: /home/bacte/bacillus_amr/08_genomic_context/prokka/L034_GCF_050445565.1_emrC/L034_GCF_050445565.1_emrC.ecn
[12:54:58] Deleting unwanted file: /home/bacte/bacillus_amr/08_genomic_context/prokka/L034_GCF_050445565.1_emrC/L034_GCF_050445565.1_emrC.val
[12:54:58] Repairing broken .GBK output that tbl2asn produces...
[12:54:58] Running: sed 's/COORDINATES: profile/COORDINATES:profile/' < \/home\/bacte\/bacillus_amr\/08_genomic_context\/prokka\/L034_GCF_050445565\.1_emrC\/L034_GCF_050445565\.1_emrC\.gbf > \/home\/bacte\/bacillus_amr\/08_genomic_context\/prokka\/L034_GCF_050445565\.1_emrC\/L034_GCF_050445565\.1_emrC\.gbk
[12:54:58] Deleting unwanted file: /home/bacte/bacillus_amr/08_genomic_context/prokka/L034_GCF_050445565.1_emrC/L034_GCF_050445565.1_emrC.gbf
[12:54:58] Output files:
[12:54:58] /home/bacte/bacillus_amr/08_genomic_context/prokka/L034_GCF_050445565.1_emrC/L034_GCF_050445565.1_emrC.fsa
[12:54:58] /home/bacte/bacillus_amr/08_genomic_context/prokka/L034_GCF_050445565.1_emrC/L034_GCF_050445565.1_emrC.sqn
[12:54:58] /home/bacte/bacillus_amr/08_genomic_context/prokka/L034_GCF_050445565.1_emrC/L034_GCF_050445565.1_emrC.fna
[12:54:58] /home/bacte/bacillus_amr/08_genomic_context/prokka/L034_GCF_050445565.1_emrC/L034_GCF_050445565.1_emrC.tsv
[12:54:58] /home/bacte/bacillus_amr/08_genomic_context/prokka/L034_GCF_050445565.1_emrC/L034_GCF_050445565.1_emrC.log
[12:54:58] /home/bacte/bacillus_amr/08_genomic_context/prokka/L034_GCF_050445565.1_emrC/L034_GCF_050445565.1_emrC.gff
[12:54:58] /home/bacte/bacillus_amr/08_genomic_context/prokka/L034_GCF_050445565.1_emrC/L034_GCF_050445565.1_emrC.tbl
[12:54:58] /home/bacte/bacillus_amr/08_genomic_context/prokka/L034_GCF_050445565.1_emrC/L034_GCF_050445565.1_emrC.err
[12:54:58] /home/bacte/bacillus_amr/08_genomic_context/prokka/L034_GCF_050445565.1_emrC/L034_GCF_050445565.1_emrC.txt
[12:54:58] /home/bacte/bacillus_amr/08_genomic_context/prokka/L034_GCF_050445565.1_emrC/L034_GCF_050445565.1_emrC.faa
[12:54:58] /home/bacte/bacillus_amr/08_genomic_context/prokka/L034_GCF_050445565.1_emrC/L034_GCF_050445565.1_emrC.ffn
[12:54:58] /home/bacte/bacillus_amr/08_genomic_context/prokka/L034_GCF_050445565.1_emrC/L034_GCF_050445565.1_emrC.gbk
[12:54:58] Annotation finished successfully.
[12:54:58] Walltime used: 0.10 minutes
[12:54:58] If you use this result please cite the Prokka paper:
[12:54:58] Seemann T (2014) Prokka: rapid prokaryotic genome annotation. Bioinformatics. 30(14):2068-9.
[12:54:58] Type 'prokka --citation' for more details.
[12:54:58] Thank you, come again.
[35/41] L035_GCF_059147205.1_emrC
[12:54:58] This is prokka 1.15.6
[12:54:58] Written by Torsten Seemann <torsten.seemann@gmail.com>
[12:54:58] Homepage is https://github.com/tseemann/prokka
[12:54:58] Local time is Tue Oct  6 12:54:58 2026
[12:54:58] You are bacte
[12:54:58] Operating system is linux
[12:54:58] You have BioPerl 1.7.8
[12:54:58] System has 8 cores.
[12:54:58] Will use maximum of 2 cores.
[12:54:58] Annotating as >>> Bacteria <<<
[12:54:58] Generating locus_tag from '/home/bacte/bacillus_amr/08_genomic_context/windows_10kb/L035_GCF_059147205.1_emrC.fna' contents.
[12:54:58] Setting --locustag OFHFODCH from MD5 8f1f8dc1796b0ade760486010f233d75
[12:54:58] Creating new output folder: /home/bacte/bacillus_amr/08_genomic_context/prokka/L035_GCF_059147205.1_emrC
[12:54:58] Running: mkdir -p \/home\/bacte\/bacillus_amr\/08_genomic_context\/prokka\/L035_GCF_059147205\.1_emrC
[12:54:58] Using filename prefix: L035_GCF_059147205.1_emrC.XXX
[12:54:58] Setting HMMER_NCPU=1
[12:54:58] Writing log to: /home/bacte/bacillus_amr/08_genomic_context/prokka/L035_GCF_059147205.1_emrC/L035_GCF_059147205.1_emrC.log
[12:54:58] Command: /home/bacte/miniconda3/envs/bacillus_ecogenomics/bin/prokka /home/bacte/bacillus_amr/08_genomic_context/windows_10kb/L035_GCF_059147205.1_emrC.fna --outdir /home/bacte/bacillus_amr/08_genomic_context/prokka/L035_GCF_059147205.1_emrC --prefix L035_GCF_059147205.1_emrC --kingdom Bacteria --genus Bacillus --cpus 2
[12:54:58] Looking for 'aragorn' - found /home/bacte/miniconda3/envs/bacillus_ecogenomics/bin/aragorn
[12:54:58] Determined aragorn version is v1.2 from 'ARAGORN v1.2.41 Dean Laslett'
[12:54:58] Looking for 'barrnap' - found /home/bacte/miniconda3/envs/bacillus_ecogenomics/bin/barrnap
[12:54:58] Determined barrnap version is v1.10 from 'barrnap 1.10.5'
[12:54:58] Looking for 'blastp' - found /home/bacte/miniconda3/envs/bacillus_ecogenomics/bin/blastp
[12:54:58] Determined blastp version is v2.17 from 'blastp: 2.17.0+'
[12:54:58] Looking for 'cmpress' - found /home/bacte/miniconda3/envs/bacillus_ecogenomics/bin/cmpress
[12:54:58] Determined cmpress version is v1.1 from '# INFERNAL 1.1.5 (Sep 2023)'
[12:54:58] Looking for 'cmscan' - found /home/bacte/miniconda3/envs/bacillus_ecogenomics/bin/cmscan
[12:54:58] Determined cmscan version is v1.1 from '# INFERNAL 1.1.5 (Sep 2023)'
[12:54:58] Looking for 'egrep' - found /usr/bin/egrep
[12:54:58] Looking for 'find' - found /usr/bin/find
[12:54:58] Looking for 'grep' - found /usr/bin/grep
[12:54:58] Looking for 'hmmpress' - found /home/bacte/miniconda3/envs/bacillus_ecogenomics/bin/hmmpress
[12:54:58] Determined hmmpress version is v3.4 from '# HMMER 3.4 (Aug 2023); http://hmmer.org/'
[12:54:58] Looking for 'hmmscan' - found /home/bacte/miniconda3/envs/bacillus_ecogenomics/bin/hmmscan
[12:54:58] Determined hmmscan version is v3.4 from '# HMMER 3.4 (Aug 2023); http://hmmer.org/'
[12:54:58] Looking for 'java' - found /home/bacte/miniconda3/envs/bacillus_ecogenomics/bin/java
[12:54:58] Looking for 'makeblastdb' - found /home/bacte/miniconda3/envs/bacillus_ecogenomics/bin/makeblastdb
[12:54:58] Determined makeblastdb version is v2.17 from 'makeblastdb: 2.17.0+'
[12:54:58] Looking for 'minced' - found /home/bacte/miniconda3/envs/bacillus_ecogenomics/bin/minced
[12:54:58] Determined minced version is v4.2 from 'minced 0.4.2'
[12:54:58] Looking for 'parallel' - found /home/bacte/miniconda3/envs/bacillus_ecogenomics/bin/parallel
[12:54:58] Determined parallel version is 20260422 from 'GNU parallel 20260422'
[12:54:58] Looking for 'prodigal' - found /home/bacte/miniconda3/envs/bacillus_ecogenomics/bin/prodigal
[12:54:58] Determined prodigal version is v2.6 from 'Prodigal V2.6.3: February, 2016'
[12:54:58] Looking for 'prokka-genbank_to_fasta_db' - found /home/bacte/miniconda3/envs/bacillus_ecogenomics/bin/prokka-genbank_to_fasta_db
[12:54:58] Looking for 'sed' - found /usr/bin/sed
[12:54:58] Looking for 'tbl2asn' - found /home/bacte/miniconda3/envs/bacillus_ecogenomics/bin/tbl2asn
[12:54:58] Determined tbl2asn version is v25.7 from 'tbl2asn 25.7   arguments:'
[12:54:58] Using genetic code table 11.
[12:54:58] Loading and checking input file: /home/bacte/bacillus_amr/08_genomic_context/windows_10kb/L035_GCF_059147205.1_emrC.fna
[12:54:58] Wrote 1 contigs totalling 20360 bp.
[12:54:58] Predicting tRNAs and tmRNAs
[12:54:58] Running: aragorn -l -gc11  -w \/home\/bacte\/bacillus_amr\/08_genomic_context\/prokka\/L035_GCF_059147205\.1_emrC\/L035_GCF_059147205\.1_emrC\.fna
[12:54:58] Found 0 tRNAs
[12:54:58] Predicting Ribosomal RNAs
[12:54:58] Running Barrnap with 2 threads
[12:54:59] Found 0 rRNAs
[12:54:59] Skipping ncRNA search, enable with --rfam if desired.
[12:54:59] Total of 0 tRNA + rRNA features
[12:54:59] Searching for CRISPR repeats
[12:54:59] Found 0 CRISPRs
[12:54:59] Predicting coding sequences
[12:54:59] Contigs total 20360 bp, so using single mode
[12:54:59] Running: prodigal -i \/home\/bacte\/bacillus_amr\/08_genomic_context\/prokka\/L035_GCF_059147205\.1_emrC\/L035_GCF_059147205\.1_emrC\.fna -c -m -g 11 -p single -f sco -q


Warning:  ideally Prodigal should be given at least 100000 bases for training.
You may get better results with the -p meta option.

[12:54:59] Found 34 CDS
[12:54:59] Connecting features back to sequences
[12:54:59] Not using genus-specific database. Try --usegenus to enable it.
[12:54:59] Annotating CDS, please be patient.
[12:54:59] Will use 2 CPUs for similarity searching.
[12:54:59] There are still 34 unannotated CDS left (started with 34)
[12:54:59] Will use blast to search against /home/bacte/miniconda3/envs/bacillus_ecogenomics/db/kingdom/Bacteria/IS with 2 CPUs
[12:54:59] Running: cat \/home\/bacte\/bacillus_amr\/08_genomic_context\/prokka\/L035_GCF_059147205\.1_emrC\/L035_GCF_059147205\.1_emrC\.IS\.tmp\.12101\.faa | parallel --gnu --plain -j 2 --block 1452 --recstart '>' --pipe blastp -query - -db /home/bacte/miniconda3/envs/bacillus_ecogenomics/db/kingdom/Bacteria/IS -evalue 1e-30 -qcov_hsp_perc 90 -num_threads 1 -num_descriptions 1 -num_alignments 1 -seg no > \/home\/bacte\/bacillus_amr\/08_genomic_context\/prokka\/L035_GCF_059147205\.1_emrC\/L035_GCF_059147205\.1_emrC\.IS\.tmp\.12101\.blast 2> /dev/null
[12:55:00] Deleting unwanted file: /home/bacte/bacillus_amr/08_genomic_context/prokka/L035_GCF_059147205.1_emrC/L035_GCF_059147205.1_emrC.IS.tmp.12101.faa
[12:55:00] Deleting unwanted file: /home/bacte/bacillus_amr/08_genomic_context/prokka/L035_GCF_059147205.1_emrC/L035_GCF_059147205.1_emrC.IS.tmp.12101.blast
[12:55:00] There are still 34 unannotated CDS left (started with 34)
[12:55:00] Will use blast to search against /home/bacte/miniconda3/envs/bacillus_ecogenomics/db/kingdom/Bacteria/AMR with 2 CPUs
[12:55:00] Running: cat \/home\/bacte\/bacillus_amr\/08_genomic_context\/prokka\/L035_GCF_059147205\.1_emrC\/L035_GCF_059147205\.1_emrC\.AMR\.tmp\.12101\.faa | parallel --gnu --plain -j 2 --block 1452 --recstart '>' --pipe blastp -query - -db /home/bacte/miniconda3/envs/bacillus_ecogenomics/db/kingdom/Bacteria/AMR -evalue 1e-300 -qcov_hsp_perc 90 -num_threads 1 -num_descriptions 1 -num_alignments 1 -seg no > \/home\/bacte\/bacillus_amr\/08_genomic_context\/prokka\/L035_GCF_059147205\.1_emrC\/L035_GCF_059147205\.1_emrC\.AMR\.tmp\.12101\.blast 2> /dev/null
[12:55:01] Deleting unwanted file: /home/bacte/bacillus_amr/08_genomic_context/prokka/L035_GCF_059147205.1_emrC/L035_GCF_059147205.1_emrC.AMR.tmp.12101.faa
[12:55:01] Deleting unwanted file: /home/bacte/bacillus_amr/08_genomic_context/prokka/L035_GCF_059147205.1_emrC/L035_GCF_059147205.1_emrC.AMR.tmp.12101.blast
[12:55:01] There are still 34 unannotated CDS left (started with 34)
[12:55:01] Will use blast to search against /home/bacte/miniconda3/envs/bacillus_ecogenomics/db/kingdom/Bacteria/sprot with 2 CPUs
[12:55:01] Running: cat \/home\/bacte\/bacillus_amr\/08_genomic_context\/prokka\/L035_GCF_059147205\.1_emrC\/L035_GCF_059147205\.1_emrC\.sprot\.tmp\.12101\.faa | parallel --gnu --plain -j 2 --block 1452 --recstart '>' --pipe blastp -query - -db /home/bacte/miniconda3/envs/bacillus_ecogenomics/db/kingdom/Bacteria/sprot -evalue 1e-09 -qcov_hsp_perc 80 -num_threads 1 -num_descriptions 1 -num_alignments 1 -seg no > \/home\/bacte\/bacillus_amr\/08_genomic_context\/prokka\/L035_GCF_059147205\.1_emrC\/L035_GCF_059147205\.1_emrC\.sprot\.tmp\.12101\.blast 2> /dev/null
[12:55:03] Modify product: Acetyltransferase SACOL1063 => Acetyltransferase
[12:55:03] Cleaned 1 /product names
[12:55:03] Deleting unwanted file: /home/bacte/bacillus_amr/08_genomic_context/prokka/L035_GCF_059147205.1_emrC/L035_GCF_059147205.1_emrC.sprot.tmp.12101.faa
[12:55:03] Deleting unwanted file: /home/bacte/bacillus_amr/08_genomic_context/prokka/L035_GCF_059147205.1_emrC/L035_GCF_059147205.1_emrC.sprot.tmp.12101.blast
[12:55:03] There are still 25 unannotated CDS left (started with 34)
[12:55:03] Will use hmmer3 to search against /home/bacte/miniconda3/envs/bacillus_ecogenomics/db/hmm/HAMAP.hmm with 2 CPUs
[12:55:03] Running: cat \/home\/bacte\/bacillus_amr\/08_genomic_context\/prokka\/L035_GCF_059147205\.1_emrC\/L035_GCF_059147205\.1_emrC\.HAMAP\.hmm\.tmp\.12101\.faa | parallel --gnu --plain -j 2 --block 855 --recstart '>' --pipe hmmscan --noali --notextw --acc -E 1e-09 --cpu 1 /home/bacte/miniconda3/envs/bacillus_ecogenomics/db/hmm/HAMAP.hmm /dev/stdin > \/home\/bacte\/bacillus_amr\/08_genomic_context\/prokka\/L035_GCF_059147205\.1_emrC\/L035_GCF_059147205\.1_emrC\.HAMAP\.hmm\.tmp\.12101\.hmmer3 2> /dev/null
[12:55:04] Deleting unwanted file: /home/bacte/bacillus_amr/08_genomic_context/prokka/L035_GCF_059147205.1_emrC/L035_GCF_059147205.1_emrC.HAMAP.hmm.tmp.12101.faa
[12:55:04] Deleting unwanted file: /home/bacte/bacillus_amr/08_genomic_context/prokka/L035_GCF_059147205.1_emrC/L035_GCF_059147205.1_emrC.HAMAP.hmm.tmp.12101.hmmer3
[12:55:04] Labelling remaining 24 proteins as 'hypothetical protein'
[12:55:04] Found 9 unique /gene codes.
[12:55:04] Fixed 0 colliding /gene names.
[12:55:04] Adding /locus_tag identifiers
[12:55:04] Assigned 34 locus_tags to CDS and RNA features.
[12:55:04] Writing outputs to /home/bacte/bacillus_amr/08_genomic_context/prokka/L035_GCF_059147205.1_emrC/
[12:55:04] Generating annotation statistics file
[12:55:04] Generating Genbank and Sequin files
[12:55:04] Running: tbl2asn -V b -a r10k -l paired-ends -M n -N 1 -y 'Annotated using prokka 1.15.6 from https://github.com/tseemann/prokka' -Z \/home\/bacte\/bacillus_amr\/08_genomic_context\/prokka\/L035_GCF_059147205\.1_emrC\/L035_GCF_059147205\.1_emrC\.err -i \/home\/bacte\/bacillus_amr\/08_genomic_context\/prokka\/L035_GCF_059147205\.1_emrC\/L035_GCF_059147205\.1_emrC\.fsa 2> /dev/null
[tbl2asn-forever] Found Prokka input, correcting dates in .gbf|.sqn files.
[tbl2asn-forever] Correcting dates in /home/bacte/bacillus_amr/08_genomic_context/prokka/L035_GCF_059147205.1_emrC/L035_GCF_059147205.1_emrC.gbf
[tbl2asn-forever] Correcting dates in /home/bacte/bacillus_amr/08_genomic_context/prokka/L035_GCF_059147205.1_emrC/L035_GCF_059147205.1_emrC.sqn
[tbl2asn-forever] Dates changed from 01-JAN-2019 to 06-OCT-2026
[12:55:04] Deleting unwanted file: /home/bacte/bacillus_amr/08_genomic_context/prokka/L035_GCF_059147205.1_emrC/errorsummary.val
[12:55:04] Deleting unwanted file: /home/bacte/bacillus_amr/08_genomic_context/prokka/L035_GCF_059147205.1_emrC/L035_GCF_059147205.1_emrC.dr
[12:55:04] Deleting unwanted file: /home/bacte/bacillus_amr/08_genomic_context/prokka/L035_GCF_059147205.1_emrC/L035_GCF_059147205.1_emrC.fixedproducts
[12:55:04] Deleting unwanted file: /home/bacte/bacillus_amr/08_genomic_context/prokka/L035_GCF_059147205.1_emrC/L035_GCF_059147205.1_emrC.ecn
[12:55:04] Deleting unwanted file: /home/bacte/bacillus_amr/08_genomic_context/prokka/L035_GCF_059147205.1_emrC/L035_GCF_059147205.1_emrC.val
[12:55:04] Repairing broken .GBK output that tbl2asn produces...
[12:55:04] Running: sed 's/COORDINATES: profile/COORDINATES:profile/' < \/home\/bacte\/bacillus_amr\/08_genomic_context\/prokka\/L035_GCF_059147205\.1_emrC\/L035_GCF_059147205\.1_emrC\.gbf > \/home\/bacte\/bacillus_amr\/08_genomic_context\/prokka\/L035_GCF_059147205\.1_emrC\/L035_GCF_059147205\.1_emrC\.gbk
[12:55:04] Deleting unwanted file: /home/bacte/bacillus_amr/08_genomic_context/prokka/L035_GCF_059147205.1_emrC/L035_GCF_059147205.1_emrC.gbf
[12:55:04] Output files:
[12:55:04] /home/bacte/bacillus_amr/08_genomic_context/prokka/L035_GCF_059147205.1_emrC/L035_GCF_059147205.1_emrC.faa
[12:55:04] /home/bacte/bacillus_amr/08_genomic_context/prokka/L035_GCF_059147205.1_emrC/L035_GCF_059147205.1_emrC.log
[12:55:04] /home/bacte/bacillus_amr/08_genomic_context/prokka/L035_GCF_059147205.1_emrC/L035_GCF_059147205.1_emrC.tbl
[12:55:04] /home/bacte/bacillus_amr/08_genomic_context/prokka/L035_GCF_059147205.1_emrC/L035_GCF_059147205.1_emrC.err
[12:55:04] /home/bacte/bacillus_amr/08_genomic_context/prokka/L035_GCF_059147205.1_emrC/L035_GCF_059147205.1_emrC.sqn
[12:55:04] /home/bacte/bacillus_amr/08_genomic_context/prokka/L035_GCF_059147205.1_emrC/L035_GCF_059147205.1_emrC.txt
[12:55:04] /home/bacte/bacillus_amr/08_genomic_context/prokka/L035_GCF_059147205.1_emrC/L035_GCF_059147205.1_emrC.gbk
[12:55:04] /home/bacte/bacillus_amr/08_genomic_context/prokka/L035_GCF_059147205.1_emrC/L035_GCF_059147205.1_emrC.fsa
[12:55:04] /home/bacte/bacillus_amr/08_genomic_context/prokka/L035_GCF_059147205.1_emrC/L035_GCF_059147205.1_emrC.fna
[12:55:04] /home/bacte/bacillus_amr/08_genomic_context/prokka/L035_GCF_059147205.1_emrC/L035_GCF_059147205.1_emrC.gff
[12:55:04] /home/bacte/bacillus_amr/08_genomic_context/prokka/L035_GCF_059147205.1_emrC/L035_GCF_059147205.1_emrC.tsv
[12:55:04] /home/bacte/bacillus_amr/08_genomic_context/prokka/L035_GCF_059147205.1_emrC/L035_GCF_059147205.1_emrC.ffn
[12:55:04] Annotation finished successfully.
[12:55:04] Walltime used: 0.10 minutes
[12:55:04] If you use this result please cite the Prokka paper:
[12:55:04] Seemann T (2014) Prokka: rapid prokaryotic genome annotation. Bioinformatics. 30(14):2068-9.
[12:55:04] Type 'prokka --citation' for more details.
[12:55:04] Thank you, come again.
[36/41] L036_GCF_977015535.1_emrC
[12:55:04] This is prokka 1.15.6
[12:55:04] Written by Torsten Seemann <torsten.seemann@gmail.com>
[12:55:04] Homepage is https://github.com/tseemann/prokka
[12:55:04] Local time is Tue Oct  6 12:55:04 2026
[12:55:04] You are bacte
[12:55:04] Operating system is linux
[12:55:04] You have BioPerl 1.7.8
[12:55:04] System has 8 cores.
[12:55:04] Will use maximum of 2 cores.
[12:55:04] Annotating as >>> Bacteria <<<
[12:55:04] Generating locus_tag from '/home/bacte/bacillus_amr/08_genomic_context/windows_10kb/L036_GCF_977015535.1_emrC.fna' contents.
[12:55:04] Setting --locustag GHBPCHJD from MD5 01b9c13d88e3d722d943006013e355bb
[12:55:04] Creating new output folder: /home/bacte/bacillus_amr/08_genomic_context/prokka/L036_GCF_977015535.1_emrC
[12:55:04] Running: mkdir -p \/home\/bacte\/bacillus_amr\/08_genomic_context\/prokka\/L036_GCF_977015535\.1_emrC
[12:55:04] Using filename prefix: L036_GCF_977015535.1_emrC.XXX
[12:55:04] Setting HMMER_NCPU=1
[12:55:04] Writing log to: /home/bacte/bacillus_amr/08_genomic_context/prokka/L036_GCF_977015535.1_emrC/L036_GCF_977015535.1_emrC.log
[12:55:04] Command: /home/bacte/miniconda3/envs/bacillus_ecogenomics/bin/prokka /home/bacte/bacillus_amr/08_genomic_context/windows_10kb/L036_GCF_977015535.1_emrC.fna --outdir /home/bacte/bacillus_amr/08_genomic_context/prokka/L036_GCF_977015535.1_emrC --prefix L036_GCF_977015535.1_emrC --kingdom Bacteria --genus Bacillus --cpus 2
[12:55:04] Looking for 'aragorn' - found /home/bacte/miniconda3/envs/bacillus_ecogenomics/bin/aragorn
[12:55:04] Determined aragorn version is v1.2 from 'ARAGORN v1.2.41 Dean Laslett'
[12:55:04] Looking for 'barrnap' - found /home/bacte/miniconda3/envs/bacillus_ecogenomics/bin/barrnap
[12:55:04] Determined barrnap version is v1.10 from 'barrnap 1.10.5'
[12:55:04] Looking for 'blastp' - found /home/bacte/miniconda3/envs/bacillus_ecogenomics/bin/blastp
[12:55:04] Determined blastp version is v2.17 from 'blastp: 2.17.0+'
[12:55:04] Looking for 'cmpress' - found /home/bacte/miniconda3/envs/bacillus_ecogenomics/bin/cmpress
[12:55:04] Determined cmpress version is v1.1 from '# INFERNAL 1.1.5 (Sep 2023)'
[12:55:04] Looking for 'cmscan' - found /home/bacte/miniconda3/envs/bacillus_ecogenomics/bin/cmscan
[12:55:04] Determined cmscan version is v1.1 from '# INFERNAL 1.1.5 (Sep 2023)'
[12:55:04] Looking for 'egrep' - found /usr/bin/egrep
[12:55:04] Looking for 'find' - found /usr/bin/find
[12:55:04] Looking for 'grep' - found /usr/bin/grep
[12:55:04] Looking for 'hmmpress' - found /home/bacte/miniconda3/envs/bacillus_ecogenomics/bin/hmmpress
[12:55:04] Determined hmmpress version is v3.4 from '# HMMER 3.4 (Aug 2023); http://hmmer.org/'
[12:55:04] Looking for 'hmmscan' - found /home/bacte/miniconda3/envs/bacillus_ecogenomics/bin/hmmscan
[12:55:04] Determined hmmscan version is v3.4 from '# HMMER 3.4 (Aug 2023); http://hmmer.org/'
[12:55:04] Looking for 'java' - found /home/bacte/miniconda3/envs/bacillus_ecogenomics/bin/java
[12:55:04] Looking for 'makeblastdb' - found /home/bacte/miniconda3/envs/bacillus_ecogenomics/bin/makeblastdb
[12:55:04] Determined makeblastdb version is v2.17 from 'makeblastdb: 2.17.0+'
[12:55:04] Looking for 'minced' - found /home/bacte/miniconda3/envs/bacillus_ecogenomics/bin/minced
[12:55:04] Determined minced version is v4.2 from 'minced 0.4.2'
[12:55:04] Looking for 'parallel' - found /home/bacte/miniconda3/envs/bacillus_ecogenomics/bin/parallel
[12:55:05] Determined parallel version is 20260422 from 'GNU parallel 20260422'
[12:55:05] Looking for 'prodigal' - found /home/bacte/miniconda3/envs/bacillus_ecogenomics/bin/prodigal
[12:55:05] Determined prodigal version is v2.6 from 'Prodigal V2.6.3: February, 2016'
[12:55:05] Looking for 'prokka-genbank_to_fasta_db' - found /home/bacte/miniconda3/envs/bacillus_ecogenomics/bin/prokka-genbank_to_fasta_db
[12:55:05] Looking for 'sed' - found /usr/bin/sed
[12:55:05] Looking for 'tbl2asn' - found /home/bacte/miniconda3/envs/bacillus_ecogenomics/bin/tbl2asn
[12:55:05] Determined tbl2asn version is v25.7 from 'tbl2asn 25.7   arguments:'
[12:55:05] Using genetic code table 11.
[12:55:05] Loading and checking input file: /home/bacte/bacillus_amr/08_genomic_context/windows_10kb/L036_GCF_977015535.1_emrC.fna
[12:55:05] Wrote 1 contigs totalling 20360 bp.
[12:55:05] Predicting tRNAs and tmRNAs
[12:55:05] Running: aragorn -l -gc11  -w \/home\/bacte\/bacillus_amr\/08_genomic_context\/prokka\/L036_GCF_977015535\.1_emrC\/L036_GCF_977015535\.1_emrC\.fna
[12:55:05] Found 0 tRNAs
[12:55:05] Predicting Ribosomal RNAs
[12:55:05] Running Barrnap with 2 threads
[12:55:05] Found 0 rRNAs
[12:55:05] Skipping ncRNA search, enable with --rfam if desired.
[12:55:05] Total of 0 tRNA + rRNA features
[12:55:05] Searching for CRISPR repeats
[12:55:05] Found 0 CRISPRs
[12:55:05] Predicting coding sequences
[12:55:05] Contigs total 20360 bp, so using single mode
[12:55:05] Running: prodigal -i \/home\/bacte\/bacillus_amr\/08_genomic_context\/prokka\/L036_GCF_977015535\.1_emrC\/L036_GCF_977015535\.1_emrC\.fna -c -m -g 11 -p single -f sco -q


Warning:  ideally Prodigal should be given at least 100000 bases for training.
You may get better results with the -p meta option.

[12:55:05] Found 31 CDS
[12:55:05] Connecting features back to sequences
[12:55:05] Not using genus-specific database. Try --usegenus to enable it.
[12:55:05] Annotating CDS, please be patient.
[12:55:05] Will use 2 CPUs for similarity searching.
[12:55:05] There are still 31 unannotated CDS left (started with 31)
[12:55:05] Will use blast to search against /home/bacte/miniconda3/envs/bacillus_ecogenomics/db/kingdom/Bacteria/IS with 2 CPUs
[12:55:05] Running: cat \/home\/bacte\/bacillus_amr\/08_genomic_context\/prokka\/L036_GCF_977015535\.1_emrC\/L036_GCF_977015535\.1_emrC\.IS\.tmp\.12484\.faa | parallel --gnu --plain -j 2 --block 1349 --recstart '>' --pipe blastp -query - -db /home/bacte/miniconda3/envs/bacillus_ecogenomics/db/kingdom/Bacteria/IS -evalue 1e-30 -qcov_hsp_perc 90 -num_threads 1 -num_descriptions 1 -num_alignments 1 -seg no > \/home\/bacte\/bacillus_amr\/08_genomic_context\/prokka\/L036_GCF_977015535\.1_emrC\/L036_GCF_977015535\.1_emrC\.IS\.tmp\.12484\.blast 2> /dev/null
[12:55:06] Deleting unwanted file: /home/bacte/bacillus_amr/08_genomic_context/prokka/L036_GCF_977015535.1_emrC/L036_GCF_977015535.1_emrC.IS.tmp.12484.faa
[12:55:06] Deleting unwanted file: /home/bacte/bacillus_amr/08_genomic_context/prokka/L036_GCF_977015535.1_emrC/L036_GCF_977015535.1_emrC.IS.tmp.12484.blast
[12:55:06] There are still 31 unannotated CDS left (started with 31)
[12:55:06] Will use blast to search against /home/bacte/miniconda3/envs/bacillus_ecogenomics/db/kingdom/Bacteria/AMR with 2 CPUs
[12:55:06] Running: cat \/home\/bacte\/bacillus_amr\/08_genomic_context\/prokka\/L036_GCF_977015535\.1_emrC\/L036_GCF_977015535\.1_emrC\.AMR\.tmp\.12484\.faa | parallel --gnu --plain -j 2 --block 1349 --recstart '>' --pipe blastp -query - -db /home/bacte/miniconda3/envs/bacillus_ecogenomics/db/kingdom/Bacteria/AMR -evalue 1e-300 -qcov_hsp_perc 90 -num_threads 1 -num_descriptions 1 -num_alignments 1 -seg no > \/home\/bacte\/bacillus_amr\/08_genomic_context\/prokka\/L036_GCF_977015535\.1_emrC\/L036_GCF_977015535\.1_emrC\.AMR\.tmp\.12484\.blast 2> /dev/null
[12:55:07] Deleting unwanted file: /home/bacte/bacillus_amr/08_genomic_context/prokka/L036_GCF_977015535.1_emrC/L036_GCF_977015535.1_emrC.AMR.tmp.12484.faa
[12:55:07] Deleting unwanted file: /home/bacte/bacillus_amr/08_genomic_context/prokka/L036_GCF_977015535.1_emrC/L036_GCF_977015535.1_emrC.AMR.tmp.12484.blast
[12:55:07] There are still 31 unannotated CDS left (started with 31)
[12:55:07] Will use blast to search against /home/bacte/miniconda3/envs/bacillus_ecogenomics/db/kingdom/Bacteria/sprot with 2 CPUs
[12:55:07] Running: cat \/home\/bacte\/bacillus_amr\/08_genomic_context\/prokka\/L036_GCF_977015535\.1_emrC\/L036_GCF_977015535\.1_emrC\.sprot\.tmp\.12484\.faa | parallel --gnu --plain -j 2 --block 1349 --recstart '>' --pipe blastp -query - -db /home/bacte/miniconda3/envs/bacillus_ecogenomics/db/kingdom/Bacteria/sprot -evalue 1e-09 -qcov_hsp_perc 80 -num_threads 1 -num_descriptions 1 -num_alignments 1 -seg no > \/home\/bacte\/bacillus_amr\/08_genomic_context\/prokka\/L036_GCF_977015535\.1_emrC\/L036_GCF_977015535\.1_emrC\.sprot\.tmp\.12484\.blast 2> /dev/null
[12:55:09] Modify product: Probable metallo-hydrolase YflN => putative metallo-hydrolase YflN
[12:55:09] Modify product: Acetyltransferase SACOL1063 => Acetyltransferase
[12:55:09] Cleaned 2 /product names
[12:55:09] Deleting unwanted file: /home/bacte/bacillus_amr/08_genomic_context/prokka/L036_GCF_977015535.1_emrC/L036_GCF_977015535.1_emrC.sprot.tmp.12484.faa
[12:55:09] Deleting unwanted file: /home/bacte/bacillus_amr/08_genomic_context/prokka/L036_GCF_977015535.1_emrC/L036_GCF_977015535.1_emrC.sprot.tmp.12484.blast
[12:55:09] There are still 23 unannotated CDS left (started with 31)
[12:55:09] Will use hmmer3 to search against /home/bacte/miniconda3/envs/bacillus_ecogenomics/db/hmm/HAMAP.hmm with 2 CPUs
[12:55:09] Running: cat \/home\/bacte\/bacillus_amr\/08_genomic_context\/prokka\/L036_GCF_977015535\.1_emrC\/L036_GCF_977015535\.1_emrC\.HAMAP\.hmm\.tmp\.12484\.faa | parallel --gnu --plain -j 2 --block 804 --recstart '>' --pipe hmmscan --noali --notextw --acc -E 1e-09 --cpu 1 /home/bacte/miniconda3/envs/bacillus_ecogenomics/db/hmm/HAMAP.hmm /dev/stdin > \/home\/bacte\/bacillus_amr\/08_genomic_context\/prokka\/L036_GCF_977015535\.1_emrC\/L036_GCF_977015535\.1_emrC\.HAMAP\.hmm\.tmp\.12484\.hmmer3 2> /dev/null
[12:55:10] Deleting unwanted file: /home/bacte/bacillus_amr/08_genomic_context/prokka/L036_GCF_977015535.1_emrC/L036_GCF_977015535.1_emrC.HAMAP.hmm.tmp.12484.faa
[12:55:10] Deleting unwanted file: /home/bacte/bacillus_amr/08_genomic_context/prokka/L036_GCF_977015535.1_emrC/L036_GCF_977015535.1_emrC.HAMAP.hmm.tmp.12484.hmmer3
[12:55:10] Labelling remaining 22 proteins as 'hypothetical protein'
[12:55:10] Found 8 unique /gene codes.
[12:55:10] Fixed 0 colliding /gene names.
[12:55:10] Adding /locus_tag identifiers
[12:55:10] Assigned 31 locus_tags to CDS and RNA features.
[12:55:10] Writing outputs to /home/bacte/bacillus_amr/08_genomic_context/prokka/L036_GCF_977015535.1_emrC/
[12:55:10] Generating annotation statistics file
[12:55:10] Generating Genbank and Sequin files
[12:55:10] Running: tbl2asn -V b -a r10k -l paired-ends -M n -N 1 -y 'Annotated using prokka 1.15.6 from https://github.com/tseemann/prokka' -Z \/home\/bacte\/bacillus_amr\/08_genomic_context\/prokka\/L036_GCF_977015535\.1_emrC\/L036_GCF_977015535\.1_emrC\.err -i \/home\/bacte\/bacillus_amr\/08_genomic_context\/prokka\/L036_GCF_977015535\.1_emrC\/L036_GCF_977015535\.1_emrC\.fsa 2> /dev/null
[tbl2asn-forever] Found Prokka input, correcting dates in .gbf|.sqn files.
[tbl2asn-forever] Correcting dates in /home/bacte/bacillus_amr/08_genomic_context/prokka/L036_GCF_977015535.1_emrC/L036_GCF_977015535.1_emrC.gbf
[tbl2asn-forever] Correcting dates in /home/bacte/bacillus_amr/08_genomic_context/prokka/L036_GCF_977015535.1_emrC/L036_GCF_977015535.1_emrC.sqn
[tbl2asn-forever] Dates changed from 01-JAN-2019 to 06-OCT-2026
[12:55:10] Deleting unwanted file: /home/bacte/bacillus_amr/08_genomic_context/prokka/L036_GCF_977015535.1_emrC/errorsummary.val
[12:55:10] Deleting unwanted file: /home/bacte/bacillus_amr/08_genomic_context/prokka/L036_GCF_977015535.1_emrC/L036_GCF_977015535.1_emrC.dr
[12:55:10] Deleting unwanted file: /home/bacte/bacillus_amr/08_genomic_context/prokka/L036_GCF_977015535.1_emrC/L036_GCF_977015535.1_emrC.fixedproducts
[12:55:10] Deleting unwanted file: /home/bacte/bacillus_amr/08_genomic_context/prokka/L036_GCF_977015535.1_emrC/L036_GCF_977015535.1_emrC.ecn
[12:55:10] Deleting unwanted file: /home/bacte/bacillus_amr/08_genomic_context/prokka/L036_GCF_977015535.1_emrC/L036_GCF_977015535.1_emrC.val
[12:55:10] Repairing broken .GBK output that tbl2asn produces...
[12:55:10] Running: sed 's/COORDINATES: profile/COORDINATES:profile/' < \/home\/bacte\/bacillus_amr\/08_genomic_context\/prokka\/L036_GCF_977015535\.1_emrC\/L036_GCF_977015535\.1_emrC\.gbf > \/home\/bacte\/bacillus_amr\/08_genomic_context\/prokka\/L036_GCF_977015535\.1_emrC\/L036_GCF_977015535\.1_emrC\.gbk
[12:55:10] Deleting unwanted file: /home/bacte/bacillus_amr/08_genomic_context/prokka/L036_GCF_977015535.1_emrC/L036_GCF_977015535.1_emrC.gbf
[12:55:10] Output files:
[12:55:10] /home/bacte/bacillus_amr/08_genomic_context/prokka/L036_GCF_977015535.1_emrC/L036_GCF_977015535.1_emrC.sqn
[12:55:10] /home/bacte/bacillus_amr/08_genomic_context/prokka/L036_GCF_977015535.1_emrC/L036_GCF_977015535.1_emrC.tsv
[12:55:10] /home/bacte/bacillus_amr/08_genomic_context/prokka/L036_GCF_977015535.1_emrC/L036_GCF_977015535.1_emrC.err
[12:55:10] /home/bacte/bacillus_amr/08_genomic_context/prokka/L036_GCF_977015535.1_emrC/L036_GCF_977015535.1_emrC.txt
[12:55:10] /home/bacte/bacillus_amr/08_genomic_context/prokka/L036_GCF_977015535.1_emrC/L036_GCF_977015535.1_emrC.faa
[12:55:10] /home/bacte/bacillus_amr/08_genomic_context/prokka/L036_GCF_977015535.1_emrC/L036_GCF_977015535.1_emrC.tbl
[12:55:10] /home/bacte/bacillus_amr/08_genomic_context/prokka/L036_GCF_977015535.1_emrC/L036_GCF_977015535.1_emrC.fsa
[12:55:10] /home/bacte/bacillus_amr/08_genomic_context/prokka/L036_GCF_977015535.1_emrC/L036_GCF_977015535.1_emrC.fna
[12:55:10] /home/bacte/bacillus_amr/08_genomic_context/prokka/L036_GCF_977015535.1_emrC/L036_GCF_977015535.1_emrC.ffn
[12:55:10] /home/bacte/bacillus_amr/08_genomic_context/prokka/L036_GCF_977015535.1_emrC/L036_GCF_977015535.1_emrC.gff
[12:55:10] /home/bacte/bacillus_amr/08_genomic_context/prokka/L036_GCF_977015535.1_emrC/L036_GCF_977015535.1_emrC.gbk
[12:55:10] /home/bacte/bacillus_amr/08_genomic_context/prokka/L036_GCF_977015535.1_emrC/L036_GCF_977015535.1_emrC.log
[12:55:10] Annotation finished successfully.
[12:55:10] Walltime used: 0.10 minutes
[12:55:10] If you use this result please cite the Prokka paper:
[12:55:10] Seemann T (2014) Prokka: rapid prokaryotic genome annotation. Bioinformatics. 30(14):2068-9.
[12:55:10] Type 'prokka --citation' for more details.
[12:55:10] Thank you, come again.
[37/41] L037_GCF_031324265.1_ermB
[12:55:10] This is prokka 1.15.6
[12:55:10] Written by Torsten Seemann <torsten.seemann@gmail.com>
[12:55:10] Homepage is https://github.com/tseemann/prokka
[12:55:10] Local time is Tue Oct  6 12:55:10 2026
[12:55:10] You are bacte
[12:55:10] Operating system is linux
[12:55:10] You have BioPerl 1.7.8
[12:55:10] System has 8 cores.
[12:55:10] Will use maximum of 2 cores.
[12:55:10] Annotating as >>> Bacteria <<<
[12:55:10] Generating locus_tag from '/home/bacte/bacillus_amr/08_genomic_context/windows_10kb/L037_GCF_031324265.1_ermB.fna' contents.
[12:55:10] Setting --locustag NAAIDLKO from MD5 7aa2d548bb0fe85288d236f74a81dc17
[12:55:10] Creating new output folder: /home/bacte/bacillus_amr/08_genomic_context/prokka/L037_GCF_031324265.1_ermB
[12:55:10] Running: mkdir -p \/home\/bacte\/bacillus_amr\/08_genomic_context\/prokka\/L037_GCF_031324265\.1_ermB
[12:55:10] Using filename prefix: L037_GCF_031324265.1_ermB.XXX
[12:55:10] Setting HMMER_NCPU=1
[12:55:10] Writing log to: /home/bacte/bacillus_amr/08_genomic_context/prokka/L037_GCF_031324265.1_ermB/L037_GCF_031324265.1_ermB.log
[12:55:10] Command: /home/bacte/miniconda3/envs/bacillus_ecogenomics/bin/prokka /home/bacte/bacillus_amr/08_genomic_context/windows_10kb/L037_GCF_031324265.1_ermB.fna --outdir /home/bacte/bacillus_amr/08_genomic_context/prokka/L037_GCF_031324265.1_ermB --prefix L037_GCF_031324265.1_ermB --kingdom Bacteria --genus Bacillus --cpus 2
[12:55:10] Looking for 'aragorn' - found /home/bacte/miniconda3/envs/bacillus_ecogenomics/bin/aragorn
[12:55:10] Determined aragorn version is v1.2 from 'ARAGORN v1.2.41 Dean Laslett'
[12:55:10] Looking for 'barrnap' - found /home/bacte/miniconda3/envs/bacillus_ecogenomics/bin/barrnap
[12:55:10] Determined barrnap version is v1.10 from 'barrnap 1.10.5'
[12:55:10] Looking for 'blastp' - found /home/bacte/miniconda3/envs/bacillus_ecogenomics/bin/blastp
[12:55:10] Determined blastp version is v2.17 from 'blastp: 2.17.0+'
[12:55:10] Looking for 'cmpress' - found /home/bacte/miniconda3/envs/bacillus_ecogenomics/bin/cmpress
[12:55:10] Determined cmpress version is v1.1 from '# INFERNAL 1.1.5 (Sep 2023)'
[12:55:10] Looking for 'cmscan' - found /home/bacte/miniconda3/envs/bacillus_ecogenomics/bin/cmscan
[12:55:10] Determined cmscan version is v1.1 from '# INFERNAL 1.1.5 (Sep 2023)'
[12:55:10] Looking for 'egrep' - found /usr/bin/egrep
[12:55:10] Looking for 'find' - found /usr/bin/find
[12:55:10] Looking for 'grep' - found /usr/bin/grep
[12:55:10] Looking for 'hmmpress' - found /home/bacte/miniconda3/envs/bacillus_ecogenomics/bin/hmmpress
[12:55:10] Determined hmmpress version is v3.4 from '# HMMER 3.4 (Aug 2023); http://hmmer.org/'
[12:55:10] Looking for 'hmmscan' - found /home/bacte/miniconda3/envs/bacillus_ecogenomics/bin/hmmscan
[12:55:10] Determined hmmscan version is v3.4 from '# HMMER 3.4 (Aug 2023); http://hmmer.org/'
[12:55:10] Looking for 'java' - found /home/bacte/miniconda3/envs/bacillus_ecogenomics/bin/java
[12:55:10] Looking for 'makeblastdb' - found /home/bacte/miniconda3/envs/bacillus_ecogenomics/bin/makeblastdb
[12:55:11] Determined makeblastdb version is v2.17 from 'makeblastdb: 2.17.0+'
[12:55:11] Looking for 'minced' - found /home/bacte/miniconda3/envs/bacillus_ecogenomics/bin/minced
[12:55:11] Determined minced version is v4.2 from 'minced 0.4.2'
[12:55:11] Looking for 'parallel' - found /home/bacte/miniconda3/envs/bacillus_ecogenomics/bin/parallel
[12:55:11] Determined parallel version is 20260422 from 'GNU parallel 20260422'
[12:55:11] Looking for 'prodigal' - found /home/bacte/miniconda3/envs/bacillus_ecogenomics/bin/prodigal
[12:55:11] Determined prodigal version is v2.6 from 'Prodigal V2.6.3: February, 2016'
[12:55:11] Looking for 'prokka-genbank_to_fasta_db' - found /home/bacte/miniconda3/envs/bacillus_ecogenomics/bin/prokka-genbank_to_fasta_db
[12:55:11] Looking for 'sed' - found /usr/bin/sed
[12:55:11] Looking for 'tbl2asn' - found /home/bacte/miniconda3/envs/bacillus_ecogenomics/bin/tbl2asn
[12:55:11] Determined tbl2asn version is v25.7 from 'tbl2asn 25.7   arguments:'
[12:55:11] Using genetic code table 11.
[12:55:11] Loading and checking input file: /home/bacte/bacillus_amr/08_genomic_context/windows_10kb/L037_GCF_031324265.1_ermB.fna
[12:55:11] Wrote 1 contigs totalling 20735 bp.
[12:55:11] Predicting tRNAs and tmRNAs
[12:55:11] Running: aragorn -l -gc11  -w \/home\/bacte\/bacillus_amr\/08_genomic_context\/prokka\/L037_GCF_031324265\.1_ermB\/L037_GCF_031324265\.1_ermB\.fna
[12:55:11] Found 0 tRNAs
[12:55:11] Predicting Ribosomal RNAs
[12:55:11] Running Barrnap with 2 threads
[12:55:11] Found 0 rRNAs
[12:55:11] Skipping ncRNA search, enable with --rfam if desired.
[12:55:11] Total of 0 tRNA + rRNA features
[12:55:11] Searching for CRISPR repeats
[12:55:11] Found 0 CRISPRs
[12:55:11] Predicting coding sequences
[12:55:11] Contigs total 20735 bp, so using single mode
[12:55:11] Running: prodigal -i \/home\/bacte\/bacillus_amr\/08_genomic_context\/prokka\/L037_GCF_031324265\.1_ermB\/L037_GCF_031324265\.1_ermB\.fna -c -m -g 11 -p single -f sco -q


Warning:  ideally Prodigal should be given at least 100000 bases for training.
You may get better results with the -p meta option.

[12:55:11] Found 22 CDS
[12:55:11] Connecting features back to sequences
[12:55:11] Not using genus-specific database. Try --usegenus to enable it.
[12:55:11] Annotating CDS, please be patient.
[12:55:11] Will use 2 CPUs for similarity searching.
[12:55:11] There are still 22 unannotated CDS left (started with 22)
[12:55:11] Will use blast to search against /home/bacte/miniconda3/envs/bacillus_ecogenomics/db/kingdom/Bacteria/IS with 2 CPUs
[12:55:11] Running: cat \/home\/bacte\/bacillus_amr\/08_genomic_context\/prokka\/L037_GCF_031324265\.1_ermB\/L037_GCF_031324265\.1_ermB\.IS\.tmp\.12862\.faa | parallel --gnu --plain -j 2 --block 1321 --recstart '>' --pipe blastp -query - -db /home/bacte/miniconda3/envs/bacillus_ecogenomics/db/kingdom/Bacteria/IS -evalue 1e-30 -qcov_hsp_perc 90 -num_threads 1 -num_descriptions 1 -num_alignments 1 -seg no > \/home\/bacte\/bacillus_amr\/08_genomic_context\/prokka\/L037_GCF_031324265\.1_ermB\/L037_GCF_031324265\.1_ermB\.IS\.tmp\.12862\.blast 2> /dev/null
[12:55:12] Deleting unwanted file: /home/bacte/bacillus_amr/08_genomic_context/prokka/L037_GCF_031324265.1_ermB/L037_GCF_031324265.1_ermB.IS.tmp.12862.faa
[12:55:12] Deleting unwanted file: /home/bacte/bacillus_amr/08_genomic_context/prokka/L037_GCF_031324265.1_ermB/L037_GCF_031324265.1_ermB.IS.tmp.12862.blast
[12:55:12] There are still 22 unannotated CDS left (started with 22)
[12:55:12] Will use blast to search against /home/bacte/miniconda3/envs/bacillus_ecogenomics/db/kingdom/Bacteria/AMR with 2 CPUs
[12:55:12] Running: cat \/home\/bacte\/bacillus_amr\/08_genomic_context\/prokka\/L037_GCF_031324265\.1_ermB\/L037_GCF_031324265\.1_ermB\.AMR\.tmp\.12862\.faa | parallel --gnu --plain -j 2 --block 1321 --recstart '>' --pipe blastp -query - -db /home/bacte/miniconda3/envs/bacillus_ecogenomics/db/kingdom/Bacteria/AMR -evalue 1e-300 -qcov_hsp_perc 90 -num_threads 1 -num_descriptions 1 -num_alignments 1 -seg no > \/home\/bacte\/bacillus_amr\/08_genomic_context\/prokka\/L037_GCF_031324265\.1_ermB\/L037_GCF_031324265\.1_ermB\.AMR\.tmp\.12862\.blast 2> /dev/null
[12:55:13] Deleting unwanted file: /home/bacte/bacillus_amr/08_genomic_context/prokka/L037_GCF_031324265.1_ermB/L037_GCF_031324265.1_ermB.AMR.tmp.12862.faa
[12:55:13] Deleting unwanted file: /home/bacte/bacillus_amr/08_genomic_context/prokka/L037_GCF_031324265.1_ermB/L037_GCF_031324265.1_ermB.AMR.tmp.12862.blast
[12:55:13] There are still 22 unannotated CDS left (started with 22)
[12:55:13] Will use blast to search against /home/bacte/miniconda3/envs/bacillus_ecogenomics/db/kingdom/Bacteria/sprot with 2 CPUs
[12:55:13] Running: cat \/home\/bacte\/bacillus_amr\/08_genomic_context\/prokka\/L037_GCF_031324265\.1_ermB\/L037_GCF_031324265\.1_ermB\.sprot\.tmp\.12862\.faa | parallel --gnu --plain -j 2 --block 1321 --recstart '>' --pipe blastp -query - -db /home/bacte/miniconda3/envs/bacillus_ecogenomics/db/kingdom/Bacteria/sprot -evalue 1e-09 -qcov_hsp_perc 80 -num_threads 1 -num_descriptions 1 -num_alignments 1 -seg no > \/home\/bacte\/bacillus_amr\/08_genomic_context\/prokka\/L037_GCF_031324265\.1_ermB\/L037_GCF_031324265\.1_ermB\.sprot\.tmp\.12862\.blast 2> /dev/null
[12:55:15] Deleting unwanted file: /home/bacte/bacillus_amr/08_genomic_context/prokka/L037_GCF_031324265.1_ermB/L037_GCF_031324265.1_ermB.sprot.tmp.12862.faa
[12:55:15] Deleting unwanted file: /home/bacte/bacillus_amr/08_genomic_context/prokka/L037_GCF_031324265.1_ermB/L037_GCF_031324265.1_ermB.sprot.tmp.12862.blast
[12:55:15] There are still 19 unannotated CDS left (started with 22)
[12:55:15] Will use hmmer3 to search against /home/bacte/miniconda3/envs/bacillus_ecogenomics/db/hmm/HAMAP.hmm with 2 CPUs
[12:55:15] Running: cat \/home\/bacte\/bacillus_amr\/08_genomic_context\/prokka\/L037_GCF_031324265\.1_ermB\/L037_GCF_031324265\.1_ermB\.HAMAP\.hmm\.tmp\.12862\.faa | parallel --gnu --plain -j 2 --block 1171 --recstart '>' --pipe hmmscan --noali --notextw --acc -E 1e-09 --cpu 1 /home/bacte/miniconda3/envs/bacillus_ecogenomics/db/hmm/HAMAP.hmm /dev/stdin > \/home\/bacte\/bacillus_amr\/08_genomic_context\/prokka\/L037_GCF_031324265\.1_ermB\/L037_GCF_031324265\.1_ermB\.HAMAP\.hmm\.tmp\.12862\.hmmer3 2> /dev/null
[12:55:16] Deleting unwanted file: /home/bacte/bacillus_amr/08_genomic_context/prokka/L037_GCF_031324265.1_ermB/L037_GCF_031324265.1_ermB.HAMAP.hmm.tmp.12862.faa
[12:55:16] Deleting unwanted file: /home/bacte/bacillus_amr/08_genomic_context/prokka/L037_GCF_031324265.1_ermB/L037_GCF_031324265.1_ermB.HAMAP.hmm.tmp.12862.hmmer3
[12:55:16] Labelling remaining 18 proteins as 'hypothetical protein'
[12:55:16] Found 4 unique /gene codes.
[12:55:16] Fixed 0 colliding /gene names.
[12:55:16] Adding /locus_tag identifiers
[12:55:16] Assigned 22 locus_tags to CDS and RNA features.
[12:55:16] Writing outputs to /home/bacte/bacillus_amr/08_genomic_context/prokka/L037_GCF_031324265.1_ermB/
[12:55:16] Generating annotation statistics file
[12:55:16] Generating Genbank and Sequin files
[12:55:16] Running: tbl2asn -V b -a r10k -l paired-ends -M n -N 1 -y 'Annotated using prokka 1.15.6 from https://github.com/tseemann/prokka' -Z \/home\/bacte\/bacillus_amr\/08_genomic_context\/prokka\/L037_GCF_031324265\.1_ermB\/L037_GCF_031324265\.1_ermB\.err -i \/home\/bacte\/bacillus_amr\/08_genomic_context\/prokka\/L037_GCF_031324265\.1_ermB\/L037_GCF_031324265\.1_ermB\.fsa 2> /dev/null
[tbl2asn-forever] Found Prokka input, correcting dates in .gbf|.sqn files.
[tbl2asn-forever] Correcting dates in /home/bacte/bacillus_amr/08_genomic_context/prokka/L037_GCF_031324265.1_ermB/L037_GCF_031324265.1_ermB.gbf
[tbl2asn-forever] Correcting dates in /home/bacte/bacillus_amr/08_genomic_context/prokka/L037_GCF_031324265.1_ermB/L037_GCF_031324265.1_ermB.sqn
[tbl2asn-forever] Dates changed from 01-JAN-2019 to 06-OCT-2026
[12:55:16] Deleting unwanted file: /home/bacte/bacillus_amr/08_genomic_context/prokka/L037_GCF_031324265.1_ermB/errorsummary.val
[12:55:16] Deleting unwanted file: /home/bacte/bacillus_amr/08_genomic_context/prokka/L037_GCF_031324265.1_ermB/L037_GCF_031324265.1_ermB.dr
[12:55:16] Deleting unwanted file: /home/bacte/bacillus_amr/08_genomic_context/prokka/L037_GCF_031324265.1_ermB/L037_GCF_031324265.1_ermB.fixedproducts
[12:55:16] Deleting unwanted file: /home/bacte/bacillus_amr/08_genomic_context/prokka/L037_GCF_031324265.1_ermB/L037_GCF_031324265.1_ermB.ecn
[12:55:16] Deleting unwanted file: /home/bacte/bacillus_amr/08_genomic_context/prokka/L037_GCF_031324265.1_ermB/L037_GCF_031324265.1_ermB.val
[12:55:16] Repairing broken .GBK output that tbl2asn produces...
[12:55:16] Running: sed 's/COORDINATES: profile/COORDINATES:profile/' < \/home\/bacte\/bacillus_amr\/08_genomic_context\/prokka\/L037_GCF_031324265\.1_ermB\/L037_GCF_031324265\.1_ermB\.gbf > \/home\/bacte\/bacillus_amr\/08_genomic_context\/prokka\/L037_GCF_031324265\.1_ermB\/L037_GCF_031324265\.1_ermB\.gbk
[12:55:16] Deleting unwanted file: /home/bacte/bacillus_amr/08_genomic_context/prokka/L037_GCF_031324265.1_ermB/L037_GCF_031324265.1_ermB.gbf
[12:55:16] Output files:
[12:55:16] /home/bacte/bacillus_amr/08_genomic_context/prokka/L037_GCF_031324265.1_ermB/L037_GCF_031324265.1_ermB.gff
[12:55:16] /home/bacte/bacillus_amr/08_genomic_context/prokka/L037_GCF_031324265.1_ermB/L037_GCF_031324265.1_ermB.log
[12:55:16] /home/bacte/bacillus_amr/08_genomic_context/prokka/L037_GCF_031324265.1_ermB/L037_GCF_031324265.1_ermB.gbk
[12:55:16] /home/bacte/bacillus_amr/08_genomic_context/prokka/L037_GCF_031324265.1_ermB/L037_GCF_031324265.1_ermB.faa
[12:55:16] /home/bacte/bacillus_amr/08_genomic_context/prokka/L037_GCF_031324265.1_ermB/L037_GCF_031324265.1_ermB.sqn
[12:55:16] /home/bacte/bacillus_amr/08_genomic_context/prokka/L037_GCF_031324265.1_ermB/L037_GCF_031324265.1_ermB.err
[12:55:16] /home/bacte/bacillus_amr/08_genomic_context/prokka/L037_GCF_031324265.1_ermB/L037_GCF_031324265.1_ermB.fsa
[12:55:16] /home/bacte/bacillus_amr/08_genomic_context/prokka/L037_GCF_031324265.1_ermB/L037_GCF_031324265.1_ermB.fna
[12:55:16] /home/bacte/bacillus_amr/08_genomic_context/prokka/L037_GCF_031324265.1_ermB/L037_GCF_031324265.1_ermB.tbl
[12:55:16] /home/bacte/bacillus_amr/08_genomic_context/prokka/L037_GCF_031324265.1_ermB/L037_GCF_031324265.1_ermB.tsv
[12:55:16] /home/bacte/bacillus_amr/08_genomic_context/prokka/L037_GCF_031324265.1_ermB/L037_GCF_031324265.1_ermB.txt
[12:55:16] /home/bacte/bacillus_amr/08_genomic_context/prokka/L037_GCF_031324265.1_ermB/L037_GCF_031324265.1_ermB.ffn
[12:55:16] Annotation finished successfully.
[12:55:16] Walltime used: 0.10 minutes
[12:55:16] If you use this result please cite the Prokka paper:
[12:55:16] Seemann T (2014) Prokka: rapid prokaryotic genome annotation. Bioinformatics. 30(14):2068-9.
[12:55:16] Type 'prokka --citation' for more details.
[12:55:16] Thank you, come again.
[38/41] L038_GCF_002555155.1_mleBCB
[12:55:16] This is prokka 1.15.6
[12:55:16] Written by Torsten Seemann <torsten.seemann@gmail.com>
[12:55:16] Homepage is https://github.com/tseemann/prokka
[12:55:16] Local time is Tue Oct  6 12:55:16 2026
[12:55:16] You are bacte
[12:55:16] Operating system is linux
[12:55:16] You have BioPerl 1.7.8
[12:55:16] System has 8 cores.
[12:55:16] Will use maximum of 2 cores.
[12:55:16] Annotating as >>> Bacteria <<<
[12:55:16] Generating locus_tag from '/home/bacte/bacillus_amr/08_genomic_context/windows_10kb/L038_GCF_002555155.1_mleBCB.fna' contents.
[12:55:16] Setting --locustag GNBHPHLD from MD5 07b1915d074fc59d4e8c1b57a5e41904
[12:55:16] Creating new output folder: /home/bacte/bacillus_amr/08_genomic_context/prokka/L038_GCF_002555155.1_mleBCB
[12:55:16] Running: mkdir -p \/home\/bacte\/bacillus_amr\/08_genomic_context\/prokka\/L038_GCF_002555155\.1_mleBCB
[12:55:16] Using filename prefix: L038_GCF_002555155.1_mleBCB.XXX
[12:55:16] Setting HMMER_NCPU=1
[12:55:16] Writing log to: /home/bacte/bacillus_amr/08_genomic_context/prokka/L038_GCF_002555155.1_mleBCB/L038_GCF_002555155.1_mleBCB.log
[12:55:16] Command: /home/bacte/miniconda3/envs/bacillus_ecogenomics/bin/prokka /home/bacte/bacillus_amr/08_genomic_context/windows_10kb/L038_GCF_002555155.1_mleBCB.fna --outdir /home/bacte/bacillus_amr/08_genomic_context/prokka/L038_GCF_002555155.1_mleBCB --prefix L038_GCF_002555155.1_mleBCB --kingdom Bacteria --genus Bacillus --cpus 2
[12:55:16] Looking for 'aragorn' - found /home/bacte/miniconda3/envs/bacillus_ecogenomics/bin/aragorn
[12:55:16] Determined aragorn version is v1.2 from 'ARAGORN v1.2.41 Dean Laslett'
[12:55:16] Looking for 'barrnap' - found /home/bacte/miniconda3/envs/bacillus_ecogenomics/bin/barrnap
[12:55:16] Determined barrnap version is v1.10 from 'barrnap 1.10.5'
[12:55:16] Looking for 'blastp' - found /home/bacte/miniconda3/envs/bacillus_ecogenomics/bin/blastp
[12:55:16] Determined blastp version is v2.17 from 'blastp: 2.17.0+'
[12:55:16] Looking for 'cmpress' - found /home/bacte/miniconda3/envs/bacillus_ecogenomics/bin/cmpress
[12:55:16] Determined cmpress version is v1.1 from '# INFERNAL 1.1.5 (Sep 2023)'
[12:55:16] Looking for 'cmscan' - found /home/bacte/miniconda3/envs/bacillus_ecogenomics/bin/cmscan
[12:55:16] Determined cmscan version is v1.1 from '# INFERNAL 1.1.5 (Sep 2023)'
[12:55:16] Looking for 'egrep' - found /usr/bin/egrep
[12:55:16] Looking for 'find' - found /usr/bin/find
[12:55:16] Looking for 'grep' - found /usr/bin/grep
[12:55:16] Looking for 'hmmpress' - found /home/bacte/miniconda3/envs/bacillus_ecogenomics/bin/hmmpress
[12:55:16] Determined hmmpress version is v3.4 from '# HMMER 3.4 (Aug 2023); http://hmmer.org/'
[12:55:16] Looking for 'hmmscan' - found /home/bacte/miniconda3/envs/bacillus_ecogenomics/bin/hmmscan
[12:55:16] Determined hmmscan version is v3.4 from '# HMMER 3.4 (Aug 2023); http://hmmer.org/'
[12:55:16] Looking for 'java' - found /home/bacte/miniconda3/envs/bacillus_ecogenomics/bin/java
[12:55:16] Looking for 'makeblastdb' - found /home/bacte/miniconda3/envs/bacillus_ecogenomics/bin/makeblastdb
[12:55:17] Determined makeblastdb version is v2.17 from 'makeblastdb: 2.17.0+'
[12:55:17] Looking for 'minced' - found /home/bacte/miniconda3/envs/bacillus_ecogenomics/bin/minced
[12:55:17] Determined minced version is v4.2 from 'minced 0.4.2'
[12:55:17] Looking for 'parallel' - found /home/bacte/miniconda3/envs/bacillus_ecogenomics/bin/parallel
[12:55:17] Determined parallel version is 20260422 from 'GNU parallel 20260422'
[12:55:17] Looking for 'prodigal' - found /home/bacte/miniconda3/envs/bacillus_ecogenomics/bin/prodigal
[12:55:17] Determined prodigal version is v2.6 from 'Prodigal V2.6.3: February, 2016'
[12:55:17] Looking for 'prokka-genbank_to_fasta_db' - found /home/bacte/miniconda3/envs/bacillus_ecogenomics/bin/prokka-genbank_to_fasta_db
[12:55:17] Looking for 'sed' - found /usr/bin/sed
[12:55:17] Looking for 'tbl2asn' - found /home/bacte/miniconda3/envs/bacillus_ecogenomics/bin/tbl2asn
[12:55:17] Determined tbl2asn version is v25.7 from 'tbl2asn 25.7   arguments:'
[12:55:17] Using genetic code table 11.
[12:55:17] Loading and checking input file: /home/bacte/bacillus_amr/08_genomic_context/windows_10kb/L038_GCF_002555155.1_mleBCB.fna
[12:55:17] Wrote 1 contigs totalling 20852 bp.
[12:55:17] Predicting tRNAs and tmRNAs
[12:55:17] Running: aragorn -l -gc11  -w \/home\/bacte\/bacillus_amr\/08_genomic_context\/prokka\/L038_GCF_002555155\.1_mleBCB\/L038_GCF_002555155\.1_mleBCB\.fna
[12:55:17] Found 0 tRNAs
[12:55:17] Predicting Ribosomal RNAs
[12:55:17] Running Barrnap with 2 threads
[12:55:17] Found 0 rRNAs
[12:55:17] Skipping ncRNA search, enable with --rfam if desired.
[12:55:17] Total of 0 tRNA + rRNA features
[12:55:17] Searching for CRISPR repeats
[12:55:17] Found 0 CRISPRs
[12:55:17] Predicting coding sequences
[12:55:17] Contigs total 20852 bp, so using single mode
[12:55:17] Running: prodigal -i \/home\/bacte\/bacillus_amr\/08_genomic_context\/prokka\/L038_GCF_002555155\.1_mleBCB\/L038_GCF_002555155\.1_mleBCB\.fna -c -m -g 11 -p single -f sco -q


Warning:  ideally Prodigal should be given at least 100000 bases for training.
You may get better results with the -p meta option.

[12:55:17] Found 16 CDS
[12:55:17] Connecting features back to sequences
[12:55:17] Not using genus-specific database. Try --usegenus to enable it.
[12:55:17] Annotating CDS, please be patient.
[12:55:17] Will use 2 CPUs for similarity searching.
[12:55:17] There are still 16 unannotated CDS left (started with 16)
[12:55:17] Will use blast to search against /home/bacte/miniconda3/envs/bacillus_ecogenomics/db/kingdom/Bacteria/IS with 2 CPUs
[12:55:17] Running: cat \/home\/bacte\/bacillus_amr\/08_genomic_context\/prokka\/L038_GCF_002555155\.1_mleBCB\/L038_GCF_002555155\.1_mleBCB\.IS\.tmp\.13208\.faa | parallel --gnu --plain -j 2 --block 1258 --recstart '>' --pipe blastp -query - -db /home/bacte/miniconda3/envs/bacillus_ecogenomics/db/kingdom/Bacteria/IS -evalue 1e-30 -qcov_hsp_perc 90 -num_threads 1 -num_descriptions 1 -num_alignments 1 -seg no > \/home\/bacte\/bacillus_amr\/08_genomic_context\/prokka\/L038_GCF_002555155\.1_mleBCB\/L038_GCF_002555155\.1_mleBCB\.IS\.tmp\.13208\.blast 2> /dev/null
[12:55:18] Deleting unwanted file: /home/bacte/bacillus_amr/08_genomic_context/prokka/L038_GCF_002555155.1_mleBCB/L038_GCF_002555155.1_mleBCB.IS.tmp.13208.faa
[12:55:18] Deleting unwanted file: /home/bacte/bacillus_amr/08_genomic_context/prokka/L038_GCF_002555155.1_mleBCB/L038_GCF_002555155.1_mleBCB.IS.tmp.13208.blast
[12:55:18] There are still 16 unannotated CDS left (started with 16)
[12:55:18] Will use blast to search against /home/bacte/miniconda3/envs/bacillus_ecogenomics/db/kingdom/Bacteria/AMR with 2 CPUs
[12:55:18] Running: cat \/home\/bacte\/bacillus_amr\/08_genomic_context\/prokka\/L038_GCF_002555155\.1_mleBCB\/L038_GCF_002555155\.1_mleBCB\.AMR\.tmp\.13208\.faa | parallel --gnu --plain -j 2 --block 1258 --recstart '>' --pipe blastp -query - -db /home/bacte/miniconda3/envs/bacillus_ecogenomics/db/kingdom/Bacteria/AMR -evalue 1e-300 -qcov_hsp_perc 90 -num_threads 1 -num_descriptions 1 -num_alignments 1 -seg no > \/home\/bacte\/bacillus_amr\/08_genomic_context\/prokka\/L038_GCF_002555155\.1_mleBCB\/L038_GCF_002555155\.1_mleBCB\.AMR\.tmp\.13208\.blast 2> /dev/null
[12:55:19] Deleting unwanted file: /home/bacte/bacillus_amr/08_genomic_context/prokka/L038_GCF_002555155.1_mleBCB/L038_GCF_002555155.1_mleBCB.AMR.tmp.13208.faa
[12:55:19] Deleting unwanted file: /home/bacte/bacillus_amr/08_genomic_context/prokka/L038_GCF_002555155.1_mleBCB/L038_GCF_002555155.1_mleBCB.AMR.tmp.13208.blast
[12:55:19] There are still 16 unannotated CDS left (started with 16)
[12:55:19] Will use blast to search against /home/bacte/miniconda3/envs/bacillus_ecogenomics/db/kingdom/Bacteria/sprot with 2 CPUs
[12:55:19] Running: cat \/home\/bacte\/bacillus_amr\/08_genomic_context\/prokka\/L038_GCF_002555155\.1_mleBCB\/L038_GCF_002555155\.1_mleBCB\.sprot\.tmp\.13208\.faa | parallel --gnu --plain -j 2 --block 1258 --recstart '>' --pipe blastp -query - -db /home/bacte/miniconda3/envs/bacillus_ecogenomics/db/kingdom/Bacteria/sprot -evalue 1e-09 -qcov_hsp_perc 80 -num_threads 1 -num_descriptions 1 -num_alignments 1 -seg no > \/home\/bacte\/bacillus_amr\/08_genomic_context\/prokka\/L038_GCF_002555155\.1_mleBCB\/L038_GCF_002555155\.1_mleBCB\.sprot\.tmp\.13208\.blast 2> /dev/null
[12:55:21] Modify product: Uncharacterized HTH-type transcriptional regulator YybR => putative HTH-type transcriptional regulator YybR
[12:55:21] Cleaned 1 /product names
[12:55:21] Deleting unwanted file: /home/bacte/bacillus_amr/08_genomic_context/prokka/L038_GCF_002555155.1_mleBCB/L038_GCF_002555155.1_mleBCB.sprot.tmp.13208.faa
[12:55:21] Deleting unwanted file: /home/bacte/bacillus_amr/08_genomic_context/prokka/L038_GCF_002555155.1_mleBCB/L038_GCF_002555155.1_mleBCB.sprot.tmp.13208.blast
[12:55:21] There are still 9 unannotated CDS left (started with 16)
[12:55:21] Will use hmmer3 to search against /home/bacte/miniconda3/envs/bacillus_ecogenomics/db/hmm/HAMAP.hmm with 2 CPUs
[12:55:21] Running: cat \/home\/bacte\/bacillus_amr\/08_genomic_context\/prokka\/L038_GCF_002555155\.1_mleBCB\/L038_GCF_002555155\.1_mleBCB\.HAMAP\.hmm\.tmp\.13208\.faa | parallel --gnu --plain -j 2 --block 751 --recstart '>' --pipe hmmscan --noali --notextw --acc -E 1e-09 --cpu 1 /home/bacte/miniconda3/envs/bacillus_ecogenomics/db/hmm/HAMAP.hmm /dev/stdin > \/home\/bacte\/bacillus_amr\/08_genomic_context\/prokka\/L038_GCF_002555155\.1_mleBCB\/L038_GCF_002555155\.1_mleBCB\.HAMAP\.hmm\.tmp\.13208\.hmmer3 2> /dev/null
[12:55:21] Deleting unwanted file: /home/bacte/bacillus_amr/08_genomic_context/prokka/L038_GCF_002555155.1_mleBCB/L038_GCF_002555155.1_mleBCB.HAMAP.hmm.tmp.13208.faa
[12:55:21] Deleting unwanted file: /home/bacte/bacillus_amr/08_genomic_context/prokka/L038_GCF_002555155.1_mleBCB/L038_GCF_002555155.1_mleBCB.HAMAP.hmm.tmp.13208.hmmer3
[12:55:21] Labelling remaining 7 proteins as 'hypothetical protein'
[12:55:21] Found 9 unique /gene codes.
[12:55:21] Fixed 0 colliding /gene names.
[12:55:21] Adding /locus_tag identifiers
[12:55:21] Assigned 16 locus_tags to CDS and RNA features.
[12:55:21] Writing outputs to /home/bacte/bacillus_amr/08_genomic_context/prokka/L038_GCF_002555155.1_mleBCB/
[12:55:21] Generating annotation statistics file
[12:55:21] Generating Genbank and Sequin files
[12:55:21] Running: tbl2asn -V b -a r10k -l paired-ends -M n -N 1 -y 'Annotated using prokka 1.15.6 from https://github.com/tseemann/prokka' -Z \/home\/bacte\/bacillus_amr\/08_genomic_context\/prokka\/L038_GCF_002555155\.1_mleBCB\/L038_GCF_002555155\.1_mleBCB\.err -i \/home\/bacte\/bacillus_amr\/08_genomic_context\/prokka\/L038_GCF_002555155\.1_mleBCB\/L038_GCF_002555155\.1_mleBCB\.fsa 2> /dev/null
[tbl2asn-forever] Found Prokka input, correcting dates in .gbf|.sqn files.
[tbl2asn-forever] Correcting dates in /home/bacte/bacillus_amr/08_genomic_context/prokka/L038_GCF_002555155.1_mleBCB/L038_GCF_002555155.1_mleBCB.gbf
[tbl2asn-forever] Correcting dates in /home/bacte/bacillus_amr/08_genomic_context/prokka/L038_GCF_002555155.1_mleBCB/L038_GCF_002555155.1_mleBCB.sqn
[tbl2asn-forever] Dates changed from 01-JAN-2019 to 06-OCT-2026
[12:55:22] Deleting unwanted file: /home/bacte/bacillus_amr/08_genomic_context/prokka/L038_GCF_002555155.1_mleBCB/errorsummary.val
[12:55:22] Deleting unwanted file: /home/bacte/bacillus_amr/08_genomic_context/prokka/L038_GCF_002555155.1_mleBCB/L038_GCF_002555155.1_mleBCB.dr
[12:55:22] Deleting unwanted file: /home/bacte/bacillus_amr/08_genomic_context/prokka/L038_GCF_002555155.1_mleBCB/L038_GCF_002555155.1_mleBCB.fixedproducts
[12:55:22] Deleting unwanted file: /home/bacte/bacillus_amr/08_genomic_context/prokka/L038_GCF_002555155.1_mleBCB/L038_GCF_002555155.1_mleBCB.ecn
[12:55:22] Deleting unwanted file: /home/bacte/bacillus_amr/08_genomic_context/prokka/L038_GCF_002555155.1_mleBCB/L038_GCF_002555155.1_mleBCB.val
[12:55:22] Repairing broken .GBK output that tbl2asn produces...
[12:55:22] Running: sed 's/COORDINATES: profile/COORDINATES:profile/' < \/home\/bacte\/bacillus_amr\/08_genomic_context\/prokka\/L038_GCF_002555155\.1_mleBCB\/L038_GCF_002555155\.1_mleBCB\.gbf > \/home\/bacte\/bacillus_amr\/08_genomic_context\/prokka\/L038_GCF_002555155\.1_mleBCB\/L038_GCF_002555155\.1_mleBCB\.gbk
[12:55:22] Deleting unwanted file: /home/bacte/bacillus_amr/08_genomic_context/prokka/L038_GCF_002555155.1_mleBCB/L038_GCF_002555155.1_mleBCB.gbf
[12:55:22] Output files:
[12:55:22] /home/bacte/bacillus_amr/08_genomic_context/prokka/L038_GCF_002555155.1_mleBCB/L038_GCF_002555155.1_mleBCB.gff
[12:55:22] /home/bacte/bacillus_amr/08_genomic_context/prokka/L038_GCF_002555155.1_mleBCB/L038_GCF_002555155.1_mleBCB.txt
[12:55:22] /home/bacte/bacillus_amr/08_genomic_context/prokka/L038_GCF_002555155.1_mleBCB/L038_GCF_002555155.1_mleBCB.tbl
[12:55:22] /home/bacte/bacillus_amr/08_genomic_context/prokka/L038_GCF_002555155.1_mleBCB/L038_GCF_002555155.1_mleBCB.sqn
[12:55:22] /home/bacte/bacillus_amr/08_genomic_context/prokka/L038_GCF_002555155.1_mleBCB/L038_GCF_002555155.1_mleBCB.log
[12:55:22] /home/bacte/bacillus_amr/08_genomic_context/prokka/L038_GCF_002555155.1_mleBCB/L038_GCF_002555155.1_mleBCB.ffn
[12:55:22] /home/bacte/bacillus_amr/08_genomic_context/prokka/L038_GCF_002555155.1_mleBCB/L038_GCF_002555155.1_mleBCB.fna
[12:55:22] /home/bacte/bacillus_amr/08_genomic_context/prokka/L038_GCF_002555155.1_mleBCB/L038_GCF_002555155.1_mleBCB.gbk
[12:55:22] /home/bacte/bacillus_amr/08_genomic_context/prokka/L038_GCF_002555155.1_mleBCB/L038_GCF_002555155.1_mleBCB.fsa
[12:55:22] /home/bacte/bacillus_amr/08_genomic_context/prokka/L038_GCF_002555155.1_mleBCB/L038_GCF_002555155.1_mleBCB.err
[12:55:22] /home/bacte/bacillus_amr/08_genomic_context/prokka/L038_GCF_002555155.1_mleBCB/L038_GCF_002555155.1_mleBCB.tsv
[12:55:22] /home/bacte/bacillus_amr/08_genomic_context/prokka/L038_GCF_002555155.1_mleBCB/L038_GCF_002555155.1_mleBCB.faa
[12:55:22] Annotation finished successfully.
[12:55:22] Walltime used: 0.10 minutes
[12:55:22] If you use this result please cite the Prokka paper:
[12:55:22] Seemann T (2014) Prokka: rapid prokaryotic genome annotation. Bioinformatics. 30(14):2068-9.
[12:55:22] Type 'prokka --citation' for more details.
[12:55:22] Thank you, come again.
[39/41] L039_GCF_002555305.1_mleBCB
[12:55:22] This is prokka 1.15.6
[12:55:22] Written by Torsten Seemann <torsten.seemann@gmail.com>
[12:55:22] Homepage is https://github.com/tseemann/prokka
[12:55:22] Local time is Tue Oct  6 12:55:22 2026
[12:55:22] You are bacte
[12:55:22] Operating system is linux
[12:55:22] You have BioPerl 1.7.8
[12:55:22] System has 8 cores.
[12:55:22] Will use maximum of 2 cores.
[12:55:22] Annotating as >>> Bacteria <<<
[12:55:22] Generating locus_tag from '/home/bacte/bacillus_amr/08_genomic_context/windows_10kb/L039_GCF_002555305.1_mleBCB.fna' contents.
[12:55:22] Setting --locustag IJPCILAG from MD5 239c25a086bb4d73bd091b3c442fd5b5
[12:55:22] Creating new output folder: /home/bacte/bacillus_amr/08_genomic_context/prokka/L039_GCF_002555305.1_mleBCB
[12:55:22] Running: mkdir -p \/home\/bacte\/bacillus_amr\/08_genomic_context\/prokka\/L039_GCF_002555305\.1_mleBCB
[12:55:22] Using filename prefix: L039_GCF_002555305.1_mleBCB.XXX
[12:55:22] Setting HMMER_NCPU=1
[12:55:22] Writing log to: /home/bacte/bacillus_amr/08_genomic_context/prokka/L039_GCF_002555305.1_mleBCB/L039_GCF_002555305.1_mleBCB.log
[12:55:22] Command: /home/bacte/miniconda3/envs/bacillus_ecogenomics/bin/prokka /home/bacte/bacillus_amr/08_genomic_context/windows_10kb/L039_GCF_002555305.1_mleBCB.fna --outdir /home/bacte/bacillus_amr/08_genomic_context/prokka/L039_GCF_002555305.1_mleBCB --prefix L039_GCF_002555305.1_mleBCB --kingdom Bacteria --genus Bacillus --cpus 2
[12:55:22] Looking for 'aragorn' - found /home/bacte/miniconda3/envs/bacillus_ecogenomics/bin/aragorn
[12:55:22] Determined aragorn version is v1.2 from 'ARAGORN v1.2.41 Dean Laslett'
[12:55:22] Looking for 'barrnap' - found /home/bacte/miniconda3/envs/bacillus_ecogenomics/bin/barrnap
[12:55:22] Determined barrnap version is v1.10 from 'barrnap 1.10.5'
[12:55:22] Looking for 'blastp' - found /home/bacte/miniconda3/envs/bacillus_ecogenomics/bin/blastp
[12:55:22] Determined blastp version is v2.17 from 'blastp: 2.17.0+'
[12:55:22] Looking for 'cmpress' - found /home/bacte/miniconda3/envs/bacillus_ecogenomics/bin/cmpress
[12:55:22] Determined cmpress version is v1.1 from '# INFERNAL 1.1.5 (Sep 2023)'
[12:55:22] Looking for 'cmscan' - found /home/bacte/miniconda3/envs/bacillus_ecogenomics/bin/cmscan
[12:55:22] Determined cmscan version is v1.1 from '# INFERNAL 1.1.5 (Sep 2023)'
[12:55:22] Looking for 'egrep' - found /usr/bin/egrep
[12:55:22] Looking for 'find' - found /usr/bin/find
[12:55:22] Looking for 'grep' - found /usr/bin/grep
[12:55:22] Looking for 'hmmpress' - found /home/bacte/miniconda3/envs/bacillus_ecogenomics/bin/hmmpress
[12:55:22] Determined hmmpress version is v3.4 from '# HMMER 3.4 (Aug 2023); http://hmmer.org/'
[12:55:22] Looking for 'hmmscan' - found /home/bacte/miniconda3/envs/bacillus_ecogenomics/bin/hmmscan
[12:55:22] Determined hmmscan version is v3.4 from '# HMMER 3.4 (Aug 2023); http://hmmer.org/'
[12:55:22] Looking for 'java' - found /home/bacte/miniconda3/envs/bacillus_ecogenomics/bin/java
[12:55:22] Looking for 'makeblastdb' - found /home/bacte/miniconda3/envs/bacillus_ecogenomics/bin/makeblastdb
[12:55:22] Determined makeblastdb version is v2.17 from 'makeblastdb: 2.17.0+'
[12:55:22] Looking for 'minced' - found /home/bacte/miniconda3/envs/bacillus_ecogenomics/bin/minced
[12:55:22] Determined minced version is v4.2 from 'minced 0.4.2'
[12:55:22] Looking for 'parallel' - found /home/bacte/miniconda3/envs/bacillus_ecogenomics/bin/parallel
[12:55:22] Determined parallel version is 20260422 from 'GNU parallel 20260422'
[12:55:22] Looking for 'prodigal' - found /home/bacte/miniconda3/envs/bacillus_ecogenomics/bin/prodigal
[12:55:22] Determined prodigal version is v2.6 from 'Prodigal V2.6.3: February, 2016'
[12:55:22] Looking for 'prokka-genbank_to_fasta_db' - found /home/bacte/miniconda3/envs/bacillus_ecogenomics/bin/prokka-genbank_to_fasta_db
[12:55:22] Looking for 'sed' - found /usr/bin/sed
[12:55:22] Looking for 'tbl2asn' - found /home/bacte/miniconda3/envs/bacillus_ecogenomics/bin/tbl2asn
[12:55:22] Determined tbl2asn version is v25.7 from 'tbl2asn 25.7   arguments:'
[12:55:22] Using genetic code table 11.
[12:55:22] Loading and checking input file: /home/bacte/bacillus_amr/08_genomic_context/windows_10kb/L039_GCF_002555305.1_mleBCB.fna
[12:55:22] Wrote 1 contigs totalling 20852 bp.
[12:55:22] Predicting tRNAs and tmRNAs
[12:55:22] Running: aragorn -l -gc11  -w \/home\/bacte\/bacillus_amr\/08_genomic_context\/prokka\/L039_GCF_002555305\.1_mleBCB\/L039_GCF_002555305\.1_mleBCB\.fna
[12:55:22] Found 0 tRNAs
[12:55:22] Predicting Ribosomal RNAs
[12:55:22] Running Barrnap with 2 threads
[12:55:23] Found 0 rRNAs
[12:55:23] Skipping ncRNA search, enable with --rfam if desired.
[12:55:23] Total of 0 tRNA + rRNA features
[12:55:23] Searching for CRISPR repeats
[12:55:23] Found 0 CRISPRs
[12:55:23] Predicting coding sequences
[12:55:23] Contigs total 20852 bp, so using single mode
[12:55:23] Running: prodigal -i \/home\/bacte\/bacillus_amr\/08_genomic_context\/prokka\/L039_GCF_002555305\.1_mleBCB\/L039_GCF_002555305\.1_mleBCB\.fna -c -m -g 11 -p single -f sco -q


Warning:  ideally Prodigal should be given at least 100000 bases for training.
You may get better results with the -p meta option.

[12:55:23] Found 17 CDS
[12:55:23] Connecting features back to sequences
[12:55:23] Not using genus-specific database. Try --usegenus to enable it.
[12:55:23] Annotating CDS, please be patient.
[12:55:23] Will use 2 CPUs for similarity searching.
[12:55:23] There are still 17 unannotated CDS left (started with 17)
[12:55:23] Will use blast to search against /home/bacte/miniconda3/envs/bacillus_ecogenomics/db/kingdom/Bacteria/IS with 2 CPUs
[12:55:23] Running: cat \/home\/bacte\/bacillus_amr\/08_genomic_context\/prokka\/L039_GCF_002555305\.1_mleBCB\/L039_GCF_002555305\.1_mleBCB\.IS\.tmp\.13593\.faa | parallel --gnu --plain -j 2 --block 1251 --recstart '>' --pipe blastp -query - -db /home/bacte/miniconda3/envs/bacillus_ecogenomics/db/kingdom/Bacteria/IS -evalue 1e-30 -qcov_hsp_perc 90 -num_threads 1 -num_descriptions 1 -num_alignments 1 -seg no > \/home\/bacte\/bacillus_amr\/08_genomic_context\/prokka\/L039_GCF_002555305\.1_mleBCB\/L039_GCF_002555305\.1_mleBCB\.IS\.tmp\.13593\.blast 2> /dev/null
[12:55:24] Deleting unwanted file: /home/bacte/bacillus_amr/08_genomic_context/prokka/L039_GCF_002555305.1_mleBCB/L039_GCF_002555305.1_mleBCB.IS.tmp.13593.faa
[12:55:24] Deleting unwanted file: /home/bacte/bacillus_amr/08_genomic_context/prokka/L039_GCF_002555305.1_mleBCB/L039_GCF_002555305.1_mleBCB.IS.tmp.13593.blast
[12:55:24] There are still 17 unannotated CDS left (started with 17)
[12:55:24] Will use blast to search against /home/bacte/miniconda3/envs/bacillus_ecogenomics/db/kingdom/Bacteria/AMR with 2 CPUs
[12:55:24] Running: cat \/home\/bacte\/bacillus_amr\/08_genomic_context\/prokka\/L039_GCF_002555305\.1_mleBCB\/L039_GCF_002555305\.1_mleBCB\.AMR\.tmp\.13593\.faa | parallel --gnu --plain -j 2 --block 1251 --recstart '>' --pipe blastp -query - -db /home/bacte/miniconda3/envs/bacillus_ecogenomics/db/kingdom/Bacteria/AMR -evalue 1e-300 -qcov_hsp_perc 90 -num_threads 1 -num_descriptions 1 -num_alignments 1 -seg no > \/home\/bacte\/bacillus_amr\/08_genomic_context\/prokka\/L039_GCF_002555305\.1_mleBCB\/L039_GCF_002555305\.1_mleBCB\.AMR\.tmp\.13593\.blast 2> /dev/null
[12:55:25] Deleting unwanted file: /home/bacte/bacillus_amr/08_genomic_context/prokka/L039_GCF_002555305.1_mleBCB/L039_GCF_002555305.1_mleBCB.AMR.tmp.13593.faa
[12:55:25] Deleting unwanted file: /home/bacte/bacillus_amr/08_genomic_context/prokka/L039_GCF_002555305.1_mleBCB/L039_GCF_002555305.1_mleBCB.AMR.tmp.13593.blast
[12:55:25] There are still 17 unannotated CDS left (started with 17)
[12:55:25] Will use blast to search against /home/bacte/miniconda3/envs/bacillus_ecogenomics/db/kingdom/Bacteria/sprot with 2 CPUs
[12:55:25] Running: cat \/home\/bacte\/bacillus_amr\/08_genomic_context\/prokka\/L039_GCF_002555305\.1_mleBCB\/L039_GCF_002555305\.1_mleBCB\.sprot\.tmp\.13593\.faa | parallel --gnu --plain -j 2 --block 1251 --recstart '>' --pipe blastp -query - -db /home/bacte/miniconda3/envs/bacillus_ecogenomics/db/kingdom/Bacteria/sprot -evalue 1e-09 -qcov_hsp_perc 80 -num_threads 1 -num_descriptions 1 -num_alignments 1 -seg no > \/home\/bacte\/bacillus_amr\/08_genomic_context\/prokka\/L039_GCF_002555305\.1_mleBCB\/L039_GCF_002555305\.1_mleBCB\.sprot\.tmp\.13593\.blast 2> /dev/null
[12:55:27] Modify product: Uncharacterized HTH-type transcriptional regulator YybR => putative HTH-type transcriptional regulator YybR
[12:55:27] Cleaned 1 /product names
[12:55:27] Deleting unwanted file: /home/bacte/bacillus_amr/08_genomic_context/prokka/L039_GCF_002555305.1_mleBCB/L039_GCF_002555305.1_mleBCB.sprot.tmp.13593.faa
[12:55:27] Deleting unwanted file: /home/bacte/bacillus_amr/08_genomic_context/prokka/L039_GCF_002555305.1_mleBCB/L039_GCF_002555305.1_mleBCB.sprot.tmp.13593.blast
[12:55:27] There are still 9 unannotated CDS left (started with 17)
[12:55:27] Will use hmmer3 to search against /home/bacte/miniconda3/envs/bacillus_ecogenomics/db/hmm/HAMAP.hmm with 2 CPUs
[12:55:27] Running: cat \/home\/bacte\/bacillus_amr\/08_genomic_context\/prokka\/L039_GCF_002555305\.1_mleBCB\/L039_GCF_002555305\.1_mleBCB\.HAMAP\.hmm\.tmp\.13593\.faa | parallel --gnu --plain -j 2 --block 746 --recstart '>' --pipe hmmscan --noali --notextw --acc -E 1e-09 --cpu 1 /home/bacte/miniconda3/envs/bacillus_ecogenomics/db/hmm/HAMAP.hmm /dev/stdin > \/home\/bacte\/bacillus_amr\/08_genomic_context\/prokka\/L039_GCF_002555305\.1_mleBCB\/L039_GCF_002555305\.1_mleBCB\.HAMAP\.hmm\.tmp\.13593\.hmmer3 2> /dev/null
[12:55:27] Deleting unwanted file: /home/bacte/bacillus_amr/08_genomic_context/prokka/L039_GCF_002555305.1_mleBCB/L039_GCF_002555305.1_mleBCB.HAMAP.hmm.tmp.13593.faa
[12:55:27] Deleting unwanted file: /home/bacte/bacillus_amr/08_genomic_context/prokka/L039_GCF_002555305.1_mleBCB/L039_GCF_002555305.1_mleBCB.HAMAP.hmm.tmp.13593.hmmer3
[12:55:27] Labelling remaining 6 proteins as 'hypothetical protein'
[12:55:27] Found 11 unique /gene codes.
[12:55:27] Fixed 0 colliding /gene names.
[12:55:27] Adding /locus_tag identifiers
[12:55:27] Assigned 17 locus_tags to CDS and RNA features.
[12:55:27] Writing outputs to /home/bacte/bacillus_amr/08_genomic_context/prokka/L039_GCF_002555305.1_mleBCB/
[12:55:27] Generating annotation statistics file
[12:55:27] Generating Genbank and Sequin files
[12:55:27] Running: tbl2asn -V b -a r10k -l paired-ends -M n -N 1 -y 'Annotated using prokka 1.15.6 from https://github.com/tseemann/prokka' -Z \/home\/bacte\/bacillus_amr\/08_genomic_context\/prokka\/L039_GCF_002555305\.1_mleBCB\/L039_GCF_002555305\.1_mleBCB\.err -i \/home\/bacte\/bacillus_amr\/08_genomic_context\/prokka\/L039_GCF_002555305\.1_mleBCB\/L039_GCF_002555305\.1_mleBCB\.fsa 2> /dev/null
[tbl2asn-forever] Found Prokka input, correcting dates in .gbf|.sqn files.
[tbl2asn-forever] Correcting dates in /home/bacte/bacillus_amr/08_genomic_context/prokka/L039_GCF_002555305.1_mleBCB/L039_GCF_002555305.1_mleBCB.gbf
[tbl2asn-forever] Correcting dates in /home/bacte/bacillus_amr/08_genomic_context/prokka/L039_GCF_002555305.1_mleBCB/L039_GCF_002555305.1_mleBCB.sqn
[tbl2asn-forever] Dates changed from 01-JAN-2019 to 06-OCT-2026
[12:55:27] Deleting unwanted file: /home/bacte/bacillus_amr/08_genomic_context/prokka/L039_GCF_002555305.1_mleBCB/errorsummary.val
[12:55:27] Deleting unwanted file: /home/bacte/bacillus_amr/08_genomic_context/prokka/L039_GCF_002555305.1_mleBCB/L039_GCF_002555305.1_mleBCB.dr
[12:55:27] Deleting unwanted file: /home/bacte/bacillus_amr/08_genomic_context/prokka/L039_GCF_002555305.1_mleBCB/L039_GCF_002555305.1_mleBCB.fixedproducts
[12:55:27] Deleting unwanted file: /home/bacte/bacillus_amr/08_genomic_context/prokka/L039_GCF_002555305.1_mleBCB/L039_GCF_002555305.1_mleBCB.ecn
[12:55:27] Deleting unwanted file: /home/bacte/bacillus_amr/08_genomic_context/prokka/L039_GCF_002555305.1_mleBCB/L039_GCF_002555305.1_mleBCB.val
[12:55:27] Repairing broken .GBK output that tbl2asn produces...
[12:55:27] Running: sed 's/COORDINATES: profile/COORDINATES:profile/' < \/home\/bacte\/bacillus_amr\/08_genomic_context\/prokka\/L039_GCF_002555305\.1_mleBCB\/L039_GCF_002555305\.1_mleBCB\.gbf > \/home\/bacte\/bacillus_amr\/08_genomic_context\/prokka\/L039_GCF_002555305\.1_mleBCB\/L039_GCF_002555305\.1_mleBCB\.gbk
[12:55:27] Deleting unwanted file: /home/bacte/bacillus_amr/08_genomic_context/prokka/L039_GCF_002555305.1_mleBCB/L039_GCF_002555305.1_mleBCB.gbf
[12:55:27] Output files:
[12:55:27] /home/bacte/bacillus_amr/08_genomic_context/prokka/L039_GCF_002555305.1_mleBCB/L039_GCF_002555305.1_mleBCB.faa
[12:55:27] /home/bacte/bacillus_amr/08_genomic_context/prokka/L039_GCF_002555305.1_mleBCB/L039_GCF_002555305.1_mleBCB.fsa
[12:55:27] /home/bacte/bacillus_amr/08_genomic_context/prokka/L039_GCF_002555305.1_mleBCB/L039_GCF_002555305.1_mleBCB.gff
[12:55:27] /home/bacte/bacillus_amr/08_genomic_context/prokka/L039_GCF_002555305.1_mleBCB/L039_GCF_002555305.1_mleBCB.tsv
[12:55:27] /home/bacte/bacillus_amr/08_genomic_context/prokka/L039_GCF_002555305.1_mleBCB/L039_GCF_002555305.1_mleBCB.log
[12:55:27] /home/bacte/bacillus_amr/08_genomic_context/prokka/L039_GCF_002555305.1_mleBCB/L039_GCF_002555305.1_mleBCB.ffn
[12:55:27] /home/bacte/bacillus_amr/08_genomic_context/prokka/L039_GCF_002555305.1_mleBCB/L039_GCF_002555305.1_mleBCB.err
[12:55:27] /home/bacte/bacillus_amr/08_genomic_context/prokka/L039_GCF_002555305.1_mleBCB/L039_GCF_002555305.1_mleBCB.sqn
[12:55:27] /home/bacte/bacillus_amr/08_genomic_context/prokka/L039_GCF_002555305.1_mleBCB/L039_GCF_002555305.1_mleBCB.tbl
[12:55:27] /home/bacte/bacillus_amr/08_genomic_context/prokka/L039_GCF_002555305.1_mleBCB/L039_GCF_002555305.1_mleBCB.fna
[12:55:27] /home/bacte/bacillus_amr/08_genomic_context/prokka/L039_GCF_002555305.1_mleBCB/L039_GCF_002555305.1_mleBCB.gbk
[12:55:27] /home/bacte/bacillus_amr/08_genomic_context/prokka/L039_GCF_002555305.1_mleBCB/L039_GCF_002555305.1_mleBCB.txt
[12:55:27] Annotation finished successfully.
[12:55:27] Walltime used: 0.08 minutes
[12:55:27] If you use this result please cite the Prokka paper:
[12:55:27] Seemann T (2014) Prokka: rapid prokaryotic genome annotation. Bioinformatics. 30(14):2068-9.
[12:55:27] Type 'prokka --citation' for more details.
[12:55:27] Share and enjoy!
[40/41] L040_GCF_002555385.1_mphM
[12:55:28] This is prokka 1.15.6
[12:55:28] Written by Torsten Seemann <torsten.seemann@gmail.com>
[12:55:28] Homepage is https://github.com/tseemann/prokka
[12:55:28] Local time is Tue Oct  6 12:55:28 2026
[12:55:28] You are bacte
[12:55:28] Operating system is linux
[12:55:28] You have BioPerl 1.7.8
[12:55:28] System has 8 cores.
[12:55:28] Will use maximum of 2 cores.
[12:55:28] Annotating as >>> Bacteria <<<
[12:55:28] Generating locus_tag from '/home/bacte/bacillus_amr/08_genomic_context/windows_10kb/L040_GCF_002555385.1_mphM.fna' contents.
[12:55:28] Setting --locustag MPJBOFBF from MD5 693b8fbf485a04f7edcf8dacb7bd3130
[12:55:28] Creating new output folder: /home/bacte/bacillus_amr/08_genomic_context/prokka/L040_GCF_002555385.1_mphM
[12:55:28] Running: mkdir -p \/home\/bacte\/bacillus_amr\/08_genomic_context\/prokka\/L040_GCF_002555385\.1_mphM
[12:55:28] Using filename prefix: L040_GCF_002555385.1_mphM.XXX
[12:55:28] Setting HMMER_NCPU=1
[12:55:28] Writing log to: /home/bacte/bacillus_amr/08_genomic_context/prokka/L040_GCF_002555385.1_mphM/L040_GCF_002555385.1_mphM.log
[12:55:28] Command: /home/bacte/miniconda3/envs/bacillus_ecogenomics/bin/prokka /home/bacte/bacillus_amr/08_genomic_context/windows_10kb/L040_GCF_002555385.1_mphM.fna --outdir /home/bacte/bacillus_amr/08_genomic_context/prokka/L040_GCF_002555385.1_mphM --prefix L040_GCF_002555385.1_mphM --kingdom Bacteria --genus Bacillus --cpus 2
[12:55:28] Looking for 'aragorn' - found /home/bacte/miniconda3/envs/bacillus_ecogenomics/bin/aragorn
[12:55:28] Determined aragorn version is v1.2 from 'ARAGORN v1.2.41 Dean Laslett'
[12:55:28] Looking for 'barrnap' - found /home/bacte/miniconda3/envs/bacillus_ecogenomics/bin/barrnap
[12:55:28] Determined barrnap version is v1.10 from 'barrnap 1.10.5'
[12:55:28] Looking for 'blastp' - found /home/bacte/miniconda3/envs/bacillus_ecogenomics/bin/blastp
[12:55:28] Determined blastp version is v2.17 from 'blastp: 2.17.0+'
[12:55:28] Looking for 'cmpress' - found /home/bacte/miniconda3/envs/bacillus_ecogenomics/bin/cmpress
[12:55:28] Determined cmpress version is v1.1 from '# INFERNAL 1.1.5 (Sep 2023)'
[12:55:28] Looking for 'cmscan' - found /home/bacte/miniconda3/envs/bacillus_ecogenomics/bin/cmscan
[12:55:28] Determined cmscan version is v1.1 from '# INFERNAL 1.1.5 (Sep 2023)'
[12:55:28] Looking for 'egrep' - found /usr/bin/egrep
[12:55:28] Looking for 'find' - found /usr/bin/find
[12:55:28] Looking for 'grep' - found /usr/bin/grep
[12:55:28] Looking for 'hmmpress' - found /home/bacte/miniconda3/envs/bacillus_ecogenomics/bin/hmmpress
[12:55:28] Determined hmmpress version is v3.4 from '# HMMER 3.4 (Aug 2023); http://hmmer.org/'
[12:55:28] Looking for 'hmmscan' - found /home/bacte/miniconda3/envs/bacillus_ecogenomics/bin/hmmscan
[12:55:28] Determined hmmscan version is v3.4 from '# HMMER 3.4 (Aug 2023); http://hmmer.org/'
[12:55:28] Looking for 'java' - found /home/bacte/miniconda3/envs/bacillus_ecogenomics/bin/java
[12:55:28] Looking for 'makeblastdb' - found /home/bacte/miniconda3/envs/bacillus_ecogenomics/bin/makeblastdb
[12:55:28] Determined makeblastdb version is v2.17 from 'makeblastdb: 2.17.0+'
[12:55:28] Looking for 'minced' - found /home/bacte/miniconda3/envs/bacillus_ecogenomics/bin/minced
[12:55:28] Determined minced version is v4.2 from 'minced 0.4.2'
[12:55:28] Looking for 'parallel' - found /home/bacte/miniconda3/envs/bacillus_ecogenomics/bin/parallel
[12:55:28] Determined parallel version is 20260422 from 'GNU parallel 20260422'
[12:55:28] Looking for 'prodigal' - found /home/bacte/miniconda3/envs/bacillus_ecogenomics/bin/prodigal
[12:55:28] Determined prodigal version is v2.6 from 'Prodigal V2.6.3: February, 2016'
[12:55:28] Looking for 'prokka-genbank_to_fasta_db' - found /home/bacte/miniconda3/envs/bacillus_ecogenomics/bin/prokka-genbank_to_fasta_db
[12:55:28] Looking for 'sed' - found /usr/bin/sed
[12:55:28] Looking for 'tbl2asn' - found /home/bacte/miniconda3/envs/bacillus_ecogenomics/bin/tbl2asn
[12:55:28] Determined tbl2asn version is v25.7 from 'tbl2asn 25.7   arguments:'
[12:55:28] Using genetic code table 11.
[12:55:28] Loading and checking input file: /home/bacte/bacillus_amr/08_genomic_context/windows_10kb/L040_GCF_002555385.1_mphM.fna
[12:55:28] Wrote 1 contigs totalling 17207 bp.
[12:55:28] Predicting tRNAs and tmRNAs
[12:55:28] Running: aragorn -l -gc11  -w \/home\/bacte\/bacillus_amr\/08_genomic_context\/prokka\/L040_GCF_002555385\.1_mphM\/L040_GCF_002555385\.1_mphM\.fna
[12:55:28] Found 0 tRNAs
[12:55:28] Predicting Ribosomal RNAs
[12:55:28] Running Barrnap with 2 threads
[12:55:28] Found 0 rRNAs
[12:55:28] Skipping ncRNA search, enable with --rfam if desired.
[12:55:28] Total of 0 tRNA + rRNA features
[12:55:28] Searching for CRISPR repeats
[12:55:28] Found 0 CRISPRs
[12:55:28] Predicting coding sequences
[12:55:28] Contigs total 17207 bp, so using single mode
[12:55:28] Running: prodigal -i \/home\/bacte\/bacillus_amr\/08_genomic_context\/prokka\/L040_GCF_002555385\.1_mphM\/L040_GCF_002555385\.1_mphM\.fna -c -m -g 11 -p single -f sco -q


Error:  Sequence must be 20000 characters (only 17207 read).
(Consider running with the -p meta option or finding more contigs from the same genome.)

[12:55:28] Found 0 CDS
[12:55:28] Connecting features back to sequences
[12:55:28] Not using genus-specific database. Try --usegenus to enable it.
[12:55:28] Annotating CDS, please be patient.
[12:55:28] Will use 2 CPUs for similarity searching.
[12:55:28] Found 0 unique /gene codes.
[12:55:28] Fixed 0 colliding /gene names.
[12:55:28] Adding /locus_tag identifiers
[12:55:28] Assigned 0 locus_tags to CDS and RNA features.
[12:55:28] Writing outputs to /home/bacte/bacillus_amr/08_genomic_context/prokka/L040_GCF_002555385.1_mphM/
[12:55:29] Generating annotation statistics file
[12:55:29] Generating Genbank and Sequin files
[12:55:29] Running: tbl2asn -V b -a r10k -l paired-ends -M n -N 1 -y 'Annotated using prokka 1.15.6 from https://github.com/tseemann/prokka' -Z \/home\/bacte\/bacillus_amr\/08_genomic_context\/prokka\/L040_GCF_002555385\.1_mphM\/L040_GCF_002555385\.1_mphM\.err -i \/home\/bacte\/bacillus_amr\/08_genomic_context\/prokka\/L040_GCF_002555385\.1_mphM\/L040_GCF_002555385\.1_mphM\.fsa 2> /dev/null
[tbl2asn-forever] Found Prokka input, correcting dates in .gbf|.sqn files.
[tbl2asn-forever] Correcting dates in /home/bacte/bacillus_amr/08_genomic_context/prokka/L040_GCF_002555385.1_mphM/L040_GCF_002555385.1_mphM.gbf
[tbl2asn-forever] Correcting dates in /home/bacte/bacillus_amr/08_genomic_context/prokka/L040_GCF_002555385.1_mphM/L040_GCF_002555385.1_mphM.sqn
[tbl2asn-forever] Dates changed from 01-JAN-2019 to 06-OCT-2026
[12:55:29] Deleting unwanted file: /home/bacte/bacillus_amr/08_genomic_context/prokka/L040_GCF_002555385.1_mphM/errorsummary.val
[12:55:29] Deleting unwanted file: /home/bacte/bacillus_amr/08_genomic_context/prokka/L040_GCF_002555385.1_mphM/L040_GCF_002555385.1_mphM.dr
[12:55:29] Deleting unwanted file: /home/bacte/bacillus_amr/08_genomic_context/prokka/L040_GCF_002555385.1_mphM/L040_GCF_002555385.1_mphM.fixedproducts
[12:55:29] Deleting unwanted file: /home/bacte/bacillus_amr/08_genomic_context/prokka/L040_GCF_002555385.1_mphM/L040_GCF_002555385.1_mphM.ecn
[12:55:29] Deleting unwanted file: /home/bacte/bacillus_amr/08_genomic_context/prokka/L040_GCF_002555385.1_mphM/L040_GCF_002555385.1_mphM.val
[12:55:29] Repairing broken .GBK output that tbl2asn produces...
[12:55:29] Running: sed 's/COORDINATES: profile/COORDINATES:profile/' < \/home\/bacte\/bacillus_amr\/08_genomic_context\/prokka\/L040_GCF_002555385\.1_mphM\/L040_GCF_002555385\.1_mphM\.gbf > \/home\/bacte\/bacillus_amr\/08_genomic_context\/prokka\/L040_GCF_002555385\.1_mphM\/L040_GCF_002555385\.1_mphM\.gbk
[12:55:29] Deleting unwanted file: /home/bacte/bacillus_amr/08_genomic_context/prokka/L040_GCF_002555385.1_mphM/L040_GCF_002555385.1_mphM.gbf
[12:55:29] Output files:
[12:55:29] /home/bacte/bacillus_amr/08_genomic_context/prokka/L040_GCF_002555385.1_mphM/L040_GCF_002555385.1_mphM.txt
[12:55:29] /home/bacte/bacillus_amr/08_genomic_context/prokka/L040_GCF_002555385.1_mphM/L040_GCF_002555385.1_mphM.tsv
[12:55:29] /home/bacte/bacillus_amr/08_genomic_context/prokka/L040_GCF_002555385.1_mphM/L040_GCF_002555385.1_mphM.HAMAP.hmm.tmp.13978.faa
[12:55:29] /home/bacte/bacillus_amr/08_genomic_context/prokka/L040_GCF_002555385.1_mphM/L040_GCF_002555385.1_mphM.IS.tmp.13978.faa
[12:55:29] /home/bacte/bacillus_amr/08_genomic_context/prokka/L040_GCF_002555385.1_mphM/L040_GCF_002555385.1_mphM.gff
[12:55:29] /home/bacte/bacillus_amr/08_genomic_context/prokka/L040_GCF_002555385.1_mphM/L040_GCF_002555385.1_mphM.faa
[12:55:29] /home/bacte/bacillus_amr/08_genomic_context/prokka/L040_GCF_002555385.1_mphM/L040_GCF_002555385.1_mphM.log
[12:55:29] /home/bacte/bacillus_amr/08_genomic_context/prokka/L040_GCF_002555385.1_mphM/L040_GCF_002555385.1_mphM.fsa
[12:55:29] /home/bacte/bacillus_amr/08_genomic_context/prokka/L040_GCF_002555385.1_mphM/L040_GCF_002555385.1_mphM.sprot.tmp.13978.faa
[12:55:29] /home/bacte/bacillus_amr/08_genomic_context/prokka/L040_GCF_002555385.1_mphM/L040_GCF_002555385.1_mphM.sqn
[12:55:29] /home/bacte/bacillus_amr/08_genomic_context/prokka/L040_GCF_002555385.1_mphM/L040_GCF_002555385.1_mphM.fna
[12:55:29] /home/bacte/bacillus_amr/08_genomic_context/prokka/L040_GCF_002555385.1_mphM/L040_GCF_002555385.1_mphM.tbl
[12:55:29] /home/bacte/bacillus_amr/08_genomic_context/prokka/L040_GCF_002555385.1_mphM/L040_GCF_002555385.1_mphM.err
[12:55:29] /home/bacte/bacillus_amr/08_genomic_context/prokka/L040_GCF_002555385.1_mphM/L040_GCF_002555385.1_mphM.gbk
[12:55:29] /home/bacte/bacillus_amr/08_genomic_context/prokka/L040_GCF_002555385.1_mphM/L040_GCF_002555385.1_mphM.ffn
[12:55:29] /home/bacte/bacillus_amr/08_genomic_context/prokka/L040_GCF_002555385.1_mphM/L040_GCF_002555385.1_mphM.AMR.tmp.13978.faa
[12:55:29] Annotation finished successfully.
[12:55:29] Walltime used: 0.02 minutes
[12:55:29] If you use this result please cite the Prokka paper:
[12:55:29] Seemann T (2014) Prokka: rapid prokaryotic genome annotation. Bioinformatics. 30(14):2068-9.
[12:55:29] Type 'prokka --citation' for more details.
[12:55:29] Share and enjoy!
[41/41] L041_GCF_036963245.1_mphM
[12:55:29] This is prokka 1.15.6
[12:55:29] Written by Torsten Seemann <torsten.seemann@gmail.com>
[12:55:29] Homepage is https://github.com/tseemann/prokka
[12:55:29] Local time is Tue Oct  6 12:55:29 2026
[12:55:29] You are bacte
[12:55:29] Operating system is linux
[12:55:29] You have BioPerl 1.7.8
[12:55:29] System has 8 cores.
[12:55:29] Will use maximum of 2 cores.
[12:55:29] Annotating as >>> Bacteria <<<
[12:55:29] Generating locus_tag from '/home/bacte/bacillus_amr/08_genomic_context/windows_10kb/L041_GCF_036963245.1_mphM.fna' contents.
[12:55:29] Setting --locustag FKKOEGBO from MD5 f448e0b8cc42e0185365ec5313751fb8
[12:55:29] Creating new output folder: /home/bacte/bacillus_amr/08_genomic_context/prokka/L041_GCF_036963245.1_mphM
[12:55:29] Running: mkdir -p \/home\/bacte\/bacillus_amr\/08_genomic_context\/prokka\/L041_GCF_036963245\.1_mphM
[12:55:29] Using filename prefix: L041_GCF_036963245.1_mphM.XXX
[12:55:29] Setting HMMER_NCPU=1
[12:55:29] Writing log to: /home/bacte/bacillus_amr/08_genomic_context/prokka/L041_GCF_036963245.1_mphM/L041_GCF_036963245.1_mphM.log
[12:55:29] Command: /home/bacte/miniconda3/envs/bacillus_ecogenomics/bin/prokka /home/bacte/bacillus_amr/08_genomic_context/windows_10kb/L041_GCF_036963245.1_mphM.fna --outdir /home/bacte/bacillus_amr/08_genomic_context/prokka/L041_GCF_036963245.1_mphM --prefix L041_GCF_036963245.1_mphM --kingdom Bacteria --genus Bacillus --cpus 2
[12:55:29] Looking for 'aragorn' - found /home/bacte/miniconda3/envs/bacillus_ecogenomics/bin/aragorn
[12:55:29] Determined aragorn version is v1.2 from 'ARAGORN v1.2.41 Dean Laslett'
[12:55:29] Looking for 'barrnap' - found /home/bacte/miniconda3/envs/bacillus_ecogenomics/bin/barrnap
[12:55:29] Determined barrnap version is v1.10 from 'barrnap 1.10.5'
[12:55:29] Looking for 'blastp' - found /home/bacte/miniconda3/envs/bacillus_ecogenomics/bin/blastp
[12:55:29] Determined blastp version is v2.17 from 'blastp: 2.17.0+'
[12:55:29] Looking for 'cmpress' - found /home/bacte/miniconda3/envs/bacillus_ecogenomics/bin/cmpress
[12:55:29] Determined cmpress version is v1.1 from '# INFERNAL 1.1.5 (Sep 2023)'
[12:55:29] Looking for 'cmscan' - found /home/bacte/miniconda3/envs/bacillus_ecogenomics/bin/cmscan
[12:55:29] Determined cmscan version is v1.1 from '# INFERNAL 1.1.5 (Sep 2023)'
[12:55:29] Looking for 'egrep' - found /usr/bin/egrep
[12:55:29] Looking for 'find' - found /usr/bin/find
[12:55:29] Looking for 'grep' - found /usr/bin/grep
[12:55:29] Looking for 'hmmpress' - found /home/bacte/miniconda3/envs/bacillus_ecogenomics/bin/hmmpress
[12:55:29] Determined hmmpress version is v3.4 from '# HMMER 3.4 (Aug 2023); http://hmmer.org/'
[12:55:29] Looking for 'hmmscan' - found /home/bacte/miniconda3/envs/bacillus_ecogenomics/bin/hmmscan
[12:55:29] Determined hmmscan version is v3.4 from '# HMMER 3.4 (Aug 2023); http://hmmer.org/'
[12:55:29] Looking for 'java' - found /home/bacte/miniconda3/envs/bacillus_ecogenomics/bin/java
[12:55:29] Looking for 'makeblastdb' - found /home/bacte/miniconda3/envs/bacillus_ecogenomics/bin/makeblastdb
[12:55:29] Determined makeblastdb version is v2.17 from 'makeblastdb: 2.17.0+'
[12:55:29] Looking for 'minced' - found /home/bacte/miniconda3/envs/bacillus_ecogenomics/bin/minced
[12:55:29] Determined minced version is v4.2 from 'minced 0.4.2'
[12:55:29] Looking for 'parallel' - found /home/bacte/miniconda3/envs/bacillus_ecogenomics/bin/parallel
[12:55:29] Determined parallel version is 20260422 from 'GNU parallel 20260422'
[12:55:29] Looking for 'prodigal' - found /home/bacte/miniconda3/envs/bacillus_ecogenomics/bin/prodigal
[12:55:29] Determined prodigal version is v2.6 from 'Prodigal V2.6.3: February, 2016'
[12:55:29] Looking for 'prokka-genbank_to_fasta_db' - found /home/bacte/miniconda3/envs/bacillus_ecogenomics/bin/prokka-genbank_to_fasta_db
[12:55:29] Looking for 'sed' - found /usr/bin/sed
[12:55:29] Looking for 'tbl2asn' - found /home/bacte/miniconda3/envs/bacillus_ecogenomics/bin/tbl2asn
[12:55:29] Determined tbl2asn version is v25.7 from 'tbl2asn 25.7   arguments:'
[12:55:29] Using genetic code table 11.
[12:55:29] Loading and checking input file: /home/bacte/bacillus_amr/08_genomic_context/windows_10kb/L041_GCF_036963245.1_mphM.fna
[12:55:29] Wrote 1 contigs totalling 11302 bp.
[12:55:29] Predicting tRNAs and tmRNAs
[12:55:29] Running: aragorn -l -gc11  -w \/home\/bacte\/bacillus_amr\/08_genomic_context\/prokka\/L041_GCF_036963245\.1_mphM\/L041_GCF_036963245\.1_mphM\.fna
[12:55:29] Found 0 tRNAs
[12:55:29] Predicting Ribosomal RNAs
[12:55:29] Running Barrnap with 2 threads
[12:55:30] Found 0 rRNAs
[12:55:30] Skipping ncRNA search, enable with --rfam if desired.
[12:55:30] Total of 0 tRNA + rRNA features
[12:55:30] Searching for CRISPR repeats
[12:55:30] Found 0 CRISPRs
[12:55:30] Predicting coding sequences
[12:55:30] Contigs total 11302 bp, so using single mode
[12:55:30] Running: prodigal -i \/home\/bacte\/bacillus_amr\/08_genomic_context\/prokka\/L041_GCF_036963245\.1_mphM\/L041_GCF_036963245\.1_mphM\.fna -c -m -g 11 -p single -f sco -q


Error:  Sequence must be 20000 characters (only 11302 read).
(Consider running with the -p meta option or finding more contigs from the same genome.)

[12:55:30] Found 0 CDS
[12:55:30] Connecting features back to sequences
[12:55:30] Not using genus-specific database. Try --usegenus to enable it.
[12:55:30] Annotating CDS, please be patient.
[12:55:30] Will use 2 CPUs for similarity searching.
[12:55:30] Found 0 unique /gene codes.
[12:55:30] Fixed 0 colliding /gene names.
[12:55:30] Adding /locus_tag identifiers
[12:55:30] Assigned 0 locus_tags to CDS and RNA features.
[12:55:30] Writing outputs to /home/bacte/bacillus_amr/08_genomic_context/prokka/L041_GCF_036963245.1_mphM/
[12:55:30] Generating annotation statistics file
[12:55:30] Generating Genbank and Sequin files
[12:55:30] Running: tbl2asn -V b -a r10k -l paired-ends -M n -N 1 -y 'Annotated using prokka 1.15.6 from https://github.com/tseemann/prokka' -Z \/home\/bacte\/bacillus_amr\/08_genomic_context\/prokka\/L041_GCF_036963245\.1_mphM\/L041_GCF_036963245\.1_mphM\.err -i \/home\/bacte\/bacillus_amr\/08_genomic_context\/prokka\/L041_GCF_036963245\.1_mphM\/L041_GCF_036963245\.1_mphM\.fsa 2> /dev/null
[tbl2asn-forever] Found Prokka input, correcting dates in .gbf|.sqn files.
[tbl2asn-forever] Correcting dates in /home/bacte/bacillus_amr/08_genomic_context/prokka/L041_GCF_036963245.1_mphM/L041_GCF_036963245.1_mphM.gbf
[tbl2asn-forever] Correcting dates in /home/bacte/bacillus_amr/08_genomic_context/prokka/L041_GCF_036963245.1_mphM/L041_GCF_036963245.1_mphM.sqn
[tbl2asn-forever] Dates changed from 01-JAN-2019 to 06-OCT-2026
[12:55:30] Deleting unwanted file: /home/bacte/bacillus_amr/08_genomic_context/prokka/L041_GCF_036963245.1_mphM/errorsummary.val
[12:55:30] Deleting unwanted file: /home/bacte/bacillus_amr/08_genomic_context/prokka/L041_GCF_036963245.1_mphM/L041_GCF_036963245.1_mphM.dr
[12:55:30] Deleting unwanted file: /home/bacte/bacillus_amr/08_genomic_context/prokka/L041_GCF_036963245.1_mphM/L041_GCF_036963245.1_mphM.fixedproducts
[12:55:30] Deleting unwanted file: /home/bacte/bacillus_amr/08_genomic_context/prokka/L041_GCF_036963245.1_mphM/L041_GCF_036963245.1_mphM.ecn
[12:55:30] Deleting unwanted file: /home/bacte/bacillus_amr/08_genomic_context/prokka/L041_GCF_036963245.1_mphM/L041_GCF_036963245.1_mphM.val
[12:55:30] Repairing broken .GBK output that tbl2asn produces...
[12:55:30] Running: sed 's/COORDINATES: profile/COORDINATES:profile/' < \/home\/bacte\/bacillus_amr\/08_genomic_context\/prokka\/L041_GCF_036963245\.1_mphM\/L041_GCF_036963245\.1_mphM\.gbf > \/home\/bacte\/bacillus_amr\/08_genomic_context\/prokka\/L041_GCF_036963245\.1_mphM\/L041_GCF_036963245\.1_mphM\.gbk
[12:55:30] Deleting unwanted file: /home/bacte/bacillus_amr/08_genomic_context/prokka/L041_GCF_036963245.1_mphM/L041_GCF_036963245.1_mphM.gbf
[12:55:30] Output files:
[12:55:30] /home/bacte/bacillus_amr/08_genomic_context/prokka/L041_GCF_036963245.1_mphM/L041_GCF_036963245.1_mphM.log
[12:55:30] /home/bacte/bacillus_amr/08_genomic_context/prokka/L041_GCF_036963245.1_mphM/L041_GCF_036963245.1_mphM.ffn
[12:55:30] /home/bacte/bacillus_amr/08_genomic_context/prokka/L041_GCF_036963245.1_mphM/L041_GCF_036963245.1_mphM.err
[12:55:30] /home/bacte/bacillus_amr/08_genomic_context/prokka/L041_GCF_036963245.1_mphM/L041_GCF_036963245.1_mphM.HAMAP.hmm.tmp.14138.faa
[12:55:30] /home/bacte/bacillus_amr/08_genomic_context/prokka/L041_GCF_036963245.1_mphM/L041_GCF_036963245.1_mphM.sprot.tmp.14138.faa
[12:55:30] /home/bacte/bacillus_amr/08_genomic_context/prokka/L041_GCF_036963245.1_mphM/L041_GCF_036963245.1_mphM.AMR.tmp.14138.faa
[12:55:30] /home/bacte/bacillus_amr/08_genomic_context/prokka/L041_GCF_036963245.1_mphM/L041_GCF_036963245.1_mphM.txt
[12:55:30] /home/bacte/bacillus_amr/08_genomic_context/prokka/L041_GCF_036963245.1_mphM/L041_GCF_036963245.1_mphM.tbl
[12:55:30] /home/bacte/bacillus_amr/08_genomic_context/prokka/L041_GCF_036963245.1_mphM/L041_GCF_036963245.1_mphM.faa
[12:55:30] /home/bacte/bacillus_amr/08_genomic_context/prokka/L041_GCF_036963245.1_mphM/L041_GCF_036963245.1_mphM.gbk
[12:55:30] /home/bacte/bacillus_amr/08_genomic_context/prokka/L041_GCF_036963245.1_mphM/L041_GCF_036963245.1_mphM.tsv
[12:55:30] /home/bacte/bacillus_amr/08_genomic_context/prokka/L041_GCF_036963245.1_mphM/L041_GCF_036963245.1_mphM.fsa
[12:55:30] /home/bacte/bacillus_amr/08_genomic_context/prokka/L041_GCF_036963245.1_mphM/L041_GCF_036963245.1_mphM.sqn
[12:55:30] /home/bacte/bacillus_amr/08_genomic_context/prokka/L041_GCF_036963245.1_mphM/L041_GCF_036963245.1_mphM.fna
[12:55:30] /home/bacte/bacillus_amr/08_genomic_context/prokka/L041_GCF_036963245.1_mphM/L041_GCF_036963245.1_mphM.gff
[12:55:30] /home/bacte/bacillus_amr/08_genomic_context/prokka/L041_GCF_036963245.1_mphM/L041_GCF_036963245.1_mphM.IS.tmp.14138.faa
[12:55:30] Annotation finished successfully.
[12:55:30] Walltime used: 0.02 minutes
[12:55:30] If you use this result please cite the Prokka paper:
[12:55:30] Seemann T (2014) Prokka: rapid prokaryotic genome annotation. Bioinformatics. 30(14):2068-9.
[12:55:30] Type 'prokka --citation' for more details.
[12:55:30] Share and enjoy!

Completed GFF files: 41
Completed FAA files: 109
Completed TSV files: 41
STEP 17 COMPLETE
