Assembly Accession	Organism Name	Organism Taxonomic ID	Organism Infraspecific Names Strain	Assembly Level	Assembly Refseq Category	Assembly Release Date	Assembly Submitter	Assembly BioProject Accession	Assembly BioSample Accession	Assembly BioSample Strain	Assembly BioSample Host	Assembly BioSample Isolation source	Assembly BioSample Geographic location	Assembly BioSample Collection date	Assembly BioSample Description Title	Assembly BioSample Description Comment	plant_match_host	plant_match_source	plant_match_title	plant_match_comment	plant_match_count	plant_candidate	plant_evidence_fields	direct_match_host	direct_match_source	direct_match_title	direct_match_comment	direct_match_count	direct_evidence_fields	direct_plant_evidence	plant_final_decision	plant_final_reason	plant_final_evidence
GCF_011751575.1	Bacillus albus	2026189	B-9	Scaffold		2020-03-25	Huazhong Agricultural University	PRJNA597261	SAMN13864946	B-9		Soybean rhizosphere soil	China:hebei	2018-10-12	Microbe sample from Bacillus albus		False	True	False	False	1	True	source	False	True	False	False	1	source	True	INCLUDE	Isolation source explicitly indicates direct plant association or plant biological material.	isolation_source
GCF_011751595.1	Bacillus albus	2026189	B-13	Scaffold		2020-03-25	Huazhong Agricultural University	PRJNA597262	SAMN13865276	B-13		Soybean rhizosphere soil	China:hebei	2018-10-12	Microbe sample from Bacillus albus		False	True	False	False	1	True	source	False	True	False	False	1	source	True	INCLUDE	Isolation source explicitly indicates direct plant association or plant biological material.	isolation_source
GCF_044626275.1	Bacillus albus	2026189	T08	Contig		2024-11-06	Anhui agricultural university	PRJNA1095729	SAMN40733424	T08		tea leaves	China:Anhui	2022-10	Microbe sample from Bacillus albus		False	True	False	False	1	True	source	False	True	False	False	1	source	True	INCLUDE	Isolation source explicitly indicates direct plant association or plant biological material.	isolation_source
GCF_001029865.1	Bacillus altitudinis	293387	RIT380	Contig		2015-06-19	Rochester Institute of Technology	PRJNA285407	SAMN03753582	RIT380	Chamaecostus cuspidatus	internal stem tissue	Puerto Rico	2015-01	Microbe sample from Bacillus altitudinis		False	True	False	False	1	True	source	False	True	False	False	1	source	True	INCLUDE	Isolation source explicitly indicates direct plant association or plant biological material.	isolation_source
GCF_002741745.1	Bacillus altitudinis	293387	P-10	Complete Genome		2017-11-02	Korea Research Institute of Bioscience and Biotechnology (KRIBB)	PRJNA414941	SAMN07811392	P-10		rhizosphere of rice from organic rice farming	Indonesia: Central Java, Semarang, Banyubiru	2014-02	Microbe sample from Bacillus altitudinis P-10	Bacillus altitudinis P-10, isolated from rhizosphere of rice in organic rice farming (Indonesia), displays direct antagonism against Xanthomonas oryzae pv. oryzae.	False	True	False	True	2	True	source;comment	False	True	False	True	2	source;comment	True	INCLUDE	Isolation source explicitly indicates direct plant association or plant biological material.	isolation_source
GCF_003064485.1	Bacillus altitudinis	293387	Lc5	Contig		2018-04-23	Momota Potshangbam's shared submissions	PRJNA447928	SAMN08813168	Lc5	Black rice	leaf	India:Manipur	2014-11-25	Microbe sample from Black rice	Endophyte bacteria from healthy black rice.	True	True	True	True	4	True	host;source;title;comment	False	True	False	True	2	source;comment	True	INCLUDE	Isolation source explicitly indicates direct plant association or plant biological material.	isolation_source
GCF_003160715.1	Bacillus altitudinis	293387	lc5	Contig		2018-05-24	Momota Potshangbam's shared submissions	PRJNA416429	SAMN08010940	lc5	Black rice	leaf	India:Imphal west district	2015-10-26	Bacillus altitudinis from Black rice	Endophytes isolated from different tissue sections of healthy black rice for studying PGPR, disease control mechanisms and increase yield.	True	True	True	True	4	True	host;source;title;comment	False	True	False	True	2	source;comment	True	INCLUDE	Isolation source explicitly indicates direct plant association or plant biological material.	isolation_source
GCF_004563755.2	Bacillus altitudinis	293387	CHB19	Complete Genome		2019-09-12	Malaysian Agricultural Research And Development Institute	PRJNA518753	SAMN10857349	CHB19	Solanum lycopersicum	rhizosphere soil	Malaysia: Cameron Highlan	2013-04	Microbe sample from Bacillus altitudinis		False	True	False	False	1	True	source	False	True	False	False	1	source	True	INCLUDE	Isolation source explicitly indicates direct plant association or plant biological material.	isolation_source
GCF_005849435.1	Bacillus altitudinis	293387	GQYP101	Complete Genome		2019-05-27	Shandong Agricultural University	PRJNA540408	SAMN11534966	GQYP101		Lycium barbarum rhizosphere soil	China:Ningxia Hui Autonomous Region	2015-11-01	Microbe sample from Bacillus pumilus GQYP101		False	True	False	False	1	True	source	False	True	False	False	1	source	True	INCLUDE	Isolation source explicitly indicates direct plant association or plant biological material.	isolation_source
GCF_013391605.1	Bacillus altitudinis	293387	19RS3	Scaffold		2020-07-08	INBIOMIS	PRJNA640432	SAMN15318238	19RS3	Ilex paraguariensis	roots	Argentina: Misiones	2014	Microbe sample from Bacillus altitudinis		False	True	False	False	1	True	source	False	True	False	False	1	source	True	INCLUDE	Isolation source explicitly indicates direct plant association or plant biological material.	isolation_source
GCF_013391615.1	Bacillus altitudinis	293387	T5S-T4	Scaffold		2020-07-08	INBIOMIS	PRJNA640432	SAMN15320438	T5S-T4	Ilex paraguariensis	roots	Argentina: Misiones	2013	Microbe sample from Bacillus altitudinis		False	True	False	False	1	True	source	False	True	False	False	1	source	True	INCLUDE	Isolation source explicitly indicates direct plant association or plant biological material.	isolation_source
GCF_015160895.1	Bacillus altitudinis	293387	BIM B-263	Complete Genome		2020-11-01	Institute of Microbiology, National Academy of Sciences of Belarus	PRJNA670367	SAMN16494637	BIM B-263		grapevine phylloplane	Belarus: Minsk Region	1998	Bacillus pumilus strain BIM B-263	Bacillus pumilus BIM B-263 is a basis of biopesticide Enatin.	False	True	False	False	1	True	source	False	True	False	False	1	source	True	INCLUDE	Isolation source explicitly indicates direct plant association or plant biological material.	isolation_source
GCF_015689015.1	Bacillus altitudinis	293387	Ba1449	Complete Genome		2020-11-25	Gannan Normal University	PRJNA679141	SAMN16824743	Ba1449	Citrus reticulata	rhizosphere	China	2019-07-14	Microbe sample from Bacillus altitudinis		True	True	False	False	2	True	host;source	False	True	False	False	1	source	True	INCLUDE	Isolation source explicitly indicates direct plant association or plant biological material.	isolation_source
GCF_019164215.1	Bacillus altitudinis	293387	LZP 02	Complete Genome		2021-07-07	Qiqihar University	PRJNA728205	SAMN19072201	LZP 02	missing	rice rhizosphere soil	China: Heilongjiang Province	2016-09-01	Microbe sample from bacterium		False	True	False	False	1	True	source	False	True	False	False	1	source	True	INCLUDE	Isolation source explicitly indicates direct plant association or plant biological material.	isolation_source
GCF_022803025.1	Bacillus altitudinis	293387	63	Contig		2022-04-01	University of Tuebingen	PRJNA701756	SAMN17910427	63	Arabodopsis thaliana	leaf	Germany:Tuebingen	2018-11	Bacillus altitudinis 63		False	True	False	False	1	True	source	False	True	False	False	1	source	True	INCLUDE	Isolation source explicitly indicates direct plant association or plant biological material.	isolation_source
GCF_022819205.1	Bacillus altitudinis	293387	UKM RB11	Chromosome		2022-04-06	Universiti Kebangsaan Malaysia	PRJNA821328	SAMN27065537	UKM RB11		paddy rhizosphere	Malaysia	2018-02	Microbe sample from Bacillus altitudinis		False	True	False	False	1	True	source	False	True	False	False	1	source	True	INCLUDE	Isolation source explicitly indicates direct plant association or plant biological material.	isolation_source
GCF_028821655.1	Bacillus altitudinis	293387	CNPSo 3703	Contig		2023-02-23	Empresa Brasileira de Pesquisa Agropecuaria	PRJNA933527	SAMN33271202	CNPSo 3703	Oryza sativa	stem	Brazil: Rio Grande do Sul	2003	Microbe sample from Bacillus altitudinis		False	True	False	False	1	True	source	False	True	False	False	1	source	True	INCLUDE	Isolation source explicitly indicates direct plant association or plant biological material.	isolation_source
GCF_030166595.1	Bacillus altitudinis	293387	KRS010	Complete Genome		2023-06-05	Chinese Academy of Agricultural Sciences, Institute of Plant Protection	PRJNA970053	SAMN34993435	KRS010	Gossypium hirsutum	"seed of Verticillium wilt-resistant Gossypium hirsutum cultivar ""Zhongzhimian No. 2"""	China:Beijing	2022-01-01	MIGS Cultured Bacterial/Archaeal sample from Bacillus altitudinis	Keywords: GSC:MIxS;MIGS:6.0	False	True	False	False	1	True	source	False	True	False	False	1	source	True	INCLUDE	Isolation source explicitly indicates direct plant association or plant biological material.	isolation_source
GCF_035807355.1	Bacillus altitudinis	293387	B-59847	Scaffold		2024-01-18	USDA-ARS-NCAUR	PRJNA802201	SAMN33940699	B-59847		Zea mays - seed	USA	2012-11-08	Microbe sample from Bacillus altitudinis		False	True	False	False	1	True	source	False	True	False	False	1	source	True	INCLUDE	Isolation source explicitly indicates direct plant association or plant biological material.	isolation_source
GCF_036348295.1	Bacillus altitudinis	293387	B18	Contig		2024-02-03	The laboratory of genetics and plant breeding, The National institute of Agronomy of Tunis	PRJNA1011052	SAMN37252655	B18	Nicotana glauca	roots	Tunisia: Mednine	2016-11-25	Microbe sample from Bacillus altitudinis		False	True	False	False	1	True	source	False	True	False	False	1	source	True	INCLUDE	Isolation source explicitly indicates direct plant association or plant biological material.	isolation_source
GCF_036348315.1	Bacillus altitudinis	293387	B16	Contig		2024-02-03	The laboratory of genetics and plant breeding, The National institute of Agronomy of Tunis	PRJNA1011052	SAMN37230675	B16	Tetraena alba	roots	Tunisia: Mednine	2016-11-25	Microbe sample from Bacillus altitudinis		False	True	False	False	1	True	source	False	True	False	False	1	source	True	INCLUDE	Isolation source explicitly indicates direct plant association or plant biological material.	isolation_source
GCF_036348375.1	Bacillus altitudinis	293387	B26	Contig		2024-02-03	The laboratory of genetics and plant breeding, The National institute of Agronomy of Tunis	PRJNA1011052	SAMN37919957	B26	Tetraena alba	roots	Tunisia: Mednine	2016-11-25	Microbe sample from Bacillus altitudinis		False	True	False	False	1	True	source	False	True	False	False	1	source	True	INCLUDE	Isolation source explicitly indicates direct plant association or plant biological material.	isolation_source
GCF_036351855.1	Bacillus altitudinis	293387	B1	Contig		2024-02-03	The laboratory of genetics and plant breeding, The National institute of Agronomy of Tunis	PRJNA1011052	SAMN37911287	B1	Tetraena alba	leaves	Tunisia: Mednine	2016-11-25	Microbe sample from Bacillus altitudinis		False	True	False	False	1	True	source	False	True	False	False	1	source	True	INCLUDE	Isolation source explicitly indicates direct plant association or plant biological material.	isolation_source
GCF_036351915.1	Bacillus altitudinis	293387	B19	Contig		2024-02-03	The laboratory of genetics and plant breeding, The National institute of Agronomy of Tunis	PRJNA1011052	SAMN38029050	B19	Tetraena alba	roots	Tunisia: Mednine	2016-11-25	Microbe sample from Bacillus altitudinis		False	True	False	False	1	True	source	False	True	False	False	1	source	True	INCLUDE	Isolation source explicitly indicates direct plant association or plant biological material.	isolation_source
GCF_036962605.1	Bacillus altitudinis	293387	JJ1589	Scaffold		2024-03-02	Auburn University	PRJNA1078443	SAMN40001872	JJ1589	soybean	rhizoplane	USA: Ohio	2014	Microbe sample from Bacillus altitudinis		True	True	False	False	2	True	host;source	False	True	False	False	1	source	True	INCLUDE	Isolation source explicitly indicates direct plant association or plant biological material.	isolation_source
GCF_036962825.1	Bacillus altitudinis	293387	JJ988	Contig		2024-03-02	Auburn University	PRJNA1078443	SAMN40001978	JJ988	soybean	emissingophyte	USA: Wisconsin	2014	Microbe sample from Bacillus altitudinis		True	False	False	False	1	True	host	False	False	False	False	0		False	INCLUDE	Documented project-level plant association: Project-associated publication identifies the strain collection as PGPR; plant hosts include corn and soybean. Inclusion is based on documented plant association of the collection, not on interpreting the malformed isolation-source term itself.	documented_project
GCF_036963585.1	Bacillus altitudinis	293387	JJ935	Scaffold		2024-03-02	Auburn University	PRJNA1078443	SAMN40001965	JJ935	soybean	emissingophyte	USA: Wisconsin	2014	Microbe sample from Bacillus altitudinis		True	False	False	False	1	True	host	False	False	False	False	0		False	INCLUDE	Documented project-level plant association: Project-associated publication identifies the strain collection as PGPR; plant hosts include corn and soybean. Inclusion is based on documented plant association of the collection, not on interpreting the malformed isolation-source term itself.	documented_project
GCF_036965705.1	Bacillus altitudinis	293387	JJ1183	Scaffold		2024-03-02	Auburn University	PRJNA1078443	SAMN40001816	JJ1183	soybean	rhizoplane	USA: Illinois	2014	Microbe sample from Bacillus altitudinis		True	True	False	False	2	True	host;source	False	True	False	False	1	source	True	INCLUDE	Isolation source explicitly indicates direct plant association or plant biological material.	isolation_source
GCF_036965725.1	Bacillus altitudinis	293387	JJ1174	Scaffold		2024-03-02	Auburn University	PRJNA1078443	SAMN40001815	JJ1174	soybean	rhizoplane	USA: Illinois	2014	Microbe sample from Bacillus altitudinis		True	True	False	False	2	True	host;source	False	True	False	False	1	source	True	INCLUDE	Isolation source explicitly indicates direct plant association or plant biological material.	isolation_source
GCF_036966305.1	Bacillus altitudinis	293387	JJ399	Scaffold		2024-03-02	Auburn University	PRJNA1078443	SAMN40001777	JJ399	soybean	rhizoplane	USA: Nebraska	2014	Microbe sample from Bacillus altitudinis		True	True	False	False	2	True	host;source	False	True	False	False	1	source	True	INCLUDE	Isolation source explicitly indicates direct plant association or plant biological material.	isolation_source
GCF_036966705.1	Bacillus altitudinis	293387	JJ1255	Scaffold		2024-03-02	Auburn University	PRJNA1078443	SAMN40001721	JJ1255	soybean	emissingophyte	USA: Illinois	2014	Microbe sample from Bacillus altitudinis		True	False	False	False	1	True	host	False	False	False	False	0		False	INCLUDE	Documented project-level plant association: Project-associated publication identifies the strain collection as PGPR; plant hosts include corn and soybean. Inclusion is based on documented plant association of the collection, not on interpreting the malformed isolation-source term itself.	documented_project
GCF_036966905.1	Bacillus altitudinis	293387	JJ523	Scaffold		2024-03-02	Auburn University	PRJNA1078443	SAMN40001740	JJ523	corn	rhizoplane	USA: Iowa	2014	Microbe sample from Bacillus altitudinis		True	True	False	False	2	True	host;source	False	True	False	False	1	source	True	INCLUDE	Isolation source explicitly indicates direct plant association or plant biological material.	isolation_source
GCF_036966965.1	Bacillus altitudinis	293387	JJ271	Scaffold		2024-03-02	Auburn University	PRJNA1078443	SAMN40001734	JJ271	corn	rhizoplane	USA: Nebraska	2014	Microbe sample from Bacillus altitudinis		True	True	False	False	2	True	host;source	False	True	False	False	1	source	True	INCLUDE	Isolation source explicitly indicates direct plant association or plant biological material.	isolation_source
GCF_037094765.1	Bacillus altitudinis	293387	JJ61	Complete Genome		2024-03-10	Auburn University	PRJNA1078443	SAMN40001743	JJ61	corn	emissingophyte	USA: Nebraska	2014	Microbe sample from Bacillus altitudinis		True	False	False	False	1	True	host	False	False	False	False	0		False	INCLUDE	Documented project-level plant association: Project-associated publication identifies the strain collection as PGPR; plant hosts include corn and soybean. Inclusion is based on documented plant association of the collection, not on interpreting the malformed isolation-source term itself.	documented_project
GCF_037094775.1	Bacillus altitudinis	293387	JJ1138	Complete Genome		2024-03-10	Auburn University	PRJNA1078443	SAMN40001714	JJ1138	soybean	rhizoplane	USA: Illinois	2014	Microbe sample from Bacillus altitudinis		True	True	False	False	2	True	host;source	False	True	False	False	1	source	True	INCLUDE	Isolation source explicitly indicates direct plant association or plant biological material.	isolation_source
GCF_039671235.1	Bacillus altitudinis	293387	TN5S8	Complete Genome		2024-05-18	National Taiwan University	PRJNA1105221	SAMN41098486	TN5S8	Glycine max	seed	Taiwan: Taipei	2023-01-30	Microbe sample from Bacillus altitudinis		False	True	False	False	1	True	source	False	True	False	False	1	source	True	INCLUDE	Isolation source explicitly indicates direct plant association or plant biological material.	isolation_source
GCF_040492265.1	Bacillus altitudinis	293387	JJ952	Contig		2024-07-03	Auburn University	PRJNA1078443	SAMN40001972	JJ952	soybean	emissingophyte	USA: Wisconsin	2014	Microbe sample from Bacillus altitudinis		True	False	False	False	1	True	host	False	False	False	False	0		False	INCLUDE	Documented project-level plant association: Project-associated publication identifies the strain collection as PGPR; plant hosts include corn and soybean. Inclusion is based on documented plant association of the collection, not on interpreting the malformed isolation-source term itself.	documented_project
GCF_040492555.1	Bacillus altitudinis	293387	JJ1241	Contig		2024-07-03	Auburn University	PRJNA1078443	SAMN40001828	JJ1241	soybean	emissingophyte	USA: Illinois	2014	Microbe sample from Bacillus altitudinis		True	False	False	False	1	True	host	False	False	False	False	0		False	INCLUDE	Documented project-level plant association: Project-associated publication identifies the strain collection as PGPR; plant hosts include corn and soybean. Inclusion is based on documented plant association of the collection, not on interpreting the malformed isolation-source term itself.	documented_project
GCF_040492615.1	Bacillus altitudinis	293387	JJ1163	Contig		2024-07-03	Auburn University	PRJNA1078443	SAMN40001814	JJ1163	soybean	rhizoplane	USA: Illinois	2014	Microbe sample from Bacillus altitudinis		True	True	False	False	2	True	host;source	False	True	False	False	1	source	True	INCLUDE	Isolation source explicitly indicates direct plant association or plant biological material.	isolation_source
GCF_045924905.1	Bacillus altitudinis	293387	BC255T1	Complete Genome		2024-12-10	Beijing Academy of Agriculture and Forestry Sciences	PRJNA1141755	SAMN42902818	BC255T1	corn	leaf	China:BeiJing	2023-05-20	Microbe sample from Bacillus altitudinis		True	True	False	False	2	True	host;source	False	True	False	False	1	source	True	INCLUDE	Isolation source explicitly indicates direct plant association or plant biological material.	isolation_source
GCF_047444915.1	Bacillus altitudinis	293387	MSH-24	Contig		2025-02-04	Chattogram Veterinary and Animal Sciences University (CVASU)	PRJNA1207607	SAMN46137717	MSH-24		rhizospheric soil of Nypa fruticans in mangrove forest	Bangladesh	2023-11-25	Microbe sample from Bacillus altitudinis		False	True	False	False	1	True	source	False	True	False	False	1	source	True	INCLUDE	Isolation source explicitly indicates direct plant association or plant biological material.	isolation_source
GCF_049949115.1	Bacillus altitudinis	293387	CGMCC 34072	Complete Genome		2025-04-28	Qilu University of Technology, Shandong Academy of Sciences	PRJNA1253369	SAMN48073765	CGMCC 34072		root system of maize	China:Shandong	2017-04-12	Microbe sample from Bacillus altitudinis		False	True	False	False	1	True	source	False	True	False	False	1	source	True	INCLUDE	Isolation source explicitly indicates direct plant association or plant biological material.	isolation_source
GCF_050858825.1	Bacillus altitudinis	293387	AZA	Complete Genome		2025-06-09	The Independent Schools Foundation Academy	PRJNA1270846	SAMN48842808	AZA	Raphanus raphanistrum subsp. sativus	surface-sterilised seeds	Hong Kong: Pokfulam	2023-04-14	Microbe sample from Bacillus altitudinis		False	True	False	False	1	True	source	False	True	False	False	1	source	True	INCLUDE	Isolation source explicitly indicates direct plant association or plant biological material.	isolation_source
GCF_054461375.1	Bacillus altitudinis	293387	WR7	Complete Genome		2026-01-12	Chinese Academy of Tropical Agricultural Sciences	PRJNA1397138	SAMN54412750	WR7	Rubber tree	leaves	China:Sanya	2025-09-21	Microbe sample from Bacillus altitudinis		False	True	False	False	1	True	source	False	True	False	False	1	source	True	INCLUDE	Isolation source explicitly indicates direct plant association or plant biological material.	isolation_source
GCF_054552595.1	Bacillus altitudinis	293387	BaGV	Complete Genome		2026-01-19	Bangabandhu Sheikh Mujibur Rahman Agricultural University (BSMRAU)	PRJNA1055760	SAMN54560988	BaGV	Triticum aestivum	Seed of Wheat GR-119	Bangladesh: Gazipur	2024-07-19	Microbe sample from Bacillus altitudinis		False	True	False	False	1	True	source	False	True	False	False	1	source	True	INCLUDE	Isolation source explicitly indicates direct plant association or plant biological material.	isolation_source
GCF_059379545.1	Bacillus altitudinis	293387	YNDS1	Complete Genome		2026-07-14	Yunnan Agricultural University	PRJNA1483760	SAMN61190251	YNDS1	rice	Inside the rice roots	China:Honghe Hani and Yi Autonomous Prefecture, Yunnan Province	2021-08-19	Microbe sample from Bacillus altitudinis		True	True	False	False	2	True	host;source	False	True	False	False	1	source	True	INCLUDE	Isolation source explicitly indicates direct plant association or plant biological material.	isolation_source
GCF_059814325.1	Bacillus altitudinis	293387	MHES2	Scaffold		2026-08-04	Gazipur Agricultural University	PRJNA1496967	SAMN61763170	MHES2	Ocimum basilicum	rhizosphere	Bangladesh: Patuakhali	2024-12-18	Microbe sample from Bacillus altitudinis		False	True	False	False	1	True	source	False	True	False	False	1	source	True	INCLUDE	Isolation source explicitly indicates direct plant association or plant biological material.	isolation_source
GCF_061231135.1	Bacillus altitudinis	293387	IBGEBa-25GV	Complete Genome		2026-09-15	Bangabandhu Sheikh Mujibur Rahman Agricultural University (BSMRAU)	PRJNA1055760	SAMN54175812	IBGEBa-25GV	Triticum aestivum	Seed of Wheat GR-119	Bangladesh: Gazipur	2024-07-19	Microbe sample from Bacillus altitudinis		False	True	False	False	1	True	source	False	True	False	False	1	source	True	INCLUDE	Isolation source explicitly indicates direct plant association or plant biological material.	isolation_source
GCF_979925135.1	Bacillus altitudinis	293387		Complete Genome		2026-02-16	University of Crete, Department of Biology	PRJEB93985	SAMEA118781422		Cakile maritima		Greece	2018-07-10	Microbe isolated from the leaves of Cakile maritima	Data associated with the SRL571 endophytic microbial isolate from leaf extracts Cakile maritima	False	False	True	True	2	True	title;comment	False	False	True	True	2	title;comment	True	INCLUDE	Isolation source is unavailable, but other BioSample metadata explicitly indicates direct plant association or plant biological material.	other_explicit_metadata
GCF_986269535.1	Bacillus altitudinis 41KF2b	1178544		Contig		2026-09-05	School of The Environment, The University of Queensland	PRJEB115327	SAMEA122935495				Australia	not applicable	Representative banana core isolate iCore35.4_Bacillus (Core OTU 35)	Representative cultured bacterial isolate corresponding to banana core OTU 35 recovered from Musa spp. roots collected in Queensland, Australia.	False	False	True	True	2	True	title;comment	False	False	False	True	1	comment	True	INCLUDE	Isolation source is unavailable, but other BioSample metadata explicitly indicates direct plant association or plant biological material.	other_explicit_metadata
GCF_000817575.1	Bacillus amyloliquefaciens	1390	TF28	Scaffold		2015-01-21	Institute of microbiology, heilongjiang academy sciences	PRJNA268537	SAMN03223812	TF28	Glycine max	soybean root	China: Heilongjiang	2006-06-10	Microbe sample from Bacillus amyloliquefaciens		False	True	False	False	1	True	source	False	True	False	False	1	source	True	INCLUDE	Isolation source explicitly indicates direct plant association or plant biological material.	isolation_source
GCF_001278635.1	Bacillus amyloliquefaciens	1390	BS006	Contig		2015-09-03	NIH	PRJNA236098	SAMN03983769	BS006	Physalis peruviana	roots	Colombia: Boyaca	2010	Microbe sample from Bacillus amyloliquefaciens	PGPR, Musa acuminata roots	False	True	False	True	2	True	source;comment	False	True	False	True	2	source;comment	True	INCLUDE	Isolation source explicitly indicates direct plant association or plant biological material.	isolation_source
GCF_001431285.1	Bacillus amyloliquefaciens	1390	RHNK22	Scaffold		2015-11-04	OSMANIA UNIVERISTY	PRJNA293779	SAMN04009787	RHNK22		rhizosphere	India: Telangana State	not applicable	Microbe sample from Bacillus amyloliquefaciens	Bacillus amyloliquefaciens RHNK22, isolated from groundnut rhizosphere showed significant biosurfactant activity and reduction of surface tension. Biosurfactants were identified as lipopeptides (Surfactin, iturin and fengycin) by molecular and biochemical analysis and B. amyloliquefaciens RHNK22 had potential antifungal activity	False	True	False	True	2	True	source;comment	False	True	False	True	2	source;comment	True	INCLUDE	Isolation source explicitly indicates direct plant association or plant biological material.	isolation_source
GCF_001617995.1	Bacillus amyloliquefaciens	1390	H57	Contig		2016-04-08	University of Queensland	PRJNA300579	SAMN04226371	H57	lucerne	lucerne leaf	Australia: Gatton, QLD	missing	Bacillus amyloliquefaciens H57		False	True	False	False	1	True	source	False	True	False	False	1	source	True	INCLUDE	Isolation source explicitly indicates direct plant association or plant biological material.	isolation_source
GCF_001866745.1	Bacillus amyloliquefaciens	1390	K2	Contig		2016-11-04	Kasetsart university	PRJNA349099	SAMN05920291	K2		rhizophere soil of mangrove	Thailand: Bankajao, Samut Prakan	2015-11-02	Microbe sample from Bacillus amyloliquefaciens strain K2		False	True	False	False	1	True	source	False	True	False	False	1	source	True	INCLUDE	Isolation source explicitly indicates direct plant association or plant biological material.	isolation_source
GCF_001874385.1	Bacillus amyloliquefaciens	1390	Y14	Complete Genome		2016-11-10	Shandong Agricultural University	PRJNA352297	SAMN05969227	Y14		rhizosphere of peanut	China: Linyi, Shandong	2013-05-01	Bacillus amyloliquefaciens Y14		False	True	False	False	1	True	source	False	True	False	False	1	source	True	INCLUDE	Isolation source explicitly indicates direct plant association or plant biological material.	isolation_source
GCF_003868675.1	Bacillus amyloliquefaciens	1390	YP6	Complete Genome		2018-12-06	Jiangnan University	PRJNA488691	SAMN09939790	YP6		rhizosphere of Lolium perenne L. on a rock phosphorus mine	China: Guizhou	missing	Microbe sample from Bacillus amyloliquefaciens	unpubulished	False	True	False	False	1	True	source	False	True	False	False	1	source	True	INCLUDE	Isolation source explicitly indicates direct plant association or plant biological material.	isolation_source
GCF_004804245.1	Bacillus amyloliquefaciens	1390	19742-1	Contig		2019-04-19	Chinese Academy of Agricultural Sciences (CAAS)	PRJNA532320	SAMN11394168	19742-1	Oryza sativa	seed	China	2018-05-22	Microbe sample from Bacillus amyloliquefaciens		False	True	False	False	1	True	source	False	True	False	False	1	source	True	INCLUDE	Isolation source explicitly indicates direct plant association or plant biological material.	isolation_source
GCF_011754125.1	Bacillus amyloliquefaciens	1390	CB	Contig		2020-03-25	Navsari Agricultural University	PRJNA592051	SAMN13405460	CB		rhizosphere soil	India: Coimbatore	2014-01	Microbe sample from Bacillus amyloliquefaciens		False	True	False	False	1	True	source	False	True	False	False	1	source	True	INCLUDE	Isolation source explicitly indicates direct plant association or plant biological material.	isolation_source
GCF_017824715.1	Bacillus amyloliquefaciens	1390	CBMAI 1301	Scaffold		2021-04-07	Agrivalle Brasil Industria e Comercio de Produtos Agricolas Ltda	PRJNA706998	SAMN18153428	CBMAI 1301	soybean	seeds	Brazil	2019	Microbe sample from Bacillus amyloliquefaciens CBMAI 1301	B. amyloliquefaciens strain CBMAI 1301, isolated from soybean seeds	True	True	False	True	3	True	host;source;comment	False	True	False	True	2	source;comment	True	INCLUDE	Isolation source explicitly indicates direct plant association or plant biological material.	isolation_source
GCF_020179775.1	Bacillus amyloliquefaciens	1390	SN_Endo51	Scaffold		2021-09-29	Bose Institute	PRJNA759762	SAMN21194825	SN_Endo51	Suaeda monoica	Endophyte	India: West Bengal	2019-01-20	Microbe sample from Bacillus amyloliquefaciens		False	True	False	False	1	True	source	False	True	False	False	1	source	True	INCLUDE	Isolation source explicitly indicates direct plant association or plant biological material.	isolation_source
GCF_023115375.1	Bacillus amyloliquefaciens	1390	GL18	Complete Genome		2022-04-26	Qinghai University	PRJNA828015	SAMN27628424	GL18	Carex myosuroides	rhizosphere soil	China: Nianbaoyuze Alpine meadow in Guoluo Prefecture, Qinghai	2022-04-10	Microbe sample from Bacillus amyloliquefaciens		False	True	False	False	1	True	source	False	True	False	False	1	source	True	INCLUDE	Isolation source explicitly indicates direct plant association or plant biological material.	isolation_source
GCF_030284565.1	Bacillus amyloliquefaciens	1390	N2B2	Chromosome		2023-06-17	University of the Philippines Diliman	PRJNA980603	SAMN35639453	N2B2		Narra tree leaf	Philippines	2019-06	Microbe sample from Bacillus amyloliquefaciens		False	True	False	False	1	True	source	False	True	False	False	1	source	True	INCLUDE	Isolation source explicitly indicates direct plant association or plant biological material.	isolation_source
GCF_032918205.1	Bacillus amyloliquefaciens	1390	CHAG-1D	Chromosome		2023-10-22	BIOPHYT	PRJNA1026150	SAMN37756264	CHAG-1D		Root rhizosphere	Trinidad and Tobago: Chaguanas	2014-02-21	Microbe sample from Bacillus amyloliquefaciens		False	True	False	False	1	True	source	False	True	False	False	1	source	True	INCLUDE	Isolation source explicitly indicates direct plant association or plant biological material.	isolation_source
GCF_032930055.1	Bacillus amyloliquefaciens	1390	CUN9	Chromosome		2023-10-23	BIOPHYT	PRJNA1026150	SAMN37804249	CUN9	missing	soil rhizosphere	Trinidad and Tobago: Trinidad, Cunupia	2014	Microbe sample from Bacillus amyloliquefaciens		False	True	False	False	1	True	source	False	True	False	False	1	source	True	INCLUDE	Isolation source explicitly indicates direct plant association or plant biological material.	isolation_source
GCF_032933215.1	Bacillus amyloliquefaciens	1390	PRIN1	Chromosome		2023-10-23	BIOPHYT	PRJNA1026150	SAMN37797355	PRIN1	missing	soil rhizosphere	Trinidad and Tobago: Trinidad, Princes Town	2017-09	Microbe sample from Bacillus amyloliquefaciens		False	True	False	False	1	True	source	False	True	False	False	1	source	True	INCLUDE	Isolation source explicitly indicates direct plant association or plant biological material.	isolation_source
GCF_035726865.1	Bacillus amyloliquefaciens	1390	AW3	Contig		2024-01-16	Northeast Forestry University	PRJNA898142	SAMN31601652	AW3	Brassica rapa L.	Endophytes	China	2018-10	Microbe sample from Bacillus amyloliquefaciens		False	True	False	False	1	True	source	False	True	False	False	1	source	True	INCLUDE	Isolation source explicitly indicates direct plant association or plant biological material.	isolation_source
GCF_040151235.1	Bacillus amyloliquefaciens	1390	M17SL3C	Scaffold		2024-06-12	North-West University	PRJNA1050647	SAMN38749218	M17SL3C	Lactuca sativa	leaves	South Africa	2022-06-08	Microbe sample from Bacillus amyloliquefaciens		False	True	False	False	1	True	source	False	True	False	False	1	source	True	INCLUDE	Isolation source explicitly indicates direct plant association or plant biological material.	isolation_source
GCF_041947055.1	Bacillus amyloliquefaciens	1390	Can02R	Scaffold		2024-09-17	All-Russia Research Institute for Agricultural Microbiology	PRJNA1155005	SAMN43439316	Can02R	Chenopodium album	roots	Russia: Stavropol Krai	2024	Bacillus amyloliquefaciens Can02R		False	True	False	False	1	True	source	False	True	False	False	1	source	True	INCLUDE	Isolation source explicitly indicates direct plant association or plant biological material.	isolation_source
GCF_041947065.1	Bacillus amyloliquefaciens	1390	Apn01R	Scaffold		2024-09-17	All-Russia Research Institute for Agricultural Microbiology	PRJNA1155019	SAMN43440204	Apn01R	Alhagi maurorum	roots	Russia: Stavropol Krai	2024	Bacillus amyloliquefaciens Apn01R		False	True	False	False	1	True	source	False	True	False	False	1	source	True	INCLUDE	Isolation source explicitly indicates direct plant association or plant biological material.	isolation_source
GCF_042611165.1	Bacillus amyloliquefaciens	1390	TNOB 22	Contig		2024-10-04	Tamilnadu Agricultural University	PRJNA1160193	SAMN43659537	TNOB 22		Tea leaf	India: The Nilgiris	2022-09-05	Microbe sample from Bacillus amyloliquefaciens		False	True	False	False	1	True	source	False	True	False	False	1	source	True	INCLUDE	Isolation source explicitly indicates direct plant association or plant biological material.	isolation_source
GCF_046267865.1	Bacillus amyloliquefaciens	1390	MEPW12	Complete Genome		2024-12-24	Jiangsu Normal University	PRJNA1191074	SAMN45068930	MEPW12	Ipomoea batatas	leaf	China: Xuzhou, Jiangsu	2024	Microbe sample from Bacillus amyloliquefaciens		False	True	False	False	1	True	source	False	True	False	False	1	source	True	INCLUDE	Isolation source explicitly indicates direct plant association or plant biological material.	isolation_source
GCF_047780485.1	Bacillus amyloliquefaciens	1390	BZR 854	Contig		2025-02-15	Institute Cytology and Genetics SB RAS	PRJNA1178861	SAMN46715275	BZR 854	soybean	rhizosphere	Russia: Krasnodar	2010-09-01	Microbe sample from Bacillus amyloliquefaciens		True	True	False	False	2	True	host;source	False	True	False	False	1	source	True	INCLUDE	Isolation source explicitly indicates direct plant association or plant biological material.	isolation_source
GCF_049060485.1	Bacillus amyloliquefaciens	1390	BZR 854	Contig		2025-03-26	Institute Cytology and Genetics SB RAS	PRJNA1178861	SAMN44597910	BZR 854	soybean	rhizosphere	Russia: Krasnodar	2010-09-01	Microbe sample from Bacillus amyloliquefaciens		True	True	False	False	2	True	host;source	False	True	False	False	1	source	True	INCLUDE	Isolation source explicitly indicates direct plant association or plant biological material.	isolation_source
GCF_050410745.1	Bacillus amyloliquefaciens	1390	BR160	Complete Genome		2025-05-18	Hainan University	PRJNA1197142	SAMN48174638	BR160	Musa acuminata	Rhizosphere soil of Musa acuminata	China: Hainan Province	2024-05-27	MIGS Cultured Bacterial/Archaeal sample from Bacillus amyloliquefaciens	Keywords: GSC:MIxS;MIGS:6.0	False	True	False	False	1	True	source	False	True	False	False	1	source	True	INCLUDE	Isolation source explicitly indicates direct plant association or plant biological material.	isolation_source
GCF_051853135.1	Bacillus amyloliquefaciens	1390	NM254	Complete Genome		2025-08-06	Tamil Nadu Agricultural University	PRJNA838742	SAMN28462395	NM254		Solanum ptycanthum leaf	India: Tamil Nadu, Coimbatore, TNAU	2019-08-07	Bacillus amyloliquefaciens NM254	Biocontrol of late blight of potato using antagonistic bacteria	False	True	False	True	2	True	source;comment	False	True	False	False	1	source	True	INCLUDE	Isolation source explicitly indicates direct plant association or plant biological material.	isolation_source
GCF_052692675.1	Bacillus amyloliquefaciens	1390	BBE16	Complete Genome		2025-09-17	Annamalai university	PRJNA1304037	SAMN50547683	BBE16		Plant tissue	India: Cumbum	2024-06-10	Microbe sample from Bacillus amyloliquefaciens		False	True	False	False	1	True	source	False	True	False	False	1	source	True	INCLUDE	Isolation source explicitly indicates direct plant association or plant biological material.	isolation_source
GCF_053750095.1	Bacillus amyloliquefaciens	1390	P224	Complete Genome		2025-11-27	Institute of Soil Science, Chinese Academy of Sciences, Nanjing	PRJNA1295742	SAMN50184179	P224	Tomato	rhizosphere soil	China:Nanjing	2021-08	Microbe sample from Bacillus amyloliquefaciens		True	True	False	False	2	True	host;source	False	True	False	False	1	source	True	INCLUDE	Isolation source explicitly indicates direct plant association or plant biological material.	isolation_source
GCF_054226265.1	Bacillus amyloliquefaciens	1390	TU-Orga91	Scaffold		2025-12-29	Thammasat university	PRJNA1391502	SAMN54223423	TU-Orga91	rhizosphere soil		Thailand: Pathumtani	2021	Microbe sample from Bacillus amyloliquefaciens		True	False	False	False	1	True	host	True	False	False	False	1	host	True	INCLUDE	Isolation source is unavailable, but other BioSample metadata explicitly indicates direct plant association or plant biological material.	other_explicit_metadata
GCF_054816535.1	Bacillus amyloliquefaciens	1390	D-1	Complete Genome		2026-01-28	Guizhou University Of Traditional Chinese Medicine	PRJNA1333658	SAMN51803990	D-1	Pseudostellaria heterophylla	rhizosphere soil	China: Guizhou Province, Shibi County	2021-04	Microbe sample from Bacillus amyloliquefaciens		False	True	False	False	1	True	source	False	True	False	False	1	source	True	INCLUDE	Isolation source explicitly indicates direct plant association or plant biological material.	isolation_source
GCF_056312695.1	Bacillus amyloliquefaciens	1390	GXJ-12	Complete Genome		2026-03-25	Agro-Environmental Protection Institute, Ministry of Agriculture and Rural Affairs	PRJNA1437844	SAMN56523219	GXJ-12		rhizosphere soil	China:Tianjin	2023-09	Microbe sample from Bacillus amyloliquefaciens		False	True	False	False	1	True	source	False	True	False	False	1	source	True	INCLUDE	Isolation source explicitly indicates direct plant association or plant biological material.	isolation_source
GCF_060123785.1	Bacillus amyloliquefaciens	1390	B1408	Complete Genome		2026-08-16	northwest A AND F university	PRJNA1505758	SAMN62102502	B1408	Cucumis sativus	rhizosphere soil of a healthy cucumber plant	missing: lab stock	missing: lab stock	Microbe sample from Bacillus amyloliquefaciens		False	True	False	False	1	True	source	False	True	False	False	1	source	True	INCLUDE	Isolation source explicitly indicates direct plant association or plant biological material.	isolation_source
GCF_060594815.1	Bacillus amyloliquefaciens	1390	JS-RM	Contig		2026-08-30	Siksha 'O' Anusandhan University (Deemed), Bhubaneswar	PRJNA1512371	SAMN62380354	JS-RM		Rhizosphere soil of Mentha spicata	India: Pune	2024-07	Microbe sample from Bacillus amyloliquefaciens		False	True	False	False	1	True	source	False	True	False	False	1	source	True	INCLUDE	Isolation source explicitly indicates direct plant association or plant biological material.	isolation_source
GCF_060807305.1	Bacillus amyloliquefaciens	1390	R5	Contig		2026-09-02	University of Sciences and Technology Oran USTOMB	PRJNA1113308	SAMN41450430	R5	Retama monosperma	plant root	Algeria: Oran	2023-02-20	Whole genome sequencing of Bacillus amyloliquefaciens subsp. plantarum. R5	Keywords: GSC:MIxS;MIGS:6.0	False	True	False	False	1	True	source	False	True	False	False	1	source	True	INCLUDE	Isolation source explicitly indicates direct plant association or plant biological material.	isolation_source
GCF_977015505.1	Bacillus amyloliquefaciens	1390		Contig		2026-09-12	Novonesis	PRJEB101276	SAMEA120413475			Root endosphere	USA	2015	Sample from Bacillus amyloliquefaciens		False	True	False	False	1	True	source	False	True	False	False	1	source	True	INCLUDE	Isolation source explicitly indicates direct plant association or plant biological material.	isolation_source
GCF_000465655.1	Bacillus amyloliquefaciens EGD-AQ14	1390372	EGD-AQ14	Contig		2013-09-11	National Environmental Engineering Research Institute-CSIR	PRJNA215964	SAMN02469682	EGD-AQ14		saline desert plant rhizosphere	India: Gujarat, Kuchch	2012-10-12	Sample from Bacillus amyloliquefaciens EGD-AQ14		False	True	False	False	1	True	source	False	True	False	False	1	source	True	INCLUDE	Isolation source explicitly indicates direct plant association or plant biological material.	isolation_source
GCF_001029875.1	Bacillus anthracis	1392	RIT375	Contig		2015-06-19	Rochester Institute of Technology	PRJNA285407	SAMN03753508	RIT375	Chamaecostus cuspidatus	Internal Stem Tissue	Puerto Rico	2015-01	Microbe sample from Bacillus anthracis		False	True	False	False	1	True	source	False	True	False	False	1	source	True	INCLUDE	Isolation source explicitly indicates direct plant association or plant biological material.	isolation_source
GCF_002550475.1	Bacillus anthracis	1392	AFS095574	Scaffold		2017-10-13	UNC Chapel Hill	PRJNA400804	SAMN07598655	AFS095574		plant root	USA: NC	2014-03-20	Microbe sample from Bacillus anthracis		False	True	False	False	1	True	source	False	True	False	False	1	source	True	INCLUDE	Isolation source explicitly indicates direct plant association or plant biological material.	isolation_source
GCF_002566425.1	Bacillus anthracis	1392	AFS081271	Scaffold		2017-10-17	UNC Chapel Hill	PRJNA400804	SAMN07598484	AFS081271	Soybean	leaf	USA: MN	2014-01-17	Microbe sample from Bacillus anthracis		True	True	False	False	2	True	host;source	False	True	False	False	1	source	True	INCLUDE	Isolation source explicitly indicates direct plant association or plant biological material.	isolation_source
GCF_038069635.2	Bacillus anthracis	1392	Z03-J001	Complete Genome		2024-09-05	Qilu University of Technology	PRJNA1088931	SAMN40703789	Z03-J001		rhizosphere indigenous microbial community of healthy strawberry plants in a strawberry planting greenhouse	China: Tangwang Town, Licheng District, Jinan City, Shandong Province	2023-06	Microbe sample from Bacillus anthracis		False	True	False	False	1	True	source	False	True	False	False	1	source	True	INCLUDE	Isolation source explicitly indicates direct plant association or plant biological material.	isolation_source
GCF_030285945.1	Bacillus arachidis	2819290	YX15	Complete Genome	reference genome	2023-06-18	Technical University of Denmark	PRJNA960711	SAMN34375038	YX15		rhizosphere soil	China: Yuxi, Yunnan Province	missing	Microbe sample from Bacillus arachidis		False	True	False	False	1	True	source	False	True	False	False	1	source	True	INCLUDE	Isolation source explicitly indicates direct plant association or plant biological material.	isolation_source
GCF_017498775.1	Bacillus arachidis	2819290	SY8	Contig		2021-03-21	China University of Petroleum (East China)	PRJNA714700	SAMN18316468	SY8		rhizosphere soil of peanut	China:Jiangsu	2020-09-10	Microbe sample from Bacillus arachidis		False	True	False	False	1	True	source	False	True	False	False	1	source	True	INCLUDE	Isolation source explicitly indicates direct plant association or plant biological material.	isolation_source
GCF_039519175.1	Bacillus atrophaeus	1452	SW	Complete Genome	reference genome	2024-05-06	Northwest A&F University	PRJNA1104434	SAMN41078598	SW		Wheat root	China: Henan	2023-05-01	Microbe sample from Bacillus atrophaeus		False	True	False	False	1	True	source	False	True	False	False	1	source	True	INCLUDE	Isolation source explicitly indicates direct plant association or plant biological material.	isolation_source
GCF_002243495.1	Bacillus atrophaeus	1452	GQJK17	Complete Genome		2017-08-08	Shandong Agricultural University	PRJNA396635	SAMN07430096	GQJK17	Lycium barbarum L.	rhizophere	China:Ningxia	2015-09	Microbe sample from Bacillus atrophaeus GQJK17		False	True	False	False	1	True	source	False	True	False	False	1	source	True	INCLUDE	Isolation source explicitly indicates direct plant association or plant biological material.	isolation_source
GCF_002998055.1	Bacillus atrophaeus	1452	GBSC56	Scaffold		2018-03-14	Rainer Borriss's shared submissions	PRJNA436554	SAMN08633950	GBSC56		grass roots	China: Tibet, Nyingchi	2005	Microbe sample from Bacillus atrophaeus		False	True	False	False	1	True	source	False	True	False	False	1	source	True	INCLUDE	Isolation source explicitly indicates direct plant association or plant biological material.	isolation_source
GCF_002998135.1	Bacillus atrophaeus	1452	LSSC3	Scaffold		2018-03-14	Rainer Borriss's shared submissions	PRJNA436554	SAMN08634001	LSSC3		grass roots	China: Tibet, Lhasa	2005	Microbe sample from Bacillus atrophaeus		False	True	False	False	1	True	source	False	True	False	False	1	source	True	INCLUDE	Isolation source explicitly indicates direct plant association or plant biological material.	isolation_source
GCF_029541525.1	Bacillus atrophaeus	1452	NX-12	Complete Genome		2023-04-03	Nanjing Tech University	PRJNA945174	SAMN33774111			Cotton rhizosphere soil	China:Xinjiang Hutubi County cotton planting farm	2020-09-20	Microbe sample from Bacillus atrophaeus		False	True	False	False	1	True	source	False	True	False	False	1	source	True	INCLUDE	Isolation source explicitly indicates direct plant association or plant biological material.	isolation_source
GCF_030284675.1	Bacillus atrophaeus	1452	MTZ23	Contig		2023-06-17	Laboratoire de Biotoxicologie , Pharmacognosie et valorisation biologique des plantes	PRJNA982576	SAMN35711153	MTZ23	Ziziphus spina-christi	rhizosphere soil	Algeria	2020-01-01	MIGS Cultured Bacterial/Archaeal sample from Bacillus atrophaeus	Keywords: GSC:MIxS;MIGS:6.0	False	True	False	False	1	True	source	False	True	False	False	1	source	True	INCLUDE	Isolation source explicitly indicates direct plant association or plant biological material.	isolation_source
GCF_031834575.1	Bacillus atrophaeus	1452	ZRIMUA126	Contig		2023-09-21	Inner Mongolia Potato Engineering & Technology Research Center	PRJNA930697	SAMN33021027	ZRIMUA126	Solanum tuberosum	rhizosphere	China	2021	Microbe sample from Bacillus atrophaeus		False	True	False	False	1	True	source	False	True	False	False	1	source	True	INCLUDE	Isolation source explicitly indicates direct plant association or plant biological material.	isolation_source
GCF_044751405.1	Bacillus atrophaeus	1452	Adn01S	Scaffold		2024-11-09	All-Russia Research Institute for Agricultural Microbiology	PRJNA1181152	SAMN44541699	Adn01S	Agropyron desertorum	stems	Russia: Stavropol Krai	2024	Bacillus atrophaeus strain Adn01S, isolated from Agropyron desertorum stems		False	True	True	False	2	True	source;title	False	True	True	False	2	source;title	True	INCLUDE	Isolation source explicitly indicates direct plant association or plant biological material.	isolation_source
GCF_050574115.1	Bacillus atrophaeus	1452	FJAT-25833	Complete Genome		2025-05-27	Fujian Academy of Agricultural Sciences	PRJNA1264763	SAMN48580704	FJAT-25833	Pseudostellaria heterophylla	rhizosphere soil	China:Fujian	2023-03-12	Microbe sample from Bacillus atrophaeus		False	True	False	False	1	True	source	False	True	False	False	1	source	True	INCLUDE	Isolation source explicitly indicates direct plant association or plant biological material.	isolation_source
GCF_054054465.1	Bacillus atrophaeus	1452	R5-9	Contig		2025-12-17	Laboratoire de biologie des systemes microbiens LBSM	PRJNA1367984	SAMN53359655	R5-9	Melia azedarach	Melia azedarach rhizosphere soil	Algeria: Sidi Bel Abbes	2019-01-01	MIGS Cultured Bacterial/Archaeal sample from Bacillus atrophaeus	Keywords: GSC:MIxS;MIGS:6.0	False	True	False	False	1	True	source	False	True	False	False	1	source	True	INCLUDE	Isolation source explicitly indicates direct plant association or plant biological material.	isolation_source
GCF_045278795.1	Bacillus atrophaeus subsp. globigii	1529886	Hab-5	Complete Genome		2024-07-15	BGI	PRJNA1004908	SAMN36965794	Hab-5		rhizosphere	China	2018	Microbe sample from Bacillus atrophaeus subsp. globigii		False	True	False	False	1	True	source	False	True	False	False	1	source	True	INCLUDE	Isolation source explicitly indicates direct plant association or plant biological material.	isolation_source
GCF_000385965.2	Bacillus atrophaeus UCMB-5137	1239783	UCMB-5137	Chromosome		2015-06-11	University of Pretoria	PRJNA176685	SAMN02471930	UCMB-5137		rhizosphere	Ukraine	1976	Sample from Bacillus atrophaeus UCMB-5137		False	True	False	False	1	True	source	False	True	False	False	1	source	True	INCLUDE	Isolation source explicitly indicates direct plant association or plant biological material.	isolation_source
GCF_040194375.1	Bacillus ayatagriensis	3155929	RMG6	Contig	reference genome	2024-06-15	Raiganj University	PRJNA1115086	SAMN41506556	RMG6		Mulberry plant rhizosphere region	India: Raiganj University	2023	Microbe sample from Bacillus sp.		False	True	False	False	1	True	source	False	True	False	False	1	source	True	INCLUDE	Isolation source explicitly indicates direct plant association or plant biological material.	isolation_source
GCF_004124315.2	Bacillus cabrialesii	2487276	TE3	Complete Genome	reference genome	2022-05-09	Instituto Tecnologico de Sonora	PRJNA504313	SAMN10390288	TE3	Triticum turgidum subsp. durum	seedling endophyte	Mexico	2015-07-14	Microbe sample from Bacillus cabrialesii		False	True	False	False	1	True	source	False	True	False	False	1	source	True	INCLUDE	Isolation source explicitly indicates direct plant association or plant biological material.	isolation_source
GCF_032461835.1	Bacillus cabrialesii	2487276	LC 2.3	Contig		2023-10-07	Center of Biotechnology of Borj Cedria	PRJNA1022826	SAMN37629539	LC 2.3	Lathyrus cicera	roots	Tunisia	2019	Microbe sample from Bacillus cabrialesii		False	True	False	False	1	True	source	False	True	False	False	1	source	True	INCLUDE	Isolation source explicitly indicates direct plant association or plant biological material.	isolation_source
GCF_018390475.2	Bacillus cabrialesii subsp. tritici	2944916	TSO2	Contig		2023-08-05	Instituto tecnologico de Sonora	PRJNA728132	SAMN19070894	TSO2	Triticum turgidum subsp. durum	rhizosphere	Mexico: Yaqui Valley	2016	Microbe sample from Bacillus cabrialesii subsp. tritici		False	True	False	False	1	True	source	False	True	False	False	1	source	True	INCLUDE	Isolation source explicitly indicates direct plant association or plant biological material.	isolation_source
GCF_057814095.1	Bacillus canaveralius	1403243	F119	Contig		2026-06-01	Plant Microbe Interactions, University of Basel	PRJNA1423168	SAMN55333264	F119	Arabidopsis thaliana	roots	Switzerland: Bern	2020	F119		True	True	False	False	2	True	host;source	False	True	False	False	1	source	True	INCLUDE	Isolation source explicitly indicates direct plant association or plant biological material.	isolation_source
GCF_001579695.1	Bacillus cereus	1396	905	Scaffold		2016-03-03	China Agricultural University	PRJNA312259	SAMN04496851	905	Triticum	rhizosphere	China:Beijing	1985	Bacillus cereus 905 from Rhizosphere of wheat		False	True	True	False	2	True	source;title	False	True	True	False	2	source;title	True	INCLUDE	Isolation source explicitly indicates direct plant association or plant biological material.	isolation_source
GCF_001678165.1	Bacillus cereus	1396	UW85	Scaffold		2016-07-01	Yale University	PRJNA322638	SAMN05171626	UW85	Medicago sativa	root of field-grown alfalfa plants	USA: Arlington, WI	1985	MIGS Cultured Bacterial/Archaeal sample from Bacillus cereus	Keywords: GSC:MIxS;MIGS:6.0	False	True	False	False	1	True	source	False	True	False	False	1	source	True	INCLUDE	Isolation source explicitly indicates direct plant association or plant biological material.	isolation_source
GCF_002214765.1	Bacillus cereus	1396	FORC_048	Complete Genome		2017-07-05	Food-borne Pathogen Omics Research Center, FORC	PRJNA329383	SAMN05411284	FORC_048		Sesame leaf	South Korea: Gwangju	2014-06-30	Pathogen: environmental/food/other sample from Bacillus cereus	Bacillus cereus is a prevalent food-borne pathogen inducing abdominal pain and diarrhea. This sample was isolated from a sesame leaf, a commonly consumed vegetable in Korea.	False	True	False	True	2	True	source;comment	False	True	False	True	2	source;comment	True	INCLUDE	Isolation source explicitly indicates direct plant association or plant biological material.	isolation_source
GCF_002551775.1	Bacillus cereus	1396	AFS099102	Scaffold		2017-10-13	UNC Chapel Hill	PRJNA400804	SAMN07598708	AFS099102	Weed	leaf	USA: IN	2014-01-14	Microbe sample from Bacillus cereus		False	True	False	False	1	True	source	False	True	False	False	1	source	True	INCLUDE	Isolation source explicitly indicates direct plant association or plant biological material.	isolation_source
GCF_002552045.1	Bacillus cereus	1396	AFS096845	Scaffold		2017-10-13	UNC Chapel Hill	PRJNA400804	SAMN07598675	AFS096845	Weed	leaf	USA: IN	2014-01-14	Microbe sample from Bacillus cereus		False	True	False	False	1	True	source	False	True	False	False	1	source	True	INCLUDE	Isolation source explicitly indicates direct plant association or plant biological material.	isolation_source
GCF_002552335.1	Bacillus cereus	1396	AFS095084	Scaffold		2017-10-13	UNC Chapel Hill	PRJNA400804	SAMN07598648	AFS095084	Soybean	root	USA: IA	2014-05-27	Microbe sample from Bacillus cereus		True	True	False	False	2	True	host;source	False	True	False	False	1	source	True	INCLUDE	Isolation source explicitly indicates direct plant association or plant biological material.	isolation_source
GCF_002552995.1	Bacillus cereus	1396	AFS097474	Scaffold		2017-10-13	UNC Chapel Hill	PRJNA400804	SAMN07598687	AFS097474	Weed	leaf	USA: IN	2014-01-14	Microbe sample from Bacillus cereus		False	True	False	False	1	True	source	False	True	False	False	1	source	True	INCLUDE	Isolation source explicitly indicates direct plant association or plant biological material.	isolation_source
GCF_002553095.1	Bacillus cereus	1396	AFS096226	Scaffold		2017-10-13	UNC Chapel Hill	PRJNA400804	SAMN07598665	AFS096226	Soybean	leaf	USA: MN	2013-12-11	Microbe sample from Bacillus cereus		True	True	False	False	2	True	host;source	False	True	False	False	1	source	True	INCLUDE	Isolation source explicitly indicates direct plant association or plant biological material.	isolation_source
GCF_002558375.1	Bacillus cereus	1396	AFS006766	Scaffold		2017-10-16	UNC Chapel Hill	PRJNA400804	SAMN07597325	AFS006766	Weed	leaf	USA: IN	2014-01-14	Microbe sample from Bacillus cereus		False	True	False	False	1	True	source	False	True	False	False	1	source	True	INCLUDE	Isolation source explicitly indicates direct plant association or plant biological material.	isolation_source
GCF_002559035.1	Bacillus cereus	1396	AFS001073	Scaffold		2017-10-16	UNC Chapel Hill	PRJNA400804	SAMN07597249	AFS001073	Weed	leaf	USA: OH	2014-01-17	Microbe sample from Bacillus cereus		False	True	False	False	1	True	source	False	True	False	False	1	source	True	INCLUDE	Isolation source explicitly indicates direct plant association or plant biological material.	isolation_source
GCF_002559215.1	Bacillus cereus	1396	AFS005615	Scaffold		2017-10-16	UNC Chapel Hill	PRJNA400804	SAMN07597310	AFS005615		leaf	USA: NC	2014-01-14	Microbe sample from Bacillus cereus		False	True	False	False	1	True	source	False	True	False	False	1	source	True	INCLUDE	Isolation source explicitly indicates direct plant association or plant biological material.	isolation_source
GCF_002559275.1	Bacillus cereus	1396	AFS002530	Scaffold		2017-10-16	UNC Chapel Hill	PRJNA400804	SAMN07597273	AFS002530	Weed	leaf	USA: OH	2014-01-17	Microbe sample from Bacillus cereus		False	True	False	False	1	True	source	False	True	False	False	1	source	True	INCLUDE	Isolation source explicitly indicates direct plant association or plant biological material.	isolation_source
GCF_002559355.1	Bacillus cereus	1396	AFS002102	Scaffold		2017-10-16	UNC Chapel Hill	PRJNA400804	SAMN07597264	AFS002102	Soybean	leaf	USA: MN	2013-12-11	Microbe sample from Bacillus cereus		True	True	False	False	2	True	host;source	False	True	False	False	1	source	True	INCLUDE	Isolation source explicitly indicates direct plant association or plant biological material.	isolation_source
GCF_002559645.1	Bacillus cereus	1396	AFS028516	Scaffold		2017-10-16	UNC Chapel Hill	PRJNA400804	SAMN07597622	AFS028516	Corn	leaf	USA: IL	2014-02-28	Microbe sample from Bacillus cereus		True	True	False	False	2	True	host;source	False	True	False	False	1	source	True	INCLUDE	Isolation source explicitly indicates direct plant association or plant biological material.	isolation_source
GCF_002559945.1	Bacillus cereus	1396	AFS026439	Scaffold		2017-10-16	UNC Chapel Hill	PRJNA400804	SAMN07597592	AFS026439	Soybean	root	USA: MO	2014-05-27	Microbe sample from Bacillus cereus		True	True	False	False	2	True	host;source	False	True	False	False	1	source	True	INCLUDE	Isolation source explicitly indicates direct plant association or plant biological material.	isolation_source
GCF_002560105.1	Bacillus cereus	1396	AFS025457	Scaffold		2017-10-16	UNC Chapel Hill	PRJNA400804	SAMN07597576	AFS025457	Corn	leaf	USA: NC	2014-02-28	Microbe sample from Bacillus cereus		True	True	False	False	2	True	host;source	False	True	False	False	1	source	True	INCLUDE	Isolation source explicitly indicates direct plant association or plant biological material.	isolation_source
GCF_002560145.1	Bacillus cereus	1396	AFS025165	Scaffold		2017-10-16	UNC Chapel Hill	PRJNA400804	SAMN07597573	AFS025165	Corn	root	USA: IA	2014-05-27	Microbe sample from Bacillus cereus		True	True	False	False	2	True	host;source	False	True	False	False	1	source	True	INCLUDE	Isolation source explicitly indicates direct plant association or plant biological material.	isolation_source
GCF_002560475.1	Bacillus cereus	1396	AFS023479	Scaffold		2017-10-16	UNC Chapel Hill	PRJNA400804	SAMN07597547	AFS023479	Corn	root	USA: IL	2014-05-27	Microbe sample from Bacillus cereus		True	True	False	False	2	True	host;source	False	True	False	False	1	source	True	INCLUDE	Isolation source explicitly indicates direct plant association or plant biological material.	isolation_source
GCF_002561725.1	Bacillus cereus	1396	AFS011006	Scaffold		2017-10-16	UNC Chapel Hill	PRJNA400804	SAMN07597386	AFS011006	Soybean	leaf	USA: MN	2013-12-11	Microbe sample from Bacillus cereus		True	True	False	False	2	True	host;source	False	True	False	False	1	source	True	INCLUDE	Isolation source explicitly indicates direct plant association or plant biological material.	isolation_source
GCF_002562345.1	Bacillus cereus	1396	AFS009411	Scaffold		2017-10-16	UNC Chapel Hill	PRJNA400804	SAMN07597364	AFS009411	Soybean	root	USA: MO	2014-05-27	Microbe sample from Bacillus cereus		True	True	False	False	2	True	host;source	False	True	False	False	1	source	True	INCLUDE	Isolation source explicitly indicates direct plant association or plant biological material.	isolation_source
GCF_002563235.1	Bacillus cereus	1396	AFS020233	Scaffold		2017-10-16	UNC Chapel Hill	PRJNA400804	SAMN07597502	AFS020233	Corn	root	USA: IL	2014-05-27	Microbe sample from Bacillus cereus		True	True	False	False	2	True	host;source	False	True	False	False	1	source	True	INCLUDE	Isolation source explicitly indicates direct plant association or plant biological material.	isolation_source
GCF_002564695.1	Bacillus cereus	1396	AFS084075	Scaffold		2017-10-17	UNC Chapel Hill	PRJNA400804	SAMN07598518	AFS084075	Corn	root	USA: IA	2014-05-27	Microbe sample from Bacillus cereus		True	True	False	False	2	True	host;source	False	True	False	False	1	source	True	INCLUDE	Isolation source explicitly indicates direct plant association or plant biological material.	isolation_source
GCF_002564885.1	Bacillus cereus	1396	AFS079942	Scaffold		2017-10-17	UNC Chapel Hill	PRJNA400804	SAMN07598461	AFS079942	Corn	root	USA: IA	2014-05-27	Microbe sample from Bacillus cereus		True	True	False	False	2	True	host;source	False	True	False	False	1	source	True	INCLUDE	Isolation source explicitly indicates direct plant association or plant biological material.	isolation_source
GCF_002565025.1	Bacillus cereus	1396	AFS077972	Scaffold		2017-10-17	UNC Chapel Hill	PRJNA400804	SAMN07598442	AFS077972	Soybean	root	USA: MN	2013-11-25	Microbe sample from Bacillus cereus		True	True	False	False	2	True	host;source	False	True	False	False	1	source	True	INCLUDE	Isolation source explicitly indicates direct plant association or plant biological material.	isolation_source
GCF_002565455.1	Bacillus cereus	1396	AFS083043	Scaffold		2017-10-17	UNC Chapel Hill	PRJNA400804	SAMN07598508	AFS083043		tree leaf	USA: NC	2014-01-14	Microbe sample from Bacillus cereus		False	True	False	False	1	True	source	False	True	False	False	1	source	True	INCLUDE	Isolation source explicitly indicates direct plant association or plant biological material.	isolation_source
GCF_002565505.1	Bacillus cereus	1396	AFS082683	Scaffold		2017-10-17	UNC Chapel Hill	PRJNA400804	SAMN07598503	AFS082683	Soybean	leaf	USA: IL	2014-04-09	Microbe sample from Bacillus cereus		True	True	False	False	2	True	host;source	False	True	False	False	1	source	True	INCLUDE	Isolation source explicitly indicates direct plant association or plant biological material.	isolation_source
GCF_002565765.1	Bacillus cereus	1396	AFS077647	Scaffold		2017-10-17	UNC Chapel Hill	PRJNA400804	SAMN07598437	AFS077647	Soybean	root	USA: MO	2014-05-27	Microbe sample from Bacillus cereus		True	True	False	False	2	True	host;source	False	True	False	False	1	source	True	INCLUDE	Isolation source explicitly indicates direct plant association or plant biological material.	isolation_source
GCF_002566535.1	Bacillus cereus	1396	AFS079389	Scaffold		2017-10-17	UNC Chapel Hill	PRJNA400804	SAMN07598456	AFS079389	Soybean	leaf	USA: IL	2014-04-17	Microbe sample from Bacillus cereus		True	True	False	False	2	True	host;source	False	True	False	False	1	source	True	INCLUDE	Isolation source explicitly indicates direct plant association or plant biological material.	isolation_source
GCF_002566605.1	Bacillus cereus	1396	AFS077000	Contig		2017-10-17	UNC Chapel Hill	PRJNA400804	SAMN07598429	AFS077000	Weed	leaf	USA: IN	2014-01-14	Microbe sample from Bacillus cereus		False	True	False	False	1	True	source	False	True	False	False	1	source	True	INCLUDE	Isolation source explicitly indicates direct plant association or plant biological material.	isolation_source
GCF_002566755.1	Bacillus cereus	1396	AFS074868	Scaffold		2017-10-17	UNC Chapel Hill	PRJNA400804	SAMN07598396	AFS074868	Corn	leaf	USA: IA	2014-04-17	Microbe sample from Bacillus cereus		True	True	False	False	2	True	host;source	False	True	False	False	1	source	True	INCLUDE	Isolation source explicitly indicates direct plant association or plant biological material.	isolation_source
GCF_002566845.1	Bacillus cereus	1396	AFS074395	Scaffold		2017-10-17	UNC Chapel Hill	PRJNA400804	SAMN07598388	AFS074395		tree leaf	USA: NC	2014-01-14	Microbe sample from Bacillus cereus		False	True	False	False	1	True	source	False	True	False	False	1	source	True	INCLUDE	Isolation source explicitly indicates direct plant association or plant biological material.	isolation_source
GCF_002567065.1	Bacillus cereus	1396	AFS072350	Scaffold		2017-10-17	UNC Chapel Hill	PRJNA400804	SAMN07598367	AFS072350	Soybean	leaf	USA: MN	2013-12-11	Microbe sample from Bacillus cereus		True	True	False	False	2	True	host;source	False	True	False	False	1	source	True	INCLUDE	Isolation source explicitly indicates direct plant association or plant biological material.	isolation_source
GCF_002567375.1	Bacillus cereus	1396	AFS071107	Scaffold		2017-10-17	UNC Chapel Hill	PRJNA400804	SAMN07598345	AFS071107	Soybean	root	USA: IA	2014-05-27	Microbe sample from Bacillus cereus		True	True	False	False	2	True	host;source	False	True	False	False	1	source	True	INCLUDE	Isolation source explicitly indicates direct plant association or plant biological material.	isolation_source
GCF_002567675.1	Bacillus cereus	1396	AFS068876	Scaffold		2017-10-17	UNC Chapel Hill	PRJNA400804	SAMN07598317	AFS068876	Corn	root	USA: IA	2014-05-27	Microbe sample from Bacillus cereus		True	True	False	False	2	True	host;source	False	True	False	False	1	source	True	INCLUDE	Isolation source explicitly indicates direct plant association or plant biological material.	isolation_source
GCF_002567745.1	Bacillus cereus	1396	AFS068456	Scaffold		2017-10-17	UNC Chapel Hill	PRJNA400804	SAMN07598311	AFS068456	Soybean	root	USA: MO	2014-05-27	Microbe sample from Bacillus cereus		True	True	False	False	2	True	host;source	False	True	False	False	1	source	True	INCLUDE	Isolation source explicitly indicates direct plant association or plant biological material.	isolation_source
GCF_002567785.1	Bacillus cereus	1396	AFS068308	Scaffold		2017-10-17	UNC Chapel Hill	PRJNA400804	SAMN07598310	AFS068308		tree leaf	USA: NC	2014-01-14	Microbe sample from Bacillus cereus		False	True	False	False	1	True	source	False	True	False	False	1	source	True	INCLUDE	Isolation source explicitly indicates direct plant association or plant biological material.	isolation_source
GCF_002568265.1	Bacillus cereus	1396	AFS065816	Scaffold		2017-10-17	UNC Chapel Hill	PRJNA400804	SAMN07598273	AFS065816	Weed	leaf	USA: IN	2014-01-14	Microbe sample from Bacillus cereus		False	True	False	False	1	True	source	False	True	False	False	1	source	True	INCLUDE	Isolation source explicitly indicates direct plant association or plant biological material.	isolation_source
GCF_002568425.1	Bacillus cereus	1396	AFS067803	Scaffold		2017-10-17	UNC Chapel Hill	PRJNA400804	SAMN07598300	AFS067803	Corn	leaf	USA: IL	2014-04-17	Microbe sample from Bacillus cereus		True	True	False	False	2	True	host;source	False	True	False	False	1	source	True	INCLUDE	Isolation source explicitly indicates direct plant association or plant biological material.	isolation_source
GCF_002570485.1	Bacillus cereus	1396	AFS061806	Scaffold		2017-10-17	UNC Chapel Hill	PRJNA400804	SAMN07598225	AFS061806	Corn	root	USA: IA	2014-05-27	Microbe sample from Bacillus cereus		True	True	False	False	2	True	host;source	False	True	False	False	1	source	True	INCLUDE	Isolation source explicitly indicates direct plant association or plant biological material.	isolation_source
GCF_002571195.1	Bacillus cereus	1396	AFS060154	Scaffold		2017-10-17	UNC Chapel Hill	PRJNA400804	SAMN07598208	AFS060154	Soybean	leaf	USA: IA	2014-04-17	Microbe sample from Bacillus cereus		True	True	False	False	2	True	host;source	False	True	False	False	1	source	True	INCLUDE	Isolation source explicitly indicates direct plant association or plant biological material.	isolation_source
GCF_002575215.1	Bacillus cereus	1396	AFS053027	Scaffold		2017-10-18	UNC Chapel Hill	PRJNA400804	SAMN07598091	AFS053027	Soybean	leaf	USA: MN	2014-01-17	Microbe sample from Bacillus cereus		True	True	False	False	2	True	host;source	False	True	False	False	1	source	True	INCLUDE	Isolation source explicitly indicates direct plant association or plant biological material.	isolation_source
GCF_002575515.1	Bacillus cereus	1396	AFS051626	Scaffold		2017-10-18	UNC Chapel Hill	PRJNA400804	SAMN07598072	AFS051626	Weed	leaf	USA: IN	2014-01-14	Microbe sample from Bacillus cereus		False	True	False	False	1	True	source	False	True	False	False	1	source	True	INCLUDE	Isolation source explicitly indicates direct plant association or plant biological material.	isolation_source
GCF_002576275.1	Bacillus cereus	1396	AFS044532	Scaffold		2017-10-18	UNC Chapel Hill	PRJNA400804	SAMN07597988	AFS044532	Corn	root	USA: IA	2014-05-27	Microbe sample from Bacillus cereus		True	True	False	False	2	True	host;source	False	True	False	False	1	source	True	INCLUDE	Isolation source explicitly indicates direct plant association or plant biological material.	isolation_source
GCF_002576395.1	Bacillus cereus	1396	AFS043533	Scaffold		2017-10-18	UNC Chapel Hill	PRJNA400804	SAMN07597975	AFS043533	Soybean	root	USA: MN	2014-01-17	Microbe sample from Bacillus cereus		True	True	False	False	2	True	host;source	False	True	False	False	1	source	True	INCLUDE	Isolation source explicitly indicates direct plant association or plant biological material.	isolation_source
GCF_002576725.1	Bacillus cereus	1396	AFS048015	Scaffold		2017-10-18	UNC Chapel Hill	PRJNA400804	SAMN07598030	AFS048015		tree leaf	USA: NC	2014-01-14	Microbe sample from Bacillus cereus		False	True	False	False	1	True	source	False	True	False	False	1	source	True	INCLUDE	Isolation source explicitly indicates direct plant association or plant biological material.	isolation_source
GCF_002577285.1	Bacillus cereus	1396	AFS041581	Scaffold		2017-10-18	UNC Chapel Hill	PRJNA400804	SAMN07597947	AFS041581	Soybean	root	USA: MO	2014-05-27	Microbe sample from Bacillus cereus		True	True	False	False	2	True	host;source	False	True	False	False	1	source	True	INCLUDE	Isolation source explicitly indicates direct plant association or plant biological material.	isolation_source
GCF_002577365.1	Bacillus cereus	1396	AFS041432	Scaffold		2017-10-18	UNC Chapel Hill	PRJNA400804	SAMN07597943	AFS041432	Weed	leaf	USA: OH	2014-01-17	Microbe sample from Bacillus cereus		False	True	False	False	1	True	source	False	True	False	False	1	source	True	INCLUDE	Isolation source explicitly indicates direct plant association or plant biological material.	isolation_source
GCF_002577745.1	Bacillus cereus	1396	AFS040105	Scaffold		2017-10-18	UNC Chapel Hill	PRJNA400804	SAMN07597918	AFS040105		tree leaf	USA: NC	2014-01-14	Microbe sample from Bacillus cereus		False	True	False	False	1	True	source	False	True	False	False	1	source	True	INCLUDE	Isolation source explicitly indicates direct plant association or plant biological material.	isolation_source
GCF_002583515.1	Bacillus cereus	1396	AFS030055	Scaffold		2017-10-18	UNC Chapel Hill	PRJNA400804	SAMN07597792	AFS030055		tree leaf	USA: NC	2014-01-14	Microbe sample from Bacillus cereus		False	True	False	False	1	True	source	False	True	False	False	1	source	True	INCLUDE	Isolation source explicitly indicates direct plant association or plant biological material.	isolation_source
GCF_002583535.1	Bacillus cereus	1396	AFS030046	Scaffold		2017-10-18	UNC Chapel Hill	PRJNA400804	SAMN07597791	AFS030046	Soybean	root	USA: MN	2014-05-27	Microbe sample from Bacillus cereus		True	True	False	False	2	True	host;source	False	True	False	False	1	source	True	INCLUDE	Isolation source explicitly indicates direct plant association or plant biological material.	isolation_source
GCF_002584075.1	Bacillus cereus	1396	AFS034791	Scaffold		2017-10-18	UNC Chapel Hill	PRJNA400804	SAMN07597863	AFS034791	Soybean	leaf	USA: MN	2013-12-11	Microbe sample from Bacillus cereus		True	True	False	False	2	True	host;source	False	True	False	False	1	source	True	INCLUDE	Isolation source explicitly indicates direct plant association or plant biological material.	isolation_source
GCF_002584345.1	Bacillus cereus	1396	AFS033276	Scaffold		2017-10-18	UNC Chapel Hill	PRJNA400804	SAMN07597838	AFS033276		tree leaf	USA: NC	2014-01-14	Microbe sample from Bacillus cereus		False	True	False	False	1	True	source	False	True	False	False	1	source	True	INCLUDE	Isolation source explicitly indicates direct plant association or plant biological material.	isolation_source
GCF_002586285.1	Bacillus cereus	1396	AFS029810	Scaffold		2017-10-18	UNC Chapel Hill	PRJNA400804	SAMN07597786	AFS029810	Soybean	root	USA: MN	2014-05-27	Microbe sample from Bacillus cereus		True	True	False	False	2	True	host;source	False	True	False	False	1	source	True	INCLUDE	Isolation source explicitly indicates direct plant association or plant biological material.	isolation_source
GCF_004022305.1	Bacillus cereus	1396	PgBE311	Contig		2019-01-14	National Institute of Horticultural and Herbal Science , Rural Development Administration (RDA)	PRJNA485192	SAMN09783485	PgBE311	Panax ginseng		not applicable	2017-05-25	Microbe sample from Bacillus cereus	An endophytic bacterium isolated from Panax ginseng root tissue.	False	False	False	True	1	True	comment	False	False	False	True	1	comment	True	INCLUDE	Isolation source is unavailable, but other BioSample metadata explicitly indicates direct plant association or plant biological material.	other_explicit_metadata
GCF_006151815.1	Bacillus cereus	1396	A8	Contig		2019-06-08	ENDOBICA	PRJNA545896	SAMN11936627	A8		root of coffee	Viet Nam	2018-05-09	Microbe sample from Bacillus cereus		False	True	False	False	1	True	source	False	True	False	False	1	source	True	INCLUDE	Isolation source explicitly indicates direct plant association or plant biological material.	isolation_source
GCF_006349585.1	Bacillus cereus	1396	A31	Contig		2019-06-15	ENDOBICA	PRJNA547478	SAMN11964684	A31	black pepper plant	root	Viet Nam	2018-05-22	Microbe sample from Bacillus cereus		True	True	False	False	2	True	host;source	False	True	False	False	1	source	True	INCLUDE	Isolation source explicitly indicates direct plant association or plant biological material.	isolation_source
GCF_006349695.2	Bacillus cereus	1396	TK1	Contig		2020-06-02	ENDOBICA	PRJNA547474	SAMN11964663	TK1		black pepper plant rhizosphere	Viet Nam	2018-05-07	Microbe sample from Bacillus cereus		False	True	False	False	1	True	source	False	True	False	False	1	source	True	INCLUDE	Isolation source explicitly indicates direct plant association or plant biological material.	isolation_source
GCF_006349715.2	Bacillus cereus	1396	A22	Complete Genome		2021-11-01	ENDOBICA	PRJNA546477	SAMN11959879	A22	coffee	root	Viet Nam	2018-05-09	Microbe sample from Bacillus cereus		False	True	False	False	1	True	source	False	True	False	False	1	source	True	INCLUDE	Isolation source explicitly indicates direct plant association or plant biological material.	isolation_source
GCF_006349735.2	Bacillus cereus	1396	A24	Complete Genome		2021-11-01	ENDOBICA	PRJNA546504	SAMN11960211	A24	black pepper plant	root	Viet Nam	2018-05-24	Microbe sample from Bacillus cereus		True	True	False	False	2	True	host;source	False	True	False	False	1	source	True	INCLUDE	Isolation source explicitly indicates direct plant association or plant biological material.	isolation_source
GCF_006349775.1	Bacillus cereus	1396	A42	Contig		2019-06-15	ENDOBICA	PRJNA546610	SAMN11962714	A42	black pepper plant	root	Viet Nam	2018-05-12	Microbe sample from Bacillus cereus		True	True	False	False	2	True	host;source	False	True	False	False	1	source	True	INCLUDE	Isolation source explicitly indicates direct plant association or plant biological material.	isolation_source
GCF_011751555.1	Bacillus cereus	1396	B-11	Scaffold		2020-03-25	Huazhong Agricultural University	PRJNA597263	SAMN13865271	B-11		Soybean rhizosphere soil	China:hebei	2018-10-12	Microbe sample from Bacillus cereus		False	True	False	False	1	True	source	False	True	False	False	1	source	True	INCLUDE	Isolation source explicitly indicates direct plant association or plant biological material.	isolation_source
GCF_013284455.2	Bacillus cereus	1396	HD2.4	Complete Genome		2021-11-01	ENDOBICA	PRJNA634629	SAMN15002822	HD2.4		soil from tomato plant roots	Viet Nam: Hoai Duc, Ha Noi	2019-04-23	Microbe sample from Bacillus cereus		False	True	False	False	1	True	source	False	True	False	False	1	source	True	INCLUDE	Isolation source explicitly indicates direct plant association or plant biological material.	isolation_source
GCF_015845455.1	Bacillus cereus	1396	G25-106	Contig		2020-12-08	Institute of Life Sciences and Technology	PRJNA283725	SAMN03654315	G25-106		kurkuma root	Thailand	2011-09-18	Microbe sample from Bacillus cereus		False	True	False	False	1	True	source	False	True	False	False	1	source	True	INCLUDE	Isolation source explicitly indicates direct plant association or plant biological material.	isolation_source
GCF_017356065.1	Bacillus cereus	1396	T4S	Contig		2021-03-15	North-West University	PRJNA706601	SAMN18138757	T4S	sunflower	root	South Africa	2020-02-29	Bacterial endophyte (Bacillus paramycoides) from the root of sunflower endosphere	Bacillus paramycoides was isolated from the root endosphere of sunflower collected from Lichtenburg. Screening of this bacteria revealed their plant growth-promoting potential that can be explore in the formulation of bioinoculants for improved agricultural productivity.	False	True	True	True	3	True	source;title;comment	False	True	True	True	3	source;title;comment	True	INCLUDE	Isolation source explicitly indicates direct plant association or plant biological material.	isolation_source
GCF_018221535.1	Bacillus cereus	1396	UMAF8564	Contig		2021-04-30	University of Malaga	PRJNA419659	SAMN08094762	UMAF8564		melon rhizosphere	Spain: Malaga	2011	Microbe sample from Bacillus cereus		False	True	False	False	1	True	source	False	True	False	False	1	source	True	INCLUDE	Isolation source explicitly indicates direct plant association or plant biological material.	isolation_source
GCF_024494765.1	Bacillus cereus	1396	777001F-1	Contig		2022-07-30	Aarhus University	PRJNA858971	SAMN29762326	777001F-1	Spinacia oleracea	leaves	Belgium	2020-08	Microbe sample from Bacillus cereus		False	True	False	False	1	True	source	False	True	False	False	1	source	True	INCLUDE	Isolation source explicitly indicates direct plant association or plant biological material.	isolation_source
GCF_024494775.1	Bacillus cereus	1396	777002F-1	Contig		2022-07-30	Aarhus University	PRJNA858971	SAMN29762315	777002F-1	Spinacia oleracea	leaves	Belgium	2020-08	Microbe sample from Bacillus cereus		False	True	False	False	1	True	source	False	True	False	False	1	source	True	INCLUDE	Isolation source explicitly indicates direct plant association or plant biological material.	isolation_source
GCF_024494785.1	Bacillus cereus	1396	Staal2-3	Contig		2022-07-30	Aarhus University	PRJNA858971	SAMN29762325	Staal2-3	Spinacia oleracea	leaves	Belgium	2020-08	Microbe sample from Bacillus cereus		False	True	False	False	1	True	source	False	True	False	False	1	source	True	INCLUDE	Isolation source explicitly indicates direct plant association or plant biological material.	isolation_source
GCF_024494825.1	Bacillus cereus	1396	Staal7-6	Contig		2022-07-30	Aarhus University	PRJNA858971	SAMN29762324	Staal7-6	Spinacia oleracea	leaves	Belgium	2020-08	Microbe sample from Bacillus cereus		False	True	False	False	1	True	source	False	True	False	False	1	source	True	INCLUDE	Isolation source explicitly indicates direct plant association or plant biological material.	isolation_source
GCF_024494845.1	Bacillus cereus	1396	781001F-1	Contig		2022-07-30	Aarhus University	PRJNA858971	SAMN29762305	781001F-1	Spinacia oleracea	leaves	Belgium	2020-08	Microbe sample from Bacillus cereus		False	True	False	False	1	True	source	False	True	False	False	1	source	True	INCLUDE	Isolation source explicitly indicates direct plant association or plant biological material.	isolation_source
GCF_024494865.1	Bacillus cereus	1396	781001-1	Contig		2022-07-30	Aarhus University	PRJNA858971	SAMN29762296	781001-1	Spinacia oleracea	leaves	Belgium	2020-08	Microbe sample from Bacillus cereus		False	True	False	False	1	True	source	False	True	False	False	1	source	True	INCLUDE	Isolation source explicitly indicates direct plant association or plant biological material.	isolation_source
GCF_024494885.1	Bacillus cereus	1396	115001F-1	Contig		2022-07-30	Aarhus University	PRJNA858971	SAMN29762316	115001F-1	Spinacia oleracea	leaves	Belgium	2020-08	Microbe sample from Bacillus cereus		False	True	False	False	1	True	source	False	True	False	False	1	source	True	INCLUDE	Isolation source explicitly indicates direct plant association or plant biological material.	isolation_source
GCF_024494905.1	Bacillus cereus	1396	115002W-3	Contig		2022-07-30	Aarhus University	PRJNA858971	SAMN29762303	115002W-3	Spinacia oleracea	leaves	Belgium	2020-08	Microbe sample from Bacillus cereus		False	True	False	False	1	True	source	False	True	False	False	1	source	True	INCLUDE	Isolation source explicitly indicates direct plant association or plant biological material.	isolation_source
GCF_024494915.1	Bacillus cereus	1396	116001F-1	Contig		2022-07-30	Aarhus University	PRJNA858971	SAMN29762317	116001F-1	Spinacia oleracea	leaves	Belgium	2020-08	Microbe sample from Bacillus cereus		False	True	False	False	1	True	source	False	True	False	False	1	source	True	INCLUDE	Isolation source explicitly indicates direct plant association or plant biological material.	isolation_source
GCF_024494965.1	Bacillus cereus	1396	007989-3	Contig		2022-07-30	Aarhus University	PRJNA858971	SAMN29762321	007989-3	Spinacia oleracea	leaves	Belgium	2020-08	Microbe sample from Bacillus cereus		False	True	False	False	1	True	source	False	True	False	False	1	source	True	INCLUDE	Isolation source explicitly indicates direct plant association or plant biological material.	isolation_source
GCF_024494985.1	Bacillus cereus	1396	Staal1-1	Contig		2022-07-30	Aarhus University	PRJNA858971	SAMN29762294	Staal1-1	Spinacia oleracea	leaves	Belgium	2020-08	Microbe sample from Bacillus cereus		False	True	False	False	1	True	source	False	True	False	False	1	source	True	INCLUDE	Isolation source explicitly indicates direct plant association or plant biological material.	isolation_source
GCF_024494995.1	Bacillus cereus	1396	781003-1	Contig		2022-07-30	Aarhus University	PRJNA858971	SAMN29762320	781003-1	Spinacia oleracea	leaves	Belgium	2020-08	Microbe sample from Bacillus cereus		False	True	False	False	1	True	source	False	True	False	False	1	source	True	INCLUDE	Isolation source explicitly indicates direct plant association or plant biological material.	isolation_source
GCF_024495005.1	Bacillus cereus	1396	007983-6	Contig		2022-07-30	Aarhus University	PRJNA858971	SAMN29762322	007983-6	Spinacia oleracea	leaves	Belgium	2020-08	Microbe sample from Bacillus cereus		False	True	False	False	1	True	source	False	True	False	False	1	source	True	INCLUDE	Isolation source explicitly indicates direct plant association or plant biological material.	isolation_source
GCF_024495135.1	Bacillus cereus	1396	B003-4	Contig		2022-07-30	Aarhus University	PRJNA858971	SAMN29762319	B003-4	Spinacia oleracea	leaves	Belgium	2020-08	Microbe sample from Bacillus cereus		False	True	False	False	1	True	source	False	True	False	False	1	source	True	INCLUDE	Isolation source explicitly indicates direct plant association or plant biological material.	isolation_source
GCF_024495215.1	Bacillus cereus	1396	115003W-3	Contig		2022-07-30	Aarhus University	PRJNA858971	SAMN29762302	115003W-3	Spinacia oleracea	leaves	Belgium	2020-08	Microbe sample from Bacillus cereus		False	True	False	False	1	True	source	False	True	False	False	1	source	True	INCLUDE	Isolation source explicitly indicates direct plant association or plant biological material.	isolation_source
GCF_024495245.1	Bacillus cereus	1396	Staal7-4	Contig		2022-07-30	Aarhus University	PRJNA858971	SAMN29762306	Staal7-4	Spinacia oleracea	leaves	Belgium	2020-08	Microbe sample from Bacillus cereus		False	True	False	False	1	True	source	False	True	False	False	1	source	True	INCLUDE	Isolation source explicitly indicates direct plant association or plant biological material.	isolation_source
GCF_024495265.1	Bacillus cereus	1396	777001-1	Contig		2022-07-30	Aarhus University	PRJNA858971	SAMN29762300	777001-1	Spinacia oleracea	leaves	Belgium	2020-08	Microbe sample from Bacillus cereus		False	True	False	False	1	True	source	False	True	False	False	1	source	True	INCLUDE	Isolation source explicitly indicates direct plant association or plant biological material.	isolation_source
GCF_024495395.1	Bacillus cereus	1396	007986-5	Contig		2022-07-30	Aarhus University	PRJNA858971	SAMN29762299	007986-5	Spinacia oleracea	leaves	Belgium	2020-08	Microbe sample from Bacillus cereus		False	True	False	False	1	True	source	False	True	False	False	1	source	True	INCLUDE	Isolation source explicitly indicates direct plant association or plant biological material.	isolation_source
GCF_024498115.1	Bacillus cereus	1396	777002-3	Contig		2022-07-31	Aarhus University	PRJNA858971	SAMN29762297	777002-3	Spinacia oleracea	leaves	Belgium	2020-08	Microbe sample from Bacillus cereus		False	True	False	False	1	True	source	False	True	False	False	1	source	True	INCLUDE	Isolation source explicitly indicates direct plant association or plant biological material.	isolation_source
GCF_025000225.1	Bacillus cereus	1396	AKAD	Contig		2022-09-06	Dr. Harisingh Gour University (A Central University), Sagar, (M.P.), India	PRJNA861129	SAMN30500940	AKAD		plant rhizosphere	India	2018-05-13	Microbe sample from Bacillus cereus		False	True	False	False	1	True	source	False	True	False	False	1	source	True	INCLUDE	Isolation source explicitly indicates direct plant association or plant biological material.	isolation_source
GCF_029289385.1	Bacillus cereus	1396	ILBB55	Contig		2023-03-20	INIA	PRJNA745340	SAMN20166713	ILBB55	soybean	rhizosphere	Uruguay	2015	MIGS Cultured Bacterial/Archaeal sample from Bacillus cereus	Keywords: GSC:MIxS;MIGS:6.0	True	True	False	False	2	True	host;source	False	True	False	False	1	source	True	INCLUDE	Isolation source explicitly indicates direct plant association or plant biological material.	isolation_source
GCF_030348245.1	Bacillus cereus	1396	YX23	Contig		2023-06-27	Technical University of Denmark	PRJNA960711	SAMN34375040	YX23		rhizosphere soil	China: Yuxi, Yunnan Province	missing	Microbe sample from Bacillus cereus		False	True	False	False	1	True	source	False	True	False	False	1	source	True	INCLUDE	Isolation source explicitly indicates direct plant association or plant biological material.	isolation_source
GCF_030412285.1	Bacillus cereus	1396	CENA-BCM007	Scaffold		2023-07-06	University of Sao Paulo	PRJNA988090	SAMN35999014	CENA-BCM007		rhizosphere	Brazil: Iranduba, Manaus	2018-10-15	Microbe sample from Bacillus cereus		False	True	False	False	1	True	source	False	True	False	False	1	source	True	INCLUDE	Isolation source explicitly indicates direct plant association or plant biological material.	isolation_source
GCF_031216075.1	Bacillus cereus	1396	MO2	Complete Genome		2023-09-06	Agricultural Research Organization - the Volcani Center	PRJNA784166	SAMN24582794	MO2	Moringa oleifera	root surface	Israel	2014-06-01	Bacillus cereus MO2 isolated from root surface of Moringa oleifera		False	True	True	False	2	True	source;title	False	True	True	False	2	source;title	True	INCLUDE	Isolation source explicitly indicates direct plant association or plant biological material.	isolation_source
GCF_033452345.1	Bacillus cereus	1396	GUCC 3	Complete Genome		2023-11-09	Guizhou University	PRJNA1033206	SAMN38028109	GUCC 3	Passiflora edulis Sims	leaves	China: Guizhou Province	2022-11-30	Microbe sample from Bacillus cereus		False	True	False	False	1	True	source	False	True	False	False	1	source	True	INCLUDE	Isolation source explicitly indicates direct plant association or plant biological material.	isolation_source
GCF_035064965.1	Bacillus cereus	1396	BCPA.2	Contig		2024-01-03	Engelhardt Institute of Molecular Biology, Russian Academy of Sciences	PRJNA1040149	SAMN38245997	BCPA.2	Populus alba	roots	Russia:Uryupinsk	2023	s22 - Bacillus cereus BCPA.2		False	True	False	False	1	True	source	False	True	False	False	1	source	True	INCLUDE	Isolation source explicitly indicates direct plant association or plant biological material.	isolation_source
GCF_035065085.1	Bacillus cereus	1396	BCPA.1	Contig		2024-01-03	Engelhardt Institute of Molecular Biology, Russian Academy of Sciences	PRJNA1040149	SAMN38245992	BCPA.1	Populus alba	roots	Russia:Samur forest	2022	s13 - Bacillus cereus BCPA.1		False	True	False	False	1	True	source	False	True	False	False	1	source	True	INCLUDE	Isolation source explicitly indicates direct plant association or plant biological material.	isolation_source
GCF_036408805.1	Bacillus cereus	1396	GR3	Contig		2024-02-05	Lodz University of Technology	PRJNA1068863	SAMN39605383	GR3	Galium aparine L.	root	Poland: Lask	2022	Microbe sample from Bacillus cereus		False	True	False	False	1	True	source	False	True	False	False	1	source	True	INCLUDE	Isolation source explicitly indicates direct plant association or plant biological material.	isolation_source
GCF_036408815.1	Bacillus cereus	1396	GS3	Contig		2024-02-05	Lodz University of Technology	PRJNA1068863	SAMN39605385	GS3	Galium aparine L.	stem	Poland: Lask	2022	Microbe sample from Bacillus cereus		False	True	False	False	1	True	source	False	True	False	False	1	source	True	INCLUDE	Isolation source explicitly indicates direct plant association or plant biological material.	isolation_source
GCF_036408835.1	Bacillus cereus	1396	GL2	Contig		2024-02-05	Lodz University of Technology	PRJNA1068863	SAMN39605387	GL2	Galium aparine L.	leaf	Poland: Lask	2022	Microbe sample from Bacillus cereus		False	True	False	False	1	True	source	False	True	False	False	1	source	True	INCLUDE	Isolation source explicitly indicates direct plant association or plant biological material.	isolation_source
GCF_036621155.1	Bacillus cereus	1396	B10	Contig		2024-02-14	The laboratory of genetics and plant breeding, The National institute of Agronomy of Tunis	PRJNA1011052	SAMN37209288	B10	Tetraena alba	leaves	Tunisia: Mednine (El Fj)	2016-11-25	Microbe sample from Bacillus cereus		False	True	False	False	1	True	source	False	True	False	False	1	source	True	INCLUDE	Isolation source explicitly indicates direct plant association or plant biological material.	isolation_source
GCF_036621195.1	Bacillus cereus	1396	B3	Contig		2024-02-14	The laboratory of genetics and plant breeding, The National institute of Agronomy of Tunis	PRJNA1011052	SAMN37915371	B3	Peganum harmala	roots	Tunisia: Mednine	2016-11-25	Microbe sample from Bacillus cereus		False	True	False	False	1	True	source	False	True	False	False	1	source	True	INCLUDE	Isolation source explicitly indicates direct plant association or plant biological material.	isolation_source
GCF_036621235.1	Bacillus cereus	1396	B27	Contig		2024-02-14	The laboratory of genetics and plant breeding, The National institute of Agronomy of Tunis	PRJNA1011052	SAMN37233701	B27	Peganum harmala	leaves	Tunisia: Sidi Makhlouf	2016-11-25	Microbe sample from Bacillus cereus		False	True	False	False	1	True	source	False	True	False	False	1	source	True	INCLUDE	Isolation source explicitly indicates direct plant association or plant biological material.	isolation_source
GCF_036621395.1	Bacillus cereus	1396	B11	Contig		2024-02-14	The laboratory of genetics and plant breeding, The National institute of Agronomy of Tunis	PRJNA1011052	SAMN37235698	B11	Nitraria retusa	roots	Tunisia: Mednine	2016-11-25	Microbe sample from Bacillus cereus		False	True	False	False	1	True	source	False	True	False	False	1	source	True	INCLUDE	Isolation source explicitly indicates direct plant association or plant biological material.	isolation_source
GCF_037104495.1	Bacillus cereus	1396	YX11	Contig		2024-03-11	Guizhou Academy of Science	PRJNA1054334	SAMN38915744	YX11		tobacco leaves	China:Guiyang	2022-10-10	Microbe sample from Bacillus cereus		False	True	False	False	1	True	source	False	True	False	False	1	source	True	INCLUDE	Isolation source explicitly indicates direct plant association or plant biological material.	isolation_source
GCF_040151315.1	Bacillus cereus	1396	TSAUS5D	Scaffold		2024-06-12	North-West University	PRJNA1050647	SAMN38749213	TSAUS5D	Spinacia oleracea	leaves	South Africa	2022-06-08	Microbe sample from Bacillus cereus		False	True	False	False	1	True	source	False	True	False	False	1	source	True	INCLUDE	Isolation source explicitly indicates direct plant association or plant biological material.	isolation_source
GCF_040742715.1	Bacillus cereus	1396	SJCBTGEN01	Contig		2024-07-16	St. Joseph's College (Autonomous)	PRJNA1133250	SAMN42381055	SJCBTGEN01	Ophiorrhiza mungos	leaf	India: Kerala	2024-04	Microbe sample from Bacillus cereus		False	True	False	False	1	True	source	False	True	False	False	1	source	True	INCLUDE	Isolation source explicitly indicates direct plant association or plant biological material.	isolation_source
GCF_040937925.1	Bacillus cereus	1396	DJ29	Complete Genome		2024-07-29	Hubei University	PRJNA1132361	SAMN42341497	DJ29	soil	tobacco rhizosphere soil	China: Enshi	2023-07-14	Microbe sample from Bacillus cereus		False	True	False	False	1	True	source	False	True	False	False	1	source	True	INCLUDE	Isolation source explicitly indicates direct plant association or plant biological material.	isolation_source
GCF_041366395.1	Bacillus cereus	1396	YB8	Scaffold		2024-08-19	Guizhou Academy of Tobacco Science	PRJNA1127315	SAMN41999947	YB8	tobacco	tobacco leaves	China: Guizhou	2024-04	Microbe sample from Bacillus cereus		True	True	False	False	2	True	host;source	False	True	False	False	1	source	True	INCLUDE	Isolation source explicitly indicates direct plant association or plant biological material.	isolation_source
GCF_044783125.1	Bacillus cereus	1396	BZR 736	Contig		2024-11-11	Institute Cytology and Genetics SB RAS	PRJNA1178861	SAMN44580889	BZR 736	wheat	root	Russia: Krasnodar territory, Pavlovsky district	2010-10-26	BZR736		True	True	False	False	2	True	host;source	False	True	False	False	1	source	True	INCLUDE	Isolation source explicitly indicates direct plant association or plant biological material.	isolation_source
GCF_048053955.1	Bacillus cereus	1396	KPR_C29	Contig		2025-02-25	Universiti Tunku Abdul Rahman	PRJNA692779	SAMN17370052	KPR_C29		Oil palm leaf	Malaysia: UTAR Kampar, Perak	2018-04	Bacillus cereus		False	True	False	False	1	True	source	False	True	False	False	1	source	True	INCLUDE	Isolation source explicitly indicates direct plant association or plant biological material.	isolation_source
GCF_050510835.1	Bacillus cereus	1396	YX7	Scaffold		2025-05-21	NJAU	PRJNA1255786	SAMN48155366	YX7	Zea mays	rhizosphere	China:Yunnan	2021-05-02	Microbe sample from Bacillus cereus		False	True	False	False	1	True	source	False	True	False	False	1	source	True	INCLUDE	Isolation source explicitly indicates direct plant association or plant biological material.	isolation_source
GCF_050510875.1	Bacillus cereus	1396	RZ9	Scaffold		2025-05-21	NJAU	PRJNA1255786	SAMN48155365	RZ9	Zea mays	rhizosphere	China:Shandong	2021-05-02	Microbe sample from Bacillus cereus		False	True	False	False	1	True	source	False	True	False	False	1	source	True	INCLUDE	Isolation source explicitly indicates direct plant association or plant biological material.	isolation_source
GCF_052601275.1	Bacillus cereus	1396	DCN1	Chromosome		2025-09-14	IPB University	PRJNA1291069	SAMN49946576	DCN1	Syzygium aromaticum L.	leaf	Indonesia: Bogor	2024-01	Microbe sample from Bacillus cereus		False	True	False	False	1	True	source	False	True	False	False	1	source	True	INCLUDE	Isolation source explicitly indicates direct plant association or plant biological material.	isolation_source
GCF_053291905.1	Bacillus cereus	1396	BCR1	Complete Genome		2025-11-01	Beijing University of Agriculture	PRJNA1293753	SAMN50033524	BCR1		Cypress rhizosphere soil	China:Beijing	not collected	Microbe sample from Bacillus cereus		False	True	False	False	1	True	source	False	True	False	False	1	source	True	INCLUDE	Isolation source explicitly indicates direct plant association or plant biological material.	isolation_source
GCF_053894975.1	Bacillus cereus	1396	A1	Contig		2025-12-10	Jagannath University	PRJNA1366070	SAMN53301951	A1	Oryza sativa	roots	Bangladesh	2025-08	Microbe sample from Bacillus cereus		False	True	False	False	1	True	source	False	True	False	False	1	source	True	INCLUDE	Isolation source explicitly indicates direct plant association or plant biological material.	isolation_source
GCF_054182725.1	Bacillus cereus	1396	PCR.B3	Contig		2025-12-24	Joint Vietnam-Russia Tropical Science and Technology Research Center	PRJNA1387186	SAMN54133049	PCR.B3		plant roots in dioxin-contaminated soil area	Viet Nam: Phu Cat airport	2025	Microbe sample from Bacillus cereus		False	True	False	False	1	True	source	False	True	False	False	1	source	True	INCLUDE	Isolation source explicitly indicates direct plant association or plant biological material.	isolation_source
GCF_054850195.1	Bacillus cereus	1396	G5	Complete Genome		2026-01-30	Hunan Agriculture University	PRJNA1404917	SAMN54727843	G5		rhizosphere soil of rice	China:Changsha	2024-06	Microbe sample from Bacillus cereus		False	True	False	False	1	True	source	False	True	False	False	1	source	True	INCLUDE	Isolation source explicitly indicates direct plant association or plant biological material.	isolation_source
GCF_055793445.1	Bacillus cereus	1396	T1	Complete Genome		2026-03-11	Shaanxi University of Technology	PRJNA1414207	SAMN54896198	T1		rhizosphere soil of tea plant	China	2025-10-25	Microbe sample from Bacillus cereus		False	True	False	False	1	True	source	False	True	False	False	1	source	True	INCLUDE	Isolation source explicitly indicates direct plant association or plant biological material.	isolation_source
GCF_056428825.1	Bacillus cereus	1396	AA-6	Scaffold		2026-03-30	Hebei University	PRJNA1365479	SAMN53290081	AA-6	Ambrosia artemisiifolia	seed	China: Baoding	2023-06-18	Microbe sample from Bacillus cereus		False	True	False	False	1	True	source	False	True	False	False	1	source	True	INCLUDE	Isolation source explicitly indicates direct plant association or plant biological material.	isolation_source
GCF_056428865.1	Bacillus cereus	1396	AA-7	Scaffold		2026-03-30	Hebei University	PRJNA1365479	SAMN53290082	AA-7	Ambrosia artemisiifolia	seed	China: Baoding	2023-06-20	Microbe sample from Bacillus cereus		False	True	False	False	1	True	source	False	True	False	False	1	source	True	INCLUDE	Isolation source explicitly indicates direct plant association or plant biological material.	isolation_source
GCF_056431345.1	Bacillus cereus	1396	AA-182	Scaffold		2026-03-30	Hebei University	PRJNA1365479	SAMN54756674	AA-182	Ambrosia artemisiifolia	root	China: Baoding	2023-10-12	Microbe sample from Bacillus cereus		False	True	False	False	1	True	source	False	True	False	False	1	source	True	INCLUDE	Isolation source explicitly indicates direct plant association or plant biological material.	isolation_source
GCF_056521245.1	Bacillus cereus	1396	AA-5	Complete Genome		2026-04-02	Hebei University	PRJNA1365479	SAMN53286933	AA-5	Ambrosia artemisiifolia	seed	China: Baoding	2023-06-08	Microbe sample from Bacillus cereus		False	True	False	False	1	True	source	False	True	False	False	1	source	True	INCLUDE	Isolation source explicitly indicates direct plant association or plant biological material.	isolation_source
GCF_056674915.1	Bacillus cereus	1396	Medicinal_03	Contig		2026-04-11	MNS-University of Agriculture	PRJNA1290071	SAMN49909478	Medicinal_03	Medicinal plants	soil rhizosphere	Pakistan: Lahore	2023-08-01	Microbe sample from Bacillus cereus		True	True	False	False	2	True	host;source	False	True	False	False	1	source	True	INCLUDE	Isolation source explicitly indicates direct plant association or plant biological material.	isolation_source
GCF_057334035.1	Bacillus cereus	1396	AGC80	Contig		2026-05-07	African Genome Center	PRJNA1133887	SAMN43406670	AGC80	plant	roots	not provided	2022-05-27	WGS-endobacterial		True	True	False	False	2	True	host;source	False	True	False	False	1	source	True	INCLUDE	Isolation source explicitly indicates direct plant association or plant biological material.	isolation_source
GCF_058067225.1	Bacillus cereus	1396	Cas-9	Complete Genome		2026-06-07	Centre of Advance studies, University of Agriculture	PRJNA1467863	SAMN60264400	Cas-9	cotton		Pakistan: Punjab, Faisalabad	2025-09-09	Microbe sample from Bacillus cereus	This project reports the complete genome sequencing and assembly of Bacillus cereus reconstructed from Oxford Nanopore metagenomic sequencing data obtained from symptomatic cotton leaf tissue collected in Faisalabad, Punjab, Pakistan.	True	False	False	True	2	True	host;comment	False	False	False	True	1	comment	True	INCLUDE	Isolation source is unavailable, but other BioSample metadata explicitly indicates direct plant association or plant biological material.	other_explicit_metadata
GCF_059078195.1	Bacillus cereus	1396	SNC206	Scaffold		2026-07-07	University of Dhaka	PRJNA1482655	SAMN61130708	SNC206		root nodule	Bangladesh: Comilla	2021-11	Microbe sample from Bacillus cereus		False	True	False	False	1	True	source	False	True	False	False	1	source	True	INCLUDE	Isolation source explicitly indicates direct plant association or plant biological material.	isolation_source
GCF_059740395.1	Bacillus cereus	1396	CMML20-21	Complete Genome		2026-08-01	Chonnam National University	PRJNA1484225	SAMN49984844	CMML20-21	Zoysia japonica	root	South Korea: Hwasun	2020-06-21	Bacillus cereus CMML20-21	This BioSample describes the isolation and identification of Bacillus cereus strains CMML20-21, CMML20-22, and CMML20-23, which were isolated from the roots of Zoysia grass in Hwasun, South Korea.	False	True	False	True	2	True	source;comment	False	True	False	True	2	source;comment	True	INCLUDE	Isolation source explicitly indicates direct plant association or plant biological material.	isolation_source
GCF_059814295.1	Bacillus cereus	1396	MHES1	Scaffold		2026-08-04	Gazipur Agricultural University	PRJNA1496946	SAMN61761194	MHES1	Rotala ramosior	rhizosphere	Bangladesh: Patuakhali	2024-12-18	Microbe sample from Bacillus cereus		False	True	False	False	1	True	source	False	True	False	False	1	source	True	INCLUDE	Isolation source explicitly indicates direct plant association or plant biological material.	isolation_source
GCF_059814395.1	Bacillus cereus	1396	MHES3	Scaffold		2026-08-04	Gazipur Agricultural University	PRJNA1497355	SAMN61801243	MHES3	Solanum lycopersicum	rhizosphere	Bangladesh: Bagerhat	2021-08-03	Microbe sample from Bacillus cereus		False	True	False	False	1	True	source	False	True	False	False	1	source	True	INCLUDE	Isolation source explicitly indicates direct plant association or plant biological material.	isolation_source
GCF_059975615.1	Bacillus cereus	1396	MHES7	Scaffold		2026-08-10	Gazipur Agricultural University	PRJNA1497533	SAMN61809853	MHES7	Solanum lycopersicum	rhizosphere	Bangladesh: Rajshahi	2024-12-15	Microbe sample from Bacillus cereus		False	True	False	False	1	True	source	False	True	False	False	1	source	True	INCLUDE	Isolation source explicitly indicates direct plant association or plant biological material.	isolation_source
GCF_060992135.1	Bacillus cereus	1396	MHES9	Scaffold		2026-09-07	Gazipur Agricultural University	PRJNA1521480	SAMN62801893	MHES9	Weed plant	rhizosphere	Bangladesh: Patuakhali	2019-05-16	Microbe sample from Bacillus cereus		True	True	False	False	2	True	host;source	False	True	False	False	1	source	True	INCLUDE	Isolation source explicitly indicates direct plant association or plant biological material.	isolation_source
GCF_061143345.1	Bacillus cereus	1396	CBS_B5	Contig		2026-09-09	Mohammed VI Polytechnic University	PRJNA1280512	SAMN49845414	CBS_B5	Beta vulgaris subsp. vulgaris	rhizosphere; greenhouse soil mixture (equal parts of agricultural soil, sand, and peat moss); irrigation: saline water	Egypt: Giza, Agricultural Research Center	2025-01-01	MIGS Cultured Bacterial/Archaeal sample from Bacillus cereus	Keywords: GSC:MIxS;MIGS:6.0	False	True	False	False	1	True	source	False	True	False	False	1	source	True	INCLUDE	Isolation source explicitly indicates direct plant association or plant biological material.	isolation_source
GCF_061541925.1	Bacillus cereus	1396	CBS_B2	Scaffold		2026-09-21	Mohammed VI Polytechnic University	PRJNA1280512	SAMN49825697	CBS_B2	Beta vulgaris subsp. vulgaris	rhizosphere; greenhouse soil mixture (equal parts of agricultural soil, sand, and peat moss); irrigation: saline water	Egypt: Giza, Agricultural Research Center	2025-01-01	MIGS Cultured Bacterial/Archaeal sample from Bacillus cereus	Keywords: GSC:MIxS;MIGS:6.0	False	True	False	False	1	True	source	False	True	False	False	1	source	True	INCLUDE	Isolation source explicitly indicates direct plant association or plant biological material.	isolation_source
GCF_061541955.1	Bacillus cereus	1396	CBS_B4	Contig		2026-09-21	Mohammed VI Polytechnic University	PRJNA1280512	SAMN49830560	CBS_B4	Beta vulgaris subsp. vulgaris	rhizosphere; greenhouse soil mixture (equal parts of agricultural soil, sand, and peat moss); irrigation: saline water	Egypt: Giza, Agricultural Research Center	2025-01-01	MIGS Cultured Bacterial/Archaeal sample from Bacillus cereus	Keywords: GSC:MIxS;MIGS:6.0	False	True	False	False	1	True	source	False	True	False	False	1	source	True	INCLUDE	Isolation source explicitly indicates direct plant association or plant biological material.	isolation_source
GCF_002224345.1	Bacillus cereus C1L	1003239	C1L	Complete Genome		2017-07-24	National Chiayi University	PRJNA394634	SAMN07357037	C1L		rhizosphere	Taiwan: Taroko National Park, Hualien	2003-07-10	Bacillus cereus C1L		False	True	False	False	1	True	source	False	True	False	False	1	source	True	INCLUDE	Isolation source explicitly indicates direct plant association or plant biological material.	isolation_source
GCF_006494425.1	Bacillus dicomae	3088378	MHSD28	Contig		2019-06-26	University of Johannesburg	PRJNA549839	SAMN12098152	MHSD28	Dicoma anomala	leaves	South Africa:Limpopo	2018-04	Microbe sample from Bacillus dicomae		False	True	False	False	1	True	source	False	True	False	False	1	source	True	INCLUDE	Isolation source explicitly indicates direct plant association or plant biological material.	isolation_source
GCF_036289505.1	Bacillus glycinifermentans	1664069	IS2	Contig		2024-01-30	Ribosite Biotechnology	PRJNA972986	SAMN35102887	IS2	palm	rhizosphere	Tunisia	2016-03-01	Microbe sample from Bacillus glycinifermentans		False	True	False	False	1	True	source	False	True	False	False	1	source	True	INCLUDE	Isolation source explicitly indicates direct plant association or plant biological material.	isolation_source
GCF_979925865.1	Bacillus haikouensis	1510468		Complete Genome	reference genome	2026-02-16	University of Crete, Department of Biology	PRJEB93985	SAMEA118781421		Crithmum maritimum		Greece	2018-07-01	Microbe isolated from the root of Crithmum maritimum	Data associated with the SRL544 endophytic microbial isolate from root extracts Crithmum maritimum	False	False	True	True	2	True	title;comment	False	False	True	True	2	title;comment	True	INCLUDE	Isolation source is unavailable, but other BioSample metadata explicitly indicates direct plant association or plant biological material.	other_explicit_metadata
GCF_013179555.1	Bacillus haikouensis	1510468	CrR16	Scaffold		2020-05-27	University of Exeter	PRJNA634334	SAMN14989803	CrR16	Crithmum maritimum	root	Greece:Crete	not collected	Microbe sample from Bacillus haikouensis		False	True	False	False	1	True	source	False	True	False	False	1	source	True	INCLUDE	Isolation source explicitly indicates direct plant association or plant biological material.	isolation_source
GCF_004006435.1	Bacillus halotolerans	260554	ZB201702	Complete Genome	reference genome	2019-01-09	Beijing Academy of Agriculture and Forestry Sciences	PRJNA470606	SAMN09095924	ZB201702		dry salty rhizosphere soil of maize	China: Inner Mongolia	2017-06-09	MIGS Cultured Bacterial/Archaeal sample from Bacillus halotolerans	Keywords: GSC:MIxS;MIGS:6.0	False	True	False	False	1	True	source	False	True	False	False	1	source	True	INCLUDE	Isolation source explicitly indicates direct plant association or plant biological material.	isolation_source
GCF_002914545.1	Bacillus halotolerans	260554	MS50-18A	Contig		2018-02-02	Laboratorio de Secuenciación, Unidad Ciencias Biológicas, Universidad Autonoma de Zacatecas.	PRJNA343056	SAMN05846291	MS50-18A			Mexico: San Luis Potosi, Santo Domingo	2013-10-07	Soil and rhyzosphere bacteria isolates antagonistic to pepper root pathogens_3	Keywords: GSC:MIxS;MIGS:6.0	False	False	True	False	1	True	title	False	False	True	False	1	title	True	INCLUDE	Isolation source is unavailable, but other BioSample metadata explicitly indicates direct plant association or plant biological material.	other_explicit_metadata
GCF_002993735.1	Bacillus halotolerans	260554	B19	Contig		2018-03-12	University of Neuchatel	PRJNA437158	SAMN08640357	B19		Rhizosphere of wheat plant	Algeria: Setif	2017-03-15	Microbe sample from Bacillus halotolerans		False	True	False	False	1	True	source	False	True	False	False	1	source	True	INCLUDE	Isolation source explicitly indicates direct plant association or plant biological material.	isolation_source
GCF_002993745.1	Bacillus halotolerans	260554	86	Contig		2018-03-12	University of Neuchatel	PRJNA437158	SAMN08640360	86	Limoniastrum monopetalum	roots	Tunisia: Agareb	2017-03-15	Microbe sample from Bacillus halotolerans		False	True	False	False	1	True	source	False	True	False	False	1	source	True	INCLUDE	Isolation source explicitly indicates direct plant association or plant biological material.	isolation_source
GCF_002993765.1	Bacillus halotolerans	260554	36	Contig		2018-03-12	University of Neuchatel	PRJNA437158	SAMN08640358	36	Limoniastrum monopetalum	roots	Tunisia: Agareb	2017-03-15	Microbe sample from Bacillus halotolerans		False	True	False	False	1	True	source	False	True	False	False	1	source	True	INCLUDE	Isolation source explicitly indicates direct plant association or plant biological material.	isolation_source
GCF_013347105.1	Bacillus halotolerans	260554	KKD1	Complete Genome		2020-06-16	Qinghai University	PRJNA637471	SAMN15143341	KKD1		saline-alkali rhizosphere soil of Androsace umbellata in Hoh Xil	China:Qinghai	2010-07	Microbe sample from Bacillus halotolerans		False	True	False	False	1	True	source	False	True	False	False	1	source	True	INCLUDE	Isolation source explicitly indicates direct plant association or plant biological material.	isolation_source
GCF_016767255.1	Bacillus halotolerans	260554	Cal.l.30	Contig		2021-01-28	Agricultural University of Athens	PRJNA681331	SAMN16949411	Cal.l.30	Calendula sp.	leaves, endophytic	Greece: Spata	2016-12	MIGS Cultured Bacterial/Archaeal sample from Bacillus halotolerans	Keywords: GSC:MIxS;MIGS:6.0	False	True	False	False	1	True	source	False	True	False	False	1	source	True	INCLUDE	Isolation source explicitly indicates direct plant association or plant biological material.	isolation_source
GCF_016767285.1	Bacillus halotolerans	260554	B.L.Ns.14	Scaffold		2021-01-28	Agricultural University of Athens	PRJNA681329	SAMN16949413	B.L.Ns.14	Nigella sativa	roots, endophytic	Greece: Agricultural University of Athens	2016-06	MIGS Cultured Bacterial/Archaeal sample from Bacillus halotolerans	Keywords: GSC:MIxS;MIGS:6.0	False	True	False	False	1	True	source	False	True	False	False	1	source	True	INCLUDE	Isolation source explicitly indicates direct plant association or plant biological material.	isolation_source
GCF_016767295.1	Bacillus halotolerans	260554	Cal.l.11	Contig		2021-01-28	Agricultural University of Athens	PRJNA681332	SAMN16949418	Cal.l.11	Calendula sp.	leaves, endophytic	Greece: Spata	2016-12	MIGS Cultured Bacterial/Archaeal sample from Bacillus halotolerans	Keywords: GSC:MIxS;MIGS:6.0	False	True	False	False	1	True	source	False	True	False	False	1	source	True	INCLUDE	Isolation source explicitly indicates direct plant association or plant biological material.	isolation_source
GCF_016767335.1	Bacillus halotolerans	260554	Cal.f.4	Contig		2021-01-28	Agricultural University of Athens	PRJNA681333	SAMN16949417	Cal.f.4	Calendula sp.	flowers, endophytic	Greece: Spata	2016-12	MIGS Cultured Bacterial/Archaeal sample from Bacillus halotolerans	Keywords: GSC:MIxS;MIGS:6.0	False	True	False	False	1	True	source	False	True	False	False	1	source	True	INCLUDE	Isolation source explicitly indicates direct plant association or plant biological material.	isolation_source
GCF_018729275.1	Bacillus halotolerans	260554	PK12 (Hil4)	Contig		2021-06-06	Agricultural University of Athens	PRJNA733897	SAMN19461816	PK12 (Hil4)	Hypericum hircinum	leaves	Greece: Spata	2016-12	MIGS Cultured Bacterial/Archaeal sample from Bacillus halotolerans	Keywords: GSC:MIxS;MIGS:6.0	False	True	False	False	1	True	source	False	True	False	False	1	source	True	INCLUDE	Isolation source explicitly indicates direct plant association or plant biological material.	isolation_source
GCF_019149305.1	Bacillus halotolerans	260554	B-36	Contig		2021-07-06	ICAR-Indian Agricultural Research Institute, New Delhi	PRJNA691940	SAMN17207826	B-36		rhizosphere soil	India	2015-12-31	Bacillus subtilis- B-36	Bacillus subtilis- a biocontrol agent	False	True	False	False	1	True	source	False	True	False	False	1	source	True	INCLUDE	Isolation source explicitly indicates direct plant association or plant biological material.	isolation_source
GCF_020682985.1	Bacillus halotolerans	260554	A1	Contig		2021-10-30	NIBGE	PRJNA773590	SAMN22498407	A1	not applicable	rhizospheric soil	Pakistan	2018-03-26	Microbe sample from Bacillus halotolerans		False	True	False	False	1	True	source	False	True	False	False	1	source	True	INCLUDE	Isolation source explicitly indicates direct plant association or plant biological material.	isolation_source
GCF_020685165.1	Bacillus halotolerans	260554	SpS5	Contig		2021-10-31	CBBC	PRJNA761700	SAMN21971836	SpS5	Solanum tuberosum	stem	Tunisia:Cap Bon	2009	SpS_5		False	True	False	False	1	True	source	False	True	False	False	1	source	True	INCLUDE	Isolation source explicitly indicates direct plant association or plant biological material.	isolation_source
GCF_024266645.1	Bacillus halotolerans	260554	MEC_B334	Complete Genome		2022-07-14	The Institute of Medicinal Plant Development	PRJNA856117	SAMN29515286	MEC_B334		American ginseng Root	China:Shandong	2021-10-31	Microbe sample from Bacillus halotolerans		False	True	False	False	1	True	source	False	True	False	False	1	source	True	INCLUDE	Isolation source explicitly indicates direct plant association or plant biological material.	isolation_source
GCF_024706235.1	Bacillus halotolerans	260554	IcBac2.1	Contig		2022-08-17	Universidad Nacional Agraria La Molina	PRJNA848436	SAMN29005956	IcBac2.1	Phaseolus vulgaris	rhizospheric soil	Peru	2015	Bacillus halotolerans IcBac2.1		False	True	False	False	1	True	source	False	True	False	False	1	source	True	INCLUDE	Isolation source explicitly indicates direct plant association or plant biological material.	isolation_source
GCF_026967595.1	Bacillus halotolerans	260554	B13	Complete Genome		2022-12-18	Shandong Agricultural University	PRJNA909962	SAMN32106085	B13		Sweet potato rhizosphere soil	China:Shandong	2021-10-10	Microbe sample from Bacillus halotolerans		False	True	False	False	1	True	source	False	True	False	False	1	source	True	INCLUDE	Isolation source explicitly indicates direct plant association or plant biological material.	isolation_source
GCF_030123205.1	Bacillus halotolerans	260554	LN2	Complete Genome		2023-05-27	Technical University of Denmark	PRJNA960711	SAMN34374967	LN2		rhizosphere soil	China: Longnan, Gansu Province	missing	Microbe sample from Bacillus halotolerans		False	True	False	False	1	True	source	False	True	False	False	1	source	True	INCLUDE	Isolation source explicitly indicates direct plant association or plant biological material.	isolation_source
GCF_030292055.1	Bacillus halotolerans	260554	KF17	Complete Genome		2023-06-20	Technical University of Denmark	PRJNA960711	SAMN34374963	KF17		rhizosphere soil	China: Kaifeng, Henan Province	missing	Microbe sample from Bacillus halotolerans		False	True	False	False	1	True	source	False	True	False	False	1	source	True	INCLUDE	Isolation source explicitly indicates direct plant association or plant biological material.	isolation_source
GCF_031001775.1	Bacillus halotolerans	260554	SCCPVE07	Contig		2023-08-30	University of Salamanca	PRJNA556215	SAMN12342662	SCCPVE07	Phaseolus vulgaris	nodule	Spain: Salamanca	2014-02	MIGS Cultured Bacterial/Archaeal sample from Bacillus halotolerans	Keywords: GSC:MIxS;MIGS:6.0	False	True	False	False	1	True	source	False	True	False	False	1	source	True	INCLUDE	Isolation source explicitly indicates direct plant association or plant biological material.	isolation_source
GCF_032763365.1	Bacillus halotolerans	260554	Q2H2	Complete Genome		2023-10-17	Inner Mongolia Agricultural University	PRJNA1025920	SAMN37729246	Q2H2	potato	endophyte from hree year continuous cropping of potato root	China: Inner Mongolia	2020-09-10	Microbe sample from Bacillus halotolerans		True	True	False	False	2	True	host;source	False	True	False	False	1	source	True	INCLUDE	Isolation source explicitly indicates direct plant association or plant biological material.	isolation_source
GCF_040256795.1	Bacillus halotolerans	260554	OM-41	Chromosome		2024-06-20	National Centre for Scientific and Technical Research (CNRST), Rabat, Morocco	PRJNA1118093	SAMN41599398	OM-41	Olea europaea	rhizosphere	Morocco	2012	Microbe sample from Bacillus halotolerans		False	True	False	False	1	True	source	False	True	False	False	1	source	True	INCLUDE	Isolation source explicitly indicates direct plant association or plant biological material.	isolation_source
GCF_041222785.1	Bacillus halotolerans	260554	XYK2-4	Complete Genome		2024-08-12	Inner Mongolia Agricultural University	PRJNA1144181	SAMN43028438	XYK2-4		rhizosphere soil	China: Weinan town, Shaanxi Province	2021-07	Microbe sample from Bacillus halotolerans		False	True	False	False	1	True	source	False	True	False	False	1	source	True	INCLUDE	Isolation source explicitly indicates direct plant association or plant biological material.	isolation_source
GCF_044628115.1	Bacillus halotolerans	260554	Can19L	Scaffold		2024-11-06	All-Russia Research Institute for Agricultural Microbiology	PRJNA1180787	SAMN44528262	Can19L	Chenopodium album	leaves	Russia: Stavropol Krai	2024	Bacillus halotolerans strain Can19L, isolated from Chenopodium album leaves		False	True	True	False	2	True	source;title	False	True	True	False	2	source;title	True	INCLUDE	Isolation source explicitly indicates direct plant association or plant biological material.	isolation_source
GCF_044901705.1	Bacillus halotolerans	260554	BZR 670	Contig		2024-11-13	Institute Cytology and Genetics SB RAS	PRJNA1178861	SAMN44596380	BZR 670	wheat	root	Russia: Krasnodar territory, Krylovskoy district	2010-11-02	BZR670		True	True	False	False	2	True	host;source	False	True	False	False	1	source	True	INCLUDE	Isolation source explicitly indicates direct plant association or plant biological material.	isolation_source
GCF_052585365.1	Bacillus halotolerans	260554	B19	Contig		2025-09-12	University of Malaga	PRJNA1291103	SAMN49947269	B19	avacado	rhizosphere	Spain:Malaga	2023-05	MIGS Cultured Bacterial/Archaeal sample from Bacillus halotolerans	Keywords: GSC:MIxS;MIGS:6.0	False	True	False	False	1	True	source	False	True	False	False	1	source	True	INCLUDE	Isolation source explicitly indicates direct plant association or plant biological material.	isolation_source
GCF_052585385.1	Bacillus halotolerans	260554	B21	Contig		2025-09-12	University of Malaga	PRJNA1291103	SAMN49947362	B21	avacado	rhizosphere	Spain:Malaga	2025-07	MIGS Cultured Bacterial/Archaeal sample from Bacillus halotolerans	Keywords: GSC:MIxS;MIGS:6.0	False	True	False	False	1	True	source	False	True	False	False	1	source	True	INCLUDE	Isolation source explicitly indicates direct plant association or plant biological material.	isolation_source
GCF_052693045.1	Bacillus halotolerans	260554	4-1a1Rz	Contig		2025-09-17	Progenics Laboratories Pvt. Ltd.	PRJNA1311002	SAMN50786938	4-1a1Rz	Hippophae rhamnoides	rhizospheric soil	India	2023	Microbe sample from Bacillus halotolerans		False	True	False	False	1	True	source	False	True	False	False	1	source	True	INCLUDE	Isolation source explicitly indicates direct plant association or plant biological material.	isolation_source
GCF_053570985.1	Bacillus halotolerans	260554	FOX19	Contig		2025-11-19	Democritus University of Thrace	PRJNA1321180	SAMN51205491	FOX19	Solanum chilense	rhizosphere	Greece: Thrace, Orestiada	2023-06	Microbe sample from Bacillus halotolerans		False	True	False	False	1	True	source	False	True	False	False	1	source	True	INCLUDE	Isolation source explicitly indicates direct plant association or plant biological material.	isolation_source
GCF_056519215.1	Bacillus halotolerans	260554	MGMM119	Complete Genome		2026-04-01	Laboratory of Molecular Genetics and Microbiology Methods	PRJNA1440239	SAMN56607861	MGMM119		rhizosphere	Russia: Tatarstan, Vysokogorsky region	2022-06	Microbe sample from Bacillus halotolerans		False	True	False	False	1	True	source	False	True	False	False	1	source	True	INCLUDE	Isolation source explicitly indicates direct plant association or plant biological material.	isolation_source
GCF_057334235.1	Bacillus halotolerans	260554	AGC66	Contig		2026-05-07	African Genome Center	PRJNA1133887	SAMN43406658	AGC66	plant	roots	not provided	2022-05-27	WGS-endobacterial		True	True	False	False	2	True	host;source	False	True	False	False	1	source	True	INCLUDE	Isolation source explicitly indicates direct plant association or plant biological material.	isolation_source
GCF_057334495.1	Bacillus halotolerans	260554	AGC49	Scaffold		2026-05-07	African Genome Center	PRJNA1133887	SAMN43406643	AGC49	plant	roots	not provided	2022-05-27	WGS-endobacterial		True	True	False	False	2	True	host;source	False	True	False	False	1	source	True	INCLUDE	Isolation source explicitly indicates direct plant association or plant biological material.	isolation_source
GCF_057334575.1	Bacillus halotolerans	260554	AGC40	Contig		2026-05-07	African Genome Center	PRJNA1133887	SAMN43406635	AGC40	plant	Foliar	not provided	2022-05-27	WGS-endobacterial		True	False	False	False	1	True	host	False	True	False	False	1	source	True	INCLUDE	Isolation source explicitly indicates direct plant association or plant biological material.	isolation_source
GCF_058091895.1	Bacillus halotolerans	260554	TE9	Scaffold		2026-06-07	San Pablo CEU University	PRJNA1470995	SAMN60435426	TE9	Arthrocaulon macrostachyum	rhizosphere of Arthrocnemum macrostachyum in a hypersaline environment	Spain: Salinas de Torrevieja, Alicante	2018-10	Bacillus halotolerans TE9 isolated from rhizosphere of Arthrocaulon macrostachyum, Salinas de Torrevieja, Spain	Keywords: GSC:MIxS;MIGS:6.0	False	True	True	False	2	True	source;title	False	True	True	False	2	source;title	True	INCLUDE	Isolation source explicitly indicates direct plant association or plant biological material.	isolation_source
GCF_058932585.1	Bacillus halotolerans	260554	Adn01R	Scaffold		2026-07-05	All-Russia Research Institute for Agricultural Microbiology	PRJNA1482339	SAMN61120579	Adn01R	Agropyron desertorum	roots	Russia:Stavropol region	2025	Bacillus halotolerans strain Adn01R		False	True	False	False	1	True	source	False	True	False	False	1	source	True	INCLUDE	Isolation source explicitly indicates direct plant association or plant biological material.	isolation_source
GCF_059547565.1	Bacillus halotolerans	260554	PS17	Complete Genome		2026-07-21	Laboratory of Molecular Genetics and Microbiology Methods	PRJNA1482235	SAMN61118080	PS17	Triticum aestivum	Seed-Borne Endophyte	Tajikistan	2017-10-22	Microbe sample from Bacillus halotolerans		False	True	False	False	1	True	source	False	True	False	False	1	source	True	INCLUDE	Isolation source explicitly indicates direct plant association or plant biological material.	isolation_source
GCF_059818285.1	Bacillus halotolerans	260554	DC12	Contig		2026-08-04	National Centre for Cell Science	PRJNA1459003	SAMN57538575	DC12		rhizosphere	India	2023	Microbe sample from Bacillus halotolerans		False	True	False	False	1	True	source	False	True	False	False	1	source	True	INCLUDE	Isolation source explicitly indicates direct plant association or plant biological material.	isolation_source
GCF_059958825.1	Bacillus halotolerans	260554	BY-S2	Complete Genome		2026-08-10	Henan Agricultural University	PRJNA1021987	SAMN37577689	BY-S2		Tobacco rhizosphere soil	China	2022-06-07	bacillus halotolerans isolated from tobacco rhizosphere soil		False	True	True	False	2	True	source;title	False	True	True	False	2	source;title	True	INCLUDE	Isolation source explicitly indicates direct plant association or plant biological material.	isolation_source
GCF_019598985.1	Bacillus inaquosorum	483913	CCSR02	Chromosome		2021-08-15	The Islamia University of Bahawalpur	PRJNA752023	SAMN20567150	CCSR02	Cenchrus ciliaris	Rhizospheric soil from Cenchrus ciliaris	Pakistan: Cholistan desert, Bahawalpur	2015	MIGS Cultured Bacterial/Archaeal sample from Bacillus inaquosorum	Keywords: GSC:MIxS;MIGS:6.0	False	True	False	False	1	True	source	False	True	False	False	1	source	True	INCLUDE	Isolation source explicitly indicates direct plant association or plant biological material.	isolation_source
GCF_047302545.1	Bacillus inaquosorum	483913	SY1167	Complete Genome		2025-01-29	University of Arizona	PRJNA1183431	SAMN44627544	SY1167	Lactuca serriola	root	USA:Tucson	2014-10	Microbe sample from Bacillus inaquosorum	Endophyte from living root of Lactuca serriola (wild lettuce)	False	True	False	True	2	True	source;comment	False	True	False	True	2	source;comment	True	INCLUDE	Isolation source explicitly indicates direct plant association or plant biological material.	isolation_source
GCF_051487605.1	Bacillus inaquosorum	483913	IR026	Contig		2025-07-22	KAUST	PRJNA740144	SAMN19781423	IR026	Indigofera argentea Burm.f.	root nodules	Saudi Arabia: Jizan	2012-02-13	MIGS Cultured Bacterial/Archaeal sample from Bacillus inaquosorum	Keywords: GSC:MIxS;MIGS:6.0	False	True	False	False	1	True	source	False	True	False	False	1	source	True	INCLUDE	Isolation source explicitly indicates direct plant association or plant biological material.	isolation_source
GCF_979912685.1	Bacillus infantis	324767		Complete Genome	reference genome	2026-02-16	University of Crete, Department of Biology	PRJEB93985	SAMEA118781415		Frankenia sp.		Greece	2021-05-29	Microbe isolated from the leaves of Frankenia sp.	Data associated with the SRL369 endophytic microbial isolate from leaf extracts Frankenia sp.	False	False	True	True	2	True	title;comment	False	False	True	True	2	title;comment	True	INCLUDE	Isolation source is unavailable, but other BioSample metadata explicitly indicates direct plant association or plant biological material.	other_explicit_metadata
GCF_001876545.1	Bacillus licheniformis	1402	RE1.58	Contig		2016-11-10	CSIR-Institute of Microbial Technology	PRJNA316783	SAMN04590050	RE1.58	rice	Rice seed	India: Punjab	2014	Microbe sample from Bacillus licheniformis	Endophyte	True	True	False	True	3	True	host;source;comment	False	True	False	True	2	source;comment	True	INCLUDE	Isolation source explicitly indicates direct plant association or plant biological material.	isolation_source
GCF_001876555.1	Bacillus licheniformis	1402	RE1.59	Contig		2016-11-10	CSIR-Institute of Microbial Technology	PRJNA316783	SAMN04590051	RE1.59	rice	Rice seed	India: Punjab	2014	Microbe sample from Bacillus licheniformis	Endophyte	True	True	False	True	3	True	host;source;comment	False	True	False	True	2	source;comment	True	INCLUDE	Isolation source explicitly indicates direct plant association or plant biological material.	isolation_source
GCF_001876575.1	Bacillus licheniformis	1402	RE1.60	Contig		2016-11-10	CSIR-Institute of Microbial Technology	PRJNA316783	SAMN04590052	RE1.60	rice	Rice seed	India: Punjab	2014	Microbe sample from Bacillus licheniformis	Endophyte	True	True	False	True	3	True	host;source;comment	False	True	False	True	2	source;comment	True	INCLUDE	Isolation source explicitly indicates direct plant association or plant biological material.	isolation_source
GCF_001876655.1	Bacillus licheniformis	1402	RE1.61	Contig		2016-11-10	CSIR-Institute of Microbial Technology	PRJNA316783	SAMN04590053	RE1.61	rice	Rice seed	India: Punjab	2014	Microbe sample from Bacillus licheniformis	Endophyte	True	True	False	True	3	True	host;source;comment	False	True	False	True	2	source;comment	True	INCLUDE	Isolation source explicitly indicates direct plant association or plant biological material.	isolation_source
GCF_020686785.1	Bacillus licheniformis	1402	BF25_1	Contig		2021-10-31	CBBC	PRJNA761700	SAMN21358417	BF25_1	Medicago truncatula	plant leaf	Tunisia: Bulla-Regia	2017-02	Microbe sample from Bacillus licheniformis		False	True	False	False	1	True	source	False	True	False	False	1	source	True	INCLUDE	Isolation source explicitly indicates direct plant association or plant biological material.	isolation_source
GCF_020686805.1	Bacillus licheniformis	1402	BF25_2	Contig		2021-10-31	CBBC	PRJNA761700	SAMN21467401	BF25_2	Medicago truncatula	leaf	Tunisia:Bulla-Regia	2017-02	Microbe sample from Bacillus licheniformis		False	True	False	False	1	True	source	False	True	False	False	1	source	True	INCLUDE	Isolation source explicitly indicates direct plant association or plant biological material.	isolation_source
GCF_020686825.1	Bacillus licheniformis	1402	BF25_3	Contig		2021-10-31	CBBC	PRJNA761700	SAMN21467574	BF25_3	Medicago truncatula	leaf	Tunisia: Bulla-Regia	2017-02	Microbe sample from Bacillus licheniformis		False	True	False	False	1	True	source	False	True	False	False	1	source	True	INCLUDE	Isolation source explicitly indicates direct plant association or plant biological material.	isolation_source
GCF_020686845.1	Bacillus licheniformis	1402	BF25_4	Contig		2021-10-31	CBBC	PRJNA761700	SAMN21467662	BF25_4	Medicago truncatula	leaf	Tunisia: Bulla-Regia	2017-02	Microbe sample from Bacillus licheniformis		False	True	False	False	1	True	source	False	True	False	False	1	source	True	INCLUDE	Isolation source explicitly indicates direct plant association or plant biological material.	isolation_source
GCF_029958265.1	Bacillus licheniformis	1402	WH4	Contig		2023-05-08	University of Tartu	PRJNA818535	SAMN34496773	WH4	Roystonea regia	root nodules	USA: Florida	2022-10-20	Microbe sample from Bacillus licheniformis		False	True	False	False	1	True	source	False	True	False	False	1	source	True	INCLUDE	Isolation source explicitly indicates direct plant association or plant biological material.	isolation_source
GCF_030284405.1	Bacillus licheniformis	1402	Jrh14-10	Complete Genome		2023-06-17	Northeast Forestry University	PRJNA981233	SAMN35669181	Jrh14-10		rhizosphere soil	China:Harbin	2020-09-15	Microbe sample from Bacillus licheniformis		False	True	False	False	1	True	source	False	True	False	False	1	source	True	INCLUDE	Isolation source explicitly indicates direct plant association or plant biological material.	isolation_source
GCF_046619435.1	Bacillus licheniformis	1402	MPB11	Complete Genome		2025-01-14	UAEU	PRJNA1199959	SAMN45893318	MPB11	Citrullus colocynthis	leaf and root of endophyte	United Arab Emirates: Al Ain	2022-01	Bacillus licheniformis isolated from plant leaf and root	Bacillus licheniformis isolated from plant leaf and root	False	True	True	True	3	True	source;title;comment	False	True	True	True	3	source;title;comment	True	INCLUDE	Isolation source explicitly indicates direct plant association or plant biological material.	isolation_source
GCF_046619505.1	Bacillus licheniformis	1402	MPB04	Complete Genome		2025-01-14	UAEU	PRJNA1199959	SAMN45893311	MPB04	Citrullus colocynthis	root	United Arab Emirates: Al Ain	2022-01	Bacillus licheniformis isolated from plant root	Bacillus licheniformis isolated from plant root	False	True	True	True	3	True	source;title;comment	False	True	True	True	3	source;title;comment	True	INCLUDE	Isolation source explicitly indicates direct plant association or plant biological material.	isolation_source
GCF_049801175.1	Bacillus licheniformis	1402	TRQ32	Contig		2025-04-18	Instituto Tecnologico de Sonora	PRJNA1080047	SAMN40604930	TRQ32	wheat	rhizosphere	Mexico: Yaqui Valley	2014	Microbe sample from Bacillus licheniformis		True	True	False	False	2	True	host;source	False	True	False	False	1	source	True	INCLUDE	Isolation source explicitly indicates direct plant association or plant biological material.	isolation_source
GCF_049990405.1	Bacillus licheniformis	1402	CGMCC 34071	Complete Genome		2025-04-29	Qilu University of Technology, Shandong Academy of Sciences	PRJNA1253368	SAMN48073764	CGMCC 34071		root system of maize	China:Shandong	2017-04-12	Microbe sample from Bacillus licheniformis		False	True	False	False	1	True	source	False	True	False	False	1	source	True	INCLUDE	Isolation source explicitly indicates direct plant association or plant biological material.	isolation_source
GCF_051810305.1	Bacillus licheniformis	1402	B9	Scaffold		2025-08-04	Nanjing Agricultural University	PRJNA1298475	SAMN50276522	B9		plant root samples	China: Nanjing	2024-12-12	Microbe sample from Bacillus licheniformis		False	True	False	False	1	True	source	False	True	False	False	1	source	True	INCLUDE	Isolation source explicitly indicates direct plant association or plant biological material.	isolation_source
GCF_054182705.1	Bacillus licheniformis	1402	PRPSB10	Scaffold		2025-12-24	Punjab Agricultural University	PRJNA1386785	SAMN54131381	PRPSB10	potato	rhizosphere	India	2021	Microbe sample from Bacillus licheniformis		True	True	False	False	2	True	host;source	False	True	False	False	1	source	True	INCLUDE	Isolation source explicitly indicates direct plant association or plant biological material.	isolation_source
GCF_060484235.1	Bacillus licheniformis	1402	EC-0027	Complete Genome		2026-08-27	University of Arizona	PRJNA1402701	SAMN54602205	EC-0027	Phaseolus acutifolius A. Gray		USA: Arizona, Maricopa Agricultural Center	2023-05-31	Root-associated Bacillus licheniformis EC-0027 from tepary bean	Keywords: GSC:MIxS;MIGS:6.0	False	False	True	False	1	True	title	False	False	True	False	1	title	True	INCLUDE	Isolation source is unavailable, but other BioSample metadata explicitly indicates direct plant association or plant biological material.	other_explicit_metadata
GCF_061208445.1	Bacillus licheniformis	1402	KeR 9	Contig		2026-09-11	laboratoire des substances bioactives	PRJNA1095867	SAMN48801569	KeR 9	potato	roots	Tunisia	2015-03	Microbe sample from Bacillus licheniformis		True	True	False	False	2	True	host;source	False	True	False	False	1	source	True	INCLUDE	Isolation source explicitly indicates direct plant association or plant biological material.	isolation_source
GCF_903970875.1	Bacillus licheniformis	1402	ME35	Contig		2020-07-30	CARDIFF SCHOOL OF BIOSCIENCES	PRJEB37902	SAMEA7026326	ME35	Terminalia bellirica	Terminalia bellirica leaf	India	2017-07-05/2017-08-28	Bacillus licheniformis ME35	Leaf endophyte Bacillus licheniformis ME35	False	True	False	True	2	True	source;comment	False	True	False	True	2	source;comment	True	INCLUDE	Isolation source explicitly indicates direct plant association or plant biological material.	isolation_source
GCF_949767885.1	Bacillus licheniformis	1402		Contig		2025-02-10	faculty of agriculture, university of belgrade	PRJEB59762	SAMEA112482754						IT-74MI3	rhizosphere bacteria	False	False	False	True	1	True	comment	False	False	False	True	1	comment	True	INCLUDE	Isolation source is unavailable, but other BioSample metadata explicitly indicates direct plant association or plant biological material.	other_explicit_metadata
GCF_050445615.1	Bacillus mexicanus	2834415	MoR6	Contig	reference genome	2025-05-19	laboratoire des substances bioactives	PRJNA1095867	SAMN40738003	MoR6	potato	roots	Tunisia	2015-03	Microbe sample from Bacillus mexicanus		True	True	False	False	2	True	host;source	False	True	False	False	1	source	True	INCLUDE	Isolation source explicitly indicates direct plant association or plant biological material.	isolation_source
GCF_057334155.1	Bacillus mobilis	2026190	AGC73	Scaffold		2026-05-07	African Genome Center	PRJNA1133887	SAMN43406664	AGC73	plant	roots	not provided	2022-05-27	WGS-endobacterial		True	True	False	False	2	True	host;source	False	True	False	False	1	source	True	INCLUDE	Isolation source explicitly indicates direct plant association or plant biological material.	isolation_source
GCF_060019415.1	Bacillus mojavensis	72360	5	Contig		2026-08-11	University of Science and Technology - Houari Boumediene	PRJNA1332706	SAMN61904126	5		rhizosphere soil	Algeria: Sidi Bel Abbes	2023	Microbe sample from Bacillus mojavensis		False	True	False	False	1	True	source	False	True	False	False	1	source	True	INCLUDE	Isolation source explicitly indicates direct plant association or plant biological material.	isolation_source
GCF_000931375.1	Bacillus mycoides	1405	B38V	Scaffold		2015-02-23	UFRGS	PRJNA272997	SAMN03288106	B38V		Sunflower (Helianthus annuus) rhizosphere	Brazil: Rio Grande do Sul	2010-04-01	Microbe sample from Bacillus mycoides	Bacillus mycoides B38V is a Gram-positive strain isolated from the sunflower rhizosphere by using semi-solid N-free medium and anaerobic conditions. The isolate has the potential to promote sunflower growth and contribute to NPK-content.	False	True	False	True	2	True	source;comment	False	True	False	True	2	source;comment	True	INCLUDE	Isolation source explicitly indicates direct plant association or plant biological material.	isolation_source
GCF_001757785.1	Bacillus mycoides	1405	GOE1	Contig		2016-10-12	Georg-August-University Goettingen, Genomic and Applied Microbiology, Goettingen Genomics Laboratory	PRJNA318323	SAMN04817074	GOE1		Tomato rhizosphere	Germany:Goettingen	2014-06	Microbe sample from Bacillus weihenstephanensis GOE1	Plant associated Bacillus weihenstephanensis	False	True	False	True	2	True	source;comment	False	True	False	False	1	source	True	INCLUDE	Isolation source explicitly indicates direct plant association or plant biological material.	isolation_source
GCF_001757825.1	Bacillus mycoides	1405	GOE2	Contig		2016-10-12	Georg-August-University Goettingen, Genomic and Applied Microbiology, Goettingen Genomics Laboratory	PRJNA318326	SAMN04817214	GOE2		Tomato rhizosphere	Germany:Goettingen	2014-06	Microbe sample from Bacillus weihenstephanensis GOE2	Plant associated Bacillus weihenstephanensis	False	True	False	True	2	True	source;comment	False	True	False	False	1	source	True	INCLUDE	Isolation source explicitly indicates direct plant association or plant biological material.	isolation_source
GCF_001757835.1	Bacillus mycoides	1405	GOE8	Contig		2016-10-12	Georg-August-University Goettingen, Genomic and Applied Microbiology, Goettingen Genomics Laboratory	PRJNA318340	SAMN04819585	GOE8		Tomato rhizosphere	Germany:Goettingen	2014-06	Microbe sample from Bacillus weihenstephanensis GOE8	Plant associated Bacillus weihenstephanensis	False	True	False	True	2	True	source;comment	False	True	False	False	1	source	True	INCLUDE	Isolation source explicitly indicates direct plant association or plant biological material.	isolation_source
GCF_001757845.1	Bacillus mycoides	1405	GOE9	Contig		2016-10-12	Georg-August-University Goettingen, Genomic and Applied Microbiology, Goettingen Genomics Laboratory	PRJNA318341	SAMN04819586	GOE9		Tomato rhizosphere	Germany:Goettingen	2014-06	Microbe sample from Bacillus weihenstephanensis GOE9	Plant associated Bacillus weihenstephanensis	False	True	False	True	2	True	source;comment	False	True	False	False	1	source	True	INCLUDE	Isolation source explicitly indicates direct plant association or plant biological material.	isolation_source
GCF_001757875.1	Bacillus mycoides	1405	GOE12	Contig		2016-10-12	Georg-August-University Goettingen, Genomic and Applied Microbiology, Goettingen Genomics Laboratory	PRJNA318344	SAMN04819589	GOE12		Tomato rhizosphere	Germany:Goettingen	2014-06	Microbe sample from Bacillus weihenstephanensis GOE12	Plant associated Bacillus weihenstephanensis	False	True	False	True	2	True	source;comment	False	True	False	False	1	source	True	INCLUDE	Isolation source explicitly indicates direct plant association or plant biological material.	isolation_source
GCF_001757905.1	Bacillus mycoides	1405	GOE11	Contig		2016-10-12	Georg-August-University Goettingen, Genomic and Applied Microbiology, Goettingen Genomics Laboratory	PRJNA318343	SAMN04819588	GOE11		Tomato rhizosphere	Germany:Goettingen	2014-06	Microbe sample from Bacillus weihenstephanensis GOE11	Plant associated Bacillus weihenstephanensis	False	True	False	True	2	True	source;comment	False	True	False	False	1	source	True	INCLUDE	Isolation source explicitly indicates direct plant association or plant biological material.	isolation_source
GCF_001757915.1	Bacillus mycoides	1405	GOE3	Contig		2016-10-12	Georg-August-University Goettingen, Genomic and Applied Microbiology, Goettingen Genomics Laboratory	PRJNA318333	SAMN04819580	GOE3		Tomato rhizosphere	Germany:Goettingen	2014-06	Microbe sample from Bacillus weihenstephanensis GOE3	Plant associated Bacillus weihenstephanensis	False	True	False	True	2	True	source;comment	False	True	False	False	1	source	True	INCLUDE	Isolation source explicitly indicates direct plant association or plant biological material.	isolation_source
GCF_001757935.1	Bacillus mycoides	1405	GOE4	Contig		2016-10-12	Georg-August-University Goettingen, Genomic and Applied Microbiology, Goettingen Genomics Laboratory	PRJNA318335	SAMN04819581	GOE4		Tomato rhizosphere	Germany:Goettingen	2014-06	Microbe sample from Bacillus weihenstephanensis GOE4	Plant associated Bacillus weihenstephanensis	False	True	False	True	2	True	source;comment	False	True	False	False	1	source	True	INCLUDE	Isolation source explicitly indicates direct plant association or plant biological material.	isolation_source
GCF_001757965.1	Bacillus mycoides	1405	GOE6	Contig		2016-10-12	Georg-August-University Goettingen, Genomic and Applied Microbiology, Goettingen Genomics Laboratory	PRJNA318337	SAMN04819583	GOE6		Tomato rhizosphere	Germany:Goettingen	2014-06	Microbe sample from Bacillus weihenstephanensis GOE6	Plant associated Bacillus weihenstephanensis	False	True	False	True	2	True	source;comment	False	True	False	False	1	source	True	INCLUDE	Isolation source explicitly indicates direct plant association or plant biological material.	isolation_source
GCF_001757985.1	Bacillus mycoides	1405	GOE7	Contig		2016-10-12	Georg-August-University Goettingen, Genomic and Applied Microbiology, Goettingen Genomics Laboratory	PRJNA318339	SAMN04819584	GOE7		Tomato rhizosphere	Germany:Goettingen	2014-06	Microbe sample from Bacillus weihenstephanensis GOE7	Plant associated Bacillus weihenstephanensis	False	True	False	True	2	True	source;comment	False	True	False	False	1	source	True	INCLUDE	Isolation source explicitly indicates direct plant association or plant biological material.	isolation_source
GCF_001757995.1	Bacillus mycoides	1405	GOE10	Contig		2016-10-12	Georg-August-University Goettingen, Genomic and Applied Microbiology, Goettingen Genomics Laboratory	PRJNA318342	SAMN04819587	GOE10		Tomato rhizosphere	Germany:Goettingen	2014-06	Microbe sample from Bacillus weihenstephanensis GOE10	Plant associated Bacillus weihenstephanensis	False	True	False	True	2	True	source;comment	False	True	False	False	1	source	True	INCLUDE	Isolation source explicitly indicates direct plant association or plant biological material.	isolation_source
GCF_001758015.1	Bacillus mycoides	1405	GOE13	Contig		2016-10-12	Georg-August-University Goettingen, Genomic and Applied Microbiology, Goettingen Genomics Laboratory	PRJNA318345	SAMN04819590	GOE13		Tomato rhizosphere	Germany:Goettingen	2014-06	Microbe sample from Bacillus weihenstephanensis GOE13	Plant associated Bacillus weihenstephanensis	False	True	False	True	2	True	source;comment	False	True	False	False	1	source	True	INCLUDE	Isolation source explicitly indicates direct plant association or plant biological material.	isolation_source
GCF_001855755.1	Bacillus mycoides	1405	GOE5	Contig		2016-10-28	Georg-August-University Goettingen, Genomic and Applied Microbiology, Goettingen Genomics Laboratory	PRJNA318336	SAMN04819582	GOE5		Tomato rhizosphere	Germany:Goettingen	2014-06	Microbe sample from Bacillus weihenstephanensis GOE5	Plant associated Bacillus weihenstephanensis	False	True	False	True	2	True	source;comment	False	True	False	False	1	source	True	INCLUDE	Isolation source explicitly indicates direct plant association or plant biological material.	isolation_source
GCF_024297165.1	Bacillus mycoides	1405	YL123	Scaffold		2022-07-17	National Research Council Canada	PRJNA857450	SAMN29625964	YL123	plant	roots	Canada:Laval	2022	Microbe sample from Bacillus cereus	Bacillus mycoides strain associated with plant roots	True	True	False	True	3	True	host;source;comment	False	True	False	True	2	source;comment	True	INCLUDE	Isolation source explicitly indicates direct plant association or plant biological material.	isolation_source
GCF_024498035.1	Bacillus mycoides	1405	115003-1	Contig		2022-07-31	Aarhus University	PRJNA858971	SAMN29762318	115003-1	Spinacia oleracea	leaves	Belgium	2020-08	Microbe sample from Bacillus mycoides		False	True	False	False	1	True	source	False	True	False	False	1	source	True	INCLUDE	Isolation source explicitly indicates direct plant association or plant biological material.	isolation_source
GCF_024498055.1	Bacillus mycoides	1405	B002-3	Contig		2022-07-31	Aarhus University	PRJNA858971	SAMN29762301	B002-3	Spinacia oleracea	leaves	Belgium	2020-08	Microbe sample from Bacillus mycoides		False	True	False	False	1	True	source	False	True	False	False	1	source	True	INCLUDE	Isolation source explicitly indicates direct plant association or plant biological material.	isolation_source
GCF_024498095.1	Bacillus mycoides	1405	B001-4	Contig		2022-07-31	Aarhus University	PRJNA858971	SAMN29762311	B001-4	Spinacia oleracea	leaves	Belgium	2020-08	Microbe sample from Bacillus mycoides		False	True	False	False	1	True	source	False	True	False	False	1	source	True	INCLUDE	Isolation source explicitly indicates direct plant association or plant biological material.	isolation_source
GCF_050209365.1	Bacillus mycoides	1405	LBUM447	Complete Genome		2025-05-06	McGill University	PRJNA1255136	SAMN48134738	LBUM447	Fragaria x ananassa	Strawberry rhizosphere	Canada: Bouctouche, province of New-Brunswick	2005	Microbe sample from Bacillus mycoides		False	True	False	False	1	True	source	False	True	False	False	1	source	True	INCLUDE	Isolation source explicitly indicates direct plant association or plant biological material.	isolation_source
GCF_050210445.1	Bacillus mycoides	1405	LBUM136	Complete Genome		2025-05-06	McGill University	PRJNA1255136	SAMN48134734	LBUM136	Fragaria x ananassa	Strawberry rhizosphere	Canada: Bouctouche, province of New-Brunswick	2004	Microbe sample from Bacillus mycoides		False	True	False	False	1	True	source	False	True	False	False	1	source	True	INCLUDE	Isolation source explicitly indicates direct plant association or plant biological material.	isolation_source
GCF_037027125.1	Bacillus nitratireducens	2026193	JJ1048	Scaffold		2024-03-05	Auburn University	PRJNA1078443	SAMN40001799	JJ1048	corn	rhizoplane	USA: Illinois	2014	Microbe sample from Bacillus nitratireducens		True	True	False	False	2	True	host;source	False	True	False	False	1	source	True	INCLUDE	Isolation source explicitly indicates direct plant association or plant biological material.	isolation_source
GCF_040492435.1	Bacillus nitratireducens	2026193	JJ868	Contig		2024-07-03	Auburn University	PRJNA1078443	SAMN40001952	JJ868	soybean	rhizoplane	USA: Wisconsin	2014	Microbe sample from Bacillus nitratireducens		True	True	False	False	2	True	host;source	False	True	False	False	1	source	True	INCLUDE	Isolation source explicitly indicates direct plant association or plant biological material.	isolation_source
GCF_047444815.1	Bacillus nitratireducens	2026193	LABIM53	Scaffold		2025-02-04	Universidade Estadual de Londrina - UEL	PRJNA1114765	SAMN41494691	LABIM53		rhizospheric soil	Brazil: Pontal do Parana, Parana	2020-01-20	Microbe sample from Bacillus nitratireducens		False	True	False	False	1	True	source	False	True	False	False	1	source	True	INCLUDE	Isolation source explicitly indicates direct plant association or plant biological material.	isolation_source
GCF_060371845.1	Bacillus nitratireducens	2026193		Contig		2026-08-24	North Carolina State University	PRJNA1509696	SAMN62274342			rhizosphere soil	USA:North Carolina	2025	Microbe sample from Bacillus nitratireducens	Isolated from sample U25 on R2A	False	True	False	False	1	True	source	False	True	False	False	1	source	True	INCLUDE	Isolation source explicitly indicates direct plant association or plant biological material.	isolation_source
GCF_045348155.1	Bacillus pacificus	2026187	SG15	Complete Genome		2024-04-09	Yantai University	PRJNA1093502	SAMN40657618	SG15		rhizosphere sediments of seagrass Zostera marina	China	2021-06	Microbe sample from Bacillus pacificus		False	True	False	False	1	True	source	False	True	False	False	1	source	True	INCLUDE	Isolation source explicitly indicates direct plant association or plant biological material.	isolation_source
GCF_048053935.1	Bacillus pacificus	2026187	KPR_C28	Contig		2025-02-25	Universiti Tunku Abdul Rahman	PRJNA692779	SAMN17370030	KPR_C28		oil palm leaf	Malaysia: UTAR Kampar, Perak	2018-02	Microbe sample from Bacillus pacificus		False	True	False	False	1	True	source	False	True	False	False	1	source	True	INCLUDE	Isolation source explicitly indicates direct plant association or plant biological material.	isolation_source
GCF_002068155.1	Bacillus paralicheniformis	1648923	MDJK30	Complete Genome		2017-03-22	Shandong Agricultural University	PRJNA379336	SAMN06605939	MDJK30	peony	rhizosphere	China: Shandong	2016-03-01	Bacillus paralicheniformis MDJK30 Isolated from Rhizosphere of Peony		False	True	True	False	2	True	source;title	False	True	True	False	2	source;title	True	INCLUDE	Isolation source explicitly indicates direct plant association or plant biological material.	isolation_source
GCF_002849425.1	Bacillus paralicheniformis	1648923	KMS 80	Scaffold		2018-01-02	ICAR-Indian Agricultural Research Institute, New Delhi	PRJNA360479	SAMN06211261	KMS 80	Oryza sativa	Rice Root	India: IARI PUSA, New Delhi	2015-10-12	MIGS Cultured Bacterial/Archaeal sample from Bacillus paralicheniformis	Keywords: GSC:MIxS;MIGS:6.0	False	True	False	False	1	True	source	False	True	False	False	1	source	True	INCLUDE	Isolation source explicitly indicates direct plant association or plant biological material.	isolation_source
GCF_003171815.2	Bacillus paralicheniformis	1648923	SUBG0010	Complete Genome		2021-03-01	SaurashtraUniversity	PRJNA471129	SAMN09203095	SUBG0010		rhizosphere	India	2015-06-21	Microbe sample from Bacillus sp .		False	True	False	False	1	True	source	False	True	False	False	1	source	True	INCLUDE	Isolation source explicitly indicates direct plant association or plant biological material.	isolation_source
GCF_019738955.1	Bacillus paralicheniformis	1648923	G9H01	Contig		2021-08-24	University of Science and Technology Beijing	PRJNA753677	SAMN20703606	G9H01	rice	seed	China: Beijing	2020-10-05	Microbe sample from Bacillus paralicheniformis		True	True	False	False	2	True	host;source	False	True	False	False	1	source	True	INCLUDE	Isolation source explicitly indicates direct plant association or plant biological material.	isolation_source
GCF_022952805.1	Bacillus paralicheniformis	1648923	LB1-A1	Contig		2022-04-12	NIBGE	PRJNA824263	SAMN27398165	LB1-A1		rhizosphere of Bouteloua dactyloides	Pakistan	2018-10-09	Microbe sample from Bacillus paralicheniformis		False	True	False	False	1	True	source	False	True	False	False	1	source	True	INCLUDE	Isolation source explicitly indicates direct plant association or plant biological material.	isolation_source
GCF_022953115.1	Bacillus paralicheniformis	1648923	GSFE7	Contig		2022-04-12	The University of Jordan	PRJNA822385	SAMN27182028	GSFE7	Triticum turgidum subsp. durum	roots	Jordan	2017-02-21	MIGS Cultured Bacterial/Archaeal sample from Bacillus paralicheniformis	Keywords: GSC:MIxS;MIGS:6.0	False	True	False	False	1	True	source	False	True	False	False	1	source	True	INCLUDE	Isolation source explicitly indicates direct plant association or plant biological material.	isolation_source
GCF_024464535.1	Bacillus paralicheniformis	1648923	MHN12	Contig		2022-07-27	Maharshi dayanand university	PRJNA848808	SAMN29007214	MHN12	Vigna radiata	nodule	India	2016	Microbe sample from Bacillus paralicheniformis		False	True	False	False	1	True	source	False	True	False	False	1	source	True	INCLUDE	Isolation source explicitly indicates direct plant association or plant biological material.	isolation_source
GCF_025833795.1	Bacillus paralicheniformis	1648923	2R5	Contig		2022-10-24	Nicolaus Copernicus University in Torun	PRJNA876229	SAMN31236553	2R5		canola rhizosphere	Poland: Gorsk	2019-05-05	Microbe sample from Bacillus paralicheniformis		False	True	False	False	1	True	source	False	True	False	False	1	source	True	INCLUDE	Isolation source explicitly indicates direct plant association or plant biological material.	isolation_source
GCF_026066475.1	Bacillus paralicheniformis	1648923	ZBM5	Contig		2022-11-08	Zytex Biotech Pvt. Ltd.	PRJNA752695	SAMN20605484	ZBM5		rhizospheric soil	India: Chattisgarh	2015-11	Bacillus licheniformis ZBM5	Antinematicidal strain of commercial importance	False	True	False	False	1	True	source	False	True	False	False	1	source	True	INCLUDE	Isolation source explicitly indicates direct plant association or plant biological material.	isolation_source
GCF_026672655.1	Bacillus paralicheniformis	1648923	PPE102	Contig		2022-12-05	CSIR-North East Institute of Science and Technology	PRJNA769813	SAMN22170321	PPE102	medicinal plant	endophytic isolate from medicinal plant	India: Himalayan Mountain Ranges, Arunachal Pradesh	2017	Microbe sample from Bacillus paralicheniformis		True	True	False	False	2	True	host;source	False	True	False	False	1	source	True	INCLUDE	Isolation source explicitly indicates direct plant association or plant biological material.	isolation_source
GCF_040965915.1	Bacillus paralicheniformis	1648923	R243	Scaffold		2024-07-30	All-Russia Research Institute for Agricultural Microbiology	PRJNA1139978	SAMN42801616	R243	Oryza sativa L.	roots	Russia: Rostov region	2020	Bacillus paralicheniformis strain R243		False	True	False	False	1	True	source	False	True	False	False	1	source	True	INCLUDE	Isolation source explicitly indicates direct plant association or plant biological material.	isolation_source
GCF_044498105.1	Bacillus paralicheniformis	1648923	OZ-48	Chromosome		2024-11-05	Centre National pour la Recherche Scientifique et Technique (CNRST)	PRJNA1178881	SAMN44485018	OZ-48		Olive rhizosphere	Morocco	2012	Microbe sample from Bacillus paralicheniformis		False	True	False	False	1	True	source	False	True	False	False	1	source	True	INCLUDE	Isolation source explicitly indicates direct plant association or plant biological material.	isolation_source
GCF_050445545.1	Bacillus paralicheniformis	1648923	ReR10.	Contig		2025-05-19	laboratoire des substances bioactives	PRJNA1095867	SAMN40738004	ReR10.	potato	roots	Tunisia	2015-03	Microbe sample from Bacillus paralicheniformis		True	True	False	False	2	True	host;source	False	True	False	False	1	source	True	INCLUDE	Isolation source explicitly indicates direct plant association or plant biological material.	isolation_source
GCF_050462765.1	Bacillus paralicheniformis	1648923	B-41399	Contig		2025-05-19	USDA-ARS-NCAUR	PRJNA802201	SAMN41009218	B-41399	carrot	leaf	USA: Peoria, Illinois	2005-12-01	Microbe sample from Bacillus paralicheniformis		False	True	False	False	1	True	source	False	True	False	False	1	source	True	INCLUDE	Isolation source explicitly indicates direct plant association or plant biological material.	isolation_source
GCF_052692055.1	Bacillus paralicheniformis	1648923	39930	Contig		2025-09-16	Tarim University	PRJNA1325772	SAMN51256983	39930		Soil, root	China:Alar	2025-08-08	Microbe sample from Bacillus paralicheniformis		False	True	False	False	1	True	source	False	True	False	False	1	source	True	INCLUDE	Isolation source explicitly indicates direct plant association or plant biological material.	isolation_source
GCF_059818275.1	Bacillus paralicheniformis	1648923	DI6	Contig		2026-08-04	National Centre for Cell Science	PRJNA1459003	SAMN57538576	DI6		rhizosphere	India	2023	Microbe sample from Bacillus paralicheniformis		False	True	False	False	1	True	source	False	True	False	False	1	source	True	INCLUDE	Isolation source explicitly indicates direct plant association or plant biological material.	isolation_source
GCF_060228485.1	Bacillus paralicheniformis	1648923	AK128	Scaffold		2026-08-18	King Abdullah University of Science and Technology	PRJNA1042672	SAMN39398306	AK128	Avicennia marina	rhizosphere	Saudi Arabia:Thuwal, KAUST	2019-03-11	Microbe sample from Bacillus paralicheniformis		False	True	False	False	1	True	source	False	True	False	False	1	source	True	INCLUDE	Isolation source explicitly indicates direct plant association or plant biological material.	isolation_source
GCF_979930925.1	Bacillus paralicheniformis	1648923		Complete Genome		2026-02-16	University of Crete, Department of Biology	PRJEB93985	SAMEA118781423		Matthiola tricuspidata		Greece	2018-07-12	Microbe isolated from the root of Matthiola tricuspidata	Data associated with the SRL656 endophytic microbial isolate from root extracts Matthiola tricuspidata	False	False	True	True	2	True	title;comment	False	False	True	True	2	title;comment	True	INCLUDE	Isolation source is unavailable, but other BioSample metadata explicitly indicates direct plant association or plant biological material.	other_explicit_metadata
GCF_979932065.1	Bacillus paralicheniformis	1648923		Complete Genome		2026-02-16	University of Crete, Department of Biology	PRJEB93985	SAMEA118781424		Matthiola tricuspidata		Greece	2018-07-12	Microbe isolated from the root of Matthiola tricuspidata	Data associated with the SRL658 endophytic microbial isolate from root extracts Matthiola tricuspidata	False	False	True	True	2	True	title;comment	False	False	True	True	2	title;comment	True	INCLUDE	Isolation source is unavailable, but other BioSample metadata explicitly indicates direct plant association or plant biological material.	other_explicit_metadata
GCF_037027085.1	Bacillus paramobilis	2817477	JJ1149	Contig		2024-03-05	Auburn University	PRJNA1078443	SAMN40001716	JJ1149	soybean	rhizoplane	USA: Illinois	2014	Microbe sample from Bacillus paramobilis		True	True	False	False	2	True	host;source	False	True	False	False	1	source	True	INCLUDE	Isolation source explicitly indicates direct plant association or plant biological material.	isolation_source
GCF_037907705.1	Bacillus paramobilis	2817477	ILBB166	Contig		2024-04-01	INIA	PRJNA745340	SAMN20166717	ILBB166	soybean	rhizosphere	Uruguay	2015	MIGS Cultured Bacterial/Archaeal sample from Bacillus paramobilis	Keywords: GSC:MIxS;MIGS:6.0	True	True	False	False	2	True	host;source	False	True	False	False	1	source	True	INCLUDE	Isolation source explicitly indicates direct plant association or plant biological material.	isolation_source
GCF_026221135.1	Bacillus paramycoides	2026194	RZ3MS14	Scaffold		2022-11-16	University of Sao Paulo	PRJNA889174	SAMN31232808	RZ3MS14	Paullinia cupana	rhizospheric soil from adult guarana trees	Brazil: Maues, AM	2010-11	MIGS Cultured Bacterial/Archaeal sample from Bacillus paramycoides	Keywords: GSC:MIxS;MIGS:6.0	False	True	False	False	1	True	source	False	True	False	False	1	source	True	INCLUDE	Isolation source explicitly indicates direct plant association or plant biological material.	isolation_source
GCF_052828465.1	Bacillus paramycoides	2026194	CP40	Scaffold		2025-09-24	UFPA	PRJNA1310007	SAMN50763194	CP40		rhizosphere soil of cacao (Theobroma cacao) in association with acai (Euterpe oleracea)	Brazil: Para	2018-08-15	MIGS Cultured Bacterial/Archaeal sample from Bacillus paramycoides	Keywords: GSC:MIxS;MIGS:6.0	False	True	False	False	1	True	source	False	True	False	False	1	source	True	INCLUDE	Isolation source explicitly indicates direct plant association or plant biological material.	isolation_source
GCF_005848985.1	Bacillus paranthracis	2026186	PR1	Complete Genome		2019-05-27	Shandong Agricultural University	PRJNA540401	SAMN11534844	PR1		Tobacco rhizosphere soil	China:Hunan Province	2011-05-01	Microbe sample from Bacillus cereus PR1		False	True	False	False	1	True	source	False	True	False	False	1	source	True	INCLUDE	Isolation source explicitly indicates direct plant association or plant biological material.	isolation_source
GCF_013133865.1	Bacillus paranthracis	2026186	MHSD3	Contig		2020-05-20	University of Johannesburg	PRJNA632519	SAMN14911282	MHSD3	Choristosoria calomelanos	leaves	South Africa: Limpopo	2017-03	Microbe sample from Bacillus paranthracis		False	True	False	False	1	True	source	False	True	False	False	1	source	True	INCLUDE	Isolation source explicitly indicates direct plant association or plant biological material.	isolation_source
GCF_024497995.1	Bacillus paranthracis	2026186	777001F-2	Contig		2022-07-31	Aarhus University	PRJNA858971	SAMN29762295	777001F-2	Spinacia oleracea	leaves	Belgium	2020-08	Microbe sample from Bacillus paranthracis		False	True	False	False	1	True	source	False	True	False	False	1	source	True	INCLUDE	Isolation source explicitly indicates direct plant association or plant biological material.	isolation_source
GCF_024702005.1	Bacillus paranthracis	2026186	MAR15	Contig		2022-08-15	North West University	PRJNA752164	SAMN20585307	MAR15		rhizosphere of maize plants	Benin: Central and Northern Agroecological Zone	2013-01-25	Microbe sample from Bacillus paranthracis		False	True	False	False	1	True	source	False	True	False	False	1	source	True	INCLUDE	Isolation source explicitly indicates direct plant association or plant biological material.	isolation_source
GCF_024741115.1	Bacillus paranthracis	2026186	HAF15	Contig		2022-08-24	North West University	PRJNA754488	SAMN20777201	HAF15		Rhizosphere of maize plants	Benin: Agro-ecological zone of North	2013-01-10	Microbe sample from Bacillus paranthracis		False	True	False	False	1	True	source	False	True	False	False	1	source	True	INCLUDE	Isolation source explicitly indicates direct plant association or plant biological material.	isolation_source
GCF_036964805.1	Bacillus paranthracis	2026186	DK15	Contig		2024-03-02	Politechnika Lodzka	PRJNA1079548	SAMN40044536	DK15	Carduus nutans L.	root	Poland: Kozmin Wielkopolski	2021	Microbe sample from Bacillus paranthracis		False	True	False	False	1	True	source	False	True	False	False	1	source	True	INCLUDE	Isolation source explicitly indicates direct plant association or plant biological material.	isolation_source
GCF_048054055.1	Bacillus paranthracis	2026186	C24	Contig		2025-02-25	Universiti Tunku Abdul Rahman	PRJNA692779	SAMN17525910	C24	oil palm	leaf	Malaysia: UTAR Kampar, Perak	2018-03	Bacillus cereus		False	True	False	False	1	True	source	False	True	False	False	1	source	True	INCLUDE	Isolation source explicitly indicates direct plant association or plant biological material.	isolation_source
GCF_053852075.1	Bacillus paranthracis	2026186	BRRh-4	Contig		2025-12-07	Bangabandhu Sheikh Mujibur Rahman Agricultural University (BSMRAU)	PRJNA1055760	SAMN53502410	BRRh-4		rhizosphere soil of BINA dhan 7	Bangladesh: Gazipur	2015-04-23	Microbe sample from Bacillus paranthracis		False	True	False	False	1	True	source	False	True	False	False	1	source	True	INCLUDE	Isolation source explicitly indicates direct plant association or plant biological material.	isolation_source
GCF_059760185.1	Bacillus paranthracis	2026186	OM12.6	Complete Genome		2026-08-03	Institute of Food and Biotechnology	PRJNA1493268	SAMN61554178	OM12.6	Oryza rufipogon	rhizosphere soil of wild rice, Oryza rufipogon	Viet Nam: Mekong Delta, O Mon	2025	MIGS Cultured Bacterial/Archaeal sample from Bacillus paranthracis	Keywords: GSC:MIxS;MIGS:6.0	False	True	False	False	1	True	source	False	True	False	False	1	source	True	INCLUDE	Isolation source explicitly indicates direct plant association or plant biological material.	isolation_source
GCF_036408975.1	Bacillus pretiosus	2983392	GR1	Contig		2024-02-05	Lodz University of Technology	PRJNA1068863	SAMN39605382	GR1	Galium aparine L.	root	Poland: Lask	2022	Microbe sample from Bacillus pretiosus		False	True	False	False	1	True	source	False	True	False	False	1	source	True	INCLUDE	Isolation source explicitly indicates direct plant association or plant biological material.	isolation_source
GCF_002550685.1	Bacillus pseudomycoides	64104	AFS093408	Scaffold		2017-10-13	UNC Chapel Hill	PRJNA400804	SAMN07598628	AFS093408		plant leaf	USA: IN	2014-01-14	Microbe sample from Bacillus pseudomycoides		False	True	False	False	1	True	source	False	True	False	False	1	source	True	INCLUDE	Isolation source explicitly indicates direct plant association or plant biological material.	isolation_source
GCF_002553115.1	Bacillus pseudomycoides	64104	AFS095135	Scaffold		2017-10-13	UNC Chapel Hill	PRJNA400804	SAMN07598649	AFS095135		plant leaf	USA: IN	2014-01-14	Microbe sample from Bacillus pseudomycoides		False	True	False	False	1	True	source	False	True	False	False	1	source	True	INCLUDE	Isolation source explicitly indicates direct plant association or plant biological material.	isolation_source
GCF_002555545.1	Bacillus pseudomycoides	64104	AFS009893	Scaffold		2017-10-16	UNC Chapel Hill	PRJNA400804	SAMN07597375	AFS009893	Corn	root	USA: IA	2014-05-27	Microbe sample from Bacillus pseudomycoides		True	True	False	False	2	True	host;source	False	True	False	False	1	source	True	INCLUDE	Isolation source explicitly indicates direct plant association or plant biological material.	isolation_source
GCF_002555615.1	Bacillus pseudomycoides	64104	AFS009709	Scaffold		2017-10-16	UNC Chapel Hill	PRJNA400804	SAMN07597369	AFS009709	Soybean	root	USA: IA	2014-05-27	Microbe sample from Bacillus pseudomycoides		True	True	False	False	2	True	host;source	False	True	False	False	1	source	True	INCLUDE	Isolation source explicitly indicates direct plant association or plant biological material.	isolation_source
GCF_002555685.1	Bacillus pseudomycoides	64104	AFS009013	Scaffold		2017-10-16	UNC Chapel Hill	PRJNA400804	SAMN07597352	AFS009013	Corn	leaf	USA: IL	2014-02-28	Microbe sample from Bacillus pseudomycoides		True	True	False	False	2	True	host;source	False	True	False	False	1	source	True	INCLUDE	Isolation source explicitly indicates direct plant association or plant biological material.	isolation_source
GCF_002555785.1	Bacillus pseudomycoides	64104	AFS008320	Scaffold		2017-10-16	UNC Chapel Hill	PRJNA400804	SAMN07597345	AFS008320	Corn	root	USA: IA	2014-05-27	Microbe sample from Bacillus pseudomycoides		True	True	False	False	2	True	host;source	False	True	False	False	1	source	True	INCLUDE	Isolation source explicitly indicates direct plant association or plant biological material.	isolation_source
GCF_002556205.1	Bacillus pseudomycoides	64104	AFS000475	Scaffold		2017-10-16	UNC Chapel Hill	PRJNA400804	SAMN07597241	AFS000475	Soybean	leaf	USA: MN	2014-01-17	Microbe sample from Bacillus pseudomycoides		True	True	False	False	2	True	host;source	False	True	False	False	1	source	True	INCLUDE	Isolation source explicitly indicates direct plant association or plant biological material.	isolation_source
GCF_002556235.1	Bacillus pseudomycoides	64104	AFS000230	Scaffold		2017-10-16	UNC Chapel Hill	PRJNA400804	SAMN07597237	AFS000230	Corn	root	USA: IA	2014-05-27	Microbe sample from Bacillus pseudomycoides		True	True	False	False	2	True	host;source	False	True	False	False	1	source	True	INCLUDE	Isolation source explicitly indicates direct plant association or plant biological material.	isolation_source
GCF_002556385.1	Bacillus pseudomycoides	64104	AFS003288	Scaffold		2017-10-16	UNC Chapel Hill	PRJNA400804	SAMN07597285	AFS003288	Corn	leaf	USA: IL	2014-02-28	Microbe sample from Bacillus pseudomycoides		True	True	False	False	2	True	host;source	False	True	False	False	1	source	True	INCLUDE	Isolation source explicitly indicates direct plant association or plant biological material.	isolation_source
GCF_002557385.1	Bacillus pseudomycoides	64104	AFS022719	Scaffold		2017-10-16	UNC Chapel Hill	PRJNA400804	SAMN07597537	AFS022719	Corn	root	USA: IA	2014-05-27	Microbe sample from Bacillus pseudomycoides		True	True	False	False	2	True	host;source	False	True	False	False	1	source	True	INCLUDE	Isolation source explicitly indicates direct plant association or plant biological material.	isolation_source
GCF_002557465.1	Bacillus pseudomycoides	64104	AFS022598	Scaffold		2017-10-16	UNC Chapel Hill	PRJNA400804	SAMN07597533	AFS022598	Soybean	leaf	USA: IA	2014-02-28	Microbe sample from Bacillus pseudomycoides		True	True	False	False	2	True	host;source	False	True	False	False	1	source	True	INCLUDE	Isolation source explicitly indicates direct plant association or plant biological material.	isolation_source
GCF_002568765.1	Bacillus pseudomycoides	64104	AFS081374	Scaffold		2017-10-17	UNC Chapel Hill	PRJNA400804	SAMN07598486	AFS081374	Corn	root	USA: IA	2014-05-27	Microbe sample from Bacillus pseudomycoides		True	True	False	False	2	True	host;source	False	True	False	False	1	source	True	INCLUDE	Isolation source explicitly indicates direct plant association or plant biological material.	isolation_source
GCF_002569565.1	Bacillus pseudomycoides	64104	AFS080834	Scaffold		2017-10-17	UNC Chapel Hill	PRJNA400804	SAMN07598478	AFS080834	Weed	leaf	USA: OH	2014-01-17	Microbe sample from Bacillus pseudomycoides		False	True	False	False	1	True	source	False	True	False	False	1	source	True	INCLUDE	Isolation source explicitly indicates direct plant association or plant biological material.	isolation_source
GCF_002569875.1	Bacillus pseudomycoides	64104	AFS074688	Scaffold		2017-10-17	UNC Chapel Hill	PRJNA400804	SAMN07598393	AFS074688	Soybean	leaf	USA: IA	2014-04-09	Microbe sample from Bacillus pseudomycoides		True	True	False	False	2	True	host;source	False	True	False	False	1	source	True	INCLUDE	Isolation source explicitly indicates direct plant association or plant biological material.	isolation_source
GCF_002569985.1	Bacillus pseudomycoides	64104	AFS074290	Scaffold		2017-10-17	UNC Chapel Hill	PRJNA400804	SAMN07598384	AFS074290	Soybean	leaf	USA: MN	2014-01-17	Microbe sample from Bacillus pseudomycoides		True	True	False	False	2	True	host;source	False	True	False	False	1	source	True	INCLUDE	Isolation source explicitly indicates direct plant association or plant biological material.	isolation_source
GCF_002571845.1	Bacillus pseudomycoides	64104	AFS062254	Scaffold		2017-10-17	UNC Chapel Hill	PRJNA400804	SAMN07598232	AFS062254	Corn	leaf	USA: IL	2014-02-28	Microbe sample from Bacillus pseudomycoides		True	True	False	False	2	True	host;source	False	True	False	False	1	source	True	INCLUDE	Isolation source explicitly indicates direct plant association or plant biological material.	isolation_source
GCF_002579385.1	Bacillus pseudomycoides	64104	AFS054612	Scaffold		2017-10-18	UNC Chapel Hill	PRJNA400804	SAMN07598119	AFS054612	Corn	root	USA: IA	2014-05-27	Microbe sample from Bacillus pseudomycoides		True	True	False	False	2	True	host;source	False	True	False	False	1	source	True	INCLUDE	Isolation source explicitly indicates direct plant association or plant biological material.	isolation_source
GCF_002581285.1	Bacillus pseudomycoides	64104	AFS050088	Scaffold		2017-10-18	UNC Chapel Hill	PRJNA400804	SAMN07598057	AFS050088	Corn	leaf	USA: IL	2014-02-28	Microbe sample from Bacillus pseudomycoides		True	True	False	False	2	True	host;source	False	True	False	False	1	source	True	INCLUDE	Isolation source explicitly indicates direct plant association or plant biological material.	isolation_source
GCF_002582165.1	Bacillus pseudomycoides	64104	AFS040159	Scaffold		2017-10-18	UNC Chapel Hill	PRJNA400804	SAMN07597921	AFS040159	Soybean	root	USA: MO	2014-05-27	Microbe sample from Bacillus pseudomycoides		True	True	False	False	2	True	host;source	False	True	False	False	1	source	True	INCLUDE	Isolation source explicitly indicates direct plant association or plant biological material.	isolation_source
GCF_002582485.1	Bacillus pseudomycoides	64104	AFS037265	Scaffold		2017-10-18	UNC Chapel Hill	PRJNA400804	SAMN07597886	AFS037265	Soybean	leaf	USA: MO	2014-04-17	Microbe sample from Bacillus pseudomycoides		True	True	False	False	2	True	host;source	False	True	False	False	1	source	True	INCLUDE	Isolation source explicitly indicates direct plant association or plant biological material.	isolation_source
GCF_002583735.1	Bacillus pseudomycoides	64104	AFS039118	Scaffold		2017-10-18	UNC Chapel Hill	PRJNA400804	SAMN07597902	AFS039118	Corn	leaf	USA: IN	2014-02-28	Microbe sample from Bacillus pseudomycoides		True	True	False	False	2	True	host;source	False	True	False	False	1	source	True	INCLUDE	Isolation source explicitly indicates direct plant association or plant biological material.	isolation_source
GCF_002588885.1	Bacillus pseudomycoides	64104	AFS032210	Scaffold		2017-10-18	UNC Chapel Hill	PRJNA400804	SAMN07597824	AFS032210	Weed	leaf	USA: OH	2014-01-17	Microbe sample from Bacillus pseudomycoides		False	True	False	False	1	True	source	False	True	False	False	1	source	True	INCLUDE	Isolation source explicitly indicates direct plant association or plant biological material.	isolation_source
GCF_002589505.1	Bacillus pseudomycoides	64104	AFS035137	Scaffold		2017-10-18	UNC Chapel Hill	PRJNA400804	SAMN07597868	AFS035137	Corn	root	USA: IA	2014-05-27	Microbe sample from Bacillus pseudomycoides		True	True	False	False	2	True	host;source	False	True	False	False	1	source	True	INCLUDE	Isolation source explicitly indicates direct plant association or plant biological material.	isolation_source
GCF_036962245.1	Bacillus pseudomycoides	64104	JJ680	Scaffold		2024-03-02	Auburn University	PRJNA1078443	SAMN40001930	JJ680	corn	rhizoplane	USA: Wisconsin	2014	Microbe sample from Bacillus pseudomycoides		True	True	False	False	2	True	host;source	False	True	False	False	1	source	True	INCLUDE	Isolation source explicitly indicates direct plant association or plant biological material.	isolation_source
GCF_036963145.1	Bacillus pseudomycoides	64104	JJ793	Scaffold		2024-03-02	Auburn University	PRJNA1078443	SAMN40001943	JJ793	corn	emissingophyte	USA: Wisconsin	2014	Microbe sample from Bacillus pseudomycoides		True	False	False	False	1	True	host	False	False	False	False	0		False	INCLUDE	Documented project-level plant association: Project-associated publication identifies the strain collection as PGPR; plant hosts include corn and soybean. Inclusion is based on documented plant association of the collection, not on interpreting the malformed isolation-source term itself.	documented_project
GCF_036963565.1	Bacillus pseudomycoides	64104	JJ858	Scaffold		2024-03-02	Auburn University	PRJNA1078443	SAMN40001949	JJ858	soybean	rhizoplane	USA: Wisconsin	2014	Microbe sample from Bacillus pseudomycoides		True	True	False	False	2	True	host;source	False	True	False	False	1	source	True	INCLUDE	Isolation source explicitly indicates direct plant association or plant biological material.	isolation_source
GCF_040492325.1	Bacillus pseudomycoides	64104	JJ977	Contig		2024-07-03	Auburn University	PRJNA1078443	SAMN40001975	JJ977	soybean	emissingophyte	USA: Wisconsin	2014	Microbe sample from Bacillus pseudomycoides		True	False	False	False	1	True	host	False	False	False	False	0		False	INCLUDE	Documented project-level plant association: Project-associated publication identifies the strain collection as PGPR; plant hosts include corn and soybean. Inclusion is based on documented plant association of the collection, not on interpreting the malformed isolation-source term itself.	documented_project
GCF_040829845.1	Bacillus pseudomycoides	64104	153	Scaffold		2024-07-23	INRS	PRJNA884320	SAMN42518159	153	wheat	rhizosphere	Canada: Montreal	2017-08	153		True	True	False	False	2	True	host;source	False	True	False	False	1	source	True	INCLUDE	Isolation source explicitly indicates direct plant association or plant biological material.	isolation_source
GCF_050210255.1	Bacillus pseudomycoides	64104	LBUM169	Complete Genome		2025-05-06	McGill University	PRJNA1255136	SAMN48134735	LBUM169	Fragaria x ananassa	Strawberry rhizosphere	Canada: Bouctouche, province of New-Brunswick	2004	Microbe sample from Bacillus pseudomycoides		False	True	False	False	1	True	source	False	True	False	False	1	source	True	INCLUDE	Isolation source explicitly indicates direct plant association or plant biological material.	isolation_source
GCF_060371875.1	Bacillus pseudomycoides	64104		Contig		2026-08-24	North Carolina State University	PRJNA1509696	SAMN62274343			rhizosphere soil	USA:North Carolina	2025	Microbe sample from Bacillus pseudomycoides	Isolated from sample R25 on R2A	False	True	False	False	1	True	source	False	True	False	False	1	source	True	INCLUDE	Isolation source explicitly indicates direct plant association or plant biological material.	isolation_source
GCF_060371995.1	Bacillus pseudomycoides	64104		Contig		2026-08-24	North Carolina State University	PRJNA1509696	SAMN62274350			rhizosphere soil	USA:North Carolina	2026-06-19	Microbe sample from Bacillus pseudomycoides	Isolated from sample C-18-4 on R2A	False	True	False	False	1	True	source	False	True	False	False	1	source	True	INCLUDE	Isolation source explicitly indicates direct plant association or plant biological material.	isolation_source
GCF_060372075.1	Bacillus pseudomycoides	64104		Contig		2026-08-24	North Carolina State University	PRJNA1509696	SAMN62274348			rhizosphere soil	USA:North Carolina	2026-06-19	Microbe sample from Bacillus pseudomycoides	Isolated from sample C-19-6 on R2A	False	True	False	False	1	True	source	False	True	False	False	1	source	True	INCLUDE	Isolation source explicitly indicates direct plant association or plant biological material.	isolation_source
GCF_060372085.1	Bacillus pseudomycoides	64104		Contig		2026-08-24	North Carolina State University	PRJNA1509696	SAMN62274349			rhizosphere soil	USA:Michigan	2026-06-18	Microbe sample from Bacillus pseudomycoides	Isolated from sample MI-8 on R2A	False	True	False	False	1	True	source	False	True	False	False	1	source	True	INCLUDE	Isolation source explicitly indicates direct plant association or plant biological material.	isolation_source
GCF_060372155.1	Bacillus pseudomycoides	64104		Contig		2026-08-24	North Carolina State University	PRJNA1509696	SAMN62274347			rhizosphere soil	USA:Michigan	2026-06-18	Microbe sample from Bacillus pseudomycoides	Isolated from sample MI-1 on R2A	False	True	False	False	1	True	source	False	True	False	False	1	source	True	INCLUDE	Isolation source explicitly indicates direct plant association or plant biological material.	isolation_source
GCF_060372195.1	Bacillus pseudomycoides	64104		Contig		2026-08-24	North Carolina State University	PRJNA1509696	SAMN62274346			rhizosphere soil	USA:Michigan	2026-06-18	Microbe sample from Bacillus pseudomycoides	Isolated from sample MI-11 on R2A	False	True	False	False	1	True	source	False	True	False	False	1	source	True	INCLUDE	Isolation source explicitly indicates direct plant association or plant biological material.	isolation_source
GCF_060372215.1	Bacillus pseudomycoides	64104		Contig		2026-08-24	North Carolina State University	PRJNA1509696	SAMN62274345			rhizosphere soil	USA:Michigan	2026-06-18	Microbe sample from Bacillus pseudomycoides	Isolated from sample MI-10 on SEA	False	True	False	False	1	True	source	False	True	False	False	1	source	True	INCLUDE	Isolation source explicitly indicates direct plant association or plant biological material.	isolation_source
GCF_060372285.1	Bacillus pseudomycoides	64104		Contig		2026-08-24	North Carolina State University	PRJNA1509696	SAMN62274344			rhizosphere soil	USA:Michigan	2026-06-18	Microbe sample from Bacillus pseudomycoides	Isolated from sample MI-12 on SEA	False	True	False	False	1	True	source	False	True	False	False	1	source	True	INCLUDE	Isolation source explicitly indicates direct plant association or plant biological material.	isolation_source
GCF_001578205.1	Bacillus pumilus	1408	SH-B9	Complete Genome		2016-03-01	Wageningen University	PRJNA276289	SAMN03372270	SH-B9		sugar beet rhizosphere	Netherlands: Wageningen	2012-03-01	Bacillus pumilus SH-B9	B. pumilus SH-B9 is a sugar beet seedling rhizosphere isolate	False	True	False	True	2	True	source;comment	False	True	False	True	2	source;comment	True	INCLUDE	Isolation source explicitly indicates direct plant association or plant biological material.	isolation_source
GCF_002998365.1	Bacillus pumilus	1408	LLTC96	Scaffold		2018-03-14	Rainer Borriss's shared submissions	PRJNA436554	SAMN08634668	LLTC96		beet roots	China: Tibet, Nyingchi	2005	Microbe sample from Bacillus pumilus		False	True	False	False	1	True	source	False	True	False	False	1	source	True	INCLUDE	Isolation source explicitly indicates direct plant association or plant biological material.	isolation_source
GCF_003034105.1	Bacillus pumilus	1408	104	Scaffold		2018-04-04	University of Florida	PRJNA369256	SAMN06285022	104		Citrus rhizosphere	USA: Florida, Fort Pierce	2010	Microbe sample from Bacillus pumilus		False	True	False	False	1	True	source	False	True	False	False	1	source	True	INCLUDE	Isolation source explicitly indicates direct plant association or plant biological material.	isolation_source
GCF_003985025.1	Bacillus pumilus	1408	Ps115	Contig		2018-12-16	ARRIAM	PRJNA508798	SAMN10531140	Ps115	Lathyrus oleraceus	Plant seeds	Russia: Leningrad oblast,Belogorka area	2014-09	Microbe sample from Bacillus pumilus		False	True	False	False	1	True	source	False	True	False	False	1	source	True	INCLUDE	Isolation source explicitly indicates direct plant association or plant biological material.	isolation_source
GCF_018101255.1	Bacillus pumilus	1408	7PB	Contig		2021-04-19	UFRGS	PRJNA666269	SAMN16287488	7PB	Brassica napus	roots	Brazil: Vacaria, Rio Grande do Sul (RS) State	2014-04	Bacillus pumilus 7PB draft genome		False	True	False	False	1	True	source	False	True	False	False	1	source	True	INCLUDE	Isolation source explicitly indicates direct plant association or plant biological material.	isolation_source
GCF_020179025.1	Bacillus pumilus	1408	HW16	Contig		2021-09-29	Western Sydney University	PRJNA745065	SAMN20132760	HW16	wheat	rhizosphere	Australia:Sydney	2018-09-26	Microbe sample from Bacillus pumilus		True	True	False	False	2	True	host;source	False	True	False	False	1	source	True	INCLUDE	Isolation source explicitly indicates direct plant association or plant biological material.	isolation_source
GCF_020908045.1	Bacillus pumilus	1408	L46	Scaffold		2021-11-21	Third Institute of Oceanography	PRJNA681988	SAMN16976349	L46	seed of leguminous plant		China	2017-10-29	MIGS Cultured Bacterial/Archaeal sample from Bacillus pumilus	Keywords: GSC:MIxS;MIGS:6.0	True	False	False	False	1	True	host	True	False	False	False	1	host	True	INCLUDE	Isolation source is unavailable, but other BioSample metadata explicitly indicates direct plant association or plant biological material.	other_explicit_metadata
GCF_022758335.1	Bacillus pumilus	1408	AVRO6	Scaffold		2022-03-29	Forman Christian College	PRJNA818659	SAMN26871133	AVRO6		plant root	Pakistan: Lahore	2020-07	Microbe sample from Bacillus pumilus		False	True	False	False	1	True	source	False	True	False	False	1	source	True	INCLUDE	Isolation source explicitly indicates direct plant association or plant biological material.	isolation_source
GCF_029623775.1	Bacillus pumilus	1408	G15	Contig		2023-04-08	Hebei Agricultural University	PRJNA950539	SAMN34001268	G15	potato	rhizosphere soil	China: Hebei Province	2018-05-05	Microbe sample from Bacillus pumilus		True	True	False	False	2	True	host;source	False	True	False	False	1	source	True	INCLUDE	Isolation source explicitly indicates direct plant association or plant biological material.	isolation_source
GCF_035064525.1	Bacillus pumilus	1408	ILBB44	Contig		2024-01-03	INIA	PRJNA745340	SAMN20166712	ILBB44	soybean	rhizosphere	Uruguay	2015	MIGS Cultured Bacterial/Archaeal sample from Bacillus pumilus	Keywords: GSC:MIxS;MIGS:6.0	True	True	False	False	2	True	host;source	False	True	False	False	1	source	True	INCLUDE	Isolation source explicitly indicates direct plant association or plant biological material.	isolation_source
GCF_036965825.1	Bacillus pumilus	1408	JJ973	Scaffold		2024-03-02	Auburn University	PRJNA1078443	SAMN40001789	JJ973	soybean	emissingophyte	USA: Wisconsin	2014	Microbe sample from Bacillus pumilus		True	False	False	False	1	True	host	False	False	False	False	0		False	INCLUDE	Documented project-level plant association: Project-associated publication identifies the strain collection as PGPR; plant hosts include corn and soybean. Inclusion is based on documented plant association of the collection, not on interpreting the malformed isolation-source term itself.	documented_project
GCF_036966005.1	Bacillus pumilus	1408	JJ885	Scaffold		2024-03-02	Auburn University	PRJNA1078443	SAMN40001783	JJ885	soybean	rhizoplane	USA: Wisconsin	2014	Microbe sample from Bacillus pumilus		True	True	False	False	2	True	host;source	False	True	False	False	1	source	True	INCLUDE	Isolation source explicitly indicates direct plant association or plant biological material.	isolation_source
GCF_036966065.1	Bacillus pumilus	1408	JJ603	Scaffold		2024-03-02	Auburn University	PRJNA1078443	SAMN40001781	JJ603	corn	emissingophyte	USA: Iowa	2014	Microbe sample from Bacillus pumilus		True	False	False	False	1	True	host	False	False	False	False	0		False	INCLUDE	Documented project-level plant association: Project-associated publication identifies the strain collection as PGPR; plant hosts include corn and soybean. Inclusion is based on documented plant association of the collection, not on interpreting the malformed isolation-source term itself.	documented_project
GCF_036966445.1	Bacillus pumilus	1408	JJ279	Scaffold		2024-03-02	Auburn University	PRJNA1078443	SAMN40001773	JJ279	corn	rhizoplane	USA: Nebraska	2014	Microbe sample from Bacillus pumilus		True	True	False	False	2	True	host;source	False	True	False	False	1	source	True	INCLUDE	Isolation source explicitly indicates direct plant association or plant biological material.	isolation_source
GCF_036966585.1	Bacillus pumilus	1408	JJ911	Scaffold		2024-03-02	Auburn University	PRJNA1078443	SAMN40001751	JJ911	soybean	emissingophyte	USA: Wisconsin	2014	Microbe sample from Bacillus pumilus		True	False	False	False	1	True	host	False	False	False	False	0		False	INCLUDE	Documented project-level plant association: Project-associated publication identifies the strain collection as PGPR; plant hosts include corn and soybean. Inclusion is based on documented plant association of the collection, not on interpreting the malformed isolation-source term itself.	documented_project
GCF_036966625.1	Bacillus pumilus	1408	JJ902	Scaffold		2024-03-02	Auburn University	PRJNA1078443	SAMN40001749	JJ902	soybean	rhizoplane	USA: Wisconsin	2014	Microbe sample from Bacillus pumilus		True	True	False	False	2	True	host;source	False	True	False	False	1	source	True	INCLUDE	Isolation source explicitly indicates direct plant association or plant biological material.	isolation_source
GCF_036966665.1	Bacillus pumilus	1408	JJ905	Scaffold		2024-03-02	Auburn University	PRJNA1078443	SAMN40001750	JJ905	soybean	rhizoplane	USA: Wisconsin	2014	Microbe sample from Bacillus pumilus		True	True	False	False	2	True	host;source	False	True	False	False	1	source	True	INCLUDE	Isolation source explicitly indicates direct plant association or plant biological material.	isolation_source
GCF_036966825.1	Bacillus pumilus	1408	JJ894	Scaffold		2024-03-02	Auburn University	PRJNA1078443	SAMN40001748	JJ894	soybean	rhizoplane	USA: Wisconsin	2014	Microbe sample from Bacillus pumilus		True	True	False	False	2	True	host;source	False	True	False	False	1	source	True	INCLUDE	Isolation source explicitly indicates direct plant association or plant biological material.	isolation_source
GCF_036966845.1	Bacillus pumilus	1408	JJ861	Scaffold		2024-03-02	Auburn University	PRJNA1078443	SAMN40001747	JJ861	soybean	rhizoplane	USA: Wisconsin	2014	Microbe sample from Bacillus pumilus		True	True	False	False	2	True	host;source	False	True	False	False	1	source	True	INCLUDE	Isolation source explicitly indicates direct plant association or plant biological material.	isolation_source
GCF_036966885.1	Bacillus pumilus	1408	JJ555	Scaffold		2024-03-02	Auburn University	PRJNA1078443	SAMN40001742	JJ555	corn	rhizoplane	USA: Iowa	2014	Microbe sample from Bacillus pumilus		True	True	False	False	2	True	host;source	False	True	False	False	1	source	True	INCLUDE	Isolation source explicitly indicates direct plant association or plant biological material.	isolation_source
GCF_036966925.1	Bacillus pumilus	1408	JJ43	Scaffold		2024-03-02	Auburn University	PRJNA1078443	SAMN40001737	JJ43	corn	emissingophyte	USA: Nebraska	2014	Microbe sample from Bacillus pumilus		True	False	False	False	1	True	host	False	False	False	False	0		False	INCLUDE	Documented project-level plant association: Project-associated publication identifies the strain collection as PGPR; plant hosts include corn and soybean. Inclusion is based on documented plant association of the collection, not on interpreting the malformed isolation-source term itself.	documented_project
GCF_036967065.1	Bacillus pumilus	1408	JJ1209	Scaffold		2024-03-02	Auburn University	PRJNA1078443	SAMN40001717	JJ1209	soybean	emissingophyte	USA: Illinois	2014	Microbe sample from Bacillus pumilus		True	False	False	False	1	True	host	False	False	False	False	0		False	INCLUDE	Documented project-level plant association: Project-associated publication identifies the strain collection as PGPR; plant hosts include corn and soybean. Inclusion is based on documented plant association of the collection, not on interpreting the malformed isolation-source term itself.	documented_project
GCF_036967105.1	Bacillus pumilus	1408	JJ1345	Scaffold		2024-03-02	Auburn University	PRJNA1078443	SAMN40001724	JJ1345	soybean	rhizoplane	USA: Iowa	2014	Microbe sample from Bacillus pumilus		True	True	False	False	2	True	host;source	False	True	False	False	1	source	True	INCLUDE	Isolation source explicitly indicates direct plant association or plant biological material.	isolation_source
GCF_040492735.1	Bacillus pumilus	1408	JJ495	Contig		2024-07-03	Auburn University	PRJNA1078443	SAMN40001779	JJ495	corn	rhizoplane	USA: Iowa	2014	Microbe sample from Bacillus pumilus		True	True	False	False	2	True	host;source	False	True	False	False	1	source	True	INCLUDE	Isolation source explicitly indicates direct plant association or plant biological material.	isolation_source
GCF_040712205.1	Bacillus pumilus	1408	JJ950	Complete Genome		2024-07-15	Auburn University	PRJNA1078443	SAMN40001753	JJ950	soybean	emissingophyte	USA: Wisconsin	2014	Microbe sample from Bacillus pumilus		True	False	False	False	1	True	host	False	False	False	False	0		False	INCLUDE	Documented project-level plant association: Project-associated publication identifies the strain collection as PGPR; plant hosts include corn and soybean. Inclusion is based on documented plant association of the collection, not on interpreting the malformed isolation-source term itself.	documented_project
GCF_040712255.1	Bacillus pumilus	1408	JJ1622	Complete Genome		2024-07-15	Auburn University	PRJNA1078443	SAMN40001729	JJ1622	soybean	rhizoplane	USA: Ohio	2014	Microbe sample from Bacillus pumilus		True	True	False	False	2	True	host;source	False	True	False	False	1	source	True	INCLUDE	Isolation source explicitly indicates direct plant association or plant biological material.	isolation_source
GCF_040712265.1	Bacillus pumilus	1408	JJ1368	Complete Genome		2024-07-15	Auburn University	PRJNA1078443	SAMN40001725	JJ1368	soybean	rhizoplane	USA: Iowa	2014	Microbe sample from Bacillus pumilus		True	True	False	False	2	True	host;source	False	True	False	False	1	source	True	INCLUDE	Isolation source explicitly indicates direct plant association or plant biological material.	isolation_source
GCF_040829855.1	Bacillus pumilus	1408	300	Scaffold		2024-07-23	INRS	PRJNA884320	SAMN42518158	300	wheat	rhizosphere	Canada: Montreal	2017-08	300		True	True	False	False	2	True	host;source	False	True	False	False	1	source	True	INCLUDE	Isolation source explicitly indicates direct plant association or plant biological material.	isolation_source
GCF_040893075.1	Bacillus pumilus	1408	LBUM494	Complete Genome		2024-07-24	Agriculture and Agri-food Canada	PRJNA1136810	SAMN42554341	LBUM494		rhizosphere of strawberry	Canada: Bouctouche, New-Brunswick	2005-05	Microbe sample from Bacillus pumilus		False	True	False	False	1	True	source	False	True	False	False	1	source	True	INCLUDE	Isolation source explicitly indicates direct plant association or plant biological material.	isolation_source
GCF_046269165.1	Bacillus pumilus	1408	NME155	Contig		2024-12-24	Centro de Investigacion en Alimentacion y Desarrollo A.C. (CIAD)	PRJNA1197742	SAMN45814411	NME155	Zea mays	Seed endosphere	Mexico: Hidalgo	2021-05-01/2021-06-30	Microbe sample from Bacillus pumilus		False	True	False	False	1	True	source	False	True	False	False	1	source	True	INCLUDE	Isolation source explicitly indicates direct plant association or plant biological material.	isolation_source
GCF_053570905.1	Bacillus pumilus	1408	CMM66	Contig		2025-11-19	Democritus University of Thrace	PRJNA1321180	SAMN51205492	CMM66	Solanum chilense	rhizosphere	Greece: Thrace, Orestiada	2023-06	Microbe sample from Bacillus pumilus		False	True	False	False	1	True	source	False	True	False	False	1	source	True	INCLUDE	Isolation source explicitly indicates direct plant association or plant biological material.	isolation_source
GCF_057676625.1	Bacillus pumilus	1408	N5	Contig		2026-05-21	University of Sciences and Technology of Oran Mohamed-Boudiaf USTOMB	PRJNA1418091	SAMN55038184	N5	Retama monosperma	nodule	Algeria: Oran	2022-01	Microbe sample from Bacillus pumilus		False	True	False	False	1	True	source	False	True	False	False	1	source	True	INCLUDE	Isolation source explicitly indicates direct plant association or plant biological material.	isolation_source
GCF_060038125.1	Bacillus pumilus	1408	CFBP9299	Complete Genome		2026-08-12	INRAE	PRJNA1484376	SAMN61230140	CFBP9299	Brassica napus	seedling	France: Bretagne, Le Rheu	2023	Microbe sample from Bacillus pumilus CFBP9299	Isolated from Brassica napus seedling genotype Jupiter in self-pollinated conditions by Coralie Marais and Anne Preveaux in 2023. Seed Microbiota Diversity and Culture Collection of Four Major Crops Covering Different Genotypes and Production Modes. Marie Simonin, Natalia Guschinskaya, Muriel Marchi, Coralie Marais, Anne Preveaux, Martial Briand, Nathan Kavunu, Anais Bosc-Bierne, Laurine Labourgade, Cecile Dutrieux, Agathe Brault, Sophie Rolland, Claude-Emmanuel Koutouan, Perrine Portier, Mathilde Causse, Thierry Langin, Nathalie Nesi, Nicolas WG Chen, Alain Sarniguet, Matthieu Barret. https://doi.org/10.64898/2026.04.29.721552	False	True	False	True	2	True	source;comment	False	True	False	True	2	source;comment	True	INCLUDE	Isolation source explicitly indicates direct plant association or plant biological material.	isolation_source
GCF_964264945.1	Bacillus pumilus	1408		Contig		2025-07-30	UMR5557	PRJEB80234	SAMEA116055432				France	2015	Bacillus pumilus JM79	Bacillus strain isolated from the rhizosphere soil of wheat rhizosphere	False	False	False	True	1	True	comment	False	False	False	True	1	comment	True	INCLUDE	Isolation source is unavailable, but other BioSample metadata explicitly indicates direct plant association or plant biological material.	other_explicit_metadata
GCF_002998315.1	Bacillus safensis	561879	GBSW22	Scaffold		2018-03-14	Rainer Borriss's shared submissions	PRJNA436554	SAMN08634633	GBSW22		pea roots	China: Tibet, Nyingchi	2005	Microbe sample from Bacillus safensis		False	True	False	False	1	True	source	False	True	False	False	1	source	True	INCLUDE	Isolation source explicitly indicates direct plant association or plant biological material.	isolation_source
GCF_003660145.1	Bacillus safensis	561879	sami	Chromosome		2018-10-16	Hope Genomics	PRJNA416169	SAMN07943395	sami	Ficus religiosa	diseased leaf veins	Pakistan	2014-11-18	MIGS Cultured Bacterial/Archaeal sample from Bacillus safensis	Keywords: GSC:MIxS;MIGS:6.0	False	True	False	False	1	True	source	False	True	False	False	1	source	True	INCLUDE	Isolation source explicitly indicates direct plant association or plant biological material.	isolation_source
GCF_008244765.1	Bacillus safensis	561879	PgKB20	Complete Genome		2019-09-03	Korea Research Institute of Bioscience and Biotechnology	PRJNA560751	SAMN12612896	PgKB20	Panax ginseng	ginseng seedlings	South Korea: Eumseong	2017	endophyte		False	True	True	False	2	True	source;title	False	True	True	False	2	source;title	True	INCLUDE	Isolation source explicitly indicates direct plant association or plant biological material.	isolation_source
GCF_016767355.1	Bacillus safensis	561879	Tel34	Scaffold		2021-01-28	Agricultural University of Athens	PRJNA681334	SAMN16949416	Tel34	Teucrium polium	leaves, endophytic	Greece: Spata	2016-12	MIGS Cultured Bacterial/Archaeal sample from Bacillus safensis	Keywords: GSC:MIxS;MIGS:6.0	False	True	False	False	1	True	source	False	True	False	False	1	source	True	INCLUDE	Isolation source explicitly indicates direct plant association or plant biological material.	isolation_source
GCF_018101275.1	Bacillus safensis	561879	32PB	Contig		2021-04-19	UFRGS	PRJNA666269	SAMN16287487	32PB	Brassica napus	roots	Brazil: Vacaria, Rio Grande do Sul (RS) State	2014-04	Bacillus safensis 32PB draft genome		False	True	False	False	1	True	source	False	True	False	False	1	source	True	INCLUDE	Isolation source explicitly indicates direct plant association or plant biological material.	isolation_source
GCF_018101295.1	Bacillus safensis	561879	8Taz	Contig		2021-04-19	UFRGS	PRJNA666269	SAMN16287486	8Taz	Brassica napus	roots	Brazil: Vacaria, Rio Grande do Sul (RS) State	2014-04	Bacillus safensis 8Taz draft genome		False	True	False	False	1	True	source	False	True	False	False	1	source	True	INCLUDE	Isolation source explicitly indicates direct plant association or plant biological material.	isolation_source
GCF_018101335.1	Bacillus safensis	561879	1Taz	Contig		2021-04-19	UFRGS	PRJNA666269	SAMN16287485	1Taz	Brassica napus	roots	Brazil: Vacaria, Rio Grande do Sul (RS) State	2014-04	Bacillus safensis 1Taz draft genome		False	True	False	False	1	True	source	False	True	False	False	1	source	True	INCLUDE	Isolation source explicitly indicates direct plant association or plant biological material.	isolation_source
GCF_018361345.1	Bacillus safensis	561879	T052-76	Contig		2021-05-14	Federal University of Rio de Janeiro	PRJNA383335	SAMN06761400	T052-76	Sweet potato	tuberous root	Brazil	2014	Microbe sample from Bacillus safensis strain T052-76		True	True	False	False	2	True	host;source	False	True	False	False	1	source	True	INCLUDE	Isolation source explicitly indicates direct plant association or plant biological material.	isolation_source
GCF_019599585.1	Bacillus safensis	561879	C3	Scaffold		2021-08-15	University of Notre Dame	PRJNA752601	SAMN20601657	C3	Vigna radiata	Surface-sterilized seed	USA: Northern Indiana	2011	Bacillus safensis isolated from mung bean seeds	Keywords: GSC:MIxS;MIGS:6.0	False	True	True	False	2	True	source;title	False	True	True	False	2	source;title	True	INCLUDE	Isolation source explicitly indicates direct plant association or plant biological material.	isolation_source
GCF_020179095.1	Bacillus safensis	561879	HW4	Contig		2021-09-29	Western Sydney University	PRJNA745065	SAMN20132757	HW4	wheat	rhizosphere	Australia:Sydney	2018-09-26	Microbe sample from Bacillus safensis		True	True	False	False	2	True	host;source	False	True	False	False	1	source	True	INCLUDE	Isolation source explicitly indicates direct plant association or plant biological material.	isolation_source
GCF_023089635.1	Bacillus safensis	561879	NBRI 12M	Scaffold		2022-04-21	CSIR-National Botanical Research Institute	PRJNA720255	SAMN18644305	NBRI 12M		rhizosphere soil	India: Uttar Pradesh, Bulandsahar	2015-05-08	Microbe sample from Bacillus safensis		False	True	False	False	1	True	source	False	True	False	False	1	source	True	INCLUDE	Isolation source explicitly indicates direct plant association or plant biological material.	isolation_source
GCF_023195455.1	Bacillus safensis	561879	Y1	Scaffold		2022-04-30	Shandong University at Weihai	PRJNA828519	SAMN27670919	Y1		black pine root	China	2021-09-15	Microbe sample from Bacillus safensis		False	True	False	False	1	True	source	False	True	False	False	1	source	True	INCLUDE	Isolation source explicitly indicates direct plant association or plant biological material.	isolation_source
GCF_025309755.1	Bacillus safensis	561879	GX-H6	Complete Genome		2022-09-20	Plant Protection Research Institute	PRJNA879880	SAMN30816007	GX-H6		Isolated from peanut rhizosphere soil	China: Guangxi,Nanning	2021-12-05	Bacillus safensis strain GX-H6		False	True	False	False	1	True	source	False	True	False	False	1	source	True	INCLUDE	Isolation source explicitly indicates direct plant association or plant biological material.	isolation_source
GCF_029211445.1	Bacillus safensis	561879	JLC8092	Scaffold		2023-03-14	Sandia National Laboratories	PRJNA927334	SAMN32912879	JLC8092		soil, rose rhizosphere	USA: La Verne, California	2013	Microbe sample from Bacillus safensis		False	True	False	False	1	True	source	False	True	False	False	1	source	True	INCLUDE	Isolation source explicitly indicates direct plant association or plant biological material.	isolation_source
GCF_035807415.1	Bacillus safensis	561879	B-59846	Scaffold		2024-01-18	USDA-ARS-NCAUR	PRJNA802201	SAMN33940698	B-59846		Zeamays - seed	USA	2012-11-08	Microbe sample from Bacillus safensis		False	True	False	False	1	True	source	False	True	False	False	1	source	True	INCLUDE	Isolation source explicitly indicates direct plant association or plant biological material.	isolation_source
GCF_035807435.1	Bacillus safensis	561879	B-59844	Contig		2024-01-18	USDA-ARS-NCAUR	PRJNA802201	SAMN33940696	B-59844		Zeamays - seed	USA	2012-11-08	Microbe sample from Bacillus safensis		False	True	False	False	1	True	source	False	True	False	False	1	source	True	INCLUDE	Isolation source explicitly indicates direct plant association or plant biological material.	isolation_source
GCF_035807515.1	Bacillus safensis	561879	B-59843	Scaffold		2024-01-18	USDA-ARS-NCAUR	PRJNA802201	SAMN33940695	B-59843		Zeamays - seed	USA	2012-11-08	Microbe sample from Bacillus safensis		False	True	False	False	1	True	source	False	True	False	False	1	source	True	INCLUDE	Isolation source explicitly indicates direct plant association or plant biological material.	isolation_source
GCF_036348335.1	Bacillus safensis	561879	B7	Contig		2024-02-03	The laboratory of genetics and plant breeding, The National institute of Agronomy of Tunis	PRJNA1011052	SAMN37233912	B7	Diplotaxis harra	leaves	Tunisia: Mednine	2016-11-25	Microbe sample from Bacillus safensis		False	True	False	False	1	True	source	False	True	False	False	1	source	True	INCLUDE	Isolation source explicitly indicates direct plant association or plant biological material.	isolation_source
GCF_036961945.1	Bacillus safensis	561879	JJ1868	Scaffold		2024-03-02	Auburn University	PRJNA1078443	SAMN40001897	JJ1868	soybean	emissingophyte	USA: Iowa	2014	Microbe sample from Bacillus safensis		True	False	False	False	1	True	host	False	False	False	False	0		False	INCLUDE	Documented project-level plant association: Project-associated publication identifies the strain collection as PGPR; plant hosts include corn and soybean. Inclusion is based on documented plant association of the collection, not on interpreting the malformed isolation-source term itself.	documented_project
GCF_036962085.1	Bacillus safensis	561879	JJ1752	Scaffold		2024-03-02	Auburn University	PRJNA1078443	SAMN40001889	JJ1752	soybean	rhizoplane	USA: Iowa	2014	Microbe sample from Bacillus safensis		True	True	False	False	2	True	host;source	False	True	False	False	1	source	True	INCLUDE	Isolation source explicitly indicates direct plant association or plant biological material.	isolation_source
GCF_036962445.1	Bacillus safensis	561879	JJ4	Scaffold		2024-03-02	Auburn University	PRJNA1078443	SAMN40001912	JJ4	corn	emissingophyte	USA: Nebraska	2014	Microbe sample from Bacillus safensis		True	False	False	False	1	True	host	False	False	False	False	0		False	INCLUDE	Documented project-level plant association: Project-associated publication identifies the strain collection as PGPR; plant hosts include corn and soybean. Inclusion is based on documented plant association of the collection, not on interpreting the malformed isolation-source term itself.	documented_project
GCF_036962545.1	Bacillus safensis	561879	JJ1605	Scaffold		2024-03-02	Auburn University	PRJNA1078443	SAMN40001873	JJ1605	soybean	rhizoplane	USA: Ohio	2014	Microbe sample from Bacillus safensis		True	True	False	False	2	True	host;source	False	True	False	False	1	source	True	INCLUDE	Isolation source explicitly indicates direct plant association or plant biological material.	isolation_source
GCF_036962865.1	Bacillus safensis	561879	JJ982	Scaffold		2024-03-02	Auburn University	PRJNA1078443	SAMN40001976	JJ982	soybean	emissingophyte	USA: Wisconsin	2014	Microbe sample from Bacillus safensis		True	False	False	False	1	True	host	False	False	False	False	0		False	INCLUDE	Documented project-level plant association: Project-associated publication identifies the strain collection as PGPR; plant hosts include corn and soybean. Inclusion is based on documented plant association of the collection, not on interpreting the malformed isolation-source term itself.	documented_project
GCF_036963545.1	Bacillus safensis	561879	JJ937	Scaffold		2024-03-02	Auburn University	PRJNA1078443	SAMN40001966	JJ937	soybean	emissingophyte	USA: Wisconsin	2014	Microbe sample from Bacillus safensis		True	False	False	False	1	True	host	False	False	False	False	0		False	INCLUDE	Documented project-level plant association: Project-associated publication identifies the strain collection as PGPR; plant hosts include corn and soybean. Inclusion is based on documented plant association of the collection, not on interpreting the malformed isolation-source term itself.	documented_project
GCF_036965965.1	Bacillus safensis	561879	JJ953	Scaffold		2024-03-02	Auburn University	PRJNA1078443	SAMN40001786	JJ953	soybean	emissingophyte	USA: Wisconsin	2014	Microbe sample from Bacillus safensis		True	False	False	False	1	True	host	False	False	False	False	0		False	INCLUDE	Documented project-level plant association: Project-associated publication identifies the strain collection as PGPR; plant hosts include corn and soybean. Inclusion is based on documented plant association of the collection, not on interpreting the malformed isolation-source term itself.	documented_project
GCF_036966045.1	Bacillus safensis	561879	JJ511	Scaffold		2024-03-02	Auburn University	PRJNA1078443	SAMN40001738	JJ511	corn	rhizoplane	USA: Iowa	2014	Microbe sample from Bacillus safensis		True	True	False	False	2	True	host;source	False	True	False	False	1	source	True	INCLUDE	Isolation source explicitly indicates direct plant association or plant biological material.	isolation_source
GCF_036966345.1	Bacillus safensis	561879	JJ36	Scaffold		2024-03-02	Auburn University	PRJNA1078443	SAMN40001776	JJ36	corn	emissingophyte	USA: Nebraska	2014	Microbe sample from Bacillus safensis		True	False	False	False	1	True	host	False	False	False	False	0		False	INCLUDE	Documented project-level plant association: Project-associated publication identifies the strain collection as PGPR; plant hosts include corn and soybean. Inclusion is based on documented plant association of the collection, not on interpreting the malformed isolation-source term itself.	documented_project
GCF_036966405.1	Bacillus safensis	561879	JJ326	Scaffold		2024-03-02	Auburn University	PRJNA1078443	SAMN40001775	JJ326	soybean	rhizoplane	USA: Nebraska	2014	Microbe sample from Bacillus safensis		True	True	False	False	2	True	host;source	False	True	False	False	1	source	True	INCLUDE	Isolation source explicitly indicates direct plant association or plant biological material.	isolation_source
GCF_036966685.1	Bacillus safensis	561879	JJ519	Scaffold		2024-03-02	Auburn University	PRJNA1078443	SAMN40001739	JJ519	corn	rhizoplane	USA: Iowa	2014	Microbe sample from Bacillus safensis		True	True	False	False	2	True	host;source	False	True	False	False	1	source	True	INCLUDE	Isolation source explicitly indicates direct plant association or plant biological material.	isolation_source
GCF_036966745.1	Bacillus safensis	561879	JJ206	Scaffold		2024-03-02	Auburn University	PRJNA1078443	SAMN40001733	JJ206	corn	emissingophyte	USA: Nebraska	2014	Microbe sample from Bacillus safensis		True	False	False	False	1	True	host	False	False	False	False	0		False	INCLUDE	Documented project-level plant association: Project-associated publication identifies the strain collection as PGPR; plant hosts include corn and soybean. Inclusion is based on documented plant association of the collection, not on interpreting the malformed isolation-source term itself.	documented_project
GCF_036966785.1	Bacillus safensis	561879	JJ1144	Scaffold		2024-03-02	Auburn University	PRJNA1078443	SAMN40001715	JJ1144	soybean	rhizoplane	USA: Illinois	2014	Microbe sample from Bacillus safensis		True	True	False	False	2	True	host;source	False	True	False	False	1	source	True	INCLUDE	Isolation source explicitly indicates direct plant association or plant biological material.	isolation_source
GCF_036966865.1	Bacillus safensis	561879	JJ834	Contig		2024-03-02	Auburn University	PRJNA1078443	SAMN40001746	JJ834	corn	emissingophyte	USA: Iowa	2014	Microbe sample from Bacillus safensis		True	False	False	False	1	True	host	False	False	False	False	0		False	INCLUDE	Documented project-level plant association: Project-associated publication identifies the strain collection as PGPR; plant hosts include corn and soybean. Inclusion is based on documented plant association of the collection, not on interpreting the malformed isolation-source term itself.	documented_project
GCF_036966945.1	Bacillus safensis	561879	JJ542	Contig		2024-03-02	Auburn University	PRJNA1078443	SAMN40001741	JJ542	corn	rhizoplane	USA: Iowa	2014	Microbe sample from Bacillus safensis		True	True	False	False	2	True	host;source	False	True	False	False	1	source	True	INCLUDE	Isolation source explicitly indicates direct plant association or plant biological material.	isolation_source
GCF_036967005.1	Bacillus safensis	561879	JJ1626	Scaffold		2024-03-02	Auburn University	PRJNA1078443	SAMN40001730	JJ1626	soybean	rhizoplane	USA: Ohio	2014	Microbe sample from Bacillus safensis		True	True	False	False	2	True	host;source	False	True	False	False	1	source	True	INCLUDE	Isolation source explicitly indicates direct plant association or plant biological material.	isolation_source
GCF_037094785.1	Bacillus safensis	561879	JJ1041	Complete Genome		2024-03-10	Auburn University	PRJNA1078443	SAMN40001711	JJ1041	corn	rhizoplane	USA: Illinois	2014	Microbe sample from Bacillus safensis		True	True	False	False	2	True	host;source	False	True	False	False	1	source	True	INCLUDE	Isolation source explicitly indicates direct plant association or plant biological material.	isolation_source
GCF_040492315.1	Bacillus safensis	561879	JJ945	Contig		2024-07-03	Auburn University	PRJNA1078443	SAMN40001970	JJ945	soybean	emissingophyte	USA: Wisconsin	2014	Microbe sample from Bacillus safensis		True	False	False	False	1	True	host	False	False	False	False	0		False	INCLUDE	Documented project-level plant association: Project-associated publication identifies the strain collection as PGPR; plant hosts include corn and soybean. Inclusion is based on documented plant association of the collection, not on interpreting the malformed isolation-source term itself.	documented_project
GCF_040492375.1	Bacillus safensis	561879	JJ807	Contig		2024-07-03	Auburn University	PRJNA1078443	SAMN40001944	JJ807	corn	rhizoplane	USA: Wisconsin	2014	Microbe sample from Bacillus safensis		True	True	False	False	2	True	host;source	False	True	False	False	1	source	True	INCLUDE	Isolation source explicitly indicates direct plant association or plant biological material.	isolation_source
GCF_040492755.1	Bacillus safensis	561879	JJ917	Contig		2024-07-03	Auburn University	PRJNA1078443	SAMN40001784	JJ917	soybean	emissingophyte	USA: Wisconsin	2014	Microbe sample from Bacillus safensis		True	False	False	False	1	True	host	False	False	False	False	0		False	INCLUDE	Documented project-level plant association: Project-associated publication identifies the strain collection as PGPR; plant hosts include corn and soybean. Inclusion is based on documented plant association of the collection, not on interpreting the malformed isolation-source term itself.	documented_project
GCF_040492795.1	Bacillus safensis	561879	JJ1076	Contig		2024-07-03	Auburn University	PRJNA1078443	SAMN40001762	JJ1076	corn	emissingophyte	USA: Illinois	2014	Microbe sample from Bacillus safensis		True	False	False	False	1	True	host	False	False	False	False	0		False	INCLUDE	Documented project-level plant association: Project-associated publication identifies the strain collection as PGPR; plant hosts include corn and soybean. Inclusion is based on documented plant association of the collection, not on interpreting the malformed isolation-source term itself.	documented_project
GCF_040492835.1	Bacillus safensis	561879	JJ642	Contig		2024-07-03	Auburn University	PRJNA1078443	SAMN40001744	JJ642	corn	emissingophyte	USA: Iowa	2014	Microbe sample from Bacillus safensis		True	False	False	False	1	True	host	False	False	False	False	0		False	INCLUDE	Documented project-level plant association: Project-associated publication identifies the strain collection as PGPR; plant hosts include corn and soybean. Inclusion is based on documented plant association of the collection, not on interpreting the malformed isolation-source term itself.	documented_project
GCF_040492895.1	Bacillus safensis	561879	JJ1770	Contig		2024-07-03	Auburn University	PRJNA1078443	SAMN40001732	JJ1770	soybean	emissingophyte	USA: Iowa	2014	Microbe sample from Bacillus safensis		True	False	False	False	1	True	host	False	False	False	False	0		False	INCLUDE	Documented project-level plant association: Project-associated publication identifies the strain collection as PGPR; plant hosts include corn and soybean. Inclusion is based on documented plant association of the collection, not on interpreting the malformed isolation-source term itself.	documented_project
GCF_040712225.1	Bacillus safensis	561879	JJ1244	Complete Genome		2024-07-15	Auburn University	PRJNA1078443	SAMN40001720	JJ1244	soybean	emissingophyte	USA: Illinois	2014	Microbe sample from Bacillus safensis		True	False	False	False	1	True	host	False	False	False	False	0		False	INCLUDE	Documented project-level plant association: Project-associated publication identifies the strain collection as PGPR; plant hosts include corn and soybean. Inclusion is based on documented plant association of the collection, not on interpreting the malformed isolation-source term itself.	documented_project
GCF_049542595.1	Bacillus safensis	561879	LCR7	Scaffold		2025-04-12	BHAGWAN MAHAVIR CENTRE FOR ADVANCED RESESRACH	PRJNA1240906	SAMN47542913	LCR7	Lantana camara	roots	India: Gujarat	2023-03-10	Microbe sample from Bacillus safensis		False	True	False	False	1	True	source	False	True	False	False	1	source	True	INCLUDE	Isolation source explicitly indicates direct plant association or plant biological material.	isolation_source
GCF_053291865.1	Bacillus safensis	561879	BCR3	Complete Genome		2025-11-01	Beijing University of Agriculture	PRJNA1293753	SAMN50033526	BCR3		Cypress rhizosphere soil	China:Beijing	not collected	Microbe sample from Bacillus safensis		False	True	False	False	1	True	source	False	True	False	False	1	source	True	INCLUDE	Isolation source explicitly indicates direct plant association or plant biological material.	isolation_source
GCF_053543735.1	Bacillus safensis	561879	AGC42	Contig		2025-11-18	African Genome Center	PRJNA1133887	SAMN43406637	AGC42	plant	Foliar	not provided	2022-05-27	WGS-endobacterial		True	False	False	False	1	True	host	False	True	False	False	1	source	True	INCLUDE	Isolation source explicitly indicates direct plant association or plant biological material.	isolation_source
GCF_054073805.1	Bacillus safensis	561879	Cap07D	Scaffold		2025-12-17	SPbSTU	PRJNA1242717	SAMN47601248	Cap07D	Chenopodium album L.	seeds	Russia: Stavropol Krai	2024	Bacillus safensis strain Cap07D, isolated from Chenopodium album L. seeds		False	True	True	False	2	True	source;title	False	True	True	False	2	source;title	True	INCLUDE	Isolation source explicitly indicates direct plant association or plant biological material.	isolation_source
GCF_056098965.1	Bacillus safensis	561879	TRO13	Contig		2026-03-17	Instituto Tecnologico de Sonora	PRJNA1080047	SAMN45878040	TRO13	wheat	rhizosphere	Mexico: Yaqui Valley	2014	Microbe sample from Bacillus safensis		True	True	False	False	2	True	host;source	False	True	False	False	1	source	True	INCLUDE	Isolation source explicitly indicates direct plant association or plant biological material.	isolation_source
GCF_056958415.1	Bacillus safensis	561879	Medicinal_02	Contig		2026-04-28	MNS-University of Agriculture	PRJNA1290071	SAMN49909477	Medicinal_02	Medicinal plants	soil rhizosphere	Pakistan: Lahore	2023-08-01	Microbe sample from Bacillus safensis		True	True	False	False	2	True	host;source	False	True	False	False	1	source	True	INCLUDE	Isolation source explicitly indicates direct plant association or plant biological material.	isolation_source
GCF_058731845.1	Bacillus safensis	561879	MBL_B29	Scaffold		2026-07-01	Molecular Biology Laboratory	PRJNA1480498	SAMN61032113	MBL_B29	Corchorus olitorius	Jute seed endophyte	Bangladesh: Dhaka	2017-06-30	Microbe sample from Bacillus safensis		False	True	False	False	1	True	source	False	True	False	False	1	source	True	INCLUDE	Isolation source explicitly indicates direct plant association or plant biological material.	isolation_source
GCF_060435285.1	Bacillus safensis	561879	A8	Contig		2026-08-25	Universidad Nacional Autonoma de Mexico. Centro de Ciencias Genomicas	PRJNA1509622	SAMN62270729	A8	Arabidopsis thaliana eca2	leaf	Mexico: Cuernavaca, Morelos	2018-04	A8_genome		True	True	False	False	2	True	host;source	False	True	False	False	1	source	True	INCLUDE	Isolation source explicitly indicates direct plant association or plant biological material.	isolation_source
GCF_060993455.1	Bacillus safensis	561879	A8	Contig		2026-09-07	Universidad Nacional Autonoma de Mexico. Centro de Ciencias Genomicas	PRJNA1515988	SAMN62594714	A8	Arabidobsis thaliana	leaf	Mexico: Cuernavaca, Morelos	2018-04	Microbe sample from Bacillus safensis		False	True	False	False	1	True	source	False	True	False	False	1	source	True	INCLUDE	Isolation source explicitly indicates direct plant association or plant biological material.	isolation_source
GCF_000444215.1	Bacillus safensis VK	1355022	VK	Contig		2013-08-06	Saurashtra University	PRJNA210810	SAMN02470880	VK		rhizosphere of crop plant from saline desert area	India	2010-10	Sample from Bacillus safensis VK		False	True	False	False	1	True	source	False	True	False	False	1	source	True	INCLUDE	Isolation source explicitly indicates direct plant association or plant biological material.	isolation_source
GCF_024453785.1	Bacillus siamensis	659243	WYJ-E14	Complete Genome		2022-07-27	hangzhou normal university	PRJNA858875	SAMN29759001	WYJ-E14	wenyujin	root tuber	China: Zhejiang	2021-12-15	Microbe sample from Bacillus siamensis		False	True	False	False	1	True	source	False	True	False	False	1	source	True	INCLUDE	Isolation source explicitly indicates direct plant association or plant biological material.	isolation_source
GCF_055475255.1	Bacillus siamensis	659243	605-1	Complete Genome		2026-02-18	Plant Protection Research Institute Guangdong Academy of Agricultural Sciences	PRJNA895891	SAMN31526309	605-1	Mangrove	stem	China	2021-12-07	Microbe sample from Bacillus siamensis		False	True	False	False	1	True	source	False	True	False	False	1	source	True	INCLUDE	Isolation source explicitly indicates direct plant association or plant biological material.	isolation_source
GCF_056008865.1	Bacillus siamensis	659243	653	Complete Genome		2026-03-17	Plant Protection Research Institute Guangdong Academy of Agricultural Sciences	PRJNA895894	SAMN31526471	653	tomato	stem	China	2022-03-04	Microbe sample from Bacillus siamensis		True	True	False	False	2	True	host;source	False	True	False	False	1	source	True	INCLUDE	Isolation source explicitly indicates direct plant association or plant biological material.	isolation_source
GCF_059958735.1	Bacillus siamensis	659243	BB653	Complete Genome		2026-08-10	Plant Protection Research Institute Guangdong Academy of Agricultural Sciences	PRJNA918987	SAMN32610002	BB653	tomato	stem	China	2022-03-04	Microbe sample from Bacillus siamensis		True	True	False	False	2	True	host;source	False	True	False	False	1	source	True	INCLUDE	Isolation source explicitly indicates direct plant association or plant biological material.	isolation_source
GCF_059958745.1	Bacillus siamensis	659243	BB605-1	Complete Genome		2026-08-10	Plant Protection Research Institute Guangdong Academy of Agricultural Sciences	PRJNA918989	SAMN32610005	BB605-1	Mangrove	stem	China	2021-12-07	Microbe sample from Bacillus siamensis		False	True	False	False	1	True	source	False	True	False	False	1	source	True	INCLUDE	Isolation source explicitly indicates direct plant association or plant biological material.	isolation_source
GCF_031324045.1	Bacillus sonorensis	119858	YX13	Contig		2023-09-10	Technical University of Denmark	PRJNA960711	SAMN34375037	YX13		rhizosphere soil	China: Yuxi, Yunnan Province	missing	Microbe sample from Bacillus sonorensis		False	True	False	False	1	True	source	False	True	False	False	1	source	True	INCLUDE	Isolation source explicitly indicates direct plant association or plant biological material.	isolation_source
GCF_056399565.1	Bacillus sp. 01N42_2	3238447	01N42_2	Contig		2026-03-29	CCRP	PRJNA1139421	SAMN42773327	01N42_2	Arabidopsis thaliana Col-0	root	Netherlands: Reijerscamp	2018-03-02	Microbe sample from Bacillus sp. 01N42_2	Rhizobacterial isolate 01N42_2 extracted from Arabidopsis roots grown in natural Reijerscamp soil	True	True	False	True	3	True	host;source;comment	False	True	False	True	2	source;comment	True	INCLUDE	Isolation source explicitly indicates direct plant association or plant biological material.	isolation_source
GCF_056399205.1	Bacillus sp. 01N45	3238449	01N45	Contig		2026-03-29	CCRP	PRJNA1139421	SAMN42773345	01N45	Arabidopsis thaliana Col-0	root	Netherlands: Reijerscamp	2018-03-02	Microbe sample from Bacillus sp. 01N45	Rhizobacterial isolate 01N45 extracted from Arabidopsis roots grown in natural Reijerscamp soil	True	True	False	True	3	True	host;source;comment	False	True	False	True	2	source;comment	True	INCLUDE	Isolation source explicitly indicates direct plant association or plant biological material.	isolation_source
GCF_056398845.1	Bacillus sp. 01T419_2	3238451	01T419_2	Contig		2026-03-29	CCRP	PRJNA1139421	SAMN42773363	01T419_2	Arabidopsis thaliana Col-0	root	Netherlands: Reijerscamp	2018-03-02	Microbe sample from Bacillus sp. 01T419_2	Rhizobacterial isolate 01T419_2 extracted from Arabidopsis roots grown in natural Reijerscamp soil	True	True	False	True	3	True	host;source;comment	False	True	False	True	2	source;comment	True	INCLUDE	Isolation source explicitly indicates direct plant association or plant biological material.	isolation_source
GCF_056398025.1	Bacillus sp. 05L412	3238454	05L412	Contig		2026-03-29	CCRP	PRJNA1139421	SAMN42773404	05L412	Arabidopsis thaliana Col-0	root	Netherlands: Reijerscamp	2018-03-02	Microbe sample from Bacillus sp. 05L412	Rhizobacterial isolate 05L412 extracted from Arabidopsis roots grown in natural Reijerscamp soil	True	True	False	True	3	True	host;source;comment	False	True	False	True	2	source;comment	True	INCLUDE	Isolation source explicitly indicates direct plant association or plant biological material.	isolation_source
GCF_056397985.1	Bacillus sp. 05L412_4	3238455	05L412_4	Contig		2026-03-29	CCRP	PRJNA1139421	SAMN42773407	05L412_4	Arabidopsis thaliana Col-0	root	Netherlands: Reijerscamp	2018-03-02	Microbe sample from Bacillus sp. 05L412_4	Rhizobacterial isolate 05L412_4 extracted from Arabidopsis roots grown in natural Reijerscamp soil	True	True	False	True	3	True	host;source;comment	False	True	False	True	2	source;comment	True	INCLUDE	Isolation source explicitly indicates direct plant association or plant biological material.	isolation_source
GCF_056397025.1	Bacillus sp. 05N43	3238458	05N43	Contig		2026-03-29	CCRP	PRJNA1139421	SAMN42773456	05N43	Arabidopsis thaliana Col-0	root	Netherlands: Reijerscamp	2018-03-02	Microbe sample from Bacillus sp. 05N43	Rhizobacterial isolate 05N43 extracted from Arabidopsis roots grown in natural Reijerscamp soil	True	True	False	True	3	True	host;source;comment	False	True	False	True	2	source;comment	True	INCLUDE	Isolation source explicitly indicates direct plant association or plant biological material.	isolation_source
GCF_056396905.1	Bacillus sp. 05N44	3238459	05N44	Contig		2026-03-29	CCRP	PRJNA1139421	SAMN42773464	05N44	Arabidopsis thaliana Col-0	root	Netherlands: Reijerscamp	2018-03-02	Microbe sample from Bacillus sp. 05N44	Rhizobacterial isolate 05N44 extracted from Arabidopsis roots grown in natural Reijerscamp soil	True	True	False	True	3	True	host;source;comment	False	True	False	True	2	source;comment	True	INCLUDE	Isolation source explicitly indicates direct plant association or plant biological material.	isolation_source
GCF_056396785.1	Bacillus sp. 05T21	3238460	05T21	Contig		2026-03-29	CCRP	PRJNA1139421	SAMN42773468	05T21	Arabidopsis thaliana Col-0	root	Netherlands: Reijerscamp	2018-03-02	Microbe sample from Bacillus sp. 05T21	Rhizobacterial isolate 05T21 extracted from Arabidopsis roots grown in natural Reijerscamp soil	True	True	False	True	3	True	host;source;comment	False	True	False	True	2	source;comment	True	INCLUDE	Isolation source explicitly indicates direct plant association or plant biological material.	isolation_source
GCF_056396765.1	Bacillus sp. 05T22	3238461	05T22	Contig		2026-03-29	CCRP	PRJNA1139421	SAMN42773469	05T22	Arabidopsis thaliana Col-0	root	Netherlands: Reijerscamp	2018-03-02	Microbe sample from Bacillus sp. 05T22	Rhizobacterial isolate 05T22 extracted from Arabidopsis roots grown in natural Reijerscamp soil	True	True	False	True	3	True	host;source;comment	False	True	False	True	2	source;comment	True	INCLUDE	Isolation source explicitly indicates direct plant association or plant biological material.	isolation_source
GCF_056396725.1	Bacillus sp. 05T31	3238462	05T31	Scaffold		2026-03-29	CCRP	PRJNA1139421	SAMN42773471	05T31	Arabidopsis thaliana Col-0	root	Netherlands: Reijerscamp	2018-03-02	Microbe sample from Bacillus sp. 05T31	Rhizobacterial isolate 05T31 extracted from Arabidopsis roots grown in natural Reijerscamp soil	True	True	False	True	3	True	host;source;comment	False	True	False	True	2	source;comment	True	INCLUDE	Isolation source explicitly indicates direct plant association or plant biological material.	isolation_source
GCF_014534735.1	Bacillus sp. 1021	2770510	1021	Contig		2020-09-14	King Mongkut's Institute of Technology Ladkraabang	PRJNA662195	SAMN16077866	1021	Oryza sativa	rice root	Thailand	2016-08-02	Microbe sample from Bacillus sp. 1021		False	True	False	False	1	True	source	False	True	False	False	1	source	True	INCLUDE	Isolation source explicitly indicates direct plant association or plant biological material.	isolation_source
GCF_056395645.1	Bacillus sp. 10L38	3238467	10L38	Contig		2026-03-29	CCRP	PRJNA1139421	SAMN42773526	10L38	Arabidopsis thaliana Col-0	root	Netherlands: Reijerscamp	2018-03-02	Microbe sample from Bacillus sp. 10L38	Rhizobacterial isolate 10L38 extracted from Arabidopsis roots grown in natural Reijerscamp soil	True	True	False	True	3	True	host;source;comment	False	True	False	True	2	source;comment	True	INCLUDE	Isolation source explicitly indicates direct plant association or plant biological material.	isolation_source
GCF_052682215.1	Bacillus sp. 1A	3461399	1A	Contig		2025-09-16	Stanford University	PRJNA1321382	SAMN51206708	1A		plant root tip	USA: California	2024-01-01	Microbe sample from Bacillus sp. 1A		False	True	False	False	1	True	source	False	True	False	False	1	source	True	INCLUDE	Isolation source explicitly indicates direct plant association or plant biological material.	isolation_source
GCF_014534715.1	Bacillus sp. 2211	2770509	2211	Contig		2020-09-14	King Mongkut's Institute of Technology Ladkraabang	PRJNA662195	SAMN16077867	2211	Oryza sativa	rice root	Thailand	2016-08-02	Microbe sample from Bacillus sp. 2211		False	True	False	False	1	True	source	False	True	False	False	1	source	True	INCLUDE	Isolation source explicitly indicates direct plant association or plant biological material.	isolation_source
GCF_052045575.1	Bacillus sp. 22190	3453890	22190	Scaffold		2025-08-13	Yantai University	PRJNA1299421	SAMN50301436	22190		rhizosphere soil	China:Henan, Biyang	2023-06-07	Microbe sample from Bacillus sp. 22190		False	True	False	False	1	True	source	False	True	False	False	1	source	True	INCLUDE	Isolation source explicitly indicates direct plant association or plant biological material.	isolation_source
GCF_052045475.1	Bacillus sp. 22266	3453898	22266	Scaffold		2025-08-13	Yantai University	PRJNA1299421	SAMN50301444	22266		rhizosphere soil	China:Guizhou, Bijie	2023-06-23	Microbe sample from Bacillus sp. 22266		False	True	False	False	1	True	source	False	True	False	False	1	source	True	INCLUDE	Isolation source explicitly indicates direct plant association or plant biological material.	isolation_source
GCF_052045225.1	Bacillus sp. 22293	3453902	22293	Scaffold		2025-08-13	Yantai University	PRJNA1299421	SAMN50301448	22293		rhizosphere soil	China:Guizhou, Bijie	2023-06-23	Microbe sample from Bacillus sp. 22293		False	True	False	False	1	True	source	False	True	False	False	1	source	True	INCLUDE	Isolation source explicitly indicates direct plant association or plant biological material.	isolation_source
GCF_052044955.1	Bacillus sp. 22446	3453918	22446	Scaffold		2025-08-13	Yantai University	PRJNA1299421	SAMN50301464	22446		rhizosphere soil	China:Shandong, Linqu	2023-07-20	Microbe sample from Bacillus sp. 22446		False	True	False	False	1	True	source	False	True	False	False	1	source	True	INCLUDE	Isolation source explicitly indicates direct plant association or plant biological material.	isolation_source
GCF_052044835.1	Bacillus sp. 22475	3453925	22475	Scaffold		2025-08-13	Yantai University	PRJNA1299421	SAMN50301471	22475		rhizosphere soil	China:Shandong, Linqu	2023-07-20	Microbe sample from Bacillus sp. 22475		False	True	False	False	1	True	source	False	True	False	False	1	source	True	INCLUDE	Isolation source explicitly indicates direct plant association or plant biological material.	isolation_source
GCF_052044605.1	Bacillus sp. 22483	3453927	22483	Scaffold		2025-08-13	Yantai University	PRJNA1299421	SAMN50301473	22483		rhizosphere soil	China:Shandong, Linqu	2023-07-20	Microbe sample from Bacillus sp. 22483		False	True	False	False	1	True	source	False	True	False	False	1	source	True	INCLUDE	Isolation source explicitly indicates direct plant association or plant biological material.	isolation_source
GCF_047305475.1	Bacillus sp. 3P20	3079309	3P20	Complete Genome		2025-01-29	Universiti Sains Malaysia	PRJNA1023713	SAMN37669924	3P20	Pteris vittata	rhizosphere soil	Malaysia	2020-10-05	Microbe sample from Bacillus sp. 3P20		False	True	False	False	1	True	source	False	True	False	False	1	source	True	INCLUDE	Isolation source explicitly indicates direct plant association or plant biological material.	isolation_source
GCF_000259405.1	Bacillus sp. 5B6	1127743	5B6	Contig		2012-04-23	Korea Research Institute of Bioscience and Biotechnology	PRJNA79215	SAMN02470191	5B6	Prunus avium	leaf	South Korea		Sample from Bacillus sp. 5B6		False	True	False	False	1	True	source	False	True	False	False	1	source	True	INCLUDE	Isolation source explicitly indicates direct plant association or plant biological material.	isolation_source
GCF_042296235.1	Bacillus sp. A1	228104	A1	Complete Genome		2024-09-26	Huainan Normal University	PRJNA1051337	SAMN38770643	A1	Malus micromalus	health leaves	China:Huainan Normal University campus	2022-10-18	Microbe sample from Bacillus sp. A1		False	True	False	False	1	True	source	False	True	False	False	1	source	True	INCLUDE	Isolation source explicitly indicates direct plant association or plant biological material.	isolation_source
GCF_979253805.1	Bacillus sp. AC266	3681932		Scaffold		2026-02-27	Freie Universitaet Berlin	PRJEB98369	SAMEA120782294				New Zealand	2020-07-08	Bacterial isolate from Arabidopsis thaliana leaf	Endophytic bacterial isolate from Arabidopsis thaliana leaf	False	False	True	True	2	True	title;comment	False	False	True	True	2	title;comment	True	INCLUDE	Isolation source is unavailable, but other BioSample metadata explicitly indicates direct plant association or plant biological material.	other_explicit_metadata
GCF_002558005.1	Bacillus sp. AFS012607	2033485	AFS012607	Scaffold		2017-10-16	UNC Chapel Hill	PRJNA400804	SAMN07597408	AFS012607	Soybean	leaf	USA: MN	2014-01-17	Microbe sample from Bacillus sp. AFS012607		True	True	False	False	2	True	host;source	False	True	False	False	1	source	True	INCLUDE	Isolation source explicitly indicates direct plant association or plant biological material.	isolation_source
GCF_002561435.1	Bacillus sp. AFS015896	2033487	AFS015896	Scaffold		2017-10-16	UNC Chapel Hill	PRJNA400804	SAMN07597443	AFS015896		tree leaf	USA: NC	2014-01-14	Microbe sample from Bacillus sp. AFS015896		False	True	False	False	1	True	source	False	True	False	False	1	source	True	INCLUDE	Isolation source explicitly indicates direct plant association or plant biological material.	isolation_source
GCF_002561875.1	Bacillus sp. AFS017274	2033488	AFS017274	Scaffold		2017-10-16	UNC Chapel Hill	PRJNA400804	SAMN07597463	AFS017274	Corn	root	USA: OH	2014-01-20	Microbe sample from Bacillus sp. AFS017274		True	True	False	False	2	True	host;source	False	True	False	False	1	source	True	INCLUDE	Isolation source explicitly indicates direct plant association or plant biological material.	isolation_source
GCF_002558095.1	Bacillus sp. AFS019443	2034279	AFS019443	Scaffold		2017-10-16	UNC Chapel Hill	PRJNA400804	SAMN07597493	AFS019443	Corn	leaf	USA: IN	2014-02-28	Microbe sample from Bacillus sp. AFS019443		True	True	False	False	2	True	host;source	False	True	False	False	1	source	True	INCLUDE	Isolation source explicitly indicates direct plant association or plant biological material.	isolation_source
GCF_002560575.1	Bacillus sp. AFS023182	2033492	AFS023182	Scaffold		2017-10-16	UNC Chapel Hill	PRJNA400804	SAMN07597541	AFS023182	Soybean	leaf	USA: MN	2014-04-09	Microbe sample from Bacillus sp. AFS023182		True	True	False	False	2	True	host;source	False	True	False	False	1	source	True	INCLUDE	Isolation source explicitly indicates direct plant association or plant biological material.	isolation_source
GCF_002584635.1	Bacillus sp. AFS031507	2033496	AFS031507	Scaffold		2017-10-18	UNC Chapel Hill	PRJNA400804	SAMN07597818	AFS031507	Soybean	root	USA: MN	2014-01-21	Microbe sample from Bacillus sp. AFS031507		True	True	False	False	2	True	host;source	False	True	False	False	1	source	True	INCLUDE	Isolation source explicitly indicates direct plant association or plant biological material.	isolation_source
GCF_002583065.1	Bacillus sp. AFS033286	2033498	AFS033286	Scaffold		2017-10-18	UNC Chapel Hill	PRJNA400804	SAMN07597839	AFS033286		tree leaf	USA: NC	2014-01-14	Microbe sample from Bacillus sp. AFS033286		False	True	False	False	1	True	source	False	True	False	False	1	source	True	INCLUDE	Isolation source explicitly indicates direct plant association or plant biological material.	isolation_source
GCF_002577655.1	Bacillus sp. AFS040349	2033502	AFS040349	Scaffold		2017-10-18	UNC Chapel Hill	PRJNA400804	SAMN07597923	AFS040349	Soybean	root	USA: MO	2013-12-13	Microbe sample from Bacillus sp. AFS040349		True	True	False	False	2	True	host;source	False	True	False	False	1	source	True	INCLUDE	Isolation source explicitly indicates direct plant association or plant biological material.	isolation_source
GCF_002577195.1	Bacillus sp. AFS041924	2033503	AFS041924	Scaffold		2017-10-18	UNC Chapel Hill	PRJNA400804	SAMN07597951	AFS041924		plant root	USA: NC	2014-03-20	Microbe sample from Bacillus sp. AFS041924		False	True	False	False	1	True	source	False	True	False	False	1	source	True	INCLUDE	Isolation source explicitly indicates direct plant association or plant biological material.	isolation_source
GCF_002574545.1	Bacillus sp. AFS055030	2033507	AFS055030	Scaffold		2017-10-18	UNC Chapel Hill	PRJNA400804	SAMN07598124	AFS055030		plant root	USA: NC	2014-03-20	Microbe sample from Bacillus sp. AFS055030		False	True	False	False	1	True	source	False	True	False	False	1	source	True	INCLUDE	Isolation source explicitly indicates direct plant association or plant biological material.	isolation_source
GCF_002571225.1	Bacillus sp. AFS059628	2033508	AFS059628	Scaffold		2017-10-17	UNC Chapel Hill	PRJNA400804	SAMN07598196	AFS059628	Corn	leaf	USA: IA	2014-04-17	Microbe sample from Bacillus sp. AFS059628		True	True	False	False	2	True	host;source	False	True	False	False	1	source	True	INCLUDE	Isolation source explicitly indicates direct plant association or plant biological material.	isolation_source
GCF_002566505.1	Bacillus sp. AFS077874	2033513	AFS077874	Scaffold		2017-10-17	UNC Chapel Hill	PRJNA400804	SAMN07598441	AFS077874	Corn	root	USA: IA	2013-12-13	Microbe sample from Bacillus sp. AFS077874		True	True	False	False	2	True	host;source	False	True	False	False	1	source	True	INCLUDE	Isolation source explicitly indicates direct plant association or plant biological material.	isolation_source
GCF_002551815.1	Bacillus sp. AFS098217	2033868	AFS098217	Scaffold		2017-10-13	UNC Chapel Hill	PRJNA400804	SAMN07598697	AFS098217	Corn	leaf	USA: IL	2014-04-17	Microbe sample from Bacillus sp. AFS098217		True	True	False	False	2	True	host;source	False	True	False	False	1	source	True	INCLUDE	Isolation source explicitly indicates direct plant association or plant biological material.	isolation_source
GCF_052180195.1	Bacillus sp. AL-1R	3445775	AL-1R	Complete Genome		2025-08-21	National Institute of Agricultural Sciences, Rural Development Administration	PRJNA1282433	SAMN49649606	AL-1R		rhizosphere of watermelon field	South Korea: Chungju-si, Chungcheongbuk-do	2025-03-11	Microbe sample from Bacillus sp. AL-1R		False	True	False	False	1	True	source	False	True	False	False	1	source	True	INCLUDE	Isolation source explicitly indicates direct plant association or plant biological material.	isolation_source
GCF_056033925.1	Bacillus sp. AMCV2	3692905	AMCV2	Contig		2026-03-15	Instituto de Biotecnologia y Biologia Molecular, IBBM, UNLP, CONICET	PRJNA1390078	SAMN54166495	AMCV2	Vitis vinifera	rhizosphere	Argentina	2016	MIGS Cultured Bacterial/Archaeal sample from Bacillus sp. AMCV2	Keywords: GSC:MIxS;MIGS:6.0	False	True	False	False	1	True	source	False	True	False	False	1	source	True	INCLUDE	Isolation source explicitly indicates direct plant association or plant biological material.	isolation_source
GCF_051550235.1	Bacillus sp. B088	3449737	B088	Contig		2025-07-28	Guangdong Academy of Sciences	PRJNA1291974	SAMN49983661	B088	Citrus	Citrus leaf	China	missing	MIGS Cultured Bacterial/Archaeal sample from Bacillus sp. B088	Keywords: GSC:MIxS;MIGS:6.0	True	True	False	False	2	True	host;source	False	True	False	False	1	source	True	INCLUDE	Isolation source explicitly indicates direct plant association or plant biological material.	isolation_source
GCF_001679765.1	Bacillus sp. B25(2016b)	1868655	B25(2016b)	Chromosome		2016-07-05	Instituto Politecnico Nacional	PRJNA325934	SAMN05256515	B25(2016b)		rhizospheric soil	Mexico: Sinaloa	2009	Bacillus sp. strain B25(2016b)		False	True	False	False	1	True	source	False	True	False	False	1	source	True	INCLUDE	Isolation source explicitly indicates direct plant association or plant biological material.	isolation_source
GCF_029536185.1	Bacillus sp. B28	1167886	B28	Complete Genome		2023-04-01	Shandong agricultural university	PRJNA944828	SAMN33764126	B28	missing	peanut rhizosphere soil	China: Qingdao, Shandong province	2021-05	Microbe sample from Bacillus sp. B28		False	True	False	False	1	True	source	False	True	False	False	1	source	True	INCLUDE	Isolation source explicitly indicates direct plant association or plant biological material.	isolation_source
GCF_004367815.1	Bacillus sp. BH2	2528958	BH2	Contig		2019-03-25	Laboratoire de biologie des systemes microbiens LBSM	PRJNA523912	SAMN10992521	BH2	Tamarix aphylla	roots	Algeria: Oran	2012-10	MIGS Cultured Bacterial/Archaeal sample from Bacillus sp. BH2	Keywords: GSC:MIxS;MIGS:6.0	False	True	False	False	1	True	source	False	True	False	False	1	source	True	INCLUDE	Isolation source explicitly indicates direct plant association or plant biological material.	isolation_source
GCF_004367825.2	Bacillus sp. BH32	2528961	BH32	Contig		2020-07-14	Laboratoire de biologie des systemes microbiens LBSM	PRJNA523918	SAMN10992522	BH32	Atriplex halimus	roots	Algeria: Djelfa	2012-10	MIGS Cultured Bacterial/Archaeal sample from Bacillus sp. BH32	Keywords: GSC:MIxS;MIGS:6.0	False	True	False	False	1	True	source	False	True	False	False	1	source	True	INCLUDE	Isolation source explicitly indicates direct plant association or plant biological material.	isolation_source
GCF_028728315.1	Bacillus sp. BLCC1-0148	2998851	BLCC1-0148	Contig		2023-02-18	Henan University of Chinese Medicine	PRJNA904091	SAMN31844956	BLCC1-0148	Rehmannia glutinosa	rhizosphere soil	China	2013-10-14	MIGS Cultured Bacterial/Archaeal sample from Bacillus sp. BLCC1-0148	Keywords: GSC:MIxS;MIGS:6.0	False	True	False	False	1	True	source	False	True	False	False	1	source	True	INCLUDE	Isolation source explicitly indicates direct plant association or plant biological material.	isolation_source
GCF_054456595.1	Bacillus sp. BMG-18	3568003	BMG-18	Complete Genome		2026-01-11	Chongqing three gordes medical college	PRJNA1393776	SAMN54312534	BMG-18	Fritillaria taipaiensis	roots	China: Xi an Village, Lanying Township, Wuxi County, Chongqing	2025-06-09	Microbe sample from Bacillus sp. BMG-18		False	True	False	False	1	True	source	False	True	False	False	1	source	True	INCLUDE	Isolation source explicitly indicates direct plant association or plant biological material.	isolation_source
GCF_054900515.1	Bacillus sp. Bwzl_19	3477384	Bwzl_19	Complete Genome		2026-02-03	South China Agricultural University	PRJNA1377459	SAMN53790077	Bwzl_19		tobacco leaf	China: Yongzhou City, Hunan Province	2023-05	Microbe sample from Bacillus sp. Bwzl_19		False	True	False	False	1	True	source	False	True	False	False	1	source	True	INCLUDE	Isolation source explicitly indicates direct plant association or plant biological material.	isolation_source
GCF_054570475.1	Bacillus sp. C1	196612	C1	Scaffold		2026-01-20	Heilongjiang Bayi Agricultural University	PRJNA1400142	SAMN54531316	DQ-1		rhizosphere, land salinization	China: Daqing	2023-05	Microbe sample from Bacillus sp. DQ-1		False	True	False	False	1	True	source	False	True	False	False	1	source	True	INCLUDE	Isolation source explicitly indicates direct plant association or plant biological material.	isolation_source
GCF_006349675.1	Bacillus sp. CD3-1a	2587158	CD3-1a	Contig		2019-06-15	ENDOBICA	PRJNA547496	SAMN11964783	CD3-1a		Brassica juncea rhizosphere	Viet Nam	2018-05-28	Microbe sample from Bacillus sp. CD3-1a		False	True	False	False	1	True	source	False	True	False	False	1	source	True	INCLUDE	Isolation source explicitly indicates direct plant association or plant biological material.	isolation_source
GCF_006349665.1	Bacillus sp. CD3-5	2587157	CD3-5	Contig		2019-06-15	ENDOBICA	PRJNA547493	SAMN11964776	CD3-5		Brassica juncea rhizosphere	Viet Nam	2018-05-28	Microbe sample from Bacillus sp. CD3-5		False	True	False	False	1	True	source	False	True	False	False	1	source	True	INCLUDE	Isolation source explicitly indicates direct plant association or plant biological material.	isolation_source
GCF_036541465.1	Bacillus sp. CFBP9009	3098922	CFBP9009	Scaffold		2024-02-10	INRAE	PRJNA1041598	SAMN38288754	CFBP9009	Phaseolus vulgaris	seedling	France: Condom, Gers	2021-01	Bacillus sp (9009)		False	True	False	False	1	True	source	False	True	False	False	1	source	True	INCLUDE	Isolation source explicitly indicates direct plant association or plant biological material.	isolation_source
GCF_053545315.1	Bacillus sp. CIS52	3376681	CIS52	Contig		2025-11-18	IPICYT	PRJNA1178675	SAMN44474650	CIS52	Saccharum officinarum	rhizosphere of sugar cane crops	Mexico: El Sidral, Ciudad Valles San Luis Potosi	2014-06-01	Microbe sample from Bacillus sp. CIS52		False	True	False	False	1	True	source	False	True	False	False	1	source	True	INCLUDE	Isolation source explicitly indicates direct plant association or plant biological material.	isolation_source
GCF_003355115.1	Bacillus sp. COPE52	2233998	COPE52	Chromosome		2018-08-04	Unversidad Michoacana de San Nicolas de Hidalgo	PRJNA476959	SAMN09462204	COPE52	Rubus ulmifolius	Root endosphere	Mexico: Los Reyes, Michoacan	2014-11	Microbe sample from Bacillus sp. COPE52	Plant-growth promoting bacteria isolated from the internal root tissue of blackberry plants.	False	True	False	True	2	True	source;comment	False	True	False	True	2	source;comment	True	INCLUDE	Isolation source explicitly indicates direct plant association or plant biological material.	isolation_source
GCF_003429245.1	Bacillus sp. CR71	2231056	CR71	Chromosome		2018-08-28	Unversidad Michoacana de San Nicolas de Hidalgo	PRJNA476111	SAMN09425887	CR71	Physalis ixocarpa	Endosphere	Mexico: Zamora, Michoacan	2015-08	Microbe sample from Bacillus sp.	Genomic analysis of the plant growth-promoting endophytic bacteria Bacillus sp. CR71 in order to identify functional genes related to plant-bacteria interactions and singling, as well as antagonistic functions against diverse phyto-pathogenic fungi.	False	False	False	True	1	True	comment	False	True	False	True	2	source;comment	True	INCLUDE	Isolation source explicitly indicates direct plant association or plant biological material.	isolation_source
GCF_035065055.1	Bacillus sp. DAG6	3095360	DAG6	Contig		2024-01-03	Engelhardt Institute of Molecular Biology, Russian Academy of Sciences	PRJNA1040149	SAMN38245993	DAG6	Populus alba	roots	Russia:Samur forest	2023	s14 - Bacillus bombysepticus / cereus DAG6		False	True	False	False	1	True	source	False	True	False	False	1	source	True	INCLUDE	Isolation source explicitly indicates direct plant association or plant biological material.	isolation_source
GCF_003429225.1	Bacillus sp. E25	393065	E25	Chromosome		2018-08-28	Unversidad Michoacana de San Nicolas de Hidalgo	PRJNA476931	SAMN09461924	E25	Physalis ixocarpa	Tomato plant endosphere	Mexico: Zamora, Michoacan	2015	Microbe sample from Bacillus sp. E25	Bacterial endophyte from tomato plant roots with plant-growth promoting functions and biocontrol of Botrytis cinerea through the production of volatile compounds such as DMDS.	False	True	False	True	2	True	source;comment	False	True	False	True	2	source;comment	True	INCLUDE	Isolation source explicitly indicates direct plant association or plant biological material.	isolation_source
GCF_011800395.1	Bacillus sp. EKM104P	2708091	EKM104P	Contig		2020-03-31	University of Guelph	PRJNA605771	SAMN14078887	EKM104P	Burpless beauty cucumber	Dry seeds	Canada: Guelph	2014	Microbe sample from Bacillus sp. EKM104P		True	True	False	False	2	True	host;source	False	True	False	False	1	source	True	INCLUDE	Isolation source explicitly indicates direct plant association or plant biological material.	isolation_source
GCF_011066025.1	Bacillus sp. EKM202B	1683596	EKM202B	Scaffold		2020-03-06	University of Guelph	PRJNA605568	SAMN14071532	EKM202B	cantaloupe delicious variety	Dry seeds	Canada: Guelph	2014	Microbe sample from Bacillus sp. EKM202B		False	True	False	False	1	True	source	False	True	False	False	1	source	True	INCLUDE	Isolation source explicitly indicates direct plant association or plant biological material.	isolation_source
GCF_011066075.1	Bacillus sp. EKM203B	1683597	EKM203B	Contig		2020-03-06	University of Guelph	PRJNA605568	SAMN14071534	EKM203B	cantaloupe delicious variety	Dry seeds	Canada: Guelph	2014	Microbe sample from Bacillus sp. EKM203B		False	True	False	False	1	True	source	False	True	False	False	1	source	True	INCLUDE	Isolation source explicitly indicates direct plant association or plant biological material.	isolation_source
GCF_011066015.1	Bacillus sp. EKM206B	1683600	EKM206B	Scaffold		2020-03-06	University of Guelph	PRJNA605568	SAMN14071232	EKM206B	cantaloupe delicious variety	Dry seeds	Canada: Guelph	2014	Microbe sample from Bacillus sp. EKM206B		False	True	False	False	1	True	source	False	True	False	False	1	source	True	INCLUDE	Isolation source explicitly indicates direct plant association or plant biological material.	isolation_source
GCF_011066055.1	Bacillus sp. EKM207B	1683601	EKM207B	Contig		2020-03-06	University of Guelph	PRJNA605568	SAMN14071531	EKM207B	cantaloupe delicious variety	Dry seeds	Canada: Guelph	2014	Microbe sample from Bacillus sp. EKM207B		False	True	False	False	1	True	source	False	True	False	False	1	source	True	INCLUDE	Isolation source explicitly indicates direct plant association or plant biological material.	isolation_source
GCF_011800725.1	Bacillus sp. EKM208B	1683602	EKM208B	Scaffold		2020-03-31	University of Guelph	PRJNA605568	SAMN14071533	EKM208B	cantaloupe delicious variety	Dry seeds	Canada: Guelph	2014	Microbe sample from Bacillus sp. EKM208B		False	True	False	False	1	True	source	False	True	False	False	1	source	True	INCLUDE	Isolation source explicitly indicates direct plant association or plant biological material.	isolation_source
GCF_013305505.1	Bacillus sp. EKM213B	1683607	EKM213B	Contig		2020-06-09	University of Guelph	PRJNA605474	SAMN14070336	EKM213B	cantaloupe	fresh seeds	Canada: Guelph	2014	Microbe sample from Bacillus sp. EKM213B		False	True	False	False	1	True	source	False	True	False	False	1	source	True	INCLUDE	Isolation source explicitly indicates direct plant association or plant biological material.	isolation_source
GCF_011065615.1	Bacillus sp. EKM417B	1683632	EKM417B	Scaffold		2020-03-06	University of Guelph	PRJNA605468	SAMN14068989	EKM417B	watermelon crimson sweet variety	Dry seeds	Canada: Guelph	2014	Microbe sample from Bacillus sp. EKM417B		False	True	False	False	1	True	source	False	True	False	False	1	source	True	INCLUDE	Isolation source explicitly indicates direct plant association or plant biological material.	isolation_source
GCF_011065565.1	Bacillus sp. EKM420B	1683635	EKM420B	Scaffold		2020-03-06	University of Guelph	PRJNA605468	SAMN14069001	EKM420B	watermelon crimson sweet variety	Dry seeds	Canada: Guelph	2014	Microbe sample from Bacillus sp. EKM420B		False	True	False	False	1	True	source	False	True	False	False	1	source	True	INCLUDE	Isolation source explicitly indicates direct plant association or plant biological material.	isolation_source
GCF_011800505.1	Bacillus sp. EKM501B	1683636	EKM501B	Scaffold		2020-03-31	University of Guelph	PRJNA605560	SAMN14070407	EKM501B	butternut squash	Fresh seeds	Canada: Guelph	2014	Microbe sample from Bacillus sp. EKM501B		False	True	False	False	1	True	source	False	True	False	False	1	source	True	INCLUDE	Isolation source explicitly indicates direct plant association or plant biological material.	isolation_source
GCF_011075175.1	Bacillus sp. EKM601B	1683642	EKM601B	Contig		2020-03-09	University of Guelph	PRJNA605560	SAMN14070395	EKM601B	chinese okra	Dry seeds	Canada: Guelph	2014	Microbe sample from Bacillus sp. EKM601B		False	True	False	False	1	True	source	False	True	False	False	1	source	True	INCLUDE	Isolation source explicitly indicates direct plant association or plant biological material.	isolation_source
GCF_056033885.1	Bacillus sp. FAU18	3692903	FAU18	Contig		2026-03-15	Instituto de Biotecnologia y Biologia Molecular, IBBM, UNLP, CONICET	PRJNA1390078	SAMN54166497	FAU18	Vitis vinifera	rhizosphere	Argentina	2016	MIGS Cultured Bacterial/Archaeal sample from Bacillus sp. FAU18	Keywords: GSC:MIxS;MIGS:6.0	False	True	False	False	1	True	source	False	True	False	False	1	source	True	INCLUDE	Isolation source explicitly indicates direct plant association or plant biological material.	isolation_source
GCF_056033865.1	Bacillus sp. FAU20	3692902	FAU20	Contig		2026-03-15	Instituto de Biotecnologia y Biologia Molecular, IBBM, UNLP, CONICET	PRJNA1390078	SAMN54166498	FAU20	Vitis vinifera	rhizosphere	Argentina	2016	MIGS Cultured Bacterial/Archaeal sample from Bacillus sp. FAU20	Keywords: GSC:MIxS;MIGS:6.0	False	True	False	False	1	True	source	False	True	False	False	1	source	True	INCLUDE	Isolation source explicitly indicates direct plant association or plant biological material.	isolation_source
GCF_019039215.1	Bacillus sp. FJAT-29790	1895002	FJAT-29790	Scaffold		2021-06-26	Fujian Academy of Agricultural Sciences	PRJNA340211	SAMN05687774	FJAT-29790		root	China:Fujian	2014-12-01	Microbe sample from Bacillus sp. FJAT-29790	Genome sequencing project for genomic taxonomy and phylogenomics of Bacillus-like bacteria	False	True	False	False	1	True	source	False	True	False	False	1	source	True	INCLUDE	Isolation source explicitly indicates direct plant association or plant biological material.	isolation_source
GCF_018343715.1	Bacillus sp. FJAT-49711	2833585	FJAT-49711	Scaffold		2021-05-11	Fujian Academy of Agricultural Sciences	PRJNA727173	SAMN19008741	FJAT-49711	citrus	rhizosphere soil	China:Zhangzhou	2018-08-15	Microbe sample from Bacillus sp. FJAT-49711		True	True	False	False	2	True	host;source	False	True	False	False	1	source	True	INCLUDE	Isolation source explicitly indicates direct plant association or plant biological material.	isolation_source
GCF_018343615.1	Bacillus sp. FJAT-49736	2833582	FJAT-49736	Scaffold		2021-05-11	Fujian Academy of Agricultural Sciences	PRJNA727173	SAMN19008744	FJAT-49736	citrus	rhizosphere soil	China:Zhangzhou	2018-08-15	Microbe sample from Bacillus sp. FJAT-49736		True	True	False	False	2	True	host;source	False	True	False	False	1	source	True	INCLUDE	Isolation source explicitly indicates direct plant association or plant biological material.	isolation_source
GCF_018343515.1	Bacillus sp. FJAT-50079	2833577	FJAT-50079	Scaffold		2021-05-11	Fujian Academy of Agricultural Sciences	PRJNA727173	SAMN19008749	FJAT-50079	citrus	rhizosphere soil	China:Zhangzhou	2018-08-15	Microbe sample from Bacillus sp. FJAT-50079		True	True	False	False	2	True	host;source	False	True	False	False	1	source	True	INCLUDE	Isolation source explicitly indicates direct plant association or plant biological material.	isolation_source
GCF_002998455.1	Bacillus sp. GBSC66	2108537	GBSC66	Scaffold		2018-03-14	Rainer Borriss's shared submissions	PRJNA436554	SAMN08634935	GBSC66		grass roots	China: Tibet, Nyingchi	2005	Microbe sample from Bacillus sp. GBSC66		False	True	False	False	1	True	source	False	True	False	False	1	source	True	INCLUDE	Isolation source explicitly indicates direct plant association or plant biological material.	isolation_source
GCF_002998675.1	Bacillus sp. GBSW2	2108541	GBSW2	Scaffold		2018-03-14	Rainer Borriss's shared submissions	PRJNA436554	SAMN08636683	GBSW2		pea roots	China: Tibet, Nyingchi	2005	Microbe sample from Bacillus sp. GBSW2		False	True	False	False	1	True	source	False	True	False	False	1	source	True	INCLUDE	Isolation source explicitly indicates direct plant association or plant biological material.	isolation_source
GCF_019091365.1	Bacillus sp. GbtcB10	2824755	GbtcB10	Scaffold		2021-07-02	Central South University	PRJNA720764	SAMN18679168	GbtcB10	Ginkgo biloba	root endophyte	China: Linyi	2019-10-13	Microbe sample from Bacillus sp. GbtcB10		False	True	False	False	1	True	source	False	True	False	False	1	source	True	INCLUDE	Isolation source explicitly indicates direct plant association or plant biological material.	isolation_source
GCF_019091225.1	Bacillus sp. GbtcB13	2824758	GbtcB13	Contig		2021-07-02	Central South University	PRJNA720764	SAMN18679171	GbtcB13	Ginkgo biloba	root endophyte	China: Linyi	2019-10-13	Microbe sample from Bacillus sp. GbtcB13		False	True	False	False	1	True	source	False	True	False	False	1	source	True	INCLUDE	Isolation source explicitly indicates direct plant association or plant biological material.	isolation_source
GCF_019091205.1	Bacillus sp. GbtcB14	2824759	GbtcB14	Scaffold		2021-07-02	Central South University	PRJNA720764	SAMN18679172	GbtcB14	Ginkgo biloba	root endophyte	China: Linyi	2019-10-13	Microbe sample from Bacillus sp. GbtcB14		False	True	False	False	1	True	source	False	True	False	False	1	source	True	INCLUDE	Isolation source explicitly indicates direct plant association or plant biological material.	isolation_source
GCF_019091155.1	Bacillus sp. GbtcB15	2824760	GbtcB15	Scaffold		2021-07-02	Central South University	PRJNA720764	SAMN18679173	GbtcB15	Ginkgo biloba	root endophyte	China: Linyi	2019-10-13	Microbe sample from Bacillus sp. GbtcB15		False	True	False	False	1	True	source	False	True	False	False	1	source	True	INCLUDE	Isolation source explicitly indicates direct plant association or plant biological material.	isolation_source
GCF_026540675.1	Bacillus sp. GC_Bacil_1	2937370	GC_Bacil_1	Contig		2022-11-30	Agriculture Victoria	PRJNA807698	SAMN25981451	GC_Bacil_1	Glycine clandestina	seeds	Australia: Melbourne	2019	MIGS Cultured Bacterial/Archaeal sample from Bacillus sp. GC_Bacil_1	Keywords: GSC:MIxS;MIGS:6.0	False	True	False	False	1	True	source	False	True	False	False	1	source	True	INCLUDE	Isolation source explicitly indicates direct plant association or plant biological material.	isolation_source
GCF_039680825.1	Bacillus sp. GL1(2024)	3450427	GL1	Contig		2024-05-19	Lodz University of Technology	PRJNA1068863	SAMN39605386	GL1	Galium aparine L.	leaf	Poland: Lask	2022	Microbe sample from Bacillus sp. GL1(2024)		False	True	False	False	1	True	source	False	True	False	False	1	source	True	INCLUDE	Isolation source explicitly indicates direct plant association or plant biological material.	isolation_source
GCF_026540655.1	Bacillus sp. GM_Baccil_2	2937369	GM_Baccil_2	Contig		2022-11-30	Agriculture Victoria	PRJNA807698	SAMN25981452	GM_Baccil_2	Glycine max	seeds	Australia: Melbourne	2019	MIGS Cultured Bacterial/Archaeal sample from Bacillus sp. GM_Baccil_2	Keywords: GSC:MIxS;MIGS:6.0	False	True	False	False	1	True	source	False	True	False	False	1	source	True	INCLUDE	Isolation source explicitly indicates direct plant association or plant biological material.	isolation_source
GCF_055825275.1	Bacillus sp. GS3m_15504	3694286	GS3m_15504	Contig		2026-03-13	Institute of Biotechnology/University of Sfax	PRJNA1432082	SAMN56336210	GS3m_15504	Plant	rhizosphere soil	Tunisia: Gabes	2023-10-03	Halotolerant phosphate-solubilizing bacterium GS3m		True	True	False	False	2	True	host;source	False	True	False	False	1	source	True	INCLUDE	Isolation source explicitly indicates direct plant association or plant biological material.	isolation_source
GCF_028751175.1	Bacillus sp. HNR-4	2796141	HNR-4	Complete Genome		2023-02-21	Capital Normal Univercity	PRJNA685011	SAMN17074908	HNR-4	rice	seed	China:Hunan province	2018-11	Microbe sample from Bacillus sp. HNR-4		True	True	False	False	2	True	host;source	False	True	False	False	1	source	True	INCLUDE	Isolation source explicitly indicates direct plant association or plant biological material.	isolation_source
GCF_033194635.1	Bacillus sp. ICE1	3083289	ICE1	Contig		2023-11-01	Unversidad Michoacana de San Nicolas de Hidalgo	PRJNA1031646	SAMN37950553	ICE1	Agave tequilana	roots	Mexico: Celaya, Guanajuato	2023-02-28	Microbe sample from Bacillus sp. ICE1		False	True	False	False	1	True	source	False	True	False	False	1	source	True	INCLUDE	Isolation source explicitly indicates direct plant association or plant biological material.	isolation_source
GCF_032461625.1	Bacillus sp. IG2	3075931	IG2	Contig		2023-10-07	faculty of sciences of sfax	PRJNA1013824	SAMN37311298	IG2		rhizosphere data palm	Tunisia	2016-10-10	Microbe sample from Bacillus sp. IG2		False	True	False	False	1	True	source	False	True	False	False	1	source	True	INCLUDE	Isolation source explicitly indicates direct plant association or plant biological material.	isolation_source
GCF_032461565.1	Bacillus sp. IG6	3075934	IG6	Contig		2023-10-07	faculty of sciences of sfax	PRJNA1015152	SAMN37346994	IG6		Date palm rhizosphere	Tunisia	2016-10-10	Microbe sample from Bacillus sp. IG6		False	True	False	False	1	True	source	False	True	False	False	1	source	True	INCLUDE	Isolation source explicitly indicates direct plant association or plant biological material.	isolation_source
GCF_035064545.1	Bacillus sp. ILBB4	2857505	ILBB4	Scaffold		2024-01-03	INIA	PRJNA745340	SAMN20166710	ILBB4	soybean	rhizosphere	Uruguay	2015	MIGS Cultured Bacterial/Archaeal sample from Bacillus sp. ILBB4	Keywords: GSC:MIxS;MIGS:6.0	True	True	False	False	2	True	host;source	False	True	False	False	1	source	True	INCLUDE	Isolation source explicitly indicates direct plant association or plant biological material.	isolation_source
GCF_032461585.1	Bacillus sp. IS1	3075932	IS1	Contig		2023-10-07	faculty of sciences of sfax	PRJNA1015115	SAMN37346544	IS1		date palm rhizosphere	Tunisia	2016-10-10	Microbe sample from Bacillus sp. IS1		False	True	False	False	1	True	source	False	True	False	False	1	source	True	INCLUDE	Isolation source explicitly indicates direct plant association or plant biological material.	isolation_source
GCF_949767925.1	Bacillus sp. IT-13CA1	3035929		Contig		2025-02-10	faculty of agriculture, university of belgrade	PRJEB59762	SAMEA112482755						IT-13CA1	rhizosphere bacteria	False	False	False	True	1	True	comment	False	False	False	True	1	comment	True	INCLUDE	Isolation source is unavailable, but other BioSample metadata explicitly indicates direct plant association or plant biological material.	other_explicit_metadata
GCF_949768135.1	Bacillus sp. IT-79MI2	3026438		Contig		2025-02-10	faculty of agriculture, university of belgrade	PRJEB59762	SAMEA112653647						IT-79MI2	rhizosphere bacteria	False	False	False	True	1	True	comment	False	False	False	True	1	comment	True	INCLUDE	Isolation source is unavailable, but other BioSample metadata explicitly indicates direct plant association or plant biological material.	other_explicit_metadata
GCF_036964885.1	Bacillus sp. JJ1122	3122951	JJ1122	Scaffold		2024-03-02	Auburn University	PRJNA1078443	SAMN40001808	JJ1122	corn	emissingophyte	USA: Illinois	2014	Microbe sample from Bacillus sp. JJ1122		True	False	False	False	1	True	host	False	False	False	False	0		False	INCLUDE	Documented project-level plant association: Project-associated publication identifies the strain collection as PGPR; plant hosts include corn and soybean. Inclusion is based on documented plant association of the collection, not on interpreting the malformed isolation-source term itself.	documented_project
GCF_036965845.1	Bacillus sp. JJ1127	3122952	JJ1127	Scaffold		2024-03-02	Auburn University	PRJNA1078443	SAMN40001809	JJ1127	soybean	rhizoplane	USA: Illinois	2014	Microbe sample from Bacillus sp. JJ1127		True	True	False	False	2	True	host;source	False	True	False	False	1	source	True	INCLUDE	Isolation source explicitly indicates direct plant association or plant biological material.	isolation_source
GCF_036965225.1	Bacillus sp. JJ1474	3122955	JJ1474	Scaffold		2024-03-02	Auburn University	PRJNA1078443	SAMN40001853	JJ1474	corn	rhizoplane	USA: Ohio	2014	Microbe sample from Bacillus sp. JJ1474		True	True	False	False	2	True	host;source	False	True	False	False	1	source	True	INCLUDE	Isolation source explicitly indicates direct plant association or plant biological material.	isolation_source
GCF_036965125.1	Bacillus sp. JJ1503	3122956	JJ1503	Scaffold		2024-03-02	Auburn University	PRJNA1078443	SAMN40001856	JJ1503	corn	rhizoplane	USA: Ohio	2014	Microbe sample from Bacillus sp. JJ1503		True	True	False	False	2	True	host;source	False	True	False	False	1	source	True	INCLUDE	Isolation source explicitly indicates direct plant association or plant biological material.	isolation_source
GCF_036965165.1	Bacillus sp. JJ1521	3122957	JJ1521	Scaffold		2024-03-02	Auburn University	PRJNA1078443	SAMN40001858	JJ1521	corn	emissingophyte	USA: Ohio	2014	Microbe sample from Bacillus sp. JJ1521		True	False	False	False	1	True	host	False	False	False	False	0		False	INCLUDE	Documented project-level plant association: Project-associated publication identifies the strain collection as PGPR; plant hosts include corn and soybean. Inclusion is based on documented plant association of the collection, not on interpreting the malformed isolation-source term itself.	documented_project
GCF_036965085.1	Bacillus sp. JJ1532	3122958	JJ1532	Scaffold		2024-03-02	Auburn University	PRJNA1078443	SAMN40001860	JJ1532	corn	emissingophyte	USA: Ohio	2014	Microbe sample from Bacillus sp. JJ1532		True	False	False	False	1	True	host	False	False	False	False	0		False	INCLUDE	Documented project-level plant association: Project-associated publication identifies the strain collection as PGPR; plant hosts include corn and soybean. Inclusion is based on documented plant association of the collection, not on interpreting the malformed isolation-source term itself.	documented_project
GCF_036965045.1	Bacillus sp. JJ1533	3122959	JJ1533	Scaffold		2024-03-02	Auburn University	PRJNA1078443	SAMN40001861	JJ1533	corn	emissingophyte	USA: Ohio	2014	Microbe sample from Bacillus sp. JJ1533		True	False	False	False	1	True	host	False	False	False	False	0		False	INCLUDE	Documented project-level plant association: Project-associated publication identifies the strain collection as PGPR; plant hosts include corn and soybean. Inclusion is based on documented plant association of the collection, not on interpreting the malformed isolation-source term itself.	documented_project
GCF_036962705.1	Bacillus sp. JJ1562	3122960	JJ1562	Scaffold		2024-03-02	Auburn University	PRJNA1078443	SAMN40001866	JJ1562	corn	emissingophyte	USA: Ohio	2014	Microbe sample from Bacillus sp. JJ1562		True	False	False	False	1	True	host	False	False	False	False	0		False	INCLUDE	Documented project-level plant association: Project-associated publication identifies the strain collection as PGPR; plant hosts include corn and soybean. Inclusion is based on documented plant association of the collection, not on interpreting the malformed isolation-source term itself.	documented_project
GCF_036962685.1	Bacillus sp. JJ1566	3122961	JJ1566	Scaffold		2024-03-02	Auburn University	PRJNA1078443	SAMN40001867	JJ1566	corn	emissingophyte	USA: Ohio	2014	Microbe sample from Bacillus sp. JJ1566		True	False	False	False	1	True	host	False	False	False	False	0		False	INCLUDE	Documented project-level plant association: Project-associated publication identifies the strain collection as PGPR; plant hosts include corn and soybean. Inclusion is based on documented plant association of the collection, not on interpreting the malformed isolation-source term itself.	documented_project
GCF_036967045.1	Bacillus sp. JJ1609	3122977	JJ1609	Scaffold		2024-03-02	Auburn University	PRJNA1078443	SAMN40001728	JJ1609	soybean	rhizoplane	USA: Ohio	2014	Microbe sample from Bacillus sp. JJ1609		True	True	False	False	2	True	host;source	False	True	False	False	1	source	True	INCLUDE	Isolation source explicitly indicates direct plant association or plant biological material.	isolation_source
GCF_036962145.1	Bacillus sp. JJ1764	3122964	JJ1764	Scaffold		2024-03-02	Auburn University	PRJNA1078443	SAMN40001891	JJ1764	soybean	emissingophyte	USA: Iowa	2014	Microbe sample from Bacillus sp. JJ1764		True	False	False	False	1	True	host	False	False	False	False	0		False	INCLUDE	Documented project-level plant association: Project-associated publication identifies the strain collection as PGPR; plant hosts include corn and soybean. Inclusion is based on documented plant association of the collection, not on interpreting the malformed isolation-source term itself.	documented_project
GCF_036962035.1	Bacillus sp. JJ1773	3122965	JJ1773	Scaffold		2024-03-02	Auburn University	PRJNA1078443	SAMN40001892	JJ1773	corn	rhizoplane	USA: Ohio	2014	Microbe sample from Bacillus sp. JJ1773		True	True	False	False	2	True	host;source	False	True	False	False	1	source	True	INCLUDE	Isolation source explicitly indicates direct plant association or plant biological material.	isolation_source
GCF_036963405.1	Bacillus sp. JJ269	3122966	JJ269	Scaffold		2024-03-02	Auburn University	PRJNA1078443	SAMN40001903	JJ269	corn	rhizoplane	USA: Nebraska	2014	Microbe sample from Bacillus sp. JJ269		True	True	False	False	2	True	host;source	False	True	False	False	1	source	True	INCLUDE	Isolation source explicitly indicates direct plant association or plant biological material.	isolation_source
GCF_040492475.1	Bacillus sp. JJ353	3122967	JJ353	Contig		2024-07-03	Auburn University	PRJNA1078443	SAMN40001907	JJ353	soybean	rhizoplane	USA: Nebraska	2014	Microbe sample from Bacillus sp. JJ353		True	True	False	False	2	True	host;source	False	True	False	False	1	source	True	INCLUDE	Isolation source explicitly indicates direct plant association or plant biological material.	isolation_source
GCF_036962185.1	Bacillus sp. JJ63	3122968	JJ63	Scaffold		2024-03-02	Auburn University	PRJNA1078443	SAMN40001923	JJ63	corn	emissingophyte	USA: Nebraska	2014	Microbe sample from Bacillus sp. JJ63		True	False	False	False	1	True	host	False	False	False	False	0		False	INCLUDE	Documented project-level plant association: Project-associated publication identifies the strain collection as PGPR; plant hosts include corn and soybean. Inclusion is based on documented plant association of the collection, not on interpreting the malformed isolation-source term itself.	documented_project
GCF_036962285.1	Bacillus sp. JJ634	3122969	JJ634	Scaffold		2024-03-02	Auburn University	PRJNA1078443	SAMN40001924	JJ634	corn	emissingophyte	USA: Iowa	2014	Microbe sample from Bacillus sp. JJ634		True	False	False	False	1	True	host	False	False	False	False	0		False	INCLUDE	Documented project-level plant association: Project-associated publication identifies the strain collection as PGPR; plant hosts include corn and soybean. Inclusion is based on documented plant association of the collection, not on interpreting the malformed isolation-source term itself.	documented_project
GCF_036962205.1	Bacillus sp. JJ664	3122970	JJ664	Scaffold		2024-03-02	Auburn University	PRJNA1078443	SAMN40001927	JJ664	corn	rhizoplane	USA: Wisconsin	2014	Microbe sample from Bacillus sp. JJ664		True	True	False	False	2	True	host;source	False	True	False	False	1	source	True	INCLUDE	Isolation source explicitly indicates direct plant association or plant biological material.	isolation_source
GCF_036963165.1	Bacillus sp. JJ675	3122972	JJ675	Scaffold		2024-03-02	Auburn University	PRJNA1078443	SAMN40001929	JJ675	corn	rhizoplane	USA: Wisconsin	2014	Microbe sample from Bacillus sp. JJ675		True	True	False	False	2	True	host;source	False	True	False	False	1	source	True	INCLUDE	Isolation source explicitly indicates direct plant association or plant biological material.	isolation_source
GCF_036964945.1	Bacillus sp. JJ689	3122949	JJ689	Contig		2024-03-02	Auburn University	PRJNA1078443	SAMN40001782	JJ689	corn	rhizoplane	USA: Wisconsin	2014	Microbe sample from Bacillus sp. JJ689		True	True	False	False	2	True	host;source	False	True	False	False	1	source	True	INCLUDE	Isolation source explicitly indicates direct plant association or plant biological material.	isolation_source
GCF_036963345.1	Bacillus sp. JJ722	3122973	JJ722	Scaffold		2024-03-02	Auburn University	PRJNA1078443	SAMN40001932	JJ722	corn	rhizoplane	USA: Wisconsin	2014	Microbe sample from Bacillus sp. JJ722		True	True	False	False	2	True	host;source	False	True	False	False	1	source	True	INCLUDE	Isolation source explicitly indicates direct plant association or plant biological material.	isolation_source
GCF_036963225.1	Bacillus sp. JJ783	3122974	JJ783	Scaffold		2024-03-02	Auburn University	PRJNA1078443	SAMN40001941	JJ783	corn	emissingophyte	USA: Wisconsin	2014	Microbe sample from Bacillus sp. JJ783		True	False	False	False	1	True	host	False	False	False	False	0		False	INCLUDE	Documented project-level plant association: Project-associated publication identifies the strain collection as PGPR; plant hosts include corn and soybean. Inclusion is based on documented plant association of the collection, not on interpreting the malformed isolation-source term itself.	documented_project
GCF_036963045.1	Bacillus sp. JJ864	3122975	JJ864	Scaffold		2024-03-02	Auburn University	PRJNA1078443	SAMN40001951	JJ864	soybean	rhizoplane	USA: Wisconsin	2014	Microbe sample from Bacillus sp. JJ864		True	True	False	False	2	True	host;source	False	True	False	False	1	source	True	INCLUDE	Isolation source explicitly indicates direct plant association or plant biological material.	isolation_source
GCF_040492395.1	Bacillus sp. JJ927	3122976	JJ927	Contig		2024-07-03	Auburn University	PRJNA1078443	SAMN40001963	JJ927	soybean	emissingophyte	USA: Wisconsin	2014	Microbe sample from Bacillus sp. JJ927		True	False	False	False	1	True	host	False	False	False	False	0		False	INCLUDE	Documented project-level plant association: Project-associated publication identifies the strain collection as PGPR; plant hosts include corn and soybean. Inclusion is based on documented plant association of the collection, not on interpreting the malformed isolation-source term itself.	documented_project
GCF_053663355.1	Bacillus sp. JK106	3468877	JK106	Contig		2025-11-24	Kasetsart University	PRJNA1337634	SAMN52356604	JK106	Musa	Rhizosphere soil of banana plantation	Thailand: Sakon Nakhon	2016-02-15	Draft genome sequence of Bacillus sp. JK106 isolated from rhizosphere soil of banana plantation		False	True	True	False	2	True	source;title	False	True	True	False	2	source;title	True	INCLUDE	Isolation source explicitly indicates direct plant association or plant biological material.	isolation_source
GCF_053663195.1	Bacillus sp. JK127	3468878	JK127	Contig		2025-11-24	Kasetsart University	PRJNA1337634	SAMN52356605	JK127	Musa	Rhizosphere soil of banana plantation	Thailand: Sakon Nakhon	2016-02-15	Draft genome sequence of Bacillus sp. JK127 isolated from rhizosphere soil of banana plantation		False	True	True	False	2	True	source;title	False	True	True	False	2	source;title	True	INCLUDE	Isolation source explicitly indicates direct plant association or plant biological material.	isolation_source
GCF_053663455.1	Bacillus sp. JK62	3468875	JK62	Contig		2025-11-24	Kasetsart University	PRJNA1337634	SAMN52356602	JK62	Musa	Rhizosphere soil of banana plantation	Thailand: Sakon Nakhon	2016-02-15	Draft genome sequence of Bacillus sp. JK62 isolated from rhizosphere soil of banana plantation		False	True	True	False	2	True	source;title	False	True	True	False	2	source;title	True	INCLUDE	Isolation source explicitly indicates direct plant association or plant biological material.	isolation_source
GCF_053663395.1	Bacillus sp. JK74	3468876	JK74	Contig		2025-11-24	Kasetsart University	PRJNA1337634	SAMN52356603	JK74	Musa	Rhizosphere soil of banana plantation	Thailand: Sakon Nakhon	2016-02-15	Draft genome sequence of Bacillus sp. JK74 isolated from rhizosphere soil of banana plantation		False	True	True	False	2	True	source;title	False	True	True	False	2	source;title	True	INCLUDE	Isolation source explicitly indicates direct plant association or plant biological material.	isolation_source
GCF_030284525.1	Bacillus sp. L381	2982700	L381	Complete Genome		2023-06-17	JINAN UNIVERSITY	PRJNA884000	SAMN31018855	L381	Oryza meridionalis	root	China:Guangzhou	2016-03-29	Microbe sample from Bacillus sp. L381		False	True	False	False	1	True	source	False	True	False	False	1	source	True	INCLUDE	Isolation source explicitly indicates direct plant association or plant biological material.	isolation_source
GCF_020708615.1	Bacillus sp. LBG-1-113	2886094	LBG-1-113	Scaffold		2021-11-01	Beijing Academy of Agriculture and Forestry Science	PRJNA773184	SAMN22445230	LBG-1-113	lily	root	China: Gansu	2016-07	Microbe sample from Bacillus sp. LBG-1-113		False	True	False	False	1	True	source	False	True	False	False	1	source	True	INCLUDE	Isolation source explicitly indicates direct plant association or plant biological material.	isolation_source
GCF_047977995.1	Bacillus sp. LFS086	3229889	LFS086	Contig		2025-02-24	Rutgers University	PRJNA1085293	SAMN41991647	LFS086	soybean	rhizosphere soil	USA: New Haven	2022-02-15	Microbe sample from Bacillus sp. LFS086		True	True	False	False	2	True	host;source	False	True	False	False	1	source	True	INCLUDE	Isolation source explicitly indicates direct plant association or plant biological material.	isolation_source
GCF_002998615.1	Bacillus sp. LNXM10	2108542	LNXM10	Scaffold		2018-03-14	Rainer Borriss's shared submissions	PRJNA436554	SAMN08636686	LNXM10		wheat root soil	China: Tibet, Lhasa	2005	Microbe sample from Bacillus sp. LNXM10		False	True	False	False	1	True	source	False	True	False	False	1	source	True	INCLUDE	Isolation source explicitly indicates direct plant association or plant biological material.	isolation_source
GCF_003004355.1	Bacillus sp. LNXM12-2	2109589	LNXM12-2	Scaffold		2018-03-15	Rainer Borriss's shared submissions	PRJNA436554	SAMN08637793	LNXM12-2		wheat root soil	China: Tibet, Lhasa	2005	Microbe sample from Bacillus sp. LNXM12-2		False	True	False	False	1	True	source	False	True	False	False	1	source	True	INCLUDE	Isolation source explicitly indicates direct plant association or plant biological material.	isolation_source
GCF_053613335.1	Bacillus sp. LR--39	3469240	LR--39	Contig		2025-11-23	Yili Normal University	PRJNA1332082	SAMN52937125	LR--39	Lavandula angustifolia Mill.	lavender rhizosphere soil	China: Xinjiang, Yining City	2024	Microbe sample from Bacillus sp. LR--39		False	True	False	False	1	True	source	False	True	False	False	1	source	True	INCLUDE	Isolation source explicitly indicates direct plant association or plant biological material.	isolation_source
GCF_030209735.1	Bacillus sp. lyk4-R2A-2	3040282	lyk4-R2A-2	Contig		2023-06-07	University of Chicago	PRJNA953780	SAMN34123768	lyk4-R2A-2	Arabidopsis thaliana	root/leaf	USA: midwestern states	not applicable	MIGS Cultured Bacterial/Archaeal sample from Bacillus sp. lyk4-R2A-2	Keywords: GSC:MIxS;MIGS:6.0	True	True	False	False	2	True	host;source	False	True	False	False	1	source	True	INCLUDE	Isolation source explicitly indicates direct plant association or plant biological material.	isolation_source
GCF_903971065.1	Bacillus sp. ME5	2744251	ME5	Contig		2020-07-30	CARDIFF SCHOOL OF BIOSCIENCES	PRJEB37902	SAMEA7026317	ME5	Aphanamixis polystachya	Aphanamixis polystachya leaf	India	2017-07-05/2017-08-28	Bacillus sp. ME5	Leaf endophyte Bacillus sp. ME5	False	True	False	True	2	True	source;comment	False	True	False	True	2	source;comment	True	INCLUDE	Isolation source explicitly indicates direct plant association or plant biological material.	isolation_source
GCF_903970865.1	Bacillus sp. ME78	2744261	ME78	Contig		2020-07-30	CARDIFF SCHOOL OF BIOSCIENCES	PRJEB37902	SAMEA7026338	ME78	Madhuca insignis	Madhuca insignis leaf	India	2017-07-05/2017-08-28	Bacillus sp. ME78	Leaf endophyte Bacillus sp. ME78	False	True	False	True	2	True	source;comment	False	True	False	True	2	source;comment	True	INCLUDE	Isolation source explicitly indicates direct plant association or plant biological material.	isolation_source
GCF_056711665.1	Bacillus sp. Medicinal_06	3698906	Medicinal_06	Contig		2026-04-13	MNS-University of Agriculture	PRJNA1290071	SAMN49909481	Medicinal_06	Medicinal plants	soil rhizosphere	Pakistan: Lahore	2023-08-01	Microbe sample from Bacillus sp. Medicinal_06		True	True	False	False	2	True	host;source	False	True	False	False	1	source	True	INCLUDE	Isolation source explicitly indicates direct plant association or plant biological material.	isolation_source
GCF_052259025.1	Bacillus sp. MHSD17	3026937	MHSD17	Contig		2025-08-26	University of Johannesburg	PRJNA1306402	SAMN50633695	MHSD17	Dicoma anomala	roots	South Africa: Limpopo province	2018-04	Microbe sample from Bacillus sp. MHSD17		False	True	False	False	1	True	source	False	True	False	False	1	source	True	INCLUDE	Isolation source explicitly indicates direct plant association or plant biological material.	isolation_source
GCF_030757775.1	Bacillus sp. MHSD_36	3067779	MHSD_36	Contig		2023-08-16	University of Johannesburg	PRJNA1002565	SAMN36845528	MHSD_36	Solanum nigrum	leaves	South Africa: Limpopo Province	2017-03-19	Microbe sample from Bacillus sp. MHSD_36		False	True	False	False	1	True	source	False	True	False	False	1	source	True	INCLUDE	Isolation source explicitly indicates direct plant association or plant biological material.	isolation_source
GCF_026719365.1	Bacillus sp. NEAU-16	2998897	NEAU-16	Contig		2022-12-06	School of life science	PRJNA906641	SAMN31933659	NEAU-16	tomato	seed	China:Harbin	2021-04-30	Microbe sample from Bacillus sp. NEAU-16		True	True	False	False	2	True	host;source	False	True	False	False	1	source	True	INCLUDE	Isolation source explicitly indicates direct plant association or plant biological material.	isolation_source
GCF_027853835.1	Bacillus sp. NEAU-242-2	2998083	NEAU-242-2	Scaffold		2023-01-14	School of life science	PRJNA905939	SAMN31888567	NEAU-242-2		seed	China:Harbin	2021-08-07	Microbe sample from Bacillus sp. NEAU-242-2		False	True	False	False	1	True	source	False	True	False	False	1	source	True	INCLUDE	Isolation source explicitly indicates direct plant association or plant biological material.	isolation_source
GCF_026420705.1	Bacillus sp. NEAU-CP5	2996405	NEAU-CP5	Scaffold		2022-11-27	School of life science	PRJNA904080	SAMN31828421	NEAU-CP5	tomato	seed	China:Harbin	2020-10-03	Microbe sample from Bacillus sp. NEAU-CP5		True	True	False	False	2	True	host;source	False	True	False	False	1	source	True	INCLUDE	Isolation source explicitly indicates direct plant association or plant biological material.	isolation_source
GCF_002998465.1	Bacillus sp. NMCC46	2108538	NMCC46	Scaffold		2018-03-14	Rainer Borriss's shared submissions	PRJNA436554	SAMN08636320	NMCC46		grass root soil	China:Tibet, Lake Namtso, Nagqu	2005	Microbe sample from Bacillus sp. NMCC46		False	True	False	False	1	True	source	False	True	False	False	1	source	True	INCLUDE	Isolation source explicitly indicates direct plant association or plant biological material.	isolation_source
GCF_002998735.1	Bacillus sp. NMTD17	2108547	NMTD17	Scaffold		2018-03-14	Rainer Borriss's shared submissions	PRJNA436554	SAMN08637800	NMTD17		barley roots soil	China: Tibet, Lhasa	2005	Microbe sample from Bacillus sp. NMTD17		False	True	False	False	1	True	source	False	True	False	False	1	source	True	INCLUDE	Isolation source explicitly indicates direct plant association or plant biological material.	isolation_source
GCF_056401855.1	Bacillus sp. P4_D3	3238611	P4_D3	Contig		2026-03-29	CCRP	PRJNA1139693	SAMN42779330	P4_D3	Zea mays B151	root	Denmark: Askov	2019-03-26	Microbe sample from Bacillus sp. P4_D3	Rhizobacterial isolate P4_D3 extracted from Barley and Maize roots grown in natural Askov soil	False	True	False	True	2	True	source;comment	False	True	False	True	2	source;comment	True	INCLUDE	Isolation source explicitly indicates direct plant association or plant biological material.	isolation_source
GCF_056401715.1	Bacillus sp. P4_E1	3238612	P4_E1	Contig		2026-03-29	CCRP	PRJNA1139693	SAMN42779338	P4_E1	Zea mays B151	root	Denmark: Askov	2019-03-26	Microbe sample from Bacillus sp. P4_E1	Rhizobacterial isolate P4_E1 extracted from Barley and Maize roots grown in natural Askov soil	False	True	False	True	2	True	source;comment	False	True	False	True	2	source;comment	True	INCLUDE	Isolation source explicitly indicates direct plant association or plant biological material.	isolation_source
GCF_007097215.1	Bacillus sp. PW192	2594006	PW192	Contig		2019-07-17	Faculty of Pharmacy Mahidol University	PRJNA553320	SAMN12234592	PW192		rhizosphere	Thailand:Nakornsawan	2018-10-11	Microbe sample from Bacillus sp. PW192		False	True	False	False	1	True	source	False	True	False	False	1	source	True	INCLUDE	Isolation source explicitly indicates direct plant association or plant biological material.	isolation_source
GCF_003046665.1	Bacillus sp. Rc4	2138209	Rc4	Contig		2018-04-09	Momota Potshangbam's shared submissions	PRJNA447927	SAMN08813192	Rc4	Black rice	root	India:Manipur	2014-11-25	Bacillus sp. from Black rice	Bacterial endophyte isolated from root of healthy black rice	True	True	True	True	4	True	host;source;title;comment	False	True	False	True	2	source;comment	True	INCLUDE	Isolation source explicitly indicates direct plant association or plant biological material.	isolation_source
GCF_041360755.1	Bacillus sp. RCC_6_1	3239229	RCC_6_1	Scaffold		2024-08-19	Lawrence Berkeley National Laboratory	PRJNA1127609	SAMN42017410	RCC_6_1	Brachypodium distachyon	root	USA: Angelo Coast Range Reserve	2022	MIGS Cultured Bacterial/Archaeal sample from Bacillus sp. RCC_6_1	Keywords: GSC:MIxS;MIGS:6.0	False	True	False	False	1	True	source	False	True	False	False	1	source	True	INCLUDE	Isolation source explicitly indicates direct plant association or plant biological material.	isolation_source
GCF_026131695.1	Bacillus sp. RP12	2962680	RP12	Contig		2022-11-10	Zhejiang University	PRJNA856277	SAMN29539355	RP12	black locust	nodule	China: Wuhan	2012-06-02	Microbe sample from Bacillus sp. RP12		False	True	False	False	1	True	source	False	True	False	False	1	source	True	INCLUDE	Isolation source explicitly indicates direct plant association or plant biological material.	isolation_source
GCF_013141905.1	Bacillus sp. seq1	2567943	seq1	Contig		2020-05-22	Mohammad Ali Jinnah University	PRJNA532317	SAMN11394157	seq1	mango	leaves	Pakistan: Hyderabad	2014	Microbe sample from Bacillus sp. seq1		False	True	False	False	1	True	source	False	True	False	False	1	source	True	INCLUDE	Isolation source explicitly indicates direct plant association or plant biological material.	isolation_source
GCF_984799155.1	Bacillus sp. SRL337	3711693		Complete Genome		2026-06-10	University of Crete, Department of Biology	PRJEB93985	SAMEA118781411		Atriplex halimus		Greece	2021-05-29	Microbe isolated from the root of Atriplex halimus	Data associated with the SRL337 endophytic microbial isolate from root extracts Atriplex halimus	False	False	True	True	2	True	title;comment	False	False	True	True	2	title;comment	True	INCLUDE	Isolation source is unavailable, but other BioSample metadata explicitly indicates direct plant association or plant biological material.	other_explicit_metadata
GCF_984799205.1	Bacillus sp. SRL543	3711696		Complete Genome		2026-06-10	University of Crete, Department of Biology	PRJEB93985	SAMEA118781420		Crithmum maritimum		Greece	2018-07-01	Microbe isolated from the root of Crithmum maritimum	Data associated with the SRL543 endophytic microbial isolate from root extracts Crithmum maritimum	False	False	True	True	2	True	title;comment	False	False	True	True	2	title;comment	True	INCLUDE	Isolation source is unavailable, but other BioSample metadata explicitly indicates direct plant association or plant biological material.	other_explicit_metadata
GCF_033449965.1	Bacillus sp. T3	467262	T3	Complete Genome		2023-11-09	KYUNGPOOK NATIONAL UNIVERSITY	PRJNA1012702	SAMN37270868	T3		Rhizosphere soil of pepper	South Korea: Daegu	2021-01-24	Microbe sample from Bacillus sp. T3		False	True	False	False	1	True	source	False	True	False	False	1	source	True	INCLUDE	Isolation source explicitly indicates direct plant association or plant biological material.	isolation_source
GCF_056033845.1	Bacillus sp. TCT6	3692901	TCT6	Contig		2026-03-15	Instituto de Biotecnologia y Biologia Molecular, IBBM, UNLP, CONICET	PRJNA1390078	SAMN54166499	TCT6	Vitis vinifera	rhizosphere	Argentina	2016	MIGS Cultured Bacterial/Archaeal sample from Bacillus sp. TCT6	Keywords: GSC:MIxS;MIGS:6.0	False	True	False	False	1	True	source	False	True	False	False	1	source	True	INCLUDE	Isolation source explicitly indicates direct plant association or plant biological material.	isolation_source
GCF_004103875.1	Bacillus sp. WR11	2448811	WR11	Complete Genome		2019-01-23	Zhoukou Normal University	PRJNA495432	SAMN10225298	WR11	Triticum aestivum L.	root	China	2015-09	Microbe sample from Bacillus sp. WR11		False	True	False	False	1	True	source	False	True	False	False	1	source	True	INCLUDE	Isolation source explicitly indicates direct plant association or plant biological material.	isolation_source
GCF_030851295.1	Bacillus sp. WR13	2969101	WR13	Scaffold		2023-08-22	Zhoukou Normal University	PRJNA863737	SAMN30058691	WR13	Triticum aestivum	root	China: Zhoukou	2016-04-10	Bacillus sp. WR13 from wheat root		False	True	True	False	2	True	source;title	False	True	True	False	2	source;title	True	INCLUDE	Isolation source explicitly indicates direct plant association or plant biological material.	isolation_source
GCF_017498755.1	Bacillus sp. XF8	2819289	XF8	Contig		2021-03-21	China University of Petroleum (East China)	PRJNA714700	SAMN18316467	XF8		rhizosphere soil of peanut	China:Henan	2020-09-10	Microbe sample from Bacillus sp. XF8		False	True	False	False	1	True	source	False	True	False	False	1	source	True	INCLUDE	Isolation source explicitly indicates direct plant association or plant biological material.	isolation_source
GCF_052113405.1	Bacillus sp. YAF12_1	3237484	YAF12_1	Contig		2025-08-18	CCRP	PRJNA1138681	SAMN42732134	YAF12_1	Arabidopsis thaliana Col-0	root	Netherlands: Reijerscamp	2018-03-02	Microbe sample from Bacillus sp. YAF12_1	Rhizobacterial isolate YAF12_1 extracted from Arabidopsis roots grown in natural Reijerscamp soil	True	True	False	True	3	True	host;source;comment	False	True	False	True	2	source;comment	True	INCLUDE	Isolation source explicitly indicates direct plant association or plant biological material.	isolation_source
GCF_052113145.1	Bacillus sp. YAF8	3237485	YAF8	Contig		2025-08-18	CCRP	PRJNA1138681	SAMN42732147	YAF8	Arabidopsis thaliana Col-0	root	Netherlands: Reijerscamp	2018-03-02	Microbe sample from Bacillus sp. YAF8	Rhizobacterial isolate YAF8 extracted from Arabidopsis roots grown in natural Reijerscamp soil	True	True	False	True	3	True	host;source;comment	False	True	False	True	2	source;comment	True	INCLUDE	Isolation source explicitly indicates direct plant association or plant biological material.	isolation_source
GCF_053663335.1	Bacillus sp. YH3-2-B2	3468879	YH3-2-B2	Contig		2025-11-24	Kasetsart University	PRJNA1337634	SAMN52356606	YH3-2-B2	Musa	Rhizosphere soil of banana plantation	Thailand: Yala	2020-01-30	Draft genome sequence of Bacillus sp. YH3-2-B2 isolated from rhizosphere soil of banana plantation		False	True	True	False	2	True	source;title	False	True	True	False	2	source;title	True	INCLUDE	Isolation source explicitly indicates direct plant association or plant biological material.	isolation_source
GCF_049059085.1	Bacillus sp. YIM B13410	3366877	YIM B13410	Contig		2025-03-26	Yunnan University	PRJNA1166736	SAMN43971609	YIM B13410	tobacco	rhizosphere soil	China: Yunnan Province	2023-11-18	Microbe sample from Bacillus sp. YIM B13410		True	True	False	False	2	True	host;source	False	True	False	False	1	source	True	INCLUDE	Isolation source explicitly indicates direct plant association or plant biological material.	isolation_source
GCF_049059525.1	Bacillus sp. YIM B13423	3366888	YIM B13423	Contig		2025-03-26	Yunnan University	PRJNA1166736	SAMN43971598	YIM B13423	tobacco	rhizosphere soil	China: Yunnan Province	2023-11-18	Microbe sample from Bacillus sp. YIM B13423		True	True	False	False	2	True	host;source	False	True	False	False	1	source	True	INCLUDE	Isolation source explicitly indicates direct plant association or plant biological material.	isolation_source
GCF_049059385.1	Bacillus sp. YIM B13424	3366885	YIM B13424	Contig		2025-03-26	Yunnan University	PRJNA1166736	SAMN43971601	YIM B13424	tobacco	rhizosphere soil	China: Yunnan Province	2023-11-18	Microbe sample from Bacillus sp. YIM B13424		True	True	False	False	2	True	host;source	False	True	False	False	1	source	True	INCLUDE	Isolation source explicitly indicates direct plant association or plant biological material.	isolation_source
GCF_049059365.1	Bacillus sp. YIM B13425	3366884	YIM B13425	Contig		2025-03-26	Yunnan University	PRJNA1166736	SAMN43971602	YIM B13425	tobacco	rhizosphere soil	China: Yunnan Province	2023-11-18	Microbe sample from Bacillus sp. YIM B13425		True	True	False	False	2	True	host;source	False	True	False	False	1	source	True	INCLUDE	Isolation source explicitly indicates direct plant association or plant biological material.	isolation_source
GCF_049059145.1	Bacillus sp. YIM B13432	3366878	YIM B13432	Contig		2025-03-26	Yunnan University	PRJNA1166736	SAMN43971608	YIM B13432	tobacco	rhizosphere soil	China: Yunnan Province	2023-11-18	Microbe sample from Bacillus sp. YIM B13432		True	True	False	False	2	True	host;source	False	True	False	False	1	source	True	INCLUDE	Isolation source explicitly indicates direct plant association or plant biological material.	isolation_source
GCF_049059325.1	Bacillus sp. YIM B13433	3366883	YIM B13433	Contig		2025-03-26	Yunnan University	PRJNA1166736	SAMN43971603	YIM B13433	tobacco	rhizosphere soil	China: Yunnan Province	2023-11-18	Microbe sample from Bacillus sp. YIM B13433		True	True	False	False	2	True	host;source	False	True	False	False	1	source	True	INCLUDE	Isolation source explicitly indicates direct plant association or plant biological material.	isolation_source
GCF_049059225.1	Bacillus sp. YIM B13440	3366880	YIM B13440	Contig		2025-03-26	Yunnan University	PRJNA1166736	SAMN43971606	YIM B13440	tobacco	rhizosphere soil	China: Yunnan Province	2023-11-18	Microbe sample from Bacillus sp. YIM B13440		True	True	False	False	2	True	host;source	False	True	False	False	1	source	True	INCLUDE	Isolation source explicitly indicates direct plant association or plant biological material.	isolation_source
GCF_049059205.1	Bacillus sp. YIM B13441	3366879	YIM B13441	Contig		2025-03-26	Yunnan University	PRJNA1166736	SAMN43971607	YIM B13441	tobacco	rhizosphere soil	China: Yunnan Province	2023-11-18	Microbe sample from Bacillus sp. YIM B13441		True	True	False	False	2	True	host;source	False	True	False	False	1	source	True	INCLUDE	Isolation source explicitly indicates direct plant association or plant biological material.	isolation_source
GCF_049059245.1	Bacillus sp. YIM B13442	3366881	YIM B13442	Contig		2025-03-26	Yunnan University	PRJNA1166736	SAMN43971605	YIM B13442	tobacco	rhizosphere soil	China: Yunnan Province	2023-11-18	Microbe sample from Bacillus sp. YIM B13442		True	True	False	False	2	True	host;source	False	True	False	False	1	source	True	INCLUDE	Isolation source explicitly indicates direct plant association or plant biological material.	isolation_source
GCF_049059285.1	Bacillus sp. YIM B13449	3366882	YIM B13449	Scaffold		2025-03-26	Yunnan University	PRJNA1166736	SAMN43971604	YIM B13449	tobacco	rhizosphere soil	China: Yunnan Province	2023-11-18	Microbe sample from Bacillus sp. YIM B13449		True	True	False	False	2	True	host;source	False	True	False	False	1	source	True	INCLUDE	Isolation source explicitly indicates direct plant association or plant biological material.	isolation_source
GCF_049059505.1	Bacillus sp. YIM B13525	3366887	YIM B13525	Contig		2025-03-26	Yunnan University	PRJNA1166736	SAMN43971599	YIM B13525	tobacco	rhizosphere soil	China: Yunnan Province	2023-11-18	Microbe sample from Bacillus sp. YIM B13525		True	True	False	False	2	True	host;source	False	True	False	False	1	source	True	INCLUDE	Isolation source explicitly indicates direct plant association or plant biological material.	isolation_source
GCF_049059425.1	Bacillus sp. YIM B13526	3366886	YIM B13526	Contig		2025-03-26	Yunnan University	PRJNA1166736	SAMN43971600	YIM B13526	tobacco	rhizosphere soil	China: Yunnan Province	2023-11-18	Microbe sample from Bacillus sp. YIM B13526		True	True	False	False	2	True	host;source	False	True	False	False	1	source	True	INCLUDE	Isolation source explicitly indicates direct plant association or plant biological material.	isolation_source
GCF_002211235.1	Bacillus spizizenii	96241	GM2	Scaffold		2017-06-29	Kazan Federal University	PRJNA391893	SAMN07277156	GM2		potato rhizosphere	Russia: Republic of Tatarstan, Kazan	2015-02	Microbe sample from Bacillus spizizenii		False	True	False	False	1	True	source	False	True	False	False	1	source	True	INCLUDE	Isolation source explicitly indicates direct plant association or plant biological material.	isolation_source
GCF_051904025.1	Bacillus spizizenii	96241	NM375	Complete Genome		2025-08-09	Tamil Nadu Agricultural University	PRJNA838762	SAMN28462515	NM375		Potato Stem	India: Tamil Nadu, Coimbatore, TNAU	2019-08-18	Bacillus subtilis subsp. spizizenii NM375	Biocontrol of late blight of potato using antagonistic bacteria	False	True	False	True	2	True	source;comment	False	True	False	False	1	source	True	INCLUDE	Isolation source explicitly indicates direct plant association or plant biological material.	isolation_source
GCF_057333855.1	Bacillus spizizenii	96241	AGC96	Contig		2026-05-07	African Genome Center	PRJNA1133887	SAMN43406684	AGC96	plant	roots	not provided	2022-05-27	WGS-endobacterial		True	True	False	False	2	True	host;source	False	True	False	False	1	source	True	INCLUDE	Isolation source explicitly indicates direct plant association or plant biological material.	isolation_source
GCF_057334055.1	Bacillus spizizenii	96241	AGC81	Contig		2026-05-07	African Genome Center	PRJNA1133887	SAMN43406671	AGC81	plant	Foliar	not provided	2022-05-27	WGS-endobacterial		True	False	False	False	1	True	host	False	True	False	False	1	source	True	INCLUDE	Isolation source explicitly indicates direct plant association or plant biological material.	isolation_source
GCF_060484255.1	Bacillus spizizenii	96241	EC-0052	Complete Genome		2026-08-27	University of Arizona	PRJNA1402701	SAMN54602206	EC-0052	Phaseolus acutifolius A. Gray		USA: Arizona, Maricopa Agricultural Center	2023-05-31	Root-associated Bacillus spizizenii EC-0052 from tepary bean	Keywords: GSC:MIxS;MIGS:6.0	False	False	True	False	1	True	title	False	False	True	False	1	title	True	INCLUDE	Isolation source is unavailable, but other BioSample metadata explicitly indicates direct plant association or plant biological material.	other_explicit_metadata
GCF_060484315.1	Bacillus spizizenii	96241	EC-0010	Contig		2026-08-26	University of Arizona	PRJNA1402701	SAMN54602204	EC-0010	Phaseolus acutifolius A. Gray		USA: Arizona, Maricopa Agricultural Center	2023-05-31	Root-associated Bacillus spizizenii EC-0010 from tepary bean	Keywords: GSC:MIxS;MIGS:6.0	False	False	True	False	1	True	title	False	False	True	False	1	title	True	INCLUDE	Isolation source is unavailable, but other BioSample metadata explicitly indicates direct plant association or plant biological material.	other_explicit_metadata
GCF_061541425.1	Bacillus spizizenii	96241	CBS_B1	Contig		2026-09-21	Mohammed VI Polytechnic University	PRJNA1280512	SAMN49525303	CBS_B1	Beta vulgaris subsp. vulgaris	rhizosphere; greenhouse soil mixture (equal parts of agricultural soil, sand, and peat moss); irrigation: saline water	Egypt: Giza, Agricultural Research Center	2025-01-01	MIGS Cultured Bacterial/Archaeal sample from Bacillus spizizenii	Keywords: GSC:MIxS;MIGS:6.0	False	True	False	False	1	True	source	False	True	False	False	1	source	True	INCLUDE	Isolation source explicitly indicates direct plant association or plant biological material.	isolation_source
GCF_029772985.1	Bacillus stercoris	2054641	Mal05	Complete Genome	reference genome	2023-04-17	Ca' Foscari University of Venice	PRJNA952856	SAMN34090420	Mal05		apple seed	Italy: Elba island	2017	Microbe sample from Bacillus stercoris		False	True	False	False	1	True	source	False	True	False	False	1	source	True	INCLUDE	Isolation source explicitly indicates direct plant association or plant biological material.	isolation_source
GCF_020551885.1	Bacillus stercoris	2054641	DHFl4	Contig		2021-10-25	CBBC	PRJNA761700	SAMN21467678	DHFl4	Solanum lycopersicum	Flowers	Tunisia: Diar Hajjaj	2017-02	Microbe sample from Bacillus stercoris		False	True	False	False	1	True	source	False	True	False	False	1	source	True	INCLUDE	Isolation source explicitly indicates direct plant association or plant biological material.	isolation_source
GCF_050017575.1	Bacillus stercoris	2054641	MUN-15	Contig		2025-04-29	Public University of Navarra	PRJNA1199763	SAMN45888191	MUN-15		rhizosphere	Pakistan: Lahore	2019-06-15	Microbe sample from Bacillus stercoris		False	True	False	False	1	True	source	False	True	False	False	1	source	True	INCLUDE	Isolation source explicitly indicates direct plant association or plant biological material.	isolation_source
GCF_056777085.1	Bacillus stercoris	2054641	Medicinal_01	Contig		2026-04-17	MNS-University of Agriculture	PRJNA1290071	SAMN49909476	Medicinal_01	Medicinal plants	soil rhizosphere	Pakistan: Lahore	2023-08-01	Microbe sample from Bacillus stercoris		True	True	False	False	2	True	host;source	False	True	False	False	1	source	True	INCLUDE	Isolation source explicitly indicates direct plant association or plant biological material.	isolation_source
GCF_059818205.1	Bacillus stercoris	2054641	PH7	Contig		2026-08-04	National Centre for Cell Science	PRJNA1459003	SAMN57538579	PH7		rhizosphere	India	2023	Microbe sample from Bacillus stercoris		False	True	False	False	1	True	source	False	True	False	False	1	source	True	INCLUDE	Isolation source explicitly indicates direct plant association or plant biological material.	isolation_source
GCF_001604995.1	Bacillus subtilis	1423	SZMC 6179J	Complete Genome		2016-03-31	University of Szeged	PRJNA316530	SAMN04585399	SZMC 6179J		tomato rhisosphere	Hungary: Bekes County	2009	Microbe sample from Bacillus subtilis		False	True	False	False	1	True	source	False	True	False	False	1	source	True	INCLUDE	Isolation source explicitly indicates direct plant association or plant biological material.	isolation_source
GCF_002072735.1	Bacillus subtilis	1423	GQJK2	Complete Genome		2017-03-27	Shandong Agricultural University	PRJNA379713	SAMN06618433	GQJK2	Lycium barbarum L.	rhizosphere	China:Zhongning,Ningxia	2016-05	Bacillus subtilis GQJK2 from rhizosphere of Lycium barbarum L.		False	True	True	False	2	True	source;title	False	True	True	False	2	source;title	True	INCLUDE	Isolation source explicitly indicates direct plant association or plant biological material.	isolation_source
GCF_002142595.1	Bacillus subtilis	1423	TLO3	Complete Genome		2017-05-16	LP2VM, Departement of Biotechnology,University of Sciences and Technology of Oran Mohamed Boudiaf	PRJNA383806	SAMN06808294	TLO3		rhizospheric soil	Algeria: Tlemcen	2013-04-20	Bacillus subtilis TLO3		False	True	False	False	1	True	source	False	True	False	False	1	source	True	INCLUDE	Isolation source explicitly indicates direct plant association or plant biological material.	isolation_source
GCF_002277775.1	Bacillus subtilis	1423	GM5	Scaffold		2017-08-29	Kazan Federal University	PRJNA392213	SAMN07285925	GM5		potato rhizosphere	Russia: Republic of Tatarstan	2015-02	Microbe sample from Bacillus subtilis		False	True	False	False	1	True	source	False	True	False	False	1	source	True	INCLUDE	Isolation source explicitly indicates direct plant association or plant biological material.	isolation_source
GCF_004103895.1	Bacillus subtilis	1423	RC 25	Scaffold		2019-01-23	NBAIM	PRJNA376653	SAMN06445278	RC 25		rhizospheric soil	India:Uttar Pradesh	2010-11-20	Microbe sample from Bacillus subtilis		False	True	False	False	1	True	source	False	True	False	False	1	source	True	INCLUDE	Isolation source explicitly indicates direct plant association or plant biological material.	isolation_source
GCF_004294535.1	Bacillus subtilis	1423	A29	Contig		2019-02-24	North-West University, South Africa	PRJNA516331	SAMN10787356	A29	Soil	Maize rhizosphere	South Africa	2015-09-20	Draft genome sequence of Pseudomonas sp. A29 isolated from maize rhizosphere		False	True	True	False	2	True	source;title	False	True	True	False	2	source;title	True	INCLUDE	Isolation source explicitly indicates direct plant association or plant biological material.	isolation_source
GCF_004294565.1	Bacillus subtilis	1423	A1	Scaffold		2019-02-24	North-West University, South Africa	PRJNA516328	SAMN10786851	A1	Soil	Maize rhizosphere	South Africa: Mafikeng	2015-09-20	Draft genome sequence of Bacillus subtilis A1 isolated from maize rhizosphere		False	True	True	False	2	True	source;title	False	True	True	False	2	source;title	True	INCLUDE	Isolation source explicitly indicates direct plant association or plant biological material.	isolation_source
GCF_005849145.1	Bacillus subtilis	1423	PR10	Complete Genome		2019-05-27	Shandong Agricultural University	PRJNA540403	SAMN11535052	PR10		Tobacco rhizosphere soil	China:Hunan Province	2015-11-01	Microbe sample from Bacillus subtilis PR10		False	True	False	False	1	True	source	False	True	False	False	1	source	True	INCLUDE	Isolation source explicitly indicates direct plant association or plant biological material.	isolation_source
GCF_011765645.1	Bacillus subtilis	1423	AMR1	Chromosome		2020-03-29	Assam University, Silchar	PRJNA563997	SAMN12697602	AMR1	Oryza sativa	Plant tissue	India:Manipur	2018-01-27	AMR1		False	True	False	False	1	True	source	False	True	False	False	1	source	True	INCLUDE	Isolation source explicitly indicates direct plant association or plant biological material.	isolation_source
GCF_012935335.1	Bacillus subtilis	1423	STRP31	Contig		2020-04-30	University of Groningen	PRJNA623850	SAMN14558910	STRP31	Tomato	leaves	Netherlands	2018-01-01	STRP31	Antibiotic resistance against Kanamycin	True	True	False	False	2	True	host;source	False	True	False	False	1	source	True	INCLUDE	Isolation source explicitly indicates direct plant association or plant biological material.	isolation_source
GCF_014046405.1	Bacillus subtilis	1423	G11	Contig		2020-08-03	AIT Austrian Institute of Technology Austria	PRJNA478692	SAMN09521649	G11		rhizospheric soil of plants growing naturally in the vicinity of discharge point of an industrial area	Pakistan:Rawalpindi	2016-06-11	MIGS Cultured Bacterial/Archaeal sample from Bacillus subtilis	Keywords: GSC:MIxS;MIGS:6.0	False	True	False	False	1	True	source	False	True	False	False	1	source	True	INCLUDE	Isolation source explicitly indicates direct plant association or plant biological material.	isolation_source
GCF_014219005.1	Bacillus subtilis	1423	ZIM3	Scaffold		2020-08-17	Chinese Academy of Sciences	PRJNA636601	SAMN15080915	ZIM3		the aging flue-cured tobacco leaves	China: Wuhan	2017-06-12	Bacillus subtilis ZIM3 isolate from  the aging flue-cured tobacco leaves		False	True	True	False	2	True	source;title	False	True	True	False	2	source;title	True	INCLUDE	Isolation source explicitly indicates direct plant association or plant biological material.	isolation_source
GCF_014805495.1	Bacillus subtilis	1423	PTA-271	Contig		2020-09-30	University of Reims Champagne Ardenne, Induced Resistance and Plant Bioprotection Lab, EA 4707	PRJNA646528	SAMN15546529	PTA-271	grapevine	rhizospheric soil	France: Marne	2019-06-24	Microbe sample from Bacillus subtilis		False	True	False	False	1	True	source	False	True	False	False	1	source	True	INCLUDE	Isolation source explicitly indicates direct plant association or plant biological material.	isolation_source
GCF_014856585.1	Bacillus subtilis	1423	PMKI-8-D	Contig		2020-10-06	Mohammad Ali Jinnah University	PRJNA559089	SAMN12518057	PMKI-8-D	mango	leaves	Pakistan: Sindh	2015	Microbe sample from Bacillus subtilis		False	True	False	False	1	True	source	False	True	False	False	1	source	True	INCLUDE	Isolation source explicitly indicates direct plant association or plant biological material.	isolation_source
GCF_021555035.1	Bacillus subtilis	1423	EVCu15	Contig		2022-01-23	ICAR-Indian Institute of Horticultural Research	PRJNA787060	SAMN23768503	EVCu15	Vasconcellea cundinamarcensis	seeds	India:Ooty,Botanical garden	2018-06-23	MIGS Cultured Bacterial/Archaeal sample from Bacillus subtilis	Keywords: GSC:MIxS;MIGS:6.0	False	True	False	False	1	True	source	False	True	False	False	1	source	True	INCLUDE	Isolation source explicitly indicates direct plant association or plant biological material.	isolation_source
GCF_022647025.1	Bacillus subtilis	1423	FX-1	Complete Genome		2022-03-21	Third Institute of Oceanography, Ministry of Natural Resources	PRJNA664669	SAMN16229794	FX-1		tobacco leaf	China:Fujian	2019-11	Microbe sample from Bacillus subtilis		False	True	False	False	1	True	source	False	True	False	False	1	source	True	INCLUDE	Isolation source explicitly indicates direct plant association or plant biological material.	isolation_source
GCF_023614045.1	Bacillus subtilis	1423	QYCK 26	Contig		2022-05-31	Chinese Academy of Agricultural Sciences	PRJNA798255	SAMN25064062	QYCK 26	maize	xylem sap	China:Hunan	2019-07-18	Microbe sample from Bacillus subtilis		True	False	False	False	1	True	host	False	False	False	False	0		False	INCLUDE	Isolation source explicitly indicates direct plant association or plant biological material.	isolation_source
GCF_024259785.1	Bacillus subtilis	1423	RP16	Contig		2022-07-13	Zhejiang University	PRJNA856254	SAMN29537102	RP16	black locust	nodule	China: Wuhan	2012-06-02	Microbe sample from Bacillus subtilis		False	True	False	False	1	True	source	False	True	False	False	1	source	True	INCLUDE	Isolation source explicitly indicates direct plant association or plant biological material.	isolation_source
GCF_030053655.1	Bacillus subtilis	1423	KRS015	Complete Genome		2023-05-21	Chinese Academy of Agricultural Sciences, Institute of Plant Protection	PRJNA970056	SAMN34993453	KRS015	Gossypium hirsutum	"seed of Verticillium wilt-resistant Gossypium hirsutum cultivar ""Zhongzhimian No. 2"""	China:Beijing	2022-01-01	MIGS Cultured Bacterial/Archaeal sample from Bacillus subtilis	Keywords: GSC:MIxS;MIGS:6.0	False	True	False	False	1	True	source	False	True	False	False	1	source	True	INCLUDE	Isolation source explicitly indicates direct plant association or plant biological material.	isolation_source
GCF_030053795.1	Bacillus subtilis	1423	GUCC48	Complete Genome		2023-05-21	Guizhou University	PRJNA967859	SAMN34729197	GUCC48	tobcacco	leaf	China: Anshun	2022-05-22	Microbe sample from Bacillus subtilis		False	True	False	False	1	True	source	False	True	False	False	1	source	True	INCLUDE	Isolation source explicitly indicates direct plant association or plant biological material.	isolation_source
GCF_030123145.1	Bacillus subtilis	1423	KF24	Complete Genome		2023-05-27	Technical University of Denmark	PRJNA960711	SAMN34375013	KF24		rhizosphere soil	China: Kaifeng, Henan Province	missing	Microbe sample from Bacillus subtilis		False	True	False	False	1	True	source	False	True	False	False	1	source	True	INCLUDE	Isolation source explicitly indicates direct plant association or plant biological material.	isolation_source
GCF_030863625.1	Bacillus subtilis	1423	KC14-1	Complete Genome		2023-08-23	Gansu Agricultural University	PRJNA872326	SAMN30451247	KC14-1	missing	rhizosphere soil	China:Shaanxi	2021-05-14	Microbe sample from Bacillus subtilis		False	True	False	False	1	True	source	False	True	False	False	1	source	True	INCLUDE	Isolation source explicitly indicates direct plant association or plant biological material.	isolation_source
GCF_033100155.1	Bacillus subtilis	1423	OG2A	Chromosome		2023-10-29	BIOPHYT	PRJNA1026150	SAMN37735702	OG2A	Wild Sorghum	Soil adhered to the roots	Trinidad and Tobago: Trinidad	2014-06-11	Microbe sample from Bacillus subtilis		False	True	False	False	1	True	source	False	True	False	False	1	source	True	INCLUDE	Isolation source explicitly indicates direct plant association or plant biological material.	isolation_source
GCF_033949325.1	Bacillus subtilis	1423	EM-A7	Contig		2023-11-24	Universidad Nacional de Rio Cuarto	PRJNA1030342	SAMN37905736	EM-A7	Zea mays L	leaves with blight lesions	Argentina: Cordoba province, fields at Chucul and Vicuna Mackenna	2014-03	Microbe sample from Bacillus subtilis		False	True	False	False	1	True	source	False	True	False	False	1	source	True	INCLUDE	Isolation source explicitly indicates direct plant association or plant biological material.	isolation_source
GCF_034054115.1	Bacillus subtilis	1423	H17-16	Complete Genome		2023-12-04	Chongqing University	PRJNA1041306	SAMN38288373	H17-16	Potato		China:Chongqing	2019-05-16	Bacillus subtilis str. H17-16 isolated from healthy potato roots	A strain of Bacillus subtilis H17-16 isolated from healthy potato roots	True	False	True	True	3	True	host;title;comment	False	False	True	True	2	title;comment	True	INCLUDE	Isolation source is unavailable, but other BioSample metadata explicitly indicates direct plant association or plant biological material.	other_explicit_metadata
GCF_036962225.1	Bacillus subtilis	1423	JJ466	Scaffold		2024-03-02	Auburn University	PRJNA1078443	SAMN40001916	JJ466	soybean	rhizoplane	USA: Nebraska	2014	Microbe sample from Bacillus subtilis		True	True	False	False	2	True	host;source	False	True	False	False	1	source	True	INCLUDE	Isolation source explicitly indicates direct plant association or plant biological material.	isolation_source
GCF_036965365.1	Bacillus subtilis	1423	JJ1248	Contig		2024-03-02	Auburn University	PRJNA1078443	SAMN40001829	JJ1248	soybean	emissingophyte	USA: Illinois	2014	Microbe sample from Bacillus subtilis		True	False	False	False	1	True	host	False	False	False	False	0		False	INCLUDE	Documented project-level plant association: Project-associated publication identifies the strain collection as PGPR; plant hosts include corn and soybean. Inclusion is based on documented plant association of the collection, not on interpreting the malformed isolation-source term itself.	documented_project
GCF_036966285.1	Bacillus subtilis	1423	JJ975	Scaffold		2024-03-02	Auburn University	PRJNA1078443	SAMN40001756	JJ975	soybean	emissingophyte	USA: Wisconsin	2014	Microbe sample from Bacillus subtilis		True	False	False	False	1	True	host	False	False	False	False	0		False	INCLUDE	Documented project-level plant association: Project-associated publication identifies the strain collection as PGPR; plant hosts include corn and soybean. Inclusion is based on documented plant association of the collection, not on interpreting the malformed isolation-source term itself.	documented_project
GCF_036966605.1	Bacillus subtilis	1423	JJ1403	Contig		2024-03-02	Auburn University	PRJNA1078443	SAMN40001766	JJ1403	soybean	emissingophyte	USA: Iowa	2014	Microbe sample from Bacillus subtilis		True	False	False	False	1	True	host	False	False	False	False	0		False	INCLUDE	Documented project-level plant association: Project-associated publication identifies the strain collection as PGPR; plant hosts include corn and soybean. Inclusion is based on documented plant association of the collection, not on interpreting the malformed isolation-source term itself.	documented_project
GCF_036966765.1	Bacillus subtilis	1423	JJ944	Scaffold		2024-03-02	Auburn University	PRJNA1078443	SAMN40001752	JJ944	soybean	emissingophyte	USA: Wisconsin	2014	Microbe sample from Bacillus subtilis		True	False	False	False	1	True	host	False	False	False	False	0		False	INCLUDE	Documented project-level plant association: Project-associated publication identifies the strain collection as PGPR; plant hosts include corn and soybean. Inclusion is based on documented plant association of the collection, not on interpreting the malformed isolation-source term itself.	documented_project
GCF_037026705.1	Bacillus subtilis	1423	Alg.24B1	Contig		2024-03-05	Centre of Biotechnology of Sfax	PRJNA1081846	SAMN40189228	Alg.24B1		Wheat rhizosphere	Algeria: Guelma	2018-01-01	Microbe sample from Bacillus subtilis		False	True	False	False	1	True	source	False	True	False	False	1	source	True	INCLUDE	Isolation source explicitly indicates direct plant association or plant biological material.	isolation_source
GCF_037997165.1	Bacillus subtilis	1423	JNF2	Complete Genome		2024-04-07	Henan Academy of Agricultural Sciences	PRJNA1088983	SAMN40517433	JNF2	Cucumis sativus L.	Healthy cucumber rhizosphere soil.	China: Beiwang Village, Luolong District, Luoyang City, Henan Province	2022-08-11	Microbe sample from Bacillus subtilis		False	True	False	False	1	True	source	False	True	False	False	1	source	True	INCLUDE	Isolation source explicitly indicates direct plant association or plant biological material.	isolation_source
GCF_038442665.1	Bacillus subtilis	1423	YB-187	Complete Genome		2024-04-23	Henan Academy of Agricultural Sciences	PRJNA1100766	SAMN40979683	YB-187		wheat rhizospheric soil	China: a field at the Henan Academy of Agricultural Sciences in Xinxiang, Henan	2023-04-19	MISAG Single Amplified Genome sample from Bacillus subtilis	Keywords: GSC:MIxS;MISAG:6.0	False	True	False	False	1	True	source	False	True	False	False	1	source	True	INCLUDE	Isolation source explicitly indicates direct plant association or plant biological material.	isolation_source
GCF_040151275.1	Bacillus subtilis	1423	M17KBT1A	Scaffold		2024-06-12	North-West University	PRJNA1050647	SAMN38749219	M17KBT1A	Solanum lycopersicum	leaves	South Africa	2022-12-16	Microbe sample from Bacillus subtilis		False	True	False	False	1	True	source	False	True	False	False	1	source	True	INCLUDE	Isolation source explicitly indicates direct plant association or plant biological material.	isolation_source
GCF_040712175.1	Bacillus subtilis	1423	JM553	Complete Genome		2024-07-15	Auburn University	PRJNA1078443	SAMN40001980	JM553	corn	stem	USA: Alabama	1989	Microbe sample from Bacillus subtilis		True	True	False	False	2	True	host;source	False	True	False	False	1	source	True	INCLUDE	Isolation source explicitly indicates direct plant association or plant biological material.	isolation_source
GCF_041153445.1	Bacillus subtilis	1423	SY4	Scaffold		2024-08-08	PSU	PRJNA1124049	SAMN41837374	SY4	rice	root	Thailand: Surat Thani	2024-05-30	Microbe sample from Bacillus subtilis		True	True	False	False	2	True	host;source	False	True	False	False	1	source	True	INCLUDE	Isolation source explicitly indicates direct plant association or plant biological material.	isolation_source
GCF_041224885.1	Bacillus subtilis	1423	LM-1	Scaffold		2024-08-12	Kaili University	PRJNA1142864	SAMN42959559	LM-1		Blueberry leaves	China: Guizhou	2019-03-10	Microbe sample from Bacillus subtilis		False	True	False	False	1	True	source	False	True	False	False	1	source	True	INCLUDE	Isolation source explicitly indicates direct plant association or plant biological material.	isolation_source
GCF_041344815.1	Bacillus subtilis	1423	TE3T-UV25	Complete Genome		2024-08-19	Instituto tecnologico de Sonora	PRJNA1138311	SAMN42691756	TE3T-UV25	Triticum turgidum L. subsp. durum	endophyte	Mexico: Sonora	2021	Microbe sample from Bacillus subtilis		False	True	False	False	1	True	source	False	True	False	False	1	source	True	INCLUDE	Isolation source explicitly indicates direct plant association or plant biological material.	isolation_source
GCF_041385545.1	Bacillus subtilis	1423	B2084	Scaffold		2024-08-20	Embrapa Maize and Sorghum	PRJNA884663	SAMN31035130	B2084	maize	maize leaf endosphere	Brazil: Sete Lagoas, MG	2013-03-07	MIGS Cultured Bacterial/Archaeal sample from Bacillus subtilis	Keywords: GSC:MIxS;MIGS:6.0	True	True	False	False	2	True	host;source	False	True	False	False	1	source	True	INCLUDE	Isolation source explicitly indicates direct plant association or plant biological material.	isolation_source
GCF_041514415.1	Bacillus subtilis	1423	S1	Complete Genome		2024-08-27	Shanghai Jiao Tong University	PRJNA810976	SAMN26302293	S1		Rhizosphere soil of cucumber, cucumber field of the experimental farm of the School of Agriculture and Biology, Shanghai Jiaotong University	China: Shanghai	2021-07-18	Microbe sample from Bacillus subtilis		False	True	False	False	1	True	source	False	True	False	False	1	source	True	INCLUDE	Isolation source explicitly indicates direct plant association or plant biological material.	isolation_source
GCF_042611185.1	Bacillus subtilis	1423	TN FL 158	Contig		2024-10-04	Tamilnadu Agricultural University	PRJNA1160426	SAMN43753237	TN FL 158		Tea flower	India: The Nilgiris	2022-09-05	Microbe sample from Bacillus subtilis		False	True	False	False	1	True	source	False	True	False	False	1	source	True	INCLUDE	Isolation source explicitly indicates direct plant association or plant biological material.	isolation_source
GCF_044130245.1	Bacillus subtilis	1423	B_SP	Scaffold		2024-10-30	CTCRI-ICAR	PRJNA1173894	SAMN44321412	B_SP		Alovera leaf	India	2018-08-10	Microbe sample from Bacillus subtilis		False	True	False	False	1	True	source	False	True	False	False	1	source	True	INCLUDE	Isolation source explicitly indicates direct plant association or plant biological material.	isolation_source
GCF_045277765.1	Bacillus subtilis	1423	J1	Chromosome		2024-10-08	Presidency University	PRJNA975816	SAMN35344861	J1	Camellia sinensis	root of tea	India: Jalpaiguri, West Bengal	2021-08-31	Microbe sample from Bacillus subtilis		False	True	False	False	1	True	source	False	True	False	False	1	source	True	INCLUDE	Isolation source explicitly indicates direct plant association or plant biological material.	isolation_source
GCF_045291565.1	Bacillus subtilis	1423	HC-9	Complete Genome		2024-03-27	Guizhou University of Traditional Medicine	PRJNA1086677	SAMN40407836	HC-9	Honeysuckle	leaf	China: Guizhou	2019-07	Microbe sample from Bacillus subtilis		False	True	False	False	1	True	source	False	True	False	False	1	source	True	INCLUDE	Isolation source explicitly indicates direct plant association or plant biological material.	isolation_source
GCF_047273435.1	Bacillus subtilis	1423	AKPS2	Complete Genome		2025-01-28	Tamil Nadu Agricultural University	PRJNA1175577	SAMN44366205	AKPS2	Musa acuminata	Musa acuminata Pseudo stem	India	2023-03-18	MIGS Cultured Bacterial/Archaeal sample from Bacillus subtilis	Keywords: GSC:MIxS;MIGS:6.0	False	True	False	False	1	True	source	False	True	False	False	1	source	True	INCLUDE	Isolation source explicitly indicates direct plant association or plant biological material.	isolation_source
GCF_047302535.1	Bacillus subtilis	1423	SY1483	Complete Genome		2025-01-29	University of Arizona	PRJNA1183431	SAMN44627545	SY1483	Lactuca serriola	root	USA:Tucson	2014-10	Microbe sample from Bacillus subtilis	Endophyte from living root of Lactuca serriola (wild lettuce)	False	True	False	True	2	True	source;comment	False	True	False	True	2	source;comment	True	INCLUDE	Isolation source explicitly indicates direct plant association or plant biological material.	isolation_source
GCF_049803375.1	Bacillus subtilis	1423	TE11	Contig		2025-04-18	Instituto Tecnologico de Sonora	PRJNA1080047	SAMN41698011	TE11	wheat	endophytic	Mexico: Yaqui Valley	2014	Microbe sample from Bacillus subtilis		True	True	False	False	2	True	host;source	False	True	False	False	1	source	True	INCLUDE	Isolation source explicitly indicates direct plant association or plant biological material.	isolation_source
GCF_051192595.1	Bacillus subtilis	1423	NGII	Scaffold		2025-07-02	Kazan Federal University	PRJNA1282471	SAMN49650439	NGII		potato rhizosphere	Russia:Tatarstan, Kazan	2021-09	Microbe sample from Bacillus subtilis		False	True	False	False	1	True	source	False	True	False	False	1	source	True	INCLUDE	Isolation source explicitly indicates direct plant association or plant biological material.	isolation_source
GCF_051486545.1	Bacillus subtilis	1423	SA299	Contig		2025-07-22	KAUST	PRJNA740144	SAMN19781480	SA299	Indigofera argentea Burm.f.	root nodules	Saudi Arabia: Jizan	2012-02-13	MIGS Cultured Bacterial/Archaeal sample from Bacillus subtilis	Keywords: GSC:MIxS;MIGS:6.0	False	True	False	False	1	True	source	False	True	False	False	1	source	True	INCLUDE	Isolation source explicitly indicates direct plant association or plant biological material.	isolation_source
GCF_051487145.1	Bacillus subtilis	1423	SA144	Contig		2025-07-22	KAUST	PRJNA740144	SAMN19781447	SA144	Indigofera argentea Burm.f.	rhizosphere	Saudi Arabia: Jizan	2012-02-13	MIGS Cultured Bacterial/Archaeal sample from Bacillus subtilis	Keywords: GSC:MIxS;MIGS:6.0	False	True	False	False	1	True	source	False	True	False	False	1	source	True	INCLUDE	Isolation source explicitly indicates direct plant association or plant biological material.	isolation_source
GCF_051487275.1	Bacillus subtilis	1423	SA091	Contig		2025-07-22	KAUST	PRJNA740144	SAMN19781440	SA091	Indigofera argentea Burm.f.	root nodules	Saudi Arabia: Jizan	2012-02-13	MIGS Cultured Bacterial/Archaeal sample from Bacillus subtilis	Keywords: GSC:MIxS;MIGS:6.0	False	True	False	False	1	True	source	False	True	False	False	1	source	True	INCLUDE	Isolation source explicitly indicates direct plant association or plant biological material.	isolation_source
GCF_051487365.1	Bacillus subtilis	1423	SA082	Contig		2025-07-22	KAUST	PRJNA740144	SAMN19781436	SA082	Indigofera argentea Burm.f.	root nodules	Saudi Arabia: Jizan	2012-02-13	MIGS Cultured Bacterial/Archaeal sample from Bacillus subtilis	Keywords: GSC:MIxS;MIGS:6.0	False	True	False	False	1	True	source	False	True	False	False	1	source	True	INCLUDE	Isolation source explicitly indicates direct plant association or plant biological material.	isolation_source
GCF_051858235.2	Bacillus subtilis	1423	S5	Contig		2025-12-09	EMBM Laboratory, Faculty of Sciences, Mohammed V University in Rabat	PRJNA827450	SAMN50031924	S5	Crocus sativus L.	rhizosphere	Morocco: Taliouine	2013	Microbe sample from Bacillus subtilis		False	True	False	False	1	True	source	False	True	False	False	1	source	True	INCLUDE	Isolation source explicitly indicates direct plant association or plant biological material.	isolation_source
GCF_051908735.1	Bacillus subtilis	1423	A1	Complete Genome		2025-08-11	Changsha University Of Science & Technology	PRJNA1300860	SAMN50429499	A1		plant leaves	China: Changsha	2024-12-25	Microbe sample from Bacillus subtilis		False	True	False	False	1	True	source	False	True	False	False	1	source	True	INCLUDE	Isolation source explicitly indicates direct plant association or plant biological material.	isolation_source
GCF_052591155.1	Bacillus subtilis	1423	B26	Contig		2025-09-12	University of Malaga	PRJNA1291103	SAMN49947363	B26	avacado	rhizosphere	Spain:Malaga	2025-07	MIGS Cultured Bacterial/Archaeal sample from Bacillus subtilis	Keywords: GSC:MIxS;MIGS:6.0	False	True	False	False	1	True	source	False	True	False	False	1	source	True	INCLUDE	Isolation source explicitly indicates direct plant association or plant biological material.	isolation_source
GCF_052806235.1	Bacillus subtilis	1423	AGZ	Contig		2025-09-23	Kasetsart University	PRJNA1330026	SAMN51437031	AGZ	Durio zibethinus (durian)	Rhizosphere soil of Durio zibethinus (durian)	Thailand: Khlong Phlu Subdistrict, Khao Khitchakut District, Chanthaburi Province	2023	MIGS Cultured Bacterial/Archaeal sample from Bacillus subtilis	Keywords: GSC:MIxS;MIGS:6.0	False	True	False	False	1	True	source	False	True	False	False	1	source	True	INCLUDE	Isolation source explicitly indicates direct plant association or plant biological material.	isolation_source
GCF_053291885.1	Bacillus subtilis	1423	BCR2	Complete Genome		2025-11-01	Beijing University of Agriculture	PRJNA1293753	SAMN50033525	BCR2		Cypress rhizosphere soil	China:Beijing	not collected	Microbe sample from Bacillus subtilis		False	True	False	False	1	True	source	False	True	False	False	1	source	True	INCLUDE	Isolation source explicitly indicates direct plant association or plant biological material.	isolation_source
GCF_053895045.1	Bacillus subtilis	1423	A7	Contig		2025-12-10	Jagannath University	PRJNA1366070	SAMN53301952	A7	Oryza sativa	roots	Bangladesh	2025-09	Microbe sample from Bacillus subtilis		False	True	False	False	1	True	source	False	True	False	False	1	source	True	INCLUDE	Isolation source explicitly indicates direct plant association or plant biological material.	isolation_source
GCF_054462015.1	Bacillus subtilis	1423	Ta5A1	Contig		2026-01-11	Bangabandhu Sheikh Mujibur Rahman Agricultural University (BSMRAU)	PRJNA1055760	SAMN54435991	Ta5A1	Triticum aestivum	Seed of F6 (BG33xS-615)	Bangladesh: Gazipur, Gazipur Agricultural University	2024-08-30	Microbe sample from Bacillus subtilis		False	True	False	False	1	True	source	False	True	False	False	1	source	True	INCLUDE	Isolation source explicitly indicates direct plant association or plant biological material.	isolation_source
GCF_054552515.1	Bacillus subtilis	1423	BsR8	Complete Genome		2026-01-19	Bangabandhu Sheikh Mujibur Rahman Agricultural University (BSMRAU)	PRJNA1055760	SAMN54560993	BsR8	Triticum aestivum	Seed of Wheat S-615 cultivar	Bangladesh: Gazipur	2024-08-23	Microbe sample from Bacillus subtilis		False	True	False	False	1	True	source	False	True	False	False	1	source	True	INCLUDE	Isolation source explicitly indicates direct plant association or plant biological material.	isolation_source
GCF_054552535.1	Bacillus subtilis	1423	BsR7	Complete Genome		2026-01-19	Bangabandhu Sheikh Mujibur Rahman Agricultural University (BSMRAU)	PRJNA1055760	SAMN54560992	BsR7	Triticum aestivum	Seed of Wheat S-615 cultivar	Bangladesh: Gazipur	2024-08-23	Microbe sample from Bacillus subtilis		False	True	False	False	1	True	source	False	True	False	False	1	source	True	INCLUDE	Isolation source explicitly indicates direct plant association or plant biological material.	isolation_source
GCF_054552615.1	Bacillus subtilis	1423	BsR6	Complete Genome		2026-01-19	Bangabandhu Sheikh Mujibur Rahman Agricultural University (BSMRAU)	PRJNA1055760	SAMN54560991	BsR6	Triticum aestivum	Seed of Wheat S-615 cultivar	Bangladesh: Gazipur	2024-08-23	Microbe sample from Bacillus subtilis		False	True	False	False	1	True	source	False	True	False	False	1	source	True	INCLUDE	Isolation source explicitly indicates direct plant association or plant biological material.	isolation_source
GCF_055229245.1	Bacillus subtilis	1423	DUBMBIBL_A9	Contig		2026-02-16	Infection Biology Lab, University of Dhaka	PRJNA1416672	SAMN54974932	DUBMBIBL_A9	Clitoria ternatea	leaves, roots, stems	Bangladesh: Dhaka	2022-01-02	Microbe sample from Bacillus subtilis		False	True	False	False	1	True	source	False	True	False	False	1	source	True	INCLUDE	Isolation source explicitly indicates direct plant association or plant biological material.	isolation_source
GCF_055326565.1	Bacillus subtilis	1423	LR-68	Contig		2026-02-18	Yili Normal University	PRJNA1332082	SAMN52926226	LR-68	Lavandula angustifolia Mill.	Lavender rhizosphere soil	China: Xinjiang, Yining City	2024	Microbe sample from Bacillus subtilis		False	True	False	False	1	True	source	False	True	False	False	1	source	True	INCLUDE	Isolation source explicitly indicates direct plant association or plant biological material.	isolation_source
GCF_055326625.1	Bacillus subtilis	1423	LR-79	Contig		2026-02-18	Yili Normal University	PRJNA1332082	SAMN52927183	LR-79	Lavandula angustifolia Mill.	Lavender rhizosphere soil	China: Xinjiang, Yining City	2024	Microbe sample from Bacillus subtilis		False	True	False	False	1	True	source	False	True	False	False	1	source	True	INCLUDE	Isolation source explicitly indicates direct plant association or plant biological material.	isolation_source
GCF_055378645.1	Bacillus subtilis	1423	BN32-3	Complete Genome		2025-06-14	Graduate School of Integrated sciences for Life, Hiroshima University	PRJDB20487	SAMD00920352	BN32-3		Leaf of Liquidambar styraciflua	Japan:Hiroshima	2022-12	Complete genome of Bacillus subtilis BN32-3	Genomic DNA	False	True	False	False	1	True	source	False	True	False	False	1	source	True	INCLUDE	Isolation source explicitly indicates direct plant association or plant biological material.	isolation_source
GCF_055378935.1	Bacillus subtilis	1423	BN19-3	Complete Genome		2025-06-14	Graduate School of Integrated sciences for Life, Hiroshima University	PRJDB20487	SAMD00920351	BN19-3		Leaf of Liquidambar styraciflua	Japan:Hiroshima	2022-11	Complete genome of Bacillus subtilis BN19-3	Genomic DNA	False	True	False	False	1	True	source	False	True	False	False	1	source	True	INCLUDE	Isolation source explicitly indicates direct plant association or plant biological material.	isolation_source
GCF_055690685.1	Bacillus subtilis	1423	S-LA1	Complete Genome		2026-03-05	Bangabandhu Sheikh Mujibur Rahman Agricultural University (BSMRAU)	PRJNA1055760	SAMN54376224	S-LA1	Leucas aspera	Root of Leucas aspera	Bangladesh: Biral, Dinajpur	2025-05-23	Microbe sample from Bacillus subtilis		False	True	False	False	1	True	source	False	True	False	False	1	source	True	INCLUDE	Isolation source explicitly indicates direct plant association or plant biological material.	isolation_source
GCF_055801795.1	Bacillus subtilis	1423	CS11	Complete Genome		2026-03-11	Guizhou Medical University	PRJNA1415513	SAMN54937985	CS11		Ginkgo biloba rhizosphere soil	China:Qiannan Buyi and Miao Autonomous Prefecture	2023-10-30	Microbe sample from Bacillus subtilis		False	True	False	False	1	True	source	False	True	False	False	1	source	True	INCLUDE	Isolation source explicitly indicates direct plant association or plant biological material.	isolation_source
GCF_056156505.1	Bacillus subtilis	1423	s13	Contig		2026-03-19	Institute of Plant Protection	PRJNA1347985	SAMN52878957	s13	Sanqi	rhizosphere soil	China: Yunnan	2023-11-17	Microbe sample from Bacillus subtilis		False	True	False	False	1	True	source	False	True	False	False	1	source	True	INCLUDE	Isolation source explicitly indicates direct plant association or plant biological material.	isolation_source
GCF_056377955.1	Bacillus subtilis	1423	BSS.2162	Contig		2026-03-27	Universidade do Estado da Bahia	PRJNA1223442	SAMN46819883	BSS.2162		rhizospheric soils from cacti	Brazil: Paulo Afonso	2013-10-16	MIGS Cultured Bacterial/Archaeal sample from Bacillus subtilis	Keywords: GSC:MIxS;MIGS:6.0	False	True	False	False	1	True	source	False	True	False	False	1	source	True	INCLUDE	Isolation source explicitly indicates direct plant association or plant biological material.	isolation_source
GCF_056674935.1	Bacillus subtilis	1423	Medicinal_04	Contig		2026-04-11	MNS-University of Agriculture	PRJNA1290071	SAMN49909479	Medicinal_04	Medicinal plants	soil rhizosphere	Pakistan: Lahore	2023-08-01	Microbe sample from Bacillus subtilis		True	True	False	False	2	True	host;source	False	True	False	False	1	source	True	INCLUDE	Isolation source explicitly indicates direct plant association or plant biological material.	isolation_source
GCF_056784195.1	Bacillus subtilis	1423	JY-7-2L	Complete Genome		2026-04-19	Southwest University of Science and Technology	PRJNA1356802	SAMN53067059	JY-7-2L	Aconitum carmichaelii	Aconitum carmichaelii Debeaux endophytic bacteria	China:Sichuan	2022-08-10	Microbe sample from Bacillus subtilis		False	True	False	False	1	True	source	False	True	False	False	1	source	True	INCLUDE	Isolation source explicitly indicates direct plant association or plant biological material.	isolation_source
GCF_057334135.1	Bacillus subtilis	1423	AGC74	Contig		2026-05-07	African Genome Center	PRJNA1133887	SAMN43406665	AGC74	plant	Foliar	not provided	2022-05-27	WGS-endobacterial		True	False	False	False	1	True	host	False	True	False	False	1	source	True	INCLUDE	Isolation source explicitly indicates direct plant association or plant biological material.	isolation_source
GCF_057334335.1	Bacillus subtilis	1423	AGC58	Contig		2026-05-07	African Genome Center	PRJNA1133887	SAMN43406651	AGC58	plant	Foliar	not provided	2022-05-27	WGS-endobacterial		True	False	False	False	1	True	host	False	True	False	False	1	source	True	INCLUDE	Isolation source explicitly indicates direct plant association or plant biological material.	isolation_source
GCF_057334475.1	Bacillus subtilis	1423	AGC50	Scaffold		2026-05-07	African Genome Center	PRJNA1133887	SAMN43406644	AGC50	plant	Foliar	not provided	2022-05-27	WGS-endobacterial		True	False	False	False	1	True	host	False	True	False	False	1	source	True	INCLUDE	Isolation source explicitly indicates direct plant association or plant biological material.	isolation_source
GCF_057334615.1	Bacillus subtilis	1423	AGC34	Contig		2026-05-07	African Genome Center	PRJNA1133887	SAMN43406631	AGC34	plant	Foliar	not provided	2022-05-27	WGS-endobacterial		True	False	False	False	1	True	host	False	True	False	False	1	source	True	INCLUDE	Isolation source explicitly indicates direct plant association or plant biological material.	isolation_source
GCF_058137905.1	Bacillus subtilis	1423	MD7	Complete Genome		2026-06-10	Shangqiu Normal University	PRJNA1473753	SAMN60578469	MD7	Ophiopogon japonicus	rhizosphere soil	China:Henan Province, Shangqiu	2021-03-07	Microbe sample from Bacillus subtilis		False	True	False	False	1	True	source	False	True	False	False	1	source	True	INCLUDE	Isolation source explicitly indicates direct plant association or plant biological material.	isolation_source
GCF_058182495.1	Bacillus subtilis	1423	KnB1	Chromosome		2026-06-12	Kasetsart University	PRJNA1273501	SAMN48948952	KnB1		Bean rhizosphere	Thailand	2016-06-15	Microbe sample from Bacillus subtilis		False	True	False	False	1	True	source	False	True	False	False	1	source	True	INCLUDE	Isolation source explicitly indicates direct plant association or plant biological material.	isolation_source
GCF_058629295.1	Bacillus subtilis	1423	R-TQ9	Contig		2026-06-30	HCMUT	PRJNA1478645	SAMN60899552	R-TQ9		rhizosphere soil	Viet Nam: Tuyen Quang	2026-03	Microbe sample from Bacillus subtilis		False	True	False	False	1	True	source	False	True	False	False	1	source	True	INCLUDE	Isolation source explicitly indicates direct plant association or plant biological material.	isolation_source
GCF_058629315.1	Bacillus subtilis	1423	R-TN7	Contig		2026-06-30	HCMUT	PRJNA1478645	SAMN60899551	R-TN7		rhizosphere soil	Viet Nam: Tay Ninh	2025-11-20	Microbe sample from Bacillus subtilis		False	True	False	False	1	True	source	False	True	False	False	1	source	True	INCLUDE	Isolation source explicitly indicates direct plant association or plant biological material.	isolation_source
GCF_059801065.1	Bacillus subtilis	1423	InaCC B 1658	Contig		2026-08-04	National Research and Innovation Agency	PRJNA1090647	SAMN40571799	InaCC B 1658	Carica papaya	leaf	Indonesia: Bogor	2019-02-12	MIGS Cultured Bacterial/Archaeal sample from Bacillus subtilis	Keywords: GSC:MIxS;MIGS:6.0	False	True	False	False	1	True	source	False	True	False	False	1	source	True	INCLUDE	Isolation source explicitly indicates direct plant association or plant biological material.	isolation_source
GCF_060371815.1	Bacillus subtilis	1423		Contig		2026-08-24	North Carolina State University	PRJNA1509696	SAMN62274352			rhizosphere soil	USA:North Carolina	2025-11-10	Microbe sample from Bacillus subtilis	Isolated from sample S3 on R2A	False	True	False	False	1	True	source	False	True	False	False	1	source	True	INCLUDE	Isolation source explicitly indicates direct plant association or plant biological material.	isolation_source
GCF_060371935.1	Bacillus subtilis	1423		Contig		2026-08-24	North Carolina State University	PRJNA1509696	SAMN62274351			rhizosphere soil	USA:North Carolina	2025-11-10	Microbe sample from Bacillus subtilis	Isolated from sample S4 on R2A	False	True	False	False	1	True	source	False	True	False	False	1	source	True	INCLUDE	Isolation source explicitly indicates direct plant association or plant biological material.	isolation_source
GCF_060371975.1	Bacillus subtilis	1423		Contig		2026-08-24	North Carolina State University	PRJNA1509696	SAMN62274353			rhizosphere soil	USA:North Carolina	2025-11-10	Microbe sample from Bacillus subtilis	Isolated from sample S2 on R2A	False	True	False	False	1	True	source	False	True	False	False	1	source	True	INCLUDE	Isolation source explicitly indicates direct plant association or plant biological material.	isolation_source
GCF_061230955.1	Bacillus subtilis	1423	IBGEBs-R8	Complete Genome		2026-09-15	Bangabandhu Sheikh Mujibur Rahman Agricultural University (BSMRAU)	PRJNA1055760	SAMN54175817	IBGEBs-R8	Triticum aestivum	Seed of Wheat S-615 cultivar	Bangladesh: Gazipur	2024-08-23	Microbe sample from Bacillus subtilis		False	True	False	False	1	True	source	False	True	False	False	1	source	True	INCLUDE	Isolation source explicitly indicates direct plant association or plant biological material.	isolation_source
GCF_061231015.1	Bacillus subtilis	1423	IBGEBs-R7	Complete Genome		2026-09-15	Bangabandhu Sheikh Mujibur Rahman Agricultural University (BSMRAU)	PRJNA1055760	SAMN54175816	IBGEBs-R7	Triticum aestivum	Seed of Wheat S-615 cultivar	Bangladesh: Gazipur	2024-08-23	Microbe sample from Bacillus subtilis		False	True	False	False	1	True	source	False	True	False	False	1	source	True	INCLUDE	Isolation source explicitly indicates direct plant association or plant biological material.	isolation_source
GCF_061231035.1	Bacillus subtilis	1423	IBGEBs-R6	Complete Genome		2026-09-15	Bangabandhu Sheikh Mujibur Rahman Agricultural University (BSMRAU)	PRJNA1055760	SAMN54175815	IBGEBs-R6	Triticum aestivum	Seed of Wheat S-615 cultivar	Bangladesh: Gazipur	2024-08-23	Microbe sample from Bacillus subtilis		False	True	False	False	1	True	source	False	True	False	False	1	source	True	INCLUDE	Isolation source explicitly indicates direct plant association or plant biological material.	isolation_source
GCF_977015325.1	Bacillus subtilis	1423		Contig		2026-09-12	Novonesis	PRJEB101276	SAMEA120413394			Seed	Poland	2018	Sample from Bacillus subtilis		False	True	False	False	1	True	source	False	True	False	False	1	source	True	INCLUDE	Isolation source explicitly indicates direct plant association or plant biological material.	isolation_source
GCF_977015415.1	Bacillus subtilis	1423		Contig		2026-09-12	Novonesis	PRJEB101276	SAMEA120413455			root	USA	2016	Sample from Bacillus subtilis		False	True	False	False	1	True	source	False	True	False	False	1	source	True	INCLUDE	Isolation source explicitly indicates direct plant association or plant biological material.	isolation_source
GCF_977015745.1	Bacillus subtilis	1423		Contig		2026-09-12	Novonesis	PRJEB101276	SAMEA120413445			rhizosphere	USA	2017	Sample from Bacillus subtilis		False	True	False	False	1	True	source	False	True	False	False	1	source	True	INCLUDE	Isolation source explicitly indicates direct plant association or plant biological material.	isolation_source
GCF_977016005.1	Bacillus subtilis	1423		Contig		2026-09-12	Novonesis	PRJEB101276	SAMEA120413453			root	USA	2016	Sample from Bacillus subtilis		False	True	False	False	1	True	source	False	True	False	False	1	source	True	INCLUDE	Isolation source explicitly indicates direct plant association or plant biological material.	isolation_source
GCF_977016065.1	Bacillus subtilis	1423		Contig		2026-09-12	Novonesis	PRJEB101276	SAMEA120413463			rhizosphere	USA	2015	Sample from Bacillus subtilis		False	True	False	False	1	True	source	False	True	False	False	1	source	True	INCLUDE	Isolation source explicitly indicates direct plant association or plant biological material.	isolation_source
GCF_001625135.1	Bacillus subtilis subsp. subtilis	135461	ALBA01	Contig		2016-04-20	Ciquibic-Conicet-UNC	PRJNA316980	SAMN04594889	ALBA01		onion rhizosphere	Argentina: Bahia Blanca	2014	Microbe sample from Bacillus subtilis subsp. subtilis strain ALBA01	Genome sequence of a Bacillus subtilis strain ALBA01 isolated from rhizosphere of onion	False	True	False	True	2	True	source;comment	False	True	False	True	2	source;comment	True	INCLUDE	Isolation source explicitly indicates direct plant association or plant biological material.	isolation_source
GCF_003931545.1	Bacillus subtilis subsp. subtilis	135461	BE27	Contig		2018-12-08	University of Reims	PRJNA507554	SAMN10497934	BE27	maize	rhizosphere	France	2016	Microbe sample from Bacillus subtilis subsp. subtilis		True	True	False	False	2	True	host;source	False	True	False	False	1	source	True	INCLUDE	Isolation source explicitly indicates direct plant association or plant biological material.	isolation_source
GCF_011317145.1	Bacillus subtilis subsp. subtilis	135461	BTS-3	Contig		2020-03-16	The Sainsbury Laboratory, University of East Anglia	PRJNA593387	SAMN13476497	BTS-3	rice cultivar Rangabinni	seeds	Bangladesh	2012	Microbe sample from Bacillus subtilis subsp. subtilis		True	True	False	False	2	True	host;source	False	True	False	False	1	source	True	INCLUDE	Isolation source explicitly indicates direct plant association or plant biological material.	isolation_source
GCF_011800745.1	Bacillus subtilis subsp. subtilis	135461	EA-CB0575	Scaffold		2020-03-31	Universidad EAFIT	PRJNA484196	SAMN09761081	EA-CB0575	Musa acuminata AAA Group	rhizosphere	Colombia: Uraba	2009	Microbe sample from Bacillus subtilis subsp. subtilis		False	True	False	False	1	True	source	False	True	False	False	1	source	True	INCLUDE	Isolation source explicitly indicates direct plant association or plant biological material.	isolation_source
GCF_012648205.1	Bacillus subtilis subsp. subtilis	135461	UCMB5121	Complete Genome		2020-04-22	University of Pretoria	PRJNA616328	SAMN14479758	UCMB5121		cotton plant surface sterilized stem	Tajikistan:Dushanbe	1992	Bacillus subtilis ssp. subtilis UCMB5121		False	True	False	False	1	True	source	False	True	False	False	1	source	True	INCLUDE	Isolation source explicitly indicates direct plant association or plant biological material.	isolation_source
GCF_013332455.1	Bacillus subtilis subsp. subtilis	135461	GR2.1	Contig		2020-06-11	ENDOBICA	PRJNA634250	SAMN14987718	GR2.1	green eggplant	roots	Viet Nam: Hoai Duc, Ha Noi	2019-12-06	Microbe sample from Bacillus subtilis subsp. subtilis		False	True	False	False	1	True	source	False	True	False	False	1	source	True	INCLUDE	Isolation source explicitly indicates direct plant association or plant biological material.	isolation_source
GCF_039619305.1	Bacillus subtilis subsp. subtilis	135461	R38	Complete Genome		2024-05-13	Northwest A&F University	PRJNA1104401	SAMN41076884	R38		Wheat root	China: Henan	2023-05-01	Microbe sample from Bacillus subtilis subsp. subtilis		False	True	False	False	1	True	source	False	True	False	False	1	source	True	INCLUDE	Isolation source explicitly indicates direct plant association or plant biological material.	isolation_source
GCF_041023695.1	Bacillus subtilis subsp. subtilis	135461	TR6	Scaffold		2024-08-03	All-Russia Research Institute for Agricultural Microbiology	PRJNA1141125	SAMN42877911	TR6		tomato roots	Russia	2007-06	Bacillus subtilis subsp. subtilis strain TR6 isolated from tomato roots		False	True	True	False	2	True	source;title	False	True	True	False	2	source;title	True	INCLUDE	Isolation source explicitly indicates direct plant association or plant biological material.	isolation_source
GCF_049860545.1	Bacillus subtilis subsp. subtilis	135461	NRCB002	Complete Genome		2025-04-23	Nanjing Tech University	PRJNA1251281	SAMN48002405	NRCB002		Plant rhizosphere	China: Nanjing	2019-01-18	Microbe sample from Bacillus subtilis subsp. subtilis		False	True	False	False	1	True	source	False	True	False	False	1	source	True	INCLUDE	Isolation source explicitly indicates direct plant association or plant biological material.	isolation_source
GCF_051904015.1	Bacillus subtilis subsp. subtilis	135461	NM261	Complete Genome		2025-08-09	Tamil Nadu Agricultural University	PRJNA838760	SAMN28462508	NM261		Potato Flower	India: Tamil Nadu, Coimbatore, TNAU	2019-09-15	Bacillus subtilis subsp. subtilis NM261	Biocontrol of late blight of potato using antagonistic bacteria	False	True	False	True	2	True	source;comment	False	True	False	False	1	source	True	INCLUDE	Isolation source explicitly indicates direct plant association or plant biological material.	isolation_source
GCF_000706705.1	Bacillus subtilis subsp. subtilis str. OH 131.1	1404258	OH131.1	Complete Genome		2014-06-13	NCAUR-ARS-USDA	PRJNA221154	SAMN02673193	OH131.1		wheat anther	USA: Ohio	1997-05-15	Microbe sample for Bacillus subtilis subsp. subtilis		False	True	False	False	1	True	source	False	True	False	False	1	source	True	INCLUDE	Isolation source explicitly indicates direct plant association or plant biological material.	isolation_source
GCF_012225885.1	Bacillus tequilensis	227866	EA-CB0015	Complete Genome	reference genome	2020-04-09	Augura	PRJNA606711	SAMN14111977	EA-CB0015		Phyllosphere of Musa spp. AAA cv. Grand Naine. Leaf number 10	Colombia: Uraba	2009-10	Microbe sample from Bacillus tequilensis		False	True	False	False	1	True	source	False	True	False	False	1	source	True	INCLUDE	Isolation source explicitly indicates direct plant association or plant biological material.	isolation_source
GCF_013332435.1	Bacillus tequilensis	227866	DL2.1	Contig		2020-06-11	ENDOBICA	PRJNA634243	SAMN14987544	DL2.1		stem from dragon fruit tree	Viet Nam: Ham thuan Nam, Binh Thuan	2019-05-08	Microbe sample from Bacillus tequilensis		False	True	False	False	1	True	source	False	True	False	False	1	source	True	INCLUDE	Isolation source explicitly indicates direct plant association or plant biological material.	isolation_source
GCF_050858875.1	Bacillus tequilensis	227866	AZB	Complete Genome		2025-06-09	The Independent Schools Foundation Academy	PRJNA1270916	SAMN48842844	AZB	Raphanus raphanistrum subsp. sativus	surface-sterilised seeds	Hong Kong: Pokfulam	2023-04-14	Microbe sample from Bacillus tequilensis		False	True	False	False	1	True	source	False	True	False	False	1	source	True	INCLUDE	Isolation source explicitly indicates direct plant association or plant biological material.	isolation_source
GCF_058215615.1	Bacillus tequilensis	227866	EA-CB0015-MV1	Complete Genome		2026-06-16	Augura	PRJNA606711	SAMN60600494	EA-CB0015-MV1		Phyllosphere of Musa spp. AAA cv. Grand Naine. Leaf number 10	Colombia: Uraba	2009-10	Microbe sample from Bacillus tequilensis		False	True	False	False	1	True	source	False	True	False	False	1	source	True	INCLUDE	Isolation source explicitly indicates direct plant association or plant biological material.	isolation_source
GCF_058215645.1	Bacillus tequilensis	227866	EA-CB0015-MV3	Complete Genome		2026-06-16	Augura	PRJNA606711	SAMN60600545	EA-CB0015-MV3		Phyllosphere of Musa spp. AAA cv. Grand Naine. Leaf number 10	Colombia: Uraba	2009-10	Microbe sample from Bacillus tequilensis		False	True	False	False	1	True	source	False	True	False	False	1	source	True	INCLUDE	Isolation source explicitly indicates direct plant association or plant biological material.	isolation_source
GCF_058215675.1	Bacillus tequilensis	227866	EA-CB0015-MV4	Complete Genome		2026-06-16	Augura	PRJNA606711	SAMN60600549	EA-CB0015-MV4		Phyllosphere of Musa spp. AAA cv. Grand Naine. Leaf number 10	Colombia: Uraba	2009-10	Microbe sample from Bacillus tequilensis		False	True	False	False	1	True	source	False	True	False	False	1	source	True	INCLUDE	Isolation source explicitly indicates direct plant association or plant biological material.	isolation_source
GCF_001017635.1	Bacillus thuringiensis	1428	YC-10	Complete Genome		2015-06-02	Hunan Academy of Agricultural Science,	PRJNA280152	SAMN03457230	YC-10	tobacco	roots	China	2010	Microbe sample from Bacillus thuringiensis		True	True	False	False	2	True	host;source	False	True	False	False	1	source	True	INCLUDE	Isolation source explicitly indicates direct plant association or plant biological material.	isolation_source
GCF_001757675.1	Bacillus thuringiensis	1428	GOE1	Contig		2016-10-12	Georg-August-University Goettingen, Genomic and Applied Microbiology, Goettingen Genomics Laboratory	PRJNA318317	SAMN04635980	GOE1		Tomato rhizosphere	Germany:Goettingen	2014-06	Microbe sample from Bacillus thuringiensis	Plant associated Bacillus thuringiensis with antagonistic activity against plant pathogenic fungi.	False	True	False	True	2	True	source;comment	False	True	False	False	1	source	True	INCLUDE	Isolation source explicitly indicates direct plant association or plant biological material.	isolation_source
GCF_001757685.1	Bacillus thuringiensis	1428	GOE2	Contig		2016-10-12	Georg-August-University Goettingen, Genomic and Applied Microbiology, Goettingen Genomics Laboratory	PRJNA318318	SAMN04803006	GOE2		Tomato rhizosphere	Germany:Goettingen	2014-06	Microbe sample from Bacillus thuringiensis GOE2	Plant associated Bacillus thuringiensis with antagonistic activity against plant pathogenic fungi	False	True	False	True	2	True	source;comment	False	True	False	False	1	source	True	INCLUDE	Isolation source explicitly indicates direct plant association or plant biological material.	isolation_source
GCF_001757695.1	Bacillus thuringiensis	1428	GOE3	Contig		2016-10-12	Georg-August-University Goettingen, Genomic and Applied Microbiology, Goettingen Genomics Laboratory	PRJNA318325	SAMN04817213	GOE3		Tomato rhizosphere	Germany:Goettingen	2014-06	Microbe sample from Bacillus thuringiensis	Plant associated Bacillus thuringiensis with antagonistic activity towards plant pathogenic fungi	False	True	False	True	2	True	source;comment	False	True	False	False	1	source	True	INCLUDE	Isolation source explicitly indicates direct plant association or plant biological material.	isolation_source
GCF_001757745.1	Bacillus thuringiensis	1428	GOE4	Contig		2016-10-12	Georg-August-University Goettingen, Genomic and Applied Microbiology, Goettingen Genomics Laboratory	PRJNA318329	SAMN04819576	GOE4		Tomato rhizosphere	Germany:Goettingen	2014-06	Microbe sample from Bacillus thuringiensis GOE4	Plant associated Bacillus thuringiensis with antagonistic activity towards plant pathogenic fungi	False	True	False	True	2	True	source;comment	False	True	False	False	1	source	True	INCLUDE	Isolation source explicitly indicates direct plant association or plant biological material.	isolation_source
GCF_002550055.1	Bacillus thuringiensis	1428	AFS099506	Scaffold		2017-10-13	UNC Chapel Hill	PRJNA400804	SAMN07598715	AFS099506	Corn	root	USA: IA	2014-05-27	Microbe sample from Bacillus thuringiensis		True	True	False	False	2	True	host;source	False	True	False	False	1	source	True	INCLUDE	Isolation source explicitly indicates direct plant association or plant biological material.	isolation_source
GCF_002550185.1	Bacillus thuringiensis	1428	AFS098506	Scaffold		2017-10-13	UNC Chapel Hill	PRJNA400804	SAMN07598701	AFS098506	Corn	root	USA: IA	2014-05-27	Microbe sample from Bacillus thuringiensis		True	True	False	False	2	True	host;source	False	True	False	False	1	source	True	INCLUDE	Isolation source explicitly indicates direct plant association or plant biological material.	isolation_source
GCF_002550215.1	Bacillus thuringiensis	1428	AFS098399	Scaffold		2017-10-13	UNC Chapel Hill	PRJNA400804	SAMN07598700	AFS098399	Soybean	leaf	USA: IA	2014-04-09	Microbe sample from Bacillus thuringiensis		True	True	False	False	2	True	host;source	False	True	False	False	1	source	True	INCLUDE	Isolation source explicitly indicates direct plant association or plant biological material.	isolation_source
GCF_002551895.1	Bacillus thuringiensis	1428	AFS097856	Scaffold		2017-10-13	UNC Chapel Hill	PRJNA400804	SAMN07598691	AFS097856	Soybean	leaf	USA: MN	2014-01-17	Microbe sample from Bacillus thuringiensis		True	True	False	False	2	True	host;source	False	True	False	False	1	source	True	INCLUDE	Isolation source explicitly indicates direct plant association or plant biological material.	isolation_source
GCF_002552035.1	Bacillus thuringiensis	1428	AFS096960	Scaffold		2017-10-13	UNC Chapel Hill	PRJNA400804	SAMN07598677	AFS096960	Corn	root	USA: IA	2014-05-27	Microbe sample from Bacillus thuringiensis		True	True	False	False	2	True	host;source	False	True	False	False	1	source	True	INCLUDE	Isolation source explicitly indicates direct plant association or plant biological material.	isolation_source
GCF_002552245.1	Bacillus thuringiensis	1428	AFS095788	Scaffold		2017-10-13	UNC Chapel Hill	PRJNA400804	SAMN07598659	AFS095788	Soybean	leaf	USA: MN	2014-04-17	Microbe sample from Bacillus thuringiensis		True	True	False	False	2	True	host;source	False	True	False	False	1	source	True	INCLUDE	Isolation source explicitly indicates direct plant association or plant biological material.	isolation_source
GCF_002552395.1	Bacillus thuringiensis	1428	AFS094940	Scaffold		2017-10-13	UNC Chapel Hill	PRJNA400804	SAMN07598645	AFS094940	Soybean	leaf	USA: MN	2014-01-17	Microbe sample from Bacillus thuringiensis		True	True	False	False	2	True	host;source	False	True	False	False	1	source	True	INCLUDE	Isolation source explicitly indicates direct plant association or plant biological material.	isolation_source
GCF_002552915.1	Bacillus thuringiensis	1428	AFS099341	Scaffold		2017-10-13	UNC Chapel Hill	PRJNA400804	SAMN07598711	AFS099341	Corn	leaf	USA: IL	2014-04-17	Microbe sample from Bacillus thuringiensis		True	True	False	False	2	True	host;source	False	True	False	False	1	source	True	INCLUDE	Isolation source explicitly indicates direct plant association or plant biological material.	isolation_source
GCF_002552985.1	Bacillus thuringiensis	1428	AFS097514	Scaffold		2017-10-13	UNC Chapel Hill	PRJNA400804	SAMN07598689	AFS097514	Soybean	leaf	USA: IA	2014-04-17	Microbe sample from Bacillus thuringiensis		True	True	False	False	2	True	host;source	False	True	False	False	1	source	True	INCLUDE	Isolation source explicitly indicates direct plant association or plant biological material.	isolation_source
GCF_002553055.1	Bacillus thuringiensis	1428	AFS096410	Scaffold		2017-10-13	UNC Chapel Hill	PRJNA400804	SAMN07598669	AFS096410	Corn	leaf	USA: IL	2014-02-28	Microbe sample from Bacillus thuringiensis		True	True	False	False	2	True	host;source	False	True	False	False	1	source	True	INCLUDE	Isolation source explicitly indicates direct plant association or plant biological material.	isolation_source
GCF_002553105.1	Bacillus thuringiensis	1428	AFS094730	Scaffold		2017-10-13	UNC Chapel Hill	PRJNA400804	SAMN07598640	AFS094730	Soybean	leaf	USA: IA	2014-02-28	Microbe sample from Bacillus thuringiensis		True	True	False	False	2	True	host;source	False	True	False	False	1	source	True	INCLUDE	Isolation source explicitly indicates direct plant association or plant biological material.	isolation_source
GCF_002553315.1	Bacillus thuringiensis	1428	AFS090477	Scaffold		2017-10-13	UNC Chapel Hill	PRJNA400804	SAMN07598600	AFS090477	Soybean	leaf	USA: MN	2014-01-17	Microbe sample from Bacillus thuringiensis		True	True	False	False	2	True	host;source	False	True	False	False	1	source	True	INCLUDE	Isolation source explicitly indicates direct plant association or plant biological material.	isolation_source
GCF_002558075.1	Bacillus thuringiensis	1428	AFS011939	Scaffold		2017-10-16	UNC Chapel Hill	PRJNA400804	SAMN07597400	AFS011939	Soybean	root	USA: IA	2014-05-27	Microbe sample from Bacillus thuringiensis		True	True	False	False	2	True	host;source	False	True	False	False	1	source	True	INCLUDE	Isolation source explicitly indicates direct plant association or plant biological material.	isolation_source
GCF_002558235.1	Bacillus thuringiensis	1428	AFS012085	Scaffold		2017-10-16	UNC Chapel Hill	PRJNA400804	SAMN07597402	AFS012085	Corn	root	USA: IA	2014-05-27	Microbe sample from Bacillus thuringiensis		True	True	False	False	2	True	host;source	False	True	False	False	1	source	True	INCLUDE	Isolation source explicitly indicates direct plant association or plant biological material.	isolation_source
GCF_002558335.1	Bacillus thuringiensis	1428	AFS007186	Scaffold		2017-10-16	UNC Chapel Hill	PRJNA400804	SAMN07597329	AFS007186	Corn	leaf	USA: IL	2014-02-28	Microbe sample from Bacillus thuringiensis		True	True	False	False	2	True	host;source	False	True	False	False	1	source	True	INCLUDE	Isolation source explicitly indicates direct plant association or plant biological material.	isolation_source
GCF_002558385.1	Bacillus thuringiensis	1428	AFS006689	Scaffold		2017-10-16	UNC Chapel Hill	PRJNA400804	SAMN07597324	AFS006689	Soybean	leaf	USA: MN	2014-04-17	Microbe sample from Bacillus thuringiensis		True	True	False	False	2	True	host;source	False	True	False	False	1	source	True	INCLUDE	Isolation source explicitly indicates direct plant association or plant biological material.	isolation_source
GCF_002558525.1	Bacillus thuringiensis	1428	AFS005140	Scaffold		2017-10-16	UNC Chapel Hill	PRJNA400804	SAMN07597306	AFS005140	Corn	root	USA: IA	2014-05-27	Microbe sample from Bacillus thuringiensis		True	True	False	False	2	True	host;source	False	True	False	False	1	source	True	INCLUDE	Isolation source explicitly indicates direct plant association or plant biological material.	isolation_source
GCF_002558545.1	Bacillus thuringiensis	1428	AFS005083	Scaffold		2017-10-16	UNC Chapel Hill	PRJNA400804	SAMN07597305	AFS005083		leaf	USA: NC	2014-01-14	Microbe sample from Bacillus thuringiensis		False	True	False	False	1	True	source	False	True	False	False	1	source	True	INCLUDE	Isolation source explicitly indicates direct plant association or plant biological material.	isolation_source
GCF_002558635.1	Bacillus thuringiensis	1428	AFS004356	Scaffold		2017-10-16	UNC Chapel Hill	PRJNA400804	SAMN07597296	AFS004356	Corn	root	USA: IA	2014-05-27	Microbe sample from Bacillus thuringiensis		True	True	False	False	2	True	host;source	False	True	False	False	1	source	True	INCLUDE	Isolation source explicitly indicates direct plant association or plant biological material.	isolation_source
GCF_002558815.1	Bacillus thuringiensis	1428	AFS002920	Scaffold		2017-10-16	UNC Chapel Hill	PRJNA400804	SAMN07597280	AFS002920	Soybean	seed	USA: IA	2014-01-14	Microbe sample from Bacillus thuringiensis		True	True	False	False	2	True	host;source	False	True	False	False	1	source	True	INCLUDE	Isolation source explicitly indicates direct plant association or plant biological material.	isolation_source
GCF_002558915.1	Bacillus thuringiensis	1428	AFS002494	Scaffold		2017-10-16	UNC Chapel Hill	PRJNA400804	SAMN07597271	AFS002494	Corn	root	USA: IA	2014-05-27	Microbe sample from Bacillus thuringiensis		True	True	False	False	2	True	host;source	False	True	False	False	1	source	True	INCLUDE	Isolation source explicitly indicates direct plant association or plant biological material.	isolation_source
GCF_002558995.1	Bacillus thuringiensis	1428	AFS001991	Scaffold		2017-10-16	UNC Chapel Hill	PRJNA400804	SAMN07597261	AFS001991	Corn	leaf	USA: IL	2014-04-17	Microbe sample from Bacillus thuringiensis		True	True	False	False	2	True	host;source	False	True	False	False	1	source	True	INCLUDE	Isolation source explicitly indicates direct plant association or plant biological material.	isolation_source
GCF_002559295.1	Bacillus thuringiensis	1428	AFS002866	Scaffold		2017-10-16	UNC Chapel Hill	PRJNA400804	SAMN07597279	AFS002866	Soybean	leaf	USA: MN	2014-01-17	Microbe sample from Bacillus thuringiensis		True	True	False	False	2	True	host;source	False	True	False	False	1	source	True	INCLUDE	Isolation source explicitly indicates direct plant association or plant biological material.	isolation_source
GCF_002559825.1	Bacillus thuringiensis	1428	AFS027250	Scaffold		2017-10-16	UNC Chapel Hill	PRJNA400804	SAMN07597601	AFS027250	Corn	leaf	USA: IL	2014-02-28	Microbe sample from Bacillus thuringiensis		True	True	False	False	2	True	host;source	False	True	False	False	1	source	True	INCLUDE	Isolation source explicitly indicates direct plant association or plant biological material.	isolation_source
GCF_002560605.1	Bacillus thuringiensis	1428	AFS023096	Scaffold		2017-10-16	UNC Chapel Hill	PRJNA400804	SAMN07597540	AFS023096	Soybean	leaf	USA: MN	2014-01-17	Microbe sample from Bacillus thuringiensis		True	True	False	False	2	True	host;source	False	True	False	False	1	source	True	INCLUDE	Isolation source explicitly indicates direct plant association or plant biological material.	isolation_source
GCF_002560645.1	Bacillus thuringiensis	1428	AFS022658	Contig		2017-10-16	UNC Chapel Hill	PRJNA400804	SAMN07597535	AFS022658	Soybean	leaf	USA: IL	2014-04-09	Microbe sample from Bacillus thuringiensis		True	True	False	False	2	True	host;source	False	True	False	False	1	source	True	INCLUDE	Isolation source explicitly indicates direct plant association or plant biological material.	isolation_source
GCF_002560815.1	Bacillus thuringiensis	1428	AFS022064	Scaffold		2017-10-16	UNC Chapel Hill	PRJNA400804	SAMN07597520	AFS022064	Corn	root	USA: IA	2014-05-27	Microbe sample from Bacillus thuringiensis		True	True	False	False	2	True	host;source	False	True	False	False	1	source	True	INCLUDE	Isolation source explicitly indicates direct plant association or plant biological material.	isolation_source
GCF_002561375.1	Bacillus thuringiensis	1428	AFS016611	Scaffold		2017-10-16	UNC Chapel Hill	PRJNA400804	SAMN07597450	AFS016611	Soybean	leaf	USA: MN	2014-01-17	Microbe sample from Bacillus thuringiensis		True	True	False	False	2	True	host;source	False	True	False	False	1	source	True	INCLUDE	Isolation source explicitly indicates direct plant association or plant biological material.	isolation_source
GCF_002561585.1	Bacillus thuringiensis	1428	AFS014145	Scaffold		2017-10-16	UNC Chapel Hill	PRJNA400804	SAMN07597423	AFS014145	Soybean	root	USA: IL	2013-11-25	Microbe sample from Bacillus thuringiensis		True	True	False	False	2	True	host;source	False	True	False	False	1	source	True	INCLUDE	Isolation source explicitly indicates direct plant association or plant biological material.	isolation_source
GCF_002561665.1	Bacillus thuringiensis	1428	AFS011084	Scaffold		2017-10-16	UNC Chapel Hill	PRJNA400804	SAMN07597388	AFS011084	Soybean	root	USA: MO	2014-05-27	Microbe sample from Bacillus thuringiensis		True	True	False	False	2	True	host;source	False	True	False	False	1	source	True	INCLUDE	Isolation source explicitly indicates direct plant association or plant biological material.	isolation_source
GCF_002561735.1	Bacillus thuringiensis	1428	AFS010823	Scaffold		2017-10-16	UNC Chapel Hill	PRJNA400804	SAMN07597384	AFS010823	Soybean	leaf	USA: IA	2014-02-28	Microbe sample from Bacillus thuringiensis		True	True	False	False	2	True	host;source	False	True	False	False	1	source	True	INCLUDE	Isolation source explicitly indicates direct plant association or plant biological material.	isolation_source
GCF_002562045.1	Bacillus thuringiensis	1428	AFS011673	Scaffold		2017-10-16	UNC Chapel Hill	PRJNA400804	SAMN07597396	AFS011673	Soybean	root	USA: IL	2013-11-25	Microbe sample from Bacillus thuringiensis		True	True	False	False	2	True	host;source	False	True	False	False	1	source	True	INCLUDE	Isolation source explicitly indicates direct plant association or plant biological material.	isolation_source
GCF_002562295.1	Bacillus thuringiensis	1428	AFS009644	Scaffold		2017-10-16	UNC Chapel Hill	PRJNA400804	SAMN07597368	AFS009644		tree leaf	USA: NC	2014-01-14	Microbe sample from Bacillus thuringiensis		False	True	False	False	1	True	source	False	True	False	False	1	source	True	INCLUDE	Isolation source explicitly indicates direct plant association or plant biological material.	isolation_source
GCF_002562415.1	Bacillus thuringiensis	1428	AFS009253	Scaffold		2017-10-16	UNC Chapel Hill	PRJNA400804	SAMN07597359	AFS009253		tree leaf	USA: NC	2014-01-14	Microbe sample from Bacillus thuringiensis		False	True	False	False	1	True	source	False	True	False	False	1	source	True	INCLUDE	Isolation source explicitly indicates direct plant association or plant biological material.	isolation_source
GCF_002562915.1	Bacillus thuringiensis	1428	AFS029508	Scaffold		2017-10-16	UNC Chapel Hill	PRJNA400804	SAMN07597632	AFS029508	Soybean	leaf	USA: MN	2014-01-17	Microbe sample from Bacillus thuringiensis		True	True	False	False	2	True	host;source	False	True	False	False	1	source	True	INCLUDE	Isolation source explicitly indicates direct plant association or plant biological material.	isolation_source
GCF_002563045.1	Bacillus thuringiensis	1428	AFS022028	Scaffold		2017-10-16	UNC Chapel Hill	PRJNA400804	SAMN07597518	AFS022028	Soybean	leaf	USA: MN	2014-04-17	Microbe sample from Bacillus thuringiensis		True	True	False	False	2	True	host;source	False	True	False	False	1	source	True	INCLUDE	Isolation source explicitly indicates direct plant association or plant biological material.	isolation_source
GCF_002563145.1	Bacillus thuringiensis	1428	AFS020608	Scaffold		2017-10-16	UNC Chapel Hill	PRJNA400804	SAMN07597505	AFS020608	Corn	root	USA: IA	2014-05-27	Microbe sample from Bacillus thuringiensis		True	True	False	False	2	True	host;source	False	True	False	False	1	source	True	INCLUDE	Isolation source explicitly indicates direct plant association or plant biological material.	isolation_source
GCF_002563275.1	Bacillus thuringiensis	1428	AFS020128	Scaffold		2017-10-16	UNC Chapel Hill	PRJNA400804	SAMN07597499	AFS020128	Soybean	root	USA: MN	2013-11-25	Microbe sample from Bacillus thuringiensis		True	True	False	False	2	True	host;source	False	True	False	False	1	source	True	INCLUDE	Isolation source explicitly indicates direct plant association or plant biological material.	isolation_source
GCF_002565085.1	Bacillus thuringiensis	1428	AFS076861	Scaffold		2017-10-17	UNC Chapel Hill	PRJNA400804	SAMN07598425	AFS076861		tree leaf	USA: NC	2014-01-14	Microbe sample from Bacillus thuringiensis		False	True	False	False	1	True	source	False	True	False	False	1	source	True	INCLUDE	Isolation source explicitly indicates direct plant association or plant biological material.	isolation_source
GCF_002565195.1	Bacillus thuringiensis	1428	AFS075396	Scaffold		2017-10-17	UNC Chapel Hill	PRJNA400804	SAMN07598402	AFS075396	Soybean	leaf	USA: MN	2014-04-09	Microbe sample from Bacillus thuringiensis		True	True	False	False	2	True	host;source	False	True	False	False	1	source	True	INCLUDE	Isolation source explicitly indicates direct plant association or plant biological material.	isolation_source
GCF_002566325.1	Bacillus thuringiensis	1428	AFS082247	Scaffold		2017-10-17	UNC Chapel Hill	PRJNA400804	SAMN07598496	AFS082247	Corn	leaf	USA: IL	2014-02-28	Microbe sample from Bacillus thuringiensis		True	True	False	False	2	True	host;source	False	True	False	False	1	source	True	INCLUDE	Isolation source explicitly indicates direct plant association or plant biological material.	isolation_source
GCF_002566555.1	Bacillus thuringiensis	1428	AFS077661	Scaffold		2017-10-17	UNC Chapel Hill	PRJNA400804	SAMN07598439	AFS077661	Corn	root	USA: IA	2014-05-27	Microbe sample from Bacillus thuringiensis		True	True	False	False	2	True	host;source	False	True	False	False	1	source	True	INCLUDE	Isolation source explicitly indicates direct plant association or plant biological material.	isolation_source
GCF_002566645.1	Bacillus thuringiensis	1428	AFS076262	Scaffold		2017-10-17	UNC Chapel Hill	PRJNA400804	SAMN07598416	AFS076262	Soybean	leaf	USA: MN	2014-04-09	Microbe sample from Bacillus thuringiensis		True	True	False	False	2	True	host;source	False	True	False	False	1	source	True	INCLUDE	Isolation source explicitly indicates direct plant association or plant biological material.	isolation_source
GCF_002566935.1	Bacillus thuringiensis	1428	AFS073530	Scaffold		2017-10-17	UNC Chapel Hill	PRJNA400804	SAMN07598378	AFS073530	Soybean	leaf	USA: IA	2014-04-09	Microbe sample from Bacillus thuringiensis		True	True	False	False	2	True	host;source	False	True	False	False	1	source	True	INCLUDE	Isolation source explicitly indicates direct plant association or plant biological material.	isolation_source
GCF_002567265.1	Bacillus thuringiensis	1428	AFS071638	Scaffold		2017-10-17	UNC Chapel Hill	PRJNA400804	SAMN07598352	AFS071638	Soybean	root	USA: MN	2013-11-25	Microbe sample from Bacillus thuringiensis		True	True	False	False	2	True	host;source	False	True	False	False	1	source	True	INCLUDE	Isolation source explicitly indicates direct plant association or plant biological material.	isolation_source
GCF_002567295.1	Bacillus thuringiensis	1428	AFS071454	Scaffold		2017-10-17	UNC Chapel Hill	PRJNA400804	SAMN07598349	AFS071454	Soybean	root	USA: MO	2014-05-27	Microbe sample from Bacillus thuringiensis		True	True	False	False	2	True	host;source	False	True	False	False	1	source	True	INCLUDE	Isolation source explicitly indicates direct plant association or plant biological material.	isolation_source
GCF_002567875.1	Bacillus thuringiensis	1428	AFS066710	Scaffold		2017-10-17	UNC Chapel Hill	PRJNA400804	SAMN07598286	AFS066710	Corn	root	USA: IA	2014-05-27	Microbe sample from Bacillus thuringiensis		True	True	False	False	2	True	host;source	False	True	False	False	1	source	True	INCLUDE	Isolation source explicitly indicates direct plant association or plant biological material.	isolation_source
GCF_002567905.1	Bacillus thuringiensis	1428	AFS066671	Scaffold		2017-10-17	UNC Chapel Hill	PRJNA400804	SAMN07598285	AFS066671	Corn	root	USA: IA	2014-05-27	Microbe sample from Bacillus thuringiensis		True	True	False	False	2	True	host;source	False	True	False	False	1	source	True	INCLUDE	Isolation source explicitly indicates direct plant association or plant biological material.	isolation_source
GCF_002567955.1	Bacillus thuringiensis	1428	AFS066483	Scaffold		2017-10-17	UNC Chapel Hill	PRJNA400804	SAMN07598280	AFS066483	Corn	leaf	USA: IL	2014-02-28	Microbe sample from Bacillus thuringiensis		True	True	False	False	2	True	host;source	False	True	False	False	1	source	True	INCLUDE	Isolation source explicitly indicates direct plant association or plant biological material.	isolation_source
GCF_002568175.1	Bacillus thuringiensis	1428	AFS067634	Scaffold		2017-10-17	UNC Chapel Hill	PRJNA400804	SAMN07598299	AFS067634	Corn	root	USA: IA	2014-05-27	Microbe sample from Bacillus thuringiensis		True	True	False	False	2	True	host;source	False	True	False	False	1	source	True	INCLUDE	Isolation source explicitly indicates direct plant association or plant biological material.	isolation_source
GCF_002568525.1	Bacillus thuringiensis	1428	AFS065825	Scaffold		2017-10-17	UNC Chapel Hill	PRJNA400804	SAMN07598274	AFS065825	Soybean	root	USA: MN	2014-05-27	Microbe sample from Bacillus thuringiensis		True	True	False	False	2	True	host;source	False	True	False	False	1	source	True	INCLUDE	Isolation source explicitly indicates direct plant association or plant biological material.	isolation_source
GCF_002568595.1	Bacillus thuringiensis	1428	AFS064999	Scaffold		2017-10-17	UNC Chapel Hill	PRJNA400804	SAMN07598259	AFS064999	Soybean	leaf	USA: MN	2014-01-17	Microbe sample from Bacillus thuringiensis		True	True	False	False	2	True	host;source	False	True	False	False	1	source	True	INCLUDE	Isolation source explicitly indicates direct plant association or plant biological material.	isolation_source
GCF_002570855.1	Bacillus thuringiensis	1428	AFS061177	Scaffold		2017-10-17	UNC Chapel Hill	PRJNA400804	SAMN07598215	AFS061177	Soybean	leaf	USA: IL	2014-04-09	Microbe sample from Bacillus thuringiensis		True	True	False	False	2	True	host;source	False	True	False	False	1	source	True	INCLUDE	Isolation source explicitly indicates direct plant association or plant biological material.	isolation_source
GCF_002571105.1	Bacillus thuringiensis	1428	AFS063736	Scaffold		2017-10-17	UNC Chapel Hill	PRJNA400804	SAMN07598245	AFS063736	Soybean	root	USA: IA	2014-05-27	Microbe sample from Bacillus thuringiensis		True	True	False	False	2	True	host;source	False	True	False	False	1	source	True	INCLUDE	Isolation source explicitly indicates direct plant association or plant biological material.	isolation_source
GCF_002574125.1	Bacillus thuringiensis	1428	AFS058254	Scaffold		2017-10-18	UNC Chapel Hill	PRJNA400804	SAMN07598176	AFS058254	Soybean	leaf	USA: MN	2014-01-17	Microbe sample from Bacillus thuringiensis		True	True	False	False	2	True	host;source	False	True	False	False	1	source	True	INCLUDE	Isolation source explicitly indicates direct plant association or plant biological material.	isolation_source
GCF_002574325.1	Bacillus thuringiensis	1428	AFS056615	Scaffold		2017-10-18	UNC Chapel Hill	PRJNA400804	SAMN07598150	AFS056615	Soybean	leaf	USA: MO	2014-04-09	Microbe sample from Bacillus thuringiensis		True	True	False	False	2	True	host;source	False	True	False	False	1	source	True	INCLUDE	Isolation source explicitly indicates direct plant association or plant biological material.	isolation_source
GCF_002574495.1	Bacillus thuringiensis	1428	AFS055282	Scaffold		2017-10-18	UNC Chapel Hill	PRJNA400804	SAMN07598126	AFS055282	Corn	leaf	USA: IA	2014-02-28	Microbe sample from Bacillus thuringiensis		True	True	False	False	2	True	host;source	False	True	False	False	1	source	True	INCLUDE	Isolation source explicitly indicates direct plant association or plant biological material.	isolation_source
GCF_002574505.1	Bacillus thuringiensis	1428	AFS055470	Scaffold		2017-10-18	UNC Chapel Hill	PRJNA400804	SAMN07598129	AFS055470	Soybean	leaf	USA: MN	2014-04-17	Microbe sample from Bacillus thuringiensis		True	True	False	False	2	True	host;source	False	True	False	False	1	source	True	INCLUDE	Isolation source explicitly indicates direct plant association or plant biological material.	isolation_source
GCF_002574575.1	Bacillus thuringiensis	1428	AFS054440	Scaffold		2017-10-18	UNC Chapel Hill	PRJNA400804	SAMN07598114	AFS054440	Soybean	leaf	USA: MN	2014-01-17	Microbe sample from Bacillus thuringiensis		True	True	False	False	2	True	host;source	False	True	False	False	1	source	True	INCLUDE	Isolation source explicitly indicates direct plant association or plant biological material.	isolation_source
GCF_002574595.1	Bacillus thuringiensis	1428	AFS054343	Scaffold		2017-10-18	UNC Chapel Hill	PRJNA400804	SAMN07598113	AFS054343	Corn	root	USA: IL	2014-05-27	Microbe sample from Bacillus thuringiensis		True	True	False	False	2	True	host;source	False	True	False	False	1	source	True	INCLUDE	Isolation source explicitly indicates direct plant association or plant biological material.	isolation_source
GCF_002574675.1	Bacillus thuringiensis	1428	AFS054835	Scaffold		2017-10-18	UNC Chapel Hill	PRJNA400804	SAMN07598121	AFS054835	Corn	leaf	USA: IA	2014-02-28	Microbe sample from Bacillus thuringiensis		True	True	False	False	2	True	host;source	False	True	False	False	1	source	True	INCLUDE	Isolation source explicitly indicates direct plant association or plant biological material.	isolation_source
GCF_002575195.1	Bacillus thuringiensis	1428	AFS053253	Scaffold		2017-10-18	UNC Chapel Hill	PRJNA400804	SAMN07598094	AFS053253	Soybean	leaf	USA: MN	2014-01-17	Microbe sample from Bacillus thuringiensis		True	True	False	False	2	True	host;source	False	True	False	False	1	source	True	INCLUDE	Isolation source explicitly indicates direct plant association or plant biological material.	isolation_source
GCF_002575305.1	Bacillus thuringiensis	1428	AFS052794	Scaffold		2017-10-18	UNC Chapel Hill	PRJNA400804	SAMN07598088	AFS052794	Soybean	leaf	USA: MN	2014-04-17	Microbe sample from Bacillus thuringiensis		True	True	False	False	2	True	host;source	False	True	False	False	1	source	True	INCLUDE	Isolation source explicitly indicates direct plant association or plant biological material.	isolation_source
GCF_002575365.1	Bacillus thuringiensis	1428	AFS052676	Scaffold		2017-10-18	UNC Chapel Hill	PRJNA400804	SAMN07598085	AFS052676	Soybean	leaf	USA: IA	2014-04-09	Microbe sample from Bacillus thuringiensis		True	True	False	False	2	True	host;source	False	True	False	False	1	source	True	INCLUDE	Isolation source explicitly indicates direct plant association or plant biological material.	isolation_source
GCF_002575445.1	Bacillus thuringiensis	1428	AFS052034	Scaffold		2017-10-18	UNC Chapel Hill	PRJNA400804	SAMN07598075	AFS052034	Soybean	leaf	USA: MN	2014-04-09	Microbe sample from Bacillus thuringiensis		True	True	False	False	2	True	host;source	False	True	False	False	1	source	True	INCLUDE	Isolation source explicitly indicates direct plant association or plant biological material.	isolation_source
GCF_002575645.1	Bacillus thuringiensis	1428	AFS050550	Scaffold		2017-10-18	UNC Chapel Hill	PRJNA400804	SAMN07598059	AFS050550	Soybean	leaf	USA: MN	2014-01-17	Microbe sample from Bacillus thuringiensis		True	True	False	False	2	True	host;source	False	True	False	False	1	source	True	INCLUDE	Isolation source explicitly indicates direct plant association or plant biological material.	isolation_source
GCF_002575895.1	Bacillus thuringiensis	1428	AFS048014	Scaffold		2017-10-18	UNC Chapel Hill	PRJNA400804	SAMN07598029	AFS048014	Soybean	leaf	USA: IA	2014-02-28	Microbe sample from Bacillus thuringiensis		True	True	False	False	2	True	host;source	False	True	False	False	1	source	True	INCLUDE	Isolation source explicitly indicates direct plant association or plant biological material.	isolation_source
GCF_002575925.1	Bacillus thuringiensis	1428	AFS047635	Scaffold		2017-10-18	UNC Chapel Hill	PRJNA400804	SAMN07598026	AFS047635	Soybean	leaf	USA: MN	2014-01-17	Microbe sample from Bacillus thuringiensis		True	True	False	False	2	True	host;source	False	True	False	False	1	source	True	INCLUDE	Isolation source explicitly indicates direct plant association or plant biological material.	isolation_source
GCF_002576055.1	Bacillus thuringiensis	1428	AFS046081	Scaffold		2017-10-18	UNC Chapel Hill	PRJNA400804	SAMN07598012	AFS046081	Soybean	leaf	USA: MN	2014-01-17	Microbe sample from Bacillus thuringiensis		True	True	False	False	2	True	host;source	False	True	False	False	1	source	True	INCLUDE	Isolation source explicitly indicates direct plant association or plant biological material.	isolation_source
GCF_002576405.1	Bacillus thuringiensis	1428	AFS043499	Scaffold		2017-10-18	UNC Chapel Hill	PRJNA400804	SAMN07597973	AFS043499	Soybean	root	USA: MN	2013-11-25	Microbe sample from Bacillus thuringiensis		True	True	False	False	2	True	host;source	False	True	False	False	1	source	True	INCLUDE	Isolation source explicitly indicates direct plant association or plant biological material.	isolation_source
GCF_002576565.1	Bacillus thuringiensis	1428	AFS042804	Scaffold		2017-10-18	UNC Chapel Hill	PRJNA400804	SAMN07597960	AFS042804	Soybean	leaf	USA: MN	2014-01-17	Microbe sample from Bacillus thuringiensis		True	True	False	False	2	True	host;source	False	True	False	False	1	source	True	INCLUDE	Isolation source explicitly indicates direct plant association or plant biological material.	isolation_source
GCF_002576585.1	Bacillus thuringiensis	1428	AFS050081	Scaffold		2017-10-18	UNC Chapel Hill	PRJNA400804	SAMN07598056	AFS050081	Soybean	root	USA: IA	2014-05-27	Microbe sample from Bacillus thuringiensis		True	True	False	False	2	True	host;source	False	True	False	False	1	source	True	INCLUDE	Isolation source explicitly indicates direct plant association or plant biological material.	isolation_source
GCF_002576665.1	Bacillus thuringiensis	1428	AFS048765	Scaffold		2017-10-18	UNC Chapel Hill	PRJNA400804	SAMN07598038	AFS048765	Soybean	root	USA: IA	2014-05-27	Microbe sample from Bacillus thuringiensis		True	True	False	False	2	True	host;source	False	True	False	False	1	source	True	INCLUDE	Isolation source explicitly indicates direct plant association or plant biological material.	isolation_source
GCF_002576755.1	Bacillus thuringiensis	1428	AFS047607	Scaffold		2017-10-18	UNC Chapel Hill	PRJNA400804	SAMN07598025	AFS047607	Soybean	leaf	USA: MN	2014-04-17	Microbe sample from Bacillus thuringiensis		True	True	False	False	2	True	host;source	False	True	False	False	1	source	True	INCLUDE	Isolation source explicitly indicates direct plant association or plant biological material.	isolation_source
GCF_002577025.1	Bacillus thuringiensis	1428	AFS043063	Scaffold		2017-10-18	UNC Chapel Hill	PRJNA400804	SAMN07597966	AFS043063	Soybean	leaf	USA: MN	2014-04-09	Microbe sample from Bacillus thuringiensis		True	True	False	False	2	True	host;source	False	True	False	False	1	source	True	INCLUDE	Isolation source explicitly indicates direct plant association or plant biological material.	isolation_source
GCF_002577445.1	Bacillus thuringiensis	1428	AFS040987	Scaffold		2017-10-18	UNC Chapel Hill	PRJNA400804	SAMN07597936	AFS040987	Soybean	root	USA: MN	2014-05-27	Microbe sample from Bacillus thuringiensis		True	True	False	False	2	True	host;source	False	True	False	False	1	source	True	INCLUDE	Isolation source explicitly indicates direct plant association or plant biological material.	isolation_source
GCF_002577525.1	Bacillus thuringiensis	1428	AFS040661	Scaffold		2017-10-18	UNC Chapel Hill	PRJNA400804	SAMN07597931	AFS040661	Corn	leaf	USA: IL	2014-02-28	Microbe sample from Bacillus thuringiensis		True	True	False	False	2	True	host;source	False	True	False	False	1	source	True	INCLUDE	Isolation source explicitly indicates direct plant association or plant biological material.	isolation_source
GCF_002577605.1	Bacillus thuringiensis	1428	AFS040392	Scaffold		2017-10-18	UNC Chapel Hill	PRJNA400804	SAMN07597925	AFS040392	Grass	leaf	USA: NC	2013-12-20	Microbe sample from Bacillus thuringiensis		False	True	False	False	1	True	source	False	True	False	False	1	source	True	INCLUDE	Isolation source explicitly indicates direct plant association or plant biological material.	isolation_source
GCF_002577625.1	Bacillus thuringiensis	1428	AFS040286	Scaffold		2017-10-18	UNC Chapel Hill	PRJNA400804	SAMN07597922	AFS040286	Corn	seed	USA: IA	2014-01-14	Microbe sample from Bacillus thuringiensis		True	True	False	False	2	True	host;source	False	True	False	False	1	source	True	INCLUDE	Isolation source explicitly indicates direct plant association or plant biological material.	isolation_source
GCF_002577805.1	Bacillus thuringiensis	1428	AFS040001	Scaffold		2017-10-18	UNC Chapel Hill	PRJNA400804	SAMN07597916	AFS040001	Corn	root	USA: IA	2014-05-27	Microbe sample from Bacillus thuringiensis		True	True	False	False	2	True	host;source	False	True	False	False	1	source	True	INCLUDE	Isolation source explicitly indicates direct plant association or plant biological material.	isolation_source
GCF_002577835.1	Bacillus thuringiensis	1428	AFS039999	Scaffold		2017-10-18	UNC Chapel Hill	PRJNA400804	SAMN07597915	AFS039999	Corn	root	USA: IA	2014-05-27	Microbe sample from Bacillus thuringiensis		True	True	False	False	2	True	host;source	False	True	False	False	1	source	True	INCLUDE	Isolation source explicitly indicates direct plant association or plant biological material.	isolation_source
GCF_002578625.1	Bacillus thuringiensis	1428	AFS038158	Scaffold		2017-10-18	UNC Chapel Hill	PRJNA400804	SAMN07597896	AFS038158	Soybean	root	USA: MN	2013-11-25	Microbe sample from Bacillus thuringiensis		True	True	False	False	2	True	host;source	False	True	False	False	1	source	True	INCLUDE	Isolation source explicitly indicates direct plant association or plant biological material.	isolation_source
GCF_002583235.1	Bacillus thuringiensis	1428	AFS031631	Scaffold		2017-10-18	UNC Chapel Hill	PRJNA400804	SAMN07597819	AFS031631	Corn	root	USA: MN	2013-11-25	Microbe sample from Bacillus thuringiensis		True	True	False	False	2	True	host;source	False	True	False	False	1	source	True	INCLUDE	Isolation source explicitly indicates direct plant association or plant biological material.	isolation_source
GCF_002583505.1	Bacillus thuringiensis	1428	AFS030179	Scaffold		2017-10-18	UNC Chapel Hill	PRJNA400804	SAMN07597797	AFS030179	Corn	root	USA: IA	2014-05-27	Microbe sample from Bacillus thuringiensis		True	True	False	False	2	True	host;source	False	True	False	False	1	source	True	INCLUDE	Isolation source explicitly indicates direct plant association or plant biological material.	isolation_source
GCF_002584855.1	Bacillus thuringiensis	1428	AFS030095	Scaffold		2017-10-18	UNC Chapel Hill	PRJNA400804	SAMN07597794	AFS030095	Soybean	root	USA: MN	2014-05-27	Microbe sample from Bacillus thuringiensis		True	True	False	False	2	True	host;source	False	True	False	False	1	source	True	INCLUDE	Isolation source explicitly indicates direct plant association or plant biological material.	isolation_source
GCF_002584925.1	Bacillus thuringiensis	1428	AFS029767	Scaffold		2017-10-18	UNC Chapel Hill	PRJNA400804	SAMN07597784	AFS029767	Soybean	leaf	USA: MN	2014-01-17	Microbe sample from Bacillus thuringiensis		True	True	False	False	2	True	host;source	False	True	False	False	1	source	True	INCLUDE	Isolation source explicitly indicates direct plant association or plant biological material.	isolation_source
GCF_002585315.1	Bacillus thuringiensis	1428	AFS036383	Scaffold		2017-10-18	UNC Chapel Hill	PRJNA400804	SAMN07597879	AFS036383	Soybean	leaf	USA: IA	2014-04-09	Microbe sample from Bacillus thuringiensis		True	True	False	False	2	True	host;source	False	True	False	False	1	source	True	INCLUDE	Isolation source explicitly indicates direct plant association or plant biological material.	isolation_source
GCF_002585635.1	Bacillus thuringiensis	1428	AFS034546	Scaffold		2017-10-18	UNC Chapel Hill	PRJNA400804	SAMN07597858	AFS034546	Soybean	root	USA: MN	2014-05-27	Microbe sample from Bacillus thuringiensis		True	True	False	False	2	True	host;source	False	True	False	False	1	source	True	INCLUDE	Isolation source explicitly indicates direct plant association or plant biological material.	isolation_source
GCF_002998855.1	Bacillus thuringiensis	1428	GBAC46	Contig		2018-03-14	Rainer Borriss's shared submissions	PRJNA436554	SAMN08639006	GBAC46		grass roots	China: Tibet, Nyingchi	2005	Microbe sample from Bacillus thuringiensis		False	True	False	False	1	True	source	False	True	False	False	1	source	True	INCLUDE	Isolation source explicitly indicates direct plant association or plant biological material.	isolation_source
GCF_003150715.1	Bacillus thuringiensis	1428	rc6	Contig		2018-05-23	Momota Potshangbam's shared submissions	PRJNA416429	SAMN08014106	rc6	Black rice	root	India:Imphal west district	2015-10-26	Microbe sample from Bacillus thuringiensis	Endophytes isolated from different tissue sections of healthy black rice for studying PGPR, disease control mechanisms and increase yield.	True	True	False	True	3	True	host;source;comment	False	True	False	True	2	source;comment	True	INCLUDE	Isolation source explicitly indicates direct plant association or plant biological material.	isolation_source
GCF_011765855.1	Bacillus thuringiensis	1428	MORW_BS1.1.	Contig		2020-03-29	North West University, Mafikeng	PRJNA544897	SAMN11866291	MORW_BS1.1.	maize	root-soil zone	South Africa: North-West	2015-08	Microbe sample from Bacillus thuringiensis		True	True	False	False	2	True	host;source	False	True	False	False	1	source	True	INCLUDE	Isolation source explicitly indicates direct plant association or plant biological material.	isolation_source
GCF_014982505.1	Bacillus thuringiensis	1428	871Blist1	Contig		2020-10-25	THE INSTITUTE OF CYTOLOGY AND GENETICS	PRJNA668678	SAMN16418361	871Blist1		surface of a grape leaf from a vineyard	Russia: Yalta	2019	Microbe sample from Bacillus thuringiensis		False	True	False	False	1	True	source	False	True	False	False	1	source	True	INCLUDE	Isolation source explicitly indicates direct plant association or plant biological material.	isolation_source
GCF_025209995.1	Bacillus thuringiensis	1428	delfin	Contig		2022-09-14	Aarhus University	PRJNA858971	SAMN30674394	delfin	Spinacia oleracea	leaves	Belgium	2020-08	Microbe sample from Bacillus thuringiensis		False	True	False	False	1	True	source	False	True	False	False	1	source	True	INCLUDE	Isolation source explicitly indicates direct plant association or plant biological material.	isolation_source
GCF_025210065.1	Bacillus thuringiensis	1428	xentari	Contig		2022-09-14	Aarhus University	PRJNA858971	SAMN30674392	xentari	Spinacia oleracea	leaves	Belgium	2020-08	Microbe sample from Bacillus thuringiensis		False	True	False	False	1	True	source	False	True	False	False	1	source	True	INCLUDE	Isolation source explicitly indicates direct plant association or plant biological material.	isolation_source
GCF_025210105.1	Bacillus thuringiensis	1428	dipel	Contig		2022-09-14	Aarhus University	PRJNA858971	SAMN30674393	dipel	Spinacia oleracea	leaves	Belgium	2020-08	Microbe sample from Bacillus thuringiensis		False	True	False	False	1	True	source	False	True	False	False	1	source	True	INCLUDE	Isolation source explicitly indicates direct plant association or plant biological material.	isolation_source
GCF_025960305.1	Bacillus thuringiensis	1428	TG-5	Complete Genome		2022-11-02	shandong agricultural university	PRJNA893708	SAMN31432031	TG-5		Plant rhizosphere soil	China: Shandong,Taian	2021-05	Bacillus thuringiensis Bt156-271400		False	True	False	False	1	True	source	False	True	False	False	1	source	True	INCLUDE	Isolation source explicitly indicates direct plant association or plant biological material.	isolation_source
GCF_028401745.1	Bacillus thuringiensis	1428	45L	Contig		2023-02-01	University of Dhaka	PRJNA928396	SAMN32932094	45L		leaf	Bangladesh	2017-01-15	Microbe sample from Bacillus thuringiensis		False	True	False	False	1	True	source	False	True	False	False	1	source	True	INCLUDE	Isolation source explicitly indicates direct plant association or plant biological material.	isolation_source
GCF_034045075.1	Bacillus thuringiensis	1428	CFBP9014	Scaffold		2023-12-04	INRAE	PRJNA1041598	SAMN38288758	CFBP9014	Phaseolus vulgaris	seedling	France: Condom, Gers	2021-01	Bacillus thuringiensis (9014)		False	True	False	False	1	True	source	False	True	False	False	1	source	True	INCLUDE	Isolation source explicitly indicates direct plant association or plant biological material.	isolation_source
GCF_036621215.1	Bacillus thuringiensis	1428	B12	Contig		2024-02-14	The laboratory of genetics and plant breeding, The National institute of Agronomy of Tunis	PRJNA1011052	SAMN38055171	B12	Nicotiana glauca	roots	Tunisia:Mareth	2016-11-25	Microbe sample from Bacillus thuringiensis		False	True	False	False	1	True	source	False	True	False	False	1	source	True	INCLUDE	Isolation source explicitly indicates direct plant association or plant biological material.	isolation_source
GCF_036621255.1	Bacillus thuringiensis	1428	B13	Contig		2024-02-14	The laboratory of genetics and plant breeding, The National institute of Agronomy of Tunis	PRJNA1011052	SAMN37223050	B13	Nicotiana glauca	leaves	Tunisia: Mareth	2016-11-25	Microbe sample from Bacillus thuringiensis		False	True	False	False	1	True	source	False	True	False	False	1	source	True	INCLUDE	Isolation source explicitly indicates direct plant association or plant biological material.	isolation_source
GCF_036621275.1	Bacillus thuringiensis	1428	B6	Contig		2024-02-14	The laboratory of genetics and plant breeding, The National institute of Agronomy of Tunis	PRJNA1011052	SAMN37915749	B6	Diplotaxis harra	roots	Tunisia: Mednine	2016-11-25	Microbe sample from Bacillus thuringiensis		False	True	False	False	1	True	source	False	True	False	False	1	source	True	INCLUDE	Isolation source explicitly indicates direct plant association or plant biological material.	isolation_source
GCF_036621295.1	Bacillus thuringiensis	1428	B4	Contig		2024-02-14	The laboratory of genetics and plant breeding, The National institute of Agronomy of Tunis	PRJNA1011052	SAMN37927823	B4	Nitraria retusa	roots	Tunisia: Mednine	2016-11-25	Microbe sample from Bacillus thuringiensis		False	True	False	False	1	True	source	False	True	False	False	1	source	True	INCLUDE	Isolation source explicitly indicates direct plant association or plant biological material.	isolation_source
GCF_036621315.1	Bacillus thuringiensis	1428	B9	Contig		2024-02-14	The laboratory of genetics and plant breeding, The National institute of Agronomy of Tunis	PRJNA1011052	SAMN37921998	B9	Peganum harmala	roots	Tunisia: Mednine	2016-11-25	Microbe sample from Bacillus thuringiensis		False	True	False	False	1	True	source	False	True	False	False	1	source	True	INCLUDE	Isolation source explicitly indicates direct plant association or plant biological material.	isolation_source
GCF_036621335.1	Bacillus thuringiensis	1428	B21	Contig		2024-02-14	The laboratory of genetics and plant breeding, The National institute of Agronomy of Tunis	PRJNA1011052	SAMN37933680	B21	Fagonia glutinosa	roots	Tunisia: Mednine	2016-11-25	Microbe sample from Bacillus thuringiensis		False	True	False	False	1	True	source	False	True	False	False	1	source	True	INCLUDE	Isolation source explicitly indicates direct plant association or plant biological material.	isolation_source
GCF_036621355.1	Bacillus thuringiensis	1428	B20	Contig		2024-02-14	The laboratory of genetics and plant breeding, The National institute of Agronomy of Tunis	PRJNA1011052	SAMN37931600	B20	Tetraena alba	roots	Tunisia: Mednine	2016-11-25	Microbe sample from Bacillus thuringiensis		False	True	False	False	1	True	source	False	True	False	False	1	source	True	INCLUDE	Isolation source explicitly indicates direct plant association or plant biological material.	isolation_source
GCF_036621365.1	Bacillus thuringiensis	1428	B2	Contig		2024-02-14	The laboratory of genetics and plant breeding, The National institute of Agronomy of Tunis	PRJNA1011052	SAMN37954188	B2	Citrullus colocynthis	roots	Tunisia: Mednine	2016-11-25	Microbe sample from Bacillus thuringiensis		False	True	False	False	1	True	source	False	True	False	False	1	source	True	INCLUDE	Isolation source explicitly indicates direct plant association or plant biological material.	isolation_source
GCF_036962385.1	Bacillus thuringiensis	1428	JJ499	Scaffold		2024-03-02	Auburn University	PRJNA1078443	SAMN40001919	JJ499	corn	rhizoplane	USA: Iowa	2014	Microbe sample from Bacillus thuringiensis		True	True	False	False	2	True	host;source	False	True	False	False	1	source	True	INCLUDE	Isolation source explicitly indicates direct plant association or plant biological material.	isolation_source
GCF_036963325.1	Bacillus thuringiensis	1428	JJ218	Contig		2024-03-02	Auburn University	PRJNA1078443	SAMN40001981	JJ218	corn	rhizoplane	USA: Nebraska	2014	Microbe sample from Bacillus thuringiensis		True	True	False	False	2	True	host;source	False	True	False	False	1	source	True	INCLUDE	Isolation source explicitly indicates direct plant association or plant biological material.	isolation_source
GCF_036964705.1	Bacillus thuringiensis	1428	JJ768	Scaffold		2024-03-02	Auburn University	PRJNA1078443	SAMN40001939	JJ768	corn	emissingophyte	USA: Wisconsin	2014	Microbe sample from Bacillus thuringiensis		True	False	False	False	1	True	host	False	False	False	False	0		False	INCLUDE	Documented project-level plant association: Project-associated publication identifies the strain collection as PGPR; plant hosts include corn and soybean. Inclusion is based on documented plant association of the collection, not on interpreting the malformed isolation-source term itself.	documented_project
GCF_036965505.1	Bacillus thuringiensis	1428	JJ1265	Scaffold		2024-03-02	Auburn University	PRJNA1078443	SAMN40001834	JJ1265	soybean	emissingophyte	USA: Illinois	2014	Microbe sample from Bacillus thuringiensis		True	False	False	False	1	True	host	False	False	False	False	0		False	INCLUDE	Documented project-level plant association: Project-associated publication identifies the strain collection as PGPR; plant hosts include corn and soybean. Inclusion is based on documented plant association of the collection, not on interpreting the malformed isolation-source term itself.	documented_project
GCF_036966025.1	Bacillus thuringiensis	1428	JJ1098	Scaffold		2024-03-02	Auburn University	PRJNA1078443	SAMN40001804	JJ1098	corn	emissingophyte	USA: Illinois	2014	Microbe sample from Bacillus thuringiensis		True	False	False	False	1	True	host	False	False	False	False	0		False	INCLUDE	Documented project-level plant association: Project-associated publication identifies the strain collection as PGPR; plant hosts include corn and soybean. Inclusion is based on documented plant association of the collection, not on interpreting the malformed isolation-source term itself.	documented_project
GCF_036966125.1	Bacillus thuringiensis	1428	JJ1054	Contig		2024-03-02	Auburn University	PRJNA1078443	SAMN40001800	JJ1054	corn	rhizoplane	USA: Illinois	2014	Microbe sample from Bacillus thuringiensis		True	True	False	False	2	True	host;source	False	True	False	False	1	source	True	INCLUDE	Isolation source explicitly indicates direct plant association or plant biological material.	isolation_source
GCF_036966485.1	Bacillus thuringiensis	1428	JJ1590	Scaffold		2024-03-02	Auburn University	PRJNA1078443	SAMN40001769	JJ1590	soybean	rhizoplane	USA: Ohio	2014	Microbe sample from Bacillus thuringiensis		True	True	False	False	2	True	host;source	False	True	False	False	1	source	True	INCLUDE	Isolation source explicitly indicates direct plant association or plant biological material.	isolation_source
GCF_036966645.1	Bacillus thuringiensis	1428	JJ1083	Scaffold		2024-03-02	Auburn University	PRJNA1078443	SAMN40001763	JJ1083	corn	emissingophyte	USA: Illinois	2014	Microbe sample from Bacillus thuringiensis		True	False	False	False	1	True	host	False	False	False	False	0		False	INCLUDE	Documented project-level plant association: Project-associated publication identifies the strain collection as PGPR; plant hosts include corn and soybean. Inclusion is based on documented plant association of the collection, not on interpreting the malformed isolation-source term itself.	documented_project
GCF_036967025.1	Bacillus thuringiensis	1428	JJ1714	Scaffold		2024-03-02	Auburn University	PRJNA1078443	SAMN40001731	JJ1714	soybean	emissingophyte	USA: Ohio	2014	Microbe sample from Bacillus thuringiensis		True	False	False	False	1	True	host	False	False	False	False	0		False	INCLUDE	Documented project-level plant association: Project-associated publication identifies the strain collection as PGPR; plant hosts include corn and soybean. Inclusion is based on documented plant association of the collection, not on interpreting the malformed isolation-source term itself.	documented_project
GCF_036967125.1	Bacillus thuringiensis	1428	JJ1237	Scaffold		2024-03-02	Auburn University	PRJNA1078443	SAMN40001719	JJ1237	soybean	emissingophyte	USA: Illinois	2014	Microbe sample from Bacillus thuringiensis		True	False	False	False	1	True	host	False	False	False	False	0		False	INCLUDE	Documented project-level plant association: Project-associated publication identifies the strain collection as PGPR; plant hosts include corn and soybean. Inclusion is based on documented plant association of the collection, not on interpreting the malformed isolation-source term itself.	documented_project
GCF_038561975.1	Bacillus thuringiensis	1428	YB6	Complete Genome		2024-04-27	Guizhou Academy of Science	PRJNA1088259	SAMN40464742	YB6	tobacco	leaves	China:Guizhou	2023-11	Microbe sample from Bacillus thuringiensis		True	True	False	False	2	True	host;source	False	True	False	False	1	source	True	INCLUDE	Isolation source explicitly indicates direct plant association or plant biological material.	isolation_source
GCF_040151295.1	Bacillus thuringiensis	1428	M17VL1H	Scaffold		2024-06-12	North-West University	PRJNA1050647	SAMN38749215	M17VL1H	Lactuca sativa	leaves	South Africa	2022-06-08	Microbe sample from Bacillus thuringiensis		False	True	False	False	1	True	source	False	True	False	False	1	source	True	INCLUDE	Isolation source explicitly indicates direct plant association or plant biological material.	isolation_source
GCF_040151435.1	Bacillus thuringiensis	1428	NAHVS5F	Scaffold		2024-06-12	North-West University	PRJNA1050647	SAMN38749210	NAHVS5F	Spinacia oleracea	leaves	South Africa	2022-06-08	Microbe sample from Bacillus thuringiensis		False	True	False	False	1	True	source	False	True	False	False	1	source	True	INCLUDE	Isolation source explicitly indicates direct plant association or plant biological material.	isolation_source
GCF_040492495.1	Bacillus thuringiensis	1428	JJ1253	Contig		2024-07-03	Auburn University	PRJNA1078443	SAMN40001831	JJ1253	soybean	emissingophyte	USA: Illinois	2014	Microbe sample from Bacillus thuringiensis		True	False	False	False	1	True	host	False	False	False	False	0		False	INCLUDE	Documented project-level plant association: Project-associated publication identifies the strain collection as PGPR; plant hosts include corn and soybean. Inclusion is based on documented plant association of the collection, not on interpreting the malformed isolation-source term itself.	documented_project
GCF_040712275.1	Bacillus thuringiensis	1428	JJ1216	Complete Genome		2024-07-15	Auburn University	PRJNA1078443	SAMN40001718	JJ1216	soybean	emissingophyte	USA: Illinois	2014	Microbe sample from Bacillus thuringiensis		True	False	False	False	1	True	host	False	False	False	False	0		False	INCLUDE	Documented project-level plant association: Project-associated publication identifies the strain collection as PGPR; plant hosts include corn and soybean. Inclusion is based on documented plant association of the collection, not on interpreting the malformed isolation-source term itself.	documented_project
GCF_044626295.1	Bacillus thuringiensis	1428	T23	Contig		2024-11-06	Anhui agricultural university	PRJNA1095729	SAMN40733427	T23		tea leaves	China:Anhui	2022-10	Microbe sample from Bacillus thuringiensis		False	True	False	False	1	True	source	False	True	False	False	1	source	True	INCLUDE	Isolation source explicitly indicates direct plant association or plant biological material.	isolation_source
GCF_044626315.1	Bacillus thuringiensis	1428	T04	Contig		2024-11-06	Anhui agricultural university	PRJNA1095729	SAMN40733428	T04		tea leaves	China:Anhui	2022-10	Microbe sample from Bacillus thuringiensis		False	True	False	False	1	True	source	False	True	False	False	1	source	True	INCLUDE	Isolation source explicitly indicates direct plant association or plant biological material.	isolation_source
GCF_044626335.1	Bacillus thuringiensis	1428	T06	Contig		2024-11-06	Anhui agricultural university	PRJNA1095729	SAMN40733425	T06		tea leaves	China:Anhui	2022-10	Microbe sample from Bacillus thuringiensis		False	True	False	False	1	True	source	False	True	False	False	1	source	True	INCLUDE	Isolation source explicitly indicates direct plant association or plant biological material.	isolation_source
GCF_044626375.1	Bacillus thuringiensis	1428	T03	Contig		2024-11-06	Anhui agricultural university	PRJNA1095729	SAMN40733423	T03		tea leaves	China:Anhui	2022-10	Microbe sample from Bacillus thuringiensis		False	True	False	False	1	True	source	False	True	False	False	1	source	True	INCLUDE	Isolation source explicitly indicates direct plant association or plant biological material.	isolation_source
GCF_046619495.1	Bacillus thuringiensis	1428	MPB08	Complete Genome		2025-01-14	UAEU	PRJNA1199959	SAMN45893315	MPB08	Citrullus colocynthis	leaf and root of endophyte	United Arab Emirates: Al Ain	2022-01	Bacillus thuringiensis isolated from plant leaf and root	Bacillus thuringiensis isolated from plant leaf and root	False	True	True	True	3	True	source;title;comment	False	True	True	True	3	source;title;comment	True	INCLUDE	Isolation source explicitly indicates direct plant association or plant biological material.	isolation_source
GCF_046619515.1	Bacillus thuringiensis	1428	MPB12	Complete Genome		2025-01-14	UAEU	PRJNA1199959	SAMN45893319	MPB12	Citrullus colocynthis	leaf and root of endophyte	United Arab Emirates: Al Ain	2022-01	Bacillus thuringiensis isolated from plant leaf and root	Bacillus thuringiensis isolated from plant leaf and root	False	True	True	True	3	True	source;title;comment	False	True	True	True	3	source;title;comment	True	INCLUDE	Isolation source explicitly indicates direct plant association or plant biological material.	isolation_source
GCF_046628085.1	Bacillus thuringiensis	1428	MPB18	Complete Genome		2025-01-14	UAEU	PRJNA1199959	SAMN45893325	MPB18	Citrullus colocynthis	leaf of endophyte	United Arab Emirates: Al Ain	2022-01	Bacillus thuringiensis isolated from plant leaf	Bacillus thuringiensis isolated from plant leaf	False	True	True	True	3	True	source;title;comment	False	True	True	True	3	source;title;comment	True	INCLUDE	Isolation source explicitly indicates direct plant association or plant biological material.	isolation_source
GCF_046628115.1	Bacillus thuringiensis	1428	MPB19	Complete Genome		2025-01-14	UAEU	PRJNA1199959	SAMN45893326	MPB19	Citrullus colocynthis	root of endophyte	United Arab Emirates: Al Ain	2022-01	Bacillus thuringiensis isolated from plant root	Bacillus thuringiensis isolated from plant root	False	True	True	True	3	True	source;title;comment	False	True	True	True	3	source;title;comment	True	INCLUDE	Isolation source explicitly indicates direct plant association or plant biological material.	isolation_source
GCF_048054015.1	Bacillus thuringiensis	1428	KPR_C34	Contig		2025-02-25	Universiti Tunku Abdul Rahman	PRJNA692779	SAMN17370053	KPR_C34		Oil palm leaf	Malaysia: UTAR Kampar, Perak	2018-04	Bacillus thuringiensis		False	True	False	False	1	True	source	False	True	False	False	1	source	True	INCLUDE	Isolation source explicitly indicates direct plant association or plant biological material.	isolation_source
GCF_051027385.1	Bacillus thuringiensis	1428	lyx16	Complete Genome		2025-06-24	FAFU	PRJNA1241138	SAMN47546028	lyx16	Chinese fir	root	China:Fujian	2023	lyx16		False	True	False	False	1	True	source	False	True	False	False	1	source	True	INCLUDE	Isolation source explicitly indicates direct plant association or plant biological material.	isolation_source
GCF_051027395.1	Bacillus thuringiensis	1428	wqa40	Complete Genome		2025-06-24	FAFU	PRJNA1241138	SAMN47546026	wqa40	Chinese fir	root	China:Fujian	2023	wqa40		False	True	False	False	1	True	source	False	True	False	False	1	source	True	INCLUDE	Isolation source explicitly indicates direct plant association or plant biological material.	isolation_source
GCF_051027415.1	Bacillus thuringiensis	1428	wqa3	Complete Genome		2025-06-24	FAFU	PRJNA1241138	SAMN47546024	wqa3	Chinese fir	root	China:Fujian	2023	wqa3		False	True	False	False	1	True	source	False	True	False	False	1	source	True	INCLUDE	Isolation source explicitly indicates direct plant association or plant biological material.	isolation_source
GCF_052542035.1	Bacillus thuringiensis	1428	C18	Contig		2025-09-10	Universiti Tunku Abdul Rahman	PRJNA1297396	SAMN50224141	C18		Oil Palm Leaf	Malaysia	2018	Bacillus thuringiensis C18		False	True	False	False	1	True	source	False	True	False	False	1	source	True	INCLUDE	Isolation source explicitly indicates direct plant association or plant biological material.	isolation_source
GCF_052542115.1	Bacillus thuringiensis	1428	C34	Contig		2025-09-10	Universiti Tunku Abdul Rahman	PRJNA1297962	SAMN50253415	C34		Oil Palm Leaf	Malaysia	2018	Bacillus thuringiensis C34		False	True	False	False	1	True	source	False	True	False	False	1	source	True	INCLUDE	Isolation source explicitly indicates direct plant association or plant biological material.	isolation_source
GCF_056832985.1	Bacillus thuringiensis	1428	MH778713	Contig		2026-04-21	BUAP	PRJNA1228293	SAMN47024101	MH778713	Neltuma laevigata	rhizospheric soil	Mexico: Puebla, Chietla	2019	Illumina Paired	paired forward	False	True	False	False	1	True	source	False	True	False	False	1	source	True	INCLUDE	Isolation source explicitly indicates direct plant association or plant biological material.	isolation_source
GCF_059718295.1	Bacillus thuringiensis	1428	PR99	Contig		2026-04-26	Graduate School of Regional Development and Creativity	PRJDB40074	SAMD01795577	PR99		root	Japan:Ibaraki	2022-12	Bacillus thuringiensis PR99 isolated from the root		False	True	True	False	2	True	source;title	False	True	True	False	2	source;title	True	INCLUDE	Isolation source explicitly indicates direct plant association or plant biological material.	isolation_source
GCF_060947105.1	Bacillus thuringiensis	1428	MHES8	Scaffold		2026-09-05	Gazipur Agricultural University	PRJNA1521012	SAMN62786181	MHES8	Tomato plant	rhizosphere	Bangladesh: Natore	2023-01-05	Microbe sample from Bacillus thuringiensis		True	True	False	False	2	True	host;source	False	True	False	False	1	source	True	INCLUDE	Isolation source explicitly indicates direct plant association or plant biological material.	isolation_source
GCF_061144305.1	Bacillus thuringiensis	1428		Contig		2026-09-09	Umea University	PRJNA1519342	SAMN62739949			mature leaves of Rumex obstusifolius	United Kingdom: Bracknell Forest	2002	Microbe sample from Bacillus thuringiensis		False	True	False	False	1	True	source	False	True	False	False	1	source	True	INCLUDE	Isolation source explicitly indicates direct plant association or plant biological material.	isolation_source
GCF_061144365.1	Bacillus thuringiensis	1428		Contig		2026-09-09	Umea University	PRJNA1519342	SAMN62739948			mature leaves of Rumex obstusifolius	United Kingdom: Bracknell Forest	2002	Microbe sample from Bacillus thuringiensis		False	True	False	False	1	True	source	False	True	False	False	1	source	True	INCLUDE	Isolation source explicitly indicates direct plant association or plant biological material.	isolation_source
GCF_061144405.1	Bacillus thuringiensis	1428		Contig		2026-09-09	Umea University	PRJNA1519342	SAMN62739947			mature leaves of Rumex obstusifolius	United Kingdom: Bracknell Forest	2002	Microbe sample from Bacillus thuringiensis		False	True	False	False	1	True	source	False	True	False	False	1	source	True	INCLUDE	Isolation source explicitly indicates direct plant association or plant biological material.	isolation_source
GCF_061232475.1	Bacillus thuringiensis	1428	PL472	Complete Genome		2026-09-03	Graduate School of Regional Development and Creativity, Utsunomiya University	PRJDB42651	SAMD01936990	PL472		leaf	Japan:Hokkaido	2023-07	Bacillus thuringiensis PL472 isolated from the plant leaf		False	True	True	False	2	True	source;title	False	True	True	False	2	source;title	True	INCLUDE	Isolation source explicitly indicates direct plant association or plant biological material.	isolation_source
GCF_061232545.1	Bacillus thuringiensis	1428	PL471	Complete Genome		2026-09-03	Graduate School of Regional Development and Creativity, Utsunomiya University	PRJDB42651	SAMD01936989	PL471		leaf	Japan:Hokkaido	2023-07	Bacillus thuringiensis PL471 isolated from the plant leaf		False	True	True	False	2	True	source;title	False	True	True	False	2	source;title	True	INCLUDE	Isolation source explicitly indicates direct plant association or plant biological material.	isolation_source
GCF_061232575.1	Bacillus thuringiensis	1428	PL131	Complete Genome		2026-09-03	Graduate School of Regional Development and Creativity, Utsunomiya University	PRJDB42651	SAMD01936988	PL131		leaf	Japan:Aichi	2023-02	Bacillus thuringiensis PL131 isolated from the plant leaf		False	True	True	False	2	True	source;title	False	True	True	False	2	source;title	True	INCLUDE	Isolation source explicitly indicates direct plant association or plant biological material.	isolation_source
GCF_979893815.1	Bacillus thuringiensis	1428		Complete Genome		2026-02-16	University of Crete, Department of Biology	PRJEB93985	SAMEA118781405		Olea europaea		Greece	2020-02-03	Microbe isolated from the root of the Monumental Olive Tree of Azorias	Data associated with the SRL218 endophytic microbial isolate from root extracts of the Monumental Olive Tree of Azorias	False	False	True	True	2	True	title;comment	False	False	True	True	2	title;comment	True	INCLUDE	Isolation source is unavailable, but other BioSample metadata explicitly indicates direct plant association or plant biological material.	other_explicit_metadata
GCF_979895345.1	Bacillus thuringiensis	1428		Complete Genome		2026-02-16	University of Crete, Department of Biology	PRJEB93985	SAMEA118781404		Olea europaea		Greece	2020-02-03	Microbe isolated from the root of the Monumental Olive Tree of Azorias	Data associated with the SRL215 endophytic microbial isolate from root extracts of the Monumental Olive Tree of Azorias	False	False	True	True	2	True	title;comment	False	False	True	True	2	title;comment	True	INCLUDE	Isolation source is unavailable, but other BioSample metadata explicitly indicates direct plant association or plant biological material.	other_explicit_metadata
GCF_979901285.1	Bacillus thuringiensis	1428		Complete Genome		2026-02-16	University of Crete, Department of Biology	PRJEB93985	SAMEA118781407		Olea europaea		Greece	2020-02-03	Microbe isolated from the root of the Monumental Olive Tree of Azorias	Data associated with the SRL224 endophytic microbial isolate from root extracts of the Monumental Olive Tree of Azorias	False	False	True	True	2	True	title;comment	False	False	True	True	2	title;comment	True	INCLUDE	Isolation source is unavailable, but other BioSample metadata explicitly indicates direct plant association or plant biological material.	other_explicit_metadata
GCF_979908215.1	Bacillus thuringiensis	1428		Contig		2026-02-27	University of Crete, Department of Biology	PRJEB93985	SAMEA118781414		Frankenia sp.		Greece	2021-05-29	Microbe isolated from the leaves of Frankenia sp.	Data associated with the SRL368 endophytic microbial isolate from leaf extracts Frankenia sp.	False	False	True	True	2	True	title;comment	False	False	True	True	2	title;comment	True	INCLUDE	Isolation source is unavailable, but other BioSample metadata explicitly indicates direct plant association or plant biological material.	other_explicit_metadata
GCF_001880125.1	Bacillus thuringiensis serovar kurstaki	29339	BP865	Scaffold		2016-11-17	Korea Research Institute of Bioscience and Biotechnology (KRIBB)	PRJNA352635	SAMN05990349	BP865		phylloplane	South Korea	1993	Microbe sample from Bacillus thuringiensis serovar kurstaki		False	True	False	False	1	True	source	False	True	False	False	1	source	True	INCLUDE	Isolation source explicitly indicates direct plant association or plant biological material.	isolation_source
GCF_002146655.1	Bacillus thuringiensis serovar roskildiensis	180859	BGSC 4BG1	Contig		2017-05-17	Huazhong Agricultural University	PRJNA349211	SAMN05934517	BGSC 4BG1		ivy leaves	Denmark	missing	Microbe sample from Bacillus thuringiensis serovar roskildiensis		False	True	False	False	1	True	source	False	True	False	False	1	source	True	INCLUDE	Isolation source explicitly indicates direct plant association or plant biological material.	isolation_source
GCF_001275045.2	Bacillus toyonensis	155322	BAC3151	Scaffold		2016-12-18	Federal University of Vicosa	PRJNA284401	SAMN03701980	BAC3151	Phaseolus vulgaris	leaves	Brazil: Coimbra-MG	2007-07-10	Endophytic Bacillus thuringiensis isolated from common bean (Phaseolus vulgaris)	Keywords: GSC:MIxS;MIGS:6.0	False	True	True	False	2	True	source;title	False	True	True	False	2	source;title	True	INCLUDE	Isolation source explicitly indicates direct plant association or plant biological material.	isolation_source
GCF_002550355.1	Bacillus toyonensis	155322	AFS096303	Scaffold		2017-10-13	UNC Chapel Hill	PRJNA400804	SAMN07598667	AFS096303	Soybean	leaf	USA: MN	2014-01-17	Microbe sample from Bacillus toyonensis		True	True	False	False	2	True	host;source	False	True	False	False	1	source	True	INCLUDE	Isolation source explicitly indicates direct plant association or plant biological material.	isolation_source
GCF_002550525.1	Bacillus toyonensis	155322	AFS095385	Scaffold		2017-10-13	UNC Chapel Hill	PRJNA400804	SAMN07598651	AFS095385	Corn	root	USA: IA	2014-05-27	Microbe sample from Bacillus toyonensis		True	True	False	False	2	True	host;source	False	True	False	False	1	source	True	INCLUDE	Isolation source explicitly indicates direct plant association or plant biological material.	isolation_source
GCF_002550725.1	Bacillus toyonensis	155322	AFS093377	Scaffold		2017-10-13	UNC Chapel Hill	PRJNA400804	SAMN07598626	AFS093377	Soybean	root	USA: MN	2014-05-27	Microbe sample from Bacillus toyonensis		True	True	False	False	2	True	host;source	False	True	False	False	1	source	True	INCLUDE	Isolation source explicitly indicates direct plant association or plant biological material.	isolation_source
GCF_002550925.1	Bacillus toyonensis	155322	AFS091045	Scaffold		2017-10-13	UNC Chapel Hill	PRJNA400804	SAMN07598603	AFS091045	Soybean	leaf	USA: MN	2014-01-17	Microbe sample from Bacillus toyonensis		True	True	False	False	2	True	host;source	False	True	False	False	1	source	True	INCLUDE	Isolation source explicitly indicates direct plant association or plant biological material.	isolation_source
GCF_002551565.1	Bacillus toyonensis	155322	AFS089650	Scaffold		2017-10-13	UNC Chapel Hill	PRJNA400804	SAMN07598589	AFS089650	Corn	root	USA: IA	2014-05-27	Microbe sample from Bacillus toyonensis		True	True	False	False	2	True	host;source	False	True	False	False	1	source	True	INCLUDE	Isolation source explicitly indicates direct plant association or plant biological material.	isolation_source
GCF_002551705.1	Bacillus toyonensis	155322	AFS099561	Scaffold		2017-10-13	UNC Chapel Hill	PRJNA400804	SAMN07598716	AFS099561	Soybean	leaf	USA: MN	2014-01-17	Microbe sample from Bacillus toyonensis		True	True	False	False	2	True	host;source	False	True	False	False	1	source	True	INCLUDE	Isolation source explicitly indicates direct plant association or plant biological material.	isolation_source
GCF_002552055.1	Bacillus toyonensis	155322	AFS097065	Scaffold		2017-10-13	UNC Chapel Hill	PRJNA400804	SAMN07598679	AFS097065	Corn	root	USA: IA	2014-05-27	Microbe sample from Bacillus toyonensis		True	True	False	False	2	True	host;source	False	True	False	False	1	source	True	INCLUDE	Isolation source explicitly indicates direct plant association or plant biological material.	isolation_source
GCF_002552125.1	Bacillus toyonensis	155322	AFS096476	Scaffold		2017-10-13	UNC Chapel Hill	PRJNA400804	SAMN07598672	AFS096476	Soybean	root	USA: IL	2013-11-25	Microbe sample from Bacillus toyonensis		True	True	False	False	2	True	host;source	False	True	False	False	1	source	True	INCLUDE	Isolation source explicitly indicates direct plant association or plant biological material.	isolation_source
GCF_002552545.1	Bacillus toyonensis	155322	AFS093065	Scaffold		2017-10-13	UNC Chapel Hill	PRJNA400804	SAMN07598619	AFS093065	Soybean	root	USA: IA	2014-05-27	Microbe sample from Bacillus toyonensis		True	True	False	False	2	True	host;source	False	True	False	False	1	source	True	INCLUDE	Isolation source explicitly indicates direct plant association or plant biological material.	isolation_source
GCF_002552615.1	Bacillus toyonensis	155322	AFS092321	Scaffold		2017-10-13	UNC Chapel Hill	PRJNA400804	SAMN07598612	AFS092321		tree leaf	USA: NC	2014-01-14	Microbe sample from Bacillus toyonensis		False	True	False	False	1	True	source	False	True	False	False	1	source	True	INCLUDE	Isolation source explicitly indicates direct plant association or plant biological material.	isolation_source
GCF_002552675.1	Bacillus toyonensis	155322	AFS091569	Scaffold		2017-10-13	UNC Chapel Hill	PRJNA400804	SAMN07598605	AFS091569	Soybean	root	USA: IA	2014-05-27	Microbe sample from Bacillus toyonensis		True	True	False	False	2	True	host;source	False	True	False	False	1	source	True	INCLUDE	Isolation source explicitly indicates direct plant association or plant biological material.	isolation_source
GCF_002552785.1	Bacillus toyonensis	155322	AFS089449	Scaffold		2017-10-13	UNC Chapel Hill	PRJNA400804	SAMN07598585	AFS089449	Soybean	leaf	USA: MN	2014-01-17	Microbe sample from Bacillus toyonensis		True	True	False	False	2	True	host;source	False	True	False	False	1	source	True	INCLUDE	Isolation source explicitly indicates direct plant association or plant biological material.	isolation_source
GCF_002552975.1	Bacillus toyonensis	155322	AFS098702	Scaffold		2017-10-13	UNC Chapel Hill	PRJNA400804	SAMN07598703	AFS098702	Soybean	root	USA: MN	2013-11-25	Microbe sample from Bacillus toyonensis		True	True	False	False	2	True	host;source	False	True	False	False	1	source	True	INCLUDE	Isolation source explicitly indicates direct plant association or plant biological material.	isolation_source
GCF_002553325.1	Bacillus toyonensis	155322	AFS091268	Scaffold		2017-10-13	UNC Chapel Hill	PRJNA400804	SAMN07598604	AFS091268	Corn	root	USA: OH	2014-05-27	Microbe sample from Bacillus toyonensis		True	True	False	False	2	True	host;source	False	True	False	False	1	source	True	INCLUDE	Isolation source explicitly indicates direct plant association or plant biological material.	isolation_source
GCF_002553375.1	Bacillus toyonensis	155322	AFS089607	Scaffold		2017-10-13	UNC Chapel Hill	PRJNA400804	SAMN07598588	AFS089607	Corn	root	USA: IA	2014-05-27	Microbe sample from Bacillus toyonensis		True	True	False	False	2	True	host;source	False	True	False	False	1	source	True	INCLUDE	Isolation source explicitly indicates direct plant association or plant biological material.	isolation_source
GCF_002554865.1	Bacillus toyonensis	155322	AFS019346	Scaffold		2017-10-16	UNC Chapel Hill	PRJNA400804	SAMN07597492	AFS019346	Soybean	leaf	USA: IA	2014-04-17	Microbe sample from Bacillus toyonensis		True	True	False	False	2	True	host;source	False	True	False	False	1	source	True	INCLUDE	Isolation source explicitly indicates direct plant association or plant biological material.	isolation_source
GCF_002555585.1	Bacillus toyonensis	155322	AFS009420	Scaffold		2017-10-16	UNC Chapel Hill	PRJNA400804	SAMN07597365	AFS009420	Soybean	leaf	USA: MN	2014-01-17	Microbe sample from Bacillus toyonensis		True	True	False	False	2	True	host;source	False	True	False	False	1	source	True	INCLUDE	Isolation source explicitly indicates direct plant association or plant biological material.	isolation_source
GCF_002555905.1	Bacillus toyonensis	155322	AFS006079	Scaffold		2017-10-16	UNC Chapel Hill	PRJNA400804	SAMN07597317	AFS006079	Soybean	root	USA: MN	2014-01-27	Microbe sample from Bacillus toyonensis		True	True	False	False	2	True	host;source	False	True	False	False	1	source	True	INCLUDE	Isolation source explicitly indicates direct plant association or plant biological material.	isolation_source
GCF_002555915.1	Bacillus toyonensis	155322	AFS004252	Scaffold		2017-10-16	UNC Chapel Hill	PRJNA400804	SAMN07597295	AFS004252	Soybean	leaf	USA: MN	2014-04-17	Microbe sample from Bacillus toyonensis		True	True	False	False	2	True	host;source	False	True	False	False	1	source	True	INCLUDE	Isolation source explicitly indicates direct plant association or plant biological material.	isolation_source
GCF_002555955.1	Bacillus toyonensis	155322	AFS005430	Scaffold		2017-10-16	UNC Chapel Hill	PRJNA400804	SAMN07597308	AFS005430	Soybean	Seed; Soybean	USA: IA	2014-01-14	Microbe sample from Bacillus toyonensis		True	True	False	False	2	True	host;source	False	True	False	False	1	source	True	INCLUDE	Isolation source explicitly indicates direct plant association or plant biological material.	isolation_source
GCF_002556265.1	Bacillus toyonensis	155322	AFS000753	Scaffold		2017-10-16	UNC Chapel Hill	PRJNA400804	SAMN07597245	AFS000753	Soybean	leaf	USA: IL	2014-04-17	Microbe sample from Bacillus toyonensis		True	True	False	False	2	True	host;source	False	True	False	False	1	source	True	INCLUDE	Isolation source explicitly indicates direct plant association or plant biological material.	isolation_source
GCF_002556885.1	Bacillus toyonensis	155322	AFS027646	Scaffold		2017-10-16	UNC Chapel Hill	PRJNA400804	SAMN07597605	AFS027646	Corn	leaf	USA: IL	2014-02-28	Microbe sample from Bacillus toyonensis		True	True	False	False	2	True	host;source	False	True	False	False	1	source	True	INCLUDE	Isolation source explicitly indicates direct plant association or plant biological material.	isolation_source
GCF_002556945.1	Bacillus toyonensis	155322	AFS026256	Scaffold		2017-10-16	UNC Chapel Hill	PRJNA400804	SAMN07597589	AFS026256	Soybean	leaf	USA: MN	2014-04-09	Microbe sample from Bacillus toyonensis		True	True	False	False	2	True	host;source	False	True	False	False	1	source	True	INCLUDE	Isolation source explicitly indicates direct plant association or plant biological material.	isolation_source
GCF_002556955.1	Bacillus toyonensis	155322	AFS027027	Scaffold		2017-10-16	UNC Chapel Hill	PRJNA400804	SAMN07597599	AFS027027	Corn	root	USA: IA	2014-05-27	Microbe sample from Bacillus toyonensis		True	True	False	False	2	True	host;source	False	True	False	False	1	source	True	INCLUDE	Isolation source explicitly indicates direct plant association or plant biological material.	isolation_source
GCF_002557045.1	Bacillus toyonensis	155322	AFS026201	Scaffold		2017-10-16	UNC Chapel Hill	PRJNA400804	SAMN07597587	AFS026201	Soybean	leaf	USA: MN	2014-01-17	Microbe sample from Bacillus toyonensis		True	True	False	False	2	True	host;source	False	True	False	False	1	source	True	INCLUDE	Isolation source explicitly indicates direct plant association or plant biological material.	isolation_source
GCF_002557225.1	Bacillus toyonensis	155322	AFS023984	Scaffold		2017-10-16	UNC Chapel Hill	PRJNA400804	SAMN07597555	AFS023984	Soybean	root	USA: IA	2014-05-27	Microbe sample from Bacillus toyonensis		True	True	False	False	2	True	host;source	False	True	False	False	1	source	True	INCLUDE	Isolation source explicitly indicates direct plant association or plant biological material.	isolation_source
GCF_002557865.1	Bacillus toyonensis	155322	AFS028618	Scaffold		2017-10-16	UNC Chapel Hill	PRJNA400804	SAMN07597624	AFS028618	Corn	leaf	USA: IL	2014-02-28	Microbe sample from Bacillus toyonensis		True	True	False	False	2	True	host;source	False	True	False	False	1	source	True	INCLUDE	Isolation source explicitly indicates direct plant association or plant biological material.	isolation_source
GCF_002568725.1	Bacillus toyonensis	155322	AFS083448	Scaffold		2017-10-17	UNC Chapel Hill	PRJNA400804	SAMN07598515	AFS083448	Soybean	leaf	USA: MN	2014-01-17	Microbe sample from Bacillus toyonensis		True	True	False	False	2	True	host;source	False	True	False	False	1	source	True	INCLUDE	Isolation source explicitly indicates direct plant association or plant biological material.	isolation_source
GCF_002568745.1	Bacillus toyonensis	155322	AFS081381	Scaffold		2017-10-17	UNC Chapel Hill	PRJNA400804	SAMN07598487	AFS081381	Soybean	root	USA: IA	2014-05-27	Microbe sample from Bacillus toyonensis		True	True	False	False	2	True	host;source	False	True	False	False	1	source	True	INCLUDE	Isolation source explicitly indicates direct plant association or plant biological material.	isolation_source
GCF_002568825.1	Bacillus toyonensis	155322	AFS080033	Scaffold		2017-10-17	UNC Chapel Hill	PRJNA400804	SAMN07598463	AFS080033	Soybean	leaf	USA: IA	2014-02-28	Microbe sample from Bacillus toyonensis		True	True	False	False	2	True	host;source	False	True	False	False	1	source	True	INCLUDE	Isolation source explicitly indicates direct plant association or plant biological material.	isolation_source
GCF_002569035.1	Bacillus toyonensis	155322	AFS086995	Scaffold		2017-10-17	UNC Chapel Hill	PRJNA400804	SAMN07598559	AFS086995	Soybean	leaf	USA: MN	2014-04-17	Microbe sample from Bacillus toyonensis		True	True	False	False	2	True	host;source	False	True	False	False	1	source	True	INCLUDE	Isolation source explicitly indicates direct plant association or plant biological material.	isolation_source
GCF_002569175.1	Bacillus toyonensis	155322	AFS078111	Scaffold		2017-10-17	UNC Chapel Hill	PRJNA400804	SAMN07598443	AFS078111	Soybean	leaf	USA: MN	2014-04-17	Microbe sample from Bacillus toyonensis		True	True	False	False	2	True	host;source	False	True	False	False	1	source	True	INCLUDE	Isolation source explicitly indicates direct plant association or plant biological material.	isolation_source
GCF_002569295.1	Bacillus toyonensis	155322	AFS075176	Scaffold		2017-10-17	UNC Chapel Hill	PRJNA400804	SAMN07598401	AFS075176	Corn	leaf	USA: IL	2014-02-28	Microbe sample from Bacillus toyonensis		True	True	False	False	2	True	host;source	False	True	False	False	1	source	True	INCLUDE	Isolation source explicitly indicates direct plant association or plant biological material.	isolation_source
GCF_002569325.1	Bacillus toyonensis	155322	AFS088186	Scaffold		2017-10-17	UNC Chapel Hill	PRJNA400804	SAMN07598569	AFS088186	Soybean	root	USA: IL	2013-11-25	Microbe sample from Bacillus toyonensis		True	True	False	False	2	True	host;source	False	True	False	False	1	source	True	INCLUDE	Isolation source explicitly indicates direct plant association or plant biological material.	isolation_source
GCF_002569445.1	Bacillus toyonensis	155322	AFS083176	Scaffold		2017-10-17	UNC Chapel Hill	PRJNA400804	SAMN07598510	AFS083176	Soybean	root	USA: IA	2014-05-27	Microbe sample from Bacillus toyonensis		True	True	False	False	2	True	host;source	False	True	False	False	1	source	True	INCLUDE	Isolation source explicitly indicates direct plant association or plant biological material.	isolation_source
GCF_002569465.1	Bacillus toyonensis	155322	AFS082630	Scaffold		2017-10-17	UNC Chapel Hill	PRJNA400804	SAMN07598501	AFS082630	Soybean	leaf	USA: IA	2014-04-09	Microbe sample from Bacillus toyonensis		True	True	False	False	2	True	host;source	False	True	False	False	1	source	True	INCLUDE	Isolation source explicitly indicates direct plant association or plant biological material.	isolation_source
GCF_002569835.1	Bacillus toyonensis	155322	AFS075404	Scaffold		2017-10-17	UNC Chapel Hill	PRJNA400804	SAMN07598403	AFS075404	Soybean	root	USA: MN	2013-11-25	Microbe sample from Bacillus toyonensis		True	True	False	False	2	True	host;source	False	True	False	False	1	source	True	INCLUDE	Isolation source explicitly indicates direct plant association or plant biological material.	isolation_source
GCF_002569895.1	Bacillus toyonensis	155322	AFS074602	Scaffold		2017-10-17	UNC Chapel Hill	PRJNA400804	SAMN07598392	AFS074602	Soybean	leaf	USA: IA	2014-04-09	Microbe sample from Bacillus toyonensis		True	True	False	False	2	True	host;source	False	True	False	False	1	source	True	INCLUDE	Isolation source explicitly indicates direct plant association or plant biological material.	isolation_source
GCF_002570065.1	Bacillus toyonensis	155322	AFS073024	Scaffold		2017-10-17	UNC Chapel Hill	PRJNA400804	SAMN07598372	AFS073024	Soybean	leaf	USA: MN	2014-01-17	Microbe sample from Bacillus toyonensis		True	True	False	False	2	True	host;source	False	True	False	False	1	source	True	INCLUDE	Isolation source explicitly indicates direct plant association or plant biological material.	isolation_source
GCF_002570105.1	Bacillus toyonensis	155322	AFS072832	Scaffold		2017-10-17	UNC Chapel Hill	PRJNA400804	SAMN07598369	AFS072832	Soybean	root	USA: IA	2014-05-27	Microbe sample from Bacillus toyonensis		True	True	False	False	2	True	host;source	False	True	False	False	1	source	True	INCLUDE	Isolation source explicitly indicates direct plant association or plant biological material.	isolation_source
GCF_002570115.1	Bacillus toyonensis	155322	AFS072674	Scaffold		2017-10-17	UNC Chapel Hill	PRJNA400804	SAMN07598368	AFS072674	Soybean	leaf	USA: IA	2014-02-28	Microbe sample from Bacillus toyonensis		True	True	False	False	2	True	host;source	False	True	False	False	1	source	True	INCLUDE	Isolation source explicitly indicates direct plant association or plant biological material.	isolation_source
GCF_002570155.1	Bacillus toyonensis	155322	AFS072190	Scaffold		2017-10-17	UNC Chapel Hill	PRJNA400804	SAMN07598363	AFS072190	Corn	root	USA: IA	2014-05-27	Microbe sample from Bacillus toyonensis		True	True	False	False	2	True	host;source	False	True	False	False	1	source	True	INCLUDE	Isolation source explicitly indicates direct plant association or plant biological material.	isolation_source
GCF_002570165.1	Bacillus toyonensis	155322	AFS072125	Scaffold		2017-10-17	UNC Chapel Hill	PRJNA400804	SAMN07598361	AFS072125	Soybean	leaf	USA: IA	2014-04-09	Microbe sample from Bacillus toyonensis		True	True	False	False	2	True	host;source	False	True	False	False	1	source	True	INCLUDE	Isolation source explicitly indicates direct plant association or plant biological material.	isolation_source
GCF_002570345.1	Bacillus toyonensis	155322	AFS070615	Scaffold		2017-10-17	UNC Chapel Hill	PRJNA400804	SAMN07598333	AFS070615	Weed	leaf	USA: IN	2014-01-14	Microbe sample from Bacillus toyonensis		False	True	False	False	1	True	source	False	True	False	False	1	source	True	INCLUDE	Isolation source explicitly indicates direct plant association or plant biological material.	isolation_source
GCF_002570385.1	Bacillus toyonensis	155322	AFS070352	Scaffold		2017-10-17	UNC Chapel Hill	PRJNA400804	SAMN07598329	AFS070352	Soybean	leaf	USA: IA	2014-04-17	Microbe sample from Bacillus toyonensis		True	True	False	False	2	True	host;source	False	True	False	False	1	source	True	INCLUDE	Isolation source explicitly indicates direct plant association or plant biological material.	isolation_source
GCF_002570405.1	Bacillus toyonensis	155322	AFS070247	Scaffold		2017-10-17	UNC Chapel Hill	PRJNA400804	SAMN07598327	AFS070247	Weed	leaf	USA: IN	2014-01-14	Microbe sample from Bacillus toyonensis		False	True	False	False	1	True	source	False	True	False	False	1	source	True	INCLUDE	Isolation source explicitly indicates direct plant association or plant biological material.	isolation_source
GCF_002571435.1	Bacillus toyonensis	155322	AFS070094	Scaffold		2017-10-17	UNC Chapel Hill	PRJNA400804	SAMN07598326	AFS070094	Soybean	leaf	USA: MN	2014-01-17	Microbe sample from Bacillus toyonensis		True	True	False	False	2	True	host;source	False	True	False	False	1	source	True	INCLUDE	Isolation source explicitly indicates direct plant association or plant biological material.	isolation_source
GCF_002571675.1	Bacillus toyonensis	155322	AFS066590	Scaffold		2017-10-17	UNC Chapel Hill	PRJNA400804	SAMN07598283	AFS066590	Soybean	leaf	USA: MN	2014-01-17	Microbe sample from Bacillus toyonensis		True	True	False	False	2	True	host;source	False	True	False	False	1	source	True	INCLUDE	Isolation source explicitly indicates direct plant association or plant biological material.	isolation_source
GCF_002571765.1	Bacillus toyonensis	155322	AFS064666	Scaffold		2017-10-17	UNC Chapel Hill	PRJNA400804	SAMN07598256	AFS064666	Weed	leaf	USA: OH	2014-01-17	Microbe sample from Bacillus toyonensis		False	True	False	False	1	True	source	False	True	False	False	1	source	True	INCLUDE	Isolation source explicitly indicates direct plant association or plant biological material.	isolation_source
GCF_002571825.1	Bacillus toyonensis	155322	AFS062328	Scaffold		2017-10-17	UNC Chapel Hill	PRJNA400804	SAMN07598233	AFS062328	Soybean	leaf	USA: MN	2014-01-17	Microbe sample from Bacillus toyonensis		True	True	False	False	2	True	host;source	False	True	False	False	1	source	True	INCLUDE	Isolation source explicitly indicates direct plant association or plant biological material.	isolation_source
GCF_002572005.1	Bacillus toyonensis	155322	AFS064582	Scaffold		2017-10-17	UNC Chapel Hill	PRJNA400804	SAMN07598255	AFS064582	Soybean	leaf	USA: MN	2014-01-17	Microbe sample from Bacillus toyonensis		True	True	False	False	2	True	host;source	False	True	False	False	1	source	True	INCLUDE	Isolation source explicitly indicates direct plant association or plant biological material.	isolation_source
GCF_002572035.1	Bacillus toyonensis	155322	AFS065389	Scaffold		2017-10-17	UNC Chapel Hill	PRJNA400804	SAMN07598261	AFS065389	Corn	root	USA: IN	2014-01-23	Microbe sample from Bacillus toyonensis		True	True	False	False	2	True	host;source	False	True	False	False	1	source	True	INCLUDE	Isolation source explicitly indicates direct plant association or plant biological material.	isolation_source
GCF_002572235.1	Bacillus toyonensis	155322	AFS067879	Scaffold		2017-10-17	UNC Chapel Hill	PRJNA400804	SAMN07598303	AFS067879	Soybean	leaf	USA: MN	2014-01-17	Microbe sample from Bacillus toyonensis		True	True	False	False	2	True	host;source	False	True	False	False	1	source	True	INCLUDE	Isolation source explicitly indicates direct plant association or plant biological material.	isolation_source
GCF_002572245.1	Bacillus toyonensis	155322	AFS067541	Scaffold		2017-10-17	UNC Chapel Hill	PRJNA400804	SAMN07598296	AFS067541	Soybean	leaf	USA: MN	2014-01-17	Microbe sample from Bacillus toyonensis		True	True	False	False	2	True	host;source	False	True	False	False	1	source	True	INCLUDE	Isolation source explicitly indicates direct plant association or plant biological material.	isolation_source
GCF_002572415.1	Bacillus toyonensis	155322	AFS061925	Scaffold		2017-10-17	UNC Chapel Hill	PRJNA400804	SAMN07598226	AFS061925	Corn	root	USA: IA	2014-05-27	Microbe sample from Bacillus toyonensis		True	True	False	False	2	True	host;source	False	True	False	False	1	source	True	INCLUDE	Isolation source explicitly indicates direct plant association or plant biological material.	isolation_source
GCF_002572455.1	Bacillus toyonensis	155322	AFS061268	Scaffold		2017-10-17	UNC Chapel Hill	PRJNA400804	SAMN07598217	AFS061268	Soybean	leaf	USA: MN	2014-04-17	Microbe sample from Bacillus toyonensis		True	True	False	False	2	True	host;source	False	True	False	False	1	source	True	INCLUDE	Isolation source explicitly indicates direct plant association or plant biological material.	isolation_source
GCF_002579775.1	Bacillus toyonensis	155322	AFS054329	Scaffold		2017-10-18	UNC Chapel Hill	PRJNA400804	SAMN07598112	AFS054329	Corn	leaf	USA: IL	2014-02-28	Microbe sample from Bacillus toyonensis		True	True	False	False	2	True	host;source	False	True	False	False	1	source	True	INCLUDE	Isolation source explicitly indicates direct plant association or plant biological material.	isolation_source
GCF_002579895.1	Bacillus toyonensis	155322	AFS053584	Scaffold		2017-10-18	UNC Chapel Hill	PRJNA400804	SAMN07598101	AFS053584	Corn	root	USA: IA	2014-05-27	Microbe sample from Bacillus toyonensis		True	True	False	False	2	True	host;source	False	True	False	False	1	source	True	INCLUDE	Isolation source explicitly indicates direct plant association or plant biological material.	isolation_source
GCF_002580575.1	Bacillus toyonensis	155322	AFS048987	Scaffold		2017-10-18	UNC Chapel Hill	PRJNA400804	SAMN07598042	AFS048987	Weed	leaf	USA: OH	2014-01-17	Microbe sample from Bacillus toyonensis		False	True	False	False	1	True	source	False	True	False	False	1	source	True	INCLUDE	Isolation source explicitly indicates direct plant association or plant biological material.	isolation_source
GCF_002580895.1	Bacillus toyonensis	155322	AFS044782	Scaffold		2017-10-18	UNC Chapel Hill	PRJNA400804	SAMN07597992	AFS044782	Soybean	leaf	USA: IA	2014-04-17	Microbe sample from Bacillus toyonensis		True	True	False	False	2	True	host;source	False	True	False	False	1	source	True	INCLUDE	Isolation source explicitly indicates direct plant association or plant biological material.	isolation_source
GCF_002580975.1	Bacillus toyonensis	155322	AFS044634	Scaffold		2017-10-18	UNC Chapel Hill	PRJNA400804	SAMN07597991	AFS044634	Soybean	root	USA: MO	2013-11-25	Microbe sample from Bacillus toyonensis		True	True	False	False	2	True	host;source	False	True	False	False	1	source	True	INCLUDE	Isolation source explicitly indicates direct plant association or plant biological material.	isolation_source
GCF_002581125.1	Bacillus toyonensis	155322	AFS043516	Scaffold		2017-10-18	UNC Chapel Hill	PRJNA400804	SAMN07597974	AFS043516	Weed	leaf	USA: IN	2014-01-14	Microbe sample from Bacillus toyonensis		False	True	False	False	1	True	source	False	True	False	False	1	source	True	INCLUDE	Isolation source explicitly indicates direct plant association or plant biological material.	isolation_source
GCF_002581205.1	Bacillus toyonensis	155322	AFS043269	Scaffold		2017-10-18	UNC Chapel Hill	PRJNA400804	SAMN07597969	AFS043269	Corn	leaf	USA: OH	2014-01-14	Microbe sample from Bacillus toyonensis		True	True	False	False	2	True	host;source	False	True	False	False	1	source	True	INCLUDE	Isolation source explicitly indicates direct plant association or plant biological material.	isolation_source
GCF_002581675.1	Bacillus toyonensis	155322	AFS045425	Scaffold		2017-10-18	UNC Chapel Hill	PRJNA400804	SAMN07597998	AFS045425	Soybean	leaf	USA: MO	2014-04-17	Microbe sample from Bacillus toyonensis		True	True	False	False	2	True	host;source	False	True	False	False	1	source	True	INCLUDE	Isolation source explicitly indicates direct plant association or plant biological material.	isolation_source
GCF_002581955.1	Bacillus toyonensis	155322	AFS041274	Scaffold		2017-10-18	UNC Chapel Hill	PRJNA400804	SAMN07597942	AFS041274	Soybean	leaf	USA: IA	2014-02-28	Microbe sample from Bacillus toyonensis		True	True	False	False	2	True	host;source	False	True	False	False	1	source	True	INCLUDE	Isolation source explicitly indicates direct plant association or plant biological material.	isolation_source
GCF_002582025.1	Bacillus toyonensis	155322	AFS041177	Scaffold		2017-10-18	UNC Chapel Hill	PRJNA400804	SAMN07597940	AFS041177	Weed	leaf	USA: OH	2014-01-17	Microbe sample from Bacillus toyonensis		False	True	False	False	1	True	source	False	True	False	False	1	source	True	INCLUDE	Isolation source explicitly indicates direct plant association or plant biological material.	isolation_source
GCF_002582715.1	Bacillus toyonensis	155322	AFS036089	Scaffold		2017-10-18	UNC Chapel Hill	PRJNA400804	SAMN07597873	AFS036089	Soybean	root	USA: MO	2014-05-27	Microbe sample from Bacillus toyonensis		True	True	False	False	2	True	host;source	False	True	False	False	1	source	True	INCLUDE	Isolation source explicitly indicates direct plant association or plant biological material.	isolation_source
GCF_002585395.1	Bacillus toyonensis	155322	AFS036256	Scaffold		2017-10-18	UNC Chapel Hill	PRJNA400804	SAMN07597875	AFS036256	Soybean	root	USA: MO	2014-05-27	Microbe sample from Bacillus toyonensis		True	True	False	False	2	True	host;source	False	True	False	False	1	source	True	INCLUDE	Isolation source explicitly indicates direct plant association or plant biological material.	isolation_source
GCF_002588695.1	Bacillus toyonensis	155322	AFS034699	Scaffold		2017-10-18	UNC Chapel Hill	PRJNA400804	SAMN07597860	AFS034699	Corn	root	USA: IA	2014-05-27	Microbe sample from Bacillus toyonensis		True	True	False	False	2	True	host;source	False	True	False	False	1	source	True	INCLUDE	Isolation source explicitly indicates direct plant association or plant biological material.	isolation_source
GCF_002589195.1	Bacillus toyonensis	155322	AFS033588	Scaffold		2017-10-18	UNC Chapel Hill	PRJNA400804	SAMN07597847	AFS033588	Corn	leaf	USA: IL	2014-02-28	Microbe sample from Bacillus toyonensis		True	True	False	False	2	True	host;source	False	True	False	False	1	source	True	INCLUDE	Isolation source explicitly indicates direct plant association or plant biological material.	isolation_source
GCF_002589295.1	Bacillus toyonensis	155322	AFS033534	Scaffold		2017-10-18	UNC Chapel Hill	PRJNA400804	SAMN07597846	AFS033534	Soybean	leaf	USA: IA	2014-04-09	Microbe sample from Bacillus toyonensis		True	True	False	False	2	True	host;source	False	True	False	False	1	source	True	INCLUDE	Isolation source explicitly indicates direct plant association or plant biological material.	isolation_source
GCF_002589305.1	Bacillus toyonensis	155322	AFS031495	Scaffold		2017-10-18	UNC Chapel Hill	PRJNA400804	SAMN07597817	AFS031495	Soybean	leaf	USA: MN	2014-01-17	Microbe sample from Bacillus toyonensis		True	True	False	False	2	True	host;source	False	True	False	False	1	source	True	INCLUDE	Isolation source explicitly indicates direct plant association or plant biological material.	isolation_source
GCF_036961765.1	Bacillus toyonensis	155322	JJ1659	Contig		2024-03-02	Auburn University	PRJNA1078443	SAMN40001880	JJ1659	soybean	rhizoplane	USA: Ohio	2014	Microbe sample from Bacillus toyonensis		True	True	False	False	2	True	host;source	False	True	False	False	1	source	True	INCLUDE	Isolation source explicitly indicates direct plant association or plant biological material.	isolation_source
GCF_036962425.1	Bacillus toyonensis	155322	JJ480	Scaffold		2024-03-02	Auburn University	PRJNA1078443	SAMN40001918	JJ480	corn	rhizoplane	USA: Iowa	2014	Microbe sample from Bacillus toyonensis		True	True	False	False	2	True	host;source	False	True	False	False	1	source	True	INCLUDE	Isolation source explicitly indicates direct plant association or plant biological material.	isolation_source
GCF_036962565.1	Bacillus toyonensis	155322	JJ1637	Scaffold		2024-03-02	Auburn University	PRJNA1078443	SAMN40001876	JJ1637	soybean	rhizoplane	USA: Ohio	2014	Microbe sample from Bacillus toyonensis		True	True	False	False	2	True	host;source	False	True	False	False	1	source	True	INCLUDE	Isolation source explicitly indicates direct plant association or plant biological material.	isolation_source
GCF_036964725.1	Bacillus toyonensis	155322	JJ543	Scaffold		2024-03-02	Auburn University	PRJNA1078443	SAMN40001922	JJ543	corn	rhizoplane	USA: Iowa	2014	Microbe sample from Bacillus toyonensis		True	True	False	False	2	True	host;source	False	True	False	False	1	source	True	INCLUDE	Isolation source explicitly indicates direct plant association or plant biological material.	isolation_source
GCF_036964965.1	Bacillus toyonensis	155322	JJ1419	Scaffold		2024-03-02	Auburn University	PRJNA1078443	SAMN40001845	JJ1419	soybean	emissingophyte	USA: Iowa	2014	Microbe sample from Bacillus toyonensis		True	False	False	False	1	True	host	False	False	False	False	0		False	INCLUDE	Documented project-level plant association: Project-associated publication identifies the strain collection as PGPR; plant hosts include corn and soybean. Inclusion is based on documented plant association of the collection, not on interpreting the malformed isolation-source term itself.	documented_project
GCF_036965025.1	Bacillus toyonensis	155322	JJ1441	Scaffold		2024-03-02	Auburn University	PRJNA1078443	SAMN40001851	JJ1441	soybean	emissingophyte	USA: Iowa	2014	Microbe sample from Bacillus toyonensis		True	False	False	False	1	True	host	False	False	False	False	0		False	INCLUDE	Documented project-level plant association: Project-associated publication identifies the strain collection as PGPR; plant hosts include corn and soybean. Inclusion is based on documented plant association of the collection, not on interpreting the malformed isolation-source term itself.	documented_project
GCF_036966085.1	Bacillus toyonensis	155322	JJ538	Scaffold		2024-03-02	Auburn University	PRJNA1078443	SAMN40001780	JJ538	corn	rhizoplane	USA: Iowa	2014	Microbe sample from Bacillus toyonensis		True	True	False	False	2	True	host;source	False	True	False	False	1	source	True	INCLUDE	Isolation source explicitly indicates direct plant association or plant biological material.	isolation_source
GCF_036966245.1	Bacillus toyonensis	155322	JJ41	Scaffold		2024-03-02	Auburn University	PRJNA1078443	SAMN40001778	JJ41	corn	emissingophyte	USA: Nebraska	2014	Microbe sample from Bacillus toyonensis		True	False	False	False	1	True	host	False	False	False	False	0		False	INCLUDE	Documented project-level plant association: Project-associated publication identifies the strain collection as PGPR; plant hosts include corn and soybean. Inclusion is based on documented plant association of the collection, not on interpreting the malformed isolation-source term itself.	documented_project
GCF_036966425.1	Bacillus toyonensis	155322	JJ1651	Scaffold		2024-03-02	Auburn University	PRJNA1078443	SAMN40001770	JJ1651	soybean	rhizoplane	USA: Ohio	2014	Microbe sample from Bacillus toyonensis		True	True	False	False	2	True	host;source	False	True	False	False	1	source	True	INCLUDE	Isolation source explicitly indicates direct plant association or plant biological material.	isolation_source
GCF_036966465.1	Bacillus toyonensis	155322	JJ70	Scaffold		2024-03-02	Auburn University	PRJNA1078443	SAMN40001745	JJ70	corn	emissingophyte	USA: Nebraska	2014	Microbe sample from Bacillus toyonensis		True	False	False	False	1	True	host	False	False	False	False	0		False	INCLUDE	Documented project-level plant association: Project-associated publication identifies the strain collection as PGPR; plant hosts include corn and soybean. Inclusion is based on documented plant association of the collection, not on interpreting the malformed isolation-source term itself.	documented_project
GCF_036966545.1	Bacillus toyonensis	155322	JJ1493	Scaffold		2024-03-02	Auburn University	PRJNA1078443	SAMN40001726	JJ1493	corn	rhizoplane	USA: Ohio	2014	Microbe sample from Bacillus toyonensis		True	True	False	False	2	True	host;source	False	True	False	False	1	source	True	INCLUDE	Isolation source explicitly indicates direct plant association or plant biological material.	isolation_source
GCF_040492355.1	Bacillus toyonensis	155322	JJ904	Contig		2024-07-03	Auburn University	PRJNA1078443	SAMN40001956	JJ904	soybean	rhizoplane	USA: Wisconsin	2014	Microbe sample from Bacillus toyonensis		True	True	False	False	2	True	host;source	False	True	False	False	1	source	True	INCLUDE	Isolation source explicitly indicates direct plant association or plant biological material.	isolation_source
GCF_040492515.1	Bacillus toyonensis	155322	JJ1685	Contig		2024-07-03	Auburn University	PRJNA1078443	SAMN40001883	JJ1685	soybean	emissingophyte	USA: Ohio	2014	Microbe sample from Bacillus toyonensis		True	False	False	False	1	True	host	False	False	False	False	0		False	INCLUDE	Documented project-level plant association: Project-associated publication identifies the strain collection as PGPR; plant hosts include corn and soybean. Inclusion is based on documented plant association of the collection, not on interpreting the malformed isolation-source term itself.	documented_project
GCF_040492715.1	Bacillus toyonensis	155322	JJ1473	Contig		2024-07-03	Auburn University	PRJNA1078443	SAMN40001767	JJ1473	corn	rhizoplane	USA: Ohio	2014	Microbe sample from Bacillus toyonensis		True	True	False	False	2	True	host;source	False	True	False	False	1	source	True	INCLUDE	Isolation source explicitly indicates direct plant association or plant biological material.	isolation_source
GCF_042863285.1	Bacillus toyonensis	155322	1	Contig		2024-10-09	University of Sao Paulo - Institute of Chemistry	PRJNA480461	SAMN09636883	1	Citrus sinensis	petiole	Brazil: So Paulo	2013-06-06	Microbe sample from Bacillus toyonensis		True	False	False	False	1	True	host	False	False	False	False	0		False	INCLUDE	Isolation source explicitly indicates direct plant association or plant biological material.	isolation_source
GCF_053570865.1	Bacillus toyonensis	155322	CMM89	Contig		2025-11-19	Democritus University of Thrace	PRJNA1321180	SAMN51205493	CMM89	Solanum chilense	rhizosphere	Greece: Thrace, Orestiada	2023-06	Microbe sample from Bacillus toyonensis		False	True	False	False	1	True	source	False	True	False	False	1	source	True	INCLUDE	Isolation source explicitly indicates direct plant association or plant biological material.	isolation_source
GCF_056491305.1	Bacillus toyonensis	155322	C3E11	Contig		2026-04-01	The Ohio State University	PRJNA1381656	SAMN54117586	C3E11	Pelargonium	Peat Rhizosphere	USA: Ohio	2020	Microbe sample from Bacillus toyonensis	Isolated from rhizosphere of Geranium 'Calliope Dark Red'	False	True	False	True	2	True	source;comment	False	True	False	True	2	source;comment	True	INCLUDE	Isolation source explicitly indicates direct plant association or plant biological material.	isolation_source
GCF_056491345.1	Bacillus toyonensis	155322	C11H3	Contig		2026-04-01	The Ohio State University	PRJNA1381656	SAMN54117584	C11H3	Pelargonium x hortorum	Peat Rhizosphere	USA: Ohio	2020	Microbe sample from Bacillus toyonensis	Isolated from rhizosphere of Red Geranium Hanging Basket	False	True	False	True	2	True	source;comment	False	True	False	True	2	source;comment	True	INCLUDE	Isolation source explicitly indicates direct plant association or plant biological material.	isolation_source
GCF_056491365.1	Bacillus toyonensis	155322	C11G5	Contig		2026-04-01	The Ohio State University	PRJNA1381656	SAMN54117583	C11G5	Petunia x hybrida	Peat Rhizosphere	USA: Ohio	2020	Microbe sample from Bacillus toyonensis	Isolated from rhizosphere of Petunia Hanging Basket	False	True	False	True	2	True	source;comment	False	True	False	True	2	source;comment	True	INCLUDE	Isolation source explicitly indicates direct plant association or plant biological material.	isolation_source
GCF_056491385.1	Bacillus toyonensis	155322	C11D6	Contig		2026-04-01	The Ohio State University	PRJNA1381656	SAMN54117582	C11D6	Petunia x hybrida	Peat Rhizosphere	USA: Ohio	2020	Microbe sample from Bacillus toyonensis	Isolated from rhizosphere of Petunia Hanging Basket	False	True	False	True	2	True	source;comment	False	True	False	True	2	source;comment	True	INCLUDE	Isolation source explicitly indicates direct plant association or plant biological material.	isolation_source
GCF_056491405.1	Bacillus toyonensis	155322	C11A3	Contig		2026-04-01	The Ohio State University	PRJNA1381656	SAMN54117580	C11A3	Petunia x hybrida	Peat Rhizosphere	USA: Ohio	2020	Microbe sample from Bacillus toyonensis	Isolated from rhizosphere of Petunia 'Sweetunia Orange Flash'	False	True	False	True	2	True	source;comment	False	True	False	True	2	source;comment	True	INCLUDE	Isolation source explicitly indicates direct plant association or plant biological material.	isolation_source
GCF_057814315.1	Bacillus toyonensis	155322	F002	Scaffold		2026-06-01	Plant Microbe Interactions, University of Basel	PRJNA1423168	SAMN55333253	F002	Arabidopsis thaliana	roots	Switzerland: Bern	2020	F002		True	True	False	False	2	True	host;source	False	True	False	False	1	source	True	INCLUDE	Isolation source explicitly indicates direct plant association or plant biological material.	isolation_source
GCF_006349645.1	Bacillus tropicus	2026188	CD3-2	Contig		2019-06-15	ENDOBICA	PRJNA547491	SAMN11964771	CD3-2		Brassica juncea rhizosphere	Viet Nam	2018-05-28	Microbe sample from Bacillus tropicus		False	True	False	False	1	True	source	False	True	False	False	1	source	True	INCLUDE	Isolation source explicitly indicates direct plant association or plant biological material.	isolation_source
GCF_020667855.1	Bacillus tropicus	2026188	SBA12	Scaffold		2021-10-28	Chandigarh	PRJNA589142	SAMN13258298	SBA12	cauliflower	rhizosphere soil	India: Himachal Pradesh, Hamirpur, Samlog	2018-12	Bacillus cereus isolate SBA12	Bacillus cereus strain SBA12, antagonistic to plant pathogenic fungi such as Fusarium oxysporum, Phytopthora infestans and Sclerotinia solani.	False	True	False	True	2	True	source;comment	False	True	False	False	1	source	True	INCLUDE	Isolation source explicitly indicates direct plant association or plant biological material.	isolation_source
GCF_037414965.1	Bacillus tropicus	2026188	0405-02	Contig		2024-03-20	HUTECH University	PRJNA1087010	SAMN40422411	0405-02	Peanuts (Arachis hypogea L.)	Peanut roots	Viet Nam: Long An province	2019-11-03	Microbe sample from Bacillus tropicus		False	True	False	False	1	True	source	False	True	False	False	1	source	True	INCLUDE	Isolation source explicitly indicates direct plant association or plant biological material.	isolation_source
GCF_050464625.1	Bacillus tropicus	2026188	B-23138	Scaffold		2025-05-19	USDA-ARS-NCAUR	PRJNA802201	SAMN41009170	B-23138	ivy	leaves	Denmark	1997-06-16	Microbe sample from Bacillus tropicus		False	True	False	False	1	True	source	False	True	False	False	1	source	True	INCLUDE	Isolation source explicitly indicates direct plant association or plant biological material.	isolation_source
GCF_056775555.1	Bacillus tropicus	2026188	OYA S36	Contig		2026-04-17	Federal University, Oye-Ekiti	PRJNA1437307	SAMN56510769	OYA S36		Unpolluted rhizosphere soil of pepper (Capsicum annuum)	Nigeria: Ekiti state, Oye-Ekiti	2024-05-20	MIGS Cultured Bacterial/Archaeal sample from Bacillus tropicus	Keywords: GSC:MIxS;MIGS:6.0	False	True	False	False	1	True	source	False	True	False	False	1	source	True	INCLUDE	Isolation source explicitly indicates direct plant association or plant biological material.	isolation_source
GCF_057321065.1	Bacillus tropicus	2026188	MHES12	Contig		2026-05-06	Gazipur Agricultural University	PRJNA1405269	SAMN54739323	MHES12	Tomato plant	rhizosphere	Bangladesh: Rajshahi	2024-12-15	Development of Climate-Smart Bacterial Biofertilizers		True	True	False	False	2	True	host;source	False	True	False	False	1	source	True	INCLUDE	Isolation source explicitly indicates direct plant association or plant biological material.	isolation_source
GCF_982398145.1	Bacillus tropicus	2026188	MHES12	Contig		2026-04-12	Gazipur Agricultural University	PRJEB111234	SAMEA122116453	MHES12		rhizosphere	Bangladesh	2024-12-15	Development of Climate-Smart Bacterial Biofertilizers	Bacillus tropicus isolated from Tomato rhizosphere in salt-stressed soil	False	True	False	True	2	True	source;comment	False	True	False	True	2	source;comment	True	INCLUDE	Isolation source explicitly indicates direct plant association or plant biological material.	isolation_source
GCF_023920485.1	Bacillus vallismortis	72361	BL01	Chromosome		2022-06-27	Saint Petersburg University	PRJNA809498	SAMN26182612	BL01	Artemisia	root	Russia	2018	Bacillus vallismortis BL01	Bacillus vallismortis Strain BL01	False	True	False	False	1	True	source	False	True	False	False	1	source	True	INCLUDE	Isolation source explicitly indicates direct plant association or plant biological material.	isolation_source
GCF_000786145.2	Bacillus velezensis	492670	EPS2017	Scaffold		2020-11-16	University of Girona	PRJNA263763	SAMN03106920	EPS2017		flowers from a wild plant	Spain: mediterranean nord-east coast	2008-04-14	Microbe sample from Bacillus velezensis	Natural isolate with good aptitudes as biological control agent of plant diseases	False	True	False	True	2	True	source;comment	False	True	False	False	1	source	True	INCLUDE	Isolation source explicitly indicates direct plant association or plant biological material.	isolation_source
GCF_000833005.1	Bacillus velezensis	492670	L-H15	Complete Genome		2015-02-05	China Agricultural University	PRJNA271047	SAMN03272519	L-H15		Cucumber seedling substrate	China	2013	Microbe sample from Bacillus velezensis		False	True	False	False	1	True	source	False	True	False	False	1	source	True	INCLUDE	Isolation source explicitly indicates direct plant association or plant biological material.	isolation_source
GCF_000875875.2	Bacillus velezensis	492670	AP183	Chromosome		2018-05-15	Auburn University	PRJNA270954	SAMN03271888	AP183		Cotton Plant Rhizosphere	USA	1990	Microbe sample from Bacillus velezensis		False	True	False	False	1	True	source	False	True	False	False	1	source	True	INCLUDE	Isolation source explicitly indicates direct plant association or plant biological material.	isolation_source
GCF_000960265.2	Bacillus velezensis	492670	KACC 13105	Contig		2015-11-12	NCAUR-ARS-USDA	PRJNA267587	SAMN03198508	KACC 13105		rice rhizosphere soil	South Korea: Cheongwon	2008-06-01	Microbe sample from Bacillus velezensis		False	True	False	False	1	True	source	False	True	False	False	1	source	True	INCLUDE	Isolation source explicitly indicates direct plant association or plant biological material.	isolation_source
GCF_001023595.1	Bacillus velezensis	492670	G341	Complete Genome		2015-06-10	Pusan National University	PRJNA284876	SAMN03733934	G341		4-year-old roots of Korean ginseng	South Korea: Cheongju	2012	Microbe sample from Bacillus amyloliquefaciens	Bacillus velezensis G341 was isolated from 4-year-old roots of Korean ginseng with rot symptoms. B. velezensis G341 can suppress plant pathogens by producing antagonistic active compounds. Whole genome sequence information of B. velezensis and comparative analysis will help establish a foundation for the prevention of detrimental diseases.	False	True	False	True	2	True	source;comment	False	True	False	True	2	source;comment	True	INCLUDE	Isolation source explicitly indicates direct plant association or plant biological material.	isolation_source
GCF_001175005.1	Bacillus velezensis	492670	Co1-6	Contig		2015-07-07	TUGRAZ	PRJEB9155	SAMEA3356669	Co1-6	Calendula officinalis	rhizosphere	Egypt	2009-10-08	Co1-6		False	True	False	False	1	True	source	False	True	False	False	1	source	True	INCLUDE	Isolation source explicitly indicates direct plant association or plant biological material.	isolation_source
GCF_001461835.1	Bacillus velezensis	492670	KACC 18228	Contig		2015-12-07	NCAUR-ARS-USDA	PRJNA299292	SAMN04196679	KACC 18228		rice endophyte	South Korea	2013-01	Microbe sample from Bacillus velezensis		False	True	False	False	1	True	source	False	True	False	False	1	source	True	INCLUDE	Isolation source explicitly indicates direct plant association or plant biological material.	isolation_source
GCF_001469675.1	Bacillus velezensis	492670	FKM10	Contig		2015-12-18	Shandong Agricultural  University	PRJNA300480	SAMN04223542	FKM10		Apple rhizosphere soil	China: Shandong Province	2013-05-01	Microbe sample from Bacillus velezensis		False	True	False	False	1	True	source	False	True	False	False	1	source	True	INCLUDE	Isolation source explicitly indicates direct plant association or plant biological material.	isolation_source
GCF_001517185.1	Bacillus velezensis	492670	RC218	Contig		2016-01-19	NCAUR-ARS-USDA	PRJNA307263	SAMN04377520	RC218		wheat anther	Argentina: Pergamino, Buenos Aires	2004	Microbe sample from Bacillus velezensis		False	True	False	False	1	True	source	False	True	False	False	1	source	True	INCLUDE	Isolation source explicitly indicates direct plant association or plant biological material.	isolation_source
GCF_001593395.2	Bacillus velezensis	492670	CC09	Complete Genome		2016-04-29	NanJing University	PRJNA315173	SAMN04550342	CC09	Cinnamomum camphora	Cinnamomum camphora leaves	China:Campus of NanJing University, Gu Lou	2007-10-16	Microbe sample from Bacillus velezensis		False	True	False	False	1	True	source	False	True	False	False	1	source	True	INCLUDE	Isolation source explicitly indicates direct plant association or plant biological material.	isolation_source
GCF_001685645.1	Bacillus velezensis	492670	S3-1	Complete Genome		2016-07-15	Shanghai Normal University	PRJNA318322	SAMN04816858	S3-1		Cucumber rhizosphere soil	China: Tangshan city, Hebei province	2012-02-01	Microbe sample from Bacillus velezensis		False	True	False	False	1	True	source	False	True	False	False	1	source	True	INCLUDE	Isolation source explicitly indicates direct plant association or plant biological material.	isolation_source
GCF_002072695.1	Bacillus velezensis	492670	JTYP2	Complete Genome		2017-03-27	Shandong Agricultural University	PRJNA379631	SAMN06617410	JTYP2	Crassulaceae	leaf surface	China: Shandong	2015-05	Microbe sample from Bacillus amyloliquefaciens JTYP2		False	True	False	False	1	True	source	False	True	False	False	1	source	True	INCLUDE	Isolation source explicitly indicates direct plant association or plant biological material.	isolation_source
GCF_002105595.1	Bacillus velezensis	492670	9D-6	Complete Genome		2017-04-24	Agriculture and Agri-Food Canada	PRJNA382661	SAMN06711603	9D-6	Potato	rhizosphere	Canada: Delhi	2012-06-01	Bacillus amyloliquefaciens 9D-6: Complete Genome Assembly	Whole genome sequencing, assembly, and annotation of a novel biocontrol strain, isolated in soil from Delhi, Ontario. Analysis will contribute to a better understanding of pathways involved in antimicrobial production and plant-growth promotion.	True	True	False	True	3	True	host;source;comment	False	True	False	False	1	source	True	INCLUDE	Isolation source explicitly indicates direct plant association or plant biological material.	isolation_source
GCF_002117165.1	Bacillus velezensis	492670	CBMB205	Complete Genome		2017-05-02	Chung-Ang University	PRJNA282552	SAMN03571282	CBMB205		rice rhizosphere soil	South Korea: Cheongwon	2004-11-09	Microbe sample from Bacillus velezensis		False	True	False	False	1	True	source	False	True	False	False	1	source	True	INCLUDE	Isolation source explicitly indicates direct plant association or plant biological material.	isolation_source
GCF_002192235.1	Bacillus velezensis	492670	GQJK49	Complete Genome		2017-06-13	Shandong Agricultural University, college of life science	PRJNA361322	SAMN06231161	GQJK49		Lycium barbarum L. rhizosphere	China: Zhongning, Ningxia	2016	Microbe sample from Bacillus velezensis		False	True	False	False	1	True	source	False	True	False	False	1	source	True	INCLUDE	Isolation source explicitly indicates direct plant association or plant biological material.	isolation_source
GCF_002204665.1	Bacillus velezensis	492670	NWUMFk_BS10.5	Scaffold		2017-06-21	North West University, Mafikeng	PRJNA388288	SAMN07174738	NWUMFk_BS10.5		maize rhizosphere	South Africa: North West	2015-08	Microbe sample from Bacillus velezensis		False	True	False	False	1	True	source	False	True	False	False	1	source	True	INCLUDE	Isolation source explicitly indicates direct plant association or plant biological material.	isolation_source
GCF_002205715.1	Bacillus velezensis	492670	T20E-257	Complete Genome		2017-06-22	Rural development administration	PRJNA388298	SAMN07248583	T20E-257	Solanum lycopersicum	Root endosphere	South Korea: Yecheon	2015-06-02	Microbe sample from Bacillus velezensis		False	True	False	False	1	True	source	False	True	False	False	1	source	True	INCLUDE	Isolation source explicitly indicates direct plant association or plant biological material.	isolation_source
GCF_002216755.1	Bacillus velezensis	492670	157	Complete Genome		2017-07-12	Jilin Agricultural University	PRJNA392845	SAMN07311555	157	Eucommia ulmoides		not collected	2012-05-13	MIGS Cultured Bacterial/Archaeal sample from endophytic Bacillus velezensis 157	Keywords: GSC:MIxS;MIGS:6.0	False	False	True	False	1	True	title	False	False	True	False	1	title	True	INCLUDE	Isolation source is unavailable, but other BioSample metadata explicitly indicates direct plant association or plant biological material.	other_explicit_metadata
GCF_002835205.1	Bacillus velezensis	492670	PG12	Contig		2017-12-12	China Agricultural University	PRJNA420124	SAMN08107518	PG12	apple		China	2011-06	Bacillus amyloliquefaciens PG12 environmental isoalte	Draft genome sequence of an endophytic bacterium, B. amyloliquefaciens PG12, isolated from apple fruit	False	False	False	True	1	True	comment	False	False	False	True	1	comment	True	INCLUDE	Isolation source is unavailable, but other BioSample metadata explicitly indicates direct plant association or plant biological material.	other_explicit_metadata
GCF_003012025.1	Bacillus velezensis	492670	PEBA20	Scaffold		2018-03-20	Shandong Agricultural University	PRJNA431021	SAMN08382338	PEBA20	Poplar		China: Tai'an	2007-03	Microbe sample from Bacillus amyloliquefaciens	Genome of Bacillus amyloliquefaciens PEBA20, an endophytic bacterium from poplar	False	False	False	True	1	True	comment	False	False	False	True	1	comment	True	INCLUDE	Isolation source is unavailable, but other BioSample metadata explicitly indicates direct plant association or plant biological material.	other_explicit_metadata
GCF_003150855.1	Bacillus velezensis	492670	Hx05	Complete Genome		2018-09-19	Chinese academy of tropical agricultral sciences	PRJNA381666	SAMN09212893	Hx05		banana rhizosphere soil	China: Hainan province	2010-10-12	Microbe sample from Bacillus amyloliquefaciens		False	True	False	False	1	True	source	False	True	False	False	1	source	True	INCLUDE	Isolation source explicitly indicates direct plant association or plant biological material.	isolation_source
GCF_003285085.1	Bacillus velezensis	492670	DSYZ	Complete Genome		2018-07-01	Shandong Agricultural University	PRJNA474548	SAMN09354865	DSYZ		rhizosphere soil	China	2013	Microbe sample of Bacillus velezensis DSYZ		False	True	False	False	1	True	source	False	True	False	False	1	source	True	INCLUDE	Isolation source explicitly indicates direct plant association or plant biological material.	isolation_source
GCF_003431885.1	Bacillus velezensis	492670	CBMB205	Complete Genome		2016-05-19	Chungbuk National University	PRJNA308996	SAMN04419262	CBMB205		rhizosphere soil of field-grown rice	South Korea: Cheongwon	2005-01-13	Microbe sample from Bacillus methylotrophicus CBMB205		False	True	False	False	1	True	source	False	True	False	False	1	source	True	INCLUDE	Isolation source explicitly indicates direct plant association or plant biological material.	isolation_source
GCF_003854915.1	Bacillus velezensis	492670	1B-23	Complete Genome		2018-12-01	Agriculture and Agri-Food Canada	PRJNA505829	SAMN10437817	1B-23		potato rhizosphere	Canada:Delhi	2012	Microbe sample from Bacillus velezensis		False	True	False	False	1	True	source	False	True	False	False	1	source	True	INCLUDE	Isolation source explicitly indicates direct plant association or plant biological material.	isolation_source
GCF_003860445.1	Bacillus velezensis	492670	MH25	Complete Genome		2018-12-04	Shandong Agricultural University	PRJNA477593	SAMN09475269	MH25		rhizosphere soil	China	2013-09-01	Microbe sample from Bacillus velezensis		False	True	False	False	1	True	source	False	True	False	False	1	source	True	INCLUDE	Isolation source explicitly indicates direct plant association or plant biological material.	isolation_source
GCF_003946895.1	Bacillus velezensis	492670	JK	Contig		2018-12-14	University of Science and Technology Beijing	PRJNA505771	SAMN10434522	JK	rice	seeds	China: Hunan	2018-04-01	Microbe sample from Bacillus velezensis		True	True	False	False	2	True	host;source	False	True	False	False	1	source	True	INCLUDE	Isolation source explicitly indicates direct plant association or plant biological material.	isolation_source
GCF_003986895.1	Bacillus velezensis	492670	BE2	Contig		2018-12-31	University of Reims	PRJNA507554	SAMN10497932	BE2	maize	rhizosphere	France	2016	Microbe sample from Bacillus velezensis		True	True	False	False	2	True	host;source	False	True	False	False	1	source	True	INCLUDE	Isolation source explicitly indicates direct plant association or plant biological material.	isolation_source
GCF_004009895.1	Bacillus velezensis	492670	SB-9	Scaffold		2019-01-09	Henan Agricultural University	PRJNA507329	SAMN10491987	SB-9	Vitis labrusca x Vitis vinifera	root	China:Zhengzhou	2016-06	Microbe sample from Bacillus velezensis		False	True	False	False	1	True	source	False	True	False	False	1	source	True	INCLUDE	Isolation source explicitly indicates direct plant association or plant biological material.	isolation_source
GCF_004294525.1	Bacillus velezensis	492670	A3	Scaffold		2019-02-24	North-West University, South Africa	PRJNA516332	SAMN10787383	A3	Soil	Maize rhizosphere	South Africa	2015-09-20	Draft genome sequence of Sphingobacteria sp. A3 isolated from maize rhizosphere	Availability of food cannot be over emphasized especially with the continuous depletion of agricultural lands to modern developments and natural disasters. The available lands for farming need to be maximized and well supplemented to produce enough food for the growing population. The aim of this study is to identify plant growth promoting bacteria with multiple traits for improvement . This will alleviate or reduce the use of chemical fertilizers thereby improving environmental and human health as well as increasing food availability.	False	True	True	True	3	True	source;title;comment	False	True	True	False	2	source;title	True	INCLUDE	Isolation source explicitly indicates direct plant association or plant biological material.	isolation_source
GCF_006351595.1	Bacillus velezensis	492670	A35	Contig		2019-06-15	ENDOBICA	PRJNA547689	SAMN11974862	A35	black pepper plant	root	Viet Nam	2018-05-22	Microbe sample from Bacillus velezensis		True	True	False	False	2	True	host;source	False	True	False	False	1	source	True	INCLUDE	Isolation source explicitly indicates direct plant association or plant biological material.	isolation_source
GCF_006351615.1	Bacillus velezensis	492670	KT1	Contig		2019-06-15	ENDOBICA	PRJNA547690	SAMN11974892	KT1		black pepper plant rhizosphere	Viet Nam	2018-05-07	Microbe sample from Bacillus velezensis		False	True	False	False	1	True	source	False	True	False	False	1	source	True	INCLUDE	Isolation source explicitly indicates direct plant association or plant biological material.	isolation_source
GCF_006351625.1	Bacillus velezensis	492670	S1	Contig		2019-06-15	ENDOBICA	PRJNA547694	SAMN11974894	S1		coffee plant rhizosphere	Viet Nam	2018-05-10	Microbe sample from Bacillus velezensis		False	True	False	False	1	True	source	False	True	False	False	1	source	True	INCLUDE	Isolation source explicitly indicates direct plant association or plant biological material.	isolation_source
GCF_006351665.1	Bacillus velezensis	492670	TL7	Contig		2019-06-15	ENDOBICA	PRJNA547701	SAMN11974906	TL7	black pepper plant	root	Viet Nam	2018-05-14	Microbe sample from Bacillus velezensis		True	True	False	False	2	True	host;source	False	True	False	False	1	source	True	INCLUDE	Isolation source explicitly indicates direct plant association or plant biological material.	isolation_source
GCF_006351675.1	Bacillus velezensis	492670	A25	Contig		2019-06-15	ENDOBICA	PRJNA547687	SAMN11974859	A25	black pepper plant	root	Viet Nam	2018-05-24	Microbe sample from Bacillus velezensis		True	True	False	False	2	True	host;source	False	True	False	False	1	source	True	INCLUDE	Isolation source explicitly indicates direct plant association or plant biological material.	isolation_source
GCF_006351695.1	Bacillus velezensis	492670	TK2	Contig		2019-06-15	ENDOBICA	PRJNA547696	SAMN11974897	TK2		black pepper plant rhizosphere	Viet Nam	2018-05-07	Microbe sample from Bacillus velezensis		False	True	False	False	1	True	source	False	True	False	False	1	source	True	INCLUDE	Isolation source explicitly indicates direct plant association or plant biological material.	isolation_source
GCF_006351705.1	Bacillus velezensis	492670	S2	Contig		2019-06-15	ENDOBICA	PRJNA547695	SAMN11974895	S2		coffee plant rhizosphere	Viet Nam	2018-05-09	Microbe sample from Bacillus velezensis		False	True	False	False	1	True	source	False	True	False	False	1	source	True	INCLUDE	Isolation source explicitly indicates direct plant association or plant biological material.	isolation_source
GCF_006489275.1	Bacillus velezensis	492670	At1	Complete Genome		2019-06-26	University of Pretoria	PRJNA176703	SAMN12058370	At1		Arabidopsis thaliana seedling from surface sterilized seed	Sweden:Uppsala	2000-05-20	Microbe sample from Bacillus velezensis	Endophytic plant growth promoting isolate producing reddish colonies on solid agar, similar to the previously sequenced Bacillus valizensis UCMB5113 (SAMEA2272338).	False	True	False	True	2	True	source;comment	False	True	False	True	2	source;comment	True	INCLUDE	Isolation source explicitly indicates direct plant association or plant biological material.	isolation_source
GCF_006965525.1	Bacillus velezensis	492670	WRN014	Complete Genome		2019-07-14	Chinese Academy of Agricultural Sciences	PRJNA421392	SAMN08142170	WRN014	rice	soil of root	China	missing	Microbe sample from Bacillus velezensis		True	True	False	False	2	True	host;source	False	True	False	False	1	source	True	INCLUDE	Isolation source explicitly indicates direct plant association or plant biological material.	isolation_source
GCF_008367895.1	Bacillus velezensis	492670	SYP-B637	Complete Genome		2019-09-10	Shenyang Pharmaceutical University	PRJNA563283	SAMN12671280	SYP-B637		rhizospheric soil of Panax notogensing	China: Yunnan Province	2013-10-26	Microbe sample from Bacillus velezensis		False	True	False	False	1	True	source	False	True	False	False	1	source	True	INCLUDE	Isolation source explicitly indicates direct plant association or plant biological material.	isolation_source
GCF_009193045.1	Bacillus velezensis	492670	BPC6	Contig		2019-10-21	Beijing Academy of Agriculture and Forestry Sciences	PRJNA552434	SAMN12206505	BPC6	lettuce	rhizosphere soil	China: Beijing	2016-05	Microbe sample from Bacillus velezensis		False	True	False	False	1	True	source	False	True	False	False	1	source	True	INCLUDE	Isolation source explicitly indicates direct plant association or plant biological material.	isolation_source
GCF_009683055.1	Bacillus velezensis	492670	VRA_336g_f	Scaffold		2019-11-20	Kazan Federal University	PRJNA588983	SAMN13262494	VRA_336g_f	Triticum aestivum	winter wheat, rhizoplane	Russia: Krasnodar Krai, Kuban	2019-08	Microbe sample from Bacillus velezensis		False	True	False	False	1	True	source	False	True	False	False	1	source	True	INCLUDE	Isolation source explicitly indicates direct plant association or plant biological material.	isolation_source
GCF_009683125.1	Bacillus velezensis	492670	VRA_336g_n	Scaffold		2019-11-20	Kazan Federal University	PRJNA588983	SAMN13262482	VRA_336g_n	Triticum aestivum	winter wheat, rhizoplane	Russia: Krasnodar Krai, Kuban	2019-08	Microbe sample from Bacillus velezensis		False	True	False	False	1	True	source	False	True	False	False	1	source	True	INCLUDE	Isolation source explicitly indicates direct plant association or plant biological material.	isolation_source
GCF_009683155.1	Bacillus velezensis	492670	VRA_517_n	Scaffold		2019-11-20	Kazan Federal University	PRJNA588983	SAMN13262483	VRA_517_n	Triticum aestivum	winter wheat, rhizoplane	Russia: Krasnodar Krai, Kuban	2019-08	Microbe sample from Bacillus velezensis		False	True	False	False	1	True	source	False	True	False	False	1	source	True	INCLUDE	Isolation source explicitly indicates direct plant association or plant biological material.	isolation_source
GCF_009996865.1	Bacillus velezensis	492670	K1	Contig		2020-01-29	Post Graduate Department of Biosciences	PRJNA603007	SAMN13916046	K1	Ficus benghalensis	Aerial roots	India	2007	Microbe sample from Bacillus velezensis		False	True	False	False	1	True	source	False	True	False	False	1	source	True	INCLUDE	Isolation source explicitly indicates direct plant association or plant biological material.	isolation_source
GCF_010671715.1	Bacillus velezensis	492670	HU-91	Scaffold		2020-02-16	COMSATS University	PRJNA605675	SAMN14074146	HU-91	Triticum aestivum	rhizosphere	Pakistan	2018-04	Microbe sample from Bacillus velezensis		False	True	False	False	1	True	source	False	True	False	False	1	source	True	INCLUDE	Isolation source explicitly indicates direct plant association or plant biological material.	isolation_source
GCF_011043745.1	Bacillus velezensis	492670	FZ06	Scaffold		2020-02-29	South China University of Technology	PRJNA608143	SAMN14166443	FZ06	Camellia sinensis var. assamica	leaves	China	2018-05	Bacillus velezensis FZ06 isolated from leaves of Camellia assamica		False	True	True	False	2	True	source;title	False	True	True	False	2	source;title	True	INCLUDE	Isolation source explicitly indicates direct plant association or plant biological material.	isolation_source
GCF_011100445.1	Bacillus velezensis	492670	UB2017	Complete Genome		2020-03-10	Jiangxi Agricultural University	PRJNA609524	SAMN14253886	UB2017	soil	Citrus rhizosphere soil	China: Jiangxi	2017-12	Microbe sample from Bacillus velezensis		False	True	False	False	1	True	source	False	True	False	False	1	source	True	INCLUDE	Isolation source explicitly indicates direct plant association or plant biological material.	isolation_source
GCF_011317125.1	Bacillus velezensis	492670	BTS-4	Contig		2020-03-16	The Sainsbury Laboratory, University of East Anglia	PRJNA593391	SAMN13476498	BTS-4	rice cultivar Rangabinni	seeds	Bangladesh	2012	Microbe sample from Bacillus velezensis		True	True	False	False	2	True	host;source	False	True	False	False	1	source	True	INCLUDE	Isolation source explicitly indicates direct plant association or plant biological material.	isolation_source
GCF_011421515.1	Bacillus velezensis	492670	BTLK6A	Contig		2020-03-18	The Sainsbury Laboratory, University of East Anglia	PRJNA593703	SAMN13483590	BTLK6A	Triticum aestivum cv. Kanchan	seeds	Bangladesh	2012	Bacillus amyloliquefaciens isolated from seeds of wheat cultivar Kanchan	Wheat blast, caused by a fungus Magnaporthe oryzae Triticum pathotype, has been a threat to wheat production in Brazil and some countries in South America since its first emergence in Parana state of Brazil in 1985. In February 2016, it emerged for the first time in Bangladesh and devastated more than 15,000 hectares of wheat in a large area of the South-western and western parts of Bangladesh. At present, it is unclear whether resistant wheat varieties against M. oryzae are available and the degree to which fungicide application for the neck blast management is reliable. Applications of plant probiotic bacteria are known to promote growth of host plants and suppress phytopathogenic fungi by various mechanisms. However, there are no biocontrol agents so far developed against the wheat blast fungus. To find potential biocontrol agents, we screened several hundreds of plant probiotic bacteria isolated from the surface sterilized seeds and organs of various crop plants including wheat and rice in Bangladesh. Some of the isolates including Bacillus amyloliquefaciens strain BTLK6A displayed potent inhibitory activities against the wheat blast fungus in vitro and suppression of disease in vivo. We sequenced this bacterial isolate and assembled the genome using the services provided by MicrobesNG.	False	True	True	True	3	True	source;title;comment	False	True	True	True	3	source;title;comment	True	INCLUDE	Isolation source explicitly indicates direct plant association or plant biological material.	isolation_source
GCF_012226065.1	Bacillus velezensis	492670	Htq6	Complete Genome		2020-04-09	UNIVERSITY OF CALIFORNIA DAVIS	PRJNA614595	SAMN14433598	Htq6	Juglans regia	leaf	China: Shanxi	missing	Genome sequencing and assembly of Bacillus velezensis Htq6		False	True	False	False	1	True	source	False	True	False	False	1	source	True	INCLUDE	Isolation source explicitly indicates direct plant association or plant biological material.	isolation_source
GCF_012935315.1	Bacillus velezensis	492670	SPL51	Contig		2020-04-30	University of Groningen	PRJNA623850	SAMN14558907	SPL51	Lettuce	leaves	Netherlands	2018-01-01	SPL51	Antibiotic resistance against Tetracyclin	False	True	False	False	1	True	source	False	True	False	False	1	source	True	INCLUDE	Isolation source explicitly indicates direct plant association or plant biological material.	isolation_source
GCF_013122275.1	Bacillus velezensis	492670	EN01	Complete Genome		2020-05-19	Academia Sinica	PRJNA631949	SAMN14897144	EN01	not applicable	leaf	Taiwan: Yonghe District, New Taipei City	2018-03-13	MIGS Cultured Bacterial/Archaeal sample from Bacillus velezensis EN01	Keywords: GSC:MIxS;MIGS:6.0	False	True	False	False	1	True	source	False	True	False	False	1	source	True	INCLUDE	Isolation source explicitly indicates direct plant association or plant biological material.	isolation_source
GCF_013201465.1	Bacillus velezensis	492670	B268	Complete Genome		2020-06-01	Zhejiang Agriculture and Forestry University	PRJNA633973	SAMN14978898	B268		Casuarina equisetifolia rhizosphere	China: Zhejiang	2014-06	Microbe sample from Bacillus velezensis		False	True	False	False	1	True	source	False	True	False	False	1	source	True	INCLUDE	Isolation source explicitly indicates direct plant association or plant biological material.	isolation_source
GCF_013284475.1	Bacillus velezensis	492670	CP5.2	Contig		2020-06-07	ENDOBICA	PRJNA634758	SAMN15006543	CP5.2	orange plant	orange plant root	Viet Nam: Cao Phong, Hoa Binh	2019-04-17	Microbe sample from Bacillus velezensis		True	True	False	False	2	True	host;source	False	True	False	False	1	source	True	INCLUDE	Isolation source explicitly indicates direct plant association or plant biological material.	isolation_source
GCF_013284545.1	Bacillus velezensis	492670	CP7.1A	Contig		2020-06-07	ENDOBICA	PRJNA634761	SAMN15006565	CP7.1A		soil from orange tree roots	Viet Nam: Cao Phong, Hoa Binh	2019-04-17	Microbe sample from Bacillus velezensis		False	True	False	False	1	True	source	False	True	False	False	1	source	True	INCLUDE	Isolation source explicitly indicates direct plant association or plant biological material.	isolation_source
GCF_013284555.1	Bacillus velezensis	492670	CP7.1C	Contig		2020-06-07	ENDOBICA	PRJNA634762	SAMN15006566	CP7.1C		orange plant root adhering soil	Viet Nam: Cao Phong, Hoa Binh	2019-04-17	Microbe sample from Bacillus velezensis		False	True	False	False	1	True	source	False	True	False	False	1	source	True	INCLUDE	Isolation source explicitly indicates direct plant association or plant biological material.	isolation_source
GCF_013284575.1	Bacillus velezensis	492670	CP6	Contig		2020-06-07	ENDOBICA	PRJNA634760	SAMN15006544	CP6	orange plant	orange plant leaf	Viet Nam: Cao Phong, Hoa Binh	2019-04-17	Microbe sample from Bacillus velezensis		True	True	False	False	2	True	host;source	False	True	False	False	1	source	True	INCLUDE	Isolation source explicitly indicates direct plant association or plant biological material.	isolation_source
GCF_013284625.1	Bacillus velezensis	492670	CP7.2A	Contig		2020-06-07	ENDOBICA	PRJNA634775	SAMN15006954	CP7.2A		soil from orange tree roots	Viet Nam: Cao Phong, Hoa Binh	2019-04-17	Microbe sample from Bacillus velezensis		False	True	False	False	1	True	source	False	True	False	False	1	source	True	INCLUDE	Isolation source explicitly indicates direct plant association or plant biological material.	isolation_source
GCF_013284655.1	Bacillus velezensis	492670	HD2.2	Contig		2020-06-07	ENDOBICA	PRJNA634812	SAMN15009506	HD2.2	tomato plant	root of tomato plant	Viet Nam: Hoai Duc, Ha Noi	2019-04-23	Microbe sample from Bacillus velezensis		True	True	False	False	2	True	host;source	False	True	False	False	1	source	True	INCLUDE	Isolation source explicitly indicates direct plant association or plant biological material.	isolation_source
GCF_013284725.1	Bacillus velezensis	492670	HD3.1B	Contig		2020-06-07	ENDOBICA	PRJNA634818	SAMN15009693	HD3.1B	tomato plant	root of tomato plant	Viet Nam: Hoai Duc, Ha Noi	2019-04-23	Microbe sample from Bacillus velezensis		True	True	False	False	2	True	host;source	False	True	False	False	1	source	True	INCLUDE	Isolation source explicitly indicates direct plant association or plant biological material.	isolation_source
GCF_013284745.1	Bacillus velezensis	492670	HD5.2A	Contig		2020-06-07	ENDOBICA	PRJNA634824	SAMN15009802	HD5.2A	tomato plant	tomato plant leaf	Viet Nam: Hoai Duc, Ha Noi	2019-04-23	Microbe sample from Bacillus velezensis		True	True	False	False	2	True	host;source	False	True	False	False	1	source	True	INCLUDE	Isolation source explicitly indicates direct plant association or plant biological material.	isolation_source
GCF_013284765.1	Bacillus velezensis	492670	HD5.1	Contig		2020-06-07	ENDOBICA	PRJNA634821	SAMN15009799	HD5.1	tomato plant	tomato plant leaf	Viet Nam: Hoai Duc, Ha Noi	2019-04-23	Microbe sample from Bacillus velezensis		True	True	False	False	2	True	host;source	False	True	False	False	1	source	True	INCLUDE	Isolation source explicitly indicates direct plant association or plant biological material.	isolation_source
GCF_013284775.1	Bacillus velezensis	492670	BT2.1	Contig		2020-06-07	ENDOBICA	PRJNA634830	SAMN15009896	BT2.1	dragon fruit tree	stem from dragon fruit tree	Viet Nam: Ham thuan Nam, Binh Thuan	2019-05-05	Microbe sample from Bacillus velezensis		False	True	False	False	1	True	source	False	True	False	False	1	source	True	INCLUDE	Isolation source explicitly indicates direct plant association or plant biological material.	isolation_source
GCF_013284785.2	Bacillus velezensis	492670	BT2.4	Complete Genome		2021-11-01	ENDOBICA	PRJNA634832	SAMN15009897	BT2.4	dragon fruit tree	stem from dragon fruit tree	Viet Nam: Ham thuan Nam, Binh Thuan	2019-05-05	Microbe sample from Bacillus velezensis		False	True	False	False	1	True	source	False	True	False	False	1	source	True	INCLUDE	Isolation source explicitly indicates direct plant association or plant biological material.	isolation_source
GCF_013284825.1	Bacillus velezensis	492670	OL1.1	Contig		2020-06-07	ENDOBICA	PRJNA634834	SAMN15010036	OL1.1	orange plant	orange plant leaf	Viet Nam: Cao Phong, Hoa Binh	2019-06-13	Microbe sample from Bacillus velezensis		True	True	False	False	2	True	host;source	False	True	False	False	1	source	True	INCLUDE	Isolation source explicitly indicates direct plant association or plant biological material.	isolation_source
GCF_013285045.1	Bacillus velezensis	492670	EG5.1A	Contig		2020-06-07	ENDOBICA	PRJNA634894	SAMN15010696	EG5.1A	white egg plant	root of white egg plant	Viet Nam: Hoai Duc, Ha Noi	2019-12-06	Microbe sample from Bacillus velezensis		True	True	False	False	2	True	host;source	False	True	False	False	1	source	True	INCLUDE	Isolation source explicitly indicates direct plant association or plant biological material.	isolation_source
GCF_013285055.1	Bacillus velezensis	492670	OR2.1	Contig		2020-06-07	ENDOBICA	PRJNA634888	SAMN15010616	OR2.1	orange plant	orange plant root	Viet Nam: Cao Phong, Hoa Binh	2019-06-13	Microbe sample from Bacillus velezensis		True	True	False	False	2	True	host;source	False	True	False	False	1	source	True	INCLUDE	Isolation source explicitly indicates direct plant association or plant biological material.	isolation_source
GCF_013285085.2	Bacillus velezensis	492670	BP1.2A	Complete Genome		2021-11-01	ENDOBICA	PRJNA634914	SAMN15012571	BP1.2A	black pepper plant	black pepper plant root	Viet Nam: Chu Se, Gia Lai	2019-05-08	Microbe sample from Bacillus velezensis		True	True	False	False	2	True	host;source	False	True	False	False	1	source	True	INCLUDE	Isolation source explicitly indicates direct plant association or plant biological material.	isolation_source
GCF_013285105.1	Bacillus velezensis	492670	MR2.1A	Contig		2020-06-07	ENDOBICA	PRJNA634899	SAMN15010747	MR2.1A	maize	root of maize	Viet Nam: Phu An, Thanh Da, Phuc Tho	2019-12-06	Microbe sample from Bacillus velezensis		True	True	False	False	2	True	host;source	False	True	False	False	1	source	True	INCLUDE	Isolation source explicitly indicates direct plant association or plant biological material.	isolation_source
GCF_013348705.1	Bacillus velezensis	492670	KKLW	Complete Genome		2020-06-17	Qinghai University	PRJNA638691	SAMN15205599	KKLW		Phragmites communis rhizosphere in Keke Saltworks	China:Qinghai	2010-07	Microbe sample from Bacillus velezensis		False	True	False	False	1	True	source	False	True	False	False	1	source	True	INCLUDE	Isolation source explicitly indicates direct plant association or plant biological material.	isolation_source
GCF_013875015.1	Bacillus velezensis	492670	MV2	Complete Genome		2020-07-29	Pusan National University	PRJNA647609	SAMN15595192	MV2	Malva verticillata	leaves	South Korea:Busan	2019-03-01	MIGS Cultured Bacterial/Archaeal sample from Bacillus velezensis	Keywords: GSC:MIxS;MIGS:6.0	False	True	False	False	1	True	source	False	True	False	False	1	source	True	INCLUDE	Isolation source explicitly indicates direct plant association or plant biological material.	isolation_source
GCF_014211995.1	Bacillus velezensis	492670	HAB-2	Complete Genome		2020-08-16	Hainan University	PRJNA655790	SAMN15755127	HAB-2		rhizosphere of cotton	China:Xinjiang Province	2004	Microbe sample from Bacillus velezensis		False	True	False	False	1	True	source	False	True	False	False	1	source	True	INCLUDE	Isolation source explicitly indicates direct plant association or plant biological material.	isolation_source
GCF_014495825.1	Bacillus velezensis	492670	CLA178	Complete Genome		2020-09-09	Chinese Academy of Forestry	PRJNA660362	SAMN15947555	CLA178		rhizosphere soil	China: Beijing	2017-03	Bacillus velezensis CLA178 isolated form rhizosphere soil		False	True	True	False	2	True	source;title	False	True	True	False	2	source;title	True	INCLUDE	Isolation source explicitly indicates direct plant association or plant biological material.	isolation_source
GCF_015354255.1	Bacillus velezensis	492670	QC-J	Scaffold		2020-11-11	Jiangxi University of Science and Technology	PRJNA674683	SAMN16669251	QC-J	navel orange	leaves and young twigs	China:Jiangxi	2019-10-09	Microbe sample from Bacillus velezensis		False	True	False	False	1	True	source	False	True	False	False	1	source	True	INCLUDE	Isolation source explicitly indicates direct plant association or plant biological material.	isolation_source
GCF_016106735.1	Bacillus velezensis	492670	VB7	Contig		2020-12-17	TAMILNADU AGRICULTURAL UNIVERSITY	PRJNA564762	SAMN12721965	VB7		rhizosphere soil	India: Tamil Nadu, Coimbatore	2019-01-14	Microbe sample from Bacillus velezensis		False	True	False	False	1	True	source	False	True	False	False	1	source	True	INCLUDE	Isolation source explicitly indicates direct plant association or plant biological material.	isolation_source
GCF_016766595.1	Bacillus velezensis	492670	GUMT319	Complete Genome		2021-01-28	Guizhou University	PRJNA691874	SAMN17306585	GUMT319	tobacco	rhizosphere soil	China: Guizhou	2017-08	Microbe sample from Bacillus velezensis		True	True	False	False	2	True	host;source	False	True	False	False	1	source	True	INCLUDE	Isolation source explicitly indicates direct plant association or plant biological material.	isolation_source
GCF_016772005.1	Bacillus velezensis	492670	Amfr20	Contig		2021-01-28	Agricultural University of Athens	PRJNA681328	SAMN16949414	Amfr20	Olea europaea	roots, endophytic	Greece: Agricultural University of Athens	2016-06	MIGS Cultured Bacterial/Archaeal sample from Bacillus velezensis	Keywords: GSC:MIxS;MIGS:6.0	False	True	False	False	1	True	source	False	True	False	False	1	source	True	INCLUDE	Isolation source explicitly indicates direct plant association or plant biological material.	isolation_source
GCF_016772025.1	Bacillus velezensis	492670	Sf2	Scaffold		2021-01-28	Agricultural University of Athens	PRJNA681330	SAMN16949412	Sf2	Salvia fruticosa	roots, endophytic	Greece: Spata	2016-06	MIGS Cultured Bacterial/Archaeal sample from Bacillus velezensis	Keywords: GSC:MIxS;MIGS:6.0	False	True	False	False	1	True	source	False	True	False	False	1	source	True	INCLUDE	Isolation source explicitly indicates direct plant association or plant biological material.	isolation_source
GCF_016834435.1	Bacillus velezensis	492670	GUAL210	Complete Genome		2021-02-08	Guizhou University	PRJNA695858	SAMN17620320	GUAL210	pepper	rhizosphere soil	China: Guizhou	2017-06	Microbe sample from Bacillus velezensis		True	True	False	False	2	True	host;source	False	True	False	False	1	source	True	INCLUDE	Isolation source explicitly indicates direct plant association or plant biological material.	isolation_source
GCF_018729285.1	Bacillus velezensis	492670	PK13 (Hir139)	Contig		2021-06-06	Agricultural University of Athens	PRJNA733900	SAMN19461841	PK13 (Hir139)	Hypericum hircinum	roots	Greece: Spata	2016-12	MIGS Cultured Bacterial/Archaeal sample from Bacillus velezensis	Keywords: GSC:MIxS;MIGS:6.0	False	True	False	False	1	True	source	False	True	False	False	1	source	True	INCLUDE	Isolation source explicitly indicates direct plant association or plant biological material.	isolation_source
GCF_018729415.1	Bacillus velezensis	492670	PK24 (K-165)	Contig		2021-06-06	Agricultural University of Athens	PRJNA733906	SAMN19461996	PK24 (K-165)	Solanum lycopersicum	roots	Greece: Preveza	1994-09	MIGS Cultured Bacterial/Archaeal sample from Bacillus velezensis	Keywords: GSC:MIxS;MIGS:6.0	False	True	False	False	1	True	source	False	True	False	False	1	source	True	INCLUDE	Isolation source explicitly indicates direct plant association or plant biological material.	isolation_source
GCF_019163475.1	Bacillus velezensis	492670	YYC	Complete Genome		2021-07-07	Qiqihar University	PRJNA728388	SAMN19079027	YYC	missing	tomato rhizosphere soil	China: Heilongjiang Province	2019-11-10	Microbe sample from tomato rhizosphere soil microbe		False	True	True	False	2	True	source;title	False	True	True	False	2	source;title	True	INCLUDE	Isolation source explicitly indicates direct plant association or plant biological material.	isolation_source
GCF_019464595.1	Bacillus velezensis	492670	WB	Complete Genome		2021-08-09	Qiqihar University	PRJNA734709	SAMN19519143	WB	watermelon	watermelon rhizosphere soil	China: Heilongjiang Province	2017-03-12	Microbe sample from Bacterial		False	True	False	False	1	True	source	False	True	False	False	1	source	True	INCLUDE	Isolation source explicitly indicates direct plant association or plant biological material.	isolation_source
GCF_019603335.1	Bacillus velezensis	492670	B4-7	Complete Genome		2021-08-16	Yangtze University	PRJNA752918	SAMN20667757	B4-7		rhizobacterium	China: Hubei province, Enshi city	2020-07-20	Microbe sample from Bacillus velezensis		False	True	False	False	1	True	source	False	True	False	False	1	source	True	INCLUDE	Isolation source explicitly indicates direct plant association or plant biological material.	isolation_source
GCF_020177005.1	Bacillus velezensis	492670	alder76	Contig		2021-09-29	University of New Hampshire	PRJNA748777	SAMN20345128	alder76	Alnus incana	root nodules	USA: Durham, NH	2019-09-03	Microbe sample from Bacillus velezensis		False	True	False	False	1	True	source	False	True	False	False	1	source	True	INCLUDE	Isolation source explicitly indicates direct plant association or plant biological material.	isolation_source
GCF_020179855.1	Bacillus velezensis	492670	alder71	Contig		2021-09-29	University of New Hampshire	PRJNA748777	SAMN20345127	alder71	Alnus incana	root nodules	USA: Durham, NH	2019-09-03	Microbe sample from Bacillus velezensis		False	True	False	False	1	True	source	False	True	False	False	1	source	True	INCLUDE	Isolation source explicitly indicates direct plant association or plant biological material.	isolation_source
GCF_020179885.1	Bacillus velezensis	492670	alder77	Contig		2021-09-29	University of New Hampshire	PRJNA748777	SAMN20345129	alder77	Alnus incana	root nodules	USA: Durham, NH	2019-09-03	Microbe sample from Bacillus velezensis		False	True	False	False	1	True	source	False	True	False	False	1	source	True	INCLUDE	Isolation source explicitly indicates direct plant association or plant biological material.	isolation_source
GCF_020551965.1	Bacillus velezensis	492670	SMLR-1	Contig		2021-10-25	CBBC	PRJNA761700	SAMN21907814	SMLR-1	Solanum linnaeanum	root	Tunisia: Kairouan	2017-10	Microbe sample from Bacillus velezensis		False	True	False	False	1	True	source	False	True	False	False	1	source	True	INCLUDE	Isolation source explicitly indicates direct plant association or plant biological material.	isolation_source
GCF_020685215.1	Bacillus velezensis	492670	KnL15	Contig		2021-10-31	CBBC	PRJNA761700	SAMN21973417	KnL15	Solanum tuberosum	leaf	Tunisia:Cap Bon	2009	Microbe sample from Bacillus velezensis		False	True	False	False	1	True	source	False	True	False	False	1	source	True	INCLUDE	Isolation source explicitly indicates direct plant association or plant biological material.	isolation_source
GCF_020861635.1	Bacillus velezensis	492670	AF_3B	Contig		2021-11-14	NIBGE	PRJNA777732	SAMN22871637	AF_3B		rhizospheric soil	Pakistan	2017-06-12	Microbe sample from Bacillus velezensis		False	True	False	False	1	True	source	False	True	False	False	1	source	True	INCLUDE	Isolation source explicitly indicates direct plant association or plant biological material.	isolation_source
GCF_020907785.1	Bacillus velezensis	492670	RC116	Contig		2021-11-21	Guangdong Institute Of Microbiology	PRJNA780183	SAMN23131954	RC116	tomato	rhizosphere soil	China	2021-07	Microbe sample from Bacillus velezensis		True	True	False	False	2	True	host;source	False	True	False	False	1	source	True	INCLUDE	Isolation source explicitly indicates direct plant association or plant biological material.	isolation_source
GCF_020911825.1	Bacillus velezensis	492670	JIN4	Complete Genome		2021-11-22	CAAS	PRJNA780366	SAMN23138931	JIN4		tree branch kiwi endophytes	China: Changsha, Hunan	2021-05	Microbe sample from Bacillus velezensis		False	True	False	False	1	True	source	False	True	False	False	1	source	True	INCLUDE	Isolation source explicitly indicates direct plant association or plant biological material.	isolation_source
GCF_021202875.1	Bacillus velezensis	492670	ML122-2	Contig		2021-12-14	Chiang Mai University	PRJNA722993	SAMN18796835	ML122-2	Camellia sinensis var. assamica	Assam tea or Miang leaf	Thailand	2018-03-25	Microbe sample from Bacillus velezensis		False	True	False	False	1	True	source	False	True	False	False	1	source	True	INCLUDE	Isolation source explicitly indicates direct plant association or plant biological material.	isolation_source
GCF_021228895.1	Bacillus velezensis	492670	A4P130	Complete Genome		2021-12-19	Leibniz Centre for Agricultural Landscape Research (ZALF)	PRJNA786890	SAMN23802834	A4P130	Fraxinus excelsior	compound leaves	Germany: forest district Lendershagen	2017-07	Microbe sample from Bacillus velezensis		False	True	False	False	1	True	source	False	True	False	False	1	source	True	INCLUDE	Isolation source explicitly indicates direct plant association or plant biological material.	isolation_source
GCF_022370935.1	Bacillus velezensis	492670	HNU24	Complete Genome		2022-02-23	Hainan Normal University	PRJNA807387	SAMN21927082	HNU24	tomato	rhizosphere soil of stock	China: Hainan	2020-10-01	Microbe sample from Bacillus velezensis		True	True	False	False	2	True	host;source	False	True	False	False	1	source	True	INCLUDE	Isolation source explicitly indicates direct plant association or plant biological material.	isolation_source
GCF_022385235.1	Bacillus velezensis	492670	504	Complete Genome		2022-02-24	Shanghai Jiao Tong University	PRJNA807132	SAMN25963216	504		rhizosphere soil	China:Xiyang Village, Youxi County, Sanming City, Fujian Province	2018-02-21	Microbe sample from Bacillus velezensis		False	True	False	False	1	True	source	False	True	False	False	1	source	True	INCLUDE	Isolation source explicitly indicates direct plant association or plant biological material.	isolation_source
GCF_022488425.1	Bacillus velezensis	492670	KS04AU	Complete Genome		2022-03-06	Kazan State Agrarian University	PRJNA809511	SAMN26182808	KS04AU		rhizosphere soil	not applicable	2021-07-12	Genome sample from Bacillus velezensis KS04AU		False	True	False	False	1	True	source	False	True	False	False	1	source	True	INCLUDE	Isolation source explicitly indicates direct plant association or plant biological material.	isolation_source
GCF_024125385.1	Bacillus velezensis	492670	AF_3B-1500	Contig		2022-07-02	NIBGE	PRJNA842540	SAMN28673785	AF_3B-1500		rhizospheric soil	Pakistan	2017-06-12	Microbe sample from Bacillus velezensis		False	True	False	False	1	True	source	False	True	False	False	1	source	True	INCLUDE	Isolation source explicitly indicates direct plant association or plant biological material.	isolation_source
GCF_024125405.1	Bacillus velezensis	492670	AF_3B-2500	Contig		2022-07-02	NIBGE	PRJNA842544	SAMN28673929	AF_3B-2500		rhizospheric soil	Pakistan	2017-06-12	Microbe sample from Bacillus velezensis		False	True	False	False	1	True	source	False	True	False	False	1	source	True	INCLUDE	Isolation source explicitly indicates direct plant association or plant biological material.	isolation_source
GCF_024259405.1	Bacillus velezensis	492670	RP66-1	Contig		2022-07-13	Zhejiang University	PRJNA856262	SAMN29538464	RP66-1	black locust	nodule	China: Wuhan	2012-06-02	Microbe sample from Bacillus velezensis		False	True	False	False	1	True	source	False	True	False	False	1	source	True	INCLUDE	Isolation source explicitly indicates direct plant association or plant biological material.	isolation_source
GCF_024917135.1	Bacillus velezensis	492670	TH-1	Complete Genome		2022-09-04	Guizhou University of Traditional Medicine	PRJNA873857	SAMN30502274	TH-1	Sophora tonkinensis Radix	rhizosphere soil	China: Guizhou	2020-08-01	Microbe sample from Bacillus velezensis		False	True	False	False	1	True	source	False	True	False	False	1	source	True	INCLUDE	Isolation source explicitly indicates direct plant association or plant biological material.	isolation_source
GCF_025857215.1	Bacillus velezensis	492670	ML61	Complete Genome		2022-10-26	Zhejiang A&F University	PRJNA873517	SAMN30498090	ML61		Isolation from the rhizosphere of bok choy	China: Hangzhou	2020-11-13	Bacillus velezensis ML61 isolated from the rhizosphere of bok choy	Bacillus velezensis strain ML61 was isolated from the rhizosphere of bok choy (Brassica rapa var. chinensis).	False	True	True	True	3	True	source;title;comment	False	True	True	True	3	source;title;comment	True	INCLUDE	Isolation source explicitly indicates direct plant association or plant biological material.	isolation_source
GCF_025917635.1	Bacillus velezensis	492670	HC-8	Complete Genome		2022-10-31	Guizhou University of Traditional Medicine	PRJNA762636	SAMN21399633	HC-8	honeysuckle	leaf	China: Guizhou	2019-07	Microbe sample from Bacillus velezensis		False	True	False	False	1	True	source	False	True	False	False	1	source	True	INCLUDE	Isolation source explicitly indicates direct plant association or plant biological material.	isolation_source
GCF_026194235.1	Bacillus velezensis	492670	goe11	Contig		2022-11-15	National Institute of Horticultural and Herbal Science , Rural Development Administration (RDA)	PRJNA895191	SAMN31496115	goe11	Panax ginseng	rhizosphere	not applicable	2021-08-01	Microbe sample from Bacillus siamensis		False	True	False	False	1	True	source	False	True	False	False	1	source	True	INCLUDE	Isolation source explicitly indicates direct plant association or plant biological material.	isolation_source
GCF_026241745.1	Bacillus velezensis	492670	QCGJ-01	Scaffold		2022-11-20	Jiangxi University of Science and Technology	PRJNA899982	SAMN31675477	QCGJ-01		Navel orange rhizosphere soil	China:JiangXi	2022-03	Microbe sample from Bacillus velezensis		False	True	False	False	1	True	source	False	True	False	False	1	source	True	INCLUDE	Isolation source explicitly indicates direct plant association or plant biological material.	isolation_source
GCF_026242165.1	Bacillus velezensis	492670	NEAU-CP16	Contig		2022-11-20	School of life science	PRJNA901888	SAMN31737258	NEAU-CP16		seed	China:Harbin	2021-04-30	Microbe sample from Bacillus velezensis		False	True	False	False	1	True	source	False	True	False	False	1	source	True	INCLUDE	Isolation source explicitly indicates direct plant association or plant biological material.	isolation_source
GCF_026275485.1	Bacillus velezensis	492670	NEAU-CP5	Scaffold		2022-11-21	School of life science	PRJNA901884	SAMN31737087	NEAU-CP5		seed	China:Harbin	2021-04-30	Microbe sample from Bacillus velezensis		False	True	False	False	1	True	source	False	True	False	False	1	source	True	INCLUDE	Isolation source explicitly indicates direct plant association or plant biological material.	isolation_source
GCF_027857035.1	Bacillus velezensis	492670	FJAT-54560	Complete Genome		2023-01-15	Agricultural Bioresources Research Institute	PRJNA917207	SAMN32527832	FJAT-54560		stem	China	2020-08-10	Microbe sample from Bacillus velezensis		False	True	False	False	1	True	source	False	True	False	False	1	source	True	INCLUDE	Isolation source explicitly indicates direct plant association or plant biological material.	isolation_source
GCF_029016665.1	Bacillus velezensis	492670	ZY1	Complete Genome		2023-03-07	Chinese Academy of Agricultural Sciences	PRJNA933777	SAMN33247801	ZY1	Pepper	Pepper leaves	China: Beijing	2021-12-21	Microbe sample from Bacillus velezensis		True	True	False	False	2	True	host;source	False	True	False	False	1	source	True	INCLUDE	Isolation source explicitly indicates direct plant association or plant biological material.	isolation_source
GCF_029215565.1	Bacillus velezensis	492670	JB7	Complete Genome		2023-03-15	QiQiHaEr university	PRJNA940520	SAMN33580359	JB7	missing	seed	China:QiQiHar	2022-01-10	Microbe sample from Bacillus methylotrophicus		False	True	False	False	1	True	source	False	True	False	False	1	source	True	INCLUDE	Isolation source explicitly indicates direct plant association or plant biological material.	isolation_source
GCF_029282585.1	Bacillus velezensis	492670	160	Complete Genome		2023-03-20	Universidad Politecnica de Pachuca	PRJNA938964	SAMN33451486	160		rhizosphere soil of corn crops	Mexico	2010-10-20	MIGS Cultured Bacterial/Archaeal sample from Bacillus velezensis	Keywords: GSC:MIxS;MIGS:6.0	False	True	False	False	1	True	source	False	True	False	False	1	source	True	INCLUDE	Isolation source explicitly indicates direct plant association or plant biological material.	isolation_source
GCF_029636745.1	Bacillus velezensis	492670	Lwp6	Complete Genome		2023-04-10	Fujian Agriculture and Forestry University	PRJNA928861	SAMN32945705	Lwp6	Raphanus sativus L seed		China: Fuzhou	2021-07-17	Bacillus velezensis Lwp6	Bacillus velezensis Lwp6 isolated from Raphanus sativus L seed	True	False	False	True	2	True	host;comment	True	False	False	True	2	host;comment	True	INCLUDE	Isolation source is unavailable, but other BioSample metadata explicitly indicates direct plant association or plant biological material.	other_explicit_metadata
GCF_029846455.1	Bacillus velezensis	492670	R1-3	Scaffold		2023-04-19	Huaiyin Agricultural Science Research Institute in Xuhuai District, Jiangsu Province	PRJNA954184	SAMN34136143	R1-3		muskmelon rhizosphere	China: JiangSu	missing	Microbe sample from Bacillus velezensis		False	True	False	False	1	True	source	False	True	False	False	1	source	True	INCLUDE	Isolation source explicitly indicates direct plant association or plant biological material.	isolation_source
GCF_029910295.1	Bacillus velezensis	492670	PT4	Complete Genome		2023-05-01	Fujian Agriculture and Forestry University	PRJNA929023	SAMN32949359	PT4	Solanum tuberosum L	leaves	China: Xia Pu	2021-05-07	Bacillus velezensis PT4		False	True	False	False	1	True	source	False	True	False	False	1	source	True	INCLUDE	Isolation source explicitly indicates direct plant association or plant biological material.	isolation_source
GCF_030028255.1	Bacillus velezensis	492670	IFST-221	Complete Genome		2023-05-17	Chinese Academy of Agricultural Sciences	PRJNA970469	SAMN35003787	IFST-221	maize	rhizosphere	China: Yunnan province	2017-09-28	Microbe sample from Bacillus velezensis		True	True	False	False	2	True	host;source	False	True	False	False	1	source	True	INCLUDE	Isolation source explicitly indicates direct plant association or plant biological material.	isolation_source
GCF_030123305.1	Bacillus velezensis	492670	NJ26	Complete Genome		2023-05-27	Technical University of Denmark	PRJNA960711	SAMN34375025	NJ26		rhizosphere soil	China: Neijiang, Sichuan Province	missing	Microbe sample from Bacillus velezensis		False	True	False	False	1	True	source	False	True	False	False	1	source	True	INCLUDE	Isolation source explicitly indicates direct plant association or plant biological material.	isolation_source
GCF_030252385.1	Bacillus velezensis	492670	MC2S-6	Complete Genome		2023-06-11	Yangzhou University	PRJNA979154	SAMN35566365	MC2S-6		rhizosphere	China: Jiangsu	2022-05	Microbe sample from Bacillus velezensis		False	True	False	False	1	True	source	False	True	False	False	1	source	True	INCLUDE	Isolation source explicitly indicates direct plant association or plant biological material.	isolation_source
GCF_030284665.1	Bacillus velezensis	492670	R22	Scaffold		2023-06-17	Institute of Microbiology, BAS	PRJNA981654	SAMN35683875	R22	Oryza sativa	rhizosphere	Bulgaria	2015-10-10	MIGS Cultured Bacterial/Archaeal sample from Bacillus velezensis	Keywords: GSC:MIxS;MIGS:6.0	False	True	False	False	1	True	source	False	True	False	False	1	source	True	INCLUDE	Isolation source explicitly indicates direct plant association or plant biological material.	isolation_source
GCF_030348305.1	Bacillus velezensis	492670	TZ19	Contig		2023-06-27	Technical University of Denmark	PRJNA960711	SAMN34375034	TZ19		rhizosphere soil	China: Taizhou, Jiangsu Province	missing	Microbe sample from Bacillus velezensis		False	True	False	False	1	True	source	False	True	False	False	1	source	True	INCLUDE	Isolation source explicitly indicates direct plant association or plant biological material.	isolation_source
GCF_030378485.1	Bacillus velezensis	492670	SH-1471	Complete Genome		2023-07-01	Yunnan agricultural university	PRJNA985088	SAMN35788485	SH-1471	Tobacco	Healthy tobacco rhizosphere soil	China:Lijiang	2021-08	Microbe sample from Bacillus velezensis		True	True	False	False	2	True	host;source	False	True	False	False	1	source	True	INCLUDE	Isolation source explicitly indicates direct plant association or plant biological material.	isolation_source
GCF_030544925.1	Bacillus velezensis	492670	XDY66	Complete Genome		2023-07-26	Huaibei Normal University	PRJNA996328	SAMN34340173	XDY66	tomato	leaves of tomatoes	missing	2020-09-25	Microbe sample from Bacillus velezensis		True	True	False	False	2	True	host;source	False	True	False	False	1	source	True	INCLUDE	Isolation source explicitly indicates direct plant association or plant biological material.	isolation_source
GCF_030550855.1	Bacillus velezensis	492670	GPP30	Contig		2023-07-28	Federal University of Sao Carlos	PRJNA991089	SAMN36407594	GPP30	Senega paniculata	endophyte	Brazil	2015-04-13	MIGS Cultured Bacterial/Archaeal sample from Bacillus velezensis	Keywords: GSC:MIxS;MIGS:6.0	False	True	False	False	1	True	source	False	True	False	False	1	source	True	INCLUDE	Isolation source explicitly indicates direct plant association or plant biological material.	isolation_source
GCF_030676795.1	Bacillus velezensis	492670	LiS05	Scaffold		2023-08-07	Embrapa Maize and Sorghum	PRJNA1001033	SAMN36791028	LiS05	Sorghum bicolor	Seed	Brazil: MG, Sete Lagoas	2017-10-01	BRM053426		False	True	False	False	1	True	source	False	True	False	False	1	source	True	INCLUDE	Isolation source explicitly indicates direct plant association or plant biological material.	isolation_source
GCF_030704265.1	Bacillus velezensis	492670	VJH504	Complete Genome		2023-08-09	Henan Academy of Agricultural Sciences	PRJNA1001161	SAMN36797137	VJH504	Cucumis sativus L.	healthy cucumber rhizosphere soil.	China: Beiwang Village, Luolong District, Luoyang City, Henan Province	2022-08-11	Microbe sample from Bacillus velezensis		False	True	False	False	1	True	source	False	True	False	False	1	source	True	INCLUDE	Isolation source explicitly indicates direct plant association or plant biological material.	isolation_source
GCF_031118725.1	Bacillus velezensis	492670	AOA1	Scaffold		2023-09-04	North-West University	PRJNA1010530	SAMN37190764	AOA1	Zea mays	rhizosphere soil	South Africa	2022-03-01	Plant Growth Promoting Rhizobacteria		False	True	True	False	2	True	source;title	False	True	False	False	1	source	True	INCLUDE	Isolation source explicitly indicates direct plant association or plant biological material.	isolation_source
GCF_031324265.1	Bacillus velezensis	492670	DY26	Contig		2023-09-10	Technical University of Denmark	PRJNA960711	SAMN34375008	DY26		rhizosphere soil	China: Dongying, Shangdong Province	missing	Microbe sample from Bacillus velezensis		False	True	False	False	1	True	source	False	True	False	False	1	source	True	INCLUDE	Isolation source explicitly indicates direct plant association or plant biological material.	isolation_source
GCF_031460235.1	Bacillus velezensis	492670	AKS2	Scaffold		2023-09-13	North-West University	PRJNA1014219	SAMN37321166	AKS2	Zea mays	rhizosphere soil	South Africa	2022-03-01	Sample 2		False	True	False	False	1	True	source	False	True	False	False	1	source	True	INCLUDE	Isolation source explicitly indicates direct plant association or plant biological material.	isolation_source
GCF_031883715.1	Bacillus velezensis	492670	KB21	Complete Genome		2023-09-25	Chonnam National University	PRJNA1009966	SAMN37176097	KB21	missing	rhizosphere of rice, pepper, cucumber, tomato	South Korea	2022-06	Microbe sample from Bacillus velezensis		False	True	False	False	1	True	source	False	True	False	False	1	source	True	INCLUDE	Isolation source explicitly indicates direct plant association or plant biological material.	isolation_source
GCF_032291985.1	Bacillus velezensis	492670	CMML21-47	Complete Genome		2023-10-03	Chonnam National University	PRJNA1020642	SAMN37527114	CMML21-47	Ipomoea batatas	root	South Korea	2021	Microbe sample from Bacillus velezensis		False	True	False	False	1	True	source	False	True	False	False	1	source	True	INCLUDE	Isolation source explicitly indicates direct plant association or plant biological material.	isolation_source
GCF_033798645.1	Bacillus velezensis	492670	IBUN 2755	Chromosome		2023-11-18	Universidad Nacional de Colombia Sede Bogota	PRJNA1036653	SAMN38145391	IBUN 2755		Potato rhizosphere	Colombia:Cundinamarca	2009-10	Microbe sample from Bacillus velezensis		False	True	False	False	1	True	source	False	True	False	False	1	source	True	INCLUDE	Isolation source explicitly indicates direct plant association or plant biological material.	isolation_source
GCF_033949375.1	Bacillus velezensis	492670	EM-A8	Scaffold		2023-11-24	Universidad Nacional de Rio Cuarto	PRJNA1030342	SAMN37927805	EM-A8	Zea mays L	leaves with blight lesions	Argentina: Cordoba province, fields at Chucul and Vicuna Mackenna	2014-03	Microbe sample from Bacillus velezensis		False	True	False	False	1	True	source	False	True	False	False	1	source	True	INCLUDE	Isolation source explicitly indicates direct plant association or plant biological material.	isolation_source
GCF_034060585.1	Bacillus velezensis	492670	Y-4	Complete Genome		2023-12-04	Northeast Agricultural University	PRJNA1040423	SAMN38257321	Y-4		rhizosphere soil of schefflera heptaphylla	China:Yunnan	2022-02-10	Microbe sample from Bacillus velezensis		False	True	False	False	1	True	source	False	True	False	False	1	source	True	INCLUDE	Isolation source explicitly indicates direct plant association or plant biological material.	isolation_source
GCF_034061945.1	Bacillus velezensis	492670	YN-2A	Complete Genome		2023-12-04	Northeast Agricultural University	PRJNA1040440	SAMN38258329	YN-2A		rhizosphere soil of schefflera heptaphylla	China:Yunnan	2022-02-10	Microbe sample from Bacillus velezensis		False	True	False	False	1	True	source	False	True	False	False	1	source	True	INCLUDE	Isolation source explicitly indicates direct plant association or plant biological material.	isolation_source
GCF_035658255.2	Bacillus velezensis	492670	B004	Complete Genome		2024-05-21	Institute of Microbiology, Guangdong Academy of Sciences	PRJNA1060660	SAMN39242981	B004		Citrus leaf	China: Renhua County	2022-07-27	Microbe sample from Bacillus velezensis		False	True	False	False	1	True	source	False	True	False	False	1	source	True	INCLUDE	Isolation source explicitly indicates direct plant association or plant biological material.	isolation_source
GCF_035807455.1	Bacillus velezensis	492670	B-59842	Scaffold		2024-01-18	USDA-ARS-NCAUR	PRJNA802201	SAMN33940694	B-59842		Zeamays - seed	USA	2012-11-08	Microbe sample from Bacillus velezensis		False	True	False	False	1	True	source	False	True	False	False	1	source	True	INCLUDE	Isolation source explicitly indicates direct plant association or plant biological material.	isolation_source
GCF_035808035.1	Bacillus velezensis	492670	B-59171	Scaffold		2024-01-18	USDA-ARS-NCAUR	PRJNA802201	SAMN33940666	B-59171		agave root	India	2008-11-13	Microbe sample from Bacillus velezensis		False	True	False	False	1	True	source	False	True	False	False	1	source	True	INCLUDE	Isolation source explicitly indicates direct plant association or plant biological material.	isolation_source
GCF_035808075.1	Bacillus velezensis	492670	B-59153	Scaffold		2024-01-18	USDA-ARS-NCAUR	PRJNA802201	SAMN33940664	B-59153		Rice rhisosphere soil	not collected	2014-06-11	Microbe sample from Bacillus velezensis		False	True	False	False	1	True	source	False	True	False	False	1	source	True	INCLUDE	Isolation source explicitly indicates direct plant association or plant biological material.	isolation_source
GCF_036323435.1	Bacillus velezensis	492670	RB.IBE29	Complete Genome		2023-09-30	Lab of Bio-molecular and Gene technology, Institute of Biotechnology and Environment, Tay Nguyen University	PRJDB16632	SAMD00644077	not applicable	Piper nigrum		Viet Nam:Dak Nong, Dak Song	2018-04-16	Complete genome sequence of Bacillus velezensis RB.IBE29, the chitinolytic bacterium isolated from the rhizospheric soil of black pepper cultivated in the Central Highlands, Vietnam	Keywords: GSC:MIxS;MIGS:6.0	False	False	True	False	1	True	title	False	False	True	False	1	title	True	INCLUDE	Isolation source is unavailable, but other BioSample metadata explicitly indicates direct plant association or plant biological material.	other_explicit_metadata
GCF_036348355.1	Bacillus velezensis	492670	B15	Contig		2024-02-03	The laboratory of genetics and plant breeding, The National institute of Agronomy of Tunis	PRJNA1011052	SAMN38053693	B15	Fagonia glutinosa	roots	Tunisia: Mednine	2016-11-25	Microbe sample from Bacillus velezensis		False	True	False	False	1	True	source	False	True	False	False	1	source	True	INCLUDE	Isolation source explicitly indicates direct plant association or plant biological material.	isolation_source
GCF_036961785.1	Bacillus velezensis	492670	JJ38	Scaffold		2024-03-02	Auburn University	PRJNA1078443	SAMN40001910	JJ38	corn	emissingophyte	USA: Nebraska	2014	Microbe sample from Bacillus velezensis		True	False	False	False	1	True	host	False	False	False	False	0		False	INCLUDE	Documented project-level plant association: Project-associated publication identifies the strain collection as PGPR; plant hosts include corn and soybean. Inclusion is based on documented plant association of the collection, not on interpreting the malformed isolation-source term itself.	documented_project
GCF_036961825.1	Bacillus velezensis	492670	JJ330	Scaffold		2024-03-02	Auburn University	PRJNA1078443	SAMN40001906	JJ330	soybean	rhizoplane	USA: Nebraska	2014	Microbe sample from Bacillus velezensis		True	True	False	False	2	True	host;source	False	True	False	False	1	source	True	INCLUDE	Isolation source explicitly indicates direct plant association or plant biological material.	isolation_source
GCF_036961965.1	Bacillus velezensis	492670	JJ261	Scaffold		2024-03-02	Auburn University	PRJNA1078443	SAMN40001901	JJ261	corn	rhizoplane	USA: Nebraska	2014	Microbe sample from Bacillus velezensis		True	True	False	False	2	True	host;source	False	True	False	False	1	source	True	INCLUDE	Isolation source explicitly indicates direct plant association or plant biological material.	isolation_source
GCF_036962265.1	Bacillus velezensis	492670	JJ638	Scaffold		2024-03-02	Auburn University	PRJNA1078443	SAMN40001925	JJ638	corn	emissingophyte	USA: Iowa	2014	Microbe sample from Bacillus velezensis		True	False	False	False	1	True	host	False	False	False	False	0		False	INCLUDE	Documented project-level plant association: Project-associated publication identifies the strain collection as PGPR; plant hosts include corn and soybean. Inclusion is based on documented plant association of the collection, not on interpreting the malformed isolation-source term itself.	documented_project
GCF_036962485.1	Bacillus velezensis	492670	JJ946	Scaffold		2024-03-02	Auburn University	PRJNA1078443	SAMN40001971	JJ946	soybean	emissingophyte	USA: Wisconsin	2014	Microbe sample from Bacillus velezensis		True	False	False	False	1	True	host	False	False	False	False	0		False	INCLUDE	Documented project-level plant association: Project-associated publication identifies the strain collection as PGPR; plant hosts include corn and soybean. Inclusion is based on documented plant association of the collection, not on interpreting the malformed isolation-source term itself.	documented_project
GCF_036962945.1	Bacillus velezensis	492670	JJ943	Scaffold		2024-03-02	Auburn University	PRJNA1078443	SAMN40001969	JJ943	soybean	emissingophyte	USA: Wisconsin	2014	Microbe sample from Bacillus velezensis		True	False	False	False	1	True	host	False	False	False	False	0		False	INCLUDE	Documented project-level plant association: Project-associated publication identifies the strain collection as PGPR; plant hosts include corn and soybean. Inclusion is based on documented plant association of the collection, not on interpreting the malformed isolation-source term itself.	documented_project
GCF_036962985.1	Bacillus velezensis	492670	JJ928	Scaffold		2024-03-02	Auburn University	PRJNA1078443	SAMN40001964	JJ928	soybean	emissingophyte	USA: Wisconsin	2014	Microbe sample from Bacillus velezensis		True	False	False	False	1	True	host	False	False	False	False	0		False	INCLUDE	Documented project-level plant association: Project-associated publication identifies the strain collection as PGPR; plant hosts include corn and soybean. Inclusion is based on documented plant association of the collection, not on interpreting the malformed isolation-source term itself.	documented_project
GCF_036963185.1	Bacillus velezensis	492670	JJ959	Scaffold		2024-03-02	Auburn University	PRJNA1078443	SAMN40001973	JJ959	soybean	emissingophyte	USA: Wisconsin	2014	Microbe sample from Bacillus velezensis		True	False	False	False	1	True	host	False	False	False	False	0		False	INCLUDE	Documented project-level plant association: Project-associated publication identifies the strain collection as PGPR; plant hosts include corn and soybean. Inclusion is based on documented plant association of the collection, not on interpreting the malformed isolation-source term itself.	documented_project
GCF_036963205.1	Bacillus velezensis	492670	JJ748	Scaffold		2024-03-02	Auburn University	PRJNA1078443	SAMN40001936	JJ748	corn	emissingophyte	USA: Wisconsin	2014	Microbe sample from Bacillus velezensis		True	False	False	False	1	True	host	False	False	False	False	0		False	INCLUDE	Documented project-level plant association: Project-associated publication identifies the strain collection as PGPR; plant hosts include corn and soybean. Inclusion is based on documented plant association of the collection, not on interpreting the malformed isolation-source term itself.	documented_project
GCF_036963425.1	Bacillus velezensis	492670	JJ914	Scaffold		2024-03-02	Auburn University	PRJNA1078443	SAMN40001958	JJ914	soybean	emissingophyte	USA: Wisconsin	2014	Microbe sample from Bacillus velezensis		True	False	False	False	1	True	host	False	False	False	False	0		False	INCLUDE	Documented project-level plant association: Project-associated publication identifies the strain collection as PGPR; plant hosts include corn and soybean. Inclusion is based on documented plant association of the collection, not on interpreting the malformed isolation-source term itself.	documented_project
GCF_036963465.1	Bacillus velezensis	492670	JJ941	Scaffold		2024-03-02	Auburn University	PRJNA1078443	SAMN40001968	JJ941	soybean	emissingophyte	USA: Wisconsin	2014	Microbe sample from Bacillus velezensis		True	False	False	False	1	True	host	False	False	False	False	0		False	INCLUDE	Documented project-level plant association: Project-associated publication identifies the strain collection as PGPR; plant hosts include corn and soybean. Inclusion is based on documented plant association of the collection, not on interpreting the malformed isolation-source term itself.	documented_project
GCF_036964795.1	Bacillus velezensis	492670	EL	Contig		2024-03-02	Politechnika Lodzka	PRJNA1079548	SAMN40044537	EL	Euphorbia cyparissias	leaves	Poland: Lask	2022	Microbe sample from Bacillus velezensis		False	True	False	False	1	True	source	False	True	False	False	1	source	True	INCLUDE	Isolation source explicitly indicates direct plant association or plant biological material.	isolation_source
GCF_036965865.1	Bacillus velezensis	492670	JJ978	Scaffold		2024-03-02	Auburn University	PRJNA1078443	SAMN40001790	JJ978	soybean	emissingophyte	USA: Wisconsin	2014	Microbe sample from Bacillus velezensis		True	False	False	False	1	True	host	False	False	False	False	0		False	INCLUDE	Documented project-level plant association: Project-associated publication identifies the strain collection as PGPR; plant hosts include corn and soybean. Inclusion is based on documented plant association of the collection, not on interpreting the malformed isolation-source term itself.	documented_project
GCF_036965885.1	Bacillus velezensis	492670	JJ991	Scaffold		2024-03-02	Auburn University	PRJNA1078443	SAMN40001791	JJ991	soybean	emissingophyte	USA: Wisconsin	2014	Microbe sample from Bacillus velezensis		True	False	False	False	1	True	host	False	False	False	False	0		False	INCLUDE	Documented project-level plant association: Project-associated publication identifies the strain collection as PGPR; plant hosts include corn and soybean. Inclusion is based on documented plant association of the collection, not on interpreting the malformed isolation-source term itself.	documented_project
GCF_036965905.1	Bacillus velezensis	492670	JJ929	Scaffold		2024-03-02	Auburn University	PRJNA1078443	SAMN40001785	JJ929	soybean	emissingophyte	USA: Wisconsin	2014	Microbe sample from Bacillus velezensis		True	False	False	False	1	True	host	False	False	False	False	0		False	INCLUDE	Documented project-level plant association: Project-associated publication identifies the strain collection as PGPR; plant hosts include corn and soybean. Inclusion is based on documented plant association of the collection, not on interpreting the malformed isolation-source term itself.	documented_project
GCF_036966145.1	Bacillus velezensis	492670	JJ962	Contig		2024-03-02	Auburn University	PRJNA1078443	SAMN40001788	JJ962	soybean	emissingophyte	USA: Wisconsin	2014	Microbe sample from Bacillus velezensis		True	False	False	False	1	True	host	False	False	False	False	0		False	INCLUDE	Documented project-level plant association: Project-associated publication identifies the strain collection as PGPR; plant hosts include corn and soybean. Inclusion is based on documented plant association of the collection, not on interpreting the malformed isolation-source term itself.	documented_project
GCF_036966165.1	Bacillus velezensis	492670	JJ32	Scaffold		2024-03-02	Auburn University	PRJNA1078443	SAMN40001774	JJ32	corn	emissingophyte	USA: Nebraska	2014	Microbe sample from Bacillus velezensis		True	False	False	False	1	True	host	False	False	False	False	0		False	INCLUDE	Documented project-level plant association: Project-associated publication identifies the strain collection as PGPR; plant hosts include corn and soybean. Inclusion is based on documented plant association of the collection, not on interpreting the malformed isolation-source term itself.	documented_project
GCF_036966185.1	Bacillus velezensis	492670	JJ1088	Scaffold		2024-03-02	Auburn University	PRJNA1078443	SAMN40001713	JJ1088	corn	emissingophyte	USA: Illinois	2014	Microbe sample from Bacillus velezensis		True	False	False	False	1	True	host	False	False	False	False	0		False	INCLUDE	Documented project-level plant association: Project-associated publication identifies the strain collection as PGPR; plant hosts include corn and soybean. Inclusion is based on documented plant association of the collection, not on interpreting the malformed isolation-source term itself.	documented_project
GCF_036966225.1	Bacillus velezensis	492670	JJ158	Scaffold		2024-03-02	Auburn University	PRJNA1078443	SAMN40001768	JJ158	soybean	emissingophyte	USA: Nebraska	2014	Microbe sample from Bacillus velezensis		True	False	False	False	1	True	host	False	False	False	False	0		False	INCLUDE	Documented project-level plant association: Project-associated publication identifies the strain collection as PGPR; plant hosts include corn and soybean. Inclusion is based on documented plant association of the collection, not on interpreting the malformed isolation-source term itself.	documented_project
GCF_036966325.1	Bacillus velezensis	492670	JJ956	Scaffold		2024-03-02	Auburn University	PRJNA1078443	SAMN40001787	JJ956	soybean	emissingophyte	USA: Wisconsin	2014	Microbe sample from Bacillus velezensis		True	False	False	False	1	True	host	False	False	False	False	0		False	INCLUDE	Documented project-level plant association: Project-associated publication identifies the strain collection as PGPR; plant hosts include corn and soybean. Inclusion is based on documented plant association of the collection, not on interpreting the malformed isolation-source term itself.	documented_project
GCF_036966385.1	Bacillus velezensis	492670	JJ1051	Scaffold		2024-03-02	Auburn University	PRJNA1078443	SAMN40001761	JJ1051	corn	rhizoplane	USA: Illinois	2014	Microbe sample from Bacillus velezensis		True	True	False	False	2	True	host;source	False	True	False	False	1	source	True	INCLUDE	Isolation source explicitly indicates direct plant association or plant biological material.	isolation_source
GCF_036967085.1	Bacillus velezensis	492670	JJ1295	Scaffold		2024-03-02	Auburn University	PRJNA1078443	SAMN40001723	JJ1295	corn	rhizoplane	USA: Illinois	2014	Microbe sample from Bacillus velezensis		True	True	False	False	2	True	host;source	False	True	False	False	1	source	True	INCLUDE	Isolation source explicitly indicates direct plant association or plant biological material.	isolation_source
GCF_036967145.1	Bacillus velezensis	492670	JJ1071	Scaffold		2024-03-02	Auburn University	PRJNA1078443	SAMN40001712	JJ1071	corn	emissingophyte	USA: Illinois	2014	Microbe sample from Bacillus velezensis		True	False	False	False	1	True	host	False	False	False	False	0		False	INCLUDE	Documented project-level plant association: Project-associated publication identifies the strain collection as PGPR; plant hosts include corn and soybean. Inclusion is based on documented plant association of the collection, not on interpreting the malformed isolation-source term itself.	documented_project
GCF_037094735.1	Bacillus velezensis	492670	JJ334	Complete Genome		2024-03-10	Auburn University	PRJNA1078443	SAMN40001735	JJ334	soybean	rhizoplane	USA: Nebraska	2014	Microbe sample from Bacillus velezensis		True	True	False	False	2	True	host;source	False	True	False	False	1	source	True	INCLUDE	Isolation source explicitly indicates direct plant association or plant biological material.	isolation_source
GCF_037095775.1	Bacillus velezensis	492670	A6	Contig		2024-03-10	Estacion Experimental del Zaidin - CSIC	PRJNA1081242	SAMN40153660	A6	Lactuca sativa va. capitata	rhizosphere	Spain: Las Gabias, Granada	2021	Microbe sample from Bacillus velezensis		False	True	False	False	1	True	source	False	True	False	False	1	source	True	INCLUDE	Isolation source explicitly indicates direct plant association or plant biological material.	isolation_source
GCF_039851945.1	Bacillus velezensis	492670	D83	Complete Genome		2024-05-26	Yunnan Agricultural University	PRJNA1112703	SAMN41432343	D83	inter-root soil		China: Inter-root soil of Panax pseudoginseng in Wenshan, Yunnan Province, China	2023-10	Microbe sample from Bacillus velezensis		True	False	False	False	1	True	host	True	False	False	False	1	host	True	INCLUDE	Isolation source is unavailable, but other BioSample metadata explicitly indicates direct plant association or plant biological material.	other_explicit_metadata
GCF_039851955.1	Bacillus velezensis	492670	B115	Complete Genome		2024-05-26	Yunnan Agricultural University	PRJNA1112694	SAMN41431953	B115	inter-root soil		China: Inter-root soil of Panax pseudoginseng in Wenshan, Yunnan Province, China	2023-10	Microbe sample from Bacillus velezensis		True	False	False	False	1	True	host	True	False	False	False	1	host	True	INCLUDE	Isolation source is unavailable, but other BioSample metadata explicitly indicates direct plant association or plant biological material.	other_explicit_metadata
GCF_040408265.1	Bacillus velezensis	492670	IS1	Contig		2024-06-27	Ribosite Biotechnology	PRJNA973855	SAMN35152504	IS1		palm rhizosphere	Tunisia	2016-03-01	Microbe sample from Bacillus velezensis		False	True	False	False	1	True	source	False	True	False	False	1	source	True	INCLUDE	Isolation source explicitly indicates direct plant association or plant biological material.	isolation_source
GCF_040492415.1	Bacillus velezensis	492670	JJ846	Contig		2024-07-03	Auburn University	PRJNA1078443	SAMN40001947	JJ846	soybean	rhizoplane	USA: Wisconsin	2014	Microbe sample from Bacillus velezensis		True	True	False	False	2	True	host;source	False	True	False	False	1	source	True	INCLUDE	Isolation source explicitly indicates direct plant association or plant biological material.	isolation_source
GCF_040712045.1	Bacillus velezensis	492670	JM236	Complete Genome		2024-07-15	Auburn University	PRJNA1078443	SAMN40001992	JM236	corn	root	USA: Alabama	1989	Microbe sample from Bacillus velezensis		True	True	False	False	2	True	host;source	False	True	False	False	1	source	True	INCLUDE	Isolation source explicitly indicates direct plant association or plant biological material.	isolation_source
GCF_040712055.1	Bacillus velezensis	492670	JM204	Complete Genome		2024-07-15	Auburn University	PRJNA1078443	SAMN40001991	JM204	corn	root	USA: Alabama	1989	Microbe sample from Bacillus velezensis		True	True	False	False	2	True	host;source	False	True	False	False	1	source	True	INCLUDE	Isolation source explicitly indicates direct plant association or plant biological material.	isolation_source
GCF_040712065.1	Bacillus velezensis	492670	JM199	Complete Genome		2024-07-15	Auburn University	PRJNA1078443	SAMN40001990	JM199	corn	root	USA: Alabama	1989	Microbe sample from Bacillus velezensis		True	True	False	False	2	True	host;source	False	True	False	False	1	source	True	INCLUDE	Isolation source explicitly indicates direct plant association or plant biological material.	isolation_source
GCF_040712115.1	Bacillus velezensis	492670	JJ747	Complete Genome		2024-07-15	Auburn University	PRJNA1078443	SAMN40001988	JJ747	corn	emissingophyte	USA: Wisconsin	2014	Microbe sample from Bacillus velezensis		True	False	False	False	1	True	host	False	False	False	False	0		False	INCLUDE	Documented project-level plant association: Project-associated publication identifies the strain collection as PGPR; plant hosts include corn and soybean. Inclusion is based on documented plant association of the collection, not on interpreting the malformed isolation-source term itself.	documented_project
GCF_040712125.1	Bacillus velezensis	492670	JJ213	Complete Genome		2024-07-15	Auburn University	PRJNA1078443	SAMN40001987	JJ213	corn	rhizoplane	USA: Nebraska	2014	Microbe sample from Bacillus velezensis		True	True	False	False	2	True	host;source	False	True	False	False	1	source	True	INCLUDE	Isolation source explicitly indicates direct plant association or plant biological material.	isolation_source
GCF_040712135.1	Bacillus velezensis	492670	JJ1043	Complete Genome		2024-07-15	Auburn University	PRJNA1078443	SAMN40001986	JJ1043	corn	rhizoplane	USA: Illinois	2014	Microbe sample from Bacillus velezensis		True	True	False	False	2	True	host;source	False	True	False	False	1	source	True	INCLUDE	Isolation source explicitly indicates direct plant association or plant biological material.	isolation_source
GCF_040712195.1	Bacillus velezensis	492670	JJ951	Complete Genome		2024-07-15	Auburn University	PRJNA1078443	SAMN40001754	JJ951	soybean	emissingophyte	USA: Wisconsin	2014	Microbe sample from Bacillus velezensis		True	False	False	False	1	True	host	False	False	False	False	0		False	INCLUDE	Documented project-level plant association: Project-associated publication identifies the strain collection as PGPR; plant hosts include corn and soybean. Inclusion is based on documented plant association of the collection, not on interpreting the malformed isolation-source term itself.	documented_project
GCF_040712215.1	Bacillus velezensis	492670	JJ1284	Complete Genome		2024-07-15	Auburn University	PRJNA1078443	SAMN40001722	JJ1284	soybean	rhizoplane	USA: Illinois	2014	Microbe sample from Bacillus velezensis		True	True	False	False	2	True	host;source	False	True	False	False	1	source	True	INCLUDE	Isolation source explicitly indicates direct plant association or plant biological material.	isolation_source
GCF_040712235.1	Bacillus velezensis	492670	JJ947	Complete Genome		2024-07-15	Auburn University	PRJNA1078443	SAMN40001989	JJ947	soybean	emissingophyte	USA: Wisconsin	2014	Microbe sample from Bacillus velezensis		True	False	False	False	1	True	host	False	False	False	False	0		False	INCLUDE	Documented project-level plant association: Project-associated publication identifies the strain collection as PGPR; plant hosts include corn and soybean. Inclusion is based on documented plant association of the collection, not on interpreting the malformed isolation-source term itself.	documented_project
GCF_040984565.1	Bacillus velezensis	492670	Lnu-21	Contig		2024-07-31	Liaoning university	PRJNA1107388	SAMN41182381	Lnu-21		rhizosphere soil	China:BeiJing	2024-01-10	Microbe sample from Bacillus velezensis		False	True	False	False	1	True	source	False	True	False	False	1	source	True	INCLUDE	Isolation source explicitly indicates direct plant association or plant biological material.	isolation_source
GCF_041729945.1	Bacillus velezensis	492670	LSR7	Contig		2024-09-03	Chinese Academy of Tropical Agricultural Sciences	PRJNA1152280	SAMN43356960	LSR7	rubber plant	root	China: Hainan	2024-04-01	Microbe sample from Bacillus velezensis		True	True	False	False	2	True	host;source	False	True	False	False	1	source	True	INCLUDE	Isolation source explicitly indicates direct plant association or plant biological material.	isolation_source
GCF_041949825.1	Bacillus velezensis	492670	CNPMS-22	Contig		2024-09-17	Embrapa	PRJNA1108656	SAMN43568027	CNPMS-22	maize	leaves	Brazil	2007-05	Microbe sample from Bacillus velezensis		True	True	False	False	2	True	host;source	False	True	False	False	1	source	True	INCLUDE	Isolation source explicitly indicates direct plant association or plant biological material.	isolation_source
GCF_041950475.1	Bacillus velezensis	492670	HJ-16	Complete Genome		2024-09-18	China Tobacco Henan Industrial Co., Ltd	PRJNA1159449	SAMN43575661	HJ-16		tobacco leaves	China: Zhengzhou	2024-04-25	Bacillus velezensis HJ-16 isolated from the surface of flue-cured tobacco leaves	Bacillus velezensis HJ-16 was isolated from the surface of flue-cured tobacco leaves and characterized for its potential to enhance the sensory qualities of tobacco leaves through solid-state fermentation. Whole-genome sequencing of Bacillus velezensis HJ-16, performed using PacBio technology, revealed a single circular chromosome consisting of 3,938,104 base pairs (bp).	False	True	True	True	3	True	source;title;comment	False	True	True	True	3	source;title;comment	True	INCLUDE	Isolation source explicitly indicates direct plant association or plant biological material.	isolation_source
GCF_042465255.1	Bacillus velezensis	492670	JM907	Complete Genome		2024-07-15	Auburn University	PRJNA1078443	SAMN40001993	JM907	corn	root	USA: Alabama	1989	Microbe sample from Bacillus velezensis		True	True	False	False	2	True	host;source	False	True	False	False	1	source	True	INCLUDE	Isolation source explicitly indicates direct plant association or plant biological material.	isolation_source
GCF_044357885.1	Bacillus velezensis	492670	BZR 86	Complete Genome		2020-11-23	Institute of Bioengineering, Research Center of Biotechnology of RAS	PRJNA677970	SAMN16784691	BZR 86		wheat root	Russia: Krasnodar region	missing	MIGS Cultured Bacterial/Archaeal sample from Bacillus velezensis	Keywords: GSC:MIxS;MIGS:6.0	False	True	False	False	1	True	source	False	True	False	False	1	source	True	INCLUDE	Isolation source explicitly indicates direct plant association or plant biological material.	isolation_source
GCF_044385035.1	Bacillus velezensis	492670	BZR 936	Contig		2024-11-04	Institute Cytology and Genetics SB RAS	PRJNA1178861	SAMN44484732	BZR 936		soya leaves	Russia: Krasnodar, territory of V.S. Pustovoit All-Russian Research Institute of Oilseed Crops	2010-09-02	Microbe sample from Bacillus velezensis		False	True	False	False	1	True	source	False	True	False	False	1	source	True	INCLUDE	Isolation source explicitly indicates direct plant association or plant biological material.	isolation_source
GCF_044881275.1	Bacillus velezensis	492670	BZR 920	Contig		2024-11-13	Institute Cytology and Genetics SB RAS	PRJNA1178861	SAMN44580890	BZR 920	soybean	root	Russia: Krasnodar territory of V.S. Pustovoit All-Russian Research Institute of Oilseed Crops	2010-09-02	BZR920		True	True	False	False	2	True	host;source	False	True	False	False	1	source	True	INCLUDE	Isolation source explicitly indicates direct plant association or plant biological material.	isolation_source
GCF_044901645.1	Bacillus velezensis	492670	BZR 597	Contig		2024-11-13	Institute Cytology and Genetics SB RAS	PRJNA1178861	SAMN44596379	BZR 597	wheat	root	Russia: Krasnodar territory, Krylovskoy district	2010-09-06	BZR597		True	True	False	False	2	True	host;source	False	True	False	False	1	source	True	INCLUDE	Isolation source explicitly indicates direct plant association or plant biological material.	isolation_source
GCF_044901725.1	Bacillus velezensis	492670	BZR 187	Contig		2024-11-13	Institute Cytology and Genetics SB RAS	PRJNA1178861	SAMN44597909	BZR 187	winter rape	leaves	Russia: Krasnodar	2011-01-14	Microbe sample from Bacillus velezensis		False	True	False	False	1	True	source	False	True	False	False	1	source	True	INCLUDE	Isolation source explicitly indicates direct plant association or plant biological material.	isolation_source
GCF_044901785.1	Bacillus velezensis	492670	BZR 519	Contig		2024-11-13	Institute Cytology and Genetics SB RAS	PRJNA1178861	SAMN44597911	BZR 519	wheat	root	Russia: Krasnodar region, Pavlovsky district	2010-10-26	Microbe sample from Bacillus velezensis		True	True	False	False	2	True	host;source	False	True	False	False	1	source	True	INCLUDE	Isolation source explicitly indicates direct plant association or plant biological material.	isolation_source
GCF_044905085.1	Bacillus velezensis	492670	XW38	Complete Genome		2024-11-14	Chongqing Academy of Agricultural Sciences	PRJNA1130064	SAMN42181623	XW38		rhizosphere soil	China: chongqing	2023-04	Microbe sample from Bacillus velezensis		False	True	False	False	1	True	source	False	True	False	False	1	source	True	INCLUDE	Isolation source explicitly indicates direct plant association or plant biological material.	isolation_source
GCF_045276195.1	Bacillus velezensis	492670	SMT-24	Complete Genome		2024-11-25	Xinjiang Academy of Agriculture Science	PRJNA1149466	SAMN43244969	SMT-24	cotton	seedling	China: Shihezi	2018-08-18	Bacillus siamensis SMT-24	Keywords: GSC:MIxS;MIGS:6.0	True	True	False	False	2	True	host;source	False	True	False	False	1	source	True	INCLUDE	Isolation source explicitly indicates direct plant association or plant biological material.	isolation_source
GCF_045924925.1	Bacillus velezensis	492670	BC248L1-1	Complete Genome		2024-12-10	Beijing Academy of Agriculture and Forestry Sciences	PRJNA1141742	SAMN42901632	BC248L1-1		corn leaf	China:BeiJing	2023-05-20	Microbe sample from Bacillus velezensis		False	True	False	False	1	True	source	False	True	False	False	1	source	True	INCLUDE	Isolation source explicitly indicates direct plant association or plant biological material.	isolation_source
GCF_045925855.1	Bacillus velezensis	492670	JD-3	Complete Genome		2024-12-10	Chongqing Academy of Agricultural Sciences,	PRJNA1188334	SAMN44832050	JD-3	mulberry	mulberry stem segments	China: Chongqing	2021-05-02	Microbe sample from Bacillus velezensis		False	True	False	False	1	True	source	False	True	False	False	1	source	True	INCLUDE	Isolation source explicitly indicates direct plant association or plant biological material.	isolation_source
GCF_046101815.1	Bacillus velezensis	492670	SJ22	Complete Genome		2024-12-16	Shaanxi Normal University	PRJNA1188711	SAMN44846623	SJ22	Fritillaria taipaiensis P. Y. Li		China	2023-06-30	The endophytic bacterial strain SJ22 of Bacillus velezensis in plants	Keywords: GSC:MIxS;MIGS:6.0	False	False	True	False	1	True	title	False	False	True	False	1	title	True	INCLUDE	Isolation source is unavailable, but other BioSample metadata explicitly indicates direct plant association or plant biological material.	other_explicit_metadata
GCF_047300835.1	Bacillus velezensis	492670	JT-3	Complete Genome		2025-01-29	Chongqing Academy of Agricultural Sciences,	PRJNA1188326	SAMN44831440	JT-3	mulberry	mulberry stem segments	China:Chongqing	2021-05-02	Microbe sample from Bacillus velezensis		False	True	False	False	1	True	source	False	True	False	False	1	source	True	INCLUDE	Isolation source explicitly indicates direct plant association or plant biological material.	isolation_source
GCF_047300865.1	Bacillus velezensis	492670	GUMHT p116	Complete Genome		2025-01-29	Guizhou University	PRJNA1196880	SAMN45677237	GUMHT p116	kiwifruit	rhizosphere soil	China:Guiyang, Guizhou Province	2022-03-15	Microbe sample from Bacillus velezensis		False	True	False	False	1	True	source	False	True	False	False	1	source	True	INCLUDE	Isolation source explicitly indicates direct plant association or plant biological material.	isolation_source
GCF_047302555.1	Bacillus velezensis	492670	SY1154	Complete Genome		2025-01-29	University of Arizona	PRJNA1183431	SAMN44627543	SY1154	Lactuca serriola	root	USA:Tucson	2014-10	Microbe sample from Bacillus velezensis	Endophyte from living root of Lactuca serriola (wild lettuce)	False	True	False	True	2	True	source;comment	False	True	False	True	2	source;comment	True	INCLUDE	Isolation source explicitly indicates direct plant association or plant biological material.	isolation_source
GCF_047314745.1	Bacillus velezensis	492670	TP01	Contig		2025-01-29	Chengdu University of Traditional Chinese Medicine	PRJNA1213284	SAMN46323027	TP01		rhizosphere soil	China: Sichuan	2009-05-23	Microbe sample from Bacillus velezensis		False	True	False	False	1	True	source	False	True	False	False	1	source	True	INCLUDE	Isolation source explicitly indicates direct plant association or plant biological material.	isolation_source
GCF_047947095.1	Bacillus velezensis	492670	SEC-024A	Complete Genome		2025-02-24	Institute of Bast Fiber Crops,Chinese Academy of Agricultural Sciences	PRJNA1072172	SAMN39736570	SEC-024A	Cannabis sativa L.	leaf tissue of industrial hemp	China:Yunnan	2021-04-15	Microbe sample from Bacillus velezensis		False	True	False	False	1	True	source	False	True	False	False	1	source	True	INCLUDE	Isolation source explicitly indicates direct plant association or plant biological material.	isolation_source
GCF_048013385.1	Bacillus velezensis	492670	F3	Complete Genome		2025-02-25	Anhui University of Chinese Medicine	PRJNA1223187	SAMN46800756	F3	missing	root	China:Hefei	2024-01-30	Microbe sample from Bacillus velezensis		False	True	False	False	1	True	source	False	True	False	False	1	source	True	INCLUDE	Isolation source explicitly indicates direct plant association or plant biological material.	isolation_source
GCF_048288325.1	Bacillus velezensis	492670	Bacillius velezensis JYC520	Complete Genome		2025-03-03	Yunnan agricultural university	PRJNA1007465	SAMN37071267	Bacillius velezensis JYC520		Potato rhizosphere soil	China:Qujing	2022-12-17	Microbe sample from Bacillus velezensis		False	True	False	False	1	True	source	False	True	False	False	1	source	True	INCLUDE	Isolation source explicitly indicates direct plant association or plant biological material.	isolation_source
GCF_048288335.1	Bacillus velezensis	492670	1X1Y	Complete Genome		2025-03-03	Yunnan agricultural university	PRJNA1008425	SAMN37119131	1X1Y		Potato rhizosphere soil	China:Zhaotong	2020-08-21	Microbe sample from Bacillus velezensis		False	True	False	False	1	True	source	False	True	False	False	1	source	True	INCLUDE	Isolation source explicitly indicates direct plant association or plant biological material.	isolation_source
GCF_048585445.1	Bacillus velezensis	492670	HKSSLJEBR3	Complete Genome		2025-03-16	Hainan Academy of Agricultural Sciences	PRJNA1222157	SAMN46762310	HKSSLJEBR3	Capsicum annuum		China: Chili Garden, Shishan Town, Haikou City	2022-02-28	Bacillus velezensis strain HKSSLJEBR3	Bacillus velzensis isolated from pepper roots.	False	False	False	True	1	True	comment	False	False	False	True	1	comment	True	INCLUDE	Isolation source is unavailable, but other BioSample metadata explicitly indicates direct plant association or plant biological material.	other_explicit_metadata
GCF_049537935.1	Bacillus velezensis	492670	BV-22	Scaffold		2025-04-12	King Saud University	PRJNA1247017	SAMN47803716	BV-22	onion	onion rhizospheric soils	Saudi Arabia	2021	Microbe sample from Bacillus velezensis		False	True	False	False	1	True	source	False	True	False	False	1	source	True	INCLUDE	Isolation source explicitly indicates direct plant association or plant biological material.	isolation_source
GCF_049544895.1	Bacillus velezensis	492670	YN1282-2-U46	Complete Genome		2025-04-13	Yunnan Academy of Agricultural Sciences	PRJNA1246586	SAMN47784587	YN1282-2-U46	missing	rhizosphere	China: Yunnan	2024-03	Microbe sample from Bacillus velezensis		False	True	False	False	1	True	source	False	True	False	False	1	source	True	INCLUDE	Isolation source explicitly indicates direct plant association or plant biological material.	isolation_source
GCF_049803395.1	Bacillus velezensis	492670	TRQ67	Contig		2025-04-18	Instituto Tecnologico de Sonora	PRJNA1080047	SAMN41095874	TRQ67	wheat	rhizosphere	Mexico: Yaqui Valley	2014	Microbe sample from Bacillus velezensis		True	True	False	False	2	True	host;source	False	True	False	False	1	source	True	INCLUDE	Isolation source explicitly indicates direct plant association or plant biological material.	isolation_source
GCF_049810385.1	Bacillus velezensis	492670	XZ3-6	Complete Genome		2025-04-20	IMAU	PRJNA1249966	SAMN47925986	XZ3-6		Rhizosphere Soil of Poplar Forests in Tibet	China:Tibet	2015-06	Microbe sample from Bacillus velezensis		False	True	False	False	1	True	source	False	True	False	False	1	source	True	INCLUDE	Isolation source explicitly indicates direct plant association or plant biological material.	isolation_source
GCF_049819585.1	Bacillus velezensis	492670	400	Complete Genome		2025-04-21	China Agricultural University	PRJNA1237533	SAMN47424389	400	missing	rhizosphere	China: Quzhou Experimental Station	2017	Microbe sample from Bacillus methylotrophicus 400	Microbe sample from Bacillus methylotrophicus 400	False	True	False	False	1	True	source	False	True	False	False	1	source	True	INCLUDE	Isolation source explicitly indicates direct plant association or plant biological material.	isolation_source
GCF_049942705.1	Bacillus velezensis	492670	YCH92	Complete Genome		2025-04-27	Hunan Vegetable Research Institute	PRJNA1251308	SAMN48003576	YCH92	Camellia oleifera Abel	leaves	China:Hunan Province	2024-04	Microbe sample from Bacillus velezensis		False	True	False	False	1	True	source	False	True	False	False	1	source	True	INCLUDE	Isolation source explicitly indicates direct plant association or plant biological material.	isolation_source
GCF_049944735.1	Bacillus velezensis	492670	MUN-1	Contig		2025-04-27	Public University of Navarra	PRJNA1199329	SAMN45871478	MUN-1	maize	rhizosphere	Pakistan: Lahore	2019-06-15	Microbe sample from Bacillus velezensis		True	True	False	False	2	True	host;source	False	True	False	False	1	source	True	INCLUDE	Isolation source explicitly indicates direct plant association or plant biological material.	isolation_source
GCF_050106615.1	Bacillus velezensis	492670	TRMB57782	Contig		2025-05-03	College of Life Science and Technology, Tarim University	PRJNA1252362	SAMN48047922	TRMB57782	Tamarix	rhizosphere soil	China:Xinjiang, Aksu, Taklimakan Desert	2023-09-23	Microbe sample from Bacillus velezensis		False	True	False	False	1	True	source	False	True	False	False	1	source	True	INCLUDE	Isolation source explicitly indicates direct plant association or plant biological material.	isolation_source
GCF_050445505.1	Bacillus velezensis	492670	LiR9.	Contig		2025-05-19	laboratoire des substances bioactives	PRJNA1095867	SAMN40738005	LiR9.	potato	leaf	Tunisia	2015-03	Microbe sample from Bacillus velezensis		True	True	False	False	2	True	host;source	False	True	False	False	1	source	True	INCLUDE	Isolation source explicitly indicates direct plant association or plant biological material.	isolation_source
GCF_050445565.1	Bacillus velezensis	492670	FaR1	Contig		2025-05-19	laboratoire des substances bioactives	PRJNA1095867	SAMN40738006	FaR1	potato	roots	Tunisia	2015-03	Microbe sample from Bacillus velezensis		True	True	False	False	2	True	host;source	False	True	False	False	1	source	True	INCLUDE	Isolation source explicitly indicates direct plant association or plant biological material.	isolation_source
GCF_050821995.1	Bacillus velezensis	492670	G-1	Complete Genome		2025-06-06	Shanxi Academy of Agricultural Sciences	PRJNA767120	SAMN21891625	G-1	Tomato	tomato root	China	2017-06-30	Microbe sample from Bacillus velezensis		True	True	False	False	2	True	host;source	False	True	False	False	1	source	True	INCLUDE	Isolation source explicitly indicates direct plant association or plant biological material.	isolation_source
GCF_050908125.1	Bacillus velezensis	492670	QA2	Chromosome		2025-06-12	Mohammed VI Polytechnic University	PRJNA1267493	SAMN48721967	QA2	Chenopodium quinoa	rhizosphere soil	Morocco: BenGuerir	2022-06	Microbe sample from Bacillus velezensis		False	True	False	False	1	True	source	False	True	False	False	1	source	True	INCLUDE	Isolation source explicitly indicates direct plant association or plant biological material.	isolation_source
GCF_050909115.1	Bacillus velezensis	492670	LZ88	Complete Genome		2025-06-12	Chinese Academy of Agricultural Sciences	PRJNA688024	SAMN17167596	LZ88		tobacco rhizosphere soil	China:Shandong	2018-07	Bacillus siamensis LZ88 isolated from tobacco rhizosphere soil		False	True	True	False	2	True	source;title	False	True	True	False	2	source;title	True	INCLUDE	Isolation source explicitly indicates direct plant association or plant biological material.	isolation_source
GCF_051175615.1	Bacillus velezensis	492670	JSCa-1	Complete Genome		2025-07-02	Jishou University	PRJNA1279094	SAMN49388841	JSCa-1	kiwifruit	rhizosphere soil	China: Jishou	2023-06-18	Microbe sample from Bacillus velezensis		False	True	False	False	1	True	source	False	True	False	False	1	source	True	INCLUDE	Isolation source explicitly indicates direct plant association or plant biological material.	isolation_source
GCF_051472655.1	Bacillus velezensis	492670	Soil-4-2	Complete Genome		2025-07-22	Southwest University of Science and Technology	PRJNA1280293	SAMN49520446	Soil-4-2		rhizospheric soil of healthy Aconitum carmichaelii plants	China: Mianyang	2020	Microbe sample from Bacillus velezensis		False	True	False	False	1	True	source	False	True	False	False	1	source	True	INCLUDE	Isolation source explicitly indicates direct plant association or plant biological material.	isolation_source
GCF_051549775.1	Bacillus velezensis	492670	WSR1	Complete Genome		2025-07-28	Chinese Academy of Tropical Agricultural Sciences	PRJNA1290280	SAMN49914656	WSR1	Rubber tree roots		China:Hainan	2023-05-21	Microbe sample from Bacillus velezensis		True	False	False	False	1	True	host	True	False	False	False	1	host	True	INCLUDE	Isolation source is unavailable, but other BioSample metadata explicitly indicates direct plant association or plant biological material.	other_explicit_metadata
GCF_051935925.1	Bacillus velezensis	492670	J4	Complete Genome		2025-08-12	Qiqihar University	PRJNA940593	SAMN33575007	J4		Watermelon root	China:Qiqihar	2022-10-10	Microbe sample from Bacillus methylotrophicus		False	True	False	False	1	True	source	False	True	False	False	1	source	True	INCLUDE	Isolation source explicitly indicates direct plant association or plant biological material.	isolation_source
GCF_052076155.1	Bacillus velezensis	492670	0904	Complete Genome		2025-08-17	Yunnan Institute of Tropical Crops	PRJNA1303401	SAMN50512876	0904	Amorphophallus muelleri	rhizosphere	China	2024-06-25	Microbe sample from Bacillus velezensis		False	True	False	False	1	True	source	False	True	False	False	1	source	True	INCLUDE	Isolation source explicitly indicates direct plant association or plant biological material.	isolation_source
GCF_052229975.1	Bacillus velezensis	492670	NS13	Complete Genome		2025-08-25	Chongqing Institute of Medicinal Plant Cultivation	PRJNA1306347	SAMN50632453	NS13	Lonicera macranthoides	rhizosphere soil	China:Chongqing	2023-07-01	Microbe sample from Bacillus velezensis		False	True	False	False	1	True	source	False	True	False	False	1	source	True	INCLUDE	Isolation source explicitly indicates direct plant association or plant biological material.	isolation_source
GCF_052535915.1	Bacillus velezensis	492670	Cas367	Scaffold		2025-09-09	Tobacco Research Institute of Chinese Academy of Agricultural Sciences	PRJNA1314421	SAMN50932918	Cas367		rhizosphere soil	China:Hubei	2022-06-15	Microbe sample from Bacillus velezensis		False	True	False	False	1	True	source	False	True	False	False	1	source	True	INCLUDE	Isolation source explicitly indicates direct plant association or plant biological material.	isolation_source
GCF_052568175.1	Bacillus velezensis	492670	WL-B6	Complete Genome		2025-09-11	Sichuan Agricultural University	PRJNA1313384	SAMN50893058	WL-B6		phyllosphere	China: Sichuan	2021-10-19	Microbe sample from Bacillus velezensis		False	True	False	False	1	True	source	False	True	False	False	1	source	True	INCLUDE	Isolation source explicitly indicates direct plant association or plant biological material.	isolation_source
GCF_052568205.1	Bacillus velezensis	492670	XM18-5	Complete Genome		2025-09-11	Ningxia Academy of Agriculture and Forestry             Sciences	PRJNA1310797	SAMN50784600	XM18-5	potato	rhizosphere soil	China: Ningxia	2021-06-20	Microbe sample from Bacillus velezensis		True	True	False	False	2	True	host;source	False	True	False	False	1	source	True	INCLUDE	Isolation source explicitly indicates direct plant association or plant biological material.	isolation_source
GCF_052692685.1	Bacillus velezensis	492670	BBE18	Complete Genome		2025-09-17	Annamalai university	PRJNA1304038	SAMN50547684	BBE18		Plant tissue	India: Cumbum	2024-07-05	Microbe sample from Bacillus velezensis		False	True	False	False	1	True	source	False	True	False	False	1	source	True	INCLUDE	Isolation source explicitly indicates direct plant association or plant biological material.	isolation_source
GCF_052922385.1	Bacillus velezensis	492670	B2	Contig		2025-09-29	UNIVERSITY OF AGRICULTURAL SCIENCES, RAICHUR	PRJNA1331754	SAMN51647755	B2	Allium cepa	phyllosphere	India: Northern Karnataka	2023-09-11	Microbe sample from Bacillus velezensis		False	True	False	False	1	True	source	False	True	False	False	1	source	True	INCLUDE	Isolation source explicitly indicates direct plant association or plant biological material.	isolation_source
GCF_052977405.1	Bacillus velezensis	492670	SD1	Contig		2025-10-04	University of Science and Technology - Houari Boumediene	PRJNA1332706	SAMN51757781	SD1		Non-Rhizosphere soil	Algeria: Djanet	2023	Microbe sample from Bacillus velezensis		False	True	False	False	1	True	source	False	True	False	False	1	source	True	INCLUDE	Isolation source explicitly indicates direct plant association or plant biological material.	isolation_source
GCF_053470225.1	Bacillus velezensis	492670	BP5	Contig		2025-11-13	Dong Thap University	PRJNA1328188	SAMN51307170	BP5	Capsicum	pepper rhizosphere soil	Viet Nam: Dong Thap	2023-05	Bacillus velezensis strain BP5 from pepper rhizosphere		False	True	True	False	2	True	source;title	False	True	True	False	2	source;title	True	INCLUDE	Isolation source explicitly indicates direct plant association or plant biological material.	isolation_source
GCF_053470245.1	Bacillus velezensis	492670	BP103	Contig		2025-11-13	Dong Thap University	PRJNA1328188	SAMN51307171	BP103	Capsicum	pepper rhizosphere soil	Viet Nam: Dong Thap	2023-05	Bacillus velezensis strain BP103 from pepper rhizosphere		False	True	True	False	2	True	source;title	False	True	True	False	2	source;title	True	INCLUDE	Isolation source explicitly indicates direct plant association or plant biological material.	isolation_source
GCF_053569555.1	Bacillus velezensis	492670	2	Contig		2025-11-19	University of Science and Technology - Houari Boumediene	PRJNA1332706	SAMN51757782	2		rhizosphere soil	Algeria: Algiers	2022	Microbe sample from Bacillus velezensis		False	True	False	False	1	True	source	False	True	False	False	1	source	True	INCLUDE	Isolation source explicitly indicates direct plant association or plant biological material.	isolation_source
GCF_053571025.1	Bacillus velezensis	492670	CMAA 1918	Contig		2025-11-19	Project funded by Brazilian Agricultural Reserch Corporation -EMBRAPA.	PRJNA1178678	SAMN44475235	CMAA 1918	Neoglaziovia variegata	rhizosphere	Brazil: Caatinga biome	2010-10	Microbe sample from Bacillus velezensis		False	True	False	False	1	True	source	False	True	False	False	1	source	True	INCLUDE	Isolation source explicitly indicates direct plant association or plant biological material.	isolation_source
GCF_053750075.1	Bacillus velezensis	492670	P63	Complete Genome		2025-11-26	Institute of Soil Science, Chinese Academy of Sciences, Nanjing	PRJNA1295741	SAMN50184178	P63	Tomato	rhizosphere soil	China:Nanjing	2021-08	Microbe sample from Bacillus velezensis		True	True	False	False	2	True	host;source	False	True	False	False	1	source	True	INCLUDE	Isolation source explicitly indicates direct plant association or plant biological material.	isolation_source
GCF_053847225.1	Bacillus velezensis	492670	RF2	Complete Genome		2025-12-06	Gannan Normal University	PRJNA1371686	SAMN53512722	RF2		leaf phyllosphere	China:Jiangxi	2019-07-14	Microbe sample from Bacillus velezensis		False	True	False	False	1	True	source	False	True	False	False	1	source	True	INCLUDE	Isolation source explicitly indicates direct plant association or plant biological material.	isolation_source
GCF_054165805.1	Bacillus velezensis	492670	DDW3	Complete Genome		2025-12-24	Chengdu University	PRJNA1335904	SAMN52029460	DDW3	Matricaria chamomilla	leaves	China:Chengdu	2025-03	Microbe sample from Bacillus velezensis		False	True	False	False	1	True	source	False	True	False	False	1	source	True	INCLUDE	Isolation source explicitly indicates direct plant association or plant biological material.	isolation_source
GCF_054850045.1	Bacillus velezensis	492670	BGERd-B2	Contig		2026-01-30	Bangabandhu Sheikh Mujibur Rahman Agricultural University (BSMRAU)	PRJNA1055760	SAMN54724731	BGERd-B2	Paraleonurus sibiricus	leaf of Roktodron (Leonurus sibiricus L.)	Bangladesh:Shabgram, Bogura	2024-04-26	Microbe sample from Bacillus velezensis		False	True	False	False	1	True	source	False	True	False	False	1	source	True	INCLUDE	Isolation source explicitly indicates direct plant association or plant biological material.	isolation_source
GCF_054889435.1	Bacillus velezensis	492670	MY-8	Complete Genome		2026-02-02	East China University of Science and Technology	PRJNA1356666	SAMN53065547	MY-8		rhizosphere soil	China	2024-06	Microbe sample from Bacillus velezensis		False	True	False	False	1	True	source	False	True	False	False	1	source	True	INCLUDE	Isolation source explicitly indicates direct plant association or plant biological material.	isolation_source
GCF_054954805.1	Bacillus velezensis	492670	SAU-22	Complete Genome		2026-02-10	Chongqing Three Gorges University	PRJNA1417236	SAMN54990595	SAU-22	Oryza sativa	Endophytic bacterium isolated from healthy rice leaf tissue	China: Chongqing, Wanzhou, rice paddy field	2025-06-07	MIGS Cultured Bacterial/Archaeal sample from Bacillus velezensis	Keywords: GSC:MIxS;MIGS:6.0	False	True	False	False	1	True	source	False	True	False	False	1	source	True	INCLUDE	Isolation source explicitly indicates direct plant association or plant biological material.	isolation_source
GCF_054966515.1	Bacillus velezensis	492670	XG2	Scaffold		2026-02-11	Nanjing University of Chinese Medicine	PRJNA1420036	SAMN55205697	XG2		rhizosphere soil	China: Gansu, Min County	2019	Microbe sample from Bacillus velezensis		False	True	False	False	1	True	source	False	True	False	False	1	source	True	INCLUDE	Isolation source explicitly indicates direct plant association or plant biological material.	isolation_source
GCF_055690625.1	Bacillus velezensis	492670	S-LA5	Complete Genome		2026-03-05	Bangabandhu Sheikh Mujibur Rahman Agricultural University (BSMRAU)	PRJNA1055760	SAMN54376226	S-LA5	Leucas aspera	Flower of Leucas aspera	Bangladesh: Biral, Dinajpur	2025-05-23	Microbe sample from Bacillus velezensis		False	True	False	False	1	True	source	False	True	False	False	1	source	True	INCLUDE	Isolation source explicitly indicates direct plant association or plant biological material.	isolation_source
GCF_055690645.1	Bacillus velezensis	492670	IBGE-ES262	Complete Genome		2026-03-05	Bangabandhu Sheikh Mujibur Rahman Agricultural University (BSMRAU)	PRJNA1055760	SAMN54376227	IBGE-ES262	Triticum aestivum	Seed of BARI Gom 26	Bangladesh: Gazipur, Gazipur Agricultural University	2025-01-18	Microbe sample from Bacillus velezensis		False	True	False	False	1	True	source	False	True	False	False	1	source	True	INCLUDE	Isolation source explicitly indicates direct plant association or plant biological material.	isolation_source
GCF_055690665.1	Bacillus velezensis	492670	S-LA3	Complete Genome		2026-03-05	Bangabandhu Sheikh Mujibur Rahman Agricultural University (BSMRAU)	PRJNA1055760	SAMN54376225	S-LA3	Leucas aspera	Root of Leucas aspera	Bangladesh: Biral, Dinajpur	2025-05-23	Microbe sample from Bacillus velezensis		False	True	False	False	1	True	source	False	True	False	False	1	source	True	INCLUDE	Isolation source explicitly indicates direct plant association or plant biological material.	isolation_source
GCF_055709905.1	Bacillus velezensis	492670	BGERd-B6	Contig		2026-03-09	Bangabandhu Sheikh Mujibur Rahman Agricultural University (BSMRAU)	PRJNA1055760	SAMN56289889	BGERd-B6	Paraleonurus sibiricus	Stem of Roktodron (Leonurus sibiricus L.)	Bangladesh:Shabgram, Bogura	2015-04-19	Microbe sample from Bacillus velezensis		False	True	False	False	1	True	source	False	True	False	False	1	source	True	INCLUDE	Isolation source explicitly indicates direct plant association or plant biological material.	isolation_source
GCF_056413905.1	Bacillus velezensis	492670	DDW18	Complete Genome		2026-03-30	Chengdu University	PRJNA1335904	SAMN54155529	DDW18	Matricaria chamomilla	leaves	China: Sichuan	2025-03-20	Bacillus subtilis DDW18		False	True	False	False	1	True	source	False	True	False	False	1	source	True	INCLUDE	Isolation source explicitly indicates direct plant association or plant biological material.	isolation_source
GCF_056437605.1	Bacillus velezensis	492670	H166	Complete Genome		2026-03-31	Hebei Agricultural University	PRJNA1425261	SAMN55412797	H166	apple tree	rhizospheric soil	China: Hebei	2021-09-10	Microbe sample from Bacillus velezensis		False	True	False	False	1	True	source	False	True	False	False	1	source	True	INCLUDE	Isolation source explicitly indicates direct plant association or plant biological material.	isolation_source
GCF_056640695.1	Bacillus velezensis	492670	MRL14-522	Complete Genome		2026-04-09	SCLEROZA	PRJNA1433227	SAMN56364150	MRL14-522	Primula vulgaris seeds		France: Avignon	2014	MIGS Cultured Bacterial/Archaeal sample from Bacillus velezensis	Keywords: GSC:MIxS;MIGS:6.0	True	False	False	False	1	True	host	True	False	False	False	1	host	True	INCLUDE	Isolation source is unavailable, but other BioSample metadata explicitly indicates direct plant association or plant biological material.	other_explicit_metadata
GCF_056674955.1	Bacillus velezensis	492670	Medicinal_05	Contig		2026-04-11	MNS-University of Agriculture	PRJNA1290071	SAMN49909480	Medicinal_05	Medicinal plants	soil rhizosphere	Pakistan: Lahore	2023-08-01	Microbe sample from Bacillus velezensis		True	True	False	False	2	True	host;source	False	True	False	False	1	source	True	INCLUDE	Isolation source explicitly indicates direct plant association or plant biological material.	isolation_source
GCF_056725985.1	Bacillus velezensis	492670	CGMCC No.20561	Complete Genome		2026-04-15	Nanjing Agricultural University	PRJNA1437884	SAMN56523841	CGMCC No.20561	Pyrus sinkiangensis	pear flower stigma	China:Xinjiang, Korla	2019	Microbe sample from Bacillus velezensis		False	True	False	False	1	True	source	False	True	False	False	1	source	True	INCLUDE	Isolation source explicitly indicates direct plant association or plant biological material.	isolation_source
GCF_057096045.1	Bacillus velezensis	492670	BV2007	Complete Genome		2026-04-30	Hebei Agricultural University	PRJNA1425263	SAMN55412835	BV2007	apple tree	rhizospheric soil	China: Hebei	2019-09-10	Microbe sample from Bacillus velezensis BV2007		False	True	False	False	1	True	source	False	True	False	False	1	source	True	INCLUDE	Isolation source explicitly indicates direct plant association or plant biological material.	isolation_source
GCF_057162765.1	Bacillus velezensis	492670	BS-3-108	Contig		2026-05-01	Guangxi Minzu University	PRJNA1450654	SAMN57164494	BS-3-108		Mango leaves	China: Guangxi	2024-07-16	Microbe sample from Bacillus velezensis		False	True	False	False	1	True	source	False	True	False	False	1	source	True	INCLUDE	Isolation source explicitly indicates direct plant association or plant biological material.	isolation_source
GCF_057175425.1	Bacillus velezensis	492670	1-L-29	Complete Genome		2026-05-03	Central South University of Forestry and Technology	PRJNA1451921	SAMN57203476	1-L-29		C. oleifera root	China:Changsha	2022-10-10	One Health Enteric sample from Bacillus velezensis		False	True	False	False	1	True	source	False	True	False	False	1	source	True	INCLUDE	Isolation source explicitly indicates direct plant association or plant biological material.	isolation_source
GCF_057220775.1	Bacillus velezensis	492670	NR10	Complete Genome		2026-05-06	tianjin univerisity of science and technology	PRJNA1459039	SAMN57540116	NR10		Fragaria ananassa Red Face roots	China:tianjin	2025	Microbe sample from Bacillus velezensis		False	True	False	False	1	True	source	False	True	False	False	1	source	True	INCLUDE	Isolation source explicitly indicates direct plant association or plant biological material.	isolation_source
GCF_057334255.1	Bacillus velezensis	492670	AGC65	Contig		2026-05-07	African Genome Center	PRJNA1133887	SAMN43406657	AGC65	plant	roots	not provided	2022-05-27	WGS-endobacterial		True	True	False	False	2	True	host;source	False	True	False	False	1	source	True	INCLUDE	Isolation source explicitly indicates direct plant association or plant biological material.	isolation_source
GCF_057334635.1	Bacillus velezensis	492670	AGC33	Contig		2026-05-07	African Genome Center	PRJNA1133887	SAMN43406630	AGC33	plant	roots	not provided	2022-05-27	WGS-endobacterial		True	True	False	False	2	True	host;source	False	True	False	False	1	source	True	INCLUDE	Isolation source explicitly indicates direct plant association or plant biological material.	isolation_source
GCF_057654735.1	Bacillus velezensis	492670	AP-3	Complete Genome		2026-05-20	USDA-ARS-NCAUR	PRJNA1392455	SAMN54261224	AP-3	Eucalyptus	Leaf of eucalyptus	Brazil: state of Minas Gerais	1984	MIGS Cultured Bacterial/Archaeal sample from Bacillus velezensis	Keywords: GSC:MIxS;MIGS:6.0	False	True	False	False	1	True	source	False	True	False	False	1	source	True	INCLUDE	Isolation source explicitly indicates direct plant association or plant biological material.	isolation_source
GCF_058167685.1	Bacillus velezensis	492670	Bv_HAINU-1	Complete Genome		2026-06-12	Hainan Univeristy	PRJNA841407	SAMN28592283	Bv_HAINU-1		stem	China: Haikou	2020-10	Microbe sample from Bacillus velezensis		False	True	False	False	1	True	source	False	True	False	False	1	source	True	INCLUDE	Isolation source explicitly indicates direct plant association or plant biological material.	isolation_source
GCF_058320775.1	Bacillus velezensis	492670	GP28-2	Scaffold		2026-06-22	Chinese Academy of Agricultural Sciences	PRJNA1208735	SAMN46224826	GP28-2	Grape	rhizosphere soil	China:Ningxia	2023-09	Microbe sample from Bacillus velezensis		False	True	False	False	1	True	source	False	True	False	False	1	source	True	INCLUDE	Isolation source explicitly indicates direct plant association or plant biological material.	isolation_source
GCF_058629395.1	Bacillus velezensis	492670	CST2-R1	Contig		2026-06-30	HCMUT	PRJNA1478645	SAMN60899550	CST2-R1		endophytic tissue of Cavendish plant	Viet Nam: Tay Ninh	2025	Microbe sample from Bacillus velezensis		False	True	False	False	1	True	source	False	True	False	False	1	source	True	INCLUDE	Isolation source explicitly indicates direct plant association or plant biological material.	isolation_source
GCF_058629415.1	Bacillus velezensis	492670	CHL1-R1	Contig		2026-06-30	HCMUT	PRJNA1478645	SAMN60899549	CHL1-R1		endophytic tissue of Cavendish plant	Viet Nam: Lam Dong	2025	Microbe sample from Bacillus velezensis		False	True	False	False	1	True	source	False	True	False	False	1	source	True	INCLUDE	Isolation source explicitly indicates direct plant association or plant biological material.	isolation_source
GCF_058629435.1	Bacillus velezensis	492670	CHL1-T4	Contig		2026-06-30	HCMUT	PRJNA1478645	SAMN60899548	CHL1-T4		endophytic tissue of Cavendish plant	Viet Nam: Lam Dong	2025	Microbe sample from Bacillus velezensis		False	True	False	False	1	True	source	False	True	False	False	1	source	True	INCLUDE	Isolation source explicitly indicates direct plant association or plant biological material.	isolation_source
GCF_059078255.1	Bacillus velezensis	492670	Uz2	Contig		2026-07-07	Institute of Microbiology Academy of Sciences of the Republic of Uzbekistan	PRJNA1482455	SAMN61125187	Uz2	Glycine max	soybean root nodule	Uzbekistan: Tashkent Region	2024-04-10	Bacillus velezensis strain Uz2 isolated from soybean root nodule	Keywords: GSC:MIxS;MIGS:6.0	False	True	True	False	2	True	source;title	False	True	True	False	2	source;title	True	INCLUDE	Isolation source explicitly indicates direct plant association or plant biological material.	isolation_source
GCF_059147195.1	Bacillus velezensis	492670		Complete Genome		2026-07-09	Pontificia Universidad Catolica de Valparaiso	PRJNA1440537	SAMN56617066		Otholobium glandulosum	nodules	Chile:Valparaiso	2022-10-11	Microbe sample from Bacillus velezensis	Bacterial isolate obtained from root nodules of Otholobium glandulosum (Culen) collected in Reserva Nacional Lago Penuelas, Valparaiso Region, Chile.	False	True	False	True	2	True	source;comment	False	True	False	True	2	source;comment	True	INCLUDE	Isolation source explicitly indicates direct plant association or plant biological material.	isolation_source
GCF_059147205.1	Bacillus velezensis	492670		Complete Genome		2026-07-09	Pontificia Universidad Catolica de Valparaiso	PRJNA1440537	SAMN56616999		Otholobium glandulosum	nodules	Chile:Valparaiso	2022-10-11	Microbe sample from Bacillus velezensis	"Bacterial isolate obtained from root nodules of Otholobium glandulosum (Culen) collected in Reserva Nacional Lago Penuelas, Valparaiso Region, Chile."""	False	True	False	True	2	True	source;comment	False	True	False	True	2	source;comment	True	INCLUDE	Isolation source explicitly indicates direct plant association or plant biological material.	isolation_source
GCF_059547635.1	Bacillus velezensis	492670	BS101	Contig		2026-07-20	Sant'Anna School of Advanced Studies	PRJNA1489504	SAMN61385213	BS101	Dianthus caryophyllus		Italy: Tuscany	1984	Bacillus velezensis strain BS101 isolated from plant rhizosphere soil	Keywords: GSC:MIxS;MIGS:6.0	False	False	True	False	1	True	title	False	False	True	False	1	title	True	INCLUDE	Isolation source is unavailable, but other BioSample metadata explicitly indicates direct plant association or plant biological material.	other_explicit_metadata
GCF_059618005.1	Bacillus velezensis	492670	802	Complete Genome		2026-07-26	Henan University of Technology	PRJNA1494898	SAMN61622030	802		wheat seeds	China:Zhengzhou, Henan Province	2025-03	Microbe sample from Bacillus velezensis		False	True	False	False	1	True	source	False	True	False	False	1	source	True	INCLUDE	Isolation source explicitly indicates direct plant association or plant biological material.	isolation_source
GCF_059629335.1	Bacillus velezensis	492670	3A-6A	Contig		2026-07-27	Universidad Autonoma de Zacatecas	PRJNA343056	SAMN05846290	3A-6A			Mexico: Zacatecas, Morelos	2012-05-11	Soil and rhyzosphere bacteria isolates antagonistic to pepper root pathogens_2	Keywords: GSC:MIxS;MIGS:6.0	False	False	True	False	1	True	title	False	False	True	False	1	title	True	INCLUDE	Isolation source is unavailable, but other BioSample metadata explicitly indicates direct plant association or plant biological material.	other_explicit_metadata
GCF_059740425.1	Bacillus velezensis	492670	CMML20-20	Complete Genome		2026-08-01	Chonnam National University	PRJNA1484225	SAMN49983561	CMML20-20	Zoysia japonica	rhizosphere soil	South Korea: Hwasun	2020-06-21	Bacillus velezensis strain CMML20-20 isolated from rhizosphere of Zoysia japonica	Bacillus velezensis CMML20-20 was isolated from rhizosphere soil of Zoysia japonica (turfgrass) collected in Hwasun, South Korea. The isolate was identified based on 16S rRNA gene sequence and is being evaluated for potential plant growth-promoting and antifungal activities. This sample is part of a BioProject investigating beneficial rhizosphere bacteria for agricultural applications.	False	True	True	True	3	True	source;title;comment	False	True	True	True	3	source;title;comment	True	INCLUDE	Isolation source explicitly indicates direct plant association or plant biological material.	isolation_source
GCF_059759445.1	Bacillus velezensis	492670	EG11	Complete Genome		2026-08-03	volcani institute	PRJNA1478414	SAMN60884620	EG11	Triticum sp. introgression line IL105	wheat (Triticum sp.) leaf surface (phyllosphere)	Israel: Gilat	2023	EG11_IL105_LowP	16S rRNA gene sequence 100% identity to Bacillus amyloliquefaciens group; whole-genome sequenced (B. velezensis lineage by ANI); isolated from wheat phyllosphere	False	True	False	True	2	True	source;comment	False	True	False	True	2	source;comment	True	INCLUDE	Isolation source explicitly indicates direct plant association or plant biological material.	isolation_source
GCF_059981775.1	Bacillus velezensis	492670	Ta1	Complete Genome		2026-08-10	Shangqiu Normal University	PRJNA1499916	SAMN61896579	Ta1		wheat leaf tissue	China:Shangqiu	2023-03-10	Microbe sample from Bacillus velezensis		False	True	False	False	1	True	source	False	True	False	False	1	source	True	INCLUDE	Isolation source explicitly indicates direct plant association or plant biological material.	isolation_source
GCF_060059705.1	Bacillus velezensis	492670	MGMM30	Complete Genome		2026-08-13	FRC Kazan Scientific Center RAS	PRJNA1506496	SAMN62138105	MGMM30		rhizosphere	Russia: Tatarstan, Vysokogorsky region	2022-06	Microbe sample from Bacillus velezensis		False	True	False	False	1	True	source	False	True	False	False	1	source	True	INCLUDE	Isolation source explicitly indicates direct plant association or plant biological material.	isolation_source
GCF_060082625.1	Bacillus velezensis	492670	HE-23	Complete Genome		2026-08-13	Chongqing Normal University	PRJNA1090295	SAMN40562073	HE-23	Dolomiaea costus	root	China: Quanxiu Village, Guanmian Township, Kaizhou District, Chongqing	2022-09	Microbe sample from Bacillus velezensis		False	True	False	False	1	True	source	False	True	False	False	1	source	True	INCLUDE	Isolation source explicitly indicates direct plant association or plant biological material.	isolation_source
GCF_060145795.1	Bacillus velezensis	492670	Zhengzhou	Complete Genome		2025-12-24	HENAN ACADEMY OF SCIENCE	PRJNA1205906	SAMN46066436	Zhengzhou	Tomato	rhizosphere	China	2021-10-13	Microbe sample from Bacillus velezensis		True	True	False	False	2	True	host;source	False	True	False	False	1	source	True	INCLUDE	Isolation source explicitly indicates direct plant association or plant biological material.	isolation_source
GCF_060145825.1	Bacillus velezensis	492670	Taikang	Complete Genome		2025-12-24	HENAN ACADEMY OF SCIENCE	PRJNA1205906	SAMN46066435	Taikang	watermelon	rhizosphere	China	2020-08-09	Microbe sample from Bacillus velezensis		False	True	False	False	1	True	source	False	True	False	False	1	source	True	INCLUDE	Isolation source explicitly indicates direct plant association or plant biological material.	isolation_source
GCF_060591375.1	Bacillus velezensis	492670	7232	Contig		2026-08-29	Northwest A&F University	PRJNA1517206	SAMN62640486	7232	Cucumis sativus	rhizosphere soil of cucumber plant	missing: lab stock	missing: lab stock	Microbe sample from Bacillus velezensis		False	True	False	False	1	True	source	False	True	False	False	1	source	True	INCLUDE	Isolation source explicitly indicates direct plant association or plant biological material.	isolation_source
GCF_061073905.1	Bacillus velezensis	492670	ZN5	Scaffold		2026-09-08	Inner Mongolia Agricultural University	PRJNA1519156	SAMN62715619	ZN5	Setaria italica	rhizosphere soil	China: Hohhot, Inner Mongolia Autonomous Region	2024-09-14	Microbe sample from Bacillus velezensis		False	True	False	False	1	True	source	False	True	False	False	1	source	True	INCLUDE	Isolation source explicitly indicates direct plant association or plant biological material.	isolation_source
GCF_904841115.1	Bacillus velezensis	492670	Tu-100	Contig		2020-10-12	CARDIFF SCHOOL OF BIOSCIENCES	PRJEB39303	SAMEA7370792	Tu-100		Oilseed rape rhizosphere	China		Bacillus velezensis Tu-100	Rhizosphere bacterium Bacillus velezensis Tu-100	False	True	False	True	2	True	source;comment	False	True	False	True	2	source;comment	True	INCLUDE	Isolation source explicitly indicates direct plant association or plant biological material.	isolation_source
GCF_904842145.1	Bacillus velezensis	492670	BY-2	Contig		2020-10-12	CARDIFF SCHOOL OF BIOSCIENCES	PRJEB39303	SAMEA7370791	BY-2		Oilseed rape rhizosphere	China		Bacillus velezensis BY-2	Rhizosphere bacterium Bacillus velezensis BY-2	False	True	False	True	2	True	source;comment	False	True	False	True	2	source;comment	True	INCLUDE	Isolation source explicitly indicates direct plant association or plant biological material.	isolation_source
GCF_949768215.1	Bacillus velezensis	492670		Contig		2025-02-10	faculty of agriculture, university of belgrade	PRJEB59762	SAMEA112482753						IT-133MI5	rhizosphere bacteria	False	False	False	True	1	True	comment	False	False	False	True	1	comment	True	INCLUDE	Isolation source is unavailable, but other BioSample metadata explicitly indicates direct plant association or plant biological material.	other_explicit_metadata
GCF_977015195.1	Bacillus velezensis	492670		Contig		2026-09-12	Novonesis	PRJEB101276	SAMEA120413428			Rootzone	Denmark	2014	Sample from Bacillus velezensis		False	True	False	False	1	True	source	False	True	False	False	1	source	True	INCLUDE	Isolation source explicitly indicates direct plant association or plant biological material.	isolation_source
GCF_977015285.1	Bacillus velezensis	492670		Contig		2026-09-12	Novonesis	PRJEB101276	SAMEA120413465			rhizosphere	USA	2015	Sample from Bacillus velezensis		False	True	False	False	1	True	source	False	True	False	False	1	source	True	INCLUDE	Isolation source explicitly indicates direct plant association or plant biological material.	isolation_source
GCF_977015355.1	Bacillus velezensis	492670		Contig		2026-09-12	Novonesis	PRJEB101276	SAMEA120413385			Rootzone	Denmark	2014	Sample from Bacillus velezensis		False	True	False	False	1	True	source	False	True	False	False	1	source	True	INCLUDE	Isolation source explicitly indicates direct plant association or plant biological material.	isolation_source
GCF_977015475.1	Bacillus velezensis	492670		Contig		2026-09-12	Novonesis	PRJEB101276	SAMEA120413444			rhizosphere	USA	2017	Sample from Bacillus velezensis		False	True	False	False	1	True	source	False	True	False	False	1	source	True	INCLUDE	Isolation source explicitly indicates direct plant association or plant biological material.	isolation_source
GCF_977015535.1	Bacillus velezensis	492670		Contig		2026-09-12	Novonesis	PRJEB101276	SAMEA120413467			rhizosphere	USA	2016	Sample from Bacillus velezensis		False	True	False	False	1	True	source	False	True	False	False	1	source	True	INCLUDE	Isolation source explicitly indicates direct plant association or plant biological material.	isolation_source
GCF_979889575.1	Bacillus velezensis	492670		Complete Genome		2026-02-16	University of Crete, Department of Biology	PRJEB93985	SAMEA118781402		Olea europaea		Greece	2019-10-29	Microbe isolated from the root of Olea europaea	Data associated with the SRL163 endophytic microbial isolate from root extracts of Olea europaea	False	False	True	True	2	True	title;comment	False	False	True	True	2	title;comment	True	INCLUDE	Isolation source is unavailable, but other BioSample metadata explicitly indicates direct plant association or plant biological material.	other_explicit_metadata
GCF_979901685.1	Bacillus velezensis	492670		Complete Genome		2026-02-16	University of Crete, Department of Biology	PRJEB93985	SAMEA118781408		Olea europaea		Greece	2020-02-03	Microbe isolated from the root of the Monumental Olive Tree of Azorias	Data associated with the SRL244 endophytic microbial isolate from root extracts of the Monumental Olive Tree of Azorias	False	False	True	True	2	True	title;comment	False	False	True	True	2	title;comment	True	INCLUDE	Isolation source is unavailable, but other BioSample metadata explicitly indicates direct plant association or plant biological material.	other_explicit_metadata
GCF_979902625.1	Bacillus velezensis	492670		Complete Genome		2026-02-16	University of Crete, Department of Biology	PRJEB93985	SAMEA118781406		Olea europaea		Greece	2020-02-03	Microbe isolated from the root of the Monumental Olive Tree of Azorias	Data associated with the SRL221 endophytic microbial isolate from root extracts of the Monumental Olive Tree of Azorias	False	False	True	True	2	True	title;comment	False	False	True	True	2	title;comment	True	INCLUDE	Isolation source is unavailable, but other BioSample metadata explicitly indicates direct plant association or plant biological material.	other_explicit_metadata
GCF_979914115.1	Bacillus velezensis	492670		Complete Genome		2026-02-16	University of Crete, Department of Biology	PRJEB93985	SAMEA118781417		Tetraena alba		Greece	2021-05-29	Microbe isolated from the leaves of Tetraena alba	Data associated with the SRL379 endophytic microbial isolate from leaf extracts Tetraena alba	False	False	True	True	2	True	title;comment	False	False	True	True	2	title;comment	True	INCLUDE	Isolation source is unavailable, but other BioSample metadata explicitly indicates direct plant association or plant biological material.	other_explicit_metadata
GCF_979914865.1	Bacillus velezensis	492670		Complete Genome		2026-02-16	University of Crete, Department of Biology	PRJEB93985	SAMEA118781416		Atriplex halimus		Greece	2021-05-29	Microbe isolated from the leaves of Atriplex halimus	Data associated with the SRL374 endophytic microbial isolate from leaf extracts Atriplex halimus	False	False	True	True	2	True	title;comment	False	False	True	True	2	title;comment	True	INCLUDE	Isolation source is unavailable, but other BioSample metadata explicitly indicates direct plant association or plant biological material.	other_explicit_metadata
GCF_000262385.1	Bacillus velezensis YAU B9601-Y2	1155777	YAU B9601-Y2	Complete Genome		2012-05-11	Faculty of Agronomy and Biotechnology, Yunnan Agricultural University, Kunming 650201 , PR China	PRJNA78839	SAMN02603232	YAU B9601-Y2		wheat rhizosphere			Sample from Bacillus velezensis YAU B9601-Y2		False	True	False	False	1	True	source	False	True	False	False	1	source	True	INCLUDE	Isolation source explicitly indicates direct plant association or plant biological material.	isolation_source
GCF_001756265.1	Bacillus wiedmannii	1890302	GOE6	Contig		2016-10-12	Georg-August-University Goettingen, Genomic and Applied Microbiology, Goettingen Genomics Laboratory	PRJNA318331	SAMN04819578	GOE6		Tomato rhizosphere	Germany:Goettingen	2014-06	Microbe sample from Bacillus thuringiensis GOE6	Plant associated Bacillus thuringiensis with antagonistic activity towards plant pathogenic fungi	False	True	False	True	2	True	source;comment	False	True	False	False	1	source	True	INCLUDE	Isolation source explicitly indicates direct plant association or plant biological material.	isolation_source
GCF_002550225.1	Bacillus wiedmannii	1890302	AFS098222	Scaffold		2017-10-13	UNC Chapel Hill	PRJNA400804	SAMN07598698	AFS098222	Soybean	leaf	USA: MN	2014-01-17	Microbe sample from Bacillus wiedmannii		True	True	False	False	2	True	host;source	False	True	False	False	1	source	True	INCLUDE	Isolation source explicitly indicates direct plant association or plant biological material.	isolation_source
GCF_002555155.1	Bacillus wiedmannii	1890302	AFS013151	Scaffold		2017-10-16	UNC Chapel Hill	PRJNA400804	SAMN07597412	AFS013151	Corn	root	USA: IA	2014-05-27	Microbe sample from Bacillus wiedmannii		True	True	False	False	2	True	host;source	False	True	False	False	1	source	True	INCLUDE	Isolation source explicitly indicates direct plant association or plant biological material.	isolation_source
GCF_002555265.1	Bacillus wiedmannii	1890302	AFS012729	Scaffold		2017-10-16	UNC Chapel Hill	PRJNA400804	SAMN07597409	AFS012729	Soybean	root	USA: MN	2014-05-27	Microbe sample from Bacillus wiedmannii		True	True	False	False	2	True	host;source	False	True	False	False	1	source	True	INCLUDE	Isolation source explicitly indicates direct plant association or plant biological material.	isolation_source
GCF_002555305.1	Bacillus wiedmannii	1890302	AFS011149	Scaffold		2017-10-16	UNC Chapel Hill	PRJNA400804	SAMN07597389	AFS011149	Soybean	leaf	USA: IA	2014-02-28	Microbe sample from Bacillus wiedmannii		True	True	False	False	2	True	host;source	False	True	False	False	1	source	True	INCLUDE	Isolation source explicitly indicates direct plant association or plant biological material.	isolation_source
GCF_002555385.1	Bacillus wiedmannii	1890302	AFS010764	Scaffold		2017-10-16	UNC Chapel Hill	PRJNA400804	SAMN07597383	AFS010764	Soybean	leaf	USA: MN	2014-01-17	Microbe sample from Bacillus wiedmannii		True	True	False	False	2	True	host;source	False	True	False	False	1	source	True	INCLUDE	Isolation source explicitly indicates direct plant association or plant biological material.	isolation_source
GCF_002555735.1	Bacillus wiedmannii	1890302	AFS008176	Scaffold		2017-10-16	UNC Chapel Hill	PRJNA400804	SAMN07597342	AFS008176	Corn	root	USA: MN	2013-11-25	Microbe sample from Bacillus wiedmannii		True	True	False	False	2	True	host;source	False	True	False	False	1	source	True	INCLUDE	Isolation source explicitly indicates direct plant association or plant biological material.	isolation_source
GCF_002555945.1	Bacillus wiedmannii	1890302	AFS004017	Contig		2017-10-16	UNC Chapel Hill	PRJNA400804	SAMN07597294	AFS004017	Soybean	leaf	USA: MN	2014-04-17	Microbe sample from Bacillus wiedmannii		True	True	False	False	2	True	host;source	False	True	False	False	1	source	True	INCLUDE	Isolation source explicitly indicates direct plant association or plant biological material.	isolation_source
GCF_002556085.1	Bacillus wiedmannii	1890302	AFS002371	Scaffold		2017-10-16	UNC Chapel Hill	PRJNA400804	SAMN07597268	AFS002371	Weed	leaf	USA: IN	2014-01-14	Microbe sample from Bacillus wiedmannii		False	True	False	False	1	True	source	False	True	False	False	1	source	True	INCLUDE	Isolation source explicitly indicates direct plant association or plant biological material.	isolation_source
GCF_002556425.1	Bacillus wiedmannii	1890302	AFS002707	Scaffold		2017-10-16	UNC Chapel Hill	PRJNA400804	SAMN07597276	AFS002707	Soybean	leaf	USA: IL	2014-04-17	Microbe sample from Bacillus wiedmannii		True	True	False	False	2	True	host;source	False	True	False	False	1	source	True	INCLUDE	Isolation source explicitly indicates direct plant association or plant biological material.	isolation_source
GCF_002556825.1	Bacillus wiedmannii	1890302	AFS027394	Scaffold		2017-10-16	UNC Chapel Hill	PRJNA400804	SAMN07597602	AFS027394	Soybean	leaf	USA: MN	2014-01-17	Microbe sample from Bacillus wiedmannii		True	True	False	False	2	True	host;source	False	True	False	False	1	source	True	INCLUDE	Isolation source explicitly indicates direct plant association or plant biological material.	isolation_source
GCF_002556905.1	Bacillus wiedmannii	1890302	AFS026518	Scaffold		2017-10-16	UNC Chapel Hill	PRJNA400804	SAMN07597594	AFS026518	Soybean	Seed; Soybean	USA: IA	2014-01-14	Microbe sample from Bacillus wiedmannii		True	True	False	False	2	True	host;source	False	True	False	False	1	source	True	INCLUDE	Isolation source explicitly indicates direct plant association or plant biological material.	isolation_source
GCF_002557475.1	Bacillus wiedmannii	1890302	AFS021943	Scaffold		2017-10-16	UNC Chapel Hill	PRJNA400804	SAMN07597517	AFS021943	Soybean	leaf	USA: IA	2014-02-28	Microbe sample from Bacillus wiedmannii		True	True	False	False	2	True	host;source	False	True	False	False	1	source	True	INCLUDE	Isolation source explicitly indicates direct plant association or plant biological material.	isolation_source
GCF_002557675.1	Bacillus wiedmannii	1890302	AFS008930	Scaffold		2017-10-16	UNC Chapel Hill	PRJNA400804	SAMN07597350	AFS008930	Soybean	leaf	USA: MN	2014-01-17	Microbe sample from Bacillus wiedmannii		True	True	False	False	2	True	host;source	False	True	False	False	1	source	True	INCLUDE	Isolation source explicitly indicates direct plant association or plant biological material.	isolation_source
GCF_002557855.1	Bacillus wiedmannii	1890302	AFS028955	Scaffold		2017-10-16	UNC Chapel Hill	PRJNA400804	SAMN07597627	AFS028955	Soybean	leaf	USA: MN	2014-04-17	Microbe sample from Bacillus wiedmannii		True	True	False	False	2	True	host;source	False	True	False	False	1	source	True	INCLUDE	Isolation source explicitly indicates direct plant association or plant biological material.	isolation_source
GCF_002569595.1	Bacillus wiedmannii	1890302	AFS080777	Scaffold		2017-10-17	UNC Chapel Hill	PRJNA400804	SAMN07598477	AFS080777	Soybean	leaf	USA: MN	2014-01-17	Microbe sample from Bacillus wiedmannii		True	True	False	False	2	True	host;source	False	True	False	False	1	source	True	INCLUDE	Isolation source explicitly indicates direct plant association or plant biological material.	isolation_source
GCF_002569665.1	Bacillus wiedmannii	1890302	AFS080060	Scaffold		2017-10-17	UNC Chapel Hill	PRJNA400804	SAMN07598464	AFS080060	Corn	root	USA: IA	2014-05-27	Microbe sample from Bacillus wiedmannii		True	True	False	False	2	True	host;source	False	True	False	False	1	source	True	INCLUDE	Isolation source explicitly indicates direct plant association or plant biological material.	isolation_source
GCF_002569715.1	Bacillus wiedmannii	1890302	AFS077478	Scaffold		2017-10-17	UNC Chapel Hill	PRJNA400804	SAMN07598434	AFS077478	Soybean	leaf	USA: MN	2014-01-17	Microbe sample from Bacillus wiedmannii		True	True	False	False	2	True	host;source	False	True	False	False	1	source	True	INCLUDE	Isolation source explicitly indicates direct plant association or plant biological material.	isolation_source
GCF_002570135.1	Bacillus wiedmannii	1890302	AFS072284	Scaffold		2017-10-17	UNC Chapel Hill	PRJNA400804	SAMN07598365	AFS072284	Soybean	leaf	USA: IL	2014-04-17	Microbe sample from Bacillus wiedmannii		True	True	False	False	2	True	host;source	False	True	False	False	1	source	True	INCLUDE	Isolation source explicitly indicates direct plant association or plant biological material.	isolation_source
GCF_002570265.1	Bacillus wiedmannii	1890302	AFS071099	Scaffold		2017-10-17	UNC Chapel Hill	PRJNA400804	SAMN07598344	AFS071099	Soybean	leaf	USA: MN	2014-04-09	Microbe sample from Bacillus wiedmannii		True	True	False	False	2	True	host;source	False	True	False	False	1	source	True	INCLUDE	Isolation source explicitly indicates direct plant association or plant biological material.	isolation_source
GCF_002570305.1	Bacillus wiedmannii	1890302	AFS070970	Scaffold		2017-10-17	UNC Chapel Hill	PRJNA400804	SAMN07598342	AFS070970		tree leaf	USA: NC	2014-01-14	Microbe sample from Bacillus wiedmannii		False	True	False	False	1	True	source	False	True	False	False	1	source	True	INCLUDE	Isolation source explicitly indicates direct plant association or plant biological material.	isolation_source
GCF_002570335.1	Bacillus wiedmannii	1890302	AFS070572	Scaffold		2017-10-17	UNC Chapel Hill	PRJNA400804	SAMN07598332	AFS070572	Soybean	root	USA: IA	2014-05-27	Microbe sample from Bacillus wiedmannii		True	True	False	False	2	True	host;source	False	True	False	False	1	source	True	INCLUDE	Isolation source explicitly indicates direct plant association or plant biological material.	isolation_source
GCF_002572045.1	Bacillus wiedmannii	1890302	AFS064159	Scaffold		2017-10-17	UNC Chapel Hill	PRJNA400804	SAMN07598250	AFS064159	Weed	leaf	USA: OH	2014-01-17	Microbe sample from Bacillus wiedmannii		False	True	False	False	1	True	source	False	True	False	False	1	source	True	INCLUDE	Isolation source explicitly indicates direct plant association or plant biological material.	isolation_source
GCF_002572225.1	Bacillus wiedmannii	1890302	AFS068272	Scaffold		2017-10-17	UNC Chapel Hill	PRJNA400804	SAMN07598308	AFS068272	Corn	root	USA: IA	2014-05-27	Microbe sample from Bacillus wiedmannii		True	True	False	False	2	True	host;source	False	True	False	False	1	source	True	INCLUDE	Isolation source explicitly indicates direct plant association or plant biological material.	isolation_source
GCF_002579445.1	Bacillus wiedmannii	1890302	AFS054563	Scaffold		2017-10-18	UNC Chapel Hill	PRJNA400804	SAMN07598117	AFS054563	Corn	leaf	USA: IL	2014-02-28	Microbe sample from Bacillus wiedmannii		True	True	False	False	2	True	host;source	False	True	False	False	1	source	True	INCLUDE	Isolation source explicitly indicates direct plant association or plant biological material.	isolation_source
GCF_002579865.1	Bacillus wiedmannii	1890302	AFS053866	Scaffold		2017-10-18	UNC Chapel Hill	PRJNA400804	SAMN07598104	AFS053866	Corn	leaf	USA: IL	2014-02-28	Microbe sample from Bacillus wiedmannii		True	True	False	False	2	True	host;source	False	True	False	False	1	source	True	INCLUDE	Isolation source explicitly indicates direct plant association or plant biological material.	isolation_source
GCF_002579945.1	Bacillus wiedmannii	1890302	AFS053236	Scaffold		2017-10-18	UNC Chapel Hill	PRJNA400804	SAMN07598093	AFS053236	Corn	root	USA: IA	2014-05-27	Microbe sample from Bacillus wiedmannii		True	True	False	False	2	True	host;source	False	True	False	False	1	source	True	INCLUDE	Isolation source explicitly indicates direct plant association or plant biological material.	isolation_source
GCF_002580235.1	Bacillus wiedmannii	1890302	AFS052086	Scaffold		2017-10-18	UNC Chapel Hill	PRJNA400804	SAMN07598076	AFS052086	Corn	root	USA: IA	2014-05-27	Microbe sample from Bacillus wiedmannii		True	True	False	False	2	True	host;source	False	True	False	False	1	source	True	INCLUDE	Isolation source explicitly indicates direct plant association or plant biological material.	isolation_source
GCF_002580335.1	Bacillus wiedmannii	1890302	AFS050757	Scaffold		2017-10-18	UNC Chapel Hill	PRJNA400804	SAMN07598064	AFS050757	Soybean	root	USA: IA	2014-05-27	Microbe sample from Bacillus wiedmannii		True	True	False	False	2	True	host;source	False	True	False	False	1	source	True	INCLUDE	Isolation source explicitly indicates direct plant association or plant biological material.	isolation_source
GCF_002580565.1	Bacillus wiedmannii	1890302	AFS049329	Scaffold		2017-10-18	UNC Chapel Hill	PRJNA400804	SAMN07598048	AFS049329	Soybean	leaf	USA: MN	2014-01-17	Microbe sample from Bacillus wiedmannii		True	True	False	False	2	True	host;source	False	True	False	False	1	source	True	INCLUDE	Isolation source explicitly indicates direct plant association or plant biological material.	isolation_source
GCF_002580595.1	Bacillus wiedmannii	1890302	AFS048126	Scaffold		2017-10-18	UNC Chapel Hill	PRJNA400804	SAMN07598032	AFS048126	Corn	root	USA: IA	2014-05-27	Microbe sample from Bacillus wiedmannii		True	True	False	False	2	True	host;source	False	True	False	False	1	source	True	INCLUDE	Isolation source explicitly indicates direct plant association or plant biological material.	isolation_source
GCF_002581055.1	Bacillus wiedmannii	1890302	AFS044295	Scaffold		2017-10-18	UNC Chapel Hill	PRJNA400804	SAMN07597985	AFS044295	Soybean	root	USA: IA	2014-05-27	Microbe sample from Bacillus wiedmannii		True	True	False	False	2	True	host;source	False	True	False	False	1	source	True	INCLUDE	Isolation source explicitly indicates direct plant association or plant biological material.	isolation_source
GCF_002582335.1	Bacillus wiedmannii	1890302	AFS038775	Scaffold		2017-10-18	UNC Chapel Hill	PRJNA400804	SAMN07597900	AFS038775	Corn	root	USA: IA	2014-05-27	Microbe sample from Bacillus wiedmannii		True	True	False	False	2	True	host;source	False	True	False	False	1	source	True	INCLUDE	Isolation source explicitly indicates direct plant association or plant biological material.	isolation_source
GCF_002583885.1	Bacillus wiedmannii	1890302	AFS036771	Scaffold		2017-10-18	UNC Chapel Hill	PRJNA400804	SAMN07597883	AFS036771	Soybean	leaf	USA: MN	2014-01-17	Microbe sample from Bacillus wiedmannii		True	True	False	False	2	True	host;source	False	True	False	False	1	source	True	INCLUDE	Isolation source explicitly indicates direct plant association or plant biological material.	isolation_source
GCF_002589695.1	Bacillus wiedmannii	1890302	AFS030115	Scaffold		2017-10-18	UNC Chapel Hill	PRJNA400804	SAMN07597795	AFS030115	Corn	root	USA: IA	2014-05-27	Microbe sample from Bacillus wiedmannii		True	True	False	False	2	True	host;source	False	True	False	False	1	source	True	INCLUDE	Isolation source explicitly indicates direct plant association or plant biological material.	isolation_source
GCF_002998985.1	Bacillus wiedmannii	1890302	NMSL88	Scaffold		2018-03-14	Rainer Borriss's shared submissions	PRJNA436554	SAMN08640513	NMSL88		Asparagus roots	China: Tibet, Nyingchi	2005	Microbe sample from Bacillus wiedmannii		False	True	False	False	1	True	source	False	True	False	False	1	source	True	INCLUDE	Isolation source explicitly indicates direct plant association or plant biological material.	isolation_source
GCF_024320765.1	Bacillus wiedmannii	1890302	EJ1	Scaffold		2022-07-18	Kazan Federal University	PRJNA857980	SAMN29656140	EJ1		potato leaf	Russia: Kazan, Tatarstan	2020-06	Microbe sample from Bacillus wiedmannii		False	True	False	False	1	True	source	False	True	False	False	1	source	True	INCLUDE	Isolation source explicitly indicates direct plant association or plant biological material.	isolation_source
GCF_024497975.1	Bacillus wiedmannii	1890302	116002W-1	Contig		2022-07-31	Aarhus University	PRJNA858971	SAMN29762313	116002W-1	Spinacia oleracea	leaves	Belgium	2020-08	Microbe sample from Bacillus wiedmannii		False	True	False	False	1	True	source	False	True	False	False	1	source	True	INCLUDE	Isolation source explicitly indicates direct plant association or plant biological material.	isolation_source
GCF_024498015.1	Bacillus wiedmannii	1890302	A002-1	Contig		2022-07-31	Aarhus University	PRJNA858971	SAMN29762312	A002-1	Spinacia oleracea	leaves	Belgium	2020-08	Microbe sample from Bacillus wiedmannii		False	True	False	False	1	True	source	False	True	False	False	1	source	True	INCLUDE	Isolation source explicitly indicates direct plant association or plant biological material.	isolation_source
GCF_030123185.1	Bacillus wiedmannii	1890302	LN15	Complete Genome		2023-05-27	Technical University of Denmark	PRJNA960711	SAMN34375016	LN15		rhizosphere soil	China: Longnan, Gansu Province	missing	Microbe sample from Bacillus wiedmannii		False	True	False	False	1	True	source	False	True	False	False	1	source	True	INCLUDE	Isolation source explicitly indicates direct plant association or plant biological material.	isolation_source
GCF_036963245.1	Bacillus wiedmannii	1890302	JJ789	Scaffold		2024-03-02	Auburn University	PRJNA1078443	SAMN40001942	JJ789	corn	emissingophyte	USA: Wisconsin	2014	Microbe sample from Bacillus wiedmannii		True	False	False	False	1	True	host	False	False	False	False	0		False	INCLUDE	Documented project-level plant association: Project-associated publication identifies the strain collection as PGPR; plant hosts include corn and soybean. Inclusion is based on documented plant association of the collection, not on interpreting the malformed isolation-source term itself.	documented_project
GCF_036963285.1	Bacillus wiedmannii	1890302	JJ732	Scaffold		2024-03-02	Auburn University	PRJNA1078443	SAMN40001935	JJ732	corn	emissingophyte	USA: Wisconsin	2014	Microbe sample from Bacillus wiedmannii		True	False	False	False	1	True	host	False	False	False	False	0		False	INCLUDE	Documented project-level plant association: Project-associated publication identifies the strain collection as PGPR; plant hosts include corn and soybean. Inclusion is based on documented plant association of the collection, not on interpreting the malformed isolation-source term itself.	documented_project
GCF_037907685.1	Bacillus wiedmannii	1890302	ILBB139	Scaffold		2024-04-01	INIA	PRJNA745340	SAMN20166716	ILBB139	soybean	rhizosphere	Uruguay	2015	MIGS Cultured Bacterial/Archaeal sample from Bacillus wiedmannii	Keywords: GSC:MIxS;MIGS:6.0	True	True	False	False	2	True	host;source	False	True	False	False	1	source	True	INCLUDE	Isolation source explicitly indicates direct plant association or plant biological material.	isolation_source
GCF_040492535.1	Bacillus wiedmannii	1890302	JJ1627	Contig		2024-07-03	Auburn University	PRJNA1078443	SAMN40001874	JJ1627	soybean	rhizoplane	USA: Ohio	2014	Microbe sample from Bacillus wiedmannii		True	True	False	False	2	True	host;source	False	True	False	False	1	source	True	INCLUDE	Isolation source explicitly indicates direct plant association or plant biological material.	isolation_source
GCF_025942125.1	Bacillus xiamenensis	1178537	RIT_BS1	Contig		2022-11-01	Rochester Institute of Technology	PRJNA894176	SAMN31439983	RIT_BS1	bannana	seeds	India: Chennai	2020-11	Microbe sample from Bacillus xiamenensis		False	True	False	False	1	True	source	False	True	False	False	1	source	True	INCLUDE	Isolation source explicitly indicates direct plant association or plant biological material.	isolation_source
