Assembly Accession	Organism Name	Organism Taxonomic ID	Organism Infraspecific Names Strain	Assembly Level	Assembly Refseq Category	Assembly Release Date	Assembly Submitter	Assembly BioProject Accession	Assembly BioSample Accession	Assembly BioSample Strain	Assembly BioSample Host	Assembly BioSample Isolation source	Assembly BioSample Geographic location	Assembly BioSample Collection date	Assembly BioSample Description Title	Assembly BioSample Description Comment	plant_match_host	plant_match_source	plant_match_title	plant_match_comment	plant_match_count	plant_candidate	plant_evidence_fields	direct_match_host	direct_match_source	direct_match_title	direct_match_comment	direct_match_count	direct_evidence_fields	direct_plant_evidence	plant_final_decision	plant_final_reason	plant_final_evidence
GCF_001191605.1	Bacillus altitudinis	293387	GR-8	Complete Genome	reference genome	2015-08-03	Wuhan Institute of Virology	PRJNA254770	SAMN02905161	GR-8		soil	China	2012-08-08	ginger rhizome rot pathogen Bacillus pumilus GR8		False	False	True	False	1	True	title	False	False	False	False	0		False	UNRESOLVED	Candidate metadata does not provide sufficiently explicit evidence to demonstrate direct plant association under the fixed inclusion criteria.	insufficient_metadata
GCF_002571755.1	Bacillus altitudinis	293387	AFS065009	Contig		2017-10-17	UNC Chapel Hill	PRJNA400804	SAMN07598260	AFS065009		plant	USA: NC	2014-04-07	Microbe sample from Bacillus altitudinis		False	True	False	False	1	True	source	False	False	False	False	0		False	UNRESOLVED	Candidate metadata does not provide sufficiently explicit evidence to demonstrate direct plant association under the fixed inclusion criteria.	insufficient_metadata
GCF_013283915.1	Bacillus altitudinis	293387	11-1-1	Complete Genome		2020-06-07	Institute of Microbiology, Belarus National Academy of Sciences	PRJNA635810	SAMN15053797	11-1-1		potato plant	Belarus: Babruysk District	2011	Bacillus pumilus strain 11-1-1	Bacillus altitudinis strain 11-1-1, isolated from potato plants with blackleg symptoms.	False	True	False	True	2	True	source;comment	False	False	False	False	0		False	UNRESOLVED	Candidate metadata does not provide sufficiently explicit evidence to demonstrate direct plant association under the fixed inclusion criteria.	insufficient_metadata
GCF_016807685.1	Bacillus altitudinis	293387	63-2-2	Complete Genome		2021-02-04	Institute of Microbiology, National Academy of Sciences of Belarus	PRJNA694817	SAMN17574861	63-2-2		rot potato tubers	Belarus: Minsk Region, Chervyen District	2011	Bacillus altitudinis 63-2-2	Bacillus altitudinis strain 63-2-2, isolated from potato tuber with soft rot symptoms.	False	True	False	True	2	True	source;comment	False	False	False	False	0		False	UNRESOLVED	Candidate metadata does not provide sufficiently explicit evidence to demonstrate direct plant association under the fixed inclusion criteria.	insufficient_metadata
GCF_024362715.1	Bacillus altitudinis	293387	HM-7	Complete Genome		2022-07-19	Anhui Agricultural University	PRJNA857747	SAMN29636746	HM-7	plant	diseased muskmelon fruit	China:Anhui	2017	Bacillus pumilus		True	False	False	False	1	True	host	False	False	False	False	0		False	UNRESOLVED	Candidate metadata does not provide sufficiently explicit evidence to demonstrate direct plant association under the fixed inclusion criteria.	insufficient_metadata
GCF_040716315.1	Bacillus altitudinis	293387	RHF4.1-26	Scaffold		2024-07-15	Ghent University	PRJNA993114	SAMN36379393	RHF4.1-26		Acid sulfate soil from rice cultivation	Viet Nam: Kien Giang province	2018	Microbe sample from Bacillus altitudinis		False	True	False	False	1	True	source	False	False	False	False	0		False	UNRESOLVED	Candidate metadata does not provide sufficiently explicit evidence to demonstrate direct plant association under the fixed inclusion criteria.	insufficient_metadata
GCF_040716335.1	Bacillus altitudinis	293387	RHF4.5-6	Scaffold		2024-07-15	Ghent University	PRJNA993114	SAMN36379392	RHF4.5-6		Acid sulfate soil from rice cultivation	Viet Nam: Kien Giang province	2018	Microbe sample from Bacillus altitudinis		False	True	False	False	1	True	source	False	False	False	False	0		False	UNRESOLVED	Candidate metadata does not provide sufficiently explicit evidence to demonstrate direct plant association under the fixed inclusion criteria.	insufficient_metadata
GCF_040716345.1	Bacillus altitudinis	293387	RHF3.1-20	Scaffold		2024-07-15	Ghent University	PRJNA993114	SAMN36379391	RHF3.1-20		Acid sulfate soil from rice cultivation	Viet Nam: Kien Giang province	2018	Microbe sample from Bacillus altitudinis		False	True	False	False	1	True	source	False	False	False	False	0		False	UNRESOLVED	Candidate metadata does not provide sufficiently explicit evidence to demonstrate direct plant association under the fixed inclusion criteria.	insufficient_metadata
GCF_040716355.1	Bacillus altitudinis	293387	RHF3.1-9	Scaffold		2024-07-15	Ghent University	PRJNA993114	SAMN36379390	RHF3.1-9		Acid sulfate soil from rice cultivation	Viet Nam: Kien Giang province	2018	Microbe sample from Bacillus altitudinis		False	True	False	False	1	True	source	False	False	False	False	0		False	UNRESOLVED	Candidate metadata does not provide sufficiently explicit evidence to demonstrate direct plant association under the fixed inclusion criteria.	insufficient_metadata
GCF_040716365.1	Bacillus altitudinis	293387	RHF1.4-2	Scaffold		2024-07-15	Ghent University	PRJNA993114	SAMN36379389	RHF1.4-2		Acid sulfate soil from rice cultivation	Viet Nam: Kien Giang province	2018	Microbe sample from Bacillus altitudinis		False	True	False	False	1	True	source	False	False	False	False	0		False	UNRESOLVED	Candidate metadata does not provide sufficiently explicit evidence to demonstrate direct plant association under the fixed inclusion criteria.	insufficient_metadata
GCF_055793345.1	Bacillus altitudinis	293387	IBGE3C	Contig		2026-03-10	Bangabandhu Sheikh Mujibur Rahman Agricultural University (BSMRAU)	PRJNA1055760	SAMN56339823	IBGE3C		BRRI dhan28 rice	Bangladesh	2015-05-23	Microbe sample from Bacillus altitudinis		False	True	False	False	1	True	source	False	False	False	False	0		False	UNRESOLVED	Candidate metadata does not provide sufficiently explicit evidence to demonstrate direct plant association under the fixed inclusion criteria.	insufficient_metadata
GCF_056339855.1	Bacillus altitudinis	293387	CB0086	Scaffold		2026-03-26	University of California, Riverside	PRJNA1046128	SAMN54120223	CB0086	Citrus sinensis		USA: Florida	2018-04-20	MIGS Cultured Bacterial/Archaeal sample from Bacillus altitudinis	Keywords: GSC:MIxS;MIGS:6.0	True	False	False	False	1	True	host	False	False	False	False	0		False	UNRESOLVED	Candidate metadata does not provide sufficiently explicit evidence to demonstrate direct plant association under the fixed inclusion criteria.	insufficient_metadata
GCF_057655835.1	Bacillus altitudinis	293387	Soil_N_48	Scaffold		2026-05-19	CAU	PRJNA1104147	SAMN41070055	Soil_N_48		Maize bulk soils	China: Hunan	2023-11-21	Microbe sample from Bacillus altitudinis		False	True	False	False	1	True	source	False	False	False	False	0		False	UNRESOLVED	Candidate metadata does not provide sufficiently explicit evidence to demonstrate direct plant association under the fixed inclusion criteria.	insufficient_metadata
GCF_058449355.1	Bacillus altitudinis	293387	CGL1	Complete Genome		2026-06-26	Van Lang University	PRJNA1244537	SAMN47628866	CGL1	Cyperus sp.	plant	Viet Nam: HoChiMinh City	2024	Microbe sample from Bacillus altitudinis		False	True	False	False	1	True	source	False	False	False	False	0		False	UNRESOLVED	Candidate metadata does not provide sufficiently explicit evidence to demonstrate direct plant association under the fixed inclusion criteria.	insufficient_metadata
GCF_061244435.1	Bacillus altitudinis	293387	CGK5	Scaffold		2026-09-14	Van Lang University	PRJNA1244537	SAMN47628864	CGK5	Cyperus sp.	plant	Viet Nam: HoChiMinh City	2024	Microbe sample from Bacillus altitudinis		False	True	False	False	1	True	source	False	False	False	False	0		False	UNRESOLVED	Candidate metadata does not provide sufficiently explicit evidence to demonstrate direct plant association under the fixed inclusion criteria.	insufficient_metadata
GCF_019396925.1	Bacillus amyloliquefaciens	1390	GKT04	Complete Genome	reference genome	2021-07-29	Guangxi Academy of Agricultural Sciences	PRJNA716416	SAMN18435563	GKT04	Banana		China: Nanning	2017-01	MIGS Cultured Bacterial/Archaeal sample from Bacillus amyloliquefaciens	Keywords: GSC:MIxS;MIGS:6.0	True	False	False	False	1	True	host	False	False	False	False	0		False	UNRESOLVED	Candidate metadata does not provide sufficiently explicit evidence to demonstrate direct plant association under the fixed inclusion criteria.	insufficient_metadata
GCF_001294785.1	Bacillus amyloliquefaciens	1390	XK-4-1	Contig		2015-09-18	Yangtze University	PRJNA294742	SAMN04032688	XK-4-1	cotton		China: Hubei	2010-01	Microbe sample from Bacillus amyloliquefaciens		True	False	False	False	1	True	host	False	False	False	False	0		False	UNRESOLVED	Candidate metadata does not provide sufficiently explicit evidence to demonstrate direct plant association under the fixed inclusion criteria.	insufficient_metadata
GCF_001586105.1	Bacillus amyloliquefaciens	1390	S499	Complete Genome		2016-03-10	Fondazione Edmund Mach	PRJNA302594	SAMN04275172	S499	plant	soil	Democratic Republic of the Congo: Iturie province	1952	Microbe sample from Bacillus amyloliquefaciens		True	False	False	False	1	True	host	False	False	False	False	0		False	UNRESOLVED	Candidate metadata does not provide sufficiently explicit evidence to demonstrate direct plant association under the fixed inclusion criteria.	insufficient_metadata
GCF_008808015.1	Bacillus amyloliquefaciens	1390	V167	Complete Genome		2019-10-03	Institute of Bioengineering, Research Center of Biotechnology of RAS	PRJNA572568	SAMN12794366	V167		grape plant	missing	missing	Microbe sample from Bacillus amyloliquefaciens		False	True	False	False	1	True	source	False	False	False	False	0		False	UNRESOLVED	Candidate metadata does not provide sufficiently explicit evidence to demonstrate direct plant association under the fixed inclusion criteria.	insufficient_metadata
GCF_013341255.1	Bacillus amyloliquefaciens	1390	R8-25	Complete Genome		2020-06-14	National Chung Hsing University	PRJNA637464	SAMN15143286	R8-25		banana	Taiwan: Changhua	2017-09	Microbe sample from Bacillus amyloliquefaciens		False	True	False	False	1	True	source	False	False	False	False	0		False	UNRESOLVED	Candidate metadata does not provide sufficiently explicit evidence to demonstrate direct plant association under the fixed inclusion criteria.	insufficient_metadata
GCF_014622745.1	Bacillus amyloliquefaciens	1390	T-5	Complete Genome		2020-09-14	Nanjing Agricultural University	PRJNA660531	SAMN15951545	T-5	healthy tomato plant at flowering stage		China: Nanjing, Jiangsu	2013-01-15	Microbe sample from Bacillus amyloliquefaciens		True	False	False	False	1	True	host	False	False	False	False	0		False	UNRESOLVED	Candidate metadata does not provide sufficiently explicit evidence to demonstrate direct plant association under the fixed inclusion criteria.	insufficient_metadata
GCF_019880325.1	Bacillus amyloliquefaciens	1390	Bam1	Complete Genome		2021-09-05	East China University of Science and Technology	PRJNA757908	SAMN20982431	Bam1	Cucumber		China:Guangxi	2019-12-30	Microbe sample of Bacillus amyloliquefaciens		True	False	False	False	1	True	host	False	False	False	False	0		False	UNRESOLVED	Candidate metadata does not provide sufficiently explicit evidence to demonstrate direct plant association under the fixed inclusion criteria.	insufficient_metadata
GCF_028895325.1	Bacillus amyloliquefaciens	1390	KN-01	Scaffold		2023-03-01	Wuhan Kernel Bio-tech Co., Ltd	PRJNA515595	SAMN10762342	KN-01	plant		China: Wuhan	2003-06-30	Bacillus amyloliquefaciens cell culture		True	False	False	False	1	True	host	False	False	False	False	0		False	UNRESOLVED	Candidate metadata does not provide sufficiently explicit evidence to demonstrate direct plant association under the fixed inclusion criteria.	insufficient_metadata
GCF_051122665.1	Bacillus amyloliquefaciens	1390	GKT04	Complete Genome		2025-06-27	kunming institute of botany	PRJNA1222156	SAMN46764892	GKT04		plant	China: Baoshan City, Yunnan Province	2023	Microbe sample from Bacillus amyloliquefaciens		False	True	False	False	1	True	source	False	False	False	False	0		False	UNRESOLVED	Candidate metadata does not provide sufficiently explicit evidence to demonstrate direct plant association under the fixed inclusion criteria.	insufficient_metadata
GCF_056048175.1	Bacillus amyloliquefaciens	1390	knbsZR	Contig		2026-03-16	Institute of Plant Protection, Chinese Academy of Agricultural Sciences	PRJNA770064	SAMN22202749	knbsZR	plant		China: Langfang	2019-12-12	Microbe sample from Bacillus amyloliquefaciens		True	False	False	False	1	True	host	False	False	False	False	0		False	UNRESOLVED	Candidate metadata does not provide sufficiently explicit evidence to demonstrate direct plant association under the fixed inclusion criteria.	insufficient_metadata
GCF_056048215.1	Bacillus amyloliquefaciens	1390	knbs18	Contig		2026-03-16	Institute of Plant Protection, Chinese Academy of Agricultural Sciences	PRJNA770062	SAMN22202747	knbs18	plant		China: Langfang	2019-12-12	Microbe sample from Bacillus amyloliquefaciens		True	False	False	False	1	True	host	False	False	False	False	0		False	UNRESOLVED	Candidate metadata does not provide sufficiently explicit evidence to demonstrate direct plant association under the fixed inclusion criteria.	insufficient_metadata
GCF_059729755.1	Bacillus amyloliquefaciens	1390	ATCC 27505	Contig		2026-04-29	NODAI Genome Research Center, Tokyo University of Agriculture	PRJDB18312	SAMD00796536	ATCC 27505		soybean	missing: control sample	missing: control sample	Bacillus amyloliquefaciens ATCC27505	Keywords: GSC:MIxS;MIGS:6.0	False	True	False	False	1	True	source	False	False	False	False	0		False	UNRESOLVED	Candidate metadata does not provide sufficiently explicit evidence to demonstrate direct plant association under the fixed inclusion criteria.	insufficient_metadata
GCF_000469015.2	Bacillus amyloliquefaciens UASWS BA1	1384051	UASWS BA1	Contig		2013-09-18	University of Applied Sciences of Western Switzerland hepia	PRJNA214573	SAMN02313291	UASWS BA1		dead Platanus x acerifolia	Switzerland: Geneva	2013	General Sample for Bacillus amyloliquefaciens	Whole genome shotgun sequence of Bacillus amyloliquefaciens strain UASWS BA1, a bacterium antagonist to plant pathogenic fungi. 	False	False	False	True	1	True	comment	False	False	False	False	0		False	UNRESOLVED	Candidate metadata does not provide sufficiently explicit evidence to demonstrate direct plant association under the fixed inclusion criteria.	insufficient_metadata
GCF_002570225.1	Bacillus anthracis	1392	AFS072084	Scaffold		2017-10-17	UNC Chapel Hill	PRJNA400804	SAMN07598357	AFS072084		Plant; Corn	USA: NC	2014-03-19	Microbe sample from Bacillus anthracis		False	True	False	False	1	True	source	False	False	False	False	0		False	UNRESOLVED	Candidate metadata does not provide sufficiently explicit evidence to demonstrate direct plant association under the fixed inclusion criteria.	insufficient_metadata
GCF_057655615.1	Bacillus anthracis	1392	Soil_N10	Contig		2026-05-19	CAU	PRJNA1104147	SAMN41070064	Soil_N10		Maize bulk soils	China: Hunan	2023-11-21	Microbe sample from Bacillus anthracis		False	True	False	False	1	True	source	False	False	False	False	0		False	UNRESOLVED	Candidate metadata does not provide sufficiently explicit evidence to demonstrate direct plant association under the fixed inclusion criteria.	insufficient_metadata
GCF_001639965.1	Bacillus atrophaeus	1452	DJHJ8	Scaffold		2016-04-28	incheon national university	PRJDB4684	SAMD00050901	DJHJ8			South Korea: Incheon	missing	Bacillus atrophaeus DJHJ8 isolated from soybean paste	Keywords: GSC:MIxS;MIGS:6.0	False	False	True	False	1	True	title	False	False	False	False	0		False	UNRESOLVED	Candidate metadata does not provide sufficiently explicit evidence to demonstrate direct plant association under the fixed inclusion criteria.	insufficient_metadata
GCF_036221945.1	Bacillus atrophaeus	1452	NRS-748	Scaffold		2024-01-26	USDA-ARS-NCAUR	PRJNA802201	SAMN33941082	NRS-748		decomposed wheat	not collected	1950-11-01	Microbe sample from Bacillus atrophaeus		False	True	False	False	1	True	source	False	False	False	False	0		False	UNRESOLVED	Candidate metadata does not provide sufficiently explicit evidence to demonstrate direct plant association under the fixed inclusion criteria.	insufficient_metadata
GCF_045276185.1	Bacillus atrophaeus	1452	SHZ-24	Complete Genome		2024-11-25	Xinjiang Academy of Agriculture Science	PRJNA1149161	SAMN43222669	SHZ-24	cotton	Flowering plant	China: Shihezi	2018-08-18	MIGS Cultured Bacterial/Archaeal sample from Bacillus atrophaeus	Keywords: GSC:MIxS;MIGS:6.0	True	True	False	False	2	True	host;source	False	False	False	False	0		False	UNRESOLVED	Candidate metadata does not provide sufficiently explicit evidence to demonstrate direct plant association under the fixed inclusion criteria.	insufficient_metadata
GCF_052665205.1	Bacillus atrophaeus	1452	YK-3	Scaffold		2025-09-15	Nanjing Agricultural University	PRJNA1242551	SAMN47595437	YK-3	Plants	Salicornia europaea	China: Yancheng, Jiangsu province	2015-09-30	Microbe sample from Bacillus atrophaeus		True	False	False	False	1	True	host	False	False	False	False	0		False	UNRESOLVED	Candidate metadata does not provide sufficiently explicit evidence to demonstrate direct plant association under the fixed inclusion criteria.	insufficient_metadata
GCF_018829645.1	Bacillus cabrialesii	2487276	BIK3	Contig		2021-06-10	ICAR Indian Institute of Rice Research	PRJNA735062	SAMN19006115	BIK3	Rice	missing	India: Hyderabad	2019-08-10	WGS of Bacillus subtilis		True	False	False	False	1	True	host	False	False	False	False	0		False	UNRESOLVED	Candidate metadata does not provide sufficiently explicit evidence to demonstrate direct plant association under the fixed inclusion criteria.	insufficient_metadata
GCF_050155085.1	Bacillus cabrialesii	2487276	WM_TN15	Chromosome		2025-05-05	Cukurova University, Fac. of Agriculture	PRJNA1252795	SAMN48060769	WM_TN15	Citrus reticulata	Healthy W. Murcott mandarin tree	Turkey: Mersin, Tarsus	2024-04-10/2024-04-30	MIGS Cultured Bacterial/Archaeal sample from Bacillus cabrialesii	Keywords: GSC:MIxS;MIGS:6.0	True	False	False	False	1	True	host	False	False	False	False	0		False	UNRESOLVED	Candidate metadata does not provide sufficiently explicit evidence to demonstrate direct plant association under the fixed inclusion criteria.	insufficient_metadata
GCF_059941765.1	Bacillus cabrialesii	2487276		Contig		2026-08-08	Gujarat Biotechnology Research Centre	PRJNA1233178	SAMN61731078		not applicable	Guggle Plant	India: Lekawada, Gandhinagar, Gujarat	2025-07-03	Bacillus cabrialesii K1		False	True	False	False	1	True	source	False	False	False	False	0		False	UNRESOLVED	Candidate metadata does not provide sufficiently explicit evidence to demonstrate direct plant association under the fixed inclusion criteria.	insufficient_metadata
GCF_049803355.1	Bacillus cabrialesii subsp. cabrialesii	3045387	TSQ35	Contig		2025-04-18	Instituto Tecnologico de Sonora	PRJNA1080047	SAMN41698214	TSQ35	wheat	soil	Mexico: Yaqui Valley	2014	Microbe sample from Bacillus cabrialesii subsp. cabrialesii		True	False	False	False	1	True	host	False	False	False	False	0		False	UNRESOLVED	Candidate metadata does not provide sufficiently explicit evidence to demonstrate direct plant association under the fixed inclusion criteria.	insufficient_metadata
GCF_001043655.1	Bacillus cereus	1396	LK9	Contig		2015-06-30	University of Malaya	PRJNA277401	SAMN03392518	LK9		Plant	Malaysia: Malacca	2010-10-06	Microbe sample from Bacillus cereus		False	True	False	False	1	True	source	False	False	False	False	0		False	UNRESOLVED	Candidate metadata does not provide sufficiently explicit evidence to demonstrate direct plant association under the fixed inclusion criteria.	insufficient_metadata
GCF_001913635.1	Bacillus cereus	1396	MOD1_Bc85	Contig		2016-12-21	OARSA, CFSAN	PRJNA326742	SAMN05415288	MOD1_Bc85	missing	ground black pepper	USA:MD	2015	Pathogen: environmental/food/other sample from Bacillus cereus		False	True	False	False	1	True	source	False	False	False	False	0		False	UNRESOLVED	Candidate metadata does not provide sufficiently explicit evidence to demonstrate direct plant association under the fixed inclusion criteria.	insufficient_metadata
GCF_002021355.1	Bacillus cereus	1396	MOD1_Bc90	Scaffold		2017-03-06	OARSA, CFSAN	PRJNA326742	SAMN05608077	MOD1_Bc90	missing	whole black pepper	USA:MD	2015	Pathogen: environmental/food/other sample from Bacillus cereus		False	True	False	False	1	True	source	False	False	False	False	0		False	UNRESOLVED	Candidate metadata does not provide sufficiently explicit evidence to demonstrate direct plant association under the fixed inclusion criteria.	insufficient_metadata
GCF_002021375.1	Bacillus cereus	1396	MOD1_Bc88	Scaffold		2017-03-06	OARSA, CFSAN	PRJNA326742	SAMN05608079	MOD1_Bc88	missing	whole black pepper	USA:MD	2015	Pathogen: environmental/food/other sample from Bacillus cereus		False	True	False	False	1	True	source	False	False	False	False	0		False	UNRESOLVED	Candidate metadata does not provide sufficiently explicit evidence to demonstrate direct plant association under the fixed inclusion criteria.	insufficient_metadata
GCF_002021435.1	Bacillus cereus	1396	MOD1_Bc83	Scaffold		2017-03-06	OARSA, CFSAN	PRJNA326742	SAMN05608082	MOD1_Bc83	missing	whole black pepper	USA:MD	2015	Pathogen: environmental/food/other sample from Bacillus cereus		False	True	False	False	1	True	source	False	False	False	False	0		False	UNRESOLVED	Candidate metadata does not provide sufficiently explicit evidence to demonstrate direct plant association under the fixed inclusion criteria.	insufficient_metadata
GCF_002021465.1	Bacillus cereus	1396	MOD1_Bc92	Scaffold		2017-03-06	OARSA, CFSAN	PRJNA326742	SAMN05608075	MOD1_Bc92	missing	whole black pepper	USA:MD	2015	Pathogen: environmental/food/other sample from Bacillus cereus		False	True	False	False	1	True	source	False	False	False	False	0		False	UNRESOLVED	Candidate metadata does not provide sufficiently explicit evidence to demonstrate direct plant association under the fixed inclusion criteria.	insufficient_metadata
GCF_002021515.1	Bacillus cereus	1396	MOD1_Bc86	Scaffold		2017-03-06	OARSA, CFSAN	PRJNA326742	SAMN05608081	MOD1_Bc86	missing	whole black pepper	USA:MD	2015	Pathogen: environmental/food/other sample from Bacillus cereus		False	True	False	False	1	True	source	False	False	False	False	0		False	UNRESOLVED	Candidate metadata does not provide sufficiently explicit evidence to demonstrate direct plant association under the fixed inclusion criteria.	insufficient_metadata
GCF_002021535.1	Bacillus cereus	1396	MOD1_Bc93	Scaffold		2017-03-06	OARSA, CFSAN	PRJNA326742	SAMN05415289	MOD1_Bc93	missing	ground black pepper	USA:MD	2015	Pathogen: environmental/food/other sample from Bacillus cereus		False	True	False	False	1	True	source	False	False	False	False	0		False	UNRESOLVED	Candidate metadata does not provide sufficiently explicit evidence to demonstrate direct plant association under the fixed inclusion criteria.	insufficient_metadata
GCF_002550115.1	Bacillus cereus	1396	AFS099306	Scaffold		2017-10-13	UNC Chapel Hill	PRJNA400804	SAMN07598710	AFS099306		plant core	USA: NC	2014-04-30	Microbe sample from Bacillus cereus		False	True	False	False	1	True	source	False	False	False	False	0		False	UNRESOLVED	Candidate metadata does not provide sufficiently explicit evidence to demonstrate direct plant association under the fixed inclusion criteria.	insufficient_metadata
GCF_002550155.1	Bacillus cereus	1396	AFS098742	Scaffold		2017-10-13	UNC Chapel Hill	PRJNA400804	SAMN07598704	AFS098742	Corn	core	USA: NC	2014-04-30	Microbe sample from Bacillus cereus		True	False	False	False	1	True	host	False	False	False	False	0		False	UNRESOLVED	Project-level metadata remains ambiguous: Host is predominantly Corn or Soybean, but isolation_source=core cannot currently be unambiguously interpreted as direct plant tissue. The same BioProject contains explicitly plant-associated root isolates as well as non-direct sources such as grainbin dust; therefore host alone is insufficient for inclusion.	unresolved_project
GCF_002550315.1	Bacillus cereus	1396	AFS097377	Scaffold		2017-10-13	UNC Chapel Hill	PRJNA400804	SAMN07598685	AFS097377	Corn	core	USA: NC	2014-04-30	Microbe sample from Bacillus cereus		True	False	False	False	1	True	host	False	False	False	False	0		False	UNRESOLVED	Project-level metadata remains ambiguous: Host is predominantly Corn or Soybean, but isolation_source=core cannot currently be unambiguously interpreted as direct plant tissue. The same BioProject contains explicitly plant-associated root isolates as well as non-direct sources such as grainbin dust; therefore host alone is insufficient for inclusion.	unresolved_project
GCF_002550365.1	Bacillus cereus	1396	AFS097327	Scaffold		2017-10-13	UNC Chapel Hill	PRJNA400804	SAMN07598684	AFS097327	Corn	core	USA: NC	2014-04-30	Microbe sample from Bacillus cereus		True	False	False	False	1	True	host	False	False	False	False	0		False	UNRESOLVED	Project-level metadata remains ambiguous: Host is predominantly Corn or Soybean, but isolation_source=core cannot currently be unambiguously interpreted as direct plant tissue. The same BioProject contains explicitly plant-associated root isolates as well as non-direct sources such as grainbin dust; therefore host alone is insufficient for inclusion.	unresolved_project
GCF_002550375.1	Bacillus cereus	1396	AFS096926	Scaffold		2017-10-13	UNC Chapel Hill	PRJNA400804	SAMN07598676	AFS096926		plant core	USA: NC	2014-04-21	Microbe sample from Bacillus cereus		False	True	False	False	1	True	source	False	False	False	False	0		False	UNRESOLVED	Candidate metadata does not provide sufficiently explicit evidence to demonstrate direct plant association under the fixed inclusion criteria.	insufficient_metadata
GCF_002550515.1	Bacillus cereus	1396	AFS095548	Scaffold		2017-10-13	UNC Chapel Hill	PRJNA400804	SAMN07598654	AFS095548	Soybean	core	USA: IA	2014-05-08	Microbe sample from Bacillus cereus		True	False	False	False	1	True	host	False	False	False	False	0		False	UNRESOLVED	Project-level metadata remains ambiguous: Host is predominantly Corn or Soybean, but isolation_source=core cannot currently be unambiguously interpreted as direct plant tissue. The same BioProject contains explicitly plant-associated root isolates as well as non-direct sources such as grainbin dust; therefore host alone is insufficient for inclusion.	unresolved_project
GCF_002550595.1	Bacillus cereus	1396	AFS094413	Scaffold		2017-10-13	UNC Chapel Hill	PRJNA400804	SAMN07598635	AFS094413	Soybean	core	USA: IA	2014-05-08	Microbe sample from Bacillus cereus		True	False	False	False	1	True	host	False	False	False	False	0		False	UNRESOLVED	Project-level metadata remains ambiguous: Host is predominantly Corn or Soybean, but isolation_source=core cannot currently be unambiguously interpreted as direct plant tissue. The same BioProject contains explicitly plant-associated root isolates as well as non-direct sources such as grainbin dust; therefore host alone is insufficient for inclusion.	unresolved_project
GCF_002550705.1	Bacillus cereus	1396	AFS093397	Scaffold		2017-10-13	UNC Chapel Hill	PRJNA400804	SAMN07598627	AFS093397	Soybean	core	USA: IA	2014-05-08	Microbe sample from Bacillus cereus		True	False	False	False	1	True	host	False	False	False	False	0		False	UNRESOLVED	Project-level metadata remains ambiguous: Host is predominantly Corn or Soybean, but isolation_source=core cannot currently be unambiguously interpreted as direct plant tissue. The same BioProject contains explicitly plant-associated root isolates as well as non-direct sources such as grainbin dust; therefore host alone is insufficient for inclusion.	unresolved_project
GCF_002550775.1	Bacillus cereus	1396	AFS092659	Scaffold		2017-10-13	UNC Chapel Hill	PRJNA400804	SAMN07598615	AFS092659	Corn	core	USA: NC	2014-04-30	Microbe sample from Bacillus cereus		True	False	False	False	1	True	host	False	False	False	False	0		False	UNRESOLVED	Project-level metadata remains ambiguous: Host is predominantly Corn or Soybean, but isolation_source=core cannot currently be unambiguously interpreted as direct plant tissue. The same BioProject contains explicitly plant-associated root isolates as well as non-direct sources such as grainbin dust; therefore host alone is insufficient for inclusion.	unresolved_project
GCF_002550835.1	Bacillus cereus	1396	AFS092789	Scaffold		2017-10-13	UNC Chapel Hill	PRJNA400804	SAMN07598616	AFS092789	Corn	core	USA: NC	2014-04-30	Microbe sample from Bacillus cereus		True	False	False	False	1	True	host	False	False	False	False	0		False	UNRESOLVED	Project-level metadata remains ambiguous: Host is predominantly Corn or Soybean, but isolation_source=core cannot currently be unambiguously interpreted as direct plant tissue. The same BioProject contains explicitly plant-associated root isolates as well as non-direct sources such as grainbin dust; therefore host alone is insufficient for inclusion.	unresolved_project
GCF_002551625.1	Bacillus cereus	1396	AFS088784	Scaffold		2017-10-13	UNC Chapel Hill	PRJNA400804	SAMN07598579	AFS088784	Corn	core	USA: NC	2014-04-21	Microbe sample from Bacillus cereus		True	False	False	False	1	True	host	False	False	False	False	0		False	UNRESOLVED	Project-level metadata remains ambiguous: Host is predominantly Corn or Soybean, but isolation_source=core cannot currently be unambiguously interpreted as direct plant tissue. The same BioProject contains explicitly plant-associated root isolates as well as non-direct sources such as grainbin dust; therefore host alone is insufficient for inclusion.	unresolved_project
GCF_002551635.1	Bacillus cereus	1396	AFS088704	Scaffold		2017-10-13	UNC Chapel Hill	PRJNA400804	SAMN07598578	AFS088704	Corn	core	USA: NC	2014-04-30	Microbe sample from Bacillus cereus		True	False	False	False	1	True	host	False	False	False	False	0		False	UNRESOLVED	Project-level metadata remains ambiguous: Host is predominantly Corn or Soybean, but isolation_source=core cannot currently be unambiguously interpreted as direct plant tissue. The same BioProject contains explicitly plant-associated root isolates as well as non-direct sources such as grainbin dust; therefore host alone is insufficient for inclusion.	unresolved_project
GCF_002551855.1	Bacillus cereus	1396	AFS098170	Scaffold		2017-10-13	UNC Chapel Hill	PRJNA400804	SAMN07598696	AFS098170		plant core	USA: NC	2014-04-21	Microbe sample from Bacillus cereus		False	True	False	False	1	True	source	False	False	False	False	0		False	UNRESOLVED	Candidate metadata does not provide sufficiently explicit evidence to demonstrate direct plant association under the fixed inclusion criteria.	insufficient_metadata
GCF_002551975.1	Bacillus cereus	1396	AFS097219	Scaffold		2017-10-13	UNC Chapel Hill	PRJNA400804	SAMN07598681	AFS097219	Corn	core	USA: NC	2014-04-30	Microbe sample from Bacillus cereus		True	False	False	False	1	True	host	False	False	False	False	0		False	UNRESOLVED	Project-level metadata remains ambiguous: Host is predominantly Corn or Soybean, but isolation_source=core cannot currently be unambiguously interpreted as direct plant tissue. The same BioProject contains explicitly plant-associated root isolates as well as non-direct sources such as grainbin dust; therefore host alone is insufficient for inclusion.	unresolved_project
GCF_002552015.1	Bacillus cereus	1396	AFS097130	Scaffold		2017-10-13	UNC Chapel Hill	PRJNA400804	SAMN07598680	AFS097130	Corn	core	USA: NC	2014-04-21	Microbe sample from Bacillus cereus		True	False	False	False	1	True	host	False	False	False	False	0		False	UNRESOLVED	Project-level metadata remains ambiguous: Host is predominantly Corn or Soybean, but isolation_source=core cannot currently be unambiguously interpreted as direct plant tissue. The same BioProject contains explicitly plant-associated root isolates as well as non-direct sources such as grainbin dust; therefore host alone is insufficient for inclusion.	unresolved_project
GCF_002552115.1	Bacillus cereus	1396	AFS096642	Scaffold		2017-10-13	UNC Chapel Hill	PRJNA400804	SAMN07598673	AFS096642	Corn	core	USA: NC	2014-05-06	Microbe sample from Bacillus cereus		True	False	False	False	1	True	host	False	False	False	False	0		False	UNRESOLVED	Project-level metadata remains ambiguous: Host is predominantly Corn or Soybean, but isolation_source=core cannot currently be unambiguously interpreted as direct plant tissue. The same BioProject contains explicitly plant-associated root isolates as well as non-direct sources such as grainbin dust; therefore host alone is insufficient for inclusion.	unresolved_project
GCF_002552295.1	Bacillus cereus	1396	AFS095575	Scaffold		2017-10-13	UNC Chapel Hill	PRJNA400804	SAMN07598656	AFS095575	Corn	core	USA: IL	2014-05-22	Microbe sample from Bacillus cereus		True	False	False	False	1	True	host	False	False	False	False	0		False	UNRESOLVED	Project-level metadata remains ambiguous: Host is predominantly Corn or Soybean, but isolation_source=core cannot currently be unambiguously interpreted as direct plant tissue. The same BioProject contains explicitly plant-associated root isolates as well as non-direct sources such as grainbin dust; therefore host alone is insufficient for inclusion.	unresolved_project
GCF_002552315.1	Bacillus cereus	1396	AFS095498	Scaffold		2017-10-13	UNC Chapel Hill	PRJNA400804	SAMN07598653	AFS095498	Corn	core	USA: NC	2014-04-30	Microbe sample from Bacillus cereus		True	False	False	False	1	True	host	False	False	False	False	0		False	UNRESOLVED	Project-level metadata remains ambiguous: Host is predominantly Corn or Soybean, but isolation_source=core cannot currently be unambiguously interpreted as direct plant tissue. The same BioProject contains explicitly plant-associated root isolates as well as non-direct sources such as grainbin dust; therefore host alone is insufficient for inclusion.	unresolved_project
GCF_002552455.1	Bacillus cereus	1396	AFS094460	Scaffold		2017-10-13	UNC Chapel Hill	PRJNA400804	SAMN07598636	AFS094460	Corn	core	USA: NC	2014-05-06	Microbe sample from Bacillus cereus		True	False	False	False	1	True	host	False	False	False	False	0		False	UNRESOLVED	Project-level metadata remains ambiguous: Host is predominantly Corn or Soybean, but isolation_source=core cannot currently be unambiguously interpreted as direct plant tissue. The same BioProject contains explicitly plant-associated root isolates as well as non-direct sources such as grainbin dust; therefore host alone is insufficient for inclusion.	unresolved_project
GCF_002552465.1	Bacillus cereus	1396	AFS093925	Scaffold		2017-10-13	UNC Chapel Hill	PRJNA400804	SAMN07598632	AFS093925	Corn	core	USA: IL	2014-05-27	Microbe sample from Bacillus cereus		True	False	False	False	1	True	host	False	False	False	False	0		False	UNRESOLVED	Project-level metadata remains ambiguous: Host is predominantly Corn or Soybean, but isolation_source=core cannot currently be unambiguously interpreted as direct plant tissue. The same BioProject contains explicitly plant-associated root isolates as well as non-direct sources such as grainbin dust; therefore host alone is insufficient for inclusion.	unresolved_project
GCF_002552485.1	Bacillus cereus	1396	AFS093833	Scaffold		2017-10-13	UNC Chapel Hill	PRJNA400804	SAMN07598631	AFS093833	Corn	core	USA: NC	2014-04-30	Microbe sample from Bacillus cereus		True	False	False	False	1	True	host	False	False	False	False	0		False	UNRESOLVED	Project-level metadata remains ambiguous: Host is predominantly Corn or Soybean, but isolation_source=core cannot currently be unambiguously interpreted as direct plant tissue. The same BioProject contains explicitly plant-associated root isolates as well as non-direct sources such as grainbin dust; therefore host alone is insufficient for inclusion.	unresolved_project
GCF_002552505.1	Bacillus cereus	1396	AFS093186	Scaffold		2017-10-13	UNC Chapel Hill	PRJNA400804	SAMN07598622	AFS093186		plant core	USA: NC	2014-05-06	Microbe sample from Bacillus cereus		False	True	False	False	1	True	source	False	False	False	False	0		False	UNRESOLVED	Candidate metadata does not provide sufficiently explicit evidence to demonstrate direct plant association under the fixed inclusion criteria.	insufficient_metadata
GCF_002552635.1	Bacillus cereus	1396	AFS091626	Scaffold		2017-10-13	UNC Chapel Hill	PRJNA400804	SAMN07598607	AFS091626	Soybean	core	USA: IA	2014-05-08	Microbe sample from Bacillus cereus		True	False	False	False	1	True	host	False	False	False	False	0		False	UNRESOLVED	Project-level metadata remains ambiguous: Host is predominantly Corn or Soybean, but isolation_source=core cannot currently be unambiguously interpreted as direct plant tissue. The same BioProject contains explicitly plant-associated root isolates as well as non-direct sources such as grainbin dust; therefore host alone is insufficient for inclusion.	unresolved_project
GCF_002552725.1	Bacillus cereus	1396	AFS090123	Contig		2017-10-13	UNC Chapel Hill	PRJNA400804	SAMN07598594	AFS090123	Corn	plant	USA: NC	2014-02-28	Microbe sample from Bacillus cereus		True	True	False	False	2	True	host;source	False	False	False	False	0		False	UNRESOLVED	Candidate metadata does not provide sufficiently explicit evidence to demonstrate direct plant association under the fixed inclusion criteria.	insufficient_metadata
GCF_002552875.1	Bacillus cereus	1396	AFS099737	Contig		2017-10-13	UNC Chapel Hill	PRJNA400804	SAMN07598719	AFS099737	Corn	core	USA: NC	2014-04-24	Microbe sample from Bacillus cereus		True	False	False	False	1	True	host	False	False	False	False	0		False	UNRESOLVED	Project-level metadata remains ambiguous: Host is predominantly Corn or Soybean, but isolation_source=core cannot currently be unambiguously interpreted as direct plant tissue. The same BioProject contains explicitly plant-associated root isolates as well as non-direct sources such as grainbin dust; therefore host alone is insufficient for inclusion.	unresolved_project
GCF_002552895.1	Bacillus cereus	1396	AFS099621	Scaffold		2017-10-13	UNC Chapel Hill	PRJNA400804	SAMN07598717	AFS099621	Corn	core	USA: NC	2014-04-30	Microbe sample from Bacillus cereus		True	False	False	False	1	True	host	False	False	False	False	0		False	UNRESOLVED	Project-level metadata remains ambiguous: Host is predominantly Corn or Soybean, but isolation_source=core cannot currently be unambiguously interpreted as direct plant tissue. The same BioProject contains explicitly plant-associated root isolates as well as non-direct sources such as grainbin dust; therefore host alone is insufficient for inclusion.	unresolved_project
GCF_002553255.1	Bacillus cereus	1396	AFS093276	Scaffold		2017-10-13	UNC Chapel Hill	PRJNA400804	SAMN07598623	AFS093276		plant core	USA: NC	2014-05-06	Microbe sample from Bacillus cereus		False	True	False	False	1	True	source	False	False	False	False	0		False	UNRESOLVED	Candidate metadata does not provide sufficiently explicit evidence to demonstrate direct plant association under the fixed inclusion criteria.	insufficient_metadata
GCF_002553345.1	Bacillus cereus	1396	AFS090431	Scaffold		2017-10-13	UNC Chapel Hill	PRJNA400804	SAMN07598599	AFS090431	Oats	plant	USA: NC	2014-03-31	Microbe sample from Bacillus cereus		False	True	False	False	1	True	source	False	False	False	False	0		False	UNRESOLVED	Candidate metadata does not provide sufficiently explicit evidence to demonstrate direct plant association under the fixed inclusion criteria.	insufficient_metadata
GCF_002553395.1	Bacillus cereus	1396	AFS089527	Scaffold		2017-10-13	UNC Chapel Hill	PRJNA400804	SAMN07598587	AFS089527	Soybean	core	USA: IA	2014-05-08	Microbe sample from Bacillus cereus		True	False	False	False	1	True	host	False	False	False	False	0		False	UNRESOLVED	Project-level metadata remains ambiguous: Host is predominantly Corn or Soybean, but isolation_source=core cannot currently be unambiguously interpreted as direct plant tissue. The same BioProject contains explicitly plant-associated root isolates as well as non-direct sources such as grainbin dust; therefore host alone is insufficient for inclusion.	unresolved_project
GCF_002555205.1	Bacillus cereus	1396	AFS012491	Scaffold		2017-10-16	UNC Chapel Hill	PRJNA400804	SAMN07597406	AFS012491		Core; Other Plant	USA: NC	2014-05-06	Microbe sample from Bacillus cereus		False	True	False	False	1	True	source	False	False	False	False	0		False	UNRESOLVED	Candidate metadata does not provide sufficiently explicit evidence to demonstrate direct plant association under the fixed inclusion criteria.	insufficient_metadata
GCF_002556855.1	Bacillus cereus	1396	AFS027647	Scaffold		2017-10-16	UNC Chapel Hill	PRJNA400804	SAMN07597606	AFS027647		Core; Other Plant	USA: NC	2014-04-30	Microbe sample from Bacillus cereus		False	True	False	False	1	True	source	False	False	False	False	0		False	UNRESOLVED	Candidate metadata does not provide sufficiently explicit evidence to demonstrate direct plant association under the fixed inclusion criteria.	insufficient_metadata
GCF_002557925.1	Bacillus cereus	1396	AFS013997	Scaffold		2017-10-16	UNC Chapel Hill	PRJNA400804	SAMN07597421	AFS013997	Corn	core	USA: NC	2014-04-30	Microbe sample from Bacillus cereus		True	False	False	False	1	True	host	False	False	False	False	0		False	UNRESOLVED	Project-level metadata remains ambiguous: Host is predominantly Corn or Soybean, but isolation_source=core cannot currently be unambiguously interpreted as direct plant tissue. The same BioProject contains explicitly plant-associated root isolates as well as non-direct sources such as grainbin dust; therefore host alone is insufficient for inclusion.	unresolved_project
GCF_002557995.1	Bacillus cereus	1396	AFS012400	Scaffold		2017-10-16	UNC Chapel Hill	PRJNA400804	SAMN07597405	AFS012400	Cucumber	plant	USA: NC	2014-04-15	Microbe sample from Bacillus cereus		True	True	False	False	2	True	host;source	False	False	False	False	0		False	UNRESOLVED	Candidate metadata does not provide sufficiently explicit evidence to demonstrate direct plant association under the fixed inclusion criteria.	insufficient_metadata
GCF_002558085.1	Bacillus cereus	1396	AFS011950	Scaffold		2017-10-16	UNC Chapel Hill	PRJNA400804	SAMN07597401	AFS011950	Corn	core	USA: NC	2014-05-06	Microbe sample from Bacillus cereus		True	False	False	False	1	True	host	False	False	False	False	0		False	UNRESOLVED	Project-level metadata remains ambiguous: Host is predominantly Corn or Soybean, but isolation_source=core cannot currently be unambiguously interpreted as direct plant tissue. The same BioProject contains explicitly plant-associated root isolates as well as non-direct sources such as grainbin dust; therefore host alone is insufficient for inclusion.	unresolved_project
GCF_002558125.1	Bacillus cereus	1396	AFS013880	Scaffold		2017-10-16	UNC Chapel Hill	PRJNA400804	SAMN07597419	AFS013880	Corn	core	USA: NC	2014-05-06	Microbe sample from Bacillus cereus		True	False	False	False	1	True	host	False	False	False	False	0		False	UNRESOLVED	Project-level metadata remains ambiguous: Host is predominantly Corn or Soybean, but isolation_source=core cannot currently be unambiguously interpreted as direct plant tissue. The same BioProject contains explicitly plant-associated root isolates as well as non-direct sources such as grainbin dust; therefore host alone is insufficient for inclusion.	unresolved_project
GCF_002558165.1	Bacillus cereus	1396	AFS013685	Scaffold		2017-10-16	UNC Chapel Hill	PRJNA400804	SAMN07597417	AFS013685	Corn	core	USA: NC	2014-04-30	Microbe sample from Bacillus cereus		True	False	False	False	1	True	host	False	False	False	False	0		False	UNRESOLVED	Project-level metadata remains ambiguous: Host is predominantly Corn or Soybean, but isolation_source=core cannot currently be unambiguously interpreted as direct plant tissue. The same BioProject contains explicitly plant-associated root isolates as well as non-direct sources such as grainbin dust; therefore host alone is insufficient for inclusion.	unresolved_project
GCF_002558245.1	Bacillus cereus	1396	AFS011918	Scaffold		2017-10-16	UNC Chapel Hill	PRJNA400804	SAMN07597399	AFS011918		plant core	USA: NC	2014-05-06	Microbe sample from Bacillus cereus		False	True	False	False	1	True	source	False	False	False	False	0		False	UNRESOLVED	Candidate metadata does not provide sufficiently explicit evidence to demonstrate direct plant association under the fixed inclusion criteria.	insufficient_metadata
GCF_002558285.1	Bacillus cereus	1396	AFS007234	Scaffold		2017-10-16	UNC Chapel Hill	PRJNA400804	SAMN07597331	AFS007234	Soybean	core	USA: IA	2014-05-22	Microbe sample from Bacillus cereus		True	False	False	False	1	True	host	False	False	False	False	0		False	UNRESOLVED	Project-level metadata remains ambiguous: Host is predominantly Corn or Soybean, but isolation_source=core cannot currently be unambiguously interpreted as direct plant tissue. The same BioProject contains explicitly plant-associated root isolates as well as non-direct sources such as grainbin dust; therefore host alone is insufficient for inclusion.	unresolved_project
GCF_002558315.1	Bacillus cereus	1396	AFS007170	Scaffold		2017-10-16	UNC Chapel Hill	PRJNA400804	SAMN07597328	AFS007170	Corn	core	USA: IL	2014-05-22	Microbe sample from Bacillus cereus		True	False	False	False	1	True	host	False	False	False	False	0		False	UNRESOLVED	Project-level metadata remains ambiguous: Host is predominantly Corn or Soybean, but isolation_source=core cannot currently be unambiguously interpreted as direct plant tissue. The same BioProject contains explicitly plant-associated root isolates as well as non-direct sources such as grainbin dust; therefore host alone is insufficient for inclusion.	unresolved_project
GCF_002558365.1	Bacillus cereus	1396	AFS007158	Scaffold		2017-10-16	UNC Chapel Hill	PRJNA400804	SAMN07597327	AFS007158	Corn	core	USA: NC	2014-04-21	Microbe sample from Bacillus cereus		True	False	False	False	1	True	host	False	False	False	False	0		False	UNRESOLVED	Project-level metadata remains ambiguous: Host is predominantly Corn or Soybean, but isolation_source=core cannot currently be unambiguously interpreted as direct plant tissue. The same BioProject contains explicitly plant-associated root isolates as well as non-direct sources such as grainbin dust; therefore host alone is insufficient for inclusion.	unresolved_project
GCF_002558435.1	Bacillus cereus	1396	AFS006512	Scaffold		2017-10-16	UNC Chapel Hill	PRJNA400804	SAMN07597322	AFS006512	Corn	core	USA: NC	2014-04-21	Microbe sample from Bacillus cereus		True	False	False	False	1	True	host	False	False	False	False	0		False	UNRESOLVED	Project-level metadata remains ambiguous: Host is predominantly Corn or Soybean, but isolation_source=core cannot currently be unambiguously interpreted as direct plant tissue. The same BioProject contains explicitly plant-associated root isolates as well as non-direct sources such as grainbin dust; therefore host alone is insufficient for inclusion.	unresolved_project
GCF_002558465.1	Bacillus cereus	1396	AFS006012	Scaffold		2017-10-16	UNC Chapel Hill	PRJNA400804	SAMN07597315	AFS006012	Corn	core	USA: NC	2014-04-30	Microbe sample from Bacillus cereus		True	False	False	False	1	True	host	False	False	False	False	0		False	UNRESOLVED	Project-level metadata remains ambiguous: Host is predominantly Corn or Soybean, but isolation_source=core cannot currently be unambiguously interpreted as direct plant tissue. The same BioProject contains explicitly plant-associated root isolates as well as non-direct sources such as grainbin dust; therefore host alone is insufficient for inclusion.	unresolved_project
GCF_002558475.1	Bacillus cereus	1396	AFS005901	Scaffold		2017-10-16	UNC Chapel Hill	PRJNA400804	SAMN07597312	AFS005901	Soybean	core	USA: IA	2014-05-08	Microbe sample from Bacillus cereus		True	False	False	False	1	True	host	False	False	False	False	0		False	UNRESOLVED	Project-level metadata remains ambiguous: Host is predominantly Corn or Soybean, but isolation_source=core cannot currently be unambiguously interpreted as direct plant tissue. The same BioProject contains explicitly plant-associated root isolates as well as non-direct sources such as grainbin dust; therefore host alone is insufficient for inclusion.	unresolved_project
GCF_002558615.1	Bacillus cereus	1396	AFS004498	Scaffold		2017-10-16	UNC Chapel Hill	PRJNA400804	SAMN07597298	AFS004498		plant	USA: NC	2014-04-07	Microbe sample from Bacillus cereus		False	True	False	False	1	True	source	False	False	False	False	0		False	UNRESOLVED	Candidate metadata does not provide sufficiently explicit evidence to demonstrate direct plant association under the fixed inclusion criteria.	insufficient_metadata
GCF_002558645.1	Bacillus cereus	1396	AFS004414	Scaffold		2017-10-16	UNC Chapel Hill	PRJNA400804	SAMN07597297	AFS004414	Oats	plant	USA: NC	2014-04-07	Microbe sample from Bacillus cereus		False	True	False	False	1	True	source	False	False	False	False	0		False	UNRESOLVED	Candidate metadata does not provide sufficiently explicit evidence to demonstrate direct plant association under the fixed inclusion criteria.	insufficient_metadata
GCF_002558665.1	Bacillus cereus	1396	AFS003807	Scaffold		2017-10-16	UNC Chapel Hill	PRJNA400804	SAMN07597292	AFS003807	Corn	core	USA: NC	2014-04-30	Microbe sample from Bacillus cereus		True	False	False	False	1	True	host	False	False	False	False	0		False	UNRESOLVED	Project-level metadata remains ambiguous: Host is predominantly Corn or Soybean, but isolation_source=core cannot currently be unambiguously interpreted as direct plant tissue. The same BioProject contains explicitly plant-associated root isolates as well as non-direct sources such as grainbin dust; therefore host alone is insufficient for inclusion.	unresolved_project
GCF_002558705.1	Bacillus cereus	1396	AFS003410	Scaffold		2017-10-16	UNC Chapel Hill	PRJNA400804	SAMN07597288	AFS003410	Corn	core	USA: IL	2014-05-22	Microbe sample from Bacillus cereus		True	False	False	False	1	True	host	False	False	False	False	0		False	UNRESOLVED	Project-level metadata remains ambiguous: Host is predominantly Corn or Soybean, but isolation_source=core cannot currently be unambiguously interpreted as direct plant tissue. The same BioProject contains explicitly plant-associated root isolates as well as non-direct sources such as grainbin dust; therefore host alone is insufficient for inclusion.	unresolved_project
GCF_002558735.1	Bacillus cereus	1396	AFS003289	Scaffold		2017-10-16	UNC Chapel Hill	PRJNA400804	SAMN07597286	AFS003289	Corn	core	USA: NC	2014-04-30	Microbe sample from Bacillus cereus		True	False	False	False	1	True	host	False	False	False	False	0		False	UNRESOLVED	Project-level metadata remains ambiguous: Host is predominantly Corn or Soybean, but isolation_source=core cannot currently be unambiguously interpreted as direct plant tissue. The same BioProject contains explicitly plant-associated root isolates as well as non-direct sources such as grainbin dust; therefore host alone is insufficient for inclusion.	unresolved_project
GCF_002558745.1	Bacillus cereus	1396	AFS003338	Scaffold		2017-10-16	UNC Chapel Hill	PRJNA400804	SAMN07597287	AFS003338	Corn	missing	USA: IA	2014-01-17	Microbe sample from Bacillus cereus		True	False	False	False	1	True	host	False	False	False	False	0		False	UNRESOLVED	Candidate metadata does not provide sufficiently explicit evidence to demonstrate direct plant association under the fixed inclusion criteria.	insufficient_metadata
GCF_002558765.1	Bacillus cereus	1396	AFS003117	Scaffold		2017-10-16	UNC Chapel Hill	PRJNA400804	SAMN07597283	AFS003117	Soybean	core	USA: IA	2014-05-08	Microbe sample from Bacillus cereus		True	False	False	False	1	True	host	False	False	False	False	0		False	UNRESOLVED	Project-level metadata remains ambiguous: Host is predominantly Corn or Soybean, but isolation_source=core cannot currently be unambiguously interpreted as direct plant tissue. The same BioProject contains explicitly plant-associated root isolates as well as non-direct sources such as grainbin dust; therefore host alone is insufficient for inclusion.	unresolved_project
GCF_002558845.1	Bacillus cereus	1396	AFS002848	Scaffold		2017-10-16	UNC Chapel Hill	PRJNA400804	SAMN07597278	AFS002848		plant core	USA: NC	2014-05-06	Microbe sample from Bacillus cereus		False	True	False	False	1	True	source	False	False	False	False	0		False	UNRESOLVED	Candidate metadata does not provide sufficiently explicit evidence to demonstrate direct plant association under the fixed inclusion criteria.	insufficient_metadata
GCF_002558955.1	Bacillus cereus	1396	AFS002368	Scaffold		2017-10-16	UNC Chapel Hill	PRJNA400804	SAMN07597267	AFS002368	Tomato	plant	USA: NC	2014-01-14	Microbe sample from Bacillus cereus		True	True	False	False	2	True	host;source	False	False	False	False	0		False	UNRESOLVED	Candidate metadata does not provide sufficiently explicit evidence to demonstrate direct plant association under the fixed inclusion criteria.	insufficient_metadata
GCF_002558985.1	Bacillus cereus	1396	AFS002094	Scaffold		2017-10-16	UNC Chapel Hill	PRJNA400804	SAMN07597263	AFS002094	Corn	plant	USA: NC	2014-02-28	Microbe sample from Bacillus cereus		True	True	False	False	2	True	host;source	False	False	False	False	0		False	UNRESOLVED	Candidate metadata does not provide sufficiently explicit evidence to demonstrate direct plant association under the fixed inclusion criteria.	insufficient_metadata
GCF_002559055.1	Bacillus cereus	1396	AFS001977	Scaffold		2017-10-16	UNC Chapel Hill	PRJNA400804	SAMN07597260	AFS001977	Corn	core	USA: NC	2014-04-30	Microbe sample from Bacillus cereus		True	False	False	False	1	True	host	False	False	False	False	0		False	UNRESOLVED	Project-level metadata remains ambiguous: Host is predominantly Corn or Soybean, but isolation_source=core cannot currently be unambiguously interpreted as direct plant tissue. The same BioProject contains explicitly plant-associated root isolates as well as non-direct sources such as grainbin dust; therefore host alone is insufficient for inclusion.	unresolved_project
GCF_002559065.1	Bacillus cereus	1396	AFS001538	Scaffold		2017-10-16	UNC Chapel Hill	PRJNA400804	SAMN07597253	AFS001538	Corn	core	USA: NC	2014-04-30	Microbe sample from Bacillus cereus		True	False	False	False	1	True	host	False	False	False	False	0		False	UNRESOLVED	Project-level metadata remains ambiguous: Host is predominantly Corn or Soybean, but isolation_source=core cannot currently be unambiguously interpreted as direct plant tissue. The same BioProject contains explicitly plant-associated root isolates as well as non-direct sources such as grainbin dust; therefore host alone is insufficient for inclusion.	unresolved_project
GCF_002559115.1	Bacillus cereus	1396	AFS006340	Scaffold		2017-10-16	UNC Chapel Hill	PRJNA400804	SAMN07597320	AFS006340	Soybean	core	USA: IA	2014-05-08	Microbe sample from Bacillus cereus		True	False	False	False	1	True	host	False	False	False	False	0		False	UNRESOLVED	Project-level metadata remains ambiguous: Host is predominantly Corn or Soybean, but isolation_source=core cannot currently be unambiguously interpreted as direct plant tissue. The same BioProject contains explicitly plant-associated root isolates as well as non-direct sources such as grainbin dust; therefore host alone is insufficient for inclusion.	unresolved_project
GCF_002559125.1	Bacillus cereus	1396	AFS005998	Scaffold		2017-10-16	UNC Chapel Hill	PRJNA400804	SAMN07597314	AFS005998	Soybean	core	USA: IA	2014-05-08	Microbe sample from Bacillus cereus		True	False	False	False	1	True	host	False	False	False	False	0		False	UNRESOLVED	Project-level metadata remains ambiguous: Host is predominantly Corn or Soybean, but isolation_source=core cannot currently be unambiguously interpreted as direct plant tissue. The same BioProject contains explicitly plant-associated root isolates as well as non-direct sources such as grainbin dust; therefore host alone is insufficient for inclusion.	unresolved_project
GCF_002559205.1	Bacillus cereus	1396	AFS004748	Scaffold		2017-10-16	UNC Chapel Hill	PRJNA400804	SAMN07597302	AFS004748	Soybean	core	USA: IA	2014-05-08	Microbe sample from Bacillus cereus		True	False	False	False	1	True	host	False	False	False	False	0		False	UNRESOLVED	Project-level metadata remains ambiguous: Host is predominantly Corn or Soybean, but isolation_source=core cannot currently be unambiguously interpreted as direct plant tissue. The same BioProject contains explicitly plant-associated root isolates as well as non-direct sources such as grainbin dust; therefore host alone is insufficient for inclusion.	unresolved_project
GCF_002559225.1	Bacillus cereus	1396	AFS004701	Scaffold		2017-10-16	UNC Chapel Hill	PRJNA400804	SAMN07597300	AFS004701	Corn	core	USA: NC	2014-04-21	Microbe sample from Bacillus cereus		True	False	False	False	1	True	host	False	False	False	False	0		False	UNRESOLVED	Project-level metadata remains ambiguous: Host is predominantly Corn or Soybean, but isolation_source=core cannot currently be unambiguously interpreted as direct plant tissue. The same BioProject contains explicitly plant-associated root isolates as well as non-direct sources such as grainbin dust; therefore host alone is insufficient for inclusion.	unresolved_project
GCF_002559365.1	Bacillus cereus	1396	AFS001900	Scaffold		2017-10-16	UNC Chapel Hill	PRJNA400804	SAMN07597257	AFS001900	Corn	plant	USA: NC	2014-02-28	Microbe sample from Bacillus cereus		True	True	False	False	2	True	host;source	False	False	False	False	0		False	UNRESOLVED	Candidate metadata does not provide sufficiently explicit evidence to demonstrate direct plant association under the fixed inclusion criteria.	insufficient_metadata
GCF_002559425.1	Bacillus cereus	1396	AFS001542	Scaffold		2017-10-16	UNC Chapel Hill	PRJNA400804	SAMN07597254	AFS001542	Corn	core	USA: NC	2014-04-21	Microbe sample from Bacillus cereus		True	False	False	False	1	True	host	False	False	False	False	0		False	UNRESOLVED	Project-level metadata remains ambiguous: Host is predominantly Corn or Soybean, but isolation_source=core cannot currently be unambiguously interpreted as direct plant tissue. The same BioProject contains explicitly plant-associated root isolates as well as non-direct sources such as grainbin dust; therefore host alone is insufficient for inclusion.	unresolved_project
GCF_002559435.1	Bacillus cereus	1396	AFS000937	Scaffold		2017-10-16	UNC Chapel Hill	PRJNA400804	SAMN07597247	AFS000937	Corn	core	USA: NC	2014-04-30	Microbe sample from Bacillus cereus		True	False	False	False	1	True	host	False	False	False	False	0		False	UNRESOLVED	Project-level metadata remains ambiguous: Host is predominantly Corn or Soybean, but isolation_source=core cannot currently be unambiguously interpreted as direct plant tissue. The same BioProject contains explicitly plant-associated root isolates as well as non-direct sources such as grainbin dust; therefore host alone is insufficient for inclusion.	unresolved_project
GCF_002559495.1	Bacillus cereus	1396	AFS000724	Scaffold		2017-10-16	UNC Chapel Hill	PRJNA400804	SAMN07597244	AFS000724	Soybean	core	USA: IA	2014-05-22	Microbe sample from Bacillus cereus		True	False	False	False	1	True	host	False	False	False	False	0		False	UNRESOLVED	Project-level metadata remains ambiguous: Host is predominantly Corn or Soybean, but isolation_source=core cannot currently be unambiguously interpreted as direct plant tissue. The same BioProject contains explicitly plant-associated root isolates as well as non-direct sources such as grainbin dust; therefore host alone is insufficient for inclusion.	unresolved_project
GCF_002559545.1	Bacillus cereus	1396	AFS000175	Scaffold		2017-10-16	UNC Chapel Hill	PRJNA400804	SAMN07597236	AFS000175	Soybean	core	USA: IA	2014-05-08	Microbe sample from Bacillus cereus		True	False	False	False	1	True	host	False	False	False	False	0		False	UNRESOLVED	Project-level metadata remains ambiguous: Host is predominantly Corn or Soybean, but isolation_source=core cannot currently be unambiguously interpreted as direct plant tissue. The same BioProject contains explicitly plant-associated root isolates as well as non-direct sources such as grainbin dust; therefore host alone is insufficient for inclusion.	unresolved_project
GCF_002559565.1	Bacillus cereus	1396	AFS000144	Scaffold		2017-10-16	UNC Chapel Hill	PRJNA400804	SAMN07597235	AFS000144	Corn	missing	USA: IA	2014-01-17	Microbe sample from Bacillus cereus		True	False	False	False	1	True	host	False	False	False	False	0		False	UNRESOLVED	Candidate metadata does not provide sufficiently explicit evidence to demonstrate direct plant association under the fixed inclusion criteria.	insufficient_metadata
GCF_002559595.1	Bacillus cereus	1396	AFS028514	Scaffold		2017-10-16	UNC Chapel Hill	PRJNA400804	SAMN07597621	AFS028514	Corn	core	USA: IL	2014-05-22	Microbe sample from Bacillus cereus		True	False	False	False	1	True	host	False	False	False	False	0		False	UNRESOLVED	Project-level metadata remains ambiguous: Host is predominantly Corn or Soybean, but isolation_source=core cannot currently be unambiguously interpreted as direct plant tissue. The same BioProject contains explicitly plant-associated root isolates as well as non-direct sources such as grainbin dust; therefore host alone is insufficient for inclusion.	unresolved_project
GCF_002559685.1	Bacillus cereus	1396	AFS028424	Scaffold		2017-10-16	UNC Chapel Hill	PRJNA400804	SAMN07597617	AFS028424	Corn	core	USA: NC	2014-04-30	Microbe sample from Bacillus cereus		True	False	False	False	1	True	host	False	False	False	False	0		False	UNRESOLVED	Project-level metadata remains ambiguous: Host is predominantly Corn or Soybean, but isolation_source=core cannot currently be unambiguously interpreted as direct plant tissue. The same BioProject contains explicitly plant-associated root isolates as well as non-direct sources such as grainbin dust; therefore host alone is insufficient for inclusion.	unresolved_project
GCF_002559715.1	Bacillus cereus	1396	AFS028351	Scaffold		2017-10-16	UNC Chapel Hill	PRJNA400804	SAMN07597616	AFS028351		plant core	USA: NC	2014-05-06	Microbe sample from Bacillus cereus		False	True	False	False	1	True	source	False	False	False	False	0		False	UNRESOLVED	Candidate metadata does not provide sufficiently explicit evidence to demonstrate direct plant association under the fixed inclusion criteria.	insufficient_metadata
GCF_002559735.1	Bacillus cereus	1396	AFS027898	Scaffold		2017-10-16	UNC Chapel Hill	PRJNA400804	SAMN07597611	AFS027898	Soybean	core	USA: IA	2014-05-08	Microbe sample from Bacillus cereus		True	False	False	False	1	True	host	False	False	False	False	0		False	UNRESOLVED	Project-level metadata remains ambiguous: Host is predominantly Corn or Soybean, but isolation_source=core cannot currently be unambiguously interpreted as direct plant tissue. The same BioProject contains explicitly plant-associated root isolates as well as non-direct sources such as grainbin dust; therefore host alone is insufficient for inclusion.	unresolved_project
GCF_002559765.1	Bacillus cereus	1396	AFS028292	Scaffold		2017-10-16	UNC Chapel Hill	PRJNA400804	SAMN07597615	AFS028292	Corn	core	USA: NC	2014-04-30	Microbe sample from Bacillus cereus		True	False	False	False	1	True	host	False	False	False	False	0		False	UNRESOLVED	Project-level metadata remains ambiguous: Host is predominantly Corn or Soybean, but isolation_source=core cannot currently be unambiguously interpreted as direct plant tissue. The same BioProject contains explicitly plant-associated root isolates as well as non-direct sources such as grainbin dust; therefore host alone is insufficient for inclusion.	unresolved_project
GCF_002559805.1	Bacillus cereus	1396	AFS027869	Scaffold		2017-10-16	UNC Chapel Hill	PRJNA400804	SAMN07597610	AFS027869	Corn	core	USA: IL	2014-05-22	Microbe sample from Bacillus cereus		True	False	False	False	1	True	host	False	False	False	False	0		False	UNRESOLVED	Project-level metadata remains ambiguous: Host is predominantly Corn or Soybean, but isolation_source=core cannot currently be unambiguously interpreted as direct plant tissue. The same BioProject contains explicitly plant-associated root isolates as well as non-direct sources such as grainbin dust; therefore host alone is insufficient for inclusion.	unresolved_project
GCF_002559985.1	Bacillus cereus	1396	AFS025909	Scaffold		2017-10-16	UNC Chapel Hill	PRJNA400804	SAMN07597583	AFS025909	Soybean	core	USA: IA	2014-05-08	Microbe sample from Bacillus cereus		True	False	False	False	1	True	host	False	False	False	False	0		False	UNRESOLVED	Project-level metadata remains ambiguous: Host is predominantly Corn or Soybean, but isolation_source=core cannot currently be unambiguously interpreted as direct plant tissue. The same BioProject contains explicitly plant-associated root isolates as well as non-direct sources such as grainbin dust; therefore host alone is insufficient for inclusion.	unresolved_project
GCF_002560035.1	Bacillus cereus	1396	AFS025653	Scaffold		2017-10-16	UNC Chapel Hill	PRJNA400804	SAMN07597580	AFS025653	Corn	core	USA: NC	2014-04-30	Microbe sample from Bacillus cereus		True	False	False	False	1	True	host	False	False	False	False	0		False	UNRESOLVED	Project-level metadata remains ambiguous: Host is predominantly Corn or Soybean, but isolation_source=core cannot currently be unambiguously interpreted as direct plant tissue. The same BioProject contains explicitly plant-associated root isolates as well as non-direct sources such as grainbin dust; therefore host alone is insufficient for inclusion.	unresolved_project
GCF_002560075.1	Bacillus cereus	1396	AFS025490	Scaffold		2017-10-16	UNC Chapel Hill	PRJNA400804	SAMN07597578	AFS025490	Soybean	core	USA: IA	2014-05-08	Microbe sample from Bacillus cereus		True	False	False	False	1	True	host	False	False	False	False	0		False	UNRESOLVED	Project-level metadata remains ambiguous: Host is predominantly Corn or Soybean, but isolation_source=core cannot currently be unambiguously interpreted as direct plant tissue. The same BioProject contains explicitly plant-associated root isolates as well as non-direct sources such as grainbin dust; therefore host alone is insufficient for inclusion.	unresolved_project
GCF_002560095.1	Bacillus cereus	1396	AFS025485	Scaffold		2017-10-16	UNC Chapel Hill	PRJNA400804	SAMN07597577	AFS025485	Corn	missing	USA: IA	2014-01-17	Microbe sample from Bacillus cereus		True	False	False	False	1	True	host	False	False	False	False	0		False	UNRESOLVED	Candidate metadata does not provide sufficiently explicit evidence to demonstrate direct plant association under the fixed inclusion criteria.	insufficient_metadata
GCF_002560115.1	Bacillus cereus	1396	AFS025349	Scaffold		2017-10-16	UNC Chapel Hill	PRJNA400804	SAMN07597575	AFS025349	Corn	core	USA: NC	2014-05-06	Microbe sample from Bacillus cereus		True	False	False	False	1	True	host	False	False	False	False	0		False	UNRESOLVED	Project-level metadata remains ambiguous: Host is predominantly Corn or Soybean, but isolation_source=core cannot currently be unambiguously interpreted as direct plant tissue. The same BioProject contains explicitly plant-associated root isolates as well as non-direct sources such as grainbin dust; therefore host alone is insufficient for inclusion.	unresolved_project
GCF_002560175.1	Bacillus cereus	1396	AFS025120	Scaffold		2017-10-16	UNC Chapel Hill	PRJNA400804	SAMN07597572	AFS025120	Soybean	core	USA: IA	2014-05-08	Microbe sample from Bacillus cereus		True	False	False	False	1	True	host	False	False	False	False	0		False	UNRESOLVED	Project-level metadata remains ambiguous: Host is predominantly Corn or Soybean, but isolation_source=core cannot currently be unambiguously interpreted as direct plant tissue. The same BioProject contains explicitly plant-associated root isolates as well as non-direct sources such as grainbin dust; therefore host alone is insufficient for inclusion.	unresolved_project
GCF_002560215.1	Bacillus cereus	1396	AFS024973	Scaffold		2017-10-16	UNC Chapel Hill	PRJNA400804	SAMN07597570	AFS024973		plant core	USA: NC	2014-05-06	Microbe sample from Bacillus cereus		False	True	False	False	1	True	source	False	False	False	False	0		False	UNRESOLVED	Candidate metadata does not provide sufficiently explicit evidence to demonstrate direct plant association under the fixed inclusion criteria.	insufficient_metadata
GCF_002560225.1	Bacillus cereus	1396	AFS024847	Scaffold		2017-10-16	UNC Chapel Hill	PRJNA400804	SAMN07597569	AFS024847	Soybean	core	USA: IA	2014-05-27	Microbe sample from Bacillus cereus		True	False	False	False	1	True	host	False	False	False	False	0		False	UNRESOLVED	Project-level metadata remains ambiguous: Host is predominantly Corn or Soybean, but isolation_source=core cannot currently be unambiguously interpreted as direct plant tissue. The same BioProject contains explicitly plant-associated root isolates as well as non-direct sources such as grainbin dust; therefore host alone is insufficient for inclusion.	unresolved_project
GCF_002560385.1	Bacillus cereus	1396	AFS023898	Scaffold		2017-10-16	UNC Chapel Hill	PRJNA400804	SAMN07597554	AFS023898	Corn	core	USA: IL	2014-05-22	Microbe sample from Bacillus cereus		True	False	False	False	1	True	host	False	False	False	False	0		False	UNRESOLVED	Project-level metadata remains ambiguous: Host is predominantly Corn or Soybean, but isolation_source=core cannot currently be unambiguously interpreted as direct plant tissue. The same BioProject contains explicitly plant-associated root isolates as well as non-direct sources such as grainbin dust; therefore host alone is insufficient for inclusion.	unresolved_project
GCF_002560395.1	Bacillus cereus	1396	AFS023730	Scaffold		2017-10-16	UNC Chapel Hill	PRJNA400804	SAMN07597552	AFS023730		plant core	USA: NC	2014-05-06	Microbe sample from Bacillus cereus		False	True	False	False	1	True	source	False	False	False	False	0		False	UNRESOLVED	Candidate metadata does not provide sufficiently explicit evidence to demonstrate direct plant association under the fixed inclusion criteria.	insufficient_metadata
GCF_002560525.1	Bacillus cereus	1396	AFS023425	Scaffold		2017-10-16	UNC Chapel Hill	PRJNA400804	SAMN07597546	AFS023425	Soybean	core	USA: IA	2014-05-08	Microbe sample from Bacillus cereus		True	False	False	False	1	True	host	False	False	False	False	0		False	UNRESOLVED	Project-level metadata remains ambiguous: Host is predominantly Corn or Soybean, but isolation_source=core cannot currently be unambiguously interpreted as direct plant tissue. The same BioProject contains explicitly plant-associated root isolates as well as non-direct sources such as grainbin dust; therefore host alone is insufficient for inclusion.	unresolved_project
GCF_002560615.1	Bacillus cereus	1396	AFS022681	Scaffold		2017-10-16	UNC Chapel Hill	PRJNA400804	SAMN07597536	AFS022681		plant core	USA: NC	2014-04-21	Microbe sample from Bacillus cereus		False	True	False	False	1	True	source	False	False	False	False	0		False	UNRESOLVED	Candidate metadata does not provide sufficiently explicit evidence to demonstrate direct plant association under the fixed inclusion criteria.	insufficient_metadata
GCF_002560715.1	Bacillus cereus	1396	AFS022438	Scaffold		2017-10-16	UNC Chapel Hill	PRJNA400804	SAMN07597529	AFS022438	Corn	core	USA: NC	2014-04-30	Microbe sample from Bacillus cereus		True	False	False	False	1	True	host	False	False	False	False	0		False	UNRESOLVED	Project-level metadata remains ambiguous: Host is predominantly Corn or Soybean, but isolation_source=core cannot currently be unambiguously interpreted as direct plant tissue. The same BioProject contains explicitly plant-associated root isolates as well as non-direct sources such as grainbin dust; therefore host alone is insufficient for inclusion.	unresolved_project
GCF_002560915.1	Bacillus cereus	1396	AFS019247	Scaffold		2017-10-16	UNC Chapel Hill	PRJNA400804	SAMN07597491	AFS019247	Corn	missing	USA: IA	2014-01-17	Microbe sample from Bacillus cereus		True	False	False	False	1	True	host	False	False	False	False	0		False	UNRESOLVED	Candidate metadata does not provide sufficiently explicit evidence to demonstrate direct plant association under the fixed inclusion criteria.	insufficient_metadata
GCF_002560955.1	Bacillus cereus	1396	AFS018489	Scaffold		2017-10-16	UNC Chapel Hill	PRJNA400804	SAMN07597484	AFS018489	Corn	core	USA: NC	2014-04-30	Microbe sample from Bacillus cereus		True	False	False	False	1	True	host	False	False	False	False	0		False	UNRESOLVED	Project-level metadata remains ambiguous: Host is predominantly Corn or Soybean, but isolation_source=core cannot currently be unambiguously interpreted as direct plant tissue. The same BioProject contains explicitly plant-associated root isolates as well as non-direct sources such as grainbin dust; therefore host alone is insufficient for inclusion.	unresolved_project
GCF_002561035.1	Bacillus cereus	1396	AFS018281	Scaffold		2017-10-16	UNC Chapel Hill	PRJNA400804	SAMN07597477	AFS018281	Corn	core	USA: NC	2014-04-30	Microbe sample from Bacillus cereus		True	False	False	False	1	True	host	False	False	False	False	0		False	UNRESOLVED	Project-level metadata remains ambiguous: Host is predominantly Corn or Soybean, but isolation_source=core cannot currently be unambiguously interpreted as direct plant tissue. The same BioProject contains explicitly plant-associated root isolates as well as non-direct sources such as grainbin dust; therefore host alone is insufficient for inclusion.	unresolved_project
GCF_002561115.1	Bacillus cereus	1396	AFS017947	Scaffold		2017-10-16	UNC Chapel Hill	PRJNA400804	SAMN07597472	AFS017947		plant core	USA: NC	2014-04-21	Microbe sample from Bacillus cereus		False	True	False	False	1	True	source	False	False	False	False	0		False	UNRESOLVED	Candidate metadata does not provide sufficiently explicit evidence to demonstrate direct plant association under the fixed inclusion criteria.	insufficient_metadata
GCF_002561135.1	Bacillus cereus	1396	AFS017700	Scaffold		2017-10-16	UNC Chapel Hill	PRJNA400804	SAMN07597470	AFS017700	Soybean	core	USA: IA	2014-05-08	Microbe sample from Bacillus cereus		True	False	False	False	1	True	host	False	False	False	False	0		False	UNRESOLVED	Project-level metadata remains ambiguous: Host is predominantly Corn or Soybean, but isolation_source=core cannot currently be unambiguously interpreted as direct plant tissue. The same BioProject contains explicitly plant-associated root isolates as well as non-direct sources such as grainbin dust; therefore host alone is insufficient for inclusion.	unresolved_project
GCF_002561205.1	Bacillus cereus	1396	AFS017211	Scaffold		2017-10-16	UNC Chapel Hill	PRJNA400804	SAMN07597461	AFS017211	Soybean	core	USA: IA	2014-05-08	Microbe sample from Bacillus cereus		True	False	False	False	1	True	host	False	False	False	False	0		False	UNRESOLVED	Project-level metadata remains ambiguous: Host is predominantly Corn or Soybean, but isolation_source=core cannot currently be unambiguously interpreted as direct plant tissue. The same BioProject contains explicitly plant-associated root isolates as well as non-direct sources such as grainbin dust; therefore host alone is insufficient for inclusion.	unresolved_project
GCF_002561255.1	Bacillus cereus	1396	AFS017068	Scaffold		2017-10-16	UNC Chapel Hill	PRJNA400804	SAMN07597457	AFS017068	Corn	core	USA: NC	2014-04-30	Microbe sample from Bacillus cereus		True	False	False	False	1	True	host	False	False	False	False	0		False	UNRESOLVED	Project-level metadata remains ambiguous: Host is predominantly Corn or Soybean, but isolation_source=core cannot currently be unambiguously interpreted as direct plant tissue. The same BioProject contains explicitly plant-associated root isolates as well as non-direct sources such as grainbin dust; therefore host alone is insufficient for inclusion.	unresolved_project
GCF_002561265.1	Bacillus cereus	1396	AFS016962	Scaffold		2017-10-16	UNC Chapel Hill	PRJNA400804	SAMN07597455	AFS016962		plant core	USA: NC	2014-04-24	Microbe sample from Bacillus cereus		False	True	False	False	1	True	source	False	False	False	False	0		False	UNRESOLVED	Candidate metadata does not provide sufficiently explicit evidence to demonstrate direct plant association under the fixed inclusion criteria.	insufficient_metadata
GCF_002561295.1	Bacillus cereus	1396	AFS016912	Scaffold		2017-10-16	UNC Chapel Hill	PRJNA400804	SAMN07597453	AFS016912		plant core	USA: NC	2014-05-06	Microbe sample from Bacillus cereus		False	True	False	False	1	True	source	False	False	False	False	0		False	UNRESOLVED	Candidate metadata does not provide sufficiently explicit evidence to demonstrate direct plant association under the fixed inclusion criteria.	insufficient_metadata
GCF_002561355.1	Bacillus cereus	1396	AFS016599	Scaffold		2017-10-16	UNC Chapel Hill	PRJNA400804	SAMN07597449	AFS016599	Corn	missing	USA: NC	2014-02-28	Microbe sample from Bacillus cereus		True	False	False	False	1	True	host	False	False	False	False	0		False	UNRESOLVED	Candidate metadata does not provide sufficiently explicit evidence to demonstrate direct plant association under the fixed inclusion criteria.	insufficient_metadata
GCF_002561385.1	Bacillus cereus	1396	AFS016365	Scaffold		2017-10-16	UNC Chapel Hill	PRJNA400804	SAMN07597446	AFS016365	Soybean	core	USA: IA	2014-05-27	Microbe sample from Bacillus cereus		True	False	False	False	1	True	host	False	False	False	False	0		False	UNRESOLVED	Project-level metadata remains ambiguous: Host is predominantly Corn or Soybean, but isolation_source=core cannot currently be unambiguously interpreted as direct plant tissue. The same BioProject contains explicitly plant-associated root isolates as well as non-direct sources such as grainbin dust; therefore host alone is insufficient for inclusion.	unresolved_project
GCF_002561535.1	Bacillus cereus	1396	AFS014847	Scaffold		2017-10-16	UNC Chapel Hill	PRJNA400804	SAMN07597431	AFS014847	Corn	missing	USA: IA	2014-01-17	Microbe sample from Bacillus cereus		True	False	False	False	1	True	host	False	False	False	False	0		False	UNRESOLVED	Candidate metadata does not provide sufficiently explicit evidence to demonstrate direct plant association under the fixed inclusion criteria.	insufficient_metadata
GCF_002561575.1	Bacillus cereus	1396	AFS014679	Scaffold		2017-10-16	UNC Chapel Hill	PRJNA400804	SAMN07597429	AFS014679		plant core	USA: NC	2014-05-06	Microbe sample from Bacillus cereus		False	True	False	False	1	True	source	False	False	False	False	0		False	UNRESOLVED	Candidate metadata does not provide sufficiently explicit evidence to demonstrate direct plant association under the fixed inclusion criteria.	insufficient_metadata
GCF_002561635.1	Bacillus cereus	1396	AFS014136	Scaffold		2017-10-16	UNC Chapel Hill	PRJNA400804	SAMN07597422	AFS014136	Corn	core	USA: NC	2014-04-30	Microbe sample from Bacillus cereus		True	False	False	False	1	True	host	False	False	False	False	0		False	UNRESOLVED	Project-level metadata remains ambiguous: Host is predominantly Corn or Soybean, but isolation_source=core cannot currently be unambiguously interpreted as direct plant tissue. The same BioProject contains explicitly plant-associated root isolates as well as non-direct sources such as grainbin dust; therefore host alone is insufficient for inclusion.	unresolved_project
GCF_002561655.1	Bacillus cereus	1396	AFS011531	Scaffold		2017-10-16	UNC Chapel Hill	PRJNA400804	SAMN07597393	AFS011531	Corn	plant	USA: NC	2014-02-28	Microbe sample from Bacillus cereus		True	True	False	False	2	True	host;source	False	False	False	False	0		False	UNRESOLVED	Candidate metadata does not provide sufficiently explicit evidence to demonstrate direct plant association under the fixed inclusion criteria.	insufficient_metadata
GCF_002561715.1	Bacillus cereus	1396	AFS011058	Scaffold		2017-10-16	UNC Chapel Hill	PRJNA400804	SAMN07597387	AFS011058	Corn	plant	USA: NC	2014-02-28	Microbe sample from Bacillus cereus		True	True	False	False	2	True	host;source	False	False	False	False	0		False	UNRESOLVED	Candidate metadata does not provide sufficiently explicit evidence to demonstrate direct plant association under the fixed inclusion criteria.	insufficient_metadata
GCF_002561745.1	Bacillus cereus	1396	AFS019647	Scaffold		2017-10-16	UNC Chapel Hill	PRJNA400804	SAMN07597496	AFS019647	Corn	core	USA: NC	2014-04-30	Microbe sample from Bacillus cereus		True	False	False	False	1	True	host	False	False	False	False	0		False	UNRESOLVED	Project-level metadata remains ambiguous: Host is predominantly Corn or Soybean, but isolation_source=core cannot currently be unambiguously interpreted as direct plant tissue. The same BioProject contains explicitly plant-associated root isolates as well as non-direct sources such as grainbin dust; therefore host alone is insufficient for inclusion.	unresolved_project
GCF_002561805.1	Bacillus cereus	1396	AFS018668	Scaffold		2017-10-16	UNC Chapel Hill	PRJNA400804	SAMN07597487	AFS018668	Corn	core	USA: NC	2014-05-06	Microbe sample from Bacillus cereus		True	False	False	False	1	True	host	False	False	False	False	0		False	UNRESOLVED	Project-level metadata remains ambiguous: Host is predominantly Corn or Soybean, but isolation_source=core cannot currently be unambiguously interpreted as direct plant tissue. The same BioProject contains explicitly plant-associated root isolates as well as non-direct sources such as grainbin dust; therefore host alone is insufficient for inclusion.	unresolved_project
GCF_002561885.1	Bacillus cereus	1396	AFS017032	Scaffold		2017-10-16	UNC Chapel Hill	PRJNA400804	SAMN07597456	AFS017032	Corn	core	USA: NC	2014-04-30	Microbe sample from Bacillus cereus		True	False	False	False	1	True	host	False	False	False	False	0		False	UNRESOLVED	Project-level metadata remains ambiguous: Host is predominantly Corn or Soybean, but isolation_source=core cannot currently be unambiguously interpreted as direct plant tissue. The same BioProject contains explicitly plant-associated root isolates as well as non-direct sources such as grainbin dust; therefore host alone is insufficient for inclusion.	unresolved_project
GCF_002561925.1	Bacillus cereus	1396	AFS015939	Scaffold		2017-10-16	UNC Chapel Hill	PRJNA400804	SAMN07597444	AFS015939	Corn	core	USA: NC	2014-04-30	Microbe sample from Bacillus cereus		True	False	False	False	1	True	host	False	False	False	False	0		False	UNRESOLVED	Project-level metadata remains ambiguous: Host is predominantly Corn or Soybean, but isolation_source=core cannot currently be unambiguously interpreted as direct plant tissue. The same BioProject contains explicitly plant-associated root isolates as well as non-direct sources such as grainbin dust; therefore host alone is insufficient for inclusion.	unresolved_project
GCF_002561965.1	Bacillus cereus	1396	AFS015304	Scaffold		2017-10-16	UNC Chapel Hill	PRJNA400804	SAMN07597438	AFS015304		plant core	USA: NC	2014-04-21	Microbe sample from Bacillus cereus		False	True	False	False	1	True	source	False	False	False	False	0		False	UNRESOLVED	Candidate metadata does not provide sufficiently explicit evidence to demonstrate direct plant association under the fixed inclusion criteria.	insufficient_metadata
GCF_002561985.1	Bacillus cereus	1396	AFS015120	Scaffold		2017-10-16	UNC Chapel Hill	PRJNA400804	SAMN07597434	AFS015120	Corn	core	USA: IL	2014-05-27	Microbe sample from Bacillus cereus		True	False	False	False	1	True	host	False	False	False	False	0		False	UNRESOLVED	Project-level metadata remains ambiguous: Host is predominantly Corn or Soybean, but isolation_source=core cannot currently be unambiguously interpreted as direct plant tissue. The same BioProject contains explicitly plant-associated root isolates as well as non-direct sources such as grainbin dust; therefore host alone is insufficient for inclusion.	unresolved_project
GCF_002562015.1	Bacillus cereus	1396	AFS014598	Scaffold		2017-10-16	UNC Chapel Hill	PRJNA400804	SAMN07597427	AFS014598	Corn	core	USA: NC	2014-04-30	Microbe sample from Bacillus cereus		True	False	False	False	1	True	host	False	False	False	False	0		False	UNRESOLVED	Project-level metadata remains ambiguous: Host is predominantly Corn or Soybean, but isolation_source=core cannot currently be unambiguously interpreted as direct plant tissue. The same BioProject contains explicitly plant-associated root isolates as well as non-direct sources such as grainbin dust; therefore host alone is insufficient for inclusion.	unresolved_project
GCF_002562085.1	Bacillus cereus	1396	AFS011202	Scaffold		2017-10-16	UNC Chapel Hill	PRJNA400804	SAMN07597391	AFS011202	Soybean	core	USA: IA	2014-05-08	Microbe sample from Bacillus cereus		True	False	False	False	1	True	host	False	False	False	False	0		False	UNRESOLVED	Project-level metadata remains ambiguous: Host is predominantly Corn or Soybean, but isolation_source=core cannot currently be unambiguously interpreted as direct plant tissue. The same BioProject contains explicitly plant-associated root isolates as well as non-direct sources such as grainbin dust; therefore host alone is insufficient for inclusion.	unresolved_project
GCF_002562165.1	Bacillus cereus	1396	AFS010272	Scaffold		2017-10-16	UNC Chapel Hill	PRJNA400804	SAMN07597379	AFS010272	Corn	core	USA: IL	2014-05-27	Microbe sample from Bacillus cereus		True	False	False	False	1	True	host	False	False	False	False	0		False	UNRESOLVED	Project-level metadata remains ambiguous: Host is predominantly Corn or Soybean, but isolation_source=core cannot currently be unambiguously interpreted as direct plant tissue. The same BioProject contains explicitly plant-associated root isolates as well as non-direct sources such as grainbin dust; therefore host alone is insufficient for inclusion.	unresolved_project
GCF_002562215.1	Bacillus cereus	1396	AFS009840	Scaffold		2017-10-16	UNC Chapel Hill	PRJNA400804	SAMN07597374	AFS009840		plant core	USA: NC	2014-04-30	Microbe sample from Bacillus cereus		False	True	False	False	1	True	source	False	False	False	False	0		False	UNRESOLVED	Candidate metadata does not provide sufficiently explicit evidence to demonstrate direct plant association under the fixed inclusion criteria.	insufficient_metadata
GCF_002562335.1	Bacillus cereus	1396	AFS009443	Scaffold		2017-10-16	UNC Chapel Hill	PRJNA400804	SAMN07597366	AFS009443	Corn	core	USA: IL	2014-05-22	Microbe sample from Bacillus cereus		True	False	False	False	1	True	host	False	False	False	False	0		False	UNRESOLVED	Project-level metadata remains ambiguous: Host is predominantly Corn or Soybean, but isolation_source=core cannot currently be unambiguously interpreted as direct plant tissue. The same BioProject contains explicitly plant-associated root isolates as well as non-direct sources such as grainbin dust; therefore host alone is insufficient for inclusion.	unresolved_project
GCF_002562365.1	Bacillus cereus	1396	AFS009283	Scaffold		2017-10-16	UNC Chapel Hill	PRJNA400804	SAMN07597361	AFS009283	Corn	core	USA: NC	2014-04-21	Microbe sample from Bacillus cereus		True	False	False	False	1	True	host	False	False	False	False	0		False	UNRESOLVED	Project-level metadata remains ambiguous: Host is predominantly Corn or Soybean, but isolation_source=core cannot currently be unambiguously interpreted as direct plant tissue. The same BioProject contains explicitly plant-associated root isolates as well as non-direct sources such as grainbin dust; therefore host alone is insufficient for inclusion.	unresolved_project
GCF_002562495.1	Bacillus cereus	1396	AFS009093	Scaffold		2017-10-16	UNC Chapel Hill	PRJNA400804	SAMN07597354	AFS009093	Corn	core	USA: NC	2014-04-30	Microbe sample from Bacillus cereus		True	False	False	False	1	True	host	False	False	False	False	0		False	UNRESOLVED	Project-level metadata remains ambiguous: Host is predominantly Corn or Soybean, but isolation_source=core cannot currently be unambiguously interpreted as direct plant tissue. The same BioProject contains explicitly plant-associated root isolates as well as non-direct sources such as grainbin dust; therefore host alone is insufficient for inclusion.	unresolved_project
GCF_002562505.1	Bacillus cereus	1396	AFS009035	Scaffold		2017-10-16	UNC Chapel Hill	PRJNA400804	SAMN07597353	AFS009035	Soybean	core	USA: IA	2014-05-08	Microbe sample from Bacillus cereus		True	False	False	False	1	True	host	False	False	False	False	0		False	UNRESOLVED	Project-level metadata remains ambiguous: Host is predominantly Corn or Soybean, but isolation_source=core cannot currently be unambiguously interpreted as direct plant tissue. The same BioProject contains explicitly plant-associated root isolates as well as non-direct sources such as grainbin dust; therefore host alone is insufficient for inclusion.	unresolved_project
GCF_002562555.1	Bacillus cereus	1396	AFS008436	Scaffold		2017-10-16	UNC Chapel Hill	PRJNA400804	SAMN07597348	AFS008436	Corn	core	USA: NC	2014-04-30	Microbe sample from Bacillus cereus		True	False	False	False	1	True	host	False	False	False	False	0		False	UNRESOLVED	Project-level metadata remains ambiguous: Host is predominantly Corn or Soybean, but isolation_source=core cannot currently be unambiguously interpreted as direct plant tissue. The same BioProject contains explicitly plant-associated root isolates as well as non-direct sources such as grainbin dust; therefore host alone is insufficient for inclusion.	unresolved_project
GCF_002562585.1	Bacillus cereus	1396	AFS008423	Scaffold		2017-10-16	UNC Chapel Hill	PRJNA400804	SAMN07597347	AFS008423	Soybean	core	USA: IA	2014-05-08	Microbe sample from Bacillus cereus		True	False	False	False	1	True	host	False	False	False	False	0		False	UNRESOLVED	Project-level metadata remains ambiguous: Host is predominantly Corn or Soybean, but isolation_source=core cannot currently be unambiguously interpreted as direct plant tissue. The same BioProject contains explicitly plant-associated root isolates as well as non-direct sources such as grainbin dust; therefore host alone is insufficient for inclusion.	unresolved_project
GCF_002562595.1	Bacillus cereus	1396	AFS008265	Scaffold		2017-10-16	UNC Chapel Hill	PRJNA400804	SAMN07597344	AFS008265	Corn	missing	USA: IA	2014-01-17	Microbe sample from Bacillus cereus		True	False	False	False	1	True	host	False	False	False	False	0		False	UNRESOLVED	Candidate metadata does not provide sufficiently explicit evidence to demonstrate direct plant association under the fixed inclusion criteria.	insufficient_metadata
GCF_002562625.1	Bacillus cereus	1396	AFS008260	Scaffold		2017-10-16	UNC Chapel Hill	PRJNA400804	SAMN07597343	AFS008260	Corn	core	USA: IL	2014-05-27	Microbe sample from Bacillus cereus		True	False	False	False	1	True	host	False	False	False	False	0		False	UNRESOLVED	Project-level metadata remains ambiguous: Host is predominantly Corn or Soybean, but isolation_source=core cannot currently be unambiguously interpreted as direct plant tissue. The same BioProject contains explicitly plant-associated root isolates as well as non-direct sources such as grainbin dust; therefore host alone is insufficient for inclusion.	unresolved_project
GCF_002562695.1	Bacillus cereus	1396	AFS007868	Scaffold		2017-10-16	UNC Chapel Hill	PRJNA400804	SAMN07597339	AFS007868	Soybean	core	USA: IA	2014-05-08	Microbe sample from Bacillus cereus		True	False	False	False	1	True	host	False	False	False	False	0		False	UNRESOLVED	Project-level metadata remains ambiguous: Host is predominantly Corn or Soybean, but isolation_source=core cannot currently be unambiguously interpreted as direct plant tissue. The same BioProject contains explicitly plant-associated root isolates as well as non-direct sources such as grainbin dust; therefore host alone is insufficient for inclusion.	unresolved_project
GCF_002562715.1	Bacillus cereus	1396	AFS007793	Scaffold		2017-10-16	UNC Chapel Hill	PRJNA400804	SAMN07597338	AFS007793	Soybean	core	USA: IA	2014-05-22	Microbe sample from Bacillus cereus		True	False	False	False	1	True	host	False	False	False	False	0		False	UNRESOLVED	Project-level metadata remains ambiguous: Host is predominantly Corn or Soybean, but isolation_source=core cannot currently be unambiguously interpreted as direct plant tissue. The same BioProject contains explicitly plant-associated root isolates as well as non-direct sources such as grainbin dust; therefore host alone is insufficient for inclusion.	unresolved_project
GCF_002562725.1	Bacillus cereus	1396	AFS007743	Scaffold		2017-10-16	UNC Chapel Hill	PRJNA400804	SAMN07597337	AFS007743	Corn	core	USA: NC	2014-04-30	Microbe sample from Bacillus cereus		True	False	False	False	1	True	host	False	False	False	False	0		False	UNRESOLVED	Project-level metadata remains ambiguous: Host is predominantly Corn or Soybean, but isolation_source=core cannot currently be unambiguously interpreted as direct plant tissue. The same BioProject contains explicitly plant-associated root isolates as well as non-direct sources such as grainbin dust; therefore host alone is insufficient for inclusion.	unresolved_project
GCF_002562925.1	Bacillus cereus	1396	AFS029513	Scaffold		2017-10-16	UNC Chapel Hill	PRJNA400804	SAMN07597633	AFS029513	Soybean	core	USA: IA	2014-05-08	Microbe sample from Bacillus cereus		True	False	False	False	1	True	host	False	False	False	False	0		False	UNRESOLVED	Project-level metadata remains ambiguous: Host is predominantly Corn or Soybean, but isolation_source=core cannot currently be unambiguously interpreted as direct plant tissue. The same BioProject contains explicitly plant-associated root isolates as well as non-direct sources such as grainbin dust; therefore host alone is insufficient for inclusion.	unresolved_project
GCF_002562955.1	Bacillus cereus	1396	AFS029029	Scaffold		2017-10-16	UNC Chapel Hill	PRJNA400804	SAMN07597628	AFS029029	Corn	missing	USA: NC	2014-03-19	Microbe sample from Bacillus cereus		True	False	False	False	1	True	host	False	False	False	False	0		False	UNRESOLVED	Candidate metadata does not provide sufficiently explicit evidence to demonstrate direct plant association under the fixed inclusion criteria.	insufficient_metadata
GCF_002563025.1	Bacillus cereus	1396	AFS022169	Scaffold		2017-10-16	UNC Chapel Hill	PRJNA400804	SAMN07597523	AFS022169	Corn	core	USA: NC	2014-04-30	Microbe sample from Bacillus cereus		True	False	False	False	1	True	host	False	False	False	False	0		False	UNRESOLVED	Project-level metadata remains ambiguous: Host is predominantly Corn or Soybean, but isolation_source=core cannot currently be unambiguously interpreted as direct plant tissue. The same BioProject contains explicitly plant-associated root isolates as well as non-direct sources such as grainbin dust; therefore host alone is insufficient for inclusion.	unresolved_project
GCF_002563075.1	Bacillus cereus	1396	AFS021466	Scaffold		2017-10-16	UNC Chapel Hill	PRJNA400804	SAMN07597513	AFS021466	Soybean	core	USA: IA	2014-05-08	Microbe sample from Bacillus cereus		True	False	False	False	1	True	host	False	False	False	False	0		False	UNRESOLVED	Project-level metadata remains ambiguous: Host is predominantly Corn or Soybean, but isolation_source=core cannot currently be unambiguously interpreted as direct plant tissue. The same BioProject contains explicitly plant-associated root isolates as well as non-direct sources such as grainbin dust; therefore host alone is insufficient for inclusion.	unresolved_project
GCF_002563125.1	Bacillus cereus	1396	AFS020704	Scaffold		2017-10-16	UNC Chapel Hill	PRJNA400804	SAMN07597508	AFS020704	Corn	core	USA: NC	2014-04-30	Microbe sample from Bacillus cereus		True	False	False	False	1	True	host	False	False	False	False	0		False	UNRESOLVED	Project-level metadata remains ambiguous: Host is predominantly Corn or Soybean, but isolation_source=core cannot currently be unambiguously interpreted as direct plant tissue. The same BioProject contains explicitly plant-associated root isolates as well as non-direct sources such as grainbin dust; therefore host alone is insufficient for inclusion.	unresolved_project
GCF_002563225.1	Bacillus cereus	1396	AFS020204	Scaffold		2017-10-16	UNC Chapel Hill	PRJNA400804	SAMN07597501	AFS020204	Soybean	core	USA: IA	2014-05-08	Microbe sample from Bacillus cereus		True	False	False	False	1	True	host	False	False	False	False	0		False	UNRESOLVED	Project-level metadata remains ambiguous: Host is predominantly Corn or Soybean, but isolation_source=core cannot currently be unambiguously interpreted as direct plant tissue. The same BioProject contains explicitly plant-associated root isolates as well as non-direct sources such as grainbin dust; therefore host alone is insufficient for inclusion.	unresolved_project
GCF_002564375.1	Bacillus cereus	1396	AFS087824	Scaffold		2017-10-17	UNC Chapel Hill	PRJNA400804	SAMN07598564	AFS087824	Soybean	core	USA: IA	2014-05-08	Microbe sample from Bacillus cereus		True	False	False	False	1	True	host	False	False	False	False	0		False	UNRESOLVED	Project-level metadata remains ambiguous: Host is predominantly Corn or Soybean, but isolation_source=core cannot currently be unambiguously interpreted as direct plant tissue. The same BioProject contains explicitly plant-associated root isolates as well as non-direct sources such as grainbin dust; therefore host alone is insufficient for inclusion.	unresolved_project
GCF_002564425.1	Bacillus cereus	1396	AFS088052	Scaffold		2017-10-17	UNC Chapel Hill	PRJNA400804	SAMN07598567	AFS088052	Corn	core	USA: IL	2014-05-22	Microbe sample from Bacillus cereus		True	False	False	False	1	True	host	False	False	False	False	0		False	UNRESOLVED	Project-level metadata remains ambiguous: Host is predominantly Corn or Soybean, but isolation_source=core cannot currently be unambiguously interpreted as direct plant tissue. The same BioProject contains explicitly plant-associated root isolates as well as non-direct sources such as grainbin dust; therefore host alone is insufficient for inclusion.	unresolved_project
GCF_002564585.1	Bacillus cereus	1396	AFS087654	Scaffold		2017-10-17	UNC Chapel Hill	PRJNA400804	SAMN07598562	AFS087654	Corn	core	USA: NC	2014-04-30	Microbe sample from Bacillus cereus		True	False	False	False	1	True	host	False	False	False	False	0		False	UNRESOLVED	Project-level metadata remains ambiguous: Host is predominantly Corn or Soybean, but isolation_source=core cannot currently be unambiguously interpreted as direct plant tissue. The same BioProject contains explicitly plant-associated root isolates as well as non-direct sources such as grainbin dust; therefore host alone is insufficient for inclusion.	unresolved_project
GCF_002564745.1	Bacillus cereus	1396	AFS082524	Scaffold		2017-10-17	UNC Chapel Hill	PRJNA400804	SAMN07598500	AFS082524	Soybean	core	USA: IA	2014-05-08	Microbe sample from Bacillus cereus		True	False	False	False	1	True	host	False	False	False	False	0		False	UNRESOLVED	Project-level metadata remains ambiguous: Host is predominantly Corn or Soybean, but isolation_source=core cannot currently be unambiguously interpreted as direct plant tissue. The same BioProject contains explicitly plant-associated root isolates as well as non-direct sources such as grainbin dust; therefore host alone is insufficient for inclusion.	unresolved_project
GCF_002564775.1	Bacillus cereus	1396	AFS082261	Scaffold		2017-10-17	UNC Chapel Hill	PRJNA400804	SAMN07598497	AFS082261	Corn	core	USA: NC	2014-05-06	Microbe sample from Bacillus cereus		True	False	False	False	1	True	host	False	False	False	False	0		False	UNRESOLVED	Project-level metadata remains ambiguous: Host is predominantly Corn or Soybean, but isolation_source=core cannot currently be unambiguously interpreted as direct plant tissue. The same BioProject contains explicitly plant-associated root isolates as well as non-direct sources such as grainbin dust; therefore host alone is insufficient for inclusion.	unresolved_project
GCF_002564805.1	Bacillus cereus	1396	AFS081512	Scaffold		2017-10-17	UNC Chapel Hill	PRJNA400804	SAMN07598492	AFS081512	Soybean	core	USA: IA	2014-05-08	Microbe sample from Bacillus cereus		True	False	False	False	1	True	host	False	False	False	False	0		False	UNRESOLVED	Project-level metadata remains ambiguous: Host is predominantly Corn or Soybean, but isolation_source=core cannot currently be unambiguously interpreted as direct plant tissue. The same BioProject contains explicitly plant-associated root isolates as well as non-direct sources such as grainbin dust; therefore host alone is insufficient for inclusion.	unresolved_project
GCF_002564815.1	Bacillus cereus	1396	AFS081508	Scaffold		2017-10-17	UNC Chapel Hill	PRJNA400804	SAMN07598491	AFS081508		plant core	USA: NC	2014-04-21	Microbe sample from Bacillus cereus		False	True	False	False	1	True	source	False	False	False	False	0		False	UNRESOLVED	Candidate metadata does not provide sufficiently explicit evidence to demonstrate direct plant association under the fixed inclusion criteria.	insufficient_metadata
GCF_002564865.1	Bacillus cereus	1396	AFS080756	Scaffold		2017-10-17	UNC Chapel Hill	PRJNA400804	SAMN07598476	AFS080756	Soybean	core	USA: IA	2014-05-08	Microbe sample from Bacillus cereus		True	False	False	False	1	True	host	False	False	False	False	0		False	UNRESOLVED	Project-level metadata remains ambiguous: Host is predominantly Corn or Soybean, but isolation_source=core cannot currently be unambiguously interpreted as direct plant tissue. The same BioProject contains explicitly plant-associated root isolates as well as non-direct sources such as grainbin dust; therefore host alone is insufficient for inclusion.	unresolved_project
GCF_002565005.1	Bacillus cereus	1396	AFS078211	Scaffold		2017-10-17	UNC Chapel Hill	PRJNA400804	SAMN07598445	AFS078211	Corn	core	USA: NC	2014-04-21	Microbe sample from Bacillus cereus		True	False	False	False	1	True	host	False	False	False	False	0		False	UNRESOLVED	Project-level metadata remains ambiguous: Host is predominantly Corn or Soybean, but isolation_source=core cannot currently be unambiguously interpreted as direct plant tissue. The same BioProject contains explicitly plant-associated root isolates as well as non-direct sources such as grainbin dust; therefore host alone is insufficient for inclusion.	unresolved_project
GCF_002565115.1	Bacillus cereus	1396	AFS076729	Scaffold		2017-10-17	UNC Chapel Hill	PRJNA400804	SAMN07598423	AFS076729	Corn	core	USA: NC	2014-05-06	Microbe sample from Bacillus cereus		True	False	False	False	1	True	host	False	False	False	False	0		False	UNRESOLVED	Project-level metadata remains ambiguous: Host is predominantly Corn or Soybean, but isolation_source=core cannot currently be unambiguously interpreted as direct plant tissue. The same BioProject contains explicitly plant-associated root isolates as well as non-direct sources such as grainbin dust; therefore host alone is insufficient for inclusion.	unresolved_project
GCF_002565175.1	Bacillus cereus	1396	AFS075467	Scaffold		2017-10-17	UNC Chapel Hill	PRJNA400804	SAMN07598406	AFS075467	Corn	core	USA: NC	2014-04-30	Microbe sample from Bacillus cereus		True	False	False	False	1	True	host	False	False	False	False	0		False	UNRESOLVED	Project-level metadata remains ambiguous: Host is predominantly Corn or Soybean, but isolation_source=core cannot currently be unambiguously interpreted as direct plant tissue. The same BioProject contains explicitly plant-associated root isolates as well as non-direct sources such as grainbin dust; therefore host alone is insufficient for inclusion.	unresolved_project
GCF_002565225.1	Bacillus cereus	1396	AFS087793	Scaffold		2017-10-17	UNC Chapel Hill	PRJNA400804	SAMN07598563	AFS087793	Weed	plant	USA: NC	2014-01-14	Microbe sample from Bacillus cereus		False	True	False	False	1	True	source	False	False	False	False	0		False	UNRESOLVED	Candidate metadata does not provide sufficiently explicit evidence to demonstrate direct plant association under the fixed inclusion criteria.	insufficient_metadata
GCF_002565245.1	Bacillus cereus	1396	AFS086321	Scaffold		2017-10-17	UNC Chapel Hill	PRJNA400804	SAMN07598547	AFS086321		plant core	USA: NC	2014-04-30	Microbe sample from Bacillus cereus		False	True	False	False	1	True	source	False	False	False	False	0		False	UNRESOLVED	Candidate metadata does not provide sufficiently explicit evidence to demonstrate direct plant association under the fixed inclusion criteria.	insufficient_metadata
GCF_002565305.1	Bacillus cereus	1396	AFS085674	Scaffold		2017-10-17	UNC Chapel Hill	PRJNA400804	SAMN07598538	AFS085674	Corn	core	USA: NC	2014-04-21	Microbe sample from Bacillus cereus		True	False	False	False	1	True	host	False	False	False	False	0		False	UNRESOLVED	Project-level metadata remains ambiguous: Host is predominantly Corn or Soybean, but isolation_source=core cannot currently be unambiguously interpreted as direct plant tissue. The same BioProject contains explicitly plant-associated root isolates as well as non-direct sources such as grainbin dust; therefore host alone is insufficient for inclusion.	unresolved_project
GCF_002565465.1	Bacillus cereus	1396	AFS082943	Scaffold		2017-10-17	UNC Chapel Hill	PRJNA400804	SAMN07598506	AFS082943	Corn	core	USA: NC	2014-05-06	Microbe sample from Bacillus cereus		True	False	False	False	1	True	host	False	False	False	False	0		False	UNRESOLVED	Project-level metadata remains ambiguous: Host is predominantly Corn or Soybean, but isolation_source=core cannot currently be unambiguously interpreted as direct plant tissue. The same BioProject contains explicitly plant-associated root isolates as well as non-direct sources such as grainbin dust; therefore host alone is insufficient for inclusion.	unresolved_project
GCF_002565525.1	Bacillus cereus	1396	AFS082409	Scaffold		2017-10-17	UNC Chapel Hill	PRJNA400804	SAMN07598498	AFS082409		plant core	USA: NC	2014-04-30	Microbe sample from Bacillus cereus		False	True	False	False	1	True	source	False	False	False	False	0		False	UNRESOLVED	Candidate metadata does not provide sufficiently explicit evidence to demonstrate direct plant association under the fixed inclusion criteria.	insufficient_metadata
GCF_002565565.1	Bacillus cereus	1396	AFS081469	Scaffold		2017-10-17	UNC Chapel Hill	PRJNA400804	SAMN07598488	AFS081469	Corn	core	USA: IL	2014-05-27	Microbe sample from Bacillus cereus		True	False	False	False	1	True	host	False	False	False	False	0		False	UNRESOLVED	Project-level metadata remains ambiguous: Host is predominantly Corn or Soybean, but isolation_source=core cannot currently be unambiguously interpreted as direct plant tissue. The same BioProject contains explicitly plant-associated root isolates as well as non-direct sources such as grainbin dust; therefore host alone is insufficient for inclusion.	unresolved_project
GCF_002565575.1	Bacillus cereus	1396	AFS081367	Scaffold		2017-10-17	UNC Chapel Hill	PRJNA400804	SAMN07598485	AFS081367		plant core	USA: NC	2014-05-06	Microbe sample from Bacillus cereus		False	True	False	False	1	True	source	False	False	False	False	0		False	UNRESOLVED	Candidate metadata does not provide sufficiently explicit evidence to demonstrate direct plant association under the fixed inclusion criteria.	insufficient_metadata
GCF_002565605.1	Bacillus cereus	1396	AFS080704	Scaffold		2017-10-17	UNC Chapel Hill	PRJNA400804	SAMN07598475	AFS080704		plant core	USA: NC	2014-05-06	Microbe sample from Bacillus cereus		False	True	False	False	1	True	source	False	False	False	False	0		False	UNRESOLVED	Candidate metadata does not provide sufficiently explicit evidence to demonstrate direct plant association under the fixed inclusion criteria.	insufficient_metadata
GCF_002565615.1	Bacillus cereus	1396	AFS080604	Scaffold		2017-10-17	UNC Chapel Hill	PRJNA400804	SAMN07598472	AFS080604	Corn	core	USA: NC	2014-04-30	Microbe sample from Bacillus cereus		True	False	False	False	1	True	host	False	False	False	False	0		False	UNRESOLVED	Project-level metadata remains ambiguous: Host is predominantly Corn or Soybean, but isolation_source=core cannot currently be unambiguously interpreted as direct plant tissue. The same BioProject contains explicitly plant-associated root isolates as well as non-direct sources such as grainbin dust; therefore host alone is insufficient for inclusion.	unresolved_project
GCF_002565645.1	Bacillus cereus	1396	AFS080536	Scaffold		2017-10-17	UNC Chapel Hill	PRJNA400804	SAMN07598471	AFS080536	Corn	core	USA: NC	2014-04-30	Microbe sample from Bacillus cereus		True	False	False	False	1	True	host	False	False	False	False	0		False	UNRESOLVED	Project-level metadata remains ambiguous: Host is predominantly Corn or Soybean, but isolation_source=core cannot currently be unambiguously interpreted as direct plant tissue. The same BioProject contains explicitly plant-associated root isolates as well as non-direct sources such as grainbin dust; therefore host alone is insufficient for inclusion.	unresolved_project
GCF_002565655.1	Bacillus cereus	1396	AFS080281	Scaffold		2017-10-17	UNC Chapel Hill	PRJNA400804	SAMN07598469	AFS080281	Corn	core	USA: NC	2014-05-06	Microbe sample from Bacillus cereus		True	False	False	False	1	True	host	False	False	False	False	0		False	UNRESOLVED	Project-level metadata remains ambiguous: Host is predominantly Corn or Soybean, but isolation_source=core cannot currently be unambiguously interpreted as direct plant tissue. The same BioProject contains explicitly plant-associated root isolates as well as non-direct sources such as grainbin dust; therefore host alone is insufficient for inclusion.	unresolved_project
GCF_002565695.1	Bacillus cereus	1396	AFS079368	Scaffold		2017-10-17	UNC Chapel Hill	PRJNA400804	SAMN07598455	AFS079368		plant core	USA: NC	2014-04-21	Microbe sample from Bacillus cereus		False	True	False	False	1	True	source	False	False	False	False	0		False	UNRESOLVED	Candidate metadata does not provide sufficiently explicit evidence to demonstrate direct plant association under the fixed inclusion criteria.	insufficient_metadata
GCF_002565735.1	Bacillus cereus	1396	AFS079244	Scaffold		2017-10-17	UNC Chapel Hill	PRJNA400804	SAMN07598451	AFS079244	Corn	core	USA: NC	2014-04-30	Microbe sample from Bacillus cereus		True	False	False	False	1	True	host	False	False	False	False	0		False	UNRESOLVED	Project-level metadata remains ambiguous: Host is predominantly Corn or Soybean, but isolation_source=core cannot currently be unambiguously interpreted as direct plant tissue. The same BioProject contains explicitly plant-associated root isolates as well as non-direct sources such as grainbin dust; therefore host alone is insufficient for inclusion.	unresolved_project
GCF_002565775.1	Bacillus cereus	1396	AFS077416	Scaffold		2017-10-17	UNC Chapel Hill	PRJNA400804	SAMN07598433	AFS077416	Weed	plant	USA: NC	2014-04-17	Microbe sample from Bacillus cereus		False	True	False	False	1	True	source	False	False	False	False	0		False	UNRESOLVED	Candidate metadata does not provide sufficiently explicit evidence to demonstrate direct plant association under the fixed inclusion criteria.	insufficient_metadata
GCF_002566005.1	Bacillus cereus	1396	AFS086892	Scaffold		2017-10-17	UNC Chapel Hill	PRJNA400804	SAMN07598555	AFS086892	Soybean	core	USA: IA	2014-05-08	Microbe sample from Bacillus cereus		True	False	False	False	1	True	host	False	False	False	False	0		False	UNRESOLVED	Project-level metadata remains ambiguous: Host is predominantly Corn or Soybean, but isolation_source=core cannot currently be unambiguously interpreted as direct plant tissue. The same BioProject contains explicitly plant-associated root isolates as well as non-direct sources such as grainbin dust; therefore host alone is insufficient for inclusion.	unresolved_project
GCF_002566045.1	Bacillus cereus	1396	AFS086528	Scaffold		2017-10-17	UNC Chapel Hill	PRJNA400804	SAMN07598550	AFS086528		plant core	USA: NC	2014-05-06	Microbe sample from Bacillus cereus		False	True	False	False	1	True	source	False	False	False	False	0		False	UNRESOLVED	Candidate metadata does not provide sufficiently explicit evidence to demonstrate direct plant association under the fixed inclusion criteria.	insufficient_metadata
GCF_002566185.1	Bacillus cereus	1396	AFS084355	Scaffold		2017-10-17	UNC Chapel Hill	PRJNA400804	SAMN07598523	AFS084355	Corn	core	USA: NC	2014-04-30	Microbe sample from Bacillus cereus		True	False	False	False	1	True	host	False	False	False	False	0		False	UNRESOLVED	Project-level metadata remains ambiguous: Host is predominantly Corn or Soybean, but isolation_source=core cannot currently be unambiguously interpreted as direct plant tissue. The same BioProject contains explicitly plant-associated root isolates as well as non-direct sources such as grainbin dust; therefore host alone is insufficient for inclusion.	unresolved_project
GCF_002566205.1	Bacillus cereus	1396	AFS084233	Scaffold		2017-10-17	UNC Chapel Hill	PRJNA400804	SAMN07598521	AFS084233	Corn	core	USA: NC	2014-04-30	Microbe sample from Bacillus cereus		True	False	False	False	1	True	host	False	False	False	False	0		False	UNRESOLVED	Project-level metadata remains ambiguous: Host is predominantly Corn or Soybean, but isolation_source=core cannot currently be unambiguously interpreted as direct plant tissue. The same BioProject contains explicitly plant-associated root isolates as well as non-direct sources such as grainbin dust; therefore host alone is insufficient for inclusion.	unresolved_project
GCF_002566225.1	Bacillus cereus	1396	AFS083123	Scaffold		2017-10-17	UNC Chapel Hill	PRJNA400804	SAMN07598509	AFS083123		plant core	USA: NC	2014-05-06	Microbe sample from Bacillus cereus		False	True	False	False	1	True	source	False	False	False	False	0		False	UNRESOLVED	Candidate metadata does not provide sufficiently explicit evidence to demonstrate direct plant association under the fixed inclusion criteria.	insufficient_metadata
GCF_002566255.1	Bacillus cereus	1396	AFS083030	Scaffold		2017-10-17	UNC Chapel Hill	PRJNA400804	SAMN07598507	AFS083030	Corn	core	USA: IL	2014-05-22	Microbe sample from Bacillus cereus		True	False	False	False	1	True	host	False	False	False	False	0		False	UNRESOLVED	Project-level metadata remains ambiguous: Host is predominantly Corn or Soybean, but isolation_source=core cannot currently be unambiguously interpreted as direct plant tissue. The same BioProject contains explicitly plant-associated root isolates as well as non-direct sources such as grainbin dust; therefore host alone is insufficient for inclusion.	unresolved_project
GCF_002566365.1	Bacillus cereus	1396	AFS081482	Scaffold		2017-10-17	UNC Chapel Hill	PRJNA400804	SAMN07598490	AFS081482	Soybean	core	USA: IA	2014-05-08	Microbe sample from Bacillus cereus		True	False	False	False	1	True	host	False	False	False	False	0		False	UNRESOLVED	Project-level metadata remains ambiguous: Host is predominantly Corn or Soybean, but isolation_source=core cannot currently be unambiguously interpreted as direct plant tissue. The same BioProject contains explicitly plant-associated root isolates as well as non-direct sources such as grainbin dust; therefore host alone is insufficient for inclusion.	unresolved_project
GCF_002566455.1	Bacillus cereus	1396	AFS080164	Scaffold		2017-10-17	UNC Chapel Hill	PRJNA400804	SAMN07598467	AFS080164	Corn	core	USA: NC	2014-04-21	Microbe sample from Bacillus cereus		True	False	False	False	1	True	host	False	False	False	False	0		False	UNRESOLVED	Project-level metadata remains ambiguous: Host is predominantly Corn or Soybean, but isolation_source=core cannot currently be unambiguously interpreted as direct plant tissue. The same BioProject contains explicitly plant-associated root isolates as well as non-direct sources such as grainbin dust; therefore host alone is insufficient for inclusion.	unresolved_project
GCF_002566665.1	Bacillus cereus	1396	AFS076104	Scaffold		2017-10-17	UNC Chapel Hill	PRJNA400804	SAMN07598414	AFS076104	Corn	core	USA: NC	2014-04-30	Microbe sample from Bacillus cereus		True	False	False	False	1	True	host	False	False	False	False	0		False	UNRESOLVED	Project-level metadata remains ambiguous: Host is predominantly Corn or Soybean, but isolation_source=core cannot currently be unambiguously interpreted as direct plant tissue. The same BioProject contains explicitly plant-associated root isolates as well as non-direct sources such as grainbin dust; therefore host alone is insufficient for inclusion.	unresolved_project
GCF_002566675.1	Bacillus cereus	1396	AFS075781	Contig		2017-10-17	UNC Chapel Hill	PRJNA400804	SAMN07598410	AFS075781	Soybean	core	USA: IA	2014-05-08	Microbe sample from Bacillus cereus		True	False	False	False	1	True	host	False	False	False	False	0		False	UNRESOLVED	Project-level metadata remains ambiguous: Host is predominantly Corn or Soybean, but isolation_source=core cannot currently be unambiguously interpreted as direct plant tissue. The same BioProject contains explicitly plant-associated root isolates as well as non-direct sources such as grainbin dust; therefore host alone is insufficient for inclusion.	unresolved_project
GCF_002566705.1	Bacillus cereus	1396	AFS075030	Scaffold		2017-10-17	UNC Chapel Hill	PRJNA400804	SAMN07598398	AFS075030	Soybean	core	USA: IA	2014-05-08	Microbe sample from Bacillus cereus		True	False	False	False	1	True	host	False	False	False	False	0		False	UNRESOLVED	Project-level metadata remains ambiguous: Host is predominantly Corn or Soybean, but isolation_source=core cannot currently be unambiguously interpreted as direct plant tissue. The same BioProject contains explicitly plant-associated root isolates as well as non-direct sources such as grainbin dust; therefore host alone is insufficient for inclusion.	unresolved_project
GCF_002566725.1	Bacillus cereus	1396	AFS075012	Scaffold		2017-10-17	UNC Chapel Hill	PRJNA400804	SAMN07598397	AFS075012	Corn	core	USA: NC	2014-05-06	Microbe sample from Bacillus cereus		True	False	False	False	1	True	host	False	False	False	False	0		False	UNRESOLVED	Project-level metadata remains ambiguous: Host is predominantly Corn or Soybean, but isolation_source=core cannot currently be unambiguously interpreted as direct plant tissue. The same BioProject contains explicitly plant-associated root isolates as well as non-direct sources such as grainbin dust; therefore host alone is insufficient for inclusion.	unresolved_project
GCF_002566775.1	Bacillus cereus	1396	AFS074793	Scaffold		2017-10-17	UNC Chapel Hill	PRJNA400804	SAMN07598395	AFS074793	Corn	core	USA: NC	2014-04-30	Microbe sample from Bacillus cereus		True	False	False	False	1	True	host	False	False	False	False	0		False	UNRESOLVED	Project-level metadata remains ambiguous: Host is predominantly Corn or Soybean, but isolation_source=core cannot currently be unambiguously interpreted as direct plant tissue. The same BioProject contains explicitly plant-associated root isolates as well as non-direct sources such as grainbin dust; therefore host alone is insufficient for inclusion.	unresolved_project
GCF_002566795.1	Bacillus cereus	1396	AFS074724	Scaffold		2017-10-17	UNC Chapel Hill	PRJNA400804	SAMN07598394	AFS074724	Corn	core	USA: NC	2014-04-30	Microbe sample from Bacillus cereus		True	False	False	False	1	True	host	False	False	False	False	0		False	UNRESOLVED	Project-level metadata remains ambiguous: Host is predominantly Corn or Soybean, but isolation_source=core cannot currently be unambiguously interpreted as direct plant tissue. The same BioProject contains explicitly plant-associated root isolates as well as non-direct sources such as grainbin dust; therefore host alone is insufficient for inclusion.	unresolved_project
GCF_002566855.1	Bacillus cereus	1396	AFS074515	Scaffold		2017-10-17	UNC Chapel Hill	PRJNA400804	SAMN07598389	AFS074515	Corn	core	USA: NC	2014-04-21	Microbe sample from Bacillus cereus		True	False	False	False	1	True	host	False	False	False	False	0		False	UNRESOLVED	Project-level metadata remains ambiguous: Host is predominantly Corn or Soybean, but isolation_source=core cannot currently be unambiguously interpreted as direct plant tissue. The same BioProject contains explicitly plant-associated root isolates as well as non-direct sources such as grainbin dust; therefore host alone is insufficient for inclusion.	unresolved_project
GCF_002566885.1	Bacillus cereus	1396	AFS074370	Scaffold		2017-10-17	UNC Chapel Hill	PRJNA400804	SAMN07598387	AFS074370	Soybean	core	USA: IA	2014-05-27	Microbe sample from Bacillus cereus		True	False	False	False	1	True	host	False	False	False	False	0		False	UNRESOLVED	Project-level metadata remains ambiguous: Host is predominantly Corn or Soybean, but isolation_source=core cannot currently be unambiguously interpreted as direct plant tissue. The same BioProject contains explicitly plant-associated root isolates as well as non-direct sources such as grainbin dust; therefore host alone is insufficient for inclusion.	unresolved_project
GCF_002566895.1	Bacillus cereus	1396	AFS073833	Scaffold		2017-10-17	UNC Chapel Hill	PRJNA400804	SAMN07598381	AFS073833	Corn	core	USA: NC	2014-05-06	Microbe sample from Bacillus cereus		True	False	False	False	1	True	host	False	False	False	False	0		False	UNRESOLVED	Project-level metadata remains ambiguous: Host is predominantly Corn or Soybean, but isolation_source=core cannot currently be unambiguously interpreted as direct plant tissue. The same BioProject contains explicitly plant-associated root isolates as well as non-direct sources such as grainbin dust; therefore host alone is insufficient for inclusion.	unresolved_project
GCF_002566925.1	Bacillus cereus	1396	AFS073631	Contig		2017-10-17	UNC Chapel Hill	PRJNA400804	SAMN07598380	AFS073631	Soybean	core	USA: IA	2014-05-08	Microbe sample from Bacillus cereus		True	False	False	False	1	True	host	False	False	False	False	0		False	UNRESOLVED	Project-level metadata remains ambiguous: Host is predominantly Corn or Soybean, but isolation_source=core cannot currently be unambiguously interpreted as direct plant tissue. The same BioProject contains explicitly plant-associated root isolates as well as non-direct sources such as grainbin dust; therefore host alone is insufficient for inclusion.	unresolved_project
GCF_002567015.1	Bacillus cereus	1396	AFS073305	Scaffold		2017-10-17	UNC Chapel Hill	PRJNA400804	SAMN07598374	AFS073305	Corn	core	USA: NC	2014-04-30	Microbe sample from Bacillus cereus		True	False	False	False	1	True	host	False	False	False	False	0		False	UNRESOLVED	Project-level metadata remains ambiguous: Host is predominantly Corn or Soybean, but isolation_source=core cannot currently be unambiguously interpreted as direct plant tissue. The same BioProject contains explicitly plant-associated root isolates as well as non-direct sources such as grainbin dust; therefore host alone is insufficient for inclusion.	unresolved_project
GCF_002567135.1	Bacillus cereus	1396	AFS072183	Scaffold		2017-10-17	UNC Chapel Hill	PRJNA400804	SAMN07598362	AFS072183	Corn	core	USA: IL	2014-05-27	Microbe sample from Bacillus cereus		True	False	False	False	1	True	host	False	False	False	False	0		False	UNRESOLVED	Project-level metadata remains ambiguous: Host is predominantly Corn or Soybean, but isolation_source=core cannot currently be unambiguously interpreted as direct plant tissue. The same BioProject contains explicitly plant-associated root isolates as well as non-direct sources such as grainbin dust; therefore host alone is insufficient for inclusion.	unresolved_project
GCF_002567185.1	Bacillus cereus	1396	AFS072097	Scaffold		2017-10-17	UNC Chapel Hill	PRJNA400804	SAMN07598358	AFS072097	Tomato	plant	USA: NC	2014-01-14	Microbe sample from Bacillus cereus		True	True	False	False	2	True	host;source	False	False	False	False	0		False	UNRESOLVED	Candidate metadata does not provide sufficiently explicit evidence to demonstrate direct plant association under the fixed inclusion criteria.	insufficient_metadata
GCF_002567325.1	Bacillus cereus	1396	AFS071440	Scaffold		2017-10-17	UNC Chapel Hill	PRJNA400804	SAMN07598348	AFS071440	Corn	core	USA: NC	2014-04-30	Microbe sample from Bacillus cereus		True	False	False	False	1	True	host	False	False	False	False	0		False	UNRESOLVED	Project-level metadata remains ambiguous: Host is predominantly Corn or Soybean, but isolation_source=core cannot currently be unambiguously interpreted as direct plant tissue. The same BioProject contains explicitly plant-associated root isolates as well as non-direct sources such as grainbin dust; therefore host alone is insufficient for inclusion.	unresolved_project
GCF_002567355.1	Bacillus cereus	1396	AFS071251	Scaffold		2017-10-17	UNC Chapel Hill	PRJNA400804	SAMN07598346	AFS071251	Corn	core	USA: NC	2014-04-30	Microbe sample from Bacillus cereus		True	False	False	False	1	True	host	False	False	False	False	0		False	UNRESOLVED	Project-level metadata remains ambiguous: Host is predominantly Corn or Soybean, but isolation_source=core cannot currently be unambiguously interpreted as direct plant tissue. The same BioProject contains explicitly plant-associated root isolates as well as non-direct sources such as grainbin dust; therefore host alone is insufficient for inclusion.	unresolved_project
GCF_002567405.1	Bacillus cereus	1396	AFS071044	Scaffold		2017-10-17	UNC Chapel Hill	PRJNA400804	SAMN07598343	AFS071044	Soybean	core	USA: IA	2014-05-08	Microbe sample from Bacillus cereus		True	False	False	False	1	True	host	False	False	False	False	0		False	UNRESOLVED	Project-level metadata remains ambiguous: Host is predominantly Corn or Soybean, but isolation_source=core cannot currently be unambiguously interpreted as direct plant tissue. The same BioProject contains explicitly plant-associated root isolates as well as non-direct sources such as grainbin dust; therefore host alone is insufficient for inclusion.	unresolved_project
GCF_002567415.1	Bacillus cereus	1396	AFS070964	Scaffold		2017-10-17	UNC Chapel Hill	PRJNA400804	SAMN07598341	AFS070964		plant core	USA: NC	2014-04-24	Microbe sample from Bacillus cereus		False	True	False	False	1	True	source	False	False	False	False	0		False	UNRESOLVED	Candidate metadata does not provide sufficiently explicit evidence to demonstrate direct plant association under the fixed inclusion criteria.	insufficient_metadata
GCF_002567445.1	Bacillus cereus	1396	AFS070947	Scaffold		2017-10-17	UNC Chapel Hill	PRJNA400804	SAMN07598340	AFS070947		plant core	USA: NC	2014-05-06	Microbe sample from Bacillus cereus		False	True	False	False	1	True	source	False	False	False	False	0		False	UNRESOLVED	Candidate metadata does not provide sufficiently explicit evidence to demonstrate direct plant association under the fixed inclusion criteria.	insufficient_metadata
GCF_002567465.1	Bacillus cereus	1396	AFS070891	Scaffold		2017-10-17	UNC Chapel Hill	PRJNA400804	SAMN07598338	AFS070891	Corn	missing	USA: IA	2014-01-17	Microbe sample from Bacillus cereus		True	False	False	False	1	True	host	False	False	False	False	0		False	UNRESOLVED	Candidate metadata does not provide sufficiently explicit evidence to demonstrate direct plant association under the fixed inclusion criteria.	insufficient_metadata
GCF_002567475.1	Bacillus cereus	1396	AFS070889	Scaffold		2017-10-17	UNC Chapel Hill	PRJNA400804	SAMN07598337	AFS070889	Corn	core	USA: NC	2014-04-30	Microbe sample from Bacillus cereus		True	False	False	False	1	True	host	False	False	False	False	0		False	UNRESOLVED	Project-level metadata remains ambiguous: Host is predominantly Corn or Soybean, but isolation_source=core cannot currently be unambiguously interpreted as direct plant tissue. The same BioProject contains explicitly plant-associated root isolates as well as non-direct sources such as grainbin dust; therefore host alone is insufficient for inclusion.	unresolved_project
GCF_002567495.1	Bacillus cereus	1396	AFS070861	Scaffold		2017-10-17	UNC Chapel Hill	PRJNA400804	SAMN07598336	AFS070861		plant core	USA: NC	2014-04-21	Microbe sample from Bacillus cereus		False	True	False	False	1	True	source	False	False	False	False	0		False	UNRESOLVED	Candidate metadata does not provide sufficiently explicit evidence to demonstrate direct plant association under the fixed inclusion criteria.	insufficient_metadata
GCF_002567525.1	Bacillus cereus	1396	AFS070860	Scaffold		2017-10-17	UNC Chapel Hill	PRJNA400804	SAMN07598335	AFS070860	Soybean	core	USA: IA	2014-05-08	Microbe sample from Bacillus cereus		True	False	False	False	1	True	host	False	False	False	False	0		False	UNRESOLVED	Project-level metadata remains ambiguous: Host is predominantly Corn or Soybean, but isolation_source=core cannot currently be unambiguously interpreted as direct plant tissue. The same BioProject contains explicitly plant-associated root isolates as well as non-direct sources such as grainbin dust; therefore host alone is insufficient for inclusion.	unresolved_project
GCF_002567535.1	Bacillus cereus	1396	AFS070662	Scaffold		2017-10-17	UNC Chapel Hill	PRJNA400804	SAMN07598334	AFS070662	Corn	core	USA: NC	2014-04-30	Microbe sample from Bacillus cereus		True	False	False	False	1	True	host	False	False	False	False	0		False	UNRESOLVED	Project-level metadata remains ambiguous: Host is predominantly Corn or Soybean, but isolation_source=core cannot currently be unambiguously interpreted as direct plant tissue. The same BioProject contains explicitly plant-associated root isolates as well as non-direct sources such as grainbin dust; therefore host alone is insufficient for inclusion.	unresolved_project
GCF_002567555.1	Bacillus cereus	1396	AFS070416	Scaffold		2017-10-17	UNC Chapel Hill	PRJNA400804	SAMN07598331	AFS070416		plant core	USA: NC	2014-05-06	Microbe sample from Bacillus cereus		False	True	False	False	1	True	source	False	False	False	False	0		False	UNRESOLVED	Candidate metadata does not provide sufficiently explicit evidence to demonstrate direct plant association under the fixed inclusion criteria.	insufficient_metadata
GCF_002567605.1	Bacillus cereus	1396	AFS069947	Scaffold		2017-10-17	UNC Chapel Hill	PRJNA400804	SAMN07598324	AFS069947	Corn	core	USA: NC	2014-04-30	Microbe sample from Bacillus cereus		True	False	False	False	1	True	host	False	False	False	False	0		False	UNRESOLVED	Project-level metadata remains ambiguous: Host is predominantly Corn or Soybean, but isolation_source=core cannot currently be unambiguously interpreted as direct plant tissue. The same BioProject contains explicitly plant-associated root isolates as well as non-direct sources such as grainbin dust; therefore host alone is insufficient for inclusion.	unresolved_project
GCF_002567705.1	Bacillus cereus	1396	AFS068756	Scaffold		2017-10-17	UNC Chapel Hill	PRJNA400804	SAMN07598313	AFS068756	Soybean	core	USA: IA	2014-05-08	Microbe sample from Bacillus cereus		True	False	False	False	1	True	host	False	False	False	False	0		False	UNRESOLVED	Project-level metadata remains ambiguous: Host is predominantly Corn or Soybean, but isolation_source=core cannot currently be unambiguously interpreted as direct plant tissue. The same BioProject contains explicitly plant-associated root isolates as well as non-direct sources such as grainbin dust; therefore host alone is insufficient for inclusion.	unresolved_project
GCF_002567725.1	Bacillus cereus	1396	AFS068806	Scaffold		2017-10-17	UNC Chapel Hill	PRJNA400804	SAMN07598315	AFS068806	Corn	core	USA: NC	2014-04-30	Microbe sample from Bacillus cereus		True	False	False	False	1	True	host	False	False	False	False	0		False	UNRESOLVED	Project-level metadata remains ambiguous: Host is predominantly Corn or Soybean, but isolation_source=core cannot currently be unambiguously interpreted as direct plant tissue. The same BioProject contains explicitly plant-associated root isolates as well as non-direct sources such as grainbin dust; therefore host alone is insufficient for inclusion.	unresolved_project
GCF_002567795.1	Bacillus cereus	1396	AFS068289	Scaffold		2017-10-17	UNC Chapel Hill	PRJNA400804	SAMN07598309	AFS068289	Soybean	core	USA: IA	2014-05-08	Microbe sample from Bacillus cereus		True	False	False	False	1	True	host	False	False	False	False	0		False	UNRESOLVED	Project-level metadata remains ambiguous: Host is predominantly Corn or Soybean, but isolation_source=core cannot currently be unambiguously interpreted as direct plant tissue. The same BioProject contains explicitly plant-associated root isolates as well as non-direct sources such as grainbin dust; therefore host alone is insufficient for inclusion.	unresolved_project
GCF_002567815.1	Bacillus cereus	1396	AFS067996	Scaffold		2017-10-17	UNC Chapel Hill	PRJNA400804	SAMN07598306	AFS067996	Corn	core	USA: NC	2014-04-30	Microbe sample from Bacillus cereus		True	False	False	False	1	True	host	False	False	False	False	0		False	UNRESOLVED	Project-level metadata remains ambiguous: Host is predominantly Corn or Soybean, but isolation_source=core cannot currently be unambiguously interpreted as direct plant tissue. The same BioProject contains explicitly plant-associated root isolates as well as non-direct sources such as grainbin dust; therefore host alone is insufficient for inclusion.	unresolved_project
GCF_002567835.1	Bacillus cereus	1396	AFS067617	Scaffold		2017-10-17	UNC Chapel Hill	PRJNA400804	SAMN07598298	AFS067617	Soybean	core	USA: IA	2014-05-08	Microbe sample from Bacillus cereus		True	False	False	False	1	True	host	False	False	False	False	0		False	UNRESOLVED	Project-level metadata remains ambiguous: Host is predominantly Corn or Soybean, but isolation_source=core cannot currently be unambiguously interpreted as direct plant tissue. The same BioProject contains explicitly plant-associated root isolates as well as non-direct sources such as grainbin dust; therefore host alone is insufficient for inclusion.	unresolved_project
GCF_002568095.1	Bacillus cereus	1396	AFS065445	Scaffold		2017-10-17	UNC Chapel Hill	PRJNA400804	SAMN07598263	AFS065445	Corn	core	USA: NC	2014-04-21	Microbe sample from Bacillus cereus		True	False	False	False	1	True	host	False	False	False	False	0		False	UNRESOLVED	Project-level metadata remains ambiguous: Host is predominantly Corn or Soybean, but isolation_source=core cannot currently be unambiguously interpreted as direct plant tissue. The same BioProject contains explicitly plant-associated root isolates as well as non-direct sources such as grainbin dust; therefore host alone is insufficient for inclusion.	unresolved_project
GCF_002568125.1	Bacillus cereus	1396	AFS064516	Scaffold		2017-10-17	UNC Chapel Hill	PRJNA400804	SAMN07598254	AFS064516	Corn	core	USA: IL	2014-05-22	Microbe sample from Bacillus cereus		True	False	False	False	1	True	host	False	False	False	False	0		False	UNRESOLVED	Project-level metadata remains ambiguous: Host is predominantly Corn or Soybean, but isolation_source=core cannot currently be unambiguously interpreted as direct plant tissue. The same BioProject contains explicitly plant-associated root isolates as well as non-direct sources such as grainbin dust; therefore host alone is insufficient for inclusion.	unresolved_project
GCF_002568365.1	Bacillus cereus	1396	AFS063866	Scaffold		2017-10-17	UNC Chapel Hill	PRJNA400804	SAMN07598246	AFS063866	Soybean	core	USA: IA	2014-05-27	Microbe sample from Bacillus cereus		True	False	False	False	1	True	host	False	False	False	False	0		False	UNRESOLVED	Project-level metadata remains ambiguous: Host is predominantly Corn or Soybean, but isolation_source=core cannot currently be unambiguously interpreted as direct plant tissue. The same BioProject contains explicitly plant-associated root isolates as well as non-direct sources such as grainbin dust; therefore host alone is insufficient for inclusion.	unresolved_project
GCF_002568375.1	Bacillus cereus	1396	AFS063645	Scaffold		2017-10-17	UNC Chapel Hill	PRJNA400804	SAMN07598244	AFS063645	Corn	core	USA: NC	2014-04-30	Microbe sample from Bacillus cereus		True	False	False	False	1	True	host	False	False	False	False	0		False	UNRESOLVED	Project-level metadata remains ambiguous: Host is predominantly Corn or Soybean, but isolation_source=core cannot currently be unambiguously interpreted as direct plant tissue. The same BioProject contains explicitly plant-associated root isolates as well as non-direct sources such as grainbin dust; therefore host alone is insufficient for inclusion.	unresolved_project
GCF_002568445.1	Bacillus cereus	1396	AFS067315	Scaffold		2017-10-17	UNC Chapel Hill	PRJNA400804	SAMN07598294	AFS067315	Corn	core	USA: NC	2014-04-21	Microbe sample from Bacillus cereus		True	False	False	False	1	True	host	False	False	False	False	0		False	UNRESOLVED	Project-level metadata remains ambiguous: Host is predominantly Corn or Soybean, but isolation_source=core cannot currently be unambiguously interpreted as direct plant tissue. The same BioProject contains explicitly plant-associated root isolates as well as non-direct sources such as grainbin dust; therefore host alone is insufficient for inclusion.	unresolved_project
GCF_002568455.1	Bacillus cereus	1396	AFS067297	Scaffold		2017-10-17	UNC Chapel Hill	PRJNA400804	SAMN07598293	AFS067297		plant core	USA: NC	2014-04-21	Microbe sample from Bacillus cereus		False	True	False	False	1	True	source	False	False	False	False	0		False	UNRESOLVED	Candidate metadata does not provide sufficiently explicit evidence to demonstrate direct plant association under the fixed inclusion criteria.	insufficient_metadata
GCF_002568465.1	Bacillus cereus	1396	AFS067272	Scaffold		2017-10-17	UNC Chapel Hill	PRJNA400804	SAMN07598292	AFS067272	Weed	plant	USA: NC	2014-01-14	Microbe sample from Bacillus cereus		False	True	False	False	1	True	source	False	False	False	False	0		False	UNRESOLVED	Candidate metadata does not provide sufficiently explicit evidence to demonstrate direct plant association under the fixed inclusion criteria.	insufficient_metadata
GCF_002568565.1	Bacillus cereus	1396	AFS065496	Scaffold		2017-10-17	UNC Chapel Hill	PRJNA400804	SAMN07598264	AFS065496	Corn	core	USA: NC	2014-04-30	Microbe sample from Bacillus cereus		True	False	False	False	1	True	host	False	False	False	False	0		False	UNRESOLVED	Project-level metadata remains ambiguous: Host is predominantly Corn or Soybean, but isolation_source=core cannot currently be unambiguously interpreted as direct plant tissue. The same BioProject contains explicitly plant-associated root isolates as well as non-direct sources such as grainbin dust; therefore host alone is insufficient for inclusion.	unresolved_project
GCF_002569335.1	Bacillus cereus	1396	AFS085114	Scaffold		2017-10-17	UNC Chapel Hill	PRJNA400804	SAMN07598533	AFS085114		Core; Other Plant	USA: NC	2014-04-21	Microbe sample from Bacillus cereus		False	True	False	False	1	True	source	False	False	False	False	0		False	UNRESOLVED	Candidate metadata does not provide sufficiently explicit evidence to demonstrate direct plant association under the fixed inclusion criteria.	insufficient_metadata
GCF_002570415.1	Bacillus cereus	1396	AFS063234	Scaffold		2017-10-17	UNC Chapel Hill	PRJNA400804	SAMN07598241	AFS063234	Corn	core	USA: NC	2014-04-30	Microbe sample from Bacillus cereus		True	False	False	False	1	True	host	False	False	False	False	0		False	UNRESOLVED	Project-level metadata remains ambiguous: Host is predominantly Corn or Soybean, but isolation_source=core cannot currently be unambiguously interpreted as direct plant tissue. The same BioProject contains explicitly plant-associated root isolates as well as non-direct sources such as grainbin dust; therefore host alone is insufficient for inclusion.	unresolved_project
GCF_002570425.1	Bacillus cereus	1396	AFS062641	Scaffold		2017-10-17	UNC Chapel Hill	PRJNA400804	SAMN07598235	AFS062641		plant core	USA: NC	2014-05-06	Microbe sample from Bacillus cereus		False	True	False	False	1	True	source	False	False	False	False	0		False	UNRESOLVED	Candidate metadata does not provide sufficiently explicit evidence to demonstrate direct plant association under the fixed inclusion criteria.	insufficient_metadata
GCF_002570565.1	Bacillus cereus	1396	AFS060105	Scaffold		2017-10-17	UNC Chapel Hill	PRJNA400804	SAMN07598206	AFS060105	Corn	core	USA: NC	2014-04-21	Microbe sample from Bacillus cereus		True	False	False	False	1	True	host	False	False	False	False	0		False	UNRESOLVED	Project-level metadata remains ambiguous: Host is predominantly Corn or Soybean, but isolation_source=core cannot currently be unambiguously interpreted as direct plant tissue. The same BioProject contains explicitly plant-associated root isolates as well as non-direct sources such as grainbin dust; therefore host alone is insufficient for inclusion.	unresolved_project
GCF_002570665.1	Bacillus cereus	1396	AFS058833	Scaffold		2017-10-17	UNC Chapel Hill	PRJNA400804	SAMN07598185	AFS058833	Corn	core	USA: NC	2014-05-06	Microbe sample from Bacillus cereus		True	False	False	False	1	True	host	False	False	False	False	0		False	UNRESOLVED	Project-level metadata remains ambiguous: Host is predominantly Corn or Soybean, but isolation_source=core cannot currently be unambiguously interpreted as direct plant tissue. The same BioProject contains explicitly plant-associated root isolates as well as non-direct sources such as grainbin dust; therefore host alone is insufficient for inclusion.	unresolved_project
GCF_002570745.1	Bacillus cereus	1396	AFS063157	Scaffold		2017-10-17	UNC Chapel Hill	PRJNA400804	SAMN07598240	AFS063157		plant core	USA: NC	2014-04-21	Microbe sample from Bacillus cereus		False	True	False	False	1	True	source	False	False	False	False	0		False	UNRESOLVED	Candidate metadata does not provide sufficiently explicit evidence to demonstrate direct plant association under the fixed inclusion criteria.	insufficient_metadata
GCF_002570795.1	Bacillus cereus	1396	AFS061928	Scaffold		2017-10-17	UNC Chapel Hill	PRJNA400804	SAMN07598227	AFS061928	Corn	core	USA: NC	2014-04-30	Microbe sample from Bacillus cereus		True	False	False	False	1	True	host	False	False	False	False	0		False	UNRESOLVED	Project-level metadata remains ambiguous: Host is predominantly Corn or Soybean, but isolation_source=core cannot currently be unambiguously interpreted as direct plant tissue. The same BioProject contains explicitly plant-associated root isolates as well as non-direct sources such as grainbin dust; therefore host alone is insufficient for inclusion.	unresolved_project
GCF_002570945.1	Bacillus cereus	1396	AFS059960	Scaffold		2017-10-17	UNC Chapel Hill	PRJNA400804	SAMN07598202	AFS059960	Corn	core	USA: NC	2014-04-21	Microbe sample from Bacillus cereus		True	False	False	False	1	True	host	False	False	False	False	0		False	UNRESOLVED	Project-level metadata remains ambiguous: Host is predominantly Corn or Soybean, but isolation_source=core cannot currently be unambiguously interpreted as direct plant tissue. The same BioProject contains explicitly plant-associated root isolates as well as non-direct sources such as grainbin dust; therefore host alone is insufficient for inclusion.	unresolved_project
GCF_002570965.1	Bacillus cereus	1396	AFS059886	Scaffold		2017-10-17	UNC Chapel Hill	PRJNA400804	SAMN07598199	AFS059886	Corn	core	USA: IL	2014-05-27	Microbe sample from Bacillus cereus		True	False	False	False	1	True	host	False	False	False	False	0		False	UNRESOLVED	Project-level metadata remains ambiguous: Host is predominantly Corn or Soybean, but isolation_source=core cannot currently be unambiguously interpreted as direct plant tissue. The same BioProject contains explicitly plant-associated root isolates as well as non-direct sources such as grainbin dust; therefore host alone is insufficient for inclusion.	unresolved_project
GCF_002570985.1	Bacillus cereus	1396	AFS059650	Scaffold		2017-10-17	UNC Chapel Hill	PRJNA400804	SAMN07598197	AFS059650	Corn	core	USA: NC	2014-04-30	Microbe sample from Bacillus cereus		True	False	False	False	1	True	host	False	False	False	False	0		False	UNRESOLVED	Project-level metadata remains ambiguous: Host is predominantly Corn or Soybean, but isolation_source=core cannot currently be unambiguously interpreted as direct plant tissue. The same BioProject contains explicitly plant-associated root isolates as well as non-direct sources such as grainbin dust; therefore host alone is insufficient for inclusion.	unresolved_project
GCF_002571165.1	Bacillus cereus	1396	AFS060621	Scaffold		2017-10-17	UNC Chapel Hill	PRJNA400804	SAMN07598213	AFS060621	Soybean	core	USA: IA	2014-05-08	Microbe sample from Bacillus cereus		True	False	False	False	1	True	host	False	False	False	False	0		False	UNRESOLVED	Project-level metadata remains ambiguous: Host is predominantly Corn or Soybean, but isolation_source=core cannot currently be unambiguously interpreted as direct plant tissue. The same BioProject contains explicitly plant-associated root isolates as well as non-direct sources such as grainbin dust; therefore host alone is insufficient for inclusion.	unresolved_project
GCF_002571185.1	Bacillus cereus	1396	AFS060282	Scaffold		2017-10-17	UNC Chapel Hill	PRJNA400804	SAMN07598209	AFS060282	Corn	core	USA: NC	2014-04-30	Microbe sample from Bacillus cereus		True	False	False	False	1	True	host	False	False	False	False	0		False	UNRESOLVED	Project-level metadata remains ambiguous: Host is predominantly Corn or Soybean, but isolation_source=core cannot currently be unambiguously interpreted as direct plant tissue. The same BioProject contains explicitly plant-associated root isolates as well as non-direct sources such as grainbin dust; therefore host alone is insufficient for inclusion.	unresolved_project
GCF_002571855.1	Bacillus cereus	1396	AFS062062	Scaffold		2017-10-17	UNC Chapel Hill	PRJNA400804	SAMN07598230	AFS062062		Core; Corn	USA: NC	2014-04-30	Microbe sample from Bacillus cereus		False	True	False	False	1	True	source	False	False	False	False	0		False	UNRESOLVED	Candidate metadata does not provide sufficiently explicit evidence to demonstrate direct plant association under the fixed inclusion criteria.	insufficient_metadata
GCF_002574255.1	Bacillus cereus	1396	AFS057148	Scaffold		2017-10-18	UNC Chapel Hill	PRJNA400804	SAMN07598157	AFS057148	Corn	core	USA: IL	2014-05-22	Microbe sample from Bacillus cereus		True	False	False	False	1	True	host	False	False	False	False	0		False	UNRESOLVED	Project-level metadata remains ambiguous: Host is predominantly Corn or Soybean, but isolation_source=core cannot currently be unambiguously interpreted as direct plant tissue. The same BioProject contains explicitly plant-associated root isolates as well as non-direct sources such as grainbin dust; therefore host alone is insufficient for inclusion.	unresolved_project
GCF_002574285.1	Bacillus cereus	1396	AFS057097	Scaffold		2017-10-18	UNC Chapel Hill	PRJNA400804	SAMN07598156	AFS057097	Corn	core	USA: NC	2014-05-06	Microbe sample from Bacillus cereus		True	False	False	False	1	True	host	False	False	False	False	0		False	UNRESOLVED	Project-level metadata remains ambiguous: Host is predominantly Corn or Soybean, but isolation_source=core cannot currently be unambiguously interpreted as direct plant tissue. The same BioProject contains explicitly plant-associated root isolates as well as non-direct sources such as grainbin dust; therefore host alone is insufficient for inclusion.	unresolved_project
GCF_002574395.1	Bacillus cereus	1396	AFS056399	Scaffold		2017-10-18	UNC Chapel Hill	PRJNA400804	SAMN07598146	AFS056399	Soybean	core	USA: IA	2014-05-22	Microbe sample from Bacillus cereus		True	False	False	False	1	True	host	False	False	False	False	0		False	UNRESOLVED	Project-level metadata remains ambiguous: Host is predominantly Corn or Soybean, but isolation_source=core cannot currently be unambiguously interpreted as direct plant tissue. The same BioProject contains explicitly plant-associated root isolates as well as non-direct sources such as grainbin dust; therefore host alone is insufficient for inclusion.	unresolved_project
GCF_002574415.1	Bacillus cereus	1396	AFS056025	Scaffold		2017-10-18	UNC Chapel Hill	PRJNA400804	SAMN07598140	AFS056025	Corn	core	USA: IL	2014-05-22	Microbe sample from Bacillus cereus		True	False	False	False	1	True	host	False	False	False	False	0		False	UNRESOLVED	Project-level metadata remains ambiguous: Host is predominantly Corn or Soybean, but isolation_source=core cannot currently be unambiguously interpreted as direct plant tissue. The same BioProject contains explicitly plant-associated root isolates as well as non-direct sources such as grainbin dust; therefore host alone is insufficient for inclusion.	unresolved_project
GCF_002574515.1	Bacillus cereus	1396	AFS055486	Scaffold		2017-10-18	UNC Chapel Hill	PRJNA400804	SAMN07598130	AFS055486	Soybean	core	USA: IA	2014-05-08	Microbe sample from Bacillus cereus		True	False	False	False	1	True	host	False	False	False	False	0		False	UNRESOLVED	Project-level metadata remains ambiguous: Host is predominantly Corn or Soybean, but isolation_source=core cannot currently be unambiguously interpreted as direct plant tissue. The same BioProject contains explicitly plant-associated root isolates as well as non-direct sources such as grainbin dust; therefore host alone is insufficient for inclusion.	unresolved_project
GCF_002574615.1	Bacillus cereus	1396	AFS054178	Scaffold		2017-10-18	UNC Chapel Hill	PRJNA400804	SAMN07598111	AFS054178	Corn	core	USA: NC	2014-04-30	Microbe sample from Bacillus cereus		True	False	False	False	1	True	host	False	False	False	False	0		False	UNRESOLVED	Project-level metadata remains ambiguous: Host is predominantly Corn or Soybean, but isolation_source=core cannot currently be unambiguously interpreted as direct plant tissue. The same BioProject contains explicitly plant-associated root isolates as well as non-direct sources such as grainbin dust; therefore host alone is insufficient for inclusion.	unresolved_project
GCF_002574635.1	Bacillus cereus	1396	AFS054163	Scaffold		2017-10-18	UNC Chapel Hill	PRJNA400804	SAMN07598110	AFS054163		plant core	USA: NC	2014-05-06	Microbe sample from Bacillus cereus		False	True	False	False	1	True	source	False	False	False	False	0		False	UNRESOLVED	Candidate metadata does not provide sufficiently explicit evidence to demonstrate direct plant association under the fixed inclusion criteria.	insufficient_metadata
GCF_002574855.1	Bacillus cereus	1396	AFS056099	Scaffold		2017-10-18	UNC Chapel Hill	PRJNA400804	SAMN07598142	AFS056099	Soybean	core	USA: IA	2014-05-27	Microbe sample from Bacillus cereus		True	False	False	False	1	True	host	False	False	False	False	0		False	UNRESOLVED	Project-level metadata remains ambiguous: Host is predominantly Corn or Soybean, but isolation_source=core cannot currently be unambiguously interpreted as direct plant tissue. The same BioProject contains explicitly plant-associated root isolates as well as non-direct sources such as grainbin dust; therefore host alone is insufficient for inclusion.	unresolved_project
GCF_002574875.1	Bacillus cereus	1396	AFS055648	Scaffold		2017-10-18	UNC Chapel Hill	PRJNA400804	SAMN07598133	AFS055648	Corn	core	USA: NC	2014-05-06	Microbe sample from Bacillus cereus		True	False	False	False	1	True	host	False	False	False	False	0		False	UNRESOLVED	Project-level metadata remains ambiguous: Host is predominantly Corn or Soybean, but isolation_source=core cannot currently be unambiguously interpreted as direct plant tissue. The same BioProject contains explicitly plant-associated root isolates as well as non-direct sources such as grainbin dust; therefore host alone is insufficient for inclusion.	unresolved_project
GCF_002574955.1	Bacillus cereus	1396	AFS055402	Scaffold		2017-10-18	UNC Chapel Hill	PRJNA400804	SAMN07598127	AFS055402		plant core	USA: NC	2014-04-21	Microbe sample from Bacillus cereus		False	True	False	False	1	True	source	False	False	False	False	0		False	UNRESOLVED	Candidate metadata does not provide sufficiently explicit evidence to demonstrate direct plant association under the fixed inclusion criteria.	insufficient_metadata
GCF_002575135.1	Bacillus cereus	1396	AFS053406	Scaffold		2017-10-18	UNC Chapel Hill	PRJNA400804	SAMN07598099	AFS053406	Corn	plant	USA: NC	2014-03-19	Microbe sample from Bacillus cereus		True	True	False	False	2	True	host;source	False	False	False	False	0		False	UNRESOLVED	Candidate metadata does not provide sufficiently explicit evidence to demonstrate direct plant association under the fixed inclusion criteria.	insufficient_metadata
GCF_002575175.1	Bacillus cereus	1396	AFS053259	Scaffold		2017-10-18	UNC Chapel Hill	PRJNA400804	SAMN07598095	AFS053259	Soybean	core	USA: IA	2014-05-08	Microbe sample from Bacillus cereus		True	False	False	False	1	True	host	False	False	False	False	0		False	UNRESOLVED	Project-level metadata remains ambiguous: Host is predominantly Corn or Soybean, but isolation_source=core cannot currently be unambiguously interpreted as direct plant tissue. The same BioProject contains explicitly plant-associated root isolates as well as non-direct sources such as grainbin dust; therefore host alone is insufficient for inclusion.	unresolved_project
GCF_002575275.1	Bacillus cereus	1396	AFS052902	Scaffold		2017-10-18	UNC Chapel Hill	PRJNA400804	SAMN07598089	AFS052902		plant core	USA: NC	2014-04-30	Microbe sample from Bacillus cereus		False	True	False	False	1	True	source	False	False	False	False	0		False	UNRESOLVED	Candidate metadata does not provide sufficiently explicit evidence to demonstrate direct plant association under the fixed inclusion criteria.	insufficient_metadata
GCF_002575355.1	Bacillus cereus	1396	AFS052525	Scaffold		2017-10-18	UNC Chapel Hill	PRJNA400804	SAMN07598083	AFS052525	Corn	core	USA: NC	2014-05-06	Microbe sample from Bacillus cereus		True	False	False	False	1	True	host	False	False	False	False	0		False	UNRESOLVED	Project-level metadata remains ambiguous: Host is predominantly Corn or Soybean, but isolation_source=core cannot currently be unambiguously interpreted as direct plant tissue. The same BioProject contains explicitly plant-associated root isolates as well as non-direct sources such as grainbin dust; therefore host alone is insufficient for inclusion.	unresolved_project
GCF_002575405.1	Bacillus cereus	1396	AFS052400	Scaffold		2017-10-18	UNC Chapel Hill	PRJNA400804	SAMN07598080	AFS052400	Corn	core	USA: IL	2014-05-22	Microbe sample from Bacillus cereus		True	False	False	False	1	True	host	False	False	False	False	0		False	UNRESOLVED	Project-level metadata remains ambiguous: Host is predominantly Corn or Soybean, but isolation_source=core cannot currently be unambiguously interpreted as direct plant tissue. The same BioProject contains explicitly plant-associated root isolates as well as non-direct sources such as grainbin dust; therefore host alone is insufficient for inclusion.	unresolved_project
GCF_002575495.1	Bacillus cereus	1396	AFS051634	Scaffold		2017-10-18	UNC Chapel Hill	PRJNA400804	SAMN07598073	AFS051634	Corn	core	USA: NC	2014-05-06	Microbe sample from Bacillus cereus		True	False	False	False	1	True	host	False	False	False	False	0		False	UNRESOLVED	Project-level metadata remains ambiguous: Host is predominantly Corn or Soybean, but isolation_source=core cannot currently be unambiguously interpreted as direct plant tissue. The same BioProject contains explicitly plant-associated root isolates as well as non-direct sources such as grainbin dust; therefore host alone is insufficient for inclusion.	unresolved_project
GCF_002575505.1	Bacillus cereus	1396	AFS051540	Scaffold		2017-10-18	UNC Chapel Hill	PRJNA400804	SAMN07598071	AFS051540	Corn	core	USA: NC	2014-04-30	Microbe sample from Bacillus cereus		True	False	False	False	1	True	host	False	False	False	False	0		False	UNRESOLVED	Project-level metadata remains ambiguous: Host is predominantly Corn or Soybean, but isolation_source=core cannot currently be unambiguously interpreted as direct plant tissue. The same BioProject contains explicitly plant-associated root isolates as well as non-direct sources such as grainbin dust; therefore host alone is insufficient for inclusion.	unresolved_project
GCF_002575565.1	Bacillus cereus	1396	AFS050720	Scaffold		2017-10-18	UNC Chapel Hill	PRJNA400804	SAMN07598063	AFS050720	Soybean	plant	USA: NC	2014-03-19	Microbe sample from Bacillus cereus		True	True	False	False	2	True	host;source	False	False	False	False	0		False	UNRESOLVED	Candidate metadata does not provide sufficiently explicit evidence to demonstrate direct plant association under the fixed inclusion criteria.	insufficient_metadata
GCF_002575635.1	Bacillus cereus	1396	AFS049840	Scaffold		2017-10-18	UNC Chapel Hill	PRJNA400804	SAMN07598053	AFS049840	Wheat	plant	USA: NC	2014-01-14	Microbe sample from Bacillus cereus		True	True	False	False	2	True	host;source	False	False	False	False	0		False	UNRESOLVED	Candidate metadata does not provide sufficiently explicit evidence to demonstrate direct plant association under the fixed inclusion criteria.	insufficient_metadata
GCF_002575765.1	Bacillus cereus	1396	AFS048989	Scaffold		2017-10-18	UNC Chapel Hill	PRJNA400804	SAMN07598043	AFS048989	Soybean	core	USA: IA	2014-05-08	Microbe sample from Bacillus cereus		True	False	False	False	1	True	host	False	False	False	False	0		False	UNRESOLVED	Project-level metadata remains ambiguous: Host is predominantly Corn or Soybean, but isolation_source=core cannot currently be unambiguously interpreted as direct plant tissue. The same BioProject contains explicitly plant-associated root isolates as well as non-direct sources such as grainbin dust; therefore host alone is insufficient for inclusion.	unresolved_project
GCF_002575795.1	Bacillus cereus	1396	AFS048966	Scaffold		2017-10-18	UNC Chapel Hill	PRJNA400804	SAMN07598041	AFS048966		plant core	USA: NC	2014-04-21	Microbe sample from Bacillus cereus		False	True	False	False	1	True	source	False	False	False	False	0		False	UNRESOLVED	Candidate metadata does not provide sufficiently explicit evidence to demonstrate direct plant association under the fixed inclusion criteria.	insufficient_metadata
GCF_002575815.1	Bacillus cereus	1396	AFS048756	Scaffold		2017-10-18	UNC Chapel Hill	PRJNA400804	SAMN07598037	AFS048756	Soybean	core	USA: IA	2014-05-08	Microbe sample from Bacillus cereus		True	False	False	False	1	True	host	False	False	False	False	0		False	UNRESOLVED	Project-level metadata remains ambiguous: Host is predominantly Corn or Soybean, but isolation_source=core cannot currently be unambiguously interpreted as direct plant tissue. The same BioProject contains explicitly plant-associated root isolates as well as non-direct sources such as grainbin dust; therefore host alone is insufficient for inclusion.	unresolved_project
GCF_002575835.1	Bacillus cereus	1396	AFS048598	Scaffold		2017-10-18	UNC Chapel Hill	PRJNA400804	SAMN07598036	AFS048598	Corn	core	USA: NC	2014-04-30	Microbe sample from Bacillus cereus		True	False	False	False	1	True	host	False	False	False	False	0		False	UNRESOLVED	Project-level metadata remains ambiguous: Host is predominantly Corn or Soybean, but isolation_source=core cannot currently be unambiguously interpreted as direct plant tissue. The same BioProject contains explicitly plant-associated root isolates as well as non-direct sources such as grainbin dust; therefore host alone is insufficient for inclusion.	unresolved_project
GCF_002575935.1	Bacillus cereus	1396	AFS047280	Scaffold		2017-10-18	UNC Chapel Hill	PRJNA400804	SAMN07598023	AFS047280	Corn	core	USA: NC	2014-05-06	Microbe sample from Bacillus cereus		True	False	False	False	1	True	host	False	False	False	False	0		False	UNRESOLVED	Project-level metadata remains ambiguous: Host is predominantly Corn or Soybean, but isolation_source=core cannot currently be unambiguously interpreted as direct plant tissue. The same BioProject contains explicitly plant-associated root isolates as well as non-direct sources such as grainbin dust; therefore host alone is insufficient for inclusion.	unresolved_project
GCF_002575965.1	Bacillus cereus	1396	AFS047135	Scaffold		2017-10-18	UNC Chapel Hill	PRJNA400804	SAMN07598020	AFS047135	Soybean	core	USA: IA	2014-05-08	Microbe sample from Bacillus cereus		True	False	False	False	1	True	host	False	False	False	False	0		False	UNRESOLVED	Project-level metadata remains ambiguous: Host is predominantly Corn or Soybean, but isolation_source=core cannot currently be unambiguously interpreted as direct plant tissue. The same BioProject contains explicitly plant-associated root isolates as well as non-direct sources such as grainbin dust; therefore host alone is insufficient for inclusion.	unresolved_project
GCF_002576005.1	Bacillus cereus	1396	AFS046747	Scaffold		2017-10-18	UNC Chapel Hill	PRJNA400804	SAMN07598018	AFS046747	Corn	core	USA: NC	2014-04-30	Microbe sample from Bacillus cereus		True	False	False	False	1	True	host	False	False	False	False	0		False	UNRESOLVED	Project-level metadata remains ambiguous: Host is predominantly Corn or Soybean, but isolation_source=core cannot currently be unambiguously interpreted as direct plant tissue. The same BioProject contains explicitly plant-associated root isolates as well as non-direct sources such as grainbin dust; therefore host alone is insufficient for inclusion.	unresolved_project
GCF_002576045.1	Bacillus cereus	1396	AFS046388	Scaffold		2017-10-18	UNC Chapel Hill	PRJNA400804	SAMN07598016	AFS046388	Soybean	core	USA: IA	2014-05-08	Microbe sample from Bacillus cereus		True	False	False	False	1	True	host	False	False	False	False	0		False	UNRESOLVED	Project-level metadata remains ambiguous: Host is predominantly Corn or Soybean, but isolation_source=core cannot currently be unambiguously interpreted as direct plant tissue. The same BioProject contains explicitly plant-associated root isolates as well as non-direct sources such as grainbin dust; therefore host alone is insufficient for inclusion.	unresolved_project
GCF_002576065.1	Bacillus cereus	1396	AFS046104	Scaffold		2017-10-18	UNC Chapel Hill	PRJNA400804	SAMN07598013	AFS046104		plant core	USA: NC	2014-04-24	Microbe sample from Bacillus cereus		False	True	False	False	1	True	source	False	False	False	False	0		False	UNRESOLVED	Candidate metadata does not provide sufficiently explicit evidence to demonstrate direct plant association under the fixed inclusion criteria.	insufficient_metadata
GCF_002576095.1	Bacillus cereus	1396	AFS045869	Scaffold		2017-10-18	UNC Chapel Hill	PRJNA400804	SAMN07598006	AFS045869	Corn	core	USA: NC	2014-05-06	Microbe sample from Bacillus cereus		True	False	False	False	1	True	host	False	False	False	False	0		False	UNRESOLVED	Project-level metadata remains ambiguous: Host is predominantly Corn or Soybean, but isolation_source=core cannot currently be unambiguously interpreted as direct plant tissue. The same BioProject contains explicitly plant-associated root isolates as well as non-direct sources such as grainbin dust; therefore host alone is insufficient for inclusion.	unresolved_project
GCF_002576165.1	Bacillus cereus	1396	AFS045348	Scaffold		2017-10-18	UNC Chapel Hill	PRJNA400804	SAMN07597997	AFS045348		plant core	USA: NC	2014-04-30	Microbe sample from Bacillus cereus		False	True	False	False	1	True	source	False	False	False	False	0		False	UNRESOLVED	Candidate metadata does not provide sufficiently explicit evidence to demonstrate direct plant association under the fixed inclusion criteria.	insufficient_metadata
GCF_002576185.1	Bacillus cereus	1396	AFS045152	Scaffold		2017-10-18	UNC Chapel Hill	PRJNA400804	SAMN07597995	AFS045152	Corn	core	USA: NC	2014-05-06	Microbe sample from Bacillus cereus		True	False	False	False	1	True	host	False	False	False	False	0		False	UNRESOLVED	Project-level metadata remains ambiguous: Host is predominantly Corn or Soybean, but isolation_source=core cannot currently be unambiguously interpreted as direct plant tissue. The same BioProject contains explicitly plant-associated root isolates as well as non-direct sources such as grainbin dust; therefore host alone is insufficient for inclusion.	unresolved_project
GCF_002576225.1	Bacillus cereus	1396	AFS044880	Scaffold		2017-10-18	UNC Chapel Hill	PRJNA400804	SAMN07597994	AFS044880		plant core	USA: NC	2014-05-06	Microbe sample from Bacillus cereus		False	True	False	False	1	True	source	False	False	False	False	0		False	UNRESOLVED	Candidate metadata does not provide sufficiently explicit evidence to demonstrate direct plant association under the fixed inclusion criteria.	insufficient_metadata
GCF_002576345.1	Bacillus cereus	1396	AFS043896	Scaffold		2017-10-18	UNC Chapel Hill	PRJNA400804	SAMN07597978	AFS043896	Corn	core	USA: NC	2014-04-30	Microbe sample from Bacillus cereus		True	False	False	False	1	True	host	False	False	False	False	0		False	UNRESOLVED	Project-level metadata remains ambiguous: Host is predominantly Corn or Soybean, but isolation_source=core cannot currently be unambiguously interpreted as direct plant tissue. The same BioProject contains explicitly plant-associated root isolates as well as non-direct sources such as grainbin dust; therefore host alone is insufficient for inclusion.	unresolved_project
GCF_002576365.1	Bacillus cereus	1396	AFS043837	Scaffold		2017-10-18	UNC Chapel Hill	PRJNA400804	SAMN07597977	AFS043837	Corn	core	USA: NC	2014-05-06	Microbe sample from Bacillus cereus		True	False	False	False	1	True	host	False	False	False	False	0		False	UNRESOLVED	Project-level metadata remains ambiguous: Host is predominantly Corn or Soybean, but isolation_source=core cannot currently be unambiguously interpreted as direct plant tissue. The same BioProject contains explicitly plant-associated root isolates as well as non-direct sources such as grainbin dust; therefore host alone is insufficient for inclusion.	unresolved_project
GCF_002576465.1	Bacillus cereus	1396	AFS043359	Scaffold		2017-10-18	UNC Chapel Hill	PRJNA400804	SAMN07597970	AFS043359		plant core	USA: NC	2014-05-06	Microbe sample from Bacillus cereus		False	True	False	False	1	True	source	False	False	False	False	0		False	UNRESOLVED	Candidate metadata does not provide sufficiently explicit evidence to demonstrate direct plant association under the fixed inclusion criteria.	insufficient_metadata
GCF_002576575.1	Bacillus cereus	1396	AFS050653	Scaffold		2017-10-18	UNC Chapel Hill	PRJNA400804	SAMN07598061	AFS050653	Soybean	core	USA: IA	2014-05-08	Microbe sample from Bacillus cereus		True	False	False	False	1	True	host	False	False	False	False	0		False	UNRESOLVED	Project-level metadata remains ambiguous: Host is predominantly Corn or Soybean, but isolation_source=core cannot currently be unambiguously interpreted as direct plant tissue. The same BioProject contains explicitly plant-associated root isolates as well as non-direct sources such as grainbin dust; therefore host alone is insufficient for inclusion.	unresolved_project
GCF_002576695.1	Bacillus cereus	1396	AFS048213	Scaffold		2017-10-18	UNC Chapel Hill	PRJNA400804	SAMN07598033	AFS048213		plant core	USA: NC	2014-04-30	Microbe sample from Bacillus cereus		False	True	False	False	1	True	source	False	False	False	False	0		False	UNRESOLVED	Candidate metadata does not provide sufficiently explicit evidence to demonstrate direct plant association under the fixed inclusion criteria.	insufficient_metadata
GCF_002576825.1	Bacillus cereus	1396	AFS046340	Scaffold		2017-10-18	UNC Chapel Hill	PRJNA400804	SAMN07598014	AFS046340	Corn	core	USA: NC	2014-04-30	Microbe sample from Bacillus cereus		True	False	False	False	1	True	host	False	False	False	False	0		False	UNRESOLVED	Project-level metadata remains ambiguous: Host is predominantly Corn or Soybean, but isolation_source=core cannot currently be unambiguously interpreted as direct plant tissue. The same BioProject contains explicitly plant-associated root isolates as well as non-direct sources such as grainbin dust; therefore host alone is insufficient for inclusion.	unresolved_project
GCF_002576845.1	Bacillus cereus	1396	AFS046374	Scaffold		2017-10-18	UNC Chapel Hill	PRJNA400804	SAMN07598015	AFS046374	Corn	core	USA: NC	2014-04-30	Microbe sample from Bacillus cereus		True	False	False	False	1	True	host	False	False	False	False	0		False	UNRESOLVED	Project-level metadata remains ambiguous: Host is predominantly Corn or Soybean, but isolation_source=core cannot currently be unambiguously interpreted as direct plant tissue. The same BioProject contains explicitly plant-associated root isolates as well as non-direct sources such as grainbin dust; therefore host alone is insufficient for inclusion.	unresolved_project
GCF_002576865.1	Bacillus cereus	1396	AFS045887	Scaffold		2017-10-18	UNC Chapel Hill	PRJNA400804	SAMN07598008	AFS045887		plant	USA: NC	2014-04-09	Microbe sample from Bacillus cereus		False	True	False	False	1	True	source	False	False	False	False	0		False	UNRESOLVED	Candidate metadata does not provide sufficiently explicit evidence to demonstrate direct plant association under the fixed inclusion criteria.	insufficient_metadata
GCF_002576955.1	Bacillus cereus	1396	AFS044520	Contig		2017-10-18	UNC Chapel Hill	PRJNA400804	SAMN07597987	AFS044520	Soybean	core	USA: IA	2014-05-08	Microbe sample from Bacillus cereus		True	False	False	False	1	True	host	False	False	False	False	0		False	UNRESOLVED	Project-level metadata remains ambiguous: Host is predominantly Corn or Soybean, but isolation_source=core cannot currently be unambiguously interpreted as direct plant tissue. The same BioProject contains explicitly plant-associated root isolates as well as non-direct sources such as grainbin dust; therefore host alone is insufficient for inclusion.	unresolved_project
GCF_002577085.1	Bacillus cereus	1396	AFS042863	Scaffold		2017-10-18	UNC Chapel Hill	PRJNA400804	SAMN07597962	AFS042863	Corn	core	USA: NC	2014-04-30	Microbe sample from Bacillus cereus		True	False	False	False	1	True	host	False	False	False	False	0		False	UNRESOLVED	Project-level metadata remains ambiguous: Host is predominantly Corn or Soybean, but isolation_source=core cannot currently be unambiguously interpreted as direct plant tissue. The same BioProject contains explicitly plant-associated root isolates as well as non-direct sources such as grainbin dust; therefore host alone is insufficient for inclusion.	unresolved_project
GCF_002577115.1	Bacillus cereus	1396	AFS042307	Scaffold		2017-10-18	UNC Chapel Hill	PRJNA400804	SAMN07597955	AFS042307		plant core	USA: NC	2014-05-06	Microbe sample from Bacillus cereus		False	True	False	False	1	True	source	False	False	False	False	0		False	UNRESOLVED	Candidate metadata does not provide sufficiently explicit evidence to demonstrate direct plant association under the fixed inclusion criteria.	insufficient_metadata
GCF_002577175.1	Bacillus cereus	1396	AFS042006	Scaffold		2017-10-18	UNC Chapel Hill	PRJNA400804	SAMN07597952	AFS042006	Corn	core	USA: NC	2014-04-30	Microbe sample from Bacillus cereus		True	False	False	False	1	True	host	False	False	False	False	0		False	UNRESOLVED	Project-level metadata remains ambiguous: Host is predominantly Corn or Soybean, but isolation_source=core cannot currently be unambiguously interpreted as direct plant tissue. The same BioProject contains explicitly plant-associated root isolates as well as non-direct sources such as grainbin dust; therefore host alone is insufficient for inclusion.	unresolved_project
GCF_002577205.1	Bacillus cereus	1396	AFS041803	Scaffold		2017-10-18	UNC Chapel Hill	PRJNA400804	SAMN07597950	AFS041803	Soybean	core	USA: IA	2014-05-08	Microbe sample from Bacillus cereus		True	False	False	False	1	True	host	False	False	False	False	0		False	UNRESOLVED	Project-level metadata remains ambiguous: Host is predominantly Corn or Soybean, but isolation_source=core cannot currently be unambiguously interpreted as direct plant tissue. The same BioProject contains explicitly plant-associated root isolates as well as non-direct sources such as grainbin dust; therefore host alone is insufficient for inclusion.	unresolved_project
GCF_002577245.1	Bacillus cereus	1396	AFS041711	Scaffold		2017-10-18	UNC Chapel Hill	PRJNA400804	SAMN07597949	AFS041711		plant core	USA: NC	2014-04-30	Microbe sample from Bacillus cereus		False	True	False	False	1	True	source	False	False	False	False	0		False	UNRESOLVED	Candidate metadata does not provide sufficiently explicit evidence to demonstrate direct plant association under the fixed inclusion criteria.	insufficient_metadata
GCF_002577335.1	Bacillus cereus	1396	AFS041497	Scaffold		2017-10-18	UNC Chapel Hill	PRJNA400804	SAMN07597944	AFS041497		plant core	USA: NC	2014-05-06	Microbe sample from Bacillus cereus		False	True	False	False	1	True	source	False	False	False	False	0		False	UNRESOLVED	Candidate metadata does not provide sufficiently explicit evidence to demonstrate direct plant association under the fixed inclusion criteria.	insufficient_metadata
GCF_002577405.1	Bacillus cereus	1396	AFS041003	Scaffold		2017-10-18	UNC Chapel Hill	PRJNA400804	SAMN07597937	AFS041003	Tomato	plant	USA: NC	2014-01-14	Microbe sample from Bacillus cereus		True	True	False	False	2	True	host;source	False	False	False	False	0		False	UNRESOLVED	Candidate metadata does not provide sufficiently explicit evidence to demonstrate direct plant association under the fixed inclusion criteria.	insufficient_metadata
GCF_002577415.1	Bacillus cereus	1396	AFS041041	Scaffold		2017-10-18	UNC Chapel Hill	PRJNA400804	SAMN07597938	AFS041041		plant core	USA: NC	2014-04-30	Microbe sample from Bacillus cereus		False	True	False	False	1	True	source	False	False	False	False	0		False	UNRESOLVED	Candidate metadata does not provide sufficiently explicit evidence to demonstrate direct plant association under the fixed inclusion criteria.	insufficient_metadata
GCF_002577455.1	Bacillus cereus	1396	AFS040986	Scaffold		2017-10-18	UNC Chapel Hill	PRJNA400804	SAMN07597935	AFS040986	Soybean	core	USA: IA	2014-05-27	Microbe sample from Bacillus cereus		True	False	False	False	1	True	host	False	False	False	False	0		False	UNRESOLVED	Project-level metadata remains ambiguous: Host is predominantly Corn or Soybean, but isolation_source=core cannot currently be unambiguously interpreted as direct plant tissue. The same BioProject contains explicitly plant-associated root isolates as well as non-direct sources such as grainbin dust; therefore host alone is insufficient for inclusion.	unresolved_project
GCF_002577465.1	Bacillus cereus	1396	AFS040984	Scaffold		2017-10-18	UNC Chapel Hill	PRJNA400804	SAMN07597934	AFS040984	Corn	core	USA: IL	2014-05-27	Microbe sample from Bacillus cereus		True	False	False	False	1	True	host	False	False	False	False	0		False	UNRESOLVED	Project-level metadata remains ambiguous: Host is predominantly Corn or Soybean, but isolation_source=core cannot currently be unambiguously interpreted as direct plant tissue. The same BioProject contains explicitly plant-associated root isolates as well as non-direct sources such as grainbin dust; therefore host alone is insufficient for inclusion.	unresolved_project
GCF_002577705.1	Bacillus cereus	1396	AFS040106	Scaffold		2017-10-18	UNC Chapel Hill	PRJNA400804	SAMN07597919	AFS040106	Corn	core	USA: NC	2014-04-30	Microbe sample from Bacillus cereus		True	False	False	False	1	True	host	False	False	False	False	0		False	UNRESOLVED	Project-level metadata remains ambiguous: Host is predominantly Corn or Soybean, but isolation_source=core cannot currently be unambiguously interpreted as direct plant tissue. The same BioProject contains explicitly plant-associated root isolates as well as non-direct sources such as grainbin dust; therefore host alone is insufficient for inclusion.	unresolved_project
GCF_002577755.1	Bacillus cereus	1396	AFS040054	Contig		2017-10-18	UNC Chapel Hill	PRJNA400804	SAMN07597917	AFS040054		plant core	USA: NC	2014-04-21	Microbe sample from Bacillus cereus		False	True	False	False	1	True	source	False	False	False	False	0		False	UNRESOLVED	Candidate metadata does not provide sufficiently explicit evidence to demonstrate direct plant association under the fixed inclusion criteria.	insufficient_metadata
GCF_002578405.1	Bacillus cereus	1396	AFS038041	Scaffold		2017-10-18	UNC Chapel Hill	PRJNA400804	SAMN07597893	AFS038041	Corn	core	USA: NC	2014-04-30	Microbe sample from Bacillus cereus		True	False	False	False	1	True	host	False	False	False	False	0		False	UNRESOLVED	Project-level metadata remains ambiguous: Host is predominantly Corn or Soybean, but isolation_source=core cannot currently be unambiguously interpreted as direct plant tissue. The same BioProject contains explicitly plant-associated root isolates as well as non-direct sources such as grainbin dust; therefore host alone is insufficient for inclusion.	unresolved_project
GCF_002578565.1	Bacillus cereus	1396	AFS039146	Scaffold		2017-10-18	UNC Chapel Hill	PRJNA400804	SAMN07597903	AFS039146		plant core	USA: NC	2014-05-06	Microbe sample from Bacillus cereus		False	True	False	False	1	True	source	False	False	False	False	0		False	UNRESOLVED	Candidate metadata does not provide sufficiently explicit evidence to demonstrate direct plant association under the fixed inclusion criteria.	insufficient_metadata
GCF_002578635.1	Bacillus cereus	1396	AFS038688	Scaffold		2017-10-18	UNC Chapel Hill	PRJNA400804	SAMN07597898	AFS038688	Corn	core	USA: NC	2014-04-30	Microbe sample from Bacillus cereus		True	False	False	False	1	True	host	False	False	False	False	0		False	UNRESOLVED	Project-level metadata remains ambiguous: Host is predominantly Corn or Soybean, but isolation_source=core cannot currently be unambiguously interpreted as direct plant tissue. The same BioProject contains explicitly plant-associated root isolates as well as non-direct sources such as grainbin dust; therefore host alone is insufficient for inclusion.	unresolved_project
GCF_002582385.1	Bacillus cereus	1396	AFS037926	Scaffold		2017-10-18	UNC Chapel Hill	PRJNA400804	SAMN07597892	AFS037926	Soybean	core	USA: IA	2014-05-08	Microbe sample from Bacillus cereus		True	False	False	False	1	True	host	False	False	False	False	0		False	UNRESOLVED	Project-level metadata remains ambiguous: Host is predominantly Corn or Soybean, but isolation_source=core cannot currently be unambiguously interpreted as direct plant tissue. The same BioProject contains explicitly plant-associated root isolates as well as non-direct sources such as grainbin dust; therefore host alone is insufficient for inclusion.	unresolved_project
GCF_002582395.1	Bacillus cereus	1396	AFS037512	Scaffold		2017-10-18	UNC Chapel Hill	PRJNA400804	SAMN07597890	AFS037512	Corn	core	USA: NC	2014-05-06	Microbe sample from Bacillus cereus		True	False	False	False	1	True	host	False	False	False	False	0		False	UNRESOLVED	Project-level metadata remains ambiguous: Host is predominantly Corn or Soybean, but isolation_source=core cannot currently be unambiguously interpreted as direct plant tissue. The same BioProject contains explicitly plant-associated root isolates as well as non-direct sources such as grainbin dust; therefore host alone is insufficient for inclusion.	unresolved_project
GCF_002582665.1	Bacillus cereus	1396	AFS036381	Scaffold		2017-10-18	UNC Chapel Hill	PRJNA400804	SAMN07597878	AFS036381	Corn	core	USA: NC	2014-04-24	Microbe sample from Bacillus cereus		True	False	False	False	1	True	host	False	False	False	False	0		False	UNRESOLVED	Project-level metadata remains ambiguous: Host is predominantly Corn or Soybean, but isolation_source=core cannot currently be unambiguously interpreted as direct plant tissue. The same BioProject contains explicitly plant-associated root isolates as well as non-direct sources such as grainbin dust; therefore host alone is insufficient for inclusion.	unresolved_project
GCF_002582965.1	Bacillus cereus	1396	AFS033400	Scaffold		2017-10-18	UNC Chapel Hill	PRJNA400804	SAMN07597842	AFS033400	Corn	core	USA: NC	2014-04-30	Microbe sample from Bacillus cereus		True	False	False	False	1	True	host	False	False	False	False	0		False	UNRESOLVED	Project-level metadata remains ambiguous: Host is predominantly Corn or Soybean, but isolation_source=core cannot currently be unambiguously interpreted as direct plant tissue. The same BioProject contains explicitly plant-associated root isolates as well as non-direct sources such as grainbin dust; therefore host alone is insufficient for inclusion.	unresolved_project
GCF_002583125.1	Bacillus cereus	1396	AFS032151	Scaffold		2017-10-18	UNC Chapel Hill	PRJNA400804	SAMN07597823	AFS032151	Soybean	core	USA: IA	2014-05-27	Microbe sample from Bacillus cereus		True	False	False	False	1	True	host	False	False	False	False	0		False	UNRESOLVED	Project-level metadata remains ambiguous: Host is predominantly Corn or Soybean, but isolation_source=core cannot currently be unambiguously interpreted as direct plant tissue. The same BioProject contains explicitly plant-associated root isolates as well as non-direct sources such as grainbin dust; therefore host alone is insufficient for inclusion.	unresolved_project
GCF_002583305.1	Bacillus cereus	1396	AFS030229	Scaffold		2017-10-18	UNC Chapel Hill	PRJNA400804	SAMN07597798	AFS030229		plant core	USA: NC	2014-05-06	Microbe sample from Bacillus cereus		False	True	False	False	1	True	source	False	False	False	False	0		False	UNRESOLVED	Candidate metadata does not provide sufficiently explicit evidence to demonstrate direct plant association under the fixed inclusion criteria.	insufficient_metadata
GCF_002583705.1	Bacillus cereus	1396	AFS029679	Scaffold		2017-10-18	UNC Chapel Hill	PRJNA400804	SAMN07597782	AFS029679	Corn	core	USA: NC	2014-04-30	Microbe sample from Bacillus cereus		True	False	False	False	1	True	host	False	False	False	False	0		False	UNRESOLVED	Project-level metadata remains ambiguous: Host is predominantly Corn or Soybean, but isolation_source=core cannot currently be unambiguously interpreted as direct plant tissue. The same BioProject contains explicitly plant-associated root isolates as well as non-direct sources such as grainbin dust; therefore host alone is insufficient for inclusion.	unresolved_project
GCF_002584035.1	Bacillus cereus	1396	AFS036159	Scaffold		2017-10-18	UNC Chapel Hill	PRJNA400804	SAMN07597874	AFS036159	Soybean	core	USA: IA	2014-05-08	Microbe sample from Bacillus cereus		True	False	False	False	1	True	host	False	False	False	False	0		False	UNRESOLVED	Project-level metadata remains ambiguous: Host is predominantly Corn or Soybean, but isolation_source=core cannot currently be unambiguously interpreted as direct plant tissue. The same BioProject contains explicitly plant-associated root isolates as well as non-direct sources such as grainbin dust; therefore host alone is insufficient for inclusion.	unresolved_project
GCF_002584305.1	Bacillus cereus	1396	AFS034541	Scaffold		2017-10-18	UNC Chapel Hill	PRJNA400804	SAMN07597857	AFS034541		plant core	USA: NC	2014-04-30	Microbe sample from Bacillus cereus		False	True	False	False	1	True	source	False	False	False	False	0		False	UNRESOLVED	Candidate metadata does not provide sufficiently explicit evidence to demonstrate direct plant association under the fixed inclusion criteria.	insufficient_metadata
GCF_002584675.1	Bacillus cereus	1396	AFS031264	Scaffold		2017-10-18	UNC Chapel Hill	PRJNA400804	SAMN07597813	AFS031264	Soybean	core	USA: IA	2014-05-08	Microbe sample from Bacillus cereus		True	False	False	False	1	True	host	False	False	False	False	0		False	UNRESOLVED	Project-level metadata remains ambiguous: Host is predominantly Corn or Soybean, but isolation_source=core cannot currently be unambiguously interpreted as direct plant tissue. The same BioProject contains explicitly plant-associated root isolates as well as non-direct sources such as grainbin dust; therefore host alone is insufficient for inclusion.	unresolved_project
GCF_002584765.1	Bacillus cereus	1396	AFS030991	Scaffold		2017-10-18	UNC Chapel Hill	PRJNA400804	SAMN07597807	AFS030991		plant core	USA: NC	2014-05-06	Microbe sample from Bacillus cereus		False	True	False	False	1	True	source	False	False	False	False	0		False	UNRESOLVED	Candidate metadata does not provide sufficiently explicit evidence to demonstrate direct plant association under the fixed inclusion criteria.	insufficient_metadata
GCF_002584775.1	Bacillus cereus	1396	AFS030742	Scaffold		2017-10-18	UNC Chapel Hill	PRJNA400804	SAMN07597802	AFS030742	Corn	core	USA: NC	2014-04-30	Microbe sample from Bacillus cereus		True	False	False	False	1	True	host	False	False	False	False	0		False	UNRESOLVED	Project-level metadata remains ambiguous: Host is predominantly Corn or Soybean, but isolation_source=core cannot currently be unambiguously interpreted as direct plant tissue. The same BioProject contains explicitly plant-associated root isolates as well as non-direct sources such as grainbin dust; therefore host alone is insufficient for inclusion.	unresolved_project
GCF_002585005.1	Bacillus cereus	1396	AFS029617	Scaffold		2017-10-18	UNC Chapel Hill	PRJNA400804	SAMN07597778	AFS029617	Corn	core	USA: NC	2014-04-30	Microbe sample from Bacillus cereus		True	False	False	False	1	True	host	False	False	False	False	0		False	UNRESOLVED	Project-level metadata remains ambiguous: Host is predominantly Corn or Soybean, but isolation_source=core cannot currently be unambiguously interpreted as direct plant tissue. The same BioProject contains explicitly plant-associated root isolates as well as non-direct sources such as grainbin dust; therefore host alone is insufficient for inclusion.	unresolved_project
GCF_002585165.1	Bacillus cereus	1396	AFS037584	Scaffold		2017-10-18	UNC Chapel Hill	PRJNA400804	SAMN07597891	AFS037584	Corn	core	USA: IL	2014-05-27	Microbe sample from Bacillus cereus		True	False	False	False	1	True	host	False	False	False	False	0		False	UNRESOLVED	Project-level metadata remains ambiguous: Host is predominantly Corn or Soybean, but isolation_source=core cannot currently be unambiguously interpreted as direct plant tissue. The same BioProject contains explicitly plant-associated root isolates as well as non-direct sources such as grainbin dust; therefore host alone is insufficient for inclusion.	unresolved_project
GCF_002585385.1	Bacillus cereus	1396	AFS035954	Scaffold		2017-10-18	UNC Chapel Hill	PRJNA400804	SAMN07597871	AFS035954	Corn	core	USA: NC	2014-04-30	Microbe sample from Bacillus cereus		True	False	False	False	1	True	host	False	False	False	False	0		False	UNRESOLVED	Project-level metadata remains ambiguous: Host is predominantly Corn or Soybean, but isolation_source=core cannot currently be unambiguously interpreted as direct plant tissue. The same BioProject contains explicitly plant-associated root isolates as well as non-direct sources such as grainbin dust; therefore host alone is insufficient for inclusion.	unresolved_project
GCF_002585595.1	Bacillus cereus	1396	AFS035044	Scaffold		2017-10-18	UNC Chapel Hill	PRJNA400804	SAMN07597866	AFS035044		plant core	USA: NC	2014-04-21	Microbe sample from Bacillus cereus		False	True	False	False	1	True	source	False	False	False	False	0		False	UNRESOLVED	Candidate metadata does not provide sufficiently explicit evidence to demonstrate direct plant association under the fixed inclusion criteria.	insufficient_metadata
GCF_002585665.1	Bacillus cereus	1396	AFS033440	Scaffold		2017-10-18	UNC Chapel Hill	PRJNA400804	SAMN07597843	AFS033440	Soybean	core	USA: IA	2014-05-08	Microbe sample from Bacillus cereus		True	False	False	False	1	True	host	False	False	False	False	0		False	UNRESOLVED	Project-level metadata remains ambiguous: Host is predominantly Corn or Soybean, but isolation_source=core cannot currently be unambiguously interpreted as direct plant tissue. The same BioProject contains explicitly plant-associated root isolates as well as non-direct sources such as grainbin dust; therefore host alone is insufficient for inclusion.	unresolved_project
GCF_002585695.1	Bacillus cereus	1396	AFS033741	Scaffold		2017-10-18	UNC Chapel Hill	PRJNA400804	SAMN07597849	AFS033741	Oats	plant	USA: NC	2014-01-17	Microbe sample from Bacillus cereus		False	True	False	False	1	True	source	False	False	False	False	0		False	UNRESOLVED	Candidate metadata does not provide sufficiently explicit evidence to demonstrate direct plant association under the fixed inclusion criteria.	insufficient_metadata
GCF_002585765.1	Bacillus cereus	1396	AFS032444	Scaffold		2017-10-18	UNC Chapel Hill	PRJNA400804	SAMN07597827	AFS032444	Corn	core	USA: NC	2014-04-21	Microbe sample from Bacillus cereus		True	False	False	False	1	True	host	False	False	False	False	0		False	UNRESOLVED	Project-level metadata remains ambiguous: Host is predominantly Corn or Soybean, but isolation_source=core cannot currently be unambiguously interpreted as direct plant tissue. The same BioProject contains explicitly plant-associated root isolates as well as non-direct sources such as grainbin dust; therefore host alone is insufficient for inclusion.	unresolved_project
GCF_002585785.1	Bacillus cereus	1396	AFS032567	Scaffold		2017-10-18	UNC Chapel Hill	PRJNA400804	SAMN07597830	AFS032567	Corn	missing	USA: IA	2014-01-17	Microbe sample from Bacillus cereus		True	False	False	False	1	True	host	False	False	False	False	0		False	UNRESOLVED	Candidate metadata does not provide sufficiently explicit evidence to demonstrate direct plant association under the fixed inclusion criteria.	insufficient_metadata
GCF_002585905.1	Bacillus cereus	1396	AFS031451	Scaffold		2017-10-18	UNC Chapel Hill	PRJNA400804	SAMN07597815	AFS031451		plant core	USA: NC	2014-04-09	Microbe sample from Bacillus cereus		False	True	False	False	1	True	source	False	False	False	False	0		False	UNRESOLVED	Candidate metadata does not provide sufficiently explicit evidence to demonstrate direct plant association under the fixed inclusion criteria.	insufficient_metadata
GCF_002585955.1	Bacillus cereus	1396	AFS031003	Scaffold		2017-10-18	UNC Chapel Hill	PRJNA400804	SAMN07597808	AFS031003	Corn	core	USA: NC	2014-04-30	Microbe sample from Bacillus cereus		True	False	False	False	1	True	host	False	False	False	False	0		False	UNRESOLVED	Project-level metadata remains ambiguous: Host is predominantly Corn or Soybean, but isolation_source=core cannot currently be unambiguously interpreted as direct plant tissue. The same BioProject contains explicitly plant-associated root isolates as well as non-direct sources such as grainbin dust; therefore host alone is insufficient for inclusion.	unresolved_project
GCF_002586115.1	Bacillus cereus	1396	AFS030860	Scaffold		2017-10-18	UNC Chapel Hill	PRJNA400804	SAMN07597803	AFS030860	Corn	core	USA: NC	2014-04-30	Microbe sample from Bacillus cereus		True	False	False	False	1	True	host	False	False	False	False	0		False	UNRESOLVED	Project-level metadata remains ambiguous: Host is predominantly Corn or Soybean, but isolation_source=core cannot currently be unambiguously interpreted as direct plant tissue. The same BioProject contains explicitly plant-associated root isolates as well as non-direct sources such as grainbin dust; therefore host alone is insufficient for inclusion.	unresolved_project
GCF_002586215.1	Bacillus cereus	1396	AFS030663	Scaffold		2017-10-18	UNC Chapel Hill	PRJNA400804	SAMN07597801	AFS030663	Soybean	core	USA: IA	2014-05-08	Microbe sample from Bacillus cereus		True	False	False	False	1	True	host	False	False	False	False	0		False	UNRESOLVED	Project-level metadata remains ambiguous: Host is predominantly Corn or Soybean, but isolation_source=core cannot currently be unambiguously interpreted as direct plant tissue. The same BioProject contains explicitly plant-associated root isolates as well as non-direct sources such as grainbin dust; therefore host alone is insufficient for inclusion.	unresolved_project
GCF_002586275.1	Bacillus cereus	1396	AFS030140	Scaffold		2017-10-18	UNC Chapel Hill	PRJNA400804	SAMN07597796	AFS030140	Weed	plant	USA: IN	2014-04-17	Microbe sample from Bacillus cereus		False	True	False	False	1	True	source	False	False	False	False	0		False	UNRESOLVED	Candidate metadata does not provide sufficiently explicit evidence to demonstrate direct plant association under the fixed inclusion criteria.	insufficient_metadata
GCF_003020845.1	Bacillus cereus	1396	FORC60	Complete Genome		2018-03-27	Food-borne Pathogen Omics Research Center, FORC	PRJNA379780	SAMN06619933	FORC60		cucumber	South Korea: Gwangju	2016-01-01	Pathogen: environmental/food/other sample from Bacillus cereus	Bacillus cereus, a ubiquitous bacteria which can be easily found in earth, can trigger food poisoning and lead to acute and irritating symptoms after infection. This sample was isolated from cucumber during pathogen monitoring in South Korea.	False	True	False	True	2	True	source;comment	False	False	False	False	0		False	UNRESOLVED	Candidate metadata does not provide sufficiently explicit evidence to demonstrate direct plant association under the fixed inclusion criteria.	insufficient_metadata
GCF_004330405.1	Bacillus cereus	1396	G12	Contig		2019-03-06	Max Rubner-Institut	PRJNA523497	SAMN10979526	G12		cucumber	Germany: Kiel	2015-05-02	Pathogen: environmental/food/other sample from Bacillus cereus		False	True	False	False	1	True	source	False	False	False	False	0		False	UNRESOLVED	Candidate metadata does not provide sufficiently explicit evidence to demonstrate direct plant association under the fixed inclusion criteria.	insufficient_metadata
GCF_006370265.1	Bacillus cereus	1396	SN4-3	Contig		2019-06-15	ENDOBICA	PRJNA546614	SAMN11962810	SN4-3		dead insect from maize field	Viet Nam	2018-05-28	Microbe sample from Bacillus cereus		False	True	False	False	1	True	source	False	False	False	False	0		False	UNRESOLVED	Candidate metadata does not provide sufficiently explicit evidence to demonstrate direct plant association under the fixed inclusion criteria.	insufficient_metadata
GCF_012395385.1	Bacillus cereus	1396	P2	Scaffold		2020-04-15	Massey University	PRJNA613965	SAMN14422713	P2		potato	New Zealand	2019-07-01	Microbe sample from Bacillus cereus		False	True	False	False	1	True	source	False	False	False	False	0		False	UNRESOLVED	Candidate metadata does not provide sufficiently explicit evidence to demonstrate direct plant association under the fixed inclusion criteria.	insufficient_metadata
GCF_012395395.1	Bacillus cereus	1396	P4	Scaffold		2020-04-15	Massey University	PRJNA613963	SAMN14422714	P4		potato	New Zealand	2019-07-01	Microbe sample from Bacillus cereus		False	True	False	False	1	True	source	False	False	False	False	0		False	UNRESOLVED	Candidate metadata does not provide sufficiently explicit evidence to demonstrate direct plant association under the fixed inclusion criteria.	insufficient_metadata
GCF_012395425.1	Bacillus cereus	1396	P5	Scaffold		2020-04-15	Massey University	PRJNA613962	SAMN14422700	P5		potato	New Zealand	2019-07-01	Microbe sample from Bacillus cereus		False	True	False	False	1	True	source	False	False	False	False	0		False	UNRESOLVED	Candidate metadata does not provide sufficiently explicit evidence to demonstrate direct plant association under the fixed inclusion criteria.	insufficient_metadata
GCF_013284425.1	Bacillus cereus	1396	HB3.1	Contig		2020-06-07	ENDOBICA	PRJNA634627	SAMN15002820	HB3.1		soil of Citrus sinensis plantation	Viet Nam: Cao Phong, Hoa Binh	2019-04-17	Microbe sample from Bacillus cereus		False	True	False	False	1	True	source	False	False	False	False	0		False	UNRESOLVED	Candidate metadata does not provide sufficiently explicit evidence to demonstrate direct plant association under the fixed inclusion criteria.	insufficient_metadata
GCF_013284445.1	Bacillus cereus	1396	M2.1B	Contig		2020-06-07	ENDOBICA	PRJNA634757	SAMN15006485	M2.1B		soil from maize field	Viet Nam: Phu An, Thanh Da, Phuc Tho	2019-12-06	Microbe sample from Bacillus cereus		False	True	False	False	1	True	source	False	False	False	False	0		False	UNRESOLVED	Candidate metadata does not provide sufficiently explicit evidence to demonstrate direct plant association under the fixed inclusion criteria.	insufficient_metadata
GCF_013284505.2	Bacillus cereus	1396	HD1.4B	Complete Genome		2021-11-01	ENDOBICA	PRJNA634685	SAMN15005018	HD1.4B		soil from tomato plant	Viet Nam: Hoai Duc, Ha Noi	2019-04-23	Microbe sample from Bacillus cereus		False	True	False	False	1	True	source	False	False	False	False	0		False	UNRESOLVED	Candidate metadata does not provide sufficiently explicit evidence to demonstrate direct plant association under the fixed inclusion criteria.	insufficient_metadata
GCF_025946485.2	Bacillus cereus	1396	BC38B	Complete Genome		2023-02-24	DGA CBRN Defence Center	PRJNA891199	SAMN31311886	BC38B		pepper	Slovenia	2014	Pathogen: environmental/food/other sample from Bacillus cereus		False	True	False	False	1	True	source	False	False	False	False	0		False	UNRESOLVED	Candidate metadata does not provide sufficiently explicit evidence to demonstrate direct plant association under the fixed inclusion criteria.	insufficient_metadata
GCF_029537525.1	Bacillus cereus	1396	SIBC38A	Contig		2023-04-02	DGA CBRN Defence Center	PRJNA945829	SAMN33794236	SIBC38A		pepper	Slovenia	2014	Pathogen: environmental/food/other sample from Bacillus cereus		False	True	False	False	1	True	source	False	False	False	False	0		False	UNRESOLVED	Candidate metadata does not provide sufficiently explicit evidence to demonstrate direct plant association under the fixed inclusion criteria.	insufficient_metadata
GCF_030848645.1	Bacillus cereus	1396	S-25	Contig		2023-08-21	Agricultural Research Organization - the Volcani Center	PRJNA784166	SAMN23475020	S-25		wheat field soil	Israel	2014-02-24	Bacillus cereus S-25 isolated from soil		False	True	False	False	1	True	source	False	False	False	False	0		False	UNRESOLVED	Candidate metadata does not provide sufficiently explicit evidence to demonstrate direct plant association under the fixed inclusion criteria.	insufficient_metadata
GCF_030848685.1	Bacillus cereus	1396	S-10	Contig		2023-08-21	Agricultural Research Organization - the Volcani Center	PRJNA784166	SAMN24582698	S-10		wheat field soil	Israel	2014-02-24	Bacillus cereus S-10 isolated from soil		False	True	False	False	1	True	source	False	False	False	False	0		False	UNRESOLVED	Candidate metadata does not provide sufficiently explicit evidence to demonstrate direct plant association under the fixed inclusion criteria.	insufficient_metadata
GCF_032145515.1	Bacillus cereus	1396	B126_1	Complete Genome		2023-09-28	National Institute of Agricultural Science	PRJNA995413	SAMN36942558	B126_1	Plant		South Korea	2022	Microbe sample from Bacillus cereus		True	False	False	False	1	True	host	False	False	False	False	0		False	UNRESOLVED	Candidate metadata does not provide sufficiently explicit evidence to demonstrate direct plant association under the fixed inclusion criteria.	insufficient_metadata
GCF_036621605.1	Bacillus cereus	1396	CB00676	Scaffold		2024-02-14	University of California, Riverside	PRJNA1046128	SAMN38476156	CB00676	Citrus sinensis		USA: Florida	2019-08-29	MIGS Cultured Bacterial/Archaeal sample from Bacillus cereus	Keywords: GSC:MIxS;MIGS:6.0	True	False	False	False	1	True	host	False	False	False	False	0		False	UNRESOLVED	Candidate metadata does not provide sufficiently explicit evidence to demonstrate direct plant association under the fixed inclusion criteria.	insufficient_metadata
GCF_037671485.1	Bacillus cereus	1396	y121	Scaffold		2024-03-26	Fujian Normal University	PRJNA1057537	SAMN39136391	y121	tomato		China	2016-07-23	Microbe sample from Bacillus cereus		True	False	False	False	1	True	host	False	False	False	False	0		False	UNRESOLVED	Candidate metadata does not provide sufficiently explicit evidence to demonstrate direct plant association under the fixed inclusion criteria.	insufficient_metadata
GCF_041008095.1	Bacillus cereus	1396	Phyllo_198	Contig		2024-08-01	Cornell University	PRJNA961062	SAMN40556842	Phyllo_198	Lathyrus oleraceus		USA: New York, Ithaca	2019-06-27	Phyllo_198	Keywords: GSC:MIxS;MIGS:6.0	False	False	True	False	1	True	title	False	False	False	False	0		False	UNRESOLVED	Candidate metadata does not provide sufficiently explicit evidence to demonstrate direct plant association under the fixed inclusion criteria.	insufficient_metadata
GCF_043099295.1	Bacillus cereus	1396	zielonkawy	Chromosome		2024-10-14	Lodz University of Technology	PRJNA1129008	SAMN43989781	zielonkawy		maize field	Poland: Lodzkie	2021-10	Microbe sample from Bacillus cereus		False	True	False	False	1	True	source	False	False	False	False	0		False	UNRESOLVED	Candidate metadata does not provide sufficiently explicit evidence to demonstrate direct plant association under the fixed inclusion criteria.	insufficient_metadata
GCF_048824055.1	Bacillus cereus	1396	SKAM2	Contig		2025-03-23	JAYPEE INSTITUTE OF INFORMATION TECHNOLOGY	PRJNA1237547	SAMN47426705	SKAM2		medicinal plant	India: Noida	2023-01-31	Microbe sample from Bacillus cereus		False	True	False	False	1	True	source	False	False	False	False	0		False	UNRESOLVED	Candidate metadata does not provide sufficiently explicit evidence to demonstrate direct plant association under the fixed inclusion criteria.	insufficient_metadata
GCF_050627635.1	Bacillus cereus	1396	TIAC 5201	Contig		2025-05-30	Ghent University	PRJNA1162017	SAMN43795230	TIAC 5201		Beef hamburger with cheese, tomato tapenade, tartar sauce, salad, tomato	Belgium: Brussels	2019-01-01	Pathogen: environmental/food/other sample from Bacillus cereus		False	True	False	False	1	True	source	False	False	False	False	0		False	UNRESOLVED	Candidate metadata does not provide sufficiently explicit evidence to demonstrate direct plant association under the fixed inclusion criteria.	insufficient_metadata
GCF_050628865.1	Bacillus cereus	1396	TIAC 186	Contig		2025-05-30	Ghent University	PRJNA1162017	SAMN43795169	TIAC 186		Tomato and carrot	Belgium: Brussels	2007-01-01	Pathogen: environmental/food/other sample from Bacillus cereus		False	True	False	False	1	True	source	False	False	False	False	0		False	UNRESOLVED	Candidate metadata does not provide sufficiently explicit evidence to demonstrate direct plant association under the fixed inclusion criteria.	insufficient_metadata
GCF_050628965.1	Bacillus cereus	1396	TIAC 182	Contig		2025-05-30	Ghent University	PRJNA1162017	SAMN43795165	TIAC 182		Rice, chicken, shrimps	Belgium: Brussels	2007-01-01	Pathogen: environmental/food/other sample from Bacillus cereus		False	True	False	False	1	True	source	False	False	False	False	0		False	UNRESOLVED	Candidate metadata does not provide sufficiently explicit evidence to demonstrate direct plant association under the fixed inclusion criteria.	insufficient_metadata
GCF_050630225.1	Bacillus cereus	1396	R4	Contig		2025-05-30	Ghent University	PRJNA1162017	SAMN43795101	R4		rice	Belgium: Louvain-La-Neuve	2010-01-01	Pathogen: environmental/food/other sample from Bacillus cereus		False	True	False	False	1	True	source	False	False	False	False	0		False	UNRESOLVED	Candidate metadata does not provide sufficiently explicit evidence to demonstrate direct plant association under the fixed inclusion criteria.	insufficient_metadata
GCF_056339795.1	Bacillus cereus	1396	CB1122	Scaffold		2026-03-26	University of California, Riverside	PRJNA1046128	SAMN54120226	CB1122	Citrus sinensis		USA: Florida	2019-09-17	MIGS Cultured Bacterial/Archaeal sample from Bacillus cereus	Keywords: GSC:MIxS;MIGS:6.0	True	False	False	False	1	True	host	False	False	False	False	0		False	UNRESOLVED	Candidate metadata does not provide sufficiently explicit evidence to demonstrate direct plant association under the fixed inclusion criteria.	insufficient_metadata
GCF_057624885.1	Bacillus cereus	1396	HUB0155	Complete Genome		2026-05-19	South China Agricultural University	PRJNA1464445	SAMN59708364	HUB0155	plant		China:Meizhou	2025-03-05	Microbe sample from Bacillus cereus		True	False	False	False	1	True	host	False	False	False	False	0		False	UNRESOLVED	Candidate metadata does not provide sufficiently explicit evidence to demonstrate direct plant association under the fixed inclusion criteria.	insufficient_metadata
GCF_058449145.1	Bacillus cereus	1396	CGK7	Complete Genome		2026-06-26	Van Lang University	PRJNA1244537	SAMN47628865	CGK7	Cyperus sp.	plant	Viet Nam: HoChiMinh City	2024	Microbe sample from Bacillus cereus		False	True	False	False	1	True	source	False	False	False	False	0		False	UNRESOLVED	Candidate metadata does not provide sufficiently explicit evidence to demonstrate direct plant association under the fixed inclusion criteria.	insufficient_metadata
GCF_059690735.1	Bacillus cereus	1396	SH8	Complete Genome		2026-07-29	Huzhou College	PRJNA1484210	SAMN61223593	SH8	Sarcandra glabra	plant	China	2025-06-12	MIGS Cultured Bacterial/Archaeal sample from Bacillus cereus	Keywords: GSC:MIxS;MIGS:6.0	False	True	False	False	1	True	source	False	False	False	False	0		False	UNRESOLVED	Candidate metadata does not provide sufficiently explicit evidence to demonstrate direct plant association under the fixed inclusion criteria.	insufficient_metadata
GCF_918189065.1	Bacillus cereus	1396		Scaffold		2022-11-29	AARHUS UNIVERSITY, DEPARTMENT OF FOOD SCIENCE	PRJEB48079	SAMEA9996434			wheat grass		2016-01-01	Bacillus cereus strain		False	True	False	False	1	True	source	False	False	False	False	0		False	UNRESOLVED	Candidate metadata does not provide sufficiently explicit evidence to demonstrate direct plant association under the fixed inclusion criteria.	insufficient_metadata
GCF_013425305.1	Bacillus cytotoxicus	580165	CH_213	Contig		2020-07-19	University of Zurich	PRJNA646186	SAMN15525986	CH_213		mashed potato	Switzerland:Zurich	2017	Pathogen: environmental/food/other sample from Bacillus cytotoxicus		False	True	False	False	1	True	source	False	False	False	False	0		False	UNRESOLVED	Candidate metadata does not provide sufficiently explicit evidence to demonstrate direct plant association under the fixed inclusion criteria.	insufficient_metadata
GCF_017909235.1	Bacillus cytotoxicus	580165	PDT2.12	Complete Genome		2021-04-12	Universite Catholique de Louvain	PRJNA684687	SAMN17065810	PDT2.12		Potato flake	Belgium	2019	Microbe sample from Bacillus cytotoxicus		False	True	False	False	1	True	source	False	False	False	False	0		False	UNRESOLVED	Candidate metadata does not provide sufficiently explicit evidence to demonstrate direct plant association under the fixed inclusion criteria.	insufficient_metadata
GCF_017909295.1	Bacillus cytotoxicus	580165	E28.3	Complete Genome		2021-04-12	Universite Catholique de Louvain	PRJNA684687	SAMN17065809	E28.3		Potato flake	Belgium	2019	Microbe sample from Bacillus cytotoxicus		False	True	False	False	1	True	source	False	False	False	False	0		False	UNRESOLVED	Candidate metadata does not provide sufficiently explicit evidence to demonstrate direct plant association under the fixed inclusion criteria.	insufficient_metadata
GCF_017909395.1	Bacillus cytotoxicus	580165	E17.4	Complete Genome		2021-04-12	Universite Catholique de Louvain	PRJNA684687	SAMN17065808	E17.4		Potato flake	Belgium	2019	Microbe sample from Bacillus cytotoxicus		False	True	False	False	1	True	source	False	False	False	False	0		False	UNRESOLVED	Candidate metadata does not provide sufficiently explicit evidence to demonstrate direct plant association under the fixed inclusion criteria.	insufficient_metadata
GCF_017909435.1	Bacillus cytotoxicus	580165	E8.1	Complete Genome		2021-04-12	Universite Catholique de Louvain	PRJNA684687	SAMN17065807	E8.1		Potato flake	Belgium	2019	Microbe sample from Bacillus cytotoxicus		False	True	False	False	1	True	source	False	False	False	False	0		False	UNRESOLVED	Candidate metadata does not provide sufficiently explicit evidence to demonstrate direct plant association under the fixed inclusion criteria.	insufficient_metadata
GCF_026013885.1	Bacillus halotolerans	260554	HMB20199	Complete Genome		2022-11-06	Hebei Academy of Agricultural and Forestry Sciences	PRJNA895168	SAMN31494998	HMB20199	plant		China: Baoding	2010-12-20	Microbe sample from Bacillus halotolerans		True	False	False	False	1	True	host	False	False	False	False	0		False	UNRESOLVED	Candidate metadata does not provide sufficiently explicit evidence to demonstrate direct plant association under the fixed inclusion criteria.	insufficient_metadata
GCF_056833915.1	Bacillus halotolerans	260554	105	Complete Genome		2026-04-21	Shandong Agricultural University	PRJNA1247214	SAMN47806620	105	Rhizopus	soil	China: Shandong, Zibo	2022-03-01	Microbe sample from Bacillus halotolerans		True	False	False	False	1	True	host	False	False	False	False	0		False	UNRESOLVED	Candidate metadata does not provide sufficiently explicit evidence to demonstrate direct plant association under the fixed inclusion criteria.	insufficient_metadata
GCF_057178265.1	Bacillus halotolerans	260554	Sp310	Contig		2026-05-02	Research Laboratory of Environmental Toxicology Microbiology and Health (LR17ES06)	PRJNA1457552	SAMN57485286	Sp310		Wheat plant	Tunisia	2023-04	Microbe sample from Bacillus halotolerans		False	True	False	False	1	True	source	False	False	False	False	0		False	UNRESOLVED	Candidate metadata does not provide sufficiently explicit evidence to demonstrate direct plant association under the fixed inclusion criteria.	insufficient_metadata
GCF_057321285.1	Bacillus halotolerans	260554	Sp405	Contig		2026-05-06	Research Laboratory of Environmental Toxicology Microbiology and Health (LR17ES06), Faculty of Scie	PRJNA1457109	SAMN57446810	Sp405		Alfalfa plant	Tunisia	2023-04-19	Microbe sample from Bacillus halotolerans		False	True	False	False	1	True	source	False	False	False	False	0		False	UNRESOLVED	Candidate metadata does not provide sufficiently explicit evidence to demonstrate direct plant association under the fixed inclusion criteria.	insufficient_metadata
GCF_057655315.1	Bacillus halotolerans	260554	Soil_N37	Contig		2026-05-19	CAU	PRJNA1104147	SAMN41070075	Soil_N37		Maize bulk soils	China: Guangdong	2023-11-21	Microbe sample from Bacillus halotolerans		False	True	False	False	1	True	source	False	False	False	False	0		False	UNRESOLVED	Candidate metadata does not provide sufficiently explicit evidence to demonstrate direct plant association under the fixed inclusion criteria.	insufficient_metadata
GCF_057655695.1	Bacillus halotolerans	260554	Soil_N_61	Scaffold		2026-05-19	CAU	PRJNA1104147	SAMN41070063	Soil_N_61		Maize bulk soils	China: Hunan	2023-11-21	Microbe sample from Bacillus halotolerans		False	True	False	False	1	True	source	False	False	False	False	0		False	UNRESOLVED	Candidate metadata does not provide sufficiently explicit evidence to demonstrate direct plant association under the fixed inclusion criteria.	insufficient_metadata
GCF_057656855.1	Bacillus halotolerans	260554	Soil_C_37	Scaffold		2026-05-19	CAU	PRJNA1104147	SAMN41070002	Soil_C_37		Dryland maize soils	China: Hunan	2023-10-21	Microbe sample from Bacillus halotolerans		False	True	False	False	1	True	source	False	False	False	False	0		False	UNRESOLVED	Candidate metadata does not provide sufficiently explicit evidence to demonstrate direct plant association under the fixed inclusion criteria.	insufficient_metadata
GCF_057657415.1	Bacillus halotolerans	260554	Soil_C_10	Scaffold		2026-05-19	CAU	PRJNA1104147	SAMN41069974	Soil_C_10		Maize soils	China: Hebei	2023-10-12	Microbe sample from Bacillus halotolerans		False	True	False	False	1	True	source	False	False	False	False	0		False	UNRESOLVED	Candidate metadata does not provide sufficiently explicit evidence to demonstrate direct plant association under the fixed inclusion criteria.	insufficient_metadata
GCF_015689075.1	Bacillus licheniformis	1402	LCDD6	Complete Genome		2020-11-25	Shandong Agricultural University	PRJNA661689	SAMN16069670	LCDD6	Corn		China:Taian	2018-01	MIGS Cultured Bacterial/Archaeal sample from Bacillus licheniformis LCDD6	Keywords: GSC:MIxS;MIGS:6.0	True	False	False	False	1	True	host	False	False	False	False	0		False	UNRESOLVED	Candidate metadata does not provide sufficiently explicit evidence to demonstrate direct plant association under the fixed inclusion criteria.	insufficient_metadata
GCF_040513645.1	Bacillus licheniformis	1402	Bac8	Scaffold		2024-07-03	Lodz University of Technology	PRJNA1129008	SAMN42110438	Bac8		maize field	Poland: Lodzkie	2021-10	Microbe sample from Bacillus licheniformis		False	True	False	False	1	True	source	False	False	False	False	0		False	UNRESOLVED	Candidate metadata does not provide sufficiently explicit evidence to demonstrate direct plant association under the fixed inclusion criteria.	insufficient_metadata
GCF_048799685.1	Bacillus licheniformis	1402	SKAM1	Contig		2025-03-21	JAYPEE INSTITUTE OF INFORMATION TECHNOLOGY	PRJNA1234840	SAMN47310464	SKAM1	Humulus lupulus	medicinal Plant	India	2023-01-31	Microbe sample from Bacillus licheniformis		False	True	False	False	1	True	source	False	False	False	False	0		False	UNRESOLVED	Candidate metadata does not provide sufficiently explicit evidence to demonstrate direct plant association under the fixed inclusion criteria.	insufficient_metadata
GCF_059941665.1	Bacillus licheniformis	1402		Contig		2026-08-08	Gujarat Biotechnology Research Centre	PRJNA1233178	SAMN61731080		not applicable	Guggle Plant	India: Lekawada, Gandhinagar, Gujarat	2025-07-03	Bacillus licheniformis B1		False	True	False	False	1	True	source	False	False	False	False	0		False	UNRESOLVED	Candidate metadata does not provide sufficiently explicit evidence to demonstrate direct plant association under the fixed inclusion criteria.	insufficient_metadata
GCF_061554875.1	Bacillus licheniformis	1402	CG7	Scaffold		2026-09-22	Van Lang University	PRJNA1244537	SAMN47628860	CG7	Cyperus sp.	plant	Viet Nam: HoChiMinh City	2024	Microbe sample from Bacillus licheniformis		False	True	False	False	1	True	source	False	False	False	False	0		False	UNRESOLVED	Candidate metadata does not provide sufficiently explicit evidence to demonstrate direct plant association under the fixed inclusion criteria.	insufficient_metadata
GCF_000603985.1	Bacillus licheniformis F2-1	1433291	F2-1	Scaffold		2014-03-28	The University of Queensland	PRJNA230654	SAMN02486612	F2-1			Australia: Victoria	2010-07-25	Sample containing F2-1	Bacillus licheniformis strain F2-1 belonging to RAPD group F2 from a concentrated milk sample collected in July 2010 from milk powder manufacturing plant 2, Victoria, Australia	False	False	False	True	1	True	comment	False	False	False	False	0		False	UNRESOLVED	Candidate metadata does not provide sufficiently explicit evidence to demonstrate direct plant association under the fixed inclusion criteria.	insufficient_metadata
GCF_001484805.1	Bacillus mycoides	1405	M2E_15	Scaffold		2016-01-05	University of Groningen	PRJNA298676	SAMN04161523	M2E_15	Potato		Netherlands	2014-05-05	Microbe sample from Bacillus mycoides		True	False	False	False	1	True	host	False	False	False	False	0		False	UNRESOLVED	Candidate metadata does not provide sufficiently explicit evidence to demonstrate direct plant association under the fixed inclusion criteria.	insufficient_metadata
GCF_002568935.1	Bacillus mycoides	1405	AFS075998	Scaffold		2017-10-17	UNC Chapel Hill	PRJNA400804	SAMN07598413	AFS075998		plant core	USA: NC	2014-04-21	Microbe sample from Bacillus mycoides		False	True	False	False	1	True	source	False	False	False	False	0		False	UNRESOLVED	Candidate metadata does not provide sufficiently explicit evidence to demonstrate direct plant association under the fixed inclusion criteria.	insufficient_metadata
GCF_050628015.1	Bacillus mycoides	1405	TIAC 4375	Contig		2025-05-30	Ghent University	PRJNA1162017	SAMN43795211	TIAC 4375		rice	Belgium: Brussels	2018-01-01	Pathogen: environmental/food/other sample from Bacillus mycoides		False	True	False	False	1	True	source	False	False	False	False	0		False	UNRESOLVED	Candidate metadata does not provide sufficiently explicit evidence to demonstrate direct plant association under the fixed inclusion criteria.	insufficient_metadata
GCF_054062415.1	Bacillus mycoides	1405	TE21438	Contig		2025-12-17	DOE Joint Genome Institute	PRJNA1353995	SAMN52938748	TE21438	not applicable		USA: Ridgeway, Iowa	missing	Bacillus mycoides TE21438	Genome sequencing of secondary metabolite-producing environmental bacteria isolated from Tiny Earth (TE), a worldwide network that is aiming to crowdsource antimicrobial discovery for the control of plant pathogens using college students as the workforce.	False	False	False	True	1	True	comment	False	False	False	False	0		False	UNRESOLVED	Candidate metadata does not provide sufficiently explicit evidence to demonstrate direct plant association under the fixed inclusion criteria.	insufficient_metadata
GCF_918192685.1	Bacillus mycoides	1405		Scaffold		2022-11-29	AARHUS UNIVERSITY, DEPARTMENT OF FOOD SCIENCE	PRJEB48079	SAMEA9996433			wheat grass		2016-01-01	Bacillus weihenstephanensis strain		False	True	False	False	1	True	source	False	False	False	False	0		False	UNRESOLVED	Candidate metadata does not provide sufficiently explicit evidence to demonstrate direct plant association under the fixed inclusion criteria.	insufficient_metadata
GCF_013284485.1	Bacillus pacificus	2026187	HD1.3	Contig		2020-06-07	ENDOBICA	PRJNA634677	SAMN15003255	HD1.3		soil from tomato plant	Viet Nam: Hoai Duc, Ha Noi	2019-04-23	Microbe sample from Bacillus pacificus		False	True	False	False	1	True	source	False	False	False	False	0		False	UNRESOLVED	Candidate metadata does not provide sufficiently explicit evidence to demonstrate direct plant association under the fixed inclusion criteria.	insufficient_metadata
GCF_051917385.1	Bacillus pacificus	2026187	B630	Contig		2025-08-11	Universidad Autonoma de Guerrero	PRJNA1285583	SAMN49769612	B630		Rice-based desserts	Mexico: Chilpancingo de los Bravo, Guerrero	2023-08-08	One Health Enteric sample from Bacillus pacificus		False	True	False	False	1	True	source	False	False	False	False	0		False	UNRESOLVED	Candidate metadata does not provide sufficiently explicit evidence to demonstrate direct plant association under the fixed inclusion criteria.	insufficient_metadata
GCF_008365255.1	Bacillus paralicheniformis	1648923	A4-3	Complete Genome		2019-09-10	National Institute of Agricultural Sciences	PRJNA552192	SAMN12179583	A4-3		tomato	South Korea: Jeon-buk	2018	Microbe sample from Bacillus paralicheniformis		False	True	False	False	1	True	source	False	False	False	False	0		False	UNRESOLVED	Candidate metadata does not provide sufficiently explicit evidence to demonstrate direct plant association under the fixed inclusion criteria.	insufficient_metadata
GCF_019336205.1	Bacillus paralicheniformis	1648923	BIK4	Contig		2021-07-25	ICAR Indian Institute of Rice Research	PRJNA744714	SAMN19006114	BIK4	rice	missing	India: Karimnagar	2019-08-08	Microbe sample from Bacillus paralicheniformis		True	False	False	False	1	True	host	False	False	False	False	0		False	UNRESOLVED	Candidate metadata does not provide sufficiently explicit evidence to demonstrate direct plant association under the fixed inclusion criteria.	insufficient_metadata
GCF_029000405.1	Bacillus paralicheniformis	1648923	RP01	Complete Genome		2023-03-06	Chengdu University	PRJNA937068	SAMN33388128	RP01	missing	purple soil of Beibei District	China: Chongqing	2022-10-01	Functional study of Bacillus paralicheniformis RP01 to promote plant growth		False	False	True	False	1	True	title	False	False	False	False	0		False	UNRESOLVED	Candidate metadata does not provide sufficiently explicit evidence to demonstrate direct plant association under the fixed inclusion criteria.	insufficient_metadata
GCF_057178285.1	Bacillus paralicheniformis	1648923	Sp307	Contig		2026-05-02	Research Laboratory of Environmental Toxicology Microbiology and Health (LR17ES06)	PRJNA1457552	SAMN57491590	Sp307		Wheat plant	Tunisia	2023-04	Microbe sample from Bacillus paralicheniformis		False	True	False	False	1	True	source	False	False	False	False	0		False	UNRESOLVED	Candidate metadata does not provide sufficiently explicit evidence to demonstrate direct plant association under the fixed inclusion criteria.	insufficient_metadata
GCF_009498675.1	Bacillus paranthracis	2026186	EFR-4	Scaffold		2019-09-23	Chinese Academy Of Sciences	PRJNA561916	SAMN12630791	EFR-4	rice	missing	China: Jiangxi	missing	Pathogen: environmental/food/other sample from Bacillus paranthracis		True	False	False	False	1	True	host	False	False	False	False	0		False	UNRESOLVED	Candidate metadata does not provide sufficiently explicit evidence to demonstrate direct plant association under the fixed inclusion criteria.	insufficient_metadata
GCF_027945115.1	Bacillus paranthracis	2026186	NVH_0075/95	Complete Genome		2023-01-24	Norwegian University of Life Sciences, Faculty of Veterinary Medicine	PRJNA923361	SAMN32721127	NVH_0075/95		rice	Norway	1995	Pathogen: environmental/food/other sample from Bacillus paranthracis		False	True	False	False	1	True	source	False	False	False	False	0		False	UNRESOLVED	Candidate metadata does not provide sufficiently explicit evidence to demonstrate direct plant association under the fixed inclusion criteria.	insufficient_metadata
GCF_036209925.1	Bacillus paranthracis	2026186	B-59455	Scaffold		2024-01-26	USDA-ARS-NCAUR	PRJNA802201	SAMN32927381	B-59455		corn	USA: Illinois	2010-06-22	Microbe sample from Bacillus paranthracis		False	True	False	False	1	True	source	False	False	False	False	0		False	UNRESOLVED	Candidate metadata does not provide sufficiently explicit evidence to demonstrate direct plant association under the fixed inclusion criteria.	insufficient_metadata
GCF_049257295.1	Bacillus paranthracis	2026186	TSO55	Contig		2025-04-02	Instituto Tecnologico de Sonora	PRJNA1080047	SAMN44426338	TSO55	wheat	soil	Mexico: Yaqui Valley	2014	Microbe sample from Bacillus paranthracis		True	False	False	False	1	True	host	False	False	False	False	0		False	UNRESOLVED	Candidate metadata does not provide sufficiently explicit evidence to demonstrate direct plant association under the fixed inclusion criteria.	insufficient_metadata
GCF_050627275.1	Bacillus paranthracis	2026186	TIAC 6719	Contig		2025-05-30	Ghent University	PRJNA1162017	SAMN43795245	TIAC 6719		Smoked mackerel with pepper	Belgium: Brussels	2022-01-01	Pathogen: environmental/food/other sample from Bacillus paranthracis		False	True	False	False	1	True	source	False	False	False	False	0		False	UNRESOLVED	Candidate metadata does not provide sufficiently explicit evidence to demonstrate direct plant association under the fixed inclusion criteria.	insufficient_metadata
GCF_050627595.1	Bacillus paranthracis	2026186	TIAC 5205	Contig		2025-05-30	Ghent University	PRJNA1162017	SAMN43795231	TIAC 5205		rice	Belgium: Brussels	2019-01-01	Pathogen: environmental/food/other sample from Bacillus paranthracis		False	True	False	False	1	True	source	False	False	False	False	0		False	UNRESOLVED	Candidate metadata does not provide sufficiently explicit evidence to demonstrate direct plant association under the fixed inclusion criteria.	insufficient_metadata
GCF_050628385.1	Bacillus paranthracis	2026186	TIAC 3001	Contig		2025-05-30	Ghent University	PRJNA1162017	SAMN43795192	TIAC 3001		Rice with scampi	Belgium: Brussels	2015-01-01	Pathogen: environmental/food/other sample from Bacillus paranthracis		False	True	False	False	1	True	source	False	False	False	False	0		False	UNRESOLVED	Candidate metadata does not provide sufficiently explicit evidence to demonstrate direct plant association under the fixed inclusion criteria.	insufficient_metadata
GCF_050629505.1	Bacillus paranthracis	2026186	EMET027	Contig		2025-05-30	Ghent University	PRJNA1162017	SAMN43795137	EMET027		rice	Belgium: Louvain-La-Neuve	2004-01-01	Pathogen: environmental/food/other sample from Bacillus paranthracis		False	True	False	False	1	True	source	False	False	False	False	0		False	UNRESOLVED	Candidate metadata does not provide sufficiently explicit evidence to demonstrate direct plant association under the fixed inclusion criteria.	insufficient_metadata
GCF_050629525.1	Bacillus paranthracis	2026186	EMET032	Contig		2025-05-30	Ghent University	PRJNA1162017	SAMN43795136	EMET032		rice	Belgium: Louvain-La-Neuve	2009-01-01	Pathogen: environmental/food/other sample from Bacillus paranthracis		False	True	False	False	1	True	source	False	False	False	False	0		False	UNRESOLVED	Candidate metadata does not provide sufficiently explicit evidence to demonstrate direct plant association under the fixed inclusion criteria.	insufficient_metadata
GCF_050629625.1	Bacillus paranthracis	2026186	EMET030	Contig		2025-05-30	Ghent University	PRJNA1162017	SAMN43795131	EMET030		rice	Belgium: Louvain-La-Neuve	2008-01-01	Pathogen: environmental/food/other sample from Bacillus paranthracis		False	True	False	False	1	True	source	False	False	False	False	0		False	UNRESOLVED	Candidate metadata does not provide sufficiently explicit evidence to demonstrate direct plant association under the fixed inclusion criteria.	insufficient_metadata
GCF_050629825.1	Bacillus paranthracis	2026186	Bc166	Contig		2025-05-30	Ghent University	PRJNA1162017	SAMN43795121	Bc166		rice	Belgium: Louvain-La-Neuve	2005-01-01	Pathogen: environmental/food/other sample from Bacillus paranthracis		False	True	False	False	1	True	source	False	False	False	False	0		False	UNRESOLVED	Candidate metadata does not provide sufficiently explicit evidence to demonstrate direct plant association under the fixed inclusion criteria.	insufficient_metadata
GCF_059772085.1	Bacillus paranthracis	2026186	AS_6	Contig		2026-08-03	University of Johannesburg	PRJNA1497297	SAMN61796853	AS_6		plant	South Africa: Limpopo	2017-03-17	Microbe sample from Bacillus paranthracis		False	True	False	False	1	True	source	False	False	False	False	0		False	UNRESOLVED	Candidate metadata does not provide sufficiently explicit evidence to demonstrate direct plant association under the fixed inclusion criteria.	insufficient_metadata
GCF_050627195.1	Bacillus pretiosus	2983392	TIAC 78	Contig		2025-05-30	Ghent University	PRJNA1162017	SAMN43795251	TIAC 78		rice	Belgium: Brussels	2007-01-01	Pathogen: environmental/food/other sample from Bacillus pretiosus		False	True	False	False	1	True	source	False	False	False	False	0		False	UNRESOLVED	Candidate metadata does not provide sufficiently explicit evidence to demonstrate direct plant association under the fixed inclusion criteria.	insufficient_metadata
GCF_050627755.1	Bacillus pretiosus	2983392	TIAC 4930	Contig		2025-05-30	Ghent University	PRJNA1162017	SAMN43795224	TIAC 4930		rice	Belgium: Brussels	2019-01-01	Pathogen: environmental/food/other sample from Bacillus pretiosus		False	True	False	False	1	True	source	False	False	False	False	0		False	UNRESOLVED	Candidate metadata does not provide sufficiently explicit evidence to demonstrate direct plant association under the fixed inclusion criteria.	insufficient_metadata
GCF_002550095.1	Bacillus pseudomycoides	64104	AFS099456	Scaffold		2017-10-13	UNC Chapel Hill	PRJNA400804	SAMN07598713	AFS099456	Corn	core	USA: IL	2014-05-22	Microbe sample from Bacillus pseudomycoides		True	False	False	False	1	True	host	False	False	False	False	0		False	UNRESOLVED	Project-level metadata remains ambiguous: Host is predominantly Corn or Soybean, but isolation_source=core cannot currently be unambiguously interpreted as direct plant tissue. The same BioProject contains explicitly plant-associated root isolates as well as non-direct sources such as grainbin dust; therefore host alone is insufficient for inclusion.	unresolved_project
GCF_002550255.1	Bacillus pseudomycoides	64104	AFS098141	Scaffold		2017-10-13	UNC Chapel Hill	PRJNA400804	SAMN07598695	AFS098141	Corn	core	USA: IL	2014-05-22	Microbe sample from Bacillus pseudomycoides		True	False	False	False	1	True	host	False	False	False	False	0		False	UNRESOLVED	Project-level metadata remains ambiguous: Host is predominantly Corn or Soybean, but isolation_source=core cannot currently be unambiguously interpreted as direct plant tissue. The same BioProject contains explicitly plant-associated root isolates as well as non-direct sources such as grainbin dust; therefore host alone is insufficient for inclusion.	unresolved_project
GCF_002550445.1	Bacillus pseudomycoides	64104	AFS095604	Scaffold		2017-10-13	UNC Chapel Hill	PRJNA400804	SAMN07598657	AFS095604	Soybean	core	USA: IA	2014-05-08	Microbe sample from Bacillus pseudomycoides		True	False	False	False	1	True	host	False	False	False	False	0		False	UNRESOLVED	Project-level metadata remains ambiguous: Host is predominantly Corn or Soybean, but isolation_source=core cannot currently be unambiguously interpreted as direct plant tissue. The same BioProject contains explicitly plant-associated root isolates as well as non-direct sources such as grainbin dust; therefore host alone is insufficient for inclusion.	unresolved_project
GCF_002551555.1	Bacillus pseudomycoides	64104	AFS089336	Scaffold		2017-10-13	UNC Chapel Hill	PRJNA400804	SAMN07598583	AFS089336	Corn	core	USA: IL	2014-05-22	Microbe sample from Bacillus pseudomycoides		True	False	False	False	1	True	host	False	False	False	False	0		False	UNRESOLVED	Project-level metadata remains ambiguous: Host is predominantly Corn or Soybean, but isolation_source=core cannot currently be unambiguously interpreted as direct plant tissue. The same BioProject contains explicitly plant-associated root isolates as well as non-direct sources such as grainbin dust; therefore host alone is insufficient for inclusion.	unresolved_project
GCF_002552575.1	Bacillus pseudomycoides	64104	AFS092470	Scaffold		2017-10-13	UNC Chapel Hill	PRJNA400804	SAMN07598613	AFS092470	Soybean	core	USA: IA	2014-05-08	Microbe sample from Bacillus pseudomycoides		True	False	False	False	1	True	host	False	False	False	False	0		False	UNRESOLVED	Project-level metadata remains ambiguous: Host is predominantly Corn or Soybean, but isolation_source=core cannot currently be unambiguously interpreted as direct plant tissue. The same BioProject contains explicitly plant-associated root isolates as well as non-direct sources such as grainbin dust; therefore host alone is insufficient for inclusion.	unresolved_project
GCF_002552815.1	Bacillus pseudomycoides	64104	AFS099912	Scaffold		2017-10-13	UNC Chapel Hill	PRJNA400804	SAMN07598722	AFS099912	Corn	missing	USA: IA	2014-01-17	Microbe sample from Bacillus pseudomycoides		True	False	False	False	1	True	host	False	False	False	False	0		False	UNRESOLVED	Candidate metadata does not provide sufficiently explicit evidence to demonstrate direct plant association under the fixed inclusion criteria.	insufficient_metadata
GCF_002553275.1	Bacillus pseudomycoides	64104	AFS092115	Scaffold		2017-10-13	UNC Chapel Hill	PRJNA400804	SAMN07598611	AFS092115	Corn	core	USA: IL	2014-05-22	Microbe sample from Bacillus pseudomycoides		True	False	False	False	1	True	host	False	False	False	False	0		False	UNRESOLVED	Project-level metadata remains ambiguous: Host is predominantly Corn or Soybean, but isolation_source=core cannot currently be unambiguously interpreted as direct plant tissue. The same BioProject contains explicitly plant-associated root isolates as well as non-direct sources such as grainbin dust; therefore host alone is insufficient for inclusion.	unresolved_project
GCF_002555145.1	Bacillus pseudomycoides	64104	AFS013396	Scaffold		2017-10-16	UNC Chapel Hill	PRJNA400804	SAMN07597416	AFS013396	Corn	core	USA: IL	2014-05-22	Microbe sample from Bacillus pseudomycoides		True	False	False	False	1	True	host	False	False	False	False	0		False	UNRESOLVED	Project-level metadata remains ambiguous: Host is predominantly Corn or Soybean, but isolation_source=core cannot currently be unambiguously interpreted as direct plant tissue. The same BioProject contains explicitly plant-associated root isolates as well as non-direct sources such as grainbin dust; therefore host alone is insufficient for inclusion.	unresolved_project
GCF_002555245.1	Bacillus pseudomycoides	64104	AFS011189	Scaffold		2017-10-16	UNC Chapel Hill	PRJNA400804	SAMN07597390	AFS011189	Soybean	core	USA: IA	2014-05-08	Microbe sample from Bacillus pseudomycoides		True	False	False	False	1	True	host	False	False	False	False	0		False	UNRESOLVED	Project-level metadata remains ambiguous: Host is predominantly Corn or Soybean, but isolation_source=core cannot currently be unambiguously interpreted as direct plant tissue. The same BioProject contains explicitly plant-associated root isolates as well as non-direct sources such as grainbin dust; therefore host alone is insufficient for inclusion.	unresolved_project
GCF_002555275.1	Bacillus pseudomycoides	64104	AFS012367	Scaffold		2017-10-16	UNC Chapel Hill	PRJNA400804	SAMN07597404	AFS012367	Soybean	core	USA: IA	2014-05-08	Microbe sample from Bacillus pseudomycoides		True	False	False	False	1	True	host	False	False	False	False	0		False	UNRESOLVED	Project-level metadata remains ambiguous: Host is predominantly Corn or Soybean, but isolation_source=core cannot currently be unambiguously interpreted as direct plant tissue. The same BioProject contains explicitly plant-associated root isolates as well as non-direct sources such as grainbin dust; therefore host alone is insufficient for inclusion.	unresolved_project
GCF_002555415.1	Bacillus pseudomycoides	64104	AFS018356	Scaffold		2017-10-16	UNC Chapel Hill	PRJNA400804	SAMN07597479	AFS018356	Corn	core	USA: IL	2014-05-27	Microbe sample from Bacillus pseudomycoides		True	False	False	False	1	True	host	False	False	False	False	0		False	UNRESOLVED	Project-level metadata remains ambiguous: Host is predominantly Corn or Soybean, but isolation_source=core cannot currently be unambiguously interpreted as direct plant tissue. The same BioProject contains explicitly plant-associated root isolates as well as non-direct sources such as grainbin dust; therefore host alone is insufficient for inclusion.	unresolved_project
GCF_002555675.1	Bacillus pseudomycoides	64104	AFS009643	Scaffold		2017-10-16	UNC Chapel Hill	PRJNA400804	SAMN07597367	AFS009643	Soybean	core	USA: IA	2014-05-08	Microbe sample from Bacillus pseudomycoides		True	False	False	False	1	True	host	False	False	False	False	0		False	UNRESOLVED	Project-level metadata remains ambiguous: Host is predominantly Corn or Soybean, but isolation_source=core cannot currently be unambiguously interpreted as direct plant tissue. The same BioProject contains explicitly plant-associated root isolates as well as non-direct sources such as grainbin dust; therefore host alone is insufficient for inclusion.	unresolved_project
GCF_002556505.1	Bacillus pseudomycoides	64104	AFS001949	Scaffold		2017-10-16	UNC Chapel Hill	PRJNA400804	SAMN07597259	AFS001949	Soybean	core	USA: IA	2014-05-08	Microbe sample from Bacillus pseudomycoides		True	False	False	False	1	True	host	False	False	False	False	0		False	UNRESOLVED	Project-level metadata remains ambiguous: Host is predominantly Corn or Soybean, but isolation_source=core cannot currently be unambiguously interpreted as direct plant tissue. The same BioProject contains explicitly plant-associated root isolates as well as non-direct sources such as grainbin dust; therefore host alone is insufficient for inclusion.	unresolved_project
GCF_002557065.1	Bacillus pseudomycoides	64104	AFS026185	Scaffold		2017-10-16	UNC Chapel Hill	PRJNA400804	SAMN07597586	AFS026185	Corn	missing	USA: MN	2014-01-14	Microbe sample from Bacillus pseudomycoides		True	False	False	False	1	True	host	False	False	False	False	0		False	UNRESOLVED	Candidate metadata does not provide sufficiently explicit evidence to demonstrate direct plant association under the fixed inclusion criteria.	insufficient_metadata
GCF_002557535.1	Bacillus pseudomycoides	64104	AFS022225	Scaffold		2017-10-16	UNC Chapel Hill	PRJNA400804	SAMN07597524	AFS022225	Soybean	core	USA: IA	2014-05-08	Microbe sample from Bacillus pseudomycoides		True	False	False	False	1	True	host	False	False	False	False	0		False	UNRESOLVED	Project-level metadata remains ambiguous: Host is predominantly Corn or Soybean, but isolation_source=core cannot currently be unambiguously interpreted as direct plant tissue. The same BioProject contains explicitly plant-associated root isolates as well as non-direct sources such as grainbin dust; therefore host alone is insufficient for inclusion.	unresolved_project
GCF_002557585.1	Bacillus pseudomycoides	64104	AFS022050	Scaffold		2017-10-16	UNC Chapel Hill	PRJNA400804	SAMN07597519	AFS022050	Corn	core	USA: IL	2014-05-22	Microbe sample from Bacillus pseudomycoides		True	False	False	False	1	True	host	False	False	False	False	0		False	UNRESOLVED	Project-level metadata remains ambiguous: Host is predominantly Corn or Soybean, but isolation_source=core cannot currently be unambiguously interpreted as direct plant tissue. The same BioProject contains explicitly plant-associated root isolates as well as non-direct sources such as grainbin dust; therefore host alone is insufficient for inclusion.	unresolved_project
GCF_002557835.1	Bacillus pseudomycoides	64104	AFS028766	Scaffold		2017-10-16	UNC Chapel Hill	PRJNA400804	SAMN07597626	AFS028766	Corn	plant	USA: NC	2014-03-19	Microbe sample from Bacillus pseudomycoides		True	True	False	False	2	True	host;source	False	False	False	False	0		False	UNRESOLVED	Candidate metadata does not provide sufficiently explicit evidence to demonstrate direct plant association under the fixed inclusion criteria.	insufficient_metadata
GCF_002568975.1	Bacillus pseudomycoides	64104	AFS088703	Scaffold		2017-10-17	UNC Chapel Hill	PRJNA400804	SAMN07598577	AFS088703	Soybean	core	USA: IA	2014-05-22	Microbe sample from Bacillus pseudomycoides		True	False	False	False	1	True	host	False	False	False	False	0		False	UNRESOLVED	Project-level metadata remains ambiguous: Host is predominantly Corn or Soybean, but isolation_source=core cannot currently be unambiguously interpreted as direct plant tissue. The same BioProject contains explicitly plant-associated root isolates as well as non-direct sources such as grainbin dust; therefore host alone is insufficient for inclusion.	unresolved_project
GCF_002569005.1	Bacillus pseudomycoides	64104	AFS088632	Scaffold		2017-10-17	UNC Chapel Hill	PRJNA400804	SAMN07598576	AFS088632	Soybean	core	USA: IA	2014-05-08	Microbe sample from Bacillus pseudomycoides		True	False	False	False	1	True	host	False	False	False	False	0		False	UNRESOLVED	Project-level metadata remains ambiguous: Host is predominantly Corn or Soybean, but isolation_source=core cannot currently be unambiguously interpreted as direct plant tissue. The same BioProject contains explicitly plant-associated root isolates as well as non-direct sources such as grainbin dust; therefore host alone is insufficient for inclusion.	unresolved_project
GCF_002569585.1	Bacillus pseudomycoides	64104	AFS080374	Scaffold		2017-10-17	UNC Chapel Hill	PRJNA400804	SAMN07598470	AFS080374	Corn	core	USA: IL	2014-05-22	Microbe sample from Bacillus pseudomycoides		True	False	False	False	1	True	host	False	False	False	False	0		False	UNRESOLVED	Project-level metadata remains ambiguous: Host is predominantly Corn or Soybean, but isolation_source=core cannot currently be unambiguously interpreted as direct plant tissue. The same BioProject contains explicitly plant-associated root isolates as well as non-direct sources such as grainbin dust; therefore host alone is insufficient for inclusion.	unresolved_project
GCF_002569605.1	Bacillus pseudomycoides	64104	AFS080276	Scaffold		2017-10-17	UNC Chapel Hill	PRJNA400804	SAMN07598468	AFS080276	Corn	core	USA: IL	2014-05-27	Microbe sample from Bacillus pseudomycoides		True	False	False	False	1	True	host	False	False	False	False	0		False	UNRESOLVED	Project-level metadata remains ambiguous: Host is predominantly Corn or Soybean, but isolation_source=core cannot currently be unambiguously interpreted as direct plant tissue. The same BioProject contains explicitly plant-associated root isolates as well as non-direct sources such as grainbin dust; therefore host alone is insufficient for inclusion.	unresolved_project
GCF_002569705.1	Bacillus pseudomycoides	64104	AFS079122	Scaffold		2017-10-17	UNC Chapel Hill	PRJNA400804	SAMN07598449	AFS079122	Soybean	core	USA: IA	2014-05-08	Microbe sample from Bacillus pseudomycoides		True	False	False	False	1	True	host	False	False	False	False	0		False	UNRESOLVED	Project-level metadata remains ambiguous: Host is predominantly Corn or Soybean, but isolation_source=core cannot currently be unambiguously interpreted as direct plant tissue. The same BioProject contains explicitly plant-associated root isolates as well as non-direct sources such as grainbin dust; therefore host alone is insufficient for inclusion.	unresolved_project
GCF_002569755.1	Bacillus pseudomycoides	64104	AFS076343	Scaffold		2017-10-17	UNC Chapel Hill	PRJNA400804	SAMN07598418	AFS076343	Soybean	core	USA: IA	2014-05-08	Microbe sample from Bacillus pseudomycoides		True	False	False	False	1	True	host	False	False	False	False	0		False	UNRESOLVED	Project-level metadata remains ambiguous: Host is predominantly Corn or Soybean, but isolation_source=core cannot currently be unambiguously interpreted as direct plant tissue. The same BioProject contains explicitly plant-associated root isolates as well as non-direct sources such as grainbin dust; therefore host alone is insufficient for inclusion.	unresolved_project
GCF_002570325.1	Bacillus pseudomycoides	64104	AFS070925	Scaffold		2017-10-17	UNC Chapel Hill	PRJNA400804	SAMN07598339	AFS070925	Corn	core	USA: IL	2014-05-22	Microbe sample from Bacillus pseudomycoides		True	False	False	False	1	True	host	False	False	False	False	0		False	UNRESOLVED	Project-level metadata remains ambiguous: Host is predominantly Corn or Soybean, but isolation_source=core cannot currently be unambiguously interpreted as direct plant tissue. The same BioProject contains explicitly plant-associated root isolates as well as non-direct sources such as grainbin dust; therefore host alone is insufficient for inclusion.	unresolved_project
GCF_002571515.1	Bacillus pseudomycoides	64104	AFS069829	Scaffold		2017-10-17	UNC Chapel Hill	PRJNA400804	SAMN07598323	AFS069829	Corn	core	USA: IL	2014-05-27	Microbe sample from Bacillus pseudomycoides		True	False	False	False	1	True	host	False	False	False	False	0		False	UNRESOLVED	Project-level metadata remains ambiguous: Host is predominantly Corn or Soybean, but isolation_source=core cannot currently be unambiguously interpreted as direct plant tissue. The same BioProject contains explicitly plant-associated root isolates as well as non-direct sources such as grainbin dust; therefore host alone is insufficient for inclusion.	unresolved_project
GCF_002572075.1	Bacillus pseudomycoides	64104	AFS063129	Scaffold		2017-10-17	UNC Chapel Hill	PRJNA400804	SAMN07598239	AFS063129	Corn	core	USA: IL	2014-05-27	Microbe sample from Bacillus pseudomycoides		True	False	False	False	1	True	host	False	False	False	False	0		False	UNRESOLVED	Project-level metadata remains ambiguous: Host is predominantly Corn or Soybean, but isolation_source=core cannot currently be unambiguously interpreted as direct plant tissue. The same BioProject contains explicitly plant-associated root isolates as well as non-direct sources such as grainbin dust; therefore host alone is insufficient for inclusion.	unresolved_project
GCF_002572305.1	Bacillus pseudomycoides	64104	AFS065710	Scaffold		2017-10-17	UNC Chapel Hill	PRJNA400804	SAMN07598270	AFS065710	Soybean	core	USA: IA	2014-05-08	Microbe sample from Bacillus pseudomycoides		True	False	False	False	1	True	host	False	False	False	False	0		False	UNRESOLVED	Project-level metadata remains ambiguous: Host is predominantly Corn or Soybean, but isolation_source=core cannot currently be unambiguously interpreted as direct plant tissue. The same BioProject contains explicitly plant-associated root isolates as well as non-direct sources such as grainbin dust; therefore host alone is insufficient for inclusion.	unresolved_project
GCF_002572375.1	Bacillus pseudomycoides	64104	AFS062925	Scaffold		2017-10-17	UNC Chapel Hill	PRJNA400804	SAMN07598237	AFS062925	Soybean	core	USA: IA	2014-05-08	Microbe sample from Bacillus pseudomycoides		True	False	False	False	1	True	host	False	False	False	False	0		False	UNRESOLVED	Project-level metadata remains ambiguous: Host is predominantly Corn or Soybean, but isolation_source=core cannot currently be unambiguously interpreted as direct plant tissue. The same BioProject contains explicitly plant-associated root isolates as well as non-direct sources such as grainbin dust; therefore host alone is insufficient for inclusion.	unresolved_project
GCF_002572385.1	Bacillus pseudomycoides	64104	AFS062349	Scaffold		2017-10-17	UNC Chapel Hill	PRJNA400804	SAMN07598234	AFS062349	Corn	missing	USA: MN	2014-01-14	Microbe sample from Bacillus pseudomycoides		True	False	False	False	1	True	host	False	False	False	False	0		False	UNRESOLVED	Candidate metadata does not provide sufficiently explicit evidence to demonstrate direct plant association under the fixed inclusion criteria.	insufficient_metadata
GCF_002572495.1	Bacillus pseudomycoides	64104	AFS058374	Scaffold		2017-10-17	UNC Chapel Hill	PRJNA400804	SAMN07598178	AFS058374	Soybean	core	USA: IA	2014-05-08	Microbe sample from Bacillus pseudomycoides		True	False	False	False	1	True	host	False	False	False	False	0		False	UNRESOLVED	Project-level metadata remains ambiguous: Host is predominantly Corn or Soybean, but isolation_source=core cannot currently be unambiguously interpreted as direct plant tissue. The same BioProject contains explicitly plant-associated root isolates as well as non-direct sources such as grainbin dust; therefore host alone is insufficient for inclusion.	unresolved_project
GCF_002579375.1	Bacillus pseudomycoides	64104	AFS055788	Scaffold		2017-10-18	UNC Chapel Hill	PRJNA400804	SAMN07598136	AFS055788	Corn	core	USA: IL	2014-05-22	Microbe sample from Bacillus pseudomycoides		True	False	False	False	1	True	host	False	False	False	False	0		False	UNRESOLVED	Project-level metadata remains ambiguous: Host is predominantly Corn or Soybean, but isolation_source=core cannot currently be unambiguously interpreted as direct plant tissue. The same BioProject contains explicitly plant-associated root isolates as well as non-direct sources such as grainbin dust; therefore host alone is insufficient for inclusion.	unresolved_project
GCF_002579475.1	Bacillus pseudomycoides	64104	AFS054473	Scaffold		2017-10-18	UNC Chapel Hill	PRJNA400804	SAMN07598116	AFS054473	Corn	core	USA: NC	2014-05-06	Microbe sample from Bacillus pseudomycoides		True	False	False	False	1	True	host	False	False	False	False	0		False	UNRESOLVED	Project-level metadata remains ambiguous: Host is predominantly Corn or Soybean, but isolation_source=core cannot currently be unambiguously interpreted as direct plant tissue. The same BioProject contains explicitly plant-associated root isolates as well as non-direct sources such as grainbin dust; therefore host alone is insufficient for inclusion.	unresolved_project
GCF_002579785.1	Bacillus pseudomycoides	64104	AFS053905	Scaffold		2017-10-18	UNC Chapel Hill	PRJNA400804	SAMN07598105	AFS053905	Corn	core	USA: IL	2014-05-22	Microbe sample from Bacillus pseudomycoides		True	False	False	False	1	True	host	False	False	False	False	0		False	UNRESOLVED	Project-level metadata remains ambiguous: Host is predominantly Corn or Soybean, but isolation_source=core cannot currently be unambiguously interpreted as direct plant tissue. The same BioProject contains explicitly plant-associated root isolates as well as non-direct sources such as grainbin dust; therefore host alone is insufficient for inclusion.	unresolved_project
GCF_002579975.1	Bacillus pseudomycoides	64104	AFS052781	Scaffold		2017-10-18	UNC Chapel Hill	PRJNA400804	SAMN07598087	AFS052781	Corn	core	USA: IL	2014-05-27	Microbe sample from Bacillus pseudomycoides		True	False	False	False	1	True	host	False	False	False	False	0		False	UNRESOLVED	Project-level metadata remains ambiguous: Host is predominantly Corn or Soybean, but isolation_source=core cannot currently be unambiguously interpreted as direct plant tissue. The same BioProject contains explicitly plant-associated root isolates as well as non-direct sources such as grainbin dust; therefore host alone is insufficient for inclusion.	unresolved_project
GCF_002580615.1	Bacillus pseudomycoides	64104	AFS048805	Scaffold		2017-10-18	UNC Chapel Hill	PRJNA400804	SAMN07598040	AFS048805	Corn	core	USA: IL	2014-05-27	Microbe sample from Bacillus pseudomycoides		True	False	False	False	1	True	host	False	False	False	False	0		False	UNRESOLVED	Project-level metadata remains ambiguous: Host is predominantly Corn or Soybean, but isolation_source=core cannot currently be unambiguously interpreted as direct plant tissue. The same BioProject contains explicitly plant-associated root isolates as well as non-direct sources such as grainbin dust; therefore host alone is insufficient for inclusion.	unresolved_project
GCF_002581465.1	Bacillus pseudomycoides	64104	AFS048537	Scaffold		2017-10-18	UNC Chapel Hill	PRJNA400804	SAMN07598035	AFS048537	Soybean	core	USA: IA	2014-05-08	Microbe sample from Bacillus pseudomycoides		True	False	False	False	1	True	host	False	False	False	False	0		False	UNRESOLVED	Project-level metadata remains ambiguous: Host is predominantly Corn or Soybean, but isolation_source=core cannot currently be unambiguously interpreted as direct plant tissue. The same BioProject contains explicitly plant-associated root isolates as well as non-direct sources such as grainbin dust; therefore host alone is insufficient for inclusion.	unresolved_project
GCF_002582195.1	Bacillus pseudomycoides	64104	AFS040503	Scaffold		2017-10-18	UNC Chapel Hill	PRJNA400804	SAMN07597927	AFS040503	Soybean	core	USA: IA	2014-05-08	Microbe sample from Bacillus pseudomycoides		True	False	False	False	1	True	host	False	False	False	False	0		False	UNRESOLVED	Project-level metadata remains ambiguous: Host is predominantly Corn or Soybean, but isolation_source=core cannot currently be unambiguously interpreted as direct plant tissue. The same BioProject contains explicitly plant-associated root isolates as well as non-direct sources such as grainbin dust; therefore host alone is insufficient for inclusion.	unresolved_project
GCF_002589635.1	Bacillus pseudomycoides	64104	AFS032644	Scaffold		2017-10-18	UNC Chapel Hill	PRJNA400804	SAMN07597831	AFS032644	Corn	missing	USA: IA	2014-01-17	Microbe sample from Bacillus pseudomycoides		True	False	False	False	1	True	host	False	False	False	False	0		False	UNRESOLVED	Candidate metadata does not provide sufficiently explicit evidence to demonstrate direct plant association under the fixed inclusion criteria.	insufficient_metadata
GCF_056237715.1	Bacillus pseudomycoides	64104	TBC_tester_strain	Complete Genome		2026-03-23	South Dakota State University	PRJNA1303681	SAMN50521509	TBC_tester_strain	wheat	soil	USA: Brookings, South Dakota	2024-04-17	TBC_tester_strain_Wheat1		True	False	False	False	1	True	host	False	False	False	False	0		False	UNRESOLVED	Candidate metadata does not provide sufficiently explicit evidence to demonstrate direct plant association under the fixed inclusion criteria.	insufficient_metadata
GCF_036621595.1	Bacillus pumilus	1408	CB00069	Scaffold		2024-02-14	University of California, Riverside	PRJNA1046128	SAMN38476155	CB00069	Citrus sinensis		USA: Florida	2018-05-18	MIGS Cultured Bacterial/Archaeal sample from Bacillus pumilus	Keywords: GSC:MIxS;MIGS:6.0	True	False	False	False	1	True	host	False	False	False	False	0		False	UNRESOLVED	Candidate metadata does not provide sufficiently explicit evidence to demonstrate direct plant association under the fixed inclusion criteria.	insufficient_metadata
GCF_037113565.1	Bacillus pumilus	1408	S9	Complete Genome		2024-03-12	China Agricultural University	PRJNA1083720	SAMN40257190	S9	Rice		China:Ningxia	2017-10	Microbe sample from Bacillus velezensis		True	False	False	False	1	True	host	False	False	False	False	0		False	UNRESOLVED	Candidate metadata does not provide sufficiently explicit evidence to demonstrate direct plant association under the fixed inclusion criteria.	insufficient_metadata
GCF_056237595.1	Bacillus pumilus	1408	Corn79	Complete Genome		2026-03-23	South Dakota State University	PRJNA1303681	SAMN50521516	Corn79	corn	soil	USA: Brookings, South Dakota	2024-04-17	Corn79_sample_79		True	False	False	False	1	True	host	False	False	False	False	0		False	UNRESOLVED	Candidate metadata does not provide sufficiently explicit evidence to demonstrate direct plant association under the fixed inclusion criteria.	insufficient_metadata
GCF_056279285.1	Bacillus pumilus	1408	TE2595	Contig		2026-03-24	DOE Joint Genome Institute	PRJNA1428314	SAMN55954451	TE2595	not applicable		USA: Wisconsin	missing	Bacillus pumilus TE2595	Genome sequencing of secondary metabolite-producing environmental bacteria isolated from Tiny Earth (TE), a worldwide network that is aiming to crowdsource antimicrobial discovery for the control of plant pathogens using college students as the workforce.	False	False	False	True	1	True	comment	False	False	False	False	0		False	UNRESOLVED	Candidate metadata does not provide sufficiently explicit evidence to demonstrate direct plant association under the fixed inclusion criteria.	insufficient_metadata
GCF_056279325.1	Bacillus pumilus	1408	TE21535	Contig		2026-03-24	DOE Joint Genome Institute	PRJNA1428375	SAMN55954686	TE21535	not applicable		USA: Ridgeway, Iowa	missing	Bacillus pumilus TE21535	Genome sequencing of secondary metabolite-producing environmental bacteria isolated from Tiny Earth (TE), a worldwide network that is aiming to crowdsource antimicrobial discovery for the control of plant pathogens using college students as the workforce.	False	False	False	True	1	True	comment	False	False	False	False	0		False	UNRESOLVED	Candidate metadata does not provide sufficiently explicit evidence to demonstrate direct plant association under the fixed inclusion criteria.	insufficient_metadata
GCF_050456785.1	Bacillus rhizoplanae	2880966	BD-637	Scaffold		2025-05-19	USDA-ARS-NCAUR	PRJNA802201	SAMN41009436	BD-637		soil	Trinidad and Tobago: Trinidad, Talparo	1972-05-01	Microbe sample from Bacillus rhizoplanae		False	False	True	False	1	True	title	False	False	False	False	0		False	UNRESOLVED	Candidate metadata does not provide sufficiently explicit evidence to demonstrate direct plant association under the fixed inclusion criteria.	insufficient_metadata
GCF_050457625.1	Bacillus rhizoplanae	2880966	BD-502	Contig		2025-05-19	USDA-ARS-NCAUR	PRJNA802201	SAMN41009394	BD-502		soil	Trinidad and Tobago: Trinidad	1972-09-13	Microbe sample from Bacillus rhizoplanae		False	False	True	False	1	True	title	False	False	False	False	0		False	UNRESOLVED	Candidate metadata does not provide sufficiently explicit evidence to demonstrate direct plant association under the fixed inclusion criteria.	insufficient_metadata
GCF_050457665.1	Bacillus rhizoplanae	2880966	BD-497	Scaffold		2025-05-19	USDA-ARS-NCAUR	PRJNA802201	SAMN41009392	BD-497		soil	Trinidad and Tobago: Trinidad	1972-09-12	Microbe sample from Bacillus rhizoplanae		False	False	True	False	1	True	title	False	False	False	False	0		False	UNRESOLVED	Candidate metadata does not provide sufficiently explicit evidence to demonstrate direct plant association under the fixed inclusion criteria.	insufficient_metadata
GCF_050457685.1	Bacillus rhizoplanae	2880966	BD-492	Contig		2025-05-19	USDA-ARS-NCAUR	PRJNA802201	SAMN41009391	BD-492		soil	Trinidad and Tobago: Trinidad	1972-09-12	Microbe sample from Bacillus rhizoplanae		False	False	True	False	1	True	title	False	False	False	False	0		False	UNRESOLVED	Candidate metadata does not provide sufficiently explicit evidence to demonstrate direct plant association under the fixed inclusion criteria.	insufficient_metadata
GCF_001038765.1	Bacillus safensis	561879	LK32	Contig		2015-06-24	University of Malaya	PRJNA277428	SAMN03751792	LK32		Plant	Malaysia: Malacca	2010-07-06	Microbe sample from Bacillus pumilus		False	True	False	False	1	True	source	False	False	False	False	0		False	UNRESOLVED	Candidate metadata does not provide sufficiently explicit evidence to demonstrate direct plant association under the fixed inclusion criteria.	insufficient_metadata
GCF_001038905.1	Bacillus safensis	561879	LK21	Contig		2015-06-24	University of Malaya	PRJNA277414	SAMN03751780	LK21		Plant	Malaysia: Malacca	2010-07-06	Microbe sample from Bacillus pumilus		False	True	False	False	1	True	source	False	False	False	False	0		False	UNRESOLVED	Candidate metadata does not provide sufficiently explicit evidence to demonstrate direct plant association under the fixed inclusion criteria.	insufficient_metadata
GCF_001043695.1	Bacillus safensis	561879	LK12	Contig		2015-06-30	University of Malaya	PRJNA277404	SAMN03392531	LK12		Plant	Malaysia: Malacca	2010-10-06	Microbe sample from Bacillus pumilus		False	True	False	False	1	True	source	False	False	False	False	0		False	UNRESOLVED	Candidate metadata does not provide sufficiently explicit evidence to demonstrate direct plant association under the fixed inclusion criteria.	insufficient_metadata
GCF_002571925.1	Bacillus safensis	561879	AFS067952	Contig		2017-10-17	UNC Chapel Hill	PRJNA400804	SAMN07598305	AFS067952	Corn	core	USA: IL	2013-12-16	Microbe sample from Bacillus safensis		True	False	False	False	1	True	host	False	False	False	False	0		False	UNRESOLVED	Project-level metadata remains ambiguous: Host is predominantly Corn or Soybean, but isolation_source=core cannot currently be unambiguously interpreted as direct plant tissue. The same BioProject contains explicitly plant-associated root isolates as well as non-direct sources such as grainbin dust; therefore host alone is insufficient for inclusion.	unresolved_project
GCF_025490575.1	Bacillus safensis	561879	33.4	Complete Genome		2022-09-29	Institute of Microbiology, National Academy of Sciences of Belarus	PRJNA883027	SAMN14228091	33.4	Solanum lycopersicum	rot tomato fruit	Belarus	2009	Sample from Bacillus safensis		False	True	False	False	1	True	source	False	False	False	False	0		False	UNRESOLVED	Candidate metadata does not provide sufficiently explicit evidence to demonstrate direct plant association under the fixed inclusion criteria.	insufficient_metadata
GCF_029930515.1	Bacillus safensis	561879	P1.5S	Contig		2023-05-02	University Alexandru Ioan Cuza of Iasi	PRJNA960951	SAMN34340091	P1.5S	Zea mays	rhizosperic soil	Romania: Iasi	2018-12-04	Genome sequencing and assembly of Bacillus safensis P1.5S - a salt-tolerant rhizobacteria with phosphorus solubilization potential	Keywords: GSC:MIxS;MIGS:6.0	False	True	True	False	2	True	source;title	False	False	False	False	0		False	UNRESOLVED	Candidate metadata does not provide sufficiently explicit evidence to demonstrate direct plant association under the fixed inclusion criteria.	insufficient_metadata
GCF_032911305.1	Bacillus safensis	561879	Ni7	Scaffold		2023-10-21	Mahatma Gandhi University	PRJNA1026360	SAMN37738838	Ni7	Nerium oleander	plant	India: Kerala	2021-06	MIGS Cultured Bacterial/Archaeal sample from Bacillus safensis	Keywords: GSC:MIxS;MIGS:6.0	False	True	False	False	1	True	source	False	False	False	False	0		False	UNRESOLVED	Candidate metadata does not provide sufficiently explicit evidence to demonstrate direct plant association under the fixed inclusion criteria.	insufficient_metadata
GCF_035807815.1	Bacillus safensis	561879	B-59440	Contig		2024-01-18	USDA-ARS-NCAUR	PRJNA802201	SAMN33940676	B-59440		corn	USA	2010-06-17	Microbe sample from Bacillus safensis		False	True	False	False	1	True	source	False	False	False	False	0		False	UNRESOLVED	Candidate metadata does not provide sufficiently explicit evidence to demonstrate direct plant association under the fixed inclusion criteria.	insufficient_metadata
GCF_036621555.1	Bacillus safensis	561879	CB00729	Scaffold		2024-02-14	University of California, Riverside	PRJNA1046128	SAMN38476158	CB00729	Citrus sinensis		USA: Florida	2019-08-29	MIGS Cultured Bacterial/Archaeal sample from Bacillus safensis	Keywords: GSC:MIxS;MIGS:6.0	True	False	False	False	1	True	host	False	False	False	False	0		False	UNRESOLVED	Candidate metadata does not provide sufficiently explicit evidence to demonstrate direct plant association under the fixed inclusion criteria.	insufficient_metadata
GCF_036666035.1	Bacillus safensis	561879	NBRI12M	Contig		2024-02-16	CSIR-NBRI	PRJNA1012324	SAMN37253670	NBRI12M	rice	soil	India	2015-05-08	Microbe sample from Bacillus safensis		True	False	False	False	1	True	host	False	False	False	False	0		False	UNRESOLVED	Candidate metadata does not provide sufficiently explicit evidence to demonstrate direct plant association under the fixed inclusion criteria.	insufficient_metadata
GCF_044909255.1	Bacillus safensis	561879	ROA027 TE3164	Contig		2024-11-14	DOE Joint Genome Institute	PRJNA1115356	SAMN41513494	ROA027 TE3164	not applicable		missing	missing	Bacillus safensis ROA027 TE3164	Genome sequencing of secondary metabolite-producing environmental bacteria isolated from Tiny Earth (TE), a worldwide network that is aiming to crowdsource antimicrobial discovery for the control of plant pathogens using college students as the workforce.	False	False	False	True	1	True	comment	False	False	False	False	0		False	UNRESOLVED	Candidate metadata does not provide sufficiently explicit evidence to demonstrate direct plant association under the fixed inclusion criteria.	insufficient_metadata
GCF_057655535.1	Bacillus safensis	561879	Soil_N27	Contig		2026-05-19	CAU	PRJNA1104147	SAMN41070071	Soil_N27		Maize bulk soils	China: Hunan	2023-11-21	Microbe sample from Bacillus safensis		False	True	False	False	1	True	source	False	False	False	False	0		False	UNRESOLVED	Candidate metadata does not provide sufficiently explicit evidence to demonstrate direct plant association under the fixed inclusion criteria.	insufficient_metadata
GCF_059623085.1	Bacillus safensis	561879	SBAT1K50	Contig		2026-07-26	Soilbiom Biotechnology	PRJNA1494858	SAMN61538830	SBAT1K50			Turkey: Adyaman	2023	Bacillus safensis isolated from local tobacco soil microbiome	Keywords: GSC:MIxS;MIGS:6.0	False	False	True	False	1	True	title	False	False	False	False	0		False	UNRESOLVED	Candidate metadata does not provide sufficiently explicit evidence to demonstrate direct plant association under the fixed inclusion criteria.	insufficient_metadata
GCF_977013925.1	Bacillus safensis	561879		Contig		2025-11-07	University of Cologne - Institute for Plant Sciences	PRJEB87606	SAMEA118581529				Germany	2021-06	Ri131	Bacteria Isolated from commercially purchased tomato Moneymaker plants	False	False	False	True	1	True	comment	False	False	False	False	0		False	UNRESOLVED	Candidate metadata does not provide sufficiently explicit evidence to demonstrate direct plant association under the fixed inclusion criteria.	insufficient_metadata
GCF_040716265.1	Bacillus siamensis	659243	RHF1.1-3	Scaffold		2024-07-15	Ghent University	PRJNA993114	SAMN36379395	RHF1.1-3		Acid sulfate soil from rice cultivation	Viet Nam: Kien Giang province	2018	Microbe sample from Bacillus siamensis		False	True	False	False	1	True	source	False	False	False	False	0		False	UNRESOLVED	Candidate metadata does not provide sufficiently explicit evidence to demonstrate direct plant association under the fixed inclusion criteria.	insufficient_metadata
GCF_040716295.1	Bacillus siamensis	659243	RHF4.1-25	Scaffold		2024-07-15	Ghent University	PRJNA993114	SAMN36379394	RHF4.1-25		Acid sulfate soil from rice cultivation	Viet Nam: Kien Giang province	2018	Microbe sample from Bacillus siamensis		False	True	False	False	1	True	source	False	False	False	False	0		False	UNRESOLVED	Candidate metadata does not provide sufficiently explicit evidence to demonstrate direct plant association under the fixed inclusion criteria.	insufficient_metadata
GCF_050481085.1	Bacillus smithii	1479	NRS-142	Contig		2025-05-20	USDA-ARS-NCAUR	PRJNA802201	SAMN41009619	NRS-142		cooking tank for tomato products	not collected	1950-09-20	Microbe sample from Bacillus smithii		False	True	False	False	1	True	source	False	False	False	False	0		False	UNRESOLVED	Candidate metadata does not provide sufficiently explicit evidence to demonstrate direct plant association under the fixed inclusion criteria.	insufficient_metadata
GCF_006546985.1	Bacillus sp. 03113	2578211	03113	Scaffold		2019-06-24	Chinese Academy of Agricultural Sciences (CAAS)	PRJNA541128	SAMN11577514	03113	Oryza sativa	rice soil	China	2018-05-22	Microbe sample from Bacillus sp. 03113		False	True	False	False	1	True	source	False	False	False	False	0		False	UNRESOLVED	Candidate metadata does not provide sufficiently explicit evidence to demonstrate direct plant association under the fixed inclusion criteria.	insufficient_metadata
GCF_056098985.1	Bacillus sp. 11B20	3388495	11B20	Contig		2026-03-16	Instituto Tecnologico de Sonora	PRJNA1080047	SAMN45897228	11B20	maize	soil	Mexico: Yaqui Valley	2015	Microbe sample from Bacillus sp. 11B20		True	False	False	False	1	True	host	False	False	False	False	0		False	UNRESOLVED	Candidate metadata does not provide sufficiently explicit evidence to demonstrate direct plant association under the fixed inclusion criteria.	insufficient_metadata
GCF_017742235.1	Bacillus sp. 165	1529117	165	Contig		2021-04-03	Life sciences Institute	PRJNA718049	SAMN18520934	165		plant	China:Guangxi	2019-10-01	Microbe sample from Bacillus sp. 165		False	True	False	False	1	True	source	False	False	False	False	0		False	UNRESOLVED	Candidate metadata does not provide sufficiently explicit evidence to demonstrate direct plant association under the fixed inclusion criteria.	insufficient_metadata
GCF_019464555.1	Bacillus sp. 7D3	2851015	7D3	Complete Genome		2021-08-09	Jiangsu Academy of Agricultural Sciences	PRJNA740133	SAMN19821082	7D3		wheat field soil	China: Nanjing	2013-05	Microbe sample Bacillus sp. 7D3	The strain 7D3, isolated from the soil in a wheat field in Nanjing, China, was identified as Bacillus amyloliquefaciens. This strain exhibited high antagonistic activity against Fusarium graminearum. The whole genome sequence of 7D3 can help to identify the antigonistic mechanism against F. graminearum.	False	True	False	True	2	True	source;comment	False	False	False	False	0		False	UNRESOLVED	Candidate metadata does not provide sufficiently explicit evidence to demonstrate direct plant association under the fixed inclusion criteria.	insufficient_metadata
GCF_002581245.1	Bacillus sp. AFS051223	2034280	AFS051223	Scaffold		2017-10-18	UNC Chapel Hill	PRJNA400804	SAMN07598070	AFS051223	Corn	core	USA: NC	2014-04-30	Microbe sample from Bacillus sp. AFS051223		True	False	False	False	1	True	host	False	False	False	False	0		False	UNRESOLVED	Project-level metadata remains ambiguous: Host is predominantly Corn or Soybean, but isolation_source=core cannot currently be unambiguously interpreted as direct plant tissue. The same BioProject contains explicitly plant-associated root isolates as well as non-direct sources such as grainbin dust; therefore host alone is insufficient for inclusion.	unresolved_project
GCF_002575105.1	Bacillus sp. AFS053548	2033505	AFS053548	Scaffold		2017-10-18	UNC Chapel Hill	PRJNA400804	SAMN07598100	AFS053548	Soybean	core	USA: IA	2013-12-13	Microbe sample from Bacillus sp. AFS053548		True	False	False	False	1	True	host	False	False	False	False	0		False	UNRESOLVED	Project-level metadata remains ambiguous: Host is predominantly Corn or Soybean, but isolation_source=core cannot currently be unambiguously interpreted as direct plant tissue. The same BioProject contains explicitly plant-associated root isolates as well as non-direct sources such as grainbin dust; therefore host alone is insufficient for inclusion.	unresolved_project
GCF_002569845.1	Bacillus sp. AFS075034	2034281	AFS075034	Scaffold		2017-10-17	UNC Chapel Hill	PRJNA400804	SAMN07598399	AFS075034	Soybean	core	USA: IA	2014-05-08	Microbe sample from Bacillus sp. AFS075034		True	False	False	False	1	True	host	False	False	False	False	0		False	UNRESOLVED	Project-level metadata remains ambiguous: Host is predominantly Corn or Soybean, but isolation_source=core cannot currently be unambiguously interpreted as direct plant tissue. The same BioProject contains explicitly plant-associated root isolates as well as non-direct sources such as grainbin dust; therefore host alone is insufficient for inclusion.	unresolved_project
GCF_002565135.1	Bacillus sp. AFS076308	2033512	AFS076308	Scaffold		2017-10-17	UNC Chapel Hill	PRJNA400804	SAMN07598417	AFS076308	Soybean	core	USA: IA	2013-12-13	Microbe sample from Bacillus sp. AFS076308		True	False	False	False	1	True	host	False	False	False	False	0		False	UNRESOLVED	Project-level metadata remains ambiguous: Host is predominantly Corn or Soybean, but isolation_source=core cannot currently be unambiguously interpreted as direct plant tissue. The same BioProject contains explicitly plant-associated root isolates as well as non-direct sources such as grainbin dust; therefore host alone is insufficient for inclusion.	unresolved_project
GCF_002564465.1	Bacillus sp. AFS088145	2033514	AFS088145	Scaffold		2017-10-17	UNC Chapel Hill	PRJNA400804	SAMN07598568	AFS088145	Soybean	core	USA: IA	2013-12-13	Microbe sample from Bacillus sp. AFS088145		True	False	False	False	1	True	host	False	False	False	False	0		False	UNRESOLVED	Project-level metadata remains ambiguous: Host is predominantly Corn or Soybean, but isolation_source=core cannot currently be unambiguously interpreted as direct plant tissue. The same BioProject contains explicitly plant-associated root isolates as well as non-direct sources such as grainbin dust; therefore host alone is insufficient for inclusion.	unresolved_project
GCF_002550645.1	Bacillus sp. AFS094611	2033516	AFS094611	Scaffold		2017-10-13	UNC Chapel Hill	PRJNA400804	SAMN07598637	AFS094611	Plant	core	USA: NC	2014-04-30	Microbe sample from Bacillus sp. AFS094611		True	False	False	False	1	True	host	False	False	False	False	0		False	UNRESOLVED	Project-level metadata remains ambiguous: Host is predominantly Corn or Soybean, but isolation_source=core cannot currently be unambiguously interpreted as direct plant tissue. The same BioProject contains explicitly plant-associated root isolates as well as non-direct sources such as grainbin dust; therefore host alone is insufficient for inclusion.	unresolved_project
GCF_053903085.1	Bacillus sp. AK124	2937820	AK124	Complete Genome		2025-12-11	King Abdullah University of Science and Technology	PRJNA827473	SAMN27610248	AK124	Avicennia marina	Plant	Saudi Arabia: Thwual	2019-03-19	MIGS Cultured Bacterial/Archaeal sample from Bacillus sp. AK124	Keywords: GSC:MIxS;MIGS:6.0	False	True	False	False	1	True	source	False	False	False	False	0		False	UNRESOLVED	Candidate metadata does not provide sufficiently explicit evidence to demonstrate direct plant association under the fixed inclusion criteria.	insufficient_metadata
GCF_053903075.1	Bacillus sp. AK128	2937821	AK128	Complete Genome		2025-12-11	King Abdullah University of Science and Technology	PRJNA827473	SAMN27610249	AK128	Avicennia marina	Plant	Saudi Arabia: Thwual	2019-03-19	MIGS Cultured Bacterial/Archaeal sample from Bacillus sp. AK128	Keywords: GSC:MIxS;MIGS:6.0	False	True	False	False	1	True	source	False	False	False	False	0		False	UNRESOLVED	Candidate metadata does not provide sufficiently explicit evidence to demonstrate direct plant association under the fixed inclusion criteria.	insufficient_metadata
GCF_053903095.1	Bacillus sp. AK130	2937822	AK130	Complete Genome		2025-12-11	King Abdullah University of Science and Technology	PRJNA827473	SAMN27610250	AK130	Avicennia marina	Plant	Saudi Arabia: Thwual	2019-03-19	MIGS Cultured Bacterial/Archaeal sample from Bacillus sp. AK130	Keywords: GSC:MIxS;MIGS:6.0	False	True	False	False	1	True	source	False	False	False	False	0		False	UNRESOLVED	Candidate metadata does not provide sufficiently explicit evidence to demonstrate direct plant association under the fixed inclusion criteria.	insufficient_metadata
GCF_026114335.1	Bacillus sp. AS_3	2993439	AS_3	Contig		2022-11-09	University of Johannesburg	PRJNA897711	SAMN31578917	AS_3	Alectra sessiliflora	medicinal plant	South Africa	2017-03-01	Microbe sample from Bacillus sp. AS_3		False	True	False	False	1	True	source	False	False	False	False	0		False	UNRESOLVED	Candidate metadata does not provide sufficiently explicit evidence to demonstrate direct plant association under the fixed inclusion criteria.	insufficient_metadata
GCF_026240955.1	Bacillus sp. AS_5	2993318	AS_5	Contig		2022-11-20	University of Johannesburg	PRJNA897733	SAMN31580292	AS_5	Alectra sessiliflora	medicinal plant	South Africa	2017-03	Microbe sample from Bacillus sp. AS_5		False	True	False	False	1	True	source	False	False	False	False	0		False	UNRESOLVED	Candidate metadata does not provide sufficiently explicit evidence to demonstrate direct plant association under the fixed inclusion criteria.	insufficient_metadata
GCF_046599285.1	Bacillus sp. C15	867642	C15	Contig		2025-01-11	VNU-Institute of Microbiology and Biotechnology	PRJNA1206083	SAMN46069079	C15		ginseng plant	Missing: data agreement established pre-2023	2022	Microbe sample from Bacillus sp. C15		False	True	False	False	1	True	source	False	False	False	False	0		False	UNRESOLVED	Candidate metadata does not provide sufficiently explicit evidence to demonstrate direct plant association under the fixed inclusion criteria.	insufficient_metadata
GCF_052055895.1	Bacillus sp. D7-8	3385501	D7-8	Complete Genome		2025-08-15	Yunan Agricultural University	PRJNA1196615	SAMN45598187	D7-8		Potato tuber	China	2023-03-12	Microbe sample from Bacillus sp. (in: firmicutes) D7-8		False	True	False	False	1	True	source	False	False	False	False	0		False	UNRESOLVED	Candidate metadata does not provide sufficiently explicit evidence to demonstrate direct plant association under the fixed inclusion criteria.	insufficient_metadata
GCF_012843265.1	Bacillus sp. DNRA2	2723053	DNRA2	Contig		2020-04-25	KAIST	PRJNA623646	SAMN14556205	DNRA2		rice paddy soil	South Korea: Chungnam National University (CNU) agricultural research site	2018-10-01	Microbe sample from Bacillus sp. DNRA2		False	True	False	False	1	True	source	False	False	False	False	0		False	UNRESOLVED	Candidate metadata does not provide sufficiently explicit evidence to demonstrate direct plant association under the fixed inclusion criteria.	insufficient_metadata
GCF_000633475.1	Bacillus sp. H1a	1397276	H1a	Contig		2014-04-18	University of Malaya	PRJNA226201	SAMN02729850	H1a		Carnivorous Plant Phytotelma	Malaysia		Sample from Bacillus sp. H1a		False	True	False	False	1	True	source	False	False	False	False	0		False	UNRESOLVED	Candidate metadata does not provide sufficiently explicit evidence to demonstrate direct plant association under the fixed inclusion criteria.	insufficient_metadata
GCF_000633295.1	Bacillus sp. H1m	1397277	H1m	Contig		2014-04-18	University of Malaya	PRJNA226206	SAMN02729847	H1m		Carnivorous Plant Phytotelma	Malaysia		Sample from Bacillus sp. H1m		False	True	False	False	1	True	source	False	False	False	False	0		False	UNRESOLVED	Candidate metadata does not provide sufficiently explicit evidence to demonstrate direct plant association under the fixed inclusion criteria.	insufficient_metadata
GCF_014926325.1	Bacillus sp. IGA-FME-2	2795453	IGA-FME-2	Contig		2020-10-23	Northeast Institute of Geography and Agroecology, Chinese Academy of Sciences	PRJNA668193	SAMN16400875	IGA-FME-2	Glycine max	plants of commercial interest	China	2019	Microbe sample from Bacillus sp. IGA-FME-2		False	True	False	False	1	True	source	False	False	False	False	0		False	UNRESOLVED	Candidate metadata does not provide sufficiently explicit evidence to demonstrate direct plant association under the fixed inclusion criteria.	insufficient_metadata
GCF_049178875.1	Bacillus sp. J14	3411628	J14	Contig		2025-03-30	China	PRJNA1240803	SAMN47539852	J14	Plant		China:Mudanjiang	2024-07-11	Microbe sample from Bacillus sp. J14		True	False	False	False	1	True	host	False	False	False	False	0		False	UNRESOLVED	Candidate metadata does not provide sufficiently explicit evidence to demonstrate direct plant association under the fixed inclusion criteria.	insufficient_metadata
GCF_051034785.1	Bacillus sp. jun1	2922393	jun1	Complete Genome		2025-06-24	Institute of Fruit Tree Research, Guangdong Academy of Agricultural Sciences	PRJNA807456	SAMN25982230	jun1	Banana	Banana Field	China: Dongguan	2020-11-24	Microbe sample from Bacillus sp. jun1		True	True	False	False	2	True	host;source	False	False	False	False	0		False	UNRESOLVED	Candidate metadata does not provide sufficiently explicit evidence to demonstrate direct plant association under the fixed inclusion criteria.	insufficient_metadata
GCF_051034795.1	Bacillus sp. jun7	2918884	jun7	Complete Genome		2025-06-24	Institute of Fruit Tree Research, Guangdong Academy of Agricultural Sciences	PRJNA807456	SAMN25990112	jun7	Banana	Banana Field	China: Dongguan	2020-11-24	Microbe sample from Bacillus sp. jun7		True	True	False	False	2	True	host;source	False	False	False	False	0		False	UNRESOLVED	Candidate metadata does not provide sufficiently explicit evidence to demonstrate direct plant association under the fixed inclusion criteria.	insufficient_metadata
GCF_053903125.1	Bacillus sp. JZ105	2937823	JZ105	Complete Genome		2025-12-11	King Abdullah University of Science and Technology	PRJNA827473	SAMN27610177	JZ105	Tribulus terrestris	Plant	Saudi Arabia: Jizan	2014-02-13	MIGS Cultured Bacterial/Archaeal sample from Bacillus sp. JZ105	Keywords: GSC:MIxS;MIGS:6.0	False	True	False	False	1	True	source	False	False	False	False	0		False	UNRESOLVED	Candidate metadata does not provide sufficiently explicit evidence to demonstrate direct plant association under the fixed inclusion criteria.	insufficient_metadata
GCF_053903135.1	Bacillus sp. JZ109	2937824	JZ109	Complete Genome		2025-12-11	King Abdullah University of Science and Technology	PRJNA827473	SAMN27610178	JZ109	Tribulus terrestris	Plant	Saudi Arabia: Jizan	2014-02-13	MIGS Cultured Bacterial/Archaeal sample from Bacillus sp. JZ109	Keywords: GSC:MIxS;MIGS:6.0	False	True	False	False	1	True	source	False	False	False	False	0		False	UNRESOLVED	Candidate metadata does not provide sufficiently explicit evidence to demonstrate direct plant association under the fixed inclusion criteria.	insufficient_metadata
GCF_053903185.1	Bacillus sp. JZ142	2937825	JZ142	Complete Genome		2025-12-11	King Abdullah University of Science and Technology	PRJNA827473	SAMN27610204	JZ142	Euphorbia granulata	Plant	Saudi Arabia: Jizan	2014-02-13	MIGS Cultured Bacterial/Archaeal sample from Bacillus sp. JZ142	Keywords: GSC:MIxS;MIGS:6.0	False	True	False	False	1	True	source	False	False	False	False	0		False	UNRESOLVED	Candidate metadata does not provide sufficiently explicit evidence to demonstrate direct plant association under the fixed inclusion criteria.	insufficient_metadata
GCF_053903195.1	Bacillus sp. JZ33	2937826	JZ33	Complete Genome		2025-12-11	King Abdullah University of Science and Technology	PRJNA827473	SAMN27610205	JZ33	Euphorbia granulata	Plant	Saudi Arabia: Jizan	2014-02-13	MIGS Cultured Bacterial/Archaeal sample from Bacillus sp. JZ33	Keywords: GSC:MIxS;MIGS:6.0	False	True	False	False	1	True	source	False	False	False	False	0		False	UNRESOLVED	Candidate metadata does not provide sufficiently explicit evidence to demonstrate direct plant association under the fixed inclusion criteria.	insufficient_metadata
GCF_053903205.1	Bacillus sp. JZ34	2937827	JZ34	Complete Genome		2025-12-11	King Abdullah University of Science and Technology	PRJNA827473	SAMN27610206	JZ34	Euphorbia granulata	Plant	Saudi Arabia: Jizan	2014-02-13	MIGS Cultured Bacterial/Archaeal sample from Bacillus sp. JZ34	Keywords: GSC:MIxS;MIGS:6.0	False	True	False	False	1	True	source	False	False	False	False	0		False	UNRESOLVED	Candidate metadata does not provide sufficiently explicit evidence to demonstrate direct plant association under the fixed inclusion criteria.	insufficient_metadata
GCF_053903215.1	Bacillus sp. JZ35	2937828	JZ35	Complete Genome		2025-12-11	King Abdullah University of Science and Technology	PRJNA827473	SAMN27610207	JZ35	Euphorbia granulata	Plant	Saudi Arabia: Jizan	2014-02-13	MIGS Cultured Bacterial/Archaeal sample from Bacillus sp. JZ35	Keywords: GSC:MIxS;MIGS:6.0	False	True	False	False	1	True	source	False	False	False	False	0		False	UNRESOLVED	Candidate metadata does not provide sufficiently explicit evidence to demonstrate direct plant association under the fixed inclusion criteria.	insufficient_metadata
GCF_053903145.1	Bacillus sp. JZ39	2937829	JZ39	Complete Genome		2025-12-11	King Abdullah University of Science and Technology	PRJNA827473	SAMN27610179	JZ39	Tribulus terrestris	Plant	Saudi Arabia: Jizan	2014-02-13	MIGS Cultured Bacterial/Archaeal sample from Bacillus sp. JZ39	Keywords: GSC:MIxS;MIGS:6.0	False	True	False	False	1	True	source	False	False	False	False	0		False	UNRESOLVED	Candidate metadata does not provide sufficiently explicit evidence to demonstrate direct plant association under the fixed inclusion criteria.	insufficient_metadata
GCF_053903235.1	Bacillus sp. JZ71	2937830	JZ71	Complete Genome		2025-12-11	King Abdullah University of Science and Technology	PRJNA827473	SAMN27610209	JZ71	Euphorbia granulata	Plant	Saudi Arabia: Thweal	2014-02-13	MIGS Cultured Bacterial/Archaeal sample from Bacillus sp. JZ71	Keywords: GSC:MIxS;MIGS:6.0	False	True	False	False	1	True	source	False	False	False	False	0		False	UNRESOLVED	Candidate metadata does not provide sufficiently explicit evidence to demonstrate direct plant association under the fixed inclusion criteria.	insufficient_metadata
GCF_053903155.1	Bacillus sp. JZ76	2937831	JZ76	Complete Genome		2025-12-11	King Abdullah University of Science and Technology	PRJNA827473	SAMN27610200	JZ76	Tribulus terrestris	Plant	Saudi Arabia: Jizan	2014-02-13	MIGS Cultured Bacterial/Archaeal sample from Bacillus sp. JZ76	Keywords: GSC:MIxS;MIGS:6.0	False	True	False	False	1	True	source	False	False	False	False	0		False	UNRESOLVED	Candidate metadata does not provide sufficiently explicit evidence to demonstrate direct plant association under the fixed inclusion criteria.	insufficient_metadata
GCF_022664355.1	Bacillus sp. K-9.gyrB	2911522	K-9.gyrB	Scaffold		2022-03-21	Heilongjiang Bayi Agricultural University	PRJNA796832	SAMN24924423	K-9.gyrB	potato	missing	China	2021-08	Microbe sample from Bacillus sp. K-9.gyrB		True	False	False	False	1	True	host	False	False	False	False	0		False	UNRESOLVED	Candidate metadata does not provide sufficiently explicit evidence to demonstrate direct plant association under the fixed inclusion criteria.	insufficient_metadata
GCF_060828265.1	Bacillus sp. K13C	3454623	K13C	Complete Genome		2026-09-04	Shanxi Agricultural University	PRJNA1300863	SAMN50429525	K13C		soil of corn	China: Taiyuan, Shanxi Province	2024	Microbe sample from Bacillus sp. K13C		False	True	False	False	1	True	source	False	False	False	False	0		False	UNRESOLVED	Candidate metadata does not provide sufficiently explicit evidence to demonstrate direct plant association under the fixed inclusion criteria.	insufficient_metadata
GCF_002209985.1	Bacillus sp. K2I17	2014743	K2I17	Scaffold		2017-06-27	University of Copenhagen	PRJNA391242	SAMN07259826	K2I17		soil	Chile: Antarctic territory	2016	Microbe sample from Bacillus sp	genome sequence of Bacillus sp strain K2I17, which was isolated from the rhizosphere of Deschampsia antarctica	False	False	False	True	1	True	comment	False	False	False	True	1	comment	True	UNRESOLVED	Candidate metadata does not provide sufficiently explicit evidence to demonstrate direct plant association under the fixed inclusion criteria.	insufficient_metadata
GCF_053903245.1	Bacillus sp. K7	2937834	K7	Complete Genome		2025-12-11	King Abdullah University of Science and Technology	PRJNA827473	SAMN27610210	K7	Dactyloctenium aristatum	Plant	Saudi Arabia: Thweal	2014-01-17	MIGS Cultured Bacterial/Archaeal sample from Bacillus sp. K7	Keywords: GSC:MIxS;MIGS:6.0	False	True	False	False	1	True	source	False	False	False	False	0		False	UNRESOLVED	Candidate metadata does not provide sufficiently explicit evidence to demonstrate direct plant association under the fixed inclusion criteria.	insufficient_metadata
GCF_060828285.1	Bacillus sp. KP3P9	3454624	KP3P9	Complete Genome		2026-09-04	Shanxi Agricultural University	PRJNA1300865	SAMN50429532	KP3P9		soil of corn	China: Taiyuan, Shanxi Province	2024	Microbe sample from Bacillus sp. KP3P9		False	True	False	False	1	True	source	False	False	False	False	0		False	UNRESOLVED	Candidate metadata does not provide sufficiently explicit evidence to demonstrate direct plant association under the fixed inclusion criteria.	insufficient_metadata
GCF_001426125.1	Bacillus sp. Leaf49	1736222	Leaf49	Contig		2015-11-02	Max Planck Institute for Plant Breeding Research	PRJNA297956	SAMN04151602	Leaf49	Arabidopsis thaliana		Switzerland:Zurich	2013-10	MIGS Cultured Bacterial/Archaeal sample from Bacillus sp. Leaf49	Keywords: GSC:MIxS;MIGS:6.0	True	False	False	False	1	True	host	False	False	False	False	0		False	UNRESOLVED	Candidate metadata does not provide sufficiently explicit evidence to demonstrate direct plant association under the fixed inclusion criteria.	insufficient_metadata
GCF_001043795.1	Bacillus sp. LK10	1628211	LK10	Contig		2015-06-30	University of Malaya	PRJNA277402	SAMN03392522	LK10		Plant	Malaysia: Malacca	2010-10-06	Microbe sample from Bacillus sp. LK10		False	True	False	False	1	True	source	False	False	False	False	0		False	UNRESOLVED	Candidate metadata does not provide sufficiently explicit evidence to demonstrate direct plant association under the fixed inclusion criteria.	insufficient_metadata
GCF_001043575.1	Bacillus sp. LK2	1628206	LK2	Contig		2015-06-30	University of Malaya	PRJNA277395	SAMN03390108	LK2		Plant	Malaysia: Malacca	2010-10-06	Microbe sample from Bacillus sp. LK2		False	True	False	False	1	True	source	False	False	False	False	0		False	UNRESOLVED	Candidate metadata does not provide sufficiently explicit evidence to demonstrate direct plant association under the fixed inclusion criteria.	insufficient_metadata
GCF_001043515.1	Bacillus sp. LK7	1628209	LK7	Contig		2015-06-30	University of Malaya	PRJNA277399	SAMN03392477	LK7		Plant	Malaysia: Malacca	2010-10-06	Microbe sample from Bacillus sp. LK7		False	True	False	False	1	True	source	False	False	False	False	0		False	UNRESOLVED	Candidate metadata does not provide sufficiently explicit evidence to demonstrate direct plant association under the fixed inclusion criteria.	insufficient_metadata
GCF_054161355.1	Bacillus sp. PK3-037	2937835	PK3-037	Complete Genome		2025-12-24	King Abdullah University of Science and Technology	PRJNA827473	SAMN27610215	PK3-037	Janochloa antidotale	Plant	Pakistan: Thar desert	2015-03-15	MIGS Cultured Bacterial/Archaeal sample from Bacillus sp. PK3-037	Keywords: GSC:MIxS;MIGS:6.0	False	True	False	False	1	True	source	False	False	False	False	0		False	UNRESOLVED	Candidate metadata does not provide sufficiently explicit evidence to demonstrate direct plant association under the fixed inclusion criteria.	insufficient_metadata
GCF_055305435.1	Bacillus sp. PK3-045	2937836	PK3-045	Complete Genome		2026-02-18	King Abdullah University of Science and Technology	PRJNA827473	SAMN27610216	PK3-045	Janochloa antidotale	Plant	Pakistan: Thar desert	2015-03-15	MIGS Cultured Bacterial/Archaeal sample from Bacillus sp. PK3-045	Keywords: GSC:MIxS;MIGS:6.0	False	True	False	False	1	True	source	False	False	False	False	0		False	UNRESOLVED	Candidate metadata does not provide sufficiently explicit evidence to demonstrate direct plant association under the fixed inclusion criteria.	insufficient_metadata
GCF_056738645.1	Bacillus sp. PK3-067	2937838	PK3-067	Complete Genome		2026-04-15	King Abdullah University of Science and Technology	PRJNA827473	SAMN27610218	PK3-067	Janochloa antidotale	Plant	Pakistan: Thar desert	2015-03-15	MIGS Cultured Bacterial/Archaeal sample from Bacillus sp. PK3-067	Keywords: GSC:MIxS;MIGS:6.0	False	True	False	False	1	True	source	False	False	False	False	0		False	UNRESOLVED	Candidate metadata does not provide sufficiently explicit evidence to demonstrate direct plant association under the fixed inclusion criteria.	insufficient_metadata
GCF_054161375.1	Bacillus sp. PK3-130	2937839	PK3-130	Complete Genome		2025-12-24	King Abdullah University of Science and Technology	PRJNA827473	SAMN27610219	PK3-130	Janochloa antidotale	Plant	Pakistan: Thar desert	2015-03-15	MIGS Cultured Bacterial/Archaeal sample from Bacillus sp. PK3-130	Keywords: GSC:MIxS;MIGS:6.0	False	True	False	False	1	True	source	False	False	False	False	0		False	UNRESOLVED	Candidate metadata does not provide sufficiently explicit evidence to demonstrate direct plant association under the fixed inclusion criteria.	insufficient_metadata
GCF_054161385.1	Bacillus sp. PK3-136	2937840	PK3-136	Complete Genome		2025-12-24	King Abdullah University of Science and Technology	PRJNA827473	SAMN27610220	PK3-136	Janochloa antidotale	Plant	Pakistan: Thar desert	2015-03-15	MIGS Cultured Bacterial/Archaeal sample from Bacillus sp. PK3-136	Keywords: GSC:MIxS;MIGS:6.0	False	True	False	False	1	True	source	False	False	False	False	0		False	UNRESOLVED	Candidate metadata does not provide sufficiently explicit evidence to demonstrate direct plant association under the fixed inclusion criteria.	insufficient_metadata
GCF_054161395.1	Bacillus sp. PK3-137	2937841	PK3-137	Complete Genome		2025-12-24	King Abdullah University of Science and Technology	PRJNA827473	SAMN27610221	PK3-137	Janochloa antidotale	Plant	Pakistan: Thar desert	2015-03-15	MIGS Cultured Bacterial/Archaeal sample from Bacillus sp. PK3-137	Keywords: GSC:MIxS;MIGS:6.0	False	True	False	False	1	True	source	False	False	False	False	0		False	UNRESOLVED	Candidate metadata does not provide sufficiently explicit evidence to demonstrate direct plant association under the fixed inclusion criteria.	insufficient_metadata
GCF_054161405.1	Bacillus sp. PK5-004	2937842	PK5-004	Complete Genome		2025-12-24	King Abdullah University of Science and Technology	PRJNA827473	SAMN27610223	PK5-004	Tribulus terrestris	Plant	Pakistan: Thar desert	2015-03-15	MIGS Cultured Bacterial/Archaeal sample from Bacillus sp. PK5-004	Keywords: GSC:MIxS;MIGS:6.0	False	True	False	False	1	True	source	False	False	False	False	0		False	UNRESOLVED	Candidate metadata does not provide sufficiently explicit evidence to demonstrate direct plant association under the fixed inclusion criteria.	insufficient_metadata
GCF_054161415.1	Bacillus sp. PK5-006	2937843	PK5-006	Complete Genome		2025-12-24	King Abdullah University of Science and Technology	PRJNA827473	SAMN27610224	PK5-006	Tribulus terrestris	Plant	Pakistan: Thar desert	2015-03-15	MIGS Cultured Bacterial/Archaeal sample from Bacillus sp. PK5-006	Keywords: GSC:MIxS;MIGS:6.0	False	True	False	False	1	True	source	False	False	False	False	0		False	UNRESOLVED	Candidate metadata does not provide sufficiently explicit evidence to demonstrate direct plant association under the fixed inclusion criteria.	insufficient_metadata
GCF_054161425.1	Bacillus sp. PK5-009	2937844	PK5-009	Complete Genome		2025-12-24	King Abdullah University of Science and Technology	PRJNA827473	SAMN27610225	PK5-009	Tribulus terrestris	Plant	Pakistan: Thar desert	2015-03-15	MIGS Cultured Bacterial/Archaeal sample from Bacillus sp. PK5-009	Keywords: GSC:MIxS;MIGS:6.0	False	True	False	False	1	True	source	False	False	False	False	0		False	UNRESOLVED	Candidate metadata does not provide sufficiently explicit evidence to demonstrate direct plant association under the fixed inclusion criteria.	insufficient_metadata
GCF_054161435.1	Bacillus sp. PK5-050	2937847	PK5-050	Complete Genome		2025-12-24	King Abdullah University of Science and Technology	PRJNA827473	SAMN27610228	PK5-050	Tribulus terrestris	Plant	Pakistan: Thar desert	2015-03-15	MIGS Cultured Bacterial/Archaeal sample from Bacillus sp. PK5-050	Keywords: GSC:MIxS;MIGS:6.0	False	True	False	False	1	True	source	False	False	False	False	0		False	UNRESOLVED	Candidate metadata does not provide sufficiently explicit evidence to demonstrate direct plant association under the fixed inclusion criteria.	insufficient_metadata
GCF_054161445.1	Bacillus sp. PK6-013	2937848	PK6-013	Complete Genome		2025-12-24	King Abdullah University of Science and Technology	PRJNA827473	SAMN27610229	PK6-013	Tetraena simplex	Plant	Pakistan: Thar desert	2015-03-15	MIGS Cultured Bacterial/Archaeal sample from Bacillus sp. PK6-013	Keywords: GSC:MIxS;MIGS:6.0	False	True	False	False	1	True	source	False	False	False	False	0		False	UNRESOLVED	Candidate metadata does not provide sufficiently explicit evidence to demonstrate direct plant association under the fixed inclusion criteria.	insufficient_metadata
GCF_056530265.1	Bacillus sp. PK6-025	2937849	PK6-025	Complete Genome		2026-04-02	King Abdullah University of Science and Technology	PRJNA827473	SAMN27610230	PK6-025	Tetraena simplex	Plant	Pakistan: Thar desert	2015-03-15	MIGS Cultured Bacterial/Archaeal sample from Bacillus sp. PK6-025	Keywords: GSC:MIxS;MIGS:6.0	False	True	False	False	1	True	source	False	False	False	False	0		False	UNRESOLVED	Candidate metadata does not provide sufficiently explicit evidence to demonstrate direct plant association under the fixed inclusion criteria.	insufficient_metadata
GCF_054161455.1	Bacillus sp. PK6-026	2937850	PK6-026	Complete Genome		2025-12-24	King Abdullah University of Science and Technology	PRJNA827473	SAMN27610231	PK6-026	Tetraena simplex	Plant	Pakistan: Thar desert	2015-03-15	MIGS Cultured Bacterial/Archaeal sample from Bacillus sp. PK6-026	Keywords: GSC:MIxS;MIGS:6.0	False	True	False	False	1	True	source	False	False	False	False	0		False	UNRESOLVED	Candidate metadata does not provide sufficiently explicit evidence to demonstrate direct plant association under the fixed inclusion criteria.	insufficient_metadata
GCF_056530295.1	Bacillus sp. PK6-16	2937851	PK6-16	Complete Genome		2026-04-02	King Abdullah University of Science and Technology	PRJNA827473	SAMN27610232	PK6-16	Tetraena simplex	Plant	Pakistan: Thar desert	2015-03-15	MIGS Cultured Bacterial/Archaeal sample from Bacillus sp. PK6-16	Keywords: GSC:MIxS;MIGS:6.0	False	True	False	False	1	True	source	False	False	False	False	0		False	UNRESOLVED	Candidate metadata does not provide sufficiently explicit evidence to demonstrate direct plant association under the fixed inclusion criteria.	insufficient_metadata
GCF_020165935.1	Bacillus sp. RAR_M1_44	2876776	RAR_M1_44	Contig		2021-09-26	Mientrung Institute for Scientific Research	PRJNA763690	SAMN21447337	RAR_M1_44	Rhizophora apiculata		Viet Nam	2019-06-15	MIGS Cultured Bacterial/Archaeal sample from Bacillus sp. RAR_M1_44	Keywords: GSC:MIxS;MIGS:6.0	True	False	False	False	1	True	host	False	False	False	False	0		False	UNRESOLVED	Candidate metadata does not provide sufficiently explicit evidence to demonstrate direct plant association under the fixed inclusion criteria.	insufficient_metadata
GCF_001429465.1	Bacillus sp. Root11	1736425	Root11	Scaffold		2015-11-02	Max Planck Institute for Plant Breeding Research	PRJNA297942	SAMN04155694	Root11	Arabidopsis thaliana		Germany:Cologne	2012	MIGS Cultured Bacterial/Archaeal sample from Bacillus sp. Root11	Keywords: GSC:MIxS;MIGS:6.0	True	False	False	False	1	True	host	False	False	False	False	0		False	UNRESOLVED	Candidate metadata does not provide sufficiently explicit evidence to demonstrate direct plant association under the fixed inclusion criteria.	insufficient_metadata
GCF_001429475.1	Bacillus sp. Root131	1736451	Root131	Scaffold		2015-11-02	Max Planck Institute for Plant Breeding Research	PRJNA297942	SAMN04155720	Root131	Arabidopsis thaliana		Germany:Cologne	2013	MIGS Cultured Bacterial/Archaeal sample from Bacillus sp. Root131	Keywords: GSC:MIxS;MIGS:6.0	True	False	False	False	1	True	host	False	False	False	False	0		False	UNRESOLVED	Candidate metadata does not provide sufficiently explicit evidence to demonstrate direct plant association under the fixed inclusion criteria.	insufficient_metadata
GCF_001429445.1	Bacillus sp. Root920	1736608	Root920	Scaffold		2015-11-02	Max Planck Institute for Plant Breeding Research	PRJNA297942	SAMN04155877	Root920	Arabidopsis thaliana		Germany:Cologne	2012	MIGS Cultured Bacterial/Archaeal sample from Bacillus sp. Root920	Keywords: GSC:MIxS;MIGS:6.0	True	False	False	False	1	True	host	False	False	False	False	0		False	UNRESOLVED	Candidate metadata does not provide sufficiently explicit evidence to demonstrate direct plant association under the fixed inclusion criteria.	insufficient_metadata
GCF_020165915.1	Bacillus sp. RSS_NA_20	2876777	RSS_NA_20	Contig		2021-09-26	Mientrung Institute for Scientific Research	PRJNA763690	SAMN21447338	RSS_NA_20	Rhizophora stylosa		Viet Nam	2019-06-16	MIGS Cultured Bacterial/Archaeal sample from Bacillus sp. RSS_NA_20	Keywords: GSC:MIxS;MIGS:6.0	True	False	False	False	1	True	host	False	False	False	False	0		False	UNRESOLVED	Candidate metadata does not provide sufficiently explicit evidence to demonstrate direct plant association under the fixed inclusion criteria.	insufficient_metadata
GCF_054792375.1	Bacillus sp. SA116	2937855	SA116	Complete Genome		2026-01-28	King Abdullah University of Science and Technology	PRJNA827473	SAMN27610185	SA116	Indigofera argentea Burm.f.	Plant	Saudi Arabia: Jizan	2012-02-13	MIGS Cultured Bacterial/Archaeal sample from Bacillus sp. SA116	Keywords: GSC:MIxS;MIGS:6.0	False	True	False	False	1	True	source	False	False	False	False	0		False	UNRESOLVED	Candidate metadata does not provide sufficiently explicit evidence to demonstrate direct plant association under the fixed inclusion criteria.	insufficient_metadata
GCF_058566435.1	Bacillus sp. SCT118	3421427	SCT118	Complete Genome		2026-06-29	Sunchon National University	PRJNA1258608	SAMN48326241	SCT118	Apostichopus japonicus	Intestine of sea cucumber	South Korea: Taean	2014	Microbe sample from Bacillus sp. SCT118		False	True	False	False	1	True	source	False	False	False	False	0		False	UNRESOLVED	Candidate metadata does not provide sufficiently explicit evidence to demonstrate direct plant association under the fixed inclusion criteria.	insufficient_metadata
GCF_055902415.1	Bacillus sp. SSR7	3454664	SSR7	Contig		2026-03-14	VNU-Institute of Microbiology and Biotechnology	PRJNA1301067	SAMN50434436	SSR7	rice	plant	Viet Nam: Soc Son, Hanoi	2023-09-11	Microbe sample from Bacillus sp. SSR7		True	True	False	False	2	True	host;source	False	False	False	False	0		False	UNRESOLVED	Candidate metadata does not provide sufficiently explicit evidence to demonstrate direct plant association under the fixed inclusion criteria.	insufficient_metadata
GCF_025599235.1	Bacillus sp. ST24	2978740	ST24	Contig		2022-10-05	Texas A&M	PRJNA880562	SAMN30852753	ST24	rice		USA:Beaumont, Texas	2020	MIGS Cultured Bacterial/Archaeal sample from Bacillus sp.	Keywords: GSC:MIxS;MIGS:6.0	True	False	False	False	1	True	host	False	False	False	False	0		False	UNRESOLVED	Candidate metadata does not provide sufficiently explicit evidence to demonstrate direct plant association under the fixed inclusion criteria.	insufficient_metadata
GCF_054062215.1	Bacillus sp. TE9106W	3470505	TE9106W	Contig		2025-12-17	DOE Joint Genome Institute	PRJNA1353998	SAMN53282068	TE9106W	not applicable		USA: Milberger, Kansas	missing	Bacillus sp. TE9106W	Genome sequencing of secondary metabolite-producing environmental bacteria isolated from Tiny Earth (TE), a worldwide network that is aiming to crowdsource antimicrobial discovery for the control of plant pathogens using college students as the workforce.	False	False	False	True	1	True	comment	False	False	False	False	0		False	UNRESOLVED	Candidate metadata does not provide sufficiently explicit evidence to demonstrate direct plant association under the fixed inclusion criteria.	insufficient_metadata
GCF_054061595.1	Bacillus sp. TE9122W	3470468	TE9122W	Contig		2025-12-17	DOE Joint Genome Institute	PRJNA1353934	SAMN53282837	TE9122W	not applicable		USA: Russell, Kansas	missing	Bacillus sp. TE9122W	Genome sequencing of secondary metabolite-producing environmental bacteria isolated from Tiny Earth (TE), a worldwide network that is aiming to crowdsource antimicrobial discovery for the control of plant pathogens using college students as the workforce.	False	False	False	True	1	True	comment	False	False	False	False	0		False	UNRESOLVED	Candidate metadata does not provide sufficiently explicit evidence to demonstrate direct plant association under the fixed inclusion criteria.	insufficient_metadata
GCF_000970445.1	Bacillus sp. TH008	1609979	TH008	Scaffold		2015-04-07	The Ohio State University	PRJNA273390	SAMN03291350	TH008		soil	USA: Ohio, Columbus, banks of Olentangy River	2013-11-26	Bacterial isolate Bacillus benefactor, isolated from Ohio soils	Bacillus benefactor sp. nov. is a novel member of the Bacillus subtilis group of species. Other species within this group include plant-growth promoting bacteria, producers of commercially important enzymes and antibiotics, probiotic strains, and production strains for fermented foods.	False	False	False	True	1	True	comment	False	False	False	False	0		False	UNRESOLVED	Candidate metadata does not provide sufficiently explicit evidence to demonstrate direct plant association under the fixed inclusion criteria.	insufficient_metadata
GCF_014338615.1	Bacillus sp. Xin	2766700	Xin	Scaffold		2020-08-31	College of Life Science	PRJNA658725	SAMN15887563	Xin	cotton	soil	China	2019-05-16	Microbe sample from Bacillus sp. Xin		True	False	False	False	1	True	host	False	False	False	False	0		False	UNRESOLVED	Candidate metadata does not provide sufficiently explicit evidence to demonstrate direct plant association under the fixed inclusion criteria.	insufficient_metadata
GCF_049056665.1	Bacillus sp. YIM B13558	3366858	YIM B13558	Contig		2025-03-26	Yunnan University	PRJNA1166736	SAMN43971628	YIM B13558	tobacco	missing	China: Yunnan Province	2023-11-18	Microbe sample from Bacillus sp. YIM B13558		True	False	False	False	1	True	host	False	False	False	False	0		False	UNRESOLVED	Candidate metadata does not provide sufficiently explicit evidence to demonstrate direct plant association under the fixed inclusion criteria.	insufficient_metadata
GCF_049056585.1	Bacillus sp. YIM B13560	3366857	YIM B13560	Contig		2025-03-26	Yunnan University	PRJNA1166736	SAMN43971629	YIM B13560	tobacco	missing	China: Yunnan Province	2023-11-18	Microbe sample from Bacillus sp. YIM B13560		True	False	False	False	1	True	host	False	False	False	False	0		False	UNRESOLVED	Candidate metadata does not provide sufficiently explicit evidence to demonstrate direct plant association under the fixed inclusion criteria.	insufficient_metadata
GCF_049056745.1	Bacillus sp. YIM B13569	3366860	YIM B13569	Contig		2025-03-26	Yunnan University	PRJNA1166736	SAMN43971626	YIM B13569	tobacco	missing	China: Yunnan Province	2023-11-18	Microbe sample from Bacillus sp. YIM B13569		True	False	False	False	1	True	host	False	False	False	False	0		False	UNRESOLVED	Candidate metadata does not provide sufficiently explicit evidence to demonstrate direct plant association under the fixed inclusion criteria.	insufficient_metadata
GCF_049056645.1	Bacillus sp. YIM B13570	3366859	YIM B13570	Contig		2025-03-26	Yunnan University	PRJNA1166736	SAMN43971627	YIM B13570	tobacco	missing	China: Yunnan Province	2023-11-18	Microbe sample from Bacillus sp. YIM B13570		True	False	False	False	1	True	host	False	False	False	False	0		False	UNRESOLVED	Candidate metadata does not provide sufficiently explicit evidence to demonstrate direct plant association under the fixed inclusion criteria.	insufficient_metadata
GCF_049056445.1	Bacillus sp. YIM B13573	3366856	YIM B13573	Scaffold		2025-03-26	Yunnan University	PRJNA1166736	SAMN43971630	YIM B13573	tobacco	missing	China: Yunnan Province	2023-11-18	Microbe sample from Bacillus sp. YIM B13573		True	False	False	False	1	True	host	False	False	False	False	0		False	UNRESOLVED	Candidate metadata does not provide sufficiently explicit evidence to demonstrate direct plant association under the fixed inclusion criteria.	insufficient_metadata
GCF_049056605.1	Bacillus sp. YIM B13574	3366855	YIM B13574	Scaffold		2025-03-26	Yunnan University	PRJNA1166736	SAMN43971631	YIM B13574	tobacco	missing	China: Yunnan Province	2023-11-18	Microbe sample from Bacillus sp. YIM B13574		True	False	False	False	1	True	host	False	False	False	False	0		False	UNRESOLVED	Candidate metadata does not provide sufficiently explicit evidence to demonstrate direct plant association under the fixed inclusion criteria.	insufficient_metadata
GCF_049059065.1	Bacillus sp. YIM B13582	3366876	YIM B13582	Scaffold		2025-03-26	Yunnan University	PRJNA1166736	SAMN43971610	YIM B13582	tobacco	missing	China: Yunnan Province	2023-11-18	Microbe sample from Bacillus sp. YIM B13582		True	False	False	False	1	True	host	False	False	False	False	0		False	UNRESOLVED	Candidate metadata does not provide sufficiently explicit evidence to demonstrate direct plant association under the fixed inclusion criteria.	insufficient_metadata
GCF_049058945.1	Bacillus sp. YIM B13584	3366873	YIM B13584	Scaffold		2025-03-26	Yunnan University	PRJNA1166736	SAMN43971613	YIM B13584	tobacco	missing	China: Yunnan Province	2023-11-18	Microbe sample from Bacillus sp. YIM B13584		True	False	False	False	1	True	host	False	False	False	False	0		False	UNRESOLVED	Candidate metadata does not provide sufficiently explicit evidence to demonstrate direct plant association under the fixed inclusion criteria.	insufficient_metadata
GCF_049058885.1	Bacillus sp. YIM B13585	3366872	YIM B13585	Contig		2025-03-26	Yunnan University	PRJNA1166736	SAMN43971614	YIM B13585	tobacco	missing	China: Yunnan Province	2023-11-18	Microbe sample from Bacillus sp. YIM B13585		True	False	False	False	1	True	host	False	False	False	False	0		False	UNRESOLVED	Candidate metadata does not provide sufficiently explicit evidence to demonstrate direct plant association under the fixed inclusion criteria.	insufficient_metadata
GCF_049058905.1	Bacillus sp. YIM B13589	3366871	YIM B13589	Contig		2025-03-26	Yunnan University	PRJNA1166736	SAMN43971615	YIM B13589	tobacco	missing	China: Yunnan Province	2023-11-18	Microbe sample from Bacillus sp. YIM B13589		True	False	False	False	1	True	host	False	False	False	False	0		False	UNRESOLVED	Candidate metadata does not provide sufficiently explicit evidence to demonstrate direct plant association under the fixed inclusion criteria.	insufficient_metadata
GCF_049058845.1	Bacillus sp. YIM B13590	3366870	YIM B13590	Contig		2025-03-26	Yunnan University	PRJNA1166736	SAMN43971616	YIM B13590	tobacco	missing	China: Yunnan Province	2023-11-18	Microbe sample from Bacillus sp. YIM B13590		True	False	False	False	1	True	host	False	False	False	False	0		False	UNRESOLVED	Candidate metadata does not provide sufficiently explicit evidence to demonstrate direct plant association under the fixed inclusion criteria.	insufficient_metadata
GCF_049059045.1	Bacillus sp. YIM B13597	3366875	YIM B13597	Contig		2025-03-26	Yunnan University	PRJNA1166736	SAMN43971611	YIM B13597	tobacco	missing	China: Yunnan Province	2023-11-18	Microbe sample from Bacillus sp. YIM B13597		True	False	False	False	1	True	host	False	False	False	False	0		False	UNRESOLVED	Candidate metadata does not provide sufficiently explicit evidence to demonstrate direct plant association under the fixed inclusion criteria.	insufficient_metadata
GCF_049059025.1	Bacillus sp. YIM B13600	3366874	YIM B13600	Contig		2025-03-26	Yunnan University	PRJNA1166736	SAMN43971612	YIM B13600	tobacco	missing	China: Yunnan Province	2023-11-18	Microbe sample from Bacillus sp. YIM B13600		True	False	False	False	1	True	host	False	False	False	False	0		False	UNRESOLVED	Candidate metadata does not provide sufficiently explicit evidence to demonstrate direct plant association under the fixed inclusion criteria.	insufficient_metadata
GCF_049058805.1	Bacillus sp. YIM B13601	3366869	YIM B13601	Contig		2025-03-26	Yunnan University	PRJNA1166736	SAMN43971617	YIM B13601	tobacco	missing	China: Yunnan Province	2023-11-18	Microbe sample from Bacillus sp. YIM B13601		True	False	False	False	1	True	host	False	False	False	False	0		False	UNRESOLVED	Candidate metadata does not provide sufficiently explicit evidence to demonstrate direct plant association under the fixed inclusion criteria.	insufficient_metadata
GCF_049058665.1	Bacillus sp. YIM B13602	3366866	YIM B13602	Contig		2025-03-26	Yunnan University	PRJNA1166736	SAMN43971620	YIM B13602	tobacco	missing	China: Yunnan Province	2023-11-18	Microbe sample from Bacillus sp. YIM B13602		True	False	False	False	1	True	host	False	False	False	False	0		False	UNRESOLVED	Candidate metadata does not provide sufficiently explicit evidence to demonstrate direct plant association under the fixed inclusion criteria.	insufficient_metadata
GCF_049058645.1	Bacillus sp. YIM B13603	3366865	YIM B13603	Contig		2025-03-26	Yunnan University	PRJNA1166736	SAMN43971621	YIM B13603	tobacco	missing	China: Yunnan Province	2023-11-18	Microbe sample from Bacillus sp. YIM B13603		True	False	False	False	1	True	host	False	False	False	False	0		False	UNRESOLVED	Candidate metadata does not provide sufficiently explicit evidence to demonstrate direct plant association under the fixed inclusion criteria.	insufficient_metadata
GCF_049058585.1	Bacillus sp. YIM B13604	3366864	YIM B13604	Contig		2025-03-26	Yunnan University	PRJNA1166736	SAMN43971622	YIM B13604	tobacco	missing	China: Yunnan Province	2023-11-18	Microbe sample from Bacillus sp. YIM B13604		True	False	False	False	1	True	host	False	False	False	False	0		False	UNRESOLVED	Candidate metadata does not provide sufficiently explicit evidence to demonstrate direct plant association under the fixed inclusion criteria.	insufficient_metadata
GCF_049058485.1	Bacillus sp. YIM B13606	3366863	YIM B13606	Contig		2025-03-26	Yunnan University	PRJNA1166736	SAMN43971623	YIM B13606	tobacco	missing	China: Yunnan Province	2023-11-18	Microbe sample from Bacillus sp. YIM B13606		True	False	False	False	1	True	host	False	False	False	False	0		False	UNRESOLVED	Candidate metadata does not provide sufficiently explicit evidence to demonstrate direct plant association under the fixed inclusion criteria.	insufficient_metadata
GCF_049058605.1	Bacillus sp. YIM B13607	3366862	YIM B13607	Contig		2025-03-26	Yunnan University	PRJNA1166736	SAMN43971624	YIM B13607	tobacco	missing	China: Yunnan Province	2023-11-18	Microbe sample from Bacillus sp. YIM B13607		True	False	False	False	1	True	host	False	False	False	False	0		False	UNRESOLVED	Candidate metadata does not provide sufficiently explicit evidence to demonstrate direct plant association under the fixed inclusion criteria.	insufficient_metadata
GCF_049058465.1	Bacillus sp. YIM B13608	3366861	YIM B13608	Contig		2025-03-26	Yunnan University	PRJNA1166736	SAMN43971625	YIM B13608	tobacco	missing	China: Yunnan Province	2023-11-18	Microbe sample from Bacillus sp. YIM B13608		True	False	False	False	1	True	host	False	False	False	False	0		False	UNRESOLVED	Candidate metadata does not provide sufficiently explicit evidence to demonstrate direct plant association under the fixed inclusion criteria.	insufficient_metadata
GCF_049058745.1	Bacillus sp. YIM B13609	3366868	YIM B13609	Contig		2025-03-26	Yunnan University	PRJNA1166736	SAMN43971618	YIM B13609	tobacco	missing	China: Yunnan Province	2023-11-18	Microbe sample from Bacillus sp. YIM B13609		True	False	False	False	1	True	host	False	False	False	False	0		False	UNRESOLVED	Candidate metadata does not provide sufficiently explicit evidence to demonstrate direct plant association under the fixed inclusion criteria.	insufficient_metadata
GCF_049058685.1	Bacillus sp. YIM B13610	3366867	YIM B13610	Contig		2025-03-26	Yunnan University	PRJNA1166736	SAMN43971619	YIM B13610	tobacco	missing	China: Yunnan Province	2023-11-18	Microbe sample from Bacillus sp. YIM B13610		True	False	False	False	1	True	host	False	False	False	False	0		False	UNRESOLVED	Candidate metadata does not provide sufficiently explicit evidence to demonstrate direct plant association under the fixed inclusion criteria.	insufficient_metadata
GCF_036666015.1	Bacillus spizizenii	96241	NBRI 28B	Contig		2024-02-16	CSIR-NBRI	PRJNA1012324	SAMN37253669	NBRI 28B	rice	rhizopheric soil	India	2015-05-08	Microbe sample from Bacillus spizizenii		True	True	False	False	2	True	host;source	False	False	False	False	0		False	UNRESOLVED	Candidate metadata does not provide sufficiently explicit evidence to demonstrate direct plant association under the fixed inclusion criteria.	insufficient_metadata
GCF_056098885.1	Bacillus spizizenii	96241	TSM40	Contig		2026-03-17	Instituto Tecnologico de Sonora	PRJNA1080047	SAMN45878044	TSM40	wheat	soil	Mexico: Yaqui Valley	2014	Microbe sample from Bacillus spizizenii		True	False	False	False	1	True	host	False	False	False	False	0		False	UNRESOLVED	Candidate metadata does not provide sufficiently explicit evidence to demonstrate direct plant association under the fixed inclusion criteria.	insufficient_metadata
GCF_016890225.1	Bacillus suaedaesalsae	2810349	RD4P76	Contig	reference genome	2021-02-15	Bacillus sp. RD4P76	PRJNA700001	SAMN17817098	RD4P76		plant	China: Inner Mongolia	2019-10-18	Microbe sample from Bacillus suaedaesalsae		False	True	False	False	1	True	source	False	False	False	False	0		False	UNRESOLVED	Candidate metadata does not provide sufficiently explicit evidence to demonstrate direct plant association under the fixed inclusion criteria.	insufficient_metadata
GCF_001043765.1	Bacillus subtilis	1423	LK22	Contig		2015-06-30	University of Malaya	PRJNA277415	SAMN03751781	LK22		Plant	Malaysia: Malacca	2010-07-06	Microbe sample from Bacillus subtilis		False	True	False	False	1	True	source	False	False	False	False	0		False	UNRESOLVED	Candidate metadata does not provide sufficiently explicit evidence to demonstrate direct plant association under the fixed inclusion criteria.	insufficient_metadata
GCF_002220075.1	Bacillus subtilis	1423	GS 188	Chromosome		2017-07-17	Davangere University	PRJNA392594	SAMN07303434	GS 188		wheat sourdough	India: Khaagipur	2013-03-11	Gluten hydrolyzing indigenous Bacillus subtilis GS 188 sp. isolated from wheat sourdough		False	True	True	False	2	True	source;title	False	False	False	False	0		False	UNRESOLVED	Candidate metadata does not provide sufficiently explicit evidence to demonstrate direct plant association under the fixed inclusion criteria.	insufficient_metadata
GCF_010634645.1	Bacillus subtilis	1423	TS4	Scaffold		2020-02-14	University of Jammu	PRJNA380448	SAMN06643048	TS4	Crocus sativus (saffron)	healthy plant	India	2014-08	MIGS Cultured Bacterial/Archaeal sample from Bacillus subtilis	Keywords: GSC:MIxS;MIGS:6.0	False	True	False	False	1	True	source	False	False	False	False	0		False	UNRESOLVED	Candidate metadata does not provide sufficiently explicit evidence to demonstrate direct plant association under the fixed inclusion criteria.	insufficient_metadata
GCF_015535655.1	Bacillus subtilis	1423	TR21	Complete Genome		2020-11-17	Zhongkai University of Agriculture and Engineering	PRJNA594094	SAMN13503695	TR21	plant	Dendrobium	China:Guangzhou	2019-12-03	Microbe sample from Bacillus subtilis		True	False	False	False	1	True	host	False	False	False	False	0		False	UNRESOLVED	Candidate metadata does not provide sufficiently explicit evidence to demonstrate direct plant association under the fixed inclusion criteria.	insufficient_metadata
GCF_015602625.1	Bacillus subtilis	1423	R31	Complete Genome		2020-11-19	Zhongkai University of Agriculture and Engineering	PRJNA594092	SAMN13503694	R31	plant	Dendrobium	China:Guangzhou	2019-12-03	Microbe sample from Bacillus subtilis		True	False	False	False	1	True	host	False	False	False	False	0		False	UNRESOLVED	Candidate metadata does not provide sufficiently explicit evidence to demonstrate direct plant association under the fixed inclusion criteria.	insufficient_metadata
GCF_017352355.1	Bacillus subtilis	1423	Dcl1	Contig		2021-03-14	Mahatma Gandhi University	PRJNA598935	SAMN13734907	Dcl1	Curcuma longa	Plant	India	2017-06-17	Microbe sample from Bacillus subtilis		False	True	False	False	1	True	source	False	False	False	False	0		False	UNRESOLVED	Candidate metadata does not provide sufficiently explicit evidence to demonstrate direct plant association under the fixed inclusion criteria.	insufficient_metadata
GCF_018141065.1	Bacillus subtilis	1423	PMB102	Chromosome		2021-04-27	National Chung Hsing University and Academia Sinica	PRJNA598403	SAMN06706665	PMB102	tomato		Taiwan: Central Taiwan	2010	MIGS Cultured Bacterial/Archaeal sample from Bacillus subtilis	Keywords: GSC:MIxS;MIGS:6.0	True	False	False	False	1	True	host	False	False	False	False	0		False	UNRESOLVED	Candidate metadata does not provide sufficiently explicit evidence to demonstrate direct plant association under the fixed inclusion criteria.	insufficient_metadata
GCF_028477245.1	Bacillus subtilis	1423	BF2	Scaffold		2023-02-06	South China University of Technology	PRJNA917793	SAMN32549427	BF2		citrus pomace	China: Ganyuanfeng Agricultural Biotechnology Co., LTD, Jiangmen, Guandong	2021-01-05	Microbe sample from Bacillus amyloliquefaciens BF2		False	True	False	False	1	True	source	False	False	False	False	0		False	UNRESOLVED	Candidate metadata does not provide sufficiently explicit evidence to demonstrate direct plant association under the fixed inclusion criteria.	insufficient_metadata
GCF_030273385.1	Bacillus subtilis	1423	MBB3B9_DBT-NECAB	Chromosome		2023-06-15	Assam Agricultural University	PRJNA786394	SAMN23670471	MBB3B9_DBT-NECAB		rice garden soil	India: Jorhat, Assam	2014-12-20	MIGS Cultured Bacterial/Archaeal sample from Bacillus subtilis	Keywords: GSC:MIxS;MIGS:6.0	False	True	False	False	1	True	source	False	False	False	False	0		False	UNRESOLVED	Candidate metadata does not provide sufficiently explicit evidence to demonstrate direct plant association under the fixed inclusion criteria.	insufficient_metadata
GCF_030643845.1	Bacillus subtilis	1423	GXD-20	Complete Genome		2023-08-04	Guilin Medical University	PRJNA924944	SAMN32775247	GXD-20		Starch plant	China: Guangxi	2021-10-09	Microbe sample from Bacillus subtilis		False	True	False	False	1	True	source	False	False	False	False	0		False	UNRESOLVED	Candidate metadata does not provide sufficiently explicit evidence to demonstrate direct plant association under the fixed inclusion criteria.	insufficient_metadata
GCF_033845325.1	Bacillus subtilis	1423	FC6	Contig		2023-11-20	Centre de Biotechnologie de Sfax	PRJNA1040260	SAMN38252434	FC6		Plant	Cameroon	missing	Microbe sample from Bacillus subtilis		False	True	False	False	1	True	source	False	False	False	False	0		False	UNRESOLVED	Candidate metadata does not provide sufficiently explicit evidence to demonstrate direct plant association under the fixed inclusion criteria.	insufficient_metadata
GCF_034259385.1	Bacillus subtilis	1423	RA15	Contig		2023-12-10	Centre de Biotechnologie de Sfax	PRJNA1045590	SAMN38447974	RA15		Plant	Cameroon	missing	Microbe sample from Bacillus subtilis		False	True	False	False	1	True	source	False	False	False	False	0		False	UNRESOLVED	Candidate metadata does not provide sufficiently explicit evidence to demonstrate direct plant association under the fixed inclusion criteria.	insufficient_metadata
GCF_035809115.1	Bacillus subtilis	1423	B-41586	Contig		2024-01-18	USDA-ARS-NCAUR	PRJNA802201	SAMN33940601	B-41586		rotting potato	Russia	2006-06-15	Microbe sample from Bacillus subtilis		False	True	False	False	1	True	source	False	False	False	False	0		False	UNRESOLVED	Candidate metadata does not provide sufficiently explicit evidence to demonstrate direct plant association under the fixed inclusion criteria.	insufficient_metadata
GCF_035812095.1	Bacillus subtilis	1423	B-14211	Contig		2024-01-18	USDA-ARS-NCAUR	PRJNA802201	SAMN33940448	B-14211		ground black pepper	USA	1983-11-15	Microbe sample from Bacillus subtilis		False	True	False	False	1	True	source	False	False	False	False	0		False	UNRESOLVED	Candidate metadata does not provide sufficiently explicit evidence to demonstrate direct plant association under the fixed inclusion criteria.	insufficient_metadata
GCF_035812135.1	Bacillus subtilis	1423	B-14210	Scaffold		2024-01-18	USDA-ARS-NCAUR	PRJNA802201	SAMN33940447	B-14210		ground black pepper	USA	1929-01-01	Microbe sample from Bacillus subtilis		False	True	False	False	1	True	source	False	False	False	False	0		False	UNRESOLVED	Candidate metadata does not provide sufficiently explicit evidence to demonstrate direct plant association under the fixed inclusion criteria.	insufficient_metadata
GCF_035814195.1	Bacillus subtilis	1423	B-360	Scaffold		2024-01-18	USDA-ARS-NCAUR	PRJNA802201	SAMN33940341	B-360		corn	not collected	1942-04-28	Microbe sample from Bacillus subtilis		False	True	False	False	1	True	source	False	False	False	False	0		False	UNRESOLVED	Candidate metadata does not provide sufficiently explicit evidence to demonstrate direct plant association under the fixed inclusion criteria.	insufficient_metadata
GCF_036621485.1	Bacillus subtilis	1423	CB00893	Scaffold		2024-02-14	University of California, Riverside	PRJNA1046128	SAMN38476160	CB00893	Citrus sinensis		USA: Florida	2019-09-05	MIGS Cultured Bacterial/Archaeal sample from Bacillus subtilis	Keywords: GSC:MIxS;MIGS:6.0	True	False	False	False	1	True	host	False	False	False	False	0		False	UNRESOLVED	Candidate metadata does not provide sufficiently explicit evidence to demonstrate direct plant association under the fixed inclusion criteria.	insufficient_metadata
GCF_036621535.1	Bacillus subtilis	1423	CB00742	Scaffold		2024-02-14	University of California, Riverside	PRJNA1046128	SAMN38476159	CB00742	Citrus sinensis		USA: Florida	2019-08-29	MIGS Cultured Bacterial/Archaeal sample from Bacillus subtilis	Keywords: GSC:MIxS;MIGS:6.0	True	False	False	False	1	True	host	False	False	False	False	0		False	UNRESOLVED	Candidate metadata does not provide sufficiently explicit evidence to demonstrate direct plant association under the fixed inclusion criteria.	insufficient_metadata
GCF_036665995.1	Bacillus subtilis	1423	NBRI 33N	Contig		2024-02-16	CSIR-NBRI	PRJNA1012324	SAMN37253671	NBRI 33N	rice	soil	India	2015-05-08	Microbe sample from Bacillus subtilis		True	False	False	False	1	True	host	False	False	False	False	0		False	UNRESOLVED	Candidate metadata does not provide sufficiently explicit evidence to demonstrate direct plant association under the fixed inclusion criteria.	insufficient_metadata
GCF_040513675.1	Bacillus subtilis	1423	Bac3	Scaffold		2024-07-03	Lodz University of Technology	PRJNA1129008	SAMN42110437	Bac3		maize field	Poland: Lodzkie	2021-10	Microbe sample from Bacillus subtilis		False	True	False	False	1	True	source	False	False	False	False	0		False	UNRESOLVED	Candidate metadata does not provide sufficiently explicit evidence to demonstrate direct plant association under the fixed inclusion criteria.	insufficient_metadata
GCF_041261645.1	Bacillus subtilis	1423	soilG2B TE3179	Contig		2024-08-13	DOE Joint Genome Institute	PRJNA1115357	SAMN41513556	soilG2B TE3179	not applicable		missing	missing	Bacillus subtilis soilG2B TE3179	Genome sequencing of secondary metabolite-producing environmental bacteria isolated from Tiny Earth (TE), a worldwide network that is aiming to crowdsource antimicrobial discovery for the control of plant pathogens using college students as the workforce.	False	False	False	True	1	True	comment	False	False	False	False	0		False	UNRESOLVED	Candidate metadata does not provide sufficiently explicit evidence to demonstrate direct plant association under the fixed inclusion criteria.	insufficient_metadata
GCF_046267835.1	Bacillus subtilis	1423	M51	Complete Genome		2024-12-24	Henan University of Technology	PRJNA1164970	SAMN43911274	M51		plant	China:Shangqiu	2023-04-12	Microbe sample from Bacillus subtilis		False	True	False	False	1	True	source	False	False	False	False	0		False	UNRESOLVED	Candidate metadata does not provide sufficiently explicit evidence to demonstrate direct plant association under the fixed inclusion criteria.	insufficient_metadata
GCF_047607985.1	Bacillus subtilis	1423	BCS9-7407	Contig		2025-02-10	The Women University Multan	PRJNA1204098	SAMN46189538	BCS9-7407	Solanum tuberosum	potato	Pakistan:Multan	2023-02-05	Microbe sample from Bacillus subtilis		False	True	False	False	1	True	source	False	False	False	False	0		False	UNRESOLVED	Candidate metadata does not provide sufficiently explicit evidence to demonstrate direct plant association under the fixed inclusion criteria.	insufficient_metadata
GCF_047758065.1	Bacillus subtilis	1423	Z-294	Complete Genome		2025-02-13	China Agricultural University	PRJNA1219707	SAMN46632667	Z-294	Pepper		China:Beijing	2016-11	Microbe sample from Bacillus subtilis		True	False	False	False	1	True	host	False	False	False	False	0		False	UNRESOLVED	Candidate metadata does not provide sufficiently explicit evidence to demonstrate direct plant association under the fixed inclusion criteria.	insufficient_metadata
GCF_047758345.1	Bacillus subtilis	1423	W-2	Complete Genome		2025-02-13	China Agricultural University	PRJNA1219701	SAMN46629243	W-2	Pepper		China:Beijing	2016-11	Microbe sample from Bacillus subtilis W-2		True	False	False	False	1	True	host	False	False	False	False	0		False	UNRESOLVED	Candidate metadata does not provide sufficiently explicit evidence to demonstrate direct plant association under the fixed inclusion criteria.	insufficient_metadata
GCF_051028755.1	Bacillus subtilis	1423	L1-21	Complete Genome		2025-06-24	Yunnan Agricultural University	PRJNA698427	SAMN17717983	L1-21	Citrus reticulata		China: Yunnan	2012-12-02	Microbe sample from Bacillus subtilis		True	False	False	False	1	True	host	False	False	False	False	0		False	UNRESOLVED	Candidate metadata does not provide sufficiently explicit evidence to demonstrate direct plant association under the fixed inclusion criteria.	insufficient_metadata
GCF_051133315.1	Bacillus subtilis	1423	JCRE72	Contig		2025-06-28	GFC Life Science	PRJNA1279261	SAMN49477030	JCRE72		Plant	missing	2015-07-07	Microbe sample from Bacillus subtilis		False	True	False	False	1	True	source	False	False	False	False	0		False	UNRESOLVED	Candidate metadata does not provide sufficiently explicit evidence to demonstrate direct plant association under the fixed inclusion criteria.	insufficient_metadata
GCF_051904005.1	Bacillus subtilis	1423	8SII	Complete Genome		2025-08-09	Tamil Nadu Agricultural University	PRJNA838755	SAMN28462502	8SII		Rhizosheric soil	India: Tamil Nadu, Coimbatore, TNAU	2019-09-21	Bacillus subtilis 8SII	Biocontrol of late blight of potato using antagonistic bacteria	False	True	False	True	2	True	source;comment	False	False	False	False	0		False	UNRESOLVED	Candidate metadata does not provide sufficiently explicit evidence to demonstrate direct plant association under the fixed inclusion criteria.	insufficient_metadata
GCF_052145425.1	Bacillus subtilis	1423	19-WTA	Complete Genome		2025-08-19	University of Copenhagen	PRJNA1297403	SAMN50488492	19-WTA		Potato tubers	Russia: Tatarstan	not applicable	DSM21393 (SAMN33591700) recultivated twice in Brain Heart Infusion broth	Keywords: GSC:MIxS;MIGS:6.0	False	True	False	False	1	True	source	False	False	False	False	0		False	UNRESOLVED	Candidate metadata does not provide sufficiently explicit evidence to demonstrate direct plant association under the fixed inclusion criteria.	insufficient_metadata
GCF_053819085.1	Bacillus subtilis	1423	FRS3.4	Contig		2025-12-03	Vietnam Academy of Science and Technology	PRJNA1370291	SAMN53424831	FRS3.4		Plant	Viet Nam	2025	Microbe sample from Bacillus subtilis		False	True	False	False	1	True	source	False	False	False	False	0		False	UNRESOLVED	Candidate metadata does not provide sufficiently explicit evidence to demonstrate direct plant association under the fixed inclusion criteria.	insufficient_metadata
GCF_054057735.1	Bacillus subtilis	1423	TE9933	Contig		2025-12-17	DOE Joint Genome Institute	PRJNA1354050	SAMN52938836	TE9933	not applicable		USA: Spokane, Washington	missing	Bacillus subtilis TE9933	Genome sequencing of secondary metabolite-producing environmental bacteria isolated from Tiny Earth (TE), a worldwide network that is aiming to crowdsource antimicrobial discovery for the control of plant pathogens using college students as the workforce.	False	False	False	True	1	True	comment	False	False	False	False	0		False	UNRESOLVED	Candidate metadata does not provide sufficiently explicit evidence to demonstrate direct plant association under the fixed inclusion criteria.	insufficient_metadata
GCF_054061355.1	Bacillus subtilis	1423	TE3167	Contig		2025-12-17	DOE Joint Genome Institute	PRJNA1354067	SAMN52938840	TE3167	not applicable		USA: Sacramento, California	missing	Bacillus subtilis TE3167	Genome sequencing of secondary metabolite-producing environmental bacteria isolated from Tiny Earth (TE), a worldwide network that is aiming to crowdsource antimicrobial discovery for the control of plant pathogens using college students as the workforce.	False	False	False	True	1	True	comment	False	False	False	False	0		False	UNRESOLVED	Candidate metadata does not provide sufficiently explicit evidence to demonstrate direct plant association under the fixed inclusion criteria.	insufficient_metadata
GCF_054962455.1	Bacillus subtilis	1423	leaf-28	Contig		2026-02-10	University of Dhaka	PRJNA1354857	SAMN53086690	leaf-28		soil	Bangladesh	2013-11	Bacillus subtilis leaf-28		False	False	True	False	1	True	title	False	False	True	False	1	title	True	UNRESOLVED	Candidate metadata does not provide sufficiently explicit evidence to demonstrate direct plant association under the fixed inclusion criteria.	insufficient_metadata
GCF_056098865.1	Bacillus subtilis	1423	TSO61	Contig		2026-03-17	Instituto Tecnologico de Sonora	PRJNA1080047	SAMN45874130	TSO61	wheat	soil	Mexico: Yaqui Valley	2014	Microbe sample from Bacillus subtilis		True	False	False	False	1	True	host	False	False	False	False	0		False	UNRESOLVED	Candidate metadata does not provide sufficiently explicit evidence to demonstrate direct plant association under the fixed inclusion criteria.	insufficient_metadata
GCF_056339815.1	Bacillus subtilis	1423	CB0907	Scaffold		2026-03-26	University of California, Riverside	PRJNA1046128	SAMN54120225	CB0907	Citrus sinensis		USA: Florida	2019-05-09	MIGS Cultured Bacterial/Archaeal sample from Bacillus subtilis	Keywords: GSC:MIxS;MIGS:6.0	True	False	False	False	1	True	host	False	False	False	False	0		False	UNRESOLVED	Candidate metadata does not provide sufficiently explicit evidence to demonstrate direct plant association under the fixed inclusion criteria.	insufficient_metadata
GCF_060301585.1	Bacillus subtilis	1423	B1	Complete Genome		2026-08-21	Shanghai normal university	PRJNA1509958	SAMN62281709	B1	wheat		China: Henan Province	2024-12-24	Microbe sample from Bacillus subtilis		True	False	False	False	1	True	host	False	False	False	False	0		False	UNRESOLVED	Candidate metadata does not provide sufficiently explicit evidence to demonstrate direct plant association under the fixed inclusion criteria.	insufficient_metadata
GCF_905311435.2	Bacillus subtilis	1423		Complete Genome		2023-02-02	University of Dundee Data Analysis Group	PRJEB43128	SAMEA8103434			potato patch	United Kingdom	2017-06-25	Bacillus subtilis NRS6118	Isolate obtained from potato patch in Tayport, UK	False	True	False	True	2	True	source;comment	False	False	False	False	0		False	UNRESOLVED	Candidate metadata does not provide sufficiently explicit evidence to demonstrate direct plant association under the fixed inclusion criteria.	insufficient_metadata
GCF_905312035.2	Bacillus subtilis	1423		Complete Genome		2023-02-02	University of Dundee Data Analysis Group	PRJEB43128	SAMEA8103435			potato patch	United Kingdom	2017-06-25	Bacillus subtilis NRS6120	Isolate obtained from potato patch in Tayport, UK	False	True	False	True	2	True	source;comment	False	False	False	False	0		False	UNRESOLVED	Candidate metadata does not provide sufficiently explicit evidence to demonstrate direct plant association under the fixed inclusion criteria.	insufficient_metadata
GCF_000747645.1	Bacillus subtilis Miyagi-4	1227747	Miyagi-4	Contig		2014-08-30	Keio University	PRJDB496	SAMD00015754						Bacillus subtilis Miyagi-4, an efficient starter strain for natto (fermented soybean) production		False	False	True	False	1	True	title	False	False	False	False	0		False	UNRESOLVED	Candidate metadata does not provide sufficiently explicit evidence to demonstrate direct plant association under the fixed inclusion criteria.	insufficient_metadata
GCF_022701095.1	Bacillus subtilis subsp. natto	86029	BN0	Complete Genome		2022-03-28	jiangnan university	PRJNA695238	SAMN17608139	BN0		Soybean product	China:wuxi	2018	Microbe sample from Bacillus subtilis natto BN0	Microbe sample from Bacillus subtilis natto BN0	False	True	False	False	1	True	source	False	False	False	False	0		False	UNRESOLVED	Candidate metadata does not provide sufficiently explicit evidence to demonstrate direct plant association under the fixed inclusion criteria.	insufficient_metadata
GCF_001465815.1	Bacillus subtilis subsp. subtilis	135461	BSD-2	Complete Genome		2015-12-14	Hebei Academy of Science	PRJNA305223	SAMN04320556	BSD-2	Gossypium		China:Hebie,Handan	2005	Bacillus subtilis BSD-2, a microbial germicide isolated from cultivated cotton		False	False	True	False	1	True	title	False	False	False	False	0		False	UNRESOLVED	Candidate metadata does not provide sufficiently explicit evidence to demonstrate direct plant association under the fixed inclusion criteria.	insufficient_metadata
GCF_010094155.1	Bacillus subtilis subsp. subtilis	135461	ABP2	Contig		2020-02-03	CIIMAR - Interdisciplinary Centre of Marine and Environmental Research	PRJNA523788	SAMN10987339	ABP2	Dicentrarchus labrax (European sea bass)	gut of fish fed a soybean meal-based diet	Portugal: Porto	2013-09-10	Microbe sample from Bacillus subtilis subsp. subtilis		False	True	False	False	1	True	source	False	False	False	False	0		False	UNRESOLVED	Candidate metadata does not provide sufficiently explicit evidence to demonstrate direct plant association under the fixed inclusion criteria.	insufficient_metadata
GCF_057736595.1	Bacillus subtilis subsp. subtilis	135461		Complete Genome		2026-05-24	College of Life Sciences Guizhou University	PRJNA1466122	SAMN59965697			rotten pepper straw	China: Guiyang, Guizhou	2023-12-01	Microbe sample from Bacillus subtilis subsp. subtilis		False	True	False	False	1	True	source	False	False	False	False	0		False	UNRESOLVED	Candidate metadata does not provide sufficiently explicit evidence to demonstrate direct plant association under the fixed inclusion criteria.	insufficient_metadata
GCF_002550295.1	Bacillus thuringiensis	1428	AFS097488	Scaffold		2017-10-13	UNC Chapel Hill	PRJNA400804	SAMN07598688	AFS097488	Corn	core	USA: IL	2014-05-27	Microbe sample from Bacillus thuringiensis		True	False	False	False	1	True	host	False	False	False	False	0		False	UNRESOLVED	Project-level metadata remains ambiguous: Host is predominantly Corn or Soybean, but isolation_source=core cannot currently be unambiguously interpreted as direct plant tissue. The same BioProject contains explicitly plant-associated root isolates as well as non-direct sources such as grainbin dust; therefore host alone is insufficient for inclusion.	unresolved_project
GCF_002550455.1	Bacillus thuringiensis	1428	AFS095989	Scaffold		2017-10-13	UNC Chapel Hill	PRJNA400804	SAMN07598662	AFS095989	Soybean	core	USA: IA	2014-05-08	Microbe sample from Bacillus thuringiensis		True	False	False	False	1	True	host	False	False	False	False	0		False	UNRESOLVED	Project-level metadata remains ambiguous: Host is predominantly Corn or Soybean, but isolation_source=core cannot currently be unambiguously interpreted as direct plant tissue. The same BioProject contains explicitly plant-associated root isolates as well as non-direct sources such as grainbin dust; therefore host alone is insufficient for inclusion.	unresolved_project
GCF_002550605.1	Bacillus thuringiensis	1428	AFS094329	Scaffold		2017-10-13	UNC Chapel Hill	PRJNA400804	SAMN07598634	AFS094329		plant core	USA: NC	2014-05-06	Microbe sample from Bacillus thuringiensis		False	True	False	False	1	True	source	False	False	False	False	0		False	UNRESOLVED	Candidate metadata does not provide sufficiently explicit evidence to demonstrate direct plant association under the fixed inclusion criteria.	insufficient_metadata
GCF_002550785.1	Bacillus thuringiensis	1428	AFS092108	Scaffold		2017-10-13	UNC Chapel Hill	PRJNA400804	SAMN07598610	AFS092108	Soybean	core	USA: IA	2014-05-08	Microbe sample from Bacillus thuringiensis		True	False	False	False	1	True	host	False	False	False	False	0		False	UNRESOLVED	Project-level metadata remains ambiguous: Host is predominantly Corn or Soybean, but isolation_source=core cannot currently be unambiguously interpreted as direct plant tissue. The same BioProject contains explicitly plant-associated root isolates as well as non-direct sources such as grainbin dust; therefore host alone is insufficient for inclusion.	unresolved_project
GCF_002550915.1	Bacillus thuringiensis	1428	AFS090355	Scaffold		2017-10-13	UNC Chapel Hill	PRJNA400804	SAMN07598597	AFS090355	Corn	core	USA: IL	2014-05-27	Microbe sample from Bacillus thuringiensis		True	False	False	False	1	True	host	False	False	False	False	0		False	UNRESOLVED	Project-level metadata remains ambiguous: Host is predominantly Corn or Soybean, but isolation_source=core cannot currently be unambiguously interpreted as direct plant tissue. The same BioProject contains explicitly plant-associated root isolates as well as non-direct sources such as grainbin dust; therefore host alone is insufficient for inclusion.	unresolved_project
GCF_002550955.1	Bacillus thuringiensis	1428	AFS089732	Scaffold		2017-10-13	UNC Chapel Hill	PRJNA400804	SAMN07598592	AFS089732	Corn	core	USA: IL	2014-05-22	Microbe sample from Bacillus thuringiensis		True	False	False	False	1	True	host	False	False	False	False	0		False	UNRESOLVED	Project-level metadata remains ambiguous: Host is predominantly Corn or Soybean, but isolation_source=core cannot currently be unambiguously interpreted as direct plant tissue. The same BioProject contains explicitly plant-associated root isolates as well as non-direct sources such as grainbin dust; therefore host alone is insufficient for inclusion.	unresolved_project
GCF_002551695.1	Bacillus thuringiensis	1428	AFS099677	Scaffold		2017-10-13	UNC Chapel Hill	PRJNA400804	SAMN07598718	AFS099677		plant core	USA: NC	2014-05-06	Microbe sample from Bacillus thuringiensis		False	True	False	False	1	True	source	False	False	False	False	0		False	UNRESOLVED	Candidate metadata does not provide sufficiently explicit evidence to demonstrate direct plant association under the fixed inclusion criteria.	insufficient_metadata
GCF_002551805.1	Bacillus thuringiensis	1428	AFS098336	Scaffold		2017-10-13	UNC Chapel Hill	PRJNA400804	SAMN07598699	AFS098336	Soybean	core	USA: IA	2014-05-08	Microbe sample from Bacillus thuringiensis		True	False	False	False	1	True	host	False	False	False	False	0		False	UNRESOLVED	Project-level metadata remains ambiguous: Host is predominantly Corn or Soybean, but isolation_source=core cannot currently be unambiguously interpreted as direct plant tissue. The same BioProject contains explicitly plant-associated root isolates as well as non-direct sources such as grainbin dust; therefore host alone is insufficient for inclusion.	unresolved_project
GCF_002551885.1	Bacillus thuringiensis	1428	AFS097917	Scaffold		2017-10-13	UNC Chapel Hill	PRJNA400804	SAMN07598692	AFS097917		plant core	USA: NC	2014-05-06	Microbe sample from Bacillus thuringiensis		False	True	False	False	1	True	source	False	False	False	False	0		False	UNRESOLVED	Candidate metadata does not provide sufficiently explicit evidence to demonstrate direct plant association under the fixed inclusion criteria.	insufficient_metadata
GCF_002551955.1	Bacillus thuringiensis	1428	AFS097325	Contig		2017-10-13	UNC Chapel Hill	PRJNA400804	SAMN07598683	AFS097325		plant core	USA: NC	2014-04-21	Microbe sample from Bacillus thuringiensis		False	True	False	False	1	True	source	False	False	False	False	0		False	UNRESOLVED	Candidate metadata does not provide sufficiently explicit evidence to demonstrate direct plant association under the fixed inclusion criteria.	insufficient_metadata
GCF_002552095.1	Bacillus thuringiensis	1428	AFS096719	Scaffold		2017-10-13	UNC Chapel Hill	PRJNA400804	SAMN07598674	AFS096719	Corn	core	USA: NC	2014-04-30	Microbe sample from Bacillus thuringiensis		True	False	False	False	1	True	host	False	False	False	False	0		False	UNRESOLVED	Project-level metadata remains ambiguous: Host is predominantly Corn or Soybean, but isolation_source=core cannot currently be unambiguously interpreted as direct plant tissue. The same BioProject contains explicitly plant-associated root isolates as well as non-direct sources such as grainbin dust; therefore host alone is insufficient for inclusion.	unresolved_project
GCF_002552905.1	Bacillus thuringiensis	1428	AFS099505	Scaffold		2017-10-13	UNC Chapel Hill	PRJNA400804	SAMN07598714	AFS099505	Soybean	core	USA: IA	2014-05-08	Microbe sample from Bacillus thuringiensis		True	False	False	False	1	True	host	False	False	False	False	0		False	UNRESOLVED	Project-level metadata remains ambiguous: Host is predominantly Corn or Soybean, but isolation_source=core cannot currently be unambiguously interpreted as direct plant tissue. The same BioProject contains explicitly plant-associated root isolates as well as non-direct sources such as grainbin dust; therefore host alone is insufficient for inclusion.	unresolved_project
GCF_002553035.1	Bacillus thuringiensis	1428	AFS096978	Scaffold		2017-10-13	UNC Chapel Hill	PRJNA400804	SAMN07598678	AFS096978	Corn	core	USA: IL	2014-05-27	Microbe sample from Bacillus thuringiensis		True	False	False	False	1	True	host	False	False	False	False	0		False	UNRESOLVED	Project-level metadata remains ambiguous: Host is predominantly Corn or Soybean, but isolation_source=core cannot currently be unambiguously interpreted as direct plant tissue. The same BioProject contains explicitly plant-associated root isolates as well as non-direct sources such as grainbin dust; therefore host alone is insufficient for inclusion.	unresolved_project
GCF_002553205.1	Bacillus thuringiensis	1428	AFS093334	Scaffold		2017-10-13	UNC Chapel Hill	PRJNA400804	SAMN07598625	AFS093334	Soybean	core	USA: IA	2014-05-08	Microbe sample from Bacillus thuringiensis		True	False	False	False	1	True	host	False	False	False	False	0		False	UNRESOLVED	Project-level metadata remains ambiguous: Host is predominantly Corn or Soybean, but isolation_source=core cannot currently be unambiguously interpreted as direct plant tissue. The same BioProject contains explicitly plant-associated root isolates as well as non-direct sources such as grainbin dust; therefore host alone is insufficient for inclusion.	unresolved_project
GCF_002555365.1	Bacillus thuringiensis	1428	AFS018409	Scaffold		2017-10-16	UNC Chapel Hill	PRJNA400804	SAMN07597481	AFS018409		Plant; Oats	USA: NC	2014-04-07	Microbe sample from Bacillus thuringiensis		False	True	False	False	1	True	source	False	False	False	False	0		False	UNRESOLVED	Candidate metadata does not provide sufficiently explicit evidence to demonstrate direct plant association under the fixed inclusion criteria.	insufficient_metadata
GCF_002558015.1	Bacillus thuringiensis	1428	AFS013213	Scaffold		2017-10-16	UNC Chapel Hill	PRJNA400804	SAMN07597414	AFS013213	Corn	core	USA: IL	2014-05-22	Microbe sample from Bacillus thuringiensis		True	False	False	False	1	True	host	False	False	False	False	0		False	UNRESOLVED	Project-level metadata remains ambiguous: Host is predominantly Corn or Soybean, but isolation_source=core cannot currently be unambiguously interpreted as direct plant tissue. The same BioProject contains explicitly plant-associated root isolates as well as non-direct sources such as grainbin dust; therefore host alone is insufficient for inclusion.	unresolved_project
GCF_002558035.1	Bacillus thuringiensis	1428	AFS012232	Scaffold		2017-10-16	UNC Chapel Hill	PRJNA400804	SAMN07597403	AFS012232	Weed	plant	USA: IN	2014-04-09	Microbe sample from Bacillus thuringiensis		False	True	False	False	1	True	source	False	False	False	False	0		False	UNRESOLVED	Candidate metadata does not provide sufficiently explicit evidence to demonstrate direct plant association under the fixed inclusion criteria.	insufficient_metadata
GCF_002558555.1	Bacillus thuringiensis	1428	AFS005023	Scaffold		2017-10-16	UNC Chapel Hill	PRJNA400804	SAMN07597304	AFS005023		plant	USA: NC	2014-04-09	Microbe sample from Bacillus thuringiensis		False	True	False	False	1	True	source	False	False	False	False	0		False	UNRESOLVED	Candidate metadata does not provide sufficiently explicit evidence to demonstrate direct plant association under the fixed inclusion criteria.	insufficient_metadata
GCF_002558595.1	Bacillus thuringiensis	1428	AFS005011	Scaffold		2017-10-16	UNC Chapel Hill	PRJNA400804	SAMN07597303	AFS005011	Weed	plant	USA: IN	2014-04-09	Microbe sample from Bacillus thuringiensis		False	True	False	False	1	True	source	False	False	False	False	0		False	UNRESOLVED	Candidate metadata does not provide sufficiently explicit evidence to demonstrate direct plant association under the fixed inclusion criteria.	insufficient_metadata
GCF_002558795.1	Bacillus thuringiensis	1428	AFS003097	Scaffold		2017-10-16	UNC Chapel Hill	PRJNA400804	SAMN07597282	AFS003097		plant	USA: NC	2014-04-09	Microbe sample from Bacillus thuringiensis		False	True	False	False	1	True	source	False	False	False	False	0		False	UNRESOLVED	Candidate metadata does not provide sufficiently explicit evidence to demonstrate direct plant association under the fixed inclusion criteria.	insufficient_metadata
GCF_002559535.1	Bacillus thuringiensis	1428	AFS000517	Scaffold		2017-10-16	UNC Chapel Hill	PRJNA400804	SAMN07597242	AFS000517	Soybean	core	USA: IA	2014-05-08	Microbe sample from Bacillus thuringiensis		True	False	False	False	1	True	host	False	False	False	False	0		False	UNRESOLVED	Project-level metadata remains ambiguous: Host is predominantly Corn or Soybean, but isolation_source=core cannot currently be unambiguously interpreted as direct plant tissue. The same BioProject contains explicitly plant-associated root isolates as well as non-direct sources such as grainbin dust; therefore host alone is insufficient for inclusion.	unresolved_project
GCF_002559855.1	Bacillus thuringiensis	1428	AFS027178	Scaffold		2017-10-16	UNC Chapel Hill	PRJNA400804	SAMN07597600	AFS027178	Soybean	core	USA: IA	2014-05-08	Microbe sample from Bacillus thuringiensis		True	False	False	False	1	True	host	False	False	False	False	0		False	UNRESOLVED	Project-level metadata remains ambiguous: Host is predominantly Corn or Soybean, but isolation_source=core cannot currently be unambiguously interpreted as direct plant tissue. The same BioProject contains explicitly plant-associated root isolates as well as non-direct sources such as grainbin dust; therefore host alone is insufficient for inclusion.	unresolved_project
GCF_002559955.1	Bacillus thuringiensis	1428	AFS026252	Scaffold		2017-10-16	UNC Chapel Hill	PRJNA400804	SAMN07597588	AFS026252	Corn	missing	USA: IA	2014-01-17	Microbe sample from Bacillus thuringiensis		True	False	False	False	1	True	host	False	False	False	False	0		False	UNRESOLVED	Candidate metadata does not provide sufficiently explicit evidence to demonstrate direct plant association under the fixed inclusion criteria.	insufficient_metadata
GCF_002560005.1	Bacillus thuringiensis	1428	AFS025854	Scaffold		2017-10-16	UNC Chapel Hill	PRJNA400804	SAMN07597582	AFS025854	Soybean	core	USA: IA	2014-05-08	Microbe sample from Bacillus thuringiensis		True	False	False	False	1	True	host	False	False	False	False	0		False	UNRESOLVED	Project-level metadata remains ambiguous: Host is predominantly Corn or Soybean, but isolation_source=core cannot currently be unambiguously interpreted as direct plant tissue. The same BioProject contains explicitly plant-associated root isolates as well as non-direct sources such as grainbin dust; therefore host alone is insufficient for inclusion.	unresolved_project
GCF_002560305.1	Bacillus thuringiensis	1428	AFS024615	Scaffold		2017-10-16	UNC Chapel Hill	PRJNA400804	SAMN07597565	AFS024615		plant core	USA: NC	2014-05-06	Microbe sample from Bacillus thuringiensis		False	True	False	False	1	True	source	False	False	False	False	0		False	UNRESOLVED	Candidate metadata does not provide sufficiently explicit evidence to demonstrate direct plant association under the fixed inclusion criteria.	insufficient_metadata
GCF_002560335.1	Bacillus thuringiensis	1428	AFS024266	Scaffold		2017-10-16	UNC Chapel Hill	PRJNA400804	SAMN07597559	AFS024266		plant core	USA: NC	2014-04-21	Microbe sample from Bacillus thuringiensis		False	True	False	False	1	True	source	False	False	False	False	0		False	UNRESOLVED	Candidate metadata does not provide sufficiently explicit evidence to demonstrate direct plant association under the fixed inclusion criteria.	insufficient_metadata
GCF_002560455.1	Bacillus thuringiensis	1428	AFS023641	Scaffold		2017-10-16	UNC Chapel Hill	PRJNA400804	SAMN07597550	AFS023641		plant core	USA: NC	2014-05-06	Microbe sample from Bacillus thuringiensis		False	True	False	False	1	True	source	False	False	False	False	0		False	UNRESOLVED	Candidate metadata does not provide sufficiently explicit evidence to demonstrate direct plant association under the fixed inclusion criteria.	insufficient_metadata
GCF_002560465.1	Bacillus thuringiensis	1428	AFS023506	Scaffold		2017-10-16	UNC Chapel Hill	PRJNA400804	SAMN07597548	AFS023506	Soybean	core	USA: IA	2014-05-08	Microbe sample from Bacillus thuringiensis		True	False	False	False	1	True	host	False	False	False	False	0		False	UNRESOLVED	Project-level metadata remains ambiguous: Host is predominantly Corn or Soybean, but isolation_source=core cannot currently be unambiguously interpreted as direct plant tissue. The same BioProject contains explicitly plant-associated root isolates as well as non-direct sources such as grainbin dust; therefore host alone is insufficient for inclusion.	unresolved_project
GCF_002560515.1	Bacillus thuringiensis	1428	AFS023418	Scaffold		2017-10-16	UNC Chapel Hill	PRJNA400804	SAMN07597544	AFS023418	Soybean	core	USA: IA	2014-05-08	Microbe sample from Bacillus thuringiensis		True	False	False	False	1	True	host	False	False	False	False	0		False	UNRESOLVED	Project-level metadata remains ambiguous: Host is predominantly Corn or Soybean, but isolation_source=core cannot currently be unambiguously interpreted as direct plant tissue. The same BioProject contains explicitly plant-associated root isolates as well as non-direct sources such as grainbin dust; therefore host alone is insufficient for inclusion.	unresolved_project
GCF_002560695.1	Bacillus thuringiensis	1428	AFS022504	Scaffold		2017-10-16	UNC Chapel Hill	PRJNA400804	SAMN07597532	AFS022504	Corn	core	USA: IL	2014-05-22	Microbe sample from Bacillus thuringiensis		True	False	False	False	1	True	host	False	False	False	False	0		False	UNRESOLVED	Project-level metadata remains ambiguous: Host is predominantly Corn or Soybean, but isolation_source=core cannot currently be unambiguously interpreted as direct plant tissue. The same BioProject contains explicitly plant-associated root isolates as well as non-direct sources such as grainbin dust; therefore host alone is insufficient for inclusion.	unresolved_project
GCF_002560855.1	Bacillus thuringiensis	1428	AFS021667	Scaffold		2017-10-16	UNC Chapel Hill	PRJNA400804	SAMN07597516	AFS021667	Corn	core	USA: IL	2014-05-27	Microbe sample from Bacillus thuringiensis		True	False	False	False	1	True	host	False	False	False	False	0		False	UNRESOLVED	Project-level metadata remains ambiguous: Host is predominantly Corn or Soybean, but isolation_source=core cannot currently be unambiguously interpreted as direct plant tissue. The same BioProject contains explicitly plant-associated root isolates as well as non-direct sources such as grainbin dust; therefore host alone is insufficient for inclusion.	unresolved_project
GCF_002560875.1	Bacillus thuringiensis	1428	AFS019758	Scaffold		2017-10-16	UNC Chapel Hill	PRJNA400804	SAMN07597497	AFS019758	Soybean	core	USA: IA	2014-05-08	Microbe sample from Bacillus thuringiensis		True	False	False	False	1	True	host	False	False	False	False	0		False	UNRESOLVED	Project-level metadata remains ambiguous: Host is predominantly Corn or Soybean, but isolation_source=core cannot currently be unambiguously interpreted as direct plant tissue. The same BioProject contains explicitly plant-associated root isolates as well as non-direct sources such as grainbin dust; therefore host alone is insufficient for inclusion.	unresolved_project
GCF_002560885.1	Bacillus thuringiensis	1428	AFS019518	Scaffold		2017-10-16	UNC Chapel Hill	PRJNA400804	SAMN07597494	AFS019518	Soybean	core	USA: IA	2014-05-08	Microbe sample from Bacillus thuringiensis		True	False	False	False	1	True	host	False	False	False	False	0		False	UNRESOLVED	Project-level metadata remains ambiguous: Host is predominantly Corn or Soybean, but isolation_source=core cannot currently be unambiguously interpreted as direct plant tissue. The same BioProject contains explicitly plant-associated root isolates as well as non-direct sources such as grainbin dust; therefore host alone is insufficient for inclusion.	unresolved_project
GCF_002561275.1	Bacillus thuringiensis	1428	AFS016919	Scaffold		2017-10-16	UNC Chapel Hill	PRJNA400804	SAMN07597454	AFS016919		plant core	USA: NC	2014-05-06	Microbe sample from Bacillus thuringiensis		False	True	False	False	1	True	source	False	False	False	False	0		False	UNRESOLVED	Candidate metadata does not provide sufficiently explicit evidence to demonstrate direct plant association under the fixed inclusion criteria.	insufficient_metadata
GCF_002561645.1	Bacillus thuringiensis	1428	AFS011848	Scaffold		2017-10-16	UNC Chapel Hill	PRJNA400804	SAMN07597397	AFS011848	Soybean	core	USA: IA	2014-05-08	Microbe sample from Bacillus thuringiensis		True	False	False	False	1	True	host	False	False	False	False	0		False	UNRESOLVED	Project-level metadata remains ambiguous: Host is predominantly Corn or Soybean, but isolation_source=core cannot currently be unambiguously interpreted as direct plant tissue. The same BioProject contains explicitly plant-associated root isolates as well as non-direct sources such as grainbin dust; therefore host alone is insufficient for inclusion.	unresolved_project
GCF_002561795.1	Bacillus thuringiensis	1428	AFS019545	Scaffold		2017-10-16	UNC Chapel Hill	PRJNA400804	SAMN07597495	AFS019545		plant core	USA: NC	2014-05-06	Microbe sample from Bacillus thuringiensis		False	True	False	False	1	True	source	False	False	False	False	0		False	UNRESOLVED	Candidate metadata does not provide sufficiently explicit evidence to demonstrate direct plant association under the fixed inclusion criteria.	insufficient_metadata
GCF_002561825.1	Bacillus thuringiensis	1428	AFS018331	Scaffold		2017-10-16	UNC Chapel Hill	PRJNA400804	SAMN07597478	AFS018331		plant core	USA: NC	2014-04-30	Microbe sample from Bacillus thuringiensis		False	True	False	False	1	True	source	False	False	False	False	0		False	UNRESOLVED	Candidate metadata does not provide sufficiently explicit evidence to demonstrate direct plant association under the fixed inclusion criteria.	insufficient_metadata
GCF_002562035.1	Bacillus thuringiensis	1428	AFS014334	Scaffold		2017-10-16	UNC Chapel Hill	PRJNA400804	SAMN07597424	AFS014334	Soybean	core	USA: IA	2014-05-08	Microbe sample from Bacillus thuringiensis		True	False	False	False	1	True	host	False	False	False	False	0		False	UNRESOLVED	Project-level metadata remains ambiguous: Host is predominantly Corn or Soybean, but isolation_source=core cannot currently be unambiguously interpreted as direct plant tissue. The same BioProject contains explicitly plant-associated root isolates as well as non-direct sources such as grainbin dust; therefore host alone is insufficient for inclusion.	unresolved_project
GCF_002562055.1	Bacillus thuringiensis	1428	AFS011659	Scaffold		2017-10-16	UNC Chapel Hill	PRJNA400804	SAMN07597394	AFS011659		plant core	USA: NC	2014-04-24	Microbe sample from Bacillus thuringiensis		False	True	False	False	1	True	source	False	False	False	False	0		False	UNRESOLVED	Candidate metadata does not provide sufficiently explicit evidence to demonstrate direct plant association under the fixed inclusion criteria.	insufficient_metadata
GCF_002562425.1	Bacillus thuringiensis	1428	AFS009218	Scaffold		2017-10-16	UNC Chapel Hill	PRJNA400804	SAMN07597358	AFS009218	Corn	core	USA: NC	2014-05-06	Microbe sample from Bacillus thuringiensis		True	False	False	False	1	True	host	False	False	False	False	0		False	UNRESOLVED	Project-level metadata remains ambiguous: Host is predominantly Corn or Soybean, but isolation_source=core cannot currently be unambiguously interpreted as direct plant tissue. The same BioProject contains explicitly plant-associated root isolates as well as non-direct sources such as grainbin dust; therefore host alone is insufficient for inclusion.	unresolved_project
GCF_002562665.1	Bacillus thuringiensis	1428	AFS007900	Scaffold		2017-10-16	UNC Chapel Hill	PRJNA400804	SAMN07597340	AFS007900	Soybean	core	USA: IA	2014-05-08	Microbe sample from Bacillus thuringiensis		True	False	False	False	1	True	host	False	False	False	False	0		False	UNRESOLVED	Project-level metadata remains ambiguous: Host is predominantly Corn or Soybean, but isolation_source=core cannot currently be unambiguously interpreted as direct plant tissue. The same BioProject contains explicitly plant-associated root isolates as well as non-direct sources such as grainbin dust; therefore host alone is insufficient for inclusion.	unresolved_project
GCF_002562975.1	Bacillus thuringiensis	1428	AFS029475	Scaffold		2017-10-16	UNC Chapel Hill	PRJNA400804	SAMN07597631	AFS029475	Corn	core	USA: IL	2014-05-22	Microbe sample from Bacillus thuringiensis		True	False	False	False	1	True	host	False	False	False	False	0		False	UNRESOLVED	Project-level metadata remains ambiguous: Host is predominantly Corn or Soybean, but isolation_source=core cannot currently be unambiguously interpreted as direct plant tissue. The same BioProject contains explicitly plant-associated root isolates as well as non-direct sources such as grainbin dust; therefore host alone is insufficient for inclusion.	unresolved_project
GCF_002563165.1	Bacillus thuringiensis	1428	AFS021634	Scaffold		2017-10-16	UNC Chapel Hill	PRJNA400804	SAMN07597514	AFS021634	Soybean	core	USA: IA	2014-05-08	Microbe sample from Bacillus thuringiensis		True	False	False	False	1	True	host	False	False	False	False	0		False	UNRESOLVED	Project-level metadata remains ambiguous: Host is predominantly Corn or Soybean, but isolation_source=core cannot currently be unambiguously interpreted as direct plant tissue. The same BioProject contains explicitly plant-associated root isolates as well as non-direct sources such as grainbin dust; therefore host alone is insufficient for inclusion.	unresolved_project
GCF_002564545.1	Bacillus thuringiensis	1428	AFS087171	Scaffold		2017-10-17	UNC Chapel Hill	PRJNA400804	SAMN07598560	AFS087171		plant core	USA: NC	2014-05-06	Microbe sample from Bacillus thuringiensis		False	True	False	False	1	True	source	False	False	False	False	0		False	UNRESOLVED	Candidate metadata does not provide sufficiently explicit evidence to demonstrate direct plant association under the fixed inclusion criteria.	insufficient_metadata
GCF_002564645.1	Bacillus thuringiensis	1428	AFS085829	Scaffold		2017-10-17	UNC Chapel Hill	PRJNA400804	SAMN07598540	AFS085829		plant core	USA: NC	2014-04-21	Microbe sample from Bacillus thuringiensis		False	True	False	False	1	True	source	False	False	False	False	0		False	UNRESOLVED	Candidate metadata does not provide sufficiently explicit evidence to demonstrate direct plant association under the fixed inclusion criteria.	insufficient_metadata
GCF_002565105.1	Bacillus thuringiensis	1428	AFS076772	Scaffold		2017-10-17	UNC Chapel Hill	PRJNA400804	SAMN07598424	AFS076772		plant core	USA: NC	2014-04-30	Microbe sample from Bacillus thuringiensis		False	True	False	False	1	True	source	False	False	False	False	0		False	UNRESOLVED	Candidate metadata does not provide sufficiently explicit evidence to demonstrate direct plant association under the fixed inclusion criteria.	insufficient_metadata
GCF_002565385.1	Bacillus thuringiensis	1428	AFS084862	Contig		2017-10-17	UNC Chapel Hill	PRJNA400804	SAMN07598528	AFS084862	Corn	core	USA: IL	2014-05-27	Microbe sample from Bacillus thuringiensis		True	False	False	False	1	True	host	False	False	False	False	0		False	UNRESOLVED	Project-level metadata remains ambiguous: Host is predominantly Corn or Soybean, but isolation_source=core cannot currently be unambiguously interpreted as direct plant tissue. The same BioProject contains explicitly plant-associated root isolates as well as non-direct sources such as grainbin dust; therefore host alone is insufficient for inclusion.	unresolved_project
GCF_002565435.1	Bacillus thuringiensis	1428	AFS083288	Scaffold		2017-10-17	UNC Chapel Hill	PRJNA400804	SAMN07598511	AFS083288		plant core	USA: NC	2014-04-21	Microbe sample from Bacillus thuringiensis		False	True	False	False	1	True	source	False	False	False	False	0		False	UNRESOLVED	Candidate metadata does not provide sufficiently explicit evidence to demonstrate direct plant association under the fixed inclusion criteria.	insufficient_metadata
GCF_002565845.1	Bacillus thuringiensis	1428	AFS076597	Scaffold		2017-10-17	UNC Chapel Hill	PRJNA400804	SAMN07598422	AFS076597		plant core	USA: NC	2014-05-06	Microbe sample from Bacillus thuringiensis		False	True	False	False	1	True	source	False	False	False	False	0		False	UNRESOLVED	Candidate metadata does not provide sufficiently explicit evidence to demonstrate direct plant association under the fixed inclusion criteria.	insufficient_metadata
GCF_002566135.1	Bacillus thuringiensis	1428	AFS085496	Scaffold		2017-10-17	UNC Chapel Hill	PRJNA400804	SAMN07598535	AFS085496		plant core	USA: NC	2014-04-30	Microbe sample from Bacillus thuringiensis		False	True	False	False	1	True	source	False	False	False	False	0		False	UNRESOLVED	Candidate metadata does not provide sufficiently explicit evidence to demonstrate direct plant association under the fixed inclusion criteria.	insufficient_metadata
GCF_002566145.1	Bacillus thuringiensis	1428	AFS085011	Scaffold		2017-10-17	UNC Chapel Hill	PRJNA400804	SAMN07598531	AFS085011		plant core	USA: NC	2014-05-06	Microbe sample from Bacillus thuringiensis		False	True	False	False	1	True	source	False	False	False	False	0		False	UNRESOLVED	Candidate metadata does not provide sufficiently explicit evidence to demonstrate direct plant association under the fixed inclusion criteria.	insufficient_metadata
GCF_002566295.1	Bacillus thuringiensis	1428	AFS082639	Scaffold		2017-10-17	UNC Chapel Hill	PRJNA400804	SAMN07598502	AFS082639		plant core	USA: NC	2014-04-30	Microbe sample from Bacillus thuringiensis		False	True	False	False	1	True	source	False	False	False	False	0		False	UNRESOLVED	Candidate metadata does not provide sufficiently explicit evidence to demonstrate direct plant association under the fixed inclusion criteria.	insufficient_metadata
GCF_002566355.1	Bacillus thuringiensis	1428	AFS081620	Scaffold		2017-10-17	UNC Chapel Hill	PRJNA400804	SAMN07598493	AFS081620	Soybean	core	USA: IA	2014-05-08	Microbe sample from Bacillus thuringiensis		True	False	False	False	1	True	host	False	False	False	False	0		False	UNRESOLVED	Project-level metadata remains ambiguous: Host is predominantly Corn or Soybean, but isolation_source=core cannot currently be unambiguously interpreted as direct plant tissue. The same BioProject contains explicitly plant-associated root isolates as well as non-direct sources such as grainbin dust; therefore host alone is insufficient for inclusion.	unresolved_project
GCF_002566395.1	Bacillus thuringiensis	1428	AFS081470	Scaffold		2017-10-17	UNC Chapel Hill	PRJNA400804	SAMN07598489	AFS081470	Weed	plant	USA: NC	2014-01-14	Microbe sample from Bacillus thuringiensis		False	True	False	False	1	True	source	False	False	False	False	0		False	UNRESOLVED	Candidate metadata does not provide sufficiently explicit evidence to demonstrate direct plant association under the fixed inclusion criteria.	insufficient_metadata
GCF_002566485.1	Bacillus thuringiensis	1428	AFS079576	Scaffold		2017-10-17	UNC Chapel Hill	PRJNA400804	SAMN07598458	AFS079576		plant core	USA: NC	2014-04-30	Microbe sample from Bacillus thuringiensis		False	True	False	False	1	True	source	False	False	False	False	0		False	UNRESOLVED	Candidate metadata does not provide sufficiently explicit evidence to demonstrate direct plant association under the fixed inclusion criteria.	insufficient_metadata
GCF_002566545.1	Bacillus thuringiensis	1428	AFS078332	Scaffold		2017-10-17	UNC Chapel Hill	PRJNA400804	SAMN07598447	AFS078332	Weed	plant	USA: NC	2014-01-14	Microbe sample from Bacillus thuringiensis		False	True	False	False	1	True	source	False	False	False	False	0		False	UNRESOLVED	Candidate metadata does not provide sufficiently explicit evidence to demonstrate direct plant association under the fixed inclusion criteria.	insufficient_metadata
GCF_002566715.1	Bacillus thuringiensis	1428	AFS075082	Scaffold		2017-10-17	UNC Chapel Hill	PRJNA400804	SAMN07598400	AFS075082	Soybean	core	USA: IA	2014-05-08	Microbe sample from Bacillus thuringiensis		True	False	False	False	1	True	host	False	False	False	False	0		False	UNRESOLVED	Project-level metadata remains ambiguous: Host is predominantly Corn or Soybean, but isolation_source=core cannot currently be unambiguously interpreted as direct plant tissue. The same BioProject contains explicitly plant-associated root isolates as well as non-direct sources such as grainbin dust; therefore host alone is insufficient for inclusion.	unresolved_project
GCF_002567585.1	Bacillus thuringiensis	1428	AFS070359	Scaffold		2017-10-17	UNC Chapel Hill	PRJNA400804	SAMN07598330	AFS070359	Corn	core	USA: IL	2014-05-27	Microbe sample from Bacillus thuringiensis		True	False	False	False	1	True	host	False	False	False	False	0		False	UNRESOLVED	Project-level metadata remains ambiguous: Host is predominantly Corn or Soybean, but isolation_source=core cannot currently be unambiguously interpreted as direct plant tissue. The same BioProject contains explicitly plant-associated root isolates as well as non-direct sources such as grainbin dust; therefore host alone is insufficient for inclusion.	unresolved_project
GCF_002567995.1	Bacillus thuringiensis	1428	AFS066175	Scaffold		2017-10-17	UNC Chapel Hill	PRJNA400804	SAMN07598278	AFS066175		plant core	USA: NC	2014-04-30	Microbe sample from Bacillus thuringiensis		False	True	False	False	1	True	source	False	False	False	False	0		False	UNRESOLVED	Candidate metadata does not provide sufficiently explicit evidence to demonstrate direct plant association under the fixed inclusion criteria.	insufficient_metadata
GCF_002568385.1	Bacillus thuringiensis	1428	AFS067808	Scaffold		2017-10-17	UNC Chapel Hill	PRJNA400804	SAMN07598301	AFS067808		plant core	USA: NC	2014-04-21	Microbe sample from Bacillus thuringiensis		False	True	False	False	1	True	source	False	False	False	False	0		False	UNRESOLVED	Candidate metadata does not provide sufficiently explicit evidence to demonstrate direct plant association under the fixed inclusion criteria.	insufficient_metadata
GCF_002569275.1	Bacillus thuringiensis	1428	AFS075487	Scaffold		2017-10-17	UNC Chapel Hill	PRJNA400804	SAMN07598407	AFS075487		Core; Other Plant	USA: NC	2014-04-30	Microbe sample from Bacillus thuringiensis		False	True	False	False	1	True	source	False	False	False	False	0		False	UNRESOLVED	Candidate metadata does not provide sufficiently explicit evidence to demonstrate direct plant association under the fixed inclusion criteria.	insufficient_metadata
GCF_002569645.1	Bacillus thuringiensis	1428	AFS080155	Scaffold		2017-10-17	UNC Chapel Hill	PRJNA400804	SAMN07598466	AFS080155		Core; Corn	USA: NC	2014-04-30	Microbe sample from Bacillus thuringiensis		False	True	False	False	1	True	source	False	False	False	False	0		False	UNRESOLVED	Candidate metadata does not provide sufficiently explicit evidence to demonstrate direct plant association under the fixed inclusion criteria.	insufficient_metadata
GCF_002570475.1	Bacillus thuringiensis	1428	AFS061760	Scaffold		2017-10-17	UNC Chapel Hill	PRJNA400804	SAMN07598223	AFS061760	Corn	missing	USA: IA	2014-01-17	Microbe sample from Bacillus thuringiensis		True	False	False	False	1	True	host	False	False	False	False	0		False	UNRESOLVED	Candidate metadata does not provide sufficiently explicit evidence to demonstrate direct plant association under the fixed inclusion criteria.	insufficient_metadata
GCF_002570505.1	Bacillus thuringiensis	1428	AFS061653	Scaffold		2017-10-17	UNC Chapel Hill	PRJNA400804	SAMN07598221	AFS061653		plant core	USA: NC	2014-05-06	Microbe sample from Bacillus thuringiensis		False	True	False	False	1	True	source	False	False	False	False	0		False	UNRESOLVED	Candidate metadata does not provide sufficiently explicit evidence to demonstrate direct plant association under the fixed inclusion criteria.	insufficient_metadata
GCF_002570585.1	Bacillus thuringiensis	1428	AFS059914	Scaffold		2017-10-17	UNC Chapel Hill	PRJNA400804	SAMN07598200	AFS059914	Corn	core	USA: IL	2014-05-22	Microbe sample from Bacillus thuringiensis		True	False	False	False	1	True	host	False	False	False	False	0		False	UNRESOLVED	Project-level metadata remains ambiguous: Host is predominantly Corn or Soybean, but isolation_source=core cannot currently be unambiguously interpreted as direct plant tissue. The same BioProject contains explicitly plant-associated root isolates as well as non-direct sources such as grainbin dust; therefore host alone is insufficient for inclusion.	unresolved_project
GCF_002570705.1	Bacillus thuringiensis	1428	AFS058532	Scaffold		2017-10-17	UNC Chapel Hill	PRJNA400804	SAMN07598181	AFS058532		plant core	USA: NC	2014-05-06	Microbe sample from Bacillus thuringiensis		False	True	False	False	1	True	source	False	False	False	False	0		False	UNRESOLVED	Candidate metadata does not provide sufficiently explicit evidence to demonstrate direct plant association under the fixed inclusion criteria.	insufficient_metadata
GCF_002570815.1	Bacillus thuringiensis	1428	AFS061455	Scaffold		2017-10-17	UNC Chapel Hill	PRJNA400804	SAMN07598219	AFS061455	Corn	core	USA: IL	2014-05-27	Microbe sample from Bacillus thuringiensis		True	False	False	False	1	True	host	False	False	False	False	0		False	UNRESOLVED	Project-level metadata remains ambiguous: Host is predominantly Corn or Soybean, but isolation_source=core cannot currently be unambiguously interpreted as direct plant tissue. The same BioProject contains explicitly plant-associated root isolates as well as non-direct sources such as grainbin dust; therefore host alone is insufficient for inclusion.	unresolved_project
GCF_002570885.1	Bacillus thuringiensis	1428	AFS060060	Scaffold		2017-10-17	UNC Chapel Hill	PRJNA400804	SAMN07598205	AFS060060	Soybean	core	USA: IA	2014-05-08	Microbe sample from Bacillus thuringiensis		True	False	False	False	1	True	host	False	False	False	False	0		False	UNRESOLVED	Project-level metadata remains ambiguous: Host is predominantly Corn or Soybean, but isolation_source=core cannot currently be unambiguously interpreted as direct plant tissue. The same BioProject contains explicitly plant-associated root isolates as well as non-direct sources such as grainbin dust; therefore host alone is insufficient for inclusion.	unresolved_project
GCF_002570925.1	Bacillus thuringiensis	1428	AFS060054	Scaffold		2017-10-17	UNC Chapel Hill	PRJNA400804	SAMN07598204	AFS060054		plant core	USA: NC	2014-04-30	Microbe sample from Bacillus thuringiensis		False	True	False	False	1	True	source	False	False	False	False	0		False	UNRESOLVED	Candidate metadata does not provide sufficiently explicit evidence to demonstrate direct plant association under the fixed inclusion criteria.	insufficient_metadata
GCF_002571115.1	Bacillus thuringiensis	1428	AFS063640	Scaffold		2017-10-17	UNC Chapel Hill	PRJNA400804	SAMN07598243	AFS063640	Corn	core	USA: IL	2014-05-22	Microbe sample from Bacillus thuringiensis		True	False	False	False	1	True	host	False	False	False	False	0		False	UNRESOLVED	Project-level metadata remains ambiguous: Host is predominantly Corn or Soybean, but isolation_source=core cannot currently be unambiguously interpreted as direct plant tissue. The same BioProject contains explicitly plant-associated root isolates as well as non-direct sources such as grainbin dust; therefore host alone is insufficient for inclusion.	unresolved_project
GCF_002571315.1	Bacillus thuringiensis	1428	AFS058843	Scaffold		2017-10-17	UNC Chapel Hill	PRJNA400804	SAMN07598186	AFS058843		plant core	USA: NC	2014-05-06	Microbe sample from Bacillus thuringiensis		False	True	False	False	1	True	source	False	False	False	False	0		False	UNRESOLVED	Candidate metadata does not provide sufficiently explicit evidence to demonstrate direct plant association under the fixed inclusion criteria.	insufficient_metadata
GCF_002572135.1	Bacillus thuringiensis	1428	AFS061780	Scaffold		2017-10-17	UNC Chapel Hill	PRJNA400804	SAMN07598224	AFS061780		Plant; Oats	USA: NC	2014-04-07	Microbe sample from Bacillus thuringiensis		False	True	False	False	1	True	source	False	False	False	False	0		False	UNRESOLVED	Candidate metadata does not provide sufficiently explicit evidence to demonstrate direct plant association under the fixed inclusion criteria.	insufficient_metadata
GCF_002573505.1	Bacillus thuringiensis	1428	AFS094922	Scaffold		2017-10-17	UNC Chapel Hill	PRJNA400804	SAMN07598644	AFS094922		plant core	USA: NC	2014-05-06	Microbe sample from Bacillus thuringiensis		False	True	False	False	1	True	source	False	False	False	False	0		False	UNRESOLVED	Candidate metadata does not provide sufficiently explicit evidence to demonstrate direct plant association under the fixed inclusion criteria.	insufficient_metadata
GCF_002574115.1	Bacillus thuringiensis	1428	AFS057829	Scaffold		2017-10-18	UNC Chapel Hill	PRJNA400804	SAMN07598170	AFS057829	Wheat	plant	USA: NC	2014-04-17	Microbe sample from Bacillus thuringiensis		True	True	False	False	2	True	host;source	False	False	False	False	0		False	UNRESOLVED	Candidate metadata does not provide sufficiently explicit evidence to demonstrate direct plant association under the fixed inclusion criteria.	insufficient_metadata
GCF_002574435.1	Bacillus thuringiensis	1428	AFS055854	Scaffold		2017-10-18	UNC Chapel Hill	PRJNA400804	SAMN07598137	AFS055854		plant core	USA: NC	2014-05-06	Microbe sample from Bacillus thuringiensis		False	True	False	False	1	True	source	False	False	False	False	0		False	UNRESOLVED	Candidate metadata does not provide sufficiently explicit evidence to demonstrate direct plant association under the fixed inclusion criteria.	insufficient_metadata
GCF_002574475.1	Bacillus thuringiensis	1428	AFS055708	Scaffold		2017-10-18	UNC Chapel Hill	PRJNA400804	SAMN07598135	AFS055708		plant core	USA: NC	2014-05-06	Microbe sample from Bacillus thuringiensis		False	True	False	False	1	True	source	False	False	False	False	0		False	UNRESOLVED	Candidate metadata does not provide sufficiently explicit evidence to demonstrate direct plant association under the fixed inclusion criteria.	insufficient_metadata
GCF_002574645.1	Bacillus thuringiensis	1428	AFS055002	Scaffold		2017-10-18	UNC Chapel Hill	PRJNA400804	SAMN07598123	AFS055002	Corn	core	USA: IL	2014-05-22	Microbe sample from Bacillus thuringiensis		True	False	False	False	1	True	host	False	False	False	False	0		False	UNRESOLVED	Project-level metadata remains ambiguous: Host is predominantly Corn or Soybean, but isolation_source=core cannot currently be unambiguously interpreted as direct plant tissue. The same BioProject contains explicitly plant-associated root isolates as well as non-direct sources such as grainbin dust; therefore host alone is insufficient for inclusion.	unresolved_project
GCF_002574695.1	Bacillus thuringiensis	1428	AFS057784	Scaffold		2017-10-18	UNC Chapel Hill	PRJNA400804	SAMN07598169	AFS057784	Corn	core	USA: IL	2014-05-22	Microbe sample from Bacillus thuringiensis		True	False	False	False	1	True	host	False	False	False	False	0		False	UNRESOLVED	Project-level metadata remains ambiguous: Host is predominantly Corn or Soybean, but isolation_source=core cannot currently be unambiguously interpreted as direct plant tissue. The same BioProject contains explicitly plant-associated root isolates as well as non-direct sources such as grainbin dust; therefore host alone is insufficient for inclusion.	unresolved_project
GCF_002574725.1	Bacillus thuringiensis	1428	AFS054059	Scaffold		2017-10-18	UNC Chapel Hill	PRJNA400804	SAMN07598108	AFS054059	Corn	core	USA: IL	2014-05-27	Microbe sample from Bacillus thuringiensis		True	False	False	False	1	True	host	False	False	False	False	0		False	UNRESOLVED	Project-level metadata remains ambiguous: Host is predominantly Corn or Soybean, but isolation_source=core cannot currently be unambiguously interpreted as direct plant tissue. The same BioProject contains explicitly plant-associated root isolates as well as non-direct sources such as grainbin dust; therefore host alone is insufficient for inclusion.	unresolved_project
GCF_002574735.1	Bacillus thuringiensis	1428	AFS058113	Scaffold		2017-10-18	UNC Chapel Hill	PRJNA400804	SAMN07598174	AFS058113		plant core	USA: NC	2014-04-30	Microbe sample from Bacillus thuringiensis		False	True	False	False	1	True	source	False	False	False	False	0		False	UNRESOLVED	Candidate metadata does not provide sufficiently explicit evidence to demonstrate direct plant association under the fixed inclusion criteria.	insufficient_metadata
GCF_002574805.1	Bacillus thuringiensis	1428	AFS056280	Scaffold		2017-10-18	UNC Chapel Hill	PRJNA400804	SAMN07598144	AFS056280		plant core	USA: NC	2014-05-06	Microbe sample from Bacillus thuringiensis		False	True	False	False	1	True	source	False	False	False	False	0		False	UNRESOLVED	Candidate metadata does not provide sufficiently explicit evidence to demonstrate direct plant association under the fixed inclusion criteria.	insufficient_metadata
GCF_002574935.1	Bacillus thuringiensis	1428	AFS055421	Scaffold		2017-10-18	UNC Chapel Hill	PRJNA400804	SAMN07598128	AFS055421	Corn	core	USA: IL	2014-05-22	Microbe sample from Bacillus thuringiensis		True	False	False	False	1	True	host	False	False	False	False	0		False	UNRESOLVED	Project-level metadata remains ambiguous: Host is predominantly Corn or Soybean, but isolation_source=core cannot currently be unambiguously interpreted as direct plant tissue. The same BioProject contains explicitly plant-associated root isolates as well as non-direct sources such as grainbin dust; therefore host alone is insufficient for inclusion.	unresolved_project
GCF_002575035.1	Bacillus thuringiensis	1428	AFS053994	Scaffold		2017-10-18	UNC Chapel Hill	PRJNA400804	SAMN07598106	AFS053994	Soybean	core	USA: IA	2014-05-08	Microbe sample from Bacillus thuringiensis		True	False	False	False	1	True	host	False	False	False	False	0		False	UNRESOLVED	Project-level metadata remains ambiguous: Host is predominantly Corn or Soybean, but isolation_source=core cannot currently be unambiguously interpreted as direct plant tissue. The same BioProject contains explicitly plant-associated root isolates as well as non-direct sources such as grainbin dust; therefore host alone is insufficient for inclusion.	unresolved_project
GCF_002575615.1	Bacillus thuringiensis	1428	AFS050333	Scaffold		2017-10-18	UNC Chapel Hill	PRJNA400804	SAMN07598058	AFS050333	Soybean	core	USA: IA	2014-05-08	Microbe sample from Bacillus thuringiensis		True	False	False	False	1	True	host	False	False	False	False	0		False	UNRESOLVED	Project-level metadata remains ambiguous: Host is predominantly Corn or Soybean, but isolation_source=core cannot currently be unambiguously interpreted as direct plant tissue. The same BioProject contains explicitly plant-associated root isolates as well as non-direct sources such as grainbin dust; therefore host alone is insufficient for inclusion.	unresolved_project
GCF_002576025.1	Bacillus thuringiensis	1428	AFS046545	Scaffold		2017-10-18	UNC Chapel Hill	PRJNA400804	SAMN07598017	AFS046545	Corn	core	USA: IL	2014-05-27	Microbe sample from Bacillus thuringiensis		True	False	False	False	1	True	host	False	False	False	False	0		False	UNRESOLVED	Project-level metadata remains ambiguous: Host is predominantly Corn or Soybean, but isolation_source=core cannot currently be unambiguously interpreted as direct plant tissue. The same BioProject contains explicitly plant-associated root isolates as well as non-direct sources such as grainbin dust; therefore host alone is insufficient for inclusion.	unresolved_project
GCF_002576125.1	Bacillus thuringiensis	1428	AFS045814	Scaffold		2017-10-18	UNC Chapel Hill	PRJNA400804	SAMN07598004	AFS045814		plant	USA: NC	2014-04-09	Microbe sample from Bacillus thuringiensis		False	True	False	False	1	True	source	False	False	False	False	0		False	UNRESOLVED	Candidate metadata does not provide sufficiently explicit evidence to demonstrate direct plant association under the fixed inclusion criteria.	insufficient_metadata
GCF_002576135.1	Bacillus thuringiensis	1428	AFS045572	Scaffold		2017-10-18	UNC Chapel Hill	PRJNA400804	SAMN07598003	AFS045572		plant core	USA: NC	2014-05-06	Microbe sample from Bacillus thuringiensis		False	True	False	False	1	True	source	False	False	False	False	0		False	UNRESOLVED	Candidate metadata does not provide sufficiently explicit evidence to demonstrate direct plant association under the fixed inclusion criteria.	insufficient_metadata
GCF_002576485.1	Bacillus thuringiensis	1428	AFS043211	Scaffold		2017-10-18	UNC Chapel Hill	PRJNA400804	SAMN07597968	AFS043211		plant core	USA: NC	2014-05-06	Microbe sample from Bacillus thuringiensis		False	True	False	False	1	True	source	False	False	False	False	0		False	UNRESOLVED	Candidate metadata does not provide sufficiently explicit evidence to demonstrate direct plant association under the fixed inclusion criteria.	insufficient_metadata
GCF_002576645.1	Bacillus thuringiensis	1428	AFS049152	Scaffold		2017-10-18	UNC Chapel Hill	PRJNA400804	SAMN07598046	AFS049152		plant core	USA: NC	2014-04-07	Microbe sample from Bacillus thuringiensis		False	True	False	False	1	True	source	False	False	False	False	0		False	UNRESOLVED	Candidate metadata does not provide sufficiently explicit evidence to demonstrate direct plant association under the fixed inclusion criteria.	insufficient_metadata
GCF_002576765.1	Bacillus thuringiensis	1428	AFS047495	Scaffold		2017-10-18	UNC Chapel Hill	PRJNA400804	SAMN07598024	AFS047495	Corn	missing	USA: IA	2014-01-17	Microbe sample from Bacillus thuringiensis		True	False	False	False	1	True	host	False	False	False	False	0		False	UNRESOLVED	Candidate metadata does not provide sufficiently explicit evidence to demonstrate direct plant association under the fixed inclusion criteria.	insufficient_metadata
GCF_002576875.1	Bacillus thuringiensis	1428	AFS045876	Scaffold		2017-10-18	UNC Chapel Hill	PRJNA400804	SAMN07598007	AFS045876		plant core	USA: NC	2014-05-06	Microbe sample from Bacillus thuringiensis		False	True	False	False	1	True	source	False	False	False	False	0		False	UNRESOLVED	Candidate metadata does not provide sufficiently explicit evidence to demonstrate direct plant association under the fixed inclusion criteria.	insufficient_metadata
GCF_002576925.1	Bacillus thuringiensis	1428	AFS045516	Scaffold		2017-10-18	UNC Chapel Hill	PRJNA400804	SAMN07598002	AFS045516	Corn	core	USA: NC	2014-04-21	Microbe sample from Bacillus thuringiensis		True	False	False	False	1	True	host	False	False	False	False	0		False	UNRESOLVED	Project-level metadata remains ambiguous: Host is predominantly Corn or Soybean, but isolation_source=core cannot currently be unambiguously interpreted as direct plant tissue. The same BioProject contains explicitly plant-associated root isolates as well as non-direct sources such as grainbin dust; therefore host alone is insufficient for inclusion.	unresolved_project
GCF_002577005.1	Bacillus thuringiensis	1428	AFS043402	Scaffold		2017-10-18	UNC Chapel Hill	PRJNA400804	SAMN07597971	AFS043402	Corn	core	USA: IL	2014-05-27	Microbe sample from Bacillus thuringiensis		True	False	False	False	1	True	host	False	False	False	False	0		False	UNRESOLVED	Project-level metadata remains ambiguous: Host is predominantly Corn or Soybean, but isolation_source=core cannot currently be unambiguously interpreted as direct plant tissue. The same BioProject contains explicitly plant-associated root isolates as well as non-direct sources such as grainbin dust; therefore host alone is insufficient for inclusion.	unresolved_project
GCF_002577325.1	Bacillus thuringiensis	1428	AFS041525	Scaffold		2017-10-18	UNC Chapel Hill	PRJNA400804	SAMN07597945	AFS041525		plant core	USA: NC	2014-04-21	Microbe sample from Bacillus thuringiensis		False	True	False	False	1	True	source	False	False	False	False	0		False	UNRESOLVED	Candidate metadata does not provide sufficiently explicit evidence to demonstrate direct plant association under the fixed inclusion criteria.	insufficient_metadata
GCF_002577565.1	Bacillus thuringiensis	1428	AFS040438	Scaffold		2017-10-18	UNC Chapel Hill	PRJNA400804	SAMN07597926	AFS040438	Corn	core	USA: IL	2014-05-22	Microbe sample from Bacillus thuringiensis		True	False	False	False	1	True	host	False	False	False	False	0		False	UNRESOLVED	Project-level metadata remains ambiguous: Host is predominantly Corn or Soybean, but isolation_source=core cannot currently be unambiguously interpreted as direct plant tissue. The same BioProject contains explicitly plant-associated root isolates as well as non-direct sources such as grainbin dust; therefore host alone is insufficient for inclusion.	unresolved_project
GCF_002578165.1	Bacillus thuringiensis	1428	AFS039774	Scaffold		2017-10-18	UNC Chapel Hill	PRJNA400804	SAMN07597911	AFS039774	Soybean	core	USA: IA	2014-05-08	Microbe sample from Bacillus thuringiensis		True	False	False	False	1	True	host	False	False	False	False	0		False	UNRESOLVED	Project-level metadata remains ambiguous: Host is predominantly Corn or Soybean, but isolation_source=core cannot currently be unambiguously interpreted as direct plant tissue. The same BioProject contains explicitly plant-associated root isolates as well as non-direct sources such as grainbin dust; therefore host alone is insufficient for inclusion.	unresolved_project
GCF_002581075.1	Bacillus thuringiensis	1428	AFS043930	Scaffold		2017-10-18	UNC Chapel Hill	PRJNA400804	SAMN07597980	AFS043930		Plant; Oats	USA: NC	2014-04-07	Microbe sample from Bacillus thuringiensis		False	True	False	False	1	True	source	False	False	False	False	0		False	UNRESOLVED	Candidate metadata does not provide sufficiently explicit evidence to demonstrate direct plant association under the fixed inclusion criteria.	insufficient_metadata
GCF_002582685.1	Bacillus thuringiensis	1428	AFS036336	Scaffold		2017-10-18	UNC Chapel Hill	PRJNA400804	SAMN07597876	AFS036336		plant core	USA: NC	2014-05-06	Microbe sample from Bacillus thuringiensis		False	True	False	False	1	True	source	False	False	False	False	0		False	UNRESOLVED	Candidate metadata does not provide sufficiently explicit evidence to demonstrate direct plant association under the fixed inclusion criteria.	insufficient_metadata
GCF_002582925.1	Bacillus thuringiensis	1428	AFS034126	Scaffold		2017-10-18	UNC Chapel Hill	PRJNA400804	SAMN07597853	AFS034126	Corn	core	USA: IL	2014-05-22	Microbe sample from Bacillus thuringiensis		True	False	False	False	1	True	host	False	False	False	False	0		False	UNRESOLVED	Project-level metadata remains ambiguous: Host is predominantly Corn or Soybean, but isolation_source=core cannot currently be unambiguously interpreted as direct plant tissue. The same BioProject contains explicitly plant-associated root isolates as well as non-direct sources such as grainbin dust; therefore host alone is insufficient for inclusion.	unresolved_project
GCF_002583105.1	Bacillus thuringiensis	1428	AFS032723	Scaffold		2017-10-18	UNC Chapel Hill	PRJNA400804	SAMN07597832	AFS032723	Soybean	core	USA: IA	2014-05-08	Microbe sample from Bacillus thuringiensis		True	False	False	False	1	True	host	False	False	False	False	0		False	UNRESOLVED	Project-level metadata remains ambiguous: Host is predominantly Corn or Soybean, but isolation_source=core cannot currently be unambiguously interpreted as direct plant tissue. The same BioProject contains explicitly plant-associated root isolates as well as non-direct sources such as grainbin dust; therefore host alone is insufficient for inclusion.	unresolved_project
GCF_002583285.1	Bacillus thuringiensis	1428	AFS030961	Scaffold		2017-10-18	UNC Chapel Hill	PRJNA400804	SAMN07597806	AFS030961	Soybean	core	USA: IA	2014-05-08	Microbe sample from Bacillus thuringiensis		True	False	False	False	1	True	host	False	False	False	False	0		False	UNRESOLVED	Project-level metadata remains ambiguous: Host is predominantly Corn or Soybean, but isolation_source=core cannot currently be unambiguously interpreted as direct plant tissue. The same BioProject contains explicitly plant-associated root isolates as well as non-direct sources such as grainbin dust; therefore host alone is insufficient for inclusion.	unresolved_project
GCF_002583445.1	Bacillus thuringiensis	1428	AFS029963	Contig		2017-10-18	UNC Chapel Hill	PRJNA400804	SAMN07597789	AFS029963		plant core	USA: NC	2014-05-06	Microbe sample from Bacillus thuringiensis		False	True	False	False	1	True	source	False	False	False	False	0		False	UNRESOLVED	Candidate metadata does not provide sufficiently explicit evidence to demonstrate direct plant association under the fixed inclusion criteria.	insufficient_metadata
GCF_002583895.1	Bacillus thuringiensis	1428	AFS036350	Scaffold		2017-10-18	UNC Chapel Hill	PRJNA400804	SAMN07597877	AFS036350	Corn	core	USA: IL	2014-05-27	Microbe sample from Bacillus thuringiensis		True	False	False	False	1	True	host	False	False	False	False	0		False	UNRESOLVED	Project-level metadata remains ambiguous: Host is predominantly Corn or Soybean, but isolation_source=core cannot currently be unambiguously interpreted as direct plant tissue. The same BioProject contains explicitly plant-associated root isolates as well as non-direct sources such as grainbin dust; therefore host alone is insufficient for inclusion.	unresolved_project
GCF_002584055.1	Bacillus thuringiensis	1428	AFS034818	Scaffold		2017-10-18	UNC Chapel Hill	PRJNA400804	SAMN07597864	AFS034818		plant core	USA: NC	2014-05-06	Microbe sample from Bacillus thuringiensis		False	True	False	False	1	True	source	False	False	False	False	0		False	UNRESOLVED	Candidate metadata does not provide sufficiently explicit evidence to demonstrate direct plant association under the fixed inclusion criteria.	insufficient_metadata
GCF_002584185.1	Bacillus thuringiensis	1428	AFS034600	Scaffold		2017-10-18	UNC Chapel Hill	PRJNA400804	SAMN07597859	AFS034600		plant core	USA: NC	2014-05-06	Microbe sample from Bacillus thuringiensis		False	True	False	False	1	True	source	False	False	False	False	0		False	UNRESOLVED	Candidate metadata does not provide sufficiently explicit evidence to demonstrate direct plant association under the fixed inclusion criteria.	insufficient_metadata
GCF_002584205.1	Bacillus thuringiensis	1428	AFS034708	Scaffold		2017-10-18	UNC Chapel Hill	PRJNA400804	SAMN07597861	AFS034708		plant core	USA: NC	2014-04-21	Microbe sample from Bacillus thuringiensis		False	True	False	False	1	True	source	False	False	False	False	0		False	UNRESOLVED	Candidate metadata does not provide sufficiently explicit evidence to demonstrate direct plant association under the fixed inclusion criteria.	insufficient_metadata
GCF_002585935.1	Bacillus thuringiensis	1428	AFS031210	Scaffold		2017-10-18	UNC Chapel Hill	PRJNA400804	SAMN07597811	AFS031210		plant core	USA: NC	2014-04-21	Microbe sample from Bacillus thuringiensis		False	True	False	False	1	True	source	False	False	False	False	0		False	UNRESOLVED	Candidate metadata does not provide sufficiently explicit evidence to demonstrate direct plant association under the fixed inclusion criteria.	insufficient_metadata
GCF_002586085.1	Bacillus thuringiensis	1428	AFS030866	Scaffold		2017-10-18	UNC Chapel Hill	PRJNA400804	SAMN07597804	AFS030866	Soybean	core	USA: IA	2014-05-08	Microbe sample from Bacillus thuringiensis		True	False	False	False	1	True	host	False	False	False	False	0		False	UNRESOLVED	Project-level metadata remains ambiguous: Host is predominantly Corn or Soybean, but isolation_source=core cannot currently be unambiguously interpreted as direct plant tissue. The same BioProject contains explicitly plant-associated root isolates as well as non-direct sources such as grainbin dust; therefore host alone is insufficient for inclusion.	unresolved_project
GCF_002589015.1	Bacillus thuringiensis	1428	AFS031473	Scaffold		2017-10-18	UNC Chapel Hill	PRJNA400804	SAMN07597816	AFS031473		Plant; Oats	USA: NC	2014-04-07	Microbe sample from Bacillus thuringiensis		False	True	False	False	1	True	source	False	False	False	False	0		False	UNRESOLVED	Candidate metadata does not provide sufficiently explicit evidence to demonstrate direct plant association under the fixed inclusion criteria.	insufficient_metadata
GCF_002589045.1	Bacillus thuringiensis	1428	AFS034084	Scaffold		2017-10-18	UNC Chapel Hill	PRJNA400804	SAMN07597852	AFS034084		Plant; Wheat	USA: NC	2014-04-17	Microbe sample from Bacillus thuringiensis		False	True	False	False	1	True	source	False	False	False	False	0		False	UNRESOLVED	Candidate metadata does not provide sufficiently explicit evidence to demonstrate direct plant association under the fixed inclusion criteria.	insufficient_metadata
GCF_002921215.1	Bacillus thuringiensis	1428	BR145	Contig		2018-02-07	State University of Londrina	PRJNA414725	SAMN07809248	BR145		soil from soybean field	Brazil: Bela Vista do Paraiso/PR	2010	Bacillus thuringiensis BR145		False	True	False	False	1	True	source	False	False	False	False	0		False	UNRESOLVED	Candidate metadata does not provide sufficiently explicit evidence to demonstrate direct plant association under the fixed inclusion criteria.	insufficient_metadata
GCF_040716415.1	Bacillus thuringiensis	1428	RHF5.1-28	Scaffold		2024-07-15	Ghent University	PRJNA993114	SAMN36379388	RHF5.1-28		Acid sulfate soil from rice cultivation	Viet Nam: Kien Giang province	2018	Microbe sample from Bacillus thuringiensis		False	True	False	False	1	True	source	False	False	False	False	0		False	UNRESOLVED	Candidate metadata does not provide sufficiently explicit evidence to demonstrate direct plant association under the fixed inclusion criteria.	insufficient_metadata
GCF_040716435.1	Bacillus thuringiensis	1428	RHF3.1-21	Scaffold		2024-07-15	Ghent University	PRJNA993114	SAMN36379385	RHF3.1-21		Acid sulfate soil from rice cultivation	Viet Nam: Kien Giang province	2018	Microbe sample from Bacillus thuringiensis		False	True	False	False	1	True	source	False	False	False	False	0		False	UNRESOLVED	Candidate metadata does not provide sufficiently explicit evidence to demonstrate direct plant association under the fixed inclusion criteria.	insufficient_metadata
GCF_040716445.1	Bacillus thuringiensis	1428	RHF5.1-15	Scaffold		2024-07-15	Ghent University	PRJNA993114	SAMN36379387	RHF5.1-15		Acid sulfate soil from rice cultivation	Viet Nam: Kien Giang province	2018	Microbe sample from Bacillus thuringiensis		False	True	False	False	1	True	source	False	False	False	False	0		False	UNRESOLVED	Candidate metadata does not provide sufficiently explicit evidence to demonstrate direct plant association under the fixed inclusion criteria.	insufficient_metadata
GCF_040716475.1	Bacillus thuringiensis	1428	RHF4.1-24	Scaffold		2024-07-15	Ghent University	PRJNA993114	SAMN36379386	RHF4.1-24		Acid sulfate soil from rice cultivation	Viet Nam: Kien Giang province	2018	Microbe sample from Bacillus thuringiensis		False	True	False	False	1	True	source	False	False	False	False	0		False	UNRESOLVED	Candidate metadata does not provide sufficiently explicit evidence to demonstrate direct plant association under the fixed inclusion criteria.	insufficient_metadata
GCF_040719695.1	Bacillus thuringiensis	1428	RHF1.1-2	Scaffold		2024-07-15	Ghent University	PRJNA993114	SAMN36379382	RHF1.1-2		Acid sulfate soil from rice cultivation	Viet Nam: Kien Giang province	2018	Microbe sample from Bacillus thuringiensis		False	True	False	False	1	True	source	False	False	False	False	0		False	UNRESOLVED	Candidate metadata does not provide sufficiently explicit evidence to demonstrate direct plant association under the fixed inclusion criteria.	insufficient_metadata
GCF_040719715.1	Bacillus thuringiensis	1428	RHF2.1-6	Scaffold		2024-07-15	Ghent University	PRJNA993114	SAMN36379383	RHF2.1-6		Acid sulfate soil from rice cultivation	Viet Nam: Kien Giang province	2018	Microbe sample from Bacillus thuringiensis		False	True	False	False	1	True	source	False	False	False	False	0		False	UNRESOLVED	Candidate metadata does not provide sufficiently explicit evidence to demonstrate direct plant association under the fixed inclusion criteria.	insufficient_metadata
GCF_040719735.1	Bacillus thuringiensis	1428	RHF1.1-17	Scaffold		2024-07-15	Ghent University	PRJNA993114	SAMN36379381	RHF1.1-17		Acid sulfate soil from rice cultivation	Viet Nam: Kien Giang province	2018	Microbe sample from Bacillus thuringiensis		False	True	False	False	1	True	source	False	False	False	False	0		False	UNRESOLVED	Candidate metadata does not provide sufficiently explicit evidence to demonstrate direct plant association under the fixed inclusion criteria.	insufficient_metadata
GCF_054058055.1	Bacillus thuringiensis	1428	TE21534	Contig		2025-12-17	DOE Joint Genome Institute	PRJNA1354083	SAMN52938832	TE21534	not applicable		USA: Ridgeway, Iowa	missing	Bacillus thuringiensis TE21534	Genome sequencing of secondary metabolite-producing environmental bacteria isolated from Tiny Earth (TE), a worldwide network that is aiming to crowdsource antimicrobial discovery for the control of plant pathogens using college students as the workforce.	False	False	False	True	1	True	comment	False	False	False	False	0		False	UNRESOLVED	Candidate metadata does not provide sufficiently explicit evidence to demonstrate direct plant association under the fixed inclusion criteria.	insufficient_metadata
GCF_057656475.1	Bacillus thuringiensis	1428	Soil_C_56	Scaffold		2026-05-19	CAU	PRJNA1104147	SAMN41070021	Soil_C_56		Dryland maize soils	China: Shandong	2023-10-24	Microbe sample from Bacillus thuringiensis		False	True	False	False	1	True	source	False	False	False	False	0		False	UNRESOLVED	Candidate metadata does not provide sufficiently explicit evidence to demonstrate direct plant association under the fixed inclusion criteria.	insufficient_metadata
GCF_057656875.1	Bacillus thuringiensis	1428	Soil_C_36	Scaffold		2026-05-19	CAU	PRJNA1104147	SAMN41070001	Soil_C_36		Dryland maize soils	China: Hunan	2023-10-21	Microbe sample from Bacillus thuringiensis		False	True	False	False	1	True	source	False	False	False	False	0		False	UNRESOLVED	Candidate metadata does not provide sufficiently explicit evidence to demonstrate direct plant association under the fixed inclusion criteria.	insufficient_metadata
GCF_057656975.1	Bacillus thuringiensis	1428	Soil_C_32	Scaffold		2026-05-19	CAU	PRJNA1104147	SAMN41069997	Soil_C_32		Dryland maize soils	China: Hunan	2023-10-21	Microbe sample from Bacillus thuringiensis		False	True	False	False	1	True	source	False	False	False	False	0		False	UNRESOLVED	Candidate metadata does not provide sufficiently explicit evidence to demonstrate direct plant association under the fixed inclusion criteria.	insufficient_metadata
GCF_057657355.1	Bacillus thuringiensis	1428	Soil_C_13	Scaffold		2026-05-19	CAU	PRJNA1104147	SAMN41069977	Soil_C_13		Maize soils	China: Hebei	2023-10-12	Microbe sample from Bacillus thuringiensis		False	True	False	False	1	True	source	False	False	False	False	0		False	UNRESOLVED	Candidate metadata does not provide sufficiently explicit evidence to demonstrate direct plant association under the fixed inclusion criteria.	insufficient_metadata
GCF_059428035.1	Bacillus thuringiensis	1428	INTA Mo14-4	Contig		2026-07-15	Instituto Nacional de Tecnologia Agropecuaria	PRJNA1484120	SAMN61219616	INTA Mo14-4		wheat mill dust	Argentina: Canuelas, Buenos Aires province	1999	Microbe sample from Bacillus thuringiensis		False	True	False	False	1	True	source	False	False	False	False	0		False	UNRESOLVED	Candidate metadata does not provide sufficiently explicit evidence to demonstrate direct plant association under the fixed inclusion criteria.	insufficient_metadata
GCF_000468995.3	Bacillus thuringiensis serovar aizawai str. Hu4-2	1238885	Hu4-2	Contig		2013-11-26	Universidad Publica de Navarra	PRJNA175233	SAMN02471369	Hu4-2		dust sample from maize grain silo	Spain		Sample from Bacillus thuringiensis serovar aizawai str. Hu4-2		False	True	False	False	1	True	source	False	False	False	False	0		False	UNRESOLVED	Candidate metadata does not provide sufficiently explicit evidence to demonstrate direct plant association under the fixed inclusion criteria.	insufficient_metadata
GCF_002146985.1	Bacillus thuringiensis serovar brasilensis	180873	BGSC 4AY1	Contig		2017-05-17	Huazhong Agricultural University	PRJNA349211	SAMN05934510	BGSC 4AY1		black pepper power	Brazil	missing	Microbe sample from Bacillus thuringiensis serovar brasilensis		False	True	False	False	1	True	source	False	False	False	False	0		False	UNRESOLVED	Candidate metadata does not provide sufficiently explicit evidence to demonstrate direct plant association under the fixed inclusion criteria.	insufficient_metadata
GCF_000710255.1	Bacillus thuringiensis serovar kurstaki str. HD-1	1261129	HD-1	Contig		2014-06-19	University of Oklahoma Health Sciences Center	PRJNA238239	SAMN02641787	HD-1	Pectinophora gossypiella	missing	USA	1970	Bacillus thuringiensis subsp. kurstaki Strain HD-1	Bacillus thuringiensis (Bt) is a ubiquitous Gram-positive bacterium that has been isolated from a variety of ecological niches including soil, stored grain, insects and plant surfaces.  The most distinctive property of Bt is the production of parasporal insecticidal proteins (Cry toxins) and their entomopathogenicity which spans a number of insect species among the orders Lepidoptera, Diptera, Coleoptera and Hymenoptera.	False	False	False	True	1	True	comment	False	False	False	False	0		False	UNRESOLVED	Candidate metadata does not provide sufficiently explicit evidence to demonstrate direct plant association under the fixed inclusion criteria.	insufficient_metadata
GCF_002147835.1	Bacillus thuringiensis serovar oswaldocruzi	180872	BGSC 4AS1	Contig		2017-05-17	Huazhong Agricultural University	PRJNA349211	SAMN05934504	BGSC 4AS1		black pepper power	Brazil	missing	Microbe sample from Bacillus thuringiensis serovar oswaldocruzi		False	True	False	False	1	True	source	False	False	False	False	0		False	UNRESOLVED	Candidate metadata does not provide sufficiently explicit evidence to demonstrate direct plant association under the fixed inclusion criteria.	insufficient_metadata
GCF_000571955.1	Bacillus thuringiensis serovar tolworthi NA205-3	1306023	NA205-3	Contig		2014-02-14	Universidad Publica de Navarra	PRJNA193288	SAMN02952956	NA205-3		dust from maize silo	Spain		Sample from Bacillus thuringiensis serovar tolworthi NA205-3		False	True	False	False	1	True	source	False	False	False	False	0		False	UNRESOLVED	Candidate metadata does not provide sufficiently explicit evidence to demonstrate direct plant association under the fixed inclusion criteria.	insufficient_metadata
GCF_002550285.1	Bacillus toyonensis	155322	AFS097554	Scaffold		2017-10-13	UNC Chapel Hill	PRJNA400804	SAMN07598690	AFS097554	Corn	core	USA: IL	2014-05-22	Microbe sample from Bacillus toyonensis		True	False	False	False	1	True	host	False	False	False	False	0		False	UNRESOLVED	Project-level metadata remains ambiguous: Host is predominantly Corn or Soybean, but isolation_source=core cannot currently be unambiguously interpreted as direct plant tissue. The same BioProject contains explicitly plant-associated root isolates as well as non-direct sources such as grainbin dust; therefore host alone is insufficient for inclusion.	unresolved_project
GCF_002551725.1	Bacillus toyonensis	155322	AFS099364	Scaffold		2017-10-13	UNC Chapel Hill	PRJNA400804	SAMN07598712	AFS099364	Corn	core	USA: IL	2014-05-22	Microbe sample from Bacillus toyonensis		True	False	False	False	1	True	host	False	False	False	False	0		False	UNRESOLVED	Project-level metadata remains ambiguous: Host is predominantly Corn or Soybean, but isolation_source=core cannot currently be unambiguously interpreted as direct plant tissue. The same BioProject contains explicitly plant-associated root isolates as well as non-direct sources such as grainbin dust; therefore host alone is insufficient for inclusion.	unresolved_project
GCF_002551735.1	Bacillus toyonensis	155322	AFS099300	Scaffold		2017-10-13	UNC Chapel Hill	PRJNA400804	SAMN07598709	AFS099300		plant core	USA: NC	2014-05-06	Microbe sample from Bacillus toyonensis		False	True	False	False	1	True	source	False	False	False	False	0		False	UNRESOLVED	Candidate metadata does not provide sufficiently explicit evidence to demonstrate direct plant association under the fixed inclusion criteria.	insufficient_metadata
GCF_002551965.1	Bacillus toyonensis	155322	AFS097295	Scaffold		2017-10-13	UNC Chapel Hill	PRJNA400804	SAMN07598682	AFS097295	Corn	core	USA: IL	2014-05-27	Microbe sample from Bacillus toyonensis		True	False	False	False	1	True	host	False	False	False	False	0		False	UNRESOLVED	Project-level metadata remains ambiguous: Host is predominantly Corn or Soybean, but isolation_source=core cannot currently be unambiguously interpreted as direct plant tissue. The same BioProject contains explicitly plant-associated root isolates as well as non-direct sources such as grainbin dust; therefore host alone is insufficient for inclusion.	unresolved_project
GCF_002552225.1	Bacillus toyonensis	155322	AFS095804	Scaffold		2017-10-13	UNC Chapel Hill	PRJNA400804	SAMN07598660	AFS095804	Corn	core	USA: IL	2014-05-27	Microbe sample from Bacillus toyonensis		True	False	False	False	1	True	host	False	False	False	False	0		False	UNRESOLVED	Project-level metadata remains ambiguous: Host is predominantly Corn or Soybean, but isolation_source=core cannot currently be unambiguously interpreted as direct plant tissue. The same BioProject contains explicitly plant-associated root isolates as well as non-direct sources such as grainbin dust; therefore host alone is insufficient for inclusion.	unresolved_project
GCF_002552405.1	Bacillus toyonensis	155322	AFS094802	Scaffold		2017-10-13	UNC Chapel Hill	PRJNA400804	SAMN07598641	AFS094802	Soybean	core	USA: IA	2014-05-08	Microbe sample from Bacillus toyonensis		True	False	False	False	1	True	host	False	False	False	False	0		False	UNRESOLVED	Project-level metadata remains ambiguous: Host is predominantly Corn or Soybean, but isolation_source=core cannot currently be unambiguously interpreted as direct plant tissue. The same BioProject contains explicitly plant-associated root isolates as well as non-direct sources such as grainbin dust; therefore host alone is insufficient for inclusion.	unresolved_project
GCF_002552685.1	Bacillus toyonensis	155322	AFS090953	Scaffold		2017-10-13	UNC Chapel Hill	PRJNA400804	SAMN07598602	AFS090953		plant	USA: NC	2014-04-09	Microbe sample from Bacillus toyonensis		False	True	False	False	1	True	source	False	False	False	False	0		False	UNRESOLVED	Candidate metadata does not provide sufficiently explicit evidence to demonstrate direct plant association under the fixed inclusion criteria.	insufficient_metadata
GCF_002553415.1	Bacillus toyonensis	155322	AFS089278	Scaffold		2017-10-13	UNC Chapel Hill	PRJNA400804	SAMN07598582	AFS089278		plant core	USA: NC	2014-05-06	Microbe sample from Bacillus toyonensis		False	True	False	False	1	True	source	False	False	False	False	0		False	UNRESOLVED	Candidate metadata does not provide sufficiently explicit evidence to demonstrate direct plant association under the fixed inclusion criteria.	insufficient_metadata
GCF_002554755.1	Bacillus toyonensis	155322	AFS020202	Scaffold		2017-10-16	UNC Chapel Hill	PRJNA400804	SAMN07597500	AFS020202	Weed	plant	USA: NC	2014-04-09	Microbe sample from Bacillus toyonensis		False	True	False	False	1	True	source	False	False	False	False	0		False	UNRESOLVED	Candidate metadata does not provide sufficiently explicit evidence to demonstrate direct plant association under the fixed inclusion criteria.	insufficient_metadata
GCF_002554925.1	Bacillus toyonensis	155322	AFS017381	Scaffold		2017-10-16	UNC Chapel Hill	PRJNA400804	SAMN07597467	AFS017381	Corn	core	USA: IL	2014-05-27	Microbe sample from Bacillus toyonensis		True	False	False	False	1	True	host	False	False	False	False	0		False	UNRESOLVED	Project-level metadata remains ambiguous: Host is predominantly Corn or Soybean, but isolation_source=core cannot currently be unambiguously interpreted as direct plant tissue. The same BioProject contains explicitly plant-associated root isolates as well as non-direct sources such as grainbin dust; therefore host alone is insufficient for inclusion.	unresolved_project
GCF_002554965.1	Bacillus toyonensis	155322	AFS017221	Scaffold		2017-10-16	UNC Chapel Hill	PRJNA400804	SAMN07597462	AFS017221	Soybean	core	USA: IA	2014-05-08	Microbe sample from Bacillus toyonensis		True	False	False	False	1	True	host	False	False	False	False	0		False	UNRESOLVED	Project-level metadata remains ambiguous: Host is predominantly Corn or Soybean, but isolation_source=core cannot currently be unambiguously interpreted as direct plant tissue. The same BioProject contains explicitly plant-associated root isolates as well as non-direct sources such as grainbin dust; therefore host alone is insufficient for inclusion.	unresolved_project
GCF_002555025.1	Bacillus toyonensis	155322	AFS015017	Scaffold		2017-10-16	UNC Chapel Hill	PRJNA400804	SAMN07597433	AFS015017	Corn	core	USA: IL	2014-05-22	Microbe sample from Bacillus toyonensis		True	False	False	False	1	True	host	False	False	False	False	0		False	UNRESOLVED	Project-level metadata remains ambiguous: Host is predominantly Corn or Soybean, but isolation_source=core cannot currently be unambiguously interpreted as direct plant tissue. The same BioProject contains explicitly plant-associated root isolates as well as non-direct sources such as grainbin dust; therefore host alone is insufficient for inclusion.	unresolved_project
GCF_002555035.1	Bacillus toyonensis	155322	AFS016553	Scaffold		2017-10-16	UNC Chapel Hill	PRJNA400804	SAMN07597448	AFS016553	Weed	plant	USA: IN	2014-04-09	Microbe sample from Bacillus toyonensis		False	True	False	False	1	True	source	False	False	False	False	0		False	UNRESOLVED	Candidate metadata does not provide sufficiently explicit evidence to demonstrate direct plant association under the fixed inclusion criteria.	insufficient_metadata
GCF_002555055.1	Bacillus toyonensis	155322	AFS016448	Scaffold		2017-10-16	UNC Chapel Hill	PRJNA400804	SAMN07597447	AFS016448	Weed	plant	USA: IN	2014-04-09	Microbe sample from Bacillus toyonensis		False	True	False	False	1	True	source	False	False	False	False	0		False	UNRESOLVED	Candidate metadata does not provide sufficiently explicit evidence to demonstrate direct plant association under the fixed inclusion criteria.	insufficient_metadata
GCF_002555405.1	Bacillus toyonensis	155322	AFS018451	Scaffold		2017-10-16	UNC Chapel Hill	PRJNA400804	SAMN07597483	AFS018451	Soybean	core	USA: IA	2014-05-08	Microbe sample from Bacillus toyonensis		True	False	False	False	1	True	host	False	False	False	False	0		False	UNRESOLVED	Project-level metadata remains ambiguous: Host is predominantly Corn or Soybean, but isolation_source=core cannot currently be unambiguously interpreted as direct plant tissue. The same BioProject contains explicitly plant-associated root isolates as well as non-direct sources such as grainbin dust; therefore host alone is insufficient for inclusion.	unresolved_project
GCF_002555495.1	Bacillus toyonensis	155322	AFS010752	Scaffold		2017-10-16	UNC Chapel Hill	PRJNA400804	SAMN07597382	AFS010752		plant core	USA: NC	2014-05-06	Microbe sample from Bacillus toyonensis		False	True	False	False	1	True	source	False	False	False	False	0		False	UNRESOLVED	Candidate metadata does not provide sufficiently explicit evidence to demonstrate direct plant association under the fixed inclusion criteria.	insufficient_metadata
GCF_002555605.1	Bacillus toyonensis	155322	AFS009906	Scaffold		2017-10-16	UNC Chapel Hill	PRJNA400804	SAMN07597376	AFS009906	Corn	core	USA: IL	2014-05-22	Microbe sample from Bacillus toyonensis		True	False	False	False	1	True	host	False	False	False	False	0		False	UNRESOLVED	Project-level metadata remains ambiguous: Host is predominantly Corn or Soybean, but isolation_source=core cannot currently be unambiguously interpreted as direct plant tissue. The same BioProject contains explicitly plant-associated root isolates as well as non-direct sources such as grainbin dust; therefore host alone is insufficient for inclusion.	unresolved_project
GCF_002555805.1	Bacillus toyonensis	155322	AFS007279	Scaffold		2017-10-16	UNC Chapel Hill	PRJNA400804	SAMN07597332	AFS007279	Weed	plant	USA: IN	2014-04-09	Microbe sample from Bacillus toyonensis		False	True	False	False	1	True	source	False	False	False	False	0		False	UNRESOLVED	Candidate metadata does not provide sufficiently explicit evidence to demonstrate direct plant association under the fixed inclusion criteria.	insufficient_metadata
GCF_002556015.1	Bacillus toyonensis	155322	AFS003709	Scaffold		2017-10-16	UNC Chapel Hill	PRJNA400804	SAMN07597290	AFS003709	Soybean	core	USA: IA	2014-05-08	Microbe sample from Bacillus toyonensis		True	False	False	False	1	True	host	False	False	False	False	0		False	UNRESOLVED	Project-level metadata remains ambiguous: Host is predominantly Corn or Soybean, but isolation_source=core cannot currently be unambiguously interpreted as direct plant tissue. The same BioProject contains explicitly plant-associated root isolates as well as non-direct sources such as grainbin dust; therefore host alone is insufficient for inclusion.	unresolved_project
GCF_002556125.1	Bacillus toyonensis	155322	AFS002053	Scaffold		2017-10-16	UNC Chapel Hill	PRJNA400804	SAMN07597262	AFS002053	Corn	missing	USA: MN	2014-01-14	Microbe sample from Bacillus toyonensis		True	False	False	False	1	True	host	False	False	False	False	0		False	UNRESOLVED	Candidate metadata does not provide sufficiently explicit evidence to demonstrate direct plant association under the fixed inclusion criteria.	insufficient_metadata
GCF_002556135.1	Bacillus toyonensis	155322	AFS001368	Scaffold		2017-10-16	UNC Chapel Hill	PRJNA400804	SAMN07597251	AFS001368	Soybean	core	USA: IA	2014-05-08	Microbe sample from Bacillus toyonensis		True	False	False	False	1	True	host	False	False	False	False	0		False	UNRESOLVED	Project-level metadata remains ambiguous: Host is predominantly Corn or Soybean, but isolation_source=core cannot currently be unambiguously interpreted as direct plant tissue. The same BioProject contains explicitly plant-associated root isolates as well as non-direct sources such as grainbin dust; therefore host alone is insufficient for inclusion.	unresolved_project
GCF_002556155.1	Bacillus toyonensis	155322	AFS001294	Scaffold		2017-10-16	UNC Chapel Hill	PRJNA400804	SAMN07597250	AFS001294	Corn	core	USA: IL	2014-05-22	Microbe sample from Bacillus toyonensis		True	False	False	False	1	True	host	False	False	False	False	0		False	UNRESOLVED	Project-level metadata remains ambiguous: Host is predominantly Corn or Soybean, but isolation_source=core cannot currently be unambiguously interpreted as direct plant tissue. The same BioProject contains explicitly plant-associated root isolates as well as non-direct sources such as grainbin dust; therefore host alone is insufficient for inclusion.	unresolved_project
GCF_002556225.1	Bacillus toyonensis	155322	AFS001450	Scaffold		2017-10-16	UNC Chapel Hill	PRJNA400804	SAMN07597252	AFS001450	Corn	missing	USA: IA	2014-01-17	Microbe sample from Bacillus toyonensis		True	False	False	False	1	True	host	False	False	False	False	0		False	UNRESOLVED	Candidate metadata does not provide sufficiently explicit evidence to demonstrate direct plant association under the fixed inclusion criteria.	insufficient_metadata
GCF_002556435.1	Bacillus toyonensis	155322	AFS000445	Scaffold		2017-10-16	UNC Chapel Hill	PRJNA400804	SAMN07597240	AFS000445	Weed	plant	USA: IN	2014-04-09	Microbe sample from Bacillus toyonensis		False	True	False	False	1	True	source	False	False	False	False	0		False	UNRESOLVED	Candidate metadata does not provide sufficiently explicit evidence to demonstrate direct plant association under the fixed inclusion criteria.	insufficient_metadata
GCF_002556675.1	Bacillus toyonensis	155322	AFS028541	Scaffold		2017-10-16	UNC Chapel Hill	PRJNA400804	SAMN07597623	AFS028541	Corn	core	USA: IL	2014-05-27	Microbe sample from Bacillus toyonensis		True	False	False	False	1	True	host	False	False	False	False	0		False	UNRESOLVED	Project-level metadata remains ambiguous: Host is predominantly Corn or Soybean, but isolation_source=core cannot currently be unambiguously interpreted as direct plant tissue. The same BioProject contains explicitly plant-associated root isolates as well as non-direct sources such as grainbin dust; therefore host alone is insufficient for inclusion.	unresolved_project
GCF_002556705.1	Bacillus toyonensis	155322	AFS028444	Scaffold		2017-10-16	UNC Chapel Hill	PRJNA400804	SAMN07597619	AFS028444	Corn	core	USA: IL	2014-05-27	Microbe sample from Bacillus toyonensis		True	False	False	False	1	True	host	False	False	False	False	0		False	UNRESOLVED	Project-level metadata remains ambiguous: Host is predominantly Corn or Soybean, but isolation_source=core cannot currently be unambiguously interpreted as direct plant tissue. The same BioProject contains explicitly plant-associated root isolates as well as non-direct sources such as grainbin dust; therefore host alone is insufficient for inclusion.	unresolved_project
GCF_002556765.1	Bacillus toyonensis	155322	AFS028249	Scaffold		2017-10-16	UNC Chapel Hill	PRJNA400804	SAMN07597614	AFS028249	Soybean	core	USA: IA	2014-05-08	Microbe sample from Bacillus toyonensis		True	False	False	False	1	True	host	False	False	False	False	0		False	UNRESOLVED	Project-level metadata remains ambiguous: Host is predominantly Corn or Soybean, but isolation_source=core cannot currently be unambiguously interpreted as direct plant tissue. The same BioProject contains explicitly plant-associated root isolates as well as non-direct sources such as grainbin dust; therefore host alone is insufficient for inclusion.	unresolved_project
GCF_002556775.1	Bacillus toyonensis	155322	AFS027674	Scaffold		2017-10-16	UNC Chapel Hill	PRJNA400804	SAMN07597607	AFS027674	Corn	core	USA: IL	2014-05-22	Microbe sample from Bacillus toyonensis		True	False	False	False	1	True	host	False	False	False	False	0		False	UNRESOLVED	Project-level metadata remains ambiguous: Host is predominantly Corn or Soybean, but isolation_source=core cannot currently be unambiguously interpreted as direct plant tissue. The same BioProject contains explicitly plant-associated root isolates as well as non-direct sources such as grainbin dust; therefore host alone is insufficient for inclusion.	unresolved_project
GCF_002556805.1	Bacillus toyonensis	155322	AFS027629	Contig		2017-10-16	UNC Chapel Hill	PRJNA400804	SAMN07597604	AFS027629	Soybean	core	USA: IA	2014-05-08	Microbe sample from Bacillus toyonensis		True	False	False	False	1	True	host	False	False	False	False	0		False	UNRESOLVED	Project-level metadata remains ambiguous: Host is predominantly Corn or Soybean, but isolation_source=core cannot currently be unambiguously interpreted as direct plant tissue. The same BioProject contains explicitly plant-associated root isolates as well as non-direct sources such as grainbin dust; therefore host alone is insufficient for inclusion.	unresolved_project
GCF_002557005.1	Bacillus toyonensis	155322	AFS026137	Scaffold		2017-10-16	UNC Chapel Hill	PRJNA400804	SAMN07597585	AFS026137	Soybean	core	USA: IA	2014-05-08	Microbe sample from Bacillus toyonensis		True	False	False	False	1	True	host	False	False	False	False	0		False	UNRESOLVED	Project-level metadata remains ambiguous: Host is predominantly Corn or Soybean, but isolation_source=core cannot currently be unambiguously interpreted as direct plant tissue. The same BioProject contains explicitly plant-associated root isolates as well as non-direct sources such as grainbin dust; therefore host alone is insufficient for inclusion.	unresolved_project
GCF_002557115.1	Bacillus toyonensis	155322	AFS024499	Scaffold		2017-10-16	UNC Chapel Hill	PRJNA400804	SAMN07597563	AFS024499	Wheat	plant	USA: NC	2014-04-15	Microbe sample from Bacillus toyonensis		True	True	False	False	2	True	host;source	False	False	False	False	0		False	UNRESOLVED	Candidate metadata does not provide sufficiently explicit evidence to demonstrate direct plant association under the fixed inclusion criteria.	insufficient_metadata
GCF_002557145.1	Bacillus toyonensis	155322	AFS025179	Scaffold		2017-10-16	UNC Chapel Hill	PRJNA400804	SAMN07597574	AFS025179	Corn	core	USA: IL	2014-01-06	Microbe sample from Bacillus toyonensis		True	False	False	False	1	True	host	False	False	False	False	0		False	UNRESOLVED	Project-level metadata remains ambiguous: Host is predominantly Corn or Soybean, but isolation_source=core cannot currently be unambiguously interpreted as direct plant tissue. The same BioProject contains explicitly plant-associated root isolates as well as non-direct sources such as grainbin dust; therefore host alone is insufficient for inclusion.	unresolved_project
GCF_002557445.1	Bacillus toyonensis	155322	AFS022121	Scaffold		2017-10-16	UNC Chapel Hill	PRJNA400804	SAMN07597522	AFS022121	Soybean	core	USA: IA	2014-05-08	Microbe sample from Bacillus toyonensis		True	False	False	False	1	True	host	False	False	False	False	0		False	UNRESOLVED	Project-level metadata remains ambiguous: Host is predominantly Corn or Soybean, but isolation_source=core cannot currently be unambiguously interpreted as direct plant tissue. The same BioProject contains explicitly plant-associated root isolates as well as non-direct sources such as grainbin dust; therefore host alone is insufficient for inclusion.	unresolved_project
GCF_002557505.1	Bacillus toyonensis	155322	AFS021654	Scaffold		2017-10-16	UNC Chapel Hill	PRJNA400804	SAMN07597515	AFS021654	Soybean	core	USA: IA	2014-05-08	Microbe sample from Bacillus toyonensis		True	False	False	False	1	True	host	False	False	False	False	0		False	UNRESOLVED	Project-level metadata remains ambiguous: Host is predominantly Corn or Soybean, but isolation_source=core cannot currently be unambiguously interpreted as direct plant tissue. The same BioProject contains explicitly plant-associated root isolates as well as non-direct sources such as grainbin dust; therefore host alone is insufficient for inclusion.	unresolved_project
GCF_002557515.1	Bacillus toyonensis	155322	AFS021349	Scaffold		2017-10-16	UNC Chapel Hill	PRJNA400804	SAMN07597512	AFS021349	Corn	core	USA: IL	2013-12-16	Microbe sample from Bacillus toyonensis		True	False	False	False	1	True	host	False	False	False	False	0		False	UNRESOLVED	Project-level metadata remains ambiguous: Host is predominantly Corn or Soybean, but isolation_source=core cannot currently be unambiguously interpreted as direct plant tissue. The same BioProject contains explicitly plant-associated root isolates as well as non-direct sources such as grainbin dust; therefore host alone is insufficient for inclusion.	unresolved_project
GCF_002557555.1	Bacillus toyonensis	155322	AFS020717	Scaffold		2017-10-16	UNC Chapel Hill	PRJNA400804	SAMN07597509	AFS020717	Corn	core	USA: IL	2014-05-22	Microbe sample from Bacillus toyonensis		True	False	False	False	1	True	host	False	False	False	False	0		False	UNRESOLVED	Project-level metadata remains ambiguous: Host is predominantly Corn or Soybean, but isolation_source=core cannot currently be unambiguously interpreted as direct plant tissue. The same BioProject contains explicitly plant-associated root isolates as well as non-direct sources such as grainbin dust; therefore host alone is insufficient for inclusion.	unresolved_project
GCF_002568845.1	Bacillus toyonensis	155322	AFS086269	Scaffold		2017-10-17	UNC Chapel Hill	PRJNA400804	SAMN07598546	AFS086269	Corn	core	USA: IL	2014-05-22	Microbe sample from Bacillus toyonensis		True	False	False	False	1	True	host	False	False	False	False	0		False	UNRESOLVED	Project-level metadata remains ambiguous: Host is predominantly Corn or Soybean, but isolation_source=core cannot currently be unambiguously interpreted as direct plant tissue. The same BioProject contains explicitly plant-associated root isolates as well as non-direct sources such as grainbin dust; therefore host alone is insufficient for inclusion.	unresolved_project
GCF_002568855.1	Bacillus toyonensis	155322	AFS084980	Scaffold		2017-10-17	UNC Chapel Hill	PRJNA400804	SAMN07598529	AFS084980	Corn	core	USA: NC	2014-04-21	Microbe sample from Bacillus toyonensis		True	False	False	False	1	True	host	False	False	False	False	0		False	UNRESOLVED	Project-level metadata remains ambiguous: Host is predominantly Corn or Soybean, but isolation_source=core cannot currently be unambiguously interpreted as direct plant tissue. The same BioProject contains explicitly plant-associated root isolates as well as non-direct sources such as grainbin dust; therefore host alone is insufficient for inclusion.	unresolved_project
GCF_002569065.1	Bacillus toyonensis	155322	AFS086630	Scaffold		2017-10-17	UNC Chapel Hill	PRJNA400804	SAMN07598552	AFS086630		plant core	USA: NC	2014-05-06	Microbe sample from Bacillus toyonensis		False	True	False	False	1	True	source	False	False	False	False	0		False	UNRESOLVED	Candidate metadata does not provide sufficiently explicit evidence to demonstrate direct plant association under the fixed inclusion criteria.	insufficient_metadata
GCF_002569115.1	Bacillus toyonensis	155322	AFS083298	Scaffold		2017-10-17	UNC Chapel Hill	PRJNA400804	SAMN07598512	AFS083298	Soybean	core	USA: IA	2014-05-08	Microbe sample from Bacillus toyonensis		True	False	False	False	1	True	host	False	False	False	False	0		False	UNRESOLVED	Project-level metadata remains ambiguous: Host is predominantly Corn or Soybean, but isolation_source=core cannot currently be unambiguously interpreted as direct plant tissue. The same BioProject contains explicitly plant-associated root isolates as well as non-direct sources such as grainbin dust; therefore host alone is insufficient for inclusion.	unresolved_project
GCF_002569395.1	Bacillus toyonensis	155322	AFS084149	Scaffold		2017-10-17	UNC Chapel Hill	PRJNA400804	SAMN07598520	AFS084149	Soybean	core	USA: IA	2014-05-08	Microbe sample from Bacillus toyonensis		True	False	False	False	1	True	host	False	False	False	False	0		False	UNRESOLVED	Project-level metadata remains ambiguous: Host is predominantly Corn or Soybean, but isolation_source=core cannot currently be unambiguously interpreted as direct plant tissue. The same BioProject contains explicitly plant-associated root isolates as well as non-direct sources such as grainbin dust; therefore host alone is insufficient for inclusion.	unresolved_project
GCF_002569455.1	Bacillus toyonensis	155322	AFS082731	Scaffold		2017-10-17	UNC Chapel Hill	PRJNA400804	SAMN07598504	AFS082731	Weed	plant	USA: IN	2014-04-09	Microbe sample from Bacillus toyonensis		False	True	False	False	1	True	source	False	False	False	False	0		False	UNRESOLVED	Candidate metadata does not provide sufficiently explicit evidence to demonstrate direct plant association under the fixed inclusion criteria.	insufficient_metadata
GCF_002569495.1	Bacillus toyonensis	155322	AFS081174	Scaffold		2017-10-17	UNC Chapel Hill	PRJNA400804	SAMN07598483	AFS081174	Soybean	core	USA: IA	2014-05-08	Microbe sample from Bacillus toyonensis		True	False	False	False	1	True	host	False	False	False	False	0		False	UNRESOLVED	Project-level metadata remains ambiguous: Host is predominantly Corn or Soybean, but isolation_source=core cannot currently be unambiguously interpreted as direct plant tissue. The same BioProject contains explicitly plant-associated root isolates as well as non-direct sources such as grainbin dust; therefore host alone is insufficient for inclusion.	unresolved_project
GCF_002569515.1	Bacillus toyonensis	155322	AFS081127	Scaffold		2017-10-17	UNC Chapel Hill	PRJNA400804	SAMN07598481	AFS081127	Soybean	core	USA: IA	2014-05-08	Microbe sample from Bacillus toyonensis		True	False	False	False	1	True	host	False	False	False	False	0		False	UNRESOLVED	Project-level metadata remains ambiguous: Host is predominantly Corn or Soybean, but isolation_source=core cannot currently be unambiguously interpreted as direct plant tissue. The same BioProject contains explicitly plant-associated root isolates as well as non-direct sources such as grainbin dust; therefore host alone is insufficient for inclusion.	unresolved_project
GCF_002569525.1	Bacillus toyonensis	155322	AFS081053	Scaffold		2017-10-17	UNC Chapel Hill	PRJNA400804	SAMN07598479	AFS081053	Corn	core	USA: IL	2014-05-22	Microbe sample from Bacillus toyonensis		True	False	False	False	1	True	host	False	False	False	False	0		False	UNRESOLVED	Project-level metadata remains ambiguous: Host is predominantly Corn or Soybean, but isolation_source=core cannot currently be unambiguously interpreted as direct plant tissue. The same BioProject contains explicitly plant-associated root isolates as well as non-direct sources such as grainbin dust; therefore host alone is insufficient for inclusion.	unresolved_project
GCF_002569745.1	Bacillus toyonensis	155322	AFS077622	Scaffold		2017-10-17	UNC Chapel Hill	PRJNA400804	SAMN07598436	AFS077622	Soybean	core	USA: IA	2014-05-08	Microbe sample from Bacillus toyonensis		True	False	False	False	1	True	host	False	False	False	False	0		False	UNRESOLVED	Project-level metadata remains ambiguous: Host is predominantly Corn or Soybean, but isolation_source=core cannot currently be unambiguously interpreted as direct plant tissue. The same BioProject contains explicitly plant-associated root isolates as well as non-direct sources such as grainbin dust; therefore host alone is insufficient for inclusion.	unresolved_project
GCF_002569955.1	Bacillus toyonensis	155322	AFS074325	Scaffold		2017-10-17	UNC Chapel Hill	PRJNA400804	SAMN07598385	AFS074325	Corn	core	USA: IL	2014-05-22	Microbe sample from Bacillus toyonensis		True	False	False	False	1	True	host	False	False	False	False	0		False	UNRESOLVED	Project-level metadata remains ambiguous: Host is predominantly Corn or Soybean, but isolation_source=core cannot currently be unambiguously interpreted as direct plant tissue. The same BioProject contains explicitly plant-associated root isolates as well as non-direct sources such as grainbin dust; therefore host alone is insufficient for inclusion.	unresolved_project
GCF_002570205.1	Bacillus toyonensis	155322	AFS072123	Scaffold		2017-10-17	UNC Chapel Hill	PRJNA400804	SAMN07598360	AFS072123		plant core	USA: NC	2014-05-06	Microbe sample from Bacillus toyonensis		False	True	False	False	1	True	source	False	False	False	False	0		False	UNRESOLVED	Candidate metadata does not provide sufficiently explicit evidence to demonstrate direct plant association under the fixed inclusion criteria.	insufficient_metadata
GCF_002570235.1	Bacillus toyonensis	155322	AFS071669	Scaffold		2017-10-17	UNC Chapel Hill	PRJNA400804	SAMN07598353	AFS071669	Corn	core	USA: IL	2014-05-27	Microbe sample from Bacillus toyonensis		True	False	False	False	1	True	host	False	False	False	False	0		False	UNRESOLVED	Project-level metadata remains ambiguous: Host is predominantly Corn or Soybean, but isolation_source=core cannot currently be unambiguously interpreted as direct plant tissue. The same BioProject contains explicitly plant-associated root isolates as well as non-direct sources such as grainbin dust; therefore host alone is insufficient for inclusion.	unresolved_project
GCF_002571555.1	Bacillus toyonensis	155322	AFS069354	Scaffold		2017-10-17	UNC Chapel Hill	PRJNA400804	SAMN07598318	AFS069354	Soybean	core	USA: IA	2014-05-08	Microbe sample from Bacillus toyonensis		True	False	False	False	1	True	host	False	False	False	False	0		False	UNRESOLVED	Project-level metadata remains ambiguous: Host is predominantly Corn or Soybean, but isolation_source=core cannot currently be unambiguously interpreted as direct plant tissue. The same BioProject contains explicitly plant-associated root isolates as well as non-direct sources such as grainbin dust; therefore host alone is insufficient for inclusion.	unresolved_project
GCF_002571605.1	Bacillus toyonensis	155322	AFS068057	Scaffold		2017-10-17	UNC Chapel Hill	PRJNA400804	SAMN07598307	AFS068057	Corn	core	USA: IL	2014-05-22	Microbe sample from Bacillus toyonensis		True	False	False	False	1	True	host	False	False	False	False	0		False	UNRESOLVED	Project-level metadata remains ambiguous: Host is predominantly Corn or Soybean, but isolation_source=core cannot currently be unambiguously interpreted as direct plant tissue. The same BioProject contains explicitly plant-associated root isolates as well as non-direct sources such as grainbin dust; therefore host alone is insufficient for inclusion.	unresolved_project
GCF_002571695.1	Bacillus toyonensis	155322	AFS065951	Scaffold		2017-10-17	UNC Chapel Hill	PRJNA400804	SAMN07598276	AFS065951	Corn	core	USA: IL	2014-05-22	Microbe sample from Bacillus toyonensis		True	False	False	False	1	True	host	False	False	False	False	0		False	UNRESOLVED	Project-level metadata remains ambiguous: Host is predominantly Corn or Soybean, but isolation_source=core cannot currently be unambiguously interpreted as direct plant tissue. The same BioProject contains explicitly plant-associated root isolates as well as non-direct sources such as grainbin dust; therefore host alone is insufficient for inclusion.	unresolved_project
GCF_002571915.1	Bacillus toyonensis	155322	AFS060522	Scaffold		2017-10-17	UNC Chapel Hill	PRJNA400804	SAMN07598212	AFS060522	Corn	core	USA: IL	2014-05-27	Microbe sample from Bacillus toyonensis		True	False	False	False	1	True	host	False	False	False	False	0		False	UNRESOLVED	Project-level metadata remains ambiguous: Host is predominantly Corn or Soybean, but isolation_source=core cannot currently be unambiguously interpreted as direct plant tissue. The same BioProject contains explicitly plant-associated root isolates as well as non-direct sources such as grainbin dust; therefore host alone is insufficient for inclusion.	unresolved_project
GCF_002571965.1	Bacillus toyonensis	155322	AFS067067	Scaffold		2017-10-17	UNC Chapel Hill	PRJNA400804	SAMN07598289	AFS067067	Corn	missing	USA: IA	2014-01-17	Microbe sample from Bacillus toyonensis		True	False	False	False	1	True	host	False	False	False	False	0		False	UNRESOLVED	Candidate metadata does not provide sufficiently explicit evidence to demonstrate direct plant association under the fixed inclusion criteria.	insufficient_metadata
GCF_002572165.1	Bacillus toyonensis	155322	AFS059543	Scaffold		2017-10-17	UNC Chapel Hill	PRJNA400804	SAMN07598194	AFS059543	Corn	missing	USA: IA	2014-01-17	Microbe sample from Bacillus toyonensis		True	False	False	False	1	True	host	False	False	False	False	0		False	UNRESOLVED	Candidate metadata does not provide sufficiently explicit evidence to demonstrate direct plant association under the fixed inclusion criteria.	insufficient_metadata
GCF_002572295.1	Bacillus toyonensis	155322	AFS066620	Scaffold		2017-10-17	UNC Chapel Hill	PRJNA400804	SAMN07598284	AFS066620	Soybean	core	USA: IA	2014-05-08	Microbe sample from Bacillus toyonensis		True	False	False	False	1	True	host	False	False	False	False	0		False	UNRESOLVED	Project-level metadata remains ambiguous: Host is predominantly Corn or Soybean, but isolation_source=core cannot currently be unambiguously interpreted as direct plant tissue. The same BioProject contains explicitly plant-associated root isolates as well as non-direct sources such as grainbin dust; therefore host alone is insufficient for inclusion.	unresolved_project
GCF_002572395.1	Bacillus toyonensis	155322	AFS062910	Scaffold		2017-10-17	UNC Chapel Hill	PRJNA400804	SAMN07598236	AFS062910	Soybean	core	USA: IA	2014-05-08	Microbe sample from Bacillus toyonensis		True	False	False	False	1	True	host	False	False	False	False	0		False	UNRESOLVED	Project-level metadata remains ambiguous: Host is predominantly Corn or Soybean, but isolation_source=core cannot currently be unambiguously interpreted as direct plant tissue. The same BioProject contains explicitly plant-associated root isolates as well as non-direct sources such as grainbin dust; therefore host alone is insufficient for inclusion.	unresolved_project
GCF_002578845.1	Bacillus toyonensis	155322	AFS058160	Scaffold		2017-10-18	UNC Chapel Hill	PRJNA400804	SAMN07598175	AFS058160	Soybean	core	USA: IA	2014-05-08	Microbe sample from Bacillus toyonensis		True	False	False	False	1	True	host	False	False	False	False	0		False	UNRESOLVED	Project-level metadata remains ambiguous: Host is predominantly Corn or Soybean, but isolation_source=core cannot currently be unambiguously interpreted as direct plant tissue. The same BioProject contains explicitly plant-associated root isolates as well as non-direct sources such as grainbin dust; therefore host alone is insufficient for inclusion.	unresolved_project
GCF_002578965.1	Bacillus toyonensis	155322	AFS057443	Scaffold		2017-10-18	UNC Chapel Hill	PRJNA400804	SAMN07598161	AFS057443	Soybean	core	USA: IA	2014-05-08	Microbe sample from Bacillus toyonensis		True	False	False	False	1	True	host	False	False	False	False	0		False	UNRESOLVED	Project-level metadata remains ambiguous: Host is predominantly Corn or Soybean, but isolation_source=core cannot currently be unambiguously interpreted as direct plant tissue. The same BioProject contains explicitly plant-associated root isolates as well as non-direct sources such as grainbin dust; therefore host alone is insufficient for inclusion.	unresolved_project
GCF_002579245.1	Bacillus toyonensis	155322	AFS056055	Scaffold		2017-10-18	UNC Chapel Hill	PRJNA400804	SAMN07598141	AFS056055	Soybean	core	USA: IA	2014-05-08	Microbe sample from Bacillus toyonensis		True	False	False	False	1	True	host	False	False	False	False	0		False	UNRESOLVED	Project-level metadata remains ambiguous: Host is predominantly Corn or Soybean, but isolation_source=core cannot currently be unambiguously interpreted as direct plant tissue. The same BioProject contains explicitly plant-associated root isolates as well as non-direct sources such as grainbin dust; therefore host alone is insufficient for inclusion.	unresolved_project
GCF_002579305.1	Bacillus toyonensis	155322	AFS055514	Scaffold		2017-10-18	UNC Chapel Hill	PRJNA400804	SAMN07598131	AFS055514	Weed	plant	USA: IN	2014-04-09	Microbe sample from Bacillus toyonensis		False	True	False	False	1	True	source	False	False	False	False	0		False	UNRESOLVED	Candidate metadata does not provide sufficiently explicit evidence to demonstrate direct plant association under the fixed inclusion criteria.	insufficient_metadata
GCF_002579355.1	Bacillus toyonensis	155322	AFS055990	Scaffold		2017-10-18	UNC Chapel Hill	PRJNA400804	SAMN07598138	AFS055990	Corn	core	USA: IL	2014-05-22	Microbe sample from Bacillus toyonensis		True	False	False	False	1	True	host	False	False	False	False	0		False	UNRESOLVED	Project-level metadata remains ambiguous: Host is predominantly Corn or Soybean, but isolation_source=core cannot currently be unambiguously interpreted as direct plant tissue. The same BioProject contains explicitly plant-associated root isolates as well as non-direct sources such as grainbin dust; therefore host alone is insufficient for inclusion.	unresolved_project
GCF_002579615.1	Bacillus toyonensis	155322	AFS055530	Scaffold		2017-10-18	UNC Chapel Hill	PRJNA400804	SAMN07598132	AFS055530	Corn	core	USA: IL	2014-05-22	Microbe sample from Bacillus toyonensis		True	False	False	False	1	True	host	False	False	False	False	0		False	UNRESOLVED	Project-level metadata remains ambiguous: Host is predominantly Corn or Soybean, but isolation_source=core cannot currently be unambiguously interpreted as direct plant tissue. The same BioProject contains explicitly plant-associated root isolates as well as non-direct sources such as grainbin dust; therefore host alone is insufficient for inclusion.	unresolved_project
GCF_002580305.1	Bacillus toyonensis	155322	AFS051208	Scaffold		2017-10-18	UNC Chapel Hill	PRJNA400804	SAMN07598069	AFS051208	Weed	plant	USA: IN	2014-04-09	Microbe sample from Bacillus toyonensis		False	True	False	False	1	True	source	False	False	False	False	0		False	UNRESOLVED	Candidate metadata does not provide sufficiently explicit evidence to demonstrate direct plant association under the fixed inclusion criteria.	insufficient_metadata
GCF_002580355.1	Bacillus toyonensis	155322	AFS051073	Scaffold		2017-10-18	UNC Chapel Hill	PRJNA400804	SAMN07598067	AFS051073	Corn	core	USA: NC	2014-04-21	Microbe sample from Bacillus toyonensis		True	False	False	False	1	True	host	False	False	False	False	0		False	UNRESOLVED	Project-level metadata remains ambiguous: Host is predominantly Corn or Soybean, but isolation_source=core cannot currently be unambiguously interpreted as direct plant tissue. The same BioProject contains explicitly plant-associated root isolates as well as non-direct sources such as grainbin dust; therefore host alone is insufficient for inclusion.	unresolved_project
GCF_002580455.1	Bacillus toyonensis	155322	AFS049391	Scaffold		2017-10-18	UNC Chapel Hill	PRJNA400804	SAMN07598049	AFS049391	Corn	core	USA: IL	2014-05-27	Microbe sample from Bacillus toyonensis		True	False	False	False	1	True	host	False	False	False	False	0		False	UNRESOLVED	Project-level metadata remains ambiguous: Host is predominantly Corn or Soybean, but isolation_source=core cannot currently be unambiguously interpreted as direct plant tissue. The same BioProject contains explicitly plant-associated root isolates as well as non-direct sources such as grainbin dust; therefore host alone is insufficient for inclusion.	unresolved_project
GCF_002580465.1	Bacillus toyonensis	155322	AFS050593	Scaffold		2017-10-18	UNC Chapel Hill	PRJNA400804	SAMN07598060	AFS050593	Corn	core	USA: IL	2014-05-27	Microbe sample from Bacillus toyonensis		True	False	False	False	1	True	host	False	False	False	False	0		False	UNRESOLVED	Project-level metadata remains ambiguous: Host is predominantly Corn or Soybean, but isolation_source=core cannot currently be unambiguously interpreted as direct plant tissue. The same BioProject contains explicitly plant-associated root isolates as well as non-direct sources such as grainbin dust; therefore host alone is insufficient for inclusion.	unresolved_project
GCF_002580725.1	Bacillus toyonensis	155322	AFS047230	Scaffold		2017-10-18	UNC Chapel Hill	PRJNA400804	SAMN07598022	AFS047230	Soybean	core	USA: IA	2014-05-08	Microbe sample from Bacillus toyonensis		True	False	False	False	1	True	host	False	False	False	False	0		False	UNRESOLVED	Project-level metadata remains ambiguous: Host is predominantly Corn or Soybean, but isolation_source=core cannot currently be unambiguously interpreted as direct plant tissue. The same BioProject contains explicitly plant-associated root isolates as well as non-direct sources such as grainbin dust; therefore host alone is insufficient for inclusion.	unresolved_project
GCF_002580865.1	Bacillus toyonensis	155322	AFS045461	Scaffold		2017-10-18	UNC Chapel Hill	PRJNA400804	SAMN07598000	AFS045461	Soybean	core	USA: IA	2014-05-08	Microbe sample from Bacillus toyonensis		True	False	False	False	1	True	host	False	False	False	False	0		False	UNRESOLVED	Project-level metadata remains ambiguous: Host is predominantly Corn or Soybean, but isolation_source=core cannot currently be unambiguously interpreted as direct plant tissue. The same BioProject contains explicitly plant-associated root isolates as well as non-direct sources such as grainbin dust; therefore host alone is insufficient for inclusion.	unresolved_project
GCF_002581275.1	Bacillus toyonensis	155322	AFS051123	Scaffold		2017-10-18	UNC Chapel Hill	PRJNA400804	SAMN07598068	AFS051123	Wheat	plant	USA: NC	2014-03-31	Microbe sample from Bacillus toyonensis		True	True	False	False	2	True	host;source	False	False	False	False	0		False	UNRESOLVED	Candidate metadata does not provide sufficiently explicit evidence to demonstrate direct plant association under the fixed inclusion criteria.	insufficient_metadata
GCF_002581325.1	Bacillus toyonensis	155322	AFS049861	Scaffold		2017-10-18	UNC Chapel Hill	PRJNA400804	SAMN07598054	AFS049861	Wheat	plant	USA: NC	2014-04-07	Microbe sample from Bacillus toyonensis		True	True	False	False	2	True	host;source	False	False	False	False	0		False	UNRESOLVED	Candidate metadata does not provide sufficiently explicit evidence to demonstrate direct plant association under the fixed inclusion criteria.	insufficient_metadata
GCF_002581455.1	Bacillus toyonensis	155322	AFS049517	Scaffold		2017-10-18	UNC Chapel Hill	PRJNA400804	SAMN07598050	AFS049517	Corn	core	USA: IL	2014-05-22	Microbe sample from Bacillus toyonensis		True	False	False	False	1	True	host	False	False	False	False	0		False	UNRESOLVED	Project-level metadata remains ambiguous: Host is predominantly Corn or Soybean, but isolation_source=core cannot currently be unambiguously interpreted as direct plant tissue. The same BioProject contains explicitly plant-associated root isolates as well as non-direct sources such as grainbin dust; therefore host alone is insufficient for inclusion.	unresolved_project
GCF_002581485.1	Bacillus toyonensis	155322	AFS045990	Scaffold		2017-10-18	UNC Chapel Hill	PRJNA400804	SAMN07598011	AFS045990	Corn	missing	USA: IA	2014-01-17	Microbe sample from Bacillus toyonensis		True	False	False	False	1	True	host	False	False	False	False	0		False	UNRESOLVED	Candidate metadata does not provide sufficiently explicit evidence to demonstrate direct plant association under the fixed inclusion criteria.	insufficient_metadata
GCF_002581765.1	Bacillus toyonensis	155322	AFS042818	Scaffold		2017-10-18	UNC Chapel Hill	PRJNA400804	SAMN07597961	AFS042818		plant	USA: NC	2014-04-09	Microbe sample from Bacillus toyonensis		False	True	False	False	1	True	source	False	False	False	False	0		False	UNRESOLVED	Candidate metadata does not provide sufficiently explicit evidence to demonstrate direct plant association under the fixed inclusion criteria.	insufficient_metadata
GCF_002583715.1	Bacillus toyonensis	155322	AFS038153	Scaffold		2017-10-18	UNC Chapel Hill	PRJNA400804	SAMN07597895	AFS038153		plant core	USA: NC	2014-05-06	Microbe sample from Bacillus toyonensis		False	True	False	False	1	True	source	False	False	False	False	0		False	UNRESOLVED	Candidate metadata does not provide sufficiently explicit evidence to demonstrate direct plant association under the fixed inclusion criteria.	insufficient_metadata
GCF_002585135.1	Bacillus toyonensis	155322	AFS039264	Scaffold		2017-10-18	UNC Chapel Hill	PRJNA400804	SAMN07597904	AFS039264	Soybean	core	USA: IA	2014-05-08	Microbe sample from Bacillus toyonensis		True	False	False	False	1	True	host	False	False	False	False	0		False	UNRESOLVED	Project-level metadata remains ambiguous: Host is predominantly Corn or Soybean, but isolation_source=core cannot currently be unambiguously interpreted as direct plant tissue. The same BioProject contains explicitly plant-associated root isolates as well as non-direct sources such as grainbin dust; therefore host alone is insufficient for inclusion.	unresolved_project
GCF_002588635.1	Bacillus toyonensis	155322	AFS034981	Scaffold		2017-10-18	UNC Chapel Hill	PRJNA400804	SAMN07597865	AFS034981	Corn	core	USA: IL	2014-05-22	Microbe sample from Bacillus toyonensis		True	False	False	False	1	True	host	False	False	False	False	0		False	UNRESOLVED	Project-level metadata remains ambiguous: Host is predominantly Corn or Soybean, but isolation_source=core cannot currently be unambiguously interpreted as direct plant tissue. The same BioProject contains explicitly plant-associated root isolates as well as non-direct sources such as grainbin dust; therefore host alone is insufficient for inclusion.	unresolved_project
GCF_002588905.1	Bacillus toyonensis	155322	AFS032918	Scaffold		2017-10-18	UNC Chapel Hill	PRJNA400804	SAMN07597833	AFS032918		plant core	USA: NC	2014-04-21	Microbe sample from Bacillus toyonensis		False	True	False	False	1	True	source	False	False	False	False	0		False	UNRESOLVED	Candidate metadata does not provide sufficiently explicit evidence to demonstrate direct plant association under the fixed inclusion criteria.	insufficient_metadata
GCF_002589255.1	Bacillus toyonensis	155322	AFS031162	Scaffold		2017-10-18	UNC Chapel Hill	PRJNA400804	SAMN07597810	AFS031162	Corn	core	USA: IL	2014-05-22	Microbe sample from Bacillus toyonensis		True	False	False	False	1	True	host	False	False	False	False	0		False	UNRESOLVED	Project-level metadata remains ambiguous: Host is predominantly Corn or Soybean, but isolation_source=core cannot currently be unambiguously interpreted as direct plant tissue. The same BioProject contains explicitly plant-associated root isolates as well as non-direct sources such as grainbin dust; therefore host alone is insufficient for inclusion.	unresolved_project
GCF_002589375.1	Bacillus toyonensis	155322	AFS030602	Scaffold		2017-10-18	UNC Chapel Hill	PRJNA400804	SAMN07597800	AFS030602	Tomato	plant	USA: NC	2014-01-14	Microbe sample from Bacillus toyonensis		True	True	False	False	2	True	host;source	False	False	False	False	0		False	UNRESOLVED	Candidate metadata does not provide sufficiently explicit evidence to demonstrate direct plant association under the fixed inclusion criteria.	insufficient_metadata
GCF_002589595.1	Bacillus toyonensis	155322	AFS033477	Scaffold		2017-10-18	UNC Chapel Hill	PRJNA400804	SAMN07597844	AFS033477	Corn	core	USA: NC	2014-04-30	Microbe sample from Bacillus toyonensis		True	False	False	False	1	True	host	False	False	False	False	0		False	UNRESOLVED	Project-level metadata remains ambiguous: Host is predominantly Corn or Soybean, but isolation_source=core cannot currently be unambiguously interpreted as direct plant tissue. The same BioProject contains explicitly plant-associated root isolates as well as non-direct sources such as grainbin dust; therefore host alone is insufficient for inclusion.	unresolved_project
GCF_002589605.1	Bacillus toyonensis	155322	AFS033493	Scaffold		2017-10-18	UNC Chapel Hill	PRJNA400804	SAMN07597845	AFS033493	Corn	core	USA: IL	2014-05-22	Microbe sample from Bacillus toyonensis		True	False	False	False	1	True	host	False	False	False	False	0		False	UNRESOLVED	Project-level metadata remains ambiguous: Host is predominantly Corn or Soybean, but isolation_source=core cannot currently be unambiguously interpreted as direct plant tissue. The same BioProject contains explicitly plant-associated root isolates as well as non-direct sources such as grainbin dust; therefore host alone is insufficient for inclusion.	unresolved_project
GCF_024919115.1	Bacillus toyonensis	155322	DC11	Complete Genome		2022-09-04	University of Copenhagen	PRJNA872910	SAMN30473217	DC11		Commercial plant nursery	Viet Nam: Da Lat	2016	Microbe sample from Bacillus toyonensis		False	True	False	False	1	True	source	False	False	False	False	0		False	UNRESOLVED	Candidate metadata does not provide sufficiently explicit evidence to demonstrate direct plant association under the fixed inclusion criteria.	insufficient_metadata
GCF_028765035.1	Bacillus toyonensis	155322	AA1EC1	Contig		2023-02-21	University of Granada	PRJNA935526	SAMN33319961	AA1EC1	Arthrocaulon sp.	Aerial part of plant	Spain: El Saladar del Margen, Cullar, Granada	2014	Microbe sample from Bacillus toyonensis		False	True	False	False	1	True	source	False	False	False	False	0		False	UNRESOLVED	Candidate metadata does not provide sufficiently explicit evidence to demonstrate direct plant association under the fixed inclusion criteria.	insufficient_metadata
GCF_054063015.1	Bacillus toyonensis	155322	TE6284	Contig		2025-12-17	DOE Joint Genome Institute	PRJNA1353966	SAMN52938756	TE6284	not applicable		USA: Bloomington, Illinois	missing	Bacillus toyonensis TE6284	Genome sequencing of secondary metabolite-producing environmental bacteria isolated from Tiny Earth (TE), a worldwide network that is aiming to crowdsource antimicrobial discovery for the control of plant pathogens using college students as the workforce.	False	False	False	True	1	True	comment	False	False	False	False	0		False	UNRESOLVED	Candidate metadata does not provide sufficiently explicit evidence to demonstrate direct plant association under the fixed inclusion criteria.	insufficient_metadata
GCF_037623965.1	Bacillus tropicus	2026188	y165	Scaffold		2024-03-26	Fujian Normal University	PRJNA1057537	SAMN39136393	y165	tomato		China	2016-07-25	Microbe sample from Bacillus tropicus		True	False	False	False	1	True	host	False	False	False	False	0		False	UNRESOLVED	Candidate metadata does not provide sufficiently explicit evidence to demonstrate direct plant association under the fixed inclusion criteria.	insufficient_metadata
GCF_037624085.1	Bacillus tropicus	2026188	mr31	Scaffold		2024-03-26	Fujian Normal University	PRJNA1057537	SAMN39136390	mr31	tomato		China	2016-07-22	Microbe sample from Bacillus tropicus		True	False	False	False	1	True	host	False	False	False	False	0		False	UNRESOLVED	Candidate metadata does not provide sufficiently explicit evidence to demonstrate direct plant association under the fixed inclusion criteria.	insufficient_metadata
GCF_056237735.1	Bacillus tropicus	2026188	Wheat6	Complete Genome		2026-03-23	South Dakota State University	PRJNA1303681	SAMN50521510	Wheat6	wheat	soil	USA: Brookings, South Dakota	2024-04-17	Wheat6_sample_6		True	False	False	False	1	True	host	False	False	False	False	0		False	UNRESOLVED	Candidate metadata does not provide sufficiently explicit evidence to demonstrate direct plant association under the fixed inclusion criteria.	insufficient_metadata
GCF_000769555.1	Bacillus velezensis	492670	JS25R	Complete Genome		2014-10-28	Institute of Agro-products Processing Science and Technology, Chinese Academy of Agricultural Sciences	PRJNA263650	SAMN03104819	JS25R	wheat		China: Yancheng, Jiangsu Province	2012-06-25	Bacillus methylotrophicus JS25R from wheat	Keywords: GSC:MIxS;MIGS:6.0	True	False	True	False	2	True	host;title	False	False	False	False	0		False	UNRESOLVED	Candidate metadata does not provide sufficiently explicit evidence to demonstrate direct plant association under the fixed inclusion criteria.	insufficient_metadata
GCF_000934885.1	Bacillus velezensis	492670	GR4-5	Contig		2015-02-26	National Academy of Agricultural Science, RDA	PRJNA248940	SAMN02808187	GR4-5		soil	South Korea: Gangwon	2012-05-30	Microbe sample from Bacillus velezensis	Bacterial strain possessing antifungal activity against ginseng root rot pathogens	False	False	False	True	1	True	comment	False	False	False	True	1	comment	True	UNRESOLVED	Candidate metadata does not provide sufficiently explicit evidence to demonstrate direct plant association under the fixed inclusion criteria.	insufficient_metadata
GCF_001639945.1	Bacillus velezensis	492670	K26	Scaffold		2016-04-28	Incheon National University	PRJDB4685	SAMD00050900	K26			South Korea: Incheon	missing	Bacillus methylotrophicus K26 isolated from soybean paste	Keywords: GSC:MIxS;MIGS:6.0	False	False	True	False	1	True	title	False	False	False	False	0		False	UNRESOLVED	Candidate metadata does not provide sufficiently explicit evidence to demonstrate direct plant association under the fixed inclusion criteria.	insufficient_metadata
GCF_001687745.1	Bacillus velezensis	492670	LS69	Complete Genome		2016-07-20	State Key Laboratory of Agricultural Microbiology, Huazhong Agricultural University	PRJNA322716	SAMN05172932	LS69		isolated from the rice field	China:Lichuan,field at the foot of the hill	2015-02-16	Bacillus methylotrophicus LS69 isolated from the field		False	True	False	False	1	True	source	False	False	False	False	0		False	UNRESOLVED	Candidate metadata does not provide sufficiently explicit evidence to demonstrate direct plant association under the fixed inclusion criteria.	insufficient_metadata
GCF_001723585.1	Bacillus velezensis	492670	M75	Complete Genome		2016-09-13	National Institute of Agricultural Sciences	PRJNA327161	SAMN05323145	M75		environment sample from cotton waste for mushroom cultivation	Korea: cotton waste cultivated with mushroom in agricultural sites	2015-07	Microbe sample from Bacillus velezensis		False	True	False	False	1	True	source	False	False	False	False	0		False	UNRESOLVED	Candidate metadata does not provide sufficiently explicit evidence to demonstrate direct plant association under the fixed inclusion criteria.	insufficient_metadata
GCF_001857985.1	Bacillus velezensis	492670	9912D	Complete Genome		2016-10-31	Institute of Applied Ecology, Chinese Academy of Sciences	PRJNA349795	SAMN05517979	9912D		sediment sample from the Liaodong Bay of the Bohai Sea	China	1998	Bacillus methylotrophicus 9912D, a novel commercial biological fungicide bacterium	The strain 9912 was isolated from a sediment sample from the Liaodong Bay of the Bohai Sea and was screened with a strong inhibitory effect on various fungal phytopathogens. Mutant 9912D for industrial production was derived from the wild strain 9912 after series of chemical and physical mutagen treatment.This mutant can easily colonize in plant rhizosphere at high population density. It produce a wealth of bioactive compounds, particularly antimicrobial lipopeptides and show high efficient in preventing airborne and soil-borne diseases of plants. Recently, 9912D as a new biopesticide formulation derived from Bacillus methylotrophicus species was approved by the Ministry of Agriculture of the People's Republic of China.	False	False	False	True	1	True	comment	False	False	False	True	1	comment	True	UNRESOLVED	Candidate metadata does not provide sufficiently explicit evidence to demonstrate direct plant association under the fixed inclusion criteria.	insufficient_metadata
GCF_002005345.1	Bacillus velezensis	492670	GH1-13	Complete Genome		2017-02-21	National Institute of Agricultural Sciences	PRJNA359634	SAMN06196402	GH1-13		rice paddy soil	Korea: Goheung	2014-04	Microbe sample from Bacillus velezensis isolated from a rice paddy soil	Keywords: GSC:MIxS;MIGS:6.0	False	True	True	False	2	True	source;title	False	False	False	False	0		False	UNRESOLVED	Candidate metadata does not provide sufficiently explicit evidence to demonstrate direct plant association under the fixed inclusion criteria.	insufficient_metadata
GCF_002071595.1	Bacillus velezensis	492670	2A-2B	Contig		2017-03-22	Laboratorio de Secuenciación, Unidad Ciencias Biológicas, Universidad Autonoma de Zacatecas.	PRJNA343056	SAMN05772828	2A-2B	wild plant	soil	Mexico: Santo Domingo, San Luis Potosi	2013	2A-2B Cultured Bacterial sample from Bacillus sp.	Keywords: GSC:MIxS;MIGS:6.0	True	False	False	False	1	True	host	False	False	False	False	0		False	UNRESOLVED	Candidate metadata does not provide sufficiently explicit evidence to demonstrate direct plant association under the fixed inclusion criteria.	insufficient_metadata
GCF_002165455.1	Bacillus velezensis	492670	GB1	Scaffold		2017-06-02	Chinese Academy of Agricultural Sciences	PRJNA291327	SAMN03951123	GB1	cucumber		China: Xingcheng	2014-09-01	MIGS Cultured Bacterial/Archaeal sample from Bacillus velezensis	Keywords: GSC:MIxS;MIGS:6.0	True	False	False	False	1	True	host	False	False	False	False	0		False	UNRESOLVED	Candidate metadata does not provide sufficiently explicit evidence to demonstrate direct plant association under the fixed inclusion criteria.	insufficient_metadata
GCF_002269705.1	Bacillus velezensis	492670	3A-25B	Contig		2017-08-25	Laboratorio de Secuenciación, Unidad Ciencias Biológicas, Universidad Autonoma de Zacatecas.	PRJNA343056	SAMN05846289	3A-25B		soil	Mexico: Zacatecas, Morelos	2012-05-11	Soil and rhyzosphere bacteria isolates antagonistic to pepper root pathogens_1	Keywords: GSC:MIxS;MIGS:6.0	False	False	True	False	1	True	title	False	False	True	False	1	title	True	UNRESOLVED	Candidate metadata does not provide sufficiently explicit evidence to demonstrate direct plant association under the fixed inclusion criteria.	insufficient_metadata
GCF_002916875.1	Bacillus velezensis	492670	B6	Scaffold		2018-02-05	Chinese Academy of Agriculture Science	PRJNA380153	SAMN06628691	B6	not applicable	soil used for soybean agriculture	China: Heilongjiang, Harbin	2005	Microbe sample from Bacillus velezensis		False	True	False	False	1	True	source	False	False	False	False	0		False	UNRESOLVED	Candidate metadata does not provide sufficiently explicit evidence to demonstrate direct plant association under the fixed inclusion criteria.	insufficient_metadata
GCF_003071465.1	Bacillus velezensis	492670	GYL4	Complete Genome		2018-04-25	Korea University	PRJNA383090	SAMN06759344	GYL4		Pepper plant	Korea: Gwangyang Province	2015-03-02	Bacillus amyloliquefaciens strain GYL4 isolated from pepper plant		False	True	True	False	2	True	source;title	False	False	False	False	0		False	UNRESOLVED	Candidate metadata does not provide sufficiently explicit evidence to demonstrate direct plant association under the fixed inclusion criteria.	insufficient_metadata
GCF_003390415.1	Bacillus velezensis	492670	B-4	Complete Genome		2018-08-15	Hunan Agricultural Biotechnology Research Institute	PRJNA484100	SAMN09759669	B-4	plant		China	2018-05	Microbe sample from Bacillus velezensis		True	False	False	False	1	True	host	False	False	False	False	0		False	UNRESOLVED	Candidate metadata does not provide sufficiently explicit evidence to demonstrate direct plant association under the fixed inclusion criteria.	insufficient_metadata
GCF_003555525.1	Bacillus velezensis	492670	ZF2	Complete Genome		2018-09-13	Chinese Academy of Agricultural Sciences	PRJNA489737	SAMN09988106	ZF2	cucumber		China:Beijing	2017-11	MIGS Cultured Bacterial/Archaeal sample from Bacillus velezensis	Keywords: GSC:MIxS;MIGS:6.0	True	False	False	False	1	True	host	False	False	False	False	0		False	UNRESOLVED	Candidate metadata does not provide sufficiently explicit evidence to demonstrate direct plant association under the fixed inclusion criteria.	insufficient_metadata
GCF_004101805.1	Bacillus velezensis	492670	83	Complete Genome		2019-01-22	Instituto de Biotecnologia UNAM	PRJNA497887	SAMN10268423	83	plants	Mango Ochard	Mexico: Sinaloa	2000	Bacillus velezensis 83	Bacillus velezensis 83 isolated strain of mango leaves in Sinaloa, Mexico. The strain is available from Belgian Co-ordinated Collection of Micro-organisms (BCCM) under the accession number LMG S-30921.	True	False	False	True	2	True	host;comment	False	False	False	True	1	comment	True	UNRESOLVED	Candidate metadata does not provide sufficiently explicit evidence to demonstrate direct plant association under the fixed inclusion criteria.	insufficient_metadata
GCF_004118065.1	Bacillus velezensis	492670	A6	Contig		2019-01-29	University of Agricultural Sciences	PRJNA352539	SAMN05982127	A6	Oryza sativa		India:V.C. Farm	2014-08	Isolation of biocontrol agents from Rice	Keywords: GSC:MIxS;MIGS:6.0	False	False	True	False	1	True	title	False	False	False	False	0		False	UNRESOLVED	Candidate metadata does not provide sufficiently explicit evidence to demonstrate direct plant association under the fixed inclusion criteria.	insufficient_metadata
GCF_006489235.1	Bacillus velezensis	492670	UCMB5044	Complete Genome		2019-06-26	University of Pretoria	PRJNA548267	SAMN12015793	UCMB5044		inner tissues of cotton plant (Gossypium sp.)	Tajikistan: Dushanbe	1990-09-30	Microbe sample from Bacillus velezensis	Culture was isolated from surface sterilized stem of cotton plant (Gossypium sp.). Plant growth promoting and plant protective bacterium. Specific isolate for arid regions.	False	True	False	True	2	True	source;comment	False	False	False	True	1	comment	True	UNRESOLVED	Candidate metadata does not provide sufficiently explicit evidence to demonstrate direct plant association under the fixed inclusion criteria.	insufficient_metadata
GCF_009663035.1	Bacillus velezensis	492670	AL7	Complete Genome		2019-11-14	China Agricultural University	PRJNA588160	SAMN13229277	AL7	cotton		China: Xinjiang Province	2008-10-01	Microbe sample from Bacillus velezensis		True	False	False	False	1	True	host	False	False	False	False	0		False	UNRESOLVED	Candidate metadata does not provide sufficiently explicit evidence to demonstrate direct plant association under the fixed inclusion criteria.	insufficient_metadata
GCF_013284585.1	Bacillus velezensis	492670	DP2.2B	Contig		2020-06-07	ENDOBICA	PRJNA634777	SAMN15006958	DP2.2B		soil from tomato plant	Viet Nam: Dan Phong, Ha Noi	2019-04-23	Microbe sample from Bacillus velezensis		False	True	False	False	1	True	source	False	False	False	False	0		False	UNRESOLVED	Candidate metadata does not provide sufficiently explicit evidence to demonstrate direct plant association under the fixed inclusion criteria.	insufficient_metadata
GCF_013284635.1	Bacillus velezensis	492670	DP1.3B	Contig		2020-06-07	ENDOBICA	PRJNA634811	SAMN15009502	DP1.3B		soil from tomato plant	Viet Nam: Dan Phong, Ha Noi	2019-04-23	Microbe sample from Bacillus velezensis		False	True	False	False	1	True	source	False	False	False	False	0		False	UNRESOLVED	Candidate metadata does not provide sufficiently explicit evidence to demonstrate direct plant association under the fixed inclusion criteria.	insufficient_metadata
GCF_013284685.1	Bacillus velezensis	492670	HD1.1	Contig		2020-06-07	ENDOBICA	PRJNA634814	SAMN15009582	HD1.1		soil from tomato plant	Viet Nam: Hoai Duc, Ha Noi	2019-04-23	Microbe sample from Bacillus velezensis		False	True	False	False	1	True	source	False	False	False	False	0		False	UNRESOLVED	Candidate metadata does not provide sufficiently explicit evidence to demonstrate direct plant association under the fixed inclusion criteria.	insufficient_metadata
GCF_013284695.1	Bacillus velezensis	492670	HD2.5	Contig		2020-06-07	ENDOBICA	PRJNA634813	SAMN15009581	HD2.5		soil from tomato plant	Viet Nam: Hoai Duc, Ha Noi	2019-04-23	Microbe sample from Bacillus velezensis		False	True	False	False	1	True	source	False	False	False	False	0		False	UNRESOLVED	Candidate metadata does not provide sufficiently explicit evidence to demonstrate direct plant association under the fixed inclusion criteria.	insufficient_metadata
GCF_014358035.1	Bacillus velezensis	492670	YB-130	Complete Genome		2020-09-01	Henan Academy of Agricultural Sciences	PRJNA638177	SAMN15166088	YB-130	WHEAT	wheat field	China: Xihua County Agricultural Science Institute, Henan Province	2019-05-21	Bacillus velezensis YB-130 isolated from surface sterilized wheat spikes with scab symptoms	Keywords: GSC:MIxS;MIGS:6.0	True	True	True	False	3	True	host;source;title	False	False	False	False	0		False	UNRESOLVED	Candidate metadata does not provide sufficiently explicit evidence to demonstrate direct plant association under the fixed inclusion criteria.	insufficient_metadata
GCF_017948225.1	Bacillus velezensis	492670	VY03	Complete Genome		2021-04-14	Institute of Microbiology and Biotechnology, Vietnam National University, Hanoi	PRJNA719969	SAMN18629023	VY03	Oryza sativa L.	Submerged rice field in Hong river delta in northern Vietnam	Viet Nam: Thai Binh	2018-05	MIGS Cultured Bacterial/Archaeal sample from Bacillus velezensis	Keywords: GSC:MIxS;MIGS:6.0	False	True	False	False	1	True	source	False	False	False	False	0		False	UNRESOLVED	Candidate metadata does not provide sufficiently explicit evidence to demonstrate direct plant association under the fixed inclusion criteria.	insufficient_metadata
GCF_018143035.1	Bacillus velezensis	492670	B1020	Scaffold		2021-04-26	Chinese Academy of Agriculture Science	PRJNA380153	SAMN06628692	B1020	not applicable	soil used for soybean agriculture	China: Heilongjiang, Harbin	2005	Microbe sample from Bacillus velezensis		False	True	False	False	1	True	source	False	False	False	False	0		False	UNRESOLVED	Candidate metadata does not provide sufficiently explicit evidence to demonstrate direct plant association under the fixed inclusion criteria.	insufficient_metadata
GCF_019336145.1	Bacillus velezensis	492670	BIK2	Contig		2021-07-25	ICAR Indian Institute of Rice Research	PRJNA744701	SAMN19006116	BIK2	rice	missing	India: Nalgonda	2019-08-16	Microbe sample from Bacillus velezensis		True	False	False	False	1	True	host	False	False	False	False	0		False	UNRESOLVED	Candidate metadata does not provide sufficiently explicit evidence to demonstrate direct plant association under the fixed inclusion criteria.	insufficient_metadata
GCF_019458545.1	Bacillus velezensis	492670	MEJ05	Contig		2021-08-08	Hubei university	PRJNA751569	SAMN20521759	MEJ05	wheat		China	2019-05-20	MIGS Cultured Bacterial/Archaeal sample from Bacillus velezensis	Keywords: GSC:MIxS;MIGS:6.0	True	False	False	False	1	True	host	False	False	False	False	0		False	UNRESOLVED	Candidate metadata does not provide sufficiently explicit evidence to demonstrate direct plant association under the fixed inclusion criteria.	insufficient_metadata
GCF_021397795.1	Bacillus velezensis	492670	BR-01	Complete Genome		2022-01-10	Guangxi University	PRJNA792055	SAMN24375058	BR-01		Bolbostemmatis Rhizoma	China:Guangxi	2020-12-01	Bacillus velezensis BR-01 isolated from Bolbostemmatis Rhizoma		False	True	True	False	2	True	source;title	False	False	False	False	0		False	UNRESOLVED	Candidate metadata does not provide sufficiently explicit evidence to demonstrate direct plant association under the fixed inclusion criteria.	insufficient_metadata
GCF_023278305.1	Bacillus velezensis	492670	SC60	Complete Genome		2022-05-09	Yantai Institute of Coastal Zone Research,Chinese Academy of Sciences	PRJNA716758	SAMN18451302	SC60		plant	China: shandong	2018-10-01	Microbe sample from Bacillus velezensis		False	True	False	False	1	True	source	False	False	False	False	0		False	UNRESOLVED	Candidate metadata does not provide sufficiently explicit evidence to demonstrate direct plant association under the fixed inclusion criteria.	insufficient_metadata
GCF_023516175.1	Bacillus velezensis	492670	GUCC45	Complete Genome		2022-05-22	Guizhou University	PRJNA837386	SAMN28200418	GUCC45	tobacco		China: Anshun	2021-08-08	Microbe sample from Bacillus velezensis		True	False	False	False	1	True	host	False	False	False	False	0		False	UNRESOLVED	Candidate metadata does not provide sufficiently explicit evidence to demonstrate direct plant association under the fixed inclusion criteria.	insufficient_metadata
GCF_023586825.4	Bacillus velezensis	492670	V 3.14	Complete Genome		2022-05-30	Agrofirma Urozhaynaya LLC	PRJNA806727	SAMN25898145	V 3.14		Rizosphere soil sample	Russia: Krasnodar region	2017-07	Fusarium antagonist bacteria Bacillus velezensis V 3.14	This strain exhibited high antagonistic activity against Fusarium graminearum and Fusarium oxysporum strains, which have been isolated from infected plant residues collected on the Krasnodar region territory.	False	False	False	True	1	True	comment	False	False	False	False	0		False	UNRESOLVED	Candidate metadata does not provide sufficiently explicit evidence to demonstrate direct plant association under the fixed inclusion criteria.	insufficient_metadata
GCF_023586845.4	Bacillus velezensis	492670	R 4.6	Complete Genome		2022-05-30	Agrofirma Urozhaynaya LLC	PRJNA806727	SAMN25898146	R 4.6		Rizosphere soil sample	Russia: Krasnodar region	2017-07	Fusarium antagonist bacteria Bacillus velezensis R 4.6	This strain exhibited high antagonistic activity against Fusarium graminearum and Fusarium oxysporum strains, which have been isolated from infected plant residues collected on the Krasnodar region territory.	False	False	False	True	1	True	comment	False	False	False	False	0		False	UNRESOLVED	Candidate metadata does not provide sufficiently explicit evidence to demonstrate direct plant association under the fixed inclusion criteria.	insufficient_metadata
GCF_024408125.1	Bacillus velezensis	492670	906	Complete Genome		2022-07-25	Huazhong Agricultural University	PRJNA859771	SAMN29794660	906		rice	China:Wuhan	2012	Microbe sample from Bacillus velezensis		False	True	False	False	1	True	source	False	False	False	False	0		False	UNRESOLVED	Candidate metadata does not provide sufficiently explicit evidence to demonstrate direct plant association under the fixed inclusion criteria.	insufficient_metadata
GCF_024508215.1	Bacillus velezensis	492670	Ba-0321	Complete Genome		2022-08-03	Henan Academy of Agricultural Sciences	PRJNA862273	SAMN29961780	Ba-0321	tobacco	soil	China:Xuchang city, Henan province	2020-05-20	Microbe sample from Bacillus velezensis		True	False	False	False	1	True	host	False	False	False	False	0		False	UNRESOLVED	Candidate metadata does not provide sufficiently explicit evidence to demonstrate direct plant association under the fixed inclusion criteria.	insufficient_metadata
GCF_024734115.1	Bacillus velezensis	492670	YS-AT-DS1	Complete Genome		2022-08-23	Northeast Institute of geography and AGgroecology, Chinese Academy of Sciences	PRJNA869689	SAMN30313915	YS-AT-DS1	missing	tidal flat	China:Dongying City,Shandong Province	missing	Bacillus velezensis YS-AT-DS1	Root-knot nematodes (RKNs; Meloidogyne spp.), as one of the most economically important plant-parasitic nematodes (PPNs), cause severe yield and quality losses in agriculture annually. Application of beneficial rhizobacterium like Bacillus genus is an environmental-safely and effective alternative to control RKNs. Here, we isolated a Bacillus velezensis strain YS-AT-DS1 (Bv-DS1) from the tidal soil. In vitro laboratory assays indicated that Bv-DS1 displayed the obvious antifugal activities against Rhizoctonia solani, Fusarium avenaceum and Fusarium graminearum, as well as the nematicidal activity against Meloidogyne incognita. Thus, Bv-DS1 strain could be used to exploit a biocontrol agent for RKN control in sustainable agriculture.	False	False	False	True	1	True	comment	False	False	False	True	1	comment	True	UNRESOLVED	Candidate metadata does not provide sufficiently explicit evidence to demonstrate direct plant association under the fixed inclusion criteria.	insufficient_metadata
GCF_024734625.1	Bacillus velezensis	492670	ZN-S10	Complete Genome		2022-08-24	Zhejiang A&F University	PRJNA870650	SAMN30381276	ZN-S10		tomato	China:Zhejiang	2020	Microbe sample from Bacillus velezensis		False	True	False	False	1	True	source	False	False	False	False	0		False	UNRESOLVED	Candidate metadata does not provide sufficiently explicit evidence to demonstrate direct plant association under the fixed inclusion criteria.	insufficient_metadata
GCF_024919095.1	Bacillus velezensis	492670	DA4	Complete Genome		2022-09-04	University of Copenhagen	PRJNA872910	SAMN30473216	DA4		Commercial plant nursery	Viet Nam: Da Lat	2016	Microbe sample from Bacillus velezensis		False	True	False	False	1	True	source	False	False	False	False	0		False	UNRESOLVED	Candidate metadata does not provide sufficiently explicit evidence to demonstrate direct plant association under the fixed inclusion criteria.	insufficient_metadata
GCF_026066495.1	Bacillus velezensis	492670	ZB87-1/2	Contig		2022-11-08	Zytex Biotech Pvt. Ltd.	PRJNA752703	SAMN20605961	ZB87-1/2		Garden soil	India: Maharashtra	2013-09	Bacillus subtilis ZB87-1/2	Plant growth-promoting strain with antifungal properties. Suitable for application as an agricultural input.	False	False	False	True	1	True	comment	False	False	False	False	0		False	UNRESOLVED	Candidate metadata does not provide sufficiently explicit evidence to demonstrate direct plant association under the fixed inclusion criteria.	insufficient_metadata
GCF_027594525.1	Bacillus velezensis	492670	MBLB 0692	Complete Genome		2023-01-09	Korea Atomic Energy Research Institute	PRJNA914851	SAMN32359140	MBLB 0692	Cucumis sativus	pickled cucumber	South Korea: Incheon	2015	Microbe sample from Bacillus amyloliquefaciens MBLB0692	Strain MBLB0692 was isolated from pickled cucumber. Strain MBLB 0692 was cultivated on TSB at 30 degrees Celsius for 2 days. This strain exhibited strong laccase and esterase activity	False	True	False	True	2	True	source;comment	False	False	False	False	0		False	UNRESOLVED	Candidate metadata does not provide sufficiently explicit evidence to demonstrate direct plant association under the fixed inclusion criteria.	insufficient_metadata
GCF_028609625.1	Bacillus velezensis	492670	DMW1	Complete Genome		2023-02-13	Nanjing Agricultural University	PRJNA832574	SAMN27867980	DMW1	Potato tuber		China: Nanjing	2019-10	Microbe sample from Bacillus velezensis		True	False	False	False	1	True	host	False	False	False	False	0		False	UNRESOLVED	Candidate metadata does not provide sufficiently explicit evidence to demonstrate direct plant association under the fixed inclusion criteria.	insufficient_metadata
GCF_029193855.1	Bacillus velezensis	492670	6W1	Scaffold		2023-03-13	Jiangsu Academy of Agricultural Sciences	PRJNA942045	SAMN33633368	6W1	wheat		China: Nanjing	2021-11-02	Microbe sample from Bacillus velezensis	Wheat-associated antagonistic bacteria exerts biocontrol activity against fungal growth and deoxynivalenol production in Fusarium graminearum	True	False	False	True	2	True	host;comment	False	False	False	False	0		False	UNRESOLVED	Candidate metadata does not provide sufficiently explicit evidence to demonstrate direct plant association under the fixed inclusion criteria.	insufficient_metadata
GCF_029537215.1	Bacillus velezensis	492670	LQ-3	Complete Genome		2023-04-02	Shanxi Agricultural University	PRJNA944835	SAMN33764263	LQ-3	Wheat		not applicable	2018-06-10	Microbe sample from Bacillus velezensis		True	False	False	False	1	True	host	False	False	False	False	0		False	UNRESOLVED	Candidate metadata does not provide sufficiently explicit evidence to demonstrate direct plant association under the fixed inclusion criteria.	insufficient_metadata
GCF_029589045.1	Bacillus velezensis	492670	F2-14	Contig		2023-04-04	Chinese Academy of Tropical Agricultural Sciences	PRJNA950189	SAMN33977572	F2-14	banana	soil	China: Hainan Province	2022-01	Microbe sample from Bacillus velezensis		True	False	False	False	1	True	host	False	False	False	False	0		False	UNRESOLVED	Candidate metadata does not provide sufficiently explicit evidence to demonstrate direct plant association under the fixed inclusion criteria.	insufficient_metadata
GCF_029888065.1	Bacillus velezensis	492670	P3.3S	Contig		2023-04-26	University Alexandru Ioan Cuza of Iasi	PRJNA957966	SAMN34275988	P3.3S	Zea mays	rhizosperic soil	Romania: Iasi	2018-12-11	Bacillus velezensis P3.3S isolated from Zea mays rhizospheric soil	Keywords: GSC:MIxS;MIGS:6.0	False	True	True	False	2	True	source;title	False	False	True	False	1	title	True	UNRESOLVED	Candidate metadata does not provide sufficiently explicit evidence to demonstrate direct plant association under the fixed inclusion criteria.	insufficient_metadata
GCF_030127405.1	Bacillus velezensis	492670	B31	Complete Genome		2023-05-30	Hebei Academy of Agricultural and Forestry Sciences	PRJNA974370	SAMN35178262	B31	tomato		China: Handan	2020-10-20	Microbe sample from Bacillus velezensis		True	False	False	False	1	True	host	False	False	False	False	0		False	UNRESOLVED	Candidate metadata does not provide sufficiently explicit evidence to demonstrate direct plant association under the fixed inclusion criteria.	insufficient_metadata
GCF_031851705.1	Bacillus velezensis	492670	B5	Complete Genome		2023-09-24	zhejiang Gongshang University	PRJNA1016290	SAMN37377067	B5	Rice		China:hangzhou	2023-03-23	Microbe sample from Bacillus velezensis		True	False	False	False	1	True	host	False	False	False	False	0		False	UNRESOLVED	Candidate metadata does not provide sufficiently explicit evidence to demonstrate direct plant association under the fixed inclusion criteria.	insufficient_metadata
GCF_034554755.1	Bacillus velezensis	492670	WN-I	Complete Genome		2023-12-23	Yunnan agricultural university	PRJNA1047769	SAMN38583043	WN-I	Tobacco	soil	China:Lijiang	2022-10-20	Microbe sample from Bacillus velezensis		True	False	False	False	1	True	host	False	False	False	False	0		False	UNRESOLVED	Candidate metadata does not provide sufficiently explicit evidence to demonstrate direct plant association under the fixed inclusion criteria.	insufficient_metadata
GCF_035809595.1	Bacillus velezensis	492670	B-23936	Scaffold		2024-01-18	USDA-ARS-NCAUR	PRJNA802201	SAMN33940576	B-23936		tobacco	not collected	2003-11-08	Microbe sample from Bacillus velezensis		False	True	False	False	1	True	source	False	False	False	False	0		False	UNRESOLVED	Candidate metadata does not provide sufficiently explicit evidence to demonstrate direct plant association under the fixed inclusion criteria.	insufficient_metadata
GCF_035812155.1	Bacillus velezensis	492670	B-14208	Scaffold		2024-01-18	USDA-ARS-NCAUR	PRJNA802201	SAMN33940446	B-14208		ground black pepper	USA	1983-11-15	Microbe sample from Bacillus velezensis		False	True	False	False	1	True	source	False	False	False	False	0		False	UNRESOLVED	Candidate metadata does not provide sufficiently explicit evidence to demonstrate direct plant association under the fixed inclusion criteria.	insufficient_metadata
GCF_035812195.1	Bacillus velezensis	492670	B-14207	Scaffold		2024-01-18	USDA-ARS-NCAUR	PRJNA802201	SAMN33940445	B-14207		ground black pepper	USA	1983-11-15	Microbe sample from Bacillus velezensis		False	True	False	False	1	True	source	False	False	False	False	0		False	UNRESOLVED	Candidate metadata does not provide sufficiently explicit evidence to demonstrate direct plant association under the fixed inclusion criteria.	insufficient_metadata
GCF_036600835.1	Bacillus velezensis	492670	DJ4	Contig		2024-02-14	IPB University	PRJNA1014977	SAMN37344706	DJ4	Archidendron pauciflorum	Plant	Indonesia	2022-01-01	Microbe sample from Bacillus velezensis		False	True	False	False	1	True	source	False	False	False	False	0		False	UNRESOLVED	Candidate metadata does not provide sufficiently explicit evidence to demonstrate direct plant association under the fixed inclusion criteria.	insufficient_metadata
GCF_036621435.1	Bacillus velezensis	492670	CB00909	Scaffold		2024-02-14	University of California, Riverside	PRJNA1046128	SAMN38476163	CB00909	Citrus sinensis		USA: Florida	2019-09-05	MIGS Cultured Bacterial/Archaeal sample from Bacillus velezensis	Keywords: GSC:MIxS;MIGS:6.0	True	False	False	False	1	True	host	False	False	False	False	0		False	UNRESOLVED	Candidate metadata does not provide sufficiently explicit evidence to demonstrate direct plant association under the fixed inclusion criteria.	insufficient_metadata
GCF_036621445.1	Bacillus velezensis	492670	CB00912	Scaffold		2024-02-14	University of California, Riverside	PRJNA1046128	SAMN38476164	CB00912	Citrus sinensis		USA: Florida	2019-09-05	MIGS Cultured Bacterial/Archaeal sample from Bacillus velezensis	Keywords: GSC:MIxS;MIGS:6.0	True	False	False	False	1	True	host	False	False	False	False	0		False	UNRESOLVED	Candidate metadata does not provide sufficiently explicit evidence to demonstrate direct plant association under the fixed inclusion criteria.	insufficient_metadata
GCF_036621455.1	Bacillus velezensis	492670	CB00904	Scaffold		2024-02-14	University of California, Riverside	PRJNA1046128	SAMN38476162	CB00904	Citrus sinensis		USA: Florida	2019-09-05	MIGS Cultured Bacterial/Archaeal sample from Bacillus velezensis	Keywords: GSC:MIxS;MIGS:6.0	True	False	False	False	1	True	host	False	False	False	False	0		False	UNRESOLVED	Candidate metadata does not provide sufficiently explicit evidence to demonstrate direct plant association under the fixed inclusion criteria.	insufficient_metadata
GCF_036621475.1	Bacillus velezensis	492670	CB00902	Scaffold		2024-02-14	University of California, Riverside	PRJNA1046128	SAMN38476161	CB00902	Citrus sinensis		USA: Florida	2019-09-05	MIGS Cultured Bacterial/Archaeal sample from Bacillus velezensis	Keywords: GSC:MIxS;MIGS:6.0	True	False	False	False	1	True	host	False	False	False	False	0		False	UNRESOLVED	Candidate metadata does not provide sufficiently explicit evidence to demonstrate direct plant association under the fixed inclusion criteria.	insufficient_metadata
GCF_036621545.1	Bacillus velezensis	492670	CB00687	Scaffold		2024-02-14	University of California, Riverside	PRJNA1046128	SAMN38476157	CB00687	Citrus sinensis		USA: Florida	2019-08-29	MIGS Cultured Bacterial/Archaeal sample from Bacillus velezensis	Keywords: GSC:MIxS;MIGS:6.0	True	False	False	False	1	True	host	False	False	False	False	0		False	UNRESOLVED	Candidate metadata does not provide sufficiently explicit evidence to demonstrate direct plant association under the fixed inclusion criteria.	insufficient_metadata
GCF_036621635.1	Bacillus velezensis	492670	CB00019	Scaffold		2024-02-14	University of California, Riverside	PRJNA1046128	SAMN38476152	CB00019	Citrus sinensis		USA: California	2014-12-12	MIGS Cultured Bacterial/Archaeal sample from Bacillus velezensis	Keywords: GSC:MIxS;MIGS:6.0	True	False	False	False	1	True	host	False	False	False	False	0		False	UNRESOLVED	Candidate metadata does not provide sufficiently explicit evidence to demonstrate direct plant association under the fixed inclusion criteria.	insufficient_metadata
GCF_036621645.1	Bacillus velezensis	492670	CB00027	Scaffold		2024-02-14	University of California, Riverside	PRJNA1046128	SAMN38476154	CB00027	Citrus sinensis		USA: California	2014-12-12	MIGS Cultured Bacterial/Archaeal sample from Bacillus velezensis	Keywords: GSC:MIxS;MIGS:6.0	True	False	False	False	1	True	host	False	False	False	False	0		False	UNRESOLVED	Candidate metadata does not provide sufficiently explicit evidence to demonstrate direct plant association under the fixed inclusion criteria.	insufficient_metadata
GCF_036621655.1	Bacillus velezensis	492670	CB00021	Scaffold		2024-02-14	University of California, Riverside	PRJNA1046128	SAMN38476153	CB00021	Citrus sinensis		USA: California	2014-12-12	MIGS Cultured Bacterial/Archaeal sample from Bacillus velezensis	Keywords: GSC:MIxS;MIGS:6.0	True	False	False	False	1	True	host	False	False	False	False	0		False	UNRESOLVED	Candidate metadata does not provide sufficiently explicit evidence to demonstrate direct plant association under the fixed inclusion criteria.	insufficient_metadata
GCF_036964865.1	Bacillus velezensis	492670	AP194	Contig		2024-03-02	Auburn University	PRJNA1078443	SAMN40001707	AP194	cotton	missing	USA: Alabama	1996	Microbe sample from Bacillus velezensis		True	False	False	False	1	True	host	False	False	False	False	0		False	UNRESOLVED	Candidate metadata does not provide sufficiently explicit evidence to demonstrate direct plant association under the fixed inclusion criteria.	insufficient_metadata
GCF_036966725.1	Bacillus velezensis	492670	AP189	Scaffold		2024-03-02	Auburn University	PRJNA1078443	SAMN40001758	AP189	cotton	missing	USA: Alabama	1996	Microbe sample from Bacillus velezensis		True	False	False	False	1	True	host	False	False	False	False	0		False	UNRESOLVED	Candidate metadata does not provide sufficiently explicit evidence to demonstrate direct plant association under the fixed inclusion criteria.	insufficient_metadata
GCF_036966805.1	Bacillus velezensis	492670	AP214	Contig		2024-03-02	Auburn University	PRJNA1078443	SAMN40001759	AP214	cotton	missing	USA: Alabama	1995	Microbe sample from Bacillus velezensis		True	False	False	False	1	True	host	False	False	False	False	0		False	UNRESOLVED	Candidate metadata does not provide sufficiently explicit evidence to demonstrate direct plant association under the fixed inclusion criteria.	insufficient_metadata
GCF_037094755.1	Bacillus velezensis	492670	AP202	Complete Genome		2024-03-10	Auburn University	PRJNA1078443	SAMN40001708	AP202	cotton	missing	USA: Alabama	1996	Microbe sample from Bacillus velezensis		True	False	False	False	1	True	host	False	False	False	False	0		False	UNRESOLVED	Candidate metadata does not provide sufficiently explicit evidence to demonstrate direct plant association under the fixed inclusion criteria.	insufficient_metadata
GCF_037623985.1	Bacillus velezensis	492670	y127	Scaffold		2024-03-26	Fujian Normal University	PRJNA1057537	SAMN39136392	y127	tomato		China	2016-07-24	Microbe sample from Bacillus velezensis		True	False	False	False	1	True	host	False	False	False	False	0		False	UNRESOLVED	Candidate metadata does not provide sufficiently explicit evidence to demonstrate direct plant association under the fixed inclusion criteria.	insufficient_metadata
GCF_038442215.1	Bacillus velezensis	492670	UMAF6639	Complete Genome		2024-04-23	CBGP	PRJNA202869	SAMN38777322	UMAF6639	cucumber	plantation	Spain:Malaga	2022	Microbe sample from Bacillus velezensis		True	False	False	False	1	True	host	False	False	False	False	0		False	UNRESOLVED	Candidate metadata does not provide sufficiently explicit evidence to demonstrate direct plant association under the fixed inclusion criteria.	insufficient_metadata
GCF_038806105.1	Bacillus velezensis	492670	LGMB319	Contig		2024-04-30	Universidade Federal do Parana	PRJNA1039713	SAMN38224100	LGMB319	maize		Brazil: Paran, Campo Largo	2010	Microbe sample from Bacillus velezensis		True	False	False	False	1	True	host	False	False	False	False	0		False	UNRESOLVED	Candidate metadata does not provide sufficiently explicit evidence to demonstrate direct plant association under the fixed inclusion criteria.	insufficient_metadata
GCF_038806145.1	Bacillus velezensis	492670	LGMB12	Contig		2024-04-30	Universidade Federal do Parana	PRJNA1039713	SAMN38224099	LGMB12	maize		Brazil: Paran, Campo Largo	2010	Microbe sample from Bacillus velezensis		True	False	False	False	1	True	host	False	False	False	False	0		False	UNRESOLVED	Candidate metadata does not provide sufficiently explicit evidence to demonstrate direct plant association under the fixed inclusion criteria.	insufficient_metadata
GCF_038806215.1	Bacillus velezensis	492670	LGMB426	Contig		2024-04-30	Universidade Federal do Parana	PRJNA1039713	SAMN38224101	LGMB426	maize		Brazil: Paran, Campo Largo	2010	Microbe sample from Bacillus velezensis		True	False	False	False	1	True	host	False	False	False	False	0		False	UNRESOLVED	Candidate metadata does not provide sufficiently explicit evidence to demonstrate direct plant association under the fixed inclusion criteria.	insufficient_metadata
GCF_039955105.1	Bacillus velezensis	492670	E69	Complete Genome		2024-05-30	China Agricultural University	PRJNA1083714	SAMN40257124	E69	Rice		China:Ningxia	2018-10	Microbe sample from Bacillus velezensis		True	False	False	False	1	True	host	False	False	False	False	0		False	UNRESOLVED	Candidate metadata does not provide sufficiently explicit evidence to demonstrate direct plant association under the fixed inclusion criteria.	insufficient_metadata
GCF_039955115.1	Bacillus velezensis	492670	S170	Complete Genome		2024-05-30	China Agricultural University	PRJNA1083717	SAMN40257186	S170	Rice		China:Ni	2017-10	Microbe sample from Bacillus velezensis		True	False	False	False	1	True	host	False	False	False	False	0		False	UNRESOLVED	Candidate metadata does not provide sufficiently explicit evidence to demonstrate direct plant association under the fixed inclusion criteria.	insufficient_metadata
GCF_040267645.1	Bacillus velezensis	492670	HY23	Complete Genome		2024-06-23	Chinese Academy of Agricultural Sciences	PRJNA1121422	SAMN41750498	HY23	Soybean		China:Qingdao	2022-08-08	MIGS Cultured Bacterial/Archaeal sample from Bacillus velezensis	Keywords: GSC:MIxS;MIGS:6.0	True	False	False	False	1	True	host	False	False	False	False	0		False	UNRESOLVED	Candidate metadata does not provide sufficiently explicit evidence to demonstrate direct plant association under the fixed inclusion criteria.	insufficient_metadata
GCF_040374035.1	Bacillus velezensis	492670	XY40-1	Complete Genome		2024-06-26	Hunan Vegetable Research Institute	PRJNA1125623	SAMN41902150	XY40-1		pepper	China:Changsha	2023-05-30	Microbe sample from Bacillus velezensis		False	True	False	False	1	True	source	False	False	False	False	0		False	UNRESOLVED	Candidate metadata does not provide sufficiently explicit evidence to demonstrate direct plant association under the fixed inclusion criteria.	insufficient_metadata
GCF_040513685.1	Bacillus velezensis	492670	Bac2	Scaffold		2024-07-03	Lodz University of Technology	PRJNA1129008	SAMN42110436	Bac2		maize field	Poland: Lodzkie	2021-10	Microbe sample from Bacillus velezensis		False	True	False	False	1	True	source	False	False	False	False	0		False	UNRESOLVED	Candidate metadata does not provide sufficiently explicit evidence to demonstrate direct plant association under the fixed inclusion criteria.	insufficient_metadata
GCF_045257565.1	Bacillus velezensis	492670	BHZ-29	Complete Genome		2024-11-24	Xinjiang Academy of Agriculture Science	PRJNA1149470	SAMN43244971	BHZ-29	cotton		China: Bole	2016-08-27	Bacillus velezensis BHZ-29	Keywords: GSC:MIxS;MIGS:6.0	True	False	False	False	1	True	host	False	False	False	False	0		False	UNRESOLVED	Candidate metadata does not provide sufficiently explicit evidence to demonstrate direct plant association under the fixed inclusion criteria.	insufficient_metadata
GCF_045291045.1	Bacillus velezensis	492670	WH-7	Complete Genome		2024-02-28	Huazhong Agricultural University	PRJNA1078755	SAMN40017383	WH-7	tobacco		China:Wuhan	2021-06-01	Microbe sample from Bacillus velezensis		True	False	False	False	1	True	host	False	False	False	False	0		False	UNRESOLVED	Candidate metadata does not provide sufficiently explicit evidence to demonstrate direct plant association under the fixed inclusion criteria.	insufficient_metadata
GCF_045345805.1	Bacillus velezensis	492670	XS142	Complete Genome		2024-03-26	Inner Mongolia Agricultural University	PRJNA1088930	SAMN40506564			potato soil; fields without fungicides or pesticides	China: Inner Mongolia	2020-06	MISAG Single Amplified Genome sample from Bacillus velezensis	Keywords: GSC:MIxS;MISAG:6.0	False	True	False	False	1	True	source	False	False	False	False	0		False	UNRESOLVED	Candidate metadata does not provide sufficiently explicit evidence to demonstrate direct plant association under the fixed inclusion criteria.	insufficient_metadata
GCF_045760535.1	Bacillus velezensis	492670	BE14-1	Scaffold		2024-12-06	Guangdong Ocean University	PRJNA1182481	SAMN44597093	BE14-1		mangrove plants	China: Zhanjiang	2022-10	Microbe sample from Bacillus velezensis		False	True	False	False	1	True	source	False	False	False	False	0		False	UNRESOLVED	Candidate metadata does not provide sufficiently explicit evidence to demonstrate direct plant association under the fixed inclusion criteria.	insufficient_metadata
GCF_045924915.1	Bacillus velezensis	492670	FCW119-1M2	Complete Genome		2024-12-10	Beijing Academy of Agriculture and Forestry Sciences	PRJNA1141230	SAMN42883445	FCW119-1M2		maize	China:BeiJing	2023-05-20	Microbe sample from Bacillus velezensis		False	True	False	False	1	True	source	False	False	False	False	0		False	UNRESOLVED	Candidate metadata does not provide sufficiently explicit evidence to demonstrate direct plant association under the fixed inclusion criteria.	insufficient_metadata
GCF_046524005.1	Bacillus velezensis	492670	RVMD2	Contig		2025-01-06	Al-Hussein Bin Talal University	PRJNA987486	SAMN36891939	RVMD2		Rock varnish	Jordan: Ma'an	2022-11-05	Bacillus velezensis RVMD2: A Rock Varnish Bacterium	Bacillus velezensis strain RVMD2: A Rock Varnish Bacterium from Ma'an, Jordan with Antifungal and Plant Growth Potential	False	False	False	True	1	True	comment	False	False	False	False	0		False	UNRESOLVED	Candidate metadata does not provide sufficiently explicit evidence to demonstrate direct plant association under the fixed inclusion criteria.	insufficient_metadata
GCF_046592925.1	Bacillus velezensis	492670	AN6	Contig		2025-01-10	Yunnan Academy of Agricultural Science	PRJNA1046695	SAMN38507056	AN6	rice		China:Yunnan	2022-05-30	MIGS Cultured Bacterial/Archaeal sample from Bacillus velezensis	Keywords: GSC:MIxS;MIGS:6.0	True	False	False	False	1	True	host	False	False	False	False	0		False	UNRESOLVED	Candidate metadata does not provide sufficiently explicit evidence to demonstrate direct plant association under the fixed inclusion criteria.	insufficient_metadata
GCF_047659985.1	Bacillus velezensis	492670	Tcba05	Complete Genome		2025-02-11	National Chung Hsing University	PRJNA1191524	SAMN45085276	Tcba05	Citrus sp.		Taiwan: Shuili, Nantou	2012-06	MIGS Cultured Bacterial/Archaeal sample from Bacillus velezensis	Keywords: GSC:MIxS;MIGS:6.0	True	False	False	False	1	True	host	False	False	False	False	0		False	UNRESOLVED	Candidate metadata does not provide sufficiently explicit evidence to demonstrate direct plant association under the fixed inclusion criteria.	insufficient_metadata
GCF_048541545.1	Bacillus velezensis	492670	F68	Complete Genome		2025-03-11	Institute of Plant Protection, Hebei Academy of Agricultural and Forestry Sciences	PRJNA1228288	SAMN47021558	F68	tomato		China:Shijiazhuang	2021-08-20	Microbe sample from Bacillus velezensis		True	False	False	False	1	True	host	False	False	False	False	0		False	UNRESOLVED	Candidate metadata does not provide sufficiently explicit evidence to demonstrate direct plant association under the fixed inclusion criteria.	insufficient_metadata
GCF_050471265.1	Bacillus velezensis	492670	G7	Contig		2025-05-20	Guangdong Ocean University	PRJNA1255430	SAMN48143980	G7		mangrove plant	China: Zhanjiang Mangrove Nature Conservation Period	2022-10-30	Microbe sample from Bacillus velezensis		False	True	False	False	1	True	source	False	False	False	False	0		False	UNRESOLVED	Candidate metadata does not provide sufficiently explicit evidence to demonstrate direct plant association under the fixed inclusion criteria.	insufficient_metadata
GCF_050472105.1	Bacillus velezensis	492670	K-3618	Scaffold		2025-05-20	All-Russia Research Institute for Agricultural Microbiology	PRJNA1262192	SAMN48451324	K-3618		potato tubers	not provided	2024	Microbe sample from Bacillus velezensis		False	True	False	False	1	True	source	False	False	False	False	0		False	UNRESOLVED	Candidate metadata does not provide sufficiently explicit evidence to demonstrate direct plant association under the fixed inclusion criteria.	insufficient_metadata
GCF_050954185.1	Bacillus velezensis	492670	H2	Contig		2025-06-17	Liaoning Academy of Agricultural Sciences	PRJNA1273289	SAMN48941021	H2	rice	soil	China: Shenyang	2024-04-30	Microbe sample from Bacillus velezensis		True	False	False	False	1	True	host	False	False	False	False	0		False	UNRESOLVED	Candidate metadata does not provide sufficiently explicit evidence to demonstrate direct plant association under the fixed inclusion criteria.	insufficient_metadata
GCF_051311115.1	Bacillus velezensis	492670	WAC11084	Scaffold		2025-07-14	McMaster University	PRJNA1171131	SAMN44234332	WAC11084	not applicable	plant	Canada: Hamilton, Ontario	2017-08-18	Microbe sample from Bacillus velezensis		False	True	False	False	1	True	source	False	False	False	False	0		False	UNRESOLVED	Candidate metadata does not provide sufficiently explicit evidence to demonstrate direct plant association under the fixed inclusion criteria.	insufficient_metadata
GCF_051940895.1	Bacillus velezensis	492670	GZ8-6	Complete Genome		2025-08-12	Guizhou University	PRJNA1295821	SAMN50187270	GZ8-6	potato		China: Ningxia	2021-06-20	Bacillus velezensis strain GZ8-6 chromosome, complete genome		True	False	False	False	1	True	host	False	False	False	False	0		False	UNRESOLVED	Candidate metadata does not provide sufficiently explicit evidence to demonstrate direct plant association under the fixed inclusion criteria.	insufficient_metadata
GCF_052809025.1	Bacillus velezensis	492670	LY5	Complete Genome		2025-09-24	shandong agricultural university	PRJNA1265109	SAMN48584563	LY5		tomato stalks	China: Weifang	2024-03-11	Microbe sample from Bacillus velezensis		False	True	False	False	1	True	source	False	False	False	False	0		False	UNRESOLVED	Candidate metadata does not provide sufficiently explicit evidence to demonstrate direct plant association under the fixed inclusion criteria.	insufficient_metadata
GCF_052976605.1	Bacillus velezensis	492670	IMV B-8135	Scaffold		2025-10-04	D.K. Zabolotny Institute of Microbiology and Virology, NAS of Ukraine	PRJNA1294768	SAMN52024099	IMV B-8135	soybean		Ukraine:Kyiv	2016	MIGS Cultured Bacterial/Archaeal sample from Bacillus velezensis	Keywords: GSC:MIxS;MIGS:6.0	True	False	False	False	1	True	host	False	False	False	False	0		False	UNRESOLVED	Candidate metadata does not provide sufficiently explicit evidence to demonstrate direct plant association under the fixed inclusion criteria.	insufficient_metadata
GCF_053890345.1	Bacillus velezensis	492670	C30833	Complete Genome		2025-12-09	Hebei Academy of Agriculture and Forestry Science	PRJNA1373388	SAMN53654446	C30833	tomato		China:Shijiazhuang	2021-08-21	Microbe sample from Bacillus velezensis		True	False	False	False	1	True	host	False	False	False	False	0		False	UNRESOLVED	Candidate metadata does not provide sufficiently explicit evidence to demonstrate direct plant association under the fixed inclusion criteria.	insufficient_metadata
GCF_054509705.1	Bacillus velezensis	492670	HSX-1	Scaffold		2026-01-16	Huangshan University	PRJNA1347761	SAMN52864958	HSX-1	Rhizopus	soil	China: Huangshan	2025-01-02	Microbe sample from Bacillus velezensis		True	False	False	False	1	True	host	False	False	False	False	0		False	UNRESOLVED	Candidate metadata does not provide sufficiently explicit evidence to demonstrate direct plant association under the fixed inclusion criteria.	insufficient_metadata
GCF_055179775.1	Bacillus velezensis	492670	B03	Contig		2026-02-15	Universidade Federal de Pelotas	PRJNA1419348	SAMN55154196	B03		soybean	Brazil: Capao do Leao	2023	Microbe sample from Bacillus velezensis		False	True	False	False	1	True	source	False	False	False	False	0		False	UNRESOLVED	Candidate metadata does not provide sufficiently explicit evidence to demonstrate direct plant association under the fixed inclusion criteria.	insufficient_metadata
GCF_055523575.1	Bacillus velezensis	492670	Jin12	Complete Genome		2026-02-26	China Tobacco Jiangsu Industrial Co Ltd	PRJNA1298552	SAMN50279011	Jin12	tobacco		China: Zhengzhou	2023-02-08	Microbe sample from Bacillus velezensis		True	False	False	False	1	True	host	False	False	False	False	0		False	UNRESOLVED	Candidate metadata does not provide sufficiently explicit evidence to demonstrate direct plant association under the fixed inclusion criteria.	insufficient_metadata
GCF_056135895.1	Bacillus velezensis	492670	ZK1	Complete Genome		2026-03-20	Hunan Institute of Microbiology	PRJNA1435540	SAMN56447411	ZK1	rhizosphere	soil	China: Hunan province, Yongshun County	2024-07	Microbe sample from Bacillus velezensis		True	False	False	False	1	True	host	True	False	False	False	1	host	True	UNRESOLVED	Candidate metadata does not provide sufficiently explicit evidence to demonstrate direct plant association under the fixed inclusion criteria.	insufficient_metadata
GCF_056278885.1	Bacillus velezensis	492670	TE9550	Contig		2026-03-24	DOE Joint Genome Institute	PRJNA1428328	SAMN55954452	TE9550	not applicable		USA: Russell, Kansas	missing	Bacillus velezensis TE9550	Genome sequencing of secondary metabolite-producing environmental bacteria isolated from Tiny Earth (TE), a worldwide network that is aiming to crowdsource antimicrobial discovery for the control of plant pathogens using college students as the workforce.	False	False	False	True	1	True	comment	False	False	False	False	0		False	UNRESOLVED	Candidate metadata does not provide sufficiently explicit evidence to demonstrate direct plant association under the fixed inclusion criteria.	insufficient_metadata
GCF_056279245.1	Bacillus velezensis	492670	TE4743	Contig		2026-03-24	DOE Joint Genome Institute	PRJNA1428422	SAMN55955526	TE4743	not applicable		USA: Beloit, Wisconsin	missing	Bacillus velezensis TE4743	Genome sequencing of secondary metabolite-producing environmental bacteria isolated from Tiny Earth (TE), a worldwide network that is aiming to crowdsource antimicrobial discovery for the control of plant pathogens using college students as the workforce.	False	False	False	True	1	True	comment	False	False	False	False	0		False	UNRESOLVED	Candidate metadata does not provide sufficiently explicit evidence to demonstrate direct plant association under the fixed inclusion criteria.	insufficient_metadata
GCF_056339775.1	Bacillus velezensis	492670	CB1223	Scaffold		2026-03-26	University of California, Riverside	PRJNA1046128	SAMN54120227	CB1223	Citrus sinensis		USA: Florida	2019-10-01	MIGS Cultured Bacterial/Archaeal sample from Bacillus velezensis	Keywords: GSC:MIxS;MIGS:6.0	True	False	False	False	1	True	host	False	False	False	False	0		False	UNRESOLVED	Candidate metadata does not provide sufficiently explicit evidence to demonstrate direct plant association under the fixed inclusion criteria.	insufficient_metadata
GCF_056339835.1	Bacillus velezensis	492670	CB0668	Scaffold		2026-03-26	University of California, Riverside	PRJNA1046128	SAMN54120224	CB0668	Citrus sinensis		USA: Florida	2019-08-19	MIGS Cultured Bacterial/Archaeal sample from Bacillus velezensis	Keywords: GSC:MIxS;MIGS:6.0	True	False	False	False	1	True	host	False	False	False	False	0		False	UNRESOLVED	Candidate metadata does not provide sufficiently explicit evidence to demonstrate direct plant association under the fixed inclusion criteria.	insufficient_metadata
GCF_057655105.1	Bacillus velezensis	492670	Soil_N8	Contig		2026-05-19	CAU	PRJNA1104147	SAMN41070085	Soil_N8		Maize bulk soils	China: Guangdong	2023-11-23	Microbe sample from Bacillus velezensis		False	True	False	False	1	True	source	False	False	False	False	0		False	UNRESOLVED	Candidate metadata does not provide sufficiently explicit evidence to demonstrate direct plant association under the fixed inclusion criteria.	insufficient_metadata
GCF_057655215.1	Bacillus velezensis	492670	Soil_N40	Contig		2026-05-19	CAU	PRJNA1104147	SAMN41070078	Soil_N40		Maize bulk soils	China: Guangdong	2023-11-23	Microbe sample from Bacillus velezensis		False	True	False	False	1	True	source	False	False	False	False	0		False	UNRESOLVED	Candidate metadata does not provide sufficiently explicit evidence to demonstrate direct plant association under the fixed inclusion criteria.	insufficient_metadata
GCF_057655275.1	Bacillus velezensis	492670	Soil_N38	Contig		2026-05-19	CAU	PRJNA1104147	SAMN41070076	Soil_N38		Maize bulk soils	China: Guangdong	2023-11-23	Microbe sample from Bacillus velezensis		False	True	False	False	1	True	source	False	False	False	False	0		False	UNRESOLVED	Candidate metadata does not provide sufficiently explicit evidence to demonstrate direct plant association under the fixed inclusion criteria.	insufficient_metadata
GCF_057655635.1	Bacillus velezensis	492670	Soil_N11	Contig		2026-05-19	CAU	PRJNA1104147	SAMN41070065	Soil_N11		Maize bulk soils	China: Hunan	2023-11-21	Microbe sample from Bacillus velezensis		False	True	False	False	1	True	source	False	False	False	False	0		False	UNRESOLVED	Candidate metadata does not provide sufficiently explicit evidence to demonstrate direct plant association under the fixed inclusion criteria.	insufficient_metadata
GCF_057655655.1	Bacillus velezensis	492670	Soil_N12	Contig		2026-05-19	CAU	PRJNA1104147	SAMN41070066	Soil_N12		Maize bulk soils	China: Hunan	2023-11-21	Microbe sample from Bacillus velezensis		False	True	False	False	1	True	source	False	False	False	False	0		False	UNRESOLVED	Candidate metadata does not provide sufficiently explicit evidence to demonstrate direct plant association under the fixed inclusion criteria.	insufficient_metadata
GCF_057655775.1	Bacillus velezensis	492670	Soil_N_52	Contig		2026-05-19	CAU	PRJNA1104147	SAMN41070060	Soil_N_52		Maize bulk soils	China: Hunan	2023-11-21	Microbe sample from Bacillus velezensis		False	True	False	False	1	True	source	False	False	False	False	0		False	UNRESOLVED	Candidate metadata does not provide sufficiently explicit evidence to demonstrate direct plant association under the fixed inclusion criteria.	insufficient_metadata
GCF_057655875.1	Bacillus velezensis	492670	Soil_N_45	Scaffold		2026-05-19	CAU	PRJNA1104147	SAMN41070052	Soil_N_45		Maize bulk soils	China: Hubei	2023-11-21	Microbe sample from Bacillus velezensis		False	True	False	False	1	True	source	False	False	False	False	0		False	UNRESOLVED	Candidate metadata does not provide sufficiently explicit evidence to demonstrate direct plant association under the fixed inclusion criteria.	insufficient_metadata
GCF_057655915.1	Bacillus velezensis	492670	Soil_N_41	Scaffold		2026-05-19	CAU	PRJNA1104147	SAMN41070050	Soil_N_41		Maize bulk soils	China: Hubei	2023-11-12	Microbe sample from Bacillus velezensis		False	True	False	False	1	True	source	False	False	False	False	0		False	UNRESOLVED	Candidate metadata does not provide sufficiently explicit evidence to demonstrate direct plant association under the fixed inclusion criteria.	insufficient_metadata
GCF_057656015.1	Bacillus velezensis	492670	Soil_N_34	Scaffold		2026-05-19	CAU	PRJNA1104147	SAMN41070046	Soil_N_34		Maize bulk soils	China: Hubei	2023-11-12	Microbe sample from Bacillus velezensis		False	True	False	False	1	True	source	False	False	False	False	0		False	UNRESOLVED	Candidate metadata does not provide sufficiently explicit evidence to demonstrate direct plant association under the fixed inclusion criteria.	insufficient_metadata
GCF_057656075.1	Bacillus velezensis	492670	Soil_N_28	Scaffold		2026-05-19	CAU	PRJNA1104147	SAMN41070042	Soil_N_28		Maize bulk soils	China: Hubei	2023-11-12	Microbe sample from Bacillus velezensis		False	True	False	False	1	True	source	False	False	False	False	0		False	UNRESOLVED	Candidate metadata does not provide sufficiently explicit evidence to demonstrate direct plant association under the fixed inclusion criteria.	insufficient_metadata
GCF_057656175.1	Bacillus velezensis	492670	Soil_N_17	Scaffold		2026-05-19	CAU	PRJNA1104147	SAMN41070035	Soil_N_17		Maize bulk soils	China: Shandong	2023-11-12	Microbe sample from Bacillus velezensis		False	True	False	False	1	True	source	False	False	False	False	0		False	UNRESOLVED	Candidate metadata does not provide sufficiently explicit evidence to demonstrate direct plant association under the fixed inclusion criteria.	insufficient_metadata
GCF_057656335.1	Bacillus velezensis	492670	Soil_C_62	Contig		2026-05-19	CAU	PRJNA1104147	SAMN41070028	Soil_C_62		Dryland maize soils	China: Shandong	2023-10-24	Microbe sample from Bacillus velezensis		False	True	False	False	1	True	source	False	False	False	False	0		False	UNRESOLVED	Candidate metadata does not provide sufficiently explicit evidence to demonstrate direct plant association under the fixed inclusion criteria.	insufficient_metadata
GCF_057656535.1	Bacillus velezensis	492670	Soil_C_53	Contig		2026-05-19	CAU	PRJNA1104147	SAMN41070018	Soil_C_53		Dryland maize soils	China: Anhui	2023-10-24	Microbe sample from Bacillus velezensis		False	True	False	False	1	True	source	False	False	False	False	0		False	UNRESOLVED	Candidate metadata does not provide sufficiently explicit evidence to demonstrate direct plant association under the fixed inclusion criteria.	insufficient_metadata
GCF_057656555.1	Bacillus velezensis	492670	Soil_C_51	Contig		2026-05-19	CAU	PRJNA1104147	SAMN41070016	Soil_C_51		Dryland maize soils	China: Anhui	2023-10-24	Microbe sample from Bacillus velezensis		False	True	False	False	1	True	source	False	False	False	False	0		False	UNRESOLVED	Candidate metadata does not provide sufficiently explicit evidence to demonstrate direct plant association under the fixed inclusion criteria.	insufficient_metadata
GCF_057656655.1	Bacillus velezensis	492670	Soil_C_47	Contig		2026-05-19	CAU	PRJNA1104147	SAMN41070012	Soil_C_47		Dryland maize soils	China: Anhui	2023-10-24	Microbe sample from Bacillus velezensis		False	True	False	False	1	True	source	False	False	False	False	0		False	UNRESOLVED	Candidate metadata does not provide sufficiently explicit evidence to demonstrate direct plant association under the fixed inclusion criteria.	insufficient_metadata
GCF_057656795.1	Bacillus velezensis	492670	Soil_C_40	Scaffold		2026-05-19	CAU	PRJNA1104147	SAMN41070006	Soil_C_40		Dryland maize soils	China: Anhui	2023-10-24	Microbe sample from Bacillus velezensis		False	True	False	False	1	True	source	False	False	False	False	0		False	UNRESOLVED	Candidate metadata does not provide sufficiently explicit evidence to demonstrate direct plant association under the fixed inclusion criteria.	insufficient_metadata
GCF_057656955.1	Bacillus velezensis	492670	Soil_C_31	Contig		2026-05-19	CAU	PRJNA1104147	SAMN41069996	Soil_C_31		Dryland maize soils	China: Hunan	2023-10-21	Microbe sample from Bacillus velezensis		False	True	False	False	1	True	source	False	False	False	False	0		False	UNRESOLVED	Candidate metadata does not provide sufficiently explicit evidence to demonstrate direct plant association under the fixed inclusion criteria.	insufficient_metadata
GCF_057657015.1	Bacillus velezensis	492670	Soil_C_29	Contig		2026-05-19	CAU	PRJNA1104147	SAMN41069993	Soil_C_29		Dryland maize soils	China: Hunan	2023-10-21	Microbe sample from Bacillus velezensis		False	True	False	False	1	True	source	False	False	False	False	0		False	UNRESOLVED	Candidate metadata does not provide sufficiently explicit evidence to demonstrate direct plant association under the fixed inclusion criteria.	insufficient_metadata
GCF_057657115.1	Bacillus velezensis	492670	Soil_C_24	Scaffold		2026-05-19	CAU	PRJNA1104147	SAMN41069988	Soil_C_24		Dryland maize soils	China: Hebei	2023-10-21	Microbe sample from Bacillus velezensis		False	True	False	False	1	True	source	False	False	False	False	0		False	UNRESOLVED	Candidate metadata does not provide sufficiently explicit evidence to demonstrate direct plant association under the fixed inclusion criteria.	insufficient_metadata
GCF_058135505.1	Bacillus velezensis	492670	JY-2-4RZ	Complete Genome		2026-06-10	Southwest University of Science and Technology	PRJNA1447186	SAMN56914975	JY-2-4RZ		plant	China: Sichuan, Mianyang	2020-06	Microbe sample from Bacillus velezensis		False	True	False	False	1	True	source	False	False	False	False	0		False	UNRESOLVED	Candidate metadata does not provide sufficiently explicit evidence to demonstrate direct plant association under the fixed inclusion criteria.	insufficient_metadata
GCF_059552415.1	Bacillus velezensis	492670	C30833	Complete Genome		2026-07-21	Institute of Plant Protection, Hebei Academy of Agricultural and Forestry Sciences	PRJNA1489451	SAMN61301621	C30833	tomato	soil	China: shijiazhuang	2021-08-20	Microbe sample from Bacillus velezensis		True	False	False	False	1	True	host	False	False	False	False	0		False	UNRESOLVED	Candidate metadata does not provide sufficiently explicit evidence to demonstrate direct plant association under the fixed inclusion criteria.	insufficient_metadata
GCF_059587245.1	Bacillus velezensis	492670	DO23	Contig		2026-07-23	HUTECH University	PRJNA1401480	SAMN54564980	DO23		chilli pepper cultivation soil	Viet Nam	2025-12-28	Microbe sample from Bacillus velezensis		False	True	False	False	1	True	source	False	False	False	False	0		False	UNRESOLVED	Candidate metadata does not provide sufficiently explicit evidence to demonstrate direct plant association under the fixed inclusion criteria.	insufficient_metadata
GCF_977015835.1	Bacillus velezensis	492670		Contig		2026-09-12	Novonesis	PRJEB101276	SAMEA120413468			Plant	USA	2014	Sample from Bacillus velezensis		False	True	False	False	1	True	source	False	False	False	False	0		False	UNRESOLVED	Candidate metadata does not provide sufficiently explicit evidence to demonstrate direct plant association under the fixed inclusion criteria.	insufficient_metadata
GCF_977019105.1	Bacillus velezensis	492670		Contig		2025-11-07	Dong Thap University	PRJEB102212	SAMEA120476352			Dong Thap	Viet Nam	2023-05	Bacillus velezensis strain BP5 isolated from pepper soil		False	False	True	False	1	True	title	False	False	False	False	0		False	UNRESOLVED	Candidate metadata does not provide sufficiently explicit evidence to demonstrate direct plant association under the fixed inclusion criteria.	insufficient_metadata
GCF_977019115.1	Bacillus velezensis	492670		Contig		2025-11-07	Dong Thap University	PRJEB102212	SAMEA120476353			Dong Thap	Viet Nam	2023-05	Bacillus velezensis strain BP103 isolated from pepper soil		False	False	True	False	1	True	title	False	False	False	False	0		False	UNRESOLVED	Candidate metadata does not provide sufficiently explicit evidence to demonstrate direct plant association under the fixed inclusion criteria.	insufficient_metadata
GCF_000583065.1	Bacillus velezensis TrigoCor1448	1449088	TrigoCor1448	Complete Genome		2014-02-28	Novozymes	PRJNA234772	SAMN02650943	TrigoCor1448	wheat		Brazil	1995	Cultured Bacterial/Archaeal sample for Bacillus amyloliquefaciens subsp. plantarum	Keywords: GSC:MIxS;MIGS:6.0	True	False	False	False	1	True	host	False	False	False	False	0		False	UNRESOLVED	Candidate metadata does not provide sufficiently explicit evidence to demonstrate direct plant association under the fixed inclusion criteria.	insufficient_metadata
GCF_000341875.1	Bacillus velezensis UCMB5036	1150475	UCMB5036	Complete Genome		2013-02-21	HGEN	PRJEB1155	SAMEA2272633	UCMB5036		cotton plant	Ukraine		BioSample entry for genome collection GCA_000341875		False	True	False	False	1	True	source	False	False	False	False	0		False	UNRESOLVED	Candidate metadata does not provide sufficiently explicit evidence to demonstrate direct plant association under the fixed inclusion criteria.	insufficient_metadata
GCF_002551545.1	Bacillus wiedmannii	1890302	AFS089424	Scaffold		2017-10-13	UNC Chapel Hill	PRJNA400804	SAMN07598584	AFS089424	Soybean	core	USA: IA	2014-05-27	Microbe sample from Bacillus wiedmannii		True	False	False	False	1	True	host	False	False	False	False	0		False	UNRESOLVED	Project-level metadata remains ambiguous: Host is predominantly Corn or Soybean, but isolation_source=core cannot currently be unambiguously interpreted as direct plant tissue. The same BioProject contains explicitly plant-associated root isolates as well as non-direct sources such as grainbin dust; therefore host alone is insufficient for inclusion.	unresolved_project
GCF_002553125.1	Bacillus wiedmannii	1890302	AFS094619	Scaffold		2017-10-13	UNC Chapel Hill	PRJNA400804	SAMN07598638	AFS094619	Corn	core	USA: NC	2014-04-24	Microbe sample from Bacillus wiedmannii		True	False	False	False	1	True	host	False	False	False	False	0		False	UNRESOLVED	Project-level metadata remains ambiguous: Host is predominantly Corn or Soybean, but isolation_source=core cannot currently be unambiguously interpreted as direct plant tissue. The same BioProject contains explicitly plant-associated root isolates as well as non-direct sources such as grainbin dust; therefore host alone is insufficient for inclusion.	unresolved_project
GCF_002553405.1	Bacillus wiedmannii	1890302	AFS089520	Scaffold		2017-10-13	UNC Chapel Hill	PRJNA400804	SAMN07598586	AFS089520	Corn	core	USA: IL	2014-05-22	Microbe sample from Bacillus wiedmannii		True	False	False	False	1	True	host	False	False	False	False	0		False	UNRESOLVED	Project-level metadata remains ambiguous: Host is predominantly Corn or Soybean, but isolation_source=core cannot currently be unambiguously interpreted as direct plant tissue. The same BioProject contains explicitly plant-associated root isolates as well as non-direct sources such as grainbin dust; therefore host alone is insufficient for inclusion.	unresolved_project
GCF_002554835.1	Bacillus wiedmannii	1890302	AFS018713	Scaffold		2017-10-16	UNC Chapel Hill	PRJNA400804	SAMN07597488	AFS018713	Corn	missing	USA: IA	2014-01-17	Microbe sample from Bacillus wiedmannii		True	False	False	False	1	True	host	False	False	False	False	0		False	UNRESOLVED	Candidate metadata does not provide sufficiently explicit evidence to demonstrate direct plant association under the fixed inclusion criteria.	insufficient_metadata
GCF_002554975.1	Bacillus wiedmannii	1890302	AFS017127	Scaffold		2017-10-16	UNC Chapel Hill	PRJNA400804	SAMN07597459	AFS017127		plant core	USA: NC	2014-04-24	Microbe sample from Bacillus wiedmannii		False	True	False	False	1	True	source	False	False	False	False	0		False	UNRESOLVED	Candidate metadata does not provide sufficiently explicit evidence to demonstrate direct plant association under the fixed inclusion criteria.	insufficient_metadata
GCF_002555085.1	Bacillus wiedmannii	1890302	AFS015207	Scaffold		2017-10-16	UNC Chapel Hill	PRJNA400804	SAMN07597435	AFS015207	Soybean	core	USA: IA	2014-05-08	Microbe sample from Bacillus wiedmannii		True	False	False	False	1	True	host	False	False	False	False	0		False	UNRESOLVED	Project-level metadata remains ambiguous: Host is predominantly Corn or Soybean, but isolation_source=core cannot currently be unambiguously interpreted as direct plant tissue. The same BioProject contains explicitly plant-associated root isolates as well as non-direct sources such as grainbin dust; therefore host alone is insufficient for inclusion.	unresolved_project
GCF_002555095.1	Bacillus wiedmannii	1890302	AFS014747	Scaffold		2017-10-16	UNC Chapel Hill	PRJNA400804	SAMN07597430	AFS014747	Corn	core	USA: IL	2014-05-27	Microbe sample from Bacillus wiedmannii		True	False	False	False	1	True	host	False	False	False	False	0		False	UNRESOLVED	Project-level metadata remains ambiguous: Host is predominantly Corn or Soybean, but isolation_source=core cannot currently be unambiguously interpreted as direct plant tissue. The same BioProject contains explicitly plant-associated root isolates as well as non-direct sources such as grainbin dust; therefore host alone is insufficient for inclusion.	unresolved_project
GCF_002555505.1	Bacillus wiedmannii	1890302	AFS010157	Scaffold		2017-10-16	UNC Chapel Hill	PRJNA400804	SAMN07597378	AFS010157	Corn	core	USA: IL	2014-05-22	Microbe sample from Bacillus wiedmannii		True	False	False	False	1	True	host	False	False	False	False	0		False	UNRESOLVED	Project-level metadata remains ambiguous: Host is predominantly Corn or Soybean, but isolation_source=core cannot currently be unambiguously interpreted as direct plant tissue. The same BioProject contains explicitly plant-associated root isolates as well as non-direct sources such as grainbin dust; therefore host alone is insufficient for inclusion.	unresolved_project
GCF_002555555.1	Bacillus wiedmannii	1890302	AFS011906	Scaffold		2017-10-16	UNC Chapel Hill	PRJNA400804	SAMN07597398	AFS011906		plant core	USA: NC	2014-05-06	Microbe sample from Bacillus wiedmannii		False	True	False	False	1	True	source	False	False	False	False	0		False	UNRESOLVED	Candidate metadata does not provide sufficiently explicit evidence to demonstrate direct plant association under the fixed inclusion criteria.	insufficient_metadata
GCF_002555645.1	Bacillus wiedmannii	1890302	AFS009340	Scaffold		2017-10-16	UNC Chapel Hill	PRJNA400804	SAMN07597363	AFS009340	Soybean	core	USA: IA	2014-05-08	Microbe sample from Bacillus wiedmannii		True	False	False	False	1	True	host	False	False	False	False	0		False	UNRESOLVED	Project-level metadata remains ambiguous: Host is predominantly Corn or Soybean, but isolation_source=core cannot currently be unambiguously interpreted as direct plant tissue. The same BioProject contains explicitly plant-associated root isolates as well as non-direct sources such as grainbin dust; therefore host alone is insufficient for inclusion.	unresolved_project
GCF_002555855.1	Bacillus wiedmannii	1890302	AFS005864	Scaffold		2017-10-16	UNC Chapel Hill	PRJNA400804	SAMN07597311	AFS005864	Corn	missing	USA: MN	2014-01-14	Microbe sample from Bacillus wiedmannii		True	False	False	False	1	True	host	False	False	False	False	0		False	UNRESOLVED	Candidate metadata does not provide sufficiently explicit evidence to demonstrate direct plant association under the fixed inclusion criteria.	insufficient_metadata
GCF_002555885.1	Bacillus wiedmannii	1890302	AFS006440	Scaffold		2017-10-16	UNC Chapel Hill	PRJNA400804	SAMN07597321	AFS006440	Soybean	core	USA: IA	2014-05-22	Microbe sample from Bacillus wiedmannii		True	False	False	False	1	True	host	False	False	False	False	0		False	UNRESOLVED	Project-level metadata remains ambiguous: Host is predominantly Corn or Soybean, but isolation_source=core cannot currently be unambiguously interpreted as direct plant tissue. The same BioProject contains explicitly plant-associated root isolates as well as non-direct sources such as grainbin dust; therefore host alone is insufficient for inclusion.	unresolved_project
GCF_002556095.1	Bacillus wiedmannii	1890302	AFS002508	Scaffold		2017-10-16	UNC Chapel Hill	PRJNA400804	SAMN07597272	AFS002508	Soybean	core	USA: IA	2014-05-08	Microbe sample from Bacillus wiedmannii		True	False	False	False	1	True	host	False	False	False	False	0		False	UNRESOLVED	Project-level metadata remains ambiguous: Host is predominantly Corn or Soybean, but isolation_source=core cannot currently be unambiguously interpreted as direct plant tissue. The same BioProject contains explicitly plant-associated root isolates as well as non-direct sources such as grainbin dust; therefore host alone is insufficient for inclusion.	unresolved_project
GCF_002556175.1	Bacillus wiedmannii	1890302	AFS000938	Scaffold		2017-10-16	UNC Chapel Hill	PRJNA400804	SAMN07597248	AFS000938	Corn	core	USA: IL	2014-05-27	Microbe sample from Bacillus wiedmannii		True	False	False	False	1	True	host	False	False	False	False	0		False	UNRESOLVED	Project-level metadata remains ambiguous: Host is predominantly Corn or Soybean, but isolation_source=core cannot currently be unambiguously interpreted as direct plant tissue. The same BioProject contains explicitly plant-associated root isolates as well as non-direct sources such as grainbin dust; therefore host alone is insufficient for inclusion.	unresolved_project
GCF_002556275.1	Bacillus wiedmannii	1890302	AFS000414	Scaffold		2017-10-16	UNC Chapel Hill	PRJNA400804	SAMN07597239	AFS000414	Corn	core	USA: IL	2014-01-06	Microbe sample from Bacillus wiedmannii		True	False	False	False	1	True	host	False	False	False	False	0		False	UNRESOLVED	Project-level metadata remains ambiguous: Host is predominantly Corn or Soybean, but isolation_source=core cannot currently be unambiguously interpreted as direct plant tissue. The same BioProject contains explicitly plant-associated root isolates as well as non-direct sources such as grainbin dust; therefore host alone is insufficient for inclusion.	unresolved_project
GCF_002556405.1	Bacillus wiedmannii	1890302	AFS001911	Scaffold		2017-10-16	UNC Chapel Hill	PRJNA400804	SAMN07597258	AFS001911		plant core	USA: NC	2014-05-06	Microbe sample from Bacillus wiedmannii		False	True	False	False	1	True	source	False	False	False	False	0		False	UNRESOLVED	Candidate metadata does not provide sufficiently explicit evidence to demonstrate direct plant association under the fixed inclusion criteria.	insufficient_metadata
GCF_002556745.1	Bacillus wiedmannii	1890302	AFS027918	Scaffold		2017-10-16	UNC Chapel Hill	PRJNA400804	SAMN07597612	AFS027918	Soybean	core	USA: IA	2014-05-08	Microbe sample from Bacillus wiedmannii		True	False	False	False	1	True	host	False	False	False	False	0		False	UNRESOLVED	Project-level metadata remains ambiguous: Host is predominantly Corn or Soybean, but isolation_source=core cannot currently be unambiguously interpreted as direct plant tissue. The same BioProject contains explicitly plant-associated root isolates as well as non-direct sources such as grainbin dust; therefore host alone is insufficient for inclusion.	unresolved_project
GCF_002557085.1	Bacillus wiedmannii	1890302	AFS024711	Scaffold		2017-10-16	UNC Chapel Hill	PRJNA400804	SAMN07597568	AFS024711	Corn	core	USA: IL	2014-05-27	Microbe sample from Bacillus wiedmannii		True	False	False	False	1	True	host	False	False	False	False	0		False	UNRESOLVED	Project-level metadata remains ambiguous: Host is predominantly Corn or Soybean, but isolation_source=core cannot currently be unambiguously interpreted as direct plant tissue. The same BioProject contains explicitly plant-associated root isolates as well as non-direct sources such as grainbin dust; therefore host alone is insufficient for inclusion.	unresolved_project
GCF_002557185.1	Bacillus wiedmannii	1890302	AFS024429	Scaffold		2017-10-16	UNC Chapel Hill	PRJNA400804	SAMN07597561	AFS024429	Corn	core	USA: IL	2014-05-22	Microbe sample from Bacillus wiedmannii		True	False	False	False	1	True	host	False	False	False	False	0		False	UNRESOLVED	Project-level metadata remains ambiguous: Host is predominantly Corn or Soybean, but isolation_source=core cannot currently be unambiguously interpreted as direct plant tissue. The same BioProject contains explicitly plant-associated root isolates as well as non-direct sources such as grainbin dust; therefore host alone is insufficient for inclusion.	unresolved_project
GCF_002557205.1	Bacillus wiedmannii	1890302	AFS024024	Scaffold		2017-10-16	UNC Chapel Hill	PRJNA400804	SAMN07597556	AFS024024	Corn	core	USA: IL	2014-05-22	Microbe sample from Bacillus wiedmannii		True	False	False	False	1	True	host	False	False	False	False	0		False	UNRESOLVED	Project-level metadata remains ambiguous: Host is predominantly Corn or Soybean, but isolation_source=core cannot currently be unambiguously interpreted as direct plant tissue. The same BioProject contains explicitly plant-associated root isolates as well as non-direct sources such as grainbin dust; therefore host alone is insufficient for inclusion.	unresolved_project
GCF_002557295.1	Bacillus wiedmannii	1890302	AFS023423	Scaffold		2017-10-16	UNC Chapel Hill	PRJNA400804	SAMN07597545	AFS023423	Corn	missing	USA: IA	2014-01-17	Microbe sample from Bacillus wiedmannii		True	False	False	False	1	True	host	False	False	False	False	0		False	UNRESOLVED	Candidate metadata does not provide sufficiently explicit evidence to demonstrate direct plant association under the fixed inclusion criteria.	insufficient_metadata
GCF_002557315.1	Bacillus wiedmannii	1890302	AFS023251	Contig		2017-10-16	UNC Chapel Hill	PRJNA400804	SAMN07597542	AFS023251	Soybean	core	USA: IA	2014-05-08	Microbe sample from Bacillus wiedmannii		True	False	False	False	1	True	host	False	False	False	False	0		False	UNRESOLVED	Project-level metadata remains ambiguous: Host is predominantly Corn or Soybean, but isolation_source=core cannot currently be unambiguously interpreted as direct plant tissue. The same BioProject contains explicitly plant-associated root isolates as well as non-direct sources such as grainbin dust; therefore host alone is insufficient for inclusion.	unresolved_project
GCF_002557345.1	Bacillus wiedmannii	1890302	AFS023094	Scaffold		2017-10-16	UNC Chapel Hill	PRJNA400804	SAMN07597539	AFS023094	Soybean	core	USA: IA	2014-05-08	Microbe sample from Bacillus wiedmannii		True	False	False	False	1	True	host	False	False	False	False	0		False	UNRESOLVED	Project-level metadata remains ambiguous: Host is predominantly Corn or Soybean, but isolation_source=core cannot currently be unambiguously interpreted as direct plant tissue. The same BioProject contains explicitly plant-associated root isolates as well as non-direct sources such as grainbin dust; therefore host alone is insufficient for inclusion.	unresolved_project
GCF_002557595.1	Bacillus wiedmannii	1890302	AFS020694	Scaffold		2017-10-16	UNC Chapel Hill	PRJNA400804	SAMN07597507	AFS020694	Soybean	core	USA: IA	2014-05-08	Microbe sample from Bacillus wiedmannii		True	False	False	False	1	True	host	False	False	False	False	0		False	UNRESOLVED	Project-level metadata remains ambiguous: Host is predominantly Corn or Soybean, but isolation_source=core cannot currently be unambiguously interpreted as direct plant tissue. The same BioProject contains explicitly plant-associated root isolates as well as non-direct sources such as grainbin dust; therefore host alone is insufficient for inclusion.	unresolved_project
GCF_002557845.1	Bacillus wiedmannii	1890302	AFS029396	Scaffold		2017-10-16	UNC Chapel Hill	PRJNA400804	SAMN07597630	AFS029396	Corn	core	USA: IL	2014-05-22	Microbe sample from Bacillus wiedmannii		True	False	False	False	1	True	host	False	False	False	False	0		False	UNRESOLVED	Project-level metadata remains ambiguous: Host is predominantly Corn or Soybean, but isolation_source=core cannot currently be unambiguously interpreted as direct plant tissue. The same BioProject contains explicitly plant-associated root isolates as well as non-direct sources such as grainbin dust; therefore host alone is insufficient for inclusion.	unresolved_project
GCF_002568785.1	Bacillus wiedmannii	1890302	AFS081123	Scaffold		2017-10-17	UNC Chapel Hill	PRJNA400804	SAMN07598480	AFS081123	Corn	core	USA: IL	2014-05-27	Microbe sample from Bacillus wiedmannii		True	False	False	False	1	True	host	False	False	False	False	0		False	UNRESOLVED	Project-level metadata remains ambiguous: Host is predominantly Corn or Soybean, but isolation_source=core cannot currently be unambiguously interpreted as direct plant tissue. The same BioProject contains explicitly plant-associated root isolates as well as non-direct sources such as grainbin dust; therefore host alone is insufficient for inclusion.	unresolved_project
GCF_002568805.1	Bacillus wiedmannii	1890302	AFS080080	Scaffold		2017-10-17	UNC Chapel Hill	PRJNA400804	SAMN07598465	AFS080080	Corn	core	USA: IL	2014-05-22	Microbe sample from Bacillus wiedmannii		True	False	False	False	1	True	host	False	False	False	False	0		False	UNRESOLVED	Project-level metadata remains ambiguous: Host is predominantly Corn or Soybean, but isolation_source=core cannot currently be unambiguously interpreted as direct plant tissue. The same BioProject contains explicitly plant-associated root isolates as well as non-direct sources such as grainbin dust; therefore host alone is insufficient for inclusion.	unresolved_project
GCF_002568875.1	Bacillus wiedmannii	1890302	AFS079268	Scaffold		2017-10-17	UNC Chapel Hill	PRJNA400804	SAMN07598452	AFS079268	Soybean	core	USA: IA	2014-05-08	Microbe sample from Bacillus wiedmannii		True	False	False	False	1	True	host	False	False	False	False	0		False	UNRESOLVED	Project-level metadata remains ambiguous: Host is predominantly Corn or Soybean, but isolation_source=core cannot currently be unambiguously interpreted as direct plant tissue. The same BioProject contains explicitly plant-associated root isolates as well as non-direct sources such as grainbin dust; therefore host alone is insufficient for inclusion.	unresolved_project
GCF_002569675.1	Bacillus wiedmannii	1890302	AFS078926	Scaffold		2017-10-17	UNC Chapel Hill	PRJNA400804	SAMN07598448	AFS078926	Soybean	core	USA: IA	2014-05-08	Microbe sample from Bacillus wiedmannii		True	False	False	False	1	True	host	False	False	False	False	0		False	UNRESOLVED	Project-level metadata remains ambiguous: Host is predominantly Corn or Soybean, but isolation_source=core cannot currently be unambiguously interpreted as direct plant tissue. The same BioProject contains explicitly plant-associated root isolates as well as non-direct sources such as grainbin dust; therefore host alone is insufficient for inclusion.	unresolved_project
GCF_002569995.1	Bacillus wiedmannii	1890302	AFS074234	Scaffold		2017-10-17	UNC Chapel Hill	PRJNA400804	SAMN07598383	AFS074234	Corn	core	USA: IL	2014-05-27	Microbe sample from Bacillus wiedmannii		True	False	False	False	1	True	host	False	False	False	False	0		False	UNRESOLVED	Project-level metadata remains ambiguous: Host is predominantly Corn or Soybean, but isolation_source=core cannot currently be unambiguously interpreted as direct plant tissue. The same BioProject contains explicitly plant-associated root isolates as well as non-direct sources such as grainbin dust; therefore host alone is insufficient for inclusion.	unresolved_project
GCF_002570255.1	Bacillus wiedmannii	1890302	AFS071466	Scaffold		2017-10-17	UNC Chapel Hill	PRJNA400804	SAMN07598350	AFS071466	Corn	core	USA: IL	2014-05-27	Microbe sample from Bacillus wiedmannii		True	False	False	False	1	True	host	False	False	False	False	0		False	UNRESOLVED	Project-level metadata remains ambiguous: Host is predominantly Corn or Soybean, but isolation_source=core cannot currently be unambiguously interpreted as direct plant tissue. The same BioProject contains explicitly plant-associated root isolates as well as non-direct sources such as grainbin dust; therefore host alone is insufficient for inclusion.	unresolved_project
GCF_002571525.1	Bacillus wiedmannii	1890302	AFS069629	Scaffold		2017-10-17	UNC Chapel Hill	PRJNA400804	SAMN07598322	AFS069629	Soybean	core	USA: IA	2014-05-08	Microbe sample from Bacillus wiedmannii		True	False	False	False	1	True	host	False	False	False	False	0		False	UNRESOLVED	Project-level metadata remains ambiguous: Host is predominantly Corn or Soybean, but isolation_source=core cannot currently be unambiguously interpreted as direct plant tissue. The same BioProject contains explicitly plant-associated root isolates as well as non-direct sources such as grainbin dust; therefore host alone is insufficient for inclusion.	unresolved_project
GCF_002571685.1	Bacillus wiedmannii	1890302	AFS066156	Scaffold		2017-10-17	UNC Chapel Hill	PRJNA400804	SAMN07598277	AFS066156		plant core	USA: NC	2014-04-30	Microbe sample from Bacillus wiedmannii		False	True	False	False	1	True	source	False	False	False	False	0		False	UNRESOLVED	Candidate metadata does not provide sufficiently explicit evidence to demonstrate direct plant association under the fixed inclusion criteria.	insufficient_metadata
GCF_002572145.1	Bacillus wiedmannii	1890302	AFS061181	Scaffold		2017-10-17	UNC Chapel Hill	PRJNA400804	SAMN07598216	AFS061181	Soybean	core	USA: IA	2014-05-08	Microbe sample from Bacillus wiedmannii		True	False	False	False	1	True	host	False	False	False	False	0		False	UNRESOLVED	Project-level metadata remains ambiguous: Host is predominantly Corn or Soybean, but isolation_source=core cannot currently be unambiguously interpreted as direct plant tissue. The same BioProject contains explicitly plant-associated root isolates as well as non-direct sources such as grainbin dust; therefore host alone is insufficient for inclusion.	unresolved_project
GCF_002572315.1	Bacillus wiedmannii	1890302	AFS064234	Scaffold		2017-10-17	UNC Chapel Hill	PRJNA400804	SAMN07598252	AFS064234	Soybean	core	USA: IA	2014-05-08	Microbe sample from Bacillus wiedmannii		True	False	False	False	1	True	host	False	False	False	False	0		False	UNRESOLVED	Project-level metadata remains ambiguous: Host is predominantly Corn or Soybean, but isolation_source=core cannot currently be unambiguously interpreted as direct plant tissue. The same BioProject contains explicitly plant-associated root isolates as well as non-direct sources such as grainbin dust; therefore host alone is insufficient for inclusion.	unresolved_project
GCF_002572325.1	Bacillus wiedmannii	1890302	AFS063010	Scaffold		2017-10-17	UNC Chapel Hill	PRJNA400804	SAMN07598238	AFS063010		plant	USA: NC	2014-04-09	Microbe sample from Bacillus wiedmannii		False	True	False	False	1	True	source	False	False	False	False	0		False	UNRESOLVED	Candidate metadata does not provide sufficiently explicit evidence to demonstrate direct plant association under the fixed inclusion criteria.	insufficient_metadata
GCF_002578895.1	Bacillus wiedmannii	1890302	AFS057498	Scaffold		2017-10-18	UNC Chapel Hill	PRJNA400804	SAMN07598163	AFS057498	Weed	plant	USA: IN	2014-04-09	Microbe sample from Bacillus wiedmannii		False	True	False	False	1	True	source	False	False	False	False	0		False	UNRESOLVED	Candidate metadata does not provide sufficiently explicit evidence to demonstrate direct plant association under the fixed inclusion criteria.	insufficient_metadata
GCF_002578975.1	Bacillus wiedmannii	1890302	AFS057349	Scaffold		2017-10-18	UNC Chapel Hill	PRJNA400804	SAMN07598159	AFS057349		plant core	USA: NC	2014-04-30	Microbe sample from Bacillus wiedmannii		False	True	False	False	1	True	source	False	False	False	False	0		False	UNRESOLVED	Candidate metadata does not provide sufficiently explicit evidence to demonstrate direct plant association under the fixed inclusion criteria.	insufficient_metadata
GCF_002579175.1	Bacillus wiedmannii	1890302	AFS056211	Scaffold		2017-10-18	UNC Chapel Hill	PRJNA400804	SAMN07598143	AFS056211	Soybean	core	USA: IA	2014-05-08	Microbe sample from Bacillus wiedmannii		True	False	False	False	1	True	host	False	False	False	False	0		False	UNRESOLVED	Project-level metadata remains ambiguous: Host is predominantly Corn or Soybean, but isolation_source=core cannot currently be unambiguously interpreted as direct plant tissue. The same BioProject contains explicitly plant-associated root isolates as well as non-direct sources such as grainbin dust; therefore host alone is insufficient for inclusion.	unresolved_project
GCF_002579545.1	Bacillus wiedmannii	1890302	AFS056359	Scaffold		2017-10-18	UNC Chapel Hill	PRJNA400804	SAMN07598145	AFS056359	Weed	plant	USA: IN	2014-04-09	Microbe sample from Bacillus wiedmannii		False	True	False	False	1	True	source	False	False	False	False	0		False	UNRESOLVED	Candidate metadata does not provide sufficiently explicit evidence to demonstrate direct plant association under the fixed inclusion criteria.	insufficient_metadata
GCF_002579725.1	Bacillus wiedmannii	1890302	AFS054589	Scaffold		2017-10-18	UNC Chapel Hill	PRJNA400804	SAMN07598118	AFS054589	Soybean	core	USA: IA	2014-05-08	Microbe sample from Bacillus wiedmannii		True	False	False	False	1	True	host	False	False	False	False	0		False	UNRESOLVED	Project-level metadata remains ambiguous: Host is predominantly Corn or Soybean, but isolation_source=core cannot currently be unambiguously interpreted as direct plant tissue. The same BioProject contains explicitly plant-associated root isolates as well as non-direct sources such as grainbin dust; therefore host alone is insufficient for inclusion.	unresolved_project
GCF_002580025.1	Bacillus wiedmannii	1890302	AFS053345	Contig		2017-10-18	UNC Chapel Hill	PRJNA400804	SAMN07598098	AFS053345	Soybean	core	USA: IA	2014-05-08	Microbe sample from Bacillus wiedmannii		True	False	False	False	1	True	host	False	False	False	False	0		False	UNRESOLVED	Project-level metadata remains ambiguous: Host is predominantly Corn or Soybean, but isolation_source=core cannot currently be unambiguously interpreted as direct plant tissue. The same BioProject contains explicitly plant-associated root isolates as well as non-direct sources such as grainbin dust; therefore host alone is insufficient for inclusion.	unresolved_project
GCF_002580165.1	Bacillus wiedmannii	1890302	AFS052302	Scaffold		2017-10-18	UNC Chapel Hill	PRJNA400804	SAMN07598077	AFS052302	Soybean	core	USA: IA	2014-05-08	Microbe sample from Bacillus wiedmannii		True	False	False	False	1	True	host	False	False	False	False	0		False	UNRESOLVED	Project-level metadata remains ambiguous: Host is predominantly Corn or Soybean, but isolation_source=core cannot currently be unambiguously interpreted as direct plant tissue. The same BioProject contains explicitly plant-associated root isolates as well as non-direct sources such as grainbin dust; therefore host alone is insufficient for inclusion.	unresolved_project
GCF_002580785.1	Bacillus wiedmannii	1890302	AFS045844	Scaffold		2017-10-18	UNC Chapel Hill	PRJNA400804	SAMN07598005	AFS045844		plant core	USA: NC	2014-05-06	Microbe sample from Bacillus wiedmannii		False	True	False	False	1	True	source	False	False	False	False	0		False	UNRESOLVED	Candidate metadata does not provide sufficiently explicit evidence to demonstrate direct plant association under the fixed inclusion criteria.	insufficient_metadata
GCF_002582835.1	Bacillus wiedmannii	1890302	AFS034338	Scaffold		2017-10-18	UNC Chapel Hill	PRJNA400804	SAMN07597855	AFS034338		Core; Other Plant	USA: NC	2014-05-06	Microbe sample from Bacillus wiedmannii		False	True	False	False	1	True	source	False	False	False	False	0		False	UNRESOLVED	Candidate metadata does not provide sufficiently explicit evidence to demonstrate direct plant association under the fixed inclusion criteria.	insufficient_metadata
GCF_002583915.1	Bacillus wiedmannii	1890302	AFS036521	Scaffold		2017-10-18	UNC Chapel Hill	PRJNA400804	SAMN07597882	AFS036521	Tomato	plant	USA: NC	2014-01-14	Microbe sample from Bacillus wiedmannii		True	True	False	False	2	True	host;source	False	False	False	False	0		False	UNRESOLVED	Candidate metadata does not provide sufficiently explicit evidence to demonstrate direct plant association under the fixed inclusion criteria.	insufficient_metadata
GCF_002585485.1	Bacillus wiedmannii	1890302	AFS035656	Scaffold		2017-10-18	UNC Chapel Hill	PRJNA400804	SAMN07597870	AFS035656	Soybean	core	USA: IA	2014-05-08	Microbe sample from Bacillus wiedmannii		True	False	False	False	1	True	host	False	False	False	False	0		False	UNRESOLVED	Project-level metadata remains ambiguous: Host is predominantly Corn or Soybean, but isolation_source=core cannot currently be unambiguously interpreted as direct plant tissue. The same BioProject contains explicitly plant-associated root isolates as well as non-direct sources such as grainbin dust; therefore host alone is insufficient for inclusion.	unresolved_project
GCF_002589135.1	Bacillus wiedmannii	1890302	AFS029838	Scaffold		2017-10-18	UNC Chapel Hill	PRJNA400804	SAMN07597787	AFS029838	Corn	core	USA: IL	2014-05-22	Microbe sample from Bacillus wiedmannii		True	False	False	False	1	True	host	False	False	False	False	0		False	UNRESOLVED	Project-level metadata remains ambiguous: Host is predominantly Corn or Soybean, but isolation_source=core cannot currently be unambiguously interpreted as direct plant tissue. The same BioProject contains explicitly plant-associated root isolates as well as non-direct sources such as grainbin dust; therefore host alone is insufficient for inclusion.	unresolved_project
GCF_002589405.1	Bacillus wiedmannii	1890302	AFS031137	Scaffold		2017-10-18	UNC Chapel Hill	PRJNA400804	SAMN07597809	AFS031137		plant core	USA: NC	2014-04-30	Microbe sample from Bacillus wiedmannii		False	True	False	False	1	True	source	False	False	False	False	0		False	UNRESOLVED	Candidate metadata does not provide sufficiently explicit evidence to demonstrate direct plant association under the fixed inclusion criteria.	insufficient_metadata
GCF_002589455.1	Bacillus wiedmannii	1890302	AFS029692	Scaffold		2017-10-18	UNC Chapel Hill	PRJNA400804	SAMN07597783	AFS029692		plant core	USA: NC	2014-05-06	Microbe sample from Bacillus wiedmannii		False	True	False	False	1	True	source	False	False	False	False	0		False	UNRESOLVED	Candidate metadata does not provide sufficiently explicit evidence to demonstrate direct plant association under the fixed inclusion criteria.	insufficient_metadata
GCF_002589515.1	Bacillus wiedmannii	1890302	AFS034073	Scaffold		2017-10-18	UNC Chapel Hill	PRJNA400804	SAMN07597851	AFS034073	Soybean	core	USA: IA	2014-05-08	Microbe sample from Bacillus wiedmannii		True	False	False	False	1	True	host	False	False	False	False	0		False	UNRESOLVED	Project-level metadata remains ambiguous: Host is predominantly Corn or Soybean, but isolation_source=core cannot currently be unambiguously interpreted as direct plant tissue. The same BioProject contains explicitly plant-associated root isolates as well as non-direct sources such as grainbin dust; therefore host alone is insufficient for inclusion.	unresolved_project
GCF_056279425.1	Bacillus wiedmannii	1890302	TE24932	Contig		2026-03-24	DOE Joint Genome Institute	PRJNA1428420	SAMN55954661	TE24932	not applicable		USA: Minnesotta	missing	Bacillus wiedmannii TE24932	Genome sequencing of secondary metabolite-producing environmental bacteria isolated from Tiny Earth (TE), a worldwide network that is aiming to crowdsource antimicrobial discovery for the control of plant pathogens using college students as the workforce.	False	False	False	True	1	True	comment	False	False	False	False	0		False	UNRESOLVED	Candidate metadata does not provide sufficiently explicit evidence to demonstrate direct plant association under the fixed inclusion criteria.	insufficient_metadata
GCF_056279505.1	Bacillus wiedmannii	1890302	TE21510	Contig		2026-03-24	DOE Joint Genome Institute	PRJNA1428360	SAMN55954467	TE21510	not applicable		USA: Iowa	missing	Bacillus wiedmannii TE21510	Genome sequencing of secondary metabolite-producing environmental bacteria isolated from Tiny Earth (TE), a worldwide network that is aiming to crowdsource antimicrobial discovery for the control of plant pathogens using college students as the workforce.	False	False	False	True	1	True	comment	False	False	False	False	0		False	UNRESOLVED	Candidate metadata does not provide sufficiently explicit evidence to demonstrate direct plant association under the fixed inclusion criteria.	insufficient_metadata
GCF_056279565.1	Bacillus wiedmannii	1890302	TE21537	Contig		2026-03-24	DOE Joint Genome Institute	PRJNA1428339	SAMN55954468	TE21537	not applicable		USA: Ridgeway, Iowa	missing	Bacillus wiedmannii TE21537	Genome sequencing of secondary metabolite-producing environmental bacteria isolated from Tiny Earth (TE), a worldwide network that is aiming to crowdsource antimicrobial discovery for the control of plant pathogens using college students as the workforce.	False	False	False	True	1	True	comment	False	False	False	False	0		False	UNRESOLVED	Candidate metadata does not provide sufficiently explicit evidence to demonstrate direct plant association under the fixed inclusion criteria.	insufficient_metadata
